gene_id	ERR5671405	ERR5671406	ERR5671407	ERR5671408	ERR5671409	ERR5671410
ENSMUSG00000000003	0	0	0	0	0	0
ENSMUSG00000000031	213	555	662	5151	5943	3314
ENSMUSG00000000103	0	0	0	0	0	0
ENSMUSG00000000120	2	4	4	16	14	45
ENSMUSG00000000125	0	0	0	0	0	0
ENSMUSG00000000134	2467	2319	1950	2762	2689	2490
ENSMUSG00000000142	31	15	14	13	9	7
ENSMUSG00000000157	0	0	0	0	0	0
ENSMUSG00000000159	0	0	0	0	0	2
ENSMUSG00000000182	1	0	0	0	0	0
ENSMUSG00000000183	0	0	0	0	2	0
ENSMUSG00000000197	0	0	0	15	0	0
ENSMUSG00000000202	0	0	0	2	10	4
ENSMUSG00000000204	0	0	0	0	0	1
ENSMUSG00000000214	0	0	0	0	0	0
ENSMUSG00000000215	0	0	0	0	2	0
ENSMUSG00000000216	0	0	0	0	0	0
ENSMUSG00000000263	29	0	7	9	41	8
ENSMUSG00000000276	430	406	412	429	406	725
ENSMUSG00000000303	14	0	3	0	0	0
ENSMUSG00000000305	0	2	0	0	0	23
ENSMUSG00000000318	13	0	2	0	0	0
ENSMUSG00000000381	0	0	0	0	0	0
ENSMUSG00000000386	0	1	0	0	0	0
ENSMUSG00000000394	0	0	0	0	0	0
ENSMUSG00000000402	0	0	0	0	0	0
ENSMUSG00000000411	0	0	0	0	0	0
ENSMUSG00000000489	30	23	3	81	52	434
ENSMUSG00000000560	0	0	0	0	0	0
ENSMUSG00000000561	2346	2257	1642	2682	2459	3209
ENSMUSG00000000562	0	0	0	0	0	0
ENSMUSG00000000606	0	0	0	0	0	0
ENSMUSG00000000617	0	0	0	0	0	0
ENSMUSG00000000632	0	0	0	0	0	0
ENSMUSG00000000673	0	0	0	0	0	0
ENSMUSG00000000690	0	0	0	0	0	0
ENSMUSG00000000701	0	0	0	0	0	0
ENSMUSG00000000724	0	0	0	0	0	0
ENSMUSG00000000730	214	142	129	309	325	224
ENSMUSG00000000731	0	0	0	0	0	0
ENSMUSG00000000766	0	0	0	0	0	0
ENSMUSG00000000805	0	0	0	1	0	0
ENSMUSG00000000817	0	0	2	0	0	0
ENSMUSG00000000869	0	0	0	0	0	0
ENSMUSG00000000889	0	0	2	4	9	9
ENSMUSG00000000901	1743	1728	1463	1405	1844	1254
ENSMUSG00000000959	1770	1873	1293	1861	1683	1662
ENSMUSG00000000982	6	21	7	0	9	10
ENSMUSG00000000983	0	0	2	0	0	0
ENSMUSG00000001027	0	0	0	4	14	2
ENSMUSG00000001065	1092	1013	766	887	906	954
ENSMUSG00000001076	0	2	0	0	0	0
ENSMUSG00000001103	2	0	0	0	0	0
ENSMUSG00000001143	371	388	264	357	303	363
ENSMUSG00000001155	0	0	0	0	0	0
ENSMUSG00000001168	0	0	0	0	0	0
ENSMUSG00000001225	0	0	0	0	0	0
ENSMUSG00000001247	20	2	1	0	9	9
ENSMUSG00000001260	0	0	0	0	0	0
ENSMUSG00000001444	0	0	0	0	0	2
ENSMUSG00000001496	0	0	0	0	0	0
ENSMUSG00000001508	4	0	9	86	47	40
ENSMUSG00000001520	0	7	20	12	14	7
ENSMUSG00000001558	13	28	24	2	19	6
ENSMUSG00000001566	0	0	0	0	0	0
ENSMUSG00000001588	0	2	0	0	6	2
ENSMUSG00000001622	0	0	0	8	0	5
ENSMUSG00000001670	0	0	0	0	0	0
ENSMUSG00000001672	0	0	0	0	0	0
ENSMUSG00000001700	856	943	830	850	808	467
ENSMUSG00000001739	867	446	354	408	582	420
ENSMUSG00000001804	0	0	0	0	0	0
ENSMUSG00000001815	0	0	0	0	0	0
ENSMUSG00000001823	0	0	0	0	0	0
ENSMUSG00000001865	0	0	0	0	0	0
ENSMUSG00000001901	0	0	0	0	0	0
ENSMUSG00000001985	0	0	2	6	0	15
ENSMUSG00000001988	0	2	0	0	0	0
ENSMUSG00000002006	353	436	397	404	477	147
ENSMUSG00000002007	0	4	1	66	57	29
ENSMUSG00000002012	18	58	15	11	20	10
ENSMUSG00000002033	0	0	0	0	0	0
ENSMUSG00000002057	0	0	0	0	2	3
ENSMUSG00000002100	0	0	0	0	0	0
ENSMUSG00000002204	0	0	0	0	0	0
ENSMUSG00000002222	1293	1061	1377	795	1090	1022
ENSMUSG00000002240	0	0	0	0	0	0
ENSMUSG00000002324	0	0	0	0	2	0
ENSMUSG00000002345	1065	1039	804	939	747	672
ENSMUSG00000002395	1755	1773	1302	1766	1786	1343
ENSMUSG00000002500	0	0	2	0	0	0
ENSMUSG00000002565	0	0	0	0	0	27
ENSMUSG00000002588	0	0	0	0	0	0
ENSMUSG00000002617	90	91	207	13	60	224
ENSMUSG00000002633	0	0	0	0	0	0
ENSMUSG00000002664	0	0	0	2	0	0
ENSMUSG00000002748	7891	7399	6674	8875	7753	9613
ENSMUSG00000002799	6	2	4	27	33	53
ENSMUSG00000002930	0	0	0	0	0	0
ENSMUSG00000002948	1177	1002	839	1094	1006	987
ENSMUSG00000002984	4385	4232	2855	4836	4190	5609
ENSMUSG00000002992	0	0	0	0	0	0
ENSMUSG00000003053	0	0	0	0	0	0
ENSMUSG00000003206	0	0	0	0	0	0
ENSMUSG00000003227	1	0	0	0	0	0
ENSMUSG00000003279	8	0	5	2	13	51
ENSMUSG00000003316	12174	10827	10326	9703	10792	9113
ENSMUSG00000003378	25	20	41	8	42	31
ENSMUSG00000003382	919	1030	867	810	868	864
ENSMUSG00000003410	0	0	0	0	0	0
ENSMUSG00000003469	7	155	82	1	6	0
ENSMUSG00000003476	0	0	0	0	0	0
ENSMUSG00000003477	0	0	0	0	2	0
ENSMUSG00000003484	0	0	2	0	0	0
ENSMUSG00000003505	0	0	0	0	0	0
ENSMUSG00000003555	0	0	0	0	0	0
ENSMUSG00000003882	0	0	0	0	0	0
ENSMUSG00000003974	0	0	0	0	0	0
ENSMUSG00000004018	394	317	301	429	355	457
ENSMUSG00000004031	0	0	0	0	2	0
ENSMUSG00000004085	8140	7181	8058	7567	7191	8680
ENSMUSG00000004187	23	16	29	15	8	0
ENSMUSG00000004231	0	0	0	0	0	0
ENSMUSG00000004296	0	0	0	0	0	0
ENSMUSG00000004341	0	0	0	0	0	0
ENSMUSG00000004344	2	0	0	0	0	0
ENSMUSG00000004359	0	0	0	0	0	0
ENSMUSG00000004360	1	4	0	0	0	27
ENSMUSG00000004366	0	0	0	0	0	0
ENSMUSG00000004540	0	8	0	0	0	5
ENSMUSG00000004542	0	0	0	0	0	0
ENSMUSG00000004552	0	0	0	0	0	0
ENSMUSG00000004630	0	0	2	0	0	0
ENSMUSG00000004654	0	0	0	2	0	0
ENSMUSG00000004707	3	4	0	0	0	0
ENSMUSG00000004709	1	2	34	0	4	0
ENSMUSG00000004814	0	2	0	0	0	0
ENSMUSG00000004821	0	0	0	0	0	0
ENSMUSG00000004837	5	1	2	4	6	51
ENSMUSG00000004872	21	11	24	177	170	240
ENSMUSG00000004892	14	41	12	6	20	2
ENSMUSG00000004894	0	0	0	0	0	0
ENSMUSG00000004902	1	0	0	0	0	0
ENSMUSG00000004939	0	0	0	30	23	5
ENSMUSG00000004988	0	0	0	0	0	0
ENSMUSG00000005057	424	413	411	375	453	386
ENSMUSG00000005131	19	14	32	2	5	45
ENSMUSG00000005202	0	0	0	0	0	0
ENSMUSG00000005232	0	0	0	0	0	0
ENSMUSG00000005251	0	0	0	0	0	0
ENSMUSG00000005320	6	2	0	29	29	30
ENSMUSG00000005339	0	0	0	0	0	0
ENSMUSG00000005357	313	631	354	166	226	28
ENSMUSG00000005360	1347	1536	2657	1379	1073	43
ENSMUSG00000005503	0	0	0	0	0	0
ENSMUSG00000005540	1	0	0	0	0	0
ENSMUSG00000005547	0	0	0	0	0	0
ENSMUSG00000005553	0	0	0	0	0	0
ENSMUSG00000005621	1742	1686	1307	1694	1663	1736
ENSMUSG00000005640	1	0	0	0	0	0
ENSMUSG00000005681	1	23	14	28	31	14
ENSMUSG00000005696	0	0	0	0	0	0
ENSMUSG00000005716	7	0	0	4	4	12
ENSMUSG00000005763	0	0	0	0	0	0
ENSMUSG00000005824	0	0	0	0	0	0
ENSMUSG00000005836	95	48	58	147	167	60
ENSMUSG00000005883	0	0	0	0	0	0
ENSMUSG00000005891	0	0	0	0	0	0
ENSMUSG00000005892	6	0	0	0	0	0
ENSMUSG00000005917	0	4	6	0	2	0
ENSMUSG00000005947	4	10	4	0	0	0
ENSMUSG00000005980	0	0	0	0	0	0
ENSMUSG00000005982	1327	1435	1092	1141	1117	1401
ENSMUSG00000005994	0	0	0	0	0	0
ENSMUSG00000006007	14	3	2	0	0	4
ENSMUSG00000006191	837	742	716	924	719	1098
ENSMUSG00000006200	0	0	0	0	0	0
ENSMUSG00000006204	4	0	0	10	2	9
ENSMUSG00000006215	1525	1409	964	1595	1464	2003
ENSMUSG00000006270	0	0	0	0	0	0
ENSMUSG00000006310	1	0	0	0	0	0
ENSMUSG00000006311	0	0	0	0	0	0
ENSMUSG00000006315	2683	2673	2059	2727	2379	2422
ENSMUSG00000006344	133	366	394	120	318	14
ENSMUSG00000006389	0	0	0	0	0	0
ENSMUSG00000006392	1839	1777	1230	2025	1781	2200
ENSMUSG00000006411	26	0	10	18	4	22
ENSMUSG00000006442	6402	6617	3845	7435	6666	6968
ENSMUSG00000006457	91	96	107	772	761	352
ENSMUSG00000006469	0	0	0	0	0	0
ENSMUSG00000006490	0	2	0	10	9	5
ENSMUSG00000006517	1773	1725	1160	1530	1337	728
ENSMUSG00000006542	0	7	2	33	20	29
ENSMUSG00000006546	0	0	0	0	0	0
ENSMUSG00000006567	1	14	16	4	17	0
ENSMUSG00000006570	0	0	0	0	0	0
ENSMUSG00000006574	0	0	2	0	0	0
ENSMUSG00000006587	0	0	0	0	1	0
ENSMUSG00000006717	793	653	672	600	680	661
ENSMUSG00000006724	0	10	3	20	4	29
ENSMUSG00000006777	0	0	0	0	0	0
ENSMUSG00000006930	6	2	5	0	1	27
ENSMUSG00000006948	0	0	0	0	0	0
ENSMUSG00000007097	13	5	42	112	121	228
ENSMUSG00000007122	6	16	23	151	229	82
ENSMUSG00000007209	0	0	0	0	0	0
ENSMUSG00000007279	23	33	22	2	27	2
ENSMUSG00000007440	16	0	6	7	0	2
ENSMUSG00000007457	0	0	0	0	0	0
ENSMUSG00000007613	1707	778	2552	1212	1728	2546
ENSMUSG00000007777	685	529	576	353	391	521
ENSMUSG00000007877	0	2	14	32	56	14
ENSMUSG00000007907	0	0	0	0	0	0
ENSMUSG00000007944	0	0	0	0	0	0
ENSMUSG00000008153	4	0	11	0	4	0
ENSMUSG00000008461	0	0	0	0	0	0
ENSMUSG00000008590	0	0	0	0	0	0
ENSMUSG00000008730	5027	4329	4651	4332	4096	6398
ENSMUSG00000008789	0	0	0	0	0	0
ENSMUSG00000008813	0	0	0	0	0	0
ENSMUSG00000008843	0	0	0	0	0	0
ENSMUSG00000008845	0	0	0	0	0	0
ENSMUSG00000008874	0	0	0	0	0	0
ENSMUSG00000008999	0	0	0	0	0	0
ENSMUSG00000009047	0	0	0	0	0	0
ENSMUSG00000009075	0	0	0	0	2	0
ENSMUSG00000009090	4186	4582	3154	3914	3486	2807
ENSMUSG00000009097	0	1	0	0	0	1
ENSMUSG00000009114	0	0	0	0	0	0
ENSMUSG00000009115	0	0	0	0	0	0
ENSMUSG00000009214	4	20	52	647	597	291
ENSMUSG00000009216	0	0	0	0	0	0
ENSMUSG00000009246	0	0	0	0	0	0
ENSMUSG00000009350	15	12	2	0	9	5
ENSMUSG00000009356	0	0	0	0	0	0
ENSMUSG00000009471	2	12	20	386	349	391
ENSMUSG00000009487	0	0	4	32	39	23
ENSMUSG00000009551	0	0	0	0	0	0
ENSMUSG00000009580	0	0	0	0	0	0
ENSMUSG00000009588	0	0	0	0	0	0
ENSMUSG00000009596	0	0	0	2	0	0
ENSMUSG00000009630	3194	3203	2082	2888	2715	3971
ENSMUSG00000009646	0	0	0	0	0	0
ENSMUSG00000009654	12	1	3	0	0	11
ENSMUSG00000009687	3531	2553	2165	3644	2558	5566
ENSMUSG00000009734	0	0	0	0	0	0
ENSMUSG00000009900	0	0	0	0	0	0
ENSMUSG00000009905	2404	2032	2027	1963	1604	2390
ENSMUSG00000009995	906	804	783	749	621	622
ENSMUSG00000010086	0	0	0	0	0	0
ENSMUSG00000010136	0	0	0	0	0	0
ENSMUSG00000010205	0	0	0	0	0	1
ENSMUSG00000010311	14	28	15	6	9	0
ENSMUSG00000010435	0	0	0	0	0	0
ENSMUSG00000010505	0	2	0	0	0	0
ENSMUSG00000010517	4636	5241	3664	5785	4751	5477
ENSMUSG00000010760	0	0	0	0	3	6
ENSMUSG00000010796	0	0	0	0	0	0
ENSMUSG00000010803	10	6	5	17	0	11
ENSMUSG00000010841	0	0	0	0	0	0
ENSMUSG00000011034	2	0	0	0	0	0
ENSMUSG00000011118	2	0	10	8	0	0
ENSMUSG00000011171	2	0	6	22	1	20
ENSMUSG00000011263	0	0	2	0	0	0
ENSMUSG00000011349	0	0	0	0	0	0
ENSMUSG00000011350	0	0	0	0	0	0
ENSMUSG00000011486	0	0	0	0	0	0
ENSMUSG00000011632	0	0	0	0	0	0
ENSMUSG00000012042	0	0	0	0	0	0
ENSMUSG00000012211	4	2	0	15	3	0
ENSMUSG00000012282	0	0	0	0	0	0
ENSMUSG00000012396	18	16	8	2	8	0
ENSMUSG00000012428	14	14	88	6	25	6
ENSMUSG00000012520	0	0	0	0	0	0
ENSMUSG00000012705	0	0	0	0	0	0
ENSMUSG00000012777	0	0	0	0	0	0
ENSMUSG00000013083	0	0	0	0	0	0
ENSMUSG00000013091	0	0	4	6	10	4
ENSMUSG00000013158	2	2	0	0	0	0
ENSMUSG00000013338	0	0	0	0	0	0
ENSMUSG00000013353	0	0	0	0	0	0
ENSMUSG00000013418	0	0	0	0	0	0
ENSMUSG00000013483	9	1	16	0	3	4
ENSMUSG00000013539	585	580	571	614	570	427
ENSMUSG00000013562	0	0	0	0	0	0
ENSMUSG00000013611	0	0	2	0	0	0
ENSMUSG00000013643	0	0	0	0	0	0
ENSMUSG00000013668	0	0	0	0	0	0
ENSMUSG00000013736	1229	1076	1747	946	1037	2289
ENSMUSG00000013766	0	0	0	0	0	0
ENSMUSG00000013936	16	6	0	0	2	8
ENSMUSG00000013974	2	0	0	0	0	0
ENSMUSG00000014039	845	786	730	740	682	836
ENSMUSG00000014074	1292	1327	1209	1559	1363	1740
ENSMUSG00000014104	0	0	0	0	0	0
ENSMUSG00000014226	3691	2405	2978	1960	2133	6891
ENSMUSG00000014351	0	0	0	0	0	0
ENSMUSG00000014504	1188	941	1236	874	826	1076
ENSMUSG00000014529	0	0	0	0	0	0
ENSMUSG00000014542	0	0	0	0	0	0
ENSMUSG00000014543	0	0	0	0	0	0
ENSMUSG00000014686	0	0	1	0	0	0
ENSMUSG00000014747	0	0	0	0	0	0
ENSMUSG00000014769	9560	9473	6639	10262	8495	8592
ENSMUSG00000014773	4	4	10	48	46	130
ENSMUSG00000014852	0	0	0	0	0	0
ENSMUSG00000015001	1	0	0	0	0	0
ENSMUSG00000015085	25	8	23	16	11	4
ENSMUSG00000015090	0	0	0	0	0	0
ENSMUSG00000015095	1605	1562	1191	1580	1470	1412
ENSMUSG00000015224	66	76	94	62	73	58
ENSMUSG00000015242	0	0	0	0	0	0
ENSMUSG00000015314	0	0	0	0	0	0
ENSMUSG00000015340	13	36	12	0	27	11
ENSMUSG00000015355	4	2	4	0	0	0
ENSMUSG00000015377	118	102	87	96	97	115
ENSMUSG00000015396	2	0	2	11	6	0
ENSMUSG00000015401	0	0	4	0	0	0
ENSMUSG00000015405	0	0	0	0	0	0
ENSMUSG00000015441	0	0	0	0	0	0
ENSMUSG00000015443	0	0	0	0	0	0
ENSMUSG00000015467	10	0	10	4	12	15
ENSMUSG00000015484	0	0	2	0	0	0
ENSMUSG00000015519	0	0	0	0	0	0
ENSMUSG00000015533	278	130	255	474	408	2794
ENSMUSG00000015627	0	0	0	0	0	0
ENSMUSG00000015665	0	0	0	0	0	0
ENSMUSG00000015668	2574	2692	1923	3349	2609	2451
ENSMUSG00000015714	6341	5564	4425	6270	5751	8082
ENSMUSG00000015745	1605	1900	870	1814	1734	1096
ENSMUSG00000015787	0	0	0	0	0	0
ENSMUSG00000015843	6	0	9	46	69	23
ENSMUSG00000015852	0	0	2	0	0	0
ENSMUSG00000015854	0	0	0	2	0	0
ENSMUSG00000015947	0	2	0	0	0	0
ENSMUSG00000015961	3645	3508	3675	4256	3758	5509
ENSMUSG00000015962	0	0	0	0	0	0
ENSMUSG00000015968	9	0	11	12	11	0
ENSMUSG00000016087	479	395	386	309	301	547
ENSMUSG00000016255	0	0	0	0	0	0
ENSMUSG00000016283	0	0	0	0	0	0
ENSMUSG00000016346	0	0	0	2	0	0
ENSMUSG00000016458	2	11	32	9	5	0
ENSMUSG00000016498	0	0	0	0	0	0
ENSMUSG00000016524	0	1	0	0	0	0
ENSMUSG00000016529	0	0	0	0	0	0
ENSMUSG00000016626	0	0	0	0	0	0
ENSMUSG00000016998	0	0	0	0	0	0
ENSMUSG00000017000	0	0	0	0	0	0
ENSMUSG00000017003	0	0	0	0	0	0
ENSMUSG00000017004	0	0	0	0	0	0
ENSMUSG00000017007	0	0	0	0	0	0
ENSMUSG00000017049	0	0	0	0	0	0
ENSMUSG00000017064	0	0	0	0	0	0
ENSMUSG00000017165	0	0	0	0	0	0
ENSMUSG00000017211	0	0	0	0	0	0
ENSMUSG00000017300	0	14	25	267	464	129
ENSMUSG00000017307	455	452	344	391	394	374
ENSMUSG00000017309	0	0	0	0	0	0
ENSMUSG00000017310	0	0	0	0	0	0
ENSMUSG00000017311	0	0	0	0	0	0
ENSMUSG00000017316	0	0	0	0	0	0
ENSMUSG00000017446	474	529	518	269	409	37
ENSMUSG00000017453	0	0	0	0	1	0
ENSMUSG00000017588	0	0	0	0	0	0
ENSMUSG00000017607	55	81	88	84	69	133
ENSMUSG00000017667	1362	1363	1071	1376	1221	1225
ENSMUSG00000017688	0	0	0	0	0	0
ENSMUSG00000017692	52	68	55	63	64	79
ENSMUSG00000017697	652	461	424	400	479	261
ENSMUSG00000017720	0	0	0	0	0	0
ENSMUSG00000017723	0	0	0	0	0	0
ENSMUSG00000017733	0	0	0	0	0	0
ENSMUSG00000017737	849	628	167	2506	1902	7521
ENSMUSG00000017767	1	2	0	0	1	2
ENSMUSG00000017832	0	0	0	0	0	0
ENSMUSG00000017868	0	0	0	0	0	0
ENSMUSG00000017922	0	0	0	0	0	0
ENSMUSG00000017950	0	0	0	0	0	0
ENSMUSG00000018008	5	8	0	0	0	4
ENSMUSG00000018166	4	13	30	159	131	159
ENSMUSG00000018168	0	0	0	0	0	0
ENSMUSG00000018169	0	0	0	0	2	0
ENSMUSG00000018211	0	0	0	0	0	0
ENSMUSG00000018259	0	0	0	0	0	0
ENSMUSG00000018322	1730	1461	962	1770	1400	1698
ENSMUSG00000018326	8269	7511	5985	8081	7105	7229
ENSMUSG00000018341	0	0	0	0	0	0
ENSMUSG00000018398	6912	7882	5893	7709	7266	5178
ENSMUSG00000018486	0	0	0	0	0	0
ENSMUSG00000018554	0	0	0	0	0	0
ENSMUSG00000018589	0	0	0	0	0	0
ENSMUSG00000018595	0	0	0	0	0	0
ENSMUSG00000018620	0	0	0	0	0	0
ENSMUSG00000018623	0	0	0	0	0	0
ENSMUSG00000018634	0	0	0	0	0	0
ENSMUSG00000018656	0	0	0	0	0	0
ENSMUSG00000018698	0	0	0	0	0	0
ENSMUSG00000018707	39193	33610	28651	29559	31262	34177
ENSMUSG00000018740	37	28	51	21	20	2
ENSMUSG00000018776	0	0	0	0	0	0
ENSMUSG00000018822	0	0	0	0	0	0
ENSMUSG00000018844	0	0	0	0	0	0
ENSMUSG00000018845	2	0	2	147	116	80
ENSMUSG00000018862	0	0	0	0	0	0
ENSMUSG00000018868	0	0	0	0	0	0
ENSMUSG00000018893	6	21	15	418	456	206
ENSMUSG00000018907	0	0	0	0	0	0
ENSMUSG00000018914	0	0	0	0	0	0
ENSMUSG00000018916	0	0	0	0	3	13
ENSMUSG00000018919	0	0	0	0	0	0
ENSMUSG00000018924	0	0	0	0	0	0
ENSMUSG00000018925	0	0	0	1	0	0
ENSMUSG00000018973	0	0	0	0	0	0
ENSMUSG00000019039	889	664	618	926	677	840
ENSMUSG00000019102	20	6	10	43	10	990
ENSMUSG00000019143	903	920	908	960	959	937
ENSMUSG00000019146	0	0	0	0	0	0
ENSMUSG00000019230	39	41	34	6	2	31
ENSMUSG00000019232	0	0	0	0	0	0
ENSMUSG00000019301	7	2	10	0	2	0
ENSMUSG00000019312	2	0	0	0	0	0
ENSMUSG00000019320	45	19	32	7	24	2
ENSMUSG00000019359	6	16	17	6	12	0
ENSMUSG00000019368	0	0	0	0	0	0
ENSMUSG00000019429	0	0	0	0	0	0
ENSMUSG00000019489	0	0	2	0	0	0
ENSMUSG00000019539	14150	17647	14245	14587	18657	6018
ENSMUSG00000019762	0	0	0	0	0	0
ENSMUSG00000019763	536	462	635	480	566	569
ENSMUSG00000019772	0	0	0	0	0	0
ENSMUSG00000019779	2062	1183	2562	1264	1500	2323
ENSMUSG00000019785	2	0	0	0	0	0
ENSMUSG00000019787	0	0	4	0	7	14
ENSMUSG00000019803	0	0	0	0	0	0
ENSMUSG00000019814	1427	1399	1206	1634	1622	2127
ENSMUSG00000019815	0	0	0	2	0	0
ENSMUSG00000019823	1961	2130	1910	1900	2104	1209
ENSMUSG00000019828	3	6	10	0	1	0
ENSMUSG00000019834	0	0	0	2	0	0
ENSMUSG00000019836	0	0	0	0	0	0
ENSMUSG00000019848	0	2	3	112	100	98
ENSMUSG00000019876	26	7	52	2	20	15
ENSMUSG00000019888	0	0	0	1	0	0
ENSMUSG00000019892	0	2	14	0	0	2
ENSMUSG00000019893	0	0	0	0	0	0
ENSMUSG00000019900	0	0	0	0	0	0
ENSMUSG00000019905	0	0	0	0	0	0
ENSMUSG00000019909	0	0	0	0	0	0
ENSMUSG00000019929	1734	869	1845	7840	4359	18909
ENSMUSG00000019932	0	0	0	0	0	0
ENSMUSG00000019935	0	0	6	6	0	4
ENSMUSG00000019936	0	0	0	0	0	0
ENSMUSG00000019945	0	0	1	0	0	0
ENSMUSG00000020010	0	0	0	0	0	0
ENSMUSG00000020033	0	0	0	0	0	0
ENSMUSG00000020037	0	0	0	0	0	0
ENSMUSG00000020051	0	0	0	0	0	0
ENSMUSG00000020052	2	0	0	0	0	0
ENSMUSG00000020061	2	5	31	189	249	111
ENSMUSG00000020067	0	4	8	59	90	64
ENSMUSG00000020075	7532	7252	6208	9059	7547	12942
ENSMUSG00000020080	2	0	2	0	0	7
ENSMUSG00000020090	2	10	0	4	0	0
ENSMUSG00000020116	2463	2005	1874	2315	2124	3600
ENSMUSG00000020123	1497	2373	2341	2603	2941	1284
ENSMUSG00000020125	0	0	0	0	0	0
ENSMUSG00000020137	651	576	664	610	544	894
ENSMUSG00000020143	0	0	0	0	0	0
ENSMUSG00000020159	8	6	1	0	0	0
ENSMUSG00000020164	0	0	0	0	0	0
ENSMUSG00000020168	0	0	0	0	0	0
ENSMUSG00000020169	4	0	0	0	11	6
ENSMUSG00000020177	0	0	0	0	0	0
ENSMUSG00000020184	7052	5032	6981	4309	5094	10184
ENSMUSG00000020213	0	0	0	0	0	0
ENSMUSG00000020214	0	0	0	0	0	0
ENSMUSG00000020216	6	4	8	60	106	79
ENSMUSG00000020229	0	0	0	0	0	0
ENSMUSG00000020261	1393	1566	1426	1240	1386	1123
ENSMUSG00000020264	0	0	12	0	0	6
ENSMUSG00000020270	0	0	0	0	0	0
ENSMUSG00000020279	0	0	1	0	0	0
ENSMUSG00000020286	1	0	0	0	0	0
ENSMUSG00000020295	0	0	0	0	0	0
ENSMUSG00000020299	0	0	0	0	0	0
ENSMUSG00000020310	0	0	0	0	2	2
ENSMUSG00000020317	0	0	0	0	0	0
ENSMUSG00000020323	8	0	2	0	8	0
ENSMUSG00000020328	2910	2858	2745	2657	2410	2499
ENSMUSG00000020332	0	0	2	0	0	0
ENSMUSG00000020334	339	66	59	470	328	1034
ENSMUSG00000020340	22	9	4	45	12	40
ENSMUSG00000020376	1279	1148	946	977	965	1104
ENSMUSG00000020383	0	0	0	0	0	0
ENSMUSG00000020395	0	0	0	0	0	0
ENSMUSG00000020401	0	0	0	0	0	0
ENSMUSG00000020405	0	0	0	0	0	0
ENSMUSG00000020428	0	0	0	0	0	0
ENSMUSG00000020429	0	0	0	0	0	0
ENSMUSG00000020436	0	0	0	0	0	0
ENSMUSG00000020454	2403	2262	1743	2379	2338	2718
ENSMUSG00000020481	0	0	0	0	0	0
ENSMUSG00000020486	12	22	18	6	12	0
ENSMUSG00000020490	0	0	0	0	0	0
ENSMUSG00000020524	8	6	8	2	0	0
ENSMUSG00000020545	0	0	0	0	0	0
ENSMUSG00000020562	0	0	1	0	0	0
ENSMUSG00000020581	0	0	0	0	0	0
ENSMUSG00000020583	43	56	39	40	41	29
ENSMUSG00000020591	0	0	0	0	0	0
ENSMUSG00000020600	0	0	0	0	0	0
ENSMUSG00000020622	0	0	0	0	0	0
ENSMUSG00000020624	0	0	0	0	0	0
ENSMUSG00000020636	0	0	0	0	0	0
ENSMUSG00000020641	3	0	4	12	0	13
ENSMUSG00000020647	682	651	862	602	567	591
ENSMUSG00000020651	0	0	0	0	0	0
ENSMUSG00000020671	6650	7220	6239	7607	6640	9141
ENSMUSG00000020673	0	0	0	0	0	0
ENSMUSG00000020679	0	0	0	0	0	0
ENSMUSG00000020686	0	0	0	0	0	0
ENSMUSG00000020690	0	0	0	0	0	0
ENSMUSG00000020698	11	5	10	0	1	8
ENSMUSG00000020702	0	0	0	0	0	0
ENSMUSG00000020704	0	0	0	0	0	0
ENSMUSG00000020709	9	0	11	5	19	6
ENSMUSG00000020713	0	0	0	0	0	0
ENSMUSG00000020722	2	10	11	197	207	173
ENSMUSG00000020732	6	8	2	0	2	6
ENSMUSG00000020734	0	0	0	0	0	0
ENSMUSG00000020783	1613	1621	1711	1890	1725	1806
ENSMUSG00000020787	0	0	0	4	2	0
ENSMUSG00000020811	0	0	0	1	0	0
ENSMUSG00000020821	14370	14695	10177	12754	12509	11931
ENSMUSG00000020826	10	5	29	34	52	0
ENSMUSG00000020848	0	4	7	3	10	0
ENSMUSG00000020867	0	2	6	0	10	0
ENSMUSG00000020869	23326	24845	15038	29243	25009	22102
ENSMUSG00000020870	0	0	0	0	2	0
ENSMUSG00000020875	3	0	11	13	25	10
ENSMUSG00000020887	2	0	0	0	0	0
ENSMUSG00000020898	2201	2077	1339	2313	2205	2450
ENSMUSG00000020901	694	324	225	397	357	915
ENSMUSG00000020907	0	0	0	0	0	0
ENSMUSG00000020908	3	125	195	2079	3268	1413
ENSMUSG00000020912	0	0	0	0	0	0
ENSMUSG00000020916	2	0	0	0	0	0
ENSMUSG00000020928	0	0	0	0	0	0
ENSMUSG00000020936	7791	7575	5506	7874	7332	7759
ENSMUSG00000020945	0	0	0	0	0	0
ENSMUSG00000020952	2927	2102	3678	1803	1889	2186
ENSMUSG00000021032	0	12	7	0	13	0
ENSMUSG00000021056	0	0	0	0	0	0
ENSMUSG00000021057	0	3	8	0	0	6
ENSMUSG00000021078	0	0	0	0	0	0
ENSMUSG00000021086	0	0	1	0	0	0
ENSMUSG00000021091	647	37	248	1168	140	18
ENSMUSG00000021095	12	13	18	11	26	59
ENSMUSG00000021099	0	0	0	0	0	0
ENSMUSG00000021101	0	0	0	0	0	0
ENSMUSG00000021118	7	4	0	6	0	77
ENSMUSG00000021135	0	0	0	0	0	0
ENSMUSG00000021139	61	43	75	28	20	50
ENSMUSG00000021148	0	0	0	0	0	0
ENSMUSG00000021189	1072	766	1251	659	710	1118
ENSMUSG00000021194	0	2	0	0	0	0
ENSMUSG00000021207	0	0	0	0	0	0
ENSMUSG00000021210	0	0	0	0	0	0
ENSMUSG00000021211	2	1	6	13	0	12
ENSMUSG00000021214	52	21	50	158	111	1423
ENSMUSG00000021216	0	0	2	0	0	0
ENSMUSG00000021239	0	0	0	0	0	0
ENSMUSG00000021250	261	360	421	383	537	187
ENSMUSG00000021263	0	0	0	0	0	0
ENSMUSG00000021298	4	11	0	7	7	25
ENSMUSG00000021301	4	0	2	10	21	20
ENSMUSG00000021313	13	2	7	0	2	9
ENSMUSG00000021318	2588	1970	2246	2066	1962	2506
ENSMUSG00000021336	0	0	0	0	0	0
ENSMUSG00000021337	0	0	0	0	0	0
ENSMUSG00000021346	0	0	0	0	0	0
ENSMUSG00000021347	0	0	0	0	0	0
ENSMUSG00000021362	0	0	0	0	0	0
ENSMUSG00000021363	0	0	0	0	0	0
ENSMUSG00000021375	1781	1531	1768	1315	1522	1562
ENSMUSG00000021376	209	250	243	247	244	270
ENSMUSG00000021381	0	0	2	0	0	0
ENSMUSG00000021404	29	7	0	12	8	156
ENSMUSG00000021411	1412	1061	841	1077	934	1146
ENSMUSG00000021415	0	0	0	0	0	0
ENSMUSG00000021423	0	0	0	0	0	0
ENSMUSG00000021439	0	0	0	0	0	0
ENSMUSG00000021440	0	0	0	0	0	0
ENSMUSG00000021441	0	0	0	0	0	0
ENSMUSG00000021456	0	0	0	0	0	0
ENSMUSG00000021481	1155	1018	789	1082	1013	927
ENSMUSG00000021488	7717	5884	7195	5624	6223	8170
ENSMUSG00000021490	0	0	0	0	0	0
ENSMUSG00000021492	0	0	1	0	0	0
ENSMUSG00000021493	7599	7310	5278	8494	8262	7203
ENSMUSG00000021495	1251	1135	1083	737	844	1033
ENSMUSG00000021538	0	0	0	0	0	0
ENSMUSG00000021541	0	0	0	0	0	0
ENSMUSG00000021545	0	0	0	0	0	0
ENSMUSG00000021565	2	4	0	0	7	10
ENSMUSG00000021566	0	0	0	0	0	0
ENSMUSG00000021587	7	3	18	15	6	92
ENSMUSG00000021604	0	0	0	0	0	0
ENSMUSG00000021612	0	0	1	0	0	0
ENSMUSG00000021631	0	0	0	0	0	0
ENSMUSG00000021636	4	0	8	20	31	11
ENSMUSG00000021647	0	0	0	0	0	0
ENSMUSG00000021679	0	0	0	0	0	0
ENSMUSG00000021685	0	0	0	0	0	0
ENSMUSG00000021711	2586	2160	2298	2141	2181	2455
ENSMUSG00000021718	0	0	0	0	0	0
ENSMUSG00000021719	2	1	13	15	13	48
ENSMUSG00000021721	0	0	0	0	2	0
ENSMUSG00000021741	0	0	0	0	0	1
ENSMUSG00000021743	0	0	0	0	0	0
ENSMUSG00000021749	0	0	0	0	0	0
ENSMUSG00000021750	0	0	0	9	6	0
ENSMUSG00000021751	0	0	0	0	0	2
ENSMUSG00000021768	0	0	8	14	33	28
ENSMUSG00000021789	0	0	0	0	0	0
ENSMUSG00000021795	0	0	0	0	0	0
ENSMUSG00000021797	0	0	0	0	0	0
ENSMUSG00000021799	0	18	32	0	0	0
ENSMUSG00000021804	0	0	0	0	0	0
ENSMUSG00000021810	2701	2848	1841	2957	2646	3076
ENSMUSG00000021815	33	3	62	10	15	54
ENSMUSG00000021850	0	0	0	0	0	0
ENSMUSG00000021871	0	0	0	0	0	0
ENSMUSG00000021872	136	121	147	47	79	3
ENSMUSG00000021874	0	0	0	0	0	0
ENSMUSG00000021880	0	0	0	0	0	0
ENSMUSG00000021907	0	0	0	0	0	0
ENSMUSG00000021908	1	195	120	1	0	1
ENSMUSG00000021919	0	0	0	0	0	0
ENSMUSG00000021922	2	0	0	0	0	0
ENSMUSG00000021933	0	0	0	0	2	0
ENSMUSG00000021940	0	0	0	0	0	0
ENSMUSG00000021961	0	0	0	0	0	0
ENSMUSG00000021966	0	0	0	0	0	0
ENSMUSG00000021977	0	0	0	0	0	0
ENSMUSG00000021991	1	0	0	3	0	11
ENSMUSG00000021997	0	0	0	0	0	0
ENSMUSG00000021999	0	0	0	0	0	0
ENSMUSG00000022002	0	0	0	0	0	0
ENSMUSG00000022015	86	107	365	68	112	13
ENSMUSG00000022018	404	577	553	692	1009	45
ENSMUSG00000022025	0	0	0	0	0	0
ENSMUSG00000022026	0	0	0	0	0	0
ENSMUSG00000022032	22	4	52	18	9	2
ENSMUSG00000022039	0	0	0	0	0	0
ENSMUSG00000022044	0	0	0	0	2	0
ENSMUSG00000022056	0	0	0	0	0	0
ENSMUSG00000022061	0	0	2	0	0	0
ENSMUSG00000022066	0	0	0	0	0	0
ENSMUSG00000022085	0	0	0	0	0	0
ENSMUSG00000022097	0	0	0	0	0	0
ENSMUSG00000022101	0	0	2	0	0	0
ENSMUSG00000022112	0	0	0	0	0	2
ENSMUSG00000022123	24	30	86	17	26	3
ENSMUSG00000022126	9	18	0	2	13	2
ENSMUSG00000022132	0	0	0	0	0	0
ENSMUSG00000022149	0	0	0	0	0	0
ENSMUSG00000022155	0	0	0	0	0	0
ENSMUSG00000022186	8481	8473	6693	8488	6882	7935
ENSMUSG00000022187	0	0	0	0	0	0
ENSMUSG00000022191	2137	1959	1799	2471	2084	2382
ENSMUSG00000022209	2	0	0	0	0	0
ENSMUSG00000022212	0	0	0	0	0	0
ENSMUSG00000022214	1224	896	917	1073	852	680
ENSMUSG00000022226	0	0	0	0	0	0
ENSMUSG00000022227	0	0	0	0	0	0
ENSMUSG00000022229	2	0	0	0	0	0
ENSMUSG00000022234	23076	21903	14156	25463	21584	28622
ENSMUSG00000022243	0	0	2	0	0	0
ENSMUSG00000022245	0	0	0	0	0	0
ENSMUSG00000022262	0	0	0	0	0	0
ENSMUSG00000022269	2	0	0	6	6	11
ENSMUSG00000022285	18331	15181	12787	17792	14927	21160
ENSMUSG00000022286	0	0	0	0	1	0
ENSMUSG00000022288	0	0	0	0	0	0
ENSMUSG00000022303	0	0	0	0	0	0
ENSMUSG00000022304	0	0	1	0	0	0
ENSMUSG00000022311	20	0	0	24	22	58
ENSMUSG00000022315	0	0	0	0	0	0
ENSMUSG00000022325	2275	1279	974	2690	2205	2949
ENSMUSG00000022329	1013	756	1277	890	820	1606
ENSMUSG00000022340	8	14	14	6	0	35
ENSMUSG00000022342	0	0	0	0	0	0
ENSMUSG00000022347	0	0	0	0	0	0
ENSMUSG00000022350	8918	8265	7565	8657	3856	8668
ENSMUSG00000022362	5	9	4	0	9	0
ENSMUSG00000022371	990	1874	4219	700	1727	36
ENSMUSG00000022375	0	0	0	0	0	0
ENSMUSG00000022382	0	0	0	0	0	1
ENSMUSG00000022388	0	0	0	0	0	0
ENSMUSG00000022394	1178	1157	760	1377	1167	1652
ENSMUSG00000022416	10	11	16	0	9	9
ENSMUSG00000022429	0	0	0	0	0	0
ENSMUSG00000022435	0	0	0	0	0	0
ENSMUSG00000022445	0	0	0	0	0	0
ENSMUSG00000022455	0	0	2	0	0	0
ENSMUSG00000022484	1216	1271	837	1116	1080	896
ENSMUSG00000022491	0	0	0	0	0	0
ENSMUSG00000022494	0	0	0	0	0	0
ENSMUSG00000022496	0	0	0	0	0	0
ENSMUSG00000022501	0	0	0	0	0	0
ENSMUSG00000022504	0	0	0	0	0	0
ENSMUSG00000022510	6	2	9	39	46	5
ENSMUSG00000022526	1422	1548	1206	1451	1491	1332
ENSMUSG00000022534	0	0	0	0	0	0
ENSMUSG00000022577	2	0	0	0	0	0
ENSMUSG00000022579	0	0	0	0	0	0
ENSMUSG00000022583	26	39	0	8	0	14
ENSMUSG00000022589	0	0	0	0	0	0
ENSMUSG00000022591	0	0	0	0	0	0
ENSMUSG00000022595	0	0	0	0	0	0
ENSMUSG00000022598	2	0	0	0	0	0
ENSMUSG00000022622	0	0	0	0	0	0
ENSMUSG00000022639	1134	765	1574	673	711	1087
ENSMUSG00000022650	0	0	0	0	0	0
ENSMUSG00000022651	0	0	0	0	0	0
ENSMUSG00000022659	0	0	0	0	0	0
ENSMUSG00000022661	52	1162	46	87	685	74
ENSMUSG00000022683	0	0	0	0	0	0
ENSMUSG00000022696	0	0	0	0	0	0
ENSMUSG00000022705	0	0	0	0	0	0
ENSMUSG00000022715	0	0	0	0	0	0
ENSMUSG00000022738	0	0	0	0	0	0
ENSMUSG00000022753	0	0	0	0	0	0
ENSMUSG00000022755	0	0	2	0	0	0
ENSMUSG00000022759	1	0	0	0	0	0
ENSMUSG00000022783	0	0	0	0	0	0
ENSMUSG00000022790	89	56	18	131	97	646
ENSMUSG00000022798	0	0	0	0	0	0
ENSMUSG00000022809	0	0	2	0	0	0
ENSMUSG00000022829	0	0	0	2	0	0
ENSMUSG00000022832	0	0	0	0	0	0
ENSMUSG00000022838	29	14	16	18	7	8
ENSMUSG00000022849	545	459	425	477	337	632
ENSMUSG00000022857	0	0	0	0	0	0
ENSMUSG00000022868	0	2	0	0	0	0
ENSMUSG00000022875	10	14	37	18	31	0
ENSMUSG00000022876	0	0	0	0	0	0
ENSMUSG00000022877	0	0	0	0	0	0
ENSMUSG00000022878	7	0	38	0	0	2
ENSMUSG00000022901	0	0	0	0	0	0
ENSMUSG00000022902	0	0	0	0	0	0
ENSMUSG00000022931	0	0	0	0	0	0
ENSMUSG00000022938	0	0	0	1	0	0
ENSMUSG00000022956	6641	6153	4208	7726	6368	5928
ENSMUSG00000022991	0	0	0	0	0	0
ENSMUSG00000022997	0	0	0	0	0	0
ENSMUSG00000023020	1586	1279	1212	1169	1179	1187
ENSMUSG00000023041	0	0	0	0	0	0
ENSMUSG00000023043	4	0	0	8	2	96
ENSMUSG00000023057	0	0	0	0	0	0
ENSMUSG00000023070	0	2	0	0	0	0
ENSMUSG00000023073	0	0	0	0	0	0
ENSMUSG00000023078	0	0	1	0	0	0
ENSMUSG00000023083	0	0	0	0	0	0
ENSMUSG00000023092	1859	2603	1099	1945	1700	904
ENSMUSG00000023093	0	0	0	0	0	0
ENSMUSG00000023120	0	0	0	0	0	0
ENSMUSG00000023122	0	0	0	0	0	0
ENSMUSG00000023132	0	0	0	0	0	0
ENSMUSG00000023153	0	0	0	0	0	0
ENSMUSG00000023159	0	0	0	2	0	0
ENSMUSG00000023165	0	0	0	0	0	0
ENSMUSG00000023176	0	0	0	0	0	0
ENSMUSG00000023185	0	0	0	0	0	0
ENSMUSG00000023192	0	0	0	0	0	0
ENSMUSG00000023210	0	0	0	0	0	0
ENSMUSG00000023249	7411	7702	6644	5066	7085	5098
ENSMUSG00000023257	0	0	0	0	0	0
ENSMUSG00000023263	0	0	0	0	0	0
ENSMUSG00000023274	0	0	0	0	0	0
ENSMUSG00000023279	0	0	0	0	2	0
ENSMUSG00000023289	0	0	0	0	0	0
ENSMUSG00000023333	0	0	0	0	0	0
ENSMUSG00000023350	0	0	0	0	0	0
ENSMUSG00000023387	0	0	0	0	0	0
ENSMUSG00000023433	0	0	0	0	0	0
ENSMUSG00000023443	2	0	0	0	0	0
ENSMUSG00000023802	0	0	0	0	0	0
ENSMUSG00000023828	1	0	3	0	0	15
ENSMUSG00000023902	10	0	0	0	2	0
ENSMUSG00000023906	0	0	0	0	0	0
ENSMUSG00000023911	20	12	20	2	16	0
ENSMUSG00000023914	2	4	0	0	0	10
ENSMUSG00000023921	1608	1258	1530	1241	1322	1131
ENSMUSG00000023926	0	0	0	0	0	0
ENSMUSG00000023943	0	0	0	0	0	0
ENSMUSG00000023949	0	0	0	0	0	0
ENSMUSG00000023964	0	0	0	0	0	0
ENSMUSG00000023978	0	0	0	0	0	0
ENSMUSG00000023979	0	34	4	2	5	20
ENSMUSG00000023987	0	0	0	0	0	0
ENSMUSG00000023993	0	0	0	0	0	0
ENSMUSG00000023995	0	0	0	0	0	0
ENSMUSG00000024002	2000	1696	1177	1576	1541	1592
ENSMUSG00000024011	18	8	61	10	10	0
ENSMUSG00000024013	0	0	0	0	0	0
ENSMUSG00000024028	0	0	0	0	0	0
ENSMUSG00000024029	0	0	0	0	0	0
ENSMUSG00000024032	0	0	0	0	0	0
ENSMUSG00000024034	0	0	0	0	0	0
ENSMUSG00000024041	0	0	0	0	0	0
ENSMUSG00000024064	0	0	12	29	25	12
ENSMUSG00000024065	533	434	284	453	403	262
ENSMUSG00000024084	162	370	133	314	243	431
ENSMUSG00000024088	0	0	0	0	0	0
ENSMUSG00000024105	0	0	0	0	0	0
ENSMUSG00000024112	0	2	2	12	19	7
ENSMUSG00000024114	16	0	8	0	0	0
ENSMUSG00000024116	0	0	0	0	0	0
ENSMUSG00000024124	0	0	0	0	0	0
ENSMUSG00000024125	0	0	0	0	0	0
ENSMUSG00000024128	0	0	0	0	0	0
ENSMUSG00000024131	15	2	0	0	3	7
ENSMUSG00000024155	0	0	0	0	0	2
ENSMUSG00000024171	0	0	0	0	0	0
ENSMUSG00000024172	0	0	0	0	0	0
ENSMUSG00000024175	0	0	0	0	0	0
ENSMUSG00000024186	11	10	39	12	13	0
ENSMUSG00000024207	0	0	0	0	2	0
ENSMUSG00000024210	3	8	0	0	17	12
ENSMUSG00000024211	0	8	3	14	0	3
ENSMUSG00000024220	713	715	536	523	617	495
ENSMUSG00000024223	0	0	0	0	0	0
ENSMUSG00000024224	0	0	0	0	0	0
ENSMUSG00000024225	0	0	0	0	0	0
ENSMUSG00000024227	0	0	0	0	0	0
ENSMUSG00000024233	0	0	0	0	0	0
ENSMUSG00000024245	0	0	0	0	0	0
ENSMUSG00000024254	0	0	0	0	0	0
ENSMUSG00000024256	0	0	0	0	0	0
ENSMUSG00000024266	0	0	0	0	0	0
ENSMUSG00000024306	0	0	0	0	0	0
ENSMUSG00000024313	0	0	0	0	0	0
ENSMUSG00000024334	0	0	0	0	0	0
ENSMUSG00000024340	0	0	0	0	0	0
ENSMUSG00000024353	0	0	0	0	0	0
ENSMUSG00000024366	0	2	0	0	0	0
ENSMUSG00000024397	0	0	0	0	0	0
ENSMUSG00000024399	0	0	0	0	0	0
ENSMUSG00000024406	27	0	11	1	0	5
ENSMUSG00000024411	0	0	0	0	0	0
ENSMUSG00000024448	0	0	0	0	0	0
ENSMUSG00000024481	4	0	4	0	4	12
ENSMUSG00000024485	0	0	0	0	0	0
ENSMUSG00000024497	0	0	0	0	0	0
ENSMUSG00000024500	1	0	1	8	21	0
ENSMUSG00000024503	0	0	0	0	0	0
ENSMUSG00000024510	0	0	0	0	0	0
ENSMUSG00000024512	3	13	0	27	9	184
ENSMUSG00000024517	0	0	0	0	0	0
ENSMUSG00000024519	0	0	0	0	0	0
ENSMUSG00000024526	0	0	0	0	0	0
ENSMUSG00000024530	12	4	10	1	2	29
ENSMUSG00000024533	2061	3197	2148	2922	2350	3235
ENSMUSG00000024546	0	0	0	0	0	0
ENSMUSG00000024553	0	0	0	0	0	0
ENSMUSG00000024561	1836	1884	1787	2113	1847	2009
ENSMUSG00000024578	0	0	0	0	0	2
ENSMUSG00000024598	546	630	483	613	830	407
ENSMUSG00000024619	0	0	0	0	0	0
ENSMUSG00000024650	0	0	0	0	0	0
ENSMUSG00000024653	0	0	2	0	0	0
ENSMUSG00000024669	0	0	0	0	0	0
ENSMUSG00000024675	0	0	0	0	0	0
ENSMUSG00000024677	1	0	0	0	0	0
ENSMUSG00000024681	0	0	0	0	0	0
ENSMUSG00000024682	0	0	0	0	0	0
ENSMUSG00000024694	0	0	0	0	0	0
ENSMUSG00000024728	0	0	0	0	0	0
ENSMUSG00000024729	0	0	0	0	0	0
ENSMUSG00000024730	0	0	0	0	0	0
ENSMUSG00000024731	0	0	0	0	0	0
ENSMUSG00000024734	0	0	0	0	0	0
ENSMUSG00000024738	0	0	0	0	0	0
ENSMUSG00000024743	15	2	2	24	21	87
ENSMUSG00000024747	38	23	6	52	13	0
ENSMUSG00000024749	0	0	0	0	0	0
ENSMUSG00000024757	0	0	0	0	0	0
ENSMUSG00000024761	0	0	0	0	0	1
ENSMUSG00000024768	0	0	0	0	0	0
ENSMUSG00000024786	0	0	0	0	0	0
ENSMUSG00000024793	11	22	10	1	0	3
ENSMUSG00000024798	0	0	6	7	5	0
ENSMUSG00000024806	1	0	0	0	0	0
ENSMUSG00000024815	0	0	0	0	0	0
ENSMUSG00000024837	0	0	0	0	0	0
ENSMUSG00000024857	0	0	0	0	0	0
ENSMUSG00000024867	12	9	14	58	36	134
ENSMUSG00000024868	0	0	0	0	0	0
ENSMUSG00000024870	8971	8869	5876	9653	8401	7490
ENSMUSG00000024887	977	646	987	426	580	682
ENSMUSG00000024892	1539	1091	776	2086	1618	2204
ENSMUSG00000024903	0	0	0	0	0	0
ENSMUSG00000024907	0	0	0	0	1	0
ENSMUSG00000024922	0	0	0	0	0	0
ENSMUSG00000024973	0	0	0	0	0	0
ENSMUSG00000024979	0	0	0	0	0	0
ENSMUSG00000024986	2	0	0	0	0	0
ENSMUSG00000024992	0	0	2	0	0	0
ENSMUSG00000025003	0	0	0	0	0	0
ENSMUSG00000025004	0	0	0	0	0	0
ENSMUSG00000025013	0	0	0	0	0	0
ENSMUSG00000025014	0	1	0	0	0	0
ENSMUSG00000025017	12	15	8	0	12	5
ENSMUSG00000025037	4272	3707	2829	4258	3525	5727
ENSMUSG00000025038	0	0	2	12	0	0
ENSMUSG00000025043	0	0	0	0	0	0
ENSMUSG00000025047	4842	4939	3617	5163	4718	5896
ENSMUSG00000025051	0	0	0	0	0	0
ENSMUSG00000025056	0	0	0	0	0	0
ENSMUSG00000025082	0	0	0	0	0	0
ENSMUSG00000025090	0	0	0	0	0	0
ENSMUSG00000025092	431	341	408	474	400	396
ENSMUSG00000025094	0	0	0	0	0	0
ENSMUSG00000025105	12	0	2	5	0	0
ENSMUSG00000025129	0	0	0	12	12	2
ENSMUSG00000025135	1411	1510	1066	1670	1388	1513
ENSMUSG00000025163	0	0	0	0	0	0
ENSMUSG00000025175	0	4	9	37	26	8
ENSMUSG00000025201	0	0	0	0	0	0
ENSMUSG00000025203	44358	47547	37610	38881	38974	20401
ENSMUSG00000025215	0	0	0	0	0	0
ENSMUSG00000025216	0	0	0	0	12	13
ENSMUSG00000025219	0	0	0	0	0	0
ENSMUSG00000025270	0	0	0	0	0	0
ENSMUSG00000025288	0	0	0	0	0	0
ENSMUSG00000025317	1	0	0	0	0	1
ENSMUSG00000025329	0	0	0	4	2	0
ENSMUSG00000025333	0	0	0	0	0	0
ENSMUSG00000025362	18378	17564	13443	16435	16818	18030
ENSMUSG00000025364	10256	10466	6714	14000	10862	17156
ENSMUSG00000025380	0	9	5	0	1	0
ENSMUSG00000025389	0	0	0	0	0	0
ENSMUSG00000025395	896	872	678	1286	968	2059
ENSMUSG00000025396	0	0	0	0	0	0
ENSMUSG00000025400	0	0	0	0	0	0
ENSMUSG00000025403	6041	6586	4543	8343	7976	8173
ENSMUSG00000025405	0	0	0	0	0	0
ENSMUSG00000025407	27	13	18	14	6	9
ENSMUSG00000025418	0	0	0	0	0	0
ENSMUSG00000025425	0	0	0	0	0	2
ENSMUSG00000025431	0	0	0	0	0	0
ENSMUSG00000025433	0	0	0	0	0	0
ENSMUSG00000025450	0	0	0	0	0	0
ENSMUSG00000025461	0	0	0	0	0	0
ENSMUSG00000025467	0	0	0	0	0	0
ENSMUSG00000025469	0	0	2	0	0	0
ENSMUSG00000025482	0	0	0	0	0	0
ENSMUSG00000025488	0	0	0	21	8	8
ENSMUSG00000025497	0	0	0	0	0	0
ENSMUSG00000025509	414	372	266	406	334	653
ENSMUSG00000025519	0	0	0	0	0	0
ENSMUSG00000025527	0	0	0	0	0	0
ENSMUSG00000025528	0	0	0	0	0	0
ENSMUSG00000025529	0	0	2	0	0	0
ENSMUSG00000025551	0	0	0	0	0	0
ENSMUSG00000025573	0	0	0	0	0	0
ENSMUSG00000025574	2833	2697	1645	3707	2952	4311
ENSMUSG00000025576	0	0	0	0	0	0
ENSMUSG00000025579	9824	9746	7633	7196	8750	7299
ENSMUSG00000025582	59	45	20	132	49	1095
ENSMUSG00000025584	2485	2537	2524	2373	2156	1492
ENSMUSG00000025588	0	0	0	0	0	0
ENSMUSG00000025608	10	20	8	3	32	84
ENSMUSG00000025609	2691	2075	3014	2191	2267	3203
ENSMUSG00000025630	3998	3657	3467	3763	3492	4965
ENSMUSG00000025644	0	0	0	0	2	0
ENSMUSG00000025648	952	850	644	933	921	857
ENSMUSG00000025651	9575	9081	5795	11762	9450	9057
ENSMUSG00000025652	0	0	0	0	0	0
ENSMUSG00000025658	2	0	1	4	2	35
ENSMUSG00000025701	0	2	6	37	19	23
ENSMUSG00000025716	0	0	0	0	0	0
ENSMUSG00000025754	0	0	0	0	2	0
ENSMUSG00000025774	0	0	0	0	0	0
ENSMUSG00000025776	25	8	2	19	10	60
ENSMUSG00000025787	0	0	0	0	0	0
ENSMUSG00000025808	0	0	0	0	0	0
ENSMUSG00000025816	1405	1270	1295	1502	1324	1630
ENSMUSG00000025838	0	0	0	0	0	0
ENSMUSG00000025839	0	0	0	0	0	1
ENSMUSG00000025889	6	4	6	10	0	30
ENSMUSG00000025899	653	277	702	236	304	995
ENSMUSG00000025900	0	0	0	0	0	0
ENSMUSG00000025905	0	0	0	0	0	0
ENSMUSG00000025909	13	10	0	0	0	0
ENSMUSG00000025911	13	13	37	0	15	8
ENSMUSG00000025925	319	191	310	326	232	483
ENSMUSG00000025927	0	0	0	0	0	0
ENSMUSG00000025929	0	0	0	0	0	0
ENSMUSG00000025932	18	6	4	0	13	6
ENSMUSG00000025934	71	6	17	111	65	334
ENSMUSG00000025936	0	0	0	0	0	0
ENSMUSG00000025945	0	0	0	0	0	0
ENSMUSG00000025952	0	0	0	0	0	0
ENSMUSG00000025961	0	0	0	2	0	0
ENSMUSG00000025991	0	0	0	0	0	0
ENSMUSG00000026011	0	0	0	0	0	0
ENSMUSG00000026028	3430	3299	2732	2732	2960	3493
ENSMUSG00000026051	50	35	34	2	24	0
ENSMUSG00000026062	0	4	6	0	12	28
ENSMUSG00000026063	0	0	0	0	0	0
ENSMUSG00000026070	0	0	0	0	0	0
ENSMUSG00000026085	0	0	0	0	0	0
ENSMUSG00000026090	2	0	2	6	5	39
ENSMUSG00000026117	0	0	0	0	0	0
ENSMUSG00000026124	0	0	0	0	0	0
ENSMUSG00000026125	0	0	0	0	0	0
ENSMUSG00000026141	9	8	0	17	30	33
ENSMUSG00000026147	0	0	0	0	0	0
ENSMUSG00000026149	0	0	0	0	0	0
ENSMUSG00000026153	1096	573	1426	651	637	1345
ENSMUSG00000026156	0	2	0	0	0	0
ENSMUSG00000026163	28	47	84	19	38	0
ENSMUSG00000026166	8	24	34	21	45	0
ENSMUSG00000026175	0	0	0	0	0	0
ENSMUSG00000026176	3372	3527	2567	3431	3189	3314
ENSMUSG00000026177	52	22	8	49	67	199
ENSMUSG00000026182	0	0	0	0	0	0
ENSMUSG00000026185	28	22	61	332	235	864
ENSMUSG00000026187	1256	1253	1055	1232	960	1586
ENSMUSG00000026188	14	35	17	13	13	0
ENSMUSG00000026208	59	201	212	2814	3139	1254
ENSMUSG00000026224	0	0	2	0	0	0
ENSMUSG00000026226	0	0	0	0	0	0
ENSMUSG00000026228	2	21	33	23	21	119
ENSMUSG00000026237	0	0	0	0	0	1
ENSMUSG00000026238	39326	44368	30040	59629	43255	63090
ENSMUSG00000026241	0	0	0	0	2	0
ENSMUSG00000026246	0	0	0	0	0	0
ENSMUSG00000026251	0	0	5	107	114	76
ENSMUSG00000026253	0	2	11	154	208	108
ENSMUSG00000026258	0	0	0	0	0	0
ENSMUSG00000026272	15	9	12	43	14	0
ENSMUSG00000026285	0	0	0	0	0	0
ENSMUSG00000026295	0	0	0	0	0	0
ENSMUSG00000026308	1	6	13	71	86	77
ENSMUSG00000026312	0	0	0	0	0	0
ENSMUSG00000026322	0	0	0	0	0	0
ENSMUSG00000026327	0	0	0	0	0	0
ENSMUSG00000026331	0	0	0	0	0	0
ENSMUSG00000026336	0	0	0	0	0	0
ENSMUSG00000026354	8	9	6	12	0	24
ENSMUSG00000026357	0	0	0	0	0	0
ENSMUSG00000026368	0	0	0	0	0	0
ENSMUSG00000026380	23	1	3	0	4	11
ENSMUSG00000026387	2	0	2	4	2	0
ENSMUSG00000026390	27	49	11	0	9	4
ENSMUSG00000026394	0	0	0	0	0	0
ENSMUSG00000026398	0	0	0	0	0	0
ENSMUSG00000026405	0	0	2	0	0	0
ENSMUSG00000026407	0	28	26	175	277	132
ENSMUSG00000026414	29	83	51	666	774	811
ENSMUSG00000026416	0	0	0	0	0	0
ENSMUSG00000026417	0	0	0	0	0	0
ENSMUSG00000026418	10	95	143	1567	2162	814
ENSMUSG00000026420	0	0	0	0	0	0
ENSMUSG00000026424	0	0	0	0	2	0
ENSMUSG00000026432	0	0	0	0	0	0
ENSMUSG00000026434	11354	9575	11327	12173	9891	16186
ENSMUSG00000026443	2	0	8	33	18	31
ENSMUSG00000026450	0	0	0	0	2	0
ENSMUSG00000026452	0	1	0	0	0	0
ENSMUSG00000026458	4	8	23	99	93	58
ENSMUSG00000026459	4	91	110	2231	2212	1829
ENSMUSG00000026497	0	0	0	0	0	0
ENSMUSG00000026523	0	0	0	0	0	0
ENSMUSG00000026531	0	0	0	0	0	0
ENSMUSG00000026535	730	315	0	0	0	0
ENSMUSG00000026542	0	0	0	0	0	0
ENSMUSG00000026560	0	0	0	0	0	0
ENSMUSG00000026564	5	5	11	128	133	87
ENSMUSG00000026567	12	0	8	0	4	0
ENSMUSG00000026572	0	0	0	0	0	0
ENSMUSG00000026573	0	0	0	0	0	0
ENSMUSG00000026581	1	0	0	0	0	0
ENSMUSG00000026587	0	0	0	0	2	0
ENSMUSG00000026601	18	10	4	0	11	7
ENSMUSG00000026602	0	0	0	0	0	0
ENSMUSG00000026605	1748	407	1933	656	805	3267
ENSMUSG00000026611	11	0	4	9	2	0
ENSMUSG00000026614	0	0	0	0	0	0
ENSMUSG00000026621	489	232	356	34	42	10
ENSMUSG00000026639	38	19	40	74	37	520
ENSMUSG00000026644	0	0	0	0	0	0
ENSMUSG00000026645	0	0	0	0	0	0
ENSMUSG00000026668	2	0	0	0	0	0
ENSMUSG00000026679	11	6	7	14	1	20
ENSMUSG00000026691	2	0	0	0	0	0
ENSMUSG00000026697	0	0	1	0	0	0
ENSMUSG00000026700	0	1	0	0	0	1
ENSMUSG00000026725	49	296	325	10	23	3
ENSMUSG00000026729	0	0	2	0	0	0
ENSMUSG00000026734	2	0	0	0	0	0
ENSMUSG00000026735	0	0	0	0	0	0
ENSMUSG00000026751	0	11	0	0	0	0
ENSMUSG00000026765	10	4	2	0	0	13
ENSMUSG00000026779	944	557	907	645	590	1777
ENSMUSG00000026787	0	0	0	0	1	0
ENSMUSG00000026805	0	0	0	0	0	0
ENSMUSG00000026806	1061	1121	788	1245	1091	1486
ENSMUSG00000026815	0	0	0	0	0	0
ENSMUSG00000026818	0	0	0	0	0	0
ENSMUSG00000026822	5	0	40	7	21	16
ENSMUSG00000026824	0	2	19	6	0	0
ENSMUSG00000026830	0	0	0	0	0	0
ENSMUSG00000026832	0	0	0	0	0	0
ENSMUSG00000026834	0	0	2	0	0	0
ENSMUSG00000026835	0	0	0	0	0	0
ENSMUSG00000026860	2324	2021	1297	2287	1826	2143
ENSMUSG00000026866	0	0	0	0	0	0
ENSMUSG00000026874	4	0	14	5	19	24
ENSMUSG00000026875	44	50	6	25	15	378
ENSMUSG00000026882	0	0	0	0	0	0
ENSMUSG00000026894	5	0	10	2	0	0
ENSMUSG00000026904	2	0	0	0	0	0
ENSMUSG00000026919	0	0	0	0	0	0
ENSMUSG00000026931	0	0	0	0	0	0
ENSMUSG00000026934	0	0	0	0	0	0
ENSMUSG00000026936	0	0	0	0	0	0
ENSMUSG00000026937	0	0	0	0	0	0
ENSMUSG00000026938	10	2	8	9	0	15
ENSMUSG00000026940	0	0	0	0	0	0
ENSMUSG00000026943	0	0	0	0	0	0
ENSMUSG00000026961	0	0	0	0	0	0
ENSMUSG00000026963	0	0	0	0	0	0
ENSMUSG00000026969	0	4	0	6	0	7
ENSMUSG00000026971	6	10	14	55	102	79
ENSMUSG00000026981	731	742	1223	413	1029	50
ENSMUSG00000026983	0	0	0	0	0	0
ENSMUSG00000026984	0	0	0	0	0	0
ENSMUSG00000026985	0	0	0	0	0	0
ENSMUSG00000026989	0	0	0	0	0	0
ENSMUSG00000026994	10	2	13	17	20	69
ENSMUSG00000027006	16334	12708	13536	13305	12125	16185
ENSMUSG00000027018	1941	1613	1261	2201	1754	3477
ENSMUSG00000027022	6	4	54	46	62	181
ENSMUSG00000027048	8	6	0	0	22	11
ENSMUSG00000027072	0	0	0	0	0	0
ENSMUSG00000027073	0	0	0	0	0	0
ENSMUSG00000027078	493	428	535	483	658	268
ENSMUSG00000027107	13	48	82	984	1176	1112
ENSMUSG00000027120	0	0	0	0	0	0
ENSMUSG00000027157	0	0	0	0	0	0
ENSMUSG00000027196	0	0	0	0	0	0
ENSMUSG00000027225	0	0	0	0	0	0
ENSMUSG00000027229	0	0	0	0	0	0
ENSMUSG00000027233	0	0	0	0	0	0
ENSMUSG00000027238	11	2	0	33	14	35
ENSMUSG00000027246	0	0	0	0	0	0
ENSMUSG00000027270	0	0	0	0	0	0
ENSMUSG00000027288	10419	9476	10162	9833	9050	11301
ENSMUSG00000027297	0	0	2	0	0	0
ENSMUSG00000027301	0	1	0	0	0	0
ENSMUSG00000027314	2	0	0	0	0	0
ENSMUSG00000027317	0	0	0	0	0	0
ENSMUSG00000027338	1	0	0	0	0	0
ENSMUSG00000027345	0	0	0	0	0	0
ENSMUSG00000027355	0	0	0	0	0	0
ENSMUSG00000027356	0	0	0	0	2	16
ENSMUSG00000027358	60	22	31	40	21	434
ENSMUSG00000027359	0	0	0	0	0	0
ENSMUSG00000027368	7	7	2	24	40	52
ENSMUSG00000027376	0	0	0	0	0	0
ENSMUSG00000027377	2	0	0	0	0	0
ENSMUSG00000027380	0	0	0	0	0	0
ENSMUSG00000027400	0	0	0	0	0	0
ENSMUSG00000027403	0	0	0	0	0	0
ENSMUSG00000027409	0	0	0	0	0	0
ENSMUSG00000027416	0	0	0	0	0	0
ENSMUSG00000027420	56	29	54	45	16	13
ENSMUSG00000027431	0	0	0	0	0	0
ENSMUSG00000027433	4375	4427	4133	5034	4113	6516
ENSMUSG00000027442	0	0	0	0	0	0
ENSMUSG00000027443	0	0	0	0	0	0
ENSMUSG00000027444	0	0	0	0	0	0
ENSMUSG00000027445	0	0	0	0	0	0
ENSMUSG00000027446	0	0	0	0	0	0
ENSMUSG00000027468	0	0	0	0	0	0
ENSMUSG00000027474	0	0	0	0	0	0
ENSMUSG00000027480	0	0	0	0	0	0
ENSMUSG00000027481	0	0	0	0	0	0
ENSMUSG00000027482	0	0	0	0	0	0
ENSMUSG00000027483	0	0	0	0	0	0
ENSMUSG00000027485	0	0	0	0	0	0
ENSMUSG00000027508	71	89	82	70	106	53
ENSMUSG00000027513	0	0	0	0	0	0
ENSMUSG00000027517	0	0	0	0	0	0
ENSMUSG00000027518	0	0	0	0	0	0
ENSMUSG00000027520	1	2	4	14	15	37
ENSMUSG00000027523	43519	44802	33889	41532	42153	36171
ENSMUSG00000027524	0	0	0	0	0	0
ENSMUSG00000027528	0	0	0	0	0	0
ENSMUSG00000027530	0	2	0	0	0	0
ENSMUSG00000027556	0	0	0	0	0	0
ENSMUSG00000027562	5	4	2	41	19	39
ENSMUSG00000027564	0	0	0	0	0	0
ENSMUSG00000027568	0	0	0	0	0	0
ENSMUSG00000027574	0	0	0	0	0	0
ENSMUSG00000027577	0	0	0	0	0	0
ENSMUSG00000027579	0	2	5	0	0	0
ENSMUSG00000027596	0	0	0	0	0	0
ENSMUSG00000027615	783	712	680	642	535	886
ENSMUSG00000027643	0	0	0	0	0	0
ENSMUSG00000027656	8889	13656	17946	8240	11438	341
ENSMUSG00000027660	4905	3632	5493	3554	3552	7584
ENSMUSG00000027670	6	1	11	4	3	2
ENSMUSG00000027674	0	0	0	0	6	6
ENSMUSG00000027703	0	0	0	0	0	0
ENSMUSG00000027715	4647	4063	3266	5491	4498	8555
ENSMUSG00000027718	0	0	0	0	0	2
ENSMUSG00000027719	0	0	2	0	0	0
ENSMUSG00000027737	2424	466	656	2297	1537	22419
ENSMUSG00000027748	0	0	0	0	0	0
ENSMUSG00000027752	1187	1222	766	1319	1206	2033
ENSMUSG00000027761	0	0	0	0	0	0
ENSMUSG00000027762	0	0	0	0	0	0
ENSMUSG00000027776	0	0	0	11	0	7
ENSMUSG00000027788	0	0	0	0	0	0
ENSMUSG00000027790	0	0	0	0	0	0
ENSMUSG00000027833	1345	1795	1269	1778	1619	885
ENSMUSG00000027840	10	20	4	6	0	0
ENSMUSG00000027843	158	34	43	75	67	1687
ENSMUSG00000027849	4	15	12	5	11	0
ENSMUSG00000027855	0	0	0	0	0	0
ENSMUSG00000027857	0	0	0	0	0	0
ENSMUSG00000027861	9	37	43	468	711	284
ENSMUSG00000027863	0	0	0	0	0	0
ENSMUSG00000027869	325	19	10	371	56	1743
ENSMUSG00000027871	9	0	0	18	6	15
ENSMUSG00000027876	0	0	0	0	0	0
ENSMUSG00000027880	0	0	0	0	0	0
ENSMUSG00000027887	0	0	0	4	10	4
ENSMUSG00000027902	0	0	0	0	0	0
ENSMUSG00000027908	0	0	0	0	0	0
ENSMUSG00000027919	70	19	12	53	50	541
ENSMUSG00000027923	0	0	0	0	0	0
ENSMUSG00000027925	0	0	0	0	0	0
ENSMUSG00000027927	0	0	0	0	0	0
ENSMUSG00000027931	8	2	7	7	9	10
ENSMUSG00000027938	57	9	24	27	22	5
ENSMUSG00000027965	0	0	0	0	0	0
ENSMUSG00000027967	0	0	0	0	0	0
ENSMUSG00000027973	0	0	0	0	0	0
ENSMUSG00000027996	63	118	293	104	256	13
ENSMUSG00000027999	510	567	536	628	564	602
ENSMUSG00000028001	0	0	0	0	0	0
ENSMUSG00000028003	0	0	2	0	0	0
ENSMUSG00000028008	0	0	0	0	0	0
ENSMUSG00000028011	0	0	0	0	0	0
ENSMUSG00000028016	733	779	684	841	706	941
ENSMUSG00000028020	100	161	91	84	54	50
ENSMUSG00000028023	0	4	3	34	16	9
ENSMUSG00000028036	559	295	867	347	359	91
ENSMUSG00000028037	85	25	41	2	5	4
ENSMUSG00000028044	3763	3252	1803	4095	3356	4071
ENSMUSG00000028069	406	376	381	521	373	700
ENSMUSG00000028071	0	0	0	0	0	0
ENSMUSG00000028072	0	2	0	0	0	0
ENSMUSG00000028109	0	0	0	0	0	0
ENSMUSG00000028115	10	5	5	0	4	0
ENSMUSG00000028116	0	2	10	69	95	21
ENSMUSG00000028137	0	0	0	0	0	0
ENSMUSG00000028139	27	3	7	9	14	0
ENSMUSG00000028141	10	0	0	0	5	0
ENSMUSG00000028148	0	0	0	2	0	0
ENSMUSG00000028150	0	0	3	3	2	28
ENSMUSG00000028174	0	0	0	0	0	0
ENSMUSG00000028185	0	0	0	0	0	0
ENSMUSG00000028222	0	0	0	0	0	0
ENSMUSG00000028236	0	0	0	0	0	0
ENSMUSG00000028240	0	0	0	0	0	0
ENSMUSG00000028244	0	0	0	0	0	0
ENSMUSG00000028255	0	0	1	0	0	0
ENSMUSG00000028277	8586	8630	7134	8806	7493	9209
ENSMUSG00000028298	0	0	0	0	0	0
ENSMUSG00000028307	0	0	0	0	0	0
ENSMUSG00000028314	0	0	0	0	0	0
ENSMUSG00000028327	0	0	1	2	7	0
ENSMUSG00000028332	0	0	0	0	0	0
ENSMUSG00000028356	0	0	0	0	0	0
ENSMUSG00000028357	0	0	0	0	0	0
ENSMUSG00000028359	0	0	0	0	0	0
ENSMUSG00000028360	0	0	7	0	0	6
ENSMUSG00000028370	2933	2984	3309	907	1567	219
ENSMUSG00000028386	0	0	0	0	0	0
ENSMUSG00000028398	1088	1245	850	1112	1085	917
ENSMUSG00000028415	0	0	0	0	0	0
ENSMUSG00000028417	0	2	0	0	3	12
ENSMUSG00000028426	13795	14581	10995	16620	13729	17532
ENSMUSG00000028460	0	0	0	0	0	0
ENSMUSG00000028479	2111	2113	1561	1919	1679	1397
ENSMUSG00000028488	2	0	0	0	0	0
ENSMUSG00000028492	0	0	0	0	0	0
ENSMUSG00000028495	24526	24935	17021	27040	22174	25200
ENSMUSG00000028520	0	0	0	0	0	0
ENSMUSG00000028523	0	0	0	0	0	1
ENSMUSG00000028528	12	0	24	12	4	7
ENSMUSG00000028533	0	0	0	0	0	0
ENSMUSG00000028536	0	0	0	0	0	0
ENSMUSG00000028544	0	0	0	0	0	0
ENSMUSG00000028553	0	0	0	0	0	0
ENSMUSG00000028571	0	0	0	0	0	0
ENSMUSG00000028589	0	0	0	0	0	0
ENSMUSG00000028593	0	0	0	0	0	0
ENSMUSG00000028610	0	0	0	0	0	0
ENSMUSG00000028612	0	0	0	0	0	0
ENSMUSG00000028631	0	10	11	156	146	149
ENSMUSG00000028635	2	0	0	0	0	0
ENSMUSG00000028640	0	0	0	0	2	0
ENSMUSG00000028644	4	0	0	13	12	8
ENSMUSG00000028651	1054	928	713	1252	979	1325
ENSMUSG00000028661	0	0	10	4	2	5
ENSMUSG00000028683	1712	1494	1044	1756	1484	2318
ENSMUSG00000028692	29181	27344	19092	28500	26272	22286
ENSMUSG00000028699	0	0	0	0	0	0
ENSMUSG00000028712	0	0	0	0	0	0
ENSMUSG00000028713	0	0	0	6	3	15
ENSMUSG00000028715	0	0	0	0	0	0
ENSMUSG00000028716	0	0	0	0	0	0
ENSMUSG00000028717	0	0	0	3	2	3
ENSMUSG00000028736	0	0	0	15	7	9
ENSMUSG00000028737	846	721	593	600	690	330
ENSMUSG00000028738	0	2	0	0	0	0
ENSMUSG00000028743	1423	1392	907	1314	1216	865
ENSMUSG00000028749	0	0	0	0	0	0
ENSMUSG00000028750	0	0	0	0	0	0
ENSMUSG00000028753	0	0	0	0	0	0
ENSMUSG00000028766	271	421	806	456	1265	54
ENSMUSG00000028778	0	0	0	0	0	0
ENSMUSG00000028801	0	0	0	0	0	0
ENSMUSG00000028804	0	0	0	0	0	0
ENSMUSG00000028813	0	0	0	0	0	0
ENSMUSG00000028821	1940	2024	1433	1914	1517	1804
ENSMUSG00000028825	13	22	15	12	13	0
ENSMUSG00000028834	0	9	4	64	53	19
ENSMUSG00000028836	0	1	0	0	0	0
ENSMUSG00000028860	47	67	5	2	20	12
ENSMUSG00000028871	4	4	7	1	0	37
ENSMUSG00000028873	1513	1435	840	1938	1455	2414
ENSMUSG00000028876	0	0	0	0	0	0
ENSMUSG00000028883	525	510	459	485	276	2926
ENSMUSG00000028938	0	0	0	0	0	0
ENSMUSG00000028940	0	0	0	0	0	0
ENSMUSG00000028946	0	0	0	0	0	0
ENSMUSG00000028963	0	0	0	0	0	0
ENSMUSG00000028972	0	35	28	14	29	0
ENSMUSG00000028982	271	331	203	330	287	498
ENSMUSG00000028989	76	332	746	164	106	211
ENSMUSG00000028996	0	0	0	0	0	0
ENSMUSG00000029005	151	174	582	122	81	15
ENSMUSG00000029014	1369	918	1430	1121	984	3170
ENSMUSG00000029015	0	0	0	0	0	0
ENSMUSG00000029026	0	0	0	0	0	0
ENSMUSG00000029032	0	0	0	2	10	5
ENSMUSG00000029044	0	0	0	0	0	0
ENSMUSG00000029054	7	1	21	2	0	0
ENSMUSG00000029074	0	0	0	0	0	0
ENSMUSG00000029088	0	0	0	0	0	1
ENSMUSG00000029095	4	0	0	9	6	0
ENSMUSG00000029111	1319	1340	962	1296	1238	1188
ENSMUSG00000029112	0	0	0	0	0	2
ENSMUSG00000029134	20	35	23	25	1	46
ENSMUSG00000029154	0	0	0	0	0	0
ENSMUSG00000029182	0	0	0	0	0	0
ENSMUSG00000029184	0	0	0	0	0	0
ENSMUSG00000029188	0	0	0	0	0	0
ENSMUSG00000029189	8	1	2	24	35	15
ENSMUSG00000029192	507	493	391	476	361	523
ENSMUSG00000029193	0	0	0	0	0	0
ENSMUSG00000029204	0	0	0	0	0	0
ENSMUSG00000029219	0	0	0	0	0	0
ENSMUSG00000029235	0	0	0	0	0	0
ENSMUSG00000029236	0	1	4	0	6	14
ENSMUSG00000029245	4	0	0	14	4	7
ENSMUSG00000029248	0	0	0	0	0	0
ENSMUSG00000029255	0	0	2	0	0	0
ENSMUSG00000029260	0	0	0	0	0	0
ENSMUSG00000029268	0	0	0	0	0	0
ENSMUSG00000029272	0	0	0	0	0	0
ENSMUSG00000029273	0	0	0	0	0	0
ENSMUSG00000029280	0	0	0	0	2	0
ENSMUSG00000029281	0	0	0	0	0	0
ENSMUSG00000029282	0	0	0	0	0	0
ENSMUSG00000029286	0	0	0	0	0	0
ENSMUSG00000029288	0	0	0	0	0	0
ENSMUSG00000029299	0	0	0	0	0	2
ENSMUSG00000029306	0	0	0	0	0	0
ENSMUSG00000029320	0	0	0	0	0	0
ENSMUSG00000029321	64	58	66	70	128	14
ENSMUSG00000029331	0	0	0	0	0	0
ENSMUSG00000029335	0	0	2	0	8	11
ENSMUSG00000029360	0	0	0	0	0	0
ENSMUSG00000029369	0	0	0	0	0	0
ENSMUSG00000029378	14	4	2	9	9	154
ENSMUSG00000029420	0	0	0	0	0	0
ENSMUSG00000029423	0	0	0	0	0	0
ENSMUSG00000029437	0	0	0	2	0	0
ENSMUSG00000029445	0	0	0	0	0	0
ENSMUSG00000029451	0	0	0	0	0	0
ENSMUSG00000029465	7048	6853	4859	6391	5862	6310
ENSMUSG00000029471	2425	2475	2843	2158	2253	2132
ENSMUSG00000029477	0	0	0	0	0	0
ENSMUSG00000029491	0	0	0	0	0	0
ENSMUSG00000029499	65	62	34	55	50	139
ENSMUSG00000029513	1229	1315	1157	1368	1303	1537
ENSMUSG00000029522	0	0	0	0	0	0
ENSMUSG00000029526	0	0	0	0	0	0
ENSMUSG00000029530	0	0	0	0	0	1
ENSMUSG00000029541	0	0	0	0	0	0
ENSMUSG00000029546	0	0	1	0	0	0
ENSMUSG00000029553	4	0	8	11	38	109
ENSMUSG00000029556	0	0	0	0	0	2
ENSMUSG00000029564	0	0	0	0	0	0
ENSMUSG00000029595	1	0	0	0	0	0
ENSMUSG00000029597	0	0	0	0	0	0
ENSMUSG00000029602	0	0	0	0	0	0
ENSMUSG00000029605	16	2	27	20	4	3
ENSMUSG00000029608	5	2	6	1	10	11
ENSMUSG00000029614	42056	42730	28986	44599	39723	41630
ENSMUSG00000029618	0	0	0	0	0	0
ENSMUSG00000029620	0	0	0	0	0	0
ENSMUSG00000029630	0	0	0	0	0	0
ENSMUSG00000029641	1450	2238	1881	1847	3653	157
ENSMUSG00000029644	0	0	0	0	0	0
ENSMUSG00000029646	0	0	0	0	0	0
ENSMUSG00000029648	36	197	70	6	47	31
ENSMUSG00000029656	0	0	0	0	0	0
ENSMUSG00000029658	11	0	0	3	2	0
ENSMUSG00000029663	0	0	0	0	0	0
ENSMUSG00000029671	4	26	50	11	25	0
ENSMUSG00000029678	0	0	0	0	0	0
ENSMUSG00000029679	0	0	0	0	0	0
ENSMUSG00000029680	0	0	0	0	0	0
ENSMUSG00000029682	0	0	0	0	0	0
ENSMUSG00000029683	0	0	2	64	48	28
ENSMUSG00000029697	0	0	0	0	0	0
ENSMUSG00000029705	6773	6545	5835	4942	5589	5443
ENSMUSG00000029706	0	0	0	0	0	0
ENSMUSG00000029711	0	0	0	0	0	0
ENSMUSG00000029712	0	0	0	0	0	0
ENSMUSG00000029716	20	15	29	22	11	2
ENSMUSG00000029727	5	0	0	3	0	18
ENSMUSG00000029736	1	0	0	0	0	0
ENSMUSG00000029754	0	2	0	0	0	0
ENSMUSG00000029766	0	0	0	0	0	0
ENSMUSG00000029787	1438	1022	1738	884	1007	2114
ENSMUSG00000029811	0	0	0	0	0	0
ENSMUSG00000029813	0	0	0	0	0	1
ENSMUSG00000029819	0	8	7	19	14	59
ENSMUSG00000029829	0	0	0	0	0	0
ENSMUSG00000029830	0	0	0	0	0	0
ENSMUSG00000029831	0	0	0	0	0	0
ENSMUSG00000029837	0	0	0	0	0	0
ENSMUSG00000029848	0	0	0	0	0	0
ENSMUSG00000029862	1	1	0	11	11	9
ENSMUSG00000029865	0	0	0	0	0	0
ENSMUSG00000029866	0	0	0	0	0	0
ENSMUSG00000029867	0	0	0	0	0	0
ENSMUSG00000029868	0	0	0	0	0	0
ENSMUSG00000029878	0	0	1	0	0	0
ENSMUSG00000029882	0	0	0	0	0	0
ENSMUSG00000029883	0	0	0	0	0	0
ENSMUSG00000029885	0	0	0	0	0	0
ENSMUSG00000029909	0	0	0	0	0	0
ENSMUSG00000029915	0	0	2	0	0	0
ENSMUSG00000029917	0	0	0	0	0	0
ENSMUSG00000029919	0	0	0	0	2	0
ENSMUSG00000029923	2	0	7	12	8	0
ENSMUSG00000029925	0	1	3	8	15	10
ENSMUSG00000029998	6052	6344	5612	5025	5466	5651
ENSMUSG00000030001	0	0	0	0	0	0
ENSMUSG00000030004	10	6	19	0	7	0
ENSMUSG00000030017	0	0	0	0	0	0
ENSMUSG00000030043	0	0	0	0	0	0
ENSMUSG00000030046	0	0	0	0	0	0
ENSMUSG00000030048	0	0	0	0	0	0
ENSMUSG00000030049	0	0	0	0	0	0
ENSMUSG00000030050	0	0	0	0	0	0
ENSMUSG00000030054	0	0	0	0	0	0
ENSMUSG00000030069	0	0	0	0	0	0
ENSMUSG00000030077	27	7	61	12	11	0
ENSMUSG00000030092	0	0	0	0	0	0
ENSMUSG00000030093	6	0	0	0	0	33
ENSMUSG00000030098	0	8	0	11	16	4
ENSMUSG00000030108	0	0	2	0	0	0
ENSMUSG00000030111	0	0	4	6	22	0
ENSMUSG00000030114	0	4	0	0	2	12
ENSMUSG00000030131	0	0	0	0	0	0
ENSMUSG00000030143	0	0	0	0	0	0
ENSMUSG00000030144	0	22	9	6	5	30
ENSMUSG00000030147	0	0	0	0	0	0
ENSMUSG00000030148	2	0	0	0	0	0
ENSMUSG00000030149	0	0	0	0	0	0
ENSMUSG00000030154	0	0	0	0	0	0
ENSMUSG00000030155	0	0	0	0	0	1
ENSMUSG00000030156	0	0	0	0	0	0
ENSMUSG00000030158	0	0	0	0	0	0
ENSMUSG00000030159	0	0	0	0	0	0
ENSMUSG00000030165	0	0	0	0	0	0
ENSMUSG00000030167	0	0	0	0	0	0
ENSMUSG00000030173	0	0	0	0	0	0
ENSMUSG00000030178	0	0	0	0	0	0
ENSMUSG00000030194	0	0	0	0	0	0
ENSMUSG00000030196	0	0	0	0	0	0
ENSMUSG00000030205	0	0	0	0	0	0
ENSMUSG00000030220	4088	3620	2290	4825	2893	7103
ENSMUSG00000030223	0	0	0	0	0	0
ENSMUSG00000030226	0	0	0	0	0	0
ENSMUSG00000030228	0	0	0	0	0	0
ENSMUSG00000030230	0	0	0	0	0	0
ENSMUSG00000030236	0	0	0	0	0	0
ENSMUSG00000030237	0	0	0	0	0	0
ENSMUSG00000030247	0	0	5	1	4	16
ENSMUSG00000030249	6	4	3	31	90	23
ENSMUSG00000030278	2	3	23	0	0	0
ENSMUSG00000030283	0	0	0	0	0	0
ENSMUSG00000030287	1869	1305	1913	1280	1478	1349
ENSMUSG00000030292	0	0	0	0	0	0
ENSMUSG00000030302	0	0	0	0	0	0
ENSMUSG00000030307	0	0	0	0	0	0
ENSMUSG00000030309	183	172	248	223	148	253
ENSMUSG00000030310	0	1	0	0	0	0
ENSMUSG00000030321	2	0	0	0	0	0
ENSMUSG00000030325	0	0	0	0	0	0
ENSMUSG00000030359	0	0	0	0	0	0
ENSMUSG00000030363	0	0	0	0	0	0
ENSMUSG00000030365	0	0	0	0	0	0
ENSMUSG00000030366	0	0	0	0	0	0
ENSMUSG00000030368	0	0	0	0	0	0
ENSMUSG00000030373	0	0	0	0	0	0
ENSMUSG00000030376	0	0	2	0	0	0
ENSMUSG00000030399	0	2	21	251	198	90
ENSMUSG00000030402	0	0	0	0	0	0
ENSMUSG00000030406	0	0	2	0	0	0
ENSMUSG00000030411	21	15	20	13	5	0
ENSMUSG00000030427	2	0	0	0	0	0
ENSMUSG00000030433	0	2	10	16	6	0
ENSMUSG00000030463	0	0	0	0	0	0
ENSMUSG00000030468	737	980	816	726	1043	347
ENSMUSG00000030470	0	6	4	67	129	45
ENSMUSG00000030471	1040	941	849	1000	951	1520
ENSMUSG00000030472	0	0	0	0	0	0
ENSMUSG00000030474	0	0	0	0	0	0
ENSMUSG00000030484	0	0	0	0	0	0
ENSMUSG00000030491	6	0	0	8	0	0
ENSMUSG00000030495	0	0	0	0	0	0
ENSMUSG00000030500	0	0	0	0	0	0
ENSMUSG00000030507	0	0	0	0	0	0
ENSMUSG00000030543	0	0	0	0	2	0
ENSMUSG00000030546	45	1	51	14	9	1
ENSMUSG00000030559	111	106	77	87	74	81
ENSMUSG00000030560	246	195	95	186	171	443
ENSMUSG00000030577	0	0	0	0	0	0
ENSMUSG00000030592	11	48	56	288	319	232
ENSMUSG00000030607	0	5	0	36	4	83
ENSMUSG00000030609	8061	6690	4878	5379	5605	5985
ENSMUSG00000030623	0	0	0	0	0	2
ENSMUSG00000030636	0	0	0	0	0	0
ENSMUSG00000030651	0	0	0	0	0	0
ENSMUSG00000030666	0	0	0	0	0	0
ENSMUSG00000030669	4	0	0	11	2	0
ENSMUSG00000030672	49	155	172	2588	2931	1104
ENSMUSG00000030674	0	0	1	3	1	0
ENSMUSG00000030711	0	0	0	0	0	0
ENSMUSG00000030724	0	2	0	0	0	0
ENSMUSG00000030730	2	20	30	532	562	282
ENSMUSG00000030732	0	0	0	0	0	0
ENSMUSG00000030739	0	0	0	0	0	0
ENSMUSG00000030761	195	224	1372	1691	2078	927
ENSMUSG00000030762	0	0	0	11	0	5
ENSMUSG00000030769	0	0	0	0	0	0
ENSMUSG00000030775	2	0	0	0	0	0
ENSMUSG00000030781	0	0	2	0	0	0
ENSMUSG00000030785	1	0	0	11	32	3
ENSMUSG00000030789	0	5	11	0	7	0
ENSMUSG00000030792	2	0	0	0	0	0
ENSMUSG00000030800	0	0	0	2	0	0
ENSMUSG00000030806	3	0	6	12	2	0
ENSMUSG00000030827	4	10	0	7	18	9
ENSMUSG00000030830	6	0	9	5	6	0
ENSMUSG00000030834	0	0	0	0	0	0
ENSMUSG00000030851	0	0	0	0	0	0
ENSMUSG00000030858	0	0	0	2	0	0
ENSMUSG00000030859	0	0	0	0	0	0
ENSMUSG00000030862	8	36	65	9	3	1
ENSMUSG00000030865	0	0	0	0	0	0
ENSMUSG00000030866	0	0	0	0	0	0
ENSMUSG00000030868	3265	3113	2407	2982	2636	2627
ENSMUSG00000030873	0	0	0	0	0	0
ENSMUSG00000030897	0	0	0	0	0	0
ENSMUSG00000030898	0	0	0	0	0	0
ENSMUSG00000030905	1	0	2	8	4	15
ENSMUSG00000030909	0	0	0	0	0	0
ENSMUSG00000030911	0	0	0	0	0	0
ENSMUSG00000030935	0	0	0	0	0	0
ENSMUSG00000030945	0	0	0	0	0	0
ENSMUSG00000030954	0	0	0	0	0	0
ENSMUSG00000030963	0	0	0	0	0	0
ENSMUSG00000030968	0	0	0	0	0	0
ENSMUSG00000030972	0	0	0	0	0	0
ENSMUSG00000030976	0	0	0	0	0	0
ENSMUSG00000030981	0	0	0	0	0	0
ENSMUSG00000030996	0	7	4	10	35	6
ENSMUSG00000031024	4813	7060	5992	5167	7110	1728
ENSMUSG00000031028	0	0	0	6	0	12
ENSMUSG00000031073	0	0	0	0	0	0
ENSMUSG00000031074	2	0	0	0	0	0
ENSMUSG00000031075	65	42	35	58	38	1408
ENSMUSG00000031085	0	0	0	0	0	0
ENSMUSG00000031089	0	0	0	0	0	0
ENSMUSG00000031097	8	12	7	188	220	89
ENSMUSG00000031098	6	19	29	22	29	7
ENSMUSG00000031099	143	75	211	74	90	58
ENSMUSG00000031101	0	0	0	0	0	0
ENSMUSG00000031118	0	0	0	0	0	0
ENSMUSG00000031130	0	0	0	0	0	0
ENSMUSG00000031131	0	0	0	0	0	0
ENSMUSG00000031132	0	0	0	0	0	0
ENSMUSG00000031134	2129	2173	1819	2820	2185	3341
ENSMUSG00000031137	2	6	0	6	22	36
ENSMUSG00000031138	0	0	0	0	0	0
ENSMUSG00000031142	0	0	0	0	0	0
ENSMUSG00000031153	986	863	914	840	933	862
ENSMUSG00000031160	0	0	0	0	0	0
ENSMUSG00000031162	0	0	0	0	0	0
ENSMUSG00000031163	0	0	0	0	0	0
ENSMUSG00000031173	0	0	0	0	0	0
ENSMUSG00000031181	0	0	0	0	0	0
ENSMUSG00000031182	0	0	0	0	0	0
ENSMUSG00000031194	0	0	0	0	0	0
ENSMUSG00000031201	640	370	680	491	434	1044
ENSMUSG00000031204	0	0	0	0	0	0
ENSMUSG00000031212	0	0	0	0	0	0
ENSMUSG00000031230	0	0	0	0	0	0
ENSMUSG00000031233	0	0	0	0	0	0
ENSMUSG00000031241	0	0	0	0	0	0
ENSMUSG00000031255	317	382	406	423	365	223
ENSMUSG00000031258	20	18	12	13	9	0
ENSMUSG00000031270	0	0	0	0	0	0
ENSMUSG00000031271	0	0	0	0	0	0
ENSMUSG00000031285	2	0	7	4	11	0
ENSMUSG00000031289	5	0	16	5	10	12
ENSMUSG00000031293	0	0	0	0	0	0
ENSMUSG00000031325	0	0	0	0	0	0
ENSMUSG00000031326	0	0	0	0	0	0
ENSMUSG00000031329	2	0	0	0	0	0
ENSMUSG00000031330	0	0	0	0	0	0
ENSMUSG00000031351	3	25	4	8	28	0
ENSMUSG00000031354	0	0	0	0	0	0
ENSMUSG00000031364	4	2	10	8	16	0
ENSMUSG00000031372	0	0	0	0	1	1
ENSMUSG00000031384	0	0	0	0	0	0
ENSMUSG00000031385	0	0	6	18	1	4
ENSMUSG00000031390	0	0	0	0	0	0
ENSMUSG00000031392	3359	3098	2547	3099	2861	3746
ENSMUSG00000031397	0	0	2	0	0	13
ENSMUSG00000031411	0	0	0	0	0	0
ENSMUSG00000031424	0	0	0	0	0	0
ENSMUSG00000031430	0	0	0	0	0	0
ENSMUSG00000031444	0	0	0	0	0	0
ENSMUSG00000031445	0	0	0	0	0	0
ENSMUSG00000031448	0	3	4	7	49	4
ENSMUSG00000031449	0	0	0	0	0	0
ENSMUSG00000031452	0	0	7	0	2	17
ENSMUSG00000031461	8	15	48	266	466	204
ENSMUSG00000031471	0	0	0	0	0	0
ENSMUSG00000031482	881	847	671	932	894	760
ENSMUSG00000031489	24	11	29	1	14	0
ENSMUSG00000031491	0	0	0	0	0	0
ENSMUSG00000031492	0	0	0	0	0	0
ENSMUSG00000031494	0	0	0	0	0	0
ENSMUSG00000031495	0	0	0	0	0	0
ENSMUSG00000031506	13	21	9	0	8	16
ENSMUSG00000031509	0	0	0	2	0	0
ENSMUSG00000031510	0	0	0	0	0	0
ENSMUSG00000031513	2397	2393	1790	2153	2151	2659
ENSMUSG00000031517	0	0	0	0	0	0
ENSMUSG00000031535	0	0	0	0	0	0
ENSMUSG00000031536	865	881	794	792	681	788
ENSMUSG00000031548	4101	7717	11968	2175	6672	229
ENSMUSG00000031549	9	1	7	0	5	2
ENSMUSG00000031553	4	0	6	7	6	7
ENSMUSG00000031559	0	0	0	0	0	12
ENSMUSG00000031576	17	6	9	0	10	9
ENSMUSG00000031577	603	613	565	756	580	729
ENSMUSG00000031594	2	19	2	0	8	5
ENSMUSG00000031603	0	0	0	0	0	0
ENSMUSG00000031604	6813	6292	5030	5298	4351	4016
ENSMUSG00000031610	0	0	0	0	0	0
ENSMUSG00000031613	96	62	95	137	147	3
ENSMUSG00000031620	0	0	0	0	0	0
ENSMUSG00000031621	0	0	0	0	0	0
ENSMUSG00000031626	103	57	52	69	66	37
ENSMUSG00000031635	0	0	0	0	0	2
ENSMUSG00000031636	6	17	53	431	402	245
ENSMUSG00000031640	0	0	0	0	0	0
ENSMUSG00000031645	0	0	2	0	0	0
ENSMUSG00000031651	0	0	0	0	0	0
ENSMUSG00000031688	0	0	0	0	0	0
ENSMUSG00000031697	1577	1496	903	1773	1783	2789
ENSMUSG00000031722	210	102	361	133	386	12
ENSMUSG00000031725	12	0	2	0	0	13
ENSMUSG00000031728	392	420	389	383	394	344
ENSMUSG00000031738	0	0	0	0	0	0
ENSMUSG00000031754	3517	3462	2866	3806	3404	4443
ENSMUSG00000031757	0	0	0	0	0	0
ENSMUSG00000031766	0	0	0	0	0	2
ENSMUSG00000031779	2	0	0	0	0	0
ENSMUSG00000031786	0	0	0	0	0	0
ENSMUSG00000031789	1	13	22	13	0	8
ENSMUSG00000031796	1324	1119	948	1252	1133	1178
ENSMUSG00000031802	13	2	75	10	4	20
ENSMUSG00000031803	324	303	19	124	220	210
ENSMUSG00000031809	0	0	0	0	0	0
ENSMUSG00000031831	0	0	1	0	0	0
ENSMUSG00000031835	9744	9077	7675	7822	8765	7264
ENSMUSG00000031837	2	0	0	14	2	8
ENSMUSG00000031842	0	2	3	1	2	2
ENSMUSG00000031844	0	0	0	0	0	0
ENSMUSG00000031848	1643	1502	933	1793	1489	1715
ENSMUSG00000031849	889	975	2014	195	478	63
ENSMUSG00000031853	0	5	8	0	10	4
ENSMUSG00000031860	33	19	11	25	11	9
ENSMUSG00000031876	0	0	0	0	0	0
ENSMUSG00000031881	0	0	0	0	0	0
ENSMUSG00000031883	0	20	7	6	6	2
ENSMUSG00000031884	0	0	0	0	0	0
ENSMUSG00000031893	0	0	1	0	0	0
ENSMUSG00000031898	0	0	0	0	0	0
ENSMUSG00000031910	2	0	0	0	1	31
ENSMUSG00000031927	12	0	7	21	0	297
ENSMUSG00000031932	0	0	0	0	0	0
ENSMUSG00000031933	0	0	0	0	0	0
ENSMUSG00000031936	2	4	31	2	11	0
ENSMUSG00000031952	2	6	5	0	10	0
ENSMUSG00000031957	0	0	0	4	7	18
ENSMUSG00000031962	6	5	18	107	87	99
ENSMUSG00000031965	0	0	0	0	0	0
ENSMUSG00000031966	0	0	0	0	0	0
ENSMUSG00000031969	1601	1562	1315	1543	1502	1179
ENSMUSG00000031991	0	0	0	0	0	0
ENSMUSG00000031994	1	6	2	10	2	108
ENSMUSG00000031995	19	12	11	14	8	24
ENSMUSG00000031996	7297	7344	6303	6281	7095	7024
ENSMUSG00000032017	0	6	8	0	8	11
ENSMUSG00000032023	0	0	0	0	0	0
ENSMUSG00000032028	0	0	0	0	0	0
ENSMUSG00000032033	0	0	0	0	2	0
ENSMUSG00000032034	0	0	0	0	0	0
ENSMUSG00000032046	3168	2831	2030	2931	2668	2932
ENSMUSG00000032048	0	0	0	0	0	0
ENSMUSG00000032053	0	0	2	0	0	0
ENSMUSG00000032065	0	0	0	0	0	0
ENSMUSG00000032076	14	11	7	56	27	331
ENSMUSG00000032079	0	0	0	0	0	0
ENSMUSG00000032080	0	0	0	0	0	0
ENSMUSG00000032081	0	0	0	0	0	0
ENSMUSG00000032087	2	0	0	0	0	0
ENSMUSG00000032089	0	0	0	0	0	0
ENSMUSG00000032091	0	0	0	0	0	0
ENSMUSG00000032092	13	8	2	1	0	16
ENSMUSG00000032093	0	0	0	0	0	0
ENSMUSG00000032094	0	0	0	0	0	0
ENSMUSG00000032098	0	0	0	0	0	0
ENSMUSG00000032099	0	0	0	0	0	0
ENSMUSG00000032101	11	23	6	21	25	15
ENSMUSG00000032105	0	2	0	0	0	0
ENSMUSG00000032108	0	0	0	0	0	0
ENSMUSG00000032110	0	0	0	0	0	0
ENSMUSG00000032123	1998	1897	1680	1912	1962	1849
ENSMUSG00000032125	0	0	0	2	0	0
ENSMUSG00000032181	0	1	0	0	0	0
ENSMUSG00000032204	2	0	0	0	0	0
ENSMUSG00000032226	0	0	0	0	1	0
ENSMUSG00000032243	991	1107	2417	318	765	82
ENSMUSG00000032264	1906	1612	1353	2047	1715	2385
ENSMUSG00000032269	0	0	0	0	0	0
ENSMUSG00000032274	0	0	0	0	0	0
ENSMUSG00000032278	0	0	0	0	0	0
ENSMUSG00000032292	0	0	0	0	0	0
ENSMUSG00000032303	0	0	0	0	0	0
ENSMUSG00000032310	0	0	0	0	0	0
ENSMUSG00000032313	0	0	0	0	0	0
ENSMUSG00000032315	0	0	2	24	8	618
ENSMUSG00000032318	2	7	0	7	0	0
ENSMUSG00000032323	0	0	0	0	0	0
ENSMUSG00000032327	0	0	0	0	0	0
ENSMUSG00000032343	0	0	0	0	0	0
ENSMUSG00000032346	1	6	4	0	6	19
ENSMUSG00000032357	0	0	0	0	0	0
ENSMUSG00000032358	0	0	0	0	0	0
ENSMUSG00000032368	0	2	0	4	11	0
ENSMUSG00000032376	1162	953	875	1139	911	1377
ENSMUSG00000032380	6	13	15	92	91	38
ENSMUSG00000032394	0	0	0	0	0	0
ENSMUSG00000032401	14	12	13	4	4	0
ENSMUSG00000032420	31	50	35	63	33	1413
ENSMUSG00000032422	1357	1312	1433	1232	1201	988
ENSMUSG00000032431	5576	5665	4612	4863	5132	3867
ENSMUSG00000032443	9	2	7	12	0	0
ENSMUSG00000032451	0	0	0	0	0	0
ENSMUSG00000032473	0	0	2	0	0	0
ENSMUSG00000032484	0	0	0	0	0	0
ENSMUSG00000032493	0	0	0	0	0	0
ENSMUSG00000032496	0	0	0	0	0	0
ENSMUSG00000032503	3	0	26	143	201	86
ENSMUSG00000032511	0	0	22	115	156	81
ENSMUSG00000032514	19	16	11	0	2	2
ENSMUSG00000032517	0	0	0	0	0	0
ENSMUSG00000032526	521	398	427	368	395	434
ENSMUSG00000032530	0	8	13	10	18	0
ENSMUSG00000032537	3	0	15	25	20	1
ENSMUSG00000032551	364	317	354	262	264	311
ENSMUSG00000032566	0	0	0	0	0	0
ENSMUSG00000032583	541	525	475	545	548	454
ENSMUSG00000032589	8	7	3	0	15	0
ENSMUSG00000032594	3746	3646	3140	3364	3246	3021
ENSMUSG00000032623	0	0	0	0	0	0
ENSMUSG00000032648	8	10	11	149	119	89
ENSMUSG00000032671	2	0	2	3	1	0
ENSMUSG00000032725	1	0	0	0	0	0
ENSMUSG00000032739	0	0	0	0	0	0
ENSMUSG00000032743	1523	1272	1425	1225	1233	1296
ENSMUSG00000032758	0	0	0	0	0	0
ENSMUSG00000032766	1436	1252	1137	1955	1489	2704
ENSMUSG00000032773	0	0	0	0	0	0
ENSMUSG00000032807	0	0	0	0	0	0
ENSMUSG00000032808	0	0	0	0	0	0
ENSMUSG00000032852	0	0	0	0	0	0
ENSMUSG00000032864	0	0	0	0	0	2
ENSMUSG00000032889	40	28	50	24	44	0
ENSMUSG00000032894	0	0	0	0	0	0
ENSMUSG00000032911	4827	4219	2976	4300	2409	11900
ENSMUSG00000032915	0	0	0	0	0	0
ENSMUSG00000032921	0	0	0	0	0	0
ENSMUSG00000032936	0	0	0	0	0	0
ENSMUSG00000032937	0	0	0	0	0	0
ENSMUSG00000032942	0	0	4	16	4	0
ENSMUSG00000032948	0	0	0	0	0	0
ENSMUSG00000032968	9	34	51	180	155	54
ENSMUSG00000032978	0	0	0	0	0	0
ENSMUSG00000032987	0	0	0	0	0	0
ENSMUSG00000032988	0	0	0	0	0	0
ENSMUSG00000033007	0	0	0	0	0	0
ENSMUSG00000033015	0	0	0	0	0	0
ENSMUSG00000033024	0	0	0	0	0	0
ENSMUSG00000033027	0	0	0	0	0	0
ENSMUSG00000033036	0	0	0	0	0	0
ENSMUSG00000033044	0	0	0	23	25	0
ENSMUSG00000033053	0	0	0	0	0	0
ENSMUSG00000033061	0	0	0	0	0	0
ENSMUSG00000033063	0	0	0	0	0	0
ENSMUSG00000033080	0	0	0	0	0	0
ENSMUSG00000033122	0	0	0	0	0	0
ENSMUSG00000033156	0	0	0	0	0	0
ENSMUSG00000033177	11	0	6	0	3	0
ENSMUSG00000033191	0	0	0	6	0	6
ENSMUSG00000033196	0	1	0	8	18	0
ENSMUSG00000033200	0	0	0	0	0	0
ENSMUSG00000033210	0	0	0	0	0	0
ENSMUSG00000033219	0	0	0	0	0	0
ENSMUSG00000033220	0	13	1	0	4	1
ENSMUSG00000033255	0	0	0	0	0	0
ENSMUSG00000033306	22834	12156	17487	11317	12496	18595
ENSMUSG00000033316	21	0	18	44	43	3
ENSMUSG00000033342	0	0	0	0	0	0
ENSMUSG00000033343	0	0	0	0	0	0
ENSMUSG00000033383	0	0	0	0	0	0
ENSMUSG00000033427	0	1	0	0	0	0
ENSMUSG00000033450	127	0	34	0	1	2
ENSMUSG00000033453	0	4	10	6	16	0
ENSMUSG00000033470	0	0	0	0	0	0
ENSMUSG00000033488	168	183	174	144	159	99
ENSMUSG00000033501	12	21	6	6	3	0
ENSMUSG00000033520	0	0	0	0	0	0
ENSMUSG00000033533	0	0	0	0	0	0
ENSMUSG00000033590	3	0	11	1	0	0
ENSMUSG00000033634	0	0	0	0	0	0
ENSMUSG00000033685	5647	4721	1924	205	145	187
ENSMUSG00000033726	0	0	0	2	0	0
ENSMUSG00000033731	0	0	2	0	0	0
ENSMUSG00000033739	246	235	228	202	219	155
ENSMUSG00000033740	0	0	0	0	0	1
ENSMUSG00000033765	0	0	0	0	0	0
ENSMUSG00000033768	30	2	2	55	27	61
ENSMUSG00000033792	1418	988	1774	830	1021	1264
ENSMUSG00000033794	0	0	0	0	0	0
ENSMUSG00000033825	0	0	0	0	0	0
ENSMUSG00000033831	0	0	0	0	0	0
ENSMUSG00000033837	0	0	0	0	0	2
ENSMUSG00000033850	0	0	0	0	0	0
ENSMUSG00000033860	0	0	0	0	0	0
ENSMUSG00000033872	0	0	0	0	0	0
ENSMUSG00000033898	0	0	0	0	0	0
ENSMUSG00000033904	566	401	652	450	344	928
ENSMUSG00000033910	0	0	0	0	0	2
ENSMUSG00000033948	4	4	0	6	10	21
ENSMUSG00000033963	0	0	0	0	0	0
ENSMUSG00000033970	1004	877	563	1100	862	1169
ENSMUSG00000033985	672	733	495	512	480	481
ENSMUSG00000034000	0	0	0	0	0	0
ENSMUSG00000034028	0	0	0	0	0	0
ENSMUSG00000034031	0	0	0	0	0	0
ENSMUSG00000034037	0	0	1	0	2	2
ENSMUSG00000034039	0	0	0	0	0	0
ENSMUSG00000034059	16	14	26	2	1	1
ENSMUSG00000034087	0	0	0	0	0	0
ENSMUSG00000034098	0	0	0	0	0	4
ENSMUSG00000034109	5158	5036	5337	3516	3655	5784
ENSMUSG00000034112	0	0	0	0	0	0
ENSMUSG00000034115	0	0	0	0	0	0
ENSMUSG00000034121	272	225	241	238	184	161
ENSMUSG00000034122	0	0	0	0	0	0
ENSMUSG00000034127	0	0	1	0	0	0
ENSMUSG00000034139	0	0	0	0	0	0
ENSMUSG00000034145	0	0	0	0	0	0
ENSMUSG00000034164	20	30	14	21	7	0
ENSMUSG00000034185	0	0	0	0	0	0
ENSMUSG00000034218	2391	1137	2603	1242	1312	4262
ENSMUSG00000034219	0	0	0	0	1	0
ENSMUSG00000034227	0	0	2	0	0	0
ENSMUSG00000034239	0	0	0	0	0	0
ENSMUSG00000034248	2940	1962	2678	1854	2143	3808
ENSMUSG00000034252	2883	1922	3487	2040	2198	3605
ENSMUSG00000034275	527	490	362	438	419	823
ENSMUSG00000034310	0	0	0	0	0	0
ENSMUSG00000034334	130	150	134	124	114	144
ENSMUSG00000034339	0	0	2	0	0	0
ENSMUSG00000034359	0	0	0	0	0	0
ENSMUSG00000034362	0	0	0	0	0	0
ENSMUSG00000034382	4	1	4	4	4	0
ENSMUSG00000034384	0	0	0	0	0	0
ENSMUSG00000034387	0	0	0	0	0	0
ENSMUSG00000034416	0	0	0	0	0	2
ENSMUSG00000034427	0	0	0	0	2	0
ENSMUSG00000034450	0	0	0	0	0	0
ENSMUSG00000034452	0	0	0	0	0	0
ENSMUSG00000034467	0	0	0	0	0	0
ENSMUSG00000034482	0	0	0	0	0	0
ENSMUSG00000034486	41	52	31	6	16	2
ENSMUSG00000034501	874	654	614	689	631	759
ENSMUSG00000034533	0	0	0	0	0	0
ENSMUSG00000034552	0	0	0	0	0	0
ENSMUSG00000034570	0	0	0	0	0	0
ENSMUSG00000034583	0	0	0	0	0	0
ENSMUSG00000034602	6113	6551	5951	6286	5816	4684
ENSMUSG00000034607	0	0	0	0	0	0
ENSMUSG00000034614	263	307	441	75	119	12
ENSMUSG00000034616	430	426	577	382	308	171
ENSMUSG00000034623	0	0	0	0	0	2
ENSMUSG00000034634	0	0	0	0	0	0
ENSMUSG00000034648	2	13	14	173	192	420
ENSMUSG00000034652	0	2	2	3	9	2
ENSMUSG00000034660	0	0	0	0	0	0
ENSMUSG00000034675	9176	9764	6146	7798	8052	5055
ENSMUSG00000034677	0	0	0	0	0	0
ENSMUSG00000034683	0	0	0	0	0	0
ENSMUSG00000034689	0	0	0	0	0	0
ENSMUSG00000034764	12	9	0	0	0	2
ENSMUSG00000034774	0	0	0	0	0	0
ENSMUSG00000034783	0	0	0	0	0	0
ENSMUSG00000034813	11	4	4	6	0	47
ENSMUSG00000034829	0	0	0	0	0	0
ENSMUSG00000034833	0	0	0	0	0	0
ENSMUSG00000034845	0	0	2	0	6	18
ENSMUSG00000034871	0	0	0	0	0	0
ENSMUSG00000034881	136	128	134	137	159	11
ENSMUSG00000034891	0	0	0	0	0	0
ENSMUSG00000034913	0	0	0	0	0	0
ENSMUSG00000034918	0	0	0	0	0	0
ENSMUSG00000034919	0	0	0	0	0	0
ENSMUSG00000034923	0	0	0	0	0	0
ENSMUSG00000034987	0	0	0	0	0	0
ENSMUSG00000034990	4	3	17	0	5	16
ENSMUSG00000035031	0	0	0	0	0	0
ENSMUSG00000035033	6	8	21	0	2	3
ENSMUSG00000035041	11	8	26	10	5	0
ENSMUSG00000035129	0	0	0	0	0	0
ENSMUSG00000035148	0	0	0	0	0	0
ENSMUSG00000035165	0	0	0	0	0	0
ENSMUSG00000035191	0	0	0	0	0	0
ENSMUSG00000035200	1	0	3	0	2	0
ENSMUSG00000035201	0	0	0	0	0	0
ENSMUSG00000035238	0	0	0	0	2	0
ENSMUSG00000035258	133	189	452	48	142	24
ENSMUSG00000035277	0	0	3	5	6	11
ENSMUSG00000035285	97	88	105	149	106	66
ENSMUSG00000035296	0	0	4	130	135	78
ENSMUSG00000035337	0	0	1	0	0	0
ENSMUSG00000035352	0	0	2	0	0	0
ENSMUSG00000035355	0	0	0	0	0	0
ENSMUSG00000035371	0	0	0	0	0	0
ENSMUSG00000035383	0	0	0	0	0	0
ENSMUSG00000035387	0	0	0	0	0	0
ENSMUSG00000035390	713	659	395	561	603	596
ENSMUSG00000035395	0	0	0	0	0	0
ENSMUSG00000035420	0	0	0	0	0	0
ENSMUSG00000035427	0	0	0	0	0	0
ENSMUSG00000035429	0	0	0	0	0	0
ENSMUSG00000035431	0	0	0	0	0	0
ENSMUSG00000035439	1062	1107	519	1385	1204	1830
ENSMUSG00000035451	0	0	0	2	0	0
ENSMUSG00000035454	0	0	0	0	0	0
ENSMUSG00000035491	0	0	0	0	0	0
ENSMUSG00000035498	2	0	5	0	4	25
ENSMUSG00000035522	0	0	0	0	0	0
ENSMUSG00000035523	0	0	0	0	0	0
ENSMUSG00000035528	0	0	0	0	0	2
ENSMUSG00000035539	5	6	0	7	0	17
ENSMUSG00000035540	1	0	0	0	0	0
ENSMUSG00000035551	0	0	0	0	0	0
ENSMUSG00000035557	0	0	0	0	0	0
ENSMUSG00000035560	2	0	0	0	0	0
ENSMUSG00000035561	86	71	76	90	69	41
ENSMUSG00000035576	0	0	0	0	0	2
ENSMUSG00000035578	33	28	26	20	8	0
ENSMUSG00000035580	0	0	0	0	0	0
ENSMUSG00000035582	0	0	0	0	0	0
ENSMUSG00000035592	0	0	2	0	0	0
ENSMUSG00000035594	0	0	0	0	1	0
ENSMUSG00000035606	0	0	0	0	0	0
ENSMUSG00000035615	0	4	12	84	62	59
ENSMUSG00000035626	0	0	0	0	0	0
ENSMUSG00000035638	0	0	0	0	0	0
ENSMUSG00000035651	0	0	0	0	0	0
ENSMUSG00000035653	0	0	0	0	0	0
ENSMUSG00000035681	46	14	33	12	32	46
ENSMUSG00000035694	6	0	11	0	0	0
ENSMUSG00000035745	0	0	0	0	2	0
ENSMUSG00000035778	3157	3159	2542	2637	2465	2605
ENSMUSG00000035780	0	0	0	0	0	0
ENSMUSG00000035785	0	0	0	0	0	0
ENSMUSG00000035804	0	0	0	0	0	0
ENSMUSG00000035805	0	0	0	0	0	0
ENSMUSG00000035811	0	2	0	0	0	0
ENSMUSG00000035818	4	7	0	0	5	0
ENSMUSG00000035831	0	0	0	0	0	0
ENSMUSG00000035836	0	0	0	0	0	0
ENSMUSG00000035860	0	2	0	0	0	0
ENSMUSG00000035861	0	0	0	2	0	14
ENSMUSG00000035875	2	0	8	0	6	8
ENSMUSG00000035896	0	0	0	0	0	0
ENSMUSG00000035910	0	0	0	0	0	0
ENSMUSG00000035923	0	0	1	5	15	0
ENSMUSG00000035930	0	0	0	0	0	0
ENSMUSG00000035932	0	0	0	0	0	0
ENSMUSG00000035946	0	0	0	0	0	0
ENSMUSG00000035948	48	36	47	11	14	3
ENSMUSG00000035963	0	0	0	0	0	0
ENSMUSG00000036013	0	0	0	0	0	0
ENSMUSG00000036027	0	0	0	0	0	0
ENSMUSG00000036040	1	15	2	68	38	18
ENSMUSG00000036045	0	0	0	0	0	0
ENSMUSG00000036054	1128	1142	789	1020	1276	1235
ENSMUSG00000036083	0	0	0	0	0	0
ENSMUSG00000036106	412	378	345	286	225	123
ENSMUSG00000036109	932	296	955	723	591	1163
ENSMUSG00000036110	0	0	0	0	0	0
ENSMUSG00000036117	2	0	0	0	0	0
ENSMUSG00000036123	0	8	0	6	0	0
ENSMUSG00000036131	0	0	6	0	2	11
ENSMUSG00000036139	210	176	130	210	141	158
ENSMUSG00000036144	592	945	1048	732	682	486
ENSMUSG00000036162	0	0	0	0	0	0
ENSMUSG00000036169	0	0	0	0	0	0
ENSMUSG00000036172	0	0	1	0	0	0
ENSMUSG00000036185	0	0	1	0	0	0
ENSMUSG00000036211	0	12	1	29	8	11
ENSMUSG00000036216	0	0	0	0	0	0
ENSMUSG00000036231	0	0	0	0	0	0
ENSMUSG00000036244	0	0	0	0	0	0
ENSMUSG00000036251	15	6	20	0	5	8
ENSMUSG00000036264	0	0	1	0	0	0
ENSMUSG00000036304	0	2	7	0	6	11
ENSMUSG00000036322	0	0	0	0	0	0
ENSMUSG00000036353	0	0	0	2	0	0
ENSMUSG00000036357	0	0	0	0	0	0
ENSMUSG00000036362	0	0	0	0	0	0
ENSMUSG00000036401	0	0	0	0	0	0
ENSMUSG00000036412	79	42	167	167	137	7
ENSMUSG00000036422	0	0	0	0	0	14
ENSMUSG00000036449	0	0	0	0	0	0
ENSMUSG00000036463	0	0	0	0	0	0
ENSMUSG00000036492	2	4	6	0	0	10
ENSMUSG00000036500	0	0	0	0	0	0
ENSMUSG00000036510	0	0	0	0	0	0
ENSMUSG00000036521	0	0	0	0	0	0
ENSMUSG00000036526	0	0	0	0	0	0
ENSMUSG00000036528	611	430	225	312	275	663
ENSMUSG00000036551	0	0	0	0	0	0
ENSMUSG00000036574	0	0	0	0	0	0
ENSMUSG00000036585	14	3	19	3	1	42
ENSMUSG00000036586	0	0	0	0	0	0
ENSMUSG00000036594	0	0	0	0	0	0
ENSMUSG00000036647	0	0	0	0	0	0
ENSMUSG00000036655	0	0	1	5	0	16
ENSMUSG00000036658	0	0	0	0	0	0
ENSMUSG00000036731	0	0	0	0	0	0
ENSMUSG00000036744	0	0	0	0	0	0
ENSMUSG00000036749	0	0	0	0	0	0
ENSMUSG00000036760	0	0	0	0	0	0
ENSMUSG00000036770	0	0	0	0	2	0
ENSMUSG00000036805	0	0	0	0	0	0
ENSMUSG00000036813	0	0	0	0	0	0
ENSMUSG00000036816	0	0	0	0	0	0
ENSMUSG00000036826	0	0	0	1	0	0
ENSMUSG00000036855	0	0	0	7	20	0
ENSMUSG00000036887	0	0	0	0	0	0
ENSMUSG00000036892	0	0	0	1	0	1
ENSMUSG00000036896	0	2	0	0	0	0
ENSMUSG00000036899	0	0	0	0	0	0
ENSMUSG00000036907	0	0	0	0	0	0
ENSMUSG00000036913	2	0	0	0	0	0
ENSMUSG00000036915	2	0	0	0	0	0
ENSMUSG00000036921	0	0	0	0	0	0
ENSMUSG00000036923	0	9	6	0	6	0
ENSMUSG00000036924	0	0	0	0	0	0
ENSMUSG00000036925	1	0	0	0	0	0
ENSMUSG00000036938	0	0	0	0	0	0
ENSMUSG00000036949	0	0	0	0	0	0
ENSMUSG00000036951	0	0	0	0	0	0
ENSMUSG00000036958	0	0	0	0	0	0
ENSMUSG00000036959	643	629	378	640	568	544
ENSMUSG00000036961	0	0	0	0	0	0
ENSMUSG00000036962	0	0	0	0	0	0
ENSMUSG00000037005	1	18	4	8	5	0
ENSMUSG00000037016	4	2	6	18	63	12
ENSMUSG00000037025	0	0	0	0	0	0
ENSMUSG00000037028	0	0	0	0	1	0
ENSMUSG00000037034	1	0	0	1	0	0
ENSMUSG00000037049	4190	3973	2925	3220	3081	2316
ENSMUSG00000037053	0	0	0	0	0	0
ENSMUSG00000037064	0	0	0	0	0	0
ENSMUSG00000037096	0	0	0	0	0	0
ENSMUSG00000037101	0	0	0	0	0	0
ENSMUSG00000037106	0	0	0	0	2	0
ENSMUSG00000037124	0	0	0	0	0	0
ENSMUSG00000037129	0	0	0	0	0	0
ENSMUSG00000037130	0	0	0	0	0	0
ENSMUSG00000037139	0	6	19	93	112	54
ENSMUSG00000037145	0	0	0	0	0	0
ENSMUSG00000037159	0	0	0	0	0	0
ENSMUSG00000037161	188	299	437	224	284	25
ENSMUSG00000037167	0	0	0	0	0	0
ENSMUSG00000037174	2425	2576	2360	2687	2546	2861
ENSMUSG00000037202	0	2	0	0	0	0
ENSMUSG00000037246	0	0	0	0	0	0
ENSMUSG00000037247	0	0	0	0	0	0
ENSMUSG00000037263	0	0	0	0	2	0
ENSMUSG00000037279	0	0	0	0	0	0
ENSMUSG00000037307	0	0	0	0	0	0
ENSMUSG00000037335	0	0	0	0	0	0
ENSMUSG00000037346	0	0	0	0	0	0
ENSMUSG00000037358	0	0	0	0	0	0
ENSMUSG00000037386	56	0	1	13	21	7
ENSMUSG00000037393	0	0	0	0	0	0
ENSMUSG00000037418	11	23	27	8	16	0
ENSMUSG00000037424	0	0	0	0	0	0
ENSMUSG00000037432	0	0	0	0	0	0
ENSMUSG00000037437	5	0	16	1	6	6
ENSMUSG00000037438	0	0	0	0	0	0
ENSMUSG00000037451	0	0	0	0	0	0
ENSMUSG00000037469	0	0	0	0	0	0
ENSMUSG00000037482	0	15	16	8	3	0
ENSMUSG00000037499	1866	1692	1289	1343	1563	1130
ENSMUSG00000037529	0	0	0	0	0	0
ENSMUSG00000037535	0	0	0	0	0	0
ENSMUSG00000037537	0	0	0	0	0	0
ENSMUSG00000037542	0	0	2	0	0	0
ENSMUSG00000037578	0	0	0	0	0	0
ENSMUSG00000037583	0	0	0	0	0	0
ENSMUSG00000037600	0	0	0	0	0	0
ENSMUSG00000037603	0	0	0	0	0	0
ENSMUSG00000037610	0	0	0	0	0	0
ENSMUSG00000037625	0	0	0	0	2	0
ENSMUSG00000037627	0	0	0	2	0	0
ENSMUSG00000037660	0	0	0	0	0	0
ENSMUSG00000037679	5928	5702	4134	5384	5276	5167
ENSMUSG00000037681	9	4	17	0	10	7
ENSMUSG00000037683	0	0	0	0	0	0
ENSMUSG00000037689	0	0	0	0	0	0
ENSMUSG00000037727	0	0	0	0	0	0
ENSMUSG00000037731	0	0	0	0	0	0
ENSMUSG00000037737	0	0	0	0	0	0
ENSMUSG00000037771	0	0	0	0	0	0
ENSMUSG00000037780	0	0	0	0	0	0
ENSMUSG00000037790	0	0	0	0	0	0
ENSMUSG00000037798	0	0	0	2	0	0
ENSMUSG00000037801	0	1	1	0	0	0
ENSMUSG00000037827	0	0	0	0	0	1
ENSMUSG00000037843	0	0	0	0	0	0
ENSMUSG00000037849	0	0	0	2	0	0
ENSMUSG00000037857	5748	4829	7366	5137	4889	6760
ENSMUSG00000037884	0	0	0	0	0	0
ENSMUSG00000037907	559	507	297	471	537	735
ENSMUSG00000037910	0	0	0	0	0	0
ENSMUSG00000037913	6	3	2	2	0	20
ENSMUSG00000037924	0	0	0	0	0	0
ENSMUSG00000037942	0	0	0	0	0	0
ENSMUSG00000037944	4	16	11	0	10	2
ENSMUSG00000037962	4	6	1	0	1	0
ENSMUSG00000037971	351	293	347	281	200	190
ENSMUSG00000037973	17	0	0	3	4	0
ENSMUSG00000037974	0	0	0	0	0	0
ENSMUSG00000037984	0	0	0	0	0	0
ENSMUSG00000038015	0	0	0	0	0	0
ENSMUSG00000038026	0	0	0	0	0	0
ENSMUSG00000038037	215	206	144	219	179	184
ENSMUSG00000038044	0	2	0	0	0	0
ENSMUSG00000038045	0	0	2	0	0	0
ENSMUSG00000038048	0	0	0	0	0	0
ENSMUSG00000038057	0	12	1	0	0	4
ENSMUSG00000038065	695	501	669	545	584	414
ENSMUSG00000038071	0	0	0	2	0	0
ENSMUSG00000038092	0	0	0	0	0	0
ENSMUSG00000038094	0	0	0	0	0	0
ENSMUSG00000038132	6	16	9	189	167	211
ENSMUSG00000038148	0	0	0	0	0	0
ENSMUSG00000038156	8	32	27	9	13	0
ENSMUSG00000038165	0	0	0	0	0	0
ENSMUSG00000038167	20	26	28	9	9	9
ENSMUSG00000038178	975	761	891	610	869	357
ENSMUSG00000038179	0	0	0	12	0	0
ENSMUSG00000038188	2	0	5	0	0	20
ENSMUSG00000038192	0	0	0	0	0	0
ENSMUSG00000038193	500	667	475	505	520	444
ENSMUSG00000038201	0	0	0	0	1	0
ENSMUSG00000038204	0	0	0	0	0	0
ENSMUSG00000038209	0	0	0	0	0	0
ENSMUSG00000038218	0	0	0	0	0	0
ENSMUSG00000038239	0	2	0	80	85	30
ENSMUSG00000038246	0	0	0	0	0	0
ENSMUSG00000038248	325	288	220	146	218	235
ENSMUSG00000038255	0	0	0	0	0	0
ENSMUSG00000038264	497	454	190	349	380	1631
ENSMUSG00000038267	51	22	11	27	24	461
ENSMUSG00000038271	980	834	796	924	970	860
ENSMUSG00000038292	7	0	5	12	0	7
ENSMUSG00000038298	0	0	0	0	0	0
ENSMUSG00000038300	0	0	0	0	0	0
ENSMUSG00000038304	0	0	0	0	0	0
ENSMUSG00000038311	0	0	0	0	0	0
ENSMUSG00000038330	0	0	0	0	0	0
ENSMUSG00000038374	1680	1419	1304	1598	1539	2209
ENSMUSG00000038388	1791	1296	1497	1520	1411	4496
ENSMUSG00000038390	3	12	0	2	6	18
ENSMUSG00000038403	0	5	14	61	79	52
ENSMUSG00000038421	0	0	0	0	0	0
ENSMUSG00000038498	0	0	0	0	0	0
ENSMUSG00000038520	2195	2029	1786	2107	2176	1635
ENSMUSG00000038526	0	2	0	0	0	0
ENSMUSG00000038530	2877	2248	1016	514	937	99
ENSMUSG00000038537	0	0	0	0	0	0
ENSMUSG00000038541	0	0	0	0	0	0
ENSMUSG00000038560	37	87	87	9	19	4
ENSMUSG00000038567	0	0	0	0	0	0
ENSMUSG00000038569	90	78	65	45	34	34
ENSMUSG00000038572	0	0	0	0	0	0
ENSMUSG00000038580	5	6	3	68	62	51
ENSMUSG00000038583	0	0	0	0	0	0
ENSMUSG00000038598	0	0	0	0	0	0
ENSMUSG00000038599	0	0	0	0	0	0
ENSMUSG00000038602	9	0	13	20	3	26
ENSMUSG00000038607	465	471	372	377	361	389
ENSMUSG00000038619	5764	4977	4282	5110	4635	4751
ENSMUSG00000038641	0	0	0	0	0	0
ENSMUSG00000038642	15	10	12	0	4	2
ENSMUSG00000038651	0	0	0	0	0	0
ENSMUSG00000038656	0	0	0	2	0	0
ENSMUSG00000038670	0	0	0	0	2	0
ENSMUSG00000038676	0	0	0	0	0	0
ENSMUSG00000038691	0	0	0	0	0	0
ENSMUSG00000038692	2	1	0	10	8	17
ENSMUSG00000038700	0	0	0	0	0	0
ENSMUSG00000038704	0	0	0	0	0	0
ENSMUSG00000038709	0	0	0	0	0	0
ENSMUSG00000038721	0	0	0	0	0	2
ENSMUSG00000038725	0	0	2	0	0	0
ENSMUSG00000038745	0	0	0	0	0	0
ENSMUSG00000038750	0	0	0	0	0	0
ENSMUSG00000038751	0	0	0	0	0	0
ENSMUSG00000038754	2	0	0	0	0	0
ENSMUSG00000038756	0	0	0	0	0	0
ENSMUSG00000038760	0	0	0	0	0	0
ENSMUSG00000038763	2	19	11	161	197	99
ENSMUSG00000038770	0	0	0	0	0	0
ENSMUSG00000038781	6	4	19	0	4	19
ENSMUSG00000038791	0	0	0	0	0	0
ENSMUSG00000038801	0	0	0	0	0	2
ENSMUSG00000038805	0	0	0	2	0	0
ENSMUSG00000038840	0	0	0	0	0	0
ENSMUSG00000038866	1292	1052	935	1151	1030	1545
ENSMUSG00000038880	847	827	612	931	778	718
ENSMUSG00000038883	0	0	0	0	0	0
ENSMUSG00000038963	22	6	1	64	215	1002
ENSMUSG00000038968	0	0	0	0	0	0
ENSMUSG00000038973	4	10	0	0	6	0
ENSMUSG00000038980	0	0	0	0	0	0
ENSMUSG00000038997	0	0	0	0	0	0
ENSMUSG00000039013	0	2	0	0	0	0
ENSMUSG00000039032	0	0	0	0	0	0
ENSMUSG00000039037	4	0	5	14	13	0
ENSMUSG00000039059	0	0	0	0	0	0
ENSMUSG00000039070	0	0	0	0	0	0
ENSMUSG00000039084	0	0	0	0	0	0
ENSMUSG00000039092	0	0	1	0	0	0
ENSMUSG00000039097	0	0	0	0	0	0
ENSMUSG00000039098	0	4	6	0	0	14
ENSMUSG00000039106	0	0	0	0	0	0
ENSMUSG00000039133	2	0	0	0	0	0
ENSMUSG00000039138	0	0	0	0	0	0
ENSMUSG00000039146	9	0	0	0	0	12
ENSMUSG00000039174	0	0	0	0	0	0
ENSMUSG00000039198	0	0	0	0	0	0
ENSMUSG00000039200	32	12	24	0	8	64
ENSMUSG00000039215	0	0	0	0	0	0
ENSMUSG00000039224	0	0	0	0	0	0
ENSMUSG00000039257	7	15	3	21	16	94
ENSMUSG00000039264	0	0	0	0	0	0
ENSMUSG00000039269	0	0	0	0	0	0
ENSMUSG00000039278	0	0	0	0	0	0
ENSMUSG00000039296	0	0	0	0	0	0
ENSMUSG00000039313	0	0	0	0	2	0
ENSMUSG00000039315	0	0	0	0	0	0
ENSMUSG00000039321	0	0	0	0	2	0
ENSMUSG00000039330	0	0	0	0	0	0
ENSMUSG00000039335	0	0	0	0	0	0
ENSMUSG00000039337	4	0	0	13	0	0
ENSMUSG00000039339	0	0	0	0	0	0
ENSMUSG00000039342	0	0	0	0	0	0
ENSMUSG00000039358	0	0	0	0	0	0
ENSMUSG00000039364	0	0	0	0	0	0
ENSMUSG00000039372	0	0	0	1	0	0
ENSMUSG00000039376	20	27	47	389	487	165
ENSMUSG00000039385	8	16	6	33	29	282
ENSMUSG00000039419	0	0	0	0	0	0
ENSMUSG00000039462	574	1155	1067	238	666	54
ENSMUSG00000039481	0	4	6	6	0	0
ENSMUSG00000039492	0	0	0	0	0	0
ENSMUSG00000039533	0	0	0	0	0	0
ENSMUSG00000039539	0	0	0	0	0	0
ENSMUSG00000039540	0	0	0	0	0	0
ENSMUSG00000039546	0	0	0	0	0	3
ENSMUSG00000039552	0	0	0	0	0	0
ENSMUSG00000039555	0	0	0	0	0	0
ENSMUSG00000039563	18	13	10	0	5	20
ENSMUSG00000039608	0	0	0	0	0	0
ENSMUSG00000039623	683	652	675	457	512	573
ENSMUSG00000039632	18	20	25	2	15	0
ENSMUSG00000039661	2	0	0	0	0	0
ENSMUSG00000039672	0	0	0	0	2	0
ENSMUSG00000039682	6356	6531	4634	7476	6354	6030
ENSMUSG00000039691	0	0	0	0	0	1
ENSMUSG00000039710	0	0	0	0	0	0
ENSMUSG00000039716	20	8	2	17	12	68
ENSMUSG00000039725	406	382	330	433	412	469
ENSMUSG00000039760	0	0	0	0	0	0
ENSMUSG00000039775	0	0	0	0	0	0
ENSMUSG00000039783	0	0	0	0	0	0
ENSMUSG00000039785	0	0	0	0	0	0
ENSMUSG00000039809	8	0	4	13	0	4
ENSMUSG00000039830	0	0	0	0	0	0
ENSMUSG00000039840	2945	2883	2796	2290	2574	2066
ENSMUSG00000039851	3	9	10	0	4	0
ENSMUSG00000039860	0	0	0	0	0	0
ENSMUSG00000039878	0	0	0	0	0	0
ENSMUSG00000039913	0	0	0	0	0	0
ENSMUSG00000039954	4	0	4	9	7	0
ENSMUSG00000039962	1	0	0	0	0	0
ENSMUSG00000039977	0	0	0	0	0	0
ENSMUSG00000039981	10	13	7	2	1	0
ENSMUSG00000039987	635	547	513	697	666	1406
ENSMUSG00000040013	4	4	0	2	28	10
ENSMUSG00000040017	0	0	0	0	0	0
ENSMUSG00000040037	88	98	75	72	88	192
ENSMUSG00000040055	0	0	0	0	0	0
ENSMUSG00000040065	0	0	0	0	0	0
ENSMUSG00000040112	825	643	560	956	746	883
ENSMUSG00000040113	0	0	1	0	0	0
ENSMUSG00000040127	0	0	0	0	0	0
ENSMUSG00000040132	0	0	0	0	0	0
ENSMUSG00000040134	0	0	0	0	0	0
ENSMUSG00000040138	0	0	0	0	0	0
ENSMUSG00000040140	0	0	0	0	0	0
ENSMUSG00000040148	0	0	0	0	0	0
ENSMUSG00000040163	0	0	0	0	0	0
ENSMUSG00000040164	0	0	0	0	1	2
ENSMUSG00000040189	91	75	76	82	78	121
ENSMUSG00000040197	0	0	0	0	0	0
ENSMUSG00000040217	0	0	0	0	0	0
ENSMUSG00000040229	0	0	0	0	0	0
ENSMUSG00000040264	243	167	107	0	0	0
ENSMUSG00000040280	256	312	1229	434	591	38
ENSMUSG00000040284	0	0	0	0	0	0
ENSMUSG00000040298	0	0	4	0	0	12
ENSMUSG00000040314	0	0	0	0	0	0
ENSMUSG00000040387	6	16	31	31	17	39
ENSMUSG00000040413	0	0	0	0	0	0
ENSMUSG00000040452	0	0	0	0	0	0
ENSMUSG00000040456	0	0	1	0	0	0
ENSMUSG00000040471	0	0	0	0	0	0
ENSMUSG00000040478	0	0	2	0	0	0
ENSMUSG00000040485	0	0	0	0	0	0
ENSMUSG00000040489	0	9	19	5	3	5
ENSMUSG00000040495	0	11	3	5	4	17
ENSMUSG00000040505	0	0	0	0	0	0
ENSMUSG00000040514	0	0	0	0	0	0
ENSMUSG00000040525	0	0	0	0	0	0
ENSMUSG00000040541	0	0	0	0	0	0
ENSMUSG00000040543	55	154	86	36	67	5
ENSMUSG00000040548	2044	1856	1549	2277	2077	2416
ENSMUSG00000040550	2886	2446	2765	2521	2422	4469
ENSMUSG00000040564	4	2	31	15	0	0
ENSMUSG00000040565	3622	2684	3780	3351	3034	5184
ENSMUSG00000040569	4	0	15	0	0	0
ENSMUSG00000040583	0	0	0	0	0	0
ENSMUSG00000040592	0	0	0	0	0	0
ENSMUSG00000040600	0	0	0	0	0	0
ENSMUSG00000040601	0	0	0	0	0	0
ENSMUSG00000040610	0	0	0	0	0	0
ENSMUSG00000040614	0	0	0	0	0	0
ENSMUSG00000040629	0	10	6	0	12	0
ENSMUSG00000040632	0	0	0	0	0	0
ENSMUSG00000040649	0	0	0	0	0	0
ENSMUSG00000040650	0	0	0	0	0	0
ENSMUSG00000040653	10	9	12	16	30	50
ENSMUSG00000040657	0	0	0	0	0	0
ENSMUSG00000040660	0	0	0	0	0	0
ENSMUSG00000040687	290	278	242	250	250	190
ENSMUSG00000040693	0	0	0	0	0	0
ENSMUSG00000040694	0	0	8	50	58	35
ENSMUSG00000040715	0	0	0	0	0	0
ENSMUSG00000040724	0	0	0	0	0	1
ENSMUSG00000040726	0	0	0	0	2	0
ENSMUSG00000040728	0	0	0	0	0	0
ENSMUSG00000040747	13	14	7	0	19	37
ENSMUSG00000040770	0	0	0	0	0	0
ENSMUSG00000040775	0	0	0	0	0	0
ENSMUSG00000040797	2	4	7	72	58	120
ENSMUSG00000040808	7	2	4	24	7	0
ENSMUSG00000040809	0	0	0	0	0	0
ENSMUSG00000040824	4157	4167	2568	5486	4066	4906
ENSMUSG00000040838	0	0	2	0	0	0
ENSMUSG00000040860	571	508	366	401	412	396
ENSMUSG00000040899	0	0	0	0	0	0
ENSMUSG00000040901	0	0	0	0	0	0
ENSMUSG00000040935	0	0	0	0	0	0
ENSMUSG00000040957	77	139	107	106	75	28
ENSMUSG00000040966	12	6	12	0	0	0
ENSMUSG00000040972	0	0	0	0	0	0
ENSMUSG00000040985	0	0	0	0	0	0
ENSMUSG00000040990	10191	11686	7816	10570	9370	10361
ENSMUSG00000041000	176	154	118	171	219	160
ENSMUSG00000041009	0	0	0	0	0	0
ENSMUSG00000041014	0	0	0	0	0	0
ENSMUSG00000041020	76	26	11	56	49	351
ENSMUSG00000041044	0	0	0	0	0	0
ENSMUSG00000041052	6	0	17	9	13	0
ENSMUSG00000041068	0	0	0	0	0	0
ENSMUSG00000041119	8	2	0	0	2	10
ENSMUSG00000041138	0	0	0	0	0	0
ENSMUSG00000041165	0	0	0	0	0	0
ENSMUSG00000041199	326	247	170	205	195	254
ENSMUSG00000041203	3631	3197	2433	3518	3185	3360
ENSMUSG00000041237	0	0	0	0	0	0
ENSMUSG00000041238	1111	747	1312	946	894	1825
ENSMUSG00000041247	0	0	0	0	0	0
ENSMUSG00000041248	0	0	0	0	0	0
ENSMUSG00000041255	0	0	0	0	0	0
ENSMUSG00000041293	0	0	0	0	0	0
ENSMUSG00000041301	4	11	0	5	0	6
ENSMUSG00000041333	0	0	0	0	0	0
ENSMUSG00000041359	0	0	0	0	0	0
ENSMUSG00000041380	0	0	1	10	10	0
ENSMUSG00000041390	2342	2110	2514	2286	2268	1751
ENSMUSG00000041399	0	0	0	2	0	0
ENSMUSG00000041460	0	0	0	0	0	0
ENSMUSG00000041468	0	0	0	0	0	0
ENSMUSG00000041476	0	8	12	88	91	49
ENSMUSG00000041505	0	0	0	0	0	0
ENSMUSG00000041512	0	0	0	0	0	0
ENSMUSG00000041534	0	0	0	0	0	0
ENSMUSG00000041536	0	0	0	0	0	0
ENSMUSG00000041538	0	0	0	0	0	0
ENSMUSG00000041550	0	0	0	0	0	0
ENSMUSG00000041552	47	34	2	67	28	749
ENSMUSG00000041556	15	14	7	4	18	0
ENSMUSG00000041565	0	0	0	0	0	0
ENSMUSG00000041567	0	0	0	0	0	0
ENSMUSG00000041578	1	0	0	0	0	0
ENSMUSG00000041583	0	0	0	0	0	0
ENSMUSG00000041592	2	8	2	24	32	17
ENSMUSG00000041608	2	0	0	0	0	0
ENSMUSG00000041620	0	0	0	0	0	0
ENSMUSG00000041644	0	0	0	0	0	0
ENSMUSG00000041669	0	2	0	0	0	0
ENSMUSG00000041670	5	0	0	1	11	3
ENSMUSG00000041673	2	0	0	0	0	0
ENSMUSG00000041681	0	0	0	0	0	0
ENSMUSG00000041695	563	533	855	181	227	36
ENSMUSG00000041698	0	0	0	0	0	0
ENSMUSG00000041703	11	2	4	11	5	89
ENSMUSG00000041707	0	0	0	0	0	2
ENSMUSG00000041710	0	0	0	0	2	0
ENSMUSG00000041722	0	0	0	0	0	0
ENSMUSG00000041731	0	2	17	169	121	123
ENSMUSG00000041735	0	1	0	1	0	0
ENSMUSG00000041754	0	0	0	0	0	0
ENSMUSG00000041771	0	0	0	16	9	6
ENSMUSG00000041782	0	0	0	11	11	13
ENSMUSG00000041789	0	0	0	0	0	0
ENSMUSG00000041791	0	0	0	0	0	0
ENSMUSG00000041805	0	0	0	0	0	0
ENSMUSG00000041852	8720	9913	7416	8984	7941	9952
ENSMUSG00000041857	0	0	0	0	0	0
ENSMUSG00000041885	0	0	0	0	0	0
ENSMUSG00000041984	0	0	0	0	0	0
ENSMUSG00000041986	4	3	0	11	15	42
ENSMUSG00000041991	0	0	0	0	0	0
ENSMUSG00000041992	8	0	0	0	5	16
ENSMUSG00000041995	938	888	660	1004	932	1447
ENSMUSG00000042002	0	0	0	0	0	0
ENSMUSG00000042031	0	0	0	0	0	0
ENSMUSG00000042041	15	1	0	15	8	2
ENSMUSG00000042045	0	0	0	16	8	4
ENSMUSG00000042064	0	6	0	0	0	6
ENSMUSG00000042073	799	630	615	591	758	566
ENSMUSG00000042092	0	0	0	0	0	0
ENSMUSG00000042102	0	0	0	2	0	0
ENSMUSG00000042124	0	0	1	0	2	24
ENSMUSG00000042157	0	0	0	0	0	0
ENSMUSG00000042179	0	0	0	0	0	0
ENSMUSG00000042189	0	0	0	0	0	0
ENSMUSG00000042212	0	0	0	0	0	0
ENSMUSG00000042219	0	0	0	0	0	0
ENSMUSG00000042243	0	0	0	0	0	0
ENSMUSG00000042244	0	0	0	0	0	0
ENSMUSG00000042248	0	0	0	0	0	0
ENSMUSG00000042250	0	0	0	0	0	0
ENSMUSG00000042262	0	0	0	0	0	0
ENSMUSG00000042265	0	0	8	0	0	34
ENSMUSG00000042268	0	0	1	0	0	0
ENSMUSG00000042269	0	0	0	0	0	0
ENSMUSG00000042279	0	0	0	0	2	0
ENSMUSG00000042282	0	0	0	0	0	0
ENSMUSG00000042351	0	0	0	0	0	0
ENSMUSG00000042353	0	0	0	0	0	0
ENSMUSG00000042359	298	204	132	190	218	271
ENSMUSG00000042360	0	0	0	0	0	0
ENSMUSG00000042372	0	0	0	0	0	0
ENSMUSG00000042377	183	66	10	184	76	346
ENSMUSG00000042386	0	0	2	0	0	0
ENSMUSG00000042401	2	0	0	0	0	0
ENSMUSG00000042414	0	0	0	0	0	0
ENSMUSG00000042429	0	0	0	0	0	18
ENSMUSG00000042433	0	0	0	0	0	0
ENSMUSG00000042448	0	0	0	0	0	0
ENSMUSG00000042451	9	22	49	535	669	244
ENSMUSG00000042453	18	0	4	11	2	60
ENSMUSG00000042459	0	0	0	0	0	0
ENSMUSG00000042474	0	0	0	0	0	0
ENSMUSG00000042477	0	0	0	0	0	0
ENSMUSG00000042525	0	0	0	0	0	0
ENSMUSG00000042529	0	0	0	9	8	21
ENSMUSG00000042532	0	0	0	0	0	2
ENSMUSG00000042540	0	0	0	0	0	0
ENSMUSG00000042554	0	0	0	0	0	0
ENSMUSG00000042567	3	4	16	0	7	26
ENSMUSG00000042596	0	0	0	0	0	0
ENSMUSG00000042631	0	0	0	0	0	0
ENSMUSG00000042662	3	10	2	0	6	8
ENSMUSG00000042672	5	4	8	0	0	10
ENSMUSG00000042686	363	391	368	349	443	529
ENSMUSG00000042708	0	0	0	2	0	0
ENSMUSG00000042757	3	2	1	2	4	22
ENSMUSG00000042761	0	0	0	0	0	0
ENSMUSG00000042763	1	25	0	8	18	0
ENSMUSG00000042774	0	0	0	0	0	0
ENSMUSG00000042788	0	0	0	2	0	0
ENSMUSG00000042796	0	0	0	0	0	0
ENSMUSG00000042800	0	0	0	0	0	0
ENSMUSG00000042801	0	0	0	0	0	0
ENSMUSG00000042812	358	224	309	341	277	197
ENSMUSG00000042816	0	0	0	0	0	0
ENSMUSG00000042817	0	1	0	0	0	0
ENSMUSG00000042828	14	25	37	346	429	189
ENSMUSG00000042831	559	479	350	560	430	401
ENSMUSG00000042834	164	82	32	277	196	800
ENSMUSG00000042845	0	0	0	0	0	0
ENSMUSG00000042848	0	0	0	0	0	0
ENSMUSG00000042849	0	0	0	0	0	0
ENSMUSG00000042861	0	0	0	0	0	0
ENSMUSG00000042863	0	0	0	0	0	0
ENSMUSG00000042869	0	0	0	0	0	0
ENSMUSG00000042888	0	0	0	0	0	0
ENSMUSG00000042918	2	25	20	49	43	25
ENSMUSG00000042938	0	0	0	0	0	0
ENSMUSG00000042940	0	0	0	0	0	0
ENSMUSG00000042961	15	2	8	4	0	20
ENSMUSG00000042976	0	0	0	0	0	0
ENSMUSG00000042985	0	0	0	0	0	0
ENSMUSG00000042993	0	0	0	0	0	0
ENSMUSG00000043008	5	0	0	14	2	2
ENSMUSG00000043020	4	1	10	0	10	12
ENSMUSG00000043050	0	0	0	0	0	0
ENSMUSG00000043060	0	0	0	0	0	0
ENSMUSG00000043066	0	0	0	0	0	0
ENSMUSG00000043068	2	0	4	28	11	24
ENSMUSG00000043087	0	0	0	0	0	0
ENSMUSG00000043088	0	0	0	0	0	0
ENSMUSG00000043089	0	0	0	0	0	0
ENSMUSG00000043102	2	0	1	7	10	29
ENSMUSG00000043110	0	0	0	0	0	0
ENSMUSG00000043119	0	0	0	0	0	0
ENSMUSG00000043122	0	0	0	0	0	0
ENSMUSG00000043131	10331	9591	10319	8210	7786	10937
ENSMUSG00000043144	0	0	0	0	0	0
ENSMUSG00000043145	0	0	0	0	0	0
ENSMUSG00000043164	2	0	0	0	0	0
ENSMUSG00000043165	6	0	0	6	1	0
ENSMUSG00000043168	0	0	0	0	0	0
ENSMUSG00000043192	7	5	115	7	13	4
ENSMUSG00000043226	0	0	0	0	0	0
ENSMUSG00000043230	2	0	2	0	0	0
ENSMUSG00000043243	78	34	77	22	34	25
ENSMUSG00000043267	0	0	1	0	1	0
ENSMUSG00000043274	0	0	0	0	0	0
ENSMUSG00000043286	0	0	2	0	0	0
ENSMUSG00000043295	0	0	0	0	0	0
ENSMUSG00000043298	0	0	0	0	0	0
ENSMUSG00000043301	0	0	0	0	0	0
ENSMUSG00000043308	0	0	1	0	0	0
ENSMUSG00000043311	1167	1121	1002	1125	1203	932
ENSMUSG00000043312	0	0	0	0	0	0
ENSMUSG00000043314	0	0	0	0	0	0
ENSMUSG00000043319	0	0	0	0	0	0
ENSMUSG00000043346	0	0	0	0	0	0
ENSMUSG00000043354	0	0	0	0	0	0
ENSMUSG00000043357	0	0	0	0	0	0
ENSMUSG00000043366	0	0	0	0	0	0
ENSMUSG00000043383	0	0	0	0	0	0
ENSMUSG00000043418	0	0	0	0	0	0
ENSMUSG00000043424	11	125	275	3	5	8
ENSMUSG00000043429	0	0	0	0	0	0
ENSMUSG00000043430	0	0	0	0	0	0
ENSMUSG00000043441	47	13	6	42	15	403
ENSMUSG00000043453	0	0	0	0	0	0
ENSMUSG00000043456	0	2	1	1	15	11
ENSMUSG00000043460	0	0	0	0	0	0
ENSMUSG00000043461	0	0	0	0	0	0
ENSMUSG00000043463	0	0	0	0	0	0
ENSMUSG00000043468	2	0	2	0	1	0
ENSMUSG00000043472	0	0	0	0	0	0
ENSMUSG00000043484	0	0	0	0	0	0
ENSMUSG00000043485	0	0	0	0	0	0
ENSMUSG00000043501	0	0	2	0	0	0
ENSMUSG00000043505	0	0	0	0	0	0
ENSMUSG00000043518	82	67	113	62	103	24
ENSMUSG00000043522	1	0	0	0	0	0
ENSMUSG00000043529	0	0	0	0	0	0
ENSMUSG00000043537	0	0	0	0	0	0
ENSMUSG00000043549	0	2	0	0	0	0
ENSMUSG00000043569	0	0	0	0	0	0
ENSMUSG00000043572	369	281	202	359	271	364
ENSMUSG00000043583	0	0	0	0	0	0
ENSMUSG00000043592	0	0	0	0	0	0
ENSMUSG00000043605	0	0	0	0	0	0
ENSMUSG00000043613	104	28	33	374	480	1561
ENSMUSG00000043621	0	0	0	0	0	0
ENSMUSG00000043623	0	0	2	0	0	0
ENSMUSG00000043659	0	0	0	0	0	0
ENSMUSG00000043661	0	0	0	0	0	0
ENSMUSG00000043681	0	0	1	0	0	0
ENSMUSG00000043692	0	0	0	0	0	0
ENSMUSG00000043698	0	0	0	0	0	0
ENSMUSG00000043705	0	0	0	0	0	0
ENSMUSG00000043715	0	0	0	0	0	0
ENSMUSG00000043727	0	0	0	0	0	0
ENSMUSG00000043740	0	0	0	0	2	0
ENSMUSG00000043747	0	0	4	8	0	9
ENSMUSG00000043760	1	5	9	20	46	17
ENSMUSG00000043782	0	0	0	0	0	0
ENSMUSG00000043787	0	0	0	0	0	0
ENSMUSG00000043800	0	0	0	0	0	0
ENSMUSG00000043807	6	0	12	46	3	17
ENSMUSG00000043827	0	0	0	0	1	0
ENSMUSG00000043832	0	0	0	0	0	0
ENSMUSG00000043843	0	0	0	0	0	0
ENSMUSG00000043850	0	0	0	0	0	0
ENSMUSG00000043855	0	0	0	0	0	0
ENSMUSG00000043859	0	0	0	0	0	0
ENSMUSG00000043865	0	0	0	0	0	0
ENSMUSG00000043870	0	1	0	0	0	0
ENSMUSG00000043873	0	0	0	0	0	0
ENSMUSG00000043880	0	0	0	0	0	0
ENSMUSG00000043892	0	0	0	0	0	0
ENSMUSG00000043897	0	0	0	0	0	0
ENSMUSG00000043911	0	0	0	0	0	0
ENSMUSG00000043913	0	0	2	0	0	0
ENSMUSG00000043925	0	0	0	0	0	0
ENSMUSG00000043931	0	0	0	0	0	0
ENSMUSG00000043932	0	0	0	0	0	0
ENSMUSG00000043945	0	0	0	0	0	0
ENSMUSG00000043948	0	0	2	0	0	0
ENSMUSG00000043953	2	15	8	24	12	0
ENSMUSG00000043972	0	0	0	0	0	2
ENSMUSG00000043982	0	0	0	0	0	0
ENSMUSG00000043986	0	0	0	0	0	0
ENSMUSG00000044017	788	863	2895	1726	2386	89
ENSMUSG00000044025	0	0	0	0	0	0
ENSMUSG00000044029	0	0	0	0	0	0
ENSMUSG00000044034	13	0	0	0	6	6
ENSMUSG00000044039	0	0	0	0	0	0
ENSMUSG00000044040	0	0	0	0	0	0
ENSMUSG00000044052	1	0	0	0	0	0
ENSMUSG00000044055	0	0	0	0	0	0
ENSMUSG00000044056	2	12	3	14	0	7
ENSMUSG00000044058	0	0	0	0	0	0
ENSMUSG00000044061	0	0	0	0	0	0
ENSMUSG00000044062	0	0	0	0	0	0
ENSMUSG00000044065	0	0	0	0	0	0
ENSMUSG00000044067	0	0	0	0	0	0
ENSMUSG00000044083	1	12	12	0	3	3
ENSMUSG00000044084	0	0	0	0	0	0
ENSMUSG00000044086	0	5	13	70	86	76
ENSMUSG00000044106	0	0	0	0	0	0
ENSMUSG00000044120	0	0	0	0	0	0
ENSMUSG00000044121	0	0	0	0	0	0
ENSMUSG00000044125	0	0	0	0	2	0
ENSMUSG00000044164	3	3	4	8	0	20
ENSMUSG00000044165	1	0	2	11	2	69
ENSMUSG00000044170	0	0	0	0	0	0
ENSMUSG00000044172	0	0	0	0	0	0
ENSMUSG00000044205	0	0	0	0	0	0
ENSMUSG00000044206	0	0	0	0	0	2
ENSMUSG00000044211	0	33	1	0	23	1
ENSMUSG00000044213	0	0	0	0	0	0
ENSMUSG00000044220	0	0	0	0	0	0
ENSMUSG00000044222	0	0	0	0	0	0
ENSMUSG00000044227	0	0	0	0	0	0
ENSMUSG00000044243	0	0	0	0	0	0
ENSMUSG00000044248	0	0	0	0	0	0
ENSMUSG00000044249	0	0	0	0	0	0
ENSMUSG00000044265	0	0	0	0	0	0
ENSMUSG00000044268	0	0	0	0	0	0
ENSMUSG00000044279	0	0	0	0	0	0
ENSMUSG00000044286	0	0	0	0	0	0
ENSMUSG00000044292	0	0	0	0	0	0
ENSMUSG00000044293	1	0	0	0	0	0
ENSMUSG00000044294	0	2	0	0	0	0
ENSMUSG00000044296	9	2	6	0	0	7
ENSMUSG00000044309	0	0	0	0	0	0
ENSMUSG00000044312	0	0	0	0	0	0
ENSMUSG00000044317	0	0	0	0	0	0
ENSMUSG00000044320	11	11	13	15	1	0
ENSMUSG00000044322	0	0	0	0	0	0
ENSMUSG00000044330	1	0	0	0	1	0
ENSMUSG00000044352	0	0	0	0	0	0
ENSMUSG00000044359	0	0	0	0	0	0
ENSMUSG00000044375	0	0	0	0	0	0
ENSMUSG00000044377	0	0	0	0	0	0
ENSMUSG00000044378	0	0	0	0	0	0
ENSMUSG00000044393	0	0	0	0	0	0
ENSMUSG00000044400	0	0	0	0	0	0
ENSMUSG00000044429	0	0	0	0	0	0
ENSMUSG00000044430	0	0	0	0	0	0
ENSMUSG00000044441	0	0	0	0	0	0
ENSMUSG00000044444	0	0	0	0	0	0
ENSMUSG00000044453	0	0	0	0	0	0
ENSMUSG00000044454	0	0	0	0	0	0
ENSMUSG00000044457	0	0	0	0	0	0
ENSMUSG00000044461	18	9	20	89	89	119
ENSMUSG00000044485	0	0	0	0	0	0
ENSMUSG00000044487	0	0	0	0	0	0
ENSMUSG00000044515	0	0	0	0	0	0
ENSMUSG00000044518	0	0	0	0	0	0
ENSMUSG00000044526	0	0	0	0	0	0
ENSMUSG00000044534	0	0	0	0	2	0
ENSMUSG00000044537	0	0	0	0	0	0
ENSMUSG00000044538	0	0	0	0	0	0
ENSMUSG00000044542	0	0	0	0	0	0
ENSMUSG00000044544	0	0	0	0	0	2
ENSMUSG00000044556	0	0	0	0	0	0
ENSMUSG00000044560	0	0	0	0	0	0
ENSMUSG00000044574	0	0	0	0	1	0
ENSMUSG00000044594	0	0	0	0	0	0
ENSMUSG00000044597	0	0	0	0	0	0
ENSMUSG00000044624	0	0	0	0	0	0
ENSMUSG00000044639	0	0	0	0	0	0
ENSMUSG00000044645	0	0	1	0	0	1
ENSMUSG00000044647	0	0	8	4	0	10
ENSMUSG00000044649	0	0	0	0	0	0
ENSMUSG00000044664	0	0	0	0	0	0
ENSMUSG00000044689	0	0	1	0	0	0
ENSMUSG00000044697	0	0	0	0	0	0
ENSMUSG00000044701	0	0	0	0	0	0
ENSMUSG00000044705	0	0	0	0	0	0
ENSMUSG00000044708	0	0	0	0	0	1
ENSMUSG00000044716	2	2	12	46	137	102
ENSMUSG00000044724	0	0	0	0	0	0
ENSMUSG00000044726	0	0	0	0	0	0
ENSMUSG00000044737	0	0	0	0	0	0
ENSMUSG00000044743	0	0	0	0	0	0
ENSMUSG00000044748	0	0	0	0	0	0
ENSMUSG00000044772	0	0	0	0	0	0
ENSMUSG00000044787	0	2	0	0	0	0
ENSMUSG00000044798	0	0	0	0	0	0
ENSMUSG00000044801	0	0	0	0	0	0
ENSMUSG00000044811	0	0	1	0	0	0
ENSMUSG00000044814	0	0	0	0	0	0
ENSMUSG00000044819	0	0	0	0	0	2
ENSMUSG00000044824	0	0	0	0	0	0
ENSMUSG00000044863	0	0	0	0	0	0
ENSMUSG00000044867	0	0	0	0	0	0
ENSMUSG00000044897	0	0	0	0	0	0
ENSMUSG00000044899	0	0	0	0	0	0
ENSMUSG00000044903	0	0	0	0	0	0
ENSMUSG00000044916	14	11	19	36	21	24
ENSMUSG00000044921	0	0	0	0	0	2
ENSMUSG00000044923	0	0	0	0	0	0
ENSMUSG00000044933	0	0	0	0	0	0
ENSMUSG00000044938	2	2	2	61	100	75
ENSMUSG00000044948	3	9	14	11	0	19
ENSMUSG00000044951	0	0	2	17	24	26
ENSMUSG00000044957	0	0	0	0	1	0
ENSMUSG00000044976	5	0	0	20	1	17
ENSMUSG00000044985	0	0	0	0	0	0
ENSMUSG00000044988	0	0	0	0	0	0
ENSMUSG00000044994	0	0	0	0	0	0
ENSMUSG00000044997	0	0	1	0	0	1
ENSMUSG00000045004	0	0	0	0	0	0
ENSMUSG00000045010	0	14	0	0	0	5
ENSMUSG00000045013	0	0	0	0	0	0
ENSMUSG00000045022	0	0	0	0	0	0
ENSMUSG00000045027	29	2	14	0	7	15
ENSMUSG00000045030	0	0	0	0	0	0
ENSMUSG00000045034	0	0	0	0	0	0
ENSMUSG00000045048	0	0	0	0	0	0
ENSMUSG00000045052	0	0	0	0	1	0
ENSMUSG00000045053	0	0	0	0	0	0
ENSMUSG00000045083	2	0	3	0	0	21
ENSMUSG00000045087	0	2	0	0	0	0
ENSMUSG00000045091	0	0	0	0	0	0
ENSMUSG00000045109	0	0	0	0	0	0
ENSMUSG00000045111	0	0	0	0	0	0
ENSMUSG00000045126	0	0	0	0	0	0
ENSMUSG00000045132	1	0	1	0	0	0
ENSMUSG00000045148	0	0	0	0	0	0
ENSMUSG00000045150	0	0	0	0	0	0
ENSMUSG00000045174	0	0	0	0	0	0
ENSMUSG00000045178	0	0	0	0	0	0
ENSMUSG00000045179	0	0	0	0	0	0
ENSMUSG00000045201	0	0	0	0	0	52
ENSMUSG00000045202	0	0	0	0	0	0
ENSMUSG00000045204	0	0	0	0	0	0
ENSMUSG00000045215	23	10	29	14	0	39
ENSMUSG00000045217	0	0	0	0	0	0
ENSMUSG00000045232	0	0	0	0	0	0
ENSMUSG00000045236	0	0	0	0	0	0
ENSMUSG00000045246	0	0	0	4	8	4
ENSMUSG00000045267	0	0	0	0	0	0
ENSMUSG00000045288	0	0	0	0	0	2
ENSMUSG00000045291	0	0	0	0	0	0
ENSMUSG00000045306	0	0	0	0	0	0
ENSMUSG00000045318	0	0	0	0	0	0
ENSMUSG00000045330	0	2	0	0	0	0
ENSMUSG00000045331	0	0	0	0	0	0
ENSMUSG00000045336	0	0	0	0	0	0
ENSMUSG00000045337	0	0	0	0	0	0
ENSMUSG00000045340	0	0	0	0	0	0
ENSMUSG00000045341	0	0	0	0	0	0
ENSMUSG00000045364	0	0	0	0	0	0
ENSMUSG00000045378	1	0	0	0	2	0
ENSMUSG00000045381	0	0	0	0	2	0
ENSMUSG00000045395	0	0	0	0	0	0
ENSMUSG00000045404	2	0	0	31	28	18
ENSMUSG00000045409	659	699	810	528	575	860
ENSMUSG00000045417	0	0	0	0	0	0
ENSMUSG00000045421	0	0	0	0	0	0
ENSMUSG00000045440	0	0	0	0	0	0
ENSMUSG00000045455	0	0	1	0	0	1
ENSMUSG00000045463	0	0	0	0	0	0
ENSMUSG00000045471	0	0	0	0	0	0
ENSMUSG00000045474	0	0	0	0	0	0
ENSMUSG00000045475	0	0	0	0	0	0
ENSMUSG00000045479	0	0	0	0	1	0
ENSMUSG00000045493	2	0	0	0	0	0
ENSMUSG00000045508	0	0	0	0	0	0
ENSMUSG00000045509	0	2	4	0	0	16
ENSMUSG00000045518	0	0	0	0	0	0
ENSMUSG00000045521	0	0	0	0	0	0
ENSMUSG00000045528	0	0	0	0	0	0
ENSMUSG00000045534	0	0	0	0	0	0
ENSMUSG00000045545	0	0	0	0	0	1
ENSMUSG00000045559	0	0	0	0	0	0
ENSMUSG00000045566	0	0	0	0	0	0
ENSMUSG00000045569	0	0	0	0	0	0
ENSMUSG00000045581	0	0	0	0	0	0
ENSMUSG00000045584	0	0	0	0	0	0
ENSMUSG00000045587	0	0	0	0	0	0
ENSMUSG00000045591	0	0	0	0	0	0
ENSMUSG00000045609	0	0	0	0	0	1
ENSMUSG00000045620	0	0	0	0	0	0
ENSMUSG00000045631	0	0	0	0	0	0
ENSMUSG00000045648	0	0	0	0	0	0
ENSMUSG00000045655	0	0	0	0	0	0
ENSMUSG00000045667	5	3	6	2	23	13
ENSMUSG00000045678	4	0	0	0	1	1
ENSMUSG00000045680	0	0	0	0	0	0
ENSMUSG00000045684	0	0	0	0	0	0
ENSMUSG00000045693	0	0	0	0	0	0
ENSMUSG00000045708	0	0	0	0	0	0
ENSMUSG00000045725	14	2	4	0	1	0
ENSMUSG00000045731	0	0	0	0	0	0
ENSMUSG00000045752	1566	1480	1146	1834	1517	1571
ENSMUSG00000045775	0	0	0	0	0	0
ENSMUSG00000045776	0	0	0	0	6	6
ENSMUSG00000045792	0	0	0	0	0	0
ENSMUSG00000045794	0	0	0	0	0	0
ENSMUSG00000045797	0	0	0	0	0	0
ENSMUSG00000045815	0	0	0	0	0	0
ENSMUSG00000045824	0	0	0	0	0	0
ENSMUSG00000045835	0	0	0	0	0	0
ENSMUSG00000045842	0	0	0	0	0	0
ENSMUSG00000045868	0	0	0	0	0	1
ENSMUSG00000045883	0	0	0	0	0	0
ENSMUSG00000045912	0	6	4	6	9	0
ENSMUSG00000045915	0	0	0	0	0	0
ENSMUSG00000045952	0	0	0	0	0	0
ENSMUSG00000045967	0	0	0	0	0	0
ENSMUSG00000045989	0	0	0	0	0	0
ENSMUSG00000045994	2	0	0	0	0	0
ENSMUSG00000046005	0	6	6	0	0	0
ENSMUSG00000046006	0	0	0	0	0	0
ENSMUSG00000046016	0	0	0	0	0	0
ENSMUSG00000046041	0	0	0	0	0	0
ENSMUSG00000046049	0	0	0	0	2	0
ENSMUSG00000046057	0	0	0	0	0	0
ENSMUSG00000046080	0	0	0	0	0	0
ENSMUSG00000046082	0	0	0	0	0	0
ENSMUSG00000046085	0	0	0	0	0	0
ENSMUSG00000046093	0	0	0	0	0	2
ENSMUSG00000046095	0	0	0	0	0	0
ENSMUSG00000046119	0	0	0	0	0	0
ENSMUSG00000046130	0	0	0	0	0	0
ENSMUSG00000046133	0	0	0	0	0	0
ENSMUSG00000046145	1	0	0	0	0	0
ENSMUSG00000046150	0	0	0	0	0	0
ENSMUSG00000046160	0	0	0	0	0	0
ENSMUSG00000046173	0	0	0	0	0	0
ENSMUSG00000046180	0	0	0	0	0	12
ENSMUSG00000046182	0	0	0	0	0	0
ENSMUSG00000046196	2	11	5	13	1	4
ENSMUSG00000046203	0	0	0	0	0	0
ENSMUSG00000046213	2	0	0	0	0	0
ENSMUSG00000046242	0	0	0	0	0	0
ENSMUSG00000046248	0	0	0	0	0	0
ENSMUSG00000046258	0	0	0	0	0	0
ENSMUSG00000046259	0	0	0	0	0	0
ENSMUSG00000046262	0	0	0	0	0	0
ENSMUSG00000046269	284	165	138	161	182	261
ENSMUSG00000046272	0	0	0	0	0	0
ENSMUSG00000046282	0	0	0	0	0	0
ENSMUSG00000046287	0	0	0	0	0	0
ENSMUSG00000046300	0	0	0	0	0	0
ENSMUSG00000046317	0	0	2	0	0	0
ENSMUSG00000046321	2	0	0	0	0	0
ENSMUSG00000046323	0	0	0	0	0	0
ENSMUSG00000046341	1	0	0	0	0	0
ENSMUSG00000046352	105	499	211	427	384	35
ENSMUSG00000046354	0	0	0	0	0	0
ENSMUSG00000046367	0	0	0	2	0	0
ENSMUSG00000046378	0	0	0	0	0	0
ENSMUSG00000046388	0	0	0	0	0	0
ENSMUSG00000046396	0	0	0	0	0	0
ENSMUSG00000046408	0	7	9	2	8	24
ENSMUSG00000046411	0	0	0	0	0	0
ENSMUSG00000046413	16	16	11	7	19	3
ENSMUSG00000046431	0	0	0	0	0	0
ENSMUSG00000046435	0	0	0	0	0	0
ENSMUSG00000046438	0	0	0	0	0	0
ENSMUSG00000046447	49	52	78	71	102	37
ENSMUSG00000046456	0	0	0	0	0	0
ENSMUSG00000046460	0	0	0	0	0	0
ENSMUSG00000046474	0	0	0	0	0	0
ENSMUSG00000046486	0	0	0	0	0	0
ENSMUSG00000046487	0	0	0	0	0	0
ENSMUSG00000046490	0	0	0	0	0	0
ENSMUSG00000046493	0	0	0	0	0	0
ENSMUSG00000046500	0	0	0	0	0	0
ENSMUSG00000046518	0	0	0	0	0	0
ENSMUSG00000046523	0	0	8	0	0	8
ENSMUSG00000046590	0	0	0	0	0	0
ENSMUSG00000046593	0	0	0	2	0	0
ENSMUSG00000046607	0	0	0	0	0	0
ENSMUSG00000046613	0	0	0	0	0	0
ENSMUSG00000046615	0	0	0	0	0	0
ENSMUSG00000046620	0	0	0	0	0	0
ENSMUSG00000046634	2	0	0	1	0	30
ENSMUSG00000046637	0	0	0	0	0	0
ENSMUSG00000046643	0	0	0	0	0	0
ENSMUSG00000046650	0	0	1	0	0	1
ENSMUSG00000046676	0	0	0	0	0	0
ENSMUSG00000046683	0	0	0	0	0	0
ENSMUSG00000046697	0	0	0	0	0	0
ENSMUSG00000046699	0	0	0	0	2	0
ENSMUSG00000046709	23	1	13	2	16	5
ENSMUSG00000046716	0	0	0	0	0	0
ENSMUSG00000046717	0	0	0	0	0	0
ENSMUSG00000046723	0	0	0	0	0	0
ENSMUSG00000046750	0	0	0	0	0	0
ENSMUSG00000046755	0	0	0	0	0	0
ENSMUSG00000046782	0	0	0	0	0	2
ENSMUSG00000046790	0	0	0	0	0	0
ENSMUSG00000046793	0	0	0	0	0	0
ENSMUSG00000046804	0	0	0	0	1	0
ENSMUSG00000046805	8	17	17	0	9	0
ENSMUSG00000046826	0	0	0	0	0	0
ENSMUSG00000046828	0	0	0	0	0	0
ENSMUSG00000046840	0	0	0	0	0	0
ENSMUSG00000046846	0	0	0	0	0	0
ENSMUSG00000046913	0	0	0	0	0	0
ENSMUSG00000046922	0	0	0	0	0	0
ENSMUSG00000046924	1	0	0	0	0	0
ENSMUSG00000046932	0	0	0	0	0	0
ENSMUSG00000046934	0	0	0	0	0	0
ENSMUSG00000046942	0	0	0	0	0	0
ENSMUSG00000046957	0	0	0	0	0	2
ENSMUSG00000046958	0	0	0	0	0	0
ENSMUSG00000046959	9	6	10	2	0	0
ENSMUSG00000046961	5	28	15	0	13	9
ENSMUSG00000046974	0	0	0	0	0	0
ENSMUSG00000046975	0	0	0	0	0	0
ENSMUSG00000046995	0	0	0	0	0	0
ENSMUSG00000046999	0	0	0	0	0	0
ENSMUSG00000047002	0	0	0	0	0	0
ENSMUSG00000047021	0	0	0	0	0	0
ENSMUSG00000047025	0	0	0	0	0	0
ENSMUSG00000047026	0	0	0	0	0	0
ENSMUSG00000047031	0	0	0	0	0	0
ENSMUSG00000047034	0	1	0	0	0	0
ENSMUSG00000047037	628	570	531	630	466	572
ENSMUSG00000047039	0	0	0	0	0	0
ENSMUSG00000047040	0	0	2	0	0	0
ENSMUSG00000047046	0	0	0	0	0	0
ENSMUSG00000047053	0	0	0	0	0	0
ENSMUSG00000047061	0	0	0	0	0	0
ENSMUSG00000047079	0	0	0	0	0	0
ENSMUSG00000047085	0	0	0	0	0	0
ENSMUSG00000047094	0	0	0	0	0	2
ENSMUSG00000047102	0	0	0	0	0	0
ENSMUSG00000047108	0	0	0	0	0	0
ENSMUSG00000047129	0	0	0	0	0	0
ENSMUSG00000047149	0	0	0	0	0	0
ENSMUSG00000047150	0	0	0	0	2	0
ENSMUSG00000047161	0	0	0	0	2	0
ENSMUSG00000047168	0	0	0	0	0	0
ENSMUSG00000047171	0	0	0	0	0	0
ENSMUSG00000047180	0	0	0	12	2	4
ENSMUSG00000047182	7	6	14	10	7	20
ENSMUSG00000047189	0	0	0	0	0	1
ENSMUSG00000047203	0	0	0	0	0	0
ENSMUSG00000047207	0	0	0	0	0	0
ENSMUSG00000047215	39181	39173	27089	43282	38202	34755
ENSMUSG00000047216	0	3	12	2	5	21
ENSMUSG00000047222	2	19	14	0	2	0
ENSMUSG00000047225	0	0	0	0	0	0
ENSMUSG00000047228	0	0	0	0	0	0
ENSMUSG00000047230	0	0	0	15	22	10
ENSMUSG00000047237	0	0	0	0	0	0
ENSMUSG00000047259	0	0	0	0	11	15
ENSMUSG00000047286	0	0	0	0	0	0
ENSMUSG00000047295	0	0	0	0	0	0
ENSMUSG00000047298	0	0	0	2	0	0
ENSMUSG00000047324	0	0	0	0	0	0
ENSMUSG00000047343	0	0	0	0	0	0
ENSMUSG00000047344	53	55	37	10	41	357
ENSMUSG00000047347	46	53	0	0	70	0
ENSMUSG00000047356	0	0	0	0	0	0
ENSMUSG00000047369	0	0	0	0	0	15
ENSMUSG00000047383	0	0	0	0	0	0
ENSMUSG00000047390	0	0	0	0	0	0
ENSMUSG00000047394	0	0	0	0	0	0
ENSMUSG00000047415	2	9	12	0	9	37
ENSMUSG00000047441	0	0	0	0	0	0
ENSMUSG00000047444	0	0	0	0	0	0
ENSMUSG00000047462	0	0	0	0	0	0
ENSMUSG00000047473	175	128	129	123	147	93
ENSMUSG00000047485	0	4	0	10	17	4
ENSMUSG00000047492	0	0	0	0	0	0
ENSMUSG00000047495	2	2	2	1	8	4
ENSMUSG00000047501	0	0	0	2	16	6
ENSMUSG00000047502	0	0	0	0	0	0
ENSMUSG00000047508	0	0	0	0	0	0
ENSMUSG00000047509	0	0	0	0	0	0
ENSMUSG00000047511	0	0	0	0	0	0
ENSMUSG00000047515	78	47	56	41	62	60
ENSMUSG00000047517	0	0	0	0	0	0
ENSMUSG00000047528	14	6	2	0	0	61
ENSMUSG00000047531	0	0	2	0	0	0
ENSMUSG00000047535	0	0	0	0	0	0
ENSMUSG00000047544	0	0	0	0	0	0
ENSMUSG00000047545	0	0	0	0	0	0
ENSMUSG00000047554	3128	3176	2749	3171	2938	3065
ENSMUSG00000047562	3	9	1	26	17	584
ENSMUSG00000047564	0	0	0	0	0	0
ENSMUSG00000047586	0	0	0	0	0	0
ENSMUSG00000047591	2	0	0	7	16	6
ENSMUSG00000047592	0	0	0	0	2	0
ENSMUSG00000047594	9	13	15	0	2	2
ENSMUSG00000047606	0	0	0	0	0	0
ENSMUSG00000047619	0	0	0	0	0	0
ENSMUSG00000047626	0	0	0	0	0	0
ENSMUSG00000047631	0	0	0	0	0	0
ENSMUSG00000047642	0	0	0	0	0	0
ENSMUSG00000047643	0	0	0	0	0	0
ENSMUSG00000047652	0	0	0	0	0	0
ENSMUSG00000047655	0	0	0	0	0	0
ENSMUSG00000047661	0	0	0	0	0	0
ENSMUSG00000047667	0	0	0	0	0	0
ENSMUSG00000047671	14	26	12	10	4	0
ENSMUSG00000047674	0	0	0	0	0	0
ENSMUSG00000047678	0	0	0	0	0	0
ENSMUSG00000047696	0	1	0	0	0	0
ENSMUSG00000047702	0	0	1	1	0	0
ENSMUSG00000047710	2260	2536	2128	2579	2621	2964
ENSMUSG00000047716	0	0	0	0	0	0
ENSMUSG00000047720	0	0	0	0	0	0
ENSMUSG00000047730	0	0	0	0	0	0
ENSMUSG00000047751	0	0	0	0	0	0
ENSMUSG00000047773	0	0	0	0	0	0
ENSMUSG00000047793	3037	2902	9644	1551	3227	346
ENSMUSG00000047794	0	0	0	0	0	0
ENSMUSG00000047798	0	0	0	0	2	0
ENSMUSG00000047799	0	0	0	0	0	0
ENSMUSG00000047807	0	0	0	0	0	0
ENSMUSG00000047828	0	0	0	0	0	0
ENSMUSG00000047861	0	0	0	0	0	0
ENSMUSG00000047868	0	0	0	0	0	0
ENSMUSG00000047880	0	0	0	0	2	0
ENSMUSG00000047889	0	2	0	0	0	0
ENSMUSG00000047935	0	0	0	0	0	0
ENSMUSG00000047959	0	0	0	0	0	2
ENSMUSG00000047960	0	0	0	0	0	0
ENSMUSG00000047969	0	0	0	0	0	0
ENSMUSG00000047980	0	0	0	0	0	0
ENSMUSG00000047988	0	0	2	0	0	0
ENSMUSG00000047990	0	0	0	0	2	0
ENSMUSG00000047992	0	0	0	10	4	31
ENSMUSG00000047995	0	0	0	0	0	0
ENSMUSG00000048001	0	0	0	0	0	0
ENSMUSG00000048004	0	0	4	5	2	0
ENSMUSG00000048013	0	0	0	0	0	0
ENSMUSG00000048015	0	0	0	0	0	0
ENSMUSG00000048022	0	0	0	0	0	0
ENSMUSG00000048031	0	0	0	0	0	0
ENSMUSG00000048038	0	0	0	0	0	0
ENSMUSG00000048062	0	0	0	0	0	0
ENSMUSG00000048067	0	0	0	0	0	0
ENSMUSG00000048070	0	0	0	0	0	0
ENSMUSG00000048076	22973	22129	15919	25217	22309	20193
ENSMUSG00000048077	0	0	0	0	0	0
ENSMUSG00000048087	0	550	278	0	0	1
ENSMUSG00000048101	0	0	0	0	0	0
ENSMUSG00000048153	0	0	0	0	0	0
ENSMUSG00000048155	0	0	0	0	0	0
ENSMUSG00000048173	0	0	0	0	0	0
ENSMUSG00000048185	0	0	0	0	0	0
ENSMUSG00000048188	0	0	2	0	0	1
ENSMUSG00000048197	0	0	0	0	0	0
ENSMUSG00000048206	0	0	0	0	0	0
ENSMUSG00000048215	0	0	0	0	0	0
ENSMUSG00000048230	2	0	0	0	0	0
ENSMUSG00000048231	0	0	0	0	0	0
ENSMUSG00000048236	0	0	0	0	0	0
ENSMUSG00000048249	665	617	1106	355	457	453
ENSMUSG00000048261	0	0	0	0	0	0
ENSMUSG00000048281	0	0	0	0	0	0
ENSMUSG00000048292	0	0	0	0	0	0
ENSMUSG00000048294	0	0	0	0	0	0
ENSMUSG00000048299	0	0	0	0	0	0
ENSMUSG00000048312	0	0	0	0	0	0
ENSMUSG00000048316	0	0	0	2	0	0
ENSMUSG00000048329	0	0	0	0	0	0
ENSMUSG00000048334	0	0	0	0	0	0
ENSMUSG00000048356	0	0	0	0	0	0
ENSMUSG00000048373	0	0	0	34	20	34
ENSMUSG00000048377	0	0	0	0	0	0
ENSMUSG00000048378	0	0	0	0	0	0
ENSMUSG00000048391	0	0	0	0	0	0
ENSMUSG00000048398	0	0	0	0	0	0
ENSMUSG00000048399	1	1	0	4	0	4
ENSMUSG00000048400	0	0	0	0	0	0
ENSMUSG00000048411	0	0	0	0	0	2
ENSMUSG00000048425	0	0	0	0	0	0
ENSMUSG00000048442	0	6	1	21	14	19
ENSMUSG00000048455	2	0	0	0	0	0
ENSMUSG00000048456	0	0	0	0	0	0
ENSMUSG00000048469	0	0	0	0	0	0
ENSMUSG00000048473	0	0	0	0	0	0
ENSMUSG00000048480	0	0	0	0	0	0
ENSMUSG00000048483	0	0	0	0	0	0
ENSMUSG00000048489	0	0	0	0	2	0
ENSMUSG00000048500	0	0	0	0	0	0
ENSMUSG00000048501	0	0	0	0	0	0
ENSMUSG00000048516	0	0	0	0	0	0
ENSMUSG00000048520	26	5	15	6	0	4
ENSMUSG00000048528	0	0	0	0	0	0
ENSMUSG00000048540	0	0	0	0	0	0
ENSMUSG00000048559	0	0	0	0	0	0
ENSMUSG00000048562	0	0	0	0	0	0
ENSMUSG00000048573	0	0	0	0	0	0
ENSMUSG00000048583	0	8	6	25	39	13
ENSMUSG00000048592	0	0	0	1	1	0
ENSMUSG00000048600	1	0	0	1	0	0
ENSMUSG00000048617	0	0	0	0	0	0
ENSMUSG00000048621	0	0	1	0	0	0
ENSMUSG00000048626	0	0	0	0	0	0
ENSMUSG00000048628	0	0	0	0	0	0
ENSMUSG00000048643	0	0	0	0	0	0
ENSMUSG00000048686	0	0	0	0	0	0
ENSMUSG00000048693	0	0	0	0	0	0
ENSMUSG00000048699	0	6	0	0	0	0
ENSMUSG00000048721	0	0	0	0	0	0
ENSMUSG00000048745	0	0	0	0	0	0
ENSMUSG00000048747	0	0	0	0	1	0
ENSMUSG00000048752	0	3	0	6	0	0
ENSMUSG00000048764	15	2	2	5	10	166
ENSMUSG00000048766	0	0	0	0	0	0
ENSMUSG00000048775	0	0	0	0	0	0
ENSMUSG00000048806	0	0	0	0	0	0
ENSMUSG00000048810	0	0	0	0	0	0
ENSMUSG00000048824	0	0	0	0	0	0
ENSMUSG00000048827	0	0	0	0	1	0
ENSMUSG00000048830	0	0	0	0	0	0
ENSMUSG00000048833	1702	1398	1413	1304	1269	1381
ENSMUSG00000048875	0	0	0	0	0	0
ENSMUSG00000048899	0	0	0	0	0	0
ENSMUSG00000048904	0	0	0	0	0	0
ENSMUSG00000048919	0	0	0	0	0	0
ENSMUSG00000048933	0	0	0	0	0	0
ENSMUSG00000048938	0	0	0	0	0	0
ENSMUSG00000048939	0	0	9	13	2	0
ENSMUSG00000048981	0	0	0	0	0	0
ENSMUSG00000048982	2	0	0	0	0	0
ENSMUSG00000048996	0	0	0	0	0	0
ENSMUSG00000049008	0	0	0	0	0	0
ENSMUSG00000049010	0	1	0	0	0	0
ENSMUSG00000049011	0	0	0	0	0	0
ENSMUSG00000049013	0	0	0	0	0	0
ENSMUSG00000049015	0	0	0	0	0	0
ENSMUSG00000049018	0	0	0	0	0	0
ENSMUSG00000049028	0	0	0	0	0	0
ENSMUSG00000049052	0	0	0	0	0	0
ENSMUSG00000049057	0	0	0	0	0	0
ENSMUSG00000049062	0	0	0	0	0	0
ENSMUSG00000049073	0	0	0	0	0	0
ENSMUSG00000049093	8	2	20	0	0	0
ENSMUSG00000049094	0	0	0	0	0	0
ENSMUSG00000049098	0	0	0	0	0	0
ENSMUSG00000049103	0	0	0	0	0	0
ENSMUSG00000049107	0	0	2	0	0	0
ENSMUSG00000049112	10	44	112	5	43	2
ENSMUSG00000049115	7	11	17	38	68	1
ENSMUSG00000049123	0	0	0	0	0	0
ENSMUSG00000049124	0	0	0	0	0	0
ENSMUSG00000049133	0	0	0	0	0	0
ENSMUSG00000049134	6	7	24	269	275	137
ENSMUSG00000049149	0	0	0	0	0	0
ENSMUSG00000049152	0	0	0	0	0	0
ENSMUSG00000049154	0	0	0	0	0	0
ENSMUSG00000049160	0	0	0	0	0	0
ENSMUSG00000049168	0	0	0	0	0	0
ENSMUSG00000049202	0	0	0	0	0	0
ENSMUSG00000049214	0	0	0	0	0	0
ENSMUSG00000049217	0	0	0	0	0	0
ENSMUSG00000049229	0	0	0	0	0	0
ENSMUSG00000049230	0	2	0	0	0	0
ENSMUSG00000049231	0	0	0	0	0	0
ENSMUSG00000049233	0	0	0	0	0	0
ENSMUSG00000049246	0	0	0	0	0	0
ENSMUSG00000049249	0	0	0	0	0	0
ENSMUSG00000049252	0	0	0	0	0	0
ENSMUSG00000049265	0	0	0	0	0	0
ENSMUSG00000049291	0	0	0	0	0	0
ENSMUSG00000049314	0	0	0	0	0	0
ENSMUSG00000049315	0	0	0	0	0	0
ENSMUSG00000049334	0	0	0	0	0	0
ENSMUSG00000049336	0	0	0	0	1	0
ENSMUSG00000049349	0	0	0	0	1	0
ENSMUSG00000049350	0	0	0	0	0	0
ENSMUSG00000049353	0	0	0	0	0	0
ENSMUSG00000049362	0	0	0	0	0	0
ENSMUSG00000049372	0	0	0	0	0	0
ENSMUSG00000049382	0	0	0	0	0	0
ENSMUSG00000049387	0	0	0	0	0	0
ENSMUSG00000049410	0	0	0	0	0	0
ENSMUSG00000049414	0	0	0	0	0	0
ENSMUSG00000049427	0	0	0	0	0	0
ENSMUSG00000049436	2	0	0	11	11	7
ENSMUSG00000049456	0	0	0	0	0	0
ENSMUSG00000049460	0	0	0	0	0	0
ENSMUSG00000049476	0	0	0	0	0	0
ENSMUSG00000049477	0	0	0	0	0	0
ENSMUSG00000049491	0	0	0	0	0	0
ENSMUSG00000049493	12	1	0	0	2	11
ENSMUSG00000049498	0	0	0	0	0	0
ENSMUSG00000049506	0	0	0	0	0	0
ENSMUSG00000049528	0	0	0	0	0	0
ENSMUSG00000049530	0	0	0	0	0	0
ENSMUSG00000049548	0	0	0	0	1	0
ENSMUSG00000049560	0	0	0	0	0	0
ENSMUSG00000049561	0	0	0	0	0	0
ENSMUSG00000049571	0	10	13	0	2	3
ENSMUSG00000049573	0	0	0	0	0	0
ENSMUSG00000049583	0	0	0	0	0	0
ENSMUSG00000049593	0	0	2	4	0	16
ENSMUSG00000049604	0	0	0	0	0	2
ENSMUSG00000049605	0	0	0	0	0	0
ENSMUSG00000049608	0	0	0	0	2	0
ENSMUSG00000049612	0	0	0	0	0	0
ENSMUSG00000049618	0	0	0	0	0	0
ENSMUSG00000049620	0	0	0	0	0	0
ENSMUSG00000049625	0	0	0	0	0	0
ENSMUSG00000049641	0	0	4	7	9	4
ENSMUSG00000049648	0	0	0	0	0	0
ENSMUSG00000049653	0	0	0	0	0	0
ENSMUSG00000049674	0	0	1	0	0	1
ENSMUSG00000049685	0	0	0	0	0	0
ENSMUSG00000049692	0	0	0	0	0	0
ENSMUSG00000049694	0	0	0	0	0	0
ENSMUSG00000049699	6	0	5	0	0	15
ENSMUSG00000049708	0	0	0	0	0	0
ENSMUSG00000049709	2	0	1	4	2	0
ENSMUSG00000049734	0	0	0	0	0	0
ENSMUSG00000049737	0	0	0	0	0	0
ENSMUSG00000049739	2721	2403	2155	2309	2355	2791
ENSMUSG00000049740	0	0	0	0	0	0
ENSMUSG00000049741	0	0	0	0	0	0
ENSMUSG00000049758	0	0	0	0	0	0
ENSMUSG00000049761	0	0	0	0	0	0
ENSMUSG00000049796	0	0	0	0	0	0
ENSMUSG00000049797	0	0	0	0	0	0
ENSMUSG00000049799	0	0	0	0	0	0
ENSMUSG00000049809	0	0	0	0	0	0
ENSMUSG00000049815	0	0	0	0	0	0
ENSMUSG00000049832	0	0	0	0	2	0
ENSMUSG00000049843	0	0	0	0	0	0
ENSMUSG00000049848	0	0	0	1	0	0
ENSMUSG00000049871	240	187	150	188	182	355
ENSMUSG00000049891	0	0	0	0	0	0
ENSMUSG00000049902	0	0	0	0	0	0
ENSMUSG00000049908	0	0	0	0	0	0
ENSMUSG00000049916	17	15	9	22	23	26
ENSMUSG00000049926	0	0	0	0	0	0
ENSMUSG00000049946	3	11	3	0	6	16
ENSMUSG00000049971	0	0	0	0	0	0
ENSMUSG00000049972	0	0	0	0	0	0
ENSMUSG00000049985	225	332	345	389	404	58
ENSMUSG00000050010	0	0	0	0	4	10
ENSMUSG00000050015	0	0	0	0	0	0
ENSMUSG00000050023	0	0	0	0	0	0
ENSMUSG00000050028	0	0	0	0	0	0
ENSMUSG00000050030	0	0	0	0	0	0
ENSMUSG00000050050	3	0	14	6	14	0
ENSMUSG00000050058	0	0	0	0	0	0
ENSMUSG00000050063	0	2	0	0	0	0
ENSMUSG00000050066	7	12	9	1	0	6
ENSMUSG00000050071	0	0	0	83	115	49
ENSMUSG00000050074	0	0	0	0	2	0
ENSMUSG00000050075	0	0	0	0	0	0
ENSMUSG00000050085	0	0	0	0	0	0
ENSMUSG00000050087	0	0	0	0	0	0
ENSMUSG00000050089	0	0	0	0	0	0
ENSMUSG00000050092	0	0	0	0	0	0
ENSMUSG00000050097	8	3	11	3	0	1
ENSMUSG00000050100	0	0	1	0	0	0
ENSMUSG00000050102	0	0	0	0	0	0
ENSMUSG00000050105	0	0	0	0	0	0
ENSMUSG00000050108	0	0	2	10	0	11
ENSMUSG00000050114	0	0	0	0	0	0
ENSMUSG00000050121	0	0	0	0	0	0
ENSMUSG00000050122	9	23	3	1	12	0
ENSMUSG00000050128	0	0	0	0	0	0
ENSMUSG00000050134	0	0	0	0	0	0
ENSMUSG00000050141	0	0	0	0	0	0
ENSMUSG00000050158	0	0	0	0	0	0
ENSMUSG00000050179	0	0	0	0	0	0
ENSMUSG00000050189	0	0	0	0	0	0
ENSMUSG00000050190	0	0	0	0	0	0
ENSMUSG00000050197	0	0	0	0	0	0
ENSMUSG00000050198	0	0	0	0	0	0
ENSMUSG00000050201	0	0	0	0	0	0
ENSMUSG00000050211	0	0	0	0	0	0
ENSMUSG00000050215	0	0	0	0	0	0
ENSMUSG00000050217	0	0	0	0	0	0
ENSMUSG00000050224	0	0	0	0	0	0
ENSMUSG00000050232	0	0	0	0	0	0
ENSMUSG00000050239	0	0	0	0	0	0
ENSMUSG00000050251	0	2	0	0	0	0
ENSMUSG00000050272	3	8	0	20	14	18
ENSMUSG00000050276	0	0	0	0	0	0
ENSMUSG00000050281	0	0	0	0	0	0
ENSMUSG00000050296	4	0	8	0	0	22
ENSMUSG00000050321	0	0	0	0	0	0
ENSMUSG00000050334	0	0	0	0	0	0
ENSMUSG00000050345	0	0	2	0	0	0
ENSMUSG00000050350	2	0	11	10	4	0
ENSMUSG00000050359	0	2	0	0	0	0
ENSMUSG00000050366	0	0	0	0	0	0
ENSMUSG00000050383	0	0	0	0	0	0
ENSMUSG00000050423	20	18	21	0	22	0
ENSMUSG00000050425	0	0	0	0	0	0
ENSMUSG00000050435	0	0	0	0	0	0
ENSMUSG00000050440	0	0	0	1	0	0
ENSMUSG00000050445	0	0	0	0	0	0
ENSMUSG00000050478	0	0	0	0	0	0
ENSMUSG00000050493	0	0	0	0	0	0
ENSMUSG00000050504	0	0	0	0	0	0
ENSMUSG00000050520	0	0	0	0	0	0
ENSMUSG00000050526	0	0	0	0	0	0
ENSMUSG00000050530	3891	3294	1765	3450	3384	5198
ENSMUSG00000050533	0	0	0	0	0	0
ENSMUSG00000050534	0	0	2	0	0	0
ENSMUSG00000050550	0	0	0	167	2	1
ENSMUSG00000050553	0	0	0	0	0	0
ENSMUSG00000050556	4	0	8	0	9	6
ENSMUSG00000050558	5	7	10	3	0	0
ENSMUSG00000050577	0	0	0	0	0	0
ENSMUSG00000050578	2	9	4	11	18	219
ENSMUSG00000050592	4	0	0	8	38	18
ENSMUSG00000050600	0	0	0	0	0	0
ENSMUSG00000050603	0	0	0	0	0	0
ENSMUSG00000050613	0	0	0	0	0	0
ENSMUSG00000050625	0	0	0	0	0	0
ENSMUSG00000050635	0	0	0	0	0	0
ENSMUSG00000050641	0	0	0	0	0	0
ENSMUSG00000050645	0	0	0	0	0	0
ENSMUSG00000050650	0	0	0	0	0	0
ENSMUSG00000050654	0	0	0	0	0	0
ENSMUSG00000050675	0	2	0	0	0	0
ENSMUSG00000050685	0	0	0	0	0	0
ENSMUSG00000050702	0	0	0	0	0	0
ENSMUSG00000050704	0	0	0	0	0	0
ENSMUSG00000050742	0	0	0	0	0	0
ENSMUSG00000050747	0	0	0	0	2	0
ENSMUSG00000050751	16	5	12	1	8	38
ENSMUSG00000050756	0	0	0	0	0	0
ENSMUSG00000050762	13	1	4	6	0	0
ENSMUSG00000050763	0	0	0	0	0	0
ENSMUSG00000050766	0	0	0	0	0	0
ENSMUSG00000050776	0	0	0	0	0	0
ENSMUSG00000050783	0	0	0	0	0	0
ENSMUSG00000050788	0	0	0	0	0	0
ENSMUSG00000050799	0	1	0	0	0	1
ENSMUSG00000050803	0	0	0	0	0	0
ENSMUSG00000050808	0	0	1	0	0	0
ENSMUSG00000050810	0	0	0	0	0	0
ENSMUSG00000050813	0	0	0	0	0	0
ENSMUSG00000050815	0	0	0	2	0	0
ENSMUSG00000050818	0	0	0	0	0	0
ENSMUSG00000050824	0	0	0	0	0	11
ENSMUSG00000050830	0	0	0	0	0	0
ENSMUSG00000050844	0	0	0	0	0	0
ENSMUSG00000050853	0	0	0	0	0	0
ENSMUSG00000050865	0	0	0	0	0	0
ENSMUSG00000050866	0	0	0	0	0	0
ENSMUSG00000050870	0	0	0	0	0	0
ENSMUSG00000050875	0	0	0	0	0	0
ENSMUSG00000050901	0	0	0	0	0	0
ENSMUSG00000050917	0	0	0	0	0	0
ENSMUSG00000050919	0	0	0	0	0	0
ENSMUSG00000050933	0	0	0	0	0	0
ENSMUSG00000050961	0	0	0	0	0	0
ENSMUSG00000050963	0	0	0	0	0	0
ENSMUSG00000050974	0	0	0	0	1	1
ENSMUSG00000050978	0	0	0	0	0	0
ENSMUSG00000050982	0	0	0	0	0	0
ENSMUSG00000050996	0	0	0	0	0	0
ENSMUSG00000051002	0	0	0	0	0	0
ENSMUSG00000051022	29	4	56	26	24	0
ENSMUSG00000051036	0	0	0	0	0	0
ENSMUSG00000051038	0	0	0	0	0	0
ENSMUSG00000051041	0	0	0	0	0	0
ENSMUSG00000051043	18	20	18	104	164	108
ENSMUSG00000051046	0	0	0	0	0	0
ENSMUSG00000051051	0	0	0	0	0	0
ENSMUSG00000051056	0	0	0	0	0	0
ENSMUSG00000051062	0	0	0	0	0	0
ENSMUSG00000051076	0	0	0	0	0	0
ENSMUSG00000051079	0	0	0	0	0	0
ENSMUSG00000051081	0	0	0	0	0	0
ENSMUSG00000051118	0	0	0	0	0	0
ENSMUSG00000051124	111	94	61	79	74	97
ENSMUSG00000051133	0	0	0	0	0	1
ENSMUSG00000051136	0	0	0	0	0	0
ENSMUSG00000051153	0	0	0	0	0	0
ENSMUSG00000051156	0	0	0	0	0	0
ENSMUSG00000051159	2	0	0	0	2	15
ENSMUSG00000051172	0	0	0	0	0	0
ENSMUSG00000051176	0	0	0	0	0	0
ENSMUSG00000051180	0	0	0	0	0	0
ENSMUSG00000051182	5	1	5	5	7	3
ENSMUSG00000051198	0	0	0	0	0	0
ENSMUSG00000051200	0	0	0	0	0	0
ENSMUSG00000051207	0	0	0	0	0	0
ENSMUSG00000051209	0	0	0	0	0	0
ENSMUSG00000051212	2	0	0	0	0	0
ENSMUSG00000051225	0	0	0	0	0	0
ENSMUSG00000051236	9489	7925	8384	5488	6902	5437
ENSMUSG00000051237	2	0	0	0	0	0
ENSMUSG00000051242	19	5	0	7	7	0
ENSMUSG00000051257	0	0	0	0	0	0
ENSMUSG00000051258	0	0	0	0	0	0
ENSMUSG00000051262	6	13	21	3	3	0
ENSMUSG00000051276	0	0	0	0	0	0
ENSMUSG00000051295	0	0	0	0	0	0
ENSMUSG00000051297	0	2	0	0	0	0
ENSMUSG00000051313	0	0	0	0	0	0
ENSMUSG00000051340	0	0	0	0	0	0
ENSMUSG00000051361	0	0	0	0	0	0
ENSMUSG00000051362	0	0	0	0	0	0
ENSMUSG00000051392	0	0	0	0	0	0
ENSMUSG00000051397	0	0	0	0	0	0
ENSMUSG00000051414	0	0	0	0	0	0
ENSMUSG00000051424	0	0	0	0	0	0
ENSMUSG00000051431	0	0	0	0	0	0
ENSMUSG00000051437	0	0	0	0	0	0
ENSMUSG00000051452	0	0	0	0	0	0
ENSMUSG00000051456	2	6	0	26	21	13
ENSMUSG00000051481	0	0	0	0	0	0
ENSMUSG00000051490	0	0	0	0	0	0
ENSMUSG00000051493	0	0	0	0	0	0
ENSMUSG00000051497	0	0	0	0	0	0
ENSMUSG00000051503	0	0	0	0	0	0
ENSMUSG00000051504	0	0	0	0	0	0
ENSMUSG00000051528	0	0	0	0	0	0
ENSMUSG00000051582	0	0	0	0	0	0
ENSMUSG00000051591	0	0	0	0	0	0
ENSMUSG00000051592	0	0	0	0	0	2
ENSMUSG00000051593	0	0	0	0	0	0
ENSMUSG00000051606	0	0	0	0	0	0
ENSMUSG00000051611	0	0	0	0	0	0
ENSMUSG00000051616	0	0	0	0	0	0
ENSMUSG00000051617	0	0	0	0	0	0
ENSMUSG00000051618	0	0	0	0	0	0
ENSMUSG00000051638	0	0	0	0	0	0
ENSMUSG00000051663	0	0	0	0	0	0
ENSMUSG00000051680	0	0	0	0	0	0
ENSMUSG00000051682	0	0	0	0	0	0
ENSMUSG00000051687	0	0	0	0	0	0
ENSMUSG00000051706	0	0	0	0	0	0
ENSMUSG00000051727	10	0	8	4	13	0
ENSMUSG00000051728	0	0	0	0	0	0
ENSMUSG00000051729	0	0	0	0	0	0
ENSMUSG00000051732	0	0	0	0	0	0
ENSMUSG00000051747	34	100	737	1671	2426	2732
ENSMUSG00000051758	1	0	0	0	0	0
ENSMUSG00000051769	1	0	0	0	0	0
ENSMUSG00000051777	0	0	0	0	0	0
ENSMUSG00000051793	0	0	0	0	0	0
ENSMUSG00000051802	0	0	0	0	0	0
ENSMUSG00000051804	0	0	0	0	0	0
ENSMUSG00000051811	21	6	5	0	2	6
ENSMUSG00000051827	0	0	0	0	0	0
ENSMUSG00000051877	0	0	0	0	0	0
ENSMUSG00000051879	0	0	0	0	0	0
ENSMUSG00000051885	0	0	0	0	0	0
ENSMUSG00000051896	0	0	0	0	0	0
ENSMUSG00000051906	0	0	0	0	0	0
ENSMUSG00000051917	0	0	0	0	0	0
ENSMUSG00000051920	159	114	153	32	61	6
ENSMUSG00000051936	0	0	0	0	0	0
ENSMUSG00000051940	0	0	0	0	0	0
ENSMUSG00000051952	0	0	0	0	0	0
ENSMUSG00000051956	0	0	0	0	0	0
ENSMUSG00000051965	0	0	0	0	0	0
ENSMUSG00000051969	0	0	0	0	0	0
ENSMUSG00000051980	0	0	0	0	0	1
ENSMUSG00000051985	4	1	0	1	25	22
ENSMUSG00000051986	0	0	0	0	0	0
ENSMUSG00000052012	0	0	0	0	0	0
ENSMUSG00000052013	4	0	0	0	15	2
ENSMUSG00000052014	0	0	0	0	0	0
ENSMUSG00000052025	0	0	0	0	0	0
ENSMUSG00000052058	0	0	0	0	0	0
ENSMUSG00000052075	0	0	0	0	0	0
ENSMUSG00000052085	216	67	59	176	68	1173
ENSMUSG00000052099	0	0	0	0	0	0
ENSMUSG00000052117	0	0	0	0	0	0
ENSMUSG00000052131	0	0	0	0	0	0
ENSMUSG00000052142	0	0	0	0	2	0
ENSMUSG00000052157	0	0	0	0	0	0
ENSMUSG00000052182	0	0	0	0	0	0
ENSMUSG00000052187	0	0	0	0	0	0
ENSMUSG00000052188	0	0	2	0	6	11
ENSMUSG00000052192	0	0	0	0	0	0
ENSMUSG00000052217	0	0	0	0	0	0
ENSMUSG00000052221	6	15	15	13	16	0
ENSMUSG00000052229	0	0	0	0	0	0
ENSMUSG00000052234	0	0	0	0	0	0
ENSMUSG00000052236	0	0	0	0	0	0
ENSMUSG00000052271	1	0	0	0	0	0
ENSMUSG00000052281	0	0	0	1	0	0
ENSMUSG00000052295	0	0	0	1	0	0
ENSMUSG00000052299	3847	3555	3705	3992	3344	4708
ENSMUSG00000052301	0	0	0	0	0	0
ENSMUSG00000052303	0	0	0	0	0	0
ENSMUSG00000052305	0	0	0	0	0	0
ENSMUSG00000052334	0	0	0	0	0	0
ENSMUSG00000052353	12925	22814	14348	8014	14529	2906
ENSMUSG00000052363	0	0	0	0	0	0
ENSMUSG00000052368	0	0	0	0	0	0
ENSMUSG00000052372	0	0	0	0	0	2
ENSMUSG00000052373	7	0	2	0	2	19
ENSMUSG00000052374	1	7	20	160	216	88
ENSMUSG00000052376	0	0	0	0	0	0
ENSMUSG00000052382	0	0	0	0	0	0
ENSMUSG00000052407	106	107	104	71	79	99
ENSMUSG00000052414	0	0	0	0	0	0
ENSMUSG00000052417	0	0	1	0	0	0
ENSMUSG00000052426	0	0	0	0	0	0
ENSMUSG00000052435	0	0	0	0	0	0
ENSMUSG00000052469	0	0	0	0	0	0
ENSMUSG00000052477	0	1	0	0	0	0
ENSMUSG00000052479	0	0	0	0	0	0
ENSMUSG00000052482	9	0	13	0	8	6
ENSMUSG00000052496	5	14	8	0	6	6
ENSMUSG00000052504	337	149	508	258	197	113
ENSMUSG00000052508	0	0	0	0	0	0
ENSMUSG00000052520	0	0	0	0	0	0
ENSMUSG00000052537	0	0	0	0	0	0
ENSMUSG00000052544	0	0	4	10	15	7
ENSMUSG00000052549	0	0	0	0	0	0
ENSMUSG00000052551	0	0	0	0	0	0
ENSMUSG00000052554	0	0	0	0	0	0
ENSMUSG00000052562	0	0	0	0	0	0
ENSMUSG00000052595	0	0	0	0	0	0
ENSMUSG00000052613	10	3	1	0	5	24
ENSMUSG00000052625	0	0	0	0	0	0
ENSMUSG00000052629	0	0	0	0	0	0
ENSMUSG00000052642	0	0	0	0	0	0
ENSMUSG00000052656	828	803	900	690	690	985
ENSMUSG00000052730	0	0	0	0	0	0
ENSMUSG00000052736	0	0	0	0	0	0
ENSMUSG00000052749	0	0	0	0	0	0
ENSMUSG00000052759	0	0	0	0	0	0
ENSMUSG00000052769	0	0	8	0	14	1
ENSMUSG00000052779	0	0	0	0	0	0
ENSMUSG00000052785	0	0	0	0	0	0
ENSMUSG00000052790	0	0	0	0	0	0
ENSMUSG00000052818	0	0	0	0	0	0
ENSMUSG00000052819	0	0	0	0	2	0
ENSMUSG00000052821	0	2	0	0	0	0
ENSMUSG00000052861	31	3	6	8	6	12
ENSMUSG00000052865	0	0	0	0	0	0
ENSMUSG00000052889	1	2	0	12	6	61
ENSMUSG00000052922	2	0	0	0	0	0
ENSMUSG00000052955	0	0	0	0	0	0
ENSMUSG00000052957	4984	3527	5555	2796	3275	1286
ENSMUSG00000052974	0	0	2	0	0	0
ENSMUSG00000053004	12	8	2	7	0	14
ENSMUSG00000053024	9	51	29	11	24	1
ENSMUSG00000053025	0	7	2	4	24	7
ENSMUSG00000053046	0	0	0	0	0	0
ENSMUSG00000053054	0	0	0	0	0	0
ENSMUSG00000053063	18	2	4	0	0	0
ENSMUSG00000053081	0	2	0	0	0	0
ENSMUSG00000053093	0	17	15	74	77	46
ENSMUSG00000053101	7	0	0	3	8	0
ENSMUSG00000053111	4	7	0	8	0	14
ENSMUSG00000053121	8	12	1	12	0	5
ENSMUSG00000053129	0	0	0	0	0	0
ENSMUSG00000053146	0	0	0	0	0	0
ENSMUSG00000053153	0	0	0	0	0	0
ENSMUSG00000053158	1212	1050	851	1177	968	744
ENSMUSG00000053161	15	0	10	0	0	0
ENSMUSG00000053168	0	0	0	0	0	0
ENSMUSG00000053182	0	0	0	0	0	0
ENSMUSG00000053184	0	0	0	0	0	0
ENSMUSG00000053185	0	0	0	0	0	0
ENSMUSG00000053194	0	2	0	0	0	0
ENSMUSG00000053208	0	0	0	0	0	0
ENSMUSG00000053211	0	0	0	0	0	0
ENSMUSG00000053217	0	0	0	0	0	0
ENSMUSG00000053228	0	0	0	0	0	0
ENSMUSG00000053268	0	0	0	0	0	0
ENSMUSG00000053287	0	0	0	0	0	0
ENSMUSG00000053303	0	0	0	0	0	0
ENSMUSG00000053353	3	12	2	0	0	0
ENSMUSG00000053360	0	0	0	0	0	0
ENSMUSG00000053367	0	0	0	0	0	0
ENSMUSG00000053368	0	0	0	0	0	0
ENSMUSG00000053375	0	0	0	0	0	0
ENSMUSG00000053388	0	0	0	0	0	2
ENSMUSG00000053389	0	0	0	0	0	0
ENSMUSG00000053391	0	0	0	0	0	0
ENSMUSG00000053420	0	0	0	0	0	0
ENSMUSG00000053441	0	0	0	1	0	0
ENSMUSG00000053442	8	2	0	0	6	18
ENSMUSG00000053490	0	0	0	0	0	0
ENSMUSG00000053499	0	0	0	0	0	0
ENSMUSG00000053508	0	0	0	0	0	0
ENSMUSG00000053522	9	12	0	0	4	2
ENSMUSG00000053528	0	0	0	0	0	0
ENSMUSG00000053541	0	0	0	0	0	0
ENSMUSG00000053545	0	0	0	0	0	0
ENSMUSG00000053550	0	0	0	0	0	0
ENSMUSG00000053593	0	0	0	0	0	0
ENSMUSG00000053603	0	0	0	0	0	0
ENSMUSG00000053604	477	595	385	505	479	513
ENSMUSG00000053624	0	0	0	0	0	0
ENSMUSG00000053640	0	0	0	0	0	0
ENSMUSG00000053654	0	0	0	0	0	0
ENSMUSG00000053675	13	0	0	2	2	0
ENSMUSG00000053678	0	0	0	0	0	0
ENSMUSG00000053693	4	0	0	0	3	9
ENSMUSG00000053695	0	0	0	0	0	0
ENSMUSG00000053719	0	0	0	0	0	0
ENSMUSG00000053720	0	0	0	0	0	0
ENSMUSG00000053729	0	0	0	0	0	0
ENSMUSG00000053742	0	0	0	0	0	0
ENSMUSG00000053747	0	0	0	0	0	0
ENSMUSG00000053765	0	0	0	0	0	0
ENSMUSG00000053783	0	0	0	0	0	0
ENSMUSG00000053790	0	0	0	0	0	0
ENSMUSG00000053797	0	0	0	0	1	0
ENSMUSG00000053799	92	40	55	77	53	124
ENSMUSG00000053815	0	0	0	0	0	0
ENSMUSG00000053820	0	0	0	0	0	0
ENSMUSG00000053830	0	0	0	0	1	0
ENSMUSG00000053835	15	0	0	3	5	0
ENSMUSG00000053852	2	0	0	0	0	0
ENSMUSG00000053856	0	0	0	0	0	0
ENSMUSG00000053861	0	0	0	0	0	0
ENSMUSG00000053862	0	0	0	0	0	0
ENSMUSG00000053863	0	0	0	0	0	0
ENSMUSG00000053868	0	0	0	0	0	0
ENSMUSG00000053873	0	0	0	0	0	0
ENSMUSG00000053889	12	0	6	0	5	5
ENSMUSG00000053896	0	0	0	0	0	0
ENSMUSG00000053909	0	0	0	0	0	0
ENSMUSG00000053957	0	2	0	8	0	7
ENSMUSG00000053961	0	0	0	0	0	0
ENSMUSG00000053965	387	349	284	251	271	335
ENSMUSG00000053977	0	0	0	0	0	0
ENSMUSG00000053979	0	0	0	0	0	0
ENSMUSG00000054005	0	0	0	0	0	0
ENSMUSG00000054006	0	0	0	0	0	0
ENSMUSG00000054031	0	0	0	0	0	0
ENSMUSG00000054033	0	0	0	0	0	0
ENSMUSG00000054034	0	7	0	2	0	0
ENSMUSG00000054036	0	0	0	0	0	0
ENSMUSG00000054046	0	0	0	0	0	0
ENSMUSG00000054052	0	0	0	0	0	0
ENSMUSG00000054054	0	0	0	0	0	0
ENSMUSG00000054083	0	0	2	0	0	0
ENSMUSG00000054087	0	0	0	0	0	0
ENSMUSG00000054102	0	0	0	0	0	0
ENSMUSG00000054106	0	0	0	0	0	0
ENSMUSG00000054116	0	0	0	0	0	0
ENSMUSG00000054117	0	0	0	0	0	0
ENSMUSG00000054128	0	0	0	0	0	2
ENSMUSG00000054134	0	0	0	0	0	0
ENSMUSG00000054141	0	0	0	0	0	0
ENSMUSG00000054142	14	4	39	9	2	12
ENSMUSG00000054146	0	0	0	0	0	0
ENSMUSG00000054156	0	0	0	0	0	0
ENSMUSG00000054160	0	0	0	0	0	0
ENSMUSG00000054162	0	0	0	6	0	10
ENSMUSG00000054169	0	0	0	0	0	2
ENSMUSG00000054191	10	0	0	0	9	4
ENSMUSG00000054199	1532	1420	1291	1403	1343	1577
ENSMUSG00000054200	0	0	0	0	0	0
ENSMUSG00000054203	10	3	21	2	2	0
ENSMUSG00000054204	0	0	0	0	0	0
ENSMUSG00000054236	0	0	0	0	0	0
ENSMUSG00000054258	0	0	0	0	0	0
ENSMUSG00000054266	15	1	0	14	12	100
ENSMUSG00000054272	0	0	0	0	0	0
ENSMUSG00000054310	0	0	0	0	0	0
ENSMUSG00000054320	0	0	1	0	0	0
ENSMUSG00000054325	0	0	0	0	0	0
ENSMUSG00000054362	0	0	0	0	0	0
ENSMUSG00000054379	0	0	1	0	0	0
ENSMUSG00000054385	0	0	0	0	0	0
ENSMUSG00000054406	0	0	0	0	0	0
ENSMUSG00000054417	0	0	0	0	0	0
ENSMUSG00000054422	0	0	0	0	0	0
ENSMUSG00000054431	0	0	0	0	0	0
ENSMUSG00000054435	0	0	0	0	2	0
ENSMUSG00000054446	0	0	2	0	0	0
ENSMUSG00000054450	0	0	0	0	0	0
ENSMUSG00000054457	0	0	0	0	0	0
ENSMUSG00000054477	0	0	0	2	0	0
ENSMUSG00000054488	0	0	0	0	0	0
ENSMUSG00000054497	0	0	0	0	0	0
ENSMUSG00000054498	0	0	0	0	0	0
ENSMUSG00000054523	0	0	0	0	0	0
ENSMUSG00000054526	0	0	0	0	0	0
ENSMUSG00000054537	0	0	0	0	0	0
ENSMUSG00000054630	0	0	0	0	0	0
ENSMUSG00000054641	0	0	0	0	0	0
ENSMUSG00000054662	0	0	0	0	0	0
ENSMUSG00000054672	0	0	0	0	0	0
ENSMUSG00000054679	4	14	2	0	3	0
ENSMUSG00000054690	2	0	0	15	5	14
ENSMUSG00000054727	0	0	0	0	0	0
ENSMUSG00000054746	0	0	0	0	0	0
ENSMUSG00000054753	13	4	30	42	0	24
ENSMUSG00000054757	0	0	0	0	0	0
ENSMUSG00000054759	0	0	0	0	0	0
ENSMUSG00000054763	27	55	80	10	11	2
ENSMUSG00000054764	0	0	0	0	0	0
ENSMUSG00000054822	0	10	4	0	0	4
ENSMUSG00000054827	0	0	0	0	0	0
ENSMUSG00000054855	725	637	436	770	710	1099
ENSMUSG00000054871	126	114	51	134	87	143
ENSMUSG00000054885	0	0	0	0	0	0
ENSMUSG00000054890	0	0	2	0	0	0
ENSMUSG00000054905	0	0	0	0	0	0
ENSMUSG00000054909	0	0	0	0	0	0
ENSMUSG00000054910	8	14	12	9	0	13
ENSMUSG00000054932	15	0	12	4	9	9
ENSMUSG00000054938	0	0	0	0	0	0
ENSMUSG00000054940	0	0	0	0	0	0
ENSMUSG00000054958	0	0	0	0	0	0
ENSMUSG00000054976	0	0	0	0	0	0
ENSMUSG00000054986	0	0	0	1	0	0
ENSMUSG00000054994	1	0	0	0	0	0
ENSMUSG00000054999	7	10	20	0	14	7
ENSMUSG00000055003	1	0	0	0	0	0
ENSMUSG00000055010	0	0	0	0	0	0
ENSMUSG00000055015	0	0	0	0	0	0
ENSMUSG00000055027	5	15	34	291	371	172
ENSMUSG00000055030	0	0	0	0	0	0
ENSMUSG00000055045	0	0	0	0	0	0
ENSMUSG00000055048	0	0	0	0	0	0
ENSMUSG00000055061	8	0	10	4	0	6
ENSMUSG00000055067	387	319	415	456	355	553
ENSMUSG00000055078	0	0	0	1	0	0
ENSMUSG00000055102	0	5	7	0	4	17
ENSMUSG00000055108	0	0	0	0	0	0
ENSMUSG00000055110	0	0	0	0	0	0
ENSMUSG00000055114	1	11	4	7	10	0
ENSMUSG00000055125	0	0	0	0	0	2
ENSMUSG00000055134	0	0	0	0	0	0
ENSMUSG00000055138	0	0	0	0	0	0
ENSMUSG00000055150	79	98	90	77	73	63
ENSMUSG00000055170	0	0	0	0	0	0
ENSMUSG00000055177	0	0	0	0	0	0
ENSMUSG00000055193	0	0	0	0	0	0
ENSMUSG00000055194	0	0	0	0	0	0
ENSMUSG00000055197	0	0	0	0	0	0
ENSMUSG00000055198	0	0	0	0	0	0
ENSMUSG00000055228	0	0	0	0	0	0
ENSMUSG00000055235	0	0	1	0	0	0
ENSMUSG00000055298	0	0	0	0	0	0
ENSMUSG00000055312	0	3	16	0	2	2
ENSMUSG00000055357	0	0	0	0	0	0
ENSMUSG00000055360	8	1	5	8	7	71
ENSMUSG00000055373	0	4	4	6	2	24
ENSMUSG00000055385	0	0	0	0	0	0
ENSMUSG00000055401	1334	1179	932	1309	1131	1098
ENSMUSG00000055452	0	0	1	0	0	0
ENSMUSG00000055456	0	0	0	0	0	0
ENSMUSG00000055489	2	6	13	91	116	18
ENSMUSG00000055494	1	2	5	2	2	2
ENSMUSG00000055515	0	0	0	0	0	0
ENSMUSG00000055540	0	0	0	0	0	0
ENSMUSG00000055546	0	0	0	0	0	0
ENSMUSG00000055547	0	0	0	0	0	0
ENSMUSG00000055555	13	8	14	11	7	25
ENSMUSG00000055567	0	0	0	0	0	0
ENSMUSG00000055571	0	0	0	0	0	0
ENSMUSG00000055594	0	0	0	0	0	0
ENSMUSG00000055602	0	0	2	0	0	0
ENSMUSG00000055609	0	0	0	0	0	0
ENSMUSG00000055610	0	0	0	0	0	0
ENSMUSG00000055621	0	0	0	0	0	0
ENSMUSG00000055629	6	0	0	15	1	8
ENSMUSG00000055643	0	0	0	0	0	0
ENSMUSG00000055679	0	0	0	0	0	0
ENSMUSG00000055691	7	0	6	0	0	4
ENSMUSG00000055692	14	0	21	2	6	15
ENSMUSG00000055700	0	0	0	0	0	0
ENSMUSG00000055725	139	170	163	155	184	185
ENSMUSG00000055730	0	0	0	0	0	0
ENSMUSG00000055732	0	0	0	0	0	0
ENSMUSG00000055746	0	0	0	0	0	0
ENSMUSG00000055763	0	0	0	0	0	0
ENSMUSG00000055771	0	0	0	0	2	0
ENSMUSG00000055775	3	6	31	119	170	94
ENSMUSG00000055780	0	0	0	0	0	0
ENSMUSG00000055789	0	0	0	0	0	0
ENSMUSG00000055811	0	0	0	0	0	0
ENSMUSG00000055826	2	4	19	26	0	0
ENSMUSG00000055827	0	0	0	0	0	0
ENSMUSG00000055833	6	0	5	0	0	5
ENSMUSG00000055835	255	227	216	255	236	261
ENSMUSG00000055838	0	0	0	0	0	0
ENSMUSG00000055850	5430	4618	3982	4015	3720	3157
ENSMUSG00000055872	0	0	0	0	0	0
ENSMUSG00000055874	0	0	0	0	0	0
ENSMUSG00000055882	0	0	0	0	0	0
ENSMUSG00000055895	0	0	0	0	0	0
ENSMUSG00000055926	0	0	2	8	6	0
ENSMUSG00000055933	0	0	0	0	0	0
ENSMUSG00000055937	0	0	2	0	0	0
ENSMUSG00000055942	0	0	0	0	0	0
ENSMUSG00000055944	0	0	0	0	0	0
ENSMUSG00000055960	0	0	0	0	0	0
ENSMUSG00000055961	0	0	0	0	0	0
ENSMUSG00000055971	0	0	0	0	0	0
ENSMUSG00000055994	37	24	16	18	13	41
ENSMUSG00000056008	0	0	0	0	0	0
ENSMUSG00000056032	6	2	6	6	0	0
ENSMUSG00000056035	0	0	0	0	0	0
ENSMUSG00000056043	15	14	7	0	2	8
ENSMUSG00000056055	349	337	142	32	43	82
ENSMUSG00000056061	0	0	0	0	0	0
ENSMUSG00000056069	163	150	136	112	128	82
ENSMUSG00000056071	0	0	0	0	0	0
ENSMUSG00000056073	9	8	6	42	19	90
ENSMUSG00000056089	11	0	4	4	7	0
ENSMUSG00000056115	0	0	0	0	0	0
ENSMUSG00000056148	0	0	0	0	0	0
ENSMUSG00000056155	4	6	2	0	0	11
ENSMUSG00000056158	0	0	0	0	0	0
ENSMUSG00000056162	0	0	0	0	0	0
ENSMUSG00000056174	470	767	803	151	188	34
ENSMUSG00000056184	0	0	0	0	0	0
ENSMUSG00000056197	0	0	0	0	0	0
ENSMUSG00000056219	0	0	0	0	0	0
ENSMUSG00000056222	0	0	0	0	0	2
ENSMUSG00000056223	0	0	0	0	0	0
ENSMUSG00000056257	0	2	0	2	5	12
ENSMUSG00000056258	0	0	0	0	0	0
ENSMUSG00000056270	0	0	0	2	2	20
ENSMUSG00000056281	0	0	1	0	0	0
ENSMUSG00000056288	0	0	0	0	0	0
ENSMUSG00000056293	0	0	2	0	0	0
ENSMUSG00000056296	0	0	0	0	2	0
ENSMUSG00000056306	0	0	0	0	0	0
ENSMUSG00000056316	0	0	0	0	0	0
ENSMUSG00000056328	2	56	77	626	799	392
ENSMUSG00000056329	0	0	0	0	0	0
ENSMUSG00000056332	0	0	0	0	0	0
ENSMUSG00000056350	0	0	0	0	0	0
ENSMUSG00000056359	0	0	0	0	0	0
ENSMUSG00000056366	0	0	0	0	0	0
ENSMUSG00000056370	0	1	0	0	0	0
ENSMUSG00000056379	0	0	0	0	0	0
ENSMUSG00000056399	0	0	0	0	0	0
ENSMUSG00000056411	38	38	21	48	37	31
ENSMUSG00000056412	0	0	0	0	0	0
ENSMUSG00000056429	6785	6319	7205	5047	5419	6256
ENSMUSG00000056436	0	0	0	0	0	0
ENSMUSG00000056445	14	4	26	5	10	0
ENSMUSG00000056457	409	63	65	184	153	948
ENSMUSG00000056468	0	0	0	0	0	0
ENSMUSG00000056494	0	0	0	0	0	0
ENSMUSG00000056508	0	0	0	0	2	0
ENSMUSG00000056509	0	0	0	0	0	0
ENSMUSG00000056544	0	0	0	0	0	0
ENSMUSG00000056553	0	0	0	0	0	0
ENSMUSG00000056564	0	0	0	0	1	0
ENSMUSG00000056586	0	0	0	0	0	0
ENSMUSG00000056592	218	209	104	236	179	196
ENSMUSG00000056605	0	0	0	0	0	0
ENSMUSG00000056617	0	0	0	0	0	0
ENSMUSG00000056632	0	0	0	0	0	0
ENSMUSG00000056656	17	14	8	13	15	13
ENSMUSG00000056696	0	0	0	0	0	0
ENSMUSG00000056699	0	0	0	0	0	0
ENSMUSG00000056706	0	0	0	0	0	0
ENSMUSG00000056708	3090	3163	2286	3528	3193	3581
ENSMUSG00000056716	0	0	0	0	0	0
ENSMUSG00000056718	13	0	0	0	0	3
ENSMUSG00000056728	0	0	0	0	0	0
ENSMUSG00000056738	0	0	2	0	0	0
ENSMUSG00000056777	0	0	1	0	0	0
ENSMUSG00000056782	0	1	0	0	0	0
ENSMUSG00000056797	0	0	0	0	0	0
ENSMUSG00000056812	0	0	0	2	0	0
ENSMUSG00000056815	0	0	0	0	0	0
ENSMUSG00000056854	0	9	0	4	9	23
ENSMUSG00000056883	0	0	0	0	0	0
ENSMUSG00000056910	1	0	4	0	1	0
ENSMUSG00000056978	0	0	0	0	0	0
ENSMUSG00000056995	0	0	1	0	0	0
ENSMUSG00000057003	0	0	3	51	14	4
ENSMUSG00000057047	1	0	0	0	0	0
ENSMUSG00000057054	39	27	22	42	25	0
ENSMUSG00000057123	0	3	2	11	18	2
ENSMUSG00000057132	2	1	7	21	13	4
ENSMUSG00000057160	1	0	0	0	0	0
ENSMUSG00000057207	5	4	29	0	10	7
ENSMUSG00000057337	0	9	2	12	19	42
ENSMUSG00000057370	0	1	0	0	0	0
ENSMUSG00000057378	7	0	4	15	20	9
ENSMUSG00000057381	0	0	0	0	0	0
ENSMUSG00000057411	375	363	346	394	313	377
ENSMUSG00000057596	0	0	79	35	54	9
ENSMUSG00000057654	15	6	10	3	1	7
ENSMUSG00000057716	6	0	1	12	8	13
ENSMUSG00000057829	0	0	1	0	0	0
ENSMUSG00000057836	16	28	12	0	24	5
ENSMUSG00000057897	3	4	5	28	44	30
ENSMUSG00000057903	0	0	0	0	0	0
ENSMUSG00000057914	68	29	64	42	36	200
ENSMUSG00000057933	5	0	8	10	10	107
ENSMUSG00000057945	0	0	0	0	1	0
ENSMUSG00000057977	1	0	0	0	0	0
ENSMUSG00000058019	1	0	0	0	0	0
ENSMUSG00000058064	336	614	31	449	578	535
ENSMUSG00000058084	0	0	0	0	0	1
ENSMUSG00000058099	2	8	4	10	0	0
ENSMUSG00000058153	0	0	0	0	3	0
ENSMUSG00000058186	0	0	0	1	0	0
ENSMUSG00000058207	0	0	0	0	0	0
ENSMUSG00000058488	0	0	1	0	0	0
ENSMUSG00000058550	1	0	0	0	0	0
ENSMUSG00000058594	5391	4788	3941	4249	4436	3689
ENSMUSG00000058626	2	1	3	0	0	35
ENSMUSG00000058628	0	0	0	1	0	0
ENSMUSG00000058743	11	0	4	8	4	22
ENSMUSG00000058773	6832	7738	3111	13269	8711	11938
ENSMUSG00000058794	0	0	0	0	1	0
ENSMUSG00000058812	5	8	3	0	0	0
ENSMUSG00000058816	0	1	0	0	0	0
ENSMUSG00000058838	3	0	0	0	2	3
ENSMUSG00000058873	0	0	0	1	0	0
ENSMUSG00000059040	38	41	32	65	3550	21
ENSMUSG00000059058	0	1	1	61	1	1
ENSMUSG00000059179	0	1	0	0	0	0
ENSMUSG00000059305	17	6	0	13	2	12
ENSMUSG00000059343	3	2	1	2	1	1
ENSMUSG00000059375	0	0	0	0	0	0
ENSMUSG00000059411	0	0	0	0	0	0
ENSMUSG00000059422	0	52	0	32	33	0
ENSMUSG00000059473	0	0	1	0	0	0
ENSMUSG00000059474	644	421	864	515	362	648
ENSMUSG00000059475	1081	906	855	929	821	1008
ENSMUSG00000059547	0	0	0	0	0	0
ENSMUSG00000059565	4	2	377	3	1	4
ENSMUSG00000059645	4	29	19	6	14	1
ENSMUSG00000059743	3931	4391	2527	3765	3018	1547
ENSMUSG00000059751	9	5562	15	12	19	12
ENSMUSG00000059821	0	0	0	0	1	0
ENSMUSG00000059854	4	3	6	5	23	6
ENSMUSG00000059866	316	372	426	338	476	252
ENSMUSG00000059974	0	0	8	14	12	23
ENSMUSG00000059991	70	149	32	39	13	7
ENSMUSG00000060049	0	0	0	0	0	0
ENSMUSG00000060147	38571	28239	27111	32192	29447	42567
ENSMUSG00000060187	0	0	0	0	0	0
ENSMUSG00000060212	0	7	2	0	0	0
ENSMUSG00000060284	166	488	497	88	149	26
ENSMUSG00000060377	0	0	1	0	0	0
ENSMUSG00000060459	111	76	183	26	70	0
ENSMUSG00000060461	16	3	0	0	2	4
ENSMUSG00000060530	6	8	6	11	4	22
ENSMUSG00000060586	8	23	0	12	4	6
ENSMUSG00000060647	0	0	0	0	1	0
ENSMUSG00000060727	0	0	0	0	1	0
ENSMUSG00000060747	0	0	0	0	0	0
ENSMUSG00000060777	0	1	0	0	0	0
ENSMUSG00000060878	0	0	0	0	0	0
ENSMUSG00000060913	0	0	4	107	100	82
ENSMUSG00000060924	10	16	10	2	7	2
ENSMUSG00000060989	1	0	0	0	0	0
ENSMUSG00000061039	15	6	40	2	2	13
ENSMUSG00000061048	625	1425	872	368	376	12
ENSMUSG00000061062	2	15	2	1	32	0
ENSMUSG00000061080	1	0	0	0	0	0
ENSMUSG00000061086	98	182	196	1816	2218	873
ENSMUSG00000061132	3	0	0	2	0	15
ENSMUSG00000061259	0	0	0	0	0	0
ENSMUSG00000061298	0	0	0	0	1	0
ENSMUSG00000061306	17285	18277	14906	14236	16747	10743
ENSMUSG00000061331	43	9	111	5	17	46
ENSMUSG00000061353	11257	20232	15705	9705	17284	3853
ENSMUSG00000061462	2	8	29	116	146	85
ENSMUSG00000061517	2	0	0	0	2	4
ENSMUSG00000061576	2	0	26	21	12	7
ENSMUSG00000061578	0	0	12	0	0	0
ENSMUSG00000061637	0	0	0	0	0	0
ENSMUSG00000061669	17	6	0	0	1	0
ENSMUSG00000061723	22	62	75	860	1087	366
ENSMUSG00000061780	2	0	34	0	0	0
ENSMUSG00000061816	4	74	177	1390	1766	704
ENSMUSG00000061825	0	0	1	11	5	7
ENSMUSG00000061829	0	0	1	0	0	0
ENSMUSG00000061852	0	0	0	0	0	0
ENSMUSG00000061863	0	0	1	0	0	0
ENSMUSG00000061972	0	0	0	0	0	0
ENSMUSG00000061981	3324	3345	2532	3496	3134	2966
ENSMUSG00000062038	0	0	0	0	0	1
ENSMUSG00000062077	3	4	1	15	44	55
ENSMUSG00000062105	0	0	0	0	0	0
ENSMUSG00000062121	12	3	21	10	3	0
ENSMUSG00000062142	0	0	1	0	0	0
ENSMUSG00000062200	0	0	0	0	1	0
ENSMUSG00000062209	0	1	0	0	0	0
ENSMUSG00000062279	0	0	0	0	0	0
ENSMUSG00000062310	7	2	7	5	5	41
ENSMUSG00000062319	22	0	70	4	11	22
ENSMUSG00000062342	73	8	5	75	17	136
ENSMUSG00000062426	0	0	0	0	0	0
ENSMUSG00000062444	19	1	2	2	10	16
ENSMUSG00000062458	2	2	9	3	2	6
ENSMUSG00000062497	0	0	0	0	0	0
ENSMUSG00000062515	1167	878	1242	610	1055	705
ENSMUSG00000062545	0	0	0	0	0	0
ENSMUSG00000062551	0	0	0	0	0	1
ENSMUSG00000062553	4	0	8	0	0	5
ENSMUSG00000062554	0	0	0	0	1	0
ENSMUSG00000062556	0	0	0	0	0	0
ENSMUSG00000062691	486	529	369	545	415	500
ENSMUSG00000062694	0	26	26	218	266	120
ENSMUSG00000062757	0	0	0	0	0	0
ENSMUSG00000062791	0	0	0	0	0	0
ENSMUSG00000062818	0	0	0	0	0	1
ENSMUSG00000062846	0	0	1	0	0	0
ENSMUSG00000062939	0	0	0	0	7	5
ENSMUSG00000063018	98	69	60	123	108	208
ENSMUSG00000063077	9306	7374	8910	6425	6754	8623
ENSMUSG00000063130	0	0	0	1	0	0
ENSMUSG00000063133	2	0	0	0	0	0
ENSMUSG00000063142	13	6	28	20	8	0
ENSMUSG00000063157	0	0	0	0	0	0
ENSMUSG00000063193	27	2	0	12	5	323
ENSMUSG00000063235	1775	1531	1066	1486	1447	1812
ENSMUSG00000063277	0	0	1	0	0	0
ENSMUSG00000063354	23	2	0	23	6	135
ENSMUSG00000063445	589	541	299	714	632	662
ENSMUSG00000063651	0	0	0	0	0	0
ENSMUSG00000063683	1	7	0	7	5	69
ENSMUSG00000063696	8508	52	45	9175	8230	56
ENSMUSG00000063739	1	0	0	0	0	0
ENSMUSG00000063802	1276	1328	828	1489	1105	1745
ENSMUSG00000063816	0	1	0	0	0	0
ENSMUSG00000063827	0	0	0	0	0	0
ENSMUSG00000063838	484	499	337	550	480	376
ENSMUSG00000063851	6	2	0	3	2	108
ENSMUSG00000063887	0	0	9	0	4	7
ENSMUSG00000063905	0	0	0	0	0	0
ENSMUSG00000063953	110	117	74	21	122	14
ENSMUSG00000064109	0	0	0	0	1	0
ENSMUSG00000064140	0	4	5	0	0	9
ENSMUSG00000064179	1	6	22	422	585	268
ENSMUSG00000064193	14	7	11	6	333	0
ENSMUSG00000064225	4	15	7	0	1	11
ENSMUSG00000064246	4	0	0	22	6	0
ENSMUSG00000064247	2	11	11	10	3	0
ENSMUSG00000064259	0	0	0	0	0	0
ENSMUSG00000064262	0	0	0	1	0	0
ENSMUSG00000064272	0	0	0	13	0	0
ENSMUSG00000064280	2	0	0	0	0	0
ENSMUSG00000064294	9	1	3	0	17	0
ENSMUSG00000064325	234	165	143	262	164	1066
ENSMUSG00000064330	9	9	0	10	5	21
ENSMUSG00000064348	0	2	1	0	2	1
ENSMUSG00000064353	0	0	0	0	0	0
ENSMUSG00000064370	35823	18609	37488	14235	24283	43627
ENSMUSG00000064387	2028	2311	2223	3829	3143	3549
ENSMUSG00000064487	8	4	0	0	5	0
ENSMUSG00000064492	0	0	0	0	0	1
ENSMUSG00000064517	0	0	0	0	0	0
ENSMUSG00000064530	1	0	0	0	0	0
ENSMUSG00000064554	0	0	0	0	0	0
ENSMUSG00000064597	1	0	0	0	0	0
ENSMUSG00000064620	0	4	9	0	2	9
ENSMUSG00000064637	12	0	5	9	9	21
ENSMUSG00000064658	0	1	0	0	0	0
ENSMUSG00000064672	17	1	9	8	1	18
ENSMUSG00000064682	0	26	0	2	32	0
ENSMUSG00000064689	0	1	0	0	0	0
ENSMUSG00000064735	0	0	0	0	1	0
ENSMUSG00000064777	0	0	0	0	0	0
ENSMUSG00000064778	15	12	8	0	5	2
ENSMUSG00000064833	1	0	0	0	0	0
ENSMUSG00000064871	34	10	19	20	13	27
ENSMUSG00000064916	0	0	0	0	0	0
ENSMUSG00000064923	0	0	0	0	0	1
ENSMUSG00000064930	2	0	7	1	0	11
ENSMUSG00000064941	0	0	1	0	0	0
ENSMUSG00000064949	0	0	0	0	0	0
ENSMUSG00000064959	0	1	0	0	0	0
ENSMUSG00000064970	0	0	0	0	0	1
ENSMUSG00000064987	0	0	3	0	1	0
ENSMUSG00000065034	0	0	0	0	0	1
ENSMUSG00000065049	0	0	13	1	2	0
ENSMUSG00000065164	0	1	0	0	0	0
ENSMUSG00000065248	0	0	0	0	0	0
ENSMUSG00000065274	0	0	0	0	0	0
ENSMUSG00000065283	0	0	0	0	0	0
ENSMUSG00000065387	0	0	1	0	0	0
ENSMUSG00000065411	0	0	1	0	0	0
ENSMUSG00000065423	0	0	1	0	0	0
ENSMUSG00000065432	0	0	0	0	0	0
ENSMUSG00000065497	0	0	0	0	0	0
ENSMUSG00000065503	1	0	0	0	0	0
ENSMUSG00000065510	0	0	1	0	0	0
ENSMUSG00000065511	0	0	0	0	0	0
ENSMUSG00000065513	0	0	0	0	1	0
ENSMUSG00000065521	1	0	3	0	3	3
ENSMUSG00000065524	0	0	0	0	0	1
ENSMUSG00000065530	6	0	8	0	0	3
ENSMUSG00000065537	2	0	0	0	0	3
ENSMUSG00000065544	1	0	0	0	0	2
ENSMUSG00000065546	0	1	0	0	0	0
ENSMUSG00000065562	0	0	0	0	0	0
ENSMUSG00000065565	2	0	1	0	0	0
ENSMUSG00000065570	0	0	0	1	0	0
ENSMUSG00000065578	0	0	0	0	0	1
ENSMUSG00000065580	6	0	6	29	0	7
ENSMUSG00000065583	0	0	0	0	1	0
ENSMUSG00000065591	0	1	0	0	4	0
ENSMUSG00000065594	0	0	1	0	0	0
ENSMUSG00000065599	4	0	6	0	0	11
ENSMUSG00000065602	1	0	0	0	0	0
ENSMUSG00000065606	0	0	1	0	0	0
ENSMUSG00000065611	20	12	21	17	8	18
ENSMUSG00000065653	0	6	0	6	4	0
ENSMUSG00000065728	9	1	13	2	5	0
ENSMUSG00000065751	0	0	0	0	0	0
ENSMUSG00000065876	0	0	0	0	0	0
ENSMUSG00000066107	2	23	0	0	0	0
ENSMUSG00000066176	0	0	1	10	2	2
ENSMUSG00000066258	8	7	103	124	117	113
ENSMUSG00000066279	4	13	0	0	6	0
ENSMUSG00000066361	7	0	8	0	4	0
ENSMUSG00000066362	2040	2201	1409	4	7	0
ENSMUSG00000066372	1	0	0	0	0	0
ENSMUSG00000066443	0	0	0	0	0	1
ENSMUSG00000066478	0	1	0	0	2	0
ENSMUSG00000066553	513	3	702	1	412	1
ENSMUSG00000066554	105	54	50	0	0	0
ENSMUSG00000066568	1894	1668	1414	1665	1559	2112
ENSMUSG00000066677	0	0	1	0	0	0
ENSMUSG00000066687	2	4	17	0	8	25
ENSMUSG00000066705	5	6	9	76	90	79
ENSMUSG00000066748	0	0	0	0	0	2
ENSMUSG00000066755	8	0	0	0	0	6
ENSMUSG00000066804	1	0	0	0	0	0
ENSMUSG00000066850	0	0	1	0	0	0
ENSMUSG00000066897	0	0	0	0	0	0
ENSMUSG00000066964	1	0	0	0	0	0
ENSMUSG00000066975	9	4	2	8	2	4
ENSMUSG00000067017	10	860	3	15	9	12
ENSMUSG00000067101	0	0	0	0	0	1
ENSMUSG00000067158	0	0	4	17	2	0
ENSMUSG00000067201	0	0	0	0	1	0
ENSMUSG00000067215	0	2	6	5	0	10
ENSMUSG00000067279	235	128	316	101	116	11
ENSMUSG00000067297	0	9	6	0	5	2
ENSMUSG00000067341	0	0	0	0	0	0
ENSMUSG00000067351	0	0	0	1	0	0
ENSMUSG00000067482	0	0	0	0	0	0
ENSMUSG00000067545	1	0	0	0	0	0
ENSMUSG00000067604	0	0	0	0	0	0
ENSMUSG00000067608	2	318	167	8	2	2
ENSMUSG00000067613	7	0	6	7	1	0
ENSMUSG00000067722	878	1041	668	881	958	1282
ENSMUSG00000067724	0	5	0	8	8	0
ENSMUSG00000067745	0	0	0	0	0	0
ENSMUSG00000067768	0	7	5	0	0	0
ENSMUSG00000067786	9	0	0	48	16	41
ENSMUSG00000067855	0	16	0	6	17	8
ENSMUSG00000067909	0	0	0	0	0	0
ENSMUSG00000068036	2514	2119	2497	2894	2106	3634
ENSMUSG00000068105	3	0	0	9	7	7
ENSMUSG00000068231	23	0	29	10	1	11
ENSMUSG00000068232	0	1	0	0	0	0
ENSMUSG00000068284	1725	925	1715	927	1035	1779
ENSMUSG00000068303	280	20	20	10	5	20
ENSMUSG00000068314	5	2	0	4	2	0
ENSMUSG00000068328	4039	3861	2725	4228	3974	4415
ENSMUSG00000068349	4	0	10	21	3	13
ENSMUSG00000068396	9	8	0	0	0	0
ENSMUSG00000068431	0	1	0	0	0	0
ENSMUSG00000068480	0	0	0	0	1	0
ENSMUSG00000068547	7	4	0	0	2	25
ENSMUSG00000068600	1	7	0	8	1	11
ENSMUSG00000068614	13	159	141	2811	3134	1774
ENSMUSG00000068696	5	13	40	0	6	0
ENSMUSG00000068706	8	16	5	6	10	5
ENSMUSG00000068740	6	0	2	0	6	10
ENSMUSG00000068776	0	0	0	0	0	0
ENSMUSG00000068917	805	767	797	804	748	800
ENSMUSG00000069014	0	0	0	0	0	0
ENSMUSG00000069041	0	16	0	0	8	0
ENSMUSG00000069170	11	9	12	6	12	27
ENSMUSG00000069259	0	0	1	0	0	0
ENSMUSG00000069289	6	6	6	5	10	4
ENSMUSG00000069306	1	3	4	445	289	3
ENSMUSG00000069385	0	0	0	0	0	0
ENSMUSG00000069554	11	2	4	0	0	21
ENSMUSG00000069581	4	9	0	0	0	6
ENSMUSG00000069670	6	3	0	16	4	59
ENSMUSG00000069682	289	279	210	265	256	267
ENSMUSG00000069720	0	0	0	0	0	0
ENSMUSG00000069792	2	8	10	4	19	0
ENSMUSG00000069855	0	0	1	0	0	0
ENSMUSG00000069925	1	0	0	0	0	0
ENSMUSG00000069971	0	0	0	0	0	0
ENSMUSG00000069972	0	0	0	1	0	0
ENSMUSG00000069986	0	1	0	0	0	0
ENSMUSG00000069996	26	53	0	28	65	92
ENSMUSG00000070105	0	0	1	0	0	0
ENSMUSG00000070139	1	0	0	0	0	0
ENSMUSG00000070291	0	4	0	0	0	11
ENSMUSG00000070315	111	77	139	142	114	171
ENSMUSG00000070330	0	4	10	4	0	0
ENSMUSG00000070331	6	0	3	15	0	0
ENSMUSG00000070369	0	11	2	0	6	6
ENSMUSG00000070385	0	0	10	9	4	5
ENSMUSG00000070407	36	62	44	70	73	29
ENSMUSG00000070423	0	0	0	1	0	0
ENSMUSG00000070471	4	4	0	11	1	0
ENSMUSG00000070489	0	0	0	0	0	0
ENSMUSG00000070495	1	2	3	4	3	1
ENSMUSG00000070606	0	0	0	0	0	0
ENSMUSG00000070610	0	0	0	1	0	0
ENSMUSG00000070691	46	66	2	43	31	127
ENSMUSG00000070697	1307	1153	1082	1337	1244	1584
ENSMUSG00000070817	0	0	0	1	0	0
ENSMUSG00000070828	1	0	0	0	0	0
ENSMUSG00000070847	0	0	0	1	0	0
ENSMUSG00000070853	1	0	0	0	0	0
ENSMUSG00000070999	13	6	20	11	16	3
ENSMUSG00000071035	0	1	0	0	0	0
ENSMUSG00000071230	0	2	0	3	0	0
ENSMUSG00000071253	1042	871	1014	824	842	851
ENSMUSG00000071294	1	0	0	0	0	0
ENSMUSG00000071302	354	161	474	129	208	431
ENSMUSG00000071317	4	12	22	80	50	69
ENSMUSG00000071342	3	4	10	0	0	12
ENSMUSG00000071362	13	0	21	11	4	17
ENSMUSG00000071456	910	956	819	906	1100	1535
ENSMUSG00000071540	3	2	12	137	70	68
ENSMUSG00000071591	0	0	3	0	0	0
ENSMUSG00000071714	4	4	4	1	7	10
ENSMUSG00000071716	0	1	0	0	0	0
ENSMUSG00000071719	0	0	2	0	4	11
ENSMUSG00000071793	262	142	369	131	121	210
ENSMUSG00000071867	0	1	0	0	0	0
ENSMUSG00000072259	0	0	0	0	0	0
ENSMUSG00000072324	3	2	499	4	1	1
ENSMUSG00000072387	0	0	0	0	1	0
ENSMUSG00000072598	0	0	0	0	0	0
ENSMUSG00000072647	30	31	29	38	13	32
ENSMUSG00000072707	1	0	3	6	2	0
ENSMUSG00000072720	0	6	6	86	57	80
ENSMUSG00000072731	0	0	0	0	1	0
ENSMUSG00000072763	25	16	33	0	9	9
ENSMUSG00000072769	0	0	4	0	0	11
ENSMUSG00000072791	0	0	0	0	0	0
ENSMUSG00000072874	0	0	1	0	0	0
ENSMUSG00000072875	8	9	9	0	22	17
ENSMUSG00000072878	0	5	6	0	0	9
ENSMUSG00000072884	10	10	8	4	6	4
ENSMUSG00000072945	0	1	5	38	40	7
ENSMUSG00000072978	0	0	1	0	0	0
ENSMUSG00000073010	0	0	0	0	0	0
ENSMUSG00000073012	0	0	0	0	0	0
ENSMUSG00000073051	0	0	0	0	0	0
ENSMUSG00000073077	12	6	55	6	2	24
ENSMUSG00000073094	1	0	0	0	0	0
ENSMUSG00000073125	53	55	64	1	15	11
ENSMUSG00000073198	0	0	1	0	0	0
ENSMUSG00000073293	5	14	4	5	6	74
ENSMUSG00000073295	27	4	10	26	9	160
ENSMUSG00000073371	63	110	0	62	106	127
ENSMUSG00000073406	6	0	2	0	17	0
ENSMUSG00000073421	2	11	31	44	85	15
ENSMUSG00000073437	124	74	164	64	103	76
ENSMUSG00000073486	0	3	2	0	0	14
ENSMUSG00000073497	0	0	1	0	0	0
ENSMUSG00000073538	9	0	11	3	0	2
ENSMUSG00000073572	0	0	0	0	0	0
ENSMUSG00000073598	9	11	13	12	9	10
ENSMUSG00000073656	0	0	0	0	0	1
ENSMUSG00000073682	0	0	1	0	0	0
ENSMUSG00000073716	7	2	10	0	0	2
ENSMUSG00000073807	0	1	0	0	0	0
ENSMUSG00000073877	0	0	0	0	1	0
ENSMUSG00000073893	9	7	21	4	8	9
ENSMUSG00000073896	0	0	1	0	0	0
ENSMUSG00000073897	1	0	0	0	0	0
ENSMUSG00000073900	1	0	0	0	0	0
ENSMUSG00000073902	0	0	0	0	0	0
ENSMUSG00000073926	0	0	0	0	0	0
ENSMUSG00000073928	0	0	0	0	0	1
ENSMUSG00000073944	0	0	0	0	0	0
ENSMUSG00000073945	0	0	0	0	0	0
ENSMUSG00000073980	0	0	0	0	0	1
ENSMUSG00000074001	0	5	16	142	190	99
ENSMUSG00000074029	0	0	0	0	0	0
ENSMUSG00000074039	18	17	9	18	5	10
ENSMUSG00000074092	0	1	0	0	0	0
ENSMUSG00000074146	1	0	0	0	0	0
ENSMUSG00000074158	96	34	248	27	49	104
ENSMUSG00000074183	9	3	3	6	0	121
ENSMUSG00000074184	0	0	0	0	1	0
ENSMUSG00000074218	37	61	26	42	35	8
ENSMUSG00000074219	2	11	1	26	3	0
ENSMUSG00000074250	7	1	2	2	0	1
ENSMUSG00000074252	8	10	2	0	14	13
ENSMUSG00000074280	1	0	1	1048	9	0
ENSMUSG00000074282	164	161	160	139	141	186
ENSMUSG00000074284	5	10	2	0	0	11
ENSMUSG00000074322	0	0	0	0	0	0
ENSMUSG00000074344	0	0	0	0	2	0
ENSMUSG00000074345	7	9	18	0	7	0
ENSMUSG00000074357	26	25	25	29	28	51
ENSMUSG00000074417	0	0	0	0	0	0
ENSMUSG00000074467	19	14	10	8	0	1
ENSMUSG00000074472	0	2	4	15	8	0
ENSMUSG00000074479	8	9	131	16	5	7
ENSMUSG00000074489	0	0	3	12	0	4
ENSMUSG00000074527	133	104	140	85	74	186
ENSMUSG00000074627	0	1	0	0	0	0
ENSMUSG00000074671	218	208	175	158	153	122
ENSMUSG00000074715	10	0	2	0	0	8
ENSMUSG00000074720	0	0	0	0	0	0
ENSMUSG00000074736	61	84	43	6	10	0
ENSMUSG00000074743	8487	3407	7212	7756	7232	13867
ENSMUSG00000074768	0	0	0	0	0	1
ENSMUSG00000074868	4	8	19	0	0	1
ENSMUSG00000074885	0	0	0	0	0	1
ENSMUSG00000074892	0	2	0	6	2	16
ENSMUSG00000074899	0	6	2	0	0	11
ENSMUSG00000074946	0	0	2	0	0	0
ENSMUSG00000074999	5	0	14	0	0	11
ENSMUSG00000075006	0	0	0	0	0	0
ENSMUSG00000075014	9	1	9	0	4	21
ENSMUSG00000075044	0	0	1	0	0	0
ENSMUSG00000075072	0	0	0	0	0	0
ENSMUSG00000075081	34	26	113	16	18	39
ENSMUSG00000075121	0	0	0	0	0	0
ENSMUSG00000075149	0	0	0	0	0	0
ENSMUSG00000075184	0	0	0	1	0	0
ENSMUSG00000075194	0	0	0	0	0	0
ENSMUSG00000075224	6	8	0	0	2	14
ENSMUSG00000075271	203	234	167	206	234	195
ENSMUSG00000075272	0	5	6	17	1	5
ENSMUSG00000075276	3	3	6	4	5	8
ENSMUSG00000075297	65	2	62	26	1	45
ENSMUSG00000075307	30	31	60	344	475	311
ENSMUSG00000075312	0	0	0	0	0	0
ENSMUSG00000075330	0	0	0	11	13	15
ENSMUSG00000075391	389	1	129	1	176	0
ENSMUSG00000075420	0	0	0	12	12	6
ENSMUSG00000075431	0	0	0	0	0	0
ENSMUSG00000075520	12	2	24	0	0	8
ENSMUSG00000075524	1	0	0	0	0	0
ENSMUSG00000075538	39	4	146	29	7	11
ENSMUSG00000075555	11	7	14	6	2	2
ENSMUSG00000075569	3	3	4	3	10	11
ENSMUSG00000075574	0	13	11	0	3	0
ENSMUSG00000075604	37	2	1	13	2	1
ENSMUSG00000075707	965	1367	2624	135	520	13
ENSMUSG00000075726	1	0	0	0	0	0
ENSMUSG00000076011	1	0	0	0	0	0
ENSMUSG00000076014	0	0	0	0	1	0
ENSMUSG00000076217	0	0	0	0	0	1
ENSMUSG00000076240	0	0	1	0	0	0
ENSMUSG00000076286	0	0	0	0	0	0
ENSMUSG00000076288	0	0	0	0	1	0
ENSMUSG00000076313	0	0	1	0	0	0
ENSMUSG00000076376	8	7	7	0	0	9
ENSMUSG00000076399	0	0	0	0	1	0
ENSMUSG00000076434	1	0	5	4	14	5
ENSMUSG00000076438	1	0	0	0	0	0
ENSMUSG00000076490	0	0	0	0	0	0
ENSMUSG00000076498	3	0	4	12	1	31
ENSMUSG00000076632	0	0	0	0	0	0
ENSMUSG00000076655	0	0	0	0	0	0
ENSMUSG00000076677	0	0	0	0	0	0
ENSMUSG00000076746	0	0	0	0	0	0
ENSMUSG00000076846	0	0	0	0	0	1
ENSMUSG00000076858	1	0	0	0	0	0
ENSMUSG00000076867	1	0	0	0	0	0
ENSMUSG00000076898	0	0	0	0	0	1
ENSMUSG00000076899	1	0	0	0	0	0
ENSMUSG00000076907	1	0	0	0	0	0
ENSMUSG00000076909	1	0	0	0	0	0
ENSMUSG00000076926	2	0	0	0	0	0
ENSMUSG00000076928	154	85	53	132	169	4
ENSMUSG00000076956	0	0	1	0	0	0
ENSMUSG00000076972	0	0	0	0	0	1
ENSMUSG00000076994	0	0	0	1	0	0
ENSMUSG00000077107	0	0	1	0	0	0
ENSMUSG00000077113	0	0	0	0	0	1
ENSMUSG00000077163	0	0	0	0	0	0
ENSMUSG00000077177	0	0	0	0	0	0
ENSMUSG00000077194	1	0	0	0	0	0
ENSMUSG00000077202	1	1	2	6	5	12
ENSMUSG00000077255	0	0	0	0	0	0
ENSMUSG00000077260	0	0	0	0	0	0
ENSMUSG00000077342	0	0	0	0	0	0
ENSMUSG00000077359	0	0	0	0	0	0
ENSMUSG00000077387	1	0	0	0	0	0
ENSMUSG00000077397	0	0	0	0	0	0
ENSMUSG00000077400	0	0	1	0	0	0
ENSMUSG00000077419	0	0	0	0	0	0
ENSMUSG00000077438	0	0	0	0	0	0
ENSMUSG00000077463	0	0	0	0	0	0
ENSMUSG00000077505	7	1	12	3	10	5
ENSMUSG00000077511	0	0	0	0	0	0
ENSMUSG00000077553	0	0	1	0	0	0
ENSMUSG00000077625	12	13	17	16	10	15
ENSMUSG00000077628	0	0	0	0	0	0
ENSMUSG00000077660	0	0	0	0	0	0
ENSMUSG00000077663	0	0	0	0	0	0
ENSMUSG00000077680	0	0	0	0	0	0
ENSMUSG00000077681	0	0	0	0	0	0
ENSMUSG00000077702	0	0	0	0	0	0
ENSMUSG00000077736	0	0	0	0	0	0
ENSMUSG00000077869	0	0	1	0	0	0
ENSMUSG00000077925	14	5	18	4	6	0
ENSMUSG00000077980	17	0	12	10	6	1
ENSMUSG00000077981	0	0	3	2	0	0
ENSMUSG00000078031	0	0	0	0	1	0
ENSMUSG00000078032	1	0	0	0	0	0
ENSMUSG00000078060	0	0	1	0	0	0
ENSMUSG00000078116	0	0	0	0	0	0
ENSMUSG00000078117	0	0	0	0	0	0
ENSMUSG00000078122	0	0	0	0	0	0
ENSMUSG00000078137	0	0	0	0	0	0
ENSMUSG00000078143	2	0	6	0	2	8
ENSMUSG00000078144	0	0	10	0	0	4
ENSMUSG00000078154	7	10	7	4	9	5
ENSMUSG00000078177	0	0	0	1	0	0
ENSMUSG00000078240	1	8	0	33	3	3
ENSMUSG00000078249	1169	6	221	1	6	10
ENSMUSG00000078270	0	0	0	0	0	0
ENSMUSG00000078380	0	0	0	0	1	0
ENSMUSG00000078451	2	0	7	6	0	9
ENSMUSG00000078480	156	142	44	0	0	0
ENSMUSG00000078489	12	7	14	0	12	5
ENSMUSG00000078528	8	1	31	0	1	5
ENSMUSG00000078554	0	0	0	0	0	4
ENSMUSG00000078590	0	0	1	0	0	0
ENSMUSG00000078591	0	0	2	0	0	11
ENSMUSG00000078607	22	13	13	12	8	12
ENSMUSG00000078624	14	1	32	5	2	9
ENSMUSG00000078632	0	0	0	0	0	0
ENSMUSG00000078686	0	0	0	0	0	0
ENSMUSG00000078706	0	4	10	10	23	10
ENSMUSG00000078722	0	0	0	0	1	0
ENSMUSG00000078780	0	0	0	0	0	0
ENSMUSG00000078815	0	3	0	5	27	25
ENSMUSG00000078868	9	0	37	0	1	21
ENSMUSG00000078896	0	0	1	0	0	0
ENSMUSG00000078931	12	20	6	6	10	17
ENSMUSG00000078937	2	0	11	0	9	3
ENSMUSG00000078938	0	0	1	0	0	0
ENSMUSG00000078949	0	13	4	35	48	4
ENSMUSG00000078963	9	6	16	11	15	39
ENSMUSG00000079012	17	2	8	35	0	0
ENSMUSG00000079014	1	0	14	7	8	0
ENSMUSG00000079015	0	0	0	0	0	0
ENSMUSG00000079025	0	0	0	0	0	0
ENSMUSG00000079045	0	0	0	0	0	0
ENSMUSG00000079067	0	0	0	0	1	0
ENSMUSG00000079092	4082	501	430	1791	1273	11773
ENSMUSG00000079101	1	0	0	0	0	0
ENSMUSG00000079110	2	0	0	9	34	7
ENSMUSG00000079113	0	0	0	0	0	0
ENSMUSG00000079143	0	1	0	0	0	0
ENSMUSG00000079164	154	147	205	119	116	19
ENSMUSG00000079165	0	4	4	0	1	0
ENSMUSG00000079175	0	0	0	0	0	0
ENSMUSG00000079180	0	0	0	0	0	0
ENSMUSG00000079184	809	604	998	584	538	952
ENSMUSG00000079186	26	27	50	0	11	0
ENSMUSG00000079243	0	23	34	357	348	266
ENSMUSG00000079263	0	0	0	0	0	0
ENSMUSG00000079293	2	9	1	0	11	11
ENSMUSG00000079295	0	1	0	0	0	0
ENSMUSG00000079356	0	0	1	10	0	4
ENSMUSG00000079363	0	0	0	18	6	7
ENSMUSG00000079364	0	0	37	0	1	2
ENSMUSG00000079386	0	0	1	0	0	0
ENSMUSG00000079389	0	0	1	0	0	0
ENSMUSG00000079391	0	0	19	0	1	0
ENSMUSG00000079396	2	2	28	1	0	3
ENSMUSG00000079421	0	0	0	1	0	0
ENSMUSG00000079428	0	4	4	12	17	5
ENSMUSG00000079460	0	0	0	0	0	0
ENSMUSG00000079471	3	8	19	176	206	171
ENSMUSG00000079491	764	33	276	84	475	86
ENSMUSG00000079494	2	11	26	4	4	0
ENSMUSG00000079509	2587	1708	2882	1662	1659	2959
ENSMUSG00000079536	0	1	0	0	0	0
ENSMUSG00000079555	642	319	688	220	305	1114
ENSMUSG00000079588	0	15	13	257	223	158
ENSMUSG00000079639	0	0	0	0	0	0
ENSMUSG00000079794	0	0	0	0	0	0
ENSMUSG00000079806	0	0	0	0	0	0
ENSMUSG00000079808	1	2	3	0	0	0
ENSMUSG00000079845	12	8	1	0	0	0
ENSMUSG00000079871	0	0	0	0	0	0
ENSMUSG00000079965	3	0	11	0	7	0
ENSMUSG00000080002	1	0	0	1	1	2
ENSMUSG00000080205	0	0	1	0	0	0
ENSMUSG00000080227	0	0	0	0	0	1
ENSMUSG00000080237	21	0	19	7	3	10
ENSMUSG00000080241	0	0	0	0	0	0
ENSMUSG00000080242	907	0	326	1	4	0
ENSMUSG00000080374	4	4	2	1	0	0
ENSMUSG00000080406	6	0	12	0	3	0
ENSMUSG00000080409	0	0	0	0	0	0
ENSMUSG00000080437	0	0	0	0	0	0
ENSMUSG00000080459	1	0	0	0	0	0
ENSMUSG00000080504	0	0	1	0	0	0
ENSMUSG00000080575	0	0	0	1	0	0
ENSMUSG00000080662	0	0	9	0	0	5
ENSMUSG00000080709	1	0	0	0	0	0
ENSMUSG00000080733	0	0	0	0	0	0
ENSMUSG00000080747	0	0	0	0	0	0
ENSMUSG00000080772	5	7	19	0	1	3
ENSMUSG00000080773	0	0	1	0	0	0
ENSMUSG00000080790	0	1	0	0	0	0
ENSMUSG00000080794	0	0	0	0	0	0
ENSMUSG00000080813	0	0	0	0	10	5
ENSMUSG00000080823	0	1	0	0	0	0
ENSMUSG00000080828	0	0	0	0	0	0
ENSMUSG00000080840	0	0	0	0	0	0
ENSMUSG00000080873	0	0	1	0	0	0
ENSMUSG00000080875	0	0	0	0	1	0
ENSMUSG00000080876	0	0	0	0	0	0
ENSMUSG00000080893	196	174	4	3	149	4
ENSMUSG00000080895	0	0	1	0	0	0
ENSMUSG00000080904	0	0	0	0	1	0
ENSMUSG00000080912	0	0	0	1	0	0
ENSMUSG00000080916	1	0	0	0	0	0
ENSMUSG00000080930	0	0	0	0	0	0
ENSMUSG00000080941	0	0	0	0	1	0
ENSMUSG00000080955	1	0	0	0	0	0
ENSMUSG00000080966	0	0	0	1	0	0
ENSMUSG00000080974	1	3	1	1	0	1
ENSMUSG00000080979	0	1	0	0	0	0
ENSMUSG00000081003	0	1	0	0	0	0
ENSMUSG00000081010	0	1	0	0	0	0
ENSMUSG00000081023	0	0	0	1	0	0
ENSMUSG00000081024	0	0	0	0	0	1
ENSMUSG00000081034	1	0	0	0	0	0
ENSMUSG00000081043	3	0	6	0	0	10
ENSMUSG00000081045	0	0	0	0	0	0
ENSMUSG00000081056	0	0	1	0	0	0
ENSMUSG00000081068	0	0	0	0	0	1
ENSMUSG00000081078	0	1	0	0	0	0
ENSMUSG00000081096	0	0	0	1	0	0
ENSMUSG00000081098	5	0	0	4	3	30
ENSMUSG00000081103	16	6	24	0	5	3
ENSMUSG00000081111	192	7	8	167	179	433
ENSMUSG00000081120	0	0	0	1	0	0
ENSMUSG00000081126	15	17	24	23	0	0
ENSMUSG00000081127	0	0	0	0	0	0
ENSMUSG00000081152	0	0	0	1	0	0
ENSMUSG00000081156	4	1	19	0	2	5
ENSMUSG00000081161	1	0	0	0	0	0
ENSMUSG00000081167	0	0	0	0	0	0
ENSMUSG00000081172	0	0	0	0	0	0
ENSMUSG00000081188	0	0	0	0	0	0
ENSMUSG00000081189	13	2	5	0	0	2
ENSMUSG00000081191	0	0	0	0	0	1
ENSMUSG00000081228	1	0	0	0	0	0
ENSMUSG00000081232	2	0	1	0	1	1
ENSMUSG00000081248	0	0	3	0	0	0
ENSMUSG00000081255	0	0	0	0	1	0
ENSMUSG00000081256	0	3	8	0	0	0
ENSMUSG00000081274	1	0	0	0	0	0
ENSMUSG00000081282	0	0	0	0	0	3
ENSMUSG00000081299	0	0	1	0	0	0
ENSMUSG00000081308	0	0	0	0	0	0
ENSMUSG00000081317	0	0	1	0	0	0
ENSMUSG00000081336	0	0	0	0	0	0
ENSMUSG00000081339	1	12	0	6	8	0
ENSMUSG00000081367	0	0	0	0	0	0
ENSMUSG00000081370	0	0	0	1	0	0
ENSMUSG00000081372	0	1	0	0	0	0
ENSMUSG00000081391	0	0	0	1	0	0
ENSMUSG00000081434	99	10	1	93	86	6
ENSMUSG00000081435	0	0	0	0	0	0
ENSMUSG00000081461	0	0	0	0	1	0
ENSMUSG00000081476	0	1	12	0	3	0
ENSMUSG00000081480	8	15	33	4	17	7
ENSMUSG00000081488	0	0	15	3	3	2
ENSMUSG00000081512	1	0	0	0	0	0
ENSMUSG00000081519	131	116	100	0	0	1
ENSMUSG00000081520	19	16	9	0	9	3
ENSMUSG00000081541	0	0	0	0	0	0
ENSMUSG00000081553	1	0	0	0	0	0
ENSMUSG00000081557	1	0	0	0	0	0
ENSMUSG00000081560	0	0	0	0	0	0
ENSMUSG00000081568	0	0	0	0	0	1
ENSMUSG00000081604	0	0	0	1	0	0
ENSMUSG00000081607	0	0	0	0	1	0
ENSMUSG00000081608	0	0	0	0	0	1
ENSMUSG00000081613	0	0	0	0	1	0
ENSMUSG00000081622	0	1	0	1	0	0
ENSMUSG00000081625	0	0	0	0	0	0
ENSMUSG00000081640	324	11	5	367	338	8
ENSMUSG00000081656	0	0	1	0	0	0
ENSMUSG00000081660	1	0	0	0	0	0
ENSMUSG00000081679	4	5	5	7	0	11
ENSMUSG00000081690	0	3	4	9	0	0
ENSMUSG00000081692	3	6	13	0	0	4
ENSMUSG00000081694	0	0	0	0	0	0
ENSMUSG00000081711	0	0	0	0	0	1
ENSMUSG00000081724	0	0	1	0	0	0
ENSMUSG00000081747	0	0	0	0	0	0
ENSMUSG00000081750	1	0	0	0	0	0
ENSMUSG00000081752	2	0	0	1	0	2
ENSMUSG00000081788	76	84	4	78	87	189
ENSMUSG00000081789	0	0	0	1	0	0
ENSMUSG00000081796	0	0	0	0	0	0
ENSMUSG00000081800	1	0	0	0	0	0
ENSMUSG00000081801	0	0	0	0	0	5
ENSMUSG00000081810	0	0	0	1	0	0
ENSMUSG00000081816	14	12	18	0	1	6
ENSMUSG00000081820	0	0	0	0	0	0
ENSMUSG00000081824	0	403	1	4	319	0
ENSMUSG00000081828	1	0	0	0	0	0
ENSMUSG00000081856	0	0	0	0	0	0
ENSMUSG00000081860	0	0	0	1	0	0
ENSMUSG00000081877	0	0	0	0	0	0
ENSMUSG00000081883	2	22	33	1	0	0
ENSMUSG00000081884	0	0	0	0	1	0
ENSMUSG00000081895	3	4	0	0	7	9
ENSMUSG00000081898	0	1	0	0	0	0
ENSMUSG00000081900	0	0	1	0	0	0
ENSMUSG00000081903	0	0	0	0	0	0
ENSMUSG00000081906	0	0	1	0	0	0
ENSMUSG00000081917	0	0	0	0	0	0
ENSMUSG00000081924	0	0	0	0	1	0
ENSMUSG00000081926	1	0	0	0	0	0
ENSMUSG00000081932	5	12	11	0	0	0
ENSMUSG00000081943	0	0	0	0	0	0
ENSMUSG00000081944	5	0	16	0	2	0
ENSMUSG00000081949	0	1	0	0	0	0
ENSMUSG00000081957	0	0	1	0	0	0
ENSMUSG00000081968	0	0	8	2	1	10
ENSMUSG00000082011	0	0	0	0	0	0
ENSMUSG00000082024	1	0	0	0	0	0
ENSMUSG00000082028	0	1	0	0	0	0
ENSMUSG00000082032	1	0	0	2	0	5
ENSMUSG00000082037	0	0	0	0	0	0
ENSMUSG00000082038	0	0	0	0	0	0
ENSMUSG00000082057	0	0	16	0	6	0
ENSMUSG00000082070	1	0	0	0	0	0
ENSMUSG00000082082	12	2	17	2	3	34
ENSMUSG00000082106	0	0	0	0	0	0
ENSMUSG00000082121	69	0	0	63	46	0
ENSMUSG00000082126	0	0	0	0	0	0
ENSMUSG00000082148	0	0	0	0	0	0
ENSMUSG00000082157	0	0	0	0	0	1
ENSMUSG00000082160	0	1	0	0	0	0
ENSMUSG00000082162	0	0	0	0	0	0
ENSMUSG00000082164	0	0	0	0	0	0
ENSMUSG00000082171	0	1	0	0	0	0
ENSMUSG00000082195	0	3	0	2	0	0
ENSMUSG00000082216	0	0	0	0	0	0
ENSMUSG00000082223	0	0	0	1	0	0
ENSMUSG00000082253	0	0	1	0	0	0
ENSMUSG00000082277	0	0	1	0	0	0
ENSMUSG00000082279	0	0	0	0	1	0
ENSMUSG00000082296	1	0	0	0	0	0
ENSMUSG00000082307	0	1	0	0	0	0
ENSMUSG00000082313	3	0	4	0	1	0
ENSMUSG00000082320	0	0	1	0	0	0
ENSMUSG00000082321	0	0	0	0	0	1
ENSMUSG00000082322	0	1	0	0	0	0
ENSMUSG00000082332	0	0	0	0	0	0
ENSMUSG00000082360	0	0	0	0	0	0
ENSMUSG00000082361	41	24	27	51	13	237
ENSMUSG00000082373	1	0	0	0	0	0
ENSMUSG00000082393	0	0	0	0	1	0
ENSMUSG00000082397	0	0	0	0	0	0
ENSMUSG00000082399	0	1	0	0	0	0
ENSMUSG00000082408	0	1	0	0	0	0
ENSMUSG00000082456	0	0	0	0	1	0
ENSMUSG00000082485	0	0	1	0	0	0
ENSMUSG00000082491	0	0	0	0	1	0
ENSMUSG00000082513	20	2	34	2	6	5
ENSMUSG00000082520	2	0	20	0	3	3
ENSMUSG00000082526	0	0	0	0	0	0
ENSMUSG00000082536	171	164	128	4566	159	167
ENSMUSG00000082541	0	0	0	0	0	0
ENSMUSG00000082543	2	3	0	0	0	1
ENSMUSG00000082552	0	0	0	0	0	0
ENSMUSG00000082569	0	0	0	0	0	0
ENSMUSG00000082593	4	0	9	0	0	4
ENSMUSG00000082607	0	0	0	0	0	0
ENSMUSG00000082625	1	0	0	0	0	0
ENSMUSG00000082633	0	0	0	0	1	0
ENSMUSG00000082645	0	0	1	0	0	0
ENSMUSG00000082648	0	0	2	0	0	0
ENSMUSG00000082665	1	0	0	0	0	0
ENSMUSG00000082666	0	0	0	0	0	0
ENSMUSG00000082677	10	0	24	4	8	8
ENSMUSG00000082692	11	0	15	0	2	2
ENSMUSG00000082709	0	0	0	0	0	0
ENSMUSG00000082711	8	0	14	0	6	14
ENSMUSG00000082712	0	0	0	0	0	0
ENSMUSG00000082716	0	0	0	0	0	0
ENSMUSG00000082724	1	0	0	0	0	0
ENSMUSG00000082740	0	0	0	0	0	1
ENSMUSG00000082745	0	5	0	0	12	0
ENSMUSG00000082789	0	0	1	0	0	0
ENSMUSG00000082794	8	2	26	0	7	23
ENSMUSG00000082804	0	0	0	0	0	1
ENSMUSG00000082815	0	8	0	0	10	0
ENSMUSG00000082838	0	0	0	0	0	1
ENSMUSG00000082864	0	0	0	0	0	0
ENSMUSG00000082884	0	1	0	0	0	0
ENSMUSG00000082888	0	1	0	0	0	0
ENSMUSG00000082908	0	0	0	0	0	1
ENSMUSG00000082927	0	1	0	0	0	0
ENSMUSG00000082928	7	1	10	0	4	0
ENSMUSG00000082938	0	0	0	0	1	0
ENSMUSG00000082947	0	0	0	0	1	0
ENSMUSG00000082958	0	0	0	0	0	0
ENSMUSG00000082961	0	0	0	0	0	0
ENSMUSG00000082989	0	0	0	0	0	0
ENSMUSG00000082998	0	0	1	0	0	0
ENSMUSG00000083005	0	0	0	0	0	0
ENSMUSG00000083008	1	0	0	0	0	0
ENSMUSG00000083018	0	0	0	0	0	0
ENSMUSG00000083038	0	0	0	1	0	0
ENSMUSG00000083055	0	0	0	0	1	0
ENSMUSG00000083064	20	47	42	24	2	11
ENSMUSG00000083078	0	0	0	0	0	0
ENSMUSG00000083103	0	0	0	0	0	0
ENSMUSG00000083111	31	7	60	2	7	30
ENSMUSG00000083139	1	0	0	0	0	0
ENSMUSG00000083150	0	0	1	0	0	0
ENSMUSG00000083161	4	0	7	12	3	17
ENSMUSG00000083171	0	0	0	0	1	0
ENSMUSG00000083186	0	0	0	1	0	0
ENSMUSG00000083199	1	0	0	0	0	0
ENSMUSG00000083206	0	0	0	0	1	0
ENSMUSG00000083209	0	0	11	2	0	0
ENSMUSG00000083210	0	0	0	0	0	0
ENSMUSG00000083218	14	10	6	12	11	0
ENSMUSG00000083219	0	0	0	0	1	0
ENSMUSG00000083246	10	1	11	0	2	12
ENSMUSG00000083268	2	0	5	0	0	9
ENSMUSG00000083277	11	2	17	0	2	0
ENSMUSG00000083287	0	0	1	0	0	0
ENSMUSG00000083314	0	0	0	0	0	0
ENSMUSG00000083320	0	1	0	0	0	0
ENSMUSG00000083327	12	11	3	18	13	7
ENSMUSG00000083341	0	0	0	0	1	0
ENSMUSG00000083365	0	0	0	0	0	0
ENSMUSG00000083371	0	0	0	0	0	0
ENSMUSG00000083375	0	0	0	0	0	0
ENSMUSG00000083378	0	1	1	1	1	1
ENSMUSG00000083384	1	0	0	0	0	0
ENSMUSG00000083397	5	0	13	0	2	3
ENSMUSG00000083422	0	0	0	0	1	0
ENSMUSG00000083431	0	1	0	0	0	0
ENSMUSG00000083436	0	0	0	0	0	0
ENSMUSG00000083458	1	0	0	0	0	0
ENSMUSG00000083494	0	0	0	0	0	4
ENSMUSG00000083503	0	0	0	0	0	0
ENSMUSG00000083524	0	0	0	0	0	0
ENSMUSG00000083539	0	0	0	0	0	1
ENSMUSG00000083554	0	0	1	0	0	0
ENSMUSG00000083580	0	0	0	0	0	0
ENSMUSG00000083584	0	0	0	0	0	0
ENSMUSG00000083611	0	0	1	0	0	0
ENSMUSG00000083618	0	0	0	0	1	0
ENSMUSG00000083623	0	9	11	0	0	0
ENSMUSG00000083650	11	11	17	2	0	2
ENSMUSG00000083653	0	0	0	0	0	1
ENSMUSG00000083658	0	0	1	0	0	0
ENSMUSG00000083700	0	0	1	0	0	0
ENSMUSG00000083708	37	0	0	29	28	0
ENSMUSG00000083709	0	0	1	0	0	0
ENSMUSG00000083716	3	2	2	3	3	3
ENSMUSG00000083734	0	1	0	0	0	0
ENSMUSG00000083736	0	1	0	0	0	0
ENSMUSG00000083743	1	0	23	0	0	0
ENSMUSG00000083767	0	1	0	0	0	0
ENSMUSG00000083778	0	0	0	0	0	0
ENSMUSG00000083793	0	0	0	0	1	0
ENSMUSG00000083803	2	0	2	3	0	17
ENSMUSG00000083812	1	0	0	0	0	0
ENSMUSG00000083813	1	0	0	0	0	0
ENSMUSG00000083817	1	0	8	0	3	6
ENSMUSG00000083820	0	0	0	0	1	0
ENSMUSG00000083823	0	1	0	0	0	0
ENSMUSG00000083827	7	0	15	0	0	11
ENSMUSG00000083834	10	2	31	0	9	13
ENSMUSG00000083841	0	1	0	0	0	0
ENSMUSG00000083860	0	0	0	1	0	2
ENSMUSG00000083861	0	0	0	0	0	0
ENSMUSG00000083863	12	1	9	0	1	15
ENSMUSG00000083876	4	1	11	14	0	12
ENSMUSG00000083885	1	0	0	0	0	0
ENSMUSG00000083900	1	0	0	0	0	0
ENSMUSG00000083902	54	0	52	35	41	0
ENSMUSG00000083912	0	0	0	0	1	0
ENSMUSG00000083915	0	0	1	0	0	0
ENSMUSG00000083923	2	0	0	0	0	0
ENSMUSG00000083928	0	0	1	0	0	0
ENSMUSG00000083953	0	0	9	0	0	10
ENSMUSG00000083956	0	0	0	0	0	0
ENSMUSG00000083990	0	1	0	0	0	0
ENSMUSG00000083997	0	0	0	0	0	1
ENSMUSG00000083998	0	0	0	0	0	0
ENSMUSG00000084011	0	0	1	0	0	0
ENSMUSG00000084020	147	0	0	122	134	2
ENSMUSG00000084021	0	0	1	0	0	0
ENSMUSG00000084025	0	0	0	0	0	1
ENSMUSG00000084072	0	0	0	0	0	1
ENSMUSG00000084083	1	0	0	0	0	0
ENSMUSG00000084094	0	0	0	0	0	1
ENSMUSG00000084098	0	0	0	0	0	1
ENSMUSG00000084125	0	0	0	0	0	1
ENSMUSG00000084127	0	0	0	0	1	0
ENSMUSG00000084132	0	0	12	0	4	2
ENSMUSG00000084136	26	2	58	22	7	18
ENSMUSG00000084142	0	0	1	0	0	0
ENSMUSG00000084178	0	0	0	0	1	0
ENSMUSG00000084188	1	0	0	0	0	0
ENSMUSG00000084195	13	0	20	4	0	10
ENSMUSG00000084198	0	0	1	0	0	0
ENSMUSG00000084220	1	0	0	0	0	0
ENSMUSG00000084230	0	0	1	0	0	0
ENSMUSG00000084260	1	5	1	1	1	0
ENSMUSG00000084267	0	0	0	0	0	0
ENSMUSG00000084271	0	0	0	0	0	0
ENSMUSG00000084277	0	0	1	0	0	0
ENSMUSG00000084306	0	3	16	0	2	0
ENSMUSG00000084314	2	10	3	3	3	6
ENSMUSG00000084323	0	0	0	0	2	0
ENSMUSG00000084326	0	0	0	0	0	0
ENSMUSG00000084343	0	1	0	0	0	0
ENSMUSG00000084349	1744	1704	9	1863	42	15
ENSMUSG00000084353	0	0	0	0	0	1
ENSMUSG00000084362	4	0	11	2	0	0
ENSMUSG00000084379	1	0	0	0	0	0
ENSMUSG00000084384	1	0	0	0	0	0
ENSMUSG00000084391	0	0	0	0	0	1
ENSMUSG00000084403	682	576	430	0	3	0
ENSMUSG00000084404	1	0	0	0	0	0
ENSMUSG00000084405	0	0	0	0	0	0
ENSMUSG00000084417	0	0	0	0	0	0
ENSMUSG00000084421	2	0	2	0	0	0
ENSMUSG00000084461	0	0	0	0	0	0
ENSMUSG00000084487	13	13	19	11	5	0
ENSMUSG00000084527	0	1	0	0	0	0
ENSMUSG00000084583	0	0	0	0	0	0
ENSMUSG00000084592	10	0	12	0	2	2
ENSMUSG00000084686	4	14	3	4	0	3
ENSMUSG00000084696	0	1	0	0	0	0
ENSMUSG00000084739	1	8	9	0	0	5
ENSMUSG00000084747	0	0	0	0	0	0
ENSMUSG00000084751	0	0	0	0	0	0
ENSMUSG00000084786	3309	2881	2346	2793	2797	2248
ENSMUSG00000084798	0	0	0	0	1	0
ENSMUSG00000084804	0	0	0	0	0	0
ENSMUSG00000084816	0	0	0	0	1	0
ENSMUSG00000084821	3	0	0	0	5	2
ENSMUSG00000084836	0	0	0	0	0	0
ENSMUSG00000084846	3	15	16	0	11	6
ENSMUSG00000084850	4	0	0	8	9	49
ENSMUSG00000084854	0	0	0	0	0	0
ENSMUSG00000084892	6	6	15	0	0	0
ENSMUSG00000084911	0	0	0	0	1	0
ENSMUSG00000084938	13	6	1	21	6	33
ENSMUSG00000084940	0	1	0	0	0	0
ENSMUSG00000084950	19	14	13	27	13	24
ENSMUSG00000084954	1	0	0	0	0	0
ENSMUSG00000084979	1	0	0	0	0	0
ENSMUSG00000084981	0	0	0	0	1	0
ENSMUSG00000084996	0	0	0	0	1	0
ENSMUSG00000084999	2	4	16	0	0	1
ENSMUSG00000085022	1	0	0	0	0	0
ENSMUSG00000085068	0	0	0	0	0	0
ENSMUSG00000085084	7	3	21	0	10	9
ENSMUSG00000085089	1	0	0	0	0	0
ENSMUSG00000085090	0	0	0	1	0	0
ENSMUSG00000085105	15	46	2	44	25	21
ENSMUSG00000085109	0	0	0	0	0	0
ENSMUSG00000085113	0	2	0	0	0	0
ENSMUSG00000085130	0	0	0	0	0	0
ENSMUSG00000085165	5	2	7	0	0	10
ENSMUSG00000085167	0	0	0	0	0	0
ENSMUSG00000085194	0	0	0	0	1	0
ENSMUSG00000085201	3	0	2	0	5	23
ENSMUSG00000085207	33	15	23	1	6	25
ENSMUSG00000085208	4248	4049	3179	4793	4654	5445
ENSMUSG00000085244	0	0	1	0	0	0
ENSMUSG00000085254	0	0	0	0	0	0
ENSMUSG00000085262	4	15	0	7	7	0
ENSMUSG00000085267	0	0	1	0	0	0
ENSMUSG00000085272	0	0	0	0	6	10
ENSMUSG00000085321	0	0	0	1	0	0
ENSMUSG00000085353	0	0	0	0	0	1
ENSMUSG00000085376	0	0	0	0	1	0
ENSMUSG00000085393	0	0	0	1	0	0
ENSMUSG00000085400	15	3	13	0	15	14
ENSMUSG00000085405	0	0	0	0	0	0
ENSMUSG00000085419	5	3	8	0	0	0
ENSMUSG00000085437	0	0	0	0	0	0
ENSMUSG00000085441	0	0	0	0	0	0
ENSMUSG00000085444	1	2	9	0	0	3
ENSMUSG00000085454	0	0	0	0	1	0
ENSMUSG00000085464	1	0	0	0	0	0
ENSMUSG00000085466	0	0	0	0	0	1
ENSMUSG00000085481	0	0	0	0	0	0
ENSMUSG00000085509	0	0	0	1	0	0
ENSMUSG00000085521	6	0	3	7	6	1
ENSMUSG00000085538	8	0	10	0	0	21
ENSMUSG00000085541	0	0	0	1	0	0
ENSMUSG00000085562	0	0	0	0	0	1
ENSMUSG00000085572	1	0	0	0	0	0
ENSMUSG00000085577	0	0	0	0	0	0
ENSMUSG00000085591	1	0	0	0	0	0
ENSMUSG00000085600	1	0	0	0	0	0
ENSMUSG00000085611	0	0	0	1	0	0
ENSMUSG00000085626	0	0	0	0	0	0
ENSMUSG00000085627	1	0	0	0	0	0
ENSMUSG00000085629	0	0	0	0	4	0
ENSMUSG00000085635	0	0	0	1	0	0
ENSMUSG00000085636	10	10	13	0	20	0
ENSMUSG00000085639	2	1	9	1	14	0
ENSMUSG00000085651	0	0	0	0	1	0
ENSMUSG00000085656	0	0	0	0	0	0
ENSMUSG00000085666	93	107	0	0	121	0
ENSMUSG00000085669	2	0	0	5	0	12
ENSMUSG00000085675	0	0	5	0	1	34
ENSMUSG00000085676	0	0	0	0	0	0
ENSMUSG00000085679	0	0	0	0	0	0
ENSMUSG00000085695	0	0	0	1	0	0
ENSMUSG00000085696	1	18	4	4	0	7
ENSMUSG00000085700	0	0	0	0	0	0
ENSMUSG00000085721	6	22	40	15	29	0
ENSMUSG00000085734	0	1	0	0	0	0
ENSMUSG00000085745	0	0	1	0	0	0
ENSMUSG00000085763	8	0	0	7	2	7
ENSMUSG00000085765	0	0	0	0	0	0
ENSMUSG00000085779	0	0	2	10	10	9
ENSMUSG00000085800	0	0	0	0	0	1
ENSMUSG00000085810	19	17	10	0	4	8
ENSMUSG00000085816	0	0	1	0	0	0
ENSMUSG00000085835	0	0	1	14	0	0
ENSMUSG00000085856	0	0	1	0	0	0
ENSMUSG00000085873	7	2	0	0	0	10
ENSMUSG00000085905	0	0	1	0	0	0
ENSMUSG00000085933	0	1	0	0	0	0
ENSMUSG00000085934	0	0	0	0	0	0
ENSMUSG00000085941	0	1	0	0	0	0
ENSMUSG00000085957	0	3	0	0	0	12
ENSMUSG00000085961	0	0	0	0	0	0
ENSMUSG00000085962	2	0	0	0	3	0
ENSMUSG00000085967	0	0	1	0	0	0
ENSMUSG00000085979	0	0	0	0	1	0
ENSMUSG00000086000	0	0	0	0	0	0
ENSMUSG00000086006	2	2	13	4	15	0
ENSMUSG00000086012	0	0	1	0	0	0
ENSMUSG00000086021	0	10	0	1	4	0
ENSMUSG00000086025	0	0	0	0	0	1
ENSMUSG00000086049	6	1	0	3	1	0
ENSMUSG00000086077	0	0	0	0	1	0
ENSMUSG00000086111	4	8	1	0	10	0
ENSMUSG00000086117	0	0	0	0	0	0
ENSMUSG00000086123	1	1	3	2	4	3
ENSMUSG00000086126	0	0	0	0	0	0
ENSMUSG00000086134	0	0	0	0	0	0
ENSMUSG00000086139	13	1	0	3	0	5
ENSMUSG00000086163	0	0	0	1	0	0
ENSMUSG00000086222	0	0	1	0	0	0
ENSMUSG00000086245	0	0	0	0	1	0
ENSMUSG00000086253	0	0	0	0	0	0
ENSMUSG00000086256	0	1	2	7	2	2
ENSMUSG00000086259	0	0	0	0	0	0
ENSMUSG00000086267	0	0	0	0	0	1
ENSMUSG00000086273	0	0	0	13	1	0
ENSMUSG00000086289	4	2	0	10	0	0
ENSMUSG00000086311	2	0	13	0	0	0
ENSMUSG00000086327	0	0	0	0	0	0
ENSMUSG00000086353	0	3	4	0	1	3
ENSMUSG00000086363	6	1	11	3	0	48
ENSMUSG00000086377	0	0	1	0	0	0
ENSMUSG00000086389	0	2	0	17	3	6
ENSMUSG00000086407	0	0	0	0	0	0
ENSMUSG00000086421	0	0	0	0	1	0
ENSMUSG00000086428	1	0	0	0	0	0
ENSMUSG00000086436	0	1	0	0	0	0
ENSMUSG00000086447	7	2	0	0	8	0
ENSMUSG00000086450	0	0	7	0	0	0
ENSMUSG00000086470	0	0	4	0	2	14
ENSMUSG00000086514	0	0	1	0	0	0
ENSMUSG00000086554	0	0	0	0	0	0
ENSMUSG00000086555	18	12	0	10	5	12
ENSMUSG00000086591	5	18	5	0	0	4
ENSMUSG00000086602	0	1	0	0	0	0
ENSMUSG00000086620	0	1	0	0	0	0
ENSMUSG00000086646	6	0	0	2	5	16
ENSMUSG00000086662	0	0	0	1	0	0
ENSMUSG00000086697	0	0	0	1	0	0
ENSMUSG00000086708	0	0	0	0	0	0
ENSMUSG00000086709	10	7	0	27	6	27
ENSMUSG00000086721	3	4	4	2	2	0
ENSMUSG00000086767	0	0	0	0	1	0
ENSMUSG00000086782	18	7	25	6	7	19
ENSMUSG00000086785	1	0	0	0	0	0
ENSMUSG00000086788	0	0	0	0	0	0
ENSMUSG00000086813	0	0	0	6	1	2
ENSMUSG00000086818	0	0	0	0	0	0
ENSMUSG00000086820	0	0	0	1	0	0
ENSMUSG00000086825	21	10	104	3	4	44
ENSMUSG00000086827	0	0	0	11	0	0
ENSMUSG00000086837	0	2	3	0	0	0
ENSMUSG00000086849	3	2	2	1	6	8
ENSMUSG00000086860	1	0	0	0	0	0
ENSMUSG00000086862	0	0	0	0	0	0
ENSMUSG00000086866	0	0	8	20	14	4
ENSMUSG00000086877	59	78	75	69	65	71
ENSMUSG00000086891	0	1	0	0	0	0
ENSMUSG00000086913	0	0	0	1	0	0
ENSMUSG00000086917	8	0	7	4	0	0
ENSMUSG00000086920	3	9	17	0	7	14
ENSMUSG00000086954	0	0	1	0	0	0
ENSMUSG00000086960	0	0	0	0	0	0
ENSMUSG00000086986	0	0	0	0	0	0
ENSMUSG00000087014	4	2	4	2	0	0
ENSMUSG00000087015	0	0	0	0	0	0
ENSMUSG00000087041	0	1	0	0	0	0
ENSMUSG00000087067	14	29	10	11	5	2
ENSMUSG00000087089	1	0	0	0	0	0
ENSMUSG00000087090	0	0	0	14	19	0
ENSMUSG00000087097	0	0	0	1	0	0
ENSMUSG00000087108	0	0	1	0	0	0
ENSMUSG00000087111	0	0	1	0	0	0
ENSMUSG00000087113	0	0	0	0	0	1
ENSMUSG00000087117	0	0	0	12	0	3
ENSMUSG00000087119	0	0	2	0	0	0
ENSMUSG00000087123	0	0	0	1	0	0
ENSMUSG00000087142	4	13	24	29	8	1
ENSMUSG00000087145	0	0	0	0	1	0
ENSMUSG00000087158	2	0	16	0	0	0
ENSMUSG00000087168	36	10	33	23	26	32
ENSMUSG00000087197	0	0	0	0	0	0
ENSMUSG00000087205	0	0	0	0	0	0
ENSMUSG00000087233	0	0	1	0	0	0
ENSMUSG00000087248	0	0	0	0	1	0
ENSMUSG00000087252	1	0	10	18	3	7
ENSMUSG00000087266	6	0	6	2	0	14
ENSMUSG00000087273	20	22	13	33	1	27
ENSMUSG00000087292	1	7	10	7	15	0
ENSMUSG00000087318	1	0	0	0	0	0
ENSMUSG00000087321	0	1	0	0	0	0
ENSMUSG00000087327	10	0	4	3	0	0
ENSMUSG00000087333	0	9	6	4	8	0
ENSMUSG00000087334	0	2	4	9	0	6
ENSMUSG00000087337	0	0	0	0	0	0
ENSMUSG00000087340	0	0	0	0	0	0
ENSMUSG00000087343	0	0	0	0	0	1
ENSMUSG00000087356	1	0	0	0	0	0
ENSMUSG00000087361	0	1	0	0	0	0
ENSMUSG00000087411	0	0	0	0	0	4
ENSMUSG00000087439	1	0	0	0	0	0
ENSMUSG00000087441	0	0	0	0	0	0
ENSMUSG00000087455	0	1	0	0	0	0
ENSMUSG00000087468	0	0	0	0	0	0
ENSMUSG00000087474	0	0	0	0	0	0
ENSMUSG00000087476	0	0	1	0	0	0
ENSMUSG00000087480	19	0	8	9	3	40
ENSMUSG00000087545	0	4	0	2	1	4
ENSMUSG00000087564	0	0	1	0	0	0
ENSMUSG00000087581	0	0	0	0	0	0
ENSMUSG00000087584	0	0	0	0	0	0
ENSMUSG00000087591	0	0	7	4	16	10
ENSMUSG00000087595	0	1	0	0	0	0
ENSMUSG00000087610	0	6	4	15	6	0
ENSMUSG00000087613	0	0	0	0	0	1
ENSMUSG00000087632	4	0	11	0	5	1
ENSMUSG00000087635	0	0	0	1	0	0
ENSMUSG00000087637	0	0	0	0	0	0
ENSMUSG00000087639	0	0	10	6	3	5
ENSMUSG00000087640	1	0	0	0	0	0
ENSMUSG00000087641	0	0	0	0	0	0
ENSMUSG00000087659	4	0	11	2	9	23
ENSMUSG00000087662	0	1	0	0	0	0
ENSMUSG00000087682	2	4	18	3	0	0
ENSMUSG00000087685	19	5	16	14	0	21
ENSMUSG00000087723	0	0	0	0	0	0
ENSMUSG00000087782	0	0	1	0	0	0
ENSMUSG00000087808	8	0	0	13	0	0
ENSMUSG00000087819	25	38	31	74	30	74
ENSMUSG00000087893	0	0	0	0	0	0
ENSMUSG00000087938	9	4	6	2	2	10
ENSMUSG00000087987	0	0	0	0	0	0
ENSMUSG00000088025	1	9798	8700	0	0	0
ENSMUSG00000088139	0	0	1	0	0	0
ENSMUSG00000088148	2	4	2	22	0	22
ENSMUSG00000088169	1	0	0	0	0	0
ENSMUSG00000088224	0	0	1	0	0	0
ENSMUSG00000088228	0	0	0	0	0	0
ENSMUSG00000088265	0	0	0	0	0	0
ENSMUSG00000088387	0	0	0	0	0	0
ENSMUSG00000088420	0	0	0	0	0	0
ENSMUSG00000088423	0	0	0	0	0	0
ENSMUSG00000088437	2	0	12	0	2	8
ENSMUSG00000088459	0	0	1	0	0	0
ENSMUSG00000088484	0	0	0	0	0	0
ENSMUSG00000088493	5	5	11	0	2	0
ENSMUSG00000088509	0	0	0	0	0	0
ENSMUSG00000088528	0	0	0	0	0	1
ENSMUSG00000088630	0	0	0	0	0	0
ENSMUSG00000088639	5	0	10	0	1	0
ENSMUSG00000088653	0	0	0	0	0	0
ENSMUSG00000088695	5	0	8	10	0	5
ENSMUSG00000088712	0	0	7	1	7	6
ENSMUSG00000088840	0	0	0	0	0	0
ENSMUSG00000088888	0	0	0	0	0	0
ENSMUSG00000088980	2	0	1	0	0	0
ENSMUSG00000089025	0	0	0	0	0	0
ENSMUSG00000089027	0	0	0	0	0	0
ENSMUSG00000089096	0	1	0	0	0	0
ENSMUSG00000089133	4	0	2	0	0	0
ENSMUSG00000089204	1	0	0	0	0	0
ENSMUSG00000089239	0	3	7	0	4	13
ENSMUSG00000089274	0	0	0	0	0	0
ENSMUSG00000089290	0	0	0	0	0	0
ENSMUSG00000089324	0	0	1	0	0	0
ENSMUSG00000089385	0	0	0	0	0	0
ENSMUSG00000089464	0	0	0	0	0	0
ENSMUSG00000089493	9	0	6	0	6	0
ENSMUSG00000089543	0	0	0	0	0	0
ENSMUSG00000089550	0	0	0	0	0	0
ENSMUSG00000089555	11	0	12	0	4	0
ENSMUSG00000089570	0	0	0	1	0	0
ENSMUSG00000089612	1	0	0	0	0	0
ENSMUSG00000089617	479	515	606	909	773	973
ENSMUSG00000089669	12	10	9	0	14	3
ENSMUSG00000089675	0	12	0	0	0	0
ENSMUSG00000089706	33	9	109	5	20	50
ENSMUSG00000089716	1	0	0	0	0	0
ENSMUSG00000089718	0	0	0	0	0	0
ENSMUSG00000089722	0	0	0	0	0	0
ENSMUSG00000089728	0	0	0	0	0	0
ENSMUSG00000089733	0	0	0	0	0	0
ENSMUSG00000089739	0	3	0	1	1	0
ENSMUSG00000089756	72	12	109	8	16	78
ENSMUSG00000089760	0	0	0	0	0	1
ENSMUSG00000089785	0	1	0	0	0	0
ENSMUSG00000089789	3	0	1	14	2	0
ENSMUSG00000089790	0	0	0	0	1	0
ENSMUSG00000089791	13	0	18	0	0	0
ENSMUSG00000089795	0	0	0	0	0	0
ENSMUSG00000089838	0	0	0	0	0	1
ENSMUSG00000089849	12	0	18	0	0	4
ENSMUSG00000089877	4	0	11	0	0	0
ENSMUSG00000089887	0	0	0	0	0	1
ENSMUSG00000089937	1	0	0	0	0	0
ENSMUSG00000089943	17	4	33	0	0	8
ENSMUSG00000089949	0	0	0	0	0	0
ENSMUSG00000089951	23	2	41	5	16	30
ENSMUSG00000089952	48	32	196	8	46	7
ENSMUSG00000089975	0	0	0	0	0	0
ENSMUSG00000089989	0	0	0	0	0	1
ENSMUSG00000089991	0	0	0	0	0	1
ENSMUSG00000090005	16	0	9	9	1	5
ENSMUSG00000090016	0	0	0	0	0	0
ENSMUSG00000090034	2	2	2	0	0	0
ENSMUSG00000090050	0	0	0	0	0	0
ENSMUSG00000090061	0	0	0	1	0	0
ENSMUSG00000090087	0	0	0	0	0	0
ENSMUSG00000090098	1	2	9	0	6	0
ENSMUSG00000090112	1452	982	1864	937	911	1527
ENSMUSG00000090126	0	1	0	0	0	0
ENSMUSG00000090128	0	0	0	0	0	0
ENSMUSG00000090142	0	0	0	0	1	0
ENSMUSG00000090166	0	0	0	0	0	0
ENSMUSG00000090179	0	0	0	0	0	0
ENSMUSG00000090185	0	0	0	0	0	0
ENSMUSG00000090215	22	51	20	1	1	4
ENSMUSG00000090222	11	1	34	0	10	14
ENSMUSG00000090256	0	7	10	0	0	1
ENSMUSG00000090257	1	0	0	0	0	0
ENSMUSG00000090284	3	0	8	6	2	2
ENSMUSG00000090303	0	0	0	0	0	0
ENSMUSG00000090307	0	0	0	0	0	0
ENSMUSG00000090308	0	0	1	0	0	0
ENSMUSG00000090323	0	0	0	0	0	1
ENSMUSG00000090332	0	0	0	0	0	0
ENSMUSG00000090353	14	1	44	2	1	15
ENSMUSG00000090381	0	0	0	0	0	1
ENSMUSG00000090417	0	0	0	0	0	0
ENSMUSG00000090429	0	0	0	0	1	0
ENSMUSG00000090439	0	0	1	0	0	0
ENSMUSG00000090472	0	0	0	0	0	0
ENSMUSG00000090516	8	1	22	0	4	7
ENSMUSG00000090538	0	0	0	0	0	0
ENSMUSG00000090547	1	0	0	0	0	0
ENSMUSG00000090561	0	4	4	2	6	1
ENSMUSG00000090565	12	1	54	3	2	14
ENSMUSG00000090607	0	0	0	0	1	0
ENSMUSG00000090608	0	0	0	0	0	1
ENSMUSG00000090619	4	0	10	0	8	6
ENSMUSG00000090624	1	1	0	0	0	0
ENSMUSG00000090627	0	0	1	0	0	0
ENSMUSG00000090643	0	0	33	0	0	0
ENSMUSG00000090684	0	0	0	0	0	0
ENSMUSG00000090691	0	0	17	0	3	0
ENSMUSG00000090707	0	0	1	0	0	0
ENSMUSG00000090708	1	0	0	0	0	0
ENSMUSG00000090722	1	0	0	0	0	0
ENSMUSG00000090744	3	0	6	0	0	7
ENSMUSG00000090762	0	0	0	0	0	0
ENSMUSG00000090790	0	1	0	0	0	0
ENSMUSG00000090818	0	0	0	0	0	1
ENSMUSG00000090881	0	1	0	0	0	0
ENSMUSG00000090942	6	1	5	1	0	4
ENSMUSG00000090955	11	2	4	0	0	0
ENSMUSG00000090957	1	0	0	0	0	0
ENSMUSG00000090966	0	0	0	1	0	0
ENSMUSG00000091019	0	0	0	0	1	0
ENSMUSG00000091020	1	45	38	5	0	0
ENSMUSG00000091040	0	0	1	0	0	0
ENSMUSG00000091050	71	74	62	121	95	94
ENSMUSG00000091077	0	0	0	0	0	1
ENSMUSG00000091083	1	0	0	0	0	0
ENSMUSG00000091133	0	8	3	5	0	0
ENSMUSG00000091142	0	0	0	0	0	0
ENSMUSG00000091154	11	8	10	3	0	0
ENSMUSG00000091163	0	0	1	0	0	0
ENSMUSG00000091165	0	0	0	0	0	1
ENSMUSG00000091184	0	11	0	0	5	2
ENSMUSG00000091191	0	0	1	0	0	0
ENSMUSG00000091198	1	0	0	0	0	0
ENSMUSG00000091227	5	0	14	0	5	5
ENSMUSG00000091269	232	192	17	234	35	28
ENSMUSG00000091304	4	0	8	2	3	5
ENSMUSG00000091351	0	0	0	1	0	0
ENSMUSG00000091363	15	0	12	0	12	7
ENSMUSG00000091366	1	0	0	0	0	0
ENSMUSG00000091381	0	0	0	0	0	1
ENSMUSG00000091383	5	1279	1	8	10	12
ENSMUSG00000091401	0	0	0	0	1	0
ENSMUSG00000091407	0	0	0	0	0	1
ENSMUSG00000091408	0	0	0	1	0	0
ENSMUSG00000091421	10	1	1	2	2	1
ENSMUSG00000091426	3	2	33	0	0	3
ENSMUSG00000091449	6	5	4	4	5	7
ENSMUSG00000091450	0	1	0	0	0	0
ENSMUSG00000091453	0	0	0	0	0	0
ENSMUSG00000091455	0	16	3	8	11	12
ENSMUSG00000091472	0	0	22	0	0	0
ENSMUSG00000091478	0	0	0	0	1	0
ENSMUSG00000091490	1	0	0	0	0	0
ENSMUSG00000091491	22	27	37	20	1	19
ENSMUSG00000091504	0	0	0	0	0	0
ENSMUSG00000091515	0	0	0	1	0	0
ENSMUSG00000091531	3	0	12	0	2	7
ENSMUSG00000091553	5	0	0	8	0	0
ENSMUSG00000091557	0	0	0	0	0	0
ENSMUSG00000091577	14	2	28	0	8	17
ENSMUSG00000091620	0	0	0	0	0	0
ENSMUSG00000091649	0	7	0	5	0	0
ENSMUSG00000091652	0	0	0	0	0	2
ENSMUSG00000091655	0	0	0	0	0	1
ENSMUSG00000091662	0	0	0	0	0	0
ENSMUSG00000091680	0	2	0	0	0	4
ENSMUSG00000091685	0	0	0	0	0	1
ENSMUSG00000091697	292	0	0	0	0	1
ENSMUSG00000091718	0	0	0	0	0	0
ENSMUSG00000091814	4	4	35	0	1	1
ENSMUSG00000091818	0	0	0	1	0	0
ENSMUSG00000091844	17	0	21	0	12	57
ENSMUSG00000091866	0	10	7	0	0	0
ENSMUSG00000091879	0	0	1	0	0	0
ENSMUSG00000091882	0	0	15	2	0	1
ENSMUSG00000091890	1	1	0	0	1	2
ENSMUSG00000091898	62	124	153	1122	1323	558
ENSMUSG00000091900	1	0	1	0	1	1
ENSMUSG00000091905	0	1	0	0	0	0
ENSMUSG00000091957	121	41	58	50	34	12
ENSMUSG00000091987	0	0	0	0	0	0
ENSMUSG00000092036	1	0	0	0	0	0
ENSMUSG00000092047	0	0	0	0	0	0
ENSMUSG00000092054	0	0	0	0	0	0
ENSMUSG00000092162	1	0	0	0	0	0
ENSMUSG00000092192	8	0	6	6	0	8
ENSMUSG00000092230	0	1	0	0	0	0
ENSMUSG00000092239	2	0	2	0	0	0
ENSMUSG00000092240	0	0	0	0	0	1
ENSMUSG00000092243	25	0	10	0	12	0
ENSMUSG00000092245	0	0	0	0	0	0
ENSMUSG00000092247	33	12	3	0	1	2
ENSMUSG00000092258	16	18	15	18	9	0
ENSMUSG00000092270	0	0	0	0	0	0
ENSMUSG00000092298	0	0	0	0	0	0
ENSMUSG00000092325	0	0	0	0	0	1
ENSMUSG00000092326	0	0	0	0	0	0
ENSMUSG00000092335	0	0	12	0	4	4
ENSMUSG00000092349	2	1	3	2	0	0
ENSMUSG00000092384	8	4	10	0	2	17
ENSMUSG00000092394	17	12	26	0	3	2
ENSMUSG00000092422	0	0	0	0	0	0
ENSMUSG00000092427	0	0	0	0	0	0
ENSMUSG00000092438	0	0	0	0	1	0
ENSMUSG00000092448	0	0	0	0	0	1
ENSMUSG00000092470	2	0	10	5	0	7
ENSMUSG00000092473	0	0	0	0	0	0
ENSMUSG00000092474	12	0	4	0	5	0
ENSMUSG00000092490	0	9	2	13	0	5
ENSMUSG00000092500	15	0	0	6	28	20
ENSMUSG00000092509	0	0	0	0	0	0
ENSMUSG00000092539	27	24	14	19	15	0
ENSMUSG00000092549	0	0	0	0	0	0
ENSMUSG00000092551	0	0	1	0	0	0
ENSMUSG00000092553	0	0	0	0	0	0
ENSMUSG00000092559	7	4	36	0	6	7
ENSMUSG00000092560	0	0	0	0	1	0
ENSMUSG00000092592	6	1	18	0	3	3
ENSMUSG00000092601	0	0	0	0	0	0
ENSMUSG00000092602	0	0	0	1	0	0
ENSMUSG00000092606	0	0	0	0	0	0
ENSMUSG00000092617	0	1	0	0	0	0
ENSMUSG00000092619	0	0	0	0	0	1
ENSMUSG00000092652	0	0	0	0	0	0
ENSMUSG00000092695	8	0	11	1	0	2
ENSMUSG00000092727	0	0	1	0	0	0
ENSMUSG00000092847	0	0	0	0	0	0
ENSMUSG00000093002	0	0	1	0	0	0
ENSMUSG00000093007	3	1	18	5	0	7
ENSMUSG00000093011	12	0	12	0	0	2
ENSMUSG00000093064	0	1	0	0	0	0
ENSMUSG00000093090	0	0	0	0	0	0
ENSMUSG00000093093	1	0	0	0	0	0
ENSMUSG00000093108	0	0	1	0	0	0
ENSMUSG00000093137	0	0	1	0	0	0
ENSMUSG00000093189	2	0	3	0	2	0
ENSMUSG00000093227	0	0	0	0	0	0
ENSMUSG00000093345	0	1	0	0	0	0
ENSMUSG00000093355	0	0	0	0	0	0
ENSMUSG00000093402	0	0	0	0	0	0
ENSMUSG00000093406	0	0	0	0	0	0
ENSMUSG00000093437	0	0	2	0	0	1
ENSMUSG00000093465	4	9	9	0	2	0
ENSMUSG00000093482	0	1	12	0	0	0
ENSMUSG00000093493	0	0	0	0	0	0
ENSMUSG00000093505	1	0	0	0	0	0
ENSMUSG00000093507	5	0	2	0	0	0
ENSMUSG00000093525	0	0	0	0	0	1
ENSMUSG00000093537	1	2	0	0	2	2
ENSMUSG00000093546	0	0	0	0	0	0
ENSMUSG00000093548	0	1	0	0	0	0
ENSMUSG00000093560	0	0	0	0	1	0
ENSMUSG00000093565	195	140	184	251	191	391
ENSMUSG00000093590	0	0	0	0	0	0
ENSMUSG00000093592	0	0	0	0	0	0
ENSMUSG00000093616	0	0	0	0	0	0
ENSMUSG00000093660	0	0	0	1	0	0
ENSMUSG00000093668	10	4	18	0	1	6
ENSMUSG00000093671	0	0	1	0	0	0
ENSMUSG00000093681	0	0	0	0	0	0
ENSMUSG00000093683	0	0	0	0	0	0
ENSMUSG00000093720	9	2	4	10	9	9
ENSMUSG00000093722	0	0	0	0	0	0
ENSMUSG00000093741	0	0	0	0	0	0
ENSMUSG00000093751	0	0	0	0	0	1
ENSMUSG00000093765	0	0	0	13	2	155
ENSMUSG00000093781	0	0	1	0	0	0
ENSMUSG00000093826	0	0	0	0	0	0
ENSMUSG00000093853	0	0	0	0	0	0
ENSMUSG00000093859	0	0	0	0	0	1
ENSMUSG00000093865	1	0	0	0	0	0
ENSMUSG00000093885	1	0	3	5	1	1
ENSMUSG00000093890	0	0	0	0	0	0
ENSMUSG00000093898	0	0	0	0	0	0
ENSMUSG00000093908	133	118	200	134	109	202
ENSMUSG00000093923	0	0	0	0	0	0
ENSMUSG00000093942	27	3	68	6	8	27
ENSMUSG00000093954	0	0	0	18	32	0
ENSMUSG00000093985	0	0	16	0	0	0
ENSMUSG00000094001	0	0	0	0	0	0
ENSMUSG00000094002	0	0	1	0	0	0
ENSMUSG00000094005	0	0	0	0	0	0
ENSMUSG00000094108	0	0	0	0	0	0
ENSMUSG00000094152	0	1	0	0	0	0
ENSMUSG00000094156	0	0	0	0	0	0
ENSMUSG00000094163	0	0	0	0	0	0
ENSMUSG00000094167	0	0	0	0	1	0
ENSMUSG00000094344	6	3	10	2069	13	5
ENSMUSG00000094362	0	0	0	0	0	0
ENSMUSG00000094379	5	11	24	0	2	11
ENSMUSG00000094472	4	0	61	2	1	8
ENSMUSG00000094488	11	4	30	11	6	6
ENSMUSG00000094498	4	0	4	7	0	15
ENSMUSG00000094500	0	0	0	0	0	0
ENSMUSG00000094525	0	0	0	0	0	0
ENSMUSG00000094561	0	0	0	0	0	0
ENSMUSG00000094622	25	7	58	6	4	34
ENSMUSG00000094624	0	0	0	0	0	0
ENSMUSG00000094632	3	5	12	1	0	0
ENSMUSG00000094651	18	15	9	10	15	0
ENSMUSG00000094685	29	32	34	5	0	0
ENSMUSG00000094692	0	0	0	0	0	0
ENSMUSG00000094694	0	0	0	0	0	0
ENSMUSG00000094707	17	2	14	0	5	11
ENSMUSG00000094719	0	0	0	0	0	0
ENSMUSG00000094737	0	0	0	0	1	0
ENSMUSG00000094772	6	12	2	1	0	0
ENSMUSG00000094786	103	71	191	22	53	126
ENSMUSG00000094827	0	0	0	0	0	0
ENSMUSG00000094841	0	0	0	0	0	1
ENSMUSG00000094856	0	1	0	0	0	0
ENSMUSG00000094880	0	0	0	0	0	0
ENSMUSG00000094884	0	0	1	0	0	0
ENSMUSG00000094910	2	0	0	8	23	0
ENSMUSG00000094941	0	0	0	0	0	0
ENSMUSG00000094958	2	10	0	0	12	4
ENSMUSG00000094981	0	0	0	0	0	0
ENSMUSG00000095003	1	0	0	0	0	0
ENSMUSG00000095017	0	0	0	0	0	0
ENSMUSG00000095024	0	0	0	0	0	0
ENSMUSG00000095026	0	0	1	0	0	0
ENSMUSG00000095078	0	0	0	1	0	0
ENSMUSG00000095110	0	0	0	0	0	0
ENSMUSG00000095115	14627	14009	11794	13877	14625	24691
ENSMUSG00000095134	38	58	31	19	42	0
ENSMUSG00000095241	0	0	0	0	0	0
ENSMUSG00000095262	1	0	0	0	0	0
ENSMUSG00000095274	0	0	0	0	0	0
ENSMUSG00000095316	0	0	0	0	0	0
ENSMUSG00000095334	5	0	0	7	0	1
ENSMUSG00000095360	0	0	0	1	0	0
ENSMUSG00000095412	0	0	0	0	0	0
ENSMUSG00000095448	1	0	0	0	0	0
ENSMUSG00000095493	19	25	28	13	26	4
ENSMUSG00000095508	0	0	0	0	0	0
ENSMUSG00000095526	0	1	0	0	0	0
ENSMUSG00000095564	2	0	0	0	0	0
ENSMUSG00000095574	0	0	0	0	0	0
ENSMUSG00000095576	0	0	0	0	0	1
ENSMUSG00000095597	2384	2609	1662	2680	2206	4
ENSMUSG00000095608	0	0	0	0	0	0
ENSMUSG00000095609	1	0	0	0	0	0
ENSMUSG00000095620	0	0	0	3	0	10
ENSMUSG00000095651	18	2	12	0	0	12
ENSMUSG00000095761	0	0	0	0	0	0
ENSMUSG00000095779	0	0	1	0	0	0
ENSMUSG00000095809	0	0	0	0	1	0
ENSMUSG00000095834	0	0	0	0	0	0
ENSMUSG00000095865	12	13	1	6	0	0
ENSMUSG00000096006	143	222	133	7	3	6
ENSMUSG00000096024	0	0	0	0	0	0
ENSMUSG00000096033	0	0	6	0	0	0
ENSMUSG00000096038	0	0	0	0	0	0
ENSMUSG00000096039	42	28	323	22	20	41
ENSMUSG00000096045	0	0	0	0	0	0
ENSMUSG00000096152	0	0	0	0	0	0
ENSMUSG00000096157	0	0	0	25	39	89
ENSMUSG00000096167	1	0	0	0	0	0
ENSMUSG00000096220	11	5	25	3	4	4
ENSMUSG00000096265	0	0	1	0	0	0
ENSMUSG00000096299	11	0	14	6	1	24
ENSMUSG00000096323	0	0	0	0	0	1
ENSMUSG00000096385	0	0	1	0	0	0
ENSMUSG00000096403	882	1	289	0	1	0
ENSMUSG00000096427	0	0	0	0	0	0
ENSMUSG00000096438	0	0	0	0	0	1
ENSMUSG00000096446	0	0	0	0	0	0
ENSMUSG00000096449	0	1	0	0	0	0
ENSMUSG00000096507	0	0	0	0	0	0
ENSMUSG00000096517	7	8	4	4	6	4
ENSMUSG00000096524	0	0	0	0	0	0
ENSMUSG00000096537	1	0	0	0	0	0
ENSMUSG00000096566	0	0	0	0	0	0
ENSMUSG00000096576	0	0	0	0	0	0
ENSMUSG00000096658	0	0	0	0	0	0
ENSMUSG00000096685	0	0	0	0	0	0
ENSMUSG00000096696	35	6	79	3	13	53
ENSMUSG00000096760	0	0	0	0	0	0
ENSMUSG00000096775	0	0	1	0	0	0
ENSMUSG00000096798	0	0	0	0	0	0
ENSMUSG00000096806	0	0	1	0	0	0
ENSMUSG00000096861	0	0	0	1	0	0
ENSMUSG00000096862	0	0	0	0	0	0
ENSMUSG00000096864	0	0	0	0	0	0
ENSMUSG00000096870	2	3	20	4	0	0
ENSMUSG00000096872	0	0	0	0	0	1
ENSMUSG00000096883	2	0	6	0	0	10
ENSMUSG00000096921	0	0	2	0	0	0
ENSMUSG00000096922	6	5	11	4	1	14
ENSMUSG00000096923	8	12	2	11	0	0
ENSMUSG00000096936	0	1	0	0	0	0
ENSMUSG00000096937	4	0	15	1	0	0
ENSMUSG00000096942	2	2	5	0	4	1
ENSMUSG00000097011	0	0	0	0	0	0
ENSMUSG00000097023	0	0	0	0	0	0
ENSMUSG00000097025	5	2	0	0	11	8
ENSMUSG00000097047	0	2	11	10	12	9
ENSMUSG00000097071	0	0	5	0	0	9
ENSMUSG00000097081	40	34	29	60	40	97
ENSMUSG00000097085	0	1	0	0	0	0
ENSMUSG00000097092	1	0	0	0	0	0
ENSMUSG00000097134	0	0	2	0	4	14
ENSMUSG00000097140	16	5	8	0	0	7
ENSMUSG00000097154	2	0	0	0	0	0
ENSMUSG00000097156	0	1	9	10	12	0
ENSMUSG00000097186	0	4	4	0	0	10
ENSMUSG00000097189	2	0	0	0	0	1
ENSMUSG00000097199	0	0	0	0	0	1
ENSMUSG00000097233	5	8	11	12	6	4
ENSMUSG00000097248	3	0	0	2	4	2
ENSMUSG00000097254	9	22	0	36	7	17
ENSMUSG00000097261	1	20	24	14	2	4
ENSMUSG00000097282	1	15	16	0	4	16
ENSMUSG00000097283	20	2	42	3	5	12
ENSMUSG00000097292	9	0	1	7	6	21
ENSMUSG00000097385	0	0	0	1	0	0
ENSMUSG00000097393	0	12	3	13	18	14
ENSMUSG00000097407	12	3	1	0	0	5
ENSMUSG00000097408	2	2	0	12	0	0
ENSMUSG00000097419	0	0	1	0	0	0
ENSMUSG00000097426	2	0	1	0	2	25
ENSMUSG00000097428	2	3	0	13	8	0
ENSMUSG00000097440	5	23	10	12	6	0
ENSMUSG00000097445	11	0	9	0	0	3
ENSMUSG00000097473	0	0	0	0	0	1
ENSMUSG00000097483	1	0	0	0	0	0
ENSMUSG00000097494	12	7	15	0	0	4
ENSMUSG00000097496	0	0	0	0	0	0
ENSMUSG00000097516	0	0	0	0	0	0
ENSMUSG00000097530	2	3	2	1	0	0
ENSMUSG00000097552	1	0	0	0	0	0
ENSMUSG00000097563	1	0	0	0	0	0
ENSMUSG00000097575	0	0	0	0	0	0
ENSMUSG00000097577	23	20	21	25	37	64
ENSMUSG00000097595	16	15	2	0	3	2
ENSMUSG00000097644	148	155	50	0	0	0
ENSMUSG00000097655	1	0	0	0	0	0
ENSMUSG00000097679	1	0	0	0	0	0
ENSMUSG00000097685	0	0	0	1	0	0
ENSMUSG00000097690	0	0	1	5	3	11
ENSMUSG00000097693	1	8	5	4	8	6
ENSMUSG00000097694	0	1	0	0	0	0
ENSMUSG00000097700	0	0	0	0	0	0
ENSMUSG00000097702	0	0	0	0	0	1
ENSMUSG00000097726	0	0	0	0	0	0
ENSMUSG00000097743	45	29	40	0	28	70
ENSMUSG00000097748	2	8	20	0	2	2
ENSMUSG00000097756	13	12	8	7	0	16
ENSMUSG00000097763	0	0	1	0	2	0
ENSMUSG00000097767	13	0	12	1	8	1
ENSMUSG00000097768	0	0	4	0	10	0
ENSMUSG00000097804	0	0	0	4	4	29
ENSMUSG00000097823	11	0	6	0	6	5
ENSMUSG00000097836	0	0	0	0	0	1
ENSMUSG00000097848	0	4	0	2	3	3
ENSMUSG00000097891	0	6	14	0	0	0
ENSMUSG00000097893	3	9	5	0	0	12
ENSMUSG00000097898	0	0	1	0	0	0
ENSMUSG00000097906	2316	49	37	2613	2250	29
ENSMUSG00000097907	1	0	0	0	0	0
ENSMUSG00000097908	258	376	187	395	401	202
ENSMUSG00000097925	1	0	0	0	0	0
ENSMUSG00000097926	7	0	8	0	4	0
ENSMUSG00000097945	0	0	1	0	0	0
ENSMUSG00000097958	1	0	0	0	0	0
ENSMUSG00000097968	0	0	0	0	0	0
ENSMUSG00000097970	31	8	26	1	0	25
ENSMUSG00000097999	0	1	0	0	0	0
ENSMUSG00000098015	0	0	0	0	0	0
ENSMUSG00000098028	0	1	0	0	0	0
ENSMUSG00000098035	0	0	0	0	0	0
ENSMUSG00000098036	0	0	0	0	0	0
ENSMUSG00000098051	0	0	0	1	0	0
ENSMUSG00000098052	0	4	6	0	13	0
ENSMUSG00000098066	23	8	49	2	11	43
ENSMUSG00000098094	0	0	0	0	0	0
ENSMUSG00000098103	0	0	1	0	0	0
ENSMUSG00000098116	0	0	0	0	1	0
ENSMUSG00000098132	7	2	4	0	0	11
ENSMUSG00000098141	0	1	2	1	1	1
ENSMUSG00000098152	0	0	0	0	0	0
ENSMUSG00000098157	0	0	0	0	1	0
ENSMUSG00000098187	0	1	0	0	0	0
ENSMUSG00000098196	0	0	0	0	0	1
ENSMUSG00000098201	0	0	0	0	0	0
ENSMUSG00000098206	48	21	65	0	8	38
ENSMUSG00000098235	5	3	43	12	11	17
ENSMUSG00000098240	1	0	0	0	0	0
ENSMUSG00000098242	0	1	0	0	0	0
ENSMUSG00000098243	56	11	97	7	10	65
ENSMUSG00000098246	0	0	0	9	0	0
ENSMUSG00000098247	1	0	0	0	0	0
ENSMUSG00000098263	0	0	1	0	0	0
ENSMUSG00000098297	0	0	0	0	0	0
ENSMUSG00000098302	0	0	1	0	0	0
ENSMUSG00000098327	0	1	0	0	0	0
ENSMUSG00000098341	0	1	0	0	0	0
ENSMUSG00000098353	1	0	0	0	0	0
ENSMUSG00000098358	0	0	0	0	0	0
ENSMUSG00000098371	0	0	1	0	0	0
ENSMUSG00000098404	5	5	1	4	1	3
ENSMUSG00000098416	0	0	0	0	0	0
ENSMUSG00000098442	1	0	0	0	0	0
ENSMUSG00000098471	0	0	0	0	0	0
ENSMUSG00000098473	0	0	0	0	0	0
ENSMUSG00000098482	1	0	0	0	0	0
ENSMUSG00000098488	27	13	0	26	12	5
ENSMUSG00000098489	0	0	1	0	0	0
ENSMUSG00000098492	6	4	27	0	6	16
ENSMUSG00000098497	1	0	0	0	0	0
ENSMUSG00000098504	0	0	0	1	0	0
ENSMUSG00000098515	0	0	0	0	0	0
ENSMUSG00000098540	0	0	0	0	1	0
ENSMUSG00000098563	0	0	0	1	0	0
ENSMUSG00000098568	1	0	0	0	0	0
ENSMUSG00000098573	0	0	2	0	0	6
ENSMUSG00000098596	0	0	0	0	1	0
ENSMUSG00000098597	0	0	0	0	1	0
ENSMUSG00000098611	0	0	0	0	0	0
ENSMUSG00000098623	1	0	0	0	0	0
ENSMUSG00000098640	0	0	0	0	0	7
ENSMUSG00000098658	0	0	0	0	0	0
ENSMUSG00000098666	0	0	1	0	0	0
ENSMUSG00000098685	0	0	1	0	0	0
ENSMUSG00000098706	1	0	0	0	0	0
ENSMUSG00000098734	0	0	1	0	0	0
ENSMUSG00000098744	0	0	0	0	0	0
ENSMUSG00000098748	0	0	0	0	0	0
ENSMUSG00000098754	6	4	0	0	6	0
ENSMUSG00000098760	0	0	0	0	0	0
ENSMUSG00000098769	0	0	0	0	0	1
ENSMUSG00000098789	36	25	1	57	23	45
ENSMUSG00000098817	0	0	0	0	0	0
ENSMUSG00000098858	0	0	4	0	0	0
ENSMUSG00000098873	0	0	1	0	0	0
ENSMUSG00000098893	0	0	0	1	0	0
ENSMUSG00000098915	7	6	471	2	2	2
ENSMUSG00000098944	0	0	0	0	1	0
ENSMUSG00000098957	0	1	0	0	0	0
ENSMUSG00000098981	0	0	0	0	0	1
ENSMUSG00000099042	0	0	0	0	0	0
ENSMUSG00000099069	1	0	0	0	0	0
ENSMUSG00000099091	0	0	0	0	0	1
ENSMUSG00000099115	1	0	0	0	0	0
ENSMUSG00000099170	0	0	0	1	0	0
ENSMUSG00000099172	0	0	1	0	0	0
ENSMUSG00000099200	0	0	0	0	0	0
ENSMUSG00000099216	0	0	0	0	0	0
ENSMUSG00000099222	0	0	0	0	0	1
ENSMUSG00000099230	0	0	0	0	0	0
ENSMUSG00000099254	1	0	0	0	0	0
ENSMUSG00000099257	0	0	0	0	0	0
ENSMUSG00000099284	0	0	2	0	2	0
ENSMUSG00000099286	0	0	0	0	0	0
ENSMUSG00000099294	0	0	0	0	0	0
ENSMUSG00000099309	2	0	0	0	0	0
ENSMUSG00000099310	4	1	17	7	0	1
ENSMUSG00000099375	14	4	29	0	4	17
ENSMUSG00000099384	0	0	13	9	0	0
ENSMUSG00000099390	0	0	0	0	0	0
ENSMUSG00000099397	218	252	404	231	3	3
ENSMUSG00000099407	0	0	0	0	0	0
ENSMUSG00000099420	0	0	0	0	0	0
ENSMUSG00000099421	0	0	0	0	0	0
ENSMUSG00000099429	0	6	2	1	8	23
ENSMUSG00000099447	1	0	0	0	0	0
ENSMUSG00000099465	10	6	21	0	12	5
ENSMUSG00000099473	0	0	0	0	0	0
ENSMUSG00000099516	0	0	1	0	0	0
ENSMUSG00000099519	2	1	1	0	0	3
ENSMUSG00000099543	9	0	44	3	8	0
ENSMUSG00000099617	0	0	0	0	0	0
ENSMUSG00000099634	0	0	1	0	0	0
ENSMUSG00000099635	0	0	0	0	0	0
ENSMUSG00000099640	0	0	0	0	0	0
ENSMUSG00000099656	0	0	0	0	0	0
ENSMUSG00000099671	0	0	0	0	0	0
ENSMUSG00000099719	1	0	2	0	3	21
ENSMUSG00000099728	0	0	0	0	0	0
ENSMUSG00000099732	0	0	1	0	0	0
ENSMUSG00000099754	0	0	0	0	0	0
ENSMUSG00000099757	11	0	19	13	3	4
ENSMUSG00000099758	8	0	6	0	2	0
ENSMUSG00000099768	0	0	0	0	1	0
ENSMUSG00000099771	0	0	0	0	0	0
ENSMUSG00000099805	0	0	0	0	0	0
ENSMUSG00000099823	0	0	0	0	0	0
ENSMUSG00000099825	0	2	0	4	9	10
ENSMUSG00000099847	0	0	0	0	0	0
ENSMUSG00000099855	0	0	0	0	0	0
ENSMUSG00000099866	0	0	0	0	0	0
ENSMUSG00000099869	0	0	1	0	0	0
ENSMUSG00000099874	0	0	0	0	0	1
ENSMUSG00000099888	0	0	0	0	0	0
ENSMUSG00000099906	0	5	11	41	49	111
ENSMUSG00000099924	6	1	17	0	0	3
ENSMUSG00000099959	6	1	9	0	0	0
ENSMUSG00000099973	0	0	0	0	0	0
ENSMUSG00000099974	0	0	1	0	0	0
ENSMUSG00000099979	0	1	0	0	0	0
ENSMUSG00000099999	0	0	0	0	0	0
ENSMUSG00000100035	0	0	0	0	0	0
ENSMUSG00000100037	0	1	0	0	0	0
ENSMUSG00000100065	0	0	0	0	0	0
ENSMUSG00000100077	0	0	0	0	0	0
ENSMUSG00000100085	0	0	0	0	0	0
ENSMUSG00000100096	0	0	0	0	0	0
ENSMUSG00000100124	0	0	0	0	0	0
ENSMUSG00000100141	0	0	1	0	0	0
ENSMUSG00000100155	0	0	0	0	0	0
ENSMUSG00000100176	5	2	19	0	10	14
ENSMUSG00000100186	0	0	0	0	0	0
ENSMUSG00000100198	0	0	0	0	0	0
ENSMUSG00000100234	0	0	0	0	0	0
ENSMUSG00000100308	0	0	0	0	0	0
ENSMUSG00000100315	0	0	0	0	0	1
ENSMUSG00000100325	0	0	0	0	0	0
ENSMUSG00000100337	0	0	0	0	0	1
ENSMUSG00000100396	12	5	0	1	2	0
ENSMUSG00000100437	5	0	3	0	4	11
ENSMUSG00000100511	0	0	0	0	0	0
ENSMUSG00000100529	1	0	0	0	0	0
ENSMUSG00000100548	6	0	0	8	0	0
ENSMUSG00000100550	4	0	6	2	0	12
ENSMUSG00000100552	0	0	1	0	0	0
ENSMUSG00000100555	13	0	21	0	2	3
ENSMUSG00000100563	0	0	0	0	0	0
ENSMUSG00000100586	2	2	15	0	0	18
ENSMUSG00000100588	0	0	0	0	0	0
ENSMUSG00000100593	0	0	1	0	0	0
ENSMUSG00000100598	0	0	0	0	0	0
ENSMUSG00000100599	103	89	70	109	109	148
ENSMUSG00000100605	0	0	1	0	0	0
ENSMUSG00000100616	0	1	0	0	0	0
ENSMUSG00000100635	1	0	0	0	0	0
ENSMUSG00000100636	0	0	0	0	0	1
ENSMUSG00000100639	0	0	0	0	0	0
ENSMUSG00000100658	169	106	103	195	112	339
ENSMUSG00000100705	0	0	0	0	0	0
ENSMUSG00000100706	2	0	6	1	0	18
ENSMUSG00000100712	0	0	0	0	0	0
ENSMUSG00000100713	0	0	0	0	0	0
ENSMUSG00000100715	0	0	0	0	0	0
ENSMUSG00000100744	0	0	0	0	0	0
ENSMUSG00000100769	0	0	1	0	0	0
ENSMUSG00000100786	0	0	1	0	0	0
ENSMUSG00000100801	19339	54	16	11273	100	50
ENSMUSG00000100806	0	0	0	0	0	0
ENSMUSG00000100815	2	0	17	6	0	7
ENSMUSG00000100838	0	0	0	0	1	0
ENSMUSG00000100873	0	0	0	0	0	0
ENSMUSG00000100899	3	3	9	0	2	1
ENSMUSG00000100906	0	0	0	0	0	0
ENSMUSG00000100908	0	0	0	0	0	0
ENSMUSG00000100932	0	0	0	0	0	0
ENSMUSG00000100935	0	0	0	0	0	0
ENSMUSG00000100968	0	0	0	0	0	0
ENSMUSG00000100972	0	0	0	0	0	0
ENSMUSG00000100979	0	0	0	0	0	0
ENSMUSG00000100987	8	8	14	1	6	0
ENSMUSG00000100992	0	0	0	0	0	0
ENSMUSG00000101013	186	160	120	156	187	220
ENSMUSG00000101028	4	9	3	0	3	0
ENSMUSG00000101059	4	0	20	0	2	0
ENSMUSG00000101061	3	9	14	11	2	0
ENSMUSG00000101062	0	0	0	0	0	0
ENSMUSG00000101063	0	0	0	0	0	0
ENSMUSG00000101115	0	0	0	0	0	0
ENSMUSG00000101162	5	2	0	0	0	10
ENSMUSG00000101180	0	0	0	0	0	0
ENSMUSG00000101181	0	0	0	0	0	0
ENSMUSG00000101233	0	0	0	0	0	0
ENSMUSG00000101237	0	1	0	0	0	0
ENSMUSG00000101246	0	0	0	0	0	0
ENSMUSG00000101268	4	1	22	14	0	6
ENSMUSG00000101271	0	0	0	0	0	0
ENSMUSG00000101276	0	0	0	0	0	0
ENSMUSG00000101277	0	0	0	0	0	0
ENSMUSG00000101284	0	0	0	0	0	0
ENSMUSG00000101307	0	0	0	0	0	0
ENSMUSG00000101335	31	23	81	26	24	80
ENSMUSG00000101357	0	1	0	0	0	0
ENSMUSG00000101369	0	0	0	0	0	0
ENSMUSG00000101387	10	7	9	4	0	0
ENSMUSG00000101437	0	0	0	0	0	0
ENSMUSG00000101446	0	0	0	0	0	0
ENSMUSG00000101447	0	0	0	0	1	0
ENSMUSG00000101450	46	10	92	2	19	23
ENSMUSG00000101453	0	0	0	0	0	0
ENSMUSG00000101481	0	0	0	0	0	0
ENSMUSG00000101496	4	1	62	3	3	1
ENSMUSG00000101521	0	0	0	0	0	0
ENSMUSG00000101573	0	0	0	0	0	0
ENSMUSG00000101583	0	3	0	5	0	8
ENSMUSG00000101587	7	5	48	2	1	8
ENSMUSG00000101612	0	0	0	0	0	0
ENSMUSG00000101662	0	0	8	6	1	0
ENSMUSG00000101668	0	0	0	0	0	0
ENSMUSG00000101674	0	1	0	0	0	0
ENSMUSG00000101724	6	0	11	3	0	0
ENSMUSG00000101726	0	0	1	0	0	0
ENSMUSG00000101741	17	0	20	2	3	4
ENSMUSG00000101750	7	0	0	0	3	7
ENSMUSG00000101776	6	0	9	0	0	3
ENSMUSG00000101778	39	6	74	11	6	42
ENSMUSG00000101785	0	0	0	0	0	0
ENSMUSG00000101786	0	0	0	0	0	0
ENSMUSG00000101810	0	0	0	0	0	1
ENSMUSG00000101814	0	0	0	0	0	0
ENSMUSG00000101816	0	0	0	0	0	0
ENSMUSG00000101834	0	0	1	0	0	0
ENSMUSG00000101841	2	0	1	0	1	1
ENSMUSG00000101854	0	1	0	0	0	0
ENSMUSG00000101906	12	7	69	4	3	13
ENSMUSG00000101912	0	0	0	0	0	0
ENSMUSG00000101914	0	0	0	0	0	0
ENSMUSG00000101929	0	0	0	0	0	0
ENSMUSG00000101932	0	0	0	1	0	0
ENSMUSG00000101935	1	0	0	0	0	0
ENSMUSG00000101968	0	0	1	0	0	0
ENSMUSG00000101972	1214	1372	600	2193	1616	2175
ENSMUSG00000101989	0	0	0	0	0	0
ENSMUSG00000101995	0	0	0	0	0	0
ENSMUSG00000102018	12	9	13	0	8	15
ENSMUSG00000102027	0	0	1	0	0	0
ENSMUSG00000102046	0	0	1	0	0	0
ENSMUSG00000102064	0	0	1	0	0	0
ENSMUSG00000102083	0	0	0	1	0	0
ENSMUSG00000102095	0	0	0	6	0	9
ENSMUSG00000102133	3	0	20	0	0	7
ENSMUSG00000102142	45	7	84	6	1	37
ENSMUSG00000102152	13	4	0	1	8	17
ENSMUSG00000102157	16	4	31	1	0	16
ENSMUSG00000102162	1	0	0	0	0	0
ENSMUSG00000102179	11	2	44	18	2	12
ENSMUSG00000102194	12	0	54	12	5	24
ENSMUSG00000102211	0	4	11	0	0	2
ENSMUSG00000102212	0	0	2	0	0	0
ENSMUSG00000102225	33	8	93	14	5	30
ENSMUSG00000102248	1	2	11	0	7	0
ENSMUSG00000102267	29	0	73	2	2	17
ENSMUSG00000102277	19	7	54	4	2	34
ENSMUSG00000102279	0	0	0	0	0	0
ENSMUSG00000102293	2	0	11	0	0	6
ENSMUSG00000102319	48	2	112	27	5	12
ENSMUSG00000102322	0	0	0	0	0	0
ENSMUSG00000102323	10	4	21	0	11	12
ENSMUSG00000102325	0	1	0	0	0	0
ENSMUSG00000102343	0	0	0	0	0	1
ENSMUSG00000102383	7	2	24	0	2	1
ENSMUSG00000102389	0	0	0	0	0	0
ENSMUSG00000102391	2	0	3	0	0	1
ENSMUSG00000102396	0	0	0	0	0	0
ENSMUSG00000102407	0	0	0	0	0	0
ENSMUSG00000102418	14	17	10	24	27	192
ENSMUSG00000102423	2	3	19	0	6	11
ENSMUSG00000102427	4	6	15	0	1	7
ENSMUSG00000102434	0	0	0	0	0	0
ENSMUSG00000102447	0	0	1	0	0	0
ENSMUSG00000102448	27	9	55	4	15	3
ENSMUSG00000102452	3	1	17	0	0	3
ENSMUSG00000102457	23	19	17	14	17	9
ENSMUSG00000102470	2	8	5	0	0	2
ENSMUSG00000102474	12	5	11	0	0	0
ENSMUSG00000102495	0	0	0	0	0	1
ENSMUSG00000102503	8	0	27	2	0	13
ENSMUSG00000102505	0	0	0	1	0	0
ENSMUSG00000102523	29	12	33	1	7	18
ENSMUSG00000102534	0	0	0	0	0	0
ENSMUSG00000102546	1	0	0	0	0	0
ENSMUSG00000102550	242	0	0	1	0	0
ENSMUSG00000102556	20	0	78	2	17	30
ENSMUSG00000102559	21	2	27	1	2	19
ENSMUSG00000102562	24	5	112	0	13	31
ENSMUSG00000102574	0	0	0	0	0	0
ENSMUSG00000102603	0	0	0	0	0	0
ENSMUSG00000102609	0	0	0	0	1	0
ENSMUSG00000102612	0	0	0	0	0	0
ENSMUSG00000102615	4	2	8	19	6	0
ENSMUSG00000102648	1	0	0	0	0	0
ENSMUSG00000102649	7	5	8	0	0	6
ENSMUSG00000102651	24	5	22	8	0	7
ENSMUSG00000102656	0	0	0	0	0	0
ENSMUSG00000102672	29	11	37	1	1	22
ENSMUSG00000102692	34	10	29	25	13	33
ENSMUSG00000102698	4	2	15	0	2	0
ENSMUSG00000102699	0	0	0	0	0	0
ENSMUSG00000102703	0	0	0	0	0	0
ENSMUSG00000102716	0	0	1	0	0	0
ENSMUSG00000102732	3	0	4	0	3	0
ENSMUSG00000102733	12	0	19	9	7	9
ENSMUSG00000102734	0	0	0	0	0	0
ENSMUSG00000102740	0	0	0	0	1	0
ENSMUSG00000102749	2	0	19	6	0	2
ENSMUSG00000102750	2	0	15	0	0	0
ENSMUSG00000102758	193	74	280	15	54	52
ENSMUSG00000102760	41	9	94	13	28	4
ENSMUSG00000102776	3	0	41	0	0	9
ENSMUSG00000102780	38	16	184	9	3	31
ENSMUSG00000102833	4	4	1	16	0	0
ENSMUSG00000102836	0	0	0	0	0	0
ENSMUSG00000102844	24	4	60	5	8	2
ENSMUSG00000102847	0	0	0	0	0	0
ENSMUSG00000102854	70	8	233	12	22	67
ENSMUSG00000102861	9	2	21	2	9	0
ENSMUSG00000102872	0	0	1	0	0	0
ENSMUSG00000102874	15	2	74	0	3	10
ENSMUSG00000102876	0	1	0	0	0	0
ENSMUSG00000102887	0	0	0	0	0	0
ENSMUSG00000102892	1	0	4	0	2	14
ENSMUSG00000102900	0	0	2	0	2	12
ENSMUSG00000102902	0	0	0	0	0	0
ENSMUSG00000102908	1	0	0	0	0	0
ENSMUSG00000102919	14	7	32	6	8	20
ENSMUSG00000102922	4	0	12	0	0	0
ENSMUSG00000102930	42	0	60	13	17	20
ENSMUSG00000102939	22	0	43	0	1	32
ENSMUSG00000102945	0	0	0	0	0	0
ENSMUSG00000102951	8	0	55	2	0	7
ENSMUSG00000102953	2	0	14	19	4	2
ENSMUSG00000102972	0	0	1	0	0	0
ENSMUSG00000102979	0	0	0	0	0	0
ENSMUSG00000103001	0	0	0	0	0	0
ENSMUSG00000103013	0	7	6	13	0	3
ENSMUSG00000103028	0	0	0	0	0	0
ENSMUSG00000103032	26	13	42	0	21	25
ENSMUSG00000103038	15	0	52	0	0	4
ENSMUSG00000103042	1	0	0	0	0	0
ENSMUSG00000103047	36	27	126	6	13	0
ENSMUSG00000103049	39	8	169	8	13	38
ENSMUSG00000103065	0	0	0	0	0	0
ENSMUSG00000103076	32	13	138	9	10	51
ENSMUSG00000103095	0	0	0	0	0	0
ENSMUSG00000103122	8	0	14	0	3	8
ENSMUSG00000103125	0	0	0	0	0	0
ENSMUSG00000103133	33	2	40	3	15	43
ENSMUSG00000103135	4	0	19	0	0	2
ENSMUSG00000103146	33	14	99	9	4	39
ENSMUSG00000103147	0	1	0	0	0	0
ENSMUSG00000103163	13	0	25	0	2	4
ENSMUSG00000103174	4	4	10	2	5	8
ENSMUSG00000103183	32	41	85	3	16	20
ENSMUSG00000103194	11	3	12	0	1	6
ENSMUSG00000103195	50	26	89	42	20	73
ENSMUSG00000103206	0	0	0	0	1	0
ENSMUSG00000103226	0	0	0	0	0	0
ENSMUSG00000103233	26	4	81	1	2	13
ENSMUSG00000103241	1	0	0	0	0	0
ENSMUSG00000103251	8	13	19	2	0	8
ENSMUSG00000103252	5	0	9	0	2	0
ENSMUSG00000103254	0	0	0	0	0	0
ENSMUSG00000103270	1	0	0	0	0	0
ENSMUSG00000103284	3	6	10	0	5	0
ENSMUSG00000103291	41	12	87	21	4	43
ENSMUSG00000103296	0	0	0	0	0	0
ENSMUSG00000103308	32	34	37	10	18	0
ENSMUSG00000103322	4	1	20	0	0	6
ENSMUSG00000103331	0	0	0	0	0	0
ENSMUSG00000103354	13	0	48	9	6	17
ENSMUSG00000103357	0	1	0	0	0	0
ENSMUSG00000103360	2	0	35	4	8	16
ENSMUSG00000103364	77	25	163	7	31	65
ENSMUSG00000103366	6	0	0	0	1	0
ENSMUSG00000103380	1	0	0	0	0	0
ENSMUSG00000103391	5	2	19	0	6	2
ENSMUSG00000103400	19	31	13	28	20	19
ENSMUSG00000103409	0	0	3	6	9	0
ENSMUSG00000103417	0	0	0	0	0	0
ENSMUSG00000103427	168	24	397	19	17	102
ENSMUSG00000103432	8	0	19	0	0	6
ENSMUSG00000103445	0	1	2	6	4	18
ENSMUSG00000103456	0	0	0	0	0	1
ENSMUSG00000103464	1	2	18	0	2	6
ENSMUSG00000103466	0	0	0	1	0	0
ENSMUSG00000103481	0	0	0	0	0	0
ENSMUSG00000103483	0	0	0	0	1	0
ENSMUSG00000103488	0	0	0	0	0	0
ENSMUSG00000103493	0	2	13	0	4	10
ENSMUSG00000103497	12	8	57	2	0	7
ENSMUSG00000103525	20	0	48	9	3	15
ENSMUSG00000103529	19	19	27	7	13	2
ENSMUSG00000103546	8	0	26	11	6	6
ENSMUSG00000103553	5	0	12	2	0	6
ENSMUSG00000103572	41	4	93	21	14	51
ENSMUSG00000103573	0	0	0	0	0	1
ENSMUSG00000103574	6	3	6	2	14	0
ENSMUSG00000103588	0	0	4	0	0	0
ENSMUSG00000103596	5	3	9	11	0	23
ENSMUSG00000103601	0	0	1	0	0	0
ENSMUSG00000103611	2	0	12	0	0	0
ENSMUSG00000103614	22	10	46	7	10	1
ENSMUSG00000103631	0	0	0	0	0	0
ENSMUSG00000103634	22	16	90	4	4	31
ENSMUSG00000103636	0	0	0	1	0	0
ENSMUSG00000103676	0	0	0	0	0	0
ENSMUSG00000103685	4	0	7	0	0	8
ENSMUSG00000103693	16	2	12	3	0	0
ENSMUSG00000103697	84	45	167	52	28	99
ENSMUSG00000103699	0	0	0	0	0	0
ENSMUSG00000103703	0	6	10	2	0	7
ENSMUSG00000103706	10	0	50	5	6	10
ENSMUSG00000103712	0	0	0	0	0	0
ENSMUSG00000103732	0	0	1	0	0	0
ENSMUSG00000103734	31	2	32	0	2	19
ENSMUSG00000103738	0	0	5	0	0	11
ENSMUSG00000103741	5	0	9	0	0	8
ENSMUSG00000103747	15	0	36	1	5	6
ENSMUSG00000103748	1	2	10	0	1	13
ENSMUSG00000103755	11	0	2	8	0	0
ENSMUSG00000103780	46	28	147	5	11	14
ENSMUSG00000103787	0	0	0	0	0	0
ENSMUSG00000103808	20	11	62	11	0	42
ENSMUSG00000103810	1	0	0	0	0	0
ENSMUSG00000103825	0	1	0	0	1	0
ENSMUSG00000103847	4	0	8	9	0	0
ENSMUSG00000103848	0	0	0	0	0	0
ENSMUSG00000103849	0	0	0	0	0	0
ENSMUSG00000103851	31	9	195	9	6	49
ENSMUSG00000103869	108	14	292	38	18	89
ENSMUSG00000103883	1	0	0	0	0	0
ENSMUSG00000103885	6	0	0	0	0	7
ENSMUSG00000103889	0	1	0	0	0	0
ENSMUSG00000103903	0	0	0	0	0	1
ENSMUSG00000103907	11	0	6	11	0	70
ENSMUSG00000103916	0	0	18	11	1	0
ENSMUSG00000103925	10	0	0	10	0	4
ENSMUSG00000103932	13	0	37	0	4	10
ENSMUSG00000103937	55	4	72	35	6	25
ENSMUSG00000103938	0	0	0	0	0	0
ENSMUSG00000103942	0	0	0	0	0	0
ENSMUSG00000103945	30	0	17	10	7	33
ENSMUSG00000103959	16	1	45	0	2	24
ENSMUSG00000103973	11	0	49	0	10	0
ENSMUSG00000103986	0	0	1	0	0	0
ENSMUSG00000103989	0	0	0	0	0	0
ENSMUSG00000103999	3	0	9	11	0	0
ENSMUSG00000104004	0	0	1	0	0	0
ENSMUSG00000104020	4	3	23	0	0	0
ENSMUSG00000104026	12	0	24	0	0	0
ENSMUSG00000104036	0	1	0	0	0	0
ENSMUSG00000104037	11	0	9	0	6	1
ENSMUSG00000104040	9	6	5	0	13	0
ENSMUSG00000104044	48	4	74	32	9	19
ENSMUSG00000104052	14	0	38	14	8	2
ENSMUSG00000104060	41	8	103	6	17	33
ENSMUSG00000104066	1	1	20	8	5	0
ENSMUSG00000104078	17	4	56	0	17	30
ENSMUSG00000104092	0	0	0	0	0	0
ENSMUSG00000104093	4	0	16	0	2	3
ENSMUSG00000104094	5	3	41	0	12	4
ENSMUSG00000104107	13	0	85	10	0	14
ENSMUSG00000104118	65	11	279	4	13	80
ENSMUSG00000104125	140	25	377	37	24	184
ENSMUSG00000104136	1	0	6	0	0	10
ENSMUSG00000104140	23	2	99	24	9	49
ENSMUSG00000104145	35	8	164	11	21	51
ENSMUSG00000104154	24	10	120	7	21	63
ENSMUSG00000104166	0	0	0	0	0	0
ENSMUSG00000104170	0	0	17	6	4	0
ENSMUSG00000104174	1	0	0	0	0	0
ENSMUSG00000104184	7	0	30	0	0	1
ENSMUSG00000104190	2	0	2	15	0	0
ENSMUSG00000104197	0	0	20	0	0	2
ENSMUSG00000104204	4	2	10	0	6	16
ENSMUSG00000104218	1	0	0	0	0	0
ENSMUSG00000104222	2	211	262	1	3	2
ENSMUSG00000104235	204	39	777	33	44	171
ENSMUSG00000104237	0	0	1	0	0	0
ENSMUSG00000104244	10	0	13	0	2	2
ENSMUSG00000104245	0	1	0	0	0	0
ENSMUSG00000104262	22	0	51	3	4	27
ENSMUSG00000104283	0	1	0	0	0	0
ENSMUSG00000104284	1	0	0	0	0	0
ENSMUSG00000104299	0	0	0	0	1	0
ENSMUSG00000104301	0	0	0	0	0	4
ENSMUSG00000104302	12	0	6	6	0	2
ENSMUSG00000104323	0	0	0	0	0	0
ENSMUSG00000104329	45	6	108	8	16	24
ENSMUSG00000104331	0	0	1	0	0	0
ENSMUSG00000104342	17	1	27	1	6	45
ENSMUSG00000104345	0	0	0	0	0	0
ENSMUSG00000104348	6	0	0	0	2	14
ENSMUSG00000104379	12	6	6	6	1	10
ENSMUSG00000104392	1	0	5	0	11	8
ENSMUSG00000104398	6	2	109	6	4	8
ENSMUSG00000104400	8	0	18	0	6	5
ENSMUSG00000104406	12	0	31	2	2	16
ENSMUSG00000104416	4	0	5	0	3	12
ENSMUSG00000104418	2	2	2	3	0	1
ENSMUSG00000104442	0	0	0	0	0	0
ENSMUSG00000104454	8	3	31	9	3	4
ENSMUSG00000104459	24	6	13	0	0	3
ENSMUSG00000104469	36	0	73	1	20	15
ENSMUSG00000104476	749	166	2366	84	199	573
ENSMUSG00000104481	0	0	0	0	0	0
ENSMUSG00000104482	0	0	0	0	0	0
ENSMUSG00000104514	0	0	1	0	0	0
ENSMUSG00000104563	14	0	23	1	3	5
ENSMUSG00000104564	15	0	15	0	0	5
ENSMUSG00000104571	43	6	186	22	11	56
ENSMUSG00000104576	8	1	12	0	12	4
ENSMUSG00000104583	10	0	23	0	5	2
ENSMUSG00000104592	0	0	0	0	0	0
ENSMUSG00000104619	0	0	1	0	0	0
ENSMUSG00000104621	12	5	29	0	3	30
ENSMUSG00000104626	3	0	6	0	8	14
ENSMUSG00000104646	0	0	0	0	1	0
ENSMUSG00000104648	0	0	0	0	1	0
ENSMUSG00000104653	2	6	3	7	2	0
ENSMUSG00000104658	1	0	0	0	0	0
ENSMUSG00000104662	5	0	4	0	4	19
ENSMUSG00000104668	1	0	0	0	0	0
ENSMUSG00000104675	9	0	2	6	1	12
ENSMUSG00000104687	44	10	209	11	25	44
ENSMUSG00000104696	0	0	6	0	0	8
ENSMUSG00000104706	38	7	136	27	5	35
ENSMUSG00000104709	36	11	154	2	7	37
ENSMUSG00000104721	8	0	14	9	0	3
ENSMUSG00000104724	18	8	44	0	10	20
ENSMUSG00000104735	93	14	315	19	46	67
ENSMUSG00000104753	0	0	0	0	0	0
ENSMUSG00000104780	1	0	0	0	0	0
ENSMUSG00000104788	0	0	1	0	0	0
ENSMUSG00000104810	0	0	0	0	0	0
ENSMUSG00000104819	0	0	0	0	0	0
ENSMUSG00000104821	70	11	148	11	14	65
ENSMUSG00000104823	11	0	2	0	6	5
ENSMUSG00000104826	0	0	0	0	1	0
ENSMUSG00000104828	0	0	0	0	1	0
ENSMUSG00000104830	0	2	9	2	7	16
ENSMUSG00000104845	0	0	0	0	0	0
ENSMUSG00000104847	0	0	0	0	0	0
ENSMUSG00000104852	23	16	63	2	9	38
ENSMUSG00000104862	0	0	0	0	0	1
ENSMUSG00000104871	39	2	191	11	2	64
ENSMUSG00000104876	0	2	2	0	8	29
ENSMUSG00000104888	2	10	14	0	4	0
ENSMUSG00000104897	7	2	9	6	0	0
ENSMUSG00000104900	4	0	4	0	0	9
ENSMUSG00000104906	2	0	8	0	0	6
ENSMUSG00000104908	1	0	0	0	0	0
ENSMUSG00000104909	1	0	0	0	0	0
ENSMUSG00000104914	1	0	0	0	0	0
ENSMUSG00000104923	0	0	1	0	0	0
ENSMUSG00000104938	12	4	20	4	0	1
ENSMUSG00000104940	7	10	26	0	4	13
ENSMUSG00000104963	1	0	14	2	4	0
ENSMUSG00000104973	16	4	24	0	7	5
ENSMUSG00000104978	1	0	0	0	0	0
ENSMUSG00000104979	1	0	0	0	0	0
ENSMUSG00000104985	5	8	0	0	0	0
ENSMUSG00000105012	0	0	0	0	0	0
ENSMUSG00000105041	2	0	9	0	1	18
ENSMUSG00000105049	29	0	52	2	0	19
ENSMUSG00000105050	21	0	70	5	0	15
ENSMUSG00000105053	0	0	1	0	0	0
ENSMUSG00000105062	12	0	15	0	8	4
ENSMUSG00000105065	6	8	15	13	7	11
ENSMUSG00000105082	1	0	0	0	0	0
ENSMUSG00000105083	0	0	12	0	0	0
ENSMUSG00000105086	10	0	22	0	2	9
ENSMUSG00000105089	0	0	0	0	0	1
ENSMUSG00000105092	0	0	0	0	0	0
ENSMUSG00000105096	0	0	0	0	0	1
ENSMUSG00000105135	7	4	9	0	3	21
ENSMUSG00000105148	10	1	6	4	0	0
ENSMUSG00000105154	0	0	0	0	0	1
ENSMUSG00000105155	0	1	1	0	0	1
ENSMUSG00000105159	0	0	0	0	0	0
ENSMUSG00000105173	0	0	0	0	0	0
ENSMUSG00000105184	23	4	57	3	11	21
ENSMUSG00000105186	2	2	9	16	0	7
ENSMUSG00000105195	0	0	0	0	1	0
ENSMUSG00000105202	5	0	32	0	0	8
ENSMUSG00000105204	1	0	0	0	0	0
ENSMUSG00000105217	6	0	25	0	5	5
ENSMUSG00000105222	0	0	0	0	0	0
ENSMUSG00000105230	21	8	21	0	1	12
ENSMUSG00000105272	14	0	29	1	7	4
ENSMUSG00000105293	8	0	32	0	6	13
ENSMUSG00000105302	17	5	75	0	6	19
ENSMUSG00000105303	0	0	1	0	0	0
ENSMUSG00000105326	15	2	31	2	0	10
ENSMUSG00000105342	0	0	0	0	0	1
ENSMUSG00000105363	0	0	0	0	0	0
ENSMUSG00000105366	13	4	8	0	2	59
ENSMUSG00000105370	14	2	29	0	0	4
ENSMUSG00000105378	47	3	144	4	17	49
ENSMUSG00000105395	9	3	24	0	10	5
ENSMUSG00000105402	33	37	47	16	31	0
ENSMUSG00000105408	21	6	21	6	0	10
ENSMUSG00000105412	8	7	21	4	0	8
ENSMUSG00000105416	27	19	28	9	13	8
ENSMUSG00000105431	20	3	109	9	4	38
ENSMUSG00000105437	0	0	0	0	0	0
ENSMUSG00000105443	1	0	0	0	0	0
ENSMUSG00000105445	8	5	24	0	0	9
ENSMUSG00000105457	26	2	44	1	3	12
ENSMUSG00000105458	1	0	0	0	0	0
ENSMUSG00000105459	1	0	0	0	0	0
ENSMUSG00000105461	55	1	35	41	42	0
ENSMUSG00000105471	15	6	26	0	11	7
ENSMUSG00000105480	0	0	0	0	0	0
ENSMUSG00000105502	4	6	24	8	0	18
ENSMUSG00000105504	8	2	17	10	2	0
ENSMUSG00000105512	10	0	0	0	4	0
ENSMUSG00000105519	34	8	52	2	13	29
ENSMUSG00000105526	20	2	84	0	0	18
ENSMUSG00000105533	0	0	0	0	0	0
ENSMUSG00000105549	8	0	21	13	1	8
ENSMUSG00000105558	14	12	5	8	132	7
ENSMUSG00000105561	43	6	74	2	21	29
ENSMUSG00000105572	99	1	271	28	20	92
ENSMUSG00000105578	14	4	18	0	4	12
ENSMUSG00000105600	0	0	1	0	0	0
ENSMUSG00000105607	12	0	14	4	12	10
ENSMUSG00000105611	1	0	4	0	5	8
ENSMUSG00000105613	20	23	18	21	23	34
ENSMUSG00000105630	0	0	0	0	0	0
ENSMUSG00000105637	31	5	125	15	3	78
ENSMUSG00000105659	9	5	23	17	0	10
ENSMUSG00000105660	11	2	54	0	10	5
ENSMUSG00000105676	9	0	0	0	3	6
ENSMUSG00000105681	0	0	0	13	2	0
ENSMUSG00000105684	0	0	0	0	0	0
ENSMUSG00000105689	0	0	0	0	1	0
ENSMUSG00000105691	3	0	23	5	8	7
ENSMUSG00000105699	15	7	15	8	12	0
ENSMUSG00000105710	1	0	0	0	0	0
ENSMUSG00000105713	0	0	0	0	0	0
ENSMUSG00000105719	8	6	14	0	9	28
ENSMUSG00000105720	1	0	10	0	2	0
ENSMUSG00000105733	12	15	67	6	2	8
ENSMUSG00000105744	1	0	0	0	0	0
ENSMUSG00000105748	14	14	29	0	11	12
ENSMUSG00000105750	3	0	16	0	0	10
ENSMUSG00000105761	15	2	22	0	8	20
ENSMUSG00000105766	0	0	0	0	0	1
ENSMUSG00000105774	19	2	51	7	0	12
ENSMUSG00000105779	0	0	0	0	0	1
ENSMUSG00000105801	17	0	20	2	0	16
ENSMUSG00000105815	0	0	1	0	0	0
ENSMUSG00000105832	1	0	0	0	0	0
ENSMUSG00000105846	5	0	26	3	1	7
ENSMUSG00000105855	1	1	6	2	4	3
ENSMUSG00000105858	2	0	0	0	6	9
ENSMUSG00000105870	3	0	13	2	0	0
ENSMUSG00000105875	0	0	1	0	0	0
ENSMUSG00000105877	19	3	80	11	2	19
ENSMUSG00000105891	4	3	1	0	1	17
ENSMUSG00000105901	0	0	0	1	0	0
ENSMUSG00000105933	13	5	58	1	2	17
ENSMUSG00000105935	3	0	16	4	0	0
ENSMUSG00000105936	6	0	16	2	6	13
ENSMUSG00000105949	0	0	0	0	0	0
ENSMUSG00000105953	0	0	0	0	0	0
ENSMUSG00000105965	0	0	0	1	0	0
ENSMUSG00000105966	2	0	5	0	0	10
ENSMUSG00000105971	10	8	104	3	9	26
ENSMUSG00000105975	17	7	0	16	9	68
ENSMUSG00000105985	0	0	16	0	0	15
ENSMUSG00000105986	0	0	7	0	2	32
ENSMUSG00000105987	427	11938	4924	13789	14017	14786
ENSMUSG00000105990	34	1	116	6	18	27
ENSMUSG00000106008	0	0	0	0	0	0
ENSMUSG00000106030	0	0	0	0	0	0
ENSMUSG00000106054	19	2	38	0	6	0
ENSMUSG00000106057	9	7	23	3	0	9
ENSMUSG00000106071	18	0	13	0	0	0
ENSMUSG00000106086	6	4	0	17	6	14
ENSMUSG00000106090	0	1	0	0	0	0
ENSMUSG00000106092	8	18	23	15	0	9
ENSMUSG00000106099	156	53	585	38	47	112
ENSMUSG00000106107	25	13	27	2	9	10
ENSMUSG00000106112	0	0	0	0	1	0
ENSMUSG00000106128	0	1	0	0	0	0
ENSMUSG00000106150	0	0	1	0	0	0
ENSMUSG00000106153	3	10	10	15	0	0
ENSMUSG00000106162	0	0	0	0	0	0
ENSMUSG00000106166	78	2	294	6	9	57
ENSMUSG00000106173	6	1	23	1	1	1
ENSMUSG00000106182	0	0	1	0	2	0
ENSMUSG00000106184	21	3	12	10	7	26
ENSMUSG00000106189	0	0	1	0	0	0
ENSMUSG00000106197	9	0	30	2	7	8
ENSMUSG00000106202	19	21	45	1	15	3
ENSMUSG00000106211	10	0	21	0	0	3
ENSMUSG00000106212	5	5	33	6	2	0
ENSMUSG00000106214	27	3	129	29	10	33
ENSMUSG00000106220	6	0	23	0	2	0
ENSMUSG00000106232	0	0	0	0	0	0
ENSMUSG00000106235	0	0	0	0	0	0
ENSMUSG00000106243	0	1	0	0	0	0
ENSMUSG00000106248	0	0	0	0	1	0
ENSMUSG00000106254	16	12	45	28	16	0
ENSMUSG00000106259	0	0	0	0	0	0
ENSMUSG00000106263	0	0	0	0	0	0
ENSMUSG00000106271	0	0	0	1	0	0
ENSMUSG00000106288	24	4	31	1	4	17
ENSMUSG00000106291	6	2	20	0	0	1
ENSMUSG00000106294	0	1	0	0	0	0
ENSMUSG00000106302	1	0	0	0	0	0
ENSMUSG00000106307	0	0	0	0	1	0
ENSMUSG00000106309	0	0	0	0	0	0
ENSMUSG00000106321	0	0	1	0	0	0
ENSMUSG00000106332	0	0	0	0	1	0
ENSMUSG00000106334	1	0	0	0	0	0
ENSMUSG00000106337	27	5	143	7	10	55
ENSMUSG00000106341	28	18	57	2	6	12
ENSMUSG00000106350	5	10	0	1	6	12
ENSMUSG00000106364	3	0	11	8	0	7
ENSMUSG00000106371	0	3	9	0	3	0
ENSMUSG00000106379	0	4	4	0	0	9
ENSMUSG00000106390	0	0	0	0	0	0
ENSMUSG00000106408	0	0	0	0	0	1
ENSMUSG00000106419	0	0	0	0	0	0
ENSMUSG00000106424	2	0	4	7	5	2
ENSMUSG00000106443	8	1	52	2	7	12
ENSMUSG00000106445	0	0	0	0	0	1
ENSMUSG00000106464	0	1	0	0	0	0
ENSMUSG00000106495	0	0	1	0	0	0
ENSMUSG00000106528	11	0	10	0	0	2
ENSMUSG00000106535	4	4	28	0	4	14
ENSMUSG00000106537	0	0	0	0	0	1
ENSMUSG00000106542	1	0	0	0	0	0
ENSMUSG00000106543	12	0	12	3	2	9
ENSMUSG00000106548	0	0	0	0	0	0
ENSMUSG00000106551	0	0	0	0	0	1
ENSMUSG00000106562	0	0	0	0	0	0
ENSMUSG00000106574	2	1	0	1	2	3
ENSMUSG00000106580	1	0	0	0	0	0
ENSMUSG00000106583	14	3	2	2	0	14
ENSMUSG00000106589	0	0	0	0	0	0
ENSMUSG00000106596	28	4	71	2	0	14
ENSMUSG00000106600	0	1	0	0	0	0
ENSMUSG00000106607	20	5	54	8	2	27
ENSMUSG00000106610	0	0	1	0	0	0
ENSMUSG00000106627	0	0	0	0	1	0
ENSMUSG00000106633	1	0	0	0	0	0
ENSMUSG00000106646	12	3	64	8	3	22
ENSMUSG00000106648	15	6	51	15	12	27
ENSMUSG00000106650	0	1	0	0	0	0
ENSMUSG00000106658	0	0	1	0	0	0
ENSMUSG00000106659	1	0	0	0	0	0
ENSMUSG00000106692	0	0	0	0	0	0
ENSMUSG00000106766	4	2	0	0	0	9
ENSMUSG00000106779	1	0	0	0	0	0
ENSMUSG00000106807	0	0	0	0	0	1
ENSMUSG00000106810	0	0	0	0	0	0
ENSMUSG00000106818	12	14	19	9	13	9
ENSMUSG00000106822	20	2	48	0	9	18
ENSMUSG00000106851	0	0	0	0	0	0
ENSMUSG00000106883	0	0	0	0	1	0
ENSMUSG00000106914	0	0	0	0	0	0
ENSMUSG00000106950	0	0	0	12	0	0
ENSMUSG00000106959	34	16	58	2	10	54
ENSMUSG00000107014	0	0	0	0	0	0
ENSMUSG00000107015	0	0	1	0	0	0
ENSMUSG00000107017	4	0	6	0	0	7
ENSMUSG00000107028	0	0	0	0	1	0
ENSMUSG00000107033	0	0	0	0	0	0
ENSMUSG00000107043	0	0	8	0	6	0
ENSMUSG00000107071	0	0	0	0	0	0
ENSMUSG00000107074	0	0	0	0	0	0
ENSMUSG00000107081	0	0	0	0	0	0
ENSMUSG00000107091	17	2	43	1	14	19
ENSMUSG00000107106	0	6	4	1	2	0
ENSMUSG00000107109	6	5	0	3	4	27
ENSMUSG00000107115	26	7	41	14	1	24
ENSMUSG00000107116	24	13	49	20	9	16
ENSMUSG00000107120	11	4	10	0	8	14
ENSMUSG00000107126	0	0	1	0	0	0
ENSMUSG00000107128	10	5	11	10	0	1
ENSMUSG00000107131	0	0	0	0	0	0
ENSMUSG00000107142	0	0	0	0	0	1
ENSMUSG00000107145	0	1	0	0	0	0
ENSMUSG00000107151	2	0	2	0	2	0
ENSMUSG00000107154	0	0	0	0	0	0
ENSMUSG00000107182	24	0	26	6	2	10
ENSMUSG00000107195	9	19	24	24	19	9
ENSMUSG00000107197	17	6	14	0	10	12
ENSMUSG00000107198	2	0	0	0	2	20
ENSMUSG00000107199	0	0	0	0	0	0
ENSMUSG00000107205	40	12	154	8	14	42
ENSMUSG00000107222	0	0	0	1	0	0
ENSMUSG00000107226	2	0	4	7	0	10
ENSMUSG00000107232	0	0	0	11	0	0
ENSMUSG00000107247	0	1	0	0	0	0
ENSMUSG00000107252	0	1	0	0	0	0
ENSMUSG00000107253	0	0	0	1	0	0
ENSMUSG00000107257	2	0	0	0	0	0
ENSMUSG00000107271	8	14	9	14	14	0
ENSMUSG00000107276	16	19	29	12	21	21
ENSMUSG00000107284	0	0	0	0	0	0
ENSMUSG00000107288	6	0	2	0	0	8
ENSMUSG00000107289	0	0	0	0	0	0
ENSMUSG00000107291	0	1	0	0	0	0
ENSMUSG00000107312	0	0	1	0	0	0
ENSMUSG00000107320	53	2	73	17	6	66
ENSMUSG00000107358	7	4	40	4	0	0
ENSMUSG00000107359	0	0	1	0	0	0
ENSMUSG00000107363	0	0	0	0	0	0
ENSMUSG00000107369	0	0	1	0	0	0
ENSMUSG00000107375	0	0	5	0	0	7
ENSMUSG00000107378	0	0	0	0	0	0
ENSMUSG00000107379	1	0	0	0	0	0
ENSMUSG00000107385	32	0	0	10	24	0
ENSMUSG00000107390	11	0	9	0	0	11
ENSMUSG00000107411	18	2	24	0	4	0
ENSMUSG00000107418	0	0	0	0	0	0
ENSMUSG00000107461	14	0	21	0	0	2
ENSMUSG00000107470	0	588	450	1	1	1
ENSMUSG00000107479	0	2	16	0	0	9
ENSMUSG00000107503	0	0	0	0	1	0
ENSMUSG00000107529	14	4	57	3	3	10
ENSMUSG00000107531	10	10	15	0	3	10
ENSMUSG00000107535	0	1	0	0	0	0
ENSMUSG00000107549	9	2	77	12	20	27
ENSMUSG00000107556	2	2	19	2	7	0
ENSMUSG00000107559	6	5	15	0	17	0
ENSMUSG00000107586	23	10	49	0	1	5
ENSMUSG00000107604	0	0	5	0	8	3
ENSMUSG00000107605	0	0	0	0	0	0
ENSMUSG00000107622	0	1	0	0	0	0
ENSMUSG00000107623	0	0	0	0	0	0
ENSMUSG00000107624	0	0	0	0	1	0
ENSMUSG00000107634	13	3	42	2	2	13
ENSMUSG00000107645	0	0	1	0	0	0
ENSMUSG00000107660	4	2	0	0	0	0
ENSMUSG00000107667	11	3	0	0	0	10
ENSMUSG00000107682	7	5	0	0	12	0
ENSMUSG00000107688	21	2	20	4	10	1
ENSMUSG00000107701	0	0	0	0	0	1
ENSMUSG00000107721	0	0	1	0	0	0
ENSMUSG00000107724	0	0	0	0	0	1
ENSMUSG00000107732	0	0	0	0	0	0
ENSMUSG00000107737	0	0	1	0	0	0
ENSMUSG00000107770	0	0	0	0	1	0
ENSMUSG00000107780	0	0	10	4	6	5
ENSMUSG00000107795	0	0	0	0	0	0
ENSMUSG00000107798	12	0	3	10	14	15
ENSMUSG00000107813	11	0	30	13	10	13
ENSMUSG00000107815	0	0	0	0	0	0
ENSMUSG00000107875	0	0	0	0	0	0
ENSMUSG00000107877	10	15	45	10	7	8
ENSMUSG00000107884	9	0	17	2	2	16
ENSMUSG00000107891	1	0	0	0	0	0
ENSMUSG00000107892	0	0	2	0	0	2
ENSMUSG00000107906	1	0	1	0	1	0
ENSMUSG00000107915	0	1	0	0	0	0
ENSMUSG00000107921	1	0	0	0	0	0
ENSMUSG00000107928	5	2	6	0	5	1
ENSMUSG00000107937	13	12	22	4	0	12
ENSMUSG00000107947	0	0	0	0	0	0
ENSMUSG00000107952	0	0	0	0	0	1
ENSMUSG00000107969	0	0	0	0	1	0
ENSMUSG00000107970	4	0	13	5	0	5
ENSMUSG00000107976	0	0	12	0	0	7
ENSMUSG00000107979	0	0	0	0	0	0
ENSMUSG00000107989	2	4	11	0	11	0
ENSMUSG00000108006	0	0	0	0	0	1
ENSMUSG00000108010	23	15	12	6	21	22
ENSMUSG00000108024	0	0	11	0	0	0
ENSMUSG00000108032	0	0	0	0	0	0
ENSMUSG00000108033	9	9	3	0	5	0
ENSMUSG00000108045	1	0	0	0	0	0
ENSMUSG00000108046	43	2	57	7	6	12
ENSMUSG00000108071	0	0	0	0	0	0
ENSMUSG00000108087	0	0	0	0	0	0
ENSMUSG00000108089	0	0	0	0	0	1
ENSMUSG00000108093	0	0	1	0	0	0
ENSMUSG00000108127	0	0	0	0	0	0
ENSMUSG00000108143	10	7	17	4	8	0
ENSMUSG00000108156	0	0	0	0	0	0
ENSMUSG00000108166	4	2	14	1	3	5
ENSMUSG00000108169	8	3	44	7	0	10
ENSMUSG00000108179	25	5	14	7	6	24
ENSMUSG00000108180	0	0	1	0	0	0
ENSMUSG00000108191	0	1	0	0	0	0
ENSMUSG00000108197	4	2	0	16	2	0
ENSMUSG00000108199	7	4	15	0	1	12
ENSMUSG00000108208	0	0	0	0	0	0
ENSMUSG00000108211	15	3	18	0	2	14
ENSMUSG00000108216	10	0	22	6	5	5
ENSMUSG00000108234	0	0	0	0	0	0
ENSMUSG00000108238	19	3	38	14	1	11
ENSMUSG00000108260	4	0	14	0	0	5
ENSMUSG00000108262	0	0	0	0	0	0
ENSMUSG00000108264	0	0	0	0	0	0
ENSMUSG00000108266	0	0	0	0	0	1
ENSMUSG00000108276	11	0	3	0	8	9
ENSMUSG00000108288	1	0	0	0	0	0
ENSMUSG00000108290	0	0	1	0	0	0
ENSMUSG00000108293	8	4	5	4	3	3
ENSMUSG00000108315	0	0	5	0	0	0
ENSMUSG00000108321	1	0	0	0	0	0
ENSMUSG00000108322	0	0	1	2	11	11
ENSMUSG00000108345	0	0	0	0	0	0
ENSMUSG00000108351	0	0	0	0	0	0
ENSMUSG00000108359	15	4	48	2	7	21
ENSMUSG00000108372	0	0	0	0	0	0
ENSMUSG00000108384	0	0	0	0	0	0
ENSMUSG00000108418	0	0	0	0	0	0
ENSMUSG00000108420	0	0	0	0	0	0
ENSMUSG00000108429	0	0	0	0	0	0
ENSMUSG00000108449	0	15	19	7	25	5
ENSMUSG00000108456	14	9	20	0	14	3
ENSMUSG00000108490	0	0	0	0	0	0
ENSMUSG00000108502	0	1	0	0	0	0
ENSMUSG00000108503	0	1	0	0	0	0
ENSMUSG00000108506	1	0	0	0	0	0
ENSMUSG00000108508	0	0	0	0	0	0
ENSMUSG00000108517	0	0	0	0	0	0
ENSMUSG00000108523	1	0	0	0	0	0
ENSMUSG00000108524	0	0	0	0	0	1
ENSMUSG00000108532	13	10	37	8	0	9
ENSMUSG00000108542	10	0	18	2	3	0
ENSMUSG00000108543	0	0	4	12	2	5
ENSMUSG00000108560	1	0	21	5	5	10
ENSMUSG00000108582	0	0	0	0	0	0
ENSMUSG00000108611	0	0	0	0	0	0
ENSMUSG00000108620	0	0	0	0	0	0
ENSMUSG00000108626	7	14	4	0	0	1
ENSMUSG00000108633	26	11	56	0	18	11
ENSMUSG00000108634	1	6	0	5	11	0
ENSMUSG00000108650	0	0	0	0	0	1
ENSMUSG00000108659	9	10	10	9	0	24
ENSMUSG00000108660	4	6	11	15	2	0
ENSMUSG00000108669	0	0	0	0	0	0
ENSMUSG00000108677	0	0	1	0	0	0
ENSMUSG00000108687	0	0	0	0	1	0
ENSMUSG00000108689	27	8	50	4	15	32
ENSMUSG00000108693	0	11	5	19	5	3
ENSMUSG00000108711	0	1	0	0	0	0
ENSMUSG00000108727	0	0	0	0	0	0
ENSMUSG00000108748	0	0	0	0	0	0
ENSMUSG00000108786	0	0	1	0	0	0
ENSMUSG00000108823	0	0	0	0	1	0
ENSMUSG00000108831	1	0	0	0	0	0
ENSMUSG00000108840	0	0	0	0	0	1
ENSMUSG00000108847	0	0	0	0	0	1
ENSMUSG00000108863	0	0	0	0	0	0
ENSMUSG00000108866	43	39	25	0	0	0
ENSMUSG00000108886	7	0	12	0	0	4
ENSMUSG00000108900	1	0	0	0	0	0
ENSMUSG00000108910	22	2	13	0	4	22
ENSMUSG00000108917	0	1	0	0	0	0
ENSMUSG00000108949	0	4	0	7	0	10
ENSMUSG00000108953	0	1	0	0	0	0
ENSMUSG00000108957	0	0	0	0	0	0
ENSMUSG00000108967	0	0	0	0	0	0
ENSMUSG00000108974	0	0	0	0	0	0
ENSMUSG00000108976	0	0	10	0	4	2
ENSMUSG00000108977	0	0	1	0	0	0
ENSMUSG00000108986	0	1	0	0	0	0
ENSMUSG00000108987	0	0	0	0	0	0
ENSMUSG00000108988	0	0	0	0	0	0
ENSMUSG00000108994	0	0	0	2	0	0
ENSMUSG00000108997	0	0	0	0	1	0
ENSMUSG00000109006	0	0	0	0	0	12
ENSMUSG00000109031	0	0	1	0	0	0
ENSMUSG00000109046	1	0	4	0	0	0
ENSMUSG00000109051	7	1	60	12	2	14
ENSMUSG00000109084	0	0	0	0	1	0
ENSMUSG00000109087	5	0	10	0	0	4
ENSMUSG00000109088	0	0	0	0	1	0
ENSMUSG00000109109	14	4	6	0	9	0
ENSMUSG00000109122	1	0	0	0	0	0
ENSMUSG00000109141	0	0	0	0	1	0
ENSMUSG00000109157	23	3	73	4	14	22
ENSMUSG00000109209	4	1	183	57	5	11
ENSMUSG00000109222	0	0	0	0	0	1
ENSMUSG00000109245	1	4	6	0	0	3
ENSMUSG00000109248	0	0	0	0	1	0
ENSMUSG00000109256	0	0	0	0	0	0
ENSMUSG00000109268	3	8	5	0	0	0
ENSMUSG00000109276	0	0	0	0	0	0
ENSMUSG00000109290	0	0	1	0	0	0
ENSMUSG00000109321	13	9	44	4	1	3
ENSMUSG00000109324	3596	3014	1935	3810	3086	3834
ENSMUSG00000109328	0	0	0	0	0	1
ENSMUSG00000109338	1	0	0	0	0	0
ENSMUSG00000109351	0	1	0	0	0	0
ENSMUSG00000109358	2	0	2	10	5	15
ENSMUSG00000109361	2	5	10	0	0	9
ENSMUSG00000109363	16	0	51	5	4	38
ENSMUSG00000109372	2	0	0	4	13	0
ENSMUSG00000109381	0	0	1	0	0	0
ENSMUSG00000109392	1	0	0	0	0	4
ENSMUSG00000109399	1	0	19	0	0	6
ENSMUSG00000109422	44	5	102	18	10	24
ENSMUSG00000109432	0	0	1	0	0	0
ENSMUSG00000109434	1	0	2	0	0	13
ENSMUSG00000109445	4	0	0	2	0	0
ENSMUSG00000109462	24	18	31	0	0	0
ENSMUSG00000109479	4	0	11	0	0	10
ENSMUSG00000109498	68	14	336	34	35	100
ENSMUSG00000109511	3061	3199	2074	3593	3441	4453
ENSMUSG00000109518	0	0	0	0	0	1
ENSMUSG00000109532	0	0	1	0	0	0
ENSMUSG00000109538	0	0	0	0	0	0
ENSMUSG00000109539	60	3	177	27	5	40
ENSMUSG00000109541	0	0	0	0	0	1
ENSMUSG00000109548	0	0	0	1	0	0
ENSMUSG00000109565	0	0	0	0	1	2
ENSMUSG00000109569	0	0	0	0	0	0
ENSMUSG00000109576	6	0	6	0	0	8
ENSMUSG00000109582	0	0	0	0	0	0
ENSMUSG00000109585	6	3	13	0	2	16
ENSMUSG00000109600	2	0	19	0	3	1
ENSMUSG00000109604	12	0	4	2	0	4
ENSMUSG00000109606	7	8	23	0	2	16
ENSMUSG00000109638	16	11	42	1	6	14
ENSMUSG00000109645	0	0	0	1	0	0
ENSMUSG00000109652	39	9	77	2	20	19
ENSMUSG00000109679	23	8	23	22	0	4
ENSMUSG00000109684	0	1	0	0	0	0
ENSMUSG00000109697	23	44	23	24	25	12
ENSMUSG00000109708	16	11	47	9	9	1
ENSMUSG00000109713	10	4	10	21	15	0
ENSMUSG00000109770	9	2	10	2	15	4
ENSMUSG00000109776	19	0	9	3	4	0
ENSMUSG00000109780	13	19	17	0	13	11
ENSMUSG00000109790	0	0	15	0	2	2
ENSMUSG00000109791	0	0	0	0	0	0
ENSMUSG00000109833	0	0	0	0	0	0
ENSMUSG00000109841	8	0	10	0	0	0
ENSMUSG00000109870	1	3	0	0	0	1
ENSMUSG00000109872	0	0	0	0	1	0
ENSMUSG00000109874	1	0	0	0	0	0
ENSMUSG00000109875	1	0	0	0	0	0
ENSMUSG00000109882	0	0	0	0	0	0
ENSMUSG00000109886	0	0	0	0	0	0
ENSMUSG00000109905	0	0	0	0	1	0
ENSMUSG00000109925	81	153	90	1	0	1
ENSMUSG00000109950	0	0	0	0	0	0
ENSMUSG00000109958	0	0	1	0	0	0
ENSMUSG00000109967	0	0	0	1	0	0
ENSMUSG00000109973	0	4	8	0	0	10
ENSMUSG00000109997	8	0	22	0	0	11
ENSMUSG00000110000	0	0	0	0	0	0
ENSMUSG00000110001	0	0	0	0	0	0
ENSMUSG00000110003	0	0	1	0	0	0
ENSMUSG00000110020	2	7	3	18	7	0
ENSMUSG00000110025	0	0	0	0	0	0
ENSMUSG00000110032	0	0	1	0	0	0
ENSMUSG00000110034	0	0	0	0	0	0
ENSMUSG00000110046	0	0	1	0	0	0
ENSMUSG00000110062	6	10	4	19	9	10
ENSMUSG00000110068	33	15	67	11	6	10
ENSMUSG00000110077	29	9	25	7	29	12
ENSMUSG00000110084	55	4	131	8	26	53
ENSMUSG00000110088	5	0	9	8	2	2
ENSMUSG00000110089	0	0	0	0	0	0
ENSMUSG00000110097	0	0	0	0	0	0
ENSMUSG00000110099	0	0	0	0	0	0
ENSMUSG00000110120	32	20	17	24	35	32
ENSMUSG00000110124	2	4	4	5	2	3
ENSMUSG00000110127	17	2	29	0	4	5
ENSMUSG00000110131	0	0	8	0	0	8
ENSMUSG00000110139	0	1	0	0	0	0
ENSMUSG00000110159	21	19	34	1	4	12
ENSMUSG00000110162	1	0	0	0	0	0
ENSMUSG00000110163	0	0	0	0	0	0
ENSMUSG00000110167	18	7	59	7	9	14
ENSMUSG00000110171	0	0	0	0	1	0
ENSMUSG00000110173	0	0	0	0	0	0
ENSMUSG00000110185	211	44	282	21	64	178
ENSMUSG00000110186	0	0	0	0	0	0
ENSMUSG00000110189	0	0	0	0	0	0
ENSMUSG00000110201	0	0	1	0	0	0
ENSMUSG00000110218	6	2	22	0	5	8
ENSMUSG00000110229	0	0	0	0	0	0
ENSMUSG00000110249	1	0	0	0	0	0
ENSMUSG00000110250	30	1	21	10	0	0
ENSMUSG00000110275	5	0	19	29	5	4
ENSMUSG00000110313	0	0	0	1	0	0
ENSMUSG00000110314	0	0	0	0	0	0
ENSMUSG00000110315	1	0	0	0	0	0
ENSMUSG00000110318	12	0	7	2	1	0
ENSMUSG00000110329	0	0	0	0	0	0
ENSMUSG00000110333	0	0	1	0	0	0
ENSMUSG00000110334	0	0	0	0	0	0
ENSMUSG00000110338	0	0	0	0	0	0
ENSMUSG00000110355	0	0	0	0	0	1
ENSMUSG00000110365	10	8	17	7	37	14
ENSMUSG00000110377	5	0	14	0	2	4
ENSMUSG00000110378	0	0	2	12	0	7
ENSMUSG00000110383	0	0	0	0	0	0
ENSMUSG00000110397	2	0	12	0	0	0
ENSMUSG00000110400	9	8	17	11	0	19
ENSMUSG00000110416	1	0	0	0	0	0
ENSMUSG00000110421	0	0	0	0	0	0
ENSMUSG00000110430	1	0	0	0	0	0
ENSMUSG00000110438	1	0	0	0	0	0
ENSMUSG00000110458	0	2	8	5	7	9
ENSMUSG00000110464	0	0	0	0	1	0
ENSMUSG00000110469	0	0	0	0	1	0
ENSMUSG00000110486	12	2	2	0	5	0
ENSMUSG00000110498	11	8	0	6	11	19
ENSMUSG00000110501	0	0	0	0	1	0
ENSMUSG00000110504	14	9	12	9	2	0
ENSMUSG00000110511	0	0	1	0	0	0
ENSMUSG00000110515	0	0	0	0	0	1
ENSMUSG00000110549	0	0	0	0	0	0
ENSMUSG00000110568	0	0	0	0	0	0
ENSMUSG00000110569	119	134	79	119	145	0
ENSMUSG00000110572	0	0	0	0	0	0
ENSMUSG00000110590	0	0	0	0	0	0
ENSMUSG00000110599	0	0	0	0	0	0
ENSMUSG00000110642	0	0	0	0	0	0
ENSMUSG00000110643	0	0	0	0	0	0
ENSMUSG00000110657	0	0	0	0	1	0
ENSMUSG00000110662	0	0	0	0	0	0
ENSMUSG00000110664	0	0	0	0	1	0
ENSMUSG00000110690	0	0	0	0	0	0
ENSMUSG00000110692	2	0	0	0	4	12
ENSMUSG00000110701	0	0	0	0	0	1
ENSMUSG00000110703	0	0	1	0	0	0
ENSMUSG00000110714	1	0	0	0	0	0
ENSMUSG00000110735	0	0	1	0	0	0
ENSMUSG00000110738	2	2	3	1	8	7
ENSMUSG00000110755	0	0	0	0	0	1
ENSMUSG00000110768	1	0	0	0	0	0
ENSMUSG00000110772	18	0	7	2	1	8
ENSMUSG00000110801	7	0	2	7	0	0
ENSMUSG00000110808	0	0	0	0	0	0
ENSMUSG00000110812	2	2	13	0	1	0
ENSMUSG00000110856	0	0	0	0	0	0
ENSMUSG00000110862	10	5	0	2	8	13
ENSMUSG00000110877	1	0	11	0	1	8
ENSMUSG00000110880	0	0	0	0	0	0
ENSMUSG00000110882	0	0	0	1	0	0
ENSMUSG00000110884	13	16	2	26	16	0
ENSMUSG00000110885	19	4	14	0	1	7
ENSMUSG00000110905	0	0	0	0	0	0
ENSMUSG00000110914	5	0	14	2	0	2
ENSMUSG00000110917	0	0	1	0	0	0
ENSMUSG00000110923	0	0	0	0	1	0
ENSMUSG00000110946	0	0	4	2	0	0
ENSMUSG00000110959	0	0	0	0	0	0
ENSMUSG00000110960	0	1	0	0	0	0
ENSMUSG00000110986	8	2	22	5	0	0
ENSMUSG00000111006	0	0	1	0	0	0
ENSMUSG00000111023	0	0	1	0	0	0
ENSMUSG00000111039	6	8	0	0	0	0
ENSMUSG00000111055	10	5	0	12	16	8
ENSMUSG00000111064	0	2	1	3	2	2
ENSMUSG00000111067	6	2	21	0	3	6
ENSMUSG00000111069	15	5	14	0	3	5
ENSMUSG00000111092	13	8	3	0	1	9
ENSMUSG00000111116	0	1	0	0	0	0
ENSMUSG00000111118	0	1	0	0	0	0
ENSMUSG00000111128	257	146	256	173	202	243
ENSMUSG00000111131	11	8	31	0	5	18
ENSMUSG00000111211	10	0	9	2	0	7
ENSMUSG00000111218	1	0	0	0	0	0
ENSMUSG00000111229	6	25	29	1	9	2
ENSMUSG00000111254	0	0	7	0	0	9
ENSMUSG00000111269	18	0	40	2	5	18
ENSMUSG00000111284	0	0	0	0	0	0
ENSMUSG00000111292	9	1	13	1	2	0
ENSMUSG00000111315	0	0	0	0	0	0
ENSMUSG00000111323	1	0	0	0	0	0
ENSMUSG00000111325	13	0	12	2	8	4
ENSMUSG00000111327	16	0	23	3	2	7
ENSMUSG00000111341	0	17	23	2	4	14
ENSMUSG00000111359	0	0	0	0	0	0
ENSMUSG00000111361	25	5	36	0	2	17
ENSMUSG00000111380	0	0	0	0	0	0
ENSMUSG00000111388	0	0	0	1	0	0
ENSMUSG00000111415	23	9	8	1	3	0
ENSMUSG00000111421	4	0	14	0	4	0
ENSMUSG00000111424	47	18	61	26	18	22
ENSMUSG00000111425	8	4	18	1	0	0
ENSMUSG00000111427	0	1	0	0	0	0
ENSMUSG00000111433	0	0	0	0	0	0
ENSMUSG00000111434	3	0	12	0	6	0
ENSMUSG00000111446	0	0	1	0	0	0
ENSMUSG00000111470	2	0	0	0	0	11
ENSMUSG00000111478	0	1	1	4	3	5
ENSMUSG00000111485	25	10	48	0	1	13
ENSMUSG00000111489	0	0	0	0	0	0
ENSMUSG00000111493	0	0	0	0	0	0
ENSMUSG00000111504	1	2	8	8	0	13
ENSMUSG00000111507	1	0	0	0	0	0
ENSMUSG00000111526	0	0	0	0	0	0
ENSMUSG00000111532	0	0	0	0	0	0
ENSMUSG00000111539	0	0	11	1	2	17
ENSMUSG00000111578	0	0	0	0	0	0
ENSMUSG00000111580	0	0	0	0	0	0
ENSMUSG00000111585	6	1	32	1	5	19
ENSMUSG00000111605	13	4	32	0	5	13
ENSMUSG00000111610	16	2	10	2	9	0
ENSMUSG00000111617	0	8	12	0	3	10
ENSMUSG00000111638	0	1	0	0	0	0
ENSMUSG00000111641	0	0	2	0	0	0
ENSMUSG00000111664	2	0	13	12	8	21
ENSMUSG00000111666	0	0	0	0	0	6
ENSMUSG00000111696	12	1	32	2	2	20
ENSMUSG00000111697	0	0	0	0	0	0
ENSMUSG00000111707	0	0	0	0	0	0
ENSMUSG00000111709	17	0	11	22	18	137
ENSMUSG00000111733	2	0	9	0	2	0
ENSMUSG00000111737	0	0	1	0	0	0
ENSMUSG00000111747	0	0	0	0	0	0
ENSMUSG00000111748	0	0	1	0	0	0
ENSMUSG00000111809	0	0	0	1	0	0
ENSMUSG00000111839	2	1	1	0	0	0
ENSMUSG00000111846	0	0	0	0	0	1
ENSMUSG00000111854	0	1	0	0	0	0
ENSMUSG00000111856	2	0	6	8	0	0
ENSMUSG00000111857	0	0	0	0	0	6
ENSMUSG00000111859	0	0	0	0	0	0
ENSMUSG00000111865	0	0	0	0	0	1
ENSMUSG00000111886	1	0	0	0	0	0
ENSMUSG00000111887	0	0	0	0	0	0
ENSMUSG00000111893	0	0	0	0	0	0
ENSMUSG00000111910	0	0	0	1	0	0
ENSMUSG00000111917	19	0	24	2	4	8
ENSMUSG00000111923	0	0	1	0	0	0
ENSMUSG00000111924	0	1	0	0	0	0
ENSMUSG00000111928	42	10	133	8	14	46
ENSMUSG00000111932	0	0	0	0	1	0
ENSMUSG00000111935	0	1	0	0	0	0
ENSMUSG00000111939	4	0	14	2	1	11
ENSMUSG00000111940	1	2	2	8	0	0
ENSMUSG00000111953	0	0	0	0	0	0
ENSMUSG00000111958	0	0	0	0	0	0
ENSMUSG00000111965	0	0	0	0	0	1
ENSMUSG00000111976	0	0	0	0	0	0
ENSMUSG00000111981	0	0	0	0	0	0
ENSMUSG00000111986	0	0	0	0	0	1
ENSMUSG00000111997	11	0	20	2	14	33
ENSMUSG00000112003	0	90	0	0	91	0
ENSMUSG00000112007	2	2	52	0	0	5
ENSMUSG00000112009	2	3	4	3	0	0
ENSMUSG00000112010	0	0	0	0	0	0
ENSMUSG00000112015	0	0	1	0	0	0
ENSMUSG00000112019	0	0	1	0	0	0
ENSMUSG00000112021	0	7	0	0	8	0
ENSMUSG00000112031	0	0	0	0	0	0
ENSMUSG00000112035	8	3	5	0	7	0
ENSMUSG00000112043	4	0	22	2	8	4
ENSMUSG00000112059	0	0	0	0	0	0
ENSMUSG00000112067	6	0	50	5	2	13
ENSMUSG00000112068	1	0	0	0	0	0
ENSMUSG00000112080	2	0	0	10	6	0
ENSMUSG00000112082	0	0	0	0	0	0
ENSMUSG00000112085	0	0	1	0	0	0
ENSMUSG00000112132	0	0	0	0	0	0
ENSMUSG00000112133	0	0	0	0	0	0
ENSMUSG00000112134	5	2	0	0	0	14
ENSMUSG00000112140	0	0	0	1	0	0
ENSMUSG00000112144	0	0	0	1	0	0
ENSMUSG00000112163	106	53	2	0	0	1
ENSMUSG00000112187	0	0	0	0	0	0
ENSMUSG00000112204	0	0	0	0	0	0
ENSMUSG00000112213	0	0	0	0	0	0
ENSMUSG00000112227	0	0	0	0	0	0
ENSMUSG00000112236	0	0	0	0	0	0
ENSMUSG00000112239	0	2	13	4	0	3
ENSMUSG00000112258	0	0	0	0	0	0
ENSMUSG00000112271	0	0	0	1	0	0
ENSMUSG00000112285	0	0	0	0	0	0
ENSMUSG00000112294	6	0	0	17	4	2
ENSMUSG00000112307	0	0	12	0	2	0
ENSMUSG00000112317	24	3	30	0	15	5
ENSMUSG00000112332	13	2	30	0	0	10
ENSMUSG00000112340	0	0	0	0	0	1
ENSMUSG00000112341	0	0	0	0	0	0
ENSMUSG00000112352	10	0	6	8	0	0
ENSMUSG00000112366	0	1	0	0	0	0
ENSMUSG00000112367	0	0	0	0	0	1
ENSMUSG00000112375	0	4	0	0	0	12
ENSMUSG00000112385	0	0	0	0	0	0
ENSMUSG00000112391	9	0	21	0	0	10
ENSMUSG00000112393	0	0	25	0	9	0
ENSMUSG00000112408	0	0	0	0	0	0
ENSMUSG00000112411	20	7	50	0	7	8
ENSMUSG00000112412	0	0	1	0	0	0
ENSMUSG00000112441	0	2	2	0	1	0
ENSMUSG00000112448	2	0	11	0	0	0
ENSMUSG00000112481	3	1	19	0	0	2
ENSMUSG00000112492	0	0	0	0	0	0
ENSMUSG00000112515	0	0	0	0	1	0
ENSMUSG00000112518	0	0	0	0	0	0
ENSMUSG00000112525	0	0	1	0	0	0
ENSMUSG00000112528	6	0	7	0	0	6
ENSMUSG00000112530	17	0	40	7	11	11
ENSMUSG00000112538	0	0	0	0	0	0
ENSMUSG00000112557	24	11	111	4	14	30
ENSMUSG00000112571	4	0	11	0	0	0
ENSMUSG00000112595	1	0	18	0	0	0
ENSMUSG00000112607	0	0	0	0	14	0
ENSMUSG00000112610	0	1	0	0	0	0
ENSMUSG00000112637	24	0	72	0	6	8
ENSMUSG00000112638	0	0	0	0	0	0
ENSMUSG00000112640	13	4	44	1	4	27
ENSMUSG00000112655	0	20	17	7	2	13
ENSMUSG00000112672	0	0	0	0	0	0
ENSMUSG00000112673	1	0	3	0	2	4
ENSMUSG00000112693	11	13	0	0	0	0
ENSMUSG00000112694	0	1	0	0	0	0
ENSMUSG00000112696	0	0	0	0	0	0
ENSMUSG00000112707	0	0	0	0	0	1
ENSMUSG00000112738	0	0	0	0	0	0
ENSMUSG00000112739	0	10	12	0	0	0
ENSMUSG00000112741	1	0	0	0	0	0
ENSMUSG00000112745	10	0	22	10	10	8
ENSMUSG00000112747	2	0	4	1	0	0
ENSMUSG00000112756	11	0	40	4	2	9
ENSMUSG00000112778	0	0	0	0	3	2
ENSMUSG00000112784	0	0	0	0	0	1
ENSMUSG00000112788	35	4	67	3	12	47
ENSMUSG00000112808	1	0	0	0	0	0
ENSMUSG00000112820	6	4	29	1	1	6
ENSMUSG00000112823	0	0	0	0	0	1
ENSMUSG00000112836	0	0	0	0	0	1
ENSMUSG00000112847	6	1	7	0	0	3
ENSMUSG00000112858	0	1	0	0	0	0
ENSMUSG00000112874	0	0	1	0	0	0
ENSMUSG00000112878	0	0	0	0	0	0
ENSMUSG00000112879	5	7	8	0	3	19
ENSMUSG00000112881	0	0	0	0	0	0
ENSMUSG00000112888	0	0	0	0	0	0
ENSMUSG00000112889	1	0	0	0	0	0
ENSMUSG00000112892	0	0	0	0	0	0
ENSMUSG00000112906	0	0	0	0	0	0
ENSMUSG00000112917	42	7	69	4	12	46
ENSMUSG00000112918	0	3	17	0	0	7
ENSMUSG00000112930	0	0	0	0	0	0
ENSMUSG00000112936	0	0	0	0	0	0
ENSMUSG00000112938	0	0	1	0	0	0
ENSMUSG00000112942	0	0	0	0	0	0
ENSMUSG00000112944	18	5	92	12	0	13
ENSMUSG00000112948	17	5	72	1	0	11
ENSMUSG00000112955	31	2	94	8	6	17
ENSMUSG00000112969	0	12	0	0	0	0
ENSMUSG00000112988	0	0	0	0	0	0
ENSMUSG00000112995	0	0	0	0	0	0
ENSMUSG00000113011	0	0	0	0	0	0
ENSMUSG00000113014	0	0	0	0	0	1
ENSMUSG00000113023	0	0	0	0	0	0
ENSMUSG00000113027	1	0	0	0	0	0
ENSMUSG00000113029	0	4	0	0	1	15
ENSMUSG00000113041	7	0	55	11	4	5
ENSMUSG00000113045	0	9	14	0	5	6
ENSMUSG00000113051	0	0	0	0	0	0
ENSMUSG00000113058	0	0	0	0	0	0
ENSMUSG00000113065	46	12	158	5	9	35
ENSMUSG00000113072	0	0	0	0	0	1
ENSMUSG00000113079	13	7	5	16	5	0
ENSMUSG00000113084	0	0	0	0	0	0
ENSMUSG00000113088	0	2	3	15	0	0
ENSMUSG00000113093	1	0	0	0	0	0
ENSMUSG00000113101	4	3	12	0	3	11
ENSMUSG00000113104	0	0	1	0	0	0
ENSMUSG00000113107	1	0	0	0	0	0
ENSMUSG00000113154	0	0	1	0	0	0
ENSMUSG00000113159	1	6	18	0	14	15
ENSMUSG00000113160	0	0	0	0	0	0
ENSMUSG00000113162	0	0	0	0	0	0
ENSMUSG00000113168	1	0	0	0	0	0
ENSMUSG00000113184	0	5	0	0	9	8
ENSMUSG00000113188	0	0	0	1	0	0
ENSMUSG00000113190	0	0	14	0	4	3
ENSMUSG00000113195	0	0	14	0	0	0
ENSMUSG00000113196	29	7	87	8	8	58
ENSMUSG00000113204	434	221	525	199	254	402
ENSMUSG00000113209	0	0	0	1	0	0
ENSMUSG00000113211	12	19	17	4	21	0
ENSMUSG00000113226	26	17	53	14	14	26
ENSMUSG00000113236	0	0	0	0	1	0
ENSMUSG00000113240	1	0	1	309	1	1
ENSMUSG00000113246	12	0	0	0	1	0
ENSMUSG00000113249	1	0	0	0	0	0
ENSMUSG00000113263	27	29	17	24	28	1
ENSMUSG00000113273	0	0	0	0	0	0
ENSMUSG00000113290	9	15	33	0	5	15
ENSMUSG00000113308	0	0	0	0	0	1
ENSMUSG00000113314	0	0	0	1	0	0
ENSMUSG00000113322	0	0	1	0	0	0
ENSMUSG00000113331	7	0	6	0	0	0
ENSMUSG00000113336	1	0	0	0	0	0
ENSMUSG00000113344	1	0	0	0	0	0
ENSMUSG00000113353	0	0	1	0	0	0
ENSMUSG00000113360	0	0	0	0	1	0
ENSMUSG00000113379	20	0	19	5	0	14
ENSMUSG00000113393	9	0	20	2	2	4
ENSMUSG00000113416	34	28	55	14	40	134
ENSMUSG00000113419	1	0	0	0	0	0
ENSMUSG00000113421	0	0	1	0	0	0
ENSMUSG00000113424	116	114	78	124	127	137
ENSMUSG00000113425	8	1	6	0	0	0
ENSMUSG00000113428	4	0	7	5	0	0
ENSMUSG00000113431	0	1	0	1	6	0
ENSMUSG00000113433	0	0	0	0	0	0
ENSMUSG00000113448	10	2	28	2	0	13
ENSMUSG00000113457	0	0	0	0	0	0
ENSMUSG00000113462	0	2	0	0	1	1
ENSMUSG00000113476	61	7	124	3	11	19
ENSMUSG00000113481	0	0	0	0	0	0
ENSMUSG00000113491	1	0	0	0	0	0
ENSMUSG00000113508	0	0	1	0	0	0
ENSMUSG00000113511	4	0	22	0	3	0
ENSMUSG00000113514	0	0	0	0	0	0
ENSMUSG00000113521	0	0	0	0	1	0
ENSMUSG00000113522	0	0	0	0	0	0
ENSMUSG00000113523	9	1	11	1	3	6
ENSMUSG00000113527	11	0	0	0	8	0
ENSMUSG00000113529	16	15	10	14	20	29
ENSMUSG00000113530	0	0	0	0	0	0
ENSMUSG00000113531	0	0	0	0	0	0
ENSMUSG00000113537	0	0	0	0	0	1
ENSMUSG00000113540	2	0	15	7	0	2
ENSMUSG00000113548	0	0	0	0	0	0
ENSMUSG00000113557	0	0	0	0	1	0
ENSMUSG00000113559	0	0	0	1	0	0
ENSMUSG00000113577	2	0	10	0	0	10
ENSMUSG00000113581	147	100	275	37	39	0
ENSMUSG00000113610	0	4	21	2	10	8
ENSMUSG00000113611	0	1	0	5	0	0
ENSMUSG00000113619	1	0	0	0	0	0
ENSMUSG00000113623	7	1	10	0	2	0
ENSMUSG00000113630	0	0	1	0	0	0
ENSMUSG00000113637	0	0	0	55	2	0
ENSMUSG00000113647	2	9	5	0	0	0
ENSMUSG00000113650	41	15	57	3	7	18
ENSMUSG00000113656	8	0	18	0	2	6
ENSMUSG00000113660	1	0	0	0	0	0
ENSMUSG00000113696	0	0	0	0	0	1
ENSMUSG00000113707	18	22	19	13	10	14
ENSMUSG00000113710	0	0	0	0	0	0
ENSMUSG00000113736	0	0	0	0	0	0
ENSMUSG00000113764	5	0	14	4	0	11
ENSMUSG00000113765	0	1	0	0	0	0
ENSMUSG00000113767	0	0	0	1	0	0
ENSMUSG00000113775	28	0	72	17	7	45
ENSMUSG00000113776	47	47	92	43	28	35
ENSMUSG00000113790	0	0	0	1	0	0
ENSMUSG00000113792	16	0	65	0	8	4
ENSMUSG00000113795	23	7	52	1	6	37
ENSMUSG00000113801	0	0	0	0	0	0
ENSMUSG00000113809	0	0	1	0	0	0
ENSMUSG00000113812	6	8	7	0	0	6
ENSMUSG00000113817	1	0	0	0	0	0
ENSMUSG00000113831	11	2	20	4	0	15
ENSMUSG00000113834	0	1	0	0	0	0
ENSMUSG00000113842	20	1	33	1	2	15
ENSMUSG00000113844	0	0	0	0	0	0
ENSMUSG00000113852	22	0	23	3	3	21
ENSMUSG00000113856	0	0	4	5	9	0
ENSMUSG00000113857	1	0	0	0	0	0
ENSMUSG00000113864	18	9	27	8	0	13
ENSMUSG00000113869	16	1	32	6	0	2
ENSMUSG00000113871	0	0	11	0	3	6
ENSMUSG00000113881	0	0	1	0	0	0
ENSMUSG00000113908	12	2	11	0	0	7
ENSMUSG00000113915	0	0	0	0	0	0
ENSMUSG00000113917	20	13	28	5	0	15
ENSMUSG00000113922	4	0	26	4	0	7
ENSMUSG00000113963	0	0	0	0	0	0
ENSMUSG00000113966	6	0	2	0	4	10
ENSMUSG00000113984	6	2	83	8	6	6
ENSMUSG00000113985	0	0	0	0	1	0
ENSMUSG00000113996	169	196	133	216	218	0
ENSMUSG00000113998	4	0	20	0	0	2
ENSMUSG00000114016	31	2	62	6	22	21
ENSMUSG00000114019	15	0	16	7	3	4
ENSMUSG00000114028	2	0	2	0	0	0
ENSMUSG00000114038	0	0	1	0	0	0
ENSMUSG00000114044	0	0	0	0	0	0
ENSMUSG00000114063	1	0	0	0	0	0
ENSMUSG00000114068	8	2	11	0	2	15
ENSMUSG00000114081	19	15	8	9	0	2
ENSMUSG00000114087	0	0	0	0	0	0
ENSMUSG00000114094	13	0	22	7	0	6
ENSMUSG00000114095	5	0	9	4	0	0
ENSMUSG00000114103	1	0	0	0	0	0
ENSMUSG00000114117	0	0	0	1	0	0
ENSMUSG00000114123	4	0	18	0	1	10
ENSMUSG00000114125	0	0	0	0	0	2
ENSMUSG00000114133	7	19	1	3	14	3
ENSMUSG00000114142	0	0	0	0	0	0
ENSMUSG00000114147	0	0	1	0	0	0
ENSMUSG00000114152	0	1	0	0	0	0
ENSMUSG00000114155	0	1	0	0	0	0
ENSMUSG00000114164	0	0	1	0	0	0
ENSMUSG00000114169	9	5	61	0	0	6
ENSMUSG00000114172	55	31	159	5	25	63
ENSMUSG00000114175	0	0	0	0	0	0
ENSMUSG00000114187	0	0	0	0	0	0
ENSMUSG00000114190	0	2	0	0	0	0
ENSMUSG00000114193	13	4	65	0	12	36
ENSMUSG00000114208	0	0	0	0	0	0
ENSMUSG00000114213	0	0	0	0	0	0
ENSMUSG00000114214	0	1	0	0	0	0
ENSMUSG00000114228	1	0	0	0	0	0
ENSMUSG00000114254	0	0	0	0	0	0
ENSMUSG00000114267	10	3	37	0	4	0
ENSMUSG00000114293	0	1	0	0	0	0
ENSMUSG00000114300	0	0	0	0	0	0
ENSMUSG00000114303	0	0	0	0	0	0
ENSMUSG00000114311	8	0	5	0	0	0
ENSMUSG00000114316	8	1	10	0	0	0
ENSMUSG00000114318	0	1	0	0	0	0
ENSMUSG00000114326	1	0	0	0	0	0
ENSMUSG00000114327	0	0	0	0	0	0
ENSMUSG00000114336	0	0	0	0	0	0
ENSMUSG00000114349	3	1	0	0	3	0
ENSMUSG00000114365	0	0	0	0	0	0
ENSMUSG00000114374	0	0	0	1	0	0
ENSMUSG00000114376	0	0	0	0	0	1
ENSMUSG00000114397	0	0	0	0	0	0
ENSMUSG00000114424	13	1	19	1	1	7
ENSMUSG00000114431	15	1	52	13	2	3
ENSMUSG00000114433	3	0	4	9	3	0
ENSMUSG00000114442	6	0	8	3	17	1
ENSMUSG00000114457	0	0	0	0	0	0
ENSMUSG00000114459	1	0	0	0	0	0
ENSMUSG00000114461	1	0	0	0	0	0
ENSMUSG00000114468	0	1	0	0	0	0
ENSMUSG00000114469	15	2	4	0	0	0
ENSMUSG00000114475	0	0	0	0	0	0
ENSMUSG00000114477	0	2	19	6	11	4
ENSMUSG00000114498	0	0	1	0	0	0
ENSMUSG00000114531	4	0	11	0	0	0
ENSMUSG00000114532	0	0	0	0	0	1
ENSMUSG00000114533	0	1	0	0	0	0
ENSMUSG00000114544	0	0	0	0	0	1
ENSMUSG00000114545	0	0	1	0	0	0
ENSMUSG00000114553	0	0	0	0	1	0
ENSMUSG00000114554	0	0	1	0	2	12
ENSMUSG00000114565	0	0	0	0	0	0
ENSMUSG00000114571	0	0	0	0	1	0
ENSMUSG00000114581	1	0	0	0	0	0
ENSMUSG00000114589	0	0	0	0	0	0
ENSMUSG00000114602	9	0	17	0	5	17
ENSMUSG00000114604	0	0	0	0	1	0
ENSMUSG00000114619	0	0	0	0	0	13
ENSMUSG00000114620	0	0	0	0	0	0
ENSMUSG00000114637	0	0	0	8	0	5
ENSMUSG00000114642	0	0	0	0	0	1
ENSMUSG00000114656	0	2	4	2	15	0
ENSMUSG00000114664	7	1	25	0	9	7
ENSMUSG00000114679	0	0	0	0	0	0
ENSMUSG00000114722	15	6	49	2	4	18
ENSMUSG00000114728	0	0	1	0	0	0
ENSMUSG00000114737	3	4	0	3	47	4
ENSMUSG00000114743	0	0	0	0	0	0
ENSMUSG00000114749	2	0	11	0	0	0
ENSMUSG00000114756	3	2	0	1	0	1
ENSMUSG00000114771	5	0	20	0	0	1
ENSMUSG00000114777	1	0	0	0	0	0
ENSMUSG00000114778	0	0	0	1	0	0
ENSMUSG00000114780	12	0	3	7	0	12
ENSMUSG00000114782	0	0	0	0	0	0
ENSMUSG00000114788	0	0	0	1	0	0
ENSMUSG00000114805	4	11	2	0	0	0
ENSMUSG00000114820	0	1	0	0	0	0
ENSMUSG00000114826	9	0	6	0	12	9
ENSMUSG00000114827	113	163	91	1	0	0
ENSMUSG00000114829	4	2	0	0	2	0
ENSMUSG00000114838	0	0	0	0	0	0
ENSMUSG00000114890	0	0	0	0	0	0
ENSMUSG00000114898	0	0	0	1	0	11
ENSMUSG00000114902	0	0	0	1	0	0
ENSMUSG00000114907	2	16	6	8	2	0
ENSMUSG00000114918	0	0	0	0	0	1
ENSMUSG00000114926	45	31	25	10	17	0
ENSMUSG00000114933	0	0	1	0	0	0
ENSMUSG00000114939	0	1	3	1	0	1
ENSMUSG00000114940	0	1	0	0	0	0
ENSMUSG00000114945	1	0	0	0	0	0
ENSMUSG00000114949	0	0	0	1	0	0
ENSMUSG00000114977	2	0	4	0	6	11
ENSMUSG00000114980	1	0	0	0	0	0
ENSMUSG00000114981	0	0	1	0	0	0
ENSMUSG00000114989	6	0	0	0	6	0
ENSMUSG00000114991	0	0	0	0	0	0
ENSMUSG00000114993	0	0	1	0	0	0
ENSMUSG00000114999	0	0	0	6	5	12
ENSMUSG00000115005	14	0	2	10	9	8
ENSMUSG00000115023	4	4	13	6	4	9
ENSMUSG00000115039	0	0	0	0	1	0
ENSMUSG00000115041	8	3	19	0	8	17
ENSMUSG00000115042	0	0	1	0	0	0
ENSMUSG00000115046	0	0	0	0	0	0
ENSMUSG00000115047	0	0	0	0	0	0
ENSMUSG00000115060	0	0	0	0	0	0
ENSMUSG00000115087	8	0	41	10	8	13
ENSMUSG00000115091	0	0	0	0	0	0
ENSMUSG00000115126	0	0	0	0	0	0
ENSMUSG00000115128	0	0	0	0	0	1
ENSMUSG00000115129	32	5	74	13	9	16
ENSMUSG00000115131	0	0	0	0	0	0
ENSMUSG00000115137	0	0	0	0	0	1
ENSMUSG00000115144	15	12	95	3	6	9
ENSMUSG00000115148	9	0	6	0	3	0
ENSMUSG00000115153	0	0	0	0	0	0
ENSMUSG00000115157	2	1	0	0	0	0
ENSMUSG00000115164	0	0	0	0	0	1
ENSMUSG00000115169	0	0	0	0	0	0
ENSMUSG00000115171	0	0	0	1	0	0
ENSMUSG00000115190	1	0	0	0	0	0
ENSMUSG00000115193	1	0	0	0	0	0
ENSMUSG00000115200	0	0	0	0	0	0
ENSMUSG00000115212	0	0	1	0	0	0
ENSMUSG00000115216	0	0	0	1	0	0
ENSMUSG00000115223	0	1	0	0	0	0
ENSMUSG00000115224	0	0	12	0	2	6
ENSMUSG00000115232	0	4	3	3	0	2
ENSMUSG00000115241	0	0	0	0	0	0
ENSMUSG00000115249	0	0	10	8	1	19
ENSMUSG00000115257	0	0	0	0	1	0
ENSMUSG00000115264	8	4	10	0	0	0
ENSMUSG00000115265	0	0	0	0	0	0
ENSMUSG00000115276	39	18	122	5	16	39
ENSMUSG00000115279	2	3	26	0	2	10
ENSMUSG00000115280	4	11	4	4	0	0
ENSMUSG00000115290	0	0	0	0	0	0
ENSMUSG00000115297	0	0	0	0	0	0
ENSMUSG00000115301	11	6	69	0	3	19
ENSMUSG00000115302	0	0	0	0	0	0
ENSMUSG00000115314	25	8	51	0	7	16
ENSMUSG00000115329	12	1	25	2	1	6
ENSMUSG00000115334	0	0	0	0	0	0
ENSMUSG00000115340	8	4	20	0	0	0
ENSMUSG00000115362	0	0	0	0	0	0
ENSMUSG00000115368	3	0	10	1	0	6
ENSMUSG00000115375	0	0	0	0	0	0
ENSMUSG00000115399	2	0	23	0	1	0
ENSMUSG00000115405	0	0	2	0	0	0
ENSMUSG00000115413	0	0	1	0	0	0
ENSMUSG00000115414	192	171	464	68	202	2
ENSMUSG00000115417	4	0	10	0	10	6
ENSMUSG00000115422	0	0	1	0	0	0
ENSMUSG00000115427	0	0	0	0	0	0
ENSMUSG00000115446	0	0	0	0	0	0
ENSMUSG00000115483	21	9	4	0	3	13
ENSMUSG00000115504	0	0	1	0	0	0
ENSMUSG00000115505	1	3	0	4	4	2
ENSMUSG00000115518	0	0	0	0	0	1
ENSMUSG00000115521	0	0	0	0	0	0
ENSMUSG00000115539	0	0	0	0	0	0
ENSMUSG00000115575	0	4	0	0	8	4
ENSMUSG00000115589	0	0	0	0	0	0
ENSMUSG00000115594	0	0	0	0	0	0
ENSMUSG00000115595	0	0	0	0	0	1
ENSMUSG00000115602	5	0	8	0	7	4
ENSMUSG00000115618	1	0	0	0	0	0
ENSMUSG00000115620	2	18	9	0	14	24
ENSMUSG00000115624	190	46	522	26	31	155
ENSMUSG00000115630	1	0	0	0	0	0
ENSMUSG00000115633	1	0	0	0	0	0
ENSMUSG00000115645	0	1	0	11	0	4
ENSMUSG00000115647	0	0	10	0	5	7
ENSMUSG00000115665	0	0	0	0	0	1
ENSMUSG00000115684	0	0	0	0	7	4
ENSMUSG00000115693	1	0	0	0	0	0
ENSMUSG00000115716	1	0	0	0	0	0
ENSMUSG00000115723	0	0	0	0	0	0
ENSMUSG00000115737	0	0	0	0	0	1
ENSMUSG00000115746	0	0	0	1	0	0
ENSMUSG00000115759	478	360	1243	239	509	15
ENSMUSG00000115762	21	5	25	0	33	3
ENSMUSG00000115775	1	0	0	0	0	0
ENSMUSG00000115817	3	0	10	0	7	18
ENSMUSG00000115826	0	0	0	0	0	0
ENSMUSG00000115827	0	0	0	0	0	0
ENSMUSG00000115833	3	1	16	0	2	7
ENSMUSG00000115843	0	0	1	0	0	0
ENSMUSG00000115868	0	0	0	0	0	1
ENSMUSG00000115877	0	0	15	6	4	2
ENSMUSG00000115882	0	4	9	0	3	0
ENSMUSG00000115888	0	0	0	0	0	0
ENSMUSG00000115898	12	0	80	0	2	14
ENSMUSG00000115920	6	13	0	7	2	2
ENSMUSG00000115925	1	0	0	0	0	0
ENSMUSG00000115928	0	0	0	0	0	0
ENSMUSG00000115936	0	0	0	10	7	2
ENSMUSG00000115938	0	0	0	1	0	0
ENSMUSG00000115946	0	0	0	0	0	1
ENSMUSG00000115955	11	9	13	0	7	24
ENSMUSG00000115975	70	14	182	7	9	22
ENSMUSG00000116007	1	0	0	0	0	0
ENSMUSG00000116009	6	4	0	0	3	13
ENSMUSG00000116056	24	6	15	0	5	0
ENSMUSG00000116089	1	0	0	0	0	0
ENSMUSG00000116120	0	0	0	0	1	0
ENSMUSG00000116140	0	0	0	1	0	0
ENSMUSG00000116155	0	0	0	0	0	0
ENSMUSG00000116185	23	2	56	12	3	27
ENSMUSG00000116289	0	0	0	0	1	0
ENSMUSG00000116291	79	126	69	0	1	1
ENSMUSG00000116303	0	0	0	0	0	0
ENSMUSG00000116308	0	1	0	0	0	0
ENSMUSG00000116324	9	0	2	0	2	0
ENSMUSG00000116347	0	0	0	0	0	1
ENSMUSG00000116397	9	5	35	0	0	8
ENSMUSG00000116402	0	1	0	0	0	0
ENSMUSG00000116416	0	0	0	0	1	0
ENSMUSG00000116424	0	0	0	0	0	0
ENSMUSG00000116426	0	1	0	0	0	0
ENSMUSG00000116450	30	10	94	13	10	13
ENSMUSG00000116469	0	0	0	0	0	0
ENSMUSG00000116475	0	0	1	0	0	0
ENSMUSG00000116480	4	0	8	0	6	0
ENSMUSG00000116499	0	0	0	0	0	0
ENSMUSG00000116514	0	0	0	0	0	0
ENSMUSG00000116543	0	0	0	0	0	0
ENSMUSG00000116551	0	0	0	0	0	0
ENSMUSG00000116562	0	0	1	0	0	0
ENSMUSG00000116572	0	0	0	0	0	0
ENSMUSG00000116581	3	0	0	8	9	0
ENSMUSG00000116600	0	0	0	0	0	1
ENSMUSG00000116606	2	0	10	0	7	52
ENSMUSG00000116610	0	0	0	0	0	0
ENSMUSG00000116614	0	1	0	0	0	0
ENSMUSG00000116617	2	0	0	0	8	0
ENSMUSG00000116620	3	13	0	6	8	14
ENSMUSG00000116624	4	6	21	9	0	5
ENSMUSG00000116626	67	12	241	26	7	37
ENSMUSG00000116635	5	4	5	0	0	12
ENSMUSG00000116648	0	0	0	1	0	0
ENSMUSG00000116658	0	1	0	0	0	0
ENSMUSG00000116697	0	3	0	0	0	0
ENSMUSG00000116704	4	11	90	12	5	4
ENSMUSG00000116707	23	8	21	0	6	23
ENSMUSG00000116765	0	1	0	0	0	0
ENSMUSG00000116766	1	0	0	0	0	0
ENSMUSG00000116768	0	0	0	0	0	0
ENSMUSG00000116771	0	0	0	0	2	0
ENSMUSG00000116776	0	0	0	0	0	0
ENSMUSG00000116780	1	0	0	0	0	0
ENSMUSG00000116781	23	0	23	4	11	3
ENSMUSG00000116795	33	12	41	1	15	13
ENSMUSG00000116796	7	0	16	13	4	2
ENSMUSG00000116802	109	14	170	34	52	246
ENSMUSG00000116819	7	6	0	10	6	0
ENSMUSG00000116820	0	0	2	0	0	0
ENSMUSG00000116825	29	36	23	32	27	30
ENSMUSG00000116838	34	0	33	5	9	5
ENSMUSG00000116848	0	0	0	0	0	1
ENSMUSG00000116864	0	0	0	0	1	0
ENSMUSG00000116875	1	3	6	48	3	2
ENSMUSG00000116876	0	0	1	0	0	0
ENSMUSG00000116884	8	2	0	4	9	21
ENSMUSG00000116896	0	0	0	0	0	0
ENSMUSG00000116919	12	0	6	0	6	6
ENSMUSG00000116921	14	0	7	10	0	0
ENSMUSG00000116926	0	2	18	0	0	0
ENSMUSG00000116927	0	3	0	0	0	0
ENSMUSG00000116940	8	5	4	24	12	0
ENSMUSG00000116949	3	7	0	0	7	0
ENSMUSG00000116972	42	11	1	45	54	5
ENSMUSG00000116975	39	19	106	14	22	37
ENSMUSG00000116977	0	0	0	0	0	0
ENSMUSG00000116988	0	0	0	0	0	1
ENSMUSG00000116997	0	0	0	0	0	0
ENSMUSG00000117035	0	0	0	0	0	0
ENSMUSG00000117050	0	9	0	4	13	6
ENSMUSG00000117054	1	0	0	0	0	0
ENSMUSG00000117072	1	0	0	0	0	0
ENSMUSG00000117076	0	0	0	1	0	0
ENSMUSG00000117111	1	0	0	0	0	0
ENSMUSG00000117117	0	1	0	0	0	0
ENSMUSG00000117125	0	0	0	0	0	0
ENSMUSG00000117128	0	0	1	0	0	0
ENSMUSG00000117163	0	1	0	0	0	0
ENSMUSG00000117167	3	0	1	3	1	3
ENSMUSG00000117176	0	1	0	0	0	0
ENSMUSG00000117190	0	0	0	0	0	0
ENSMUSG00000117193	0	0	0	0	0	0
ENSMUSG00000117202	0	0	0	0	1	0
ENSMUSG00000117250	2	0	5	0	6	9
ENSMUSG00000117251	4	2	2	0	9	21
ENSMUSG00000117254	0	0	0	0	0	1
ENSMUSG00000117271	1	0	0	0	0	0
ENSMUSG00000117282	0	0	0	0	0	0
ENSMUSG00000117286	0	0	0	2	0	0
ENSMUSG00000117300	94	0	25	1	42	0
ENSMUSG00000117332	14	4	37	2	2	3
ENSMUSG00000117334	0	0	0	0	0	0
ENSMUSG00000117343	0	0	0	0	0	0
ENSMUSG00000117353	0	0	0	0	0	0
ENSMUSG00000117356	2	22	3	0	2	5
ENSMUSG00000117372	19	6	40	0	1	7
ENSMUSG00000117379	1	0	0	0	0	0
ENSMUSG00000117390	3	2	50	0	2	19
ENSMUSG00000117399	0	0	8	0	5	0
ENSMUSG00000117402	0	0	0	0	0	0
ENSMUSG00000117403	0	1	0	0	0	0
ENSMUSG00000117417	17	2	36	0	0	2
ENSMUSG00000117418	0	0	1	0	0	0
ENSMUSG00000117426	12	0	14	13	5	2
ENSMUSG00000117427	1	0	0	0	0	0
ENSMUSG00000117462	0	0	0	0	1	0
ENSMUSG00000117473	0	0	0	0	0	0
ENSMUSG00000117477	1	0	0	0	0	0
ENSMUSG00000117485	0	0	1	0	0	0
ENSMUSG00000117490	0	0	18	3	0	4
ENSMUSG00000117492	0	0	1	0	0	0
ENSMUSG00000117500	0	0	0	1	0	0
ENSMUSG00000117503	1	0	0	0	0	0
ENSMUSG00000117518	0	0	0	0	0	1
ENSMUSG00000117527	0	0	0	0	0	1
ENSMUSG00000117531	0	0	0	0	0	0
ENSMUSG00000117540	0	0	0	0	0	0
ENSMUSG00000117546	10	0	18	1	7	8
ENSMUSG00000117557	7	12	9	0	3	14
ENSMUSG00000117569	0	1	0	0	0	0
ENSMUSG00000117583	0	0	0	0	0	0
ENSMUSG00000117594	0	0	0	1	0	0
ENSMUSG00000117597	15	0	26	19	4	4
ENSMUSG00000117600	20	4	106	17	14	6
ENSMUSG00000117603	0	0	0	0	0	1
ENSMUSG00000117604	0	0	0	0	0	0
ENSMUSG00000117605	0	0	1	8	16	0
ENSMUSG00000117614	6	5	0	12	5	0
ENSMUSG00000117619	14	4	29	0	3	0
ENSMUSG00000117627	1	0	0	1	0	0
ENSMUSG00000117629	0	1	0	0	0	0
ENSMUSG00000117635	0	0	1	0	0	0
ENSMUSG00000117637	7	17	2	8	0	2
ENSMUSG00000117643	0	0	1	0	0	0
ENSMUSG00000117652	0	0	1	0	0	0
ENSMUSG00000117653	10	0	23	0	0	4
ENSMUSG00000117654	4	7	6	0	0	0
ENSMUSG00000117669	1	0	0	0	0	0
ENSMUSG00000117695	0	1	0	0	0	0
ENSMUSG00000117722	0	0	0	0	0	0
ENSMUSG00000117730	0	29	24	0	0	0
ENSMUSG00000117738	0	0	0	0	0	0
ENSMUSG00000117739	0	0	0	1	0	0
ENSMUSG00000117760	0	0	1	0	0	0
ENSMUSG00000117769	0	0	0	0	0	1
ENSMUSG00000117779	0	0	1	0	0	1
ENSMUSG00000117785	2	0	24	0	0	0
ENSMUSG00000117786	81	2	74	4	38	1
ENSMUSG00000117796	0	1	0	0	0	0
ENSMUSG00000117805	0	0	0	0	0	1
ENSMUSG00000117808	0	2	9	8	5	0
ENSMUSG00000117813	181	154	91	127	156	2
ENSMUSG00000117822	60	66	41	2259	59	58
ENSMUSG00000117824	0	20	13	0	0	0
ENSMUSG00000117841	0	0	0	0	0	0
ENSMUSG00000117847	0	0	0	0	0	0
ENSMUSG00000117869	1074	815	836	1184	896	2413
ENSMUSG00000117879	0	0	0	0	1	0
ENSMUSG00000117889	1	0	0	0	0	0
ENSMUSG00000117929	0	0	0	0	1	0
ENSMUSG00000117944	0	0	0	0	0	0
ENSMUSG00000117948	0	0	0	0	0	2
ENSMUSG00000117957	6	0	6	0	0	0
ENSMUSG00000117963	0	0	0	4	0	0
ENSMUSG00000117966	4	0	6	9	0	0
ENSMUSG00000117980	0	0	4	15	9	6
ENSMUSG00000117986	0	0	0	0	1	0
ENSMUSG00000118007	0	0	0	0	0	1
ENSMUSG00000118018	0	0	1	0	0	0
ENSMUSG00000118020	0	0	1	0	0	0
ENSMUSG00000118029	6	0	2	14	5	14
ENSMUSG00000118032	5	10	2	7	0	7
ENSMUSG00000118039	0	0	11	0	0	0
ENSMUSG00000118041	0	0	0	0	0	0
ENSMUSG00000118057	0	0	0	1	0	0
ENSMUSG00000118089	0	0	0	0	0	0
ENSMUSG00000118118	0	0	0	0	0	0
ENSMUSG00000118135	0	1	0	0	0	0
ENSMUSG00000118140	1	0	0	0	0	0
ENSMUSG00000118144	0	0	0	0	1	0
ENSMUSG00000118164	0	1	0	0	0	0
ENSMUSG00000118171	38	17	0	0	16	0
ENSMUSG00000118199	1	0	0	0	0	0
ENSMUSG00000118204	0	0	0	1	0	0
ENSMUSG00000118225	0	0	0	0	0	0
ENSMUSG00000118241	1	23	0	0	11	0
ENSMUSG00000118254	0	0	0	0	0	0
ENSMUSG00000118265	0	0	0	0	0	0
ENSMUSG00000118272	0	0	0	0	0	0
ENSMUSG00000118274	0	0	2	0	0	0
ENSMUSG00000118277	0	0	1	0	0	0
ENSMUSG00000118297	0	0	0	0	0	0
ENSMUSG00000118298	0	0	0	0	0	0
ENSMUSG00000118316	0	0	0	0	0	0
ENSMUSG00000118322	0	0	0	1	0	0
ENSMUSG00000118326	0	0	0	0	0	0
ENSMUSG00000118332	5	1	1	0	5	6
ENSMUSG00000118342	0	0	0	1	0	0
ENSMUSG00000118358	0	0	0	0	1	0
ENSMUSG00000118370	0	1	0	0	0	0
ENSMUSG00000118373	0	1	0	0	0	0
ENSMUSG00000118393	0	0	0	0	0	0
ENSMUSG00000118398	1	0	0	0	0	0
ENSMUSG00000118404	0	0	0	0	0	0
ENSMUSG00000118408	1	0	0	0	0	0
ENSMUSG00000118412	0	0	0	0	0	1
ENSMUSG00000118449	5	15	24	25	0	10
ENSMUSG00000118495	17	8	13	4	2	0
ENSMUSG00000118496	0	1	0	0	0	0
ENSMUSG00000118497	0	0	0	1	0	0
ENSMUSG00000118501	25	2	45	5	4	11
ENSMUSG00000118505	0	0	1	0	0	0
ENSMUSG00000118510	0	0	0	2	0	0
ENSMUSG00000118523	1	0	0	0	0	0
ENSMUSG00000118534	1	0	0	0	0	0
ENSMUSG00000118535	0	0	1	0	0	0
ENSMUSG00000118536	0	0	0	0	0	0
ENSMUSG00000118555	2	3	12	0	0	12
ENSMUSG00000118557	4	0	19	8	0	20
ENSMUSG00000118561	0	0	1	0	0	0
ENSMUSG00000118571	1	0	0	0	0	0
ENSMUSG00000118572	0	0	0	0	1	0
ENSMUSG00000118576	0	0	0	0	0	1
ENSMUSG00000118610	1	0	0	0	0	0
ENSMUSG00000118619	9	4	9	4	1	0
ENSMUSG00000118633	0	0	0	0	0	0
ENSMUSG00000118650	0	1	0	0	0	0
ENSMUSG00000118663	386	375	330	367	318	493
ENSMUSG00000118676	0	0	0	0	0	0
ENSMUSG00000118738	1	0	0	0	0	0
ENSMUSG00000118741	0	0	0	0	0	0
ENSMUSG00000118743	0	0	0	0	1	0
ENSMUSG00000118744	0	1	0	2	0	0
ENSMUSG00000118762	0	0	0	0	0	0
ENSMUSG00000118773	0	1	0	0	0	0
ENSMUSG00000118820	0	0	0	0	0	0
ENSMUSG00000118833	0	0	1	0	0	0
ENSMUSG00000118838	0	0	0	0	0	1
ENSMUSG00000118841	41	1331	557	50	1149	107
ENSMUSG00000118848	0	0	0	0	0	1
ENSMUSG00000118856	0	0	0	0	0	0
ENSMUSG00000118871	0	0	0	0	0	1
ENSMUSG00000118883	0	0	0	0	0	1
ENSMUSG00000118886	0	0	0	0	0	0
ENSMUSG00000118897	0	0	0	0	0	0
ENSMUSG00000118923	0	0	0	0	0	1
ENSMUSG00000118926	0	0	0	0	0	0
ENSMUSG00000118970	0	0	0	0	0	0
ENSMUSG00000118977	1	0	0	0	0	0
ENSMUSG00000118981	0	0	0	0	0	0
ENSMUSG00000119013	0	2	0	0	0	0
ENSMUSG00000119029	0	0	0	0	0	0
ENSMUSG00000119035	0	1	0	0	0	0
ENSMUSG00000119048	0	0	0	0	0	0
ENSMUSG00000119053	0	0	0	0	0	1
ENSMUSG00000119069	0	0	0	0	0	0
ENSMUSG00000119101	0	0	0	0	0	0
ENSMUSG00000119106	0	0	0	1	0	0
ENSMUSG00000119126	0	0	0	0	0	0
ENSMUSG00000119142	17	17	6	15	13	13
ENSMUSG00000119145	0	0	0	0	1	0
ENSMUSG00000119153	0	0	1	0	0	0
ENSMUSG00000119183	0	0	1	0	0	0
ENSMUSG00000119208	0	0	0	3	0	0
ENSMUSG00000119221	0	0	0	0	0	0
ENSMUSG00000119257	0	0	0	0	1	0
ENSMUSG00000119278	0	0	1	0	0	0
ENSMUSG00000119287	0	0	0	1	0	0
ENSMUSG00000119288	1	0	0	0	0	0
ENSMUSG00000119317	0	0	0	0	0	1
ENSMUSG00000119338	0	0	1	0	0	0
ENSMUSG00000119343	0	0	0	0	1	0
ENSMUSG00000119378	0	0	0	0	1	0
ENSMUSG00000119387	0	0	0	0	0	0
ENSMUSG00000119426	0	0	0	0	1	0
ENSMUSG00000119434	0	0	0	0	0	0
ENSMUSG00000119447	0	0	0	1	0	0
ENSMUSG00000119499	1	0	0	0	0	0
ENSMUSG00000119500	0	0	1	0	0	0
ENSMUSG00000119520	91	90	98	92	108	151
ENSMUSG00000119556	0	0	1	0	0	0
ENSMUSG00000119558	0	0	0	1	0	1
ENSMUSG00000119562	0	0	0	0	0	0
ENSMUSG00000119563	0	0	0	0	0	1
ENSMUSG00000119566	0	0	0	0	0	1
ENSMUSG00000119576	0	0	0	0	0	0
ENSMUSG00000119608	0	1	0	0	0	0
ENSMUSG00000119617	0	0	0	0	0	0
ENSMUSG00000119641	1	0	0	0	0	0
ENSMUSG00000119672	1	0	0	0	0	0
ENSMUSG00000119684	1	0	0	0	0	0
ENSMUSG00000119687	0	0	0	0	0	0
ENSMUSG00000119695	0	0	0	0	0	0
ENSMUSG00000119723	0	0	1	0	0	0
ENSMUSG00000119728	0	0	0	0	0	0
ENSMUSG00000119735	0	0	1	0	0	0
ENSMUSG00000119742	0	0	0	0	0	0
ENSMUSG00000119771	1	0	0	0	0	0
ENSMUSG00000119819	0	0	0	0	0	0
ENSMUSG00000119828	0	0	0	0	0	0
ENSMUSG00000119891	0	0	1	0	0	0
ENSMUSG00000119897	0	0	0	0	0	0
ENSMUSG00000119917	0	0	0	0	1	0
ENSMUSG00000119955	20	45	4	31	21	2
ENSMUSG00000119970	2	0	0	16	1	3
ENSMUSG00000119982	0	2	8	15	0	0
ENSMUSG00000119984	20	22	25	11	14	28
ENSMUSG00000119989	8	2	10	0	0	3
ENSMUSG00000119997	6	0	0	2	20	3
ENSMUSG00000120001	14	8	2	0	3	0
ENSMUSG00000120041	1	0	0	0	0	0
ENSMUSG00000120061	2	12	16	0	7	0
ENSMUSG00000120064	7	3	11	4	0	19
ENSMUSG00000120101	72	93	66	92	84	54
ENSMUSG00000120103	0	0	0	0	0	0
ENSMUSG00000120114	3	11	3	4	3	0
ENSMUSG00000120115	0	0	0	0	0	0
ENSMUSG00000120122	2	6	7	9	0	0
ENSMUSG00000120131	7	2	0	19	2	15
ENSMUSG00000120140	0	0	0	3	0	13
ENSMUSG00000120147	0	2	0	0	0	1
ENSMUSG00000120154	9	11	0	19	0	4
ENSMUSG00000120160	6	7	19	18	24	13
ENSMUSG00000120171	1	0	0	0	0	0
ENSMUSG00000120179	0	0	0	4	4	0
ENSMUSG00000120180	26	30	13	15	11	26
ENSMUSG00000120189	10	5	0	17	3	13
ENSMUSG00000120203	2	0	2	8	10	0
ENSMUSG00000120209	0	0	0	0	1	0
ENSMUSG00000120212	0	0	0	0	0	0
ENSMUSG00000120227	9	9	20	0	8	4
ENSMUSG00000120233	0	0	7	0	0	5
ENSMUSG00000120260	19	6	5	8	10	0
ENSMUSG00000120274	0	0	1	16	1	2
ENSMUSG00000120280	2	4	14	2	7	2
ENSMUSG00000120282	25	13	30	42	14	37
ENSMUSG00000120283	1	0	11	0	9	4
ENSMUSG00000120284	397	3	165	8	7	14
ENSMUSG00000120291	2	1	4	18	1	0
ENSMUSG00000120294	0	2	0	2	3	0
ENSMUSG00000120301	8	6	0	0	0	5
ENSMUSG00000120306	12	18	7	28	12	17
ENSMUSG00000120313	0	0	0	0	0	0
ENSMUSG00000120319	3	2	3	23	7	91
ENSMUSG00000120345	39	28	30	5	28	16
ENSMUSG00000120352	7	8	18	12	6	4
ENSMUSG00000120354	2	1	2	0	4	5
ENSMUSG00000120357	8	5	7	10	5	20
ENSMUSG00000120358	1	0	2	19	3	0
ENSMUSG00000120360	1	0	1	0	0	0
ENSMUSG00000120366	12	1	10	13	3	0
ENSMUSG00000120401	0	1	0	0	0	0
ENSMUSG00000120417	0	0	1	0	0	0
ENSMUSG00000120420	9	4	0	3	9	4
ENSMUSG00000120425	0	0	1	0	0	0
ENSMUSG00000120430	0	0	1	0	0	0
ENSMUSG00000120437	2	8	1	23	6	0
ENSMUSG00000120456	16	8	2	14	0	0
ENSMUSG00000120468	1	0	0	0	0	0
ENSMUSG00000120474	1	0	0	0	0	0
ENSMUSG00000120477	0	0	1	0	0	0
ENSMUSG00000120480	4	3	5	17	2	0
ENSMUSG00000120486	3	4	14	0	3	0
ENSMUSG00000120516	0	0	0	0	0	0
ENSMUSG00000120521	0	0	0	0	0	1
ENSMUSG00000120525	0	0	0	8	2	8
ENSMUSG00000120529	16	1	12	4	2	25
ENSMUSG00000120531	0	0	1	0	0	0
ENSMUSG00000120542	0	0	0	0	0	0
ENSMUSG00000120545	0	0	0	0	2	15
ENSMUSG00000120550	0	0	0	0	0	0
ENSMUSG00000120554	13	1	0	4	0	18
ENSMUSG00000120557	0	0	0	7	5	0
ENSMUSG00000120560	0	0	0	0	0	1
ENSMUSG00000120569	20	9	24	5	9	0
ENSMUSG00000120570	0	1	0	0	0	0
ENSMUSG00000120577	0	0	0	0	0	0
ENSMUSG00000120590	0	0	0	0	0	0
ENSMUSG00000120591	0	0	0	0	0	1
ENSMUSG00000120608	0	0	0	0	0	1
ENSMUSG00000120609	6	0	2	9	0	7
ENSMUSG00000120621	0	0	0	0	0	1
ENSMUSG00000120634	23	18	11	4	5	4
ENSMUSG00000120640	0	1	0	0	0	0
ENSMUSG00000120644	5	5	8	14	0	0
ENSMUSG00000120652	0	0	0	0	0	0
ENSMUSG00000120678	0	0	0	0	0	0
ENSMUSG00000120682	0	0	0	0	0	0
ENSMUSG00000120683	0	0	0	0	0	0
ENSMUSG00000120690	9	4	0	1	8	0
ENSMUSG00000120697	0	0	0	6	1	12
ENSMUSG00000120715	7	0	0	14	0	2
ENSMUSG00000120716	0	0	0	1	0	0
ENSMUSG00000120718	91	91	79	114	54	123
ENSMUSG00000120725	0	0	0	0	0	0
ENSMUSG00000120738	2	0	2	3	0	2
ENSMUSG00000120741	106	77	54	27	39	43
ENSMUSG00000120743	0	0	0	0	0	0
ENSMUSG00000120751	0	0	0	0	1	0
ENSMUSG00000120766	21	11	13	0	14	2
ENSMUSG00000120774	17	18	7	9	8	0
ENSMUSG00000120797	0	0	0	0	0	0
ENSMUSG00000120798	33	58	75	36	41	2
ENSMUSG00000120804	1	0	0	0	0	0
ENSMUSG00000120867	1	0	0	0	0	0
ENSMUSG00000120869	5	16	0	0	9	6
ENSMUSG00000120879	0	0	1	0	0	0
ENSMUSG00000120881	0	0	0	0	0	1
ENSMUSG00000120896	13	19	0	9	10	1
ENSMUSG00000120908	0	1	0	0	0	0
ENSMUSG00000120913	0	2	20	0	0	0
ENSMUSG00000120915	0	15	2	11	3	15
ENSMUSG00000120922	0	0	2	0	4	2
ENSMUSG00000120930	8	0	11	0	5	7
ENSMUSG00000120940	0	1	0	0	0	0
ENSMUSG00000120952	38	22	27	56	14	17
ENSMUSG00000120969	8	5	3	0	6	26
ENSMUSG00000120979	13	0	0	0	2	10
ENSMUSG00000120983	10	7	51	0	10	16
ENSMUSG00000120990	15	11	4	4	7	13
ENSMUSG00000120995	118	16	227	15	20	122
ENSMUSG00000120999	159	142	104	108	128	202
ENSMUSG00000121004	16	10	11	0	13	11
ENSMUSG00000121007	0	0	0	1	0	0
ENSMUSG00000121019	0	0	0	0	0	0
ENSMUSG00000121033	1	2	2	2	0	22
ENSMUSG00000121046	18	6	14	14	0	3
ENSMUSG00000121093	3504	2536	4757	2689	3416	4671
ENSMUSG00000121110	0	0	0	0	1	0
ENSMUSG00000121125	10	5	12	11	0	15
ENSMUSG00000121180	0	0	1	0	0	0
ENSMUSG00000121188	2	2	0	11	13	0
ENSMUSG00000121205	0	0	1	0	0	0
ENSMUSG00000121207	0	0	0	1	0	0
ENSMUSG00000121212	0	0	1	0	0	0
ENSMUSG00000121215	14	14	13	0	5	23
ENSMUSG00000121216	22	14	0	16	5	8
ENSMUSG00000121220	0	0	0	0	1	0
ENSMUSG00000121240	0	0	0	0	1	0
ENSMUSG00000121242	12	2	12	9	6	0
ENSMUSG00000121252	24	6	17	13	13	13
ENSMUSG00000121257	9	0	6	0	0	0
ENSMUSG00000121265	0	0	0	0	0	1
ENSMUSG00000121268	0	0	1	0	0	0
ENSMUSG00002074878	0	0	1	0	0	0
ENSMUSG00002074905	0	0	1	0	0	0
ENSMUSG00002074912	0	0	0	0	0	0
ENSMUSG00002074913	9	0	13	0	0	5
ENSMUSG00002074924	0	0	0	0	0	0
ENSMUSG00002074934	0	0	0	0	0	0
ENSMUSG00002074947	17	14	8	14	26	22
ENSMUSG00002074961	0	1	0	0	0	0
ENSMUSG00002075015	2	0	0	0	0	0
ENSMUSG00002075030	0	0	1	0	0	0
ENSMUSG00002075048	0	0	0	0	0	0
ENSMUSG00002075052	0	0	0	1	0	0
ENSMUSG00002075079	0	0	0	0	0	1
ENSMUSG00002075109	4	0	0	0	0	0
ENSMUSG00002075126	0	0	1	0	0	0
ENSMUSG00002075132	0	1	14	0	0	0
ENSMUSG00002075137	8	6	15	0	0	5
ENSMUSG00002075141	0	0	12	0	0	0
ENSMUSG00002075146	0	2	0	0	0	0
ENSMUSG00002075182	0	1	0	0	0	0
ENSMUSG00002075190	0	0	0	0	0	0
ENSMUSG00002075215	0	0	1	0	0	1
ENSMUSG00002075219	0	0	0	0	0	0
ENSMUSG00002075246	0	0	0	0	0	0
ENSMUSG00002075255	0	0	0	0	0	0
ENSMUSG00002075286	0	0	0	0	0	0
ENSMUSG00002075310	1	0	0	0	0	0
ENSMUSG00002075311	0	0	0	0	0	0
ENSMUSG00002075334	1	0	0	0	0	0
ENSMUSG00002075381	0	0	0	0	0	1
ENSMUSG00002075383	1	0	0	0	0	0
ENSMUSG00002075386	0	0	0	0	0	0
ENSMUSG00002075395	0	0	0	0	0	0
ENSMUSG00002075411	0	0	0	0	0	0
ENSMUSG00002075421	0	0	1	0	0	0
ENSMUSG00002075429	0	0	0	0	0	0
ENSMUSG00002075432	0	0	0	0	0	0
ENSMUSG00002075443	0	0	0	0	1	0
ENSMUSG00002075450	0	0	0	0	0	0
ENSMUSG00002075459	0	0	0	0	0	0
ENSMUSG00002075474	0	0	0	0	0	16
ENSMUSG00002075520	2	1	0	0	0	0
ENSMUSG00002075524	0	0	0	1	0	0
ENSMUSG00002075533	0	0	0	0	0	0
ENSMUSG00002075545	8	0	7	9	0	4
ENSMUSG00002075561	0	1	18	2	0	1
ENSMUSG00002075586	17	27	32	22	45	26
ENSMUSG00002075588	0	0	0	0	0	0
ENSMUSG00002075597	1	0	0	0	0	0
ENSMUSG00002075606	0	0	0	0	0	0
ENSMUSG00002075608	0	0	1	0	0	0
ENSMUSG00002075609	0	0	0	0	1	0
ENSMUSG00002075624	0	0	8	0	6	3
ENSMUSG00002075634	0	0	0	0	0	0
ENSMUSG00002075694	0	0	0	0	0	0
ENSMUSG00002075736	0	0	0	0	0	0
ENSMUSG00002075738	0	0	0	0	0	0
ENSMUSG00002075762	0	0	0	0	0	0
ENSMUSG00002075776	0	0	0	0	0	0
ENSMUSG00002075777	0	0	0	0	0	0
ENSMUSG00002075785	0	0	0	0	0	0
ENSMUSG00002075818	0	0	11	0	0	0
ENSMUSG00002075846	1	0	0	0	0	0
ENSMUSG00002075848	2	0	13	0	3	0
ENSMUSG00002075898	0	0	0	0	1	0
ENSMUSG00002075919	0	1	0	0	0	0
ENSMUSG00002075945	0	0	0	0	0	0
ENSMUSG00002075951	0	0	0	0	0	0
ENSMUSG00002075959	1	0	0	0	0	0
ENSMUSG00002075965	0	0	0	0	0	0
ENSMUSG00002075967	0	0	0	0	1	0
ENSMUSG00002075995	0	0	0	0	0	0
ENSMUSG00002076008	0	0	1	0	0	0
ENSMUSG00002076050	0	0	0	0	0	0
ENSMUSG00002076052	3	6	17	0	0	8
ENSMUSG00002076054	0	0	0	0	0	0
ENSMUSG00002076065	0	0	0	0	0	0
ENSMUSG00002076075	1	0	0	0	0	0
ENSMUSG00002076126	0	0	0	0	1	0
ENSMUSG00002076138	13	6	1	8	5	6
ENSMUSG00002076169	4	0	11	3	1	1
ENSMUSG00002076170	0	0	1	0	0	0
ENSMUSG00002076198	0	0	0	0	0	0
ENSMUSG00002076202	0	0	0	0	0	0
ENSMUSG00002076216	0	0	0	0	0	0
ENSMUSG00002076233	0	0	1	3	0	0
ENSMUSG00002076279	0	0	0	0	0	0
ENSMUSG00002076287	1	0	0	0	0	0
ENSMUSG00002076296	0	0	0	0	0	0
ENSMUSG00002076299	0	0	1	0	0	0
ENSMUSG00002076304	28	4	47	3	6	18
ENSMUSG00002076311	5	4	9	12	0	0
ENSMUSG00002076316	0	0	0	0	0	0
ENSMUSG00002076323	0	0	0	0	0	0
ENSMUSG00002076338	0	0	0	0	0	0
ENSMUSG00002076346	0	0	0	0	0	0
ENSMUSG00002076355	0	0	0	0	0	0
ENSMUSG00002076364	0	0	0	0	0	0
ENSMUSG00002076437	1	1	3	0	2	3
ENSMUSG00002076438	0	0	0	0	0	1
ENSMUSG00002076456	0	0	1	0	0	0
ENSMUSG00002076467	0	0	0	0	0	0
ENSMUSG00002076472	0	0	0	0	0	0
ENSMUSG00002076476	0	0	0	0	1	0
ENSMUSG00002076482	0	0	0	0	0	0
ENSMUSG00002076484	0	0	0	0	0	0
ENSMUSG00002076501	0	1	1	0	0	0
ENSMUSG00002076515	4	0	0	3	1	1
ENSMUSG00002076518	0	0	1	0	0	0
ENSMUSG00002076525	1	0	0	0	0	0
ENSMUSG00002076570	3	0	10	0	1	7
ENSMUSG00002076576	0	0	0	0	0	0
ENSMUSG00002076598	0	0	0	0	1	0
ENSMUSG00002076600	0	0	0	0	0	0
ENSMUSG00002076607	0	0	0	0	0	0
ENSMUSG00002076636	0	0	1	0	0	0
ENSMUSG00002076643	0	0	1	0	0	0
ENSMUSG00002076663	0	0	0	0	1	0
ENSMUSG00002076748	12	0	0	0	0	0
ENSMUSG00002076755	1	0	0	0	0	0
ENSMUSG00002076762	0	0	0	0	0	0
ENSMUSG00002076770	0	0	0	0	0	0
ENSMUSG00002076782	0	0	0	0	0	0
ENSMUSG00002076785	0	0	1	0	0	0
ENSMUSG00002076790	0	0	1	0	0	0
ENSMUSG00002076808	0	0	0	0	0	0
ENSMUSG00002076834	1	0	0	0	0	0
ENSMUSG00002076836	0	2	0	0	0	0
ENSMUSG00002076840	0	0	0	0	0	0
ENSMUSG00002076848	0	0	0	0	0	0
ENSMUSG00002076853	0	0	0	0	0	0
ENSMUSG00002076856	0	0	0	0	1	0
ENSMUSG00002076857	0	0	0	0	0	0
ENSMUSG00002076894	0	0	0	0	0	1
ENSMUSG00002076899	0	0	0	0	0	0
ENSMUSG00002076942	1	0	0	0	0	0
ENSMUSG00002076956	0	0	1	0	0	0
ENSMUSG00002076968	0	0	0	0	1	0
ENSMUSG00002076981	0	0	0	0	0	0
ENSMUSG00002076989	0	0	1	0	0	0
