gene_id	ERR031017	ERR031018	ERR031019	ERR031022	ERR031023	ERR031024	ERR031025	ERR031026	ERR031027	ERR031028	ERR031029	ERR031030	ERR031031	ERR031032	ERR031033	ERR031035	ERR031038	ERR031039	ERR031040	ERR031041	ERR031042	ERR031043	ERR031044	ERR299295	ERR299296	ERR299297	ERR299298	ERR299299
ENSG00000000005	0	11	28	13	10	2	64	17	14	11	61	10	9	0	24	0	10	2	6	2	2	0	6	6	28	3	4	5
ENSG00000001626	23	13	1244	71	405	104	656	7	86	53	223	37	274	125	151	756	121	63	267	84	16	119	1	614	485	40	192	457
ENSG00000001629	169	422	1531	1036	576	1152	1538	972	478	730	779	927	1716	2281	1446	682	876	525	919	773	836	849	619	995	1246	665	850	1491
ENSG00000001630	5	2	31	11	2	2	64	32	2	12	3	2	126	49	59	13	14	7	8	11	47	13	0	7	38	1	11	52
ENSG00000002726	44	29	150	4	911	36	1285	8	116	6	57	2	495	7	2483	47	6	960	36	1936	51	346	0	14	528	24	0	377
ENSG00000002745	0	4	36	23	21	18	47	38	4	13	7	14	84	22	7	6	14	1	23	15	10	18	21	9	38	4	10	48
ENSG00000002822	31	30	31	34	23	17	18	34	30	32	14	30	14	46	29	32	39	23	28	61	22	45	42	42	32	24	18	48
ENSG00000004142	1722	1978	2335	2549	2160	1588	2027	2391	2258	1557	2225	1724	2246	2731	3179	2080	2045	3408	2366	2717	3226	3046	3419	2118	2199	1985	1709	2722
ENSG00000004468	224	2890	3045	3811	712	143	3848	106	505	710	1703	1263	3047	1411	8850	337	2904	3660	622	5788	306	3527	4974	1237	3082	100	556	3848
ENSG00000004799	1090	197	1936	10633	1790	541	6293	1406	1047	832	937	799	3241	563	11641	7620	6621	1356	2205	2521	338	18452	1617	1497	27555	1820	3686	20724
ENSG00000004848	24	17	102	45	106	6	22	0	15	17	28	81	28	25	34	15	0	66	12	135	6	81	0	173	12	63	3	26
ENSG00000005421	0	30	19	2	41	4	16	0	12	5	13	10	19	15	55	0	7	4	13	37	0	46	1	4	15	5	6	46
ENSG00000006128	10	9	17	20	10	2	0	0	15	3	29	24	37	28	78	43	4	6	159	0	22	11	8	2	12	6	31	22
ENSG00000006625	257	731	396	886	491	786	522	1357	498	701	788	865	784	1399	915	486	1235	669	1106	601	3040	694	1958	707	489	663	735	993
ENSG00000006788	0	4	0	3	0	4	0	2	0	2	0	7	4	2	0	0	0	0	5	0	0	0	0	0	2	0	4	0
ENSG00000007038	30	11	99	99	57	4	127	10	15	5	36	0	155	8	135	15	62	98	36	126	23	212	0	14	93	5	2	50
ENSG00000007062	50	28	1243	62	166	47	291	17	184	34	218	8	251	37	108	821	113	289	133	102	49	48	16	551	320	37	104	207
ENSG00000007171	2	29	103	15	44	2	30	6	12	4	0	0	16	1	11	64	9	22	2	15	0	15	18	19	19	4	8	20
ENSG00000007306	2	2	3	0	38	0	6	0	2	0	10	0	0	0	0	0	0	3	4	0	16	0	0	0	2	0	0	0
ENSG00000007372	0	6	2	16	6	1	2	0	4	2	0	6	8	5	0	0	8	2	2	0	0	8	0	4	6	6	1	1
ENSG00000008438	0	4	0	2	0	2	0	0	0	8	0	0	5	1	2	0	1	0	6	3	0	0	2	0	3	0	2	2
ENSG00000009724	11	53	102	42	12	31	114	102	36	62	25	41	327	265	54	24	19	11	45	49	27	12	18	50	87	24	79	55
ENSG00000011677	2	27	7	0	6	0	35	0	17	5	3	2	13	0	7	11	0	29	0	14	0	2	0	0	7	0	0	11
ENSG00000012061	1378	1610	1965	1772	1615	1468	1872	2151	1564	1421	1914	1777	2179	1816	2276	2490	2026	2265	1604	1899	1457	2515	2203	1630	1911	1247	1624	2274
ENSG00000012223	5753	61	63964	2668	39054	1333	70790	47	45656	2119	10960	278	7556	1460	4824	85864	4585	3405	7457	1233	205	3751	15	13461	23809	7633	1618	13276
ENSG00000012504	0	10	0	0	0	6	54	22	3	14	4	4	24	2	0	2	0	0	0	11	1	0	0	0	17	0	0	0
ENSG00000013441	892	4516	3822	5093	1835	5761	6812	5297	2598	5255	3430	6317	7940	6411	6827	2248	3745	1321	6836	3593	4133	6099	5208	4889	7962	4422	7964	5324
ENSG00000014257	32426	42173	316411	161589	71103	16521	266831	261291	50396	7835	75156	17733	238135	406545	823480	54472	132640	361762	63743	417729	69221	334279	118787	26818	375344	23447	17359	466285
ENSG00000016602	31	0	56	4	265	97	54	0	37	0	111	7	9	54	51	58	12	38	26	32	0	92	0	10	135	0	9	21
ENSG00000019102	3701	48	1968	101	1772	235	590	114	4374	193	1365	603	980	124	933	2650	316	1068	474	2405	284	2695	1	427	646	77	261	2256
ENSG00000019169	0	1	6	40	2	0	67	3	2	4	13	43	95	0	0	32	15	0	0	0	11	8	0	2	32	0	25	24
ENSG00000019186	4	5	465	4	62	83	315	0	7	0	49	0	146	20	11	233	62	8	46	69	0	38	0	232	172	2	31	146
ENSG00000022355	0	6	3	4	0	0	0	4	0	0	25	2	0	0	38	12	140	2	0	11	2	25	0	0	12	2	0	11
ENSG00000022556	14	58	228	2	507	71	11	0	12	9	659	26	19	6	435	421	77	545	814	141	769	660	1058	560	3	13	30	517
ENSG00000024526	0	39	84	431	159	89	20	50	3	11	22	0	498	1273	137	4	130	50	90	11	180	279	12	31	176	82	14	143
ENSG00000027001	98	1197	2328	2819	317	1666	440	3868	127	266	1013	2626	1975	11529	1489	813	1831	1808	529	1896	10611	2035	1970	3614	542	75	1245	4219
ENSG00000028137	163	296	1109	414	497	374	1634	655	213	186	451	688	799	286	254	652	447	193	294	312	194	142	153	479	577	135	243	484
ENSG00000030066	202	465	1437	707	435	875	1301	786	420	618	630	723	1233	1030	1104	448	563	463	655	712	504	704	417	690	1243	600	683	1141
ENSG00000031003	482	619	1809	1248	747	1030	2708	1527	788	696	885	1008	3332	2273	1688	826	1004	575	959	1097	1135	1069	842	949	1832	567	844	1431
ENSG00000032444	356	581	543	209	235	178	994	538	319	418	208	327	816	471	399	518	231	221	306	878	463	487	439	349	338	107	162	356
ENSG00000035720	10	113	67	96	17	99	48	116	15	11	26	59	60	84	84	30	338	1	18	41	48	191	672	150	88	7	31	51
ENSG00000036530	59	596	73	345	33	233	182	239	72	737	88	238	145	194	46	118	286	70	253	153	238	132	280	605	152	277	171	47
ENSG00000036565	0	4	8	135	23	80	10	0	2	1	2	3	4	9	6	4	4	11	2	7	0	9	0	12	14	79	2	14
ENSG00000037757	145	289	524	433	345	287	754	714	349	445	342	406	970	875	462	373	569	502	502	514	292	495	364	345	669	253	308	694
ENSG00000039139	22	661	547	1334	46	126	199	753	42	1150	260	1180	530	4511	298	126	2260	333	995	448	659	628	570	1975	291	358	657	1647
ENSG00000040531	179	349	622	391	250	188	718	548	267	291	303	294	781	593	723	390	458	460	532	801	466	461	583	516	570	179	316	529
ENSG00000042304	0	6	0	4	0	2	0	0	0	4	1	1	0	0	1	4	5	0	2	0	0	4	0	0	2	2	3	0
ENSG00000042813	0	3	7	0	0	5	0	0	0	2	0	0	0	2	2	0	0	10	0	8	0	2	0	0	1	0	0	9
ENSG00000043355	0	0	2	158	10	339	0	8	2	89	0	77	65	471	2	0	13	0	14	2	13	10	53	0	0	579	187	12
ENSG00000046604	2588	1436	4982	3070	3276	4680	3021	3778	3176	1210	3198	962	4397	4713	5917	3169	2947	3825	3112	4384	3134	4544	3176	2199	4492	2823	1903	6126
ENSG00000046774	0	0	0	77	0	0	0	0	0	0	0	0	0	55	0	0	40	0	0	0	0	0	3	0	0	0	0	2
ENSG00000047457	59	16	3428	171	426	189	2405	32	111	66	198	119	1603	946	96	1014	307	10	199	63	0	95	0	2060	616	121	682	835
ENSG00000048544	805	718	1539	1440	1277	1072	1500	1084	1234	929	1683	1309	1524	1561	2485	1774	1506	1192	1421	1266	1922	1691	1718	1239	1548	962	1231	1835
ENSG00000049249	0	14	72	10	21	60	75	42	6	14	34	48	16	14	3	33	20	0	4	22	0	1	5	38	19	2	40	9
ENSG00000050628	66	20	124	129	56	98	253	153	69	63	106	128	793	126	140	78	99	91	98	70	307	78	26	36	143	30	129	170
ENSG00000052850	0	0	9	8	20	176	2	9	6	0	11	8	4	45	0	9	0	0	0	10	3	0	8	10	0	0	2	4
ENSG00000054277	0	5	73	27	20	22	48	25	1	12	14	18	30	41	31	25	45	12	31	49	3	0	2	19	37	13	26	78
ENSG00000055118	248	332	443	208	302	136	1014	371	506	479	502	343	751	144	312	602	210	284	199	462	170	359	64	395	395	54	178	290
ENSG00000057149	18	5	81	0	160	23	118	0	4	0	89	0	15	6	8	102	19	0	2	0	0	0	4	8	55	3	10	19
ENSG00000057468	0	3	0	0	0	50	7	1	0	9	1	14	6	4	0	0	0	0	2	0	12	0	0	14	10	1	7	0
ENSG00000057657	179	254	717	994	592	814	1615	582	279	304	378	396	570	416	341	939	705	254	392	319	154	527	251	592	1215	275	376	851
ENSG00000059377	83	134	460	576	167	175	1214	522	110	249	76	295	445	494	860	254	284	659	221	687	321	613	117	159	899	185	162	402
ENSG00000060237	1228	2482	8146	3949	2104	3029	8130	4250	2021	2241	2573	3182	8063	9598	4738	2245	3104	2561	3515	4255	3922	3043	2837	3071	4932	2981	3104	5412
ENSG00000060718	27	18	0	51	0	22	82	6	0	21	11	22	68	141	10	4	0	0	0	3	38	0	0	11	4	17	8	4
ENSG00000061492	0	0	2	0	0	0	2	0	0	0	0	0	0	0	0	0	0	0	0	0	0	0	0	0	1	0	0	0
ENSG00000061938	477	1550	757	565	493	740	1115	934	664	1244	319	671	1304	1366	504	410	485	487	1269	1144	528	699	1270	1202	602	403	461	577
ENSG00000063854	626	477	593	835	669	728	835	828	654	495	696	603	720	637	981	1007	453	980	776	1114	927	721	895	589	704	360	475	602
ENSG00000064195	22	7	18	12	34	2	13	3	37	19	23	6	65	21	22	41	8	43	25	93	0	0	0	10	10	6	17	24
ENSG00000064489	0	4	1	4	2	1	3	0	2	2	1	1	5	0	0	0	2	0	2	3	0	4	0	2	0	1	0	1
ENSG00000064835	0	4	4	0	2	1	4	0	4	0	0	4	0	0	2	0	0	0	0	7	6	2	0	2	4	0	0	0
ENSG00000064886	65	25	562	65	238	22	419	250	48	86	139	63	188	38	227	1043	210	22	44	7	8	17	8	62	210	185	40	353
ENSG00000065371	0	6	6	5	0	0	0	8	2	0	6	5	7	0	0	0	0	0	2	0	0	0	0	4	0	0	0	0
ENSG00000065609	8	106	87	72	29	378	250	127	50	135	80	64	178	17	776	18	18	60	101	277	155	135	0	295	176	247	139	114
ENSG00000065618	1251	150	2354	217	954	175	2092	4	1021	162	1203	137	1207	57	670	1203	254	448	331	1762	228	527	0	306	2150	51	238	1057
ENSG00000065989	192	185	842	191	473	177	657	262	306	169	450	308	342	122	457	520	159	494	188	566	87	399	121	405	462	93	156	407
ENSG00000066279	3	58	23	36	17	91	83	36	11	13	18	11	42	248	50	12	112	11	115	5	128	0	26	21	44	89	32	40
ENSG00000066651	47	182	266	294	105	412	564	382	162	467	226	328	357	405	518	333	310	88	311	277	229	265	260	268	517	216	395	434
ENSG00000066813	1	11	0	6	6	0	0	9	2	9	0	1	0	0	0	7	11	0	7	0	239	0	6	2	1	0	2	0
ENSG00000067369	124	656	1990	674	309	702	1426	745	278	444	478	600	1795	1460	1010	475	684	480	591	886	453	686	539	854	1411	324	648	1163
ENSG00000068308	871	1268	2216	1272	1037	1023	2600	1831	1027	1362	1133	1510	2312	1869	2226	1685	1224	1542	1428	2601	1517	2087	1377	1610	1915	666	1007	2023
ENSG00000069206	0	1465	2	46	0	84	0	0	0	39	0	86	38	631	6	2	6	8	2	8	4	7	3	0	0	1	765	19
ENSG00000070214	622	595	2805	1315	1587	2114	2636	1387	1064	965	1843	1753	2925	2057	2280	1395	1378	1023	1644	1737	1263	1336	757	1186	2118	1336	1373	2639
ENSG00000070729	0	0	3	5	2	0	0	0	0	0	3	0	0	0	0	14	3	0	4	10	0	1	0	0	0	0	0	8
ENSG00000070731	4	3	169	12	33	9	83	8	18	2	42	13	73	12	62	15	5	27	18	66	0	15	10	31	92	5	5	54
ENSG00000070985	1	1	0	0	1	3	2	8	2	0	5	0	4	0	0	4	2	0	1	0	0	0	1	4	2	0	0	0
ENSG00000071203	0	0	0	0	0	1	0	0	0	0	0	0	0	0	2	0	2	0	0	0	0	0	22	4	0	1	4	0
ENSG00000072840	95	158	1075	192	114	149	1242	558	148	158	114	204	1024	739	362	246	237	214	115	514	112	242	112	273	467	79	101	646
ENSG00000073050	483	447	508	346	461	393	759	415	538	462	364	334	546	328	482	552	249	439	408	548	286	520	452	278	431	191	295	353
ENSG00000073282	225	44	2585	139	993	187	1508	0	396	58	795	158	1159	144	1267	645	146	773	630	1239	82	587	37	212	1853	66	220	1214
ENSG00000074803	0	8	19	0	2	30	20	0	20	0	4	9	19	10	22	9	5	0	5	11	17	19	0	9	0	0	31	87
ENSG00000075043	7	89	2	7	0	2	100	27	29	15	2	6	4	19	0	1	19	0	20	7	30	1	16	0	16	1	7	2
ENSG00000075413	795	2384	2067	2430	1152	2694	2627	2339	1265	2663	1623	2559	2447	2267	1898	1925	2243	1262	2546	2192	1309	2238	2161	3052	2609	1837	2512	1844
ENSG00000075461	308	277	1093	1067	143	18	1482	439	211	94	93	11	1521	939	1864	271	294	2431	358	3428	300	2528	506	183	895	43	30	1589
ENSG00000075673	15	17	6	7	37	3	0	0	10	2	46	0	10	6	9	14	1	12	4	2	155	0	0	8	11	7	8	20
ENSG00000075886	134	71	28	78	5	2	513	77	61	67	3	20	78	63	1463	84	118	75	32	226	31	1095	41	10	1464	59	67	509
ENSG00000075914	620	547	627	633	635	502	787	652	707	436	821	598	820	802	958	643	570	692	569	1090	901	969	535	489	745	309	390	719
ENSG00000076662	0	9	56	3	11	6	45	49	4	0	4	6	54	21	12	5	8	0	0	4	4	14	0	8	33	3	2	15
ENSG00000076706	1385	1613	1835	1977	1982	804	4522	1376	2294	1441	2681	2137	3871	938	1207	1269	970	1786	1295	2002	1308	2476	581	1365	2006	506	701	1396
ENSG00000076944	340	679	156	332	211	220	408	809	329	659	169	228	512	396	382	283	282	211	484	597	1018	1154	1321	313	370	286	221	312
ENSG00000077327	18	205	194	235	51	259	28	28	32	7	103	50	24	25	303	90	72	198	58	166	30	338	169	34	89	2	11	433
ENSG00000077463	221	375	193	283	302	203	309	278	389	254	280	292	203	184	368	351	231	294	325	405	216	389	323	282	304	220	193	249
ENSG00000077522	1	191	19	413	0	17	130	31	24	15	357	7	41	10	28	49	114	0	2	17	92	24	87	112	247	9	70	15
ENSG00000077782	1673	2358	3329	2190	1961	1482	6476	2171	2224	2244	3058	2553	4619	1365	1803	3436	1792	1661	1459	2000	897	1705	831	2194	3591	1082	1277	1732
ENSG00000078098	18	57	49	62	9	158	189	134	31	20	21	137	394	493	15	8	53	14	143	0	85	20	133	42	45	27	79	55
ENSG00000078898	506	18	230	94	851	8	45	39	449	123	373	111	93	7	93	339	20	199	93	106	62	241	0	125	50	458	52	249
ENSG00000078900	21	39	179	35	130	31	86	18	43	11	97	31	177	37	39	105	7	59	71	241	14	34	57	43	68	5	30	36
ENSG00000079112	0	19	174	13	31	7	50	7	25	23	18	4	47	9	41	19	10	30	18	15	16	0	5	39	72	45	2	49
ENSG00000079215	84	118	237	708	239	179	1147	1132	183	328	254	502	414	457	484	184	685	42	106	277	171	251	265	91	915	291	586	457
ENSG00000079689	51	102	155	968	129	99	70	241	82	15	881	248	39	26	198	190	337	59	18	325	425	81	0	19	135	526	56	459
ENSG00000080371	809	882	2468	2016	1605	2123	2674	1641	1415	1124	2243	1790	2793	3054	3146	1925	1643	1699	1828	1915	2333	3222	2049	2078	2627	1421	1767	2605
ENSG00000081041	7	17	768	172	1126	70	539	23	47	18	159	67	237	36	67	1004	157	12	110	119	29	88	17	439	435	85	119	423
ENSG00000081138	35	25	59	13	128	224	64	4	76	194	47	143	220	43	44	68	25	23	123	22	9	24	7	73	68	39	165	23
ENSG00000081479	46	45	85	6	34	12	0	0	27	0	15	14	55	25	24	27	6	2	4	47	0	3	0	40	0	0	8	51
ENSG00000081800	0	8	0	0	0	0	1	0	0	0	0	0	0	0	2	0	0	0	0	0	0	0	0	1	0	0	0	0
ENSG00000082196	36	1485	103	214	111	768	118	1283	84	206	52	222	410	531	86	89	274	38	277	108	9846	271	15075	461	144	228	314	144
ENSG00000082293	0	35	0	91	0	2	23	0	7	6	11	0	87	10	4	6	6	0	5	6	3	0	10	0	20	0	4	6
ENSG00000084628	99	136	53	28	148	374	44	115	88	107	15	58	107	68	90	19	21	149	195	117	0	214	88	12	39	272	76	215
ENSG00000084710	24	34	58	51	24	49	125	42	14	30	39	32	61	59	12	45	15	38	43	7	11	16	15	38	21	25	20	10
ENSG00000085982	578	1352	1349	928	576	1121	1512	1407	840	1241	631	1103	1463	1766	1107	878	1055	736	983	1357	1017	805	1150	1171	1051	688	1099	1329
ENSG00000086288	0	67	7	14	6	57	16	15	0	54	5	41	35	51	6	0	21	6	38	6	6	0	0	35	25	16	15	1
ENSG00000086548	13	0	302	23	460	63	158	6	36	6	180	2	73	15	51	194	83	31	31	88	75	12	0	115	336	14	52	79
ENSG00000086967	15	0	5	62	7	4	16	15	3	0	45	5	16	6	5	19	7	0	0	0	14	0	0	2	2	0	0	9
ENSG00000086991	0	27	23	93	8	64	120	58	7	93	13	177	65	328	19	34	52	35	233	26	125	9	23	46	64	88	99	34
ENSG00000087128	11	31	35	304	143	74	13	61	42	3	75	8	58	430	37	34	15	74	18	58	119	105	181	4	159	2	25	98
ENSG00000087191	1431	1797	2597	2353	2205	1568	3284	2613	2230	2003	2478	2533	2962	2261	3885	3555	2044	2794	2610	3920	2885	3157	3013	2402	2872	1147	1673	2711
ENSG00000088038	433	770	934	573	540	594	1611	1157	687	625	464	634	1356	996	1067	758	546	766	694	1338	739	1084	1016	820	1100	404	535	796
ENSG00000088298	365	355	623	589	501	392	893	848	499	365	422	436	718	907	893	555	579	880	728	914	720	657	608	520	675	400	494	843
ENSG00000088726	102	6	21	8	440	50	46	5	103	13	221	21	38	13	45	145	38	64	30	125	21	100	3	9	182	16	7	67
ENSG00000088782	0	0	0	0	0	0	0	0	0	0	0	0	0	0	0	0	0	0	0	0	0	0	0	0	0	0	0	0
ENSG00000088827	0	98	146	106	46	117	484	266	13	55	34	296	328	110	52	89	76	18	55	80	65	25	40	302	65	49	127	100
ENSG00000089199	169	111	67	657	20	20	210	29	76	252	36	6	90	29	171	39	74	49	19	44	0	40	1	39	73	233	57	49
ENSG00000089250	106	75	499	20	354	84	439	0	108	23	205	42	190	14	156	301	25	139	67	260	6	166	6	92	409	41	84	158
ENSG00000089280	1953	3489	4729	4396	3791	6240	6495	4962	2732	4897	3234	4786	7206	6457	3687	4188	3418	2288	4593	4793	3045	3632	3787	5532	4384	2237	3830	4893
ENSG00000089472	381	528	953	768	515	390	2242	735	731	666	1042	954	1432	481	645	1101	646	570	583	591	645	577	227	480	947	199	473	676
ENSG00000090061	0	25	560	163	94	69	409	246	92	35	95	90	557	534	434	134	141	195	84	265	100	76	88	142	322	32	111	494
ENSG00000090104	266	548	936	3985	994	4641	8234	3314	462	1409	1093	2748	2057	1367	1557	1465	3659	350	1667	631	486	1460	1903	1941	7168	771	2470	2835
ENSG00000090402	3	12	55	164	26	236	60	214	30	2	34	13	76	370	141	4	54	31	17	105	68	66	0	90	240	114	81	51
ENSG00000090889	0	43	29	46	20	47	33	77	10	1	8	4	34	156	25	23	84	48	103	19	269	0	13	18	22	69	11	23
ENSG00000090932	0	11	4	3	1	6	11	1	0	9	7	17	0	5	8	0	0	7	13	2	38	0	6	35	2	14	0	0
ENSG00000091129	6	110	172	285	25	353	229	276	35	169	26	304	132	476	195	6	175	54	105	27	2	53	144	37	79	224	72	418
ENSG00000091138	2	9	1	82	0	1	95	44	22	11	0	1	110	300	68	12	7	31	21	135	84	111	206	0	62	6	0	28
ENSG00000091482	19	2	4	143	2	0	15	0	1	0	78	2	8	19	2	30	3	0	9	0	24	2	16	0	2	4	6	2
ENSG00000092009	0	1	67	37	24	10	6	0	2	0	10	36	142	7	78	34	21	1	4	46	30	8	15	12	33	9	4	37
ENSG00000092054	0	8	2	830	0	0	12	86	5	0	631	1	3	0	1	1	3	0	0	0	280	21	77	1	4	0	0	0
ENSG00000092200	0	81	26	58	0	45	38	51	12	28	5	41	35	149	10	3	90	11	35	35	31	18	58	28	14	26	11	27
ENSG00000092295	47	32	66	13	61	13	165	5	89	30	18	5	97	16	78	150	12	28	37	65	0	86	3	40	53	15	14	36
ENSG00000092607	0	21	0	23	9	19	9	2	5	17	14	15	6	69	2	0	4	0	4	6	38	0	0	4	6	2	22	12
ENSG00000093134	0	8	47	42	32	9	68	18	8	7	4	29	25	17	5	29	35	4	0	0	0	0	1	32	50	7	38	11
ENSG00000094755	126	38	1669	204	2290	895	2360	18	519	100	1563	144	967	363	384	1290	257	125	167	414	49	381	22	732	590	171	651	689
ENSG00000095110	66	2	10	7	98	198	7	0	251	13	1	17	33	5	2	10	5	0	10	0	0	0	13	6	10	26	15	2
ENSG00000095627	27	33	38	43	24	655	4	31	14	1170	17	488	56	279	19	46	43	135	712	41	61	76	51	25	37	1278	1172	76
ENSG00000095777	6	26	12	0	4	0	13	0	12	0	4	0	8	0	9	2	7	0	0	0	0	0	0	12	5	0	1	24
ENSG00000095917	17	49	6	55	19	20	220	119	5	31	1	16	282	33	34	11	28	1	15	50	26	19	62	4	137	2	5	42
ENSG00000096006	108	19	14	573	884	20418	13	66	65	1205	7	1873	112	572	37	37	164	4	9	6	0	52	4723	103	46	11	4604	181
ENSG00000096088	2003	165	250	144	656	31	265	199	1760	104	26	33	693	626	62	346	84	633	6605	70	2537	2392	274	90	267	26	323	123
ENSG00000096264	0	0	0	0	0	0	0	0	0	0	0	0	0	0	0	0	0	0	0	0	0	0	0	0	0	0	0	0
ENSG00000096433	70	202	1605	260	207	280	1046	492	124	265	167	288	1191	760	565	318	122	393	361	927	260	304	115	291	768	83	344	665
ENSG00000099250	598	760	2715	2120	1144	6455	2899	1703	880	1023	1575	1986	3055	1849	1178	1162	974	1226	1451	1141	1282	925	743	2249	2332	458	1125	1317
ENSG00000099721	0	8	9	0	0	8	2	0	0	0	0	0	0	0	5	0	2	2	2	1	0	0	1	3	0	0	0	3
ENSG00000099783	1278	1371	4292	2817	2770	2163	4938	3149	2172	1827	2919	2647	3982	3447	4074	3697	2318	2313	2572	4266	2886	4177	3105	2950	3993	1640	1845	3975
ENSG00000099812	163	150	646	540	698	106	354	47	236	22	745	274	486	23	418	1081	165	829	369	1443	1185	1429	133	330	324	36	97	511
ENSG00000099834	0	17	1	3	0	2	21	0	0	2	0	0	9	2	0	0	1	0	0	0	0	0	2	4	9	0	2	0
ENSG00000099869	0	0	0	0	0	0	3	0	8	1	0	0	0	0	0	0	2	0	0	0	0	0	24	0	3	0	3	2
ENSG00000099954	0	187	286	234	29	132	133	316	22	140	52	148	295	700	85	31	201	94	169	239	186	141	270	207	67	108	141	210
ENSG00000099958	11	0	37	5	5	3	32	0	8	0	11	19	15	27	2	0	3	4	1	21	2	13	17	9	16	0	7	35
ENSG00000099960	38	32	161	26	56	0	159	96	55	37	95	17	102	1	153	42	24	277	38	339	54	175	144	6	141	2	2	189
ENSG00000099984	0	10	3	0	2	0	21	11	5	0	0	0	34	34	9	9	0	4	9	15	7	19	0	2	0	1	10	1
ENSG00000099985	0	9	60	34	40	39	48	22	2	2	13	33	100	35	3	41	19	0	32	20	0	2	9	48	21	0	9	29
ENSG00000100095	16	19	333	42	47	2	59	24	13	36	21	4	17	4	20	166	12	6	5	24	2	14	14	125	29	2	36	52
ENSG00000100191	111	181	35	76	4	20	88	360	70	402	30	239	218	90	55	21	17	36	507	202	21	64	116	195	97	211	5	17
ENSG00000100216	684	610	1165	1291	1560	1055	1029	1199	1279	497	1492	1108	1180	1269	2070	1537	1320	1846	1466	1439	1845	2167	1735	799	1347	1055	1213	1650
ENSG00000100281	1006	1761	1492	1952	1375	2073	1483	2263	1175	1728	1623	1453	1219	1282	1576	2200	1494	1992	2073	2155	2234	2296	2794	1568	1523	1731	1757	1752
ENSG00000100285	7772	3440	16535	3316	13517	350	43864	1329	10522	1727	7690	2498	35413	826	77132	5200	3375	41943	9998	37253	1970	19864	824	5141	39312	1759	1730	16705
ENSG00000100346	0	0	11	10	0	7	42	29	8	4	0	2	25	4	2	10	10	0	4	14	0	0	11	9	16	0	6	27
ENSG00000100425	557	539	1424	680	902	672	1579	932	675	959	876	924	1131	1032	854	1046	615	814	1087	1364	826	1087	684	803	974	732	757	989
ENSG00000100427	28	138	19	10	2	6	95	34	44	97	3	8	75	23	10	21	33	11	14	24	0	4	18	28	54	0	5	8
ENSG00000100448	0	10	282	209	167	49	166	49	13	2	54	55	267	18	394	129	54	6	18	77	34	59	92	84	242	19	21	96
ENSG00000100596	678	532	2419	1272	1113	870	2074	1546	693	685	986	1003	1613	2041	1432	913	1022	1160	1384	1893	1543	1187	1320	820	1239	952	624	1807
ENSG00000100604	63	14	305	1591	560	161	155	4	144	5	105	13	148	31	386	464	28	246	157	193	24	296	8	127	210	10128	72	129
ENSG00000100626	179	228	402	214	248	313	610	155	184	275	160	377	512	237	245	264	128	351	259	375	127	393	245	320	329	149	120	194
ENSG00000100650	2174	5048	6330	8550	5987	10166	11588	9649	5131	8382	6664	9773	15123	15679	12038	6110	8625	7674	10552	8728	7435	9656	9175	10465	12273	4807	9693	12140
ENSG00000100678	0	48	48	34	7	8	93	53	6	14	19	8	58	10	16	10	9	4	7	28	13	42	0	15	38	0	3	38
ENSG00000100764	350	473	693	584	471	501	851	720	443	552	555	579	1060	761	1102	536	630	427	631	623	906	1051	880	546	672	483	336	729
ENSG00000100842	435	480	1199	261	728	222	1941	326	785	443	825	428	1309	137	1670	754	400	1079	306	1450	248	892	80	545	1221	80	226	987
ENSG00000100867	86	24	87	53	28	35	84	12	92	45	28	46	7	56	23	20	26	0	11	57	681	18	10	56	27	0	14	14
ENSG00000100982	489	451	1006	544	624	427	1377	619	634	425	730	554	1065	500	984	877	410	685	514	977	463	661	458	563	867	246	456	845
ENSG00000100985	13	19	100	127	65	66	360	143	41	22	297	64	687	55	2	209	101	2	0	1	70	16	70	20	80	26	1139	136
ENSG00000101098	6	24	156	43	20	13	135	39	65	22	31	63	249	16	49	34	19	36	12	81	2	0	5	46	67	4	37	98
ENSG00000101216	232	369	603	290	238	273	457	312	287	296	303	385	551	424	440	431	304	455	342	608	305	505	404	377	338	182	267	511
ENSG00000101292	0	0	1	6	2	0	9	0	0	0	0	3	2	4	0	0	3	0	0	0	0	0	0	0	0	0	2	8
ENSG00000101323	0	8	4	53	0	0	0	37	0	0	0	0	0	2	0	0	3	0	2	5	11	6	15	0	0	15	0	3
ENSG00000101350	1233	1691	3383	3038	1991	3074	2695	3420	1942	1134	2279	1926	2333	3129	2866	2919	2503	3316	2523	3742	2692	2907	2798	3103	2435	1474	1754	3396
ENSG00000101400	462	690	517	547	557	402	750	496	816	432	578	507	420	554	831	699	399	775	397	946	940	863	551	544	467	346	329	586
ENSG00000101435	0	0	0	0	0	0	0	0	0	0	0	0	0	0	0	0	0	0	0	0	0	0	0	0	0	0	0	0
ENSG00000101441	22	7	0	6	4	0	19	19	5	2	4	2	123	0	12	1	1	2	3	16	1	51	0	0	8	8	1	2
ENSG00000101447	27	59	117	222	143	190	1509	177	72	467	540	182	272	243	116	289	276	26	40	164	252	13	0	59	405	23	147	93
ENSG00000101746	0	15	46	94	21	358	4	0	18	56	49	179	37	195	27	39	15	18	26	11	2	23	19	441	25	317	133	74
ENSG00000101773	197	167	420	475	631	523	648	373	341	227	497	278	565	555	695	560	536	293	549	545	373	248	240	319	830	509	399	377
ENSG00000101916	0	0	75	20	6	14	98	77	3	2	9	52	133	51	14	12	26	0	5	0	27	2	0	6	69	0	15	27
ENSG00000101958	0	2	0	0	4	0	0	0	1	0	0	1	0	0	0	0	0	0	0	0	0	0	0	4	0	1	0	0
ENSG00000102055	0	0	0	0	0	0	0	0	0	0	0	0	0	0	0	0	0	0	0	0	0	0	0	0	0	0	0	0
ENSG00000102243	65	2	63	20	166	22	129	0	25	19	31	8	71	18	17	155	17	15	4	56	2	0	0	80	35	3	24	25
ENSG00000102271	0	4	14	6	11	6	32	9	5	6	5	11	82	7	28	0	6	0	5	37	10	20	0	0	29	3	4	4
ENSG00000102387	0	29	0	18	2	9	44	36	27	26	4	16	32	11	2	3	10	0	9	0	0	0	14	24	17	2	2	14
ENSG00000102452	26	42	70	23	16	21	79	14	17	19	29	94	74	120	24	19	23	11	24	31	46	19	11	38	31	31	71	16
ENSG00000102837	1470	21	14991	113	29668	1457	8218	20	1600	87	9586	179	769	166	527	9444	612	2100	281	3869	14	1595	20	1771	7321	426	861	2266
ENSG00000102854	225	25	90	3	1013	50	71	2	238	0	139	2	23	6	34	305	31	33	5	100	0	40	19	81	177	2	6	47
ENSG00000102924	24	2	27	77	17	10	30	17	12	0	4	8	19	19	15	0	8	108	86	8	4	79	4	24	0	19	6	10
ENSG00000103044	0	56	783	44	368	60	185	70	8	59	175	74	143	51	62	188	126	154	160	181	44	50	31	128	200	35	72	165
ENSG00000103197	853	1754	1906	1101	764	1804	2696	1568	1117	2289	837	1240	2471	1428	1346	1473	1071	900	1456	1804	1118	1279	984	1836	1561	943	1006	1520
ENSG00000103310	0	13	0	0	0	2	0	0	0	7	0	0	0	2	0	8	2	6	0	5	0	1	0	0	2	0	0	0
ENSG00000103375	144	5	0	2	1	0	4	0	87	2	4	0	0	0	0	0	6	2	3	11	0	0	0	6	0	4	3	0
ENSG00000104055	10	7	8	9	16	4	17	2	21	6	6	2	16	9	7	12	15	18	2	18	0	26	0	4	20	2	6	12
ENSG00000104267	0	10	44	375	23	129	47	45	14	3	26	32	46	66	87	37	37	22	32	20	28	2	0	15	128	10	63	34
ENSG00000104412	467	553	621	1026	721	1259	1429	1214	490	829	897	960	1737	1953	1577	570	1080	599	1001	949	1437	1267	1361	738	1119	602	843	991
ENSG00000104413	588	775	2937	2121	1322	3245	1569	2589	1170	1025	1514	1157	2664	6167	2345	1067	1619	1543	1893	2317	4180	2009	2379	1557	1672	1039	1241	3120
ENSG00000104722	272	6	30	2	20	4	5	0	127	2	16	71	68	14	10	24	15	19	20	10	2	106	8	30	6	33	50	39
ENSG00000104755	0	3	1	2	5	27	0	0	0	169	1	44	8	93	4	0	0	22	151	0	30	29	36	15	0	6	65	7
ENSG00000104760	0	0	14	3	0	0	4	9	0	6	0	10	6	56	6	0	36	0	124	0	4	8	0	11	14	24	6	3
ENSG00000104826	4	6	0	0	10	2	2	0	1	2	1	0	4	1	0	1	0	0	0	6	0	0	3	0	1	2	0	0
ENSG00000104888	15	8	11	11	6	15	9	9	19	0	4	15	19	10	4	6	4	7	6	4	0	0	8	8	4	0	4	8
ENSG00000104899	3	28	0	2	11	64	3	6	4	65	0	1	8	46	2	11	5	1	9	0	23	0	6	4	18	27	3	4
ENSG00000104918	0	0	0	0	20	2	8	0	0	0	2	0	6	0	0	0	0	0	0	0	0	0	0	2	2	0	0	1
ENSG00000105048	0	4	0	540	0	5	0	102	0	0	368	4	6	3	37	0	3	0	0	0	141	0	99	2	10	2	0	10
ENSG00000105131	23	12	88	13	105	40	74	25	44	9	94	21	41	14	5	139	14	17	32	34	0	24	0	48	42	3	10	24
ENSG00000105143	0	5	0	1	4	0	4	0	9	0	0	0	0	0	33	7	0	14	6	18	20	6	0	0	7	0	0	2
ENSG00000105229	295	479	603	456	511	321	853	706	488	363	497	495	728	550	703	623	395	656	563	856	334	514	484	493	592	340	347	641
ENSG00000105251	0	4	9	0	0	4	11	0	0	0	2	0	2	0	6	0	3	0	0	0	0	0	2	5	0	0	0	0
ENSG00000105258	1264	1184	508	764	915	575	759	718	807	944	778	548	902	792	1474	954	737	705	1037	1319	1734	1749	1390	554	896	772	383	711
ENSG00000105278	30	10	11	2	12	1	14	0	13	2	9	1	13	2	24	6	4	17	3	27	0	37	0	1	11	0	0	16
ENSG00000105341	604	634	775	442	655	363	787	549	685	468	573	544	845	676	1003	814	438	756	562	966	910	1164	810	444	713	404	348	741
ENSG00000105352	2	2	14	32	3	9	180	80	11	16	4	0	43	12	22	49	12	1	9	11	0	0	7	6	68	10	8	46
ENSG00000105371	0	0	0	0	0	0	0	0	0	0	0	0	0	0	0	0	0	0	0	0	0	0	0	0	0	0	0	0
ENSG00000105398	0	11	1	1	0	3	1	0	3	1	1	3	0	0	0	0	0	0	0	0	12	0	0	1	0	1	0	1
ENSG00000105428	0	0	0	0	0	0	0	0	0	0	0	0	0	0	0	0	0	0	0	0	0	0	0	0	0	0	0	0
ENSG00000105501	0	0	0	0	0	0	0	0	0	0	0	0	0	0	0	0	0	0	0	0	0	0	0	0	0	0	0	0
ENSG00000105550	0	0	0	0	0	0	0	0	0	0	0	0	0	0	0	0	0	0	0	0	0	0	0	0	0	0	0	0
ENSG00000105668	282	9	94	7	377	36	68	0	191	24	111	11	88	21	198	274	14	77	14	369	61	226	0	26	58	6	14	121
ENSG00000105784	180	48	98	229	277	206	158	286	149	65	262	165	184	85	117	156	87	65	100	115	125	102	100	90	127	74	79	84
ENSG00000105929	56	13	29	0	32	4	2	2	122	12	28	3	17	0	30	19	6	31	19	47	27	14	0	9	40	5	3	17
ENSG00000105988	4	22	0	7	1	10	19	32	0	8	0	9	2	3	0	0	10	2	28	18	0	13	24	15	3	2	4	8
ENSG00000105989	4	183	179	133	76	749	924	500	84	139	128	104	104	70	73	238	258	35	52	82	146	97	82	42	405	4	62	67
ENSG00000105996	31	70	38	8	29	87	39	12	45	69	39	58	108	31	10	41	10	44	64	53	21	0	53	61	40	73	87	21
ENSG00000106128	3	24	3	60	0	5	6	35	0	0	0	0	5	53	22	3	38	17	2	13	12	23	42	0	10	4	15	27
ENSG00000106178	0	3	43	7	31	17	15	1	2	15	10	14	8	6	13	19	4	7	8	2	21	2	18	26	5	2	8	21
ENSG00000106278	66	11	119	12	82	35	91	0	46	12	34	90	122	175	62	13	9	71	42	34	15	48	2	30	138	8	30	78
ENSG00000106328	0	3	4	0	2	0	0	0	0	4	4	3	10	0	4	8	4	0	8	0	0	0	0	4	10	4	7	2
ENSG00000106351	264	434	832	740	521	231	818	1150	572	357	394	407	910	1116	634	716	436	703	516	905	821	698	945	376	613	198	322	835
ENSG00000106540	0	0	0	0	0	0	0	0	0	0	0	0	0	0	0	0	0	0	0	0	0	0	0	0	0	0	0	0
ENSG00000106631	0	0	0	0	0	0	0	6	4	14	2	0	0	0	2	2	2	0	0	1	0	0	0	5	6	2	2	0
ENSG00000106927	0	7	13	2	0	6	0	0	1	0	14	7	1	24	1	7	4	0	4	1	3	36	13	9	3	2	0	6
ENSG00000106976	157	295	240	94	116	234	628	390	173	466	117	275	470	183	72	145	170	88	143	210	55	80	78	216	214	85	152	92
ENSG00000107014	34	1074	104	356	47	75	252	197	27	31	1087	46	175	1473	566	70	847	160	63	430	85	119	610	693	87	17	10	908
ENSG00000107018	6	1303	927	2769	520	28	697	374	61	32	220	15	676	7420	7613	111	9908	3748	482	3624	119	1233	2093	2418	894	16	10	10327
ENSG00000107105	11	95	11	181	17	673	6	105	5	38	12	47	28	63	34	12	43	10	30	22	0	16	164	10	111	151	131	54
ENSG00000107262	1226	580	3065	2003	3751	1179	1773	1390	1684	590	2591	1602	1733	1307	2575	3747	2045	2531	2151	2379	1339	2222	1527	2136	2233	894	1469	2887
ENSG00000107669	205	416	1531	1213	524	781	1447	1158	609	719	850	795	1512	1303	2021	684	921	680	1060	1083	1006	1031	887	879	1666	961	854	1506
ENSG00000107796	24809	31699	34720	23402	26522	15368	86591	23276	39932	25267	51968	31255	78667	15941	33727	48493	19374	35035	20767	35719	18848	31605	8718	16450	36976	7150	20628	23198
ENSG00000107984	42	28	149	39	325	197	373	58	117	67	348	8	97	17	95	158	252	36	66	55	0	266	0	141	145	8	117	85
ENSG00000108244	207	83	1598	132	2313	349	1593	1	320	143	1288	133	378	64	227	564	506	194	174	994	86	778	0	707	1589	30	164	531
ENSG00000108342	6	32	128	339	392	81	549	36	5	15	126	56	133	10	29	299	340	26	30	38	4	353	61	93	359	19	35	339
ENSG00000108417	0	0	0	0	0	0	0	0	0	0	0	0	0	0	0	0	0	0	0	0	0	0	0	0	0	0	0	0
ENSG00000108439	357	407	904	508	485	488	696	838	523	477	401	474	841	1088	844	696	647	859	573	802	1456	945	628	449	542	325	538	950
ENSG00000108442	0	0	0	0	0	0	0	0	0	0	0	0	0	0	0	0	0	0	0	0	0	0	0	0	0	0	0	0
ENSG00000108516	0	0	0	0	0	0	0	0	0	0	0	0	0	0	0	0	0	0	0	0	0	0	0	0	0	0	0	0
ENSG00000108602	20	11	72	3	166	10	20	0	42	7	107	17	20	2	41	125	2	45	21	74	12	46	4	32	27	2	11	38
ENSG00000108684	51	2	30	12	15	93	10	0	58	12	77	24	13	1	4	18	2	4	0	6	5	0	0	11	5	5	19	7
ENSG00000108700	0	1	54	23	50	34	16	2	4	0	33	47	189	238	6	5	4	13	20	9	29	35	16	53	26	12	10	11
ENSG00000108759	6	7	0	0	3	0	0	0	7	0	0	0	1	0	4	0	0	4	4	0	6	0	0	3	0	0	0	2
ENSG00000108788	486	562	1632	1136	854	893	1544	1511	837	514	922	735	1400	1732	1846	1057	817	1276	1075	1546	1759	1161	956	804	1275	506	614	1519
ENSG00000108825	1	0	0	2	0	0	1	0	0	0	0	0	0	3	0	0	0	2	2	4	12	0	0	0	0	0	1	5
ENSG00000108849	0	0	0	4	0	0	0	0	0	0	0	0	0	0	0	0	0	0	0	0	0	0	0	0	2	0	0	0
ENSG00000109061	0	24	0	3	0	4	2	0	0	0	3	0	1	2	0	0	0	0	1	0	1	0	0	6	2	0	0	0
ENSG00000109066	64	117	482	173	134	95	347	248	148	120	101	146	431	483	318	158	189	259	186	409	266	188	236	271	237	63	120	282
ENSG00000109118	945	2748	4163	2354	1666	2973	3314	3528	1317	2511	1872	2301	3627	2913	1752	1935	1789	2271	2688	2842	3339	2322	3093	2731	1984	2278	3238	2671
ENSG00000109193	0	24	0	0	0	2	62	0	7	16	0	0	16	0	10	13	2	0	5	0	0	0	0	4	10	4	3	4
ENSG00000109205	50	14	61	14	19	35	5	0	47	8	13	33	116	37	33	13	18	0	0	13	0	27	0	6	37	2	8	28
ENSG00000109321	54	13	210	1288	2072	313	935	181	61	33	328	71	192	35	141	1364	1006	134	138	127	14	804	241	288	751	76	202	1277
ENSG00000109424	0	5	0	0	0	0	0	0	0	2	0	11	0	0	4	0	4	0	0	0	0	0	0	5	0	1	2	4
ENSG00000109501	631	939	1873	1139	871	716	2228	1087	1376	472	1528	880	2602	1391	1204	1545	840	1392	753	1861	921	1056	940	986	1391	308	708	1353
ENSG00000109705	7	0	35	2	10	30	0	23	49	0	19	13	287	75	9	10	2	10	11	3	0	0	51	57	1	4	11	8
ENSG00000109851	0	0	0	0	0	0	0	0	0	0	0	0	0	0	0	0	0	0	0	0	0	0	0	0	0	0	0	0
ENSG00000110025	4	19	23	17	3	26	18	29	15	15	16	14	48	45	15	16	4	9	28	14	13	24	48	14	19	10	30	18
ENSG00000110107	1778	1350	3469	2650	1834	746	3211	3437	2183	1151	2050	1881	3116	2343	4851	2647	2318	3276	2125	4552	2987	3211	3521	1604	2786	1227	1617	4297
ENSG00000110148	103	6	6	0	5	0	10	7	69	0	8	2	23	2	32	8	0	12	6	41	0	79	0	12	16	2	0	13
ENSG00000110680	4	1	41	6	63	28	45	0	10	0	8	4	67	12	38	24	10	35	31	15	0	32	2	20	4	9	9	20
ENSG00000110756	199	313	880	512	405	497	793	507	327	441	419	478	722	643	683	342	426	294	410	571	411	646	432	524	630	292	520	725
ENSG00000110786	3	15	23	34	11	14	18	41	23	35	13	20	68	29	6	4	14	0	4	8	21	17	7	5	28	14	14	22
ENSG00000110848	0	21	180	353	90	272	729	470	61	110	110	274	794	306	142	109	295	15	128	297	88	112	190	249	497	61	70	372
ENSG00000110955	7326	5857	15124	17148	10960	11498	12924	14011	9764	10192	15691	11987	16507	20546	22180	11820	18105	11278	14385	12133	33688	24220	19734	14724	15068	12152	11258	18454
ENSG00000111046	0	2	1	84	1	0	0	2	0	10	46	0	0	0	0	0	0	0	0	0	2	0	14	0	0	0	0	0
ENSG00000111052	124	46	178	274	76	946	288	216	42	207	142	359	371	404	195	160	178	123	108	89	116	151	232	166	211	398	268	182
ENSG00000111245	0	3	0	1243	0	8	27	121	0	0	823	0	0	0	0	0	0	0	0	0	263	0	72	0	0	0	0	0
ENSG00000111344	0	10	16	1	20	2	8	5	6	3	4	3	6	0	0	8	0	4	0	0	11	0	0	14	11	0	6	6
ENSG00000111432	30	25	373	76	393	215	118	0	116	39	254	140	304	106	89	208	60	280	160	300	28	115	15	123	124	17	126	141
ENSG00000111536	0	0	5	0	0	0	0	0	2	0	0	4	2	6	0	4	2	5	0	0	0	0	0	2	6	0	0	0
ENSG00000111639	851	750	1265	2030	1569	1377	1457	1496	1539	966	2069	1454	1838	2427	3354	1806	1868	1647	1931	1830	1924	3954	2660	1433	1600	1060	1131	2185
ENSG00000111644	11	92	48	27	25	86	101	63	15	76	15	51	173	159	38	44	49	37	95	89	12	45	108	36	61	74	37	56
ENSG00000111653	214	415	1127	746	518	883	1136	999	594	530	793	795	1151	1118	1355	850	757	895	788	1021	470	677	786	705	1028	380	531	1237
ENSG00000111700	0	1	2	0	0	44	0	0	3	0	0	145	26	6	26	4	4	0	0	0	0	0	0	2	6	719	155	1
ENSG00000111701	0	0	0	0	0	0	0	0	0	0	0	0	0	0	0	0	0	0	0	0	0	0	0	0	0	0	0	0
ENSG00000111713	0	0	0	0	0	0	0	0	0	0	0	0	0	0	0	0	0	0	0	0	0	0	0	0	0	0	0	0
ENSG00000111780	0	0	0	0	0	0	0	0	0	0	0	0	0	0	0	0	0	0	0	0	0	0	0	0	0	0	0	0
ENSG00000111832	2528	2426	1406	4041	3157	3528	3139	3255	2633	3268	4075	3269	2737	2741	3848	3926	3268	2287	4028	4088	4968	5006	5024	2469	3327	4042	2574	2494
ENSG00000112041	12	51	13	2	14	2	85	20	41	18	11	14	29	8	16	23	4	11	6	28	2	9	0	14	39	5	4	14
ENSG00000112110	1069	1144	1492	1826	1472	1545	1288	1243	1530	1084	2266	1560	1588	1921	3100	1494	1649	1608	1744	1988	2895	2699	1833	1088	1593	1859	1400	1686
ENSG00000112175	42	263	32	272	17	18	1582	936	128	332	82	2	0	2	20	82	536	8	6	9	79	0	72	22	1319	0	10	18
ENSG00000112238	0	0	0	0	0	0	0	0	0	0	0	0	0	0	0	0	0	0	0	0	0	0	0	0	0	0	0	0
ENSG00000112280	539	297	2595	93	1182	226	1308	79	485	172	934	749	1727	85	1200	598	306	37	70	1346	27	477	33	253	1506	77	332	766
ENSG00000112299	2	10	35	56	23	19	269	227	14	27	23	67	63	50	55	29	52	0	4	15	32	17	42	7	65	33	63	41
ENSG00000112486	0	0	5	2	0	3	1	1	0	0	0	0	2	2	2	3	2	4	0	0	0	2	0	2	3	0	0	7
ENSG00000112494	0	11	18	13	2	6	10	0	6	0	4	18	22	33	16	0	0	32	31	25	0	29	41	9	8	2	12	4
ENSG00000112715	1486	3653	8642	22512	9213	2916	31193	2916	2223	876	5251	1747	21437	6322	30406	3956	9278	9550	8178	24025	1338	46641	4411	10261	45037	1075	2609	27289
ENSG00000112812	73	12	406	24	208	196	313	0	127	125	273	195	404	16	364	299	39	364	131	438	95	279	0	203	270	8	94	324
ENSG00000112837	28	4	4	4	5	9	1	0	8	0	16	20	103	27	0	5	0	2	11	10	0	2	0	4	0	2	15	2
ENSG00000112984	0	79	24	42	59	74	73	107	18	14	11	8	46	185	31	10	76	60	137	12	261	6	14	13	31	144	15	11
ENSG00000113068	1344	1152	1535	1779	1799	1545	1578	1632	2011	1223	1646	1268	1512	1729	2384	1869	1738	2072	1603	1683	1791	2041	1565	1152	1795	1400	1199	2161
ENSG00000113249	0	33	9	16	1	7	13	21	3	10	6	6	29	10	2	5	12	2	11	3	8	4	7	12	23	12	16	11
ENSG00000113272	229	166	582	424	505	329	532	371	378	325	575	481	527	413	512	668	659	378	441	399	374	495	325	396	455	461	488	649
ENSG00000113389	158	451	2851	1448	738	242	421	606	135	235	986	621	1274	10822	2529	258	3626	1479	331	1202	1212	1782	102	251	527	76	468	3017
ENSG00000113600	0	3	3	4	0	7	2	16	0	0	0	3	0	0	0	0	0	0	0	0	0	0	4	0	4	0	5	0
ENSG00000113763	0	475	10	326	7	2	9	1115	6	16	2	1	63	447	9	18	268	10	13	114	407	16	861	7	4	1	2	202
ENSG00000114248	94	1	57	21	16	16	8	13	137	5	9	3	59	0	25	13	19	11	18	22	169	53	8	39	10	98	22	66
ENSG00000114646	27	31	27	65	27	52	19	95	26	18	20	20	2	67	71	11	46	94	73	31	102	83	96	24	39	64	43	44
ENSG00000114670	29	147	195	255	127	262	244	143	102	93	113	73	270	368	171	107	187	131	138	192	147	79	69	133	215	81	89	261
ENSG00000114744	206	194	823	731	533	698	1009	672	379	438	672	492	1161	869	1007	503	460	395	554	807	607	617	342	454	836	346	388	770
ENSG00000114745	446	1110	2445	1354	869	1179	2509	1860	1090	1060	1307	1348	2439	2029	2520	1866	1249	1244	1367	1961	1786	2095	1318	1606	2139	538	1442	1958
ENSG00000114770	271	832	832	601	462	1683	959	620	469	991	533	1799	2094	2670	480	811	928	415	1131	808	513	898	521	872	949	496	2048	1020
ENSG00000114790	800	2311	1054	3651	935	3409	1474	5103	1508	1512	803	1909	1821	6528	818	928	2357	1226	2735	1648	3310	935	6013	2602	1007	3369	1696	1889
ENSG00000115009	27	1	34	1	45	4	52	38	27	0	49	7	19	2	4	22	6	0	0	15	10	0	12	10	28	4	6	19
ENSG00000115112	964	60	3151	262	695	128	772	12	1598	140	317	245	750	242	1564	1640	223	583	581	830	75	1336	47	950	1976	267	1034	1782
ENSG00000115183	170	684	1683	899	586	1229	2326	1397	405	894	944	1029	1474	1652	901	800	857	686	1149	969	1349	672	787	843	1132	476	890	1022
ENSG00000115263	9	9	13	8	10	0	0	16	36	28	1	51	61	21	4	0	2	0	15	0	0	26	138	18	4	310	61	20
ENSG00000115297	0	0	0	0	0	0	0	0	0	0	0	0	0	0	0	0	0	0	0	0	0	0	0	0	0	0	0	0
ENSG00000115386	0	0	0	0	4	0	6	0	0	0	0	0	0	0	11	30	0	0	0	0	0	0	0	2	0	0	0	2
ENSG00000115507	0	546	203	341	25	90	131	635	22	42	152	252	246	915	195	115	631	320	117	245	207	164	507	303	39	92	50	353
ENSG00000115541	640	389	1015	1864	1343	1242	593	1249	1345	1171	1483	1242	1221	1422	2077	1330	1365	1387	1737	1348	3667	1769	2189	803	1057	1470	1093	1834
ENSG00000115590	15	12	34	97	20	42	251	67	3	5	12	16	43	13	77	185	100	10	18	31	4	54	1	54	196	13	48	94
ENSG00000115596	74	7	19	10	62	2	55	8	76	15	70	6	23	0	4	43	4	10	10	38	5	0	9	19	26	2	4	2
ENSG00000115602	0	9	90	301	23	30	390	111	2	24	37	40	165	48	64	89	209	29	40	46	17	145	192	65	418	7	39	206
ENSG00000115604	3	18	131	161	17	60	296	163	28	85	106	104	245	118	124	95	129	19	81	44	0	85	67	96	338	33	96	151
ENSG00000115677	8392	9073	27870	13644	8550	8999	22575	24384	11442	5998	8518	10652	20251	24763	25993	10961	12778	17703	12098	19199	8003	13553	13629	11366	17697	5614	8817	25453
ENSG00000115705	0	54	10	84	0	49	12	23	24	213	10	14	30	151	10	4	32	2	58	19	13	17	39	13	7	30	60	54
ENSG00000115844	0	13	0	25	9	6	10	76	0	26	0	18	1	59	0	0	11	8	34	0	17	0	17	20	2	33	20	41
ENSG00000115993	416	598	2078	1507	900	1341	2217	1529	856	824	1344	1389	1832	1804	2045	1023	1151	1130	1409	1373	1805	1280	1187	1103	1685	983	1093	2003
ENSG00000115998	161	276	525	337	342	396	418	239	310	343	405	500	358	430	476	429	327	287	452	378	400	491	372	353	398	281	280	495
ENSG00000116031	62	38	465	13	184	65	169	45	52	2	76	39	173	55	317	267	37	279	56	314	12	64	2	158	107	5	45	166
ENSG00000116032	0	6	2	0	0	1	21	2	0	0	0	1	1	0	4	0	0	0	0	1	0	0	0	0	0	0	0	0
ENSG00000116183	4	8	11	15	2	7	7	10	20	18	9	12	13	0	41	2	7	7	0	5	0	32	0	0	81	26	18	29
ENSG00000116218	0	0	0	0	2	0	0	0	0	0	22	0	0	0	2	0	2	1	3	0	0	9	0	0	0	0	0	0
ENSG00000116337	322	518	921	588	391	294	1312	570	489	460	518	593	1287	740	513	796	512	253	661	700	458	411	390	729	638	169	378	566
ENSG00000116745	6	21	28	9	13	4	66	12	9	11	3	0	84	8	159	6	2	32	11	20	0	46	0	18	44	6	1	25
ENSG00000116748	13	10	100	64	7	48	101	2	49	8	41	38	108	34	3	17	44	0	5	13	20	39	23	66	40	6	55	74
ENSG00000116863	194	236	452	322	405	221	462	379	419	314	396	291	386	247	503	553	306	415	381	571	233	336	303	287	379	169	235	382
ENSG00000116874	55	166	618	504	274	372	498	226	207	161	389	525	461	768	1047	355	795	399	621	403	676	901	462	455	608	587	640	997
ENSG00000116882	0	6	0	0	0	6	0	0	0	2	4	6	0	7	3	0	4	1	0	0	1	5	0	2	0	0	1	0
ENSG00000116981	49	46	28	68	24	37	64	25	23	118	52	53	98	44	12	74	24	10	37	59	9	23	30	80	53	49	33	21
ENSG00000117148	0	0	0	0	0	0	0	0	0	0	0	0	0	0	0	0	0	0	0	0	0	0	0	0	0	0	0	0
ENSG00000117154	173	632	60	268	61	115	144	642	203	18	46	36	167	517	67	63	119	31	21	23	14	132	2078	26	105	48	21	106
ENSG00000117215	0	4	74	0	35	56	61	58	18	8	47	70	77	15	0	88	13	0	7	9	9	6	34	31	18	2	66	35
ENSG00000117322	3	2	28	0	4	9	31	16	33	0	9	8	110	8	0	22	12	1	2	0	0	11	0	1	23	8	9	7
ENSG00000117480	1958	6023	2120	2505	1281	2467	2563	3681	1996	2827	1433	1801	2542	3401	3519	1553	2707	2564	3518	4656	3495	4785	4278	1763	2424	2336	1646	3156
ENSG00000117501	0	24	2	14	7	14	6	0	2	16	4	6	0	2	2	10	13	2	2	0	339	1	6	0	15	2	7	0
ENSG00000117560	0	2	26	6	0	16	34	0	8	12	15	82	46	18	12	4	5	2	7	18	10	0	0	16	7	2	4	18
ENSG00000117691	2700	2898	1599	3560	2924	1459	1863	2170	2706	2050	2677	2049	1669	1436	2733	2990	2104	2812	2602	2549	2370	3680	3305	2102	2639	2493	1249	2209
ENSG00000117707	1	6	175	42	38	90	124	6	27	46	45	52	119	35	108	37	25	30	42	44	0	113	2	48	65	57	73	79
ENSG00000117983	1	2	37	5	0	1	41	2	0	0	4	1	32	4	0	37	6	0	2	6	0	0	0	5	9	2	1	27
ENSG00000118245	0	0	0	0	0	0	0	0	0	0	0	0	0	0	0	0	0	0	0	0	0	0	0	0	0	0	0	0
ENSG00000118271	0	20	4	14	11	2	13	24	8	0	3	4	9	64	14	4	34	27	24	13	42	57	4	2	26	136	6	12
ENSG00000118407	201	67	73	349	96	66	229	154	118	123	287	239	201	70	93	209	110	55	90	139	77	139	94	88	180	76	194	95
ENSG00000118434	0	0	0	0	0	0	0	0	0	0	0	0	0	0	0	0	0	0	0	0	0	0	0	0	0	0	0	0
ENSG00000118579	606	847	1999	1120	1420	1559	1925	1369	1049	980	1540	1328	2067	1659	1569	1332	1331	884	1175	1302	896	1383	908	1255	1587	1080	1241	2099
ENSG00000118620	245	483	432	562	401	462	640	604	350	443	671	510	485	397	659	419	621	287	475	567	347	605	430	523	709	456	416	639
ENSG00000118903	0	0	0	0	0	0	0	0	0	0	0	0	0	0	0	0	0	0	0	0	0	0	0	0	0	0	0	0
ENSG00000118946	240	174	407	476	1347	1272	275	124	208	306	1090	1157	419	206	147	732	244	256	397	486	266	296	113	418	152	149	186	241
ENSG00000118976	0	5	2	7	0	0	5	0	0	5	0	0	0	2	0	0	0	0	0	0	0	0	0	0	5	1	4	0
ENSG00000118990	0	0	0	0	0	0	0	0	0	0	0	0	0	0	0	0	0	0	0	0	0	0	0	0	0	0	0	0
ENSG00000119280	1121	985	2178	968	1276	1248	2329	1441	1631	1088	1661	1444	2248	1791	1634	1578	789	1781	1235	1822	1784	1557	960	1006	1051	735	1132	1582
ENSG00000119508	45	64	2583	1232	2433	2417	1816	115	169	248	1142	836	5409	1792	369	1453	2850	434	1100	1247	79	1686	459	4148	1512	51	718	2520
ENSG00000119541	437	356	1780	1032	933	717	1614	1167	751	602	1091	802	1759	1488	1867	778	888	966	1019	1277	1733	1378	889	768	1327	768	698	2303
ENSG00000119547	12	64	42	30	77	692	27	110	12	286	33	80	87	531	40	72	23	192	367	38	29	26	195	319	89	3045	357	23
ENSG00000119608	0	4	12	20	0	12	55	46	5	13	0	20	57	49	7	0	7	0	11	6	10	0	10	7	33	2	12	1
ENSG00000119630	1079	453	329	196	353	99	646	233	1238	366	331	390	86	52	168	531	212	134	120	204	45	423	115	198	631	78	133	147
ENSG00000119661	242	366	730	870	522	778	772	622	477	420	567	532	616	920	970	681	704	541	725	664	831	982	481	588	878	537	466	885
ENSG00000119686	17	109	247	166	83	39	150	128	79	56	212	174	357	98	179	105	185	82	65	171	289	215	65	64	114	65	80	341
ENSG00000119913	0	6	32	0	0	0	2	0	2	5	4	25	3	5	2	30	22	0	9	2	8	43	10	2	6	0	21	32
ENSG00000119919	16	0	2	5	2	26	0	3	0	28	0	62	16	131	0	0	0	28	81	0	84	0	2	48	0	28	25	0
ENSG00000119965	48	239	213	374	165	308	326	350	130	293	206	326	374	484	399	221	308	154	343	262	256	320	403	278	371	187	316	329
ENSG00000120057	141	2	10	8	24	2	10	0	134	0	30	36	26	1	25	14	0	0	0	33	6	25	3	0	16	18	14	20
ENSG00000120210	2	102	3	18	0	1	20	0	0	6	3	1	3	16	3	7	14	0	7	14	0	0	40	38	9	5	7	1
ENSG00000120211	0	4	0	2	0	0	4	0	0	0	0	0	4	22	0	0	0	0	1	7	0	0	0	5	0	0	1	0
ENSG00000120235	0	0	0	0	0	0	0	0	0	0	0	0	0	0	0	0	0	0	0	0	0	0	0	0	0	0	0	0
ENSG00000120242	0	4	0	0	3	0	0	0	0	0	0	0	0	0	0	0	0	0	0	0	0	0	0	0	2	0	0	0
ENSG00000120251	13	9	56	28	11	18	123	20	25	37	28	7	103	42	19	27	18	0	11	23	10	19	0	8	12	2	11	13
ENSG00000120322	0	1	5	0	5	49	30	34	0	15	2	16	20	1	2	12	3	9	4	3	50	8	7	4	11	0	2	9
ENSG00000120332	0	20	2	7	2	59	4	45	6	2	0	9	196	94	7	4	5	5	60	21	0	8	2	4	6	10	5	20
ENSG00000120337	0	5	4	30	0	7	34	8	0	7	2	2	71	92	0	1	0	6	12	13	10	15	6	29	9	4	2	8
ENSG00000120436	0	2	15	2	0	0	0	0	3	0	5	0	0	4	0	3	0	0	0	0	0	0	0	2	2	5	0	6
ENSG00000120498	0	10	0	8	0	1	8	0	2	0	6	0	2	1	0	0	0	0	2	1	1	0	0	0	0	0	0	1
ENSG00000120669	46	74	41	6	19	40	22	58	20	46	14	10	30	58	91	2	50	128	48	0	24	182	48	69	6	3	6	88
ENSG00000120903	233	3102	1650	2085	139	13	2300	6060	224	1358	437	636	2897	7609	2858	174	1535	4136	1335	7032	1697	5169	3756	411	1727	1754	559	2649
ENSG00000121053	9	5	4	2	2	0	3	6	4	9	4	2	9	3	5	1	1	8	5	0	0	10	0	0	3	2	4	2
ENSG00000121089	1	0	1	1	2	3	1	0	2	0	1	7	2	1	0	1	4	3	6	0	4	0	0	5	1	3	1	3
ENSG00000121270	117	118	352	46	74	20	19	14	248	40	174	135	345	74	20	58	57	2	40	115	486	84	62	211	42	14	20	544
ENSG00000121281	0	11	87	12	6	17	242	47	4	15	9	15	162	73	6	15	18	1	12	25	4	7	0	25	46	4	7	40
ENSG00000121388	4	0	1	1	0	4	0	2	2	2	0	1	0	0	1	2	2	1	6	1	0	1	0	2	1	3	0	1
ENSG00000121446	4	11	0	4	0	0	6	0	0	0	0	0	2	6	0	0	6	0	4	0	0	0	0	0	2	0	0	2
ENSG00000121454	3	2	23	10	0	14	79	41	8	19	1	30	83	156	11	2	19	1	20	27	14	12	2	18	43	4	26	33
ENSG00000121594	0	2	32	4	8	32	52	3	4	0	20	25	28	27	5	2	17	2	8	0	3	0	9	22	11	2	4	10
ENSG00000121634	0	0	0	0	0	0	0	0	0	0	0	0	0	0	0	0	0	0	0	0	0	0	0	0	0	0	0	0
ENSG00000121743	0	0	13	26	9	6	1	4	0	18	17	0	3	19	0	6	0	23	19	52	0	10	0	21	2	5	6	3
ENSG00000121807	10	13	180	35	33	19	266	108	17	50	48	45	185	78	24	68	38	21	25	28	2	0	4	38	63	3	13	48
ENSG00000121871	7	0	21	90	29	7	41	0	80	6	80	35	572	14	15	29	3	0	7	16	4	37	54	9	22	6	6	25
ENSG00000121892	1164	1747	3841	2846	1586	3551	3351	2927	1613	2267	2397	3039	4534	4959	4456	1851	2813	1606	3203	2305	2872	3087	2589	3004	3903	2841	3460	3890
ENSG00000121904	5	278	25	20	3	247	40	19	26	61	4	3	71	31	31	12	12	9	27	56	0	9	12	67	24	8	92	10
ENSG00000121931	93	241	384	303	361	554	221	333	199	260	329	367	509	724	549	445	417	250	500	435	392	445	347	467	313	433	397	376
ENSG00000121933	0	22	4	63	6	12	76	24	2	8	8	16	21	6	59	29	32	5	3	0	18	8	19	2	67	23	36	34
ENSG00000122068	465	477	2178	1474	896	1258	2576	1591	734	521	1215	1135	3049	3380	2816	892	1239	1246	1331	1304	1913	1709	1437	1217	2041	917	1292	2234
ENSG00000122375	0	0	0	0	0	0	0	0	0	0	0	0	0	0	0	0	0	0	0	0	0	0	0	0	0	0	0	0
ENSG00000122420	57	142	37	70	19	223	298	301	77	136	39	42	594	808	28	12	125	10	24	4	69	41	300	159	144	26	45	88
ENSG00000122584	0	0	0	2	0	0	0	27	0	0	0	0	0	0	0	0	0	0	13	0	0	0	0	0	0	0	0	0
ENSG00000122585	871	3236	9492	434850	1056	18604	5569	10	1084	11899	2422	153	16540	93145	47312	1614	11821	7890	230	56158	11167	41922	3598	56248	24617	14031	10531	18373
ENSG00000122687	0	0	7	0	0	0	5	3	0	0	0	6	0	2	2	5	0	5	2	8	1	0	0	0	1	0	1	1
ENSG00000122852	0	2	0	3	0	0	2	7	0	0	0	18	8	10	4	1	3	0	0	32	260	51	3	0	0	0	1	46
ENSG00000122870	34	138	744	390	169	999	659	435	101	304	246	476	843	437	314	247	395	201	260	217	167	235	117	678	424	124	315	479
ENSG00000122952	22	73	44	175	43	110	98	271	60	42	38	56	110	273	126	64	102	117	197	166	312	104	109	54	65	34	41	73
ENSG00000123009	0	0	1	0	1	1	0	0	2	7	0	0	0	8	4	5	4	0	0	0	1	0	0	11	1	1	2	0
ENSG00000123095	388	412	2083	736	861	2220	1015	583	386	394	698	1602	1397	1245	348	484	415	650	1094	653	779	328	205	854	612	583	854	608
ENSG00000123407	12	0	0	0	0	0	0	0	0	0	0	6	12	31	0	0	0	0	0	0	13	0	0	0	0	25	0	5
ENSG00000123500	191	36	237	539	99	461	626	121	114	102	50	601	563	1460	32	62	141	28	362	0	1525	22	87	276	132	653	428	71
ENSG00000123560	56	20	286	81	184	44	41	0	186	4	291	765	545	179	584	158	55	259	113	235	81	187	71	120	67	186	136	532
ENSG00000123561	0	11	4	0	0	0	0	0	6	0	0	0	0	4	0	0	5	0	0	0	0	2	0	0	0	0	2	2
ENSG00000123576	0	0	0	0	0	0	0	0	0	0	0	0	0	0	0	0	0	0	0	0	0	0	0	0	0	0	0	0
ENSG00000123584	0	0	0	0	0	0	0	0	0	0	0	0	0	0	0	0	0	0	0	0	0	0	0	0	0	0	0	0
ENSG00000123594	0	0	0	0	0	0	0	0	0	0	0	0	0	0	0	0	0	0	0	0	0	0	0	0	0	0	0	0
ENSG00000123610	0	13	40	42	16	13	16	3	0	3	42	34	22	17	4	32	19	18	72	12	19	0	0	32	21	0	16	29
ENSG00000123728	156	308	501	463	306	406	740	395	295	438	323	408	682	622	626	220	330	337	449	338	536	452	340	439	582	297	399	484
ENSG00000124006	1119	1866	1961	1064	1169	1208	2680	1642	1530	1734	1221	1086	2212	1691	2160	1848	936	1268	1095	2589	411	1788	1466	1483	1700	755	866	1727
ENSG00000124102	96	3	343	18	390	28	345	83	112	44	112	0	35	6	8	1459	87	0	9	15	3	6	34	138	226	71	47	56
ENSG00000124116	12	6	14	5	9	32	14	9	5	35	9	20	16	17	37	68	31	4	16	34	30	38	6	7	23	18	14	10
ENSG00000124143	4	10	74	15	31	10	143	11	8	15	20	9	133	18	40	99	27	54	68	59	0	83	0	182	39	6	33	7
ENSG00000124157	42	56	80	388	1	0	0	11	2	4	0	0	94	29	22	0	10	40	10	26	12	0	28	10	70	0	0	0
ENSG00000124205	83	89	190	63	49	2	688	36	86	99	21	23	271	12	167	103	82	78	51	208	40	112	2	52	614	25	13	380
ENSG00000124217	42	51	236	142	91	153	189	195	125	92	169	127	233	314	297	171	170	183	149	213	206	131	82	138	147	129	139	235
ENSG00000124227	0	5	2	2	0	2	2	2	0	6	2	0	1	2	0	5	3	0	1	2	4	0	3	1	0	1	2	0
ENSG00000124233	54	9	270	103	4	11	4	16	10	5	0	0	231	43	31	0	14	78	31	47	56	40	11	13	192	0	0	6
ENSG00000124237	0	12	12	5	0	2	0	0	0	0	4	9	0	0	2	6	0	16	0	17	0	0	0	0	20	0	0	12
ENSG00000124253	0	0	0	2	25	1	2	0	8	0	0	0	46	7	0	0	16	13	5	3	4	6	0	15	2	1	2	45
ENSG00000124391	6	2	8	0	12	0	0	0	0	2	4	0	0	2	0	0	1	0	2	0	2	0	0	0	2	0	0	0
ENSG00000124399	0	0	0	0	0	0	0	0	3	0	0	0	0	0	1	0	0	0	0	0	0	0	0	0	0	0	0	0
ENSG00000124429	109	16	295	23	152	42	152	0	127	5	114	92	244	62	186	86	34	92	59	110	307	173	30	56	243	16	23	299
ENSG00000124440	247	1211	224	670	109	130	2116	966	400	1819	266	355	975	72	303	422	632	87	125	344	107	197	156	339	1055	130	464	274
ENSG00000124449	0	0	0	0	0	0	2	0	0	0	0	0	0	0	0	0	0	0	0	4	0	0	0	0	0	0	0	0
ENSG00000124490	42	2	79	2	39	268	31	0	85	55	18	50	61	0	111	22	0	9	0	13	0	223	71	11	7	4	114	6
ENSG00000124564	0	3	2	0	0	0	2	7	1	0	4	4	4	0	10	4	0	0	4	0	0	0	0	2	2	1	4	0
ENSG00000124568	0	0	0	0	0	0	0	0	0	0	0	0	0	0	0	0	0	0	0	0	0	0	0	0	0	0	0	0
ENSG00000124657	0	0	0	1	0	7	1	2	0	7	0	8	22	11	2	0	27	10	69	7	86	4	0	27	3	21	23	20
ENSG00000124713	188	1664	251	737	176	97	355	1498	288	110	169	60	873	2647	1203	130	739	1239	313	2256	3591	991	2655	156	456	154	88	591
ENSG00000124721	133	72	82	218	569	1380	35	84	338	162	66	37	1416	7328	42	17	116	195	1728	63	1120	25	32	115	64	398	45	220
ENSG00000124749	78	93	267	389	103	239	325	111	206	93	233	463	439	170	177	176	92	78	154	129	101	169	189	233	226	105	178	196
ENSG00000124762	1481	1126	4277	4800	5865	1916	8417	2094	2088	1329	5032	2645	4066	2668	2969	6228	3568	1938	1738	3670	5337	8819	3235	3029	4715	563	1705	5176
ENSG00000124785	144	25	259	97	298	126	327	155	115	495	240	235	239	80	179	188	49	186	90	162	47	118	64	100	113	56	94	168
ENSG00000124812	0	5	0	15	0	8	0	0	0	0	0	0	4	5	0	0	0	0	0	0	0	0	0	0	0	0	1	4
ENSG00000124875	20	2	320	14	149	23	270	2	6	5	33	5	60	6	22	85	9	18	2	36	2	10	7	80	119	4	10	68
ENSG00000124882	0	11	30	17	13	11	24	29	0	0	0	10	54	2	1	12	38	5	11	2	0	9	2	24	45	0	6	39
ENSG00000124900	0	0	0	0	0	0	0	0	0	0	0	0	0	0	0	0	0	0	0	0	0	0	0	0	0	0	0	0
ENSG00000124935	342	14	244	243	112	14	61	24	289	101	438	178	385	308	186	122	370	283	44	341	70	224	111	30	151	2	77	347
ENSG00000124942	11227	9118	69458	21442	19600	14082	51415	23432	13978	10444	19097	21586	55209	32800	25250	19212	17549	21211	15508	28049	25542	21780	13546	13153	28097	8911	13090	41671
ENSG00000125144	145	866	1576	919	495	7	1546	973	345	211	706	335	1201	1492	1344	605	896	2521	3228	4088	10040	3182	485	3613	2658	613	311	781
ENSG00000125255	0	2	0	0	1	0	0	0	0	3	0	1	0	0	2	0	1	0	0	0	1	0	5	4	0	0	1	0
ENSG00000125285	6	1	81	14	44	77	19	7	31	0	42	0	31	4	94	32	7	84	40	14	12	35	0	10	24	1	5	46
ENSG00000125319	0	23	16	7	22	23	86	41	8	12	14	3	47	22	19	41	25	17	26	44	24	5	21	30	30	6	5	13
ENSG00000125355	0	36	357	134	62	109	171	67	21	36	127	589	215	148	87	86	35	34	18	58	185	96	21	96	60	38	167	146
ENSG00000125414	16	14	0	251	6	5	30	9	1	0	70	4	6	1	2	0	2	0	0	0	52	0	2	0	10	2	5	0
ENSG00000125498	0	5	0	0	2	7	2	4	0	3	3	1	0	0	0	0	0	2	7	0	0	0	0	0	0	0	0	0
ENSG00000125533	0	0	0	0	0	0	0	0	0	0	0	0	0	0	0	0	0	0	0	0	0	0	0	0	0	0	0	0
ENSG00000125538	2	20	336	134	132	173	124	29	8	6	104	128	1035	506	33	34	66	72	57	222	39	45	25	217	123	7	7	136
ENSG00000125551	0	0	4	3	0	0	0	0	0	1	2	13	0	0	0	0	6	0	3	0	0	0	1	0	3	0	8	2
ENSG00000125618	34	34	102	13	53	12	36	41	16	4	22	24	110	63	6	4	54	44	19	95	58	0	0	82	15	19	15	59
ENSG00000125695	0	0	0	0	0	0	0	0	0	0	0	0	0	0	0	0	0	0	0	0	0	0	0	0	0	0	0	0
ENSG00000125780	0	8	17	39	1	6	0	8	0	9	7	27	5	5	0	0	23	17	3	2	72	38	11	9	0	12	22	32
ENSG00000125798	19	10	76	5	40	0	58	0	12	0	72	3	37	2	36	26	1	53	5	46	0	28	12	78	54	10	0	25
ENSG00000125813	0	5	2	2	0	51	0	0	4	11	2	4	35	0	0	0	6	0	2	0	0	0	0	0	0	61	22	0
ENSG00000125816	0	0	0	0	0	0	0	0	0	0	0	0	0	0	0	0	0	0	0	0	0	0	0	0	0	0	0	0
ENSG00000125820	0	0	0	9	0	18	2	0	0	27	0	3	0	0	0	6	0	0	0	0	0	20	0	0	0	32	3	0
ENSG00000125851	47	16	95	5	96	7	3	0	54	0	82	71	54	11	175	26	3	64	10	110	27	40	31	36	6	28	15	60
ENSG00000125931	12	9	28	66	43	14	102	34	49	4	34	6	36	11	211	240	90	119	101	40	0	59	76	257	51	10	9	50
ENSG00000125971	503	316	234	317	347	182	713	450	400	253	253	232	624	589	496	241	194	421	378	937	664	833	678	227	344	270	179	314
ENSG00000125991	1994	1808	4262	3164	3619	2259	4968	4338	2782	1666	2920	2324	3773	3611	4555	4608	3007	5321	3507	5845	4526	4920	3327	2312	3641	1504	1770	4704
ENSG00000125997	13	6	4	2	0	7	3	6	0	8	1	1	5	0	0	0	4	0	2	2	0	0	0	7	8	0	3	8
ENSG00000125998	23	4	12	0	32	6	2	0	24	1	28	0	0	0	0	8	0	2	2	23	0	0	0	0	17	0	0	2
ENSG00000125999	164	14	370	41	222	17	194	23	9	6	19	1	34	28	8	1055	64	0	3	14	0	20	11	189	120	6	28	99
ENSG00000126010	0	70	6	173	1	4	44	474	0	38	0	0	28	50	36	3	99	14	57	46	23	10	286	122	29	36	8	74
ENSG00000126012	640	898	2358	1045	942	1092	2467	1436	1119	1201	1013	1062	2447	1694	1666	1403	905	1268	1426	1879	883	1257	816	1357	1646	766	949	1747
ENSG00000126226	333	790	1553	970	621	958	1415	1267	667	832	936	1030	2455	1569	1589	1055	921	715	1244	1330	1016	1216	1106	923	1220	576	1056	1753
ENSG00000126233	46	10	4	0	5	0	0	0	71	2	0	0	0	0	7	2	0	15	9	0	0	0	0	4	0	0	0	0
ENSG00000126337	0	3	6	0	32	0	10	0	4	0	17	4	11	6	2	135	3	5	3	0	0	4	0	1	0	0	2	8
ENSG00000126583	10	0	0	1	1	1	6	0	0	13	0	2	0	1	1	0	1	0	0	0	0	0	0	0	0	0	0	2
ENSG00000126733	3	21	23	8	5	2	36	0	1	11	5	21	94	6	104	19	3	21	19	113	8	170	1	26	22	1	9	16
ENSG00000126787	0	9	1	22	2	25	10	71	10	8	4	2	14	143	14	14	61	4	70	8	86	0	22	3	16	10	6	13
ENSG00000127074	7	2	31	40	22	11	36	71	6	5	11	19	67	19	34	24	17	0	6	10	0	0	2	33	49	0	0	24
ENSG00000127129	13	0	23	14	121	84	221	4	24	21	56	14	30	35	10	166	33	24	21	71	1	60	14	23	230	9	20	15
ENSG00000127220	306	238	218	113	208	80	377	164	294	189	173	140	224	129	208	282	58	186	164	266	167	210	113	135	184	60	100	130
ENSG00000127252	0	0	6	3	6	0	0	0	0	0	0	9	0	0	0	0	0	0	0	0	0	22	0	0	0	2	0	2
ENSG00000127418	372	2617	1346	2516	619	1552	852	3326	504	1500	437	442	1623	4793	766	589	840	768	913	1400	2769	963	2771	3712	592	1631	382	985
ENSG00000127507	27	60	239	84	62	126	489	177	35	110	85	155	270	181	100	145	90	53	97	97	25	37	26	165	311	17	126	127
ENSG00000127515	0	0	0	0	0	0	0	0	0	0	0	0	0	0	0	0	0	0	0	0	0	0	0	0	0	0	0	0
ENSG00000127529	0	0	0	0	0	0	0	0	0	0	0	0	0	0	0	0	0	0	0	0	0	0	0	0	0	0	0	0
ENSG00000127564	22	19	15	12	4	12	27	30	0	4	2	2	30	13	18	10	16	3	43	28	14	10	4	5	19	5	7	11
ENSG00000127588	0	36	0	10	1	0	0	14	0	3	2	7	2	27	0	2	4	0	0	10	26	0	21	7	0	0	4	3
ENSG00000127663	1644	2341	2394	2035	1218	1331	2372	2524	2136	2373	1252	1720	2115	1293	2621	2075	2617	2537	3847	2900	2220	2637	2496	1700	2488	2191	2043	3308
ENSG00000127831	0	10	6	1	5	2	0	0	0	1	1	0	2	2	0	0	5	4	3	1	0	0	0	4	3	1	0	2
ENSG00000128040	0	8	0	0	44	25	2	3	0	0	11	7	16	16	2	5	0	9	2	6	0	11	0	0	2	0	2	4
ENSG00000128203	7	44	68	87	84	24	37	12	13	9	83	73	39	38	31	88	14	46	51	34	7	59	27	42	28	21	67	25
ENSG00000128250	0	0	2	20	4	44	7	24	0	0	2	7	10	10	22	8	4	16	2	7	0	4	0	2	29	4	1	8
ENSG00000128283	283	334	753	265	507	176	1102	327	383	279	363	469	679	338	237	710	235	359	452	749	392	487	307	472	335	107	193	462
ENSG00000128285	0	1	0	3	0	0	4	0	0	4	3	4	6	0	3	0	0	1	0	0	0	0	0	5	0	4	0	0
ENSG00000128342	19	74	731	154	756	621	468	51	42	82	168	444	957	359	40	320	1050	176	533	193	54	217	76	533	310	12	126	611
ENSG00000128422	2197	303	3205	813	11794	2237	5282	81	1702	439	1530	194	2358	271	2455	6616	1602	1842	1921	5168	134	4422	18	1794	4807	276	654	3109
ENSG00000128519	0	0	0	0	0	0	0	0	0	0	0	0	0	0	0	0	0	0	0	0	0	0	0	0	0	0	0	0
ENSG00000129028	17	28	121	165	101	145	141	72	74	109	83	89	221	275	173	94	162	72	118	119	166	84	95	86	114	70	75	188
ENSG00000129152	0	0	0	3	0	0	0	0	0	0	5	0	0	0	0	0	0	0	0	0	8	0	0	0	0	0	0	0
ENSG00000129170	0	9	0	151	0	0	0	6	0	2	179	0	2	0	0	0	0	0	0	0	22	0	20	0	0	1	0	0
ENSG00000129654	4	167	81	37	102	133	10	65	1	0	13	48	6	40	10	71	4	14	11	80	8	32	100	17	6	4	7	17
ENSG00000129673	0	9	2	0	0	2	5	0	0	7	4	2	0	0	2	4	4	0	0	0	0	0	2	4	0	1	0	0
ENSG00000129816	0	0	0	0	0	0	0	0	0	0	0	0	0	0	0	0	0	0	0	0	0	0	0	0	0	0	0	0
ENSG00000129845	0	0	0	0	0	0	0	0	0	0	0	0	0	0	0	0	0	0	0	0	0	0	0	0	0	0	0	0
ENSG00000129862	0	0	0	0	0	0	0	0	0	0	0	0	0	0	0	0	0	0	0	0	0	0	0	0	0	0	0	0
ENSG00000129864	0	0	0	0	0	0	0	0	0	0	0	0	0	0	0	0	0	0	0	0	0	0	0	0	0	0	0	0
ENSG00000129873	0	0	0	0	0	0	0	0	0	0	0	0	0	0	0	0	0	0	0	0	0	0	0	0	0	0	0	0
ENSG00000129965	0	0	0	0	0	0	0	0	0	0	0	0	0	0	0	0	0	0	0	0	0	0	0	0	0	0	0	0
ENSG00000129988	0	8	4	2	0	0	2	0	0	0	2	0	0	0	0	5	0	0	0	0	0	0	0	0	9	0	0	4
ENSG00000130208	215	897	237	2384	876	560	643	1348	376	714	1009	10242	438	762	149	1997	2218	76	353	102	1810	124	1242	411	802	598	3245	984
ENSG00000130226	75	6	16	1	12	28	6	0	44	14	6	18	137	13	3	6	13	15	22	9	0	35	3	5	9	0	6	20
ENSG00000130283	0	0	0	0	0	0	0	0	0	0	0	0	0	0	0	0	0	0	0	0	0	0	0	0	0	0	0	0
ENSG00000130311	511	410	711	504	659	348	824	602	582	377	585	446	696	440	649	959	442	686	564	741	447	609	519	430	626	236	355	525
ENSG00000130427	91	26	9	4	21	8	13	2	78	14	18	19	48	16	25	14	6	15	21	64	145	2	0	17	3	8	0	4
ENSG00000130433	0	0	2	3	2	0	0	0	0	0	9	0	11	0	1	5	0	1	0	0	0	0	0	0	0	0	0	2
ENSG00000130487	0	7	212	4	37	53	224	8	15	21	19	26	37	14	9	128	19	6	11	31	0	20	4	94	79	6	14	12
ENSG00000130511	594	516	409	384	557	299	771	442	653	609	424	495	587	350	430	822	247	355	392	554	391	584	370	517	404	264	309	388
ENSG00000130522	5010	5116	6235	10547	24924	11818	7614	4330	5847	6125	12780	8037	5320	3583	5963	17749	7607	11153	9620	12485	6098	24076	22918	15003	6880	6637	4561	7181
ENSG00000130540	0	3	4	1	0	0	5	3	0	18	1	36	4	0	3	0	3	0	14	2	4	0	4	8	4	74	17	0
ENSG00000130595	2	4	6	271	32	2	5	18	10	6	230	2	21	0	4	15	0	2	10	4	46	11	30	1	19	4	2	0
ENSG00000130598	0	19	17	330	18	8	33	26	15	2	151	24	27	4	12	33	13	5	25	15	56	2	104	15	20	7	20	11
ENSG00000130600	537	1304	98	1274	101	26	1409	1143	519	1238	589	115	1661	202	16	346	451	61	38	43	689	33	463	62	1352	22	170	48
ENSG00000130669	1533	996	1772	961	1457	1140	1871	1523	1845	767	1185	937	2393	1660	2392	1430	772	2322	1556	3252	1565	1795	1767	1302	1502	915	831	1492
ENSG00000130675	4	2	2	25	2	175	21	104	0	22	27	14	36	98	8	0	6	0	17	4	12	13	1	34	0	14	53	25
ENSG00000130829	11	0	2	0	6	0	4	0	4	0	0	0	0	2	2	0	1	2	2	0	0	0	0	0	0	2	2	0
ENSG00000130876	5	6	0	6	0	0	0	3	3	0	2	0	4	5	2	0	3	0	0	0	3	0	0	2	1	5	0	1
ENSG00000130948	0	0	0	5	0	0	2	5	2	2	0	3	0	2	0	0	1	0	2	4	5	0	0	0	0	1	2	1
ENSG00000131007	0	0	0	0	0	0	0	0	0	0	0	0	0	0	0	0	0	0	0	0	0	0	0	0	0	0	0	0
ENSG00000131094	144	151	8	39	17	0	110	23	112	63	33	3	61	8	7	30	13	8	0	1	4	6	12	9	60	0	3	3
ENSG00000131142	0	0	2	6	0	16	0	8	0	9	0	4	0	0	0	0	0	0	8	0	0	14	36	47	7	0	0	6
ENSG00000131152	0	0	0	0	0	0	0	0	0	0	0	0	0	0	0	0	0	0	0	0	0	0	0	0	0	0	0	0
ENSG00000131355	0	2	43	3	4	1	12	2	0	0	20	8	42	5	5	2	4	6	10	4	0	0	0	20	15	0	8	13
ENSG00000131482	9	13	0	2	0	8	0	0	0	0	0	1	0	0	0	0	0	0	0	0	2	0	0	1	1	0	2	0
ENSG00000131538	0	0	0	0	0	0	0	0	0	0	0	0	0	0	0	0	0	0	0	0	0	0	0	0	0	0	0	0
ENSG00000131548	0	0	0	0	0	0	0	0	0	0	0	0	0	0	0	0	0	0	0	0	0	0	0	0	0	0	0	0
ENSG00000131738	0	0	0	0	0	0	0	0	0	0	0	0	0	0	0	0	0	0	0	0	0	0	0	0	0	0	0	0
ENSG00000131746	542	66	3415	313	2304	477	2257	7	766	201	853	190	919	119	960	2857	456	1338	836	1449	45	1270	13	815	3069	77	576	1448
ENSG00000131951	0	644	68	165	13	14	20	81	15	27	25	20	28	675	145	12	309	76	57	217	717	217	297	83	71	7	13	262
ENSG00000131982	0	0	0	0	0	0	0	0	0	0	0	0	0	0	0	0	0	0	0	0	0	0	0	0	0	0	0	0
ENSG00000132334	84	141	779	329	337	454	677	166	142	108	355	549	773	335	233	385	278	203	372	218	176	168	81	387	482	98	235	386
ENSG00000132429	0	17	0	34	3	22	25	139	8	71	8	14	7	10	14	7	11	13	102	8	18	4	223	12	5	100	23	36
ENSG00000132436	62	76	263	161	133	251	237	111	81	117	171	86	280	392	288	125	187	97	146	150	208	209	176	153	184	132	224	275
ENSG00000132437	0	14	3	75	31	423	4	89	2	0	20	13	43	434	36	32	3	20	28	9	13	21	1300	2	18	203	66	17
ENSG00000132446	0	0	0	0	0	0	0	0	0	0	0	0	0	0	0	0	0	0	0	0	0	0	0	0	0	0	0	0
ENSG00000132465	592	95	11724	1354	1666	3260	9051	405	5028	298	3063	1955	10094	4515	1187	788	1888	288	361	1175	485	8120	2887	5569	4536	334	1633	7916
ENSG00000132570	160	298	408	432	298	232	332	357	238	411	293	304	413	578	345	335	339	356	432	416	478	226	507	352	286	302	252	336
ENSG00000132604	487	477	1783	727	797	505	1643	1055	758	474	1018	734	1483	1065	1484	893	827	1122	914	1152	999	1156	766	873	1226	574	764	1259
ENSG00000132631	0	0	0	0	0	0	0	0	0	0	0	0	0	0	0	0	0	0	0	0	0	0	0	0	0	0	0	0
ENSG00000132693	0	2	0	4	0	0	0	0	0	0	0	0	0	0	0	25	1	0	4	0	0	5	0	0	0	0	0	0
ENSG00000132744	13	79	18	9	24	5	29	31	13	0	11	0	45	0	30	23	18	10	10	8	42827	10	8	14	28	4	0	10
ENSG00000132746	149	4149	133	1779	191	176	127	2569	322	1564	136	107	483	1202	74	125	610	222	391	505	11205	214	3564	186	57	108	205	541
ENSG00000132855	6	36	5	10	0	5	0	9	0	0	0	3	17	123	11	0	10	10	4	10	0	26	0	10	13	958	10	4
ENSG00000132872	30	0	24	40	6	19	23	0	68	0	34	2	120	10	25	17	22	2	4	2	2	71	19	49	10	56	26	12
ENSG00000132915	46	82	28	52	15	52	54	85	86	101	52	44	41	38	40	75	70	37	67	76	27	42	60	94	52	110	39	42
ENSG00000132932	34	30	33	222	38	706	37	36	45	1312	36	157	74	354	26	53	57	21	132	18	4	28	46	59	45	1320	427	72
ENSG00000132964	82	205	568	333	243	352	553	295	227	196	302	287	491	542	452	401	430	297	433	325	288	316	248	399	444	175	364	428
ENSG00000133020	0	6	0	9	0	0	0	0	0	2	17	1	0	0	2	1	0	0	0	0	0	0	0	0	2	0	0	0
ENSG00000133028	346	950	1093	967	603	429	1005	1227	625	609	814	734	1344	1631	1129	835	758	775	1003	1196	1245	1059	1193	1114	987	566	669	1082
ENSG00000133048	179	169	389	419	331	180	475	193	244	233	840	430	966	188	24	626	300	15	28	10	341	21	138	131	176	172	3669	337
ENSG00000133055	0	5	0	97	0	0	0	6	0	0	17	2	3	5	0	0	0	0	0	0	25	0	0	0	0	0	1	0
ENSG00000133063	13	34	224	33	183	43	50	130	40	53	1093	2081	269	86	0	809	59	0	1	0	32	14	225	66	5	34	3313	59
ENSG00000133135	15	0	176	26	141	28	92	0	75	0	67	53	80	12	120	59	24	128	62	69	20	176	8	27	126	148	17	102
ENSG00000133136	0	0	0	0	0	0	0	0	0	0	0	0	0	0	0	0	0	0	0	0	0	0	0	0	0	0	0	0
ENSG00000133169	33	18	79	125	104	14	59	0	83	20	204	29	183	25	297	72	83	142	51	192	16	250	2	30	254	44	27	226
ENSG00000133636	0	2	3	4	0	0	5	0	5	40	8	5	8	0	23	1	19	2	0	0	0	8	23	4	40	0	0	1
ENSG00000133703	415	340	1284	883	600	1033	1004	923	619	355	700	677	1795	1531	1133	502	525	679	1035	836	668	939	806	716	858	612	744	1138
ENSG00000133710	97	77	77	131	2546	242	528	19	198	2988	244	56	41	12	38	256	59	64	113	124	102	183	0	109	500	44	162	45
ENSG00000133863	0	2	1	0	0	0	2	0	0	0	2	0	13	4	3	3	0	2	2	0	0	0	0	1	8	0	1	5
ENSG00000133961	742	1305	2645	1537	1197	1625	2710	2219	1075	1440	1566	1571	2804	2600	2128	1522	1388	1489	1507	1607	1839	1676	1481	1721	2096	1363	1635	2184
ENSG00000134020	307	424	934	1150	118	17	479	522	333	174	612	157	548	627	1821	226	607	608	62	254	16	3210	1762	128	1360	178	16	1530
ENSG00000134028	20	12	81	81	20	78	272	153	6	16	62	32	125	56	42	33	81	10	10	2	11	0	26	23	193	10	128	96
ENSG00000134042	12	10	37	17	5	17	26	24	7	33	20	31	41	25	39	10	19	7	4	19	8	35	11	23	53	13	9	18
ENSG00000134121	13	10	845	162	293	45	267	8	59	2	158	330	351	229	941	353	28	150	188	91	42	105	49	254	279	66	124	511
ENSG00000134184	2	8	717	8	11	4	17	22	24	6	18	7	30	0	20	1848	6	14	4	393	78	10	0	184	14	4	367	7
ENSG00000134193	2954	27	86	31	13451	35	11	29	4708	69	61	12	4	29	27	79	19	90	45	39	39	59	87	33	17	178	12	129
ENSG00000134200	0	1	2	3	3	0	0	2	2	0	0	0	3	1	0	2	0	0	0	18	0	0	0	5	0	0	1	0
ENSG00000134240	2666	289	2775	8529	1366	433	1073	5115	4583	450	2289	281	767	688	3401	1626	1120	7111	1049	5790	22157	4756	2707	149	1968	1101	202	5682
ENSG00000134258	37	9	373	49	634	121	156	2	60	25	244	26	145	55	44	403	40	119	62	163	4	68	0	354	177	8	88	85
ENSG00000134323	0	4	6	0	2	0	1	0	0	0	0	2	5	1	0	0	0	0	0	7	6	0	0	0	0	0	10	3
ENSG00000134339	0	7	120	11	45	0	83	17	7	0	10	4	7	12	2	155	12	0	4	0	0	0	0	42	97	69	3	77
ENSG00000134389	0	0	0	0	0	0	0	0	0	0	0	0	0	0	0	0	0	0	0	0	0	0	0	0	0	0	0	0
ENSG00000134398	33	4	136	2	115	9	92	0	17	10	57	33	41	0	18	80	4	91	46	60	0	86	0	170	45	0	21	17
ENSG00000134443	0	0	35	6	89	18	32	0	32	4	49	6	38	4	40	104	11	51	53	20	0	44	0	26	34	10	5	60
ENSG00000134452	156	577	1834	924	567	722	2087	1260	556	644	791	1063	1834	1411	1351	972	730	980	972	1530	662	836	797	889	1302	422	771	1350
ENSG00000134504	415	476	1250	713	1036	474	1302	1304	779	598	912	513	1048	728	1140	1189	663	910	702	982	782	1043	695	474	1247	618	522	1148
ENSG00000134548	0	0	2	6	2	4	0	0	0	0	6	0	0	6	0	2	2	0	9	0	0	0	4	1	0	8	0	2
ENSG00000134595	0	0	2	0	3	0	0	0	0	0	0	0	0	0	0	0	0	23	10	0	0	0	0	0	1	1	0	0
ENSG00000134612	15	46	381	25	7	30	0	15	33	30	83	101	675	4143	3	0	46	191	129	7	28	165	118	559	0	2	5	453
ENSG00000134755	604	534	2167	1269	648	2729	1229	2867	900	950	1290	813	1780	3418	2855	539	1395	1965	1952	1369	2364	2310	1868	679	1586	2977	1384	2466
ENSG00000134760	3	4	2	4	0	4	0	2	31	9	8	0	16	32	12	0	5	12	0	0	0	0	0	0	0	2	0	9
ENSG00000134815	311	510	439	301	280	334	499	325	341	566	252	377	480	490	336	511	388	272	438	509	330	370	401	559	372	500	383	346
ENSG00000134824	3323	1908	2560	540	488	324	4828	6698	4073	651	816	654	4836	1446	7109	797	935	14045	3653	9623	9953	11785	4018	312	4354	390	199	2388
ENSG00000134827	52	0	28	8	103	0	2	0	13	0	14	2	4	19	0	13	1	7	2	0	21	0	0	13	48	0	413	17
ENSG00000134873	0	6	296	63	14	1	91	0	5	6	34	13	27	21	12	182	45	29	8	57	0	29	0	152	100	7	42	68
ENSG00000134940	0	17	2	5	2	30	0	34	0	115	2	75	15	56	2	3	66	26	136	0	11	24	24	25	3	240	51	6
ENSG00000134962	3	15	31	29	10	21	22	11	11	26	21	10	7	19	8	10	27	20	32	50	3	0	24	18	3	2191	14	24
ENSG00000135094	3	119	201	64	116	191	123	127	8	4	207	507	127	58	22	223	137	86	328	52	97	12	47	438	54	16	141	98
ENSG00000135205	89	811	285	393	398	1044	474	581	164	396	385	394	469	357	369	434	556	127	389	215	273	344	354	775	635	380	553	218
ENSG00000135222	0	0	0	0	0	0	0	0	0	0	0	0	0	0	0	0	0	0	0	0	0	0	0	0	0	0	0	0
ENSG00000135226	0	3	0	3	1	1	0	6	0	0	0	2	0	18	0	0	2	0	0	0	0	0	0	0	3	0	0	11
ENSG00000135245	133	93	151	222	213	221	252	207	166	214	193	197	204	242	141	177	142	268	206	182	193	162	174	171	178	221	97	182
ENSG00000135248	2	42	0	4	0	28	6	13	0	0	0	0	19	29	0	0	11	0	2	0	24	0	12	24	1	2	4	0
ENSG00000135298	25	19	94	26	16	48	105	5	19	28	14	50	92	24	34	24	15	20	15	23	0	32	2	14	71	18	29	36
ENSG00000135346	0	2	12	2	18	70	4	0	2	0	2	2	1	2	65	11	0	7	2	26	2	5	0	8	22	10	0	9
ENSG00000135355	0	0	0	0	0	0	0	0	0	0	0	0	0	0	0	0	0	0	0	0	0	0	0	0	0	0	0	0
ENSG00000135390	5407	3942	5543	6568	7784	4546	7231	8479	7224	4756	7829	6188	7771	7950	10131	8832	8157	8250	8139	9593	8873	11229	9656	4545	7297	5263	4923	10811
ENSG00000135413	0	0	0	0	0	0	0	0	0	0	0	0	0	0	0	0	0	0	0	0	0	0	0	0	0	0	0	0
ENSG00000135451	0	39	11	21	24	45	38	69	9	16	1	5	46	97	6	25	46	10	88	21	42	0	15	25	14	28	18	15
ENSG00000135480	839	9	1589	298	2013	198	1413	15	1230	49	849	81	622	176	515	2890	348	577	196	561	55	719	18	1005	942	29	282	635
ENSG00000135541	1137	3883	1233	4829	2028	4346	1742	1726	1401	4172	2566	3220	1887	2883	2220	2568	4591	681	4270	2344	1558	3676	2204	5580	3692	4662	4011	1891
ENSG00000135747	0	2	1	6	1	0	1	2	6	0	0	0	0	3	0	0	0	1	2	2	0	1	6	5	7	3	0	0
ENSG00000135902	0	5	0	25	0	0	0	2	0	0	17	0	0	0	0	0	1	0	0	0	0	0	4	0	0	0	0	0
ENSG00000135914	0	0	9	16	10	16	10	0	0	15	4	28	37	61	5	2	17	2	24	0	21	9	0	13	3	12	3	0
ENSG00000135925	112	20	149	2	439	54	61	0	160	27	136	54	113	6	35	150	27	86	36	89	9	41	4	62	68	4	28	33
ENSG00000135960	78	11	30	2	36	14	61	0	149	11	25	8	111	6	18	6	2	23	7	59	2	51	0	4	26	16	6	14
ENSG00000136099	16	0	299	19	273	22	80	0	44	0	50	22	88	17	14	183	10	12	28	23	0	28	0	54	93	0	23	42
ENSG00000136100	1196	1066	2164	1705	1923	1434	2239	2229	1714	2047	2263	2253	2648	1554	2707	1879	1607	1463	2252	1658	1821	1816	1755	1273	2566	2625	2154	2507
ENSG00000136111	97	1242	1831	2880	554	1486	2096	4141	345	912	776	1805	1683	5837	3003	703	1691	743	1202	1199	2758	2075	2808	714	1737	863	1824	2853
ENSG00000136244	19	20	227	305	934	320	255	56	19	24	219	99	643	89	14	218	399	47	66	97	30	330	42	211	215	27	42	669
ENSG00000136352	0	0	0	0	0	0	0	0	0	18	0	0	0	0	0	2	0	0	2	0	0	0	0	3	0	10	10	2
ENSG00000136371	46	81	65	113	78	61	100	127	100	53	68	76	140	128	193	129	101	163	93	182	114	170	198	85	107	139	69	103
ENSG00000136487	0	0	0	0	0	0	0	0	0	0	0	0	0	0	0	0	0	0	0	0	0	0	0	0	0	0	0	0
ENSG00000136531	2	41	20	43	25	130	148	127	37	179	8	116	212	79	22	16	45	30	89	13	3	8	0	58	55	540	128	23
ENSG00000136541	0	16	7	4	0	18	34	4	0	22	4	39	17	7	2	11	18	0	12	0	17	0	24	6	16	2	15	6
ENSG00000136573	0	34	4	5	6	15	39	19	2	2	28	12	71	4	4	16	17	2	1	13	20	2	0	16	61	1	4	19
ENSG00000136574	0	35	3	14	8	6	25	7	2	0	0	7	4	27	0	0	7	1	17	2	0	0	29	2	0	5	0	2
ENSG00000136695	0	0	0	0	2	7	0	0	0	0	2	0	0	20	0	0	0	0	0	0	0	0	3	0	0	0	0	2
ENSG00000136830	1700	1076	4214	1889	2398	1443	3839	2637	2725	991	1758	1335	2919	3090	3289	3123	1380	3604	2020	4522	2284	2294	1784	1820	2343	767	853	3580
ENSG00000136839	0	0	0	0	0	0	0	0	0	0	0	0	0	0	0	0	0	0	0	0	0	0	0	0	2	0	0	0
ENSG00000136861	566	1288	2668	1583	1055	2127	1980	1130	1148	1286	1459	1508	2129	1897	1612	1508	1638	961	1474	1366	1822	1829	1040	1420	1640	989	1298	1611
ENSG00000136866	39	55	78	59	111	264	109	66	40	162	111	152	278	190	211	85	63	42	49	49	38	55	44	36	120	119	107	77
ENSG00000136870	191	291	1111	1053	348	1083	1041	969	377	435	664	942	1380	1211	1528	462	798	411	893	776	739	1332	948	588	1573	556	1195	1148
ENSG00000137076	5485	4429	9158	3648	4486	2284	17708	4773	6164	3860	4472	4905	15325	5424	4537	7042	3065	4482	3688	7455	2689	4575	2781	2938	6633	1907	2912	6430
ENSG00000137090	0	0	0	0	0	0	0	0	0	0	0	0	0	0	0	0	0	0	0	0	0	0	0	0	0	0	0	0
ENSG00000137193	355	547	1723	699	1736	2727	2449	766	448	569	1546	2053	1939	967	440	1186	860	892	1409	1865	468	1398	909	1751	746	167	707	1055
ENSG00000137270	0	9	2	5	0	0	1	4	0	0	0	1	1	6	4	0	2	0	6	0	0	0	0	6	2	0	4	0
ENSG00000137393	934	765	3767	1105	1878	1849	2140	1734	1650	1113	2412	1607	2320	2785	2057	1440	1434	1632	1375	2293	4711	3717	1375	2410	1292	1251	1643	2272
ENSG00000137440	24	4	74	17	814	135	113	0	6	9	178	8	46	2	20	101	26	12	10	73	0	69	0	18	102	0	8	60
ENSG00000137474	74	254	104	46	34	86	245	123	52	195	75	128	206	191	96	104	134	75	43	91	59	73	90	150	116	80	110	163
ENSG00000137486	440	562	1887	953	745	482	1644	955	930	452	904	677	1492	1001	1122	1300	642	909	624	1567	787	1197	833	744	968	525	381	1364
ENSG00000137634	839	0	233	9	173	101	0	2	1443	0	57	19	66	12	75	61	3	21	15	21	0	260	0	97	36	11	24	13
ENSG00000137648	34	17	96	7	797	54	54	13	57	22	249	20	7	6	3	124	28	103	25	93	12	10	35	17	121	10	19	34
ENSG00000137673	589	273	8716	2352	13647	2124	14057	3102	569	362	8311	667	10023	6049	1387	8578	4421	79	532	338	812	2090	414	5886	5360	1022	2625	3432
ENSG00000137674	0	7	6	0	0	0	5	12	0	0	1	0	4	5	0	2	4	0	0	0	0	0	0	0	0	0	0	1
ENSG00000137699	1485	339	5898	353	5473	553	3748	46	1664	277	2760	520	2692	219	1967	3233	375	2042	1026	4692	228	2594	47	998	4210	89	377	1975
ENSG00000137707	0	3	0	0	0	0	0	0	4	0	0	0	2	0	0	0	2	0	0	2	0	0	0	0	0	0	0	0
ENSG00000137745	0	6	30	0	26	17	19	0	3	0	91	4	31	22	0	32	0	1	4	0	0	0	0	8	2	2	11	0
ENSG00000137757	0	2	2	0	2	7	2	0	0	0	0	3	2	4	5	0	2	0	2	0	0	8	0	0	1	0	2	2
ENSG00000137766	0	0	2	0	3	2	1	7	2	0	2	0	4	1	0	3	0	0	1	0	0	0	0	0	2	2	0	12
ENSG00000137834	216	202	265	142	232	134	280	197	310	207	357	164	604	225	58	204	110	116	206	374	75	53	62	143	146	122	77	89
ENSG00000137857	1459	269	673	100	810	163	967	35	1276	234	543	170	912	62	385	872	100	452	211	765	19	622	51	304	864	45	171	400
ENSG00000137968	0	23	42	11	11	184	6	30	17	34	6	0	6	42	12	16	6	10	10	2	0	0	25	17	15	105	259	17
ENSG00000137975	68	12	47	7	364	40	154	0	107	32	210	0	38	210	106	117	8	101	20	82	0	42	27	45	291	0	14	42
ENSG00000137976	452	38	26	41	139	590	12	66	607	479	78	180	220	705	31	12	176	142	223	327	1190	142	788	62	13	36	165	149
ENSG00000138068	0	0	0	0	0	0	0	0	0	0	0	0	9	5	0	0	0	3	2	0	1	0	0	0	0	0	3	0
ENSG00000138161	0	0	0	4	3	2	6	0	0	4	1	2	2	5	0	0	0	1	2	0	0	0	0	0	2	3	1	0
ENSG00000138271	34	2	119	10	71	23	119	0	44	5	59	4	40	10	82	45	5	13	15	32	17	43	0	25	125	4	8	43
ENSG00000138315	0	2	0	0	0	8	0	12	0	2	0	0	0	0	0	6	4	9	1	0	2	0	0	2	1	0	2	0
ENSG00000138435	2	5	4	137	4	3	0	6	0	0	92	137	26	7	0	3	2	0	5	0	41	0	48	3	4	4	54	4
ENSG00000138615	8	63	67	109	22	120	100	80	25	78	39	262	740	89	92	28	51	87	298	109	95	83	45	77	71	64	117	111
ENSG00000139144	0	15	38	4	12	4	146	4	25	15	31	14	54	1	42	16	29	17	18	39	0	39	6	2	163	0	6	28
ENSG00000139151	0	7	0	1	0	0	4	0	0	5	0	0	0	1	0	0	1	1	0	0	0	0	0	0	4	0	1	0
ENSG00000139173	160	175	310	268	190	200	445	329	177	250	211	278	330	219	396	299	189	179	323	201	266	167	238	232	341	226	228	281
ENSG00000139178	525	496	2853	808	1256	1332	3505	1384	899	1226	1043	1229	2442	847	1793	2119	930	1254	1484	1234	275	1252	1033	1466	2016	766	1870	1917
ENSG00000139180	321	344	400	602	730	494	380	360	665	486	596	582	467	409	881	631	572	603	677	458	964	741	563	463	614	399	386	502
ENSG00000139218	1453	2348	3226	3409	2957	3992	3667	2919	2257	3648	3084	3459	4283	4331	3810	2729	3552	1848	4162	2200	2790	3732	2674	3997	4273	4221	3302	3567
ENSG00000139219	6	3	48	4	143	9873	2	3	19	498	319	628	4	0	19	8	5	9	6	14	4	4	0	4	16	4	210	148
ENSG00000139220	27	318	58	946	69	9941	55	17	29	292	23	1034	147	151	20	11	23	22	17	12	79	30	8	365	20	112	137	23
ENSG00000139278	493	196	751	500	302	549	1283	525	758	314	439	866	1428	711	509	278	379	173	460	273	401	685	214	523	607	216	465	550
ENSG00000139292	11	20	50	24	1	31	349	30	35	24	9	8	60	23	28	17	18	2	11	43	2	0	2	8	53	14	18	30
ENSG00000139304	28	6	48	27	33	31	23	2	41	0	59	14	130	51	28	15	68	14	9	73	2	46	0	27	99	2	27	47
ENSG00000139445	0	81	13	1	0	41	0	0	2	0	0	4	10	12	0	1	79	3	2	4	0	0	2	14	0	0	20	20
ENSG00000139549	11	9	28	13	26	10	6	2	0	1	17	30	10	22	21	17	4	10	4	24	9	0	0	12	4	12	11	9
ENSG00000139626	2	10	66	4	4	16	65	29	6	4	12	54	98	16	2	11	6	10	17	64	12	2	1	19	49	0	4	29
ENSG00000139675	0	0	0	0	0	0	0	0	0	0	0	0	0	0	0	0	0	0	0	0	0	0	0	0	0	0	0	0
ENSG00000139780	0	1	4	16	0	0	0	0	2	2	6	2	0	0	4	0	0	0	0	0	0	0	0	3	2	0	0	0
ENSG00000139800	0	0	0	89	1	246	0	0	0	19	0	21	15	59	0	0	2	0	0	0	0	0	0	0	0	312	199	2
ENSG00000139826	153	165	532	503	510	378	713	401	278	221	446	410	714	906	954	474	410	431	444	444	455	551	357	447	720	275	409	773
ENSG00000139874	0	21	149	12	66	263	38	29	25	13	95	56	24	93	13	25	4	42	50	55	57	4	6	161	27	45	17	54
ENSG00000139908	16	62	70	44	21	67	107	101	10	90	39	68	111	98	35	49	54	23	91	63	31	31	9	93	93	66	51	55
ENSG00000139915	0	0	7	2	0	0	0	0	0	2	2	0	0	0	2	8	0	0	0	4	0	0	0	7	2	2	2	0
ENSG00000140067	0	0	0	0	0	0	0	0	0	0	0	0	0	0	0	0	0	0	0	0	0	0	0	0	0	0	0	0
ENSG00000140254	486	46	206	25	293	60	289	2	488	36	235	29	431	2	125	204	36	104	53	190	6	276	0	127	291	11	37	84
ENSG00000140287	0	87	190	169	28	92	334	236	20	65	135	168	410	25	89	89	127	15	53	101	82	101	74	305	282	7	67	64
ENSG00000140297	0	2	43	13	48	3	3	0	24	7	9	6	7	2	3	55	14	49	23	22	3	14	0	20	61	16	14	44
ENSG00000140320	248	133	766	305	285	208	727	409	298	153	310	242	695	514	530	491	162	331	247	684	233	406	398	231	427	91	140	443
ENSG00000140478	0	0	0	0	0	0	0	0	0	0	0	0	0	0	0	0	0	0	0	0	0	0	0	0	0	0	0	0
ENSG00000140479	26	113	283	140	52	193	203	342	74	106	57	206	315	474	135	76	129	54	139	140	199	90	64	179	122	101	190	423
ENSG00000140506	9	110	85	270	5	21	326	150	12	6	5	5	308	198	129	16	40	141	82	291	96	80	35	33	224	4	6	94
ENSG00000140519	3	0	22	0	348	30	3	0	35	0	53	4	10	1	6	90	4	47	4	38	3	21	0	3	43	0	4	24
ENSG00000140527	46	562	85	225	61	120	118	416	28	86	60	81	190	504	61	49	221	72	317	452	250	155	705	463	69	89	48	204
ENSG00000140612	1764	1196	1992	2395	2699	2478	3021	2682	2261	1839	2856	2333	2798	2712	3746	2936	2183	2309	2489	2596	3683	3664	2047	1753	2333	1788	2042	2860
ENSG00000140798	6	32	2	0	1	3	0	0	28	0	4	2	10	4	0	0	1	0	10	0	147	0	4	16	0	0	0	8
ENSG00000140873	9	51	11	12	0	1	58	0	87	59	14	5	20	0	6	25	6	8	10	24	1	8	0	0	157	3	0	6
ENSG00000140945	26	8	203	149	40	60	318	82	10	30	65	89	217	161	71	57	24	18	37	58	14	0	19	59	198	15	24	148
ENSG00000140993	25	41	65	60	34	125	45	73	35	82	68	97	116	181	78	47	62	28	104	43	49	64	98	65	92	54	55	107
ENSG00000141028	0	5	1	0	1	0	1	0	0	3	0	1	5	1	5	2	4	1	1	0	4	0	0	2	0	0	3	5
ENSG00000141086	0	1	3	0	0	0	6	3	2	1	0	2	2	2	1	0	0	1	0	2	0	0	0	8	4	2	1	0
ENSG00000141161	2	1	4	65	0	5	2	2	5	0	39	3	1	0	4	7	0	2	2	0	24	0	16	2	4	0	0	0
ENSG00000141194	10	0	0	1	0	4	5	1	0	2	2	2	0	0	2	0	0	1	3	0	0	4	0	1	0	2	0	5
ENSG00000141385	225	405	1300	877	477	662	1310	976	381	357	706	575	992	1097	1274	671	803	789	719	1095	949	834	586	753	1082	403	511	1208
ENSG00000141433	0	5	4	52	46	46	328	35	0	0	24	13	45	4	8	42	23	6	14	56	29	16	72	9	97	9	10	34
ENSG00000141434	2	0	1	1	1	4	6	0	0	5	1	2	0	5	0	0	0	0	5	1	0	0	4	0	3	2	1	0
ENSG00000141579	162	10	293	46	662	60	291	28	241	60	459	146	326	11	195	312	24	344	104	283	4	134	0	82	332	48	87	251
ENSG00000141627	946	1149	2476	1632	1493	1421	2861	2235	1373	1053	2121	1474	2131	1901	2081	2222	1777	1681	1369	2511	1511	2047	1464	1511	1994	797	1402	2340
ENSG00000141655	145	112	478	221	233	40	230	269	395	94	112	137	293	230	175	108	98	108	322	147	130	112	151	185	175	132	173	232
ENSG00000141668	5	22	71	14	8	923	4	8	52	0	17	57	36	166	13	2	49	13	3	36	13	35	72	55	10	35	32	74
ENSG00000141738	167	352	465	213	505	357	665	370	290	260	327	224	428	389	232	573	287	301	410	494	221	547	627	826	320	150	201	433
ENSG00000141744	39	76	3	19	7	6	90	50	87	126	4	4	11	1	8	31	23	7	0	0	2	5	2	5	51	6	2	6
ENSG00000141977	8	5	0	0	6	2	4	0	0	0	0	2	0	0	0	1	0	0	3	2	10	0	0	0	0	3	0	2
ENSG00000142163	0	0	0	0	0	0	0	0	0	0	0	0	0	0	0	0	0	0	0	0	0	0	0	0	0	0	0	0
ENSG00000142178	0	0	1	8	801	362	29	0	11	2	3	7	48	11	4	9	1	1	0	60	5	146	38	5	31	1	9	6
ENSG00000142273	141	270	206	176	289	410	148	373	196	739	168	373	211	299	298	291	288	253	469	277	376	281	286	290	189	274	358	351
ENSG00000142319	0	40	2	43	2	0	6	87	1	10	0	0	3	67	14	4	39	5	5	12	4	2	10	25	12	4	4	28
ENSG00000142408	16	12	11	12	6	25	12	0	9	13	15	52	37	4	1	17	2	6	7	15	13	11	0	45	17	5	1	7
ENSG00000142511	0	0	0	0	0	0	0	0	0	0	0	0	0	0	0	0	0	0	0	0	0	0	0	0	0	0	0	0
ENSG00000142538	0	0	0	0	0	0	0	0	0	0	0	0	0	0	0	0	0	0	0	0	0	0	0	0	0	0	0	0
ENSG00000142539	0	0	0	0	0	0	0	0	0	0	0	0	0	0	0	0	0	0	0	0	0	0	0	0	0	0	0	0
ENSG00000142583	341	166	424	119	360	46	2215	77	529	76	378	112	2937	147	1889	318	181	1076	138	2860	282	1669	37	162	1260	58	106	621
ENSG00000142619	19	0	11	0	25	0	0	0	23	0	22	4	0	0	13	15	0	45	4	70	0	25	0	2	0	0	0	2
ENSG00000142623	0	2	3	0	3	1	7	0	0	0	9	2	4	2	2	6	0	0	0	0	0	0	0	2	6	4	0	0
ENSG00000142684	0	0	0	0	0	0	0	0	0	0	0	0	0	0	0	0	0	0	0	0	0	0	0	0	0	0	0	0
ENSG00000142694	0	0	0	0	0	0	0	0	0	0	0	0	0	0	0	0	0	0	0	0	0	0	0	0	0	0	0	0
ENSG00000142700	0	1	0	0	0	0	0	0	5	5	2	6	0	0	0	0	2	4	2	7	0	0	0	4	0	0	0	0
ENSG00000142731	4	59	32	52	31	103	84	50	23	29	18	65	118	90	73	26	64	27	81	38	65	11	36	52	85	42	29	40
ENSG00000142892	325	316	666	991	452	759	956	903	471	272	663	621	1244	2231	1563	421	637	591	888	699	1641	828	944	528	938	312	402	1108
ENSG00000142973	538	38	718	95	1713	137	609	11	614	53	1002	113	356	33	370	1516	158	304	61	771	86	247	22	153	710	71	208	585
ENSG00000143006	0	0	0	0	0	0	0	0	0	0	0	0	0	0	0	0	0	0	0	0	0	0	0	0	0	0	0	0
ENSG00000143127	23	44	93	208	20	104	171	65	31	160	25	66	102	92	38	115	88	30	115	50	27	72	55	174	206	79	139	60
ENSG00000143199	17	44	17	23	8	17	6	45	10	10	1	24	51	64	15	1	22	11	39	7	46	0	29	22	10	21	21	19
ENSG00000143303	308	554	684	468	610	673	703	687	508	552	537	583	654	591	944	629	530	848	740	865	538	675	597	584	813	337	460	813
ENSG00000143355	0	3	0	0	0	6	0	0	0	0	0	12	7	0	0	0	0	0	0	0	0	0	0	5	2	0	2	0
ENSG00000143393	824	1112	2639	1489	1358	1009	3088	1951	1324	1056	1230	1453	2780	2247	2036	1844	1324	1606	1685	2778	1420	1915	1709	1705	2127	560	992	2327
ENSG00000143412	119	47	205	50	196	33	236	150	59	64	69	82	238	226	155	101	120	122	85	229	87	67	107	153	113	23	48	160
ENSG00000143469	0	2	13	2	3	0	3	0	7	3	8	2	27	472	33	0	6	5	0	65	0	3	0	4	14	2	1	11
ENSG00000143546	2	47	241	463	280	314	197	64	12	13	150	22	326	89	277	463	292	72	116	130	45	20	2	189	257	62	39	206
ENSG00000143556	0	0	3	0	6	7	9	4	0	0	5	0	2	0	0	4	0	0	0	0	0	0	0	0	2	0	0	0
ENSG00000143627	0	0	0	0	0	1	0	0	0	0	0	4	0	0	0	0	0	2	0	18	0	0	0	7	2	0	0	2
ENSG00000143631	6	28	42	1	0	1	61	8	3	14	1	7	25	12	4	8	4	8	7	0	10	0	0	1	17	0	5	12
ENSG00000143632	28	12	5	783	21	10	3	59	11	4	642	1	2	6	72	16	6	20	14	22	185	13	75	4	12	15	10	9
ENSG00000143933	8355	5422	12131	16317	12340	12078	12018	13284	12982	6956	17186	10283	16428	14256	16125	14203	10079	15910	11542	11115	18905	15706	14687	7758	11529	10048	9931	14591
ENSG00000143970	369	472	2042	924	870	770	1539	889	771	745	826	852	1554	1525	958	917	771	509	827	759	625	593	569	882	1071	935	859	1207
ENSG00000144028	1476	2349	8215	3197	2310	2849	7460	4032	2571	2534	2695	2731	7111	4764	5118	3828	2838	3259	2737	5226	2583	3255	2468	2800	4863	1944	2229	5847
ENSG00000144119	0	0	0	0	0	0	0	0	0	0	0	0	0	0	0	0	0	0	0	0	0	0	0	0	0	0	0	0
ENSG00000144229	18	2	92	21	48	33	127	0	22	30	16	20	188	78	417	65	0	57	40	2	0	38	0	8	109	17	18	42
ENSG00000144278	78	220	45	26	8	39	597	154	80	282	4	131	98	68	14	22	112	0	3	4	37	40	11	76	106	15	59	15
ENSG00000144285	22	13	0	2	0	0	0	0	4	0	1	0	0	0	2	0	0	0	0	2	0	2	0	0	0	0	0	0
ENSG00000144290	0	3	20	10	0	34	39	36	7	3	5	27	15	24	21	3	1	3	2	15	14	0	0	63	6	13	10	24
ENSG00000144339	143	4606	922	14576	715	7605	7791	21512	367	4558	1690	724	2086	8739	5158	515	7394	1297	313	6771	3699	1576	12308	16639	2974	656	4432	4123
ENSG00000144355	0	139	2	97	5	54	16	715	7	907	2	290	52	542	2	4	34	176	883	0	300	0	115	161	9	780	157	74
ENSG00000144452	0	13	14	12	14	40	43	43	8	6	5	13	14	3	19	10	14	0	3	32	0	0	0	4	22	12	0	18
ENSG00000144550	0	6	0	2	0	0	4	0	2	2	0	3	0	2	1	0	5	2	3	5	3	0	0	4	2	0	1	3
ENSG00000144583	0	18	7	6	4	2	2	0	0	0	5	8	10	4	4	4	0	10	2	8	2	0	0	0	6	19	4	1
ENSG00000144802	142	221	2045	778	1630	2918	1562	618	542	360	581	895	2378	1066	415	652	968	95	617	745	215	806	992	1510	1099	345	1171	1867
ENSG00000144810	618	866	1846	1891	1688	4220	4238	1538	595	1912	1294	2614	4007	3362	537	2093	1710	1443	2470	851	1230	478	422	1375	1681	1500	1643	1118
ENSG00000145113	264	74	642	27	2082	370	665	38	294	54	356	32	168	70	65	877	51	127	71	271	10	153	15	199	332	12	125	114
ENSG00000145192	0	6	2	0	0	0	0	0	1	0	0	0	0	0	2	0	1	0	0	3	1	9	17	1	0	0	0	0
ENSG00000145337	0	0	0	0	0	0	0	0	0	0	0	0	0	0	0	0	0	0	0	0	0	0	0	0	0	0	0	0
ENSG00000145384	0	1	2	0	4	0	0	0	0	5	0	6	0	4	0	4	6	0	0	0	0	0	0	0	2	1	2	2
ENSG00000145439	327	663	632	715	457	1447	1019	1088	643	1211	839	968	1138	2431	939	391	1038	393	1058	712	1035	998	1015	507	735	1734	1182	1126
ENSG00000145626	0	4	0	4	0	0	63	0	0	4	0	0	13	0	13	0	4	10	2	4	0	4	0	0	65	0	0	0
ENSG00000145649	47	65	124	65	139	217	258	132	133	94	146	319	217	119	84	47	62	15	51	104	103	13	61	50	180	54	31	101
ENSG00000145681	34	68	2	44	17	33	213	55	38	182	29	2	29	11	9	20	143	18	10	0	6	0	18	17	217	4	8	0
ENSG00000145808	0	43	10	84	4	32	21	31	0	12	61	31	18	8	2	24	20	4	1	0	13	6	14	4	20	10	7	2
ENSG00000145824	468	53	658	1778	698	1213	945	442	695	185	325	3371	2704	2531	124	443	197	1403	5285	535	4491	457	102	620	186	2790	2600	542
ENSG00000145826	0	5	0	2	0	2	15	0	2	2	3	0	1	0	0	6	1	0	0	0	2	2	0	0	7	0	1	0
ENSG00000145832	0	2	38	29	12	10	16	69	10	18	5	27	26	130	41	3	41	43	32	28	252	65	43	62	3	11	30	57
ENSG00000145835	0	0	0	0	0	0	0	0	0	0	0	0	0	0	0	0	0	0	0	0	0	0	0	0	0	0	0	0
ENSG00000145850	6	19	8	11	2	3	21	4	4	4	3	5	35	102	7	0	15	12	0	10	0	49	37	2	12	0	4	38
ENSG00000145864	25	3	15	53	12	6	0	0	15	5	56	34	7	14	24	0	4	0	23	37	5	46	8	13	6	5	11	21
ENSG00000145882	156	531	413	316	399	515	440	328	338	486	365	523	605	610	537	340	448	345	589	478	471	312	280	591	414	331	484	611
ENSG00000145920	0	0	5	104	8	10	4	0	2	5	0	0	5	2	12	10	0	14	16	2	11	9	0	6	4	99	4	5
ENSG00000146013	79	0	60	12	89	10	29	0	122	0	80	112	55	14	121	123	2	230	66	68	7	40	14	33	38	35	44	43
ENSG00000146038	59	9	300	69	63	84	205	0	67	115	67	58	322	1093	103	70	455	104	135	98	43	174	41	301	87	27	48	265
ENSG00000146039	4	11	0	5	1	0	0	3	2	0	0	0	0	3	0	0	9	0	0	0	4	0	0	8	0	551	5	2
ENSG00000146147	0	6	9	71	0	1	0	6	8	4	32	6	8	7	1	0	2	1	1	0	0	0	6	3	1	18	4	15
ENSG00000146166	2	14	32	6	2	0	42	0	14	58	9	17	26	2	0	64	2	14	8	0	0	0	0	26	9	0	6	10
ENSG00000146243	45	139	156	130	136	252	373	178	118	251	126	140	506	291	209	157	154	130	156	200	164	183	121	215	268	171	214	259
ENSG00000146276	0	2	6	2	0	0	0	0	0	1	9	6	0	1	0	2	1	0	2	0	0	0	0	7	0	0	0	0
ENSG00000146360	0	0	0	0	0	0	0	0	0	0	0	0	0	0	0	0	0	0	0	0	0	0	0	0	0	0	0	0
ENSG00000146378	0	0	0	0	0	0	0	0	0	0	0	0	0	0	0	0	0	0	0	0	0	0	0	0	0	0	0	0
ENSG00000146383	0	0	0	0	0	0	0	0	0	0	0	0	0	0	0	0	0	0	0	0	0	0	0	0	0	0	0	0
ENSG00000146385	0	0	0	0	0	0	0	0	0	0	0	0	0	0	0	0	0	0	0	0	0	0	0	0	0	0	0	0
ENSG00000146469	4	20	4	13	0	15	4	0	2	9	16	17	22	7	11	15	0	0	6	0	0	12	15	13	8	32	181	12
ENSG00000146666	0	0	0	1	0	0	2	2	0	0	0	0	11	0	0	4	0	0	0	0	0	0	5	10	2	0	2	0
ENSG00000146802	537	747	1488	1414	1272	1936	1393	1276	1066	1030	1201	1351	1659	1944	1832	980	1113	844	1502	1161	1379	1874	1622	1507	1630	956	1480	2087
ENSG00000146809	0	1	0	9	0	6	5	0	0	2	8	0	0	4	0	0	7	0	0	0	4	0	4	2	0	0	0	2
ENSG00000146904	144	139	222	139	275	151	305	120	160	160	185	153	188	154	254	290	72	270	234	272	126	154	127	181	253	103	155	164
ENSG00000147138	15	26	119	46	42	79	78	77	5	30	55	203	205	63	30	25	26	14	33	50	25	0	10	49	72	24	24	50
ENSG00000147183	0	0	0	0	0	0	0	0	0	0	0	0	0	0	0	0	0	0	0	0	0	0	0	0	0	0	0	0
ENSG00000147256	0	21	2	122	4	27	0	6	0	2	5	4	12	12	2	0	50	0	0	41	0	0	167	7	0	2	4	52
ENSG00000147316	247	777	936	875	525	596	1168	868	544	639	748	673	1223	1014	1079	718	819	628	1007	1041	521	786	779	703	1024	718	451	1039
ENSG00000147571	0	0	0	0	0	0	0	0	0	0	0	0	0	0	0	0	0	0	0	0	0	0	0	0	0	0	0	0
ENSG00000147573	4	5	0	10	0	0	0	0	0	3	6	0	0	2	0	2	0	0	0	0	0	0	0	2	4	0	4	0
ENSG00000147588	60	22	44	19	72	14	15	0	63	0	88	268	100	64	141	51	8	69	55	24	24	78	4	49	30	46	73	60
ENSG00000147606	0	16	4	30	0	10	18	4	15	21	2	9	28	27	8	0	47	4	32	27	1	21	1	33	21	16	18	30
ENSG00000147613	0	2	0	0	0	0	0	0	0	0	0	0	0	0	0	0	0	0	0	0	0	0	0	0	0	0	0	0
ENSG00000147647	48	28	248	22	86	4	204	17	89	7	222	32	159	2	995	100	26	289	31	538	249	337	0	4	274	7	4	346
ENSG00000147724	0	6	6	28	9	259	10	10	19	0	18	8	26	26	14	13	92	19	9	10	2	24	4	2	10	0	5	51
ENSG00000147753	0	0	0	0	0	0	0	0	0	0	0	0	0	0	0	0	0	0	0	0	0	0	0	0	0	0	0	0
ENSG00000147761	0	0	0	0	0	0	0	0	0	0	0	0	0	0	0	0	0	0	0	0	0	0	0	0	0	0	0	0
ENSG00000147804	464	402	155	246	309	219	410	439	337	450	175	97	325	331	216	216	244	288	394	392	852	449	23	168	137	332	76	225
ENSG00000148019	275	701	599	1115	376	1593	740	832	394	843	700	768	759	1126	652	499	815	361	840	746	893	489	660	790	730	1123	722	664
ENSG00000148154	239	373	1646	1231	1121	1197	1876	1170	497	602	1292	1284	1894	1549	1180	909	920	660	849	1096	1367	1628	945	1010	1262	507	818	1571
ENSG00000148156	0	0	0	0	0	0	0	0	0	0	0	0	0	0	0	0	0	0	0	0	0	0	0	0	0	0	0	0
ENSG00000148341	1373	3188	1584	1151	1160	2254	2691	2099	1624	2248	1026	1884	3586	2892	1225	1778	1219	824	2308	2617	1986	2227	2580	2049	1443	578	1350	1488
ENSG00000148346	810	15	4042	178	5587	84	1456	2100	7680	90	386	78	286	69	187	3963	1172	188	263	415	180	194	140	825	2093	836	111	1120
ENSG00000148386	0	0	0	0	0	0	0	0	0	0	0	0	0	0	0	0	0	0	0	0	0	0	0	0	0	0	0	0
ENSG00000148459	50	94	103	130	102	214	129	161	114	100	96	123	115	173	162	52	115	97	110	140	152	121	133	83	148	130	139	133
ENSG00000148482	0	2	2	0	2	0	2	0	8	0	0	0	0	2	0	0	2	0	1	0	0	4	0	0	0	10	4	2
ENSG00000148488	0	256	332	216	72	172	367	846	55	75	288	153	345	474	680	85	246	243	221	488	558	337	381	184	396	173	12	585
ENSG00000148513	0	36	7	80	4	5	0	51	6	54	0	6	17	254	0	0	1	0	0	12	24	2	4	5	2	0	0	2
ENSG00000148671	0	0	0	0	0	0	0	0	0	0	0	0	0	0	0	0	0	0	0	0	0	0	0	0	0	0	0	0
ENSG00000148677	0	14	36	515	18	22	263	38	6	35	204	0	33	15	4	11	13	2	0	4	61	90	8	37	24	17	12	42
ENSG00000148719	1148	1145	1880	1421	1378	1134	2616	1610	1431	958	1291	1279	2106	2144	2075	1831	1203	1774	1245	2242	1625	2024	1584	1235	1722	892	1155	2002
ENSG00000148795	0	4	5	2	4	15	4	0	0	28	5	13	48	4	9	2	1	1	8	12	0	3	7	14	2	3	9	5
ENSG00000149021	238	9	301	123	266	32	363	19	374	40	543	7	102	0	224	70	82	893	34	296	25	163	0	15	570	12	0	136
ENSG00000149133	0	0	0	0	0	0	0	0	0	0	0	0	0	0	0	0	0	0	0	0	0	0	0	0	0	0	0	0
ENSG00000149357	1799	1185	2258	1987	2331	2073	1905	1882	2855	711	1961	1456	1929	1607	3295	2343	1560	3352	1643	2492	2413	2535	2589	1295	1727	1013	1310	2733
ENSG00000149435	4	8	0	0	0	0	4	0	2	1	2	0	0	2	0	0	0	2	1	8	1	0	3	0	0	0	0	2
ENSG00000149443	0	0	0	0	0	0	0	0	0	0	0	0	0	0	0	0	0	0	0	0	0	0	0	0	0	0	0	0
ENSG00000149452	0	13	0	3	0	5	0	4	0	2	3	0	0	0	2	4	1	0	4	0	0	0	6	3	0	2	0	2
ENSG00000149557	133	144	555	180	282	225	664	283	422	162	420	287	363	220	262	339	153	300	166	317	91	218	126	195	306	85	132	207
ENSG00000149596	430	688	987	745	585	217	2483	514	861	420	1085	608	1935	279	813	1402	321	491	435	983	475	729	219	535	1144	147	514	623
ENSG00000149654	13	3	60	4	12	2	21	0	39	0	20	2	65	2	23	22	0	16	19	85	0	12	0	10	19	4	4	19
ENSG00000149742	0	16	0	14	3	0	2	6	0	0	2	4	0	0	2	0	0	0	0	0	0	0	0	0	0	0	0	0
ENSG00000149782	232	394	482	308	402	189	687	414	417	286	349	306	554	498	394	446	242	275	382	672	441	259	328	358	360	226	192	390
ENSG00000149968	0	2	13	54	4	13	51	8	0	0	11	2	30	14	0	19	15	0	0	3	15	8	25	18	16	3	1	0
ENSG00000149972	26	9	15	8	4	9	7	0	17	0	3	22	89	48	4	0	0	4	8	4	0	0	0	12	6	2	11	2
ENSG00000150244	0	0	0	0	0	0	0	0	0	0	0	0	0	0	0	0	0	0	0	0	0	0	0	0	0	0	0	0
ENSG00000150261	0	0	0	0	0	0	0	0	0	0	0	0	0	0	0	0	0	0	0	0	0	0	0	0	0	0	0	0
ENSG00000150269	0	0	0	0	0	0	0	0	0	0	0	0	0	0	0	0	0	0	0	0	0	0	0	0	0	0	0	0
ENSG00000150275	3	11	0	0	12	10	0	6	2	2	2	0	0	6	0	0	0	0	0	0	0	0	0	0	0	0	0	0
ENSG00000150361	91	0	0	0	0	215	0	0	41	0	0	0	0	7	0	0	2	0	2	0	0	59	0	0	0	0	0	2
ENSG00000150676	0	27	2	25	4	37	0	9	0	1	8	61	11	43	0	6	13	0	16	0	9	0	72	33	4	4	17	7
ENSG00000150722	3	29	0	236	18	0	9	0	8	24	125	5	1	0	4	26	51	6	5	8	8	0	12	17	130	20	40	4
ENSG00000150732	0	0	0	0	0	0	0	0	0	0	0	0	0	0	0	0	0	0	0	0	0	0	0	0	0	0	0	0
ENSG00000150991	8121	9404	24577	27755	26288	14595	21864	18126	17158	7933	14278	15403	18085	16229	23857	34463	25104	30059	14939	18805	16188	21700	29954	14538	36660	10366	13057	21984
ENSG00000151025	126	164	135	258	217	1249	103	407	126	109	100	37	371	1874	253	10	85	31	43	217	136	147	700	634	60	36	2	312
ENSG00000151364	4	18	263	81	127	6	125	63	63	10	118	33	114	7	146	116	31	100	33	174	632	174	5	45	145	5	23	142
ENSG00000151365	0	6	2	3	0	0	6	0	11	4	7	2	11	12	2	12	2	0	4	0	858	2	0	0	2	0	4	6
ENSG00000151414	103	130	1087	641	306	548	2062	1063	285	214	621	699	2026	1379	1285	393	595	443	550	752	748	479	464	534	1129	184	645	1060
ENSG00000151503	237	1499	2725	5815	316	425	12724	8718	474	948	400	2258	5799	8310	22041	409	1234	5972	5208	11244	11041	5612	3787	965	6505	3835	1692	3432
ENSG00000151615	0	0	0	0	0	0	0	0	0	0	0	0	0	0	0	0	0	0	0	0	0	0	0	0	0	0	0	0
ENSG00000151687	28	215	147	207	102	275	322	201	93	318	138	223	294	318	152	80	234	67	192	218	74	190	178	177	238	199	259	217
ENSG00000151773	128	264	183	242	363	380	343	358	182	369	263	373	282	181	398	240	341	207	262	490	289	434	303	301	344	554	223	368
ENSG00000151790	4	1	8	16	7	66	30	7	2	13	8	2	4	2	21	14	0	2	0	19	0	0	29	12	160	1	62	12
ENSG00000151952	2	12	71	10	12	0	27	0	17	11	65	49	30	22	117	19	19	66	17	89	2	57	39	16	53	10	13	104
ENSG00000152034	2	4	0	2	1	0	0	0	2	1	2	1	1	2	0	0	0	0	1	0	0	0	4	5	2	7	0	0
ENSG00000152086	14	1	1	6	0	0	30	0	7	1	0	4	10	4	65	6	12	0	1	23	10	62	5	5	91	3	4	65
ENSG00000152093	0	0	0	0	0	0	0	0	0	0	0	0	0	0	0	0	0	0	0	0	0	0	0	0	0	0	0	0
ENSG00000152214	0	5	0	0	0	2	0	0	0	0	0	2	15	0	2	2	0	4	0	0	0	13	0	0	1	2	0	0
ENSG00000152254	0	1	0	19	0	0	0	0	0	0	0	4	0	6	2	0	0	0	2	0	0	0	0	0	0	1	0	0
ENSG00000152266	0	0	0	0	0	0	0	0	0	0	0	0	0	0	0	0	0	0	0	0	0	0	0	0	0	0	0	0
ENSG00000152463	4	15	1	6	2	6	5	11	8	8	13	5	6	3	5	11	7	5	5	13	7	4	4	13	5	8	3	11
ENSG00000152578	0	25	19	0	8	4	12	8	16	33	1	2	28	9	4	2	14	20	2	0	0	7	0	6	4	0	19	9
ENSG00000152591	0	0	0	0	0	0	0	0	0	0	0	0	0	0	0	0	0	0	0	0	0	0	0	0	0	0	0	0
ENSG00000152595	0	0	0	0	0	0	0	0	0	0	0	0	0	0	0	0	0	0	0	0	0	0	0	0	0	0	0	0
ENSG00000152705	12	24	16	7	6	19	9	5	10	27	1	14	4	8	10	13	16	0	15	15	19	5	23	14	15	20	8	6
ENSG00000152779	1	4	30	53	4	7	42	26	21	8	8	14	45	11	15	17	7	17	18	28	5	27	5	13	52	11	18	40
ENSG00000152784	497	174	2829	334	1075	199	1907	223	748	381	841	315	2181	197	5327	986	366	1471	432	3854	228	4223	42	381	2896	105	254	1748
ENSG00000152785	38	16	285	28	121	44	150	11	0	6	38	4	53	23	14	60	2	6	10	18	0	10	0	110	47	8	26	18
ENSG00000153233	0	3	2	16	4	83	4	0	0	4	2	9	0	18	4	2	9	0	12	4	0	0	32	12	0	5	3	10
ENSG00000153347	0	33	9	19	8	148	0	6	1	1	6	11	0	26	18	11	31	1	10	8	14	27	0	9	12	6	9	37
ENSG00000153446	92	29	128	18	301	75	470	67	86	42	57	58	193	23	29	133	52	22	16	73	0	92	37	153	87	16	8	75
ENSG00000153498	0	0	0	0	0	0	0	0	0	0	0	0	0	0	0	0	0	0	0	0	0	0	0	0	0	0	0	0
ENSG00000153684	0	0	0	0	0	0	0	0	0	0	0	0	0	0	0	0	0	0	0	0	0	0	0	0	0	0	0	0
ENSG00000153820	0	14	4	0	0	2	3	0	0	2	0	2	7	0	2	4	0	0	1	0	0	0	0	1	0	0	6	6
ENSG00000153944	1006	1098	3758	2094	1839	2666	2992	2281	1783	1736	2250	1969	3474	3617	3757	1862	1890	2521	2686	2679	2218	2734	2373	2027	3103	2346	1740	3948
ENSG00000153989	338	354	2344	1337	926	1672	1901	1373	995	586	1511	1489	2127	3214	3694	890	1329	1403	1797	1589	2229	2045	1535	889	1813	1024	1522	2727
ENSG00000154165	0	4	50	0	5	6	19	7	2	2	15	30	29	7	7	0	7	8	18	4	15	0	0	64	19	2	0	14
ENSG00000154217	283	394	1331	784	800	269	839	885	439	369	761	616	684	690	791	1125	709	819	557	939	404	945	807	575	819	183	461	887
ENSG00000154227	57	29	36	5	85	18	15	2	25	0	87	26	50	15	43	22	15	37	12	45	0	13	0	18	49	12	8	14
ENSG00000154237	791	1551	1932	878	640	1128	2460	1024	658	1665	838	1162	2230	843	868	1101	639	808	1162	1268	374	1060	676	1200	1270	796	1029	994
ENSG00000154310	142	255	554	461	193	800	813	286	289	558	506	478	561	152	157	323	305	55	186	191	222	168	112	345	474	365	553	199
ENSG00000154319	504	4	485	30	69	43	99	0	625	16	59	26	213	42	95	93	14	50	44	191	4	244	0	84	47	3	22	113
ENSG00000154342	38	3	35	4	31	1	29	0	10	0	17	5	30	0	21	22	0	17	7	60	0	13	0	15	24	1	4	11
ENSG00000154438	0	2	0	0	0	30	4	0	0	0	0	0	0	0	0	0	3	0	0	0	0	0	0	4	0	4	0	0
ENSG00000154518	588	460	1337	1162	1462	1112	1702	1504	1138	449	1532	1104	2127	2218	2709	1614	1123	1561	1139	1997	2521	2080	1563	1028	1628	461	905	1841
ENSG00000154620	50	34	14	26	38	39	44	34	90	31	49	35	35	47	65	57	35	64	40	30	102	102	44	16	23	55	45	52
ENSG00000154764	0	0	7	0	32	10	2	0	5	0	14	0	10	0	0	0	0	0	3	23	0	14	0	0	2	0	0	6
ENSG00000155016	184	162	842	636	202	249	1459	641	275	152	374	546	1471	3037	1277	273	357	685	504	1388	953	1070	484	460	1001	70	219	798
ENSG00000155115	622	854	1973	1861	1386	1124	1160	2068	1758	1163	1747	2069	2286	3225	3446	1713	1517	2273	4227	2106	3969	2981	2962	1155	2249	2887	2735	2516
ENSG00000155249	0	0	0	0	0	0	0	0	0	0	0	0	0	0	0	0	0	0	0	0	0	0	0	0	0	0	0	0
ENSG00000155428	0	5	0	1	0	3	0	0	0	6	2	1	9	0	0	0	1	0	0	1	0	0	8	2	3	0	0	0
ENSG00000155511	0	4	8	2	0	0	42	60	5	13	2	10	36	4	4	0	0	4	6	0	0	0	0	5	0	1	4	6
ENSG00000155886	0	8	7	2	2	2	19	0	8	18	6	2	38	8	2	1	5	0	9	0	2	15	17	5	1	8	1	1
ENSG00000155966	7	117	158	46	20	9	269	106	70	7	33	37	164	72	47	19	26	18	17	28	33	15	0	38	106	16	16	84
ENSG00000156006	28	15	0	6	0	0	28	0	9	3	4	4	13	6	24	8	7	0	4	23	0	33	8	2	17	0	10	7
ENSG00000156096	1	10	15	3	1	4	7	125	0	18	1	30	8	64	6	0	128	16	63	7	10	28	2644	35	0	645	60	28
ENSG00000156097	0	2	0	0	0	5	0	0	0	10	2	4	0	3	0	0	1	0	2	0	0	0	0	0	2	0	4	4
ENSG00000156218	113	272	1047	358	211	387	1187	410	367	439	537	363	1209	207	201	352	300	160	254	348	171	205	137	351	606	250	332	362
ENSG00000156234	105	1414	26	60	2	113	2337	1508	1038	238	64	20	240	40	14	130	407	54	18	7	29	73	198	37	2287	22	45	104
ENSG00000156269	0	2	1	16	0	0	15	17	0	13	0	5	14	15	3	0	14	0	8	7	0	0	15	31	10	2	7	2
ENSG00000156282	0	0	0	0	0	0	0	0	0	0	0	0	0	0	0	0	0	0	0	0	0	0	0	0	0	0	0	0
ENSG00000156466	0	0	12	11	26	15	40	0	35	0	4	18	74	8	2	0	2	0	5	15	0	3	0	6	12	2	0	16
ENSG00000156486	0	0	21	10	13	0	12	21	10	8	5	18	29	11	17	22	2	20	9	22	0	37	0	5	11	0	10	8
ENSG00000156564	0	0	0	2	8	0	0	0	0	0	0	4	8	12	0	0	0	0	0	0	5	0	3	0	0	2	0	0
ENSG00000156689	0	62	125	33	151	23	25	178	8	32	57	27	52	61	16	40	37	0	7	11	16	36	88	146	18	24	30	42
ENSG00000156738	1	238	131	36	43	245	157	243	92	68	208	109	1025	132	39	163	218	21	81	49	81	30	96	284	543	47	213	221
ENSG00000156885	0	0	2	106	2	0	0	13	0	0	57	0	8	0	2	0	0	0	0	0	32	0	33	2	0	6	0	0
ENSG00000156886	0	27	20	5	0	22	29	25	0	2	22	209	63	21	9	0	12	0	6	8	84	7	0	35	3	7	18	11
ENSG00000156959	28	26	13	44	28	0	30	2	14	5	6	9	23	3	8	1	6	0	14	8	0	0	0	6	11	2	8	15
ENSG00000157005	0	0	2	150	0	2	0	0	5	0	6	2	0	13	21	6	0	8	8	3	6	0	0	0	0	62	2	7
ENSG00000157542	0	33	26	82	39	12	105	17	25	4	24	35	18	198	173	25	47	98	36	158	25	89	260	311	80	259	34	49
ENSG00000157613	6574	9473	7561	3859	7677	4018	4867	12594	7155	2689	5455	4834	4077	6894	2352	8887	3158	11334	6292	6379	9075	7423	13645	3909	2176	4519	7070	7462
ENSG00000157765	37	3	1530	25	152	22	378	0	19	11	95	12	103	87	2	590	39	10	0	18	0	41	10	261	165	13	30	167
ENSG00000157782	38	63	34	37	17	22	22	31	61	80	64	54	52	12	27	31	15	63	28	51	18	44	25	27	43	15	28	14
ENSG00000157796	204	637	851	753	314	1034	1191	924	475	924	653	987	1600	1494	793	354	866	235	755	664	610	441	567	892	1037	508	797	1021
ENSG00000157851	7	5	26	10	1	2	2	2	1	0	4	17	20	5	70	9	3	10	11	51	44	66	0	14	3	6	5	36
ENSG00000157884	78	63	0	6	8	17	22	0	123	7	15	13	8	0	15	1	2	9	0	1	0	17	0	0	3	0	2	8
ENSG00000158022	24	4	3	161	0	4	33	40	9	13	24	13	15	2	33	22	8	4	3	0	0	13	126	16	43	8	4	20
ENSG00000158092	203	234	1205	867	577	783	1218	1059	408	437	772	710	1158	1300	1180	616	770	488	612	604	868	741	695	562	1082	512	735	1133
ENSG00000158122	145	209	886	832	545	718	861	363	219	253	719	563	653	671	825	644	628	584	518	1005	285	1306	351	659	640	173	444	815
ENSG00000158258	2699	31	673	72	183	948	378	137	4431	285	194	105	977	97	60	42	30	200	83	82	77	1141	3	27	192	23	68	193
ENSG00000158553	0	0	2	0	0	0	0	0	0	0	0	0	4	0	0	0	0	2	0	0	0	0	0	2	0	0	1	0
ENSG00000158639	0	0	4	4	2	6	0	0	4	0	0	0	4	6	0	10	2	4	0	4	4	0	0	0	0	0	0	0
ENSG00000158731	0	0	0	0	0	0	0	0	0	0	0	0	0	0	0	0	0	0	0	0	0	0	0	0	0	0	0	0
ENSG00000158764	9	8	43	3	34	9	20	0	20	0	10	1	5	11	34	4	0	20	1	53	17	25	0	5	8	9	2	11
ENSG00000158882	45	46	170	107	88	83	191	151	105	53	168	130	213	183	192	174	116	176	107	194	201	56	43	97	173	20	96	132
ENSG00000159186	0	0	0	0	0	0	0	0	0	0	0	0	0	0	0	0	0	0	0	0	0	0	0	0	0	0	0	0
ENSG00000159216	498	245	2416	608	833	632	2169	447	846	498	842	1543	1637	1180	773	1182	934	546	777	639	529	1797	173	768	1174	208	707	960
ENSG00000159217	0	4	2	2	0	0	4	3	2	1	0	1	5	1	0	4	2	1	1	0	0	1	0	2	0	6	2	0
ENSG00000159247	72	106	70	49	54	136	117	130	74	100	50	42	71	109	86	60	67	119	129	14	0	5	0	53	88	27	9	99
ENSG00000159263	13	357	1225	395	296	484	371	470	9	665	125	1394	720	2929	367	320	709	555	2001	1673	296	969	451	372	261	235	702	1063
ENSG00000159289	0	0	0	0	0	0	0	0	0	0	0	0	0	0	0	0	0	0	0	0	0	0	0	0	0	0	0	0
ENSG00000159337	583	34	503	3	700	11	54	36	1301	15	563	122	6736	4	25	189	8	6	94	33	20	102	0	48	19	8	13	120
ENSG00000159625	0	26	2	0	0	6	0	0	0	2	2	0	0	2	2	4	1	0	0	0	0	0	0	0	3	1	0	0
ENSG00000159648	54	4	35	3	25	8	58	2	44	31	20	13	38	4	22	52	6	10	6	40	15	42	1	20	39	7	1	6
ENSG00000159674	265	17501	4342	29342	1583	13963	8631	50040	729	7084	1081	3398	10976	41167	2809	835	9222	6327	9509	26733	34097	3221	37121	53766	6342	14144	873	6980
ENSG00000159712	0	43	3	15	13	35	0	0	6	54	4	14	0	16	1	5	18	0	21	12	14	0	5	24	10	10	4	1
ENSG00000159723	0	0	3	2	0	0	0	3	2	0	0	0	3	4	0	1	4	0	0	9	0	3	0	5	0	2	3	2
ENSG00000159763	185	1	111	11	173	2	0	4	1235	10	26	0	70	130	9	18	18	44	19	30	52	59	9	22	34	22	17	11
ENSG00000159792	255	293	1004	342	262	239	748	552	393	142	299	332	1120	1096	636	427	314	727	539	833	572	591	526	298	487	119	267	807
ENSG00000159904	0	1	0	0	0	11	5	3	0	1	0	2	0	0	1	1	6	1	1	3	0	0	0	3	1	2	0	0
ENSG00000159961	0	6	0	0	1	0	1	0	3	2	0	1	2	1	2	2	3	4	3	0	1	0	11	0	1	1	1	0
ENSG00000160094	1388	1756	1568	1049	1223	1337	2499	1358	1207	1320	1249	1233	1642	1455	1125	1317	863	1444	1196	1765	1020	1105	1140	1192	1194	1223	934	1216
ENSG00000160131	667	477	1707	1213	913	1263	1256	1126	736	616	1232	1070	1270	1228	1908	941	1057	927	1040	1393	1351	1504	1110	979	1402	495	1112	1870
ENSG00000160172	24	168	155	113	108	164	73	124	70	163	84	84	158	139	98	79	188	140	112	216	170	80	125	134	83	70	120	115
ENSG00000160180	82	14894	1580	18664	417	786	400	8614	157	86	1160	984	666	5550	2064	1117	16318	2880	776	1972	7252	6842	33045	2005	1521	429	1558	6117
ENSG00000160182	5977	353	1052	193	5428	368	97	59	10272	70	2177	704	298	115	418	907	535	270	112	412	170	1628	167	612	419	228	854	805
ENSG00000160202	0	0	0	0	0	0	0	0	0	0	0	0	0	0	0	0	0	0	0	0	0	0	0	0	0	0	0	0
ENSG00000160318	33	64	9	29	32	52	52	52	82	53	50	54	70	25	51	51	17	34	38	81	58	120	51	10	45	25	28	22
ENSG00000160349	1	0	0	36	2	2	0	0	0	0	4	0	1	0	0	0	0	0	0	0	0	0	0	0	0	0	0	0
ENSG00000160695	782	1052	1634	604	851	871	2158	1365	1002	796	901	963	1742	1175	1573	1167	823	1313	851	1829	876	896	756	658	1220	517	719	1339
ENSG00000160870	2	14	4	7	9	0	13	0	54	2	42	1	11	4	23	9	7	10	2	8	0	0	0	0	48	5	2	0
ENSG00000160886	24	4	17	2	12	8	3	0	31	0	7	3	11	0	15	2	15	25	12	42	9	23	0	3	47	0	3	47
ENSG00000160973	0	0	1	0	1	2	0	0	0	0	0	0	7	3	4	0	2	0	0	1	0	0	12	4	0	0	0	0
ENSG00000161031	2	0	0	4	0	2	2	0	2	2	0	3	4	5	5	2	0	0	0	3	0	6	2	0	5	0	0	2
ENSG00000161055	420	5	45	17	164	11	64	4	200	31	38	2	58	3	38	255	14	41	11	61	7	40	0	74	75	4	10	12
ENSG00000161103	9	6	7	7	1	17	29	4	2	38	4	36	8	25	7	5	19	2	15	7	9	4	0	33	17	16	9	1
ENSG00000161610	0	0	0	0	0	0	0	0	0	0	0	0	0	0	0	0	0	0	0	0	0	0	0	0	0	0	0	0
ENSG00000161807	0	0	0	0	0	0	0	0	0	0	0	0	0	0	0	0	0	0	0	0	0	0	0	0	0	0	0	0
ENSG00000161905	13	1	22	8	6	54	4	8	4	54	4	25	32	5	1	6	0	0	4	2	74	6	61	5	0	0	132	4
ENSG00000161929	14	133	269	215	70	129	387	157	42	144	118	216	326	117	89	156	147	53	60	87	141	45	94	159	240	88	107	147
ENSG00000161955	63	46	343	68	90	38	625	205	110	43	64	90	399	403	292	150	137	132	52	309	74	114	87	85	177	10	99	290
ENSG00000161958	1	0	0	0	0	0	5	5	0	0	3	2	0	2	3	0	0	1	1	0	0	0	3	4	2	1	0	3
ENSG00000161992	0	0	0	0	0	0	0	0	0	0	0	0	0	0	0	0	0	0	0	0	0	0	0	0	0	0	0	0
ENSG00000162009	85	13	35	5	74	4	5	0	97	0	72	46	2	2	14	18	4	18	5	65	2	50	0	11	6	2	1	25
ENSG00000162040	2	0	2	0	14	3	0	1	6	0	8	0	6	0	0	2	0	2	1	0	0	0	0	0	0	0	0	0
ENSG00000162076	570	531	439	437	654	575	602	539	778	366	769	490	435	422	1059	813	504	748	595	992	461	723	531	374	579	565	352	627
ENSG00000162344	0	6	0	0	2	0	10	0	0	0	0	2	0	0	0	0	0	0	0	0	0	0	0	2	0	0	0	0
ENSG00000162426	186	73	111	128	119	79	212	64	176	75	94	61	100	23	221	203	78	130	124	191	34	201	42	65	172	80	91	163
ENSG00000162520	0	20	73	52	14	25	313	118	23	35	53	19	107	33	54	42	19	20	36	89	30	2	9	15	92	3	26	40
ENSG00000162545	1072	1639	2064	2363	2038	9453	3403	1639	1620	1901	3116	2582	2868	1547	1974	2731	1316	1640	1327	1905	1427	2178	1042	2042	1926	1174	1727	1545
ENSG00000162598	0	2	2	0	0	10	0	0	0	2	0	0	1	0	13	0	6	6	0	0	0	5	0	0	6	0	0	0
ENSG00000162624	0	2	0	4	0	0	4	0	0	0	2	0	0	0	0	0	0	0	0	0	0	0	0	0	0	0	7	0
ENSG00000162687	9	23	40	87	9	34	244	100	23	121	15	45	188	44	4	16	55	2	21	10	0	8	30	41	88	4	38	36
ENSG00000162692	0	89	1329	309	418	519	1136	366	48	79	493	632	860	591	221	248	161	205	329	296	223	211	117	304	564	62	131	454
ENSG00000162699	0	0	0	0	0	0	0	0	0	0	0	0	0	0	0	0	0	0	0	0	0	0	0	0	0	0	0	0
ENSG00000162727	0	0	0	0	0	0	0	0	0	0	0	0	0	0	0	0	0	0	0	0	0	0	0	0	0	0	0	0
ENSG00000162734	3397	2635	7647	4436	4582	2709	8147	4965	5328	1981	4398	3435	7394	6979	6160	6129	2586	5826	3772	5395	5061	6522	4966	2753	5346	1643	2900	4841
ENSG00000162746	13	4	16	4	18	4	16	32	6	0	4	4	32	3	10	10	10	9	10	31	21	4	0	3	3	8	10	8
ENSG00000162747	0	3	114	121	0	2	117	41	0	2	9	4	55	29	64	30	35	16	19	49	7	0	0	37	158	1	0	30
ENSG00000162873	0	25	20	12	18	25	4	14	4	25	0	47	9	17	10	0	8	8	12	2	0	0	6	41	9	2	20	6
ENSG00000162892	0	9	20	5	5	9	20	7	0	0	1	15	19	0	1	6	19	0	1	0	0	0	6	2	9	0	10	16
ENSG00000162896	579	60	17402	301	13845	435	3320	283	5823	138	1473	101	668	260	371	9874	841	359	784	1291	1037	725	66	11352	2849	1227	1619	2615
ENSG00000162897	0	0	2	0	7	0	0	0	17	0	0	0	7	2	0	0	0	0	0	2	0	0	0	2	0	4	2	0
ENSG00000162951	6	0	23	2	16	0	0	0	13	0	21	18	6	0	6	7	0	14	0	5	0	0	0	8	6	2	5	6
ENSG00000162980	351	676	706	1233	846	1078	1014	981	712	1072	1050	1142	909	1317	1744	1139	1180	772	1444	1043	1393	1354	1296	1239	1248	1297	1083	1400
ENSG00000163002	209	212	362	495	349	413	540	541	206	389	482	441	426	588	764	402	493	253	439	673	682	706	452	264	541	389	404	581
ENSG00000163012	0	2	0	0	0	0	0	0	0	0	0	0	5	42	0	0	0	0	0	0	0	0	0	0	0	0	0	2
ENSG00000163032	77	27	124	18	402	45	119	1	145	9	319	32	108	31	158	99	17	122	35	137	26	131	8	29	232	12	30	61
ENSG00000163092	0	0	0	286	0	0	0	32	0	0	170	0	15	8	0	0	0	0	0	0	51	0	20	0	0	4	2	0
ENSG00000163098	0	0	0	0	0	0	0	0	0	0	0	0	0	0	0	0	0	0	0	0	0	0	0	0	0	0	0	0
ENSG00000163121	54	11	124	4	206	7	26	13	99	5	75	26	60	10	6	70	20	11	18	58	1	2	2	67	59	26	23	36
ENSG00000163202	0	0	0	0	0	0	0	0	0	0	0	0	0	0	0	0	0	0	0	0	0	0	0	0	0	0	0	0
ENSG00000163209	0	2	0	0	26	29	0	0	0	0	18	0	0	0	0	27	0	0	0	0	0	0	0	0	4	0	0	0
ENSG00000163220	9	16	254	156	194	45	460	134	12	0	100	18	322	78	142	271	105	19	18	83	49	20	39	64	238	11	18	85
ENSG00000163221	0	0	46	43	10	0	45	33	0	0	0	0	30	7	41	14	18	6	2	7	0	15	0	26	26	6	0	24
ENSG00000163273	81	12	17	26	202	2	178	2	74	46	59	13	96	2	19	32	25	218	15	162	23	72	11	4	274	2	2	30
ENSG00000163331	67	44	67	18	207	6	102	0	153	32	174	20	215	0	84	84	36	90	12	14	22	521	19	11	391	8	11	72
ENSG00000163395	43	38	22	92	28	206	32	36	11	141	47	1417	76	184	6	3	14	5	123	33	41	0	9	58	11	153	238	2
ENSG00000163421	0	0	4	0	0	0	4	8	0	0	0	0	13	3	0	1	4	0	0	0	0	0	0	1	7	0	0	1
ENSG00000163430	4022	3200	16139	12603	6396	14350	28598	12668	10242	5488	10235	9171	26388	36710	20305	10212	9054	11079	13154	13321	4430	12734	6480	10387	18687	4263	6604	15122
ENSG00000163464	0	8	51	15	1	0	23	5	0	0	4	4	50	4	24	25	12	10	6	15	1	0	4	10	56	0	0	15
ENSG00000163492	0	20	8	31	8	5	65	28	5	2	9	16	42	413	15	3	10	10	9	29	30	0	47	5	68	7	0	23
ENSG00000163531	956	1566	2449	1142	564	1027	2850	970	1209	2687	879	1802	3747	973	522	1228	789	780	1057	838	652	732	366	1723	1209	532	1378	868
ENSG00000163534	0	31	12	1	1	23	13	81	6	28	4	6	96	18	3	4	16	4	3	4	0	0	0	12	58	2	12	20
ENSG00000163599	0	16	44	80	5	139	163	126	15	55	9	68	72	24	21	22	90	1	39	5	13	14	54	27	111	43	73	65
ENSG00000163600	0	18	92	21	31	96	153	59	7	22	17	80	124	39	25	20	41	4	35	6	0	20	0	66	78	23	14	36
ENSG00000163606	0	24	63	26	42	71	42	33	6	10	35	92	117	167	33	22	27	23	30	75	43	0	2	65	48	12	25	28
ENSG00000163629	146	1049	2556	1842	625	2314	2315	2407	416	1002	736	1383	2233	4712	1570	595	1653	705	1197	917	1753	987	1837	1495	2172	892	1388	2395
ENSG00000163631	0	64	6	29	2	76	17	21	13	33	19	18	16	99	11	18	58	23	24	3	70	109	393	135	20	19	3050	39
ENSG00000163646	6	6	0	2	0	2	6	0	0	0	2	3	0	1	0	0	1	0	1	0	0	0	0	5	0	0	2	0
ENSG00000163734	0	4	161	26	311	11	99	0	1	0	46	25	44	28	10	114	40	13	16	28	2	24	4	126	75	18	30	72
ENSG00000163735	0	2	375	3	48	3	27	5	51	0	10	0	28	2	0	50	12	1	3	8	0	0	0	43	37	7	13	37
ENSG00000163738	130	237	346	330	251	617	295	456	365	376	291	565	643	1169	830	290	445	343	613	467	499	398	355	387	402	394	668	518
ENSG00000163739	24	38	1093	90	1538	114	1090	23	22	30	308	38	238	41	39	912	281	39	44	82	8	108	47	764	558	199	77	453
ENSG00000163751	43	75	866	1732	121	405	2478	1965	54	76	215	260	2029	515	894	152	772	143	196	567	221	306	519	628	2367	28	91	984
ENSG00000163810	18876	159	2192	230	18798	48	145	0	26449	120	19	10	22629	20	10	38	27	73	2832	732	50	81915	161	2000	892	4	82	174
ENSG00000163900	527	624	1215	1065	1106	1083	1042	1035	882	962	1126	820	815	1036	1368	1623	966	1122	894	1603	1147	1773	1067	973	1192	672	772	1256
ENSG00000163946	353	828	1740	1437	791	1858	2226	1390	693	914	1066	1470	2434	2444	1752	784	1156	740	1330	1202	1637	974	888	1302	1880	1054	1451	1556
ENSG00000163993	23	8	205	55	618	47	43	9	36	16	128	12	31	9	41	292	42	59	49	174	1122	71	8	78	292	4	17	51
ENSG00000164089	0	5	3	1	0	2	0	3	0	0	2	4	4	2	2	0	0	1	9	0	15	0	5	0	0	4	2	0
ENSG00000164093	0	4	2	26	6	0	65	25	3	24	49	0	34	1	36	8	14	2	4	0	21	8	15	6	26	0	2	5
ENSG00000164107	63	2	14	6	11	2	19	4	50	0	19	34	62	9	58	70	7	39	20	32	0	40	0	6	11	6	54	85
ENSG00000164116	723	646	2660	2920	1273	3126	2707	2079	1359	3774	2049	2976	3965	5299	3364	1802	1375	2315	8753	1860	10018	3072	2016	2973	2546	2891	3374	3193
ENSG00000164120	57	7	481	602	281	94	448	1409	147	40	293	108	631	2798	309	258	164	293	2274	405	23089	1060	866	333	537	72	68	538
ENSG00000164175	0	1108	7	42	4	356	2	432	0	46	0	113	29	483	0	2	94	1	847	40	398	25	1106	650	5	56	328	7
ENSG00000164185	0	7	5	14	2	13	12	0	5	5	0	7	26	117	4	0	9	4	0	0	27	2	8	4	15	0	10	1
ENSG00000164266	0	11	47	22	15	11	14	24	2	4	11	18	5	102	1	25	196	32	34	15	10	168	46	30	55	139	61	38
ENSG00000164283	17	90	29	555	32	147	240	56	95	26	36	8	28	139	18	2	6	83	142	40	70	1	9	59	295	24	7	12
ENSG00000164287	0	4	2	1	1	339	0	6	7	4	0	1	13	0	0	0	0	0	0	15	3	0	62	6	6	3	10	7
ENSG00000164294	571	473	593	377	395	475	1093	509	536	502	761	736	877	489	491	536	319	416	507	397	234	288	197	404	646	384	300	333
ENSG00000164304	0	0	0	0	0	5	6	0	0	2	4	0	7	2	0	0	4	0	1	0	0	0	3	1	1	1	2	0
ENSG00000164325	0	0	0	0	0	0	0	0	0	0	0	0	0	0	0	0	0	0	0	0	0	0	0	0	0	0	0	0
ENSG00000164326	11	28	21	58	4	134	65	7	6	1	0	0	0	17	166	23	4	2111	136	419	295	628	57	7	172	10	6	87
ENSG00000164344	0	111	4	44	8	112	36	66	12	35	17	66	87	51	4	7	43	2	35	26	13	0	30	69	24	49	58	13
ENSG00000164399	0	0	0	0	0	0	0	0	0	0	0	0	0	0	0	0	0	0	0	0	0	0	0	0	0	0	0	0
ENSG00000164434	27	0	3	0	4	2	19	0	5	0	9	2	0	8	6	10	0	1	2	0	7	55	0	2	6	0	3	29
ENSG00000164438	0	0	0	0	0	0	0	0	0	0	0	0	0	0	0	0	0	0	0	0	0	0	0	0	0	0	0	0
ENSG00000164483	0	29	33	21	1	67	69	51	11	85	43	108	62	40	21	18	48	4	25	19	46	0	26	29	32	25	26	11
ENSG00000164488	1239	84	678	22	450	705	197	0	1022	140	733	184	706	8	443	237	56	261	441	926	51	739	0	126	199	455	609	559
ENSG00000164508	0	0	0	0	0	0	0	0	0	0	0	0	0	0	0	0	0	0	0	0	0	0	0	0	0	0	0	0
ENSG00000164509	11	239	64	108	14	12	195	330	14	69	3	17	86	317	196	21	323	41	51	115	43	107	343	69	37	32	26	228
ENSG00000164530	174	47	57	569	30	19	360	186	97	74	51	35	4120	30	34	151	61	78	18	148	42	30	57	22	336	22	17	151
ENSG00000164532	0	0	0	0	0	0	0	0	0	0	0	0	0	0	0	0	0	0	0	0	0	0	0	0	0	0	0	0
ENSG00000164616	5	40	12	25	3	0	85	33	10	91	30	25	14	2	8	12	54	5	4	30	11	3	41	14	52	0	9	7
ENSG00000164645	0	0	0	0	0	0	0	0	0	0	0	0	0	0	0	0	0	0	0	0	0	0	0	0	0	0	0	0
ENSG00000164651	57	36	621	33	195	325	331	26	138	5	249	99	814	54	532	135	52	214	103	487	8	182	29	85	323	122	335	379
ENSG00000164669	0	138	7	18	11	123	16	15	29	76	8	25	49	33	21	2	26	0	6	24	55	10	27	5	31	97	34	21
ENSG00000164690	38	12	145	0	150	85	12	2	20	35	145	170	92	5	21	57	17	30	22	175	9	69	9	35	36	13	218	28
ENSG00000164708	0	0	0	0	0	0	0	0	0	0	0	0	0	0	0	0	0	0	0	0	0	0	0	0	0	0	0	0
ENSG00000164740	0	0	0	0	0	0	0	0	0	0	0	0	0	0	0	0	0	0	0	0	0	0	0	0	0	0	0	0
ENSG00000164756	0	11	0	64	0	5	3	0	0	6	0	2	42	3	0	4	3	0	0	0	0	0	8	6	2	0	0	2
ENSG00000164778	0	2	2	14	0	38	0	3	0	19	2	16	2	9	5	6	7	2	30	0	46	0	17	42	0	48	33	0
ENSG00000164825	98	37	392	87	1413	144	104	2	202	21	849	98	319	58	333	784	151	192	89	188	8	429	13	86	664	27	75	180
ENSG00000164830	230	181	1177	777	535	594	1470	930	290	263	568	478	1753	1606	1244	349	553	357	564	582	730	540	335	531	1395	277	489	1106
ENSG00000164841	0	0	36	0	11	7	2	0	7	0	15	17	4	3	14	0	0	15	4	12	0	0	0	11	12	6	2	2
ENSG00000164850	81	38	133	43	65	19	270	46	169	36	76	45	450	34	176	131	30	113	79	478	0	319	29	41	183	27	18	183
ENSG00000164853	0	0	0	0	0	0	0	0	0	0	0	0	0	0	0	0	0	0	0	0	0	0	0	0	0	0	0	0
ENSG00000164879	28	122	10	1344	49	78	75	202	66	122	1544	31	26	19	16	51	37	30	87	4	344	22	143	31	235	50	21	21
ENSG00000164900	0	0	1	0	0	1	0	0	0	2	0	2	7	1	0	0	0	0	4	0	15	0	0	0	0	2	0	2
ENSG00000164935	0	6	7	15	10	4	15	4	0	3	22	193	40	10	0	17	20	1	1	0	28	0	18	4	9	2	147	11
ENSG00000165006	894	694	2623	1340	1040	868	2844	1863	946	832	1321	1074	2317	1908	2045	1589	1127	1698	1117	2098	837	2188	1323	1263	1861	457	1023	2054
ENSG00000165059	0	0	0	0	0	0	0	0	0	2	0	0	0	0	0	0	0	0	0	0	0	0	0	0	0	0	0	0
ENSG00000165076	0	19	0	2	3	17	8	0	8	15	0	10	0	0	2	26	15	7	27	1	1	9	6	31	11	26	27	2
ENSG00000165192	0	5	0	0	0	2	0	8	0	3	0	0	4	0	2	1	0	0	0	0	2	5	2	1	13	1	1	0
ENSG00000165288	95	447	743	518	257	535	793	420	219	362	378	491	956	1029	488	233	521	202	506	215	343	310	255	624	604	413	533	632
ENSG00000165304	0	12	28	51	12	32	48	54	17	1	20	17	62	98	16	8	39	16	138	5	102	0	30	13	21	57	13	30
ENSG00000165323	186	207	344	243	82	131	637	139	161	225	351	203	739	96	194	211	190	116	169	268	248	293	151	142	381	101	130	145
ENSG00000165409	39	158	42	55	36	84	39	59	50	165	81	112	25	32	8	48	56	13	67	44	8	73	66	112	33	117	53	27
ENSG00000165480	0	31	14	35	22	41	6	23	3	10	2	1	27	123	22	12	66	17	101	13	128	0	28	11	19	41	9	19
ENSG00000165496	0	0	0	0	0	0	0	0	0	0	0	0	0	0	0	0	0	0	0	0	0	0	0	0	0	0	0	0
ENSG00000165509	0	12	0	0	0	0	0	7	0	16	2	1	0	0	0	3	0	1	0	0	0	0	0	0	4	0	1	0
ENSG00000165553	0	0	0	0	0	0	0	0	0	0	0	0	0	0	0	0	0	0	0	0	0	0	0	0	0	0	0	0
ENSG00000165556	18	134	48	2	6	2	4	96	8	0	14	2	77	0	4	5	6	56	54	45	0	28	13	5	18	2	0	2
ENSG00000165566	6	11	37	11	14	6	8	4	45	2	19	1	93	0	56	11	25	0	4	5	6	0	13	19	29	17	8	20
ENSG00000165588	0	0	0	0	0	0	0	0	0	0	0	0	0	0	0	0	0	0	0	0	0	0	0	0	0	0	0	0
ENSG00000165591	147	134	790	359	407	322	326	277	326	151	415	311	435	663	464	416	336	330	341	404	326	344	236	373	393	155	455	714
ENSG00000165621	0	239	22	373	9	6	16	1812	18	8	8	8	9	4	14	0	94	5	17	91	3	30	419	10	18	4	7	123
ENSG00000165623	0	0	0	0	0	0	0	0	0	0	0	0	0	0	0	0	0	0	0	0	0	0	0	0	0	0	0	0
ENSG00000165646	7	13	108	31	5	8	240	90	4	17	19	21	236	41	351	0	29	21	7	59	22	33	4	20	212	2	22	138
ENSG00000165731	32	23	655	232	141	129	180	33	27	106	143	233	277	362	406	206	71	978	206	293	1984	890	3	130	83	44	179	348
ENSG00000165733	243	748	1441	1042	766	858	1448	586	582	872	793	833	1472	1229	1512	694	1145	813	1058	1071	960	1062	948	1219	1354	738	880	1317
ENSG00000165794	760	2	92	0	118	0	6	0	1252	12	28	2	668	12	8	31	0	7	31	18	0	92	8	23	28	0	6	16
ENSG00000165807	16	25	3	18	11	15	12	6	21	7	11	2	3	18	17	20	13	9	17	2	3	20	12	6	17	7	7	32
ENSG00000165816	179	51	1083	75	300	243	905	0	242	504	234	280	486	109	403	288	85	210	354	351	187	441	46	191	628	461	391	727
ENSG00000165821	127	110	1002	266	202	374	625	242	211	99	448	371	870	350	402	283	291	330	272	514	221	289	150	351	388	122	191	570
ENSG00000165841	0	5	1	0	1	2	0	1	1	9	1	2	0	1	2	0	0	0	2	6	0	2	1	3	3	3	6	1
ENSG00000165887	59	2	2	86	8	2	3	7	7	6	37	4	19	2	3	14	6	4	4	13	0	0	0	3	7	0	0	7
ENSG00000165899	2	0	14	17	2	8	20	20	4	12	14	3	21	85	19	7	18	0	0	1	11	8	1	0	13	1	32	6
ENSG00000165935	0	2	2	7	5	0	3	0	2	6	7	6	0	2	0	5	2	0	2	0	0	0	0	2	1	2	2	2
ENSG00000165973	6	37	368	125	63	41	830	204	26	45	116	44	250	141	777	179	83	122	45	252	178	132	15	87	265	2	16	136
ENSG00000166006	345	38	50	16	101	1687	92	0	639	15	43	106	20	37	268	39	15	259	743	72	38	91	0	25	339	114	30	33
ENSG00000166126	46	7	12	2	25	2	9	0	16	0	18	8	19	0	9	17	3	2	12	21	0	10	0	15	16	0	2	4
ENSG00000166147	272	695	2472	1338	488	1129	4238	1540	713	983	980	1426	4020	2073	1560	1003	1020	642	1312	1067	1000	922	526	697	1981	645	1087	1377
ENSG00000166152	0	0	0	0	0	0	0	0	0	0	0	0	0	0	0	0	0	0	0	0	0	0	0	0	0	0	0	0
ENSG00000166160	0	0	0	0	0	0	0	0	0	0	0	0	0	0	0	0	0	0	0	0	0	0	0	0	0	0	0	0
ENSG00000166224	857	1570	3945	1866	1362	2118	2565	2586	1595	957	1359	1581	3393	4134	3072	1641	1582	2509	1817	2545	3203	2191	2215	1467	2158	1284	1477	3301
ENSG00000166246	17	45	23	47	27	48	28	60	35	43	21	17	39	41	36	29	22	21	39	64	23	32	87	35	27	61	15	25
ENSG00000166323	18	26	21	4	17	39	18	16	13	16	27	24	39	29	36	5	35	17	31	36	3	20	35	38	35	35	10	45
ENSG00000166342	0	3	0	0	0	119	2	21	0	58	1	0	32	445	2	0	0	7	0	9	0	1	9	1626	2	2	0	9
ENSG00000166351	0	187	4	20	0	0	6	17	3	9	0	12	44	483	1	0	0	0	2	22	0	1	34	288	0	3	2	5
ENSG00000166363	0	0	1	0	0	0	1	0	0	0	0	0	0	0	0	0	2	0	0	0	0	0	0	2	0	0	4	1
ENSG00000166401	53	37	295	168	162	190	364	195	108	41	97	132	394	192	181	128	163	77	101	57	102	54	77	152	171	50	165	187
ENSG00000166415	4	14	2	9	104	20	9	10	17	69	29	3	8	2	10	9	9	44	2	0	3	47	0	1	55	2	2	8
ENSG00000166426	251	20	50	21	35	0	7	0	201	2	15	47	73	14	6	39	3	4	1	9	2	90	0	9	5	3	23	7
ENSG00000166482	5190	3773	7040	2422	3838	2667	8605	2780	3706	6196	6038	7492	5179	2760	1483	6889	2315	2447	2594	2239	1861	2215	1501	2742	3202	822	3433	3204
ENSG00000166509	38	1	1160	4	101	10	183	0	72	8	82	7	75	40	27	36	2	38	28	29	32	6	0	132	24	2	4	4
ENSG00000166523	3	7	12	278	23	45	558	220	21	120	32	12	32	18	146	163	215	11	24	13	13	26	84	17	312	79	160	127
ENSG00000166530	0	0	0	0	0	0	0	0	0	0	0	0	0	0	0	0	0	0	0	0	0	0	0	0	0	0	0	0
ENSG00000166535	0	60	58	44	59	66	88	43	12	42	61	13	41	30	76	54	29	70	54	76	112	159	15	42	42	17	14	54
ENSG00000166670	14	43	964	64	121	181	284	9	18	10	139	42	216	185	20	876	166	9	61	0	42	69	453	452	136	36	93	170
ENSG00000166682	1	15	3	2	1	10	32	10	1	25	1	8	7	9	0	12	2	3	5	13	0	12	19	11	9	1	10	6
ENSG00000166693	0	0	0	0	0	0	0	0	0	0	0	0	0	0	0	0	0	0	0	0	0	0	0	0	0	0	0	0
ENSG00000166743	246	1738	645	9710	55	89	173	11032	268	2203	335	1212	592	4735	396	161	2297	1276	3292	2633	71039	1136	8225	1044	349	42	1947	2073
ENSG00000166750	615	806	4543	906	1559	1534	3304	1776	1258	1012	1399	1450	3050	1626	1032	1175	1047	757	1273	997	1374	668	879	2157	1548	684	1110	1375
ENSG00000166787	0	0	0	0	0	0	0	0	0	0	0	0	0	0	0	0	0	0	0	0	0	0	0	0	0	0	0	0
ENSG00000166796	0	0	0	0	27	46	2	3	0	13	0	2	0	0	0	0	0	4	4	44	4	0	0	2	0	0	0	4
ENSG00000166825	2043	34090	16595	20372	1957	165	4141	41706	3164	53	906	211	11255	33427	21267	2426	11673	42823	4162	42943	20499	23051	40013	4638	14162	142	243	26025
ENSG00000166828	971	30	384	90	341	85	317	0	576	22	304	53	138	28	728	1017	488	168	173	213	12	3059	43	96	761	106	155	1366
ENSG00000166869	89	1	218	16	363	44	7	4	30	18	179	56	35	8	79	77	15	61	64	118	0	69	4	47	60	16	14	24
ENSG00000166920	23	1100	1478	1360	284	769	143	419	53	340	256	1090	179	312	272	391	1018	133	85	1287	219	1079	1908	3392	246	11	2400	4501
ENSG00000166922	0	0	3	15	9	0	16	7	3	0	13	1	13	2	9	6	2	0	0	0	1	0	5	0	3	8	1	3
ENSG00000166928	6	266	36	208	8	115	66	48	18	108	20	174	155	111	36	15	97	1	74	0	53	2	8	163	274	81	252	38
ENSG00000166959	0	2578	159	911	95	262	42	324	14	98	143	320	84	235	125	89	313	367	40	142	6153	242	618	754	55	742	220	430
ENSG00000167037	142	107	356	90	183	157	253	67	131	125	226	185	406	214	110	231	94	115	136	318	20	144	36	252	235	74	144	146
ENSG00000167077	18	12	88	44	28	87	96	66	61	62	65	71	97	56	15	76	38	23	46	37	17	85	27	56	91	21	92	108
ENSG00000167105	28	7	14	12	80	10	10	4	7	0	5	4	23	116	6	26	3	22	2	9	14	51	20	3	32	0	0	13
ENSG00000167112	603	756	1088	1196	953	816	852	1340	885	950	927	758	910	1356	1198	1263	1294	1188	1195	1521	1659	1131	1345	973	772	777	864	1480
ENSG00000167131	0	0	4	3	0	0	2	3	2	0	1	0	3	3	6	3	3	2	1	8	0	3	0	2	2	0	0	2
ENSG00000167195	0	0	2	0	0	0	0	1	0	3	1	2	0	7	4	1	4	0	1	0	0	0	1	3	4	0	3	0
ENSG00000167332	50	3277	10720	19416	1126	1255	1019	38481	55	4205	3942	6368	3484	40913	7412	2693	21123	5590	2127	8878	21583	8071	15785	18609	1224	1836	14373	23013
ENSG00000167346	0	189	46	276	3	61	4	421	0	294	87	314	17	270	18	22	425	26	13	72	276	84	458	97	5	105	283	216
ENSG00000167390	0	0	0	0	0	0	0	0	0	0	0	0	0	0	0	0	0	0	0	0	0	0	0	0	0	0	0	0
ENSG00000167414	1	1	1	4	0	2	0	0	0	0	4	6	5	1	0	0	2	0	1	6	0	9	0	3	0	0	2	0
ENSG00000167459	0	0	0	0	0	0	0	0	0	0	0	0	0	0	0	0	0	0	0	0	0	0	0	0	0	0	0	0
ENSG00000167531	0	0	0	0	0	0	0	0	0	0	0	0	0	0	0	0	0	0	0	0	0	0	0	0	0	0	0	0
ENSG00000167580	18	2	3	0	0	0	8	0	0	4	0	0	2	1	0	2	8	0	2	0	0	2	0	0	2	0	0	0
ENSG00000167644	0	0	0	0	0	0	0	0	0	0	0	0	0	0	0	0	0	0	0	0	0	0	0	0	0	0	0	0
ENSG00000167653	3842	248	89	194	385	46	227	76	5136	594	194	31	1155	37	88	334	131	123	274	518	2734	5408	181	28	225	22	37	389
ENSG00000167656	247	0	3	4	102	29	20	0	347	10	48	0	12	0	6	34	0	19	0	17	0	0	0	0	215	0	10	0
ENSG00000167699	549	758	1593	1377	1093	881	1504	1545	1071	936	1401	1495	1589	1670	2127	1343	1238	1512	1432	2029	1979	2145	1463	1183	1222	753	1427	1974
ENSG00000167740	379	442	552	565	734	467	731	478	628	402	563	469	672	605	640	795	689	637	594	687	546	568	616	502	562	378	353	717
ENSG00000167741	1022	82	444	162	1363	97	559	15	987	127	786	154	466	18	524	1325	104	821	308	722	46	279	48	374	558	74	168	237
ENSG00000167748	137	65	465	51	321	3	136	15	187	29	238	40	214	36	763	355	92	680	162	441	92	891	18	34	312	27	42	253
ENSG00000167754	0	2	16	18	30	5	41	0	5	2	15	4	38	10	2	43	4	2	2	4	0	0	0	20	3	0	12	8
ENSG00000167755	0	0	2	0	0	0	4	18	1	0	2	0	4	2	0	0	2	0	0	0	4	0	0	0	0	0	2	9
ENSG00000167757	665	182	3760	2546	4575	330	3551	33	1315	127	3842	356	2466	60	5228	3652	351	2616	3048	4023	399	2713	247	7728	3380	1078	399	2165
ENSG00000167759	37	19	33	52	110	1	63	5	37	10	60	4	41	2	53	58	5	24	17	57	0	43	12	36	44	17	8	54
ENSG00000167768	3	4	47	2	9	25	8	2	7	0	25	14	4	2	0	4	0	0	0	0	0	0	0	27	0	0	0	0
ENSG00000167769	10	17	71	14	24	6	86	14	4	2	27	10	61	49	147	22	14	37	6	172	31	147	1	9	50	2	2	58
ENSG00000167774	0	1	0	3	2	2	4	1	2	0	0	3	1	1	1	1	1	1	4	3	4	0	2	1	1	0	0	1
ENSG00000167799	90	2537	82	515	78	79	37	873	93	211	70	126	146	339	158	71	324	223	238	462	5020	679	2311	304	69	40	135	365
ENSG00000167800	0	103	2	46	0	2	0	15	0	4	0	6	8	20	2	0	11	15	3	23	8532	33	100	2	0	0	4	13
ENSG00000167825	0	0	0	0	0	0	0	0	0	0	0	0	0	0	0	0	0	0	0	0	0	0	0	0	0	0	0	0
ENSG00000167840	17	172	224	173	176	189	235	164	123	226	156	193	259	269	205	187	184	112	257	177	116	122	201	130	226	133	136	188
ENSG00000167851	2	46	167	69	29	65	300	79	29	53	42	95	138	82	54	81	48	23	58	66	39	26	54	96	118	29	47	93
ENSG00000167858	0	33	14	0	8	36	5	9	0	0	4	4	0	2	14	4	0	11	0	7	0	35	10	0	10	0	6	10
ENSG00000167889	6	18	2	5	6	1	15	8	4	24	5	1	2	12	9	5	5	3	5	2	0	0	2	6	0	19	1	0
ENSG00000167910	0	0	0	0	0	2	0	12	0	5	0	0	6	4	2	0	2	0	0	0	0	0	11	0	2	0	0	0
ENSG00000168078	4	8	4	16	14	27	22	28	0	7	3	14	15	152	8	2	76	14	39	13	92	0	12	2	11	22	8	14
ENSG00000168079	67	33	75	173	165	5	104	48	53	3	137	45	259	6	102	74	31	139	15	148	7	45	4	19	65	24	4	64
ENSG00000168118	1215	619	2685	2077	1706	2010	3816	2191	1955	920	2657	1565	3189	3424	6083	2448	2048	2857	1776	3312	2374	3420	2367	1777	2992	1341	1682	4399
ENSG00000168126	0	0	0	0	0	0	0	3	0	0	6	0	0	0	0	0	9	0	5	0	0	6	0	7	8	5	0	2
ENSG00000168129	0	0	0	0	0	0	0	0	0	0	0	0	0	0	0	0	0	0	0	0	0	0	0	0	0	0	0	0
ENSG00000168135	0	2	0	0	0	0	0	0	0	0	0	0	0	0	0	0	0	0	0	0	0	0	0	0	0	0	0	0
ENSG00000168143	0	8	210	7	47	21	120	0	22	1	46	10	61	14	117	45	3	35	17	36	0	21	4	9	235	5	15	29
ENSG00000168269	444	14	93	18	130	14	25	0	927	14	142	0	94	2	18	199	17	49	13	103	13	21	0	3	253	0	0	25
ENSG00000168329	25	145	527	40	136	179	178	56	87	2	136	106	566	664	47	33	18	76	91	174	67	7	8	139	71	12	14	35
ENSG00000168334	0	4	2	244	4	6	32	43	0	0	204	9	0	2	0	8	4	0	0	0	9	14	40	12	6	0	4	2
ENSG00000168447	40	4	283	8	357	42	45	22	67	2	157	40	53	17	126	331	7	194	92	115	0	165	18	43	116	21	34	142
ENSG00000168454	17	10	4	2	0	0	0	4	0	0	0	0	0	2	2	2	0	0	1	0	0	0	0	0	6	2	0	0
ENSG00000168509	0	2	0	30	0	0	28	26	0	2	3	3	11	2	0	0	2	0	0	6	16	8	32	0	2	1	0	2
ENSG00000168515	0	0	0	0	0	0	0	0	0	0	0	0	0	0	0	0	0	0	0	0	0	0	0	0	0	0	0	0
ENSG00000168530	0	5	0	1595	0	4	2	86	0	0	1149	0	0	2	0	0	0	0	0	0	196	0	204	0	20	6	0	0
ENSG00000168582	0	0	0	0	0	0	0	0	0	0	0	0	0	0	0	0	0	0	0	0	0	0	0	0	0	0	0	0
ENSG00000168591	723	1059	1610	1029	1356	1124	1510	1046	1184	868	1301	1033	1634	1080	1446	1818	1059	1224	1360	1619	1003	1669	943	1288	1398	423	675	1557
ENSG00000168594	1	4	4	2	0	0	0	0	0	0	12	1	6	9	2	0	1	0	4	0	0	0	0	0	2	0	1	0
ENSG00000168630	0	0	0	0	0	0	0	0	0	0	0	0	0	0	0	0	0	0	0	0	0	0	0	0	0	0	0	0
ENSG00000168671	0	19	10	9	8	0	99	5	23	17	0	2	4	4	13	3	8	2	7	0	20	15	5	0	23	16	12	19
ENSG00000168703	0	20	4	21	1	0	71	7	8	0	1	0	42	113	9	0	5	267	80	58	22	14	13	0	58	0	0	14
ENSG00000168757	0	0	0	0	0	0	0	0	0	0	0	0	0	0	0	0	0	0	0	0	0	0	0	0	0	0	0	0
ENSG00000168779	14	0	0	8	0	2	2	3	23	0	2	42	7	13	2	0	5	0	8	0	0	0	14	15	2	16	31	8
ENSG00000168830	0	2	0	0	0	0	1	0	7	10	1	0	0	0	0	0	1	0	4	0	0	0	17	0	2	0	0	0
ENSG00000168875	0	7	85	56	15	93	8	0	13	37	59	68	21	148	16	52	86	84	6	213	23	124	8	0	5	1	224	250
ENSG00000168876	697	955	567	988	656	919	858	760	741	821	911	836	1050	1054	1298	1149	893	573	1171	1007	1075	1203	1021	827	1205	1132	1011	788
ENSG00000168913	79	53	102	32	62	1	64	6	81	14	158	37	89	71	112	164	33	48	20	136	2	189	7	52	53	13	21	109
ENSG00000168925	7	0	0	0	0	0	4	0	1	0	0	1	5	7	0	4	5	0	0	0	0	0	0	4	0	1	0	2
ENSG00000169021	754	417	2423	2330	1786	1266	1482	1735	1059	508	2481	1204	2325	2343	3959	2208	2162	2210	1520	1766	3730	2397	2109	1633	2311	518	1242	2637
ENSG00000169064	0	16	0	10	2	88	0	19	3	0	3	4	14	10	6	7	0	1	0	0	18	6	12	7	6	1	5	4
ENSG00000169174	7	1	0	0	0	0	6	0	1	0	1	0	5	0	2	2	2	1	0	4	0	0	0	0	0	4	0	2
ENSG00000169220	154	180	215	57	239	124	302	134	153	122	117	130	290	220	135	254	53	59	59	332	295	127	194	145	181	25	94	113
ENSG00000169271	0	85	0	122	0	1	65	29	33	44	80	17	0	0	16	24	37	2	0	0	27	20	54	0	90	4	12	2
ENSG00000169313	0	12	28	33	6	23	145	59	21	0	20	19	76	43	26	19	24	14	8	6	10	0	3	7	83	22	13	37
ENSG00000169325	0	0	0	0	0	0	0	0	0	0	0	0	0	0	0	0	0	0	0	0	0	0	0	0	0	0	0	0
ENSG00000169397	0	0	0	4	0	2	3	9	1	0	0	0	3	2	0	0	2	4	0	0	4	0	0	4	2	1	0	0
ENSG00000169427	0	2	10	0	0	0	3	5	1	0	2	2	2	2	0	6	0	0	0	4	0	0	0	2	1	0	0	6
ENSG00000169429	12	31	580	196	1279	104	623	94	19	24	236	92	344	306	90	387	419	66	74	217	35	233	246	340	651	78	142	582
ENSG00000169469	4	0	1	0	21	16	4	0	0	0	0	0	4	0	1	0	0	0	0	0	0	0	0	0	0	0	0	0
ENSG00000169550	27	119	64	37	53	67	86	0	15	0	45	0	60	11	39	46	10	6	20	87	0	27	0	39	56	4	8	48
ENSG00000169575	0	0	0	0	0	0	0	0	0	0	0	0	0	0	0	0	0	0	0	0	0	0	0	0	0	0	0	0
ENSG00000169594	0	1	57	0	23	11	0	0	6	0	18	0	3	2	7	23	1	10	2	4	0	3	0	6	12	2	15	25
ENSG00000169607	0	38	10	24	12	54	39	35	16	18	4	11	27	86	29	0	43	12	74	5	90	0	3	12	28	53	2	23
ENSG00000169717	0	0	0	0	0	0	0	0	0	0	0	0	0	0	0	0	0	0	0	0	0	0	0	0	0	0	0	0
ENSG00000169740	488	678	996	892	715	1098	835	621	920	528	1034	1059	858	738	1598	1319	669	1204	1021	1209	827	1106	900	705	973	643	878	1146
ENSG00000169763	0	0	0	0	0	0	0	0	0	0	0	0	0	0	0	0	0	0	0	0	0	0	0	0	0	0	0	0
ENSG00000169800	0	0	0	0	0	0	0	0	0	0	0	0	0	0	0	0	0	0	0	0	0	0	0	0	0	0	0	0
ENSG00000169811	0	0	0	0	0	0	0	0	0	0	0	0	0	0	0	0	0	0	0	0	0	0	0	0	0	0	0	0
ENSG00000169840	0	0	0	0	0	0	0	0	0	0	0	0	0	0	0	0	0	0	0	0	0	0	0	0	0	0	0	0
ENSG00000169849	0	0	0	0	0	0	0	0	0	0	0	0	0	0	0	0	0	0	0	0	0	0	0	0	0	0	0	0
ENSG00000169884	0	26	22	14	6	24	10	0	0	30	9	19	17	7	16	8	4	0	28	13	0	3	0	21	13	13	3	0
ENSG00000169894	1680	94	5028	383	2167	338	1504	22	1614	272	1530	894	1412	1323	1176	4305	936	2355	755	2234	1217	3615	30	2780	1293	142	1794	4380
ENSG00000169900	0	0	4	0	4	1	7	0	4	6	5	0	0	0	0	1	2	0	0	0	0	0	0	2	1	0	0	0
ENSG00000169933	4	28	76	18	20	43	74	2	24	31	40	109	34	4	26	15	22	20	10	32	10	92	0	8	20	0	10	77
ENSG00000170166	3	22	21	14	2	32	26	10	5	35	8	20	30	39	20	12	10	1	13	9	0	2	5	26	34	5	27	8
ENSG00000170214	0	11	7	6	4	0	91	10	22	20	6	0	44	2	11	11	7	4	4	8	0	0	0	0	26	3	6	0
ENSG00000170255	0	0	0	0	0	0	0	0	0	0	0	0	0	0	0	0	0	0	0	0	0	0	0	0	0	0	0	0
ENSG00000170262	0	5	3	0	0	1	0	2	0	0	6	1	1	2	2	0	0	1	1	0	0	7	0	5	0	1	2	0
ENSG00000170279	0	0	0	0	0	0	0	0	0	0	0	0	0	0	0	0	0	0	0	0	0	0	0	0	0	0	0	0
ENSG00000170290	0	63	4	382	0	0	39	111	14	30	344	0	13	0	3	0	8	0	0	0	45	2	55	0	6	0	0	3
ENSG00000170293	218	82	173	124	199	113	183	274	328	17	124	55	271	270	312	139	61	253	96	289	144	174	65	101	128	31	120	176
ENSG00000170298	11	5	9	3	30	9	24	0	12	19	28	5	0	0	5	21	0	5	11	26	0	8	0	15	29	2	3	6
ENSG00000170370	42	13	17	38	8	13	26	13	38	9	197	32	69	0	29	63	36	10	6	8	27	2	0	11	24	14	17	2
ENSG00000170373	20	38	250	76	592	455	485	20	8	40	15	142	3577	55	96	109	51	14	71	283	23	607	26	55	474	4	63	96
ENSG00000170374	0	0	2	0	3	0	5	0	0	0	0	0	0	0	1	3	0	0	0	6	0	0	2	2	8	1	5	0
ENSG00000170419	0	442	59	897	42	36	35	1174	16	28	1195	169	181	1080	21	341	228	57	9	68	832	80	1345	131	254	12	107	140
ENSG00000170423	0	10	0	0	0	0	1	0	0	0	0	0	0	0	0	0	0	0	0	0	0	0	3	2	0	0	0	0
ENSG00000170454	0	2	0	0	2	6	6	0	0	0	0	0	0	0	0	0	4	0	0	0	0	0	0	0	13	0	6	0
ENSG00000170477	89	0	109	18	639	149	181	0	80	13	473	2	97	6	59	227	36	159	24	102	0	36	0	22	249	10	16	31
ENSG00000170484	0	5	2	0	0	2	1	0	0	0	0	0	0	0	0	7	0	0	2	0	0	0	0	2	6	0	0	3
ENSG00000170577	204	33	80	78	202	43	63	11	312	46	201	103	147	4	64	170	18	81	35	97	29	37	56	48	57	20	48	40
ENSG00000170688	0	0	0	4	0	0	15	0	3	0	0	0	0	0	0	1	0	0	2	4	0	0	0	4	5	0	4	2
ENSG00000170786	0	0	24	0	13	4	47	0	2	0	30	0	14	6	14	40	12	3	0	0	16	4	0	28	26	2	3	11
ENSG00000170807	0	2	0	401	0	0	1	39	0	0	181	2	0	6	0	4	2	0	0	0	119	6	38	5	0	3	3	2
ENSG00000170819	0	3	0	2	0	2	0	14	0	6	0	0	0	0	0	2	2	0	0	2	0	4	0	0	4	0	0	0
ENSG00000170927	1	28	128	19	12	6	31	0	2	0	9	9	124	114	27	8	43	5	12	11	0	10	44	82	32	28	25	51
ENSG00000170948	0	0	0	0	0	0	0	0	0	0	0	0	0	0	0	0	0	0	0	0	0	0	0	0	0	0	0	0
ENSG00000170983	0	0	0	0	0	0	0	0	0	0	0	0	0	0	0	0	0	0	0	0	0	0	0	0	0	0	0	0
ENSG00000171014	0	0	0	0	0	0	0	0	0	0	0	0	0	0	0	0	0	0	0	0	0	0	0	0	0	0	0	0
ENSG00000171049	2	4	34	6	1	2	50	6	4	5	2	11	27	10	11	6	12	2	4	0	0	0	5	16	9	8	0	12
ENSG00000171051	3	3	248	117	36	55	450	142	14	17	47	60	272	87	105	87	123	31	33	41	44	19	8	103	298	25	38	130
ENSG00000171124	30	2	24	2	73	11	19	6	18	0	10	4	9	7	7	17	4	3	0	32	1	0	0	17	14	0	4	4
ENSG00000171126	5	0	6	16	21	166	12	4	12	30	9	42	0	8	19	6	7	15	33	22	0	2	0	57	11	77	77	24
ENSG00000171136	7	1	0	2	0	0	7	0	0	0	0	0	0	0	3	0	1	2	0	0	0	17	0	1	1	0	1	0
ENSG00000171199	0	0	0	0	0	0	0	0	0	0	0	0	0	0	0	0	0	0	0	0	0	0	0	0	0	0	0	0
ENSG00000171201	179	0	0	0	3	0	0	0	21	92	0	0	0	0	0	0	2	0	0	0	0	0	0	0	76	0	0	0
ENSG00000171234	0	2	1	0	11	5	4	0	0	0	8	0	0	0	0	0	0	0	0	0	0	0	0	5	0	0	0	0
ENSG00000171236	50	50	465	249	447	8	298	184	167	19	199	43	131	542	111	443	716	74	62	164	1145	250	213	73	144	15	44	708
ENSG00000171243	4	13	165	12	42	16	78	21	18	2	19	4	36	33	32	13	12	5	9	47	0	2	0	65	31	20	10	40
ENSG00000171346	4218	725	3850	1411	11516	1481	4053	41	4906	721	11653	1971	3623	387	9266	8180	606	3999	2742	3940	455	5234	224	1462	9749	304	1305	3162
ENSG00000171396	0	0	0	0	0	0	0	0	0	0	0	0	0	0	0	0	0	0	0	0	0	0	0	0	0	0	0	0
ENSG00000171401	762	8	287	8	6261	577	157	0	997	26	1856	29	145	2	77	1992	15	617	36	1136	3	165	0	20	813	1	30	165
ENSG00000171421	193	248	504	990	401	359	696	1061	410	281	543	421	765	738	2207	587	664	797	910	947	809	782	862	320	814	362	408	956
ENSG00000171431	0	21	0	81	2	0	0	10	0	1	0	0	0	19	0	0	12	0	1	0	4	2	1	1	0	0	4	2
ENSG00000171551	0	2	6	0	0	0	4	0	0	2	2	4	4	0	1	0	0	0	4	0	0	12	0	0	0	7	0	5
ENSG00000171557	0	2	0	0	0	0	0	4	0	0	0	0	0	0	0	0	0	0	0	0	2	28	0	0	0	0	0	0
ENSG00000171587	0	0	2	12	2	2	0	0	0	1	0	0	0	6	0	2	0	0	0	0	0	0	0	2	0	9	0	0
ENSG00000171671	0	7	0	2	2	0	0	4	1	4	0	2	0	1	1	0	7	0	0	0	0	0	9	2	0	0	1	2
ENSG00000171711	0	0	0	0	0	0	0	0	0	0	0	0	0	0	0	0	0	0	0	0	0	0	0	0	0	0	0	0
ENSG00000171724	0	3	11	15	11	2	27	12	9	4	18	5	18	6	6	0	0	0	2	5	0	15	0	11	42	7	32	25
ENSG00000171759	9	6	78	8	3	0	37	198	4	7	9	4	152	13	134	4	81	57	33	163	87	185	14	102	94	2	3	110
ENSG00000171772	0	2	0	1	0	0	0	0	2	0	7	16	2	2	2	0	0	1	1	0	0	0	0	4	0	0	0	0
ENSG00000171786	0	17	6	8	2	21	0	3	0	19	5	10	13	16	0	0	8	10	22	0	0	28	10	10	4	4	0	2
ENSG00000171916	0	3	19	0	2	10	45	0	9	1	1	5	3	0	4	16	1	8	3	22	0	0	0	7	25	0	4	0
ENSG00000171936	0	0	0	0	0	0	0	0	0	0	0	0	0	0	0	0	0	0	0	0	0	0	0	0	0	0	0	0
ENSG00000171951	6	8	252	380	274	128	86	41	10	2	58	19	217	77	428	150	33	119	137	112	0	95	18	73	89	1070	85	172
ENSG00000171954	106	2	14	11	27	8	125	6	134	18	12	8	114	14	179	166	20	18	11	98	4	202	3	7	476	12	32	54
ENSG00000172014	2	102	15	77	1	3	87	74	3	68	14	44	18	41	15	0	114	1	7	46	27	20	22	81	47	3	1	22
ENSG00000172023	0	11	2	0	0	0	0	0	0	0	0	0	0	0	15	0	0	0	0	2	0	0	0	0	0	2	0	5
ENSG00000172073	0	0	0	0	0	0	0	0	0	0	0	0	0	0	0	0	0	0	0	0	0	0	0	0	0	0	0	0
ENSG00000172150	0	0	0	0	0	0	0	0	0	0	0	0	0	0	0	0	0	0	0	0	0	0	0	0	0	0	0	0
ENSG00000172154	0	0	0	0	0	0	0	0	0	0	0	0	0	0	0	0	0	0	0	0	0	0	0	0	0	0	0	0
ENSG00000172155	0	0	0	0	0	0	0	0	0	0	0	0	0	0	0	0	0	0	0	0	0	0	0	0	0	0	0	0
ENSG00000172199	0	0	0	0	0	0	0	0	0	0	0	0	0	0	0	0	0	0	0	0	0	0	0	0	0	0	0	0
ENSG00000172208	0	0	0	0	0	0	0	0	0	0	0	0	0	0	0	0	0	0	0	0	0	0	0	0	0	0	0	0
ENSG00000172236	332	551	522	1140	645	427	1949	1219	318	463	832	668	1358	208	964	443	600	335	271	810	577	1032	1483	485	1381	162	125	632
ENSG00000172238	0	0	2	54	6	22	0	14	0	5	0	0	16	44	0	0	26	0	1	2	0	0	5	50	0	55	20	22
ENSG00000172283	0	0	0	0	0	0	0	0	0	0	0	0	0	0	0	0	0	0	0	0	0	0	0	0	0	0	0	0
ENSG00000172288	0	0	0	0	0	0	0	0	0	0	0	0	0	0	0	0	0	0	0	0	0	0	0	0	0	0	0	0
ENSG00000172294	0	0	0	0	0	0	0	0	0	0	0	0	0	0	0	0	0	0	0	0	0	0	0	0	0	0	0	0
ENSG00000172320	0	2	0	0	0	1	0	0	0	3	0	0	2	1	3	7	0	0	0	0	0	0	10	3	3	0	0	3
ENSG00000172324	0	0	3	0	0	0	0	5	2	6	1	2	5	0	0	0	1	4	0	5	6	0	2	4	0	1	1	1
ENSG00000172342	0	0	0	0	0	0	0	0	0	0	0	0	0	0	0	0	0	0	0	0	0	0	0	0	0	0	0	0
ENSG00000172352	0	0	0	0	0	0	0	0	0	0	0	0	0	0	0	0	0	0	0	0	0	0	0	0	0	0	0	0
ENSG00000172365	0	0	0	0	0	0	0	0	0	0	0	0	43	356	0	0	0	0	0	0	0	5	0	2	0	0	0	0
ENSG00000172377	0	0	0	0	0	0	0	0	0	0	0	0	0	0	0	0	0	0	0	0	0	0	0	0	0	0	0	0
ENSG00000172379	79	336	1171	375	183	469	659	430	337	297	334	415	1125	703	292	395	392	290	362	362	106	250	280	301	328	306	387	576
ENSG00000172459	0	0	0	0	0	0	0	0	0	0	0	0	0	0	0	0	0	0	0	0	0	0	0	0	0	0	0	0
ENSG00000172464	0	0	0	0	0	0	0	0	0	0	0	0	0	0	0	0	0	0	0	0	0	0	0	0	0	0	0	0
ENSG00000172468	0	0	0	0	0	0	0	0	0	0	0	0	0	0	0	0	0	0	0	0	0	0	0	0	0	0	0	0
ENSG00000172478	3	17	51	0	52	11	136	27	8	0	24	4	51	14	14	165	12	20	17	36	0	9	0	51	16	0	61	4
ENSG00000172500	759	870	994	605	884	562	1003	948	792	580	686	631	1003	1001	1351	763	775	1066	1017	1327	1286	1771	1397	742	934	504	529	987
ENSG00000172519	2	12	3	11	4	12	0	10	2	18	6	5	8	10	0	1	10	1	12	17	2	14	35	17	6	6	3	2
ENSG00000172538	0	0	0	0	0	0	0	0	0	0	0	0	0	0	0	0	0	0	0	0	0	0	0	0	0	0	0	0
ENSG00000172551	0	21	7	20	6	15	5	2	15	0	16	0	2	11	11	4	17	54	10	20	50	30	4	5	24	0	2	20
ENSG00000172613	97	463	249	184	206	310	380	327	230	325	195	253	328	308	292	247	220	162	357	389	302	380	401	448	365	181	203	268
ENSG00000172673	32	4	85	56	6	53	106	36	5	10	28	93	94	46	48	8	57	12	32	62	43	2	0	18	42	13	13	115
ENSG00000172769	0	0	0	0	0	0	0	0	0	0	0	0	0	0	0	0	0	0	0	0	0	0	0	0	0	0	0	0
ENSG00000172772	0	0	0	0	0	0	0	0	0	0	0	0	0	0	0	0	0	0	0	0	0	0	0	0	0	0	0	0
ENSG00000172785	112	207	268	503	162	328	436	400	190	283	260	219	736	1128	779	272	443	185	358	516	668	566	333	530	632	319	318	501
ENSG00000172795	280	321	939	745	362	774	1023	757	504	569	724	818	1075	992	1167	543	772	486	910	586	729	758	607	660	1089	755	657	929
ENSG00000172799	0	0	0	0	0	0	2	0	0	0	0	0	71	35	0	19	0	1	0	27	58	0	0	0	0	0	24	0
ENSG00000172817	103	95	632	166	173	279	592	424	184	131	267	288	958	1315	580	113	419	219	248	273	127	211	326	213	547	121	315	732
ENSG00000172867	0	8	4	0	2	2	4	2	2	2	0	0	4	7	0	0	0	0	0	0	0	0	2	1	0	6	0	0
ENSG00000172995	0	6	9	20	13	16	0	0	6	0	10	0	100	18	8	13	2	0	17	16	20	17	0	6	3	0	0	17
ENSG00000173011	550	483	1730	823	900	652	1297	955	965	426	968	700	1075	1068	1339	1104	774	1186	889	1522	1031	1068	787	888	936	533	760	1633
ENSG00000173193	585	769	2939	1334	988	1853	3073	1749	724	1344	941	1479	2397	2109	1923	823	1051	655	1143	1105	835	1293	1035	1953	2092	729	1498	1710
ENSG00000173227	38	31	74	46	113	27	169	37	38	42	56	50	118	153	17	117	37	16	63	64	36	40	15	60	54	17	45	42
ENSG00000173237	0	0	0	0	0	0	0	0	0	0	0	0	0	0	0	0	0	0	0	0	0	0	0	0	0	0	0	0
ENSG00000173239	0	3	1	0	0	0	0	0	0	0	0	4	0	1	0	0	0	0	2	0	0	0	0	0	1	0	0	0
ENSG00000173262	12	2	9	3	8	22	44	27	0	5	3	10	0	0	4	0	28	0	4	21	14	0	4	1	8	2	1	18
ENSG00000173276	40	86	1280	386	329	467	931	288	135	220	316	334	1290	956	722	403	467	210	418	391	239	654	201	530	816	77	358	1084
ENSG00000173302	0	0	0	0	0	0	0	0	0	0	0	0	0	0	0	0	0	0	0	0	0	0	0	0	0	0	0	0
ENSG00000173349	0	0	0	0	0	0	0	0	0	0	0	0	0	0	0	0	0	0	0	0	0	0	0	0	0	0	0	0
ENSG00000173357	0	0	0	0	0	0	0	0	0	0	0	0	0	0	0	0	0	0	0	0	0	0	0	0	0	0	0	0
ENSG00000173366	0	0	0	0	0	0	0	0	0	0	0	0	0	0	0	0	0	0	0	0	0	0	0	0	0	0	0	0
ENSG00000173404	0	21	28	174	18	100	4	219	23	137	18	10	2	49	29	9	4	175	507	39	181	4	195	151	8	962	73	17
ENSG00000173431	0	0	0	0	0	0	0	0	0	0	0	0	0	0	0	0	0	0	0	0	0	0	0	0	0	0	0	0
ENSG00000173432	1	5	315	27	137	13	543	49	10	0	27	7	43	2	32	722	54	0	12	14	3	76	0	106	200	110	9	169
ENSG00000173464	0	0	0	0	0	0	0	0	0	0	0	0	0	0	0	0	0	0	0	0	0	0	0	0	0	0	0	0
ENSG00000173517	469	903	1757	960	555	1019	4256	1039	741	969	1042	1249	2412	1226	552	562	692	535	905	636	685	614	441	921	1650	580	663	483
ENSG00000173572	0	48	0	5	0	0	0	26	1	0	0	0	2	10	0	0	37	0	4	12	0	10	2	2	0	1	0	14
ENSG00000173612	6	14	0	0	13	7	0	0	31	2	3	0	25	0	2	0	2	4	1	2	13	0	0	1	29	0	0	2
ENSG00000173673	0	0	0	0	0	0	0	0	0	0	0	0	0	0	0	0	0	0	0	0	0	0	0	0	0	0	0	0
ENSG00000173679	0	0	0	0	0	0	0	0	0	0	0	0	0	0	0	0	0	0	0	0	0	0	0	0	0	0	0	0
ENSG00000173702	13	36	460	367	319	33	227	48	18	0	37	2	96	213	254	260	180	260	113	74	16	1491	45	206	694	37	15	327
ENSG00000173810	0	0	0	0	0	0	0	0	0	0	0	0	0	0	0	0	0	0	0	0	0	0	0	0	0	0	0	0
ENSG00000173826	115	961	310	911	64	28	607	3836	149	68	122	87	240	201	466	82	509	379	51	1151	96	663	1493	173	365	232	11	494
ENSG00000173838	16	6	5	14	4	6	12	0	9	5	4	18	1	8	11	10	11	3	19	18	73	0	0	9	5	10	3	17
ENSG00000173954	0	0	0	0	0	0	0	0	0	0	0	0	0	0	0	0	0	0	0	0	0	0	0	0	0	0	0	0
ENSG00000173991	13	18	8	369	8	12	8	47	24	33	279	5	21	0	5	17	6	2	5	24	60	22	34	24	16	6	3	7
ENSG00000174016	0	0	0	0	0	0	4	0	1	0	0	0	14	0	4	0	3	4	0	0	6	0	0	4	2	5	0	4
ENSG00000174279	8	45	39	16	62	11	29	13	125	16	37	0	257	1	38	28	26	25	3	37	0	12	0	4	48	2	11	7
ENSG00000174307	1507	634	866	566	1453	478	1328	593	1638	914	1714	1023	808	301	624	1628	326	891	563	920	623	565	375	776	839	271	501	390
ENSG00000174339	0	0	0	0	0	0	0	0	0	0	0	0	0	0	0	0	0	0	0	0	0	0	0	0	0	0	0	0
ENSG00000174358	27	2	39	3	15	14	0	2	42	0	8	4	24	76	48	6	28	12	113	17	0	70	0	0	8	7	14	56
ENSG00000174365	234	404	465	461	192	261	272	288	272	421	272	426	476	1479	1802	399	668	536	318	604	135	1093	309	230	410	505	438	903
ENSG00000174407	0	1	0	10	0	1	2	0	0	4	0	0	3	2	3	2	0	0	0	0	4	0	0	2	0	2	0	0
ENSG00000174408	0	0	0	0	0	0	0	0	0	0	0	0	0	0	0	0	0	0	0	0	0	0	0	0	0	0	0	0
ENSG00000174418	0	0	0	0	0	0	0	0	0	0	0	0	0	0	0	0	0	0	0	0	0	0	0	0	0	0	0	0
ENSG00000174429	0	0	12	54	2	8	9	3	2	7	52	8	0	2	6	0	6	0	7	6	0	31	2	3	14	1	1	6
ENSG00000174442	72	133	167	216	102	196	255	271	156	109	137	158	270	397	314	63	252	112	244	258	267	282	229	158	234	193	114	169
ENSG00000174444	11032	9821	42320	27914	23865	23096	33063	32544	22966	15223	30596	28396	30037	27863	31669	33033	36766	29612	25094	28235	24175	27980	22656	16981	26535	26979	29511	51452
ENSG00000174482	11	32	4	15	10	6	40	8	16	80	2	5	34	5	0	4	24	0	1	0	13	0	23	4	60	1	6	0
ENSG00000174495	0	0	0	0	0	0	0	0	0	0	0	0	0	0	0	0	0	0	0	0	0	0	0	0	0	0	0	0
ENSG00000174502	8	5	32	2	17	2	35	0	2	6	3	0	15	1	4	19	2	10	4	0	0	25	0	12	10	0	0	4
ENSG00000174606	297	571	1108	965	526	899	1123	851	540	778	711	884	1292	1491	1314	572	742	568	849	950	843	700	795	663	931	559	826	1260
ENSG00000174607	0	12	17	16	8	15	5	2	9	8	15	16	62	234	28	4	5	12	18	6	0	2	2	59	38	13	12	9
ENSG00000174677	0	0	0	0	0	0	0	0	0	0	0	0	0	0	0	0	0	0	0	0	0	0	0	0	0	0	0	0
ENSG00000174899	0	0	6	17	4	10	0	0	0	0	8	38	13	17	11	2	0	0	6	21	11	12	12	5	6	0	5	24
ENSG00000174930	0	0	0	0	0	0	0	0	0	0	0	0	0	0	0	0	0	0	0	0	0	0	0	0	0	0	0	0
ENSG00000174937	0	0	0	0	0	0	0	0	0	0	0	0	0	0	0	0	0	0	0	0	0	0	0	0	0	0	0	0
ENSG00000174970	0	0	0	0	0	0	0	0	0	0	0	0	0	0	0	0	0	0	0	0	0	0	0	0	0	0	0	0
ENSG00000174982	0	2	0	0	0	0	0	0	0	0	0	0	0	0	0	0	0	0	0	0	0	0	0	0	0	0	0	0
ENSG00000175048	412	631	757	413	406	556	1066	430	862	539	815	601	731	707	1655	768	357	596	426	1294	408	1418	372	381	861	222	221	807
ENSG00000175093	4	7	0	0	0	2	1	0	0	14	3	2	0	0	0	0	2	0	4	8	0	0	0	0	0	0	0	0
ENSG00000175121	13	42	8	109	12	2	86	0	11	0	4	0	50	34	8	14	11	79	39	17	7	20	5	0	60	0	0	0
ENSG00000175164	169	140	1617	57	213	79	293	90	185	101	202	123	256	39	589	272	139	394	121	525	73	358	2	495	230	32	117	817
ENSG00000175175	0	89	257	348	18	142	195	811	24	232	75	220	256	1103	390	19	194	195	808	305	155	275	404	487	204	920	173	312
ENSG00000175189	0	9	16	19	0	2	62	12	5	8	2	0	4	12	77	4	6	75	20	43	5	2	16	7	49	2	4	7
ENSG00000175206	0	57	4	12	0	31	10	19	2	35	0	13	56	23	5	9	17	2	22	8	13	3	68	17	5	11	7	1
ENSG00000175315	2	9	10	9	23	0	68	1	4	0	7	8	37	3	4	7	8	0	2	0	38	2	2	4	2	0	7	0
ENSG00000175319	0	0	0	0	0	0	0	0	0	0	0	0	0	0	0	0	0	0	0	0	0	0	0	0	0	0	0	0
ENSG00000175325	0	87	0	14	1	34	24	8	0	28	4	11	7	21	1	2	13	3	13	9	2	15	36	48	7	11	7	8
ENSG00000175329	43	116	58	131	86	26	4	150	20	1	28	6	41	152	14	2	32	10	20	71	36	26	42	26	2	85	27	92
ENSG00000175336	0	2	72	123	7	16	18	107	25	61	24	129	51	167	83	8	10	49	67	151	251	42	107	68	19	30	85	124
ENSG00000175463	79	207	134	86	99	186	373	134	124	132	164	319	327	165	53	187	108	55	99	153	71	20	56	141	187	78	89	69
ENSG00000175535	0	6	0	12	2	6	0	7	0	0	0	1	20	94	2	0	0	0	1	0	0	2	11	2	2	0	2	4
ENSG00000175556	9	12	207	11	18	23	161	8	5	7	36	37	84	46	68	28	39	32	17	72	0	38	4	48	104	5	36	59
ENSG00000175643	58	25	58	60	102	266	99	56	98	90	84	97	90	56	88	117	93	37	58	63	130	41	50	50	79	53	55	80
ENSG00000175646	0	0	0	0	0	0	0	0	0	0	0	0	0	0	0	0	0	0	0	0	0	0	0	0	0	0	0	0
ENSG00000175676	0	0	0	0	0	0	0	0	0	0	0	0	0	0	0	0	0	0	0	0	0	0	0	0	0	0	0	0
ENSG00000175699	0	0	0	0	0	0	0	0	0	0	2	0	0	0	0	0	0	0	0	0	0	0	0	0	0	0	0	0
ENSG00000175730	0	4	0	0	0	3	5	4	6	10	0	2	0	1	3	0	2	0	1	0	0	0	0	3	1	0	0	4
ENSG00000175749	0	0	2	4	0	0	0	0	2	2	0	6	0	0	0	6	3	0	2	0	2	9	2	0	2	4	0	2
ENSG00000175766	0	0	0	0	0	0	0	0	0	0	0	0	0	0	0	0	0	0	0	0	0	0	0	0	0	0	0	0
ENSG00000175809	0	1	0	6	0	1	0	32	0	0	0	0	0	0	0	0	0	0	0	2	0	0	0	0	2	0	0	0
ENSG00000176029	1	2	3	0	0	1	1	0	1	5	0	0	1	0	0	12	0	0	2	6	3	0	0	5	3	1	0	1
ENSG00000176040	1	0	2	0	2	0	1	0	0	4	0	7	11	1	0	4	4	0	1	2	1	0	0	2	0	0	0	4
ENSG00000176092	11	14	10	0	51	15	20	0	2	0	10	10	26	0	3	37	4	6	5	44	0	6	0	8	15	0	5	6
ENSG00000176102	158	400	537	508	386	633	725	816	412	585	389	689	841	956	834	342	430	481	843	689	751	584	613	598	657	420	490	691
ENSG00000176115	0	0	0	0	0	0	0	0	0	0	0	0	0	0	0	0	0	0	0	0	0	0	0	0	0	0	0	0
ENSG00000176153	173	66	332	20	1017	38	115	13	228	11	444	43	74	13	88	553	54	291	49	234	115	142	2	41	424	14	15	86
ENSG00000176200	0	0	0	0	0	0	0	0	0	0	0	0	0	0	0	0	0	0	0	0	0	0	0	0	0	0	0	0
ENSG00000176232	0	0	0	0	0	0	0	0	0	0	0	0	0	0	0	0	0	0	0	0	0	0	0	0	0	0	0	0
ENSG00000176243	0	0	0	0	0	0	0	0	0	0	0	0	0	0	0	0	0	0	0	0	0	0	0	0	0	0	0	0
ENSG00000176256	0	0	0	0	0	0	0	0	0	0	0	0	0	0	0	0	0	0	0	0	0	0	0	0	0	0	0	0
ENSG00000176269	0	0	0	0	0	0	0	0	0	0	0	0	0	0	0	0	0	0	0	0	0	0	0	0	0	0	0	0
ENSG00000176281	0	0	0	0	0	0	0	0	0	0	0	0	0	0	0	0	0	0	0	0	0	0	0	0	0	0	0	0
ENSG00000176318	0	3	0	0	0	0	0	0	0	0	0	0	0	0	0	0	0	0	0	0	0	0	0	0	0	0	0	0
ENSG00000176343	0	4	0	0	0	2	17	0	0	4	0	0	9	0	2	0	0	0	0	0	0	0	0	0	0	0	0	0
ENSG00000176358	0	9	5	0	0	0	4	0	0	0	0	1	8	10	0	0	1	1	0	0	0	0	2	2	1	2	4	1
ENSG00000176490	73	167	151	105	80	97	174	179	107	141	172	178	211	182	93	119	90	136	144	224	79	153	125	162	124	151	45	115
ENSG00000176515	0	0	0	0	0	0	0	0	0	0	0	0	0	0	0	0	0	0	0	0	0	0	0	0	0	0	0	0
ENSG00000176531	237	686	333	284	380	425	582	721	351	443	247	308	543	582	304	354	402	404	591	845	503	473	627	557	352	390	284	385
ENSG00000176540	0	0	0	0	0	0	0	0	0	0	0	0	0	0	0	0	0	0	0	0	0	0	0	0	0	0	0	0
ENSG00000176555	0	0	0	0	0	0	0	0	0	0	0	0	0	0	0	0	0	0	0	0	0	0	0	0	0	0	0	0
ENSG00000176567	0	0	0	0	0	0	0	0	0	0	0	0	0	0	0	0	0	0	0	0	0	0	0	0	0	0	0	0
ENSG00000176659	0	5	10	6	0	11	14	1	21	4	4	16	30	35	11	0	4	0	22	6	0	0	12	6	12	0	46	7
ENSG00000176692	31	22	90	108	99	60	98	29	39	20	67	80	55	33	34	155	31	39	27	31	24	84	3	92	55	58	39	39
ENSG00000176742	0	0	0	0	0	0	0	0	0	0	0	0	0	0	0	0	0	0	0	0	0	0	0	0	0	0	0	0
ENSG00000176746	0	0	0	0	0	0	0	0	0	0	0	0	0	0	0	0	0	0	0	0	0	0	0	0	0	0	0	0
ENSG00000176752	0	0	0	0	0	0	0	0	0	0	0	0	0	0	0	0	0	0	0	0	0	0	0	0	0	0	0	0
ENSG00000176782	0	0	0	0	0	0	0	0	0	0	0	0	0	0	0	0	0	0	0	0	0	0	0	0	0	0	0	0
ENSG00000176797	0	0	0	0	0	0	0	0	0	0	0	0	0	0	0	0	0	0	0	0	0	0	0	0	0	0	0	0
ENSG00000176798	0	61	5	33	0	10	0	73	0	58	12	79	6	120	5	0	93	0	3	15	58	14	102	30	0	51	100	12
ENSG00000176826	5	44	22	77	19	4	240	116	20	23	10	11	320	190	82	58	11	7	21	10	7	9	2	9	80	10	24	10
ENSG00000176845	126	122	194	128	387	235	373	83	117	123	222	211	339	163	123	284	150	119	207	220	102	251	207	192	141	113	94	122
ENSG00000176868	0	0	0	0	0	0	0	0	0	0	0	0	0	0	0	0	0	0	0	0	0	0	0	0	0	0	0	0
ENSG00000176871	845	828	2725	2135	1290	3342	1619	2100	1259	1127	1089	1491	2665	3679	1952	1125	1156	1969	2150	1644	5332	1749	2288	1693	1353	1943	1808	1947
ENSG00000176882	0	0	0	0	0	0	0	0	0	0	0	0	0	0	0	0	0	0	0	0	0	0	0	0	0	0	0	0
ENSG00000176884	94	320	90	63	46	543	106	276	111	369	56	113	140	178	114	89	85	133	264	308	253	154	370	105	117	70	62	79
ENSG00000176887	0	10	0	0	0	7	3	0	0	0	8	0	6	2	0	0	5	0	0	0	0	0	0	0	0	0	0	0
ENSG00000176890	72	220	71	121	68	209	137	131	96	278	103	123	130	90	56	101	157	71	161	150	93	83	62	85	140	133	127	76
ENSG00000176893	0	42	4	31	0	0	0	20	0	30	4	13	0	27	4	0	67	0	0	0	38	0	4	6	0	7	15	11
ENSG00000176895	0	77	0	48	0	43	4	134	0	131	18	148	0	56	2	0	169	0	0	18	98	14	176	34	4	63	118	19
ENSG00000176900	0	0	2	0	0	0	0	16	0	0	0	0	0	16	0	0	2	0	0	0	0	0	0	0	0	0	2	2
ENSG00000176904	0	4	0	8	0	0	0	5	0	20	0	4	0	6	0	0	14	0	0	0	20	0	27	4	0	12	13	2
ENSG00000176923	0	0	0	0	0	0	0	0	0	0	0	0	0	0	0	0	0	0	0	0	0	0	0	0	0	0	0	0
ENSG00000176951	0	54	0	16	0	0	0	15	0	44	2	0	0	14	0	0	42	0	0	11	10	4	0	2	0	14	4	1
ENSG00000176956	0	0	0	5	23	16	12	3	9	0	3	1	29	0	15	11	0	9	1	0	10	8	0	2	0	90	0	2
ENSG00000176970	0	0	0	0	0	0	0	0	0	0	0	0	0	0	0	0	0	0	0	0	0	0	0	0	0	0	0	0
ENSG00000176988	0	0	0	0	0	2	0	0	1	0	0	4	0	2	0	0	0	0	3	0	0	15	8	0	2	0	0	0
ENSG00000177023	0	0	0	0	0	0	0	0	0	0	0	0	0	0	0	0	0	0	0	0	0	0	0	0	0	0	0	0
ENSG00000177058	124	183	406	347	299	623	435	314	219	175	317	310	463	268	439	379	300	264	294	275	299	279	223	299	321	247	272	540
ENSG00000177084	409	824	887	574	361	594	912	635	642	713	435	538	1166	856	485	484	642	463	761	709	392	560	531	531	657	513	656	668
ENSG00000177143	0	0	0	0	0	0	0	0	0	0	0	0	0	0	0	0	0	0	0	0	0	0	0	0	0	0	0	0
ENSG00000177186	0	1	0	0	0	0	0	0	0	0	0	0	0	0	0	0	0	0	0	0	0	0	0	0	0	1	0	0
ENSG00000177233	0	0	0	0	0	0	0	0	0	0	0	0	0	0	0	0	0	0	0	0	0	0	0	0	0	0	0	0
ENSG00000177243	0	0	0	0	0	0	0	0	0	0	0	0	0	0	0	0	0	0	0	0	0	0	0	0	0	0	0	0
ENSG00000177257	0	0	0	0	0	0	0	0	0	0	0	0	0	0	0	0	0	0	0	0	0	0	0	0	0	0	0	0
ENSG00000177261	0	0	0	0	0	0	0	0	0	0	0	0	0	0	0	0	0	0	0	0	0	0	0	0	0	0	0	0
ENSG00000177300	0	0	0	0	0	0	0	0	0	0	0	0	0	0	0	0	0	0	0	0	0	0	0	0	0	0	0	0
ENSG00000177400	0	0	0	0	0	0	0	0	0	0	0	0	0	0	0	0	0	0	0	0	0	0	0	0	0	0	0	0
ENSG00000177447	0	0	0	0	0	0	0	0	0	0	0	0	0	0	0	0	0	0	0	0	0	0	0	0	0	0	0	0
ENSG00000177455	0	36	20	0	7	26	25	40	21	16	10	10	53	6	10	24	11	0	2	13	4	0	1	13	31	12	16	24
ENSG00000177462	0	4	6	2	0	16	4	1	11	14	4	4	7	19	4	0	8	0	0	0	9	0	4	0	1	6	0	8
ENSG00000177494	0	4	9	0	2	36	33	7	2	0	0	21	9	1	0	14	9	0	4	4	0	0	0	7	36	2	6	7
ENSG00000177511	0	0	4	10	0	0	0	0	0	0	0	2	0	0	4	0	0	0	0	0	0	6	0	0	2	2	10	2
ENSG00000177553	0	0	0	0	0	0	0	0	0	0	0	0	0	0	0	0	0	0	0	0	0	0	0	0	0	0	0	0
ENSG00000177575	43	58	316	1136	62	210	4926	2237	89	317	79	478	1035	623	526	293	1253	32	127	74	251	352	395	172	1352	330	721	1058
ENSG00000177586	0	0	0	0	0	0	0	0	0	0	0	0	0	0	0	0	0	0	0	0	0	0	0	0	0	0	0	0
ENSG00000177606	3504	6364	11334	14089	25357	17268	17123	10815	4316	4554	8575	8245	11487	9489	13875	12991	12501	13082	7097	25967	4660	14737	32296	12067	17099	8216	4042	15321
ENSG00000177673	0	0	0	1	0	2	0	0	0	0	0	0	0	0	0	0	0	0	0	0	0	0	0	2	0	0	0	0
ENSG00000177684	0	0	0	0	0	0	0	0	0	0	0	0	0	0	0	0	0	0	0	0	0	0	0	0	0	0	0	0
ENSG00000177699	0	0	0	0	0	3	6	7	0	0	4	0	7	4	0	2	3	1	0	0	0	8	0	0	1	2	0	0
ENSG00000177721	46	64	45	34	68	63	85	77	54	207	69	128	112	32	62	100	59	53	252	79	92	57	22	80	86	196	84	64
ENSG00000177757	0	0	15	2	0	2	5	3	5	6	3	8	11	9	12	3	5	19	3	19	416	14	22	4	5	2	3	12
ENSG00000177770	0	2	0	0	0	0	0	0	0	0	0	0	0	0	0	0	0	0	0	0	0	0	0	0	0	0	0	0
ENSG00000177943	37	201	93	60	61	170	251	143	74	331	69	166	314	211	87	87	165	32	180	151	108	125	132	177	164	36	131	72
ENSG00000177984	0	6	4	0	0	0	3	0	1	1	0	0	2	0	5	4	0	2	8	0	0	0	0	3	0	6	1	0
ENSG00000178015	20	1	4	5	6	4	13	2	31	13	9	0	0	0	51	72	8	25	6	11	3	84	28	0	42	9	28	48
ENSG00000178130	0	0	0	0	0	0	0	0	0	0	0	0	0	0	0	0	0	0	0	0	0	0	0	0	0	0	0	0
ENSG00000178146	0	0	0	0	0	0	0	0	0	0	0	0	0	0	0	0	0	0	0	0	0	0	0	0	0	0	0	0
ENSG00000178202	501	581	1759	751	942	1171	2513	1344	1203	830	1350	1361	1839	824	1947	873	707	1009	1078	1232	545	967	578	666	1694	726	924	1581
ENSG00000178233	0	0	4	0	0	5	0	2	0	1	1	0	2	0	5	0	0	0	1	2	0	1	0	1	12	2	2	0
ENSG00000178243	0	0	0	0	0	0	0	0	0	0	0	0	0	0	0	0	0	0	0	0	0	0	0	0	0	0	0	0
ENSG00000178257	0	0	0	0	0	0	0	0	0	0	0	0	0	0	0	0	0	0	0	0	0	0	0	0	0	0	0	0
ENSG00000178301	0	74	203	127	26	110	108	226	50	27	100	62	322	523	165	50	80	142	109	331	136	136	281	301	75	30	55	194
ENSG00000178342	0	2	0	3	0	0	0	0	0	0	0	0	8	0	0	0	4	0	0	9	0	0	0	3	6	2	2	3
ENSG00000178363	33	2	40	6	142	15	77	0	103	4	89	6	71	2	99	73	1	82	12	43	13	20	0	4	79	4	7	12
ENSG00000178372	0	0	0	0	0	0	0	0	0	0	0	0	0	0	0	0	0	0	0	0	0	0	0	0	0	0	0	0
ENSG00000178562	0	21	206	44	37	92	177	103	15	55	39	330	300	53	45	42	53	33	54	70	34	74	6	70	83	14	146	146
ENSG00000178586	0	0	0	0	0	0	0	0	0	0	0	0	0	0	0	0	0	0	0	0	0	0	0	0	0	0	0	0
ENSG00000178631	0	19	14	9	4	20	7	0	0	10	0	5	15	23	0	5	14	0	3	10	0	0	0	16	14	0	19	9
ENSG00000178645	0	0	0	0	0	0	0	0	0	0	0	0	0	0	0	0	0	0	0	0	0	0	0	0	0	0	0	0
ENSG00000178654	0	0	0	0	0	0	0	0	0	0	0	0	0	0	0	0	0	0	0	0	0	0	0	0	0	0	0	0
ENSG00000178732	0	0	0	4	6	0	2	0	0	0	0	4	2	5	4	4	1	1	4	0	0	0	0	2	10	0	1	4
ENSG00000178762	0	0	0	0	0	0	0	0	0	0	0	0	0	0	0	0	0	0	0	0	0	0	0	0	0	0	0	0
ENSG00000178773	11	273	15	41	12	22	79	180	18	720	8	380	81	149	8	7	247	3	46	33	30	44	167	229	14	130	21	60
ENSG00000178776	0	10	30	44	20	18	74	4	2	0	19	2	39	28	34	43	69	0	11	4	2	2	0	82	30	7	21	11
ENSG00000178803	10	14	4	4	3	11	28	18	6	9	9	4	18	6	1	1	3	2	0	0	2	0	0	6	10	2	3	0
ENSG00000178826	45	4	52	5	27	7	62	0	23	1	27	7	30	3	19	46	7	12	15	37	5	4	0	33	48	1	15	46
ENSG00000178828	0	0	24	0	16	0	29	0	1	0	0	2	26	5	0	47	0	2	2	8	2	0	0	6	22	0	3	1
ENSG00000178836	0	0	0	0	0	0	0	0	0	0	0	0	0	0	0	0	0	0	0	0	0	0	0	0	0	0	0	0
ENSG00000178919	0	4	7	0	41	13	34	0	22	6	16	3	23	0	12	11	1	10	3	21	0	0	0	5	14	0	2	9
ENSG00000178922	0	0	0	0	0	0	0	0	0	0	0	0	0	0	0	0	0	0	0	0	0	0	0	0	0	0	0	0
ENSG00000179008	0	14	28	22	4	82	25	0	16	69	16	50	6	74	37	32	30	11	55	5	50	19	0	85	38	70	56	29
ENSG00000179023	78	0	42	2	35	7	31	21	81	39	23	13	64	109	27	14	71	68	22	25	9	0	0	9	4	10	47	55
ENSG00000179028	0	0	0	0	0	0	0	0	0	0	0	0	0	0	0	0	0	0	0	0	0	0	0	0	0	0	0	0
ENSG00000179083	5	12	2	35	32	12	13	18	7	82	14	27	4	6	5	23	18	4	22	6	10	0	8	5	9	14	9	0
ENSG00000179097	21	7	23	39	16	626	20	5	19	7	14	13	17	13	3	17	7	4	8	7	0	0	0	19	7	4	3	17
ENSG00000179101	0	1	2	0	2	2	4	0	1	0	2	0	1	1	4	2	1	4	2	2	3	0	6	1	0	0	2	3
ENSG00000179111	0	1	2	3	0	6	0	0	4	4	3	2	1	0	2	5	5	0	0	0	0	0	0	10	6	0	0	0
ENSG00000179142	0	0	0	0	0	0	0	0	0	0	0	0	0	0	0	0	0	0	0	0	0	0	0	0	0	0	0	0
ENSG00000179170	0	0	0	0	0	0	0	0	0	0	0	0	0	0	0	0	0	0	0	0	0	0	0	0	0	0	0	0
ENSG00000179256	0	0	4	17	7	31	3	0	0	5	6	1	7	64	20	0	99	2	13	13	4	1	43	30	13	110	15	33
ENSG00000179300	0	0	1	6	0	0	7	0	0	0	0	4	2	0	2	0	2	0	0	0	0	0	0	0	0	0	0	0
ENSG00000179381	0	1	0	6	0	0	0	12	0	0	0	2	6	3	0	0	0	0	0	0	2	0	1	5	0	0	0	0
ENSG00000179397	12	61	23	46	20	91	27	35	10	68	17	29	79	42	55	16	44	17	32	26	44	41	19	70	40	17	33	44
ENSG00000179399	0	2	17	6	0	31	6	2	15	0	6	10	31	43	8	2	2	33	15	2	0	0	0	16	12	20	9	17
ENSG00000179412	0	0	0	0	0	0	0	0	0	0	0	0	0	0	0	0	0	0	0	0	0	0	0	0	0	0	0	0
ENSG00000179420	0	0	0	0	0	0	0	0	0	0	0	0	0	0	0	0	0	0	0	0	0	0	0	0	0	0	0	0
ENSG00000179443	0	0	0	0	0	0	0	0	0	0	0	0	0	0	0	0	0	0	0	0	0	0	0	0	0	0	0	0
ENSG00000179452	0	0	0	0	0	0	0	0	0	0	0	0	0	0	0	0	0	0	0	0	0	0	0	0	0	0	0	0
ENSG00000179454	59	144	508	375	213	354	458	377	135	254	291	259	610	743	467	215	329	202	288	324	292	448	329	292	511	258	262	635
ENSG00000179455	0	0	3	0	7	3	20	22	6	4	0	0	17	0	0	8	21	0	0	0	0	7	4	22	0	1	2	0
ENSG00000179460	0	0	0	0	0	0	0	0	0	0	0	0	0	0	0	0	0	0	0	0	0	0	0	0	0	0	0	0
ENSG00000179571	0	0	0	0	0	0	0	0	0	0	0	0	0	0	0	0	0	0	0	0	0	0	0	0	0	0	0	0
ENSG00000179593	547	11913	2847	10433	403	20	898	10184	747	1368	1184	844	3152	10108	10933	969	6580	8875	1176	15286	44561	10913	26699	636	6256	628	205	8778
ENSG00000179600	0	0	0	0	0	0	0	0	0	0	0	0	0	0	0	0	0	0	0	0	0	0	0	0	0	0	0	0
ENSG00000179626	0	0	0	0	0	0	0	0	0	0	0	0	0	0	0	0	0	0	0	0	0	0	0	0	0	0	0	0
ENSG00000179676	0	0	0	0	0	0	0	0	0	0	0	0	0	0	0	0	0	0	0	0	0	0	0	0	0	0	0	0
ENSG00000179695	0	0	0	0	0	0	0	0	0	0	0	4	0	0	0	0	0	0	0	0	0	0	0	0	0	0	0	0
ENSG00000179709	0	29	18	19	0	10	2	80	2	0	7	6	8	46	7	4	51	2	3	25	11	23	25	2	6	7	6	74
ENSG00000179751	0	0	0	0	0	0	0	0	0	0	0	0	0	0	0	0	0	0	0	0	0	0	0	0	0	0	0	0
ENSG00000179755	0	0	0	0	0	0	0	0	0	0	0	0	0	0	0	0	0	0	0	0	0	0	0	0	0	0	0	0
ENSG00000179796	0	20	9	6	0	4	18	1	11	4	24	9	6	2	3	0	0	16	0	0	30	0	0	15	26	2	0	6
ENSG00000179813	0	5	11	1	9	13	0	2	0	0	0	10	0	0	7	12	0	11	0	0	15	4	2	0	15	3	13	13
ENSG00000179817	0	1	0	0	0	0	0	0	0	0	0	0	0	0	0	0	0	0	0	0	0	0	0	0	0	0	0	0
ENSG00000179873	0	1	2	0	0	2	1	6	2	0	0	0	0	0	13	0	1	0	0	0	0	0	0	0	0	4	0	6
ENSG00000179913	12	1	171	9	82	10	149	0	20	4	97	14	53	13	27	195	13	75	48	60	32	82	0	78	26	4	14	90
ENSG00000179915	381	2	156	49	151	77	41	11	460	0	116	426	363	54	284	128	28	153	92	89	35	233	50	142	59	95	139	208
ENSG00000179918	896	666	1913	1543	1526	1734	1685	2143	1285	632	1917	1413	1646	2110	2443	1652	1206	2124	2090	2170	2685	1830	2069	1224	1396	994	1225	2061
ENSG00000179919	0	0	0	0	0	0	0	0	0	0	0	0	0	0	0	0	0	0	0	0	0	0	0	0	0	0	0	0
ENSG00000179981	720	877	1723	1163	1097	1309	1111	1692	881	753	1063	1242	1359	1384	777	994	1155	998	1069	990	1192	750	1289	897	821	1187	887	1190
ENSG00000179997	0	0	0	0	0	0	0	0	0	0	0	0	0	0	0	0	0	0	0	0	0	0	0	0	0	0	0	0
ENSG00000180015	0	1	7	2	0	0	2	1	0	0	1	4	0	1	2	1	2	0	3	1	1	2	0	3	2	2	1	9
ENSG00000180042	0	0	0	0	0	0	0	0	0	0	0	0	0	0	0	0	0	0	0	0	0	0	0	0	0	0	0	0
ENSG00000180043	0	0	0	0	0	0	0	0	0	0	0	0	0	0	0	0	0	0	0	0	0	0	0	0	0	0	0	0
ENSG00000180044	0	3	28	23	20	107	33	28	7	5	11	61	82	107	9	18	10	12	28	30	32	0	0	22	10	2	14	11
ENSG00000180053	0	1	4	0	0	0	3	2	0	8	0	5	0	1	0	0	1	0	0	3	7	0	0	2	0	1	0	0
ENSG00000180066	0	0	6	0	6	0	2	0	0	2	2	2	0	0	0	5	0	11	2	5	0	0	0	0	3	0	4	2
ENSG00000180068	0	0	0	0	0	0	0	0	0	0	0	0	0	0	0	0	0	0	0	0	0	0	0	0	0	0	0	0
ENSG00000180090	0	0	0	0	0	0	0	0	0	0	0	0	0	0	0	0	0	0	0	0	0	0	0	0	0	0	0	0
ENSG00000180096	260	328	216	123	122	168	366	216	240	224	167	287	141	80	141	329	140	127	143	134	58	80	130	222	214	117	111	180
ENSG00000180105	0	0	0	0	0	0	0	0	0	0	0	0	0	0	0	0	0	0	0	0	0	0	0	0	0	0	0	0
ENSG00000180116	0	7	2	0	0	7	2	2	3	3	0	4	4	2	0	1	1	0	2	0	1	0	0	5	0	4	3	0
ENSG00000180172	0	0	0	0	0	0	0	0	0	0	0	0	0	0	0	0	0	0	0	0	0	0	0	0	0	0	0	0
ENSG00000180178	0	691	98	228	12	34	61	284	13	44	17	31	231	1740	71	19	146	19	87	120	34	167	309	1251	227	432	24	88
ENSG00000180209	29	6	15	206	23	2	6	11	0	4	106	4	10	0	15	9	2	9	8	2	53	9	59	4	8	4	4	2
ENSG00000180230	0	0	0	0	0	0	0	0	0	0	0	0	0	0	0	0	0	0	0	0	0	0	0	0	0	0	0	0
ENSG00000180259	0	0	0	0	0	0	0	0	0	0	0	0	0	0	0	0	0	0	0	0	0	0	0	0	0	0	0	0
ENSG00000180332	0	0	2	0	0	4	6	0	0	5	0	3	4	0	0	0	1	0	5	0	0	0	0	0	7	2	8	4
ENSG00000180347	0	24	4	0	2	0	10	3	0	7	19	1	0	2	8	0	4	0	0	15	18	24	0	4	16	0	0	4
ENSG00000180383	0	0	0	3	0	1	5	3	0	7	2	5	0	0	0	1	1	4	2	0	2	0	0	3	2	1	2	1
ENSG00000180386	0	0	0	0	0	0	0	0	0	0	0	0	0	0	0	0	0	0	0	0	0	0	0	0	0	0	0	0
ENSG00000180422	0	0	0	0	0	3	1	5	2	5	2	0	0	0	5	0	2	1	4	7	0	9	0	0	5	0	1	0
ENSG00000180424	0	0	0	0	0	0	0	0	0	0	0	0	0	0	0	0	0	0	0	0	0	0	0	0	0	0	0	0
ENSG00000180433	0	0	0	0	0	0	0	0	0	0	0	0	0	0	0	0	0	0	0	0	0	0	0	0	0	0	0	0
ENSG00000180437	0	0	0	0	0	0	0	0	0	0	0	0	0	0	0	0	0	0	0	0	0	0	0	0	0	0	0	0
ENSG00000180440	2	0	91	10	6	8	6	0	12	0	12	25	114	4	0	5	0	11	8	29	2	8	0	16	0	3	20	35
ENSG00000180475	0	0	0	0	0	0	0	0	0	0	0	0	0	0	0	0	0	0	0	0	0	0	0	0	0	0	0	0
ENSG00000180509	0	0	3	27	0	2	40	31	0	3	3	7	2	8	0	24	20	2	0	0	4	14	18	1	21	5	30	5
ENSG00000180532	7	0	10	1	4	8	0	0	6	2	3	2	2	0	2	0	0	0	0	5	0	0	0	2	0	0	0	0
ENSG00000180660	0	6	66	41	0	1	68	63	2	6	26	9	36	14	48	20	9	49	2	17	14	2	0	12	35	7	7	47
ENSG00000180662	0	11	1	1	0	0	0	1	2	2	0	2	0	4	0	0	5	0	0	0	2	0	0	1	4	0	6	0
ENSG00000180770	0	0	0	0	0	0	0	0	0	0	0	0	0	0	0	0	0	0	0	0	0	0	0	0	0	0	0	0
ENSG00000180772	0	0	0	0	0	0	0	0	0	0	0	0	0	0	0	0	0	0	0	0	0	0	0	0	0	0	0	0
ENSG00000180777	0	61	6	23	3	34	1	22	4	23	24	10	1	22	1	4	20	2	11	3	0	18	27	33	15	46	23	6
ENSG00000180785	56	107	1398	1245	1082	3747	1233	265	185	1343	3821	2556	112	57	3650	803	146	2422	526	1338	470	6528	854	883	1210	3824	354	680
ENSG00000180806	0	13	1	9	7	21	0	3	0	0	2	11	6	5	2	1	25	8	6	0	14	0	36	7	0	22	2	0
ENSG00000180846	0	0	0	4	4	2	4	0	2	0	2	0	4	0	0	0	6	0	0	0	0	0	0	5	3	0	0	0
ENSG00000180871	72	3	113	69	168	20	100	60	38	5	60	2	106	34	60	88	33	49	23	127	30	11	2	60	102	2	5	56
ENSG00000180872	0	0	0	0	0	0	0	0	0	0	0	0	0	0	0	0	0	0	0	0	0	0	0	0	0	0	0	0
ENSG00000180909	0	0	0	0	0	0	0	0	0	0	0	0	0	0	0	0	0	0	0	0	0	0	0	0	0	0	0	0
ENSG00000180910	0	0	0	0	0	0	0	0	0	0	0	0	0	0	0	0	0	0	0	0	0	0	0	0	0	0	0	0
ENSG00000180913	0	0	0	0	0	0	0	0	0	0	0	0	0	0	0	0	0	0	0	0	0	0	0	0	0	0	0	0
ENSG00000180926	0	0	0	0	0	0	0	0	0	0	0	0	0	0	0	0	0	0	0	0	0	0	0	0	0	0	0	0
ENSG00000180934	0	0	0	1	0	2	1	5	0	3	0	3	4	0	3	0	3	0	6	2	0	3	6	3	2	0	5	0
ENSG00000180964	1090	821	2153	2726	2009	1971	2364	2791	1911	1382	2875	2283	3045	3832	3723	2073	2571	1796	2223	2789	3188	2230	1889	1967	2142	1774	2314	3312
ENSG00000180998	4	48	39	130	23	78	108	90	42	64	23	62	133	181	64	13	45	3	105	73	37	47	113	96	60	48	27	23
ENSG00000180999	0	6	0	8	1	0	0	6	0	4	4	0	6	0	0	0	1	0	1	0	3	3	0	0	1	1	0	0
ENSG00000181072	0	11	0	0	0	0	12	13	4	7	15	30	34	0	6	0	0	0	0	5	27	0	0	0	18	0	1	0
ENSG00000181101	0	0	0	0	0	0	0	0	0	0	0	0	0	0	0	0	0	0	0	0	0	0	0	0	0	0	0	0
ENSG00000181143	22	0	56	1	29	22	161	0	45	0	27	4	25	24	2	32	9	4	0	0	5	0	1	29	27	4	6	9
ENSG00000181195	1029	601	275	216	185	20	682	202	2938	131	536	27	242	14	106	220	264	150	34	109	49	138	90	201	510	8	105	198
ENSG00000181214	0	0	0	0	0	0	0	0	0	0	0	0	0	0	0	0	0	0	0	0	0	0	0	0	0	0	0	0
ENSG00000181215	52	1	36	0	4	15	34	0	30	15	4	9	211	14	2	0	1	0	1	19	6	5	2	11	6	1	4	10
ENSG00000181227	0	0	0	0	0	0	0	0	0	0	0	0	0	0	0	0	0	0	0	0	0	0	0	0	0	0	0	0
ENSG00000181240	0	28	2	4	1	4	0	2	15	27	11	3	4	2	1	10	14	1	2	34	14	28	0	9	0	0	0	3
ENSG00000181273	0	0	0	0	0	0	0	0	0	0	0	0	0	0	0	0	0	0	0	0	0	0	0	0	0	0	0	0
ENSG00000181282	0	0	0	0	0	0	0	0	0	0	0	0	0	0	0	0	0	0	0	0	0	0	0	0	0	0	0	0
ENSG00000181296	0	0	0	0	0	0	0	0	0	0	0	0	0	0	0	0	0	0	0	0	0	0	0	0	0	0	0	0
ENSG00000181322	7	95	13	47	10	59	47	41	15	111	18	73	32	29	41	15	60	7	86	28	29	30	71	75	45	94	39	33
ENSG00000181323	0	0	0	0	0	0	0	0	0	0	0	0	0	0	0	0	0	0	0	0	0	0	0	0	0	0	0	0
ENSG00000181359	0	1	0	2	3	2	7	3	1	1	1	4	1	1	4	1	0	1	0	2	0	3	1	1	2	0	0	3
ENSG00000181371	0	0	0	0	0	0	0	0	0	0	0	0	0	0	0	0	0	0	0	0	0	0	0	0	0	0	0	0
ENSG00000181404	198	280	141	152	173	198	141	154	158	289	106	126	314	208	139	217	144	94	114	171	161	228	344	375	196	135	168	98
ENSG00000181449	201	15	264	42	650	266	152	8	236	54	548	364	149	22	216	436	27	295	164	275	9	146	12	110	223	161	61	72
ENSG00000181499	0	0	0	0	0	0	0	0	0	0	0	0	0	0	0	0	0	0	0	0	0	0	0	0	0	0	0	0
ENSG00000181511	0	0	0	0	0	0	0	0	0	0	0	0	0	0	0	0	0	0	0	0	0	0	0	0	0	0	0	0
ENSG00000181518	0	5	0	1	0	0	2	4	0	0	2	0	0	6	4	2	0	0	0	0	0	0	0	4	0	5	2	0
ENSG00000181523	515	625	741	537	496	355	1635	1308	635	735	373	549	1013	1046	584	553	334	756	696	1294	593	936	940	483	861	346	428	559
ENSG00000181562	0	0	0	0	0	0	0	0	0	0	0	0	0	0	0	0	0	0	0	0	0	0	0	0	0	0	0	0
ENSG00000181617	0	0	1	0	13	48	14	0	16	0	2	9	32	3	0	11	0	2	0	0	0	9	0	0	0	0	0	0
ENSG00000181690	95	246	276	194	148	148	305	214	395	269	192	145	282	199	134	282	151	77	102	208	127	171	133	167	390	83	147	166
ENSG00000181698	0	0	0	0	0	0	0	0	0	0	0	0	0	0	0	0	0	0	0	0	0	0	0	0	0	0	0	0
ENSG00000181705	0	0	0	0	0	0	0	0	0	0	0	0	0	0	0	0	0	0	0	0	0	0	0	0	0	0	0	0
ENSG00000181718	0	0	0	0	0	0	0	0	0	0	0	0	0	0	0	0	0	0	0	0	0	0	0	0	0	0	0	0
ENSG00000181722	6026	6937	3240	10436	9026	6248	10298	6182	7514	7619	9696	8461	3512	2314	11768	11659	11041	8584	8896	19226	3309	17356	7424	7274	10493	10393	6975	6315
ENSG00000181733	0	0	0	0	0	0	0	0	0	0	0	0	0	0	0	0	0	0	0	0	0	0	0	0	0	0	0	0
ENSG00000181761	0	0	0	0	0	0	0	0	0	0	0	0	0	0	0	0	0	0	0	0	0	0	0	0	0	0	0	0
ENSG00000181778	0	10	80	20	6	3	115	12	16	24	25	58	213	27	33	31	26	30	20	47	5	11	12	15	38	1	14	94
ENSG00000181780	0	0	0	0	0	0	0	0	0	0	0	0	0	0	0	0	0	0	0	0	0	0	0	0	0	0	0	0
ENSG00000181803	0	0	0	0	0	0	0	0	0	0	0	0	0	0	0	0	0	0	0	0	0	0	0	0	0	0	0	0
ENSG00000181837	0	0	0	0	0	0	0	0	0	0	0	0	0	0	0	0	0	0	0	0	0	0	0	0	0	0	0	0
ENSG00000181867	0	0	0	0	0	0	0	0	0	0	0	0	0	0	0	0	0	0	0	0	0	0	0	0	0	0	0	0
ENSG00000181903	0	0	0	0	0	0	0	0	0	0	0	0	0	0	0	0	0	0	0	0	0	0	0	0	0	0	0	0
ENSG00000181943	0	0	0	0	0	0	0	0	0	0	0	0	0	0	0	0	0	0	0	0	0	0	0	0	0	0	0	0
ENSG00000181950	0	0	0	0	0	0	0	0	0	0	0	0	0	0	0	0	0	0	0	0	0	0	0	0	0	0	0	0
ENSG00000181958	0	0	0	0	0	0	0	0	0	0	0	0	0	0	0	0	0	0	0	0	0	0	0	0	0	0	0	0
ENSG00000182035	0	0	0	0	0	0	0	0	0	0	0	0	0	0	0	0	0	0	0	0	0	0	0	0	0	4	0	1
ENSG00000182040	0	0	0	0	9	0	6	0	6	2	4	0	8	0	0	6	0	0	0	0	3	0	0	0	3	0	0	1
ENSG00000182083	0	0	0	0	0	0	0	0	0	0	0	0	0	0	0	0	0	0	0	0	0	0	0	0	0	0	0	0
ENSG00000182108	16	54	154	35	41	38	77	52	27	37	40	103	102	109	37	81	67	18	52	83	24	67	61	35	68	45	51	69
ENSG00000182170	0	0	0	0	0	0	0	0	0	0	0	0	0	0	0	0	0	0	0	0	0	0	0	0	0	0	0	0
ENSG00000182187	0	0	0	0	0	0	0	0	0	0	0	0	0	0	0	0	0	0	0	0	0	0	0	0	0	0	0	0
ENSG00000182255	0	3	0	0	0	0	0	0	0	3	5	0	0	3	0	0	0	4	2	0	0	0	0	2	6	4	0	6
ENSG00000182315	0	2	0	2	0	0	0	0	0	1	0	0	0	3	0	0	0	0	0	1	0	0	0	0	2	0	0	0
ENSG00000182347	0	0	2	0	0	0	6	0	0	0	0	0	2	4	3	0	2	0	0	0	15	3	0	2	5	0	0	6
ENSG00000182351	0	0	0	0	0	0	0	0	0	0	0	0	0	0	0	0	0	0	0	0	0	0	0	0	0	0	0	0
ENSG00000182365	0	0	0	0	0	0	0	0	0	0	0	0	0	0	0	0	0	0	0	0	0	0	0	0	0	0	0	0
ENSG00000182376	0	1	0	3	0	0	9	0	0	0	2	0	0	6	5	0	1	0	3	0	0	0	0	3	4	1	0	0
ENSG00000182415	0	0	0	0	0	0	0	0	0	0	0	0	0	0	0	0	0	0	0	0	0	0	0	0	0	0	0	0
ENSG00000182447	0	0	0	0	0	0	0	0	0	0	0	0	0	0	0	0	0	0	0	0	0	0	0	0	0	0	0	0
ENSG00000182521	0	9	0	0	0	5	9	0	1	0	0	3	3	1	1	1	1	2	0	6	1	0	1	0	3	0	1	0
ENSG00000182625	0	0	0	0	0	0	0	0	0	0	0	0	0	2	0	0	0	0	0	0	0	0	0	0	0	0	1	0
ENSG00000182634	0	0	0	0	0	0	0	0	0	0	0	0	0	0	0	0	0	0	0	0	0	0	0	0	0	0	0	0
ENSG00000182645	0	0	0	0	0	0	0	0	0	0	0	0	0	0	0	0	0	0	0	0	0	0	0	0	0	0	0	0
ENSG00000182667	64	19	123	80	137	135	146	182	101	92	123	178	152	191	124	154	66	134	78	29	52	55	112	81	44	3009	161	97
ENSG00000182698	0	0	0	0	0	0	0	0	0	0	0	0	0	0	0	0	0	0	0	0	0	0	0	0	0	0	0	0
ENSG00000182707	0	0	0	0	0	0	0	0	0	0	0	0	0	0	0	0	0	0	0	0	0	0	0	0	0	0	0	0
ENSG00000182776	0	0	0	0	0	0	0	0	0	0	0	0	0	0	0	0	0	0	0	0	0	0	0	0	0	0	0	0
ENSG00000182783	0	0	3	0	1	0	0	0	9	0	1	5	4	24	4	0	0	0	0	0	0	17	0	0	0	0	0	1
ENSG00000182798	0	51	2	18	0	1	2	36	0	13	0	2	9	9	2	11	10	1	20	1	2	0	45	6	2	9	0	6
ENSG00000182816	0	0	2	2	0	0	2	0	4	0	0	0	0	4	0	0	9	3	7	0	4	130	9	6	13	0	0	4
ENSG00000182898	0	0	0	0	0	0	0	0	0	0	0	0	0	0	0	0	0	0	0	0	0	0	0	0	0	0	0	0
ENSG00000182921	0	0	0	0	0	0	0	0	0	0	0	0	0	0	0	0	0	0	0	0	0	0	0	0	0	0	0	0
ENSG00000182931	20	26	0	3	5	4	11	0	0	29	0	16	0	0	3	0	7	2	9	0	5	23	2	3	2	0	0	0
ENSG00000182950	11	8	36	19	66	17	20	8	12	6	38	10	30	12	8	81	25	12	11	107	0	65	0	44	20	0	15	16
ENSG00000182965	0	0	0	0	0	0	0	0	0	0	0	0	0	0	0	0	0	0	0	0	0	0	0	0	0	0	0	0
ENSG00000183018	50	94	172	60	114	48	180	45	55	47	83	72	177	58	30	135	22	32	80	38	51	63	24	51	75	8	61	35
ENSG00000183019	0	7	0	2	2	1	14	4	0	0	0	0	11	1	4	0	2	0	0	0	2	0	0	0	14	0	0	1
ENSG00000183024	0	0	0	0	0	0	0	0	0	0	0	0	0	0	0	0	0	0	0	0	0	0	0	0	0	0	0	0
ENSG00000183035	0	0	0	0	0	0	0	0	0	0	0	0	0	0	0	0	0	0	0	0	0	0	0	0	0	0	0	0
ENSG00000183049	786	899	1227	925	1126	713	1360	514	1113	1030	1176	1409	1253	461	483	1322	581	626	732	827	569	716	283	861	959	687	643	443
ENSG00000183055	87	182	2	56	85	282	29	33	77	178	159	162	7	3	14	130	74	29	103	70	45	59	30	353	47	157	146	18
ENSG00000183117	4	29	75	26	4	30	10	0	5	4	7	6	4	6	3	0	15	13	51	21	18	20	0	42	29	122	2	0
ENSG00000183122	0	0	3	3	0	4	0	0	0	0	0	0	15	0	0	0	4	0	0	0	0	0	0	0	8	0	0	0
ENSG00000183137	303	454	264	461	216	618	390	347	340	482	287	432	454	535	281	367	277	169	389	370	386	275	501	431	393	421	357	267
ENSG00000183146	0	0	2	0	0	0	0	1	0	0	0	0	0	0	0	1	0	0	0	0	0	0	0	0	0	0	0	2
ENSG00000183166	0	101	95	6	21	22	78	4	6	13	73	5	7	4	128	18	33	55	8	23	9	34	2	8	10	8	0	271
ENSG00000183171	0	31	5	31	0	30	13	9	4	16	0	19	8	28	2	0	43	0	32	9	0	35	14	14	12	8	16	0
ENSG00000183206	0	7537	7	255	12	5	8	84	1	5	6	81	188	2205	19	6	42	2	13	230	14	22	612	2122	14	45	3	58
ENSG00000183230	22	30	9	14	6	21	11	8	1	20	11	9	15	8	4	8	3	0	2	17	0	16	1	24	9	6	5	6
ENSG00000183239	0	5	0	0	0	3	6	4	0	4	3	6	6	2	1	1	0	1	1	6	0	2	0	5	2	2	0	1
ENSG00000183242	8	0	0	0	31	3	2	0	28	73	2	61	106	4	5	2	5	5	13	1	0	13	5	7	5	7	18	3
ENSG00000183246	0	3	1	1	0	5	1	0	0	0	3	2	1	3	0	0	0	1	1	11	9	0	2	1	2	1	0	0
ENSG00000183249	0	0	0	0	0	0	0	0	0	0	0	0	0	0	0	0	0	0	0	0	0	0	0	0	0	0	0	0
ENSG00000183260	0	0	0	0	0	0	0	0	0	0	0	0	0	0	0	0	0	0	0	0	0	0	0	0	0	0	0	0
ENSG00000183269	0	0	0	0	0	0	0	0	0	0	0	0	0	0	0	0	0	0	0	0	0	0	0	0	0	0	0	0
ENSG00000183273	99	25	82	16	230	25	40	0	134	37	126	20	35	2	137	150	81	93	46	182	353	183	54	26	124	26	115	146
ENSG00000183303	0	0	0	0	0	0	2	0	0	0	0	0	0	0	0	0	0	0	4	0	0	0	0	0	0	1	0	0
ENSG00000183305	0	0	0	0	0	0	0	0	0	0	0	0	0	0	0	0	0	0	0	0	0	0	0	0	0	0	0	0
ENSG00000183310	0	0	0	0	0	0	0	0	0	0	0	0	0	0	0	0	0	0	0	0	0	0	0	0	0	0	0	0
ENSG00000183313	0	0	0	0	0	0	0	0	0	0	0	0	0	0	0	0	0	0	0	0	0	0	0	0	0	0	0	0
ENSG00000183318	0	1	0	0	1	4	2	0	4	0	2	3	0	5	2	0	0	0	0	0	0	0	0	0	6	4	2	2
ENSG00000183324	0	2	2	3	1	2	0	6	2	1	5	0	0	0	4	0	2	0	12	0	0	0	0	2	2	3	1	0
ENSG00000183336	0	0	0	0	0	0	0	0	0	0	0	0	0	0	0	0	0	0	0	0	0	0	0	0	0	0	0	0
ENSG00000183385	0	0	0	0	0	0	0	0	0	0	0	0	0	0	0	0	0	0	0	0	0	0	0	0	0	0	0	0
ENSG00000183389	4	6	10	22	8	30	28	13	4	37	3	10	19	37	3	6	16	5	20	15	8	19	13	36	30	16	16	10
ENSG00000183454	28	24	101	2	157	44	16	0	17	12	17	51	37	8	4	28	1	55	44	2	0	45	0	17	8	5	14	24
ENSG00000183470	0	0	0	0	0	0	0	0	0	0	0	0	0	0	0	0	0	0	0	0	0	0	0	0	0	0	0	0
ENSG00000183476	0	4	0	0	0	0	10	0	0	0	2	0	0	2	4	12	0	3	2	3	0	0	0	2	3	0	0	2
ENSG00000183566	0	28	0	4	0	0	0	13	0	0	0	0	18	11	0	0	2	0	0	0	0	0	35	0	0	2	0	0
ENSG00000183569	54	307	113	113	48	55	131	88	61	75	93	59	224	163	187	189	44	136	75	408	8426	241	575	128	100	54	187	75
ENSG00000183570	0	3	21	39	15	44	34	61	18	49	30	65	32	43	28	19	52	12	7	25	557	34	53	10	27	20	44	34
ENSG00000183586	0	0	0	0	0	0	0	0	0	0	0	0	0	0	0	0	0	0	0	0	0	0	0	0	0	0	0	0
ENSG00000183631	0	0	0	0	0	0	0	0	0	0	0	0	0	0	0	0	0	0	0	0	0	0	0	0	0	0	0	0
ENSG00000183643	0	0	0	0	0	0	0	0	0	0	0	0	0	0	0	0	0	0	0	0	0	0	0	0	0	0	0	0
ENSG00000183654	0	0	5	0	0	1	0	0	4	23	10	25	2	0	4	0	0	0	0	0	2	0	8	0	0	29	17	0
ENSG00000183663	0	0	0	0	0	0	0	0	0	0	0	0	0	0	0	0	0	0	0	0	0	0	0	0	0	0	0	0
ENSG00000183666	78	295	155	240	108	504	234	215	129	452	171	319	301	320	266	233	304	173	334	225	366	238	287	256	257	398	330	195
ENSG00000183704	0	0	0	0	0	0	0	0	0	0	0	0	0	0	0	0	0	0	0	0	0	0	0	0	0	0	0	0
ENSG00000183706	0	0	0	0	0	0	0	0	0	0	0	0	0	0	0	0	0	0	0	0	0	0	0	0	0	0	0	0
ENSG00000183709	0	0	0	0	0	0	0	0	0	0	0	0	0	0	0	0	0	0	0	0	0	0	0	0	0	0	0	0
ENSG00000183734	100	3	50	10	96	8	68	7	70	2	124	63	75	12	74	94	4	63	22	136	8	40	0	28	42	119	13	28
ENSG00000183753	0	0	0	0	0	0	0	0	0	0	0	0	0	0	0	0	0	0	0	0	0	0	0	0	0	0	0	0
ENSG00000183770	45	8	2	15	16	2	9	0	94	25	4	30	13	31	4	0	0	57	73	0	0	13	0	137	2	25	21	0
ENSG00000183775	14	3	12	47	5	74	23	15	38	6	16	10	111	13	4	1	10	0	12	19	6	0	0	15	9	9	10	16
ENSG00000183780	12	15	102	29	29	55	20	36	12	15	13	49	48	47	38	35	41	19	24	58	117	58	2	43	12	10	23	147
ENSG00000183783	6	0	27	0	30	8	10	2	3	0	9	10	47	113	21	35	3	21	8	12	0	34	0	26	17	0	17	5
ENSG00000183795	0	0	0	0	0	0	0	0	0	0	0	0	0	0	0	0	0	0	0	0	0	0	0	0	0	0	0	0
ENSG00000183850	0	22	10	0	0	34	17	35	0	14	5	16	31	33	10	10	17	1	3	53	25	20	0	4	19	2	13	16
ENSG00000183862	0	0	0	0	0	0	0	0	0	0	0	0	0	0	0	0	0	0	0	0	0	0	0	0	0	0	0	0
ENSG00000183888	0	1	36	49	32	21	40	21	7	24	41	320	53	49	35	14	20	19	7	84	1130	24	0	5	11	21	247	63
ENSG00000183929	0	0	2	0	0	0	2	5	0	0	0	0	4	17	1	0	0	0	0	0	0	0	2	5	0	0	5	0
ENSG00000183979	0	0	0	0	0	0	0	0	0	0	0	0	0	0	0	0	0	0	0	0	0	0	0	0	0	0	0	0
ENSG00000183981	0	0	0	0	0	0	0	0	0	0	0	0	0	0	0	0	0	0	0	0	0	0	0	0	0	0	0	0
ENSG00000184022	0	9	85	0	7	0	0	0	0	0	0	4	63	267	0	0	0	0	0	5	0	0	0	13	0	0	0	0
ENSG00000184029	0	0	0	0	0	0	0	0	0	0	0	0	0	0	0	0	0	0	0	0	0	0	0	0	0	0	0	0
ENSG00000184032	0	0	0	0	0	0	0	0	0	0	0	0	0	0	0	0	0	0	0	0	0	0	0	0	0	0	0	0
ENSG00000184033	0	0	0	0	0	0	0	0	0	0	0	0	0	0	0	0	0	0	0	0	0	0	0	0	0	0	0	0
ENSG00000184113	199	66	124	259	186	45	485	121	145	116	92	140	231	22	223	519	69	161	104	684	37	488	33	38	258	32	57	237
ENSG00000184140	0	0	0	0	0	0	0	0	0	0	0	0	0	0	0	0	0	0	0	0	0	0	0	0	0	0	0	0
ENSG00000184148	0	0	0	0	0	0	0	0	0	0	0	0	0	0	0	0	0	0	0	0	0	0	0	0	0	0	0	0
ENSG00000184188	0	1	0	0	0	0	0	0	0	0	0	0	0	0	0	0	0	0	0	0	0	0	20	0	0	0	0	0
ENSG00000184205	773	1949	1971	1498	854	1640	5761	1714	1093	3287	1088	1880	5826	1468	1946	1426	2028	803	1472	2361	608	2202	1409	3363	3203	610	1688	1551
ENSG00000184216	329	419	1752	1102	471	370	2096	1654	478	448	525	529	1745	2142	1824	973	962	1053	1021	1954	1442	1142	997	1045	1120	330	611	1644
ENSG00000184303	0	0	0	0	0	0	0	0	0	0	0	0	0	0	0	0	0	0	0	0	0	0	0	0	0	0	0	0
ENSG00000184330	0	0	0	0	0	0	0	0	0	0	0	0	0	0	0	0	0	0	0	0	0	0	0	0	0	0	0	0
ENSG00000184344	0	4	0	0	0	4	0	0	2	0	0	4	8	2	0	3	0	0	4	0	0	0	0	0	0	5	0	0
ENSG00000184345	0	0	0	0	0	0	0	0	0	0	0	0	0	0	0	0	0	0	0	0	0	0	0	0	0	0	0	0
ENSG00000184351	0	0	0	0	0	0	0	0	0	0	0	0	0	0	0	0	0	0	0	0	0	0	0	0	0	0	0	0
ENSG00000184374	0	55	8	0	0	3	61	50	9	6	4	1	0	2	2	0	7	0	0	0	0	0	0	0	7	0	0	5
ENSG00000184408	10	0	5	8	6	9	4	0	27	0	2	2	24	33	4	0	0	2	3	0	6	16	0	0	5	2	0	22
ENSG00000184423	0	0	0	0	0	0	0	0	0	0	0	0	0	0	0	0	0	0	0	0	0	0	0	0	0	0	0	0
ENSG00000184486	0	0	0	0	0	0	0	0	2	0	0	0	6	5	0	4	0	0	4	0	0	0	15	0	3	0	0	0
ENSG00000184492	0	0	1	0	0	3	2	4	0	0	1	1	0	4	0	1	2	0	0	5	0	0	0	7	0	2	2	1
ENSG00000184523	0	0	0	0	0	0	0	0	0	0	0	0	0	0	0	0	0	0	0	0	0	0	0	0	0	0	0	0
ENSG00000184560	0	0	0	0	0	0	0	0	0	0	0	0	0	0	0	0	0	0	0	0	0	0	0	0	0	0	0	0
ENSG00000184574	18	23	113	27	86	45	127	65	41	44	62	113	180	61	27	32	27	37	27	90	69	54	18	36	73	10	32	54
ENSG00000184624	0	0	0	0	0	0	0	0	0	0	0	0	0	0	0	0	0	0	0	0	0	0	0	0	0	0	0	0
ENSG00000184634	749	960	1873	870	833	972	2119	1178	919	1081	790	1097	2066	1173	1205	939	774	957	898	1433	445	917	621	1066	1405	934	768	1386
ENSG00000184659	0	0	0	0	0	0	0	0	0	0	0	0	0	0	0	0	0	0	0	0	0	0	0	0	0	0	0	0
ENSG00000184672	1	0	10	0	4	5	0	0	18	0	0	0	10	0	18	0	0	4	0	0	0	0	0	66	0	2	4	13
ENSG00000184716	0	0	0	0	0	0	0	0	0	0	0	0	0	0	0	0	0	0	0	0	0	0	0	0	0	0	0	0
ENSG00000184724	0	0	0	0	0	0	0	0	0	0	0	0	0	0	0	0	0	0	0	0	0	0	0	0	0	0	0	0
ENSG00000184741	0	0	0	0	0	0	0	0	0	0	0	0	0	0	0	0	0	0	0	0	0	0	0	0	0	0	0	0
ENSG00000184761	0	0	0	0	0	0	0	0	0	0	0	0	0	0	0	0	0	0	0	0	0	0	0	0	0	0	0	0
ENSG00000184774	0	0	1	0	2	7	0	0	3	0	0	4	2	2	0	4	1	3	2	0	10	0	0	2	2	0	0	1
ENSG00000184789	0	0	0	0	0	0	0	0	0	0	0	0	0	0	0	0	0	0	0	0	0	0	0	0	0	0	0	0
ENSG00000184795	0	0	0	0	0	0	0	0	0	0	0	0	0	0	0	0	0	0	0	0	0	0	0	0	0	0	0	0
ENSG00000184814	0	0	0	0	0	0	0	0	0	0	0	0	0	0	0	0	0	0	0	0	0	0	0	0	0	0	0	0
ENSG00000184840	1631	1521	3138	3148	2746	1635	3649	4640	2430	1320	2182	2093	2935	3945	5432	3534	2253	4561	3778	5996	5208	4626	4413	1774	3415	1252	1591	4297
ENSG00000184856	0	163	0	3	0	92	0	0	0	14	4	11	0	12	0	0	3	0	0	0	4	0	2	1	0	7	31	0
ENSG00000184937	25	11	2	2	15	14	3	0	40	26	0	42	240	13	3	0	0	0	4	0	0	10	12	3	2	0	51	17
ENSG00000184945	0	0	0	0	0	0	0	0	0	0	0	0	0	0	0	0	0	0	0	0	0	0	0	0	0	0	0	0
ENSG00000184954	0	2	0	0	0	0	0	0	0	0	0	0	0	0	0	0	0	0	0	0	0	0	0	0	0	0	0	0
ENSG00000184956	10	302	4	6	4	6	16	21	5	63	21	0	122	62	1	5	20	79	800	16	0	13	2	4	6	152	3	16
ENSG00000184961	0	0	0	0	0	0	0	0	0	0	0	0	0	0	0	0	0	0	0	0	0	0	0	0	0	0	0	0
ENSG00000184995	0	0	6	0	2	0	5	0	0	0	3	1	2	2	2	0	0	0	3	0	0	0	0	0	2	2	4	2
ENSG00000184999	1	1096	14	30	8	9	1	13	8	9	6	13	94	737	10	9	31	6	25	26	6	14	175	126	15	5	14	68
ENSG00000185002	0	9	2	50	3	19	31	20	19	23	0	2	22	135	12	0	38	2	3	2	73	0	16	13	18	48	5	24
ENSG00000185037	0	0	0	0	0	0	0	0	0	0	0	0	0	0	0	0	0	0	0	0	0	0	0	0	0	0	0	0
ENSG00000185078	0	0	0	0	0	0	0	0	0	0	0	0	0	0	0	0	0	0	0	0	0	0	0	0	0	0	0	0
ENSG00000185105	0	2	0	0	2	2	0	4	0	4	5	2	0	1	2	0	2	0	0	0	0	8	0	0	0	0	0	3
ENSG00000185127	191	340	1148	836	332	862	1215	972	405	326	754	839	1334	1756	1487	425	788	493	792	676	1018	886	753	653	1121	427	917	1658
ENSG00000185155	0	24	4	2	17	3	39	0	36	7	4	10	30	4	9	2	0	9	1	0	0	0	0	6	19	0	2	2
ENSG00000185156	10	0	46	0	25	2	28	4	28	0	4	7	18	0	17	22	6	24	22	53	21	36	0	23	4	8	10	10
ENSG00000185176	0	0	0	0	0	0	0	0	0	0	0	0	0	0	0	0	0	0	0	0	0	0	0	0	0	0	0	0
ENSG00000185182	0	0	0	0	0	0	0	0	0	0	0	0	0	0	0	0	0	0	0	0	0	0	0	0	0	0	0	0
ENSG00000185231	0	4	0	0	0	0	0	0	0	0	0	0	0	0	4	0	12	0	0	0	0	10	0	0	4	0	0	5
ENSG00000185264	0	0	0	0	0	0	0	0	0	0	0	0	0	0	0	0	0	0	0	0	0	0	0	0	0	0	0	0
ENSG00000185275	0	0	0	1	0	0	3	10	0	0	0	0	1	1	0	0	1	0	2	4	0	0	7	0	4	1	2	0
ENSG00000185290	149	30	93	79	136	33	33	20	209	58	209	13	62	0	235	148	96	216	57	137	12	314	60	14	134	43	22	151
ENSG00000185294	0	0	0	0	0	0	0	0	0	0	0	0	0	0	0	0	0	0	0	0	0	0	0	0	0	0	0	0
ENSG00000185298	264	435	288	283	343	189	429	309	294	237	319	234	327	184	386	395	212	371	522	543	491	355	405	279	339	191	210	333
ENSG00000185303	304	603	1914	1281	412	162	1008	1950	259	1442	896	8333	1790	1384	919	618	1764	1151	234	3995	57069	8474	3932	798	565	225	2782	15813
ENSG00000185304	7	1	2	6	0	0	0	7	1	20	12	32	3	0	7	0	10	0	5	0	8	0	0	5	10	3	42	2
ENSG00000185306	7	8	14	181	23	9	26	135	44	9	75	13	89	2	104	44	8	6	9	52	5	38	66	9	158	4	6	35
ENSG00000185319	0	0	0	0	0	0	0	0	0	0	0	0	0	0	0	0	0	0	0	0	0	0	0	0	0	0	0	0
ENSG00000185339	169	121	385	259	223	119	889	356	149	126	256	284	799	243	324	382	192	257	169	286	146	318	137	186	420	79	145	320
ENSG00000185361	122	191	341	270	319	201	391	150	214	163	318	300	228	150	223	479	181	219	220	383	121	125	128	355	337	106	145	212
ENSG00000185372	0	0	0	0	0	0	0	0	0	0	0	0	0	0	0	0	0	0	0	0	0	0	0	0	0	0	0	0
ENSG00000185433	0	2	0	30	3	13	27	0	0	10	0	0	7	9	66	1	14	0	16	5	2	51	24	2	3	6	4	4
ENSG00000185448	0	0	0	0	0	0	0	0	0	0	0	0	0	0	0	0	0	0	0	0	0	0	0	0	2	0	0	0
ENSG00000185453	401	336	322	231	282	158	575	392	257	261	469	373	479	329	282	453	154	276	330	600	331	378	429	327	253	158	152	228
ENSG00000185477	9	120	483	317	112	327	534	275	101	100	191	345	621	378	129	145	211	58	192	139	155	81	62	320	456	129	244	262
ENSG00000185479	5	2	5	2	7	5	8	7	0	0	2	0	22	0	2	25	1	1	0	0	0	0	0	0	5	0	0	7
ENSG00000185504	120	424	448	289	195	224	630	462	319	578	202	293	561	531	417	326	355	293	305	728	370	446	387	394	366	241	242	425
ENSG00000185518	8	32	150	27	52	15	229	32	40	58	64	48	77	70	2174	60	378	221	34	2126	188	1001	6	25	542	21	49	532
ENSG00000185634	0	4	21	20	53	24	59	9	40	29	29	72	55	37	37	8	18	14	39	17	17	0	5	40	16	17	15	35
ENSG00000185662	0	0	1	0	1	2	2	1	0	5	0	5	4	6	0	1	0	0	3	0	0	3	0	4	0	0	9	0
ENSG00000185686	0	0	0	2	0	0	0	0	2	4	4	0	0	0	0	0	0	0	0	8	7	0	0	0	0	18	0	0
ENSG00000185700	0	0	0	0	0	0	0	0	0	0	0	0	0	0	0	0	0	0	0	0	0	0	0	0	0	0	0	0
ENSG00000185701	0	0	0	0	0	0	0	0	0	0	0	0	0	0	0	0	0	0	0	0	0	0	0	0	0	0	0	0
ENSG00000185737	6	0	3	0	4	2	8	0	14	5	0	5	0	6	2	0	0	0	71	0	0	7	0	4	0	0	0	14
ENSG00000185758	0	2	0	0	0	0	0	0	0	1	0	1	9	1	0	0	0	0	0	0	0	0	0	0	0	0	3	0
ENSG00000185775	0	0	0	0	0	0	0	0	0	0	0	0	0	0	0	0	0	0	0	0	0	0	0	0	0	0	0	0
ENSG00000185792	0	1	5	2	0	1	45	4	14	4	2	2	49	2	24	8	5	1	12	30	0	71	11	3	11	4	2	4
ENSG00000185821	0	0	0	0	0	0	0	0	0	0	0	0	0	0	0	0	0	0	0	0	0	0	0	0	0	0	0	0
ENSG00000185894	0	0	0	0	0	0	0	0	0	0	0	0	0	0	0	0	0	0	0	0	0	0	0	0	0	0	0	0
ENSG00000185897	0	1	1	1	2	2	1	0	0	0	0	0	2	3	0	0	1	0	0	4	12	0	0	0	1	0	0	10
ENSG00000185899	0	0	0	0	0	0	0	0	0	0	0	0	0	0	0	0	0	0	0	0	0	0	0	0	0	0	0	0
ENSG00000185962	0	0	0	0	0	0	0	0	0	0	0	0	0	0	0	0	0	0	0	0	0	0	0	0	0	0	0	0
ENSG00000185966	0	0	0	0	0	0	0	0	0	0	0	0	0	0	0	0	0	0	0	0	0	0	0	0	0	0	0	0
ENSG00000185982	0	0	0	0	0	0	0	0	0	0	0	0	0	0	0	0	0	0	0	0	0	0	0	0	0	0	0	0
ENSG00000185985	6	6	75	4	65	8	23	0	83	6	49	78	122	13	59	39	0	28	21	65	149	74	9	25	17	16	45	47
ENSG00000186008	0	0	0	0	0	0	0	0	0	0	0	0	0	0	0	0	0	0	0	0	0	0	0	0	0	0	0	0
ENSG00000186009	0	0	0	0	2	0	0	0	0	2	0	0	2	0	0	3	0	2	1	0	0	0	0	0	0	2	0	6
ENSG00000186081	11347	939	9067	1678	18110	3509	10217	9	9433	1619	17096	1897	5032	340	7006	15825	2319	7519	2739	10620	847	6365	104	2708	14003	834	1870	5503
ENSG00000186082	0	0	0	0	0	0	0	0	0	0	0	0	0	0	0	0	0	0	0	0	0	0	0	0	0	0	0	0
ENSG00000186115	12	1100	107	5	27	1	21	3184	108	5	11	8	59	4	364	12	295	212	41	706	27078	69	0	152	52	4	4	402
ENSG00000186143	0	0	0	0	0	0	0	0	0	0	0	0	0	0	0	0	0	0	0	0	0	0	0	0	0	0	0	0
ENSG00000186163	0	0	0	0	0	0	0	0	0	0	0	0	0	0	0	0	0	0	0	0	0	0	0	0	0	0	0	0
ENSG00000186222	87	121	295	321	452	324	216	221	310	148	359	244	293	381	437	459	215	431	385	425	442	465	263	239	225	272	246	301
ENSG00000186265	0	8	17	15	18	13	40	16	6	23	17	10	76	5	18	2	32	0	14	0	0	2	13	13	35	13	17	20
ENSG00000186268	0	0	0	0	0	0	0	0	0	0	0	0	0	0	0	0	0	0	0	0	0	0	0	0	0	0	0	0
ENSG00000186340	10	56	646	76	35	77	1494	158	23	63	138	209	918	785	62	74	132	36	95	102	79	30	0	82	150	9	43	174
ENSG00000186352	52	219	348	481	306	1743	489	1267	74	95	270	292	392	640	596	301	924	439	330	987	1169	541	1916	416	596	133	181	1323
ENSG00000186407	0	4	62	0	16	28	82	49	0	0	17	22	100	6	4	8	60	6	12	1	0	2	0	37	2	2	2	26
ENSG00000186439	0	0	0	1732	2	6	0	44	11	2	651	26	2	17	2	4	5	9	2	17	238	33	191	2	5	32	8	2
ENSG00000186440	0	0	0	0	0	0	0	0	0	0	0	0	0	0	0	0	0	0	0	0	0	0	0	0	0	0	0	0
ENSG00000186451	0	31	2	9	9	1	21	0	4	21	4	11	4	0	7	2	6	0	3	0	0	0	0	13	2	31	15	0
ENSG00000186471	0	3	5	2	0	4	0	0	2	0	0	2	0	0	3	6	0	0	0	0	0	0	2	0	4	6	0	0
ENSG00000186508	0	0	0	0	0	0	0	0	0	0	0	0	0	0	0	0	0	0	0	0	0	0	0	0	0	0	0	0
ENSG00000186513	0	0	0	0	0	0	0	0	0	0	0	0	0	0	0	0	0	0	0	0	0	0	0	0	0	0	0	0
ENSG00000186526	810	13	254	989	217	73	29	20	996	203	20	20	139	324	186	26	20	11	19	360	91	34	177	73	77	16	8	21
ENSG00000186529	19	36	18	16	61	12	16	88	36	4	36	5	13	7	20	39	25	16	7	73	2021	7	0	17	23	3	14	19
ENSG00000186572	0	0	0	0	0	0	0	0	0	0	0	0	0	0	0	0	0	0	0	0	0	0	0	0	0	0	0	0
ENSG00000186579	0	0	0	0	0	0	0	0	0	0	0	0	0	0	0	0	0	0	0	0	0	0	0	0	0	0	0	0
ENSG00000186591	852	1434	4600	2773	1975	2445	4456	2762	1856	1441	2563	3070	4493	4698	3419	2238	2184	3323	2875	3215	3086	3546	2175	2326	3459	1359	2367	4382
ENSG00000186594	213	298	993	651	825	717	1207	288	375	493	632	549	1632	598	707	993	892	452	671	837	234	1044	517	1211	980	138	761	987
ENSG00000186599	0	0	0	0	0	0	0	0	0	0	0	0	0	0	0	0	0	0	0	0	0	0	0	0	0	0	0	0
ENSG00000186638	24	62	59	60	17	51	101	43	41	52	28	17	58	87	53	48	38	44	84	83	53	58	74	18	54	34	33	44
ENSG00000186645	2	1	4	4	0	1	3	1	4	15	0	0	1	0	0	0	0	0	1	0	0	0	0	1	1	5	2	0
ENSG00000186654	373	685	229	378	264	209	485	475	439	512	308	337	392	346	308	471	329	206	391	474	265	444	837	380	360	408	237	268
ENSG00000186678	0	0	0	0	0	0	0	0	0	0	0	0	0	0	0	0	0	0	0	0	0	0	0	0	0	0	0	0
ENSG00000186684	15	45	18	4	20	0	58	9	50	45	37	45	50	48	17	14	19	22	15	17	0	22	0	41	35	6	13	26
ENSG00000186704	0	26	21	2	15	7	40	17	2	9	0	2	3	15	17	0	4	0	1	26	10	17	55	13	0	3	0	0
ENSG00000186715	25	113	22	42	49	62	60	74	93	151	55	96	79	66	47	80	83	34	73	59	50	72	50	48	115	50	108	51
ENSG00000186765	3	39	14	6	2	8	18	8	1	20	4	2	37	15	10	3	4	7	8	37	12	7	10	14	2	2	0	2
ENSG00000186788	0	0	0	0	0	0	0	0	0	0	0	0	0	0	0	0	0	0	0	0	0	0	0	0	0	0	0	0
ENSG00000186832	34	19	26	16	427	122	89	0	71	27	86	12	65	0	34	96	14	25	15	28	10	126	0	23	106	6	13	16
ENSG00000186844	0	0	0	0	0	0	0	0	0	0	0	0	0	0	0	0	0	0	0	0	0	0	0	0	0	0	0	0
ENSG00000186847	1086	821	417	998	5294	420	6287	76	1210	946	1984	154	2217	103	5028	2324	889	1805	902	2454	319	3675	303	1042	8528	186	137	883
ENSG00000186881	0	0	0	0	0	0	0	0	0	0	0	0	0	0	0	0	0	0	0	0	0	0	0	0	0	0	0	0
ENSG00000186886	0	0	0	0	0	0	0	0	0	0	0	0	0	0	0	0	0	0	0	0	0	0	0	0	0	0	0	0
ENSG00000186910	0	2	66	2	33	10	93	9	2	31	36	74	8	33	16	97	20	12	10	0	28	0	4	8	6	26	452	28
ENSG00000186912	0	0	2	11	0	0	0	0	0	0	0	2	8	17	0	0	2	0	2	0	0	0	0	2	4	0	0	3
ENSG00000186925	0	0	0	0	0	0	0	0	0	0	0	0	0	0	0	0	0	0	0	0	0	0	0	0	0	0	0	0
ENSG00000186930	0	0	0	0	0	0	0	0	0	0	0	0	0	0	0	0	0	0	0	0	0	0	0	0	0	0	0	0
ENSG00000186965	0	0	0	0	0	0	0	0	0	0	0	0	0	0	0	0	0	0	0	0	0	0	0	0	0	0	0	0
ENSG00000186967	0	0	0	0	0	0	0	0	0	0	0	0	0	0	0	0	0	0	0	0	0	0	0	0	0	0	0	0
ENSG00000186971	0	0	0	0	0	0	0	0	0	0	0	0	0	0	0	0	0	0	0	0	0	0	0	0	0	0	0	0
ENSG00000186980	0	0	0	0	0	0	0	0	0	0	0	0	0	0	0	0	0	0	0	0	0	0	0	0	0	0	0	0
ENSG00000187003	0	0	0	0	0	0	0	0	0	0	0	0	0	0	0	0	0	0	0	0	0	0	0	0	0	0	0	0
ENSG00000187005	0	0	0	0	0	0	0	0	0	0	0	0	0	0	0	0	0	0	0	0	0	0	0	0	0	0	0	0
ENSG00000187012	0	0	0	0	0	0	0	0	0	0	0	0	0	0	0	0	0	0	0	0	0	0	0	0	0	0	0	0
ENSG00000187037	0	22	48	6	18	62	77	42	8	5	40	39	134	138	10	27	24	9	35	16	46	2	0	21	28	18	24	10
ENSG00000187054	22	0	6	0	1	8	0	2	12	0	48	25	0	0	0	4	6	11	7	29	10	0	0	1	6	5	0	7
ENSG00000187082	0	0	0	0	0	0	0	0	0	0	0	0	0	0	0	0	0	0	0	0	0	0	0	0	0	0	0	0
ENSG00000187094	150	41	208	52	89	2	240	12	91	36	136	14	379	22	1689	74	64	515	66	1438	300	1852	30	19	1041	21	4	196
ENSG00000187103	0	0	0	0	0	0	0	0	0	0	0	0	0	0	0	0	0	0	0	0	0	0	0	0	0	0	0	0
ENSG00000187116	0	16	73	17	14	13	41	22	6	0	16	30	74	15	1	33	31	2	12	5	12	0	20	23	42	6	31	15
ENSG00000187122	0	202	81	150	35	97	13	447	6	322	45	444	93	174	5	21	130	26	53	118	33	18	301	299	2	196	272	132
ENSG00000187151	0	5	0	2	0	0	0	0	8	0	4	1	11	2	4	0	0	0	2	0	0	0	0	1	2	2	0	6
ENSG00000187170	0	0	0	0	0	0	0	0	0	0	0	0	0	0	0	0	0	0	0	0	0	0	0	0	0	0	0	0
ENSG00000187173	0	0	0	0	0	0	0	0	0	0	0	0	0	0	0	0	0	0	0	0	0	0	0	0	0	0	0	0
ENSG00000187175	0	0	0	0	0	0	0	0	0	0	0	0	0	0	0	0	0	0	0	0	0	0	0	0	0	0	0	0
ENSG00000187180	0	0	0	0	0	0	0	0	0	0	0	0	0	0	0	0	0	0	0	0	0	0	0	0	0	0	0	0
ENSG00000187186	12	29	8	24	22	10	34	34	14	24	50	20	47	32	23	27	10	16	9	30	18	24	19	24	21	4	8	20
ENSG00000187191	0	0	0	0	0	0	0	0	0	0	0	0	0	0	0	0	0	0	0	0	0	0	0	0	0	0	0	0
ENSG00000187223	0	0	0	0	0	0	0	0	0	0	0	0	0	0	0	0	0	0	0	0	0	0	0	0	0	0	0	0
ENSG00000187238	0	0	0	0	0	0	0	0	0	0	0	0	0	0	0	0	0	0	0	0	0	0	0	0	0	0	0	0
ENSG00000187272	0	0	0	0	0	0	0	0	0	0	0	0	0	0	0	0	0	0	0	0	0	0	0	0	0	0	0	0
ENSG00000187323	43	32	25	14	13	9	41	4	52	8	31	11	157	8	26	4	2	2	0	11	23	11	1	9	55	0	6	5
ENSG00000187398	32	708	355	780	65	1822	149	1027	25	1241	210	1090	592	1604	381	113	871	332	999	167	79	708	1085	1968	73	105	1694	1016
ENSG00000187416	0	0	10	1	0	40	6	0	10	0	2	0	0	2	38	0	0	4	4	18	1	0	8	0	10	0	0	6
ENSG00000187481	0	0	0	0	0	0	0	0	0	0	0	0	0	0	0	0	0	0	0	0	0	0	0	0	0	0	0	0
ENSG00000187527	0	8	3	0	2	2	4	0	0	0	2	0	2	2	0	6	0	0	0	0	0	2	5	1	2	0	0	0
ENSG00000187533	9	1	0	2	0	18	0	0	0	1	0	2	5	0	1	0	1	0	2	0	3	0	0	1	0	5	3	0
ENSG00000187545	0	0	0	0	0	0	0	0	0	0	0	0	0	0	0	0	0	0	0	0	0	0	0	0	0	0	0	0
ENSG00000187612	0	0	0	0	0	0	0	0	0	0	0	0	0	0	0	0	0	0	0	0	0	0	0	0	0	0	0	0
ENSG00000187627	1	0	0	0	0	4	3	3	0	6	0	1	0	2	2	2	3	0	1	0	0	0	0	2	1	0	21	0
ENSG00000187657	0	0	0	0	0	0	0	0	0	0	0	0	0	0	0	0	0	0	0	0	0	0	0	0	0	0	0	0
ENSG00000187664	0	0	0	0	0	0	0	0	0	0	0	0	0	0	0	0	0	0	0	0	0	0	0	0	0	0	0	0
ENSG00000187682	0	2	0	0	0	0	4	0	0	2	0	0	6	5	2	0	1	6	3	0	0	0	0	0	0	6	5	6
ENSG00000187689	38	15	68	11	163	420	10	0	68	0	64	8	145	75	298	12	22	64	12	73	21	39	8	6	57	3	12	96
ENSG00000187690	0	2	1	2	0	0	4	0	0	5	0	5	2	0	0	0	0	0	4	1	4	0	5	0	3	0	2	0
ENSG00000187701	0	0	0	0	0	0	0	0	0	0	0	0	0	0	0	0	0	0	0	0	0	0	0	0	0	0	0	0
ENSG00000187721	0	0	0	0	0	0	0	0	0	0	0	0	0	0	0	0	0	0	0	0	0	0	0	0	0	0	0	0
ENSG00000187747	0	0	1	0	0	5	19	0	0	0	0	7	0	0	0	0	2	0	0	0	0	0	0	6	1	2	1	1
ENSG00000187754	0	0	0	0	0	0	0	0	0	0	0	0	0	0	0	0	0	0	0	0	0	0	0	0	0	0	0	0
ENSG00000187762	0	0	0	0	4	0	5	2	4	0	0	0	0	0	0	8	2	0	1	0	0	10	0	0	11	0	0	0
ENSG00000187766	0	0	0	0	0	0	0	0	0	0	0	0	0	0	0	0	0	0	0	0	0	0	0	0	0	0	0	0
ENSG00000187812	0	0	0	0	0	0	0	0	0	0	0	0	0	0	0	0	0	0	0	0	0	0	0	0	0	0	0	0
ENSG00000187848	36	195	44	21	12	10	223	100	76	285	5	8	289	20	26	19	35	64	46	58	0	21	14	44	60	22	12	27
ENSG00000187900	0	0	0	0	0	0	0	0	0	0	0	0	0	0	0	0	0	0	0	0	0	0	0	0	0	0	0	0
ENSG00000187908	86	0	70	17	106	4	16	0	54	0	33	0	9	9	0	62	3	35	2	6	0	69	0	6	27	2	0	10
ENSG00000187944	0	11	4	96	9	11	7	0	26	3	0	8	15	6	6	0	15	0	21	8	40	0	18	16	128	0	6	10
ENSG00000187951	0	0	0	0	0	0	0	0	0	0	0	0	0	0	0	0	0	0	0	0	0	0	0	0	0	0	0	0
ENSG00000187952	0	0	0	0	0	0	0	0	0	0	0	0	0	0	0	0	0	0	0	0	0	0	0	0	0	0	0	0
ENSG00000187957	7	21	126	242	113	27	145	65	28	13	22	16	189	887	364	69	34	192	43	210	508	105	37	10	126	120	10	51
ENSG00000187959	0	0	4	5	2	0	2	1	1	0	3	0	0	0	0	2	4	0	1	5	1	0	6	0	4	1	0	1
ENSG00000187979	0	0	0	0	0	0	0	0	0	0	0	0	0	0	0	0	0	0	0	0	0	0	0	0	0	0	0	0
ENSG00000187988	0	0	0	0	0	0	0	0	0	0	0	0	0	0	0	0	0	0	0	0	0	0	0	0	0	0	0	0
ENSG00000188050	0	0	0	3	0	8	2	4	0	1	2	2	4	4	2	2	5	0	2	0	0	6	5	0	2	3	10	8
ENSG00000188076	0	0	0	0	0	0	0	0	0	0	0	0	0	0	0	0	0	0	0	0	0	0	0	0	0	0	0	0
ENSG00000188086	0	0	0	0	0	0	0	0	0	0	0	0	0	0	0	0	0	0	0	0	0	0	0	0	0	0	0	0
ENSG00000188100	0	0	0	0	0	0	0	0	0	0	0	0	0	0	0	0	0	0	0	0	0	0	0	0	0	0	0	0
ENSG00000188120	0	0	0	0	0	0	0	0	0	0	0	0	0	0	0	0	0	0	0	0	0	0	0	0	0	0	0	0
ENSG00000188155	0	0	0	0	0	0	0	0	0	0	0	0	0	0	0	0	0	0	0	0	0	0	0	0	0	0	0	0
ENSG00000188162	0	0	3	1	0	1	0	0	0	3	1	3	0	1	0	2	0	0	1	3	0	0	0	0	0	1	1	0
ENSG00000188219	0	108	11	29	6	2	19	76	6	9	2	1	29	316	58	6	36	5	22	60	12	73	63	97	48	196	4	18
ENSG00000188269	3	0	3	6	2	0	72	0	22	0	2	0	5	4	61	34	3	15	9	19	0	33	4	0	47	8	29	21
ENSG00000188282	3	35	25	3	2	43	48	16	22	40	21	52	64	28	11	12	20	6	19	18	0	0	0	29	40	2	40	15
ENSG00000188295	70	77	184	72	84	72	147	98	74	142	98	98	96	139	120	88	104	107	118	91	79	62	57	101	82	105	55	142
ENSG00000188334	0	0	0	0	0	0	0	0	0	0	0	0	0	0	0	0	0	0	0	0	0	0	0	0	0	0	0	0
ENSG00000188338	0	7	79	5	30	2	47	2	14	6	31	10	18	8	10	60	7	8	2	3	0	30	0	38	26	2	13	14
ENSG00000188352	270	1199	1516	1281	364	1206	1401	1930	547	685	583	946	1438	1694	1399	600	1446	1082	874	1112	1576	1175	1101	1108	1021	529	952	1718
ENSG00000188373	0	3	4	0	53	11	2	0	7	0	45	2	0	0	10	16	0	8	0	9	0	0	0	0	2	0	0	0
ENSG00000188379	0	0	0	0	0	0	0	0	0	0	0	0	0	0	0	0	0	0	0	0	0	0	0	0	0	0	0	0
ENSG00000188386	0	8	0	0	0	87	0	0	0	118	0	2	4	0	0	0	0	0	3	0	0	0	0	3	1	4	0	0
ENSG00000188394	0	4	2	0	0	1	8	0	0	0	2	0	10	2	0	0	0	0	0	13	0	0	0	0	0	4	0	6
ENSG00000188399	0	0	0	0	0	0	0	0	0	0	0	0	0	0	0	0	0	0	0	0	0	0	0	0	0	0	0	0
ENSG00000188403	0	0	0	0	0	0	0	0	0	0	0	0	0	0	0	0	0	0	0	0	0	0	0	0	0	0	0	0
ENSG00000188425	0	0	0	0	0	0	0	0	0	0	0	0	0	0	0	0	0	0	0	0	0	0	0	0	0	0	0	0
ENSG00000188438	0	0	0	0	0	0	0	0	0	0	0	0	0	0	0	0	0	0	0	0	0	0	0	0	0	0	0	0
ENSG00000188439	0	0	0	0	0	0	0	0	0	0	0	0	0	0	0	0	0	0	0	0	0	0	0	0	0	0	0	0
ENSG00000188505	76	14	114	10	211	31	111	11	66	0	177	9	37	4	4	164	31	33	5	23	23	8	5	61	24	4	21	16
ENSG00000188517	0	180	39	110	4	62	52	319	11	4	15	26	41	70	20	16	90	14	10	52	4	84	167	22	20	5	6	178
ENSG00000188525	0	0	1	0	1	1	0	0	2	0	0	3	0	0	4	0	3	0	2	17	0	3	0	1	1	0	0	1
ENSG00000188573	38	40	2	46	28	52	18	0	38	57	60	44	54	2	159	8	2	67	87	95	21	107	90	1	72	84	0	6
ENSG00000188624	0	0	0	0	0	0	0	0	0	0	0	0	0	0	0	0	0	0	0	0	0	0	0	0	0	0	0	0
ENSG00000188656	0	0	0	0	0	0	0	0	0	0	0	0	0	0	0	0	0	0	0	0	0	0	0	0	0	0	0	0
ENSG00000188674	0	0	0	0	0	2	0	0	0	0	0	0	27	0	2	5	0	17	0	0	0	0	1	0	4	0	0	0
ENSG00000188691	0	0	0	0	0	0	0	0	0	0	0	0	0	0	0	0	0	0	0	0	0	0	0	0	0	0	0	0
ENSG00000188712	0	0	0	0	3	0	0	0	0	0	0	0	0	0	0	0	0	0	0	0	0	0	0	0	0	0	2	0
ENSG00000188729	0	4	0	6	0	1	0	0	0	0	11	0	0	2	4	0	0	0	2	0	0	0	0	0	2	1	4	0
ENSG00000188761	16	36	95	32	98	41	12	45	33	30	38	36	54	25	13	50	124	5	36	33	34	25	17	48	59	48	55	27
ENSG00000188783	6531	5823	7182	3434	4058	3401	15947	4694	5593	6199	5787	7948	11592	5000	2602	8337	3837	4844	4335	5034	2319	4050	1284	3124	6398	1718	3980	5084
ENSG00000188801	0	0	0	0	0	0	0	0	0	0	0	0	0	0	0	0	0	0	0	0	0	0	0	0	0	0	0	0
ENSG00000188816	71	0	4	0	12	0	0	0	82	0	9	0	0	0	0	8	0	8	0	11	0	0	0	0	5	0	0	0
ENSG00000188856	0	5	2	0	2	2	0	14	5	2	0	4	10	39	2	10	2	0	10	0	0	0	96	4	1	0	1	11
ENSG00000188873	1	0	2	5	2	2	5	1	2	0	3	2	0	0	5	2	5	3	1	1	0	3	0	1	1	2	0	2
ENSG00000188877	0	0	0	0	0	0	0	0	0	0	0	0	0	0	0	0	0	0	0	0	0	0	0	0	0	0	0	0
ENSG00000188883	0	2	4	6	33	2	6	0	17	23	18	4	0	26	3	27	2	12	8	19	76	21	0	6	12	11	2	8
ENSG00000188886	0	4	4	10	10	9	6	0	20	0	4	2	53	0	5	14	0	0	0	15	0	0	0	34	8	4	5	0
ENSG00000188909	0	0	0	0	0	0	0	0	0	0	0	0	0	0	0	0	0	0	0	0	0	0	0	0	0	0	0	0
ENSG00000188910	127	5	189	31	413	28	238	14	75	6	128	17	52	12	30	308	25	67	54	86	3	138	0	48	163	3	27	44
ENSG00000188937	0	0	0	0	0	0	0	0	0	0	0	0	0	0	0	0	0	0	0	0	0	0	0	0	0	0	0	0
ENSG00000188984	0	0	0	0	0	0	0	0	0	0	0	0	0	0	0	0	0	0	0	0	0	0	0	0	0	0	0	0
ENSG00000188991	0	0	0	0	0	0	0	0	0	4	0	1	0	0	0	0	0	0	0	0	0	0	0	0	0	0	1	0
ENSG00000188992	0	1	0	3	0	1	9	3	0	0	0	5	1	8	0	0	2	0	2	0	0	0	0	2	8	1	0	0
ENSG00000189014	0	0	0	0	0	0	0	4	1	0	0	0	2	0	1	0	1	1	2	1	0	0	0	0	1	0	3	3
ENSG00000189023	0	0	0	0	0	0	0	0	0	0	0	0	0	0	0	0	0	0	0	0	0	0	0	0	0	0	0	0
ENSG00000189051	2	16	2	9	5	3	2	0	8	38	7	6	4	5	1	4	17	7	6	1	0	0	20	13	9	18	9	6
ENSG00000189064	0	0	0	0	0	0	0	0	0	0	0	0	0	0	0	0	0	0	0	0	0	0	0	0	0	0	0	0
ENSG00000189090	0	0	0	0	0	0	0	0	0	0	0	0	0	0	0	0	0	0	0	0	0	0	0	0	0	0	0	0
ENSG00000189108	8	1	0	4	2	0	6	0	0	6	0	2	4	9	0	0	0	1	1	0	0	0	0	2	2	0	1	0
ENSG00000189127	0	0	2	0	4	372	0	0	0	25	0	1	2	1	0	0	1	0	2	0	11	18	0	0	2	3	95	3
ENSG00000189145	0	0	0	0	0	0	0	0	0	0	0	0	0	0	0	0	0	0	0	0	0	0	0	0	0	0	0	0
ENSG00000189152	0	1	1	1	0	0	4	7	1	1	1	3	3	0	0	0	2	1	0	0	0	0	0	0	1	0	2	4
ENSG00000189166	0	0	0	0	0	0	0	0	0	0	0	0	0	0	0	0	0	0	0	0	0	0	0	0	0	0	0	0
ENSG00000189169	0	0	0	0	0	0	0	0	0	0	0	0	0	0	0	0	0	0	0	0	0	0	0	0	0	0	0	0
ENSG00000189182	0	0	0	0	0	0	0	0	0	0	0	0	0	0	0	0	0	0	0	0	0	0	0	0	0	0	0	0
ENSG00000189223	26	363	794	139	495	352	272	327	71	20	148	506	1506	660	154	50	444	281	209	605	469	0	13	883	261	56	147	423
ENSG00000189253	0	0	0	0	0	0	0	0	0	0	0	0	0	0	0	0	0	0	0	0	0	0	0	0	0	0	0	0
ENSG00000189275	0	0	0	0	0	0	0	0	0	0	0	0	0	0	0	0	0	0	0	0	0	0	0	0	0	0	0	0
ENSG00000189280	90	10	116	16	283	9	128	0	98	6	116	12	61	7	60	140	21	67	15	117	0	90	2	21	147	6	12	61
ENSG00000189292	0	0	14	33	13	19	164	39	10	48	44	21	57	16	21	27	22	0	11	15	34	31	4	35	44	11	30	10
ENSG00000189299	0	0	0	0	0	0	0	0	0	0	0	0	0	0	0	0	0	0	0	0	0	0	0	0	0	0	0	0
ENSG00000189316	0	0	0	0	0	0	2	2	0	2	0	1	7	0	0	0	0	0	1	0	0	9	0	0	0	0	2	0
ENSG00000189326	0	0	0	0	0	0	0	0	0	0	0	0	0	0	0	0	0	0	0	0	0	0	0	0	0	0	0	0
ENSG00000189334	226	13	352	38	1049	65	314	0	379	30	444	61	142	12	90	941	27	203	53	345	34	273	3	162	313	6	42	98
ENSG00000189348	0	0	0	0	0	0	0	0	0	0	0	0	0	0	0	0	0	0	0	0	0	0	0	0	0	0	0	0
ENSG00000189357	0	0	0	0	0	0	0	0	0	0	0	0	0	0	0	0	0	0	0	0	0	0	0	0	0	0	0	0
ENSG00000189376	8	55	70	116	113	110	48	56	132	66	133	101	74	120	194	147	65	71	122	104	224	120	55	81	116	107	83	93
ENSG00000189377	132	4	350	26	1456	44	187	1	146	6	252	6	43	15	27	1078	58	135	39	107	142	257	0	167	325	29	126	106
ENSG00000189398	12	20	0	4	0	7	2	1	12	29	9	30	9	0	2	13	10	0	13	5	0	2	0	18	12	5	7	0
ENSG00000189410	17	3	0	0	4	9	23	9	4	20	12	8	12	3	2	16	12	2	6	0	20	0	0	5	3	2	2	0
ENSG00000189431	31	7	123	13	327	88	44	0	18	0	123	70	75	12	14	51	25	44	55	123	1	30	0	56	31	26	73	85
ENSG00000189433	4	0	33	2	37	3	58	0	11	0	14	1	28	2	0	21	8	6	6	11	0	22	0	6	44	4	0	5
ENSG00000194717	0	0	0	0	0	0	0	0	0	0	0	0	0	0	0	0	0	0	0	0	0	0	0	0	0	0	0	0
ENSG00000195024	0	0	0	0	0	0	0	0	0	0	0	0	0	0	0	0	0	0	0	0	0	0	0	0	0	0	0	0
ENSG00000195401	0	0	0	0	0	0	0	0	0	0	0	0	0	0	0	0	0	0	0	0	0	0	0	0	0	0	0	0
ENSG00000196071	40	0	33	2	3	19	0	4	11	10	8	11	14	31	93	3	5	0	8	29	8	66	0	0	5	20	0	11
ENSG00000196085	0	0	0	0	0	0	0	0	0	0	0	0	0	0	0	0	0	0	0	0	0	0	0	0	0	0	0	0
ENSG00000196090	11	178	116	120	21	2105	40	76	17	86	24	129	163	1161	38	27	246	52	59	159	956	104	110	45	31	39	302	233
ENSG00000196091	154	4484	2784	15270	711	168	3595	14220	365	5007	1221	1094	6082	20035	8042	269	19013	5990	9213	7254	11963	8544	9328	855	5334	6243	1802	9485
ENSG00000196136	0	50	283	184	95	4	856	78	46	128	59	50	228	77	41	486	630	16	297	68	10	125	55	308	393	87	809	320
ENSG00000196143	0	3	0	0	0	0	0	0	0	0	0	2	0	0	0	0	0	0	2	0	0	0	0	0	0	0	0	0
ENSG00000196171	0	0	0	0	0	0	0	0	0	0	0	0	0	0	0	0	0	0	0	0	0	0	0	0	0	0	0	0
ENSG00000196184	0	0	0	0	0	0	0	0	0	1	0	0	1	0	0	0	0	0	1	0	0	0	0	0	0	0	0	0
ENSG00000196188	5	3	10	7	11	2	106	31	0	4	52	0	60	14	6	62	14	0	5	6	0	30	2	2	22	2	12	5
ENSG00000196224	0	0	0	0	0	0	0	0	0	0	0	0	0	0	0	0	0	0	0	0	0	0	0	0	0	0	0	0
ENSG00000196228	8	20	0	21	22	1	0	0	4	4	0	0	19	102	1	0	0	2	9	16	412	10	0	0	2	18	3	2
ENSG00000196273	0	0	0	0	0	0	0	0	0	0	0	0	0	0	0	0	0	0	0	0	0	0	0	0	0	0	0	0
ENSG00000196302	0	0	0	0	0	0	0	0	0	0	0	0	0	0	0	0	0	0	0	0	0	0	0	0	0	0	0	0
ENSG00000196312	306	1188	749	1117	536	1902	1369	1359	488	1560	595	1052	1450	1448	610	786	1086	543	1230	990	715	738	974	1352	1432	1089	1253	945
ENSG00000196361	85	179	27	22	5	5	115	2	158	130	18	10	30	2	33	38	17	58	29	43	1	68	3	38	31	55	16	10
ENSG00000196383	0	0	0	0	0	0	0	0	0	0	0	0	0	0	0	0	0	0	0	0	0	0	0	0	0	0	0	0
ENSG00000196390	0	0	0	0	0	0	0	0	0	0	0	0	0	0	0	0	0	0	0	0	0	0	0	0	0	0	0	0
ENSG00000196395	0	0	0	0	0	0	0	0	0	0	0	0	0	0	0	0	0	0	0	0	0	0	0	0	0	0	0	0
ENSG00000196415	0	2	2	0	3	2	3	0	0	0	2	2	0	4	2	1	4	0	4	3	0	8	0	4	1	1	0	0
ENSG00000196419	3863	2420	10085	5823	5729	4457	7891	6188	5546	2447	6265	4199	7914	6298	10072	6817	5576	6715	4508	6774	6620	6711	4281	4290	7439	2792	3665	8897
ENSG00000196431	0	28	9	0	0	0	12	7	0	2	0	0	43	281	0	0	3	14	0	0	0	0	37	10	2	0	25	0
ENSG00000196440	136	816	711	537	321	441	1274	241	316	841	432	836	1191	215	761	398	616	255	316	705	254	761	363	522	929	347	775	617
ENSG00000196466	87	118	150	210	106	207	139	177	130	222	128	233	106	282	146	99	170	107	321	152	275	85	244	160	98	230	173	159
ENSG00000196472	0	0	0	0	0	0	0	0	0	0	0	0	0	0	0	0	0	0	0	0	0	0	0	0	0	0	0	0
ENSG00000196535	1308	2192	1448	1000	1358	1145	2171	962	1223	2107	1173	1481	2257	1603	810	1387	1126	894	1151	1439	832	1242	777	1990	1257	691	1012	878
ENSG00000196542	462	2	944	85	476	246	291	45	988	104	1151	415	1548	268	1300	522	192	434	420	922	127	2710	74	361	385	38	182	1855
ENSG00000196549	785	664	1606	4223	1196	573	12229	5528	1485	417	2100	419	7129	9462	14952	914	2758	4830	1884	6007	664	6260	1268	289	12364	394	526	4428
ENSG00000196564	2	2	3	4	2	5	0	4	0	2	1	0	0	1	1	1	4	2	6	4	1	0	0	1	1	3	0	0
ENSG00000196565	0	0	0	0	0	0	0	0	0	0	0	0	0	0	0	0	0	0	0	0	0	0	0	0	0	0	0	0
ENSG00000196570	0	0	0	0	0	0	0	0	0	0	0	0	0	0	0	0	0	0	0	0	0	0	0	0	0	0	0	0
ENSG00000196578	0	0	0	0	0	0	0	0	0	0	0	0	0	0	0	0	0	0	0	0	0	0	0	0	0	0	0	0
ENSG00000196589	0	0	0	0	0	0	0	0	0	0	0	0	0	0	0	0	0	0	0	0	0	0	0	0	0	0	0	0
ENSG00000196611	0	10	54	3	12	12	86	0	12	0	28	4	16	11	0	96	3	1	6	0	0	13	11	19	10	4	14	26
ENSG00000196711	0	2	11	0	9	6	39	5	7	9	14	0	18	11	8	4	2	6	0	0	0	0	0	7	18	0	0	5
ENSG00000196734	0	0	0	0	0	0	0	0	0	0	0	0	0	0	0	0	0	0	0	0	0	0	0	0	0	0	0	0
ENSG00000196735	1297	65	4394	1557	253	261	617	356	1587	1946	205	325	3612	2617	252	248	174	113	100	203	243	53	58	1750	2111	72	101	222
ENSG00000196754	190	28	199	46	293	58	228	2	182	28	546	52	211	37	51	458	141	65	86	200	0	518	0	95	289	7	17	144
ENSG00000196767	0	0	0	0	0	0	0	0	0	0	0	0	0	0	0	0	0	0	0	0	0	0	0	0	0	0	0	0
ENSG00000196787	0	0	0	0	0	0	2	16	0	0	0	0	7	6	5	4	0	8	16	15	29	0	8	12	0	0	0	3
ENSG00000196800	0	20	0	4	0	2	0	0	0	0	0	0	0	7	0	0	4	0	0	5	0	0	0	0	2	2	0	0
ENSG00000196805	0	0	0	0	0	0	0	0	0	0	0	0	0	0	0	0	0	0	0	0	0	0	0	0	0	0	0	0
ENSG00000196834	5	707	275	207	48	121	126	176	33	27	59	64	372	3263	88	32	162	51	152	323	118	227	198	687	308	1460	59	212
ENSG00000196839	37	120	139	151	98	110	294	155	83	154	179	250	132	53	64	208	102	43	116	68	59	61	44	184	183	65	155	106
ENSG00000196844	0	20	0	1	0	21	2	1	2	89	2	33	0	8	4	8	47	17	70	0	4	0	10	24	0	155	39	10
ENSG00000196859	0	2	0	0	3	1	0	0	2	0	1	0	10	0	0	0	1	0	0	8	0	0	0	4	4	0	0	0
ENSG00000196878	782	115	2838	188	2702	393	1953	42	804	85	1631	333	1298	100	677	1720	203	909	479	1480	184	754	29	535	1871	63	163	852
ENSG00000196893	0	0	0	0	0	0	0	0	0	0	0	0	0	0	0	0	0	0	0	0	0	0	0	0	0	0	0	0
ENSG00000197016	127	291	302	342	183	329	376	321	233	268	190	299	563	649	334	173	242	158	350	262	350	324	420	260	303	276	237	326
ENSG00000197046	10	0	20	2	59	4	31	1	14	7	29	14	22	7	7	29	8	2	7	0	0	0	0	9	16	11	37	10
ENSG00000197084	0	0	0	0	0	0	0	0	0	0	0	0	0	0	0	0	0	0	0	0	0	0	0	0	0	0	0	0
ENSG00000197092	0	0	0	0	0	0	0	0	0	0	0	0	0	0	0	0	0	0	0	0	0	0	0	0	0	0	0	0
ENSG00000197106	0	10	18	98	2	4	8	11	0	0	5	9	12	103	12	6	11	14	0	12	288	22	19	8	12	1	5	13
ENSG00000197121	107	140	685	404	312	377	799	224	203	182	372	334	695	466	648	357	371	302	346	381	262	257	203	296	795	113	247	647
ENSG00000197123	0	0	0	0	0	0	0	0	0	0	0	0	0	0	0	0	0	0	0	0	0	0	0	0	0	0	0	0
ENSG00000197149	2	4	3	0	4	3	8	0	6	4	0	0	16	5	1	0	4	2	2	0	4	1	0	8	1	2	0	0
ENSG00000197162	267	486	689	510	447	566	622	554	503	622	596	664	519	447	447	612	503	488	619	703	193	422	433	803	550	620	489	546
ENSG00000197171	5	0	0	2	0	0	0	13	0	0	0	0	0	4	8	0	0	0	1	0	0	0	0	2	4	0	0	0
ENSG00000197177	0	0	4	2	0	0	5	0	8	0	0	0	13	0	4	0	0	4	0	0	0	0	0	2	6	0	0	0
ENSG00000197214	0	0	0	0	0	0	0	0	0	0	0	0	0	0	0	0	0	0	0	0	0	0	0	0	0	0	0	0
ENSG00000197238	0	2	2	1	5	6	3	8	1	7	3	3	1	0	2	0	9	22	28	9	17	0	1	13	1	10	5	4
ENSG00000197258	0	0	1	0	0	2	1	1	3	0	0	1	4	1	1	0	1	1	3	3	0	2	1	1	0	1	1	2
ENSG00000197272	2	4	0	0	4	2	0	7	0	0	2	0	0	2	0	0	0	0	0	0	2	5	0	6	0	0	0	0
ENSG00000197308	28	1	9	0	25	6	6	0	19	0	17	0	11	0	17	6	2	4	5	11	0	8	0	9	17	0	5	5
ENSG00000197309	0	0	0	0	0	0	0	0	0	0	0	0	0	0	0	0	0	0	0	0	0	0	0	0	0	0	0	0
ENSG00000197334	0	2	3	6	0	5	0	0	0	5	0	2	0	2	3	0	5	0	2	1	2	0	1	1	2	1	0	1
ENSG00000197360	0	5	0	0	2	0	0	0	2	0	4	4	12	0	0	0	2	2	0	0	0	0	3	0	4	0	0	0
ENSG00000197361	137	201	205	80	206	114	288	91	337	156	334	225	396	101	200	311	145	212	168	269	128	178	62	232	159	95	111	179
ENSG00000197364	0	0	0	0	0	0	0	0	0	0	0	0	0	0	0	0	0	0	0	0	0	0	0	0	0	0	0	0
ENSG00000197428	0	3	0	1	0	37	0	1	0	42	2	57	0	0	0	0	1	0	4	0	5	6	0	16	6	12	0	2
ENSG00000197468	0	0	0	0	0	0	0	0	0	0	0	0	0	0	0	0	0	0	0	0	0	0	0	0	0	0	0	0
ENSG00000197498	392	542	793	1077	823	862	705	771	589	1311	808	994	843	1408	1181	920	1039	478	1358	767	2225	1540	1381	697	881	1492	1324	1092
ENSG00000197549	0	0	2	0	0	0	22	0	2	0	0	1	5	0	0	0	0	0	0	0	0	0	0	1	1	0	0	7
ENSG00000197584	1	65	13	192	3	4	17	140	0	19	7	20	77	45	0	0	54	2	8	26	10	16	429	66	25	16	4	55
ENSG00000197587	0	9	2	1	0	2	0	0	0	0	0	3	5	8	0	1	2	0	5	0	0	1	0	0	0	2	0	1
ENSG00000197616	0	25	12	23	2	0	138	5	29	23	8	2	12	0	6	11	21	0	0	17	6	11	23	0	77	0	2	4
ENSG00000197627	0	0	0	0	0	0	0	0	0	0	0	0	0	0	0	0	0	0	0	0	0	0	0	0	0	0	0	0
ENSG00000197641	17	23	6	1	28	24	0	0	16	1	44	0	0	0	6	17	3	0	0	0	0	0	0	4	7	2	3	0
ENSG00000197651	0	0	0	0	0	0	0	0	0	0	0	0	0	0	0	0	0	0	0	0	0	0	0	0	0	0	0	0
ENSG00000197665	0	0	0	0	0	0	0	0	0	0	0	0	0	0	0	0	0	0	0	0	0	0	0	0	0	0	0	0
ENSG00000197674	0	59	64	318	10	90	13	386	0	71	16	60	84	2291	58	2	497	11	32	118	102	125	332	265	35	79	308	167
ENSG00000197683	0	0	0	0	0	0	0	0	0	0	0	0	0	0	0	0	0	0	0	0	0	0	0	0	0	0	0	0
ENSG00000197692	0	0	0	3	0	1	0	0	0	4	0	3	0	2	0	0	0	2	13	0	15	0	0	0	0	5	3	0
ENSG00000197721	0	0	7	0	1	2	1	0	0	0	5	4	2	0	0	1	2	4	0	1	0	19	0	2	1	0	0	2
ENSG00000197757	10	459	34	277	48	610	6	586	8	159	3	252	127	569	17	29	195	117	535	64	847	32	651	316	5	459	244	134
ENSG00000197794	0	0	0	0	0	0	0	0	0	0	0	0	0	0	0	0	0	0	0	0	0	0	0	0	0	0	0	0
ENSG00000197815	61	388	58	140	119	921	148	218	110	655	213	328	117	167	36	170	200	76	297	221	57	148	390	372	100	328	214	91
ENSG00000197866	0	0	0	0	0	0	0	0	0	0	0	0	0	0	0	0	0	0	0	0	0	0	0	0	0	0	0	0
ENSG00000197880	0	0	3	0	2	4	0	0	2	12	0	4	0	0	1	0	2	4	3	0	0	0	0	1	3	0	0	6
ENSG00000197893	5	14	4	175	0	3	0	30	11	0	122	2	7	2	0	2	2	6	0	0	51	0	5	0	0	2	0	10
ENSG00000197919	0	0	0	0	0	0	0	0	0	0	0	0	0	0	0	0	0	0	0	0	0	0	0	0	0	0	0	0
ENSG00000197938	0	0	0	0	0	0	0	0	0	0	0	0	0	0	0	0	0	0	0	0	0	0	0	0	0	0	0	0
ENSG00000197976	411	897	838	581	595	532	1133	730	530	928	788	773	953	669	635	842	542	563	907	974	336	650	748	866	871	391	695	662
ENSG00000197984	0	12	38	29	0	8	1	111	0	10	2	37	2	42	16	0	83	2	0	14	26	6	33	12	2	16	67	40
ENSG00000197990	0	0	0	0	0	0	0	0	0	0	0	0	0	0	0	0	0	0	0	0	0	0	0	0	0	0	0	0
ENSG00000197991	0	0	0	0	0	0	0	0	0	0	0	0	0	0	0	0	0	0	0	0	0	0	0	0	0	0	0	0
ENSG00000198003	74	104	14	16	20	21	30	11	45	51	38	12	19	26	20	23	25	26	10	8	6	0	14	11	32	9	14	11
ENSG00000198021	0	0	0	0	0	0	0	0	0	0	0	0	0	0	0	0	0	0	0	0	0	0	0	0	0	0	0	0
ENSG00000198022	0	0	0	0	0	0	0	0	0	0	0	0	0	0	0	0	0	0	0	0	0	0	0	0	0	0	0	0
ENSG00000198028	0	2	34	7	0	0	0	0	3	0	0	2	0	3	0	0	1	12	0	8	147	6	0	0	0	0	0	41
ENSG00000198060	459	396	1500	1389	634	1134	1555	1817	671	338	918	748	1535	2893	2462	822	987	1268	1192	1383	2573	1644	1568	1093	1436	640	1009	1893
ENSG00000198083	0	0	0	0	0	0	0	0	0	0	0	0	0	0	0	0	0	0	0	0	0	0	0	0	0	0	0	0
ENSG00000198090	0	0	0	0	0	0	0	0	0	0	0	0	0	0	0	0	0	0	0	0	0	0	0	0	0	0	0	0
ENSG00000198129	0	0	0	0	0	0	0	0	0	0	0	0	0	0	0	0	0	0	0	0	0	0	0	0	0	0	0	0
ENSG00000198178	0	6	11	0	4	3	4	0	0	0	0	0	8	2	0	0	0	0	0	4	0	0	0	1	0	0	0	0
ENSG00000198203	51	95	41	64	28	83	77	16	34	266	46	220	112	98	14	21	56	13	60	61	142	37	28	38	55	123	108	48
ENSG00000198211	0	0	0	0	0	0	0	0	0	0	0	0	0	0	0	0	0	0	0	0	0	0	0	0	0	0	0	0
ENSG00000198217	0	8	13	19	2	2	0	24	0	0	2	9	0	65	2	4	50	0	0	7	28	14	11	12	0	5	22	38
ENSG00000198271	0	0	0	0	0	0	0	0	0	0	0	0	0	0	0	0	0	0	0	0	0	0	0	0	0	0	0	0
ENSG00000198277	0	0	0	0	0	0	0	0	0	0	0	0	0	0	0	0	0	0	0	0	0	0	0	0	0	0	0	0
ENSG00000198283	0	0	0	0	0	0	0	0	0	0	0	0	0	0	0	0	0	0	0	0	0	0	0	0	0	0	0	0
ENSG00000198353	23	517	23	331	23	574	6	271	51	258	16	156	233	493	14	5	183	51	375	43	885	121	981	351	10	590	81	146
ENSG00000198367	0	0	0	0	0	0	0	0	0	0	0	0	0	0	0	0	0	0	0	0	0	0	0	0	0	0	0	0
ENSG00000198398	0	0	0	0	0	0	0	0	0	2	0	0	0	0	0	0	0	0	0	0	0	0	0	0	0	0	0	0
ENSG00000198443	0	0	0	0	0	0	0	0	0	0	0	0	0	0	0	0	0	0	0	0	0	0	0	0	0	0	0	0
ENSG00000198452	0	0	3	2	4	2	0	0	3	0	0	0	8	3	6	2	0	0	0	0	2	0	0	0	7	0	0	12
ENSG00000198454	3	10	0	0	0	2	3	0	0	3	0	0	1	0	0	0	1	2	2	3	0	0	0	0	4	2	0	0
ENSG00000198488	32	17	9	16	18	853	9	5	29	27	14	7	31	255	5	6	16	19	4	23	239	0	20	30	14	11	19	72
ENSG00000198502	9	48	9	3603	224	133	108	54	21	0	101	112	49	33	193	86	57	6	1	243	164	60	62	1	4382	47	46	63
ENSG00000198535	0	7	92	3	7	7	24	14	2	0	32	14	59	3	20	59	33	8	8	24	0	98	0	20	36	11	71	42
ENSG00000198542	0	4	61	63	11	35	349	67	1	6	16	87	228	510	11	13	8	10	54	17	77	4	4	24	27	17	31	22
ENSG00000198555	0	1	0	2	0	0	2	2	2	0	0	0	3	4	1	0	0	1	3	0	10	0	3	0	2	2	0	0
ENSG00000198570	0	4	0	35	0	2	4	19	1	1	0	0	0	2	14	6	29	0	4	2	0	16	18	0	69	2	15	19
ENSG00000198573	0	0	0	0	0	0	0	0	0	0	0	0	0	0	0	0	0	0	0	0	0	0	0	0	0	0	0	0
ENSG00000198589	2196	1323	4630	2368	1516	3177	2385	3527	4787	1000	1734	1462	4399	11965	3572	1252	2151	1971	2409	2455	2311	2827	3314	1855	2187	1872	1830	5258
ENSG00000198646	670	1022	2965	1214	807	1051	2548	1502	983	814	1035	925	2041	1891	1917	1334	1106	1458	1352	1755	1264	1323	1012	1207	1871	843	1137	1939
ENSG00000198670	7	28	113	8	61	21	24	0	19	55	15	38	95	19	24	25	21	20	21	58	0	71	4	38	14	0	10	10
ENSG00000198671	5	2	0	0	0	5	1	0	1	4	0	4	1	1	0	2	1	0	1	0	0	0	3	5	3	2	1	0
ENSG00000198674	0	0	0	0	0	0	0	0	0	0	0	0	0	0	0	0	0	0	0	0	0	0	0	0	0	0	0	0
ENSG00000198678	0	0	0	0	0	0	0	0	0	0	0	0	0	0	0	0	0	0	0	0	0	0	0	0	0	0	0	0
ENSG00000198681	0	0	0	37	0	0	0	0	0	0	0	0	0	0	0	0	0	0	0	0	0	0	0	0	0	0	0	0
ENSG00000198692	223	279	454	819	459	802	936	715	326	445	731	609	1039	994	1574	493	740	464	662	860	1403	1442	1033	581	912	394	542	861
ENSG00000198703	0	0	0	0	0	0	0	0	0	0	0	0	0	0	0	0	0	0	0	0	0	0	0	0	0	0	0	0
ENSG00000198723	0	14	6	0	21	9	5	3	4	318	11	11	4	8	2	2	17	55	117	10	6	6	6	44	7	17	3	22
ENSG00000198729	43	13	19	16	5	7	69	0	12	6	61	8	69	35	23	30	13	11	2	56	13	42	0	0	48	0	1	13
ENSG00000198739	2	3	0	0	6	37	6	25	0	2	14	0	0	0	1	0	0	2	2	0	3	0	8	29	3	0	0	0
ENSG00000198744	2658	500	133	127	20081	17178	249	436	552	217	136	85	161	104	82	247	150	325	116	224	395	173	267	29	114	156	177	214
ENSG00000198752	895	1103	4139	1254	908	735	3070	1700	1197	648	854	970	3442	3210	1880	1152	915	1324	978	2230	906	1079	864	1143	1728	593	795	3077
ENSG00000198758	4	15	0	0	19	1	0	0	2	0	0	0	0	0	8	4	4	0	0	0	0	6	0	0	12	0	0	4
ENSG00000198759	3	3	4	4	35	16	55	3	2	4	12	4	0	0	7	0	0	5	0	2	8	0	0	12	23	1	4	0
ENSG00000198765	0	0	1	1	0	1	1	0	0	2	4	1	4	4	0	0	0	0	5	1	0	0	5	6	3	9	1	1
ENSG00000198774	13	3	185	44	53	85	93	38	33	75	37	65	155	96	103	28	74	31	31	113	49	65	48	46	108	21	58	54
ENSG00000198787	0	0	0	0	0	0	0	0	0	0	0	0	0	0	0	0	0	0	0	0	0	0	0	0	0	0	0	0
ENSG00000198788	14	47	7	67	105	2	0	14	10	27	0	12	101	24	2	3	3	4	2	47	227	10	4	0	0	13	32	6
ENSG00000198798	0	0	0	0	0	0	0	0	0	0	0	0	0	0	0	0	0	0	0	0	0	0	0	0	0	0	0	0
ENSG00000198829	0	16	9	14	6	168	26	14	0	13	6	26	43	31	0	0	1	8	5	12	2	0	17	397	5	0	30	8
ENSG00000198842	0	9	0	63	4	0	43	1	2	0	27	0	0	0	0	8	0	1	5	2	0	0	17	0	15	0	2	0
ENSG00000198883	0	8	1	0	0	0	0	9	0	4	5	3	6	0	1	0	0	0	0	0	0	0	0	4	2	0	2	0
ENSG00000198914	0	0	0	0	0	0	0	0	0	0	0	0	0	0	0	0	0	0	0	0	0	0	0	0	0	0	0	0
ENSG00000198923	0	0	0	0	0	0	0	0	0	0	0	0	0	0	0	0	0	0	0	0	0	0	0	0	0	0	0	0
ENSG00000198932	543	680	1982	953	684	803	1854	700	755	1276	1322	1523	2332	547	978	993	742	516	769	1186	433	1267	368	903	1617	451	856	1118
ENSG00000198947	352	820	1674	1011	576	1215	1893	539	633	844	955	1205	3040	1129	1332	867	800	567	910	1063	535	902	413	1065	1251	866	1579	1160
ENSG00000198965	0	0	0	0	0	0	0	0	0	0	0	0	0	0	0	0	0	0	0	0	0	0	0	0	0	0	0	0
ENSG00000198972	0	0	0	0	0	0	0	0	0	0	0	0	0	0	0	0	0	0	0	0	0	0	0	0	0	0	0	0
ENSG00000198973	0	0	0	0	0	0	0	0	0	0	0	0	0	0	0	0	0	0	0	0	0	0	0	0	0	0	0	0
ENSG00000198975	0	0	0	0	0	0	0	0	0	0	0	0	0	0	0	0	0	0	0	0	0	0	0	0	0	0	0	0
ENSG00000198982	0	0	0	0	0	0	0	0	0	0	0	0	0	0	0	0	0	0	0	0	0	0	0	0	0	0	0	0
ENSG00000198984	0	0	0	0	0	0	0	0	0	0	0	0	0	0	0	0	0	0	0	0	0	0	0	0	0	0	0	0
ENSG00000199001	0	0	0	0	0	0	0	0	0	0	0	0	0	0	0	0	0	0	0	0	0	0	0	0	0	0	0	0
ENSG00000199012	0	0	0	0	0	0	0	0	0	0	0	0	0	0	0	0	0	0	0	0	0	0	0	0	0	0	0	0
ENSG00000199017	0	0	0	0	0	0	0	0	0	0	0	0	0	0	0	0	0	0	0	0	0	0	0	0	0	0	0	0
ENSG00000199020	0	0	0	0	0	0	0	0	0	0	0	0	0	0	0	0	0	0	0	0	0	0	0	0	0	0	0	0
ENSG00000199025	0	0	0	0	0	0	0	0	0	0	0	0	0	0	0	0	0	0	0	0	0	0	0	0	0	0	0	0
ENSG00000199030	0	0	0	0	0	0	0	0	0	0	0	0	0	0	0	0	0	0	0	0	0	0	0	0	0	0	0	0
ENSG00000199031	0	0	0	0	0	0	0	0	0	0	0	0	0	0	0	0	0	0	0	0	0	0	0	0	0	0	0	0
ENSG00000199035	0	0	0	0	0	0	0	0	0	0	0	0	0	0	0	0	0	0	0	0	0	0	0	0	0	0	0	0
ENSG00000199036	0	0	0	0	0	0	0	0	0	0	0	0	0	0	0	0	0	0	0	0	0	0	0	0	0	0	0	0
ENSG00000199043	0	0	0	0	0	0	0	0	0	0	0	0	0	0	0	0	0	0	0	0	0	0	0	0	0	0	0	0
ENSG00000199051	0	0	0	0	0	0	0	0	0	0	0	0	0	0	0	0	0	0	0	0	0	0	0	0	0	0	0	0
ENSG00000199059	0	0	0	0	0	0	0	0	0	0	0	0	0	0	0	0	0	0	0	0	0	0	0	0	0	0	0	0
ENSG00000199065	0	0	0	0	0	0	0	0	0	0	0	0	0	0	0	0	0	0	0	0	0	0	0	0	0	0	0	0
ENSG00000199072	0	0	0	0	0	0	0	0	0	0	0	0	0	0	0	0	0	0	0	0	0	0	0	0	0	0	0	0
ENSG00000199075	0	0	0	0	0	0	0	0	0	0	0	0	0	0	0	0	0	0	0	0	0	0	0	0	0	0	0	0
ENSG00000199080	0	0	0	0	0	0	0	0	0	0	0	0	0	0	0	0	0	0	0	0	0	0	0	0	0	0	0	0
ENSG00000199088	0	0	0	0	0	0	0	0	0	0	0	0	0	0	0	0	0	0	0	0	0	0	0	0	0	0	0	0
ENSG00000199092	0	0	0	0	0	0	0	0	0	0	0	0	0	0	0	0	0	0	0	0	0	0	0	0	0	0	0	0
ENSG00000199094	0	0	0	0	0	0	0	0	0	0	0	0	0	0	0	0	0	0	0	0	0	0	0	0	0	0	0	0
ENSG00000199095	0	0	0	0	0	0	0	0	0	0	0	0	0	0	0	0	0	0	0	0	0	0	0	0	0	0	0	0
ENSG00000199102	0	0	0	0	0	0	0	0	0	0	0	0	0	0	0	0	0	0	0	0	0	0	0	0	0	0	0	0
ENSG00000199109	0	0	0	0	0	0	0	0	0	0	0	0	0	0	0	0	0	0	0	0	0	0	0	0	0	0	0	0
ENSG00000199127	0	0	0	0	0	0	0	0	0	0	0	0	0	0	0	0	0	0	0	0	0	0	0	0	0	0	0	0
ENSG00000199132	0	0	0	0	0	0	0	0	0	0	0	0	0	0	0	0	0	0	0	0	0	0	0	0	0	0	0	0
ENSG00000199133	0	0	0	0	0	0	0	0	0	0	0	0	0	0	0	0	0	0	0	0	0	0	0	0	0	0	0	0
ENSG00000199145	0	0	0	0	0	0	0	0	0	0	0	0	0	0	0	0	0	0	0	0	0	0	0	0	0	0	0	0
ENSG00000199151	0	0	0	0	0	0	0	0	0	0	0	0	0	0	0	0	0	0	0	0	0	0	0	0	0	0	0	0
ENSG00000199153	0	0	0	0	0	0	0	0	0	0	0	0	0	0	0	0	0	0	0	0	0	0	0	0	0	0	0	0
ENSG00000199156	0	2	0	0	0	0	0	0	0	0	0	0	0	0	0	0	0	0	0	0	0	0	0	0	0	0	0	0
ENSG00000199157	0	0	0	0	0	0	0	0	0	0	0	0	0	0	0	0	0	0	0	0	0	0	0	0	0	0	0	0
ENSG00000199158	0	0	0	0	0	0	0	0	0	0	0	0	0	0	0	0	0	0	0	0	0	0	0	0	0	0	0	0
ENSG00000199165	0	0	0	0	0	0	0	0	0	0	0	0	0	0	0	0	0	0	0	0	0	0	0	0	0	0	0	0
ENSG00000199169	0	0	0	0	0	0	0	0	0	0	0	0	0	0	0	0	0	0	0	0	0	0	0	0	0	0	0	0
ENSG00000199172	0	0	6	3	0	0	2	0	3	0	3	1	0	0	4	2	0	0	2	5	0	0	0	1	4	0	5	1
ENSG00000199177	0	0	0	0	0	0	0	0	0	0	0	0	0	0	0	0	0	0	0	0	0	0	0	0	0	0	0	0
ENSG00000199179	0	0	0	0	0	0	0	0	0	0	0	0	0	0	0	0	0	0	0	0	0	0	0	0	0	0	0	0
ENSG00000199196	0	0	0	0	0	0	0	0	0	0	0	0	0	0	0	0	0	0	0	0	0	0	0	0	0	0	0	0
ENSG00000199197	0	0	0	0	0	0	0	0	0	0	0	0	0	0	0	0	0	0	0	0	0	0	0	0	0	0	0	0
ENSG00000199212	0	0	0	0	0	0	0	0	0	0	0	0	0	0	0	0	0	0	0	0	0	0	0	0	0	0	0	0
ENSG00000199217	0	0	0	0	0	0	0	0	0	0	0	0	0	0	0	0	0	0	0	0	0	0	0	0	0	0	0	0
ENSG00000199219	0	0	0	0	0	0	0	0	0	0	0	0	0	0	0	0	0	0	0	0	0	0	0	0	0	0	0	0
ENSG00000199220	0	0	0	0	0	0	0	0	0	0	0	0	0	0	0	0	0	0	0	0	0	0	0	0	0	0	0	0
ENSG00000199222	0	0	0	0	0	0	0	0	0	0	0	0	0	0	0	0	0	0	0	0	0	0	0	0	0	0	0	0
ENSG00000199223	0	0	0	0	0	0	0	0	0	0	0	0	0	0	0	0	0	0	0	0	0	0	0	0	0	0	0	0
ENSG00000199224	0	0	0	0	0	0	0	0	0	0	0	0	0	0	0	0	0	0	0	0	0	0	0	0	0	0	0	0
ENSG00000199231	0	0	0	0	0	0	0	0	0	0	0	0	0	0	0	0	0	0	0	0	0	0	0	0	0	0	0	0
ENSG00000199241	0	0	0	0	0	0	0	0	0	0	0	0	0	0	0	0	0	0	0	0	0	0	0	0	0	0	0	0
ENSG00000199246	0	0	0	0	0	0	0	0	0	0	0	0	0	0	0	0	0	0	0	0	0	0	0	0	0	0	0	0
ENSG00000199260	0	0	0	0	0	0	0	0	0	0	0	0	0	0	0	0	0	0	0	0	0	0	0	0	0	0	0	0
ENSG00000199263	0	0	0	0	0	0	0	0	0	0	0	0	0	0	0	0	0	0	0	0	0	0	0	0	0	0	0	0
ENSG00000199266	0	0	0	0	0	0	0	0	0	0	0	0	0	0	0	0	0	0	0	0	0	0	0	0	0	0	0	0
ENSG00000199270	0	0	0	0	0	0	0	0	0	0	0	0	0	0	0	0	0	0	0	0	0	0	0	0	0	0	0	0
ENSG00000199272	0	0	0	0	0	0	0	0	0	0	0	0	0	0	0	0	0	0	0	0	0	0	0	0	0	0	0	0
ENSG00000199273	0	0	0	0	0	0	0	0	0	0	0	0	0	0	0	0	0	0	0	0	0	0	0	0	0	0	0	0
ENSG00000199276	0	0	0	0	0	0	0	0	0	0	0	0	0	0	0	0	0	0	0	0	0	0	0	0	0	0	0	0
ENSG00000199282	0	0	0	0	0	0	0	0	0	0	0	0	0	0	0	0	0	0	0	0	0	0	0	0	0	0	0	0
ENSG00000199286	0	0	0	0	0	0	0	0	0	0	0	0	0	0	0	0	0	0	0	0	0	0	0	0	0	0	0	0
ENSG00000199291	0	0	0	0	0	0	0	0	0	0	0	0	0	0	0	0	0	0	0	0	0	0	0	0	0	0	0	0
ENSG00000199293	0	0	0	0	0	0	0	0	0	0	0	0	0	0	0	0	0	0	0	0	0	0	0	0	0	0	0	0
ENSG00000199295	0	0	0	0	0	0	0	0	0	0	0	0	0	0	0	0	0	0	0	0	0	0	0	0	0	0	0	0
ENSG00000199303	0	0	0	0	0	0	0	0	0	0	0	0	0	0	0	0	0	0	0	0	0	0	0	0	0	0	0	0
ENSG00000199308	0	0	0	0	0	0	0	0	0	0	0	0	0	0	0	0	0	0	0	0	0	0	0	0	0	0	0	0
ENSG00000199311	0	0	0	0	0	0	0	0	0	0	0	0	0	0	0	0	0	0	0	0	0	0	0	0	0	0	0	0
ENSG00000199313	0	0	2	4	1	0	4	1	0	4	2	0	21	1	0	0	1	0	4	0	0	0	0	4	0	1	1	0
ENSG00000199315	0	0	0	0	0	0	0	0	0	0	0	0	0	0	0	0	0	0	0	0	0	0	0	0	0	0	0	0
ENSG00000199318	0	0	0	0	0	0	0	0	0	0	0	0	0	0	0	0	0	0	0	0	0	0	0	0	0	0	0	0
ENSG00000199319	0	0	0	0	0	0	0	0	0	0	0	0	0	0	0	0	0	0	0	0	0	0	0	0	0	0	0	0
ENSG00000199321	0	0	0	0	0	0	0	0	0	0	0	0	0	0	0	0	0	0	0	0	0	0	0	0	0	0	0	0
ENSG00000199326	0	0	0	0	0	0	0	0	0	0	0	0	0	0	0	0	0	0	0	0	0	0	0	0	0	0	0	0
ENSG00000199334	0	0	0	0	0	0	0	0	0	0	0	0	0	0	0	0	0	0	0	0	0	0	0	0	0	0	0	0
ENSG00000199337	0	0	0	0	0	0	0	0	0	0	0	0	0	0	0	0	0	0	0	0	0	0	0	0	0	0	0	0
ENSG00000199347	0	0	0	0	0	0	0	0	0	0	0	0	0	0	0	0	0	0	0	0	0	0	0	0	0	0	0	0
ENSG00000199350	0	0	0	0	0	0	0	0	0	0	0	0	0	0	0	0	0	0	0	0	0	0	0	0	0	0	0	0
ENSG00000199352	0	0	0	0	0	0	0	0	0	0	0	0	0	0	0	0	0	0	0	0	0	0	0	0	0	0	0	0
ENSG00000199354	0	0	0	0	0	0	0	0	0	0	0	0	0	0	0	0	0	0	0	0	0	0	0	0	0	0	0	0
ENSG00000199360	0	0	0	0	0	0	0	0	0	0	0	0	0	0	0	0	0	0	0	0	0	0	0	0	0	0	0	0
ENSG00000199361	0	0	0	0	0	0	0	0	0	0	0	0	0	0	0	0	0	0	0	0	0	0	0	0	0	0	0	0
ENSG00000199363	0	0	0	0	0	0	0	0	0	0	0	0	0	0	0	0	0	0	0	0	0	0	0	0	0	0	0	0
ENSG00000199364	0	0	0	0	0	0	0	0	0	0	0	0	0	0	0	0	0	0	0	0	0	0	0	0	0	0	0	0
ENSG00000199368	0	0	0	0	0	0	0	0	0	0	0	0	0	0	0	0	0	0	0	0	0	0	0	0	0	0	0	0
ENSG00000199370	0	0	6	180	1	10	4	102	0	61	0	3	13	108	13	0	13	15	15	80	1135	47	21	3	11	4	0	13
ENSG00000199378	0	0	0	0	0	0	0	0	0	0	0	0	0	0	0	0	0	0	0	0	0	0	0	0	0	0	0	0
ENSG00000199385	0	0	0	0	0	0	0	0	0	0	0	0	0	0	0	0	0	0	0	0	0	0	0	0	0	0	0	0
ENSG00000199392	0	0	0	0	0	0	0	0	0	0	0	0	0	0	0	0	0	0	0	0	0	0	0	0	0	0	0	0
ENSG00000199396	0	0	0	0	0	0	0	0	0	0	0	0	0	0	0	0	0	0	0	0	0	0	0	0	0	0	0	0
ENSG00000199402	0	0	0	0	0	0	0	0	0	0	0	0	0	0	0	0	0	0	0	0	0	0	0	0	0	0	0	0
ENSG00000199410	0	0	0	0	0	0	0	0	0	0	0	0	0	0	0	0	0	0	0	0	0	0	0	0	0	0	0	0
ENSG00000199422	0	0	0	0	0	0	0	0	0	0	0	0	0	0	0	0	0	0	0	0	0	0	0	0	0	0	0	0
ENSG00000199424	0	0	0	0	0	0	0	0	0	0	0	0	0	0	0	0	0	0	0	0	0	0	0	0	0	0	0	0
ENSG00000199442	0	0	0	0	0	0	0	0	0	0	0	0	0	0	0	0	0	0	0	0	0	0	0	0	0	0	0	0
ENSG00000199446	0	0	0	0	0	0	0	0	0	0	0	0	0	0	0	0	0	0	0	0	0	0	0	0	0	0	0	0
ENSG00000199448	0	0	0	0	0	0	0	0	0	0	0	0	0	0	0	0	0	0	0	0	0	0	0	0	0	0	0	0
ENSG00000199450	0	0	0	0	0	0	0	0	0	0	0	0	0	0	0	0	0	0	0	0	0	0	0	0	0	0	0	0
ENSG00000199454	0	0	0	0	0	0	0	0	0	0	0	0	0	0	0	0	0	0	0	0	0	0	0	0	0	0	0	0
ENSG00000199468	0	0	0	0	0	0	0	0	0	0	0	0	0	0	0	0	0	0	0	0	0	0	0	0	0	0	0	0
ENSG00000199469	0	0	0	0	0	0	0	0	0	0	0	0	0	0	0	0	0	0	0	0	0	0	0	0	0	0	0	0
ENSG00000199473	0	0	0	0	0	0	0	0	0	0	0	0	0	0	0	0	0	0	0	0	0	0	0	0	0	0	0	0
ENSG00000199474	0	0	0	0	0	0	0	0	0	0	0	0	0	0	0	0	0	0	0	0	0	0	0	0	0	0	0	0
ENSG00000199475	0	0	0	0	0	0	0	0	0	0	0	0	0	0	0	0	0	0	0	0	0	0	0	0	0	0	0	0
ENSG00000199480	0	0	0	0	0	0	0	0	0	0	0	0	0	0	0	0	0	0	0	0	0	0	0	0	0	0	0	0
ENSG00000199483	0	0	0	0	0	0	0	0	0	0	0	0	0	0	0	0	0	0	0	0	0	0	0	0	0	0	0	0
ENSG00000199487	0	0	0	0	0	0	0	0	0	0	0	0	0	0	0	0	0	0	0	0	0	0	0	0	0	0	0	0
ENSG00000199488	0	0	0	0	0	0	0	0	0	0	0	0	0	0	0	0	0	0	0	0	0	0	0	0	0	0	0	0
ENSG00000199489	0	0	0	0	0	0	0	0	0	0	0	0	0	0	0	0	0	0	0	0	0	0	0	0	0	0	0	0
ENSG00000199492	0	0	0	0	0	0	0	0	0	0	0	0	0	0	0	0	0	0	0	0	0	0	0	0	0	0	0	0
ENSG00000199497	0	0	0	0	0	0	0	0	0	0	0	0	0	0	0	0	0	0	0	0	0	0	0	0	0	0	0	0
ENSG00000199516	0	0	0	0	0	0	0	0	0	0	0	0	0	0	0	0	0	0	0	0	0	0	0	0	0	0	0	0
ENSG00000199520	0	0	0	0	0	0	0	0	0	0	0	0	0	0	0	0	0	0	0	0	0	0	0	0	0	0	0	0
ENSG00000199525	0	0	0	0	0	0	0	0	0	0	0	0	0	0	0	0	0	0	0	0	0	0	0	0	0	0	0	0
ENSG00000199546	0	0	0	0	0	0	0	0	0	0	0	0	0	0	0	0	0	0	0	0	0	0	0	0	0	0	0	0
ENSG00000199550	0	0	0	0	0	0	0	0	0	0	0	0	0	0	0	0	0	0	0	0	0	0	0	0	0	0	0	0
ENSG00000199552	0	0	0	0	0	0	0	0	0	0	0	0	0	0	0	0	0	0	0	0	0	0	0	0	0	0	0	0
ENSG00000199556	0	0	0	0	0	0	0	0	0	0	0	0	0	0	0	0	0	0	0	0	0	0	0	0	0	0	0	0
ENSG00000199565	0	0	0	0	0	0	0	0	0	0	0	0	0	0	0	0	0	0	0	0	0	0	0	0	0	0	0	0
ENSG00000199572	0	0	0	0	0	0	0	0	0	0	0	0	0	0	0	0	0	0	0	0	0	0	0	0	0	0	0	0
ENSG00000199574	0	0	0	0	0	0	0	0	0	0	0	0	0	0	0	0	0	0	0	0	0	0	0	0	0	0	0	0
ENSG00000199575	0	0	0	0	0	0	0	0	0	0	0	0	0	0	0	0	0	0	0	0	0	0	0	0	0	0	0	0
ENSG00000199584	0	0	0	0	0	0	0	0	0	0	0	0	0	0	0	0	0	0	0	0	0	0	0	0	0	0	0	0
ENSG00000199585	0	0	0	0	0	0	0	0	0	0	0	0	0	0	0	0	0	0	0	0	0	0	0	0	0	0	0	0
ENSG00000199595	0	0	0	0	0	0	0	0	0	0	0	0	0	0	0	0	0	0	0	0	0	0	0	0	0	0	0	0
ENSG00000199601	0	6	0	0	0	0	0	0	0	14	2	0	2	0	0	0	5	0	1	0	0	0	6	2	1	1	1	1
ENSG00000199603	0	0	0	0	0	0	0	0	0	0	0	0	0	0	0	0	0	0	0	0	0	0	0	0	0	0	0	0
ENSG00000199620	0	0	0	0	0	0	0	0	0	0	0	0	0	0	0	0	0	0	0	0	0	0	0	0	0	0	0	0
ENSG00000199622	0	0	0	0	0	0	0	0	0	0	0	0	0	0	0	0	0	0	0	0	0	0	0	0	0	0	0	0
ENSG00000199629	0	0	0	0	0	0	0	0	0	0	0	0	0	0	0	0	0	0	0	0	0	0	0	0	0	0	0	0
ENSG00000199630	0	0	1	1	0	3	0	3	0	0	2	0	0	5	1	1	0	0	4	0	0	2	0	2	0	2	8	0
ENSG00000199631	0	0	0	0	0	0	0	0	0	0	0	0	0	0	0	0	0	0	0	0	0	0	0	0	0	0	0	0
ENSG00000199634	0	0	0	0	0	0	0	0	0	0	0	0	0	0	0	0	0	0	0	0	0	0	0	0	0	0	0	0
ENSG00000199635	0	0	0	0	0	0	0	0	0	0	0	0	0	0	0	0	0	0	0	0	0	0	0	0	0	0	0	0
ENSG00000199640	0	0	0	0	0	0	0	0	0	0	0	0	0	0	0	0	0	0	0	0	0	0	0	0	0	0	0	0
ENSG00000199643	0	0	0	0	0	0	0	0	0	0	0	0	0	0	0	0	0	0	0	0	0	0	0	0	0	0	0	0
ENSG00000199645	0	0	0	0	0	0	0	0	0	0	0	0	0	0	0	0	0	0	0	0	0	0	0	0	0	0	0	0
ENSG00000199652	0	0	0	0	0	0	0	0	0	0	0	0	0	0	0	0	0	0	0	0	0	0	0	0	0	0	0	0
ENSG00000199666	0	0	0	0	0	0	0	0	0	0	0	0	0	0	0	0	0	0	0	0	0	0	0	0	0	0	0	0
ENSG00000199668	0	0	0	0	0	0	0	0	0	0	0	0	0	0	0	0	0	0	0	0	0	0	0	0	0	0	0	0
ENSG00000199673	0	0	0	0	0	0	0	0	0	0	0	0	0	0	0	0	0	0	0	0	0	0	0	0	0	0	0	0
ENSG00000199677	0	0	0	0	0	0	0	0	0	0	0	0	0	0	0	0	0	0	0	0	0	0	0	0	0	0	0	0
ENSG00000199691	9	1	3	0	0	3	2	3	0	0	0	0	0	3	2	0	1	0	2	0	0	0	0	1	7	2	4	2
ENSG00000199698	0	0	0	0	0	0	0	0	0	0	0	0	0	0	0	0	0	0	0	0	0	0	0	0	0	0	0	0
ENSG00000199702	0	0	0	0	0	0	0	0	0	0	0	0	0	0	0	0	0	0	0	0	0	0	0	0	0	0	0	0
ENSG00000199704	0	0	0	0	0	0	0	0	0	0	0	0	0	0	0	0	0	0	0	0	0	0	0	0	0	0	0	0
ENSG00000199709	0	1	5	0	0	1	0	2	0	0	1	5	2	2	5	3	0	2	4	0	0	0	0	4	8	0	7	1
ENSG00000199710	0	0	0	0	0	0	0	0	0	0	0	0	0	0	0	0	0	0	0	0	0	0	0	0	0	0	0	0
ENSG00000199712	0	0	0	0	0	0	0	0	0	0	0	0	0	0	0	0	0	0	0	0	0	0	0	0	0	0	0	0
ENSG00000199728	0	0	0	0	0	0	0	0	0	0	0	0	0	0	0	0	0	0	0	0	0	0	0	0	0	0	0	0
ENSG00000199733	0	0	0	0	0	0	0	0	0	0	0	0	0	0	0	0	0	0	0	0	0	0	0	0	0	0	0	0
ENSG00000199735	0	0	0	0	0	0	0	0	0	0	0	0	0	0	0	0	0	0	0	0	0	0	0	0	0	0	0	0
ENSG00000199739	0	0	2	0	0	0	0	0	0	0	0	0	0	0	0	0	0	0	0	0	0	0	0	0	0	0	0	0
ENSG00000199744	0	0	0	0	0	0	0	0	0	0	0	0	0	0	0	0	0	0	0	0	0	0	0	0	0	0	0	0
ENSG00000199764	0	0	0	0	0	0	0	0	0	0	0	0	0	0	0	0	0	0	0	0	0	0	0	0	0	0	0	0
ENSG00000199765	0	0	0	0	0	0	0	0	0	0	0	0	0	0	0	0	0	0	0	0	0	0	0	0	0	0	0	0
ENSG00000199767	0	0	0	0	0	0	0	0	0	0	0	0	0	0	0	0	0	0	0	0	0	0	0	0	0	0	0	0
ENSG00000199771	0	0	0	0	0	0	0	0	0	0	0	0	0	0	0	0	0	0	0	0	0	0	0	0	0	0	0	0
ENSG00000199773	0	0	0	0	0	0	0	0	0	0	0	0	0	0	0	0	0	0	0	0	0	0	0	0	0	0	0	0
ENSG00000199780	0	0	0	0	0	0	0	0	0	0	0	0	0	0	0	0	0	0	0	0	0	0	0	0	0	0	0	0
ENSG00000199782	0	0	0	0	0	0	0	0	0	0	0	0	0	0	0	0	0	0	0	0	0	0	0	0	0	0	0	0
ENSG00000199783	0	0	0	0	0	0	0	0	0	0	0	0	0	0	0	0	0	0	0	0	0	0	0	0	0	0	0	1
ENSG00000199784	0	0	0	0	0	0	0	0	0	0	0	0	0	0	0	0	0	0	0	0	0	0	0	0	0	0	0	0
ENSG00000199785	0	0	0	0	0	0	0	0	0	0	0	0	0	0	0	0	0	0	0	0	0	0	0	0	0	0	0	0
ENSG00000199791	0	0	0	0	0	0	0	0	0	0	0	0	0	0	0	0	0	0	0	0	0	0	0	0	0	0	0	0
ENSG00000199801	0	0	0	0	0	0	0	0	0	0	0	0	0	0	0	0	0	0	0	0	0	0	0	0	0	0	0	0
ENSG00000199804	0	0	0	0	0	0	0	0	0	0	0	0	0	0	0	0	0	0	0	0	0	0	0	0	0	0	0	0
ENSG00000199809	0	0	0	0	0	0	0	0	0	0	0	0	0	0	0	0	0	0	0	0	0	0	0	0	0	0	0	0
ENSG00000199812	0	0	0	0	0	0	0	0	0	0	0	0	0	0	0	0	0	0	0	0	0	0	0	0	0	0	0	0
ENSG00000199814	0	0	0	0	0	0	0	0	0	0	0	0	0	0	0	0	0	0	0	0	0	0	0	0	0	0	0	0
ENSG00000199815	0	0	0	0	0	0	0	0	0	0	0	0	0	0	0	0	0	0	0	0	0	0	0	0	0	0	0	0
ENSG00000199827	0	0	0	0	0	0	0	0	0	0	0	0	0	0	0	0	0	0	0	0	0	0	0	0	0	0	0	0
ENSG00000199831	0	0	0	0	0	0	0	0	0	0	0	0	0	0	0	0	0	0	0	0	0	0	0	0	0	0	0	0
ENSG00000199832	0	0	0	0	0	0	0	0	0	0	0	0	0	0	0	0	0	0	0	0	0	0	0	0	0	0	0	0
ENSG00000199833	0	0	0	0	0	0	0	0	0	0	0	0	0	0	0	0	0	0	0	0	0	0	0	0	0	0	0	0
ENSG00000199839	0	0	0	0	0	0	0	0	0	0	0	0	0	0	0	0	0	0	0	0	0	0	0	0	0	0	0	0
ENSG00000199840	0	0	0	0	0	0	0	0	0	0	0	0	0	0	0	0	0	0	0	0	0	0	0	0	0	0	0	0
ENSG00000199843	0	0	0	0	0	0	0	0	0	0	0	0	0	0	0	0	0	0	0	0	0	0	0	0	0	0	0	0
ENSG00000199845	0	0	0	0	0	0	0	0	0	0	0	0	0	0	0	0	0	0	0	0	0	0	0	0	0	0	0	0
ENSG00000199849	0	0	0	0	0	0	0	0	0	0	0	0	0	0	0	0	0	0	0	0	0	0	0	0	0	0	0	0
ENSG00000199851	0	0	0	0	0	0	0	0	0	0	0	0	0	0	0	0	0	0	0	0	0	0	0	0	0	0	0	0
ENSG00000199857	0	0	0	0	0	0	0	0	0	0	0	0	0	0	0	0	0	0	0	0	0	0	0	0	0	0	0	0
ENSG00000199858	0	0	0	0	0	0	0	0	0	0	0	0	0	0	0	0	0	0	0	0	0	0	0	0	0	0	0	0
ENSG00000199859	0	0	0	0	0	0	0	0	0	0	0	0	0	0	0	0	0	0	0	0	0	0	0	0	0	0	0	0
ENSG00000199862	0	0	0	0	0	0	0	0	0	0	0	0	0	0	0	0	0	0	0	0	0	0	0	0	0	0	0	0
ENSG00000199870	0	0	0	0	0	0	0	0	0	0	0	0	0	0	0	0	0	0	0	0	0	0	0	0	0	0	0	0
ENSG00000199872	0	12	0	42	18	29	6	20	6	14	2	16	7	4	2	8	28	0	11	7	0	0	11	73	8	17	27	15
ENSG00000199874	2	2	0	4	0	0	0	1	1	6	3	2	0	4	0	0	2	1	2	0	0	0	0	1	3	2	2	0
ENSG00000199878	0	0	0	0	0	0	0	0	0	0	0	0	0	0	0	0	0	0	0	0	0	0	0	0	0	0	0	0
ENSG00000199884	0	0	0	0	0	0	0	0	0	0	0	0	0	0	0	0	0	0	0	0	0	0	0	0	0	0	0	0
ENSG00000199885	0	0	0	0	0	0	0	0	0	0	0	0	0	0	0	0	0	0	0	0	0	0	0	0	0	0	0	0
ENSG00000199890	0	0	0	0	0	0	0	2	1	0	0	0	0	0	1	0	0	0	0	0	7	0	0	0	0	0	0	2
ENSG00000199892	0	0	0	0	0	0	0	0	0	0	0	0	0	0	0	0	0	0	0	0	0	0	0	0	0	0	0	0
ENSG00000199894	0	0	0	0	0	0	0	0	0	0	0	0	0	0	0	0	0	0	0	0	0	0	0	0	0	0	0	0
ENSG00000199901	0	0	0	0	0	0	0	0	0	0	0	0	0	0	0	0	0	0	0	0	0	0	0	0	0	0	0	0
ENSG00000199903	0	0	0	0	0	0	0	0	0	0	0	0	0	0	0	0	0	0	0	0	0	0	0	0	0	0	0	0
ENSG00000199905	0	0	0	0	0	0	0	0	0	0	0	0	0	0	0	0	0	0	0	0	0	0	0	0	0	0	0	0
ENSG00000199910	0	0	0	0	0	0	0	0	0	0	0	0	0	0	0	0	0	0	0	0	0	0	0	0	0	0	0	0
ENSG00000199911	0	0	0	0	0	0	0	0	0	0	0	0	0	0	0	0	0	0	0	0	0	0	0	0	0	0	0	0
ENSG00000199912	0	0	0	0	0	0	0	0	0	0	0	0	0	0	0	0	0	0	0	0	0	0	0	0	0	0	0	0
ENSG00000199913	0	0	0	0	0	0	0	0	0	0	0	0	0	0	0	0	0	0	0	0	0	0	0	0	0	0	0	0
ENSG00000199920	0	0	0	0	0	0	0	0	0	0	0	0	0	0	0	0	0	0	0	0	0	0	0	0	0	0	0	0
ENSG00000199921	0	0	0	0	0	0	0	0	0	0	0	0	0	0	0	0	0	0	0	0	0	0	0	0	0	0	0	0
ENSG00000199924	0	0	0	0	0	0	0	0	0	0	0	0	0	0	0	0	0	0	0	0	0	0	0	0	0	0	0	0
ENSG00000199927	0	0	0	0	0	0	0	0	0	0	0	0	0	0	0	0	0	0	0	0	0	0	0	0	0	0	0	0
ENSG00000199932	0	0	0	0	0	0	0	0	0	0	0	0	0	0	0	0	0	0	0	0	0	0	0	0	0	0	0	0
ENSG00000199942	0	0	0	0	0	0	0	0	0	0	0	0	0	0	0	0	0	0	0	0	0	0	0	0	0	0	0	0
ENSG00000199949	0	0	0	0	0	0	0	0	0	0	0	0	0	0	0	0	0	0	0	0	0	0	0	0	0	0	0	0
ENSG00000199953	0	0	0	0	0	0	0	0	0	0	0	0	0	0	0	0	0	0	0	0	0	0	0	0	0	0	0	0
ENSG00000199960	0	0	0	0	0	0	0	0	0	0	0	0	0	0	0	0	0	0	0	0	0	0	0	0	0	0	0	0
ENSG00000199962	0	2	0	2	2	1	1	0	2	0	0	0	0	0	0	8	0	1	7	0	0	0	6	10	1	2	3	0
ENSG00000199964	0	0	0	0	0	0	0	0	0	0	0	0	0	0	0	0	0	0	0	0	0	0	0	0	0	0	0	0
ENSG00000199968	0	0	0	0	0	0	0	0	0	0	0	0	0	0	0	0	0	0	0	0	0	0	0	0	0	0	0	0
ENSG00000199970	0	0	0	0	0	0	0	0	0	0	0	0	0	0	0	0	0	0	0	0	0	0	0	0	0	0	0	0
ENSG00000199971	0	0	0	0	0	0	0	0	0	0	0	0	0	0	0	0	0	0	0	0	0	0	0	0	0	0	0	0
ENSG00000199985	0	0	0	0	0	0	0	0	0	0	0	0	0	0	0	0	0	0	0	0	0	0	0	0	0	0	0	0
ENSG00000199986	0	0	0	0	0	0	0	0	0	0	0	0	0	0	0	0	0	0	0	0	0	0	0	0	0	0	0	0
ENSG00000200003	0	0	0	0	0	0	0	0	0	0	0	0	0	0	0	0	0	0	0	0	0	0	0	0	0	0	0	0
ENSG00000200008	0	0	0	0	0	0	0	0	0	0	0	0	0	0	0	0	0	0	0	0	0	0	0	0	0	0	0	0
ENSG00000200011	0	0	0	0	0	0	0	0	0	0	0	0	0	0	0	0	0	0	0	0	0	0	0	0	0	0	0	0
ENSG00000200021	0	0	0	0	0	0	0	0	0	0	0	0	0	0	0	0	0	0	0	0	0	0	0	0	0	0	0	0
ENSG00000200024	0	0	0	0	0	0	0	0	0	0	0	0	0	0	0	0	0	0	0	0	0	0	0	0	0	0	0	0
ENSG00000200026	0	0	0	0	0	0	0	0	0	0	0	0	0	0	0	0	0	0	0	0	0	0	0	0	0	0	0	0
ENSG00000200028	0	0	0	0	0	0	0	0	0	0	0	0	0	0	0	0	0	0	0	0	0	0	0	0	0	0	0	0
ENSG00000200029	0	0	0	0	0	0	0	0	0	0	0	0	0	0	0	0	0	0	0	0	0	0	0	0	0	0	0	0
ENSG00000200033	0	0	0	0	0	0	0	0	0	0	0	0	0	0	0	0	0	0	0	0	0	0	0	0	0	0	0	0
ENSG00000200034	0	0	0	0	0	0	0	0	0	0	0	0	0	0	0	0	0	0	0	0	0	0	0	0	0	0	0	0
ENSG00000200036	0	0	0	0	0	0	0	0	0	0	0	0	0	0	0	0	0	0	0	0	0	0	0	0	0	0	0	0
ENSG00000200048	0	0	0	0	0	0	0	0	0	0	0	0	0	0	0	0	0	0	0	0	0	0	0	0	0	0	0	0
ENSG00000200049	0	0	0	0	0	0	0	0	0	0	0	0	0	0	0	0	0	0	0	0	0	0	0	0	0	0	0	0
ENSG00000200052	0	0	0	0	0	0	0	0	0	0	0	0	0	0	0	0	0	0	0	0	0	0	0	0	0	0	0	0
ENSG00000200057	0	0	0	0	0	0	0	0	0	0	0	0	0	0	0	0	0	0	0	0	0	0	0	0	0	0	0	0
ENSG00000200059	0	0	0	0	0	2	0	2	0	0	0	0	0	0	0	0	0	0	0	0	0	0	0	0	1	0	3	0
ENSG00000200060	0	0	0	0	0	0	0	0	0	0	0	0	0	0	0	0	0	0	0	0	0	0	0	0	0	0	0	0
ENSG00000200062	0	0	0	0	0	0	0	0	0	0	0	0	0	0	0	0	0	0	0	0	0	0	0	0	0	0	0	0
ENSG00000200063	0	0	0	0	0	0	0	0	0	0	0	0	0	0	0	0	0	0	0	0	0	0	0	0	0	0	0	0
ENSG00000200072	0	0	0	0	0	0	0	0	0	0	0	0	0	0	0	0	0	0	0	0	0	0	0	0	0	0	0	0
ENSG00000200075	0	22	0	7	10	6	0	0	0	46	3	6	0	1	1	8	13	0	6	0	16	0	26	5	1	43	0	0
ENSG00000200079	0	0	0	0	0	0	0	0	0	0	0	0	0	0	0	0	0	0	0	0	0	0	0	0	0	0	0	0
ENSG00000200084	0	0	0	0	0	0	0	0	0	0	0	0	0	0	0	0	0	0	0	0	0	0	0	0	0	0	0	0
ENSG00000200087	0	2	6	17	3	3	12	26	3	2	2	5	24	16	1	8	9	11	6	0	0	0	4	15	12	10	4	9
ENSG00000200089	0	0	0	0	0	0	0	0	0	0	0	0	0	0	0	0	0	0	0	0	0	0	0	0	0	0	0	0
ENSG00000200097	0	0	0	0	0	0	0	0	0	0	0	0	0	0	0	0	0	0	0	0	0	0	0	0	0	0	0	0
ENSG00000200102	0	0	0	0	0	0	0	0	0	0	0	0	0	0	0	0	0	0	0	0	0	0	0	0	0	2	0	0
ENSG00000200106	0	0	0	0	0	0	0	0	0	0	0	0	0	0	0	0	0	0	0	0	0	0	0	0	0	0	0	0
ENSG00000200107	0	0	0	0	0	0	0	0	0	0	0	0	0	0	0	0	0	0	0	0	0	0	0	0	0	0	0	0
ENSG00000200112	0	0	0	0	0	0	0	0	0	0	0	0	0	0	0	0	0	0	0	0	0	0	0	0	0	0	0	0
ENSG00000200121	0	0	0	0	0	0	0	0	0	0	0	0	0	0	0	0	0	0	0	0	0	0	0	0	0	0	0	0
ENSG00000200131	0	0	0	0	0	0	0	0	0	0	0	0	0	0	0	0	0	0	0	0	0	0	0	0	0	0	0	0
ENSG00000200132	0	0	0	0	0	0	0	0	0	0	0	0	0	0	0	0	0	0	0	0	0	0	0	0	0	0	0	0
ENSG00000200139	0	0	0	0	0	0	0	0	0	0	0	0	0	0	0	0	0	0	0	0	0	0	0	0	0	0	0	0
ENSG00000200146	0	0	0	0	0	0	0	0	0	0	0	0	0	0	0	0	0	0	0	0	0	0	0	0	0	0	0	0
ENSG00000200150	0	0	0	0	0	0	0	0	0	0	0	0	0	0	0	0	0	0	0	0	0	0	0	0	0	0	0	0
ENSG00000200151	0	0	0	0	0	0	0	0	0	0	0	0	0	0	0	0	0	0	0	0	0	0	0	0	0	0	0	0
ENSG00000200161	0	0	0	0	0	0	0	0	0	0	0	0	0	0	0	0	0	0	0	0	0	0	0	0	0	0	0	0
ENSG00000200162	0	0	0	0	0	0	0	0	0	0	0	0	0	0	0	0	0	0	0	0	0	0	0	0	0	0	0	0
ENSG00000200163	0	0	0	0	0	0	0	0	0	0	0	0	0	0	0	0	0	0	0	0	0	0	0	0	0	0	0	0
ENSG00000200168	0	0	0	0	0	0	0	0	0	0	0	0	0	0	0	0	0	0	0	0	0	0	0	0	0	0	0	0
ENSG00000200171	0	0	0	0	0	0	0	0	0	0	0	0	0	0	0	0	0	0	0	0	0	0	0	0	0	0	0	0
ENSG00000200174	0	0	0	0	0	0	0	0	0	0	0	0	0	0	0	0	0	0	0	0	0	0	0	0	0	0	0	0
ENSG00000200184	0	0	0	0	0	0	0	0	0	0	0	0	0	0	0	0	0	0	0	0	0	0	0	0	0	0	0	0
ENSG00000200189	0	0	0	0	0	0	0	0	0	0	0	0	0	0	0	0	0	0	0	0	0	0	0	0	0	0	0	0
ENSG00000200191	0	0	0	0	0	0	0	0	0	0	0	0	0	0	0	0	0	0	0	0	0	0	0	0	0	0	0	0
ENSG00000200197	0	0	0	0	0	0	0	0	0	0	0	0	0	0	0	0	0	0	0	0	0	0	0	0	0	0	0	0
ENSG00000200208	0	0	0	0	0	0	0	0	0	0	0	0	0	0	0	0	0	0	0	0	0	0	0	0	0	0	0	0
ENSG00000200215	0	0	0	0	0	0	0	0	0	0	0	0	0	0	0	0	0	0	0	0	0	0	0	0	0	0	0	0
ENSG00000200216	0	0	0	0	0	0	0	0	0	0	0	0	0	0	0	0	0	0	0	0	0	0	0	0	0	0	0	0
ENSG00000200217	0	0	0	0	0	0	0	0	0	0	0	0	0	0	0	0	0	0	0	0	0	0	0	0	0	0	0	0
ENSG00000200218	0	0	0	0	0	0	0	0	0	0	0	0	0	0	0	0	0	0	0	0	0	0	0	0	0	0	0	0
ENSG00000200220	0	0	0	0	0	0	0	0	0	0	0	0	0	0	0	0	0	0	0	0	0	0	0	0	0	0	0	0
ENSG00000200227	0	0	0	0	0	0	0	0	0	0	0	0	0	0	0	0	0	0	0	0	0	0	0	0	0	0	0	0
ENSG00000200231	0	0	0	0	0	0	0	0	0	0	0	0	0	0	0	0	0	0	0	0	0	0	0	0	0	0	0	0
ENSG00000200237	0	3	1	0	0	0	0	0	0	3	0	0	0	2	0	2	1	0	2	5	0	0	6	0	0	2	0	0
ENSG00000200238	0	0	0	0	0	0	0	0	0	0	0	0	0	0	0	0	0	0	0	0	0	0	0	0	0	0	0	0
ENSG00000200243	0	0	0	0	0	0	0	0	0	0	0	0	0	0	0	0	0	0	0	0	0	0	0	0	0	0	0	0
ENSG00000200246	0	0	0	0	0	0	0	0	0	0	0	0	0	0	0	0	0	0	0	0	0	0	0	0	0	0	0	0
ENSG00000200248	0	0	0	0	0	0	0	0	0	0	0	0	0	0	0	0	0	0	0	0	0	0	0	0	0	0	0	0
ENSG00000200259	0	0	0	0	0	0	0	0	0	0	0	0	0	0	0	0	0	0	0	0	0	0	0	0	0	0	0	0
ENSG00000200267	0	0	0	0	0	0	0	0	0	0	0	0	0	0	0	0	0	0	0	0	0	0	0	0	0	0	0	0
ENSG00000200269	0	0	0	0	0	0	0	0	0	0	0	0	0	0	0	0	0	0	0	0	0	0	0	0	0	0	0	0
ENSG00000200274	0	0	0	0	0	0	0	0	0	0	0	0	0	0	0	0	0	0	0	0	0	0	0	0	0	0	0	0
ENSG00000200275	0	0	0	0	0	0	0	0	0	0	0	0	0	0	0	0	0	0	0	0	0	0	0	0	0	0	0	0
ENSG00000200278	0	0	0	0	0	0	0	0	0	0	0	0	0	0	0	0	0	0	0	0	0	0	0	0	0	0	0	0
ENSG00000200279	0	0	0	0	0	0	0	0	0	0	0	0	0	0	0	0	0	0	0	0	0	0	0	0	0	0	0	0
ENSG00000200281	0	0	0	0	0	0	0	0	0	0	0	0	0	0	0	0	0	0	0	0	0	0	0	0	0	0	0	0
ENSG00000200283	0	0	0	0	0	0	0	0	0	0	0	0	0	0	0	0	0	0	0	0	0	0	0	0	0	0	0	0
ENSG00000200287	0	0	0	0	0	0	0	0	0	0	0	0	0	0	0	0	0	0	0	0	0	0	0	0	0	0	0	0
ENSG00000200293	0	0	0	0	0	0	0	0	0	0	0	0	0	0	0	0	0	0	0	0	0	0	0	0	0	0	0	0
ENSG00000200295	0	0	0	0	0	0	0	0	0	0	0	0	0	0	0	0	0	0	0	0	0	0	0	0	0	0	0	0
ENSG00000200298	0	0	0	0	0	0	0	0	0	0	0	0	0	0	0	0	0	0	0	0	0	0	0	0	0	0	0	0
ENSG00000200303	0	0	0	0	0	0	0	0	0	0	0	0	0	0	0	0	0	0	0	0	0	0	0	0	0	0	0	0
ENSG00000200305	0	0	0	0	0	0	0	0	0	0	0	0	0	0	0	0	0	0	0	0	0	0	0	0	0	0	0	0
ENSG00000200310	0	0	0	0	0	0	0	0	0	0	0	0	0	0	0	0	0	0	0	0	0	0	0	0	0	0	0	0
ENSG00000200312	0	0	0	0	0	0	0	0	0	0	0	0	0	0	0	0	0	0	0	0	0	0	0	0	0	0	0	0
ENSG00000200313	0	0	0	0	0	0	0	0	0	0	0	0	0	0	0	0	0	0	0	0	0	0	0	0	0	0	0	0
ENSG00000200318	0	0	0	0	0	0	0	0	0	0	0	0	0	0	0	0	0	0	0	0	0	0	0	0	0	0	0	0
ENSG00000200320	0	0	0	0	0	0	0	0	0	0	0	0	0	0	0	0	0	0	0	0	0	0	0	0	0	0	0	0
ENSG00000200325	0	0	0	0	0	0	0	0	0	0	0	0	0	0	0	0	0	0	0	0	0	0	0	0	0	0	0	0
ENSG00000200326	0	0	0	0	0	0	0	0	0	0	0	0	0	0	0	0	0	0	0	0	0	0	0	0	0	0	0	0
ENSG00000200327	0	0	0	0	0	0	0	0	0	0	0	0	0	0	0	0	0	0	0	0	0	0	0	0	0	0	0	0
ENSG00000200331	0	0	0	0	0	0	0	0	0	0	0	0	0	0	0	0	0	0	0	0	0	0	0	0	0	0	0	0
ENSG00000200334	0	0	0	0	0	0	0	0	0	0	0	0	0	0	0	0	0	0	0	0	0	0	0	0	0	0	0	0
ENSG00000200336	0	0	0	0	0	0	0	0	0	0	0	0	0	0	0	0	0	0	0	0	0	0	0	0	0	0	0	0
ENSG00000200338	0	0	0	0	0	0	0	0	0	0	0	0	0	0	0	0	0	0	0	0	0	0	0	0	0	0	0	0
ENSG00000200340	0	0	0	0	0	0	0	0	0	0	0	0	0	0	0	0	0	0	0	0	0	0	0	0	0	0	0	0
ENSG00000200343	0	0	0	0	0	0	0	0	0	0	0	0	0	0	0	0	0	0	0	0	0	0	0	0	0	0	0	0
ENSG00000200345	0	3	3	0	0	2	7	0	0	1	4	1	7	0	0	2	2	3	3	2	0	0	0	2	3	2	2	1
ENSG00000200354	0	0	0	0	0	0	0	0	0	0	0	0	0	0	0	0	0	0	0	0	0	0	0	0	0	0	0	0
ENSG00000200355	0	0	0	0	0	0	0	0	0	0	0	0	0	0	0	0	0	0	0	0	0	0	0	0	0	0	0	0
ENSG00000200367	0	0	0	0	0	0	0	0	0	0	0	0	0	0	0	0	0	0	0	0	0	0	0	0	0	0	0	0
ENSG00000200369	0	0	0	0	0	0	0	0	0	0	0	0	0	0	0	0	0	0	0	0	0	0	0	0	0	0	0	0
ENSG00000200370	0	0	0	0	0	0	0	0	0	0	0	0	0	0	0	0	0	0	0	0	0	0	0	0	0	0	0	0
ENSG00000200377	0	0	0	0	0	0	0	0	0	0	0	0	0	0	0	0	0	0	0	0	0	0	0	0	0	0	0	0
ENSG00000200379	0	0	0	0	0	0	0	0	0	0	0	0	0	0	0	0	0	0	0	0	0	0	0	0	0	0	0	0
ENSG00000200381	0	0	0	0	0	0	0	0	0	0	0	0	0	0	0	0	0	0	0	0	0	0	0	0	0	0	0	0
ENSG00000200390	0	0	0	0	0	0	0	0	0	0	0	0	0	0	0	0	0	0	0	0	0	0	0	0	0	0	0	0
ENSG00000200393	0	0	0	0	0	0	0	0	0	0	0	0	0	0	0	0	0	0	0	0	0	0	0	0	0	0	0	0
ENSG00000200398	0	0	0	0	0	0	0	0	0	0	0	0	0	0	0	0	0	0	0	0	0	0	0	0	0	0	0	0
ENSG00000200406	0	0	0	0	0	0	0	0	0	0	0	0	0	0	0	0	0	0	0	0	0	0	0	0	0	0	0	0
ENSG00000200411	0	0	0	0	0	0	0	0	0	0	0	0	0	0	0	0	0	0	0	0	0	0	0	0	0	0	0	0
ENSG00000200413	0	0	0	0	0	0	0	0	0	0	0	0	0	0	0	0	0	0	0	0	0	0	0	0	0	0	0	0
ENSG00000200418	0	0	0	0	0	0	0	0	0	0	0	0	0	0	0	0	0	0	0	0	0	0	0	0	0	0	0	0
ENSG00000200422	0	0	0	0	0	0	0	0	0	0	0	0	0	0	0	0	0	0	0	0	0	0	0	0	0	0	0	0
ENSG00000200424	0	0	0	0	0	0	0	0	0	0	0	0	0	0	0	0	0	0	0	0	0	0	0	0	0	0	0	0
ENSG00000200428	0	2	2	1	0	1	2	4	0	1	0	3	2	6	2	2	8	2	0	1	1	0	2	3	3	2	4	0
ENSG00000200432	0	0	0	0	0	0	0	0	0	0	0	0	0	0	0	0	0	0	0	0	0	0	0	0	0	0	0	0
ENSG00000200434	0	0	0	0	0	0	0	0	0	0	0	0	0	0	0	0	0	0	0	0	0	0	0	0	0	0	0	0
ENSG00000200436	0	0	0	0	0	0	0	0	0	0	0	0	0	0	0	0	0	0	0	0	0	0	0	0	0	0	0	0
ENSG00000200437	0	0	0	0	0	0	0	0	0	0	0	0	0	0	0	0	0	0	0	0	0	0	0	0	0	0	0	0
ENSG00000200444	0	0	0	0	0	0	0	0	0	0	0	0	0	0	0	0	0	0	0	0	0	0	0	0	0	0	0	0
ENSG00000200456	0	0	0	0	0	0	0	0	0	0	0	0	0	0	0	0	0	0	0	0	0	0	0	0	0	0	0	0
ENSG00000200462	0	0	0	0	0	0	0	0	0	0	0	0	0	0	0	0	0	0	0	0	0	0	0	0	0	0	0	0
ENSG00000200463	0	0	0	0	0	0	0	0	0	0	0	0	0	0	0	0	0	0	0	0	0	0	0	0	0	0	0	0
ENSG00000200468	0	0	0	0	0	0	0	0	0	0	0	0	0	0	0	0	0	0	0	0	0	0	0	0	0	0	0	0
ENSG00000200469	0	0	0	0	0	0	0	0	0	0	0	0	0	0	0	0	0	0	0	0	0	0	0	0	0	0	0	0
ENSG00000200471	0	0	0	0	0	0	0	0	0	0	0	0	0	0	0	0	0	0	0	0	0	0	0	0	0	0	0	0
ENSG00000200473	3	0	0	1	0	0	0	0	0	6	0	1	0	0	0	0	2	0	0	0	0	5	0	0	0	0	0	2
ENSG00000200475	0	0	0	0	0	0	0	0	0	0	0	0	0	0	0	0	0	0	0	0	0	0	0	0	0	0	0	0
ENSG00000200478	0	0	0	0	0	0	0	0	0	0	0	0	0	0	0	0	0	0	0	0	0	0	0	0	0	0	0	0
ENSG00000200480	0	0	0	0	0	0	0	0	0	0	0	0	0	0	0	0	0	0	0	0	0	0	0	0	0	0	0	0
ENSG00000200483	0	0	0	0	0	0	0	0	0	0	0	0	0	0	0	0	0	0	0	0	0	0	0	0	0	0	0	0
ENSG00000200484	0	0	0	0	0	0	0	0	0	0	0	0	0	0	0	0	0	0	0	0	0	0	0	0	0	0	0	0
ENSG00000200486	0	0	0	0	0	0	0	0	0	0	0	0	0	0	0	0	0	0	0	0	0	0	0	0	0	0	0	0
ENSG00000200492	0	0	0	0	0	0	0	0	0	0	0	0	0	0	0	0	0	0	0	0	0	0	0	0	0	0	0	0
ENSG00000200494	0	0	0	0	0	0	0	0	0	0	0	0	0	0	0	0	0	0	0	0	0	0	0	0	0	0	0	0
ENSG00000200496	0	0	0	0	0	0	0	0	0	0	0	0	0	0	0	0	0	0	0	0	0	0	0	0	0	0	0	0
ENSG00000200503	0	0	0	0	0	0	0	0	0	0	0	0	0	0	0	0	0	0	0	0	0	0	0	0	0	0	0	0
ENSG00000200516	0	0	0	0	0	0	0	0	0	0	0	0	0	0	0	0	0	0	0	0	0	0	0	0	0	0	0	0
ENSG00000200521	0	0	0	0	0	0	0	0	0	0	0	0	0	0	0	0	0	0	0	0	0	0	0	0	0	0	0	0
ENSG00000200526	0	0	0	0	0	0	0	0	0	0	0	0	0	0	0	0	0	0	0	0	0	0	0	0	0	0	0	0
ENSG00000200527	0	4	0	0	1	5	0	4	0	2	0	3	0	1	0	0	0	0	1	0	0	0	0	0	0	1	4	0
ENSG00000200530	0	0	0	0	0	0	0	0	0	0	0	0	0	0	0	0	0	0	0	0	0	0	0	0	0	0	0	0
ENSG00000200536	0	0	0	0	0	0	0	0	0	0	0	0	0	0	0	0	0	0	0	0	0	0	0	0	0	0	0	0
ENSG00000200553	0	0	0	0	0	0	0	0	0	0	0	0	0	0	0	0	0	0	0	0	0	0	0	0	0	0	0	0
ENSG00000200555	0	0	0	0	0	0	0	0	0	0	0	0	0	0	0	0	0	0	0	0	0	0	0	0	0	0	0	0
ENSG00000200563	6	2	0	0	1	0	0	0	1	6	1	1	0	0	0	8	0	0	0	0	0	6	3	4	0	3	2	1
ENSG00000200564	0	0	0	0	0	0	0	0	0	0	0	0	0	0	0	0	0	0	0	0	0	0	0	0	0	0	0	0
ENSG00000200566	0	0	0	0	0	0	0	0	0	0	0	0	0	0	0	0	0	0	0	0	0	0	0	0	0	0	0	0
ENSG00000200570	0	0	0	0	0	0	0	0	0	0	0	0	0	0	0	0	0	0	0	0	0	0	0	0	0	0	0	0
ENSG00000200572	0	0	0	0	0	0	0	0	0	0	0	0	0	0	0	0	0	0	0	0	0	0	0	0	0	0	0	0
ENSG00000200579	0	5	2	0	3	0	0	4	0	0	3	2	6	3	0	0	0	0	1	4	0	0	0	5	2	1	2	0
ENSG00000200587	0	0	0	0	0	0	0	0	0	0	0	0	0	0	0	0	0	0	0	0	0	0	0	0	0	0	0	0
ENSG00000200593	0	0	0	0	0	0	0	0	0	0	0	0	0	0	0	0	0	0	0	0	0	0	0	0	0	0	0	0
ENSG00000200600	0	1	0	0	0	28	0	1	0	0	0	6	0	0	1	0	0	0	0	2	0	0	0	2	0	0	0	0
ENSG00000200601	0	0	0	0	0	0	0	0	0	0	0	0	0	0	0	0	0	0	0	0	0	0	0	0	0	0	0	0
ENSG00000200612	0	0	0	0	0	0	0	0	0	0	0	0	0	0	0	0	0	0	0	0	0	0	0	0	0	0	0	0
ENSG00000200613	0	0	0	0	0	0	0	0	0	0	0	0	0	0	0	0	0	0	0	0	0	0	0	0	0	0	0	0
ENSG00000200616	0	0	0	0	0	0	0	0	0	0	0	0	0	0	0	0	0	0	0	0	0	0	0	0	0	0	0	0
ENSG00000200622	0	0	0	0	0	0	0	0	0	0	0	0	0	0	0	0	0	0	0	0	0	0	0	0	0	0	0	0
ENSG00000200623	0	0	0	0	0	0	0	0	0	0	0	0	0	0	0	0	0	0	0	0	0	0	0	0	0	0	0	0
ENSG00000200624	0	0	0	0	0	0	0	0	0	0	0	0	0	0	0	0	0	0	0	0	0	0	0	0	0	0	0	0
ENSG00000200632	0	0	0	0	0	0	0	0	0	0	0	0	0	0	0	0	0	0	0	0	0	0	0	0	0	0	0	0
ENSG00000200635	0	0	0	0	0	0	0	0	0	0	0	0	0	0	0	0	0	0	0	0	0	0	0	0	0	0	0	0
ENSG00000200638	0	0	0	0	0	0	0	0	0	0	0	0	0	0	0	0	0	0	0	0	0	0	0	0	0	0	0	0
ENSG00000200645	0	0	0	0	0	0	0	0	0	0	0	0	0	0	0	0	0	0	0	0	0	0	0	0	0	0	0	0
ENSG00000200646	0	0	0	0	0	0	0	0	0	0	0	0	0	0	0	0	0	0	0	0	0	0	0	0	0	0	0	0
ENSG00000200651	44	42	6	4	26	16	12	2	58	153	35	34	8	4	0	29	18	9	31	41	4	174	31	34	6	16	26	2
ENSG00000200653	0	0	0	0	0	0	0	0	0	0	0	0	0	0	0	0	0	0	0	0	0	0	0	0	0	0	0	0
ENSG00000200656	0	0	0	0	0	0	0	0	0	0	0	0	0	0	0	0	0	0	0	0	0	0	0	0	0	0	0	0
ENSG00000200661	0	0	0	0	0	0	0	0	0	0	0	0	0	0	0	0	0	0	0	0	0	0	0	0	0	0	0	0
ENSG00000200664	0	0	0	0	0	0	0	0	0	0	0	0	0	0	0	0	0	0	0	0	0	0	0	0	0	0	0	0
ENSG00000200673	0	0	0	0	0	0	0	0	0	0	0	0	0	0	0	0	0	0	0	0	0	0	0	0	0	0	0	0
ENSG00000200674	0	0	0	5	4	4	2	1	0	0	0	1	1	2	1	0	0	0	0	5	7	0	2	5	1	0	2	0
ENSG00000200677	0	0	0	0	0	0	0	0	0	0	0	0	0	0	0	0	0	0	0	0	0	0	0	0	0	0	0	0
ENSG00000200686	0	0	0	0	0	0	0	0	0	0	0	0	0	0	0	0	0	0	0	0	0	0	0	0	0	0	0	0
ENSG00000200687	0	0	0	0	0	0	0	0	0	0	0	0	0	0	0	0	0	0	0	0	0	0	0	0	0	0	0	0
ENSG00000200702	0	0	0	0	0	0	0	0	0	0	0	0	0	0	0	0	0	0	0	0	0	0	0	0	0	0	0	0
ENSG00000200703	0	0	0	0	0	0	0	0	0	0	0	0	0	0	0	0	0	0	0	0	0	0	0	0	0	0	0	0
ENSG00000200708	0	0	0	0	0	0	0	0	0	0	0	0	0	0	0	0	0	0	0	0	0	0	0	0	0	0	0	0
ENSG00000200709	0	0	0	0	0	0	0	0	0	0	0	0	0	0	0	0	0	0	0	0	0	0	0	0	0	0	0	0
ENSG00000200713	0	0	0	0	0	0	0	0	0	0	0	0	0	0	0	0	0	0	0	0	0	0	0	0	0	0	0	0
ENSG00000200718	0	0	0	0	0	0	0	0	0	0	0	0	0	0	0	0	0	0	0	0	0	0	0	0	0	0	0	0
ENSG00000200720	0	0	0	0	0	0	0	0	0	0	0	0	0	0	0	0	0	0	0	0	0	0	0	0	0	0	0	0
ENSG00000200726	0	0	0	0	0	0	0	0	0	0	0	0	0	0	0	0	0	0	0	0	0	0	0	0	0	0	0	0
ENSG00000200728	0	0	0	0	0	0	0	0	0	0	0	0	0	0	0	0	0	0	0	0	0	0	0	0	0	0	0	0
ENSG00000200733	0	0	0	0	0	0	0	0	0	0	0	0	0	0	0	0	0	0	0	0	0	0	0	0	0	0	0	0
ENSG00000200738	0	0	0	0	0	0	0	0	0	0	0	0	0	0	0	0	0	0	0	0	0	0	0	0	0	0	0	0
ENSG00000200745	0	0	0	0	0	0	0	0	0	0	0	0	0	0	0	0	0	0	0	0	0	0	0	0	0	0	0	0
ENSG00000200756	0	0	0	0	0	0	0	0	0	0	0	0	0	0	0	0	0	0	0	0	0	0	0	0	0	0	0	0
ENSG00000200757	0	0	0	0	0	0	0	0	0	0	0	0	0	0	0	0	0	0	0	0	0	0	0	0	0	0	0	0
ENSG00000200759	0	0	0	4	0	0	0	0	0	1	0	0	0	6	0	0	1	0	0	0	0	0	0	1	1	0	0	0
ENSG00000200761	0	0	0	0	0	0	0	0	0	0	0	0	0	0	0	0	0	0	0	0	0	0	0	0	0	0	0	0
ENSG00000200763	0	0	0	0	0	0	0	0	0	0	0	0	0	0	0	0	0	0	0	0	0	0	0	0	0	0	0	0
ENSG00000200764	0	0	0	0	0	0	0	0	0	0	0	0	0	0	0	0	0	0	0	0	0	0	0	0	0	0	0	0
ENSG00000200769	0	0	0	0	0	0	0	0	0	0	0	0	0	0	0	0	0	0	0	0	0	0	0	0	0	0	0	0
ENSG00000200774	0	0	0	0	0	0	0	0	0	0	0	0	0	0	0	0	0	0	0	0	0	0	0	0	0	0	0	0
ENSG00000200779	0	0	0	0	0	0	0	0	0	0	0	0	0	0	0	0	0	0	0	0	0	0	0	0	0	0	0	0
ENSG00000200785	0	0	0	0	0	0	0	0	0	0	0	0	0	0	0	0	0	0	0	0	0	0	0	0	0	0	0	0
ENSG00000200786	0	0	0	0	0	0	0	0	0	0	0	0	0	0	0	0	0	0	0	0	0	0	0	0	0	0	0	0
ENSG00000200789	0	0	0	0	0	0	0	0	0	0	0	0	0	0	0	0	0	0	0	0	0	0	0	0	0	0	0	0
ENSG00000200790	0	0	0	0	0	0	0	0	0	0	0	0	0	0	0	0	0	0	0	0	0	0	0	0	0	0	0	0
ENSG00000200794	0	3	0	0	0	0	0	0	0	0	0	0	0	0	0	0	0	0	0	0	0	0	0	0	0	0	0	0
ENSG00000200796	0	0	0	0	0	0	0	0	0	0	0	0	0	0	0	0	0	0	0	0	0	0	0	0	0	0	0	0
ENSG00000200800	0	0	0	0	0	0	0	0	0	0	0	0	0	0	0	0	0	0	0	0	0	0	0	0	0	0	0	0
ENSG00000200801	0	0	0	0	0	0	0	0	0	0	0	0	0	0	0	0	0	0	0	0	0	0	0	0	0	0	0	0
ENSG00000200806	0	0	0	0	0	0	0	0	0	0	0	0	0	0	0	0	0	0	0	0	0	0	0	0	0	0	0	0
ENSG00000200807	0	0	0	0	0	0	0	0	0	0	0	0	0	0	0	0	0	0	0	0	0	0	0	0	0	0	0	0
ENSG00000200812	0	0	0	0	0	0	0	0	0	0	0	0	0	0	0	0	0	0	0	0	0	0	0	0	0	0	0	0
ENSG00000200814	0	0	2	6	0	7	5	9	4	0	1	8	11	8	0	4	3	1	1	4	0	0	1	3	2	2	6	2
ENSG00000200817	0	0	0	0	0	0	0	0	0	0	0	0	0	0	0	0	0	0	0	0	0	0	0	0	0	0	0	0
ENSG00000200818	0	0	0	0	0	0	0	0	0	0	0	0	0	0	0	0	0	0	0	0	0	0	0	0	0	0	0	0
ENSG00000200822	0	0	0	0	0	0	0	0	0	0	0	0	0	0	0	0	0	0	0	0	0	0	0	0	0	0	0	0
ENSG00000200827	0	0	0	0	0	0	0	0	0	0	0	0	0	0	0	0	0	0	0	0	0	0	0	0	0	0	0	0
ENSG00000200831	0	0	0	0	0	0	0	0	0	0	0	0	0	0	0	0	0	0	0	0	0	0	0	0	0	0	0	0
ENSG00000200842	0	0	0	0	0	0	0	0	0	0	0	0	0	0	0	0	0	0	0	0	0	0	0	0	0	0	0	0
ENSG00000200849	0	0	0	0	0	0	0	0	0	0	0	0	0	0	0	0	0	0	0	0	0	0	0	0	0	0	0	0
ENSG00000200852	0	0	0	0	0	0	0	0	0	0	0	0	0	0	0	0	0	0	0	0	0	0	0	0	0	0	0	0
ENSG00000200857	0	0	0	0	0	0	0	0	0	0	0	0	0	0	0	0	0	0	0	0	0	0	0	0	0	0	0	0
ENSG00000200860	0	0	0	0	0	0	0	0	0	0	0	0	0	0	0	0	0	0	0	0	0	0	0	0	0	0	0	0
ENSG00000200867	0	0	0	0	0	0	0	0	0	0	0	0	0	0	0	0	0	0	0	0	0	0	0	0	0	0	0	0
ENSG00000200872	0	0	0	0	0	0	0	0	0	0	0	0	0	0	0	0	0	0	0	0	0	0	0	0	0	0	0	0
ENSG00000200877	0	0	0	0	0	0	0	0	0	0	0	0	0	0	0	0	0	0	0	0	0	0	0	0	0	0	0	0
ENSG00000200879	4	1	1	7	0	4	2	8	0	3	9	80	16	8	1	9	19	0	7	0	2	4	110	33	4	0	7	14
ENSG00000200887	0	0	0	0	0	0	0	0	0	0	0	0	0	0	0	0	0	0	0	0	0	0	0	0	0	0	0	0
ENSG00000200889	0	0	0	0	0	0	0	0	0	0	0	0	0	0	0	0	0	0	0	0	0	0	0	0	0	0	0	0
ENSG00000200891	0	0	0	0	0	0	0	0	0	0	0	0	0	0	0	0	0	0	0	0	0	0	0	0	0	0	0	0
ENSG00000200893	0	0	4	3	0	1	4	3	0	0	0	0	2	0	1	0	2	2	1	0	0	1	0	1	6	4	1	1
ENSG00000200897	0	0	0	0	0	0	0	0	0	0	0	0	0	0	0	0	0	0	0	0	0	0	0	0	0	0	0	0
ENSG00000200898	0	0	0	0	0	0	0	0	0	0	0	0	0	0	0	0	0	0	0	0	0	0	0	0	0	0	0	0
ENSG00000200902	0	0	0	0	0	0	0	0	0	0	0	0	0	0	0	0	0	0	0	0	0	0	0	0	0	0	0	0
ENSG00000200903	0	0	0	0	0	0	0	0	0	0	0	0	0	0	0	0	0	0	0	0	0	0	0	0	0	0	0	0
ENSG00000200906	0	0	0	0	0	0	0	0	0	0	0	0	0	0	0	0	0	0	0	0	0	0	0	0	0	0	0	0
ENSG00000200913	0	0	2	2	0	2	6	5	0	6	0	4	2	5	0	0	2	0	1	0	0	0	0	2	1	1	10	2
ENSG00000200924	0	0	0	2	0	2	2	1	0	0	0	0	4	4	0	0	0	0	4	0	0	0	0	0	14	0	1	2
ENSG00000200926	0	0	0	0	0	0	0	0	0	0	0	0	0	0	0	0	0	0	0	0	0	0	0	0	0	0	0	0
ENSG00000200935	0	0	0	0	0	0	0	0	0	0	0	0	0	0	0	0	0	0	0	0	0	0	0	0	0	0	0	0
ENSG00000200941	0	0	0	5	1	2	0	0	4	6	0	0	0	0	0	0	1	2	0	0	1	0	0	3	1	10	1	1
ENSG00000200957	0	0	0	0	0	0	0	0	0	0	0	0	0	0	0	0	0	0	0	0	0	0	0	0	0	0	0	0
ENSG00000200963	0	0	0	0	0	0	0	0	0	0	0	0	0	0	0	0	0	0	0	0	0	0	0	0	0	0	0	0
ENSG00000200969	0	0	0	0	0	0	0	0	0	0	0	0	0	0	0	0	0	0	0	0	0	0	0	0	0	0	0	0
ENSG00000200972	0	0	0	0	0	0	0	0	0	0	0	0	0	0	0	0	0	0	0	0	0	0	0	0	0	0	0	0
ENSG00000200983	0	0	0	0	0	0	0	0	0	0	0	0	0	0	0	0	0	0	0	0	0	0	0	0	0	0	0	0
ENSG00000200986	0	0	0	0	0	0	0	0	0	0	0	0	0	0	0	0	0	0	0	0	0	0	0	0	0	0	0	0
ENSG00000200987	0	0	0	0	0	0	0	0	0	0	0	0	0	0	0	0	0	0	0	0	0	0	0	0	0	0	0	0
ENSG00000200997	0	0	0	0	0	0	0	0	0	0	0	0	0	0	0	0	0	0	0	0	0	0	0	0	0	0	0	0
ENSG00000200999	0	0	0	4	0	4	6	4	0	1	2	1	6	2	0	0	5	2	3	0	0	0	0	4	8	0	1	1
ENSG00000201001	0	0	0	0	0	0	0	0	0	0	0	0	0	0	0	0	0	0	0	0	0	0	0	0	0	0	0	0
ENSG00000201006	0	0	0	0	0	0	0	0	0	0	0	0	0	0	0	0	0	0	0	0	0	0	0	0	0	0	0	0
ENSG00000201009	0	0	0	0	0	0	0	0	0	0	0	0	0	0	0	0	0	0	0	0	0	0	0	0	0	0	0	0
ENSG00000201012	0	0	0	1	3	4	5	8	0	0	0	0	4	0	0	1	1	0	1	0	0	9	5	4	0	1	3	2
ENSG00000201014	0	0	0	0	0	0	0	0	0	0	0	0	0	0	0	0	0	0	0	0	0	0	0	0	0	0	0	0
ENSG00000201015	0	0	0	0	0	0	0	0	0	0	0	0	0	0	0	0	0	0	0	0	0	0	0	0	0	0	0	0
ENSG00000201016	0	0	0	0	0	0	0	0	0	0	0	0	0	0	0	0	0	0	0	0	0	0	0	0	0	0	0	0
ENSG00000201021	0	0	0	0	0	0	0	0	0	0	0	0	0	0	0	0	0	0	0	0	0	0	0	0	0	0	0	0
ENSG00000201026	0	0	0	0	0	0	0	0	0	0	0	0	0	0	0	0	0	0	0	0	0	0	0	0	0	0	0	0
ENSG00000201027	0	0	0	0	0	0	0	0	0	0	0	0	0	0	0	0	0	0	0	0	0	0	0	0	0	0	0	0
ENSG00000201031	0	0	0	0	0	0	0	0	0	0	0	0	0	0	0	0	0	0	0	0	0	0	0	0	0	0	0	0
ENSG00000201032	0	0	0	0	0	0	0	0	0	0	0	0	0	0	0	0	0	0	0	0	0	0	0	0	0	0	0	0
ENSG00000201042	0	0	0	0	0	0	0	0	0	0	0	0	0	0	0	0	0	0	0	0	0	0	0	0	0	0	0	0
ENSG00000201044	0	2	0	4	0	5	0	0	0	0	0	3	2	0	0	1	7	0	0	0	0	8	6	1	3	3	4	0
ENSG00000201065	0	0	0	0	0	0	0	0	0	0	0	0	0	0	0	0	0	0	0	0	0	0	0	0	0	0	0	0
ENSG00000201066	0	0	0	0	0	0	0	0	0	0	0	0	0	0	0	0	0	0	0	0	0	0	0	0	0	0	0	0
ENSG00000201077	0	0	0	3	0	1	12	0	0	3	3	3	0	1	0	2	0	3	4	3	0	0	0	0	3	5	0	5
ENSG00000201084	0	0	0	0	0	0	0	0	0	0	0	0	0	0	0	0	0	0	0	0	0	0	0	0	0	0	0	0
ENSG00000201088	0	0	0	0	0	0	0	0	0	0	0	0	0	0	0	0	0	0	0	0	0	0	0	0	0	0	0	0
ENSG00000201095	0	0	0	0	0	0	0	0	0	0	0	0	0	0	0	0	0	0	0	0	0	0	0	0	0	0	0	0
ENSG00000201097	0	0	0	0	0	0	0	0	0	0	0	0	0	0	0	0	0	0	0	0	0	0	0	0	0	0	0	0
ENSG00000201098	0	0	2	1	0	0	1	0	9	0	0	0	3	3	3	0	3	0	2	1	0	17	0	2	0	1	2	1
ENSG00000201119	0	0	1	2	0	2	0	0	3	2	0	1	0	0	0	13	0	0	0	0	0	0	6	4	5	4	0	0
ENSG00000201133	0	0	0	0	0	0	0	0	0	0	0	0	0	0	0	0	0	0	0	0	0	0	0	0	0	0	0	0
ENSG00000201135	0	0	0	0	0	0	0	0	0	0	0	0	0	0	0	0	0	0	0	0	0	0	0	0	0	0	0	0
ENSG00000201140	0	8	11	29	8	60	20	19	1	6	2	2	8	10	5	0	30	0	27	19	4	0	13	12	30	10	62	14
ENSG00000201143	0	0	0	0	0	0	0	0	0	0	0	0	0	0	0	0	0	0	0	0	0	0	0	0	0	0	0	0
ENSG00000201145	0	0	0	0	0	0	0	0	0	0	0	0	0	0	0	0	0	0	0	0	0	0	0	0	0	0	0	0
ENSG00000201148	0	0	0	0	0	0	0	0	0	0	0	0	0	0	0	0	0	0	0	0	0	0	0	0	0	0	0	0
ENSG00000201151	0	0	2	2	0	1	6	2	0	0	2	2	3	4	0	2	0	0	1	0	0	0	9	0	2	0	5	2
ENSG00000201153	0	0	0	0	0	0	0	0	0	0	0	0	0	0	0	0	0	0	0	0	0	0	0	0	0	0	0	0
ENSG00000201155	0	0	0	0	0	0	0	0	0	0	0	0	0	0	0	0	0	0	0	0	0	0	0	0	0	0	0	0
ENSG00000201161	0	0	0	0	0	0	0	0	0	0	0	0	0	0	0	0	0	0	0	0	0	0	0	0	0	0	0	0
ENSG00000201162	0	0	0	0	0	0	0	0	0	0	0	0	0	0	0	0	0	0	0	0	0	0	0	0	0	0	0	0
ENSG00000201165	0	0	0	0	0	0	0	0	0	0	0	0	0	0	0	0	0	0	0	0	0	0	0	0	0	0	0	0
ENSG00000201168	0	0	0	0	0	0	0	0	0	0	0	0	0	0	0	0	0	0	0	0	0	0	0	0	0	0	0	0
ENSG00000201178	0	0	0	1	0	4	4	0	0	16	3	0	0	0	0	0	1	0	0	0	0	0	6	4	0	0	6	0
ENSG00000201180	0	0	0	0	0	0	0	0	0	0	0	0	0	0	0	0	0	0	0	0	0	0	0	0	0	0	0	0
ENSG00000201185	0	0	0	0	0	0	0	0	0	0	0	0	0	0	0	0	0	0	0	0	0	0	0	0	0	0	0	0
ENSG00000201186	0	0	0	0	0	0	0	0	0	0	0	0	0	0	0	0	0	0	0	0	0	0	0	0	0	0	0	0
ENSG00000201196	0	0	0	0	0	0	0	0	0	0	0	0	0	0	0	0	0	0	0	0	0	0	0	0	0	0	0	0
ENSG00000201201	0	0	0	0	0	0	0	0	0	0	0	0	0	0	0	0	0	0	0	0	0	0	0	0	0	0	0	0
ENSG00000201207	0	2	0	4	0	2	2	14	0	0	2	0	4	7	1	3	2	0	2	2	0	0	0	0	1	1	3	2
ENSG00000201217	0	3	3	5	2	6	0	0	0	4	1	8	0	1	0	0	1	0	1	0	0	0	0	1	1	2	3	1
ENSG00000201218	0	0	0	0	0	0	0	0	0	0	0	0	0	0	0	0	0	0	0	0	0	0	0	0	0	0	0	0
ENSG00000201223	0	0	0	0	0	0	0	0	0	0	0	0	0	0	0	0	0	0	0	0	0	0	0	0	0	0	0	0
ENSG00000201241	0	0	0	0	0	0	0	0	0	0	0	0	0	0	0	0	0	0	0	0	0	0	0	0	0	0	0	0
ENSG00000201242	0	0	0	0	0	0	0	0	0	0	0	0	0	0	0	0	0	0	0	0	0	0	0	0	0	0	0	0
ENSG00000201247	0	0	0	0	0	0	0	0	0	0	0	0	0	0	0	0	0	0	0	0	0	0	0	0	0	0	0	0
ENSG00000201253	0	0	0	0	0	0	0	0	0	0	0	0	0	0	0	0	0	0	0	0	0	0	0	0	0	0	0	0
ENSG00000201255	0	0	0	0	0	0	0	0	0	0	0	0	0	0	0	0	0	0	0	0	0	0	0	0	0	0	0	0
ENSG00000201260	0	0	0	0	0	0	0	0	0	0	0	0	0	0	0	0	0	0	0	0	0	0	0	0	0	0	0	0
ENSG00000201263	0	0	0	0	0	0	0	0	0	0	0	0	0	0	0	0	0	0	0	0	0	0	0	0	0	0	0	0
ENSG00000201270	0	0	0	0	0	0	0	0	0	0	0	0	0	0	0	0	0	0	0	0	0	0	0	0	0	0	0	0
ENSG00000201271	0	0	0	0	0	0	0	0	0	0	0	0	0	0	0	0	0	0	0	0	0	0	0	0	0	0	0	0
ENSG00000201273	0	0	0	0	0	0	0	0	0	0	0	0	0	0	0	0	0	0	0	0	0	0	0	0	0	0	0	0
ENSG00000201274	0	0	0	0	0	0	0	0	0	0	0	0	0	0	0	0	0	0	0	0	0	0	0	0	0	0	0	0
ENSG00000201277	0	0	0	0	0	0	0	0	0	0	0	0	0	0	0	0	0	0	0	0	0	0	0	0	0	0	0	0
ENSG00000201282	0	0	0	0	0	0	0	0	0	0	0	0	0	0	0	0	0	0	0	0	0	0	0	0	0	0	0	0
ENSG00000201285	0	0	0	0	0	0	0	0	0	0	0	0	0	0	0	0	0	0	0	0	0	0	0	0	0	0	0	0
ENSG00000201287	0	0	0	0	0	0	0	0	0	0	0	0	0	0	0	0	0	0	0	0	0	0	0	0	0	0	0	0
ENSG00000201288	0	0	0	0	0	0	0	0	0	0	0	0	0	0	0	0	0	0	0	0	0	0	0	0	0	0	0	0
ENSG00000201292	0	0	0	0	0	0	0	0	0	0	0	0	0	0	0	0	0	0	0	0	0	0	0	0	0	0	0	0
ENSG00000201294	0	12	0	0	0	0	7	1	0	0	0	0	8	0	0	0	1	0	0	3	0	0	0	0	2	0	2	2
ENSG00000201296	0	0	0	0	0	0	0	0	0	0	0	0	0	0	0	0	0	0	0	0	0	0	0	0	0	0	0	0
ENSG00000201300	0	0	0	0	0	0	0	0	0	0	0	0	0	0	0	0	0	0	0	0	0	0	0	0	0	0	0	0
ENSG00000201311	0	0	0	0	0	0	0	0	0	0	0	0	0	0	0	0	0	0	0	0	0	0	0	0	0	0	0	0
ENSG00000201312	0	0	0	0	0	0	0	0	0	0	0	0	0	0	0	0	0	0	0	0	0	0	0	0	0	0	0	0
ENSG00000201314	0	0	0	0	0	0	0	0	0	0	0	0	0	0	0	0	0	0	0	0	0	0	0	0	0	0	0	0
ENSG00000201315	0	0	0	0	0	0	0	0	0	0	0	0	0	0	0	0	0	0	0	0	0	0	0	0	0	0	0	0
ENSG00000201316	0	0	0	0	0	0	0	0	0	0	0	0	0	0	0	0	0	0	0	0	0	0	0	0	0	0	0	0
ENSG00000201317	0	0	0	0	0	2	0	6	0	0	0	2	1	0	0	0	0	2	0	3	0	0	0	4	0	0	2	0
ENSG00000201318	0	0	0	0	0	0	0	0	0	0	0	0	0	0	0	0	0	0	0	0	0	0	0	0	0	0	0	0
ENSG00000201324	0	0	0	0	0	0	0	0	0	0	0	0	0	0	0	0	0	0	0	0	0	0	0	0	0	0	0	0
ENSG00000201325	0	0	0	0	0	0	0	0	0	0	0	0	0	0	0	0	0	0	0	0	0	0	0	0	0	0	0	0
ENSG00000201326	0	0	0	0	0	0	0	0	0	0	0	0	0	0	0	0	0	0	0	0	0	0	0	0	0	0	0	0
ENSG00000201329	0	0	0	0	0	0	0	0	0	0	0	0	0	0	0	0	0	0	0	0	0	0	0	0	0	0	0	0
ENSG00000201330	0	0	0	0	0	0	0	0	0	0	0	0	0	0	0	0	0	0	0	0	0	0	0	0	0	0	0	0
ENSG00000201331	0	0	0	0	0	0	0	0	0	0	0	0	0	0	0	0	0	0	0	0	0	0	0	0	0	0	0	0
ENSG00000201339	0	0	0	0	0	0	0	0	0	0	1	3	3	3	0	0	1	1	5	0	2	3	0	2	0	0	0	0
ENSG00000201342	0	0	0	5	8	16	2	16	1	42	5	14	0	11	2	0	13	0	26	3	6	17	13	4	1	16	0	3
ENSG00000201346	1	0	0	0	2	0	0	0	0	0	3	0	0	0	0	0	2	2	3	0	0	0	0	2	2	1	1	1
ENSG00000201348	0	0	0	0	0	1	1	0	0	0	0	0	0	1	0	0	0	1	0	0	0	0	1	0	3	0	0	0
ENSG00000201351	0	0	0	0	0	0	0	0	0	0	0	0	0	0	0	0	0	0	0	0	0	0	0	0	0	0	0	0
ENSG00000201355	0	0	0	0	0	0	0	0	0	0	0	0	0	0	0	0	0	0	0	0	0	0	0	0	0	0	0	0
ENSG00000201363	0	0	0	0	0	0	0	0	0	0	0	0	0	0	0	0	0	0	0	0	0	0	0	0	0	0	0	0
ENSG00000201367	0	0	0	0	0	0	0	0	0	0	0	0	0	0	0	0	0	0	0	0	0	0	0	0	0	0	0	0
ENSG00000201368	0	0	0	0	0	0	0	0	0	0	0	0	0	0	0	0	0	0	0	0	0	0	0	0	0	0	0	0
ENSG00000201379	0	0	0	0	0	0	0	0	0	0	0	0	0	0	0	0	0	0	0	0	0	0	0	0	0	0	0	0
ENSG00000201384	0	0	0	0	0	0	0	0	0	0	0	0	0	0	0	0	0	0	0	0	0	0	0	0	0	0	0	0
ENSG00000201392	0	0	0	0	0	0	0	0	0	0	0	0	0	0	0	0	0	0	0	0	0	0	0	0	0	0	0	0
ENSG00000201394	0	0	0	0	0	0	0	0	0	0	0	0	0	0	0	0	0	0	0	0	0	0	0	0	0	0	0	0
ENSG00000201395	0	0	0	0	0	0	0	0	0	0	0	0	0	0	0	0	0	0	0	0	0	0	0	0	0	0	0	0
ENSG00000201398	0	0	0	0	0	0	0	0	0	0	0	0	0	0	0	0	0	0	0	0	0	0	0	0	0	0	0	0
ENSG00000201403	0	0	0	0	0	0	0	0	0	0	0	0	0	0	0	0	0	0	0	0	0	0	0	0	0	0	0	0
ENSG00000201405	0	0	0	0	0	0	0	0	0	0	0	0	0	0	0	0	0	0	0	0	0	0	0	0	0	0	0	0
ENSG00000201410	0	0	0	0	0	0	0	0	0	0	0	0	0	0	0	0	0	0	0	0	0	0	0	0	0	0	0	0
ENSG00000201412	0	0	0	0	0	0	0	0	0	0	0	0	0	0	0	0	0	0	0	0	0	0	0	0	0	0	0	0
ENSG00000201413	0	0	0	0	0	0	0	0	0	0	0	0	0	0	0	0	0	0	0	0	0	0	0	0	0	0	0	0
ENSG00000201415	0	0	0	0	0	0	0	0	0	0	0	0	0	0	0	0	0	0	0	0	0	0	0	0	0	0	0	0
ENSG00000201423	0	0	0	0	0	0	0	0	0	0	0	0	0	0	0	0	0	0	0	0	0	0	0	0	0	0	0	0
ENSG00000201426	0	0	0	0	0	0	0	0	0	0	0	0	0	0	0	0	0	0	0	0	0	0	0	0	0	0	0	0
ENSG00000201436	0	0	0	0	0	0	0	0	0	0	0	0	0	0	0	0	0	0	0	0	0	0	0	0	0	0	0	0
ENSG00000201439	0	0	0	0	0	0	0	0	0	0	0	0	0	0	0	0	0	0	0	0	0	0	0	0	0	0	0	0
ENSG00000201440	5	0	4	0	0	1	0	0	4	1	1	1	0	0	0	0	0	1	0	0	0	0	0	0	0	1	0	0
ENSG00000201442	0	0	0	0	0	0	0	0	0	0	0	0	0	0	0	0	0	0	0	0	0	0	0	0	0	0	0	0
ENSG00000201443	0	0	0	0	0	0	0	0	0	0	0	0	0	0	0	0	0	0	0	0	0	0	0	0	0	0	0	0
ENSG00000201447	0	0	0	0	0	0	0	0	0	0	0	0	0	0	0	0	0	0	0	0	0	0	0	0	0	0	0	0
ENSG00000201457	0	0	0	0	0	0	0	0	0	0	0	0	0	0	0	0	0	0	0	0	0	0	0	0	0	0	0	0
ENSG00000201464	0	0	0	0	0	0	0	0	0	0	0	0	0	0	0	0	0	0	0	0	0	0	0	0	0	0	0	0
ENSG00000201465	0	0	0	0	0	0	0	0	0	0	0	0	0	0	0	0	0	0	0	0	0	0	0	0	0	0	0	0
ENSG00000201466	0	0	0	0	0	0	0	0	0	0	0	0	0	0	0	0	0	0	0	0	0	0	0	0	0	0	0	0
ENSG00000201474	0	0	0	0	0	0	0	0	0	0	0	0	0	0	0	0	0	0	0	0	0	0	0	0	0	0	0	0
ENSG00000201476	0	0	0	0	0	0	0	0	0	0	0	0	0	0	0	0	0	0	0	0	0	0	0	0	0	0	0	0
ENSG00000201482	0	0	0	0	0	0	0	0	0	0	0	0	0	0	0	0	0	0	0	0	0	0	0	0	0	0	0	0
ENSG00000201487	0	0	0	0	0	0	0	0	0	0	0	0	0	0	0	0	0	0	0	0	0	0	0	0	0	0	0	0
ENSG00000201491	0	0	0	0	0	4	0	0	4	0	0	1	0	0	0	0	0	0	0	0	0	0	0	1	0	6	0	0
ENSG00000201493	0	0	0	0	0	0	0	0	0	0	0	0	0	0	0	0	0	0	0	0	0	0	0	0	0	0	0	0
ENSG00000201496	0	0	0	0	0	0	0	0	0	0	0	0	0	0	0	0	0	0	0	0	0	0	0	0	0	0	0	0
ENSG00000201510	0	0	0	0	0	0	0	0	0	0	0	0	0	0	0	0	0	0	0	0	0	0	0	0	0	0	0	0
ENSG00000201511	0	0	0	0	0	0	0	0	0	0	0	0	0	0	0	0	0	0	0	0	0	0	0	0	0	0	0	0
ENSG00000201512	0	0	0	0	0	0	0	0	0	0	0	0	0	0	0	0	0	0	0	0	0	0	0	0	0	0	0	0
ENSG00000201516	0	0	0	0	0	0	0	0	0	0	0	0	0	0	0	0	0	0	0	0	0	0	0	0	0	0	0	0
ENSG00000201517	0	0	0	0	0	0	0	0	0	0	0	0	0	0	0	0	0	0	0	0	0	0	0	0	0	0	0	0
ENSG00000201518	0	0	0	0	0	0	0	0	0	0	0	0	0	0	0	0	0	0	0	0	0	0	0	0	0	0	0	0
ENSG00000201523	0	0	0	0	0	0	0	0	0	0	0	0	0	0	0	0	0	0	0	0	0	0	0	0	0	0	0	0
ENSG00000201527	0	0	0	0	0	0	0	0	0	0	0	0	0	0	0	0	0	0	0	0	0	0	0	0	0	0	0	0
ENSG00000201533	0	0	0	0	0	1	0	0	0	0	0	2	0	0	3	0	1	0	0	0	9	0	0	2	1	0	5	0
ENSG00000201535	0	0	0	0	0	0	0	0	0	0	0	0	0	0	0	0	0	0	0	0	0	0	0	0	0	0	0	0
ENSG00000201541	0	0	0	0	0	0	0	0	0	0	0	0	0	0	0	0	0	0	0	0	0	0	0	0	0	0	0	0
ENSG00000201545	0	6	0	0	0	0	0	0	0	2	0	0	2	3	0	2	2	0	9	0	0	4	0	0	0	11	0	0
ENSG00000201548	0	0	0	0	0	0	0	0	0	0	0	0	0	0	0	0	0	0	0	0	0	0	0	0	0	0	0	0
ENSG00000201549	0	0	0	0	0	0	0	0	0	0	0	0	0	0	0	0	0	0	0	0	0	0	0	0	0	0	0	0
ENSG00000201550	0	0	0	0	0	0	0	0	0	0	0	0	0	0	0	0	0	0	0	0	0	0	0	0	0	0	0	0
ENSG00000201558	0	0	0	0	0	0	0	0	0	0	0	0	0	0	0	0	0	0	0	0	0	0	0	0	0	0	0	0
ENSG00000201567	0	0	0	0	0	0	0	0	0	0	0	0	0	0	0	0	0	0	0	0	0	0	0	0	0	0	0	0
ENSG00000201569	0	0	0	0	0	0	0	0	0	0	0	0	0	0	0	0	0	0	0	0	0	0	0	0	0	0	0	0
ENSG00000201570	0	0	0	0	0	0	0	0	0	0	0	0	0	0	0	0	0	0	0	0	0	0	0	0	0	0	0	0
ENSG00000201574	0	0	0	0	0	0	0	0	0	0	0	0	0	0	0	0	0	0	0	0	0	0	0	0	0	0	0	0
ENSG00000201579	0	0	1	8	4	1	4	0	0	3	0	0	9	2	0	0	1	0	1	1	2	0	0	2	3	0	2	3
ENSG00000201583	0	0	0	0	0	0	0	0	0	0	0	0	0	0	0	0	0	0	0	0	0	0	0	0	0	0	0	0
ENSG00000201584	0	0	0	0	0	0	0	0	0	0	0	0	0	0	0	0	0	0	0	0	0	0	0	0	0	0	0	0
ENSG00000201588	0	0	0	0	0	0	0	0	0	0	0	0	0	0	0	0	0	0	0	0	0	0	0	0	0	0	0	0
ENSG00000201591	0	0	0	0	0	0	0	0	0	0	0	0	0	0	0	0	0	0	0	0	0	0	0	0	0	0	0	0
ENSG00000201594	0	0	0	0	0	0	0	0	0	0	0	0	0	0	0	0	0	0	0	0	0	0	0	0	0	0	0	0
ENSG00000201596	0	0	0	0	0	0	0	0	0	0	0	0	0	0	0	0	0	0	0	0	0	0	0	0	0	0	0	0
ENSG00000201598	0	0	0	0	0	0	0	0	0	0	0	0	0	0	0	0	0	0	0	0	0	0	0	0	0	0	0	0
ENSG00000201612	0	0	0	0	0	0	0	0	0	0	0	0	0	0	0	0	0	0	0	0	0	0	0	0	0	0	0	0
ENSG00000201618	0	0	0	0	0	0	0	0	0	0	0	0	0	0	0	0	0	0	0	0	0	0	0	0	0	0	0	0
ENSG00000201619	0	3	0	0	0	6	0	8	0	2	1	2	0	0	0	2	4	0	5	3	0	8	0	3	1	2	3	0
ENSG00000201624	0	0	0	0	0	0	0	0	0	0	0	0	0	0	0	0	0	0	0	0	0	0	0	0	0	0	0	0
ENSG00000201627	0	0	0	0	0	0	0	0	0	0	0	0	0	0	0	0	0	0	0	0	0	0	0	0	0	0	0	0
ENSG00000201628	0	0	0	0	0	0	0	0	0	0	0	0	0	0	0	0	0	0	0	0	0	0	0	0	0	0	0	0
ENSG00000201633	0	0	0	0	0	0	0	0	0	0	0	0	0	0	0	0	0	0	0	0	0	0	0	0	0	0	0	0
ENSG00000201634	0	0	0	0	0	0	0	0	0	0	0	0	0	0	0	0	0	0	0	0	0	0	0	0	0	0	0	0
ENSG00000201638	0	0	0	0	0	0	0	0	0	0	0	0	0	0	0	0	0	0	0	0	0	0	0	0	0	0	0	0
ENSG00000201640	0	0	0	0	0	0	0	0	0	0	0	0	0	0	0	0	0	0	0	0	0	0	0	0	0	0	0	0
ENSG00000201642	0	0	0	0	0	0	0	0	0	0	0	0	0	0	0	0	0	0	0	0	0	0	0	0	0	0	0	0
ENSG00000201644	0	0	0	0	0	2	1	0	0	7	5	2	0	1	0	0	1	0	2	0	0	0	5	3	0	5	4	1
ENSG00000201654	0	0	0	0	0	0	0	0	0	0	0	0	0	0	0	0	0	0	0	0	0	0	0	0	0	0	0	0
ENSG00000201658	0	0	0	0	0	0	0	0	0	0	0	0	0	0	0	0	0	0	0	0	0	0	0	0	0	0	0	0
ENSG00000201660	0	0	0	0	0	0	0	0	0	0	0	0	0	0	0	0	0	0	0	0	0	0	0	0	0	0	0	0
ENSG00000201662	0	1	1	17	13	19	13	25	0	19	8	4	16	1	0	13	17	0	7	10	0	11	0	26	3	10	21	4
ENSG00000201663	0	0	0	0	0	0	0	0	0	0	0	0	0	0	0	0	0	0	0	0	0	0	0	0	0	0	0	0
ENSG00000201665	0	0	0	0	0	0	0	0	0	0	0	0	0	0	0	0	0	0	0	0	0	0	0	0	0	0	0	0
ENSG00000201666	0	0	0	0	0	0	0	0	0	0	0	0	0	0	0	0	0	0	0	0	0	0	0	0	0	0	0	0
ENSG00000201672	0	0	0	0	0	0	0	0	0	0	0	0	0	0	0	0	0	0	0	0	0	0	0	0	0	0	0	0
ENSG00000201674	0	0	0	0	0	0	0	0	0	0	0	0	0	0	0	0	0	0	0	0	0	0	0	0	0	0	0	0
ENSG00000201675	0	0	0	0	0	0	0	0	0	0	0	0	0	0	0	0	0	0	0	0	0	0	0	0	0	0	0	0
ENSG00000201676	0	0	0	0	0	0	0	0	0	0	0	0	0	0	0	0	0	0	0	0	0	0	0	0	0	0	0	0
ENSG00000201680	0	0	0	0	0	0	0	0	0	0	0	0	0	0	0	0	0	0	0	0	0	0	0	0	0	0	0	0
ENSG00000201683	0	0	0	0	0	0	0	0	0	0	0	0	0	0	0	0	0	0	0	0	0	0	0	0	0	0	0	0
ENSG00000201689	0	0	0	0	0	0	0	0	0	0	0	0	0	0	0	0	0	0	0	0	0	0	0	0	0	0	0	0
ENSG00000201690	0	0	0	0	0	0	0	0	0	0	0	0	0	0	0	0	0	0	0	0	0	0	0	0	0	0	0	0
ENSG00000201695	0	0	0	0	0	0	0	0	0	0	0	0	0	0	0	0	0	0	0	0	0	0	0	0	0	0	0	0
ENSG00000201699	0	0	0	0	0	0	0	0	0	0	0	0	0	0	0	0	0	0	0	0	0	0	0	0	0	0	0	0
ENSG00000201704	0	0	0	0	0	0	0	0	0	0	0	0	0	0	0	0	0	0	0	0	0	0	0	0	0	0	0	0
ENSG00000201708	0	0	0	0	0	0	0	0	0	0	0	0	0	0	0	0	0	0	0	0	0	0	0	0	0	0	0	0
ENSG00000201711	0	0	0	0	0	0	0	0	0	0	0	0	0	0	0	0	0	0	0	0	0	0	0	0	0	0	0	0
ENSG00000201715	0	0	0	0	0	0	0	0	0	0	0	0	0	0	0	0	0	0	0	0	0	0	0	0	0	0	0	0
ENSG00000201723	0	0	0	0	0	0	0	0	0	0	0	0	0	0	0	0	0	0	0	0	0	0	0	0	0	0	0	0
ENSG00000201724	0	0	3	1	0	0	1	0	0	0	0	0	0	0	2	0	0	0	1	0	0	0	0	1	1	2	0	2
ENSG00000201727	0	0	0	0	0	0	0	0	0	0	0	0	0	0	0	0	0	0	0	0	0	0	0	0	0	0	0	0
ENSG00000201737	0	0	0	0	0	0	0	0	0	0	0	0	0	0	0	0	0	0	0	0	0	0	0	0	0	0	0	0
ENSG00000201741	0	0	0	0	0	0	0	0	0	0	0	0	0	0	0	0	0	0	0	0	0	0	0	0	0	0	0	0
ENSG00000201742	0	0	0	0	0	0	0	0	0	0	0	0	0	0	0	0	0	0	0	0	0	0	0	0	0	0	0	0
ENSG00000201744	0	0	0	0	0	0	0	0	0	0	0	0	0	0	0	0	0	0	0	0	0	0	0	0	0	0	0	0
ENSG00000201746	0	0	0	1	0	1	1	10	0	4	1	2	2	10	0	0	2	0	0	1	0	0	0	1	2	1	3	3
ENSG00000201747	0	0	0	2	8	1	0	0	0	1	0	2	10	5	2	0	2	0	6	0	0	0	0	0	1	4	0	0
ENSG00000201752	0	0	0	0	0	0	0	0	0	0	0	0	0	0	0	0	0	0	0	0	0	0	0	0	0	0	0	0
ENSG00000201754	0	0	0	0	0	0	0	0	0	0	0	0	0	0	0	0	0	0	0	0	0	0	0	0	0	0	0	0
ENSG00000201756	0	0	0	0	0	0	0	0	0	0	0	0	0	0	0	0	0	0	0	0	0	0	0	0	0	0	0	0
ENSG00000201763	0	0	0	0	0	0	0	0	0	0	0	0	0	0	0	0	0	0	0	0	0	0	0	0	0	0	0	0
ENSG00000201766	0	0	0	0	0	0	0	0	0	0	0	0	0	0	0	0	0	0	0	0	0	0	0	0	0	0	0	0
ENSG00000201770	0	0	0	0	0	0	0	0	0	0	0	0	0	0	0	0	0	0	0	0	0	0	0	0	0	0	0	0
ENSG00000201774	0	0	0	0	0	0	0	0	0	0	0	0	0	0	0	0	0	0	0	0	0	0	0	0	0	0	0	0
ENSG00000201775	0	0	0	0	0	0	0	0	0	0	0	0	0	0	0	0	0	0	0	0	0	0	0	0	0	0	0	0
ENSG00000201778	0	0	0	0	0	0	0	0	0	0	0	0	0	0	0	0	0	0	0	0	0	0	0	0	0	0	0	0
ENSG00000201780	0	0	0	0	0	0	0	0	0	0	0	0	0	0	0	0	0	0	0	0	0	0	0	0	0	0	0	0
ENSG00000201782	0	0	0	0	0	0	0	0	0	0	0	0	0	0	0	0	0	0	0	0	0	0	0	0	0	0	0	0
ENSG00000201788	0	0	0	0	0	0	0	0	0	0	0	0	0	0	0	0	0	0	0	0	0	0	0	0	0	0	0	0
ENSG00000201789	0	0	0	0	0	0	0	0	0	0	0	0	0	0	0	0	0	0	0	0	0	0	0	0	0	0	0	0
ENSG00000201790	0	0	0	0	0	0	0	0	0	0	0	0	0	0	0	0	0	0	0	0	0	0	0	0	0	0	0	0
ENSG00000201796	0	1	0	0	0	0	0	0	0	0	0	0	0	0	0	0	0	0	0	0	0	0	0	0	0	0	0	0
ENSG00000201801	0	0	0	2	4	1	0	0	0	0	0	0	0	1	0	0	4	3	1	0	0	0	0	7	4	4	0	7
ENSG00000201805	0	0	0	0	0	0	0	0	0	0	0	0	0	0	0	0	0	0	0	0	0	0	0	0	0	0	0	0
ENSG00000201809	0	0	0	0	0	0	0	0	0	0	0	0	0	0	0	0	0	0	0	0	0	0	0	0	0	0	0	0
ENSG00000201810	0	0	0	0	0	0	0	0	0	0	0	0	0	0	0	0	0	0	0	0	0	0	0	0	0	0	0	0
ENSG00000201811	0	0	0	0	0	0	0	0	0	0	0	0	0	0	0	0	0	0	0	0	0	0	0	0	0	0	0	0
ENSG00000201815	0	0	0	0	0	0	0	0	0	0	0	0	0	0	0	0	0	0	0	0	0	0	0	0	0	0	0	0
ENSG00000201820	0	0	3	2	0	0	0	5	0	0	0	4	8	4	3	0	2	0	3	2	0	0	0	7	2	1	0	2
ENSG00000201822	0	2	0	2	3	6	0	0	0	9	2	0	0	0	0	0	4	0	4	0	0	0	13	0	0	0	0	0
ENSG00000201825	0	0	0	0	0	0	0	0	0	0	0	0	0	0	0	0	0	0	0	0	0	0	0	0	0	0	0	0
ENSG00000201826	0	0	0	0	0	0	0	0	0	0	0	0	0	0	0	0	0	0	0	0	0	0	0	0	0	0	0	0
ENSG00000201831	0	0	0	0	0	0	0	0	0	0	0	0	0	0	0	0	0	0	0	0	0	0	0	0	0	0	0	0
ENSG00000201843	0	0	0	0	0	0	0	0	0	0	0	0	0	0	0	0	0	0	0	0	0	0	0	0	0	0	0	0
ENSG00000201846	0	0	0	0	0	0	0	0	0	0	0	0	0	0	0	0	0	0	0	0	0	0	0	0	0	0	0	0
ENSG00000201856	0	0	0	0	0	0	0	0	0	0	0	0	0	0	0	0	0	0	0	0	0	0	0	0	0	0	0	0
ENSG00000201860	0	0	0	0	0	0	0	0	0	0	0	0	0	0	0	0	0	0	0	0	0	0	0	0	0	0	0	0
ENSG00000201869	0	0	0	0	0	0	0	0	0	0	0	0	0	0	0	0	0	0	0	0	0	0	0	0	0	0	0	0
ENSG00000201875	0	0	0	0	0	0	0	0	0	0	0	0	0	0	0	0	0	0	0	0	0	0	0	0	0	0	0	0
ENSG00000201881	0	0	0	0	0	0	0	0	0	0	0	0	0	0	0	0	0	0	0	0	0	0	0	0	0	0	0	0
ENSG00000201892	0	0	0	0	0	0	0	0	0	0	0	0	0	0	0	0	0	0	0	0	0	0	0	0	0	0	0	0
ENSG00000201894	0	0	0	0	0	0	0	0	0	0	0	0	0	0	0	0	0	0	0	0	0	0	0	0	0	0	0	0
ENSG00000201900	0	0	0	2	1	0	3	6	1	2	2	2	7	4	1	0	1	0	1	4	0	0	0	2	5	0	0	0
ENSG00000201901	0	0	0	0	0	0	0	0	0	0	0	0	0	0	0	0	0	0	0	0	0	0	0	0	0	0	0	0
ENSG00000201907	0	0	0	0	0	0	0	0	0	0	0	0	0	0	0	0	0	0	0	0	0	0	0	0	0	0	0	0
ENSG00000201909	0	0	0	0	0	0	0	0	0	0	0	0	0	0	0	0	0	0	0	0	0	0	0	0	0	0	0	0
ENSG00000201910	0	0	0	0	0	0	0	0	0	0	0	0	0	0	0	0	0	0	0	0	0	0	0	0	0	0	0	0
ENSG00000201912	0	0	0	0	0	0	0	0	0	0	0	0	0	0	0	0	0	0	0	0	0	0	0	0	0	0	0	0
ENSG00000201919	0	0	0	0	0	0	0	0	0	0	0	0	0	0	0	0	0	0	0	0	0	0	0	0	0	0	0	0
ENSG00000201922	0	0	0	0	0	0	0	0	0	0	0	0	0	0	0	0	0	0	0	0	0	0	0	0	0	0	0	0
ENSG00000201923	0	0	0	0	0	0	0	0	0	0	0	0	0	0	0	0	0	0	0	0	0	0	0	0	0	0	0	0
ENSG00000201925	0	0	0	0	0	0	0	0	0	0	0	0	0	0	0	0	0	0	0	0	0	0	0	0	0	0	0	0
ENSG00000201933	0	0	0	0	0	0	0	0	0	0	0	0	0	0	0	0	0	0	0	0	0	0	0	0	0	0	0	0
ENSG00000201939	0	0	0	0	0	0	0	0	0	0	0	0	0	0	0	0	0	0	0	0	0	0	0	0	0	0	0	0
ENSG00000201943	0	0	0	0	0	0	0	0	0	0	0	0	0	0	0	0	0	0	0	0	0	0	0	0	0	0	0	0
ENSG00000201945	0	0	0	0	0	0	0	0	0	0	0	0	0	0	0	0	0	0	0	0	0	0	0	0	0	0	0	0
ENSG00000201950	0	0	0	0	0	0	0	0	0	0	0	0	0	0	0	0	0	0	0	0	0	0	0	0	0	0	0	0
ENSG00000201954	0	0	0	0	0	0	0	0	0	0	0	0	0	2	1	0	0	0	0	0	0	0	0	0	0	0	0	0
ENSG00000201959	0	0	0	0	0	0	0	0	0	0	0	0	0	0	0	0	0	0	0	0	0	0	0	0	0	0	0	0
ENSG00000201965	0	0	0	0	0	0	0	0	0	0	0	0	0	0	0	0	0	0	0	0	0	0	0	0	0	0	0	0
ENSG00000201966	0	0	0	0	0	0	0	0	0	0	0	0	0	0	0	0	0	0	0	0	0	0	0	0	0	0	0	0
ENSG00000201967	2	2	0	0	6	0	0	8	0	12	0	0	0	2	0	1	2	0	1	0	2	0	2	9	0	3	0	0
ENSG00000201969	0	0	0	0	0	0	0	0	0	0	0	0	0	0	0	0	0	0	0	0	0	0	0	0	0	0	0	0
ENSG00000201980	0	50	3	29	0	0	0	60	0	46	0	31	0	28	0	0	41	2	1	10	62	9	53	8	0	16	43	1
ENSG00000201990	0	0	0	0	0	0	0	0	0	0	0	0	0	0	0	0	0	0	0	0	0	0	0	0	0	0	0	0
ENSG00000201992	0	0	0	0	0	0	0	0	0	0	0	0	0	0	0	0	0	0	0	0	0	0	0	0	0	0	0	0
ENSG00000201998	0	0	0	2	0	0	3	0	2	6	0	0	0	6	1	6	0	1	2	0	0	0	0	1	3	2	1	0
ENSG00000201999	0	0	0	0	0	0	0	0	0	0	0	0	0	0	0	0	0	0	0	0	0	0	0	0	0	0	0	0
ENSG00000202001	0	0	0	0	0	0	0	0	0	0	0	0	0	0	0	0	0	0	0	0	0	0	0	0	0	0	0	0
ENSG00000202014	0	0	0	0	0	0	0	0	0	0	0	0	0	0	0	0	0	0	0	0	0	0	0	0	0	0	0	0
ENSG00000202016	0	0	0	0	0	0	0	0	0	0	0	0	0	0	0	0	0	0	0	0	0	0	0	0	0	0	0	0
ENSG00000202017	1	62	4	96	4	18	5	8	4	43	8	11	10	8	13	3	29	6	43	27	0	77	42	42	50	34	127	29
ENSG00000202021	0	0	0	0	0	0	0	0	0	0	0	0	0	0	0	0	0	0	0	0	0	0	0	0	0	0	0	0
ENSG00000202024	0	0	0	0	0	0	0	0	0	0	0	0	0	0	0	0	0	0	0	0	0	0	0	0	0	0	0	0
ENSG00000202025	0	0	0	0	0	0	0	0	0	0	0	0	0	0	0	0	0	0	0	0	0	0	0	0	0	0	0	0
ENSG00000202026	0	0	0	0	0	0	0	0	0	0	0	0	0	0	0	0	0	0	0	0	0	0	0	0	0	0	0	0
ENSG00000202029	0	0	0	0	0	0	0	0	0	0	0	0	0	0	0	0	0	0	0	0	0	0	0	0	0	0	0	0
ENSG00000202035	0	0	0	0	0	0	0	0	0	0	0	0	0	0	0	0	0	0	0	0	0	0	0	0	0	0	0	0
ENSG00000202039	0	0	0	0	0	0	0	0	0	0	0	0	0	0	0	0	0	0	0	0	0	0	0	0	0	0	0	0
ENSG00000202044	0	0	0	0	0	0	0	0	0	0	0	0	0	0	0	0	0	0	0	0	0	0	0	0	0	0	0	0
ENSG00000202048	0	0	0	0	0	0	0	0	0	0	0	0	0	0	0	0	0	0	0	0	0	0	0	0	0	0	0	0
ENSG00000202050	0	0	0	0	0	0	0	0	0	0	0	0	0	0	0	0	0	0	0	0	0	0	0	0	0	0	0	0
ENSG00000202051	0	0	0	0	0	0	0	0	0	0	0	0	0	0	0	0	0	0	0	0	0	0	0	0	0	0	0	0
ENSG00000202060	0	0	0	0	0	0	0	0	0	0	0	0	0	0	0	0	0	0	0	0	0	0	0	0	0	0	0	0
ENSG00000202069	0	0	0	0	0	0	0	0	0	0	0	0	0	0	0	0	0	0	0	0	0	0	0	0	0	0	0	0
ENSG00000202071	0	2	0	0	0	3	4	2	0	0	0	3	0	1	2	0	0	0	1	0	0	7	0	1	1	5	3	1
ENSG00000202074	0	0	0	0	0	0	0	0	0	0	0	0	0	0	0	0	0	0	0	0	0	0	0	0	0	0	0	0
ENSG00000202093	0	0	0	0	0	0	0	0	0	0	0	0	0	0	0	0	0	0	0	0	0	0	0	0	0	0	0	0
ENSG00000202095	0	0	0	0	0	0	0	0	0	0	0	0	0	0	0	0	0	0	0	0	0	0	0	0	0	0	0	0
ENSG00000202099	0	0	0	0	0	0	0	0	0	0	0	0	0	0	0	0	0	0	0	0	0	0	0	0	0	0	0	0
ENSG00000202103	0	0	0	0	0	0	0	0	0	0	0	0	0	0	0	0	0	0	0	0	0	0	0	0	0	0	0	0
ENSG00000202124	0	18	0	1	0	0	4	1	0	0	0	4	0	0	0	0	4	0	0	0	0	0	0	0	0	0	0	0
ENSG00000202137	0	0	0	0	0	0	0	0	0	0	0	0	0	0	0	0	0	0	0	0	0	0	0	0	0	0	0	0
ENSG00000202142	0	0	0	0	0	0	0	0	0	0	0	0	0	0	0	0	0	0	0	0	0	0	0	0	0	0	0	0
ENSG00000202144	0	0	0	0	0	0	0	0	0	0	0	0	0	0	0	0	0	0	0	0	0	0	0	0	0	0	0	0
ENSG00000202157	0	0	0	0	0	0	0	0	0	0	0	0	0	0	0	0	0	0	0	0	0	0	0	0	0	0	0	0
ENSG00000202159	0	0	0	0	2	1	2	4	4	2	0	0	0	4	0	0	0	0	0	5	6	0	0	0	0	6	0	0
ENSG00000202164	0	0	0	0	0	0	0	0	0	0	0	0	0	0	0	0	0	0	0	0	0	0	0	0	0	0	0	0
ENSG00000202167	0	0	0	0	0	0	0	0	0	0	0	0	0	0	0	0	0	0	0	0	0	0	0	0	0	0	0	0
ENSG00000202174	0	0	0	0	0	0	0	0	0	0	0	0	0	0	0	0	0	0	0	0	0	0	0	0	0	0	0	0
ENSG00000202177	0	0	0	0	0	0	0	0	0	0	0	0	0	0	0	0	0	0	0	0	0	0	0	0	0	0	0	0
ENSG00000202182	0	0	0	0	0	0	0	0	0	0	0	0	0	0	0	0	0	0	0	0	0	0	0	0	0	0	0	0
ENSG00000202183	0	0	0	0	0	0	0	0	0	0	0	0	0	0	0	0	0	0	0	0	0	0	0	0	0	0	0	0
ENSG00000202184	0	0	0	0	0	0	0	0	0	9	0	0	0	0	0	0	0	0	0	0	0	0	0	0	0	0	0	0
ENSG00000202186	0	0	0	0	0	0	0	0	0	0	0	0	0	0	0	0	0	0	0	0	0	0	0	0	0	0	0	0
ENSG00000202188	0	0	0	0	0	0	0	0	0	0	0	0	0	0	0	0	0	0	0	0	0	0	0	0	0	0	0	0
ENSG00000202189	0	0	0	0	0	0	0	0	0	0	0	0	0	0	0	0	0	0	0	0	0	0	0	0	0	0	0	0
ENSG00000202195	0	0	0	0	0	0	0	0	0	0	0	0	0	0	0	0	0	0	0	0	0	0	0	0	0	0	0	0
ENSG00000202198	0	0	0	0	0	0	0	0	0	0	0	0	0	0	0	0	0	0	0	0	0	0	0	0	0	0	0	0
ENSG00000202199	0	0	0	0	0	0	0	0	0	0	0	0	0	0	0	0	0	0	0	0	0	0	0	0	0	0	0	0
ENSG00000202200	0	0	0	0	0	0	0	0	0	0	0	0	0	0	0	0	0	0	0	0	0	0	0	0	0	0	0	0
ENSG00000202206	0	0	0	0	0	0	0	0	0	0	0	0	0	0	0	0	0	0	0	0	0	0	0	0	0	0	0	0
ENSG00000202211	0	0	0	0	0	0	0	0	0	0	0	0	0	0	0	0	0	0	0	0	0	0	0	0	0	0	0	0
ENSG00000202216	0	0	0	0	0	0	0	0	0	0	0	0	0	0	0	0	0	0	0	0	0	0	0	0	0	0	0	0
ENSG00000202224	0	0	0	0	0	0	0	0	0	0	0	0	0	0	0	0	0	0	0	0	0	0	0	0	0	0	0	0
ENSG00000202225	0	0	0	0	0	0	0	0	0	0	0	0	0	0	0	0	0	0	0	0	0	0	0	0	0	0	0	0
ENSG00000202233	0	0	0	0	0	0	0	0	0	0	0	0	0	0	0	0	0	0	0	0	0	0	0	0	0	0	0	0
ENSG00000202240	0	0	0	0	0	0	0	0	0	0	0	0	0	0	0	0	0	0	0	0	0	0	0	0	0	0	0	0
ENSG00000202241	0	0	0	0	0	0	0	0	0	0	0	0	0	0	0	0	0	0	0	0	0	0	0	0	0	0	0	0
ENSG00000202242	0	0	0	0	0	0	0	0	0	0	0	0	0	0	0	0	0	0	0	0	0	0	0	0	0	0	0	0
ENSG00000202245	0	0	0	0	0	0	0	0	0	0	0	0	0	0	0	0	0	0	0	0	0	0	0	0	0	0	0	0
ENSG00000202252	0	0	0	0	0	0	0	0	0	0	0	0	0	0	0	0	0	0	0	0	0	0	0	0	0	0	0	0
ENSG00000202254	0	0	0	0	0	0	0	0	0	0	0	0	0	0	0	0	0	0	0	0	0	0	0	0	0	0	0	0
ENSG00000202257	0	0	0	0	0	0	0	0	0	0	0	0	0	0	0	0	0	0	0	0	0	0	0	0	0	0	0	0
ENSG00000202259	0	0	0	0	0	0	0	0	0	0	0	0	0	0	0	0	0	0	0	0	0	0	0	0	0	0	0	0
ENSG00000202260	0	0	4	0	0	0	0	9	5	1	0	1	2	1	0	1	2	0	1	5	0	0	4	2	0	0	3	0
ENSG00000202261	0	0	0	0	0	0	0	0	0	0	0	0	0	0	0	0	0	0	0	0	0	0	0	0	0	0	0	0
ENSG00000202263	0	0	0	0	0	0	0	0	0	0	0	0	0	0	0	0	0	0	0	0	0	0	0	0	0	0	0	0
ENSG00000202265	0	0	0	0	0	0	0	0	0	0	0	0	0	0	0	0	0	0	0	0	0	0	0	0	0	0	0	0
ENSG00000202268	0	0	0	0	0	0	0	0	0	0	0	0	0	0	0	0	0	0	0	0	0	0	0	0	0	0	0	0
ENSG00000202269	0	0	0	0	0	0	0	0	0	0	0	0	0	0	0	0	0	0	0	0	0	0	0	0	0	0	0	0
ENSG00000202270	0	0	0	0	0	0	0	0	0	0	0	0	0	0	0	0	0	0	0	0	0	0	0	0	0	0	0	0
ENSG00000202275	0	0	0	0	0	0	0	0	0	0	0	0	0	0	0	0	0	0	0	0	0	0	0	0	0	0	0	0
ENSG00000202279	0	2	0	2	0	3	0	4	0	6	0	2	0	2	0	0	5	0	4	2	0	0	0	5	1	1	4	0
ENSG00000202281	0	0	0	0	0	0	0	0	0	0	0	0	0	0	0	0	0	0	0	0	0	0	0	0	0	0	0	0
ENSG00000202283	0	0	0	0	0	0	0	0	0	0	0	0	0	0	0	0	0	0	0	0	0	0	0	0	0	0	0	0
ENSG00000202293	0	0	0	0	0	0	0	0	0	0	0	0	0	0	0	0	0	0	0	0	0	0	0	0	0	0	0	0
ENSG00000202296	0	0	0	0	0	0	0	0	0	0	0	0	0	0	0	0	0	0	0	0	0	0	0	0	0	0	0	0
ENSG00000202304	0	0	0	0	0	0	0	0	0	0	0	0	0	0	0	0	0	0	0	0	0	0	0	0	0	0	0	0
ENSG00000202306	0	0	0	0	0	0	0	0	0	0	0	0	0	0	0	0	0	0	0	0	0	0	0	0	0	0	0	0
ENSG00000202308	0	0	0	0	0	0	0	0	0	0	0	0	0	0	0	0	0	0	0	0	0	0	0	0	0	0	0	0
ENSG00000202309	0	0	0	0	0	0	0	0	0	0	0	0	0	0	0	0	0	0	0	0	0	0	0	0	0	0	0	0
ENSG00000202310	0	0	0	2	6	8	2	0	0	0	0	0	0	0	0	9	2	0	3	0	0	0	0	10	0	3	3	1
ENSG00000202313	0	0	0	0	0	0	0	0	0	0	0	0	0	0	0	0	0	0	0	0	0	0	0	0	0	0	0	0
ENSG00000202324	0	0	0	0	0	0	0	0	0	0	0	0	0	0	0	0	0	0	0	0	0	0	0	0	0	0	0	0
ENSG00000202329	0	0	0	0	0	0	0	0	0	0	0	0	0	0	0	0	0	0	0	0	0	0	0	0	0	0	0	0
ENSG00000202331	0	0	0	0	0	0	0	0	0	0	0	0	0	0	0	0	0	0	0	0	0	0	0	0	0	0	0	0
ENSG00000202332	0	0	0	0	0	0	0	0	0	0	0	0	0	0	0	0	0	0	0	0	0	0	0	0	0	0	0	0
ENSG00000202334	0	0	0	0	0	0	0	0	0	0	0	0	0	0	0	0	0	0	0	0	0	0	0	0	0	0	0	0
ENSG00000202335	0	0	0	0	0	0	0	0	0	0	0	0	0	0	0	0	0	0	0	0	0	0	0	0	0	0	0	0
ENSG00000202336	0	0	0	0	0	0	0	0	0	0	0	0	0	0	0	0	0	0	0	0	0	0	0	0	0	0	0	0
ENSG00000202339	0	0	0	0	0	0	0	0	0	0	0	0	0	0	0	0	0	0	0	0	0	0	0	0	0	0	0	0
ENSG00000202344	0	0	0	0	0	0	0	0	0	0	0	0	0	0	0	0	0	0	0	0	0	0	0	0	0	0	0	0
ENSG00000202345	0	0	0	0	0	0	0	0	0	0	0	0	0	0	0	0	0	0	0	0	0	0	0	0	0	0	0	0
ENSG00000202350	0	0	0	0	0	0	0	0	0	0	0	0	0	0	0	0	0	0	0	0	0	0	0	0	0	0	0	0
ENSG00000202351	0	0	0	0	0	0	0	0	0	0	0	0	0	0	0	0	0	0	0	0	0	0	0	0	0	0	0	0
ENSG00000202356	0	0	0	0	0	0	0	0	0	0	0	0	0	0	0	0	0	0	0	0	0	0	0	0	0	0	0	0
ENSG00000202360	0	0	0	0	0	0	0	0	0	0	0	0	0	0	0	0	0	0	0	0	0	0	0	0	0	0	0	0
ENSG00000202363	0	0	0	0	0	0	0	0	0	0	0	0	0	0	0	0	0	0	0	0	0	0	0	0	0	0	0	0
ENSG00000202368	0	0	0	0	0	0	0	0	0	0	0	0	0	0	0	0	0	0	0	0	0	0	0	0	0	0	0	0
ENSG00000202373	0	0	0	0	0	0	0	0	0	0	0	0	0	0	0	0	0	0	0	0	0	0	0	0	0	0	0	0
ENSG00000202374	0	0	0	0	0	0	0	0	0	0	0	0	0	0	0	0	0	0	0	0	0	0	0	0	0	0	0	0
ENSG00000202377	0	0	0	0	0	0	0	0	0	0	0	0	0	0	0	0	0	0	0	0	0	0	0	0	0	0	0	0
ENSG00000202380	0	0	0	0	0	0	0	0	0	0	0	0	0	0	0	0	0	0	0	0	0	0	0	0	0	0	0	0
ENSG00000202383	0	0	0	0	0	0	0	0	0	0	0	0	0	0	0	0	0	0	0	0	0	0	0	0	0	0	0	0
ENSG00000202386	0	0	0	0	0	0	0	0	0	0	0	0	0	0	0	0	0	0	0	0	0	0	0	0	0	0	0	0
ENSG00000202388	0	0	0	0	0	0	0	0	0	0	0	0	0	0	0	0	0	0	0	0	0	0	0	0	0	0	0	0
ENSG00000202389	0	0	0	0	0	0	0	0	0	0	0	0	0	0	0	0	0	0	0	0	0	0	0	0	0	0	0	0
ENSG00000202398	0	0	0	0	0	0	0	0	0	0	0	0	0	0	0	0	0	0	0	0	0	0	0	0	0	0	0	0
ENSG00000202402	0	0	0	0	0	0	0	0	0	0	0	0	0	0	0	0	0	0	0	0	0	0	0	0	0	0	0	0
ENSG00000202406	0	0	0	0	0	0	0	0	0	0	0	0	0	0	0	0	0	0	0	0	0	0	0	0	0	0	0	0
ENSG00000202407	0	0	0	0	0	0	0	0	0	0	0	0	0	0	0	0	0	0	0	0	0	0	0	0	0	0	0	0
ENSG00000202410	0	0	0	0	0	0	0	0	0	0	0	0	0	0	0	0	0	0	0	0	0	0	0	0	0	0	0	0
ENSG00000202414	0	0	0	0	0	0	0	0	0	0	0	0	0	0	0	0	0	0	0	0	0	0	0	0	0	0	0	0
ENSG00000202415	0	0	6	0	2	5	2	4	0	3	2	0	3	1	3	0	0	0	2	7	0	0	0	0	1	0	0	6
ENSG00000202417	0	3	0	1	0	0	0	5	0	14	0	1	0	1	0	0	4	0	3	0	0	0	0	2	3	1	1	0
ENSG00000202422	0	0	0	0	0	0	0	0	0	0	0	0	0	0	0	0	0	0	0	0	0	0	0	0	0	0	0	0
ENSG00000202423	0	0	0	0	0	0	0	0	0	0	0	0	0	0	0	0	0	0	0	0	0	0	0	0	0	0	0	0
ENSG00000202431	0	0	0	0	0	0	0	0	0	0	0	0	0	0	0	0	0	0	0	0	0	0	0	0	0	0	0	0
ENSG00000202433	0	0	0	0	0	0	0	0	0	0	0	0	0	0	0	0	0	0	0	0	0	0	0	0	0	0	0	0
ENSG00000202438	0	0	0	0	0	0	0	0	0	0	0	0	0	0	0	0	0	0	0	0	0	0	0	0	0	0	0	0
ENSG00000202444	0	0	0	0	0	0	0	0	0	0	0	0	0	0	0	0	0	0	0	0	0	0	0	0	0	0	0	0
ENSG00000202449	0	0	0	0	0	0	0	0	0	0	0	0	0	0	0	0	0	0	0	0	0	0	0	0	0	0	0	0
ENSG00000202468	0	0	0	0	0	0	0	0	0	0	0	0	0	0	0	0	0	0	0	0	0	0	0	0	0	0	0	0
ENSG00000202470	0	22	1	20	27	1	1	4	6	18	12	17	0	0	0	20	11	2	15	7	8	4	24	28	17	45	1	2
ENSG00000202471	0	0	0	0	0	0	0	0	0	0	0	0	0	0	0	0	0	0	0	0	0	0	0	0	0	0	0	0
ENSG00000202473	0	0	0	0	0	0	0	0	0	0	0	0	0	0	0	0	0	0	0	0	0	0	0	0	0	0	0	0
ENSG00000202474	0	0	0	0	0	0	0	0	0	0	0	0	0	0	0	0	0	0	0	0	0	0	0	0	0	0	0	0
ENSG00000202478	0	0	0	0	0	0	0	0	0	0	0	0	0	0	0	0	0	0	0	0	0	0	0	0	0	0	0	0
ENSG00000202485	0	0	0	0	0	0	0	0	0	0	0	0	0	0	0	0	0	0	0	0	0	0	0	0	0	0	0	0
ENSG00000202495	0	0	0	0	0	0	0	0	0	0	0	0	0	0	0	0	0	0	0	0	0	0	0	0	0	0	0	0
ENSG00000202499	0	0	0	0	0	0	0	0	0	0	0	0	0	0	0	0	0	0	0	0	0	0	0	0	0	0	0	0
ENSG00000202503	0	0	0	0	0	0	0	0	0	0	0	0	0	0	0	0	0	0	0	0	0	0	0	0	0	0	0	0
ENSG00000202508	0	0	0	0	0	0	0	0	0	0	0	0	0	0	0	0	0	0	0	0	0	0	0	0	0	0	0	0
ENSG00000202512	4	2	0	0	0	0	0	0	0	5	0	3	0	0	0	13	0	0	3	2	0	0	0	7	1	2	0	0
ENSG00000202521	0	0	0	0	0	0	0	0	0	0	0	0	0	0	0	0	0	0	0	0	0	0	0	0	0	0	0	0
ENSG00000202526	0	0	0	0	0	0	0	0	0	0	0	0	0	0	0	0	0	0	0	0	0	0	0	0	0	0	0	0
ENSG00000202528	0	0	0	0	0	2	0	0	0	0	0	0	0	0	0	0	0	0	0	0	0	0	0	0	0	0	0	0
ENSG00000202529	0	0	0	0	0	0	0	0	0	0	0	0	0	0	0	0	0	0	0	0	0	0	0	0	0	0	0	0
ENSG00000202532	0	0	0	0	0	0	0	0	0	0	0	0	0	0	0	0	0	0	0	0	0	0	0	0	0	0	0	0
ENSG00000202534	0	0	0	0	0	0	0	0	0	0	0	0	0	0	0	0	0	0	0	0	0	0	0	0	0	0	0	0
ENSG00000202536	0	0	0	0	0	0	0	0	0	0	0	0	0	0	0	0	0	0	0	0	0	0	0	0	0	0	0	0
ENSG00000202566	0	0	0	0	0	0	0	0	0	0	0	0	0	0	0	0	0	0	0	0	0	0	0	0	0	0	0	0
ENSG00000202609	0	0	0	0	0	0	0	0	0	0	0	0	0	0	0	0	0	0	0	0	0	0	0	0	0	0	0	0
ENSG00000203266	0	6	0	1	4	0	1	1	1	3	1	3	0	0	0	7	3	0	1	0	0	0	7	0	2	0	2	0
ENSG00000203288	8	26	11	6	9	9	9	8	13	53	7	26	13	28	13	3	15	3	10	7	25	5	28	6	9	11	24	24
ENSG00000203397	0	3	0	0	0	2	10	0	0	0	0	4	7	2	0	0	0	0	0	2	0	0	0	0	0	0	3	6
ENSG00000203408	0	0	0	0	0	0	0	0	0	0	0	0	0	0	0	0	0	0	0	0	0	0	0	0	0	0	0	0
ENSG00000203413	0	0	0	0	0	0	0	0	0	0	0	0	0	0	0	0	0	0	0	0	0	0	0	0	0	0	0	0
ENSG00000203416	0	0	0	1	4	12	0	0	5	2	4	7	5	1	0	0	0	0	0	1	0	0	0	0	0	0	0	0
ENSG00000203469	0	0	0	0	0	0	0	0	0	0	0	0	0	0	0	0	0	0	0	0	0	0	0	0	0	0	0	0
ENSG00000203472	0	0	0	0	0	0	0	0	0	0	0	0	0	0	0	0	0	0	0	0	0	0	0	0	0	0	0	0
ENSG00000203527	4	4	0	6	0	6	0	0	0	6	5	1	0	0	0	0	0	0	2	0	0	0	1	2	0	1	0	0
ENSG00000203560	0	0	0	0	0	0	0	0	0	0	0	0	0	0	0	0	0	0	0	0	0	0	0	0	0	0	0	0
ENSG00000203593	1	7	0	0	1	4	0	5	4	0	1	3	9	1	0	2	0	0	1	0	0	0	0	5	2	1	2	0
ENSG00000203618	0	0	0	0	0	0	0	0	0	0	0	0	0	0	0	0	0	0	0	0	0	0	0	0	0	0	0	0
ENSG00000203647	0	11	3	39	1	59	12	25	0	13	8	40	2	11	3	4	17	5	54	4	0	9	42	40	11	11	21	5
ENSG00000203758	0	0	0	0	0	0	0	0	0	0	0	0	0	0	0	0	0	0	0	0	0	0	0	0	0	0	0	0
ENSG00000203781	0	0	0	0	0	0	0	0	0	0	0	0	0	0	0	0	0	0	0	0	0	0	0	0	0	0	0	0
ENSG00000203782	0	0	0	0	0	0	0	0	0	0	0	0	0	0	0	0	0	0	0	0	0	0	0	0	0	0	0	0
ENSG00000203783	0	0	0	0	0	0	0	0	0	0	0	0	0	0	0	0	0	0	0	0	0	0	0	0	0	0	0	0
ENSG00000203785	0	0	0	0	0	0	0	0	0	0	0	0	0	0	0	0	0	0	0	0	0	0	0	0	0	0	0	0
ENSG00000203786	0	0	0	0	0	0	0	0	0	0	0	0	0	0	0	0	0	0	0	0	0	0	0	0	0	0	0	0
ENSG00000203795	0	0	0	0	0	0	0	0	0	0	0	0	0	0	0	0	0	0	0	0	0	0	0	0	0	0	0	0
ENSG00000203808	32	40	34	36	35	30	30	46	35	71	36	42	60	9	20	36	19	22	46	22	28	37	18	53	64	34	57	27
ENSG00000203811	0	0	0	0	0	0	0	0	0	0	0	0	0	0	0	0	0	0	0	0	0	0	0	0	0	0	0	0
ENSG00000203814	0	5	33	31	14	19	120	135	3	0	28	23	120	131	74	11	33	9	21	61	8	1	86	69	97	12	17	47
ENSG00000203852	0	0	0	0	0	0	0	0	0	0	0	0	0	0	0	0	0	0	0	0	0	0	0	0	0	0	0	0
ENSG00000203857	2	3	7	2	0	0	0	0	0	0	0	0	0	0	8	0	2	7	4	4	0	0	0	0	4	0	0	0
ENSG00000203867	63	33	64	50	16	22	127	45	62	39	37	86	56	45	65	61	37	14	24	71	61	38	10	16	213	41	95	36
ENSG00000203877	10	10	0	5	1	0	3	1	0	4	3	0	0	0	5	2	1	2	0	2	0	0	0	0	3	0	0	0
ENSG00000203878	0	8	1	1	2	1	1	2	0	0	5	1	0	0	0	0	0	2	4	1	0	0	6	0	2	1	2	1
ENSG00000203897	0	0	0	0	0	0	0	0	0	0	0	0	0	0	0	0	0	0	0	0	0	5	0	0	0	0	0	0
ENSG00000203907	0	4	11	2	3	0	13	136	7	27	9	9	8	2	5	15	43	0	0	15	74	28	0	4	10	0	41	29
ENSG00000203909	0	0	0	0	0	0	0	0	0	0	0	0	0	0	0	0	0	0	0	0	0	0	0	0	0	0	0	0
ENSG00000203910	0	0	1	5	3	1	0	0	7	0	0	3	2	2	3	0	2	0	2	0	7	5	0	0	1	0	4	1
ENSG00000203926	0	0	0	0	0	0	0	0	0	0	0	0	0	0	0	0	0	0	0	0	0	0	0	0	0	0	0	0
ENSG00000203933	0	0	0	0	0	0	0	0	0	0	0	0	0	0	0	0	0	0	0	0	0	0	0	0	0	2	0	0
ENSG00000203970	0	0	0	0	0	0	0	0	0	0	0	0	0	0	0	0	0	0	0	0	0	0	0	0	0	0	0	0
ENSG00000203985	13	59	232	142	54	0	30	5	37	7	104	100	13	29	217	72	144	105	34	283	636	201	0	15	40	4	12	836
ENSG00000203989	0	0	0	0	0	0	0	0	0	0	0	0	0	0	0	0	0	0	0	0	0	0	0	0	0	0	0	0
ENSG00000204003	0	0	0	0	0	0	0	0	0	0	0	0	0	0	0	0	0	0	0	0	0	0	0	0	0	0	0	0
ENSG00000204007	0	0	0	0	0	0	0	0	0	0	0	0	0	0	0	0	0	0	0	0	0	0	0	0	0	0	0	0
ENSG00000204019	0	0	0	0	0	0	0	0	0	0	0	0	0	0	0	0	0	0	0	0	0	0	0	0	0	0	0	0
ENSG00000204021	0	0	0	0	0	0	0	0	0	0	0	0	0	0	0	0	0	0	0	0	51	0	0	0	0	0	0	0
ENSG00000204031	0	0	0	0	0	0	0	0	0	0	0	0	0	0	0	0	0	0	0	0	0	0	0	0	0	0	0	0
ENSG00000204053	0	0	0	0	0	0	0	0	0	0	0	0	0	0	0	0	0	0	0	0	0	0	0	0	0	0	0	0
ENSG00000204071	31	9	3	36	7	2	11	0	18	1	16	9	60	0	6	3	15	0	1	0	6	0	0	1	11	0	0	3
ENSG00000204072	0	0	0	0	0	0	0	0	0	0	0	0	0	0	0	0	0	0	0	0	0	0	0	0	0	0	0	0
ENSG00000204091	0	0	0	0	0	0	0	0	0	0	0	0	0	0	0	0	0	0	0	0	0	0	0	0	0	0	0	0
ENSG00000204117	1	2	0	1	0	0	1	1	0	3	2	2	1	0	0	2	3	0	1	0	1	0	0	0	1	11	3	1
ENSG00000204118	77	93	65	8	35	6	16	2	166	4	155	181	20	6	58	147	286	155	28	84	12	97	1	17	13	116	312	364
ENSG00000204121	0	0	1	0	0	0	0	0	0	0	0	0	0	0	0	0	0	0	0	0	0	0	0	0	0	0	0	0
ENSG00000204128	1	813	716	1139	102	140	256	1734	32	296	175	276	634	4237	264	167	1770	966	254	1208	1037	984	4642	386	151	234	228	1670
ENSG00000204136	106	177	249	387	188	454	729	472	148	197	200	384	488	293	285	174	258	98	184	274	257	154	117	215	467	192	152	202
ENSG00000204140	0	0	0	0	0	0	0	0	0	0	0	0	0	0	0	0	0	0	0	0	0	0	0	0	0	0	0	0
ENSG00000204148	0	0	0	0	0	0	0	0	0	0	0	0	0	0	0	0	0	0	0	0	0	0	0	0	0	0	0	0
ENSG00000204173	0	0	2	2	0	3	0	2	0	0	2	0	0	5	5	0	1	2	0	0	0	0	3	3	6	0	1	5
ENSG00000204196	0	0	0	0	0	0	0	0	0	0	0	0	0	0	0	0	0	0	0	0	0	0	0	0	0	0	0	0
ENSG00000204217	763	800	3924	1846	1737	2574	4184	2024	1180	1081	1882	1968	3547	3372	3305	1779	1467	1221	1671	1829	1216	1460	1012	1665	2774	1216	1587	2913
ENSG00000204241	56	28	29	8	32	44	45	5	42	49	53	46	43	14	23	41	27	29	26	57	8	68	15	49	26	15	11	34
ENSG00000204246	0	0	0	0	0	0	0	0	0	0	0	0	0	0	0	0	0	0	0	0	0	0	0	0	0	0	0	0
ENSG00000204250	0	0	0	0	0	0	0	0	0	0	0	0	0	0	0	0	0	0	0	0	0	0	0	0	0	0	0	0
ENSG00000204278	0	0	0	0	0	0	0	0	0	0	0	0	0	0	0	0	0	0	0	0	0	0	0	0	0	0	0	0
ENSG00000204279	0	0	0	0	0	0	0	0	0	0	0	0	0	0	0	0	0	0	0	0	0	0	0	0	0	0	0	0
ENSG00000204296	0	30	0	3	3	132	4	3	13	29	2	12	3	8	1	7	8	0	6	2	0	2	0	27	10	5	3	4
ENSG00000204379	0	0	0	0	0	0	0	0	0	0	0	0	0	0	0	0	0	0	0	0	0	0	0	0	0	0	0	0
ENSG00000204398	0	0	0	0	0	0	0	0	0	0	0	0	0	0	0	0	0	0	0	0	0	0	0	0	0	0	0	0
ENSG00000204399	0	0	0	0	0	0	0	0	0	0	0	0	0	0	0	0	0	0	0	0	0	0	0	0	0	0	0	0
ENSG00000204422	0	0	0	0	0	0	0	0	0	0	0	0	0	0	0	0	0	0	0	0	0	0	0	0	0	0	0	0
ENSG00000204434	0	16	1	40	0	8	12	56	2	8	1	1	30	288	9	2	3	0	0	19	0	7	7	3	22	88	1	12
ENSG00000204437	0	0	0	0	0	0	0	0	0	0	0	0	0	0	0	0	0	0	0	0	0	0	0	0	0	0	0	0
ENSG00000204449	0	2	0	0	0	0	0	0	0	0	0	0	1	0	0	0	0	0	0	0	0	0	0	1	0	0	0	0
ENSG00000204450	0	0	0	0	0	0	0	0	0	0	0	0	0	0	0	0	0	0	0	0	0	0	0	0	0	0	0	0
ENSG00000204456	0	0	0	0	0	0	0	0	0	0	0	0	0	0	0	0	0	0	0	0	0	0	0	0	0	0	0	0
ENSG00000204471	0	0	0	0	0	0	0	0	0	0	0	0	0	0	0	0	0	0	0	0	0	0	0	0	0	0	0	0
ENSG00000204478	0	0	0	0	0	0	0	0	0	0	0	0	0	0	0	0	0	0	0	0	0	0	0	0	0	0	0	0
ENSG00000204480	0	0	0	0	0	0	0	0	0	0	0	0	0	0	0	0	0	0	0	0	0	0	0	0	0	0	0	0
ENSG00000204505	0	0	0	0	0	0	0	0	0	0	0	0	0	0	0	0	0	0	0	0	0	0	0	0	0	0	0	0
ENSG00000204510	0	0	0	0	0	0	0	0	0	0	0	0	0	0	0	0	0	0	0	0	0	0	0	0	0	0	0	0
ENSG00000204511	0	0	0	0	0	0	0	0	0	0	0	0	0	0	0	0	0	0	0	0	0	0	0	0	0	0	0	0
ENSG00000204544	0	0	0	0	19	8	0	0	4	0	30	0	0	0	0	28	0	8	0	0	0	0	0	0	10	0	0	2
ENSG00000204555	0	0	0	0	0	0	0	0	0	0	0	0	0	0	0	0	0	0	0	0	0	0	0	0	0	0	0	0
ENSG00000204603	8	0	0	4	0	6	2	0	0	0	2	0	0	0	0	13	0	2	2	0	0	0	2	2	4	0	0	0
ENSG00000204610	0	3	0	0	0	0	2	2	0	1	0	0	0	0	0	0	0	0	0	0	4	0	0	0	0	0	0	1
ENSG00000204614	0	0	0	0	0	0	0	0	0	0	0	0	0	0	0	0	0	0	0	0	0	0	0	0	0	0	0	0
ENSG00000204616	14	26	30	10	181	37	32	3	10	13	48	7	6	13	13	72	10	11	15	26	8	0	1	22	50	0	7	3
ENSG00000204625	0	4	1	1	0	2	0	0	0	1	1	0	4	5	0	0	0	0	2	1	4	0	4	0	5	4	1	0
ENSG00000204644	0	0	34	4	76	47	22	0	3	0	35	50	149	35	0	117	5	4	6	39	8	6	0	32	10	1	81	4
ENSG00000204648	0	0	0	0	0	0	0	0	0	0	0	0	0	0	0	0	0	0	0	0	0	0	0	0	0	0	0	0
ENSG00000204652	3	0	2	0	0	2	2	0	2	2	1	3	1	0	0	6	0	0	0	1	0	1	4	1	0	1	0	6
ENSG00000204659	0	2	0	2	0	1	0	0	1	7	4	0	2	1	0	3	2	3	5	0	0	0	2	1	2	2	1	0
ENSG00000204661	0	2	4	2	1	3	4	1	0	0	0	1	0	0	0	2	0	0	0	0	3	0	0	10	4	6	1	2
ENSG00000204662	0	0	0	0	0	0	0	0	0	0	0	0	0	0	0	0	0	0	0	0	0	0	0	0	0	0	0	0
ENSG00000204666	24	21	107	9	4	85	33	72	7	26	31	187	48	26	34	4	10	100	348	66	6	27	11	111	93	832	13	30
ENSG00000204670	0	0	0	0	0	0	0	0	0	0	0	0	0	0	0	0	0	0	0	0	0	0	0	0	0	0	0	0
ENSG00000204684	0	0	0	0	0	0	0	0	0	0	0	0	0	0	0	0	0	0	0	0	0	0	0	0	0	0	0	0
ENSG00000204699	0	0	0	0	0	0	0	0	0	0	0	0	0	0	0	0	0	0	0	0	0	0	0	0	0	0	0	0
ENSG00000204701	0	0	0	0	0	0	2	0	0	0	0	4	4	6	0	0	1	0	2	0	17	0	0	2	0	1	0	0
ENSG00000204702	0	0	0	0	0	0	0	0	0	0	0	0	0	0	0	0	0	0	0	0	0	0	0	0	0	0	0	0
ENSG00000204703	0	0	0	0	0	0	0	0	0	0	0	0	0	0	0	0	0	0	0	0	0	0	0	0	0	0	0	0
ENSG00000204718	0	0	0	0	0	0	0	0	0	0	0	0	0	0	0	0	0	0	0	0	0	0	0	0	0	0	0	0
ENSG00000204767	35	21	97	17	89	19	109	0	174	38	215	45	50	4	52	121	13	50	27	89	23	79	0	16	204	9	27	39
ENSG00000204776	0	0	0	0	0	0	0	0	0	0	0	0	0	0	0	0	0	0	0	0	0	0	0	0	0	0	0	0
ENSG00000204778	0	4	1	13	11	20	0	0	2	0	3	3	0	0	0	10	6	3	11	0	0	21	35	1	10	0	11	0
ENSG00000204780	0	0	0	0	0	0	0	0	0	0	0	0	0	0	0	0	0	0	0	0	0	0	0	0	0	0	0	0
ENSG00000204791	2	2	0	0	3	2	1	0	2	2	2	4	8	2	0	2	2	0	0	0	0	13	0	2	2	0	0	0
ENSG00000204792	50	1	182	209	100	107	4	0	94	87	98	95	240	241	114	113	2	181	151	0	0	97	71	135	271	45	116	1
ENSG00000204801	0	0	0	0	0	0	0	0	0	0	0	0	0	0	0	0	0	0	0	0	0	0	0	0	0	0	0	0
ENSG00000204814	0	2	6	0	0	1	6	0	1	3	5	1	4	3	2	0	1	1	0	0	0	0	0	3	1	0	2	2
ENSG00000204816	0	0	0	0	0	0	0	0	0	0	0	0	0	0	0	0	0	0	0	0	0	0	0	0	0	0	0	0
ENSG00000204818	0	0	0	0	0	0	0	0	0	0	0	0	0	0	0	0	0	0	0	0	0	0	0	0	0	0	0	0
ENSG00000204832	27	807	231	1903	54	1155	339	137	18	628	192	801	23	70	188	54	1638	324	1139	338	1364	198	1897	714	220	1148	79	632
ENSG00000204837	0	6	23	0	12	4	28	0	0	4	4	6	0	4	24	3	19	1	11	12	4	0	0	16	6	11	3	29
ENSG00000204873	0	0	0	0	0	0	0	0	0	0	0	0	0	0	0	0	0	0	0	0	0	0	0	0	0	0	0	0
ENSG00000204880	0	0	0	0	0	0	0	0	0	0	0	0	0	0	0	0	0	0	0	0	0	0	0	0	0	0	0	0
ENSG00000204887	0	0	0	0	0	0	0	0	0	0	0	0	0	0	0	0	0	0	0	0	0	0	0	0	0	0	0	0
ENSG00000204889	6	0	0	0	0	5	6	0	0	0	4	1	4	4	0	0	4	0	2	0	0	0	0	0	1	6	5	4
ENSG00000204894	4	5	0	10	5	5	5	3	1	0	10	1	0	0	14	1	0	0	1	4	0	3	0	0	8	0	2	0
ENSG00000204897	0	0	0	0	0	0	0	0	0	0	0	0	0	0	0	0	0	0	0	0	0	0	0	0	0	0	0	0
ENSG00000204915	0	0	0	0	0	0	0	0	0	0	0	0	0	0	0	0	0	0	0	0	0	0	0	0	0	0	0	0
ENSG00000204918	0	0	0	0	0	0	0	0	0	0	0	0	0	0	0	0	0	0	0	0	0	0	0	0	0	0	0	0
ENSG00000204919	0	0	0	0	0	0	0	0	0	0	0	0	0	0	0	0	0	0	0	0	0	0	0	0	0	0	0	0
ENSG00000204928	0	2	9	2	2	24	2	0	2	12	6	1	11	6	22	0	0	18	2	8	0	32	0	2	0	0	11	15
ENSG00000204936	10751	152	2979	103	3214	80	3063	20	14777	45	2734	206	2240	51	13085	1320	156	3740	165	12300	822	16752	92	180	2629	60	86	1281
ENSG00000204962	2	6	1	0	0	0	0	0	0	2	0	4	3	6	0	0	0	0	5	0	10	0	0	0	0	0	0	3
ENSG00000204965	0	0	0	0	1	25	8	5	7	114	0	6	13	35	3	0	4	4	49	0	54	0	6	6	1	50	0	4
ENSG00000204971	0	0	1	5	3	4	5	0	2	0	3	2	1	5	1	2	4	3	1	0	0	0	0	1	4	2	0	3
ENSG00000204978	0	4	2	2	0	1	6	0	0	2	0	2	0	5	2	0	0	0	0	6	0	0	0	0	6	0	0	2
ENSG00000204989	0	0	0	0	0	0	0	0	0	0	0	0	0	0	0	0	0	0	0	0	0	0	0	0	0	0	0	0
ENSG00000204993	0	0	0	0	0	0	0	0	0	0	0	0	0	0	0	0	0	0	0	0	0	0	0	0	0	0	0	0
ENSG00000205025	0	0	0	0	0	0	0	0	0	0	0	0	0	0	0	0	0	0	0	0	0	0	0	6	2	0	0	0
ENSG00000205041	0	14	11	3	0	2	15	22	3	41	3	8	57	25	0	4	24	0	12	19	0	0	3	33	17	7	13	4
ENSG00000205044	0	0	0	0	0	0	0	0	0	0	0	0	0	0	0	0	0	0	0	0	0	0	0	0	0	0	0	0
ENSG00000205213	265	307	1950	924	526	1124	1739	1341	587	399	1004	985	2108	4888	2025	498	1312	838	847	1428	828	919	1216	718	1615	290	930	2267
ENSG00000205221	16	65	107	96	13	0	245	138	18	45	13	22	343	18	95	5	13	22	10	164	74	64	22	49	104	16	7	53
ENSG00000205277	223	25	1011	37	215	64	225	5	124	38	72	116	248	115	36	544	47	1353	197	265	528	430	0	477	146	11	122	351
ENSG00000205300	0	0	0	0	0	0	0	0	0	0	0	0	0	0	0	0	0	0	0	0	0	0	0	0	0	0	0	0
ENSG00000205301	0	0	0	0	0	0	0	0	0	5	0	0	0	5	2	0	0	0	0	1	0	0	0	2	0	0	0	2
ENSG00000205307	0	5	4	4	0	2	1	1	1	7	0	4	3	3	0	0	1	0	2	0	0	0	0	8	2	1	1	1
ENSG00000205318	0	3	13	14	0	8	31	72	10	0	10	9	19	31	19	0	4	10	10	8	0	27	11	0	26	13	2	11
ENSG00000205327	0	0	0	0	0	0	0	0	0	0	0	0	0	0	0	0	0	0	0	0	0	0	0	0	0	0	0	0
ENSG00000205329	0	0	0	0	0	0	0	0	0	0	0	0	0	0	0	0	0	0	0	0	0	0	0	0	0	0	0	0
ENSG00000205331	0	0	0	0	0	0	0	0	0	0	0	0	0	0	0	0	0	0	0	0	0	0	0	0	0	0	0	0
ENSG00000205333	0	0	0	0	0	0	0	0	0	0	0	0	0	0	0	0	0	0	0	0	0	0	0	0	0	0	0	0
ENSG00000205358	20	116	34	222	26	1	132	162	11	27	34	10	15	57	20	123	141	15	27	52	17	9	48	11	568	44	70	101
ENSG00000205396	0	0	0	0	0	0	0	0	0	0	0	0	0	0	0	0	0	0	0	0	0	0	0	0	0	0	0	0
ENSG00000205409	0	0	0	0	0	0	0	0	0	0	0	0	0	0	0	0	0	0	0	0	0	0	0	0	0	0	0	0
ENSG00000205412	0	0	0	0	0	0	0	0	0	0	0	0	0	0	0	0	0	0	0	0	0	0	0	0	0	0	0	0
ENSG00000205420	0	22	54	17	96	91	348	18	9	2	73	6	96	8	3	188	30	0	2	0	0	7	4	0	88	4	21	114
ENSG00000205426	1	0	31	12	16	2	21	0	0	2	7	1	38	15	1	17	7	2	4	3	0	17	7	21	11	0	10	11
ENSG00000205433	0	0	0	0	0	0	0	0	0	0	0	0	0	0	0	0	0	0	0	0	0	0	0	0	0	0	0	0
ENSG00000205436	2	17	12	6	8	6	73	13	9	12	17	17	34	8	3	8	4	1	3	16	0	0	0	26	16	0	16	9
ENSG00000205439	0	0	0	0	0	0	0	0	0	0	0	0	0	0	0	0	0	0	0	0	0	0	0	0	0	0	0	0
ENSG00000205445	0	0	0	0	0	0	0	0	0	0	0	0	0	0	0	0	0	0	0	0	0	0	0	0	0	0	0	0
ENSG00000205456	0	0	0	0	3	0	0	1	1	1	1	0	0	0	0	0	0	0	1	5	0	0	0	0	0	0	0	4
ENSG00000205457	0	0	0	0	0	0	0	0	0	0	0	0	0	0	0	0	0	0	0	0	0	0	0	0	0	0	0	0
ENSG00000205497	0	73	10	81	2	30	6	177	2	100	29	99	0	52	6	2	188	0	4	10	96	8	68	58	2	50	99	52
ENSG00000205534	17	9	8	16	11	24	6	32	0	2	11	16	10	8	22	19	16	7	29	1	1	7	11	15	25	9	15	9
ENSG00000205571	5	48	34	2	69	106	108	104	55	184	81	88	87	59	29	71	3	48	101	104	105	81	87	16	1	16	110	4
ENSG00000205592	0	1	0	0	1	2	2	2	0	8	2	17	5	0	1	0	2	0	0	0	0	0	0	0	4	0	0	1
ENSG00000205622	0	2	15	27	32	12	49	14	4	9	6	15	26	11	18	20	26	1	11	8	0	47	0	16	78	10	39	16
ENSG00000205636	0	0	0	0	0	0	0	0	0	0	0	0	0	0	0	0	0	0	0	0	0	0	0	0	0	0	0	0
ENSG00000205649	9	3	0	0	2	4	0	1	0	0	0	1	1	6	0	1	3	0	3	4	0	0	5	2	3	1	3	0
ENSG00000205653	0	0	0	0	0	0	0	0	0	0	0	0	0	0	0	0	0	0	0	0	0	0	0	0	0	0	0	0
ENSG00000205704	0	0	0	0	0	0	0	7	0	0	0	0	2	8	0	2	2	1	8	0	2	0	0	3	0	4	0	0
ENSG00000205718	0	0	0	0	0	0	0	0	0	0	0	0	0	0	0	0	0	0	0	0	0	0	0	0	0	0	0	0
ENSG00000205744	86	303	557	212	233	260	530	480	155	194	172	259	568	471	395	278	195	277	183	725	381	228	259	317	305	79	144	456
ENSG00000205777	0	0	0	0	0	0	0	0	0	0	0	0	0	0	0	0	0	0	0	0	0	0	0	0	0	0	0	0
ENSG00000205786	7	14	9	3	17	16	9	5	15	28	5	11	2	13	0	3	26	2	11	21	11	0	0	12	3	328	8	34
ENSG00000205810	0	0	1	2	0	1	10	0	0	0	0	0	0	1	2	0	5	0	1	0	0	0	0	0	4	0	8	10
ENSG00000205835	0	366	68	77	0	40	12	420	6	1	3	9	175	1815	83	21	38	46	82	65	56	56	1043	194	30	5	16	115
ENSG00000205856	29	6	38	11	4	5	22	3	36	80	1	43	81	5	62	0	49	17	136	217	0	389	50	16	29	3	6	52
ENSG00000205857	0	4	1	2	1	2	0	7	0	0	0	0	1	3	3	3	0	2	5	1	0	0	0	7	1	3	1	4
ENSG00000205861	1	223	321	285	26	236	24	573	4	42	186	566	80	518	220	136	191	329	57	276	399	357	224	254	51	6	177	443
ENSG00000205863	0	209	33	70	6	160	7	151	1	16	36	288	19	110	14	4	65	13	25	38	126	64	58	111	14	6	62	42
ENSG00000205865	0	0	0	0	0	0	0	0	0	0	0	0	0	0	0	0	0	0	0	0	0	0	0	0	0	0	0	0
ENSG00000205866	0	0	0	0	0	0	0	0	0	0	0	0	0	0	0	0	0	0	0	0	0	0	0	0	0	0	0	0
ENSG00000205869	0	1	0	1	0	1	3	0	0	0	0	2	1	2	0	0	2	0	1	5	0	0	10	4	1	2	3	0
ENSG00000205879	0	0	3	2	0	0	1	7	0	5	1	1	5	1	0	0	0	0	0	4	4	0	0	2	1	0	1	1
ENSG00000205882	0	9	0	0	0	2	2	0	0	7	3	1	3	0	6	0	0	0	2	0	0	5	0	1	0	2	2	0
ENSG00000205916	0	0	0	0	0	0	0	0	0	0	0	0	0	0	0	0	0	0	0	0	0	0	0	0	0	0	0	0
ENSG00000205918	1	9	51	12	0	4	45	24	0	23	1	6	55	47	8	11	2	15	17	17	13	32	0	5	39	2	8	13
ENSG00000205923	0	0	0	0	0	0	0	0	0	0	0	0	0	0	0	0	0	0	0	0	0	0	0	0	0	0	0	0
ENSG00000205936	0	0	0	0	0	0	0	0	0	0	0	0	0	0	0	0	0	0	0	0	0	0	0	0	0	0	0	0
ENSG00000205944	0	0	0	0	0	0	0	0	0	0	0	0	0	0	0	0	0	0	0	0	0	0	0	0	0	0	0	0
ENSG00000205946	0	0	0	0	0	0	0	0	0	0	0	0	0	0	0	0	0	0	0	0	0	0	0	0	0	0	0	0
ENSG00000205989	0	0	0	0	0	0	0	0	0	0	0	0	0	0	0	0	0	0	0	0	0	0	0	0	0	0	0	0
ENSG00000206034	0	0	0	0	0	0	0	0	0	0	0	0	0	0	0	0	0	0	0	0	0	0	0	0	0	0	0	0
ENSG00000206042	0	0	0	0	0	0	0	0	0	0	0	0	0	0	0	0	0	0	0	0	0	0	0	0	0	0	0	0
ENSG00000206047	0	0	0	0	0	0	0	0	0	0	0	0	0	0	0	0	0	0	0	0	0	0	0	0	0	0	0	0
ENSG00000206062	0	0	0	0	0	0	0	0	0	0	0	0	0	0	0	0	0	0	0	0	0	0	0	0	0	0	0	0
ENSG00000206072	4798	105	3126	133	2381	121	341	61	9872	58	223	14	6785	36	2981	525	295	287	530	69	4	3740	68	689	156	55	147	2068
ENSG00000206073	0	7	40	0	26	12	22	22	3	12	65	0	25	0	2	60	16	2	0	0	0	12	8	7	31	5	13	14
ENSG00000206075	170	67	750	98	1148	181	413	41	357	24	837	54	1033	21	651	308	246	167	107	394	18	251	45	77	637	28	71	503
ENSG00000206104	0	0	0	0	0	0	0	0	0	0	0	0	0	0	0	0	0	0	0	0	0	0	0	0	0	0	0	0
ENSG00000206107	0	0	0	0	0	0	0	0	0	0	0	0	0	0	0	0	0	0	0	0	0	0	0	0	0	0	0	0
ENSG00000206129	0	0	0	0	0	7	3	1	1	0	0	0	0	0	1	2	1	0	2	0	3	0	1	3	9	0	1	3
ENSG00000206144	0	2	4	2	0	2	1	0	0	0	0	0	2	25	0	1	0	0	0	0	0	0	0	0	0	0	0	1
ENSG00000206203	0	0	0	0	0	0	0	0	0	0	0	0	0	0	0	0	0	0	0	0	0	0	0	0	0	0	0	0
ENSG00000206262	17	8	0	5	4	0	0	0	86	29	4	6	102	31	4	0	2	4	39	0	0	1	1	42	0	18	4	0
ENSG00000206422	0	0	0	0	0	0	0	0	0	0	0	0	0	0	0	0	0	0	0	0	0	0	0	0	0	0	0	0
ENSG00000206474	0	0	0	0	0	0	0	0	0	0	0	0	0	0	0	0	0	0	0	0	0	0	0	0	0	0	0	0
ENSG00000206538	92	96	3235	433	177	115	970	322	204	95	253	177	1390	16766	3723	229	3375	4454	969	1500	1731	2210	119	155	1173	33	91	4408
ENSG00000206549	0	3	1	0	2	0	0	0	1	8	0	2	3	2	1	0	4	0	0	10	0	0	0	0	10	0	1	0
ENSG00000206557	0	2	2	2	0	2	5	0	0	0	1	1	5	1	1	0	1	6	0	0	0	0	0	3	8	2	0	1
ENSG00000206560	199	546	1515	896	370	873	1344	940	434	577	571	821	1484	1831	1098	538	1081	509	815	686	819	803	563	829	1126	492	920	1587
ENSG00000206583	0	0	0	0	0	0	0	0	0	0	0	0	0	0	0	0	0	0	0	0	0	0	0	0	0	0	0	0
ENSG00000206588	0	0	0	0	0	0	0	0	0	0	0	0	0	0	0	0	0	0	0	0	0	0	0	0	0	0	0	0
ENSG00000206592	0	35	8	11	1	24	0	0	12	102	3	18	2	10	0	5	42	12	24	33	20	10	9	8	3	19	26	12
ENSG00000206593	0	0	0	0	0	0	0	0	0	0	0	0	0	0	0	0	0	0	0	0	0	0	0	0	0	0	0	0
ENSG00000206596	0	0	0	0	0	0	0	0	0	0	0	0	0	0	0	0	0	0	0	0	0	0	0	0	0	0	0	0
ENSG00000206597	0	0	0	0	0	0	0	0	0	0	0	0	0	0	0	0	0	0	0	0	0	0	0	0	0	0	0	0
ENSG00000206598	0	0	0	0	0	0	0	0	0	0	0	0	0	0	0	0	0	0	0	0	0	0	0	0	0	0	0	0
ENSG00000206599	0	0	0	0	0	0	0	0	0	0	0	0	0	0	0	0	0	0	0	0	0	0	0	0	0	0	0	0
ENSG00000206602	0	0	0	0	0	0	0	0	0	0	0	0	0	0	0	0	0	0	0	0	0	0	0	0	0	0	0	0
ENSG00000206603	0	0	0	3	0	1	0	0	0	3	1	0	0	12	0	0	2	0	5	0	3	0	0	4	5	0	0	0
ENSG00000206606	0	0	0	0	0	0	0	0	0	0	0	0	0	0	0	0	0	0	0	0	0	0	0	0	0	0	0	0
ENSG00000206609	0	0	0	0	0	0	0	0	0	0	0	0	0	0	0	0	0	0	0	0	0	0	0	0	0	0	0	0
ENSG00000206611	0	0	0	0	0	0	0	0	0	0	0	0	0	0	0	0	0	0	0	0	0	0	0	0	0	0	0	0
ENSG00000206614	0	0	0	0	0	0	0	0	0	0	0	0	0	0	0	0	0	0	0	0	0	0	0	0	0	0	0	0
ENSG00000206615	0	0	0	0	0	0	0	0	0	0	0	0	0	0	0	0	0	0	0	0	0	0	0	0	0	0	0	0
ENSG00000206616	0	0	0	0	0	0	0	0	0	0	0	0	0	0	0	0	0	0	0	0	0	0	0	0	0	0	0	0
ENSG00000206618	0	0	0	0	0	0	0	0	0	0	0	0	0	0	0	0	0	0	0	0	0	0	0	0	0	0	0	0
ENSG00000206620	0	0	0	0	0	0	0	0	0	0	0	0	0	0	0	0	0	0	0	0	0	0	0	0	0	0	0	0
ENSG00000206621	0	0	0	0	0	0	0	0	0	0	0	0	0	0	0	0	0	0	0	0	0	0	0	0	0	0	0	0
ENSG00000206623	2	6	0	4	0	9	1	0	0	9	1	1	2	0	0	0	4	0	0	2	0	0	0	4	3	0	1	0
ENSG00000206624	0	0	0	0	0	0	0	0	0	0	0	0	0	0	0	0	0	0	0	0	0	0	0	0	0	0	0	0
ENSG00000206630	0	0	0	0	0	0	0	0	0	0	0	0	0	0	0	0	0	0	0	0	0	0	0	0	0	0	0	0
ENSG00000206633	2	12	4	95	30	58	6	0	3	0	11	8	14	7	11	20	17	2	34	11	0	17	31	30	13	52	51	17
ENSG00000206634	0	1	0	1	0	3	3	4	0	0	0	3	0	4	0	0	0	0	4	6	0	3	0	0	1	1	3	3
ENSG00000206638	0	4	2	1	0	3	2	1	0	6	1	1	5	2	0	0	4	1	2	0	0	0	3	5	4	2	1	0
ENSG00000206639	0	0	0	0	0	0	0	0	0	0	0	0	0	0	0	0	0	0	0	0	0	0	0	0	0	0	0	0
ENSG00000206641	0	0	0	0	0	0	0	0	0	0	0	0	0	0	0	0	0	0	0	0	0	0	0	0	0	0	0	0
ENSG00000206644	0	0	0	0	0	0	0	0	0	0	0	0	0	0	0	0	0	0	0	0	0	0	0	0	0	0	0	0
ENSG00000206649	0	0	0	0	0	0	0	0	0	0	0	0	0	0	0	0	0	0	0	0	0	0	0	0	0	0	0	0
ENSG00000206656	0	0	0	0	0	0	0	0	0	0	0	0	0	0	0	0	0	0	0	0	0	0	0	0	0	0	0	0
ENSG00000206659	0	5	0	1	0	4	0	2	0	9	2	2	2	0	1	1	4	4	2	1	2	18	1	6	5	6	2	0
ENSG00000206661	0	0	0	0	0	0	0	0	0	0	0	0	0	0	0	0	0	0	0	0	0	0	0	0	0	0	0	0
ENSG00000206662	0	0	0	0	0	0	0	0	0	0	0	0	0	0	0	0	0	0	0	0	0	0	0	0	0	0	0	0
ENSG00000206665	0	0	0	0	0	0	0	0	0	0	0	0	0	0	0	0	0	0	0	0	0	0	0	0	0	0	0	0
ENSG00000206671	0	0	0	0	0	0	0	0	0	0	0	0	0	0	0	0	0	0	0	0	0	0	0	0	0	0	0	0
ENSG00000206672	0	0	0	0	0	0	0	0	0	0	0	0	0	0	0	0	0	0	0	0	0	0	0	0	0	0	0	0
ENSG00000206674	0	5	1	1	0	3	0	0	0	7	1	1	5	2	2	2	1	2	0	0	2	0	2	4	1	9	2	0
ENSG00000206677	0	0	0	0	0	0	0	0	0	0	0	0	0	0	0	0	0	0	0	0	0	0	0	0	0	0	0	0
ENSG00000206678	0	0	0	0	0	0	0	0	0	0	0	0	0	0	0	0	0	0	0	0	0	0	0	0	0	0	0	0
ENSG00000206679	0	4	0	3	0	5	1	0	0	14	0	0	0	0	1	0	0	0	4	0	0	0	0	0	2	0	5	1
ENSG00000206680	0	0	0	0	0	0	0	0	0	0	0	0	0	0	0	0	0	0	0	0	0	0	0	0	0	0	0	0
ENSG00000206681	0	0	0	0	0	0	0	0	0	0	0	0	0	0	0	0	0	0	0	0	0	0	0	0	0	0	0	0
ENSG00000206685	0	3	5	3	0	5	2	2	0	4	0	0	0	3	1	0	4	1	2	0	0	0	0	5	14	1	5	2
ENSG00000206686	0	0	0	0	0	0	0	0	0	0	0	0	0	0	0	0	0	0	0	0	0	0	0	0	0	0	0	0
ENSG00000206688	0	0	0	0	0	0	0	0	0	0	0	0	0	0	0	0	0	0	0	0	0	0	0	0	0	0	0	0
ENSG00000206690	0	0	0	0	0	0	0	0	0	0	0	0	0	0	0	0	0	0	0	0	0	0	0	0	0	0	0	0
ENSG00000206692	0	0	0	0	0	0	0	0	0	0	0	0	0	0	0	0	0	0	0	0	0	0	0	0	0	0	0	0
ENSG00000206693	0	0	0	0	0	0	0	0	0	0	0	0	0	0	0	0	0	0	0	0	0	0	0	0	0	0	0	0
ENSG00000206695	0	0	0	0	0	0	0	0	0	0	0	0	0	0	0	0	0	0	0	0	0	0	0	0	0	0	0	0
ENSG00000206697	0	0	0	0	0	0	0	0	0	0	0	0	0	0	0	0	0	0	0	0	0	0	0	0	0	0	0	0
ENSG00000206699	0	0	0	0	0	0	0	0	0	0	0	0	0	0	0	0	0	0	0	0	0	0	0	0	0	0	0	0
ENSG00000206700	0	0	0	0	0	0	0	0	0	0	0	0	0	0	0	0	0	0	0	0	0	0	0	0	0	0	0	0
ENSG00000206701	0	0	0	0	0	0	0	0	0	0	0	0	0	0	0	0	0	0	0	0	0	0	0	0	0	0	0	0
ENSG00000206704	0	0	0	0	0	0	0	0	0	0	0	0	0	0	0	0	0	0	0	0	0	0	0	0	0	0	0	0
ENSG00000206706	0	0	0	0	0	0	0	0	0	0	0	0	0	0	0	0	0	0	0	0	0	0	0	0	0	0	0	0
ENSG00000206708	0	0	0	0	0	0	0	0	0	0	0	0	0	0	0	0	0	0	0	0	0	0	0	0	0	0	0	0
ENSG00000206709	0	0	0	0	0	0	0	0	0	0	0	0	0	0	0	0	0	0	0	0	0	0	0	0	0	0	0	0
ENSG00000206710	2	3	0	0	1	8	0	0	1	4	0	2	0	0	0	3	2	0	0	0	0	0	0	2	0	6	1	10
ENSG00000206711	0	0	0	0	0	0	0	0	0	0	0	0	0	0	0	0	0	0	0	0	0	0	0	0	0	0	0	0
ENSG00000206714	0	0	0	0	0	0	0	0	0	0	0	0	0	0	0	0	0	0	0	0	0	0	0	0	0	0	0	0
ENSG00000206716	0	0	0	0	0	0	0	0	0	0	0	0	0	0	0	0	0	0	0	0	0	0	0	0	0	0	0	0
ENSG00000206718	0	0	0	0	0	0	0	0	0	0	0	0	0	0	0	0	0	0	0	0	0	0	0	0	0	0	0	0
ENSG00000206719	0	0	0	0	0	0	0	0	0	0	0	0	0	0	0	0	0	0	0	0	0	0	0	0	0	0	0	0
ENSG00000206721	0	0	0	0	0	0	0	0	0	0	0	0	0	0	0	0	0	0	0	0	0	0	0	0	0	0	0	0
ENSG00000206724	0	0	0	0	0	0	0	0	0	0	0	0	0	0	0	0	0	0	0	0	0	0	0	0	0	0	0	0
ENSG00000206726	0	0	0	0	0	0	0	0	0	0	0	0	0	0	0	0	0	0	0	0	0	0	0	0	0	0	0	0
ENSG00000206727	0	0	0	0	0	0	0	0	0	0	0	0	0	0	0	0	0	0	0	0	0	0	0	0	0	0	0	0
ENSG00000206729	0	0	0	0	0	0	0	0	0	0	0	0	0	0	0	0	0	0	0	0	0	0	0	0	0	0	0	0
ENSG00000206730	0	0	0	0	0	0	0	0	0	0	0	0	0	0	0	0	0	0	0	0	0	0	0	0	0	0	0	0
ENSG00000206733	0	0	0	0	0	0	0	0	0	0	0	0	0	0	0	0	0	0	0	0	0	0	0	0	0	0	0	0
ENSG00000206737	0	0	0	0	0	0	0	0	0	0	0	0	0	0	0	0	0	0	0	0	0	0	0	0	0	0	0	0
ENSG00000206744	0	0	0	0	0	0	0	0	0	0	0	0	0	0	0	0	0	0	0	0	0	0	0	0	0	0	0	0
ENSG00000206745	0	0	0	0	0	0	0	0	0	0	0	0	0	0	0	0	0	0	0	0	0	0	0	0	0	0	0	0
ENSG00000206746	9	0	1	0	0	1	2	11	0	0	0	9	0	0	0	1	1	0	1	0	0	0	0	2	1	0	0	0
ENSG00000206749	0	0	0	0	0	0	0	0	0	0	0	0	0	0	0	0	0	0	0	0	0	0	0	0	0	0	0	0
ENSG00000206751	0	0	0	0	0	0	0	0	0	0	0	0	0	0	0	0	0	0	0	0	0	0	0	0	0	0	0	0
ENSG00000206752	0	0	0	0	0	0	0	0	0	0	0	0	0	0	0	0	0	0	0	0	0	0	0	0	0	0	0	0
ENSG00000206754	0	0	5	1	0	1	10	2	0	0	1	7	18	20	6	1	15	0	5	0	25	1	0	8	11	2	5	5
ENSG00000206760	0	0	0	0	0	0	0	0	0	0	0	0	0	0	0	0	0	0	0	0	0	0	0	0	0	0	0	0
ENSG00000206764	0	0	0	0	0	0	0	0	0	0	0	0	0	0	0	0	0	0	0	0	0	0	0	0	0	0	0	0
ENSG00000206765	0	0	0	0	0	0	0	0	0	0	0	0	0	0	0	0	0	0	0	0	0	0	0	0	0	0	0	0
ENSG00000206767	0	0	0	0	0	0	0	0	0	0	0	0	0	0	0	0	0	0	0	0	0	0	0	0	0	0	0	0
ENSG00000206769	0	14	0	4	0	2	0	0	0	24	0	1	0	0	0	0	3	0	0	0	0	0	0	0	3	0	1	0
ENSG00000206770	0	0	0	0	0	0	0	0	0	0	0	0	0	0	0	0	0	0	0	0	0	0	0	0	0	0	0	0
ENSG00000206772	0	0	0	0	0	0	0	0	0	0	0	0	0	0	0	0	0	0	0	0	0	0	0	0	0	0	0	0
ENSG00000206777	0	0	0	0	0	0	0	0	0	0	0	0	0	0	0	0	0	0	0	0	0	0	0	0	0	0	0	0
ENSG00000206778	0	1	1	1	0	2	0	5	0	9	5	3	2	1	0	3	2	0	2	0	0	1	2	0	1	3	0	0
ENSG00000206782	0	0	0	0	0	0	0	0	0	0	0	0	0	0	0	0	0	0	0	0	0	0	0	0	0	0	0	0
ENSG00000206784	0	0	0	0	0	2	2	0	0	0	0	2	0	1	0	0	0	0	0	0	0	0	0	0	7	2	0	0
ENSG00000206785	0	0	0	0	0	0	0	0	0	0	0	0	0	0	0	0	0	0	0	0	0	0	0	0	0	0	0	0
ENSG00000206787	0	0	0	0	0	0	0	0	0	0	0	0	0	0	0	0	0	0	0	0	0	0	0	0	0	0	0	0
ENSG00000206792	0	0	0	0	0	0	0	0	0	0	0	0	0	0	0	0	0	0	0	0	0	0	0	0	0	0	0	0
ENSG00000206795	0	0	0	0	0	0	0	0	0	0	0	0	0	0	0	0	0	0	0	0	0	0	0	0	0	0	0	0
ENSG00000206796	0	0	0	0	0	0	0	0	0	0	0	0	0	0	0	0	0	0	0	0	0	0	0	0	0	0	0	0
ENSG00000206799	0	0	0	0	0	0	0	0	0	0	0	0	0	0	0	0	0	0	0	0	0	0	0	0	0	0	0	0
ENSG00000206800	0	0	0	0	0	0	0	0	0	0	0	0	0	0	0	0	0	0	0	0	0	0	0	0	0	0	0	0
ENSG00000206801	0	0	0	0	0	0	0	0	0	0	0	0	0	0	0	0	0	0	0	0	0	0	0	0	0	0	0	0
ENSG00000206802	0	0	0	0	0	0	0	0	0	0	0	0	0	0	0	0	0	0	0	0	0	0	0	0	0	0	0	0
ENSG00000206804	0	0	0	0	0	0	0	0	0	0	0	0	0	0	0	0	0	0	0	0	0	0	0	0	0	0	0	0
ENSG00000206805	0	0	0	0	0	0	0	0	0	0	0	0	0	0	0	0	0	0	0	0	0	0	0	0	0	0	0	0
ENSG00000206807	0	0	0	0	0	0	0	0	0	0	0	0	0	0	0	0	0	0	0	0	0	0	0	0	0	0	0	0
ENSG00000206811	0	0	0	0	0	0	0	0	0	0	0	0	0	0	0	0	0	0	0	0	0	0	0	0	0	0	0	0
ENSG00000206818	0	0	0	0	0	0	0	0	0	0	0	0	0	0	0	0	0	0	0	0	0	0	0	0	0	0	0	0
ENSG00000206826	0	0	0	0	0	0	0	0	0	0	0	0	0	0	0	0	0	0	0	0	0	0	0	0	0	0	0	0
ENSG00000206833	0	0	0	0	0	0	0	0	0	0	0	0	0	0	0	0	0	0	0	0	0	0	0	0	0	0	0	0
ENSG00000206834	0	0	0	0	0	0	0	0	0	0	0	0	0	0	0	0	0	0	0	0	0	0	0	0	0	0	0	0
ENSG00000206836	0	0	0	0	0	0	0	0	0	0	0	0	0	0	0	0	0	0	0	0	0	0	0	0	0	0	0	0
ENSG00000206839	0	0	0	0	0	0	0	0	0	0	0	0	0	0	0	0	0	0	0	0	0	0	0	0	0	0	0	0
ENSG00000206840	0	0	0	0	0	0	0	0	0	0	0	0	0	0	0	0	0	0	0	0	0	0	0	0	0	0	0	0
ENSG00000206841	0	0	0	0	0	0	0	0	0	0	0	0	0	0	0	0	0	0	0	0	0	0	0	0	0	0	0	0
ENSG00000206843	0	0	0	0	0	0	0	0	0	0	0	0	0	0	0	0	0	0	0	0	0	0	0	0	0	0	0	0
ENSG00000206845	0	0	0	0	0	0	0	0	0	0	0	0	0	0	0	0	0	0	0	0	0	0	0	0	0	0	0	0
ENSG00000206849	0	0	0	0	0	0	0	0	0	0	0	0	0	0	0	0	0	0	0	0	0	0	0	0	0	0	0	0
ENSG00000206850	0	0	0	0	0	0	0	0	0	0	0	0	0	0	0	0	0	0	0	0	0	0	0	0	0	0	0	0
ENSG00000206853	0	0	0	0	0	0	0	0	0	0	0	0	0	0	0	0	0	0	0	0	0	0	0	0	0	0	0	0
ENSG00000206854	0	0	0	0	0	0	0	0	0	0	0	0	0	0	0	0	0	0	0	0	0	0	0	0	0	0	0	0
ENSG00000206858	0	0	0	0	0	0	0	0	0	0	0	0	0	0	0	0	0	0	0	0	0	0	0	0	0	0	0	0
ENSG00000206863	0	0	0	0	0	0	2	1	0	0	0	0	0	0	0	0	0	0	0	8	0	0	0	0	4	0	0	0
ENSG00000206864	0	0	0	0	0	0	0	0	0	0	0	0	0	0	0	0	0	0	0	0	0	0	0	0	0	0	0	0
ENSG00000206865	0	0	0	0	0	0	0	0	0	0	0	0	0	0	0	0	0	0	0	0	0	0	0	0	0	0	0	0
ENSG00000206870	0	0	0	0	0	0	0	0	0	0	0	0	0	0	0	0	0	0	0	0	0	0	0	0	0	0	0	0
ENSG00000206871	0	0	0	0	0	0	0	0	0	0	0	0	0	0	0	0	0	0	0	0	0	0	0	0	0	0	0	0
ENSG00000206875	0	3	0	0	0	2	7	0	0	19	0	2	0	0	0	4	2	0	0	0	0	0	0	0	4	0	1	0
ENSG00000206877	0	0	0	0	0	0	0	0	0	0	0	0	0	0	0	0	0	0	0	0	0	0	0	0	0	0	0	0
ENSG00000206882	0	0	0	0	0	0	0	0	0	0	0	0	0	0	0	0	0	0	0	0	0	0	0	0	0	0	0	0
ENSG00000206885	0	0	0	0	0	0	0	0	0	0	0	0	0	0	0	0	0	0	0	0	0	0	0	0	0	0	0	0
ENSG00000206891	0	0	0	0	0	0	0	0	0	0	0	0	0	0	0	0	0	0	0	0	0	0	0	0	0	0	0	0
ENSG00000206895	3	3	0	1	0	0	5	0	1	0	2	1	7	1	1	1	0	0	2	0	4	0	4	2	0	5	0	4
ENSG00000206896	0	0	0	0	0	0	0	0	0	0	0	0	0	0	0	0	0	0	0	0	0	0	0	0	0	0	0	0
ENSG00000206899	0	0	0	0	0	0	0	0	0	1	0	0	0	0	0	0	0	0	3	4	0	0	4	0	0	0	1	0
ENSG00000206900	0	0	0	0	0	0	0	0	0	0	0	0	0	0	0	0	0	0	0	0	0	0	0	0	0	0	0	0
ENSG00000206901	0	0	0	0	0	0	0	0	0	0	0	0	0	0	0	0	0	0	0	0	0	0	0	0	0	0	0	0
ENSG00000206903	0	0	3	2	0	3	8	11	2	6	0	2	8	2	0	0	2	0	1	0	1	0	3	1	3	2	2	1
ENSG00000206905	0	0	0	0	0	0	0	0	0	0	0	0	0	0	0	0	0	0	0	0	0	0	0	0	0	0	0	0
ENSG00000206906	0	0	0	0	0	0	0	0	0	0	0	0	0	0	0	0	0	0	0	0	0	0	0	0	0	0	0	0
ENSG00000206908	0	0	0	0	0	0	0	0	0	0	0	0	0	0	0	0	0	0	0	0	0	0	0	0	0	0	0	0
ENSG00000206909	0	0	0	0	0	0	0	0	0	0	0	0	0	0	0	0	0	0	0	0	0	0	0	0	0	0	0	0
ENSG00000206910	0	0	0	0	0	0	0	0	0	0	0	0	0	0	0	0	0	0	0	0	0	0	0	0	0	0	0	0
ENSG00000206912	0	0	0	0	0	0	0	0	0	0	0	0	0	0	0	0	0	0	0	0	0	0	0	0	0	0	0	0
ENSG00000206914	0	0	3	1	0	0	0	5	0	0	1	3	0	4	3	2	7	1	1	0	0	6	0	1	1	5	4	6
ENSG00000206917	0	0	0	0	0	0	0	0	0	0	0	0	0	0	0	0	0	0	0	0	0	0	0	0	0	0	0	0
ENSG00000206920	0	0	0	0	0	0	0	0	0	0	0	0	0	0	0	0	0	0	0	0	0	0	0	0	0	0	0	0
ENSG00000206921	0	0	0	0	0	0	0	0	0	0	0	0	0	0	0	0	0	0	0	0	0	0	0	0	0	0	0	0
ENSG00000206923	0	0	0	0	0	0	0	0	0	0	0	0	0	0	0	0	0	0	0	0	0	0	0	0	0	0	0	0
ENSG00000206925	0	0	0	0	0	0	0	0	0	0	0	0	0	0	0	0	0	0	0	0	0	0	0	0	0	0	0	0
ENSG00000206927	0	0	0	0	0	0	0	0	0	0	0	0	0	0	0	0	0	0	0	0	0	0	0	0	0	0	0	0
ENSG00000206929	0	0	0	0	0	0	0	0	0	0	0	0	0	0	0	0	0	0	0	0	0	0	0	0	0	0	0	0
ENSG00000206931	0	0	0	0	0	0	0	0	0	0	0	0	0	0	0	0	0	0	0	0	0	0	0	0	0	0	0	0
ENSG00000206944	0	0	0	0	0	0	0	0	0	0	0	0	0	0	0	0	0	0	0	0	0	0	0	0	0	0	0	0
ENSG00000206947	0	0	0	0	0	0	0	0	0	0	0	0	0	0	0	0	0	0	0	0	0	0	0	0	0	0	0	0
ENSG00000206948	0	0	0	0	0	0	0	0	0	0	0	0	0	0	0	0	0	0	0	0	0	0	0	0	0	0	0	0
ENSG00000206950	0	0	0	0	0	0	0	0	0	0	0	0	0	0	0	0	0	0	0	0	0	0	0	0	0	0	0	0
ENSG00000206951	0	0	0	0	0	0	0	0	0	0	0	0	0	0	0	0	0	0	0	0	0	0	0	0	0	0	0	0
ENSG00000206952	0	0	0	0	0	0	0	0	0	0	0	0	0	0	0	0	0	0	0	0	0	0	0	0	0	0	0	0
ENSG00000206954	0	4	1	0	6	0	0	0	1	3	0	2	5	0	0	0	1	0	1	0	0	0	5	1	1	3	4	0
ENSG00000206958	0	0	0	0	0	0	0	0	0	0	0	0	0	0	0	0	0	0	0	0	0	0	0	0	0	0	0	0
ENSG00000206960	0	0	0	0	0	0	0	0	0	0	0	0	0	0	0	0	0	0	0	0	0	0	0	0	0	0	0	0
ENSG00000206962	0	0	0	0	0	0	0	0	0	0	0	0	0	0	0	0	0	0	0	0	0	0	0	0	0	0	0	0
ENSG00000206967	0	0	0	0	0	0	0	0	0	0	0	0	0	0	0	0	0	0	0	0	0	0	0	0	0	0	0	0
ENSG00000206970	0	0	0	0	0	0	0	0	0	0	0	0	0	0	0	0	0	0	0	0	0	0	0	0	0	0	0	0
ENSG00000206972	0	0	0	0	0	0	0	0	0	0	0	0	0	0	0	0	0	0	0	0	0	0	0	0	0	0	0	0
ENSG00000206974	0	0	0	0	0	0	0	0	0	0	0	0	0	0	0	0	0	0	0	0	0	0	0	0	0	0	0	0
ENSG00000206975	0	0	0	0	0	0	0	0	0	0	0	0	0	0	0	0	0	0	0	0	0	0	0	0	0	0	0	0
ENSG00000206976	3	18	4	31	1	9	0	3	13	28	16	28	0	0	0	19	11	9	21	13	0	18	2	24	4	18	16	6
ENSG00000206978	0	0	0	0	0	0	0	0	0	0	0	0	0	0	0	0	0	0	0	0	0	0	0	0	0	0	0	0
ENSG00000206979	0	0	0	0	0	0	0	0	0	0	0	0	0	0	0	0	0	0	0	0	0	0	0	0	0	0	0	0
ENSG00000206981	0	0	0	0	0	0	0	0	0	0	0	0	0	0	0	0	0	0	0	0	0	0	0	0	0	0	0	0
ENSG00000206982	0	0	0	0	0	0	0	0	0	0	0	0	0	0	0	0	0	0	0	0	0	0	0	0	0	0	0	0
ENSG00000206983	0	0	0	0	0	0	0	0	0	0	0	0	0	0	0	0	0	0	0	0	0	0	0	0	0	0	0	0
ENSG00000206987	0	0	0	0	0	0	0	0	0	0	0	0	0	0	0	0	0	0	0	0	0	0	0	0	0	0	0	0
ENSG00000206989	0	0	0	0	0	0	0	0	0	0	0	0	0	0	0	0	0	0	0	0	0	0	0	0	0	0	0	0
ENSG00000206990	0	0	0	0	0	0	0	0	0	0	0	0	0	0	0	0	0	0	0	0	0	0	0	0	0	0	0	0
ENSG00000206991	0	0	1	2	0	4	1	0	6	5	0	3	0	0	2	6	0	0	1	0	0	0	0	3	1	3	2	2
ENSG00000206992	0	1	0	6	3	4	3	0	0	0	2	0	6	0	3	0	0	2	0	0	1	1	4	3	4	1	3	1
ENSG00000206995	0	0	0	0	0	0	0	0	0	0	0	0	0	0	0	0	0	0	0	0	0	0	0	0	0	0	0	0
ENSG00000206996	0	0	0	0	0	0	0	0	0	0	0	0	0	0	0	0	0	0	0	0	0	0	0	0	0	0	0	0
ENSG00000206997	0	0	0	0	0	0	0	0	0	0	0	0	0	0	0	0	0	0	0	0	0	0	0	0	0	0	0	0
ENSG00000206998	0	0	0	0	0	0	0	0	0	0	0	0	0	0	0	0	0	0	0	0	0	0	0	0	0	0	0	0
ENSG00000206999	0	0	0	0	0	0	0	0	0	0	0	0	0	0	0	0	0	0	0	0	0	0	0	0	0	0	0	0
ENSG00000207000	0	0	0	0	0	0	0	0	0	0	0	0	0	0	0	0	0	0	0	0	0	0	0	0	0	0	0	0
ENSG00000207001	0	0	0	0	0	0	0	0	0	0	0	0	0	0	0	0	0	0	0	0	0	0	0	0	0	0	0	0
ENSG00000207008	0	3	0	0	0	4	2	0	0	0	0	2	2	6	2	0	1	8	0	0	0	0	0	5	1	0	0	2
ENSG00000207013	0	0	0	0	0	0	0	0	0	0	0	0	0	0	0	0	0	0	0	0	0	0	0	0	0	0	0	0
ENSG00000207014	0	0	0	0	0	0	0	0	0	0	0	0	0	0	0	0	0	0	0	0	0	0	0	0	0	0	0	0
ENSG00000207024	0	0	0	0	0	0	0	0	0	0	0	0	0	0	0	0	0	0	0	0	0	0	0	0	0	0	0	0
ENSG00000207025	0	0	0	0	0	0	0	0	0	0	0	0	0	0	0	0	0	0	0	0	0	0	0	0	0	0	0	0
ENSG00000207026	0	0	0	0	0	0	0	0	0	0	0	0	0	0	0	0	0	0	0	0	0	0	0	0	0	0	0	0
ENSG00000207027	0	0	0	0	0	0	0	0	0	0	0	0	0	0	0	0	0	0	0	0	0	0	0	0	0	0	0	0
ENSG00000207034	0	0	0	0	0	0	0	0	0	0	0	0	0	0	0	0	0	0	0	0	0	0	0	0	0	0	0	0
ENSG00000207037	0	0	0	0	0	0	0	0	0	0	0	0	0	0	0	0	0	0	0	0	0	0	0	0	0	0	0	0
ENSG00000207039	0	3	1	1	2	3	0	0	0	0	6	3	1	0	0	0	0	0	0	0	0	0	0	1	0	2	0	0
ENSG00000207042	0	0	0	3	0	3	1	0	0	0	2	1	2	2	0	2	2	1	0	4	0	3	3	2	0	6	0	0
ENSG00000207045	0	0	0	0	0	0	0	0	0	0	0	0	0	0	0	0	0	0	0	0	0	0	0	0	0	0	0	0
ENSG00000207049	0	0	0	0	0	0	0	0	0	0	0	0	0	0	0	0	0	0	0	0	0	0	0	0	0	0	0	0
ENSG00000207051	0	0	0	0	0	0	0	0	0	0	0	0	0	0	0	0	0	0	0	0	0	0	0	0	0	0	0	0
ENSG00000207052	0	0	0	0	0	0	0	0	0	0	0	0	0	0	0	0	0	0	0	0	0	0	0	0	0	0	0	0
ENSG00000207058	0	0	0	0	0	0	0	0	0	0	0	0	0	0	0	0	0	0	0	0	0	0	0	0	0	0	0	0
ENSG00000207060	0	0	0	0	0	0	0	0	0	0	0	0	0	0	0	0	0	0	0	0	0	0	0	0	0	0	0	0
ENSG00000207061	0	0	0	0	0	0	0	0	0	0	0	0	0	0	0	0	0	0	0	0	0	0	0	0	0	0	0	0
ENSG00000207063	0	0	0	0	0	0	0	0	0	0	0	0	0	0	0	0	0	0	0	0	0	0	0	0	0	0	0	0
ENSG00000207065	0	0	0	0	0	0	0	0	0	0	0	0	0	0	0	0	0	0	0	0	0	0	0	0	0	0	0	0
ENSG00000207067	0	0	0	0	0	0	0	0	0	0	0	0	0	0	0	0	0	0	0	0	0	0	0	0	0	0	0	0
ENSG00000207068	0	0	0	0	0	0	0	0	0	0	0	0	0	0	0	0	0	0	0	0	0	0	0	0	0	0	0	0
ENSG00000207071	0	0	0	0	0	0	0	0	0	0	0	0	0	0	0	0	0	0	0	0	0	0	0	0	0	0	0	0
ENSG00000207075	0	0	0	0	0	0	0	0	0	0	0	0	0	0	0	0	0	0	0	0	0	0	0	0	0	0	0	0
ENSG00000207076	0	0	0	0	0	0	0	0	0	0	0	0	0	0	0	0	0	0	0	0	0	0	0	0	0	0	0	0
ENSG00000207080	0	0	0	0	0	0	0	0	0	0	0	0	0	0	0	0	0	0	0	0	0	0	0	0	0	0	0	0
ENSG00000207083	0	0	0	0	0	0	0	0	0	0	0	0	0	0	0	0	0	0	0	0	0	0	0	0	0	0	0	0
ENSG00000207084	0	0	0	0	0	0	0	0	0	0	0	0	0	0	0	0	0	0	0	0	0	0	0	0	0	0	0	0
ENSG00000207091	0	0	0	0	0	0	0	0	0	0	0	0	0	0	0	0	0	0	0	0	0	0	0	0	0	0	0	0
ENSG00000207093	0	0	0	0	0	0	0	0	0	0	0	0	0	0	0	0	0	0	0	0	0	0	0	0	0	0	0	0
ENSG00000207095	0	0	0	0	0	0	0	0	0	0	0	0	0	0	0	0	0	0	0	0	0	0	0	0	0	0	0	0
ENSG00000207097	0	0	0	0	0	0	0	0	0	0	0	0	0	0	0	0	0	0	0	0	0	0	0	0	0	0	0	0
ENSG00000207098	0	0	0	0	0	0	0	0	0	0	0	0	0	0	0	0	0	0	0	0	0	0	0	0	0	0	0	0
ENSG00000207099	0	0	0	0	0	0	0	0	0	0	0	0	0	0	0	0	0	0	0	0	0	0	0	0	0	0	0	0
ENSG00000207100	0	0	0	0	0	0	0	0	0	0	0	0	0	0	0	0	0	0	0	0	0	0	0	0	0	0	0	0
ENSG00000207101	0	0	0	0	0	0	0	0	0	0	0	0	0	0	0	0	0	0	0	0	0	0	0	0	0	0	0	0
ENSG00000207104	0	0	0	0	0	0	0	0	0	0	0	0	0	0	0	0	0	0	0	0	0	0	0	0	0	0	0	0
ENSG00000207108	0	0	0	0	0	0	0	0	0	0	0	0	0	0	0	0	0	0	0	0	0	0	0	0	0	0	0	0
ENSG00000207110	0	0	0	0	0	0	0	0	0	0	0	0	0	0	0	0	0	0	0	0	0	0	0	0	0	0	0	0
ENSG00000207112	0	0	0	0	0	0	0	0	0	0	0	0	0	0	0	0	0	0	0	0	0	0	0	0	0	0	0	0
ENSG00000207114	0	0	0	0	0	0	0	0	0	0	0	0	0	0	0	0	0	0	0	0	0	0	0	0	0	0	0	0
ENSG00000207115	0	0	0	0	0	0	0	0	0	0	0	0	0	0	0	0	0	0	0	0	0	0	0	0	0	0	0	0
ENSG00000207117	0	0	0	1	0	1	2	0	0	0	3	0	0	0	1	0	1	0	0	0	0	0	0	0	0	0	0	0
ENSG00000207118	0	0	0	0	0	0	0	0	0	0	0	0	0	0	0	0	0	0	0	0	0	0	0	0	0	0	0	0
ENSG00000207121	0	0	0	0	0	0	0	0	0	0	0	0	0	0	0	0	0	0	0	0	0	0	0	0	0	0	0	0
ENSG00000207122	0	0	0	0	0	0	0	0	0	0	0	0	0	0	0	0	0	0	0	0	0	0	0	0	0	0	0	0
ENSG00000207123	0	0	0	0	0	0	0	0	0	0	0	0	0	0	0	0	0	0	0	0	0	0	0	0	0	0	0	0
ENSG00000207124	0	0	0	0	0	0	0	0	0	0	0	0	0	0	0	0	0	0	0	0	0	0	0	0	0	0	0	0
ENSG00000207127	0	0	0	0	0	0	0	0	0	0	0	0	0	0	0	0	0	0	0	0	0	0	0	0	0	0	0	0
ENSG00000207129	0	0	0	0	0	0	0	0	0	0	0	0	0	0	0	0	0	0	0	0	0	0	0	0	0	0	0	0
ENSG00000207130	0	0	0	0	0	0	0	0	0	0	0	0	0	0	0	0	0	0	0	0	0	0	0	0	0	0	0	0
ENSG00000207131	0	0	0	0	0	0	0	0	0	0	0	0	0	0	0	0	0	0	0	0	0	0	0	0	0	0	0	0
ENSG00000207132	0	0	0	0	0	0	0	0	0	0	0	0	0	0	0	0	0	0	0	0	0	0	0	0	0	0	0	0
ENSG00000207133	0	0	0	0	0	0	0	0	0	0	0	0	0	0	0	0	0	0	0	0	0	0	0	0	0	0	0	0
ENSG00000207135	0	0	0	0	0	0	0	0	0	0	0	0	0	0	0	0	0	0	0	0	0	0	0	0	0	0	0	0
ENSG00000207137	0	0	0	0	0	0	0	0	0	0	0	0	0	0	0	0	0	0	0	0	0	0	0	0	0	0	0	0
ENSG00000207145	0	0	0	0	0	0	0	0	0	0	0	0	0	0	0	0	0	0	0	0	0	0	0	0	0	0	0	0
ENSG00000207146	0	4	11	4	0	6	31	28	12	8	3	14	31	45	0	0	7	0	7	12	7	12	20	3	24	3	20	2
ENSG00000207147	0	0	0	0	0	0	0	0	0	0	0	0	0	0	0	0	0	0	0	0	0	0	0	0	0	0	0	0
ENSG00000207148	0	0	0	0	0	0	0	0	0	0	0	0	0	0	0	0	0	0	0	0	0	0	0	0	0	0	0	0
ENSG00000207149	0	0	0	0	0	0	0	0	0	0	0	0	0	0	0	0	0	0	0	0	0	0	0	0	0	0	0	0
ENSG00000207150	0	0	0	0	0	0	0	0	0	0	0	0	0	0	0	0	0	0	0	0	0	0	0	0	0	0	0	0
ENSG00000207154	0	0	0	0	0	0	0	0	0	0	0	0	0	0	0	0	0	0	0	0	0	0	0	0	0	0	0	0
ENSG00000207156	0	0	0	0	0	0	0	0	0	0	0	0	0	0	0	0	0	0	0	0	0	0	0	0	0	0	0	0
ENSG00000207157	0	0	0	0	0	0	0	0	0	0	0	0	0	0	0	0	0	0	0	0	0	0	0	0	0	0	0	0
ENSG00000207158	0	0	0	0	0	0	0	0	0	0	0	0	0	0	0	0	0	0	0	0	0	0	0	0	0	0	0	0
ENSG00000207161	0	0	0	0	0	0	0	0	0	0	0	0	0	0	0	0	0	0	0	0	0	0	0	0	0	0	0	0
ENSG00000207163	0	0	0	0	0	0	0	0	0	0	0	0	0	0	0	0	0	0	0	0	0	0	0	0	0	0	0	0
ENSG00000207164	0	0	0	0	0	0	0	0	0	0	0	0	0	0	0	0	0	0	0	0	0	0	0	0	0	0	0	0
ENSG00000207165	0	0	0	0	0	0	0	0	0	0	0	0	0	0	0	0	0	0	0	0	0	0	0	0	0	0	0	0
ENSG00000207166	0	0	0	0	0	0	0	0	0	0	0	0	0	0	0	0	0	0	0	0	0	0	0	0	0	0	0	0
ENSG00000207169	0	0	0	0	0	0	0	0	0	0	0	0	0	0	0	0	0	0	0	0	0	0	0	0	0	0	0	0
ENSG00000207170	0	0	0	0	0	2	0	0	0	1	0	0	14	1	0	0	0	0	0	0	0	0	13	0	0	1	0	6
ENSG00000207173	0	0	0	0	0	0	0	0	0	0	0	0	0	0	0	0	0	0	0	0	0	0	0	0	0	0	0	0
ENSG00000207174	0	0	0	0	0	0	0	0	0	0	0	0	0	0	0	0	0	0	0	0	0	0	0	0	0	0	0	0
ENSG00000207178	0	0	0	0	0	0	0	0	0	0	0	0	0	0	0	0	0	0	0	0	0	0	0	0	0	0	0	0
ENSG00000207180	0	0	0	0	0	0	0	0	0	0	0	0	0	0	0	0	0	0	0	0	0	0	0	0	0	0	0	0
ENSG00000207181	0	0	1	8	0	3	2	8	3	0	4	2	0	0	6	0	0	0	0	4	0	0	0	1	0	0	0	4
ENSG00000207183	0	0	0	0	0	0	0	0	0	0	0	0	0	0	0	0	0	0	0	0	0	0	0	0	0	0	0	0
ENSG00000207187	0	0	0	0	0	0	0	0	0	0	0	0	0	0	0	0	0	0	0	0	0	0	0	0	0	0	0	0
ENSG00000207190	0	0	0	0	0	0	0	0	0	0	0	0	0	0	0	0	0	0	0	0	0	0	0	0	0	0	0	0
ENSG00000207192	0	0	0	0	0	0	0	0	0	0	0	0	0	0	0	0	0	0	0	0	0	0	0	0	0	0	0	0
ENSG00000207193	0	0	0	0	0	0	0	0	0	0	0	0	0	0	0	0	0	0	0	0	0	0	0	0	0	0	0	0
ENSG00000207197	0	0	0	0	0	0	0	0	0	0	0	0	0	0	0	0	0	0	0	0	0	0	0	0	0	0	0	0
ENSG00000207198	0	0	0	0	0	0	0	0	0	0	0	0	0	0	0	0	0	0	0	0	0	0	0	0	0	0	0	0
ENSG00000207201	0	0	0	0	0	0	0	0	0	0	0	0	0	0	0	0	0	0	0	0	0	0	0	0	0	0	0	0
ENSG00000207204	0	0	0	0	0	0	0	0	0	0	0	0	0	0	0	0	0	0	0	0	0	0	0	0	0	0	0	0
ENSG00000207207	0	0	0	0	0	0	0	0	0	0	0	0	0	0	0	0	0	0	0	0	0	0	0	0	0	0	0	0
ENSG00000207209	0	0	0	0	0	0	0	0	0	0	0	0	0	0	0	0	0	0	0	0	0	0	0	0	0	0	0	0
ENSG00000207210	0	0	0	0	0	0	0	0	0	0	0	0	0	0	0	0	0	0	0	0	0	0	0	0	0	0	0	0
ENSG00000207214	0	0	0	0	0	0	0	0	0	0	0	0	0	0	0	0	0	0	0	0	0	0	0	0	0	0	0	0
ENSG00000207215	0	0	0	0	0	0	0	0	0	0	0	0	0	0	0	0	0	0	0	0	0	0	0	0	0	0	0	0
ENSG00000207218	0	0	0	0	0	0	0	0	0	0	0	0	0	0	0	0	0	0	0	0	0	0	0	0	0	0	0	0
ENSG00000207220	0	0	0	0	0	0	0	0	0	0	0	0	0	0	0	0	0	0	0	0	0	0	0	0	0	0	0	0
ENSG00000207223	0	1	0	4	0	1	2	2	0	0	0	3	6	2	1	0	0	0	1	2	0	0	0	4	0	9	3	0
ENSG00000207225	0	0	0	0	0	0	0	0	0	0	0	0	0	0	0	0	0	0	0	0	0	0	0	0	0	0	0	0
ENSG00000207227	0	0	0	0	0	0	0	0	0	0	0	0	0	0	0	0	0	0	0	0	0	0	0	0	0	0	0	0
ENSG00000207229	0	0	0	0	0	0	0	0	0	0	0	0	0	0	0	0	0	0	0	0	0	0	0	0	0	0	0	0
ENSG00000207231	0	3	1	5	0	0	0	6	0	0	0	0	1	16	0	0	3	0	4	0	3	0	7	1	1	1	1	0
ENSG00000207235	0	0	0	1	0	5	0	0	2	0	3	0	0	2	0	0	0	7	13	2	0	4	3	1	2	4	1	0
ENSG00000207240	0	0	0	0	0	0	0	0	0	0	0	0	0	0	0	0	0	0	0	0	0	0	0	0	0	0	0	0
ENSG00000207241	0	0	0	0	0	0	0	0	0	0	0	0	0	0	0	0	0	0	0	0	0	0	0	0	0	0	0	0
ENSG00000207243	0	0	0	0	0	0	0	0	0	0	0	0	0	0	0	0	0	0	0	0	0	0	0	0	0	0	0	0
ENSG00000207244	0	0	0	0	0	0	0	0	0	0	0	0	0	0	0	0	0	0	0	0	0	0	0	0	0	0	0	0
ENSG00000207245	0	0	0	0	0	0	0	0	0	0	0	0	0	0	0	0	0	0	0	0	0	0	0	0	0	0	0	0
ENSG00000207247	0	0	0	0	0	0	0	0	0	0	0	0	0	0	0	0	0	0	0	0	0	0	0	0	0	0	0	0
ENSG00000207249	0	0	0	0	0	0	0	0	0	0	0	0	0	0	0	0	0	0	0	0	0	0	0	0	0	0	0	0
ENSG00000207252	0	0	0	0	0	0	0	0	0	0	0	0	0	0	0	0	0	0	0	0	0	0	0	0	0	0	0	0
ENSG00000207257	0	0	0	0	0	0	0	0	0	0	0	0	0	0	0	0	0	0	0	0	0	0	0	0	0	0	0	0
ENSG00000207261	0	0	0	0	0	0	0	0	0	0	0	0	0	0	0	0	0	0	0	0	0	0	0	0	0	0	0	0
ENSG00000207263	0	0	0	0	0	0	0	0	0	0	0	0	0	0	0	0	0	0	0	0	0	0	0	0	0	0	0	0
ENSG00000207264	0	0	0	0	0	0	0	0	0	0	0	0	0	0	0	0	0	0	0	0	0	0	0	0	0	0	0	0
ENSG00000207269	0	0	0	0	0	0	0	0	0	0	0	0	0	0	0	0	0	0	0	0	0	0	0	0	0	0	0	0
ENSG00000207270	0	0	0	0	0	0	0	0	0	0	0	0	0	0	0	0	0	0	0	0	0	0	0	0	0	0	0	0
ENSG00000207271	0	0	0	0	0	0	0	0	0	0	0	0	0	0	0	0	0	0	0	0	0	0	0	0	0	0	0	0
ENSG00000207274	0	0	0	0	0	0	0	0	0	0	0	0	0	0	0	0	0	0	0	0	0	0	0	0	0	0	0	0
ENSG00000207275	0	0	0	0	0	0	0	0	0	0	0	0	0	0	0	0	0	0	0	0	0	0	0	0	0	0	0	0
ENSG00000207276	0	5	0	2	1	4	0	0	1	2	0	1	0	3	0	0	8	0	1	0	0	0	0	2	1	3	2	1
ENSG00000207277	0	0	0	0	0	0	0	0	0	0	0	0	0	0	0	0	0	0	0	0	0	0	0	0	0	0	0	0
ENSG00000207278	0	0	0	0	0	0	0	0	0	0	0	0	0	0	0	0	0	0	0	0	0	0	0	0	0	0	0	0
ENSG00000207279	0	0	0	0	0	0	0	0	0	0	0	0	0	0	0	0	0	0	0	0	0	0	0	0	0	0	0	0
ENSG00000207280	0	0	0	0	0	0	0	0	0	0	0	0	0	0	0	0	0	0	0	0	0	0	0	0	0	0	0	0
ENSG00000207282	0	0	0	0	0	0	0	0	0	0	0	0	0	0	0	0	0	0	0	0	0	0	0	0	0	0	0	0
ENSG00000207283	0	0	0	0	0	0	0	0	0	0	0	0	0	0	0	0	0	0	0	0	0	0	0	0	0	0	0	0
ENSG00000207287	0	0	0	0	0	0	0	0	0	0	0	0	0	0	0	0	0	0	0	0	0	0	0	0	0	0	0	0
ENSG00000207289	0	0	0	0	0	0	0	0	0	0	0	0	0	0	0	0	0	0	0	0	0	0	0	0	0	0	0	0
ENSG00000207291	0	4	3	4	0	0	0	0	0	0	0	2	10	0	5	1	4	3	6	6	11	8	0	3	2	4	5	2
ENSG00000207294	0	0	0	0	0	0	0	0	0	0	0	0	0	0	0	0	0	0	0	0	0	0	0	0	0	0	0	0
ENSG00000207296	0	0	0	0	0	0	0	0	0	0	0	0	0	0	0	0	0	0	0	0	0	0	0	0	0	0	0	0
ENSG00000207298	0	0	0	0	0	0	0	0	0	0	0	0	0	0	0	0	0	0	0	0	0	0	0	0	0	0	0	0
ENSG00000207300	0	0	0	0	0	0	0	0	0	0	0	0	0	0	0	0	0	0	0	0	0	0	0	0	0	0	0	0
ENSG00000207302	0	0	0	0	0	0	0	0	0	0	0	0	0	0	0	0	0	0	0	0	0	0	0	0	0	0	0	0
ENSG00000207303	0	0	0	0	0	0	0	0	0	0	0	0	0	0	0	0	0	0	0	0	0	0	0	0	0	0	0	0
ENSG00000207304	0	0	0	0	0	0	0	0	0	0	0	0	0	0	0	0	0	0	0	0	0	0	0	0	0	0	0	0
ENSG00000207307	0	0	0	0	0	0	0	0	1	0	0	0	0	0	0	0	0	0	0	0	0	0	0	0	0	0	0	0
ENSG00000207309	0	0	0	0	0	0	0	0	0	0	0	0	0	0	0	0	0	0	0	0	0	0	0	0	0	0	0	0
ENSG00000207316	0	0	0	0	0	0	0	0	0	0	0	0	0	0	0	0	0	0	0	0	0	0	0	0	0	0	0	0
ENSG00000207317	0	0	0	0	0	0	0	0	0	0	0	0	0	0	0	0	0	0	0	0	0	0	0	0	0	0	0	0
ENSG00000207318	0	0	0	0	0	0	0	0	0	0	0	0	0	0	0	0	0	0	0	0	0	0	0	0	0	0	0	0
ENSG00000207321	0	0	0	0	0	0	0	0	0	0	0	0	0	0	0	0	0	0	0	0	0	0	0	0	0	0	0	0
ENSG00000207326	0	31	0	18	15	10	0	0	2	4	6	9	3	0	3	5	24	22	15	0	11	0	10	20	0	69	2	4
ENSG00000207328	0	0	0	0	0	0	0	0	0	0	0	0	0	0	0	0	0	0	0	0	0	0	0	0	0	0	0	0
ENSG00000207330	0	0	0	0	0	0	0	0	0	0	0	0	0	0	0	0	0	0	0	0	0	0	0	0	0	0	0	0
ENSG00000207332	0	0	0	0	0	0	0	0	0	0	0	0	0	0	0	0	0	0	0	0	0	0	0	0	0	0	0	0
ENSG00000207334	0	0	0	0	0	0	0	0	0	0	0	0	0	0	0	0	0	0	0	0	0	0	0	0	0	0	0	0
ENSG00000207338	0	0	0	0	0	0	0	0	0	0	0	0	0	0	0	0	0	0	0	0	0	0	0	0	0	0	0	0
ENSG00000207341	0	0	0	0	0	0	0	0	0	0	0	0	0	0	0	0	0	0	0	0	0	0	0	0	0	0	0	0
ENSG00000207343	0	0	0	0	0	0	0	0	0	0	0	0	0	0	0	0	0	0	0	0	0	0	0	0	0	0	0	0
ENSG00000207349	0	0	0	0	0	0	0	0	0	0	0	0	0	0	0	0	0	0	0	0	0	0	0	0	0	0	0	0
ENSG00000207352	0	1	2	0	0	0	15	4	0	5	0	0	3	0	0	0	0	0	0	0	0	5	0	0	2	1	0	0
ENSG00000207355	0	0	0	0	0	0	0	0	0	0	0	0	0	0	0	0	0	0	0	0	0	0	0	0	0	0	0	0
ENSG00000207356	0	0	0	0	0	0	0	0	0	0	0	0	0	0	0	0	0	0	0	0	0	0	0	0	0	0	0	0
ENSG00000207357	0	0	0	2	3	0	0	0	1	0	2	0	1	1	2	0	6	2	0	3	9	0	8	1	1	2	0	0
ENSG00000207361	0	0	0	0	0	0	0	0	0	0	0	0	0	0	0	0	0	0	0	0	0	0	0	0	0	0	0	0
ENSG00000207366	0	0	0	0	0	0	0	0	0	0	0	0	0	0	0	0	0	0	0	0	0	0	0	0	0	0	0	0
ENSG00000207375	0	0	0	0	0	0	0	0	0	0	0	0	0	0	0	0	0	0	0	0	0	0	0	0	0	0	0	0
ENSG00000207379	0	0	0	0	0	0	0	0	0	0	0	0	0	0	0	0	0	0	0	0	0	0	0	0	0	0	0	0
ENSG00000207381	0	0	0	0	0	0	0	0	0	0	0	0	0	0	0	0	0	0	0	0	0	0	0	0	0	0	0	0
ENSG00000207383	0	0	0	0	0	0	0	0	0	0	0	0	0	0	0	0	0	0	0	0	0	0	0	0	0	0	0	0
ENSG00000207387	0	0	0	0	0	0	0	0	0	0	0	0	0	0	0	0	0	0	0	0	0	0	0	0	0	0	0	0
ENSG00000207389	0	0	0	0	0	0	0	0	0	0	0	0	0	0	0	0	0	0	0	0	0	0	0	0	0	0	0	0
ENSG00000207391	0	0	0	0	0	0	0	0	0	0	0	0	0	0	0	0	0	0	0	0	0	0	0	0	0	0	0	0
ENSG00000207394	0	0	0	0	0	0	0	0	0	0	0	0	0	0	0	0	0	0	0	0	0	0	0	0	0	0	0	0
ENSG00000207395	0	0	0	0	0	0	0	0	0	0	0	0	0	0	0	0	0	0	0	0	0	0	0	0	0	0	0	0
ENSG00000207397	0	0	0	0	0	0	0	0	0	0	0	0	0	0	0	0	0	0	0	0	0	0	0	0	0	0	0	0
ENSG00000207403	0	0	0	0	0	0	0	0	0	0	0	0	0	0	0	0	0	0	0	0	0	0	0	0	0	0	0	0
ENSG00000207404	0	0	0	0	0	0	0	0	0	0	0	0	0	0	0	0	0	0	0	0	0	0	0	0	0	0	0	0
ENSG00000207405	0	0	0	0	0	0	0	0	0	0	0	0	0	0	0	0	0	0	0	0	0	0	0	0	0	0	0	0
ENSG00000207406	0	0	0	0	0	0	0	0	0	0	0	0	0	0	0	0	0	0	0	0	0	0	0	0	0	0	0	0
ENSG00000207407	0	0	0	0	0	0	0	0	0	0	0	0	0	0	0	0	0	0	0	0	0	0	0	0	0	0	0	0
ENSG00000207410	0	0	0	0	0	0	0	0	0	0	0	0	0	0	0	0	0	0	0	0	0	0	0	0	0	0	0	0
ENSG00000207411	0	0	0	0	0	0	0	0	0	0	0	0	0	0	0	0	0	0	0	0	0	0	0	0	0	0	0	0
ENSG00000207415	0	0	0	0	0	0	0	0	0	0	0	0	0	0	0	0	0	0	0	0	0	0	0	0	0	0	0	0
ENSG00000207419	0	0	0	0	0	0	0	0	0	0	0	0	0	0	0	0	0	0	0	0	0	0	0	0	0	0	0	0
ENSG00000207420	0	0	0	0	0	0	0	0	0	0	0	0	0	0	0	0	0	0	0	0	0	0	0	0	0	0	0	0
ENSG00000207421	0	0	0	0	0	0	0	0	0	0	0	0	0	0	0	0	0	0	0	0	0	0	0	0	0	0	0	0
ENSG00000207422	0	0	0	0	0	0	0	0	0	0	0	0	0	0	0	0	0	0	0	0	0	0	0	0	0	0	0	0
ENSG00000207425	58	62	0	0	0	0	0	0	46	36	40	45	2	0	0	48	0	0	0	0	0	57	46	0	0	1	36	0
ENSG00000207428	0	11	0	2	0	8	0	0	0	14	3	4	0	0	0	0	0	0	0	0	0	0	0	2	2	0	2	0
ENSG00000207430	0	0	0	0	0	0	0	0	0	0	0	0	0	0	0	0	0	0	0	0	0	0	0	0	0	0	0	0
ENSG00000207432	0	0	0	0	0	0	0	0	0	0	0	0	0	0	0	0	0	0	0	0	0	0	0	0	0	0	0	0
ENSG00000207433	0	0	0	0	0	0	0	0	0	0	0	0	0	0	0	0	0	0	0	0	0	0	0	0	0	0	0	0
ENSG00000207434	0	0	0	0	0	0	0	0	0	0	0	0	0	0	0	0	0	0	0	0	0	0	0	0	0	0	0	0
ENSG00000207435	0	0	0	0	0	0	0	0	0	0	0	0	0	0	0	0	0	0	0	0	0	0	0	0	0	0	0	0
ENSG00000207438	0	6	0	0	0	4	10	0	0	11	1	5	3	4	0	0	0	0	1	0	1	0	0	4	0	0	3	0
ENSG00000207439	0	0	0	0	0	0	0	0	0	0	0	0	0	0	0	0	0	0	0	0	0	0	0	0	0	0	0	0
ENSG00000207440	11	0	0	5	2	2	3	1	0	0	2	4	0	2	0	8	1	0	1	0	1	0	0	6	0	0	0	0
ENSG00000207441	0	0	0	0	0	0	0	0	0	0	0	0	0	0	0	0	0	0	0	0	0	0	0	0	0	0	0	0
ENSG00000207442	0	0	0	0	0	0	0	0	0	0	0	0	0	0	0	0	0	0	0	0	0	0	0	0	0	0	0	0
ENSG00000207443	0	0	0	0	0	0	0	0	0	0	0	0	0	0	0	0	0	0	0	0	0	0	0	0	0	0	0	0
ENSG00000207445	0	0	0	9	2	1	0	0	0	0	0	9	0	2	0	3	4	0	6	0	0	7	0	2	1	1	1	3
ENSG00000207452	0	5	1	1	0	3	4	1	1	0	1	2	2	1	0	0	1	0	1	0	0	0	0	4	4	4	2	0
ENSG00000207453	0	0	0	0	0	0	0	0	0	0	0	0	0	0	0	0	0	0	0	0	0	0	0	0	0	0	0	0
ENSG00000207456	0	0	0	0	0	0	0	0	0	0	0	0	0	0	0	0	0	0	0	0	0	0	0	0	0	0	0	0
ENSG00000207458	0	0	0	0	0	0	0	0	0	0	0	0	0	0	0	0	0	0	0	0	0	0	0	0	0	0	0	0
ENSG00000207459	0	0	0	0	0	0	0	0	0	0	0	0	0	0	0	0	0	0	0	0	0	0	0	0	0	0	0	0
ENSG00000207460	0	0	0	0	0	0	0	0	0	0	0	0	0	0	0	0	0	0	0	0	0	0	0	0	0	0	0	0
ENSG00000207461	0	0	0	0	0	0	0	0	0	0	0	0	0	0	0	0	0	0	0	0	0	0	0	0	0	0	0	0
ENSG00000207462	0	0	0	0	0	0	0	0	0	0	0	0	0	0	0	0	0	0	0	0	0	0	0	0	0	0	0	0
ENSG00000207466	0	0	0	0	0	0	0	0	0	0	0	0	0	0	0	0	0	0	0	0	0	0	0	0	0	0	0	0
ENSG00000207467	0	0	0	0	0	0	0	0	0	0	0	0	0	0	0	0	0	0	0	0	0	0	0	0	0	0	0	0
ENSG00000207468	0	2	0	1	0	2	1	0	0	0	0	2	0	5	2	0	3	0	3	0	0	4	0	1	5	0	6	1
ENSG00000207472	0	0	0	0	0	0	0	0	0	0	0	0	0	0	0	0	0	0	0	0	0	0	0	0	0	0	0	0
ENSG00000207474	0	0	0	0	0	0	0	0	0	0	0	0	0	0	0	0	0	0	0	0	0	0	0	0	0	0	0	0
ENSG00000207476	0	0	0	0	0	0	0	0	0	0	0	0	0	0	0	0	0	0	0	0	0	0	0	0	0	0	0	0
ENSG00000207481	0	0	0	0	0	0	0	0	0	0	0	0	0	0	0	0	0	0	0	0	0	0	0	0	0	0	0	0
ENSG00000207483	0	0	0	0	0	0	0	0	0	0	0	0	0	0	0	0	0	0	0	0	0	0	0	0	0	0	0	0
ENSG00000207486	0	0	0	0	0	0	0	0	0	0	0	0	0	0	0	0	0	0	0	0	0	0	0	0	0	0	0	0
ENSG00000207488	1	27	1	8	5	4	0	0	2	34	0	3	2	0	5	0	24	3	41	0	0	11	2	23	3	10	4	3
ENSG00000207492	0	0	0	0	0	0	0	0	0	0	0	0	0	0	0	0	0	0	0	0	0	0	0	0	0	0	0	0
ENSG00000207495	0	0	0	0	0	0	0	0	0	0	0	0	0	0	0	0	0	0	0	0	0	0	0	0	0	0	0	0
ENSG00000207496	0	0	0	0	0	0	0	0	0	0	0	0	0	0	0	0	0	0	0	0	0	0	0	0	0	0	0	0
ENSG00000207500	0	0	0	0	0	0	0	0	0	0	0	0	0	0	0	0	0	0	0	0	0	0	0	0	0	0	0	0
ENSG00000207501	0	0	0	0	0	0	0	0	0	0	0	0	0	0	0	0	0	0	0	0	0	0	0	0	0	0	0	0
ENSG00000207502	0	0	0	0	0	0	0	0	0	0	0	0	0	0	0	0	0	0	0	0	0	0	0	0	0	0	0	0
ENSG00000207504	0	0	0	0	0	0	0	0	0	0	0	0	0	0	0	0	0	0	0	0	0	0	0	0	0	0	0	0
ENSG00000207505	0	0	0	0	0	0	0	0	0	0	0	0	0	0	0	0	0	0	0	0	0	0	0	0	0	0	0	0
ENSG00000207508	0	0	0	0	0	0	0	5	3	15	0	1	0	3	0	3	0	0	0	1	0	0	0	3	0	3	2	0
ENSG00000207511	0	0	0	0	0	0	0	0	0	0	0	0	0	0	0	0	0	0	0	0	0	0	0	0	0	0	0	0
ENSG00000207512	1	3	0	2	0	1	0	4	3	5	6	0	0	0	2	2	2	0	2	2	0	0	5	5	0	1	2	2
ENSG00000207513	0	0	0	0	0	0	0	0	0	0	0	0	0	0	0	0	0	0	0	0	0	0	0	0	0	0	0	0
ENSG00000207515	0	0	0	0	0	0	0	0	0	0	0	0	0	0	0	0	0	0	0	0	0	0	0	0	0	0	0	0
ENSG00000207525	0	3	0	1	2	1	4	3	0	0	0	0	1	1	1	0	5	2	0	1	1	3	1	5	1	5	0	7
ENSG00000207546	0	0	0	0	0	0	0	0	0	0	0	0	0	0	0	0	0	0	0	0	0	0	0	0	0	0	0	0
ENSG00000207548	0	0	0	0	0	0	0	0	0	0	0	0	0	0	0	0	0	0	0	0	0	0	0	0	0	0	0	0
ENSG00000207549	0	0	0	0	0	0	0	0	0	0	0	0	0	0	0	0	0	0	0	0	0	0	0	0	0	0	0	0
ENSG00000207552	0	0	0	0	0	0	0	0	0	0	0	0	0	0	0	0	0	0	0	0	0	0	0	0	0	0	0	0
ENSG00000207562	0	0	0	0	0	0	0	0	0	0	0	0	0	0	0	0	0	0	0	0	0	0	0	0	0	0	0	0
ENSG00000207563	0	1	6	3	0	2	1	0	1	8	3	1	2	1	0	1	0	0	2	1	0	0	0	3	1	0	1	1
ENSG00000207568	0	0	0	0	0	0	0	0	0	0	0	0	0	0	0	0	0	0	0	0	0	0	0	0	0	0	0	0
ENSG00000207569	0	0	0	0	0	0	0	0	0	0	0	0	0	0	0	0	0	0	0	0	0	0	0	0	0	0	0	0
ENSG00000207573	0	0	0	0	0	0	0	0	0	0	0	0	0	0	0	0	0	0	0	0	0	0	0	0	0	0	0	0
ENSG00000207577	0	0	0	0	0	0	0	0	0	0	0	0	0	0	0	0	0	0	0	0	0	0	0	0	0	0	0	0
ENSG00000207579	0	0	0	0	0	0	0	0	0	0	0	0	0	0	0	0	0	0	0	0	0	0	0	0	0	0	0	0
ENSG00000207580	0	0	0	0	0	0	0	0	0	0	0	0	0	0	0	0	0	0	0	0	0	0	0	0	0	0	0	0
ENSG00000207586	0	0	0	0	0	0	0	0	0	0	0	0	0	0	0	0	0	0	0	0	0	0	0	0	0	0	0	0
ENSG00000207587	0	0	0	0	0	0	0	0	0	0	0	0	0	0	0	0	0	0	0	0	0	0	0	0	0	0	0	0
ENSG00000207589	0	0	0	0	0	0	0	0	0	0	0	0	0	0	0	0	0	0	0	0	0	0	0	0	0	0	0	0
ENSG00000207594	0	0	0	0	0	0	0	0	0	0	0	0	0	0	0	0	0	0	0	0	0	0	0	0	0	0	0	0
ENSG00000207597	0	0	0	0	0	0	0	0	0	0	0	0	0	0	0	0	0	0	0	0	0	0	0	0	0	0	0	0
ENSG00000207598	0	0	0	0	0	0	0	0	0	0	0	0	0	0	0	0	0	0	0	0	0	0	0	0	0	0	0	0
ENSG00000207605	0	0	0	0	0	0	0	0	0	0	0	0	0	0	0	0	0	0	0	0	0	0	0	0	0	0	0	0
ENSG00000207608	0	0	0	0	0	0	0	0	0	0	0	0	0	0	0	0	0	0	0	0	0	0	0	0	0	0	0	0
ENSG00000207613	0	0	0	0	0	0	0	0	0	0	0	0	0	0	0	0	0	0	0	0	0	0	0	0	0	0	0	0
ENSG00000207615	0	0	0	0	0	0	0	0	0	0	0	0	0	0	0	0	0	0	0	0	0	0	0	0	0	0	0	0
ENSG00000207616	0	0	0	0	0	0	0	0	0	0	0	0	0	0	0	0	0	0	0	0	0	0	0	0	0	0	0	0
ENSG00000207617	0	0	0	0	0	0	0	0	0	0	0	0	0	0	0	0	0	0	0	0	0	0	0	0	0	0	0	0
ENSG00000207619	0	0	0	0	0	0	0	0	0	0	0	0	0	0	0	0	0	0	0	0	0	0	0	0	0	0	0	0
ENSG00000207620	0	0	0	0	0	0	0	0	0	0	0	0	0	0	0	0	0	0	0	0	0	0	0	0	0	0	0	0
ENSG00000207628	0	0	0	0	0	0	0	0	0	0	0	0	0	0	0	0	0	0	0	0	0	0	0	0	0	0	0	0
ENSG00000207629	0	0	0	0	0	0	0	0	0	0	0	0	0	0	0	0	0	0	0	0	0	0	0	0	0	0	0	0
ENSG00000207630	0	0	0	0	0	0	0	0	0	0	0	0	0	0	0	0	0	0	0	0	0	0	0	0	0	0	0	0
ENSG00000207634	0	0	0	0	0	0	0	0	0	0	0	0	0	0	0	0	0	0	0	0	0	0	0	0	0	0	0	0
ENSG00000207639	0	0	0	0	0	0	0	0	0	0	0	0	0	0	0	0	0	0	0	0	0	0	0	0	0	0	0	0
ENSG00000207641	0	0	0	0	0	0	0	0	0	0	0	0	0	0	0	0	0	0	0	0	0	0	0	0	0	0	0	0
ENSG00000207644	0	0	0	0	0	0	0	0	0	0	0	0	0	0	0	0	0	0	0	0	0	0	0	0	0	0	0	0
ENSG00000207645	0	0	0	0	0	0	0	0	0	0	0	0	0	0	0	0	0	0	0	0	0	0	0	0	0	0	0	0
ENSG00000207646	0	0	0	0	0	0	0	0	0	0	0	0	0	0	0	0	0	0	0	0	0	0	0	0	0	0	0	0
ENSG00000207647	0	0	0	0	0	0	0	0	0	0	0	0	0	0	0	0	0	0	0	0	0	0	0	0	0	0	0	0
ENSG00000207649	0	0	0	0	0	0	0	0	0	0	0	0	0	0	0	0	0	0	0	0	0	0	0	0	0	0	0	0
ENSG00000207652	0	0	0	0	0	0	0	0	0	0	0	0	0	0	0	0	0	0	0	0	0	0	0	0	0	0	0	0
ENSG00000207656	0	0	0	0	0	0	0	0	0	0	0	0	0	0	0	0	0	0	0	0	0	0	0	0	0	0	0	0
ENSG00000207688	0	0	0	0	0	0	0	0	0	0	0	0	0	0	0	0	0	0	0	0	0	0	0	0	0	0	0	0
ENSG00000207689	0	0	0	0	0	0	0	0	0	0	0	0	0	0	0	0	0	0	0	0	0	0	0	0	0	0	0	0
ENSG00000207691	0	0	0	0	0	0	0	0	0	0	0	0	0	0	0	0	0	0	0	0	0	0	0	0	0	0	0	0
ENSG00000207692	0	0	0	0	0	0	0	0	0	0	0	0	0	0	0	0	0	0	0	0	0	0	0	0	0	0	0	0
ENSG00000207695	0	0	0	0	0	0	0	0	0	0	0	0	0	0	0	0	0	0	0	0	0	0	0	0	0	0	0	0
ENSG00000207699	0	0	0	0	0	0	0	0	0	0	0	0	0	0	0	0	0	0	0	0	0	0	0	0	0	0	0	0
ENSG00000207702	0	0	0	0	0	0	0	0	0	0	0	0	0	0	0	0	0	0	0	0	0	0	0	0	0	0	0	0
ENSG00000207704	0	0	0	0	0	0	0	0	0	0	0	0	0	0	0	0	0	0	0	0	0	0	0	0	0	0	0	0
ENSG00000207705	0	0	0	0	0	0	0	0	0	0	0	0	0	0	0	0	0	0	0	0	0	0	0	0	0	0	0	0
ENSG00000207711	0	0	0	0	0	0	0	0	0	0	0	0	0	0	0	0	0	0	0	0	0	0	0	0	0	0	0	0
ENSG00000207716	0	0	0	0	0	0	0	0	0	0	0	0	0	0	0	0	0	0	0	0	0	0	0	0	0	0	0	0
ENSG00000207717	0	0	0	0	0	0	0	0	0	0	0	0	0	0	0	0	0	0	0	0	0	0	0	0	0	0	0	0
ENSG00000207726	0	0	0	0	0	0	0	0	0	0	0	0	0	0	0	0	0	0	0	0	0	0	0	0	0	0	0	0
ENSG00000207731	0	0	0	0	0	0	0	0	0	0	0	0	0	0	0	0	0	0	0	0	0	0	0	0	0	0	0	0
ENSG00000207734	0	0	0	0	0	0	0	0	0	0	0	0	0	0	0	0	0	0	0	0	0	0	0	0	0	0	0	0
ENSG00000207735	0	0	0	0	0	0	0	0	0	0	0	0	0	0	0	0	0	0	0	0	0	0	0	0	0	0	0	0
ENSG00000207738	0	0	0	0	0	0	0	0	0	0	0	0	0	0	0	0	0	0	0	0	0	0	0	0	0	0	0	0
ENSG00000207742	0	0	0	0	0	0	0	0	0	0	0	0	0	0	0	0	0	0	0	0	0	0	0	0	0	0	0	0
ENSG00000207749	0	0	0	0	0	0	0	0	0	0	0	0	0	0	0	0	0	0	0	0	0	0	0	0	0	0	0	0
ENSG00000207754	0	0	0	0	0	0	0	0	0	0	0	0	0	0	0	0	0	0	0	0	0	0	0	0	0	0	0	0
ENSG00000207755	0	0	0	0	0	0	0	0	0	0	0	0	0	0	0	0	0	0	0	0	0	0	0	0	0	0	0	0
ENSG00000207756	0	0	0	0	0	0	0	0	0	0	0	0	0	0	0	0	0	0	0	0	0	0	0	0	0	0	0	0
ENSG00000207758	16	0	0	4	1	4	0	0	0	2	2	0	0	0	0	2	0	0	2	0	0	0	0	6	2	6	0	0
ENSG00000207759	0	0	0	0	0	0	0	0	0	0	0	0	0	0	0	0	0	0	0	0	0	0	0	0	0	0	0	0
ENSG00000207761	0	0	0	0	0	0	0	0	0	0	0	0	0	0	0	0	0	0	0	0	0	0	0	0	0	0	0	0
ENSG00000207762	0	0	0	0	0	0	0	0	0	0	0	0	0	0	0	0	0	0	0	0	0	0	0	0	0	0	0	0
ENSG00000207763	0	0	0	0	0	0	0	0	0	0	0	0	0	0	0	0	0	0	0	0	0	0	0	0	0	0	0	0
ENSG00000207766	0	0	0	0	0	0	0	0	0	0	0	0	0	0	0	0	0	0	0	0	0	0	0	0	0	0	0	0
ENSG00000207767	0	0	0	0	0	0	0	0	0	0	0	0	0	0	0	0	0	0	0	0	0	0	0	0	0	0	0	0
ENSG00000207768	0	2	0	0	0	0	0	0	0	0	0	0	0	0	0	0	0	0	0	0	0	0	0	0	0	0	0	0
ENSG00000207769	0	0	0	0	0	0	0	0	0	0	0	0	0	0	0	0	0	0	0	0	0	0	0	0	0	0	0	0
ENSG00000207771	0	0	0	0	0	0	0	0	0	0	0	0	0	0	0	0	0	0	0	0	0	0	0	0	0	0	0	0
ENSG00000207776	0	0	0	0	0	0	0	0	0	0	0	0	0	0	0	0	0	0	0	0	0	0	0	0	0	0	0	0
ENSG00000207778	0	0	0	0	0	0	0	0	0	0	0	0	0	0	0	0	0	0	0	0	0	0	0	0	0	0	0	0
ENSG00000207779	0	0	0	0	0	0	0	0	0	0	0	0	0	0	0	0	0	0	0	0	0	0	0	0	0	0	0	0
ENSG00000207782	0	0	0	0	0	0	0	0	0	0	0	0	0	0	0	0	0	0	0	0	0	0	0	0	0	0	0	0
ENSG00000207788	0	0	0	0	0	0	0	0	0	0	0	0	0	0	0	0	0	0	0	0	0	0	0	0	0	0	0	0
ENSG00000207797	0	0	0	0	0	0	0	0	0	0	0	0	0	0	0	0	0	0	0	0	0	0	0	0	0	0	0	0
ENSG00000207798	0	0	0	0	0	0	0	0	0	0	0	0	0	0	0	0	0	0	0	0	0	0	0	0	0	0	0	0
ENSG00000207799	0	0	0	0	0	0	0	0	0	0	0	0	0	0	0	0	0	0	0	0	0	0	0	0	0	0	0	0
ENSG00000207800	0	0	0	0	0	0	0	0	0	0	0	0	0	0	0	0	0	0	0	0	0	0	0	0	0	0	0	0
ENSG00000207803	0	0	0	0	0	0	0	0	0	0	0	0	0	0	0	0	0	0	0	0	0	0	0	0	0	0	0	0
ENSG00000207805	0	0	0	0	0	0	0	0	0	0	0	0	0	0	0	0	0	0	0	0	0	0	0	0	0	0	0	0
ENSG00000207808	0	0	0	0	0	0	0	0	0	0	0	0	0	0	0	0	0	0	0	0	0	0	0	0	0	0	0	0
ENSG00000207810	0	0	0	0	0	0	0	0	0	0	0	0	0	0	0	0	0	0	0	0	0	0	0	0	0	0	0	0
ENSG00000207811	0	0	0	0	0	0	0	0	0	0	0	0	0	0	0	0	0	0	0	0	0	0	0	0	0	0	0	0
ENSG00000207813	0	0	0	0	0	0	0	0	0	0	0	0	0	0	0	0	0	0	0	0	0	0	0	0	0	0	0	0
ENSG00000207814	0	0	0	0	0	0	0	0	0	0	0	0	0	0	0	0	0	0	0	0	0	0	0	0	0	0	0	0
ENSG00000207816	0	0	0	0	0	0	0	0	0	0	0	0	0	0	0	0	0	0	0	0	0	0	0	0	0	0	0	0
ENSG00000207818	0	0	0	0	0	0	0	0	0	0	0	0	0	0	0	0	0	0	0	0	0	0	0	0	0	0	0	0
ENSG00000207821	0	0	0	0	0	0	0	0	0	0	0	0	0	0	0	0	0	0	0	0	0	0	0	0	0	0	0	0
ENSG00000207825	0	0	0	0	0	0	0	0	0	0	0	0	0	0	0	0	0	0	0	0	0	0	0	0	0	0	0	0
ENSG00000207827	0	0	0	0	0	0	0	0	0	0	0	0	0	0	0	0	0	0	0	0	0	0	0	0	0	0	0	0
ENSG00000207837	0	0	0	0	0	0	0	0	0	0	0	0	0	0	0	0	0	0	0	0	0	0	0	0	0	0	0	0
ENSG00000207838	0	0	0	0	0	0	0	0	0	0	0	0	0	0	0	0	0	0	0	0	0	0	0	0	0	0	0	0
ENSG00000207861	0	0	0	0	0	0	0	0	0	0	0	0	0	0	0	0	0	0	0	0	0	0	0	0	0	0	0	0
ENSG00000207862	0	0	0	0	0	0	0	0	0	0	0	0	0	0	0	0	0	0	0	0	0	0	0	0	0	0	0	0
ENSG00000207863	0	0	0	0	0	0	0	0	0	0	0	0	0	0	0	0	0	0	0	0	0	0	0	0	0	0	0	0
ENSG00000207866	0	0	0	0	0	0	0	0	0	0	0	0	0	0	0	0	0	0	0	0	0	0	0	0	0	0	0	0
ENSG00000207867	0	0	0	0	0	0	0	0	0	0	0	0	0	0	0	0	0	0	0	0	0	0	0	0	0	0	0	0
ENSG00000207868	0	0	0	0	0	0	0	0	0	0	0	0	0	0	0	0	0	0	0	0	0	0	0	0	0	0	0	0
ENSG00000207869	0	0	0	0	0	0	0	0	0	0	0	0	0	0	0	0	0	0	0	0	0	0	0	0	0	0	0	0
ENSG00000207871	0	0	0	0	0	0	0	0	0	0	0	0	0	0	0	0	0	0	0	0	0	0	0	0	0	0	0	0
ENSG00000207873	0	0	0	0	0	0	0	0	0	0	0	0	0	0	0	0	0	0	0	0	0	0	0	0	0	0	0	0
ENSG00000207874	0	0	0	0	0	0	0	0	0	0	0	0	0	0	0	0	0	0	0	0	0	0	0	0	0	0	0	0
ENSG00000207924	0	0	0	0	0	0	0	0	0	0	0	0	0	0	0	0	0	0	0	0	0	0	0	0	0	0	0	0
ENSG00000207925	0	0	0	0	0	0	0	0	0	0	0	0	0	0	0	0	0	0	0	0	0	0	0	0	0	0	0	0
ENSG00000207926	0	0	0	0	0	0	0	0	0	0	0	0	0	0	0	0	0	0	0	0	0	0	0	0	0	0	0	0
ENSG00000207927	0	0	0	0	0	0	0	0	0	0	0	0	0	0	0	0	0	0	0	0	0	0	0	0	0	0	0	0
ENSG00000207931	0	0	0	0	0	0	0	0	0	0	0	0	0	0	0	0	0	0	0	0	0	0	0	0	0	0	0	0
ENSG00000207933	0	0	0	0	0	0	0	0	0	0	0	0	0	0	0	0	0	0	0	0	0	0	0	0	0	0	0	0
ENSG00000207934	0	0	0	0	0	0	0	0	0	0	0	0	0	0	0	0	0	0	0	0	0	0	0	0	0	0	0	0
ENSG00000207935	0	0	0	0	0	0	0	0	0	0	0	0	0	0	0	0	0	0	0	0	0	0	0	0	0	0	0	0
ENSG00000207941	0	0	0	0	0	0	0	0	0	0	0	0	0	0	0	0	0	0	0	0	0	0	0	0	0	0	0	0
ENSG00000207942	0	0	0	0	0	0	0	0	0	0	0	0	0	0	0	0	0	0	0	0	0	0	0	0	0	0	0	0
ENSG00000207946	0	0	0	0	0	0	0	0	0	0	0	0	0	0	0	0	0	0	0	0	0	0	0	0	0	0	0	0
ENSG00000207954	0	0	0	0	0	0	0	0	0	0	0	0	0	0	0	0	0	0	0	0	0	0	0	0	0	0	0	0
ENSG00000207957	0	0	0	0	0	0	0	0	0	0	0	0	0	0	0	0	0	0	0	0	0	0	0	0	0	0	0	0
ENSG00000207959	0	0	0	0	0	0	0	0	0	0	0	0	0	0	0	0	0	0	0	0	0	0	0	0	0	0	0	0
ENSG00000207960	0	0	0	0	0	0	0	0	0	0	0	0	0	0	0	0	0	0	0	0	0	0	0	0	0	0	0	0
ENSG00000207963	0	0	0	0	0	0	0	0	0	0	0	0	0	0	0	0	0	0	0	0	0	0	0	0	0	0	0	0
ENSG00000207969	0	0	0	0	0	0	0	0	0	0	0	0	0	0	0	0	0	0	0	0	0	0	0	0	0	0	0	0
ENSG00000207972	0	0	0	0	0	0	0	0	0	0	0	0	0	0	0	0	0	0	0	0	0	0	0	0	0	0	0	0
ENSG00000207974	0	0	0	0	0	0	0	0	0	0	0	0	0	0	0	0	0	0	0	0	0	0	0	0	0	0	0	0
ENSG00000207975	0	0	0	0	0	0	0	0	0	0	0	0	0	0	0	0	0	0	0	0	0	0	0	0	0	0	0	0
ENSG00000207976	0	0	0	0	0	0	0	0	0	0	0	0	0	0	0	0	0	0	0	0	0	0	0	0	0	0	0	0
ENSG00000207978	0	0	0	0	0	0	0	0	0	0	0	0	0	0	0	0	0	0	0	0	0	0	0	0	0	0	0	0
ENSG00000207979	0	0	0	0	0	0	0	0	0	0	0	0	0	0	0	0	0	0	0	0	0	0	0	0	0	0	0	0
ENSG00000207980	0	0	0	0	0	0	0	0	0	0	0	0	0	0	0	0	0	0	0	0	0	0	0	0	0	0	0	0
ENSG00000207981	0	0	0	0	0	0	0	0	0	0	0	0	0	0	0	0	0	0	0	0	0	0	0	0	0	0	0	0
ENSG00000207984	0	0	0	0	0	0	0	0	0	0	0	0	0	0	0	0	0	0	0	0	0	0	0	0	0	0	0	0
ENSG00000207987	0	0	0	0	0	0	0	0	0	0	0	0	0	0	0	0	0	0	0	0	0	0	0	0	0	0	0	0
ENSG00000207990	0	0	0	0	0	0	0	0	0	0	0	0	0	0	0	0	0	0	0	0	0	0	0	0	0	0	0	0
ENSG00000207992	0	0	0	0	0	0	0	0	0	0	0	0	0	0	0	0	0	0	0	0	0	0	0	0	0	0	0	0
ENSG00000207993	0	0	0	0	0	0	0	0	0	0	0	0	0	0	0	0	0	0	0	0	0	0	0	0	0	0	0	0
ENSG00000207994	0	0	0	0	0	0	0	0	0	0	0	0	0	0	0	0	0	0	0	0	0	0	0	0	0	0	0	0
ENSG00000207996	0	0	0	0	0	0	0	0	0	0	0	0	0	0	0	0	0	0	0	0	0	0	0	0	0	0	0	0
ENSG00000208000	0	0	0	0	0	0	0	0	0	0	0	0	0	0	0	0	0	0	0	0	0	0	0	0	0	0	0	0
ENSG00000208001	0	0	0	0	0	0	0	0	0	0	0	0	0	0	0	0	0	0	0	0	0	0	0	0	0	0	0	0
ENSG00000208005	0	0	0	0	0	0	0	0	0	0	0	0	0	0	0	0	0	0	0	0	0	0	0	0	0	0	0	0
ENSG00000208006	0	0	0	0	0	0	0	0	0	0	0	0	0	0	0	0	0	0	0	0	0	0	0	0	0	0	0	0
ENSG00000208008	0	0	0	0	0	0	0	0	0	0	0	0	0	0	0	0	0	0	0	0	0	0	0	0	0	0	0	0
ENSG00000208012	0	0	0	0	0	0	0	0	0	0	0	0	0	0	0	0	0	0	0	0	0	0	0	0	0	0	0	0
ENSG00000208013	0	0	0	0	0	0	0	0	0	0	0	0	0	0	0	0	0	0	0	0	0	0	0	0	0	0	0	0
ENSG00000208014	0	0	0	0	0	0	0	0	0	0	0	0	0	0	0	0	0	0	0	0	0	0	0	0	0	0	0	0
ENSG00000208015	0	0	0	0	0	0	0	0	0	0	0	0	0	0	0	0	0	0	0	0	0	0	0	0	0	0	0	0
ENSG00000208022	0	0	0	0	0	0	0	0	0	0	0	0	0	0	0	0	0	0	0	0	0	0	0	0	0	0	0	0
ENSG00000208024	0	0	0	0	0	0	0	0	0	0	0	0	0	0	0	0	0	0	0	0	0	0	0	0	0	0	0	0
ENSG00000208027	0	0	0	0	0	0	0	0	0	0	0	0	0	0	0	0	0	0	0	0	0	0	0	0	0	0	0	0
ENSG00000208033	0	0	0	0	0	0	0	0	0	0	0	0	0	0	0	0	0	0	0	0	0	0	0	0	0	0	0	0
ENSG00000208036	0	3	7	0	0	0	0	0	1	0	0	6	1	1	4	1	2	2	5	0	0	0	0	2	4	1	1	2
ENSG00000208797	0	0	0	0	0	0	0	0	0	0	0	0	0	0	0	0	0	0	0	0	0	0	0	0	0	0	0	0
ENSG00000208839	0	0	0	0	0	0	0	0	0	0	0	0	0	0	0	0	0	0	0	0	0	0	0	0	0	0	0	0
ENSG00000209480	0	0	0	0	0	0	0	0	0	0	0	0	0	0	0	0	0	0	0	0	0	0	0	0	0	0	0	0
ENSG00000209582	0	0	0	0	0	0	0	0	0	0	0	0	0	0	0	0	0	0	0	0	0	0	0	0	0	0	0	0
ENSG00000210077	0	0	0	0	0	0	0	0	0	0	0	0	0	0	0	0	0	0	0	0	0	0	0	0	0	0	0	0
ENSG00000210100	0	0	0	0	0	0	0	0	0	0	0	0	0	0	0	0	0	0	0	0	0	0	0	0	0	0	0	0
ENSG00000210112	0	0	0	0	0	0	0	0	0	0	0	0	0	0	0	0	0	0	0	0	0	0	0	0	0	0	0	0
ENSG00000210117	0	0	0	0	0	0	0	0	0	0	0	0	0	0	0	0	0	0	0	0	0	0	0	0	0	0	0	0
ENSG00000210127	0	0	0	0	0	0	0	0	0	0	0	0	0	0	0	0	0	0	0	0	0	0	0	0	0	0	0	0
ENSG00000210135	792	53	47	20	166	13	14	21	808	106	93	17	20	29	4	157	14	283	6	17	15	48	53	2	4	35	31	103
ENSG00000210151	0	0	0	0	0	0	0	0	0	0	0	0	0	0	0	0	0	0	0	0	0	0	0	0	0	0	0	0
ENSG00000210154	0	0	0	0	0	0	0	0	0	0	0	0	0	0	0	0	0	0	0	0	0	0	0	0	0	0	0	0
ENSG00000210164	0	0	0	0	0	0	0	0	0	0	0	0	0	0	0	0	0	0	0	0	0	0	0	0	0	0	0	0
ENSG00000210174	0	0	0	0	0	0	0	0	0	0	0	0	0	0	0	0	0	0	0	0	0	0	0	0	0	0	0	0
ENSG00000210176	0	0	0	0	0	0	0	0	0	0	0	0	0	0	0	0	0	0	0	0	0	0	0	0	0	0	0	0
ENSG00000210184	0	0	0	0	0	0	0	0	0	0	0	0	0	0	0	0	0	0	0	0	0	0	0	0	0	0	0	0
ENSG00000210191	0	0	0	0	0	0	0	0	0	0	0	0	0	0	0	0	0	0	0	0	0	0	0	0	0	0	0	0
ENSG00000210194	0	0	0	0	0	0	0	0	0	0	0	0	0	0	0	0	0	0	0	0	0	0	0	0	0	0	0	0
ENSG00000210195	0	0	0	0	0	0	0	0	0	0	0	0	0	0	0	0	0	0	0	0	0	0	0	0	0	0	0	0
ENSG00000210678	0	0	0	0	0	0	0	0	0	0	0	0	0	0	0	0	0	0	0	0	0	0	0	0	0	0	0	0
ENSG00000210825	0	0	0	0	0	0	0	0	0	0	0	0	0	0	0	0	0	0	0	0	0	0	0	0	0	0	0	0
ENSG00000210839	0	0	0	0	0	0	0	0	0	0	0	0	0	0	0	0	0	0	0	0	0	0	0	0	0	0	0	0
ENSG00000211137	0	0	0	0	0	0	0	0	0	0	0	0	0	0	0	0	0	0	0	0	0	0	0	0	0	0	0	0
ENSG00000211452	0	16	7	63	5	10	9	106	6	14	0	7	1	29	2	6	334	1	12	13	6486	25	0	19	2	3	14	23
ENSG00000211454	3	113	12	27	3	35	32	28	4	56	1	17	18	39	2	1	27	0	40	8	6	0	43	27	7	20	19	11
ENSG00000211459	240653	157006	70215	107190	150624	75970	49438	73542	152379	93938	115991	92287	93579	80244	74283	166094	81877	65096	67296	84721	192237	117461	136046	51983	81110	112897	105708	82370
ENSG00000211520	0	0	0	0	0	0	0	0	0	0	0	0	0	0	0	0	0	0	0	0	0	0	0	0	0	0	0	0
ENSG00000211532	0	0	0	0	0	0	0	0	0	0	0	0	0	0	0	0	0	0	0	0	0	0	0	0	0	0	0	0
ENSG00000211538	0	0	0	0	0	0	0	0	0	0	0	0	0	0	0	0	0	0	0	0	0	0	0	0	0	0	0	0
ENSG00000211543	0	0	0	0	0	0	0	0	0	0	0	0	0	0	0	0	0	0	0	0	0	0	0	0	0	0	0	0
ENSG00000211568	0	0	0	0	0	0	0	0	0	0	0	0	0	0	0	0	0	0	0	0	0	0	0	0	0	0	0	0
ENSG00000211574	0	0	0	0	0	0	0	0	0	0	0	0	0	0	0	0	0	0	0	0	0	0	0	0	0	0	0	0
ENSG00000211579	0	0	0	0	0	0	0	0	0	0	0	0	0	0	0	0	0	0	0	0	0	0	0	0	0	0	0	0
ENSG00000211581	0	2	1	0	0	2	3	4	0	0	0	0	2	1	0	0	0	0	0	0	22	7	0	0	1	0	0	0
ENSG00000211583	0	0	0	0	0	0	0	0	0	0	0	0	0	0	0	0	0	0	0	0	0	0	0	0	0	0	0	0
ENSG00000211591	0	0	0	0	0	0	0	0	0	0	0	0	0	0	0	0	0	0	0	0	0	0	0	0	0	0	0	0
ENSG00000211596	0	0	0	0	0	0	0	0	0	0	0	0	0	0	0	0	0	0	0	0	0	0	0	0	0	0	0	0
ENSG00000211598	41	11	1568	166	179	183	1228	68	173	26	71	155	974	268	96	57	90	15	19	246	52	601	369	426	521	14	64	841
ENSG00000211626	0	0	0	0	0	0	0	0	0	0	0	0	0	0	0	0	0	0	0	0	0	0	0	0	0	0	0	0
ENSG00000211637	6	5	198	13	29	10	146	8	6	5	6	26	93	21	5	0	19	1	2	2	13	77	22	36	50	1	0	47
ENSG00000211638	12	2	29	15	26	39	0	0	50	0	0	0	0	0	14	11	25	2	0	0	14	54	48	0	132	0	6	67
ENSG00000211639	3	0	108	0	0	6	11	4	0	0	0	0	0	0	0	0	1	0	0	0	0	21	16	8	0	0	6	18
ENSG00000211640	6	9	185	59	25	39	142	2	41	17	34	19	329	38	12	1	29	13	3	14	23	164	96	84	170	0	3	73
ENSG00000211642	2	3	124	9	6	9	152	7	11	1	2	1	138	50	11	8	2	0	0	0	0	8	0	25	12	5	3	15
ENSG00000211644	8	4	72	4	26	19	147	1	16	4	5	13	76	18	1	10	8	1	5	3	0	76	42	27	44	2	6	31
ENSG00000211648	39	9	388	39	35	294	636	35	63	5	89	65	536	199	32	7	37	11	15	95	90	1118	204	137	175	6	20	141
ENSG00000211649	9	2	273	8	18	30	145	1	8	0	9	5	83	31	14	1	57	3	3	22	24	55	18	51	61	3	6	199
ENSG00000211650	0	2	36	2	9	14	77	4	6	0	2	1	28	7	1	0	10	2	2	5	0	31	3	17	8	2	2	15
ENSG00000211651	53	20	383	54	44	146	508	29	71	10	28	31	945	310	75	9	99	5	7	61	69	2466	618	176	354	11	3	238
ENSG00000211652	3	3	219	2	23	21	101	0	12	3	1	30	20	9	10	2	3	0	1	5	0	60	2	97	21	2	1	27
ENSG00000211653	92	25	522	63	112	236	827	52	137	16	204	99	745	321	42	50	32	8	6	92	61	968	379	181	257	7	26	186
ENSG00000211655	0	0	91	1	4	13	8	2	51	0	0	2	9	12	0	3	1	0	0	0	2	19	9	10	43	0	2	9
ENSG00000211657	0	0	0	0	0	0	0	0	0	0	0	0	0	0	0	0	0	0	0	0	0	0	0	0	0	0	0	0
ENSG00000211658	0	0	38	6	5	20	19	4	51	0	5	13	156	17	1	0	0	1	0	2	0	32	1	8	10	1	0	26
ENSG00000211659	20	6	402	46	24	21	147	8	38	3	57	62	162	66	8	11	35	0	9	2	4	85	27	99	121	2	27	99
ENSG00000211660	61	6	1088	40	81	102	766	38	78	7	61	45	290	128	61	22	29	2	8	167	27	622	225	195	252	6	18	130
ENSG00000211662	34	2	217	124	26	586	122	19	54	6	36	63	120	87	10	18	12	6	7	18	22	123	21	42	87	5	3	90
ENSG00000211663	63	11	703	23	30	42	178	19	109	14	44	30	222	85	10	2	37	0	6	42	2	244	158	104	147	2	6	119
ENSG00000211664	5	0	98	7	15	20	175	32	9	4	3	8	82	54	16	2	14	3	4	0	0	21	10	26	26	1	2	37
ENSG00000211665	0	0	10	1	2	1	2	0	0	0	0	0	4	0	0	2	0	0	0	0	0	5	5	5	2	0	0	0
ENSG00000211666	29	4	3520	135	95	329	1322	124	136	13	128	449	488	187	101	72	261	18	19	141	55	796	388	427	473	14	68	284
ENSG00000211668	20	10	2882	70	91	203	991	56	51	0	37	100	1251	295	49	14	166	7	5	95	85	2301	544	270	446	24	39	372
ENSG00000211669	0	5	354	27	30	39	16	0	16	0	29	20	59	44	10	10	19	0	0	8	0	54	0	25	108	3	8	83
ENSG00000211673	6	2	242	45	53	78	95	22	21	3	16	16	161	22	8	6	28	3	3	15	32	84	26	103	138	6	10	97
ENSG00000211675	0	0	0	0	0	0	0	0	0	0	0	0	0	0	0	0	0	0	0	0	0	0	0	0	0	0	0	0
ENSG00000211676	0	0	0	0	0	0	0	0	0	0	0	0	0	0	0	0	0	0	0	0	0	0	0	0	0	0	0	0
ENSG00000211678	0	0	0	0	0	0	0	0	0	0	0	0	0	0	0	0	0	0	0	0	0	0	0	0	0	0	0	0
ENSG00000211679	876	141	7064	1334	2053	2798	1944	71	2694	328	1156	980	2518	955	232	737	3703	372	347	695	248	6521	2608	5512	3301	368	871	5373
ENSG00000211680	0	0	0	0	0	0	0	0	0	0	0	0	0	0	0	0	0	0	0	0	0	0	0	0	0	0	0	0
ENSG00000211681	0	0	0	0	0	0	0	0	0	0	0	0	0	0	0	0	0	0	0	0	0	0	0	0	0	0	0	0
ENSG00000211682	0	0	0	0	0	0	0	0	0	0	0	0	0	0	0	0	0	0	0	0	0	0	0	0	0	0	0	0
ENSG00000211685	26	1	44	13	96	69	64	0	98	24	437	35	59	26	7	17	137	6	13	0	2	1530	197	58	49	5	37	156
ENSG00000211693	0	0	0	3	0	0	0	0	0	0	0	0	3	26	0	0	0	0	1	0	2	0	0	0	0	1	0	2
ENSG00000211694	0	0	0	0	0	0	0	0	0	0	0	0	0	0	0	0	0	0	0	0	0	0	0	0	0	0	0	0
ENSG00000211695	7	20	310	59	4	130	48	43	16	214	23	26	369	2775	148	12	66	93	273	376	574	320	99	46	52	101	26	373
ENSG00000211696	0	4	37	1	0	0	14	0	0	1	5	5	9	0	27	0	3	4	4	73	1	5	14	1	24	0	0	66
ENSG00000211698	0	6	26	5	3	8	26	34	0	0	4	4	11	15	2	6	6	22	81	89	4	45	13	6	42	0	8	26
ENSG00000211715	0	0	0	0	0	0	0	0	0	0	0	0	0	0	0	0	0	0	0	0	0	0	0	0	0	0	0	0
ENSG00000211725	0	0	6	0	2	3	8	0	0	0	0	5	11	0	0	0	0	2	0	7	0	0	0	1	0	0	0	0
ENSG00000211727	0	0	0	2	1	8	9	1	0	0	0	3	16	3	0	0	3	0	0	0	0	0	0	0	2	0	3	0
ENSG00000211731	0	0	0	0	0	0	0	0	0	0	0	0	0	0	0	0	0	0	0	0	0	0	0	0	0	0	0	0
ENSG00000211739	0	0	0	0	0	0	0	0	0	0	0	0	0	0	0	0	0	0	0	0	0	0	0	0	0	0	0	0
ENSG00000211752	0	0	12	6	8	3	37	6	7	0	4	17	32	4	0	2	9	25	1	7	0	0	0	6	32	0	0	12
ENSG00000211753	0	0	27	2	17	11	41	7	3	0	18	23	4	4	10	16	4	0	4	3	0	0	0	11	21	1	3	17
ENSG00000211766	0	1	1	1	3	1	10	0	1	0	0	3	2	2	1	2	0	1	1	0	0	0	0	0	3	1	0	2
ENSG00000211781	0	0	0	0	0	0	0	0	0	0	0	0	0	0	0	0	0	0	0	0	0	0	0	0	0	0	0	0
ENSG00000211783	0	0	0	0	0	0	0	0	0	0	0	0	0	0	0	0	0	0	0	0	0	0	0	0	0	0	0	0
ENSG00000211785	0	0	3	0	2	3	2	2	2	0	1	0	17	7	0	3	2	0	0	0	2	0	0	0	1	0	1	3
ENSG00000211787	0	0	15	0	0	5	1	0	0	0	2	5	3	4	2	0	1	0	1	0	0	0	9	2	1	0	0	2
ENSG00000211792	0	0	10	2	1	1	13	0	1	0	1	18	0	3	1	0	0	4	0	8	0	0	6	0	3	0	0	1
ENSG00000211796	0	0	0	3	1	4	7	13	0	0	0	1	2	1	1	1	2	3	0	0	5	0	0	1	6	0	0	2
ENSG00000211803	0	4	7	0	0	4	2	3	0	0	0	5	5	4	0	0	4	0	2	0	0	0	0	0	1	0	0	1
ENSG00000211804	0	0	8	0	1	1	10	2	1	0	0	6	2	7	0	0	0	2	0	2	0	0	0	0	4	0	2	3
ENSG00000211808	0	0	0	0	0	0	0	0	0	0	0	0	0	0	0	0	0	0	0	0	0	0	0	0	0	0	0	0
ENSG00000211809	0	0	1	1	5	5	4	0	0	0	2	3	2	0	0	0	6	0	0	0	1	0	0	2	6	0	0	14
ENSG00000211814	0	0	0	0	0	2	2	0	3	0	4	4	3	2	0	0	0	0	0	0	0	1	0	2	0	0	0	0
ENSG00000211817	0	0	5	3	1	1	20	0	2	0	3	0	13	4	0	5	4	1	0	0	0	0	0	0	7	5	0	5
ENSG00000211818	0	7	6	1	0	1	0	7	3	1	3	8	0	0	0	0	0	0	4	4	0	0	0	1	2	0	1	0
ENSG00000211826	0	0	0	0	0	0	0	0	0	0	0	0	0	0	0	0	0	0	0	0	0	0	0	0	0	0	0	0
ENSG00000211831	0	0	0	0	0	0	0	0	0	0	0	0	0	0	0	0	0	0	0	0	0	0	0	0	0	0	0	0
ENSG00000211832	0	0	0	0	0	0	0	0	0	0	0	0	0	0	0	0	0	0	0	0	0	0	0	0	0	0	0	0
ENSG00000211833	0	0	0	0	0	0	0	0	0	0	0	0	0	0	0	0	0	0	0	0	0	0	0	0	0	0	0	0
ENSG00000211834	0	0	0	0	0	0	0	0	0	0	0	0	0	0	0	0	0	0	0	0	0	0	0	0	0	0	0	0
ENSG00000211835	0	0	0	0	0	0	0	0	0	0	0	0	0	0	0	0	0	0	0	0	0	0	0	0	0	0	0	0
ENSG00000211838	0	0	0	0	0	0	0	0	0	0	0	0	0	0	0	0	0	0	0	0	0	0	0	0	0	0	0	0
ENSG00000211839	0	0	0	0	0	0	0	0	0	0	0	0	0	0	0	0	0	0	0	0	0	0	0	0	0	0	0	0
ENSG00000211841	0	0	0	0	0	0	0	0	0	0	0	0	0	0	0	0	0	0	0	0	0	0	0	0	0	0	0	0
ENSG00000211842	0	0	0	0	0	0	0	0	0	0	0	0	0	0	0	0	0	0	0	0	0	0	0	0	0	0	0	0
ENSG00000211843	0	0	0	0	0	0	0	0	0	0	0	0	0	0	0	0	0	0	0	0	0	0	0	0	0	0	0	0
ENSG00000211844	0	0	0	0	0	0	0	0	0	0	0	0	0	0	0	0	0	0	0	0	0	0	0	0	0	0	0	0
ENSG00000211846	0	0	0	0	0	0	0	0	0	0	0	0	0	0	0	0	0	0	0	0	0	0	0	0	0	0	0	0
ENSG00000211849	0	0	0	0	0	0	0	0	0	0	0	0	0	0	0	0	0	0	0	0	0	0	0	0	0	0	0	0
ENSG00000211850	0	0	1	0	0	0	0	0	0	0	0	0	0	0	0	0	0	0	1	0	7	0	0	0	0	0	1	0
ENSG00000211867	0	0	0	0	0	0	0	0	0	0	0	0	0	0	0	0	0	0	0	0	0	0	0	0	0	0	0	0
ENSG00000211870	0	2	0	0	2	3	0	0	0	6	5	2	0	2	0	0	0	0	4	0	0	0	4	6	1	0	0	2
ENSG00000211875	0	0	0	0	0	0	0	0	0	0	0	0	0	0	0	0	0	0	0	0	0	0	0	0	0	0	0	0
ENSG00000211876	0	0	0	0	0	0	0	0	0	0	0	0	0	0	0	0	0	0	0	0	0	0	0	0	0	0	0	0
ENSG00000211880	0	0	0	0	0	0	0	0	0	0	0	0	0	0	0	0	0	0	0	0	0	0	0	0	0	0	0	0
ENSG00000211886	0	5	0	4	0	4	2	3	0	4	3	4	1	1	0	1	6	1	1	4	0	0	0	4	2	2	1	0
ENSG00000211890	581	244	7196	424	1147	780	4179	77	1121	98	95	90	3726	1425	211	276	602	102	61	142	39	6684	1724	2089	1870	107	173	2971
ENSG00000211893	1836	217	11572	594	1976	3001	8585	936	7986	375	1757	1826	3564	578	244	1473	923	211	174	2797	418	2174	1296	2937	2152	233	547	4241
ENSG00000211895	1447	491	13467	889	2932	2029	17180	427	3916	299	1867	1438	5731	2123	487	380	892	270	217	712	298	16680	7690	4175	4418	362	332	4910
ENSG00000211896	8622	1062	57299	5516	8511	27437	27941	2378	38318	1238	13400	25432	25328	6169	1216	4183	4280	996	992	9450	2350	27930	15052	26368	16556	889	4786	22832
ENSG00000211897	703	345	3266	243	1401	7962	2986	454	1630	325	3900	4026	2497	876	184	4553	1900	129	363	659	464	3415	2369	3064	574	132	3294	2558
ENSG00000211899	307	408	12385	360	528	1552	2840	458	478	230	6649	3820	7927	1850	185	475	1686	131	261	618	435	1867	695	4667	1964	104	173	4156
ENSG00000211904	0	0	0	0	0	0	0	0	0	0	0	0	0	0	0	0	0	0	0	0	0	0	0	0	0	0	0	0
ENSG00000211907	0	0	0	0	0	0	0	0	0	0	0	0	0	0	0	0	0	0	0	0	0	0	0	0	0	0	0	0
ENSG00000211909	0	0	0	0	0	0	0	0	0	0	0	0	0	0	0	0	0	0	0	0	0	0	0	0	0	0	0	0
ENSG00000211912	0	0	0	0	0	0	0	0	0	0	0	0	0	0	0	0	0	0	0	0	0	0	0	0	0	0	0	0
ENSG00000211914	0	0	0	0	0	0	0	0	0	0	0	0	0	0	0	0	0	0	0	0	0	0	0	0	0	0	0	0
ENSG00000211915	0	0	0	0	0	0	0	0	0	0	0	0	0	0	0	0	0	0	0	0	0	0	0	0	0	0	0	0
ENSG00000211917	0	0	0	0	0	0	0	0	0	0	0	0	0	0	0	0	0	0	0	0	0	0	0	0	0	0	0	0
ENSG00000211918	0	0	0	0	0	0	0	0	0	0	0	0	0	0	0	0	0	0	0	0	0	0	0	0	0	0	0	0
ENSG00000211920	0	0	0	0	0	0	0	0	0	0	0	0	0	0	0	0	0	0	0	0	0	0	0	0	0	0	0	0
ENSG00000211921	0	0	0	0	0	0	0	0	0	0	0	0	0	0	0	0	0	0	0	0	0	0	0	0	0	0	0	0
ENSG00000211925	0	0	0	0	0	0	0	0	0	0	0	0	0	0	0	0	0	0	0	0	0	0	0	0	0	0	0	0
ENSG00000211928	0	0	0	0	0	0	0	0	0	0	0	0	0	0	0	0	0	0	0	0	0	0	0	0	0	0	0	0
ENSG00000211933	11	0	216	3	13	13	213	15	16	0	3	15	35	13	0	0	10	0	0	0	1	31	21	20	18	0	1	108
ENSG00000211934	0	7	73	37	64	65	426	24	6	0	8	24	182	94	9	1	12	1	0	0	0	239	61	21	163	0	0	160
ENSG00000211935	5	0	123	2	7	6	50	6	8	1	1	2	45	14	2	1	0	0	0	3	9	1	0	34	20	1	1	26
ENSG00000211937	14	0	204	14	5	25	164	21	5	0	16	6	219	28	1	2	14	10	4	0	0	35	17	16	56	0	12	115
ENSG00000211938	0	4	1253	2	13	10	102	3	14	1	3	13	76	32	6	4	23	0	2	18	0	20	16	55	39	3	5	154
ENSG00000211941	1	0	71	0	1	8	36	3	9	0	0	9	49	24	0	7	2	4	3	4	1	11	21	7	24	0	1	16
ENSG00000211942	7	0	78	5	2	0	39	1	2	0	5	30	39	3	2	0	0	0	1	0	0	0	0	4	4	0	0	6
ENSG00000211943	0	1	302	6	30	21	180	13	4	8	3	81	86	11	6	10	6	4	1	10	3	24	5	56	28	0	3	66
ENSG00000211944	0	0	0	0	0	0	0	0	0	0	0	0	0	0	0	0	0	0	0	0	0	0	0	0	0	0	0	0
ENSG00000211945	34	0	899	9	8	10	121	8	25	0	9	10	69	25	10	1	8	4	0	8	15	82	47	34	62	0	4	183
ENSG00000211947	0	0	157	6	4	12	95	8	2	0	3	11	143	24	1	13	4	0	0	1	10	44	16	34	36	0	3	42
ENSG00000211949	10	2	1081	14	11	20	232	22	23	0	5	17	131	42	9	14	38	2	3	17	0	36	33	106	44	0	3	286
ENSG00000211950	0	0	74	31	26	43	57	4	14	0	7	14	49	13	3	0	13	0	0	6	3	16	14	16	68	1	1	35
ENSG00000211951	0	0	51	0	5	0	13	0	20	0	0	0	0	0	0	2	3	1	0	0	0	29	0	2	3	0	0	4
ENSG00000211955	0	0	167	3	0	0	15	0	7	0	0	3	68	10	1	2	2	0	0	2	0	19	5	19	6	2	0	12
ENSG00000211956	3	1	131	5	1	5	55	4	4	0	9	7	17	12	2	1	10	0	1	11	5	10	14	9	26	0	7	48
ENSG00000211958	0	0	0	0	0	0	0	0	0	0	0	0	0	0	0	0	0	0	0	0	0	0	0	0	0	0	0	0
ENSG00000211959	10	0	157	0	8	8	180	9	4	0	0	2	84	12	0	3	7	1	0	2	0	55	21	6	16	0	0	19
ENSG00000211962	2	0	664	29	26	31	371	24	11	0	10	135	238	36	6	4	14	0	5	24	1	23	33	114	72	0	9	152
ENSG00000211964	8	0	221	3	6	20	51	4	30	0	4	3	33	11	1	2	13	0	1	0	1	3	18	51	29	0	0	85
ENSG00000211965	0	0	73	11	5	13	43	4	3	2	5	13	24	11	2	2	3	0	0	0	0	17	4	11	9	0	0	155
ENSG00000211966	4	0	316	11	4	19	18	0	11	0	0	4	48	12	1	1	4	2	0	0	1	14	14	43	33	0	0	51
ENSG00000211967	8	0	94	0	9	5	63	2	1	0	0	2	37	10	3	0	0	2	0	0	0	2	7	4	13	0	0	1
ENSG00000211970	3	0	3	6	0	6	16	4	0	0	0	3	53	14	0	0	2	0	0	10	0	31	16	1	52	0	0	29
ENSG00000211972	0	0	141	0	9	4	48	2	1	0	0	0	35	7	2	1	1	2	0	0	0	8	3	4	3	0	0	17
ENSG00000211976	1	2	80	7	2	19	56	22	0	0	3	0	7	7	5	0	6	0	0	2	0	54	1	5	21	0	4	39
ENSG00000212013	0	0	0	0	0	0	0	0	0	0	0	0	0	0	0	0	0	0	0	0	0	0	0	0	0	0	0	0
ENSG00000212014	0	0	0	0	0	0	0	0	0	0	0	0	0	0	0	0	0	0	0	0	0	0	0	0	0	0	0	0
ENSG00000212027	0	0	0	0	0	0	0	0	0	0	0	0	0	0	0	0	0	0	0	0	0	0	0	0	0	0	0	0
ENSG00000212036	0	0	0	0	0	0	0	0	0	0	0	0	0	0	0	0	0	0	0	0	0	0	0	0	0	0	0	0
ENSG00000212100	0	0	0	0	0	0	0	0	0	0	0	0	0	0	0	0	0	0	0	0	0	0	0	0	0	0	0	0
ENSG00000212102	0	0	0	0	0	0	0	0	0	0	0	0	0	0	0	0	0	0	0	0	0	0	0	0	0	0	0	0
ENSG00000212122	0	0	0	0	0	0	0	0	0	0	0	0	0	0	0	0	0	0	4	0	0	9	0	0	0	0	0	0
ENSG00000212133	0	0	0	0	0	0	0	0	0	0	0	0	0	0	0	0	0	0	0	0	0	0	0	0	0	0	0	0
ENSG00000212134	0	0	0	0	0	0	0	0	0	0	0	0	0	0	0	0	0	0	0	0	0	0	0	0	0	0	0	0
ENSG00000212140	0	0	0	0	0	0	0	0	0	0	0	0	0	0	0	0	0	0	0	0	0	0	0	0	0	0	0	0
ENSG00000212147	0	0	0	0	0	0	0	0	0	0	0	0	0	0	0	0	0	0	0	0	0	0	0	0	0	0	0	0
ENSG00000212153	0	0	0	0	0	0	0	0	0	0	0	0	0	0	0	0	0	0	0	0	0	0	0	0	0	0	0	0
ENSG00000212154	0	0	0	0	0	0	0	0	0	0	0	0	0	0	0	0	0	0	0	0	0	0	0	0	0	0	0	0
ENSG00000212156	0	0	0	0	0	0	0	0	0	0	0	0	0	0	0	0	0	0	0	0	0	0	0	0	0	0	0	0
ENSG00000212157	0	0	0	0	0	0	0	0	0	0	0	0	0	0	0	0	0	0	0	0	0	0	0	0	0	0	0	0
ENSG00000212158	0	1	0	0	0	1	3	1	0	0	0	0	0	1	0	0	0	0	0	0	0	0	0	0	0	0	0	0
ENSG00000212161	0	0	0	0	0	0	0	0	0	0	0	0	0	0	0	0	0	0	0	0	0	0	0	0	0	0	0	0
ENSG00000212165	0	0	0	0	0	0	0	0	0	0	0	0	0	0	0	0	0	0	0	0	0	0	0	0	0	0	0	0
ENSG00000212167	0	0	0	0	0	0	0	0	0	0	0	0	0	0	0	0	0	0	0	0	0	0	0	0	0	0	0	0
ENSG00000212171	0	0	0	0	0	0	0	0	0	0	0	0	0	0	0	0	0	0	0	0	0	0	0	0	0	0	0	0
ENSG00000212172	0	0	0	0	0	0	0	0	0	0	0	0	0	0	0	0	0	0	0	0	0	0	0	0	0	0	0	0
ENSG00000212182	0	0	0	0	0	0	0	0	0	0	0	0	0	0	0	0	0	0	0	0	0	0	0	0	0	0	0	0
ENSG00000212184	0	0	0	0	0	0	0	0	0	0	0	0	0	0	0	0	0	0	0	0	0	0	0	0	0	0	0	0
ENSG00000212186	0	0	0	0	0	0	0	0	0	0	0	0	0	0	0	0	0	0	0	0	0	0	0	0	0	0	0	0
ENSG00000212187	0	0	0	0	0	0	0	0	0	0	0	0	0	0	0	0	0	0	0	0	0	0	0	0	0	0	0	0
ENSG00000212189	0	0	0	0	0	0	0	0	0	0	0	0	0	0	0	0	0	0	0	0	0	0	0	0	0	0	0	0
ENSG00000212191	0	0	0	0	0	0	0	0	0	0	0	0	0	0	0	0	0	0	0	0	0	0	0	0	0	0	0	0
ENSG00000212195	37	1	12	50	107	50	8	0	42	76	73	48	48	33	7	19	94	7	47	23	3	11	11	25	14	11	12	221
ENSG00000212214	0	0	0	0	0	0	0	0	0	0	0	0	0	0	0	0	0	0	0	0	0	0	0	0	0	0	0	0
ENSG00000212215	0	0	0	0	0	0	0	0	0	0	0	0	0	0	0	0	0	0	0	0	0	0	0	0	0	0	0	0
ENSG00000212216	0	0	0	0	0	0	0	0	0	0	0	0	0	0	0	0	0	0	0	0	0	0	0	0	0	0	0	0
ENSG00000212219	0	0	0	0	0	0	0	0	0	0	0	0	0	0	0	0	0	0	0	0	0	0	0	0	0	0	0	0
ENSG00000212221	0	0	0	0	0	0	0	0	0	0	0	0	0	0	0	0	0	0	0	0	0	0	0	0	0	0	0	0
ENSG00000212224	0	0	0	0	0	0	0	0	0	0	0	0	0	0	0	0	0	0	0	0	0	0	0	0	0	0	0	0
ENSG00000212229	0	0	0	0	0	0	0	0	0	0	0	0	0	0	0	0	0	0	0	0	0	0	0	0	0	0	0	0
ENSG00000212230	0	0	0	0	0	0	0	0	0	0	0	0	0	0	0	0	0	0	0	0	0	0	0	0	0	0	0	0
ENSG00000212238	0	0	0	0	0	0	0	0	0	0	0	0	0	0	0	0	0	0	0	0	0	0	0	0	0	0	0	0
ENSG00000212240	0	0	2	0	0	1	4	5	0	8	1	3	5	3	0	0	3	0	4	0	0	2	0	4	0	1	1	0
ENSG00000212246	0	0	0	0	0	0	0	0	0	0	0	0	0	0	0	0	0	0	0	0	0	0	0	0	0	0	0	0
ENSG00000212247	0	0	0	0	0	0	0	0	0	0	0	0	0	0	0	0	0	0	0	0	0	0	0	0	0	0	0	0
ENSG00000212249	0	5	0	2	0	0	0	0	0	2	0	3	0	0	0	0	8	4	0	0	0	0	10	1	0	1	2	0
ENSG00000212251	0	0	0	0	0	0	0	0	0	0	0	0	0	0	0	0	0	0	0	0	0	0	0	0	0	0	0	0
ENSG00000212258	0	0	0	0	0	0	0	0	0	0	0	0	0	0	0	0	0	0	0	0	0	0	0	0	0	0	0	0
ENSG00000212259	0	0	0	0	0	0	0	0	0	0	0	0	0	0	0	0	0	0	0	0	0	0	0	0	0	0	0	0
ENSG00000212264	0	0	0	0	0	0	0	0	0	0	0	0	0	0	0	0	0	0	0	0	0	0	0	0	0	0	0	0
ENSG00000212265	0	0	0	0	0	0	0	0	0	0	0	0	0	0	0	0	0	0	0	0	0	0	0	0	0	0	0	0
ENSG00000212269	0	0	0	0	0	0	0	0	0	0	0	0	0	0	0	0	0	0	0	0	0	0	0	0	0	0	0	0
ENSG00000212273	0	0	0	0	0	0	0	0	0	0	0	0	0	0	0	0	0	0	0	0	0	0	0	0	0	0	0	0
ENSG00000212276	0	0	0	0	0	0	0	0	0	0	0	0	0	0	0	0	0	0	0	0	0	0	0	0	0	0	0	0
ENSG00000212278	0	0	0	0	0	0	0	0	0	0	0	0	0	0	0	0	0	0	0	0	0	0	0	0	0	0	0	0
ENSG00000212293	0	0	0	0	0	0	0	0	0	0	0	0	0	0	0	0	0	0	0	0	0	0	0	0	0	0	0	0
ENSG00000212295	0	0	0	0	0	0	0	0	0	0	0	0	0	0	0	0	0	0	0	0	0	0	0	0	0	0	0	0
ENSG00000212297	0	0	0	0	0	0	0	0	0	0	0	0	0	0	0	0	0	0	0	0	0	0	0	0	0	0	0	0
ENSG00000212298	0	0	0	0	0	0	0	0	0	0	0	0	0	0	0	0	0	0	0	0	0	0	0	0	0	0	0	0
ENSG00000212304	0	0	0	0	0	0	0	0	0	0	0	0	0	0	0	0	0	0	0	0	0	0	0	0	0	0	0	0
ENSG00000212309	0	0	0	0	0	0	0	0	0	0	0	0	0	0	0	0	0	0	0	0	0	0	0	0	0	0	0	0
ENSG00000212312	0	0	0	0	0	0	0	0	0	0	0	0	0	0	0	0	0	0	0	0	0	0	0	0	0	0	0	0
ENSG00000212314	0	0	0	0	0	0	0	0	0	0	0	0	0	0	0	0	0	0	0	0	0	0	0	0	0	0	0	0
ENSG00000212324	0	0	0	0	0	0	0	0	0	0	0	0	0	0	0	0	0	0	0	0	0	0	0	0	0	0	0	0
ENSG00000212330	0	0	0	0	0	0	0	0	0	0	0	0	0	0	0	0	0	0	0	0	0	0	0	0	0	0	0	0
ENSG00000212332	0	4	0	0	0	0	0	0	0	0	0	0	0	3	0	0	0	0	0	2	0	0	4	0	3	0	0	0
ENSG00000212333	0	0	0	0	0	0	0	0	0	0	0	0	0	0	0	0	0	0	0	0	0	0	0	0	0	0	0	0
ENSG00000212345	0	0	0	0	0	0	0	0	0	0	0	0	0	0	0	0	0	0	0	0	0	0	0	0	0	0	0	0
ENSG00000212347	0	0	0	0	0	0	0	0	0	0	0	0	0	0	0	0	0	0	0	0	0	0	0	0	0	0	0	0
ENSG00000212348	3	1	0	3	1	6	8	0	0	0	1	8	0	0	2	0	3	0	1	2	0	0	0	2	0	0	2	0
ENSG00000212358	0	0	0	0	0	0	0	0	0	0	0	0	0	0	0	0	0	0	0	0	0	0	0	0	0	0	0	0
ENSG00000212359	0	0	0	0	0	0	0	0	0	0	0	0	0	0	0	0	0	0	0	0	0	0	0	0	0	0	0	0
ENSG00000212363	0	0	0	0	0	0	0	0	0	0	0	0	0	0	0	0	0	0	0	0	0	0	0	0	0	0	0	0
ENSG00000212365	0	0	0	0	0	0	0	0	0	0	0	0	0	0	0	0	0	0	0	0	0	0	0	0	0	0	0	0
ENSG00000212366	0	1	0	2	0	0	0	0	0	14	0	6	4	0	0	0	0	0	0	0	0	0	0	0	11	0	3	0
ENSG00000212368	0	0	0	0	0	0	0	0	0	0	0	0	0	0	0	0	0	0	0	0	0	0	0	0	0	0	0	0
ENSG00000212373	0	0	0	0	0	0	0	0	0	0	0	0	0	0	0	0	0	0	0	0	0	0	0	0	0	0	0	0
ENSG00000212377	0	0	0	0	0	0	0	0	0	0	0	0	0	0	0	0	0	0	0	0	0	0	0	0	0	0	0	0
ENSG00000212378	0	0	0	0	0	0	0	0	0	0	0	0	0	0	0	0	0	0	0	0	0	0	0	0	0	0	0	0
ENSG00000212379	0	0	0	0	0	0	0	0	0	0	0	0	0	0	0	0	0	0	0	0	0	0	0	0	0	0	0	0
ENSG00000212380	0	0	0	0	0	0	0	0	0	0	0	0	0	0	0	0	0	0	0	0	0	0	0	0	0	0	0	0
ENSG00000212383	0	0	0	0	0	0	0	0	0	0	0	0	0	0	0	0	0	0	0	0	0	0	0	0	0	0	0	0
ENSG00000212385	0	0	0	0	0	0	0	0	0	0	0	0	0	0	0	0	0	0	0	0	0	0	0	0	0	0	0	0
ENSG00000212388	0	0	0	0	0	0	0	0	0	0	0	0	0	0	0	0	0	0	0	0	0	0	0	0	0	0	0	0
ENSG00000212389	0	0	0	0	0	0	0	0	0	0	0	0	0	0	0	0	0	0	0	0	0	0	0	0	0	0	0	0
ENSG00000212391	0	3	2	3	1	1	7	0	2	0	0	1	0	0	1	1	5	0	0	0	1	0	1	3	2	0	3	1
ENSG00000212392	0	0	0	0	0	0	0	0	0	0	0	0	0	0	0	0	0	0	0	0	0	0	0	0	0	0	0	0
ENSG00000212395	0	0	0	0	0	0	0	0	0	0	0	0	0	0	0	0	0	0	0	0	0	0	0	0	0	0	0	0
ENSG00000212397	0	0	0	0	0	0	0	0	0	0	0	0	0	0	0	0	0	0	0	0	0	0	0	0	0	0	0	0
ENSG00000212398	0	0	0	0	0	0	0	0	0	0	0	0	0	0	0	0	0	0	0	0	0	0	0	0	0	0	0	0
ENSG00000212404	0	0	0	0	0	0	0	0	0	0	0	0	0	0	0	0	0	0	0	0	0	0	0	0	0	0	0	0
ENSG00000212414	0	0	0	0	0	0	0	0	0	0	0	0	0	0	0	0	0	0	0	0	0	0	0	0	0	0	0	0
ENSG00000212415	0	0	0	0	0	0	0	0	0	0	0	0	0	0	0	0	0	0	0	0	0	0	0	0	0	0	0	0
ENSG00000212422	0	0	0	0	0	0	0	0	0	0	0	0	0	0	0	0	0	0	0	0	0	0	0	0	0	0	0	0
ENSG00000212424	0	0	0	0	0	0	0	0	0	0	0	0	0	0	0	0	0	0	0	0	0	0	0	0	0	0	0	0
ENSG00000212425	0	0	0	0	0	0	0	0	0	0	0	0	0	0	0	0	0	0	0	0	0	0	0	0	0	0	0	0
ENSG00000212440	0	0	0	0	0	4	1	3	0	0	0	4	1	1	0	0	1	0	13	0	1	4	0	4	0	0	0	0
ENSG00000212497	0	2	0	2	0	0	0	7	0	5	0	3	1	3	0	0	3	0	5	0	0	0	0	10	1	4	7	1
ENSG00000212719	165	106	668	192	201	232	550	214	210	225	182	256	537	281	247	286	162	169	156	326	103	250	105	236	286	117	184	271
ENSG00000212766	0	2	4	10	0	13	2	2	3	106	9	14	12	4	0	7	57	0	2	6	32	20	4	5	2	3	6	0
ENSG00000212807	0	6	5	9	6	14	8	0	1	25	2	10	17	25	3	0	10	3	4	1	1	0	2	6	3	0	10	1
ENSG00000212829	0	2	3	1	1	1	1	2	0	0	1	5	0	2	0	2	2	0	2	0	3	2	6	2	1	0	0	5
ENSG00000212899	0	0	0	0	0	2	1	4	1	20	0	0	0	0	2	0	0	0	0	4	0	0	0	0	2	1	0	0
ENSG00000212901	0	2	0	0	7	2	3	0	0	1	3	0	4	2	4	12	4	0	0	0	4	0	0	0	0	0	2	2
ENSG00000212933	0	0	0	0	0	0	0	0	0	0	0	0	0	0	0	0	0	0	0	0	0	0	0	0	0	0	0	0
ENSG00000213013	0	2	2	4	0	2	0	2	0	0	2	0	7	0	0	6	5	0	3	2	0	0	5	0	1	2	5	0
ENSG00000213014	0	0	0	6	0	0	4	0	0	0	4	4	5	2	3	1	4	0	0	0	0	0	0	0	3	2	0	0
ENSG00000213049	0	4	0	0	0	0	0	13	0	7	0	0	2	0	0	0	0	0	2	15	0	0	0	0	2	3	0	0
ENSG00000213082	0	0	0	0	0	0	0	0	0	0	1	0	0	0	0	0	0	0	0	0	0	0	0	0	0	0	0	0
ENSG00000213197	0	2	0	2	0	2	5	2	0	0	0	6	0	0	0	0	0	0	1	0	2	0	0	6	1	3	7	4
ENSG00000213225	22	5	40	1	24	2	17	142	66	12	32	3	23	1	52	11	61	9	4	136	21	4	0	13	39	0	12	55
ENSG00000213272	0	6	0	8	0	5	0	2	5	8	0	6	0	3	2	0	0	2	2	0	0	0	0	0	0	2	0	1
ENSG00000213277	0	0	0	0	0	0	4	3	0	0	0	1	9	2	0	0	0	2	5	6	0	0	2	0	2	0	0	0
ENSG00000213279	0	0	4	1	6	0	9	6	0	10	8	7	4	6	2	0	1	0	0	0	0	0	0	8	6	3	5	4
ENSG00000213297	0	0	2	0	4	0	1	0	1	5	0	0	8	1	4	2	0	0	1	0	4	0	0	2	0	1	2	4
ENSG00000213300	0	0	2	0	3	5	9	4	0	3	2	3	0	4	5	0	0	2	1	6	9	4	0	0	3	1	2	7
ENSG00000213303	0	0	0	1	0	1	17	0	4	0	1	0	0	1	1	0	0	0	4	12	0	0	0	0	4	0	0	0
ENSG00000213309	0	0	2	3	7	1	0	1	4	0	4	2	0	0	2	0	4	3	2	1	7	0	0	1	0	0	3	1
ENSG00000213328	0	0	0	0	0	0	4	9	0	1	2	0	4	2	0	0	9	0	0	0	0	0	0	12	0	0	1	0
ENSG00000213363	9	1	0	0	0	5	0	0	1	2	0	1	6	0	0	0	1	0	0	1	0	0	0	1	2	6	2	0
ENSG00000213480	0	0	0	0	0	0	0	0	0	0	0	0	0	0	0	0	0	0	0	0	0	0	0	0	0	0	0	0
ENSG00000213500	0	0	0	0	0	0	0	0	0	0	0	0	0	0	0	0	0	0	0	0	0	0	0	0	0	0	0	0
ENSG00000213512	0	5	2	0	0	13	0	2	0	3	2	8	1	1	1	4	0	0	0	0	0	3	0	0	2	1	3	2
ENSG00000213539	0	3	0	0	0	0	0	0	0	1	2	3	0	0	0	2	4	0	0	0	0	0	23	4	3	4	0	0
ENSG00000213540	0	0	0	0	0	6	0	0	2	6	0	4	11	0	0	1	0	0	4	0	0	3	0	1	3	0	0	0
ENSG00000213569	0	1	1	0	0	0	2	0	4	0	0	0	0	2	0	0	0	4	0	3	2	0	0	0	2	2	1	0
ENSG00000213578	0	2	0	0	0	0	0	0	0	0	0	0	0	0	0	0	0	0	0	0	0	0	0	0	0	0	0	0
ENSG00000213598	1	0	2	1	1	0	1	5	1	0	0	0	4	1	0	8	2	2	1	1	1	0	0	0	1	1	0	4
ENSG00000213600	0	0	1	1	0	0	5	2	0	0	0	4	0	0	0	4	2	0	2	1	0	0	0	10	2	1	2	0
ENSG00000213604	0	0	0	0	0	0	0	0	0	0	0	0	0	0	0	0	0	0	0	0	0	0	0	0	0	0	0	0
ENSG00000213607	0	0	0	0	0	0	0	0	0	0	0	0	0	0	0	0	0	0	0	0	0	0	0	0	0	0	0	0
ENSG00000213612	0	3	0	2	0	0	1	0	1	0	2	2	0	1	1	1	0	0	0	0	0	0	0	3	3	0	2	2
ENSG00000213648	0	0	0	0	0	0	0	0	0	0	0	0	0	0	0	0	0	0	0	0	0	0	0	0	0	0	0	0
ENSG00000213659	0	0	0	12	0	0	1	9	0	0	0	0	6	0	0	4	0	0	0	0	0	0	0	0	0	0	4	0
ENSG00000213667	0	7	0	0	0	0	0	0	0	0	0	0	0	0	0	0	0	0	0	0	0	0	0	0	0	0	0	0
ENSG00000213669	0	2	0	0	5	1	0	11	4	4	0	0	0	0	0	5	0	0	4	0	0	0	0	3	2	0	0	0
ENSG00000213695	1	2	4	4	0	0	0	5	0	6	1	3	1	2	0	0	0	1	5	0	0	1	3	0	6	0	0	0
ENSG00000213711	0	14	0	1	1	4	2	0	0	4	0	0	0	0	0	2	0	0	2	0	0	0	3	0	0	1	2	0
ENSG00000213713	10	13	77	7	9	10	110	33	2	9	2	15	63	47	26	3	21	4	8	51	0	2	10	20	43	0	5	42
ENSG00000213714	0	8	10	4	4	4	13	4	6	22	4	3	4	9	2	8	0	2	11	8	7	14	27	5	3	2	12	4
ENSG00000213730	0	2	0	0	0	0	0	0	0	0	0	0	7	0	0	0	0	0	0	0	0	0	0	0	0	0	0	0
ENSG00000213782	0	62	56	94	1	110	137	55	29	79	43	77	126	72	59	28	91	26	82	26	2	89	70	62	167	28	176	93
ENSG00000213790	0	8	2	0	4	0	2	3	0	0	0	0	4	2	0	0	0	3	6	0	8	0	0	0	4	0	3	0
ENSG00000213822	0	0	0	0	0	0	0	0	0	0	0	0	0	0	0	0	0	0	1	0	0	0	0	0	0	1	0	0
ENSG00000213839	0	6	55	32	1	2	47	29	2	15	16	5	36	15	54	3	13	5	12	40	0	0	0	13	25	5	9	39
ENSG00000213886	7	4	353	60	72	23	320	76	16	2	92	38	91	41	26	139	76	3	22	11	4	14	9	71	99	26	69	138
ENSG00000213943	0	3	3	0	3	0	2	0	4	2	4	0	4	0	2	1	0	0	4	4	1	0	0	2	2	1	1	2
ENSG00000213970	0	4	1	0	0	4	5	0	1	5	2	2	0	4	1	0	2	0	2	0	1	11	1	2	0	3	2	1
ENSG00000213985	0	98	8	36	2	0	5	227	0	6	1	7	4	38	8	3	105	2	8	20	31	3	71	9	3	0	0	12
ENSG00000214015	0	0	0	0	0	0	0	0	0	0	0	0	0	0	0	0	0	0	0	0	0	0	0	0	0	0	0	0
ENSG00000214039	19	5	50	8	5	74	94	0	47	92	21	47	233	0	46	9	8	24	59	121	2	94	0	14	17	6	79	165
ENSG00000214062	0	6	1	1	0	2	9	9	0	1	0	0	7	2	0	0	4	0	1	0	0	0	0	1	2	0	0	4
ENSG00000214081	0	16	25	19	6	9	9	21	3	0	1	13	51	446	8	0	10	0	29	46	18	25	7	38	38	41	6	17
ENSG00000214097	0	6	0	4	0	2	0	9	0	0	4	0	0	0	0	0	4	2	2	0	5	0	0	0	0	0	0	0
ENSG00000214121	0	2	4	0	0	7	2	0	1	0	3	1	11	3	1	0	0	0	0	0	0	0	0	3	0	6	6	0
ENSG00000214147	0	5	0	0	0	0	0	0	0	0	0	0	122	780	0	0	0	0	0	0	0	0	9	0	0	0	0	1
ENSG00000214189	6	15	5	13	4	8	24	1	2	12	9	14	21	22	3	7	3	3	34	4	4	3	11	15	9	4	3	11
ENSG00000214192	0	29	2	5	4	42	2	20	0	0	0	8	0	10	0	5	15	0	10	0	3	4	2	53	5	11	14	2
ENSG00000214195	0	629	2	93	4	0	34	49	5	20	4	1	5	86	20	0	61	1	1	32	1	7	70	149	6	3	1	1
ENSG00000214203	2	2	0	8	4	0	7	0	0	0	0	0	0	0	0	0	0	9	1	0	0	0	0	0	0	0	6	0
ENSG00000214237	19	0	0	2	0	2	0	0	18	0	0	0	0	0	0	0	0	0	1	0	0	0	0	0	0	0	0	0
ENSG00000214263	0	0	0	1	0	0	0	0	0	0	0	0	0	1	0	0	0	0	0	0	0	0	0	0	0	0	0	1
ENSG00000214264	0	13	0	0	0	0	0	8	0	4	0	0	4	0	0	1	2	0	0	0	0	0	4	2	2	1	1	0
ENSG00000214280	0	0	0	0	0	0	0	0	0	0	0	0	0	0	0	0	0	0	0	0	0	0	0	0	0	0	0	0
ENSG00000214286	0	0	2	2	0	7	0	0	0	10	0	0	0	0	0	0	2	2	0	2	0	0	0	1	0	0	0	9
ENSG00000214321	0	0	0	0	0	0	11	4	0	2	2	2	0	2	1	6	1	0	0	0	0	6	0	2	0	6	5	0
ENSG00000214331	30	74	84	59	27	36	107	39	26	73	50	36	88	73	56	29	65	16	54	35	27	91	39	69	80	43	56	61
ENSG00000214338	0	0	11	0	0	0	9	2	2	0	4	0	0	1	1	0	1	0	0	1	0	1	0	4	1	0	3	0
ENSG00000214389	8	42	13	80	55	88	41	25	14	31	49	56	13	15	7	57	58	17	64	160	17	141	135	108	22	54	18	44
ENSG00000214435	0	0	1	1	1	0	13	1	0	0	0	0	7	3	4	0	1	0	0	5	0	4	0	0	4	0	0	4
ENSG00000214525	0	0	0	0	0	0	0	0	0	0	0	0	0	0	0	0	0	0	0	0	0	0	0	0	2	0	0	0
ENSG00000214533	0	1	0	0	0	2	6	0	1	10	7	3	2	0	0	0	2	0	2	0	0	0	0	1	0	0	3	2
ENSG00000214549	0	7	0	0	0	3	2	9	0	2	0	7	2	4	2	0	0	0	2	0	0	0	1	6	0	2	0	0
ENSG00000214650	0	5	8	3	0	7	15	33	0	20	0	8	40	5	0	2	6	0	7	15	0	0	3	19	27	4	3	4
ENSG00000214668	0	0	0	0	0	0	0	0	0	0	0	0	0	0	0	0	0	0	0	0	0	0	0	0	0	0	0	0
ENSG00000214691	0	0	0	7	0	0	0	0	1	0	0	1	0	2	0	3	2	8	11	0	0	2	2	0	3	3	0	0
ENSG00000214756	41	48	76	80	43	32	80	150	87	48	59	62	117	185	121	66	142	57	104	92	96	71	169	100	68	96	42	100
ENSG00000214761	0	4	1	0	0	0	3	0	0	3	0	2	8	7	2	0	3	0	2	0	0	0	0	1	3	2	2	3
ENSG00000214765	158	1162	489	654	477	1192	862	941	370	917	662	1225	1086	1049	520	458	722	304	1008	592	673	744	979	998	645	834	891	468
ENSG00000214782	0	6	0	14	0	0	25	7	1	6	0	4	6	17	2	3	7	0	2	0	25	21	13	1	8	0	1	1
ENSG00000214797	0	0	1	0	0	4	1	0	0	0	4	0	4	0	0	0	0	0	2	7	0	0	0	0	15	0	0	0
ENSG00000214803	1	2	0	2	0	2	1	2	1	16	1	6	0	3	3	2	4	0	5	6	0	4	1	9	3	3	0	2
ENSG00000214819	0	0	0	0	0	0	0	0	0	0	0	0	0	0	0	0	0	0	0	0	2	0	0	0	0	0	0	0
ENSG00000214820	0	0	5	0	0	2	4	7	0	0	0	1	2	0	4	0	0	4	2	2	0	0	0	0	0	0	8	2
ENSG00000214822	1	1	2	0	2	4	2	0	2	0	5	0	1	0	1	1	1	0	0	0	0	10	0	1	5	0	0	1
ENSG00000214976	0	0	0	8	0	0	0	0	6	0	2	0	0	13	0	0	0	0	0	0	0	0	0	5	0	0	0	0
ENSG00000214988	0	128	2	31	6	25	10	47	0	48	3	18	17	17	3	8	15	9	31	12	2	0	58	60	16	26	9	14
ENSG00000214999	0	56	66	17	1	4	185	212	6	5	22	15	75	47	9	12	26	24	37	130	75	22	30	79	27	4	14	49
ENSG00000215003	0	0	2	1	1	1	2	3	0	0	3	0	8	2	3	2	2	0	0	2	3	0	0	0	3	0	1	4
ENSG00000215057	3	14	2	0	0	20	5	5	0	16	0	4	6	2	0	4	2	0	2	9	4	9	12	3	0	6	0	0
ENSG00000215089	0	0	0	0	1	18	0	0	0	26	0	0	0	1	0	0	0	0	1	0	0	0	0	0	0	0	0	0
ENSG00000215117	0	0	0	0	0	0	0	0	0	0	0	0	0	0	0	0	0	0	0	0	0	0	0	0	0	0	0	0
ENSG00000215126	22	45	25	61	24	90	39	26	25	86	43	39	84	69	88	4	47	16	68	34	19	21	30	83	77	38	12	52
ENSG00000215162	15	9	3	13	5	6	3	0	10	19	12	12	15	0	1	0	14	7	20	9	3	2	7	21	10	27	6	4
ENSG00000215190	24	224	101	119	40	102	239	202	89	168	93	157	251	278	381	101	211	129	248	287	73	227	133	102	187	156	177	261
ENSG00000215262	6	23	25	13	2	9	0	0	9	8	0	12	3	9	2	4	16	4	2	10	6	14	8	7	10	3	15	36
ENSG00000215302	6	23	37	18	6	12	29	23	14	72	21	35	24	30	19	2	21	9	23	13	8	15	4	48	36	32	7	24
ENSG00000215339	0	0	0	0	0	0	0	0	0	0	0	0	0	0	0	0	0	0	0	0	0	0	0	0	0	0	0	0
ENSG00000215343	0	0	0	0	2	0	0	0	0	0	0	0	2	0	2	0	2	1	0	0	0	4	0	3	2	0	0	3
ENSG00000215354	0	0	3	0	1	1	4	3	0	4	0	1	4	6	0	2	1	0	1	6	0	0	0	0	1	0	0	0
ENSG00000215367	0	75	9	158	6	52	7	76	0	16	2	10	13	63	2	2	38	1	11	58	661	0	173	44	10	18	4	8
ENSG00000215388	0	1	8	9	0	15	12	26	1	16	0	0	21	8	5	0	11	2	9	4	0	0	10	7	22	2	11	0
ENSG00000215399	0	0	0	2	0	5	0	0	0	4	0	2	0	2	0	0	0	0	2	15	0	0	0	4	0	2	0	0
ENSG00000215414	0	4	0	0	0	0	7	0	0	1	0	4	0	1	4	0	1	0	1	0	0	2	0	0	10	1	0	4
ENSG00000215417	3	24	29	45	30	44	39	12	18	11	60	92	66	76	26	24	77	7	63	19	3	64	76	135	27	33	73	42
ENSG00000215444	0	0	4	0	0	2	3	8	2	0	4	0	4	2	0	4	0	1	0	0	0	0	0	0	2	1	2	2
ENSG00000215458	20	11	48	13	25	2	50	4	31	39	44	7	53	9	14	19	6	14	40	46	0	13	0	16	63	0	21	13
ENSG00000215464	6	0	0	0	0	0	5	2	0	0	0	0	0	2	0	1	2	6	3	11	0	2	0	2	2	2	0	1
ENSG00000215478	3	46	24	1	2	20	67	24	12	25	23	4	125	24	20	8	127	3	13	186	22	163	12	36	1	12	3	59
ENSG00000215493	0	35	30	39	0	21	44	54	6	26	7	24	44	75	8	5	13	3	9	27	0	2	23	43	42	2	26	40
ENSG00000215506	0	0	0	0	0	0	0	0	0	0	0	40	0	1	0	0	0	0	1	0	0	0	0	0	0	0	0	0
ENSG00000215512	0	2	0	1	0	1	0	1	3	4	0	9	0	2	1	6	1	0	2	1	3	0	1	3	1	1	1	2
ENSG00000215540	0	0	0	0	0	0	0	0	0	0	0	0	0	0	0	0	0	0	0	0	0	0	0	0	0	0	0	0
ENSG00000215571	0	2	0	1	3	8	2	9	0	5	4	0	1	0	1	3	0	0	5	0	1	0	2	0	2	0	4	0
ENSG00000215583	0	0	0	0	0	0	0	0	0	0	0	0	0	0	0	0	0	0	0	0	0	0	0	0	0	0	0	0
ENSG00000215601	0	0	0	0	0	0	0	0	0	0	0	0	0	0	0	0	0	0	0	0	0	0	0	0	0	0	0	0
ENSG00000215771	1	11	4	30	20	20	3	0	3	16	2	2	0	0	2	8	39	2	5	0	0	19	0	9	0	1	4	11
ENSG00000215796	0	0	0	3	0	0	10	6	0	0	1	6	0	12	2	0	0	0	1	0	0	0	0	0	4	0	0	2
ENSG00000215808	0	1	104	3	4	6	39	0	5	8	75	0	119	1	2	3	2	6	18	38	7	0	0	4	43	2	0	79
ENSG00000215812	0	4	2	2	2	6	4	10	0	3	0	3	0	3	0	0	0	0	2	0	0	0	0	4	0	3	0	2
ENSG00000215817	0	1	1	2	3	0	0	0	1	0	7	2	5	1	3	0	3	0	1	0	0	1	0	5	2	1	1	0
ENSG00000215869	1	1	1	74	2	1	2	50	18	41	1	9	67	8	1	0	7	1	1	1	2	9	2	1	0	4	29	11
ENSG00000215875	17	7	0	0	0	0	4	0	4	4	0	0	1	0	0	0	5	0	0	0	0	0	0	1	3	0	2	0
ENSG00000215914	0	1	0	0	0	1	0	0	0	2	0	2	0	2	5	0	1	0	1	0	0	0	2	0	0	0	0	1
ENSG00000216306	0	2	0	2	0	0	8	2	0	4	0	0	6	0	6	0	11	0	0	0	0	0	0	2	4	0	4	2
ENSG00000216364	0	0	0	0	0	0	0	0	0	0	0	0	0	0	0	0	2	0	0	0	0	0	0	0	0	0	0	0
ENSG00000216475	0	18	0	4	9	54	28	24	1	15	1	6	20	11	0	2	17	0	25	0	0	6	16	7	2	23	29	1
ENSG00000216490	1	45	15	7	12	54	21	19	5	5	12	72	69	26	2	9	34	5	26	30	12	0	8	110	7	2	25	7
ENSG00000216621	9	2	0	0	0	2	0	6	0	0	0	4	0	1	0	0	0	0	0	2	8	0	0	0	0	3	0	1
ENSG00000216657	0	0	4	2	0	7	4	8	2	0	2	1	1	0	0	0	1	0	1	12	0	0	0	0	0	0	1	6
ENSG00000216853	0	0	0	0	0	0	0	0	0	0	0	0	0	0	0	0	0	0	0	0	0	0	0	0	0	0	0	0
ENSG00000216904	0	0	0	0	0	0	0	0	0	0	0	0	0	0	0	0	0	0	0	0	0	0	0	0	0	0	0	0
ENSG00000216921	17	18	24	32	17	7	48	0	73	14	27	4	61	5	122	21	10	71	22	95	2	60	0	2	95	2	25	46
ENSG00000217041	0	14	0	2	0	2	5	0	6	16	0	2	0	0	0	0	0	0	1	0	0	0	0	0	2	1	2	0
ENSG00000217078	0	7	0	4	0	3	0	0	2	2	1	2	7	0	0	0	1	0	7	0	0	0	0	10	4	0	4	0
ENSG00000217083	0	0	0	2	0	7	0	0	0	3	9	2	0	0	0	8	1	0	4	0	0	1	0	2	4	1	6	2
ENSG00000217128	93	394	944	884	435	874	1133	1336	423	648	602	825	1461	2248	1097	386	1119	481	824	704	930	880	850	725	1111	567	896	1284
ENSG00000217330	0	3	2	0	0	3	2	0	0	0	0	13	0	0	0	0	2	0	0	0	0	0	16	0	0	0	4	2
ENSG00000217334	0	2	0	0	0	7	0	0	0	0	0	0	0	5	0	2	0	0	3	0	2	22	0	0	0	4	4	0
ENSG00000217527	0	0	2	4	0	4	0	12	0	0	2	0	0	9	1	0	1	0	0	2	0	0	0	0	10	0	0	3
ENSG00000217585	0	0	0	0	0	0	0	0	0	0	0	0	0	0	0	0	0	0	0	0	0	0	0	0	0	0	0	0
ENSG00000217733	0	40	4	30	0	26	5	21	4	38	6	29	3	7	3	2	6	0	48	11	23	5	0	29	1	40	22	5
ENSG00000217767	0	1	0	0	0	3	2	0	1	8	1	1	0	2	2	0	1	0	4	6	1	0	0	0	2	4	0	0
ENSG00000217805	0	0	0	0	0	0	0	0	0	0	0	0	0	0	0	0	0	0	0	0	0	0	0	0	0	0	0	0
ENSG00000217862	0	0	2	0	0	0	0	2	4	0	2	0	1	4	1	0	3	6	0	7	0	0	0	0	0	1	2	4
ENSG00000217896	0	31	4	34	0	49	36	46	5	32	8	39	10	9	2	7	40	2	32	46	0	4	20	47	27	13	26	16
ENSG00000218073	0	0	0	2	0	0	0	0	0	2	1	0	1	0	0	8	0	0	2	0	4	1	0	11	3	0	0	4
ENSG00000218107	0	8	0	7	1	0	0	0	0	0	0	0	2	0	4	0	2	0	2	0	0	9	0	2	0	0	0	0
ENSG00000218186	0	0	1	0	0	0	0	0	2	1	0	0	4	0	0	0	0	0	1	2	0	0	0	2	0	0	0	0
ENSG00000218226	4	30	7	8	11	11	15	11	4	20	4	6	29	44	5	16	11	3	32	1	5	0	13	17	16	27	3	12
ENSG00000218305	0	0	2	2	0	2	4	5	0	0	1	4	3	3	2	3	2	0	4	0	0	0	1	3	5	0	2	0
ENSG00000218363	0	0	0	0	0	0	0	0	0	0	0	0	0	0	0	0	0	0	0	0	0	0	0	0	0	0	0	0
ENSG00000218459	0	5	0	7	0	1	8	4	0	0	0	3	0	0	4	0	0	0	0	0	0	0	0	0	3	2	1	0
ENSG00000218520	0	0	0	0	0	0	0	0	0	0	0	0	0	0	0	0	0	0	0	0	0	0	0	0	0	0	0	0
ENSG00000218521	0	2	0	0	0	2	0	2	0	0	0	4	0	0	0	0	0	0	0	0	0	0	0	0	0	2	0	0
ENSG00000218549	0	12	0	8	0	0	0	18	0	0	0	0	14	142	0	0	0	0	0	0	0	0	0	24	0	0	0	0
ENSG00000218632	0	0	0	0	0	0	0	0	0	0	0	0	31	0	0	0	0	0	0	1	2	0	0	0	2	0	1	0
ENSG00000218819	0	0	2	0	0	6	0	0	0	0	0	0	10	8	352	2	0	0	6	0	0	0	0	0	0	6	7	0
ENSG00000218976	0	0	5	1	4	0	3	0	0	0	0	0	1	3	0	0	1	1	4	7	0	7	0	8	2	0	0	0
ENSG00000218991	0	4	0	0	0	0	4	0	0	0	0	0	0	0	0	0	0	0	0	0	0	0	0	0	0	0	0	0
ENSG00000219273	0	0	0	2	18	7	0	0	5	8	0	0	23	0	0	0	0	2	20	9	0	0	0	2	0	29	2	0
ENSG00000219355	0	10	2	6	4	6	5	6	2	24	0	3	4	10	2	6	4	3	10	0	0	8	0	19	6	4	8	13
ENSG00000219409	0	0	0	3	0	2	0	0	0	0	0	0	0	4	0	0	0	0	2	0	8	6	0	2	2	2	1	6
ENSG00000219642	0	0	1	4	0	0	1	8	0	0	0	0	0	3	0	0	0	0	0	0	0	0	0	0	1	0	0	0
ENSG00000219682	0	3	1	2	0	0	13	11	0	1	1	0	0	5	1	0	1	1	0	0	1	1	0	0	2	0	0	2
ENSG00000219736	0	0	0	4	0	0	0	0	0	0	0	0	0	15	0	0	8	0	0	0	15	0	0	2	0	0	0	2
ENSG00000219747	1	0	0	0	1	5	2	1	1	2	0	0	4	2	0	1	1	0	0	11	0	2	6	2	1	3	0	0
ENSG00000219940	0	0	0	0	0	0	0	0	0	0	0	0	0	0	0	0	0	0	0	0	0	0	0	0	0	0	0	0
ENSG00000220076	0	0	0	3	0	0	0	8	0	2	0	0	0	2	0	0	0	0	11	0	1	0	0	1	0	5	3	0
ENSG00000220105	0	0	0	0	3	1	0	4	0	1	0	2	0	0	1	0	0	7	0	0	2	20	0	4	1	0	0	0
ENSG00000220157	0	0	0	0	0	0	1	0	0	1	0	0	0	0	0	0	2	0	0	0	0	0	0	0	1	0	0	0
ENSG00000220204	0	0	0	0	0	0	0	0	0	0	0	0	0	0	0	0	0	0	0	0	0	0	0	0	0	0	0	0
ENSG00000220392	0	0	0	5	0	4	2	0	0	0	0	2	3	1	2	0	0	0	4	0	0	0	0	4	8	0	0	4
ENSG00000220515	11	3	0	0	0	0	4	0	0	2	0	2	0	0	0	1	2	0	0	0	0	0	0	2	4	2	7	0
ENSG00000220522	0	0	0	1	0	2	0	10	0	0	0	6	0	0	0	6	4	0	0	1	0	0	0	3	4	2	1	2
ENSG00000220581	0	3	7	0	0	0	0	0	0	0	0	0	12	0	2	0	0	0	4	0	0	0	0	0	0	0	0	0
ENSG00000220598	0	0	0	0	0	0	0	0	0	0	0	3	0	0	0	0	2	0	0	0	0	0	0	0	0	0	0	0
ENSG00000220744	0	27	2	2	12	12	10	0	11	31	9	9	0	0	0	19	6	1	16	4	4	0	1	12	8	28	20	4
ENSG00000220986	0	0	0	0	0	0	0	0	0	0	0	0	0	0	0	0	0	0	0	0	0	0	0	0	0	0	0	0
ENSG00000221033	0	0	0	0	0	0	0	0	0	3	0	2	0	0	0	0	0	0	0	0	0	0	0	0	0	0	0	0
ENSG00000221042	0	18	0	28	0	10	23	76	1	29	10	17	0	20	3	7	13	2	25	21	26	1	24	18	6	5	18	9
ENSG00000221044	0	0	0	0	0	0	7	0	4	0	0	0	13	0	0	0	0	0	4	4	8	0	0	0	0	2	1	0
ENSG00000221148	0	0	0	0	0	0	0	0	0	0	0	0	0	0	0	0	0	0	0	0	0	0	0	0	0	0	0	0
ENSG00000221264	0	0	0	0	0	8	4	2	1	0	1	2	1	1	1	0	0	0	1	2	0	0	0	4	8	2	7	0
ENSG00000221421	0	0	0	0	0	0	0	0	0	0	0	0	0	0	0	0	0	0	0	0	0	0	0	0	0	0	0	0
ENSG00000221518	0	0	0	15	0	0	3	1	1	0	0	0	0	5	0	0	1	0	6	0	0	0	0	1	2	2	0	0
ENSG00000221520	0	0	0	0	0	0	3	1	0	2	0	0	7	2	2	0	0	0	1	2	7	0	4	1	4	2	0	0
ENSG00000221601	0	0	0	0	0	0	0	0	0	0	0	0	0	0	0	0	0	0	0	0	0	0	0	0	0	0	0	0
ENSG00000221676	0	2	1	1	2	2	0	1	0	0	2	2	3	6	8	2	2	2	4	3	3	0	0	0	2	0	4	1
ENSG00000221716	1	2	0	0	6	2	9	8	3	4	0	0	0	1	2	0	1	0	0	2	4	0	0	4	2	1	0	0
ENSG00000221740	0	0	0	3	0	2	9	6	0	2	0	2	5	6	0	0	1	0	1	1	0	0	0	3	5	1	3	1
ENSG00000221771	0	0	1	3	0	1	0	11	0	3	0	3	0	3	0	1	4	0	0	0	0	0	0	2	1	3	1	0
ENSG00000221888	0	4	0	0	0	0	0	0	2	1	0	0	0	13	0	0	0	0	0	0	1	0	0	0	3	7	0	0
ENSG00000221926	80	85	162	120	253	84	177	100	72	142	179	119	124	240	75	205	193	122	140	85	215	125	166	156	160	85	117	136
ENSG00000222017	12	0	0	7	0	0	2	0	2	9	6	16	3	0	12	0	2	0	2	12	9	1	0	0	10	0	0	13
ENSG00000222038	3	31	18	29	37	6	2	2	18	12	38	13	15	164	9	9	27	3	68	50	12	22	6	219	33	503	4	16
ENSG00000222044	0	18	4	2	1	2	2	13	0	8	2	7	2	2	0	5	5	0	1	15	5	0	2	17	2	2	7	1
ENSG00000222047	0	3	9	1	47	8	4	8	0	4	11	2	8	1	2	7	6	5	4	0	18	15	0	4	4	2	1	2
ENSG00000222108	0	1	1	5	0	0	1	0	0	1	0	0	0	0	1	1	1	0	0	1	0	0	0	1	1	0	1	0
ENSG00000222146	0	0	0	0	0	0	0	0	0	0	0	0	0	0	0	0	0	0	0	0	0	0	0	0	0	0	0	0
ENSG00000222162	0	4	6	2	0	2	0	3	3	3	2	2	0	0	0	0	1	0	1	4	0	0	0	7	0	1	3	0
ENSG00000222266	0	5	1	14	2	9	7	36	0	8	2	14	3	12	0	3	15	2	11	21	2	2	0	24	13	0	10	16
ENSG00000222352	0	0	0	0	0	0	0	0	0	0	0	0	1	0	0	0	0	1	0	0	0	0	0	1	0	0	0	0
ENSG00000222375	25	20	0	1	0	5	7	4	39	6	1	1	6	94	4	0	3	3	6	9	0	48	9	2	25	6	0	3
ENSG00000222386	0	16	4	7	0	19	4	42	0	1	4	14	2	12	1	0	13	4	3	56	9	0	36	49	0	2	9	11
ENSG00000222407	0	6	0	0	0	0	0	5	0	0	0	0	0	0	0	0	2	0	0	0	0	0	0	1	0	0	0	1
ENSG00000222413	0	0	2	2	0	5	8	6	0	0	2	1	0	0	3	0	8	0	1	10	0	0	0	0	4	0	0	1
ENSG00000222460	0	4	3	0	0	2	5	7	0	0	0	3	3	2	4	0	0	0	2	5	0	0	0	2	1	0	0	2
ENSG00000222486	0	0	0	0	0	0	0	0	0	0	0	0	0	0	0	0	0	0	0	0	0	0	0	0	0	0	0	0
ENSG00000222608	0	0	0	0	0	0	0	0	0	0	0	0	0	0	0	0	0	0	0	0	0	0	0	0	0	0	0	0
ENSG00000222649	0	3	2	0	2	1	1	5	2	0	4	0	0	0	1	3	0	0	4	0	0	0	0	6	2	0	3	1
ENSG00000222704	0	0	0	0	0	0	0	0	0	0	0	0	0	0	0	0	0	0	0	0	0	0	0	0	0	0	0	0
ENSG00000222777	0	0	0	0	0	0	0	0	0	0	0	0	0	0	0	1	0	0	2	0	0	0	0	0	0	0	0	0
ENSG00000222790	0	3	0	4	0	1	0	8	0	0	0	2	2	3	0	1	0	0	2	0	0	0	11	1	2	1	3	1
ENSG00000222862	0	0	2	5	0	2	0	0	1	10	1	3	5	0	0	0	0	3	4	0	0	0	0	3	6	0	0	0
ENSG00000222923	0	0	0	0	0	0	0	0	0	0	0	0	0	0	0	0	0	0	0	0	0	0	0	0	0	0	0	0
ENSG00000222924	0	0	0	0	0	0	0	0	0	0	0	0	0	0	0	0	0	0	0	0	0	0	0	0	4	0	0	0
ENSG00000222974	0	0	0	0	0	0	0	0	0	0	0	0	0	0	0	0	0	0	0	0	0	0	0	0	0	0	0	0
ENSG00000223027	0	0	0	0	0	0	0	0	0	0	0	0	0	0	0	0	2	0	0	0	0	0	0	0	1	0	0	0
ENSG00000223064	0	0	0	0	0	0	0	0	0	0	0	0	0	0	0	0	0	0	0	0	0	0	0	0	0	0	0	0
ENSG00000223107	0	0	2	0	0	0	0	0	0	0	0	0	0	0	0	0	0	0	2	0	0	0	0	0	0	0	0	0
ENSG00000223158	0	0	0	0	0	0	0	0	0	0	0	0	0	0	0	0	0	0	0	0	0	0	0	0	0	0	0	0
ENSG00000223198	0	0	0	0	0	0	1	0	0	6	1	2	0	4	0	1	0	0	0	7	0	0	3	6	4	2	1	0
ENSG00000223280	0	0	2	6	0	2	0	0	0	0	0	0	0	5	2	0	1	0	3	0	0	8	0	0	3	0	0	6
ENSG00000223344	0	0	0	0	0	0	0	0	0	0	0	0	0	0	0	0	0	0	0	0	0	0	0	0	0	0	0	0
ENSG00000223345	6	2	7	8	1	6	53	4	5	2	5	2	34	30	14	2	11	1	1	7	0	6	2	17	15	0	1	7
ENSG00000223350	0	0	44	3	2	2	18	0	0	0	1	7	4	1	4	2	0	8	2	3	14	0	19	19	19	0	0	6
ENSG00000223361	1	0	0	1	1	12	1	2	1	0	3	3	0	0	1	1	1	0	2	0	1	0	0	9	0	2	0	3
ENSG00000223379	0	22	3	6	0	8	20	17	0	14	12	9	18	4	1	0	0	0	2	17	4	0	0	25	7	2	1	8
ENSG00000223381	0	0	0	0	0	0	0	0	0	0	0	0	0	0	0	0	0	0	0	0	0	0	0	0	0	0	0	0
ENSG00000223400	0	49	9	54	4	2	0	16	0	162	0	20	9	140	0	0	34	19	169	2	120	54	310	6	0	11	27	64
ENSG00000223409	0	3	4	2	0	45	21	29	0	2	2	3	9	4	0	0	27	0	8	42	0	0	3	18	6	4	16	5
ENSG00000223443	0	3	0	2	0	0	12	2	0	0	0	0	1	3	0	0	2	0	2	7	0	8	0	7	1	2	1	1
ENSG00000223489	0	3	1	0	0	0	1	0	1	0	3	2	0	0	4	1	0	2	0	0	0	0	0	0	31	0	0	0
ENSG00000223503	0	6	2	0	1	0	9	0	0	0	0	0	2	1	1	0	2	0	1	2	0	2	0	5	0	2	5	0
ENSG00000223525	37	184	27	80	17	198	22	41	27	236	44	91	62	57	10	48	99	14	74	46	34	34	69	101	61	123	113	34
ENSG00000223537	2	0	2	1	0	5	6	0	0	1	1	1	2	3	2	0	0	0	2	0	0	0	4	1	5	1	2	4
ENSG00000223543	0	0	2	0	0	2	0	8	0	13	0	5	0	0	0	4	3	0	7	0	0	0	0	4	0	0	0	0
ENSG00000223548	0	0	0	0	0	0	0	0	0	0	0	0	0	0	0	0	0	0	0	0	0	0	0	0	0	0	0	0
ENSG00000223572	26	44	28	108	91	17	2	0	45	76	10	21	62	391	86	94	39	5	3	116	76	72	87	35	61	64	65	28
ENSG00000223583	0	25	0	12	10	13	8	23	0	6	8	17	25	4	0	2	5	0	6	12	0	1	0	12	13	20	12	5
ENSG00000223604	0	11	0	3	0	0	0	0	0	0	2	0	0	0	0	0	2	0	2	0	0	0	0	0	0	2	0	0
ENSG00000223621	0	0	2	0	0	0	6	0	0	0	0	0	4	6	4	0	0	0	1	0	0	0	0	2	2	1	2	0
ENSG00000223656	0	0	3	4	0	3	0	0	0	2	0	3	1	0	0	0	0	0	3	7	0	0	5	4	4	3	0	1
ENSG00000223663	0	6	2	0	0	4	3	0	6	0	0	0	0	4	0	0	0	0	0	6	9	11	0	2	0	0	1	0
ENSG00000223668	0	0	4	1	3	1	1	0	1	1	0	1	0	4	1	1	3	0	1	1	0	1	0	5	6	1	1	2
ENSG00000223675	11	0	0	2	0	2	0	5	2	0	0	0	2	0	2	1	0	0	1	0	0	9	2	0	0	2	0	0
ENSG00000223701	1	1	1	1	0	2	2	1	2	0	1	6	0	7	1	6	1	1	6	0	4	4	0	0	2	0	0	4
ENSG00000223715	0	6	0	2	5	73	0	0	0	4	3	3	9	104	2	0	4	0	0	0	9	0	0	0	3	2	3	6
ENSG00000223723	3	0	6	2	0	0	0	0	0	4	3	0	0	3	10	2	0	0	0	0	0	1	0	6	2	0	0	7
ENSG00000223727	0	0	0	4	1	0	0	0	0	0	2	1	0	1	2	2	0	0	1	6	0	0	0	6	3	7	3	0
ENSG00000223742	0	0	0	0	0	0	0	0	0	0	0	0	0	0	0	0	0	0	0	0	0	0	0	0	0	0	0	0
ENSG00000223749	16	88	13	44	8	30	12	13	53	96	69	172	30	27	13	15	46	13	47	1	18	0	0	30	61	12	50	16
ENSG00000223751	0	3	0	2	0	8	52	66	0	4	16	6	29	34	2	0	0	0	0	0	2	21	40	0	2	2	3	5
ENSG00000223779	0	30	0	0	14	20	0	0	0	0	39	27	0	0	4	16	0	0	0	0	0	22	14	0	0	36	12	0
ENSG00000223791	0	1	0	0	0	0	0	0	0	2	2	0	1	0	0	0	1	0	1	11	2	0	13	2	2	0	0	2
ENSG00000223800	0	0	0	0	0	0	0	0	0	0	0	0	0	0	0	0	0	0	0	0	0	0	0	0	0	0	0	0
ENSG00000223823	9	4	3	0	2	9	0	0	0	5	1	4	2	1	0	0	0	0	0	2	0	0	0	3	1	2	0	3
ENSG00000223828	0	0	8	0	0	2	15	0	0	0	2	2	4	0	0	0	3	0	0	0	0	0	0	2	2	2	0	0
ENSG00000223849	5	121	14	29	16	110	17	0	20	141	43	49	39	2	6	54	27	14	77	53	4	17	7	64	39	11	71	13
ENSG00000223859	0	0	0	1	0	0	0	0	0	0	0	0	1	0	0	0	0	0	0	1	0	0	0	0	0	0	0	0
ENSG00000223861	0	30	2	39	19	28	16	15	9	42	17	26	0	5	10	36	82	21	78	42	19	25	182	54	7	14	9	11
ENSG00000223863	40	0	78	2	5	8	6	0	20	2	39	31	64	10	1	15	2	16	27	32	1	14	9	22	10	0	11	38
ENSG00000223875	0	3	1	0	4	20	0	0	0	4	0	0	0	2	0	0	0	2	3	0	3	0	0	0	2	0	0	0
ENSG00000223878	7	5	10	20	1	4	15	2	4	23	0	8	49	20	0	0	6	0	3	6	0	0	0	7	11	0	10	2
ENSG00000223890	0	28	2	34	3	26	0	20	7	16	3	13	0	4	3	2	16	0	17	18	60	5	38	23	8	13	28	2
ENSG00000223896	0	0	3	10	0	0	3	0	1	6	0	0	3	0	0	0	0	0	1	3	0	0	0	2	4	0	2	0
ENSG00000223905	0	4	0	0	0	0	0	0	0	0	0	0	0	0	0	0	0	0	0	0	0	0	0	0	0	0	0	0
ENSG00000223908	0	2	0	1	6	0	1	2	0	1	6	1	8	1	0	0	2	0	5	0	5	0	0	2	1	0	0	1
ENSG00000223930	0	1679	454	1198	65	1001	50	625	60	52	203	127	366	4436	1037	152	5218	926	405	1047	865	1059	254	548	224	21	42	1764
ENSG00000223944	0	1	1	1	0	2	0	0	2	6	4	2	1	0	0	0	1	0	2	4	2	1	0	7	3	0	1	3
ENSG00000223966	0	0	0	0	0	0	0	0	0	0	0	0	0	0	0	0	0	0	0	0	0	0	0	0	0	0	0	0
ENSG00000223984	0	2	0	0	0	4	2	0	0	10	0	0	0	6	0	0	2	0	0	0	0	0	0	8	5	3	4	0
ENSG00000224017	0	4	0	0	0	6	0	0	0	0	1	0	19	4	0	0	0	0	0	0	0	0	0	6	3	0	0	0
ENSG00000224019	20	29	3	38	15	26	12	0	4	46	9	11	21	1	6	15	37	4	25	2	15	0	0	37	15	54	23	3
ENSG00000224020	4	31	6	6	8	13	28	14	22	33	8	7	12	11	10	6	15	8	17	0	47	11	4	16	22	47	4	8
ENSG00000224041	0	0	4	2	0	2	9	0	1	0	0	5	0	2	0	0	1	0	0	0	0	9	0	3	2	1	0	1
ENSG00000224071	0	3	0	0	0	2	0	0	0	0	0	2	0	0	0	0	0	0	0	0	0	0	0	0	0	0	0	0
ENSG00000224083	0	0	0	1	6	3	16	17	0	27	0	6	40	10	0	0	6	0	2	7	0	0	6	8	4	4	7	3
ENSG00000224086	71	288	137	164	100	170	177	177	133	432	122	184	191	173	159	94	313	147	176	226	85	198	160	267	166	324	120	223
ENSG00000224087	1	18	101	143	5	6	118	118	6	0	9	15	192	396	706	14	70	57	21	185	44	147	60	56	313	7	17	386
ENSG00000224092	0	0	0	2	0	0	0	0	0	0	0	0	0	0	0	0	0	0	0	0	0	0	0	0	0	0	0	0
ENSG00000224099	0	20	4	1	4	5	13	0	8	10	2	3	11	34	44	0	0	39	484	53	1	41	14	48	46	39	0	4
ENSG00000224109	0	0	2	0	0	4	0	0	0	3	0	2	0	0	3	0	0	4	29	2	24	6	0	0	2	0	4	0
ENSG00000224114	1	9	0	1	0	0	3	0	31	19	72	58	52	45	3	0	3	4	0	11	0	0	0	2	1	0	1	6
ENSG00000224121	0	13	2	12	0	4	8	30	0	49	0	4	5	11	2	0	5	0	18	15	0	0	2	5	20	0	7	1
ENSG00000224167	0	6	0	0	4	2	8	0	1	2	0	2	3	1	1	0	2	1	5	2	2	0	0	1	0	0	0	2
ENSG00000224173	0	1	3	0	0	0	0	0	0	14	2	0	0	0	0	0	7	0	2	0	0	0	0	2	0	2	4	0
ENSG00000224177	0	0	0	0	0	0	0	0	0	0	0	0	0	0	0	0	0	0	0	0	0	0	0	0	0	0	0	0
ENSG00000224204	0	24	7	15	0	0	0	23	5	4	2	7	31	4	0	0	0	1	6	9	0	35	3	12	12	3	7	1
ENSG00000224209	0	0	1	0	4	2	0	0	0	0	3	0	6	0	0	0	0	0	0	0	0	0	19	2	2	0	0	0
ENSG00000224216	2	3	0	9	2	0	0	0	0	0	0	2	0	2	0	0	2	0	1	22	0	0	0	1	0	0	0	2
ENSG00000224223	0	55	0	16	2	1	0	41	0	1	30	0	0	35	0	3	3	0	0	0	20	3	25	0	6	0	0	4
ENSG00000224224	0	52	9	19	0	1	0	40	0	15	8	7	0	112	9	0	25	0	9	24	2	12	69	2	12	7	2	39
ENSG00000224227	0	2	27	0	0	0	3	0	0	0	0	0	0	0	2	0	0	0	0	0	0	0	0	0	6	0	0	3
ENSG00000224228	0	0	0	2	0	0	1	9	0	0	0	0	0	0	0	0	0	0	0	0	0	0	0	2	0	0	0	0
ENSG00000224239	0	21	12	1	0	4	19	0	3	29	0	11	21	26	0	4	1	0	3	1	0	5	6	20	18	1	11	0
ENSG00000224245	3	40	3	49	8	162	5	40	3	74	11	78	0	31	0	9	67	5	73	47	25	8	92	73	7	109	35	9
ENSG00000224251	0	1	3	6	2	1	5	0	0	0	0	3	0	3	1	0	6	0	2	0	5	4	5	6	1	0	6	1
ENSG00000224254	7	0	1	0	0	0	1	0	0	4	0	0	0	0	0	0	2	0	0	0	0	0	0	6	2	0	0	0
ENSG00000224271	15	44	13	448	32	784	115	472	27	2465	54	132	61	41	17	20	43	13	277	30	170	65	48	41	42	2282	525	29
ENSG00000224273	3	0	3	1	1	2	7	0	1	0	0	1	4	5	1	0	3	0	2	4	0	4	0	0	1	0	1	7
ENSG00000224274	0	0	0	0	0	0	0	0	2	0	0	0	2	0	0	0	0	0	0	0	0	0	0	0	0	0	0	0
ENSG00000224282	0	8	0	9	0	7	0	6	9	0	1	6	0	4	0	9	12	0	2	0	0	30	7	16	4	19	7	0
ENSG00000224289	0	4	0	1	0	2	0	0	0	8	0	0	0	0	0	0	3	4	8	0	0	0	0	5	6	0	2	0
ENSG00000224309	0	1	0	0	1	0	0	0	0	0	1	1	3	15	0	6	1	0	0	0	10	0	0	1	0	1	3	2
ENSG00000224315	0	8	6	2	0	0	4	0	0	1	0	0	0	9	0	0	5	0	2	2	0	0	0	4	3	6	2	0
ENSG00000224316	0	1	3	0	0	5	2	0	0	4	0	1	1	6	0	0	1	1	4	0	0	0	0	2	2	0	0	4
ENSG00000224322	16	6	6	21	0	25	0	13	3	0	2	8	11	54	5	0	5	8	8	2	0	19	22	13	0	3	5	22
ENSG00000224334	0	2	4	2	0	4	0	1	0	0	0	0	0	11	2	0	2	1	3	2	0	9	5	3	1	0	2	0
ENSG00000224371	0	0	2	2	4	1	0	0	4	0	2	0	0	0	4	0	0	1	0	4	9	0	0	0	3	0	0	0
ENSG00000224373	13	1	578	14	40	71	251	17	63	0	7	43	211	76	16	3	35	1	0	44	0	146	31	131	87	3	4	267
ENSG00000224384	0	0	0	2	0	0	0	0	0	0	0	0	0	0	0	0	0	0	0	0	7	0	0	0	0	1	0	0
ENSG00000224389	7	30	1019	156	139	37	530	28	18	34	238	565	249	164	20	289	329	84	232	53	63	48	13	247	276	7	221	790
ENSG00000224396	0	0	0	0	0	0	0	0	0	0	0	0	0	0	0	0	1	0	0	0	0	0	0	0	0	0	0	0
ENSG00000224397	0	15	43	48	20	9	133	82	24	2	41	134	110	28	18	70	31	14	8	4	43	10	27	14	42	4	126	49
ENSG00000224414	0	2	2	3	1	1	0	1	0	1	0	2	0	0	0	5	3	0	2	15	1	0	0	1	6	2	0	0
ENSG00000224415	2	60	2	20	5	17	3	37	25	94	36	64	9	8	7	76	26	26	81	1	0	38	29	41	8	183	23	16
ENSG00000224417	0	0	0	0	0	2	0	0	3	0	2	2	3	0	0	0	0	0	0	0	0	17	0	3	0	4	0	0
ENSG00000224442	15	40	7	51	19	49	33	33	24	59	42	62	31	1	0	60	40	5	50	13	5	0	36	74	43	67	46	18
ENSG00000224448	0	2	4	0	0	2	4	8	4	0	0	4	8	3	4	1	0	0	0	0	0	0	0	4	0	1	0	0
ENSG00000224476	0	0	0	0	0	0	0	0	0	0	0	0	0	0	0	0	0	0	0	0	0	0	0	0	0	0	0	0
ENSG00000224477	0	0	0	0	0	4	0	0	0	12	0	4	0	0	0	4	3	1	1	0	0	0	3	1	2	0	3	0
ENSG00000224478	11	0	2	0	2	0	0	0	2	6	4	0	6	0	5	2	0	0	0	0	0	0	2	0	2	0	0	2
ENSG00000224481	4	0	5	0	0	9	0	0	0	6	0	1	0	5	0	0	8	0	9	2	0	0	0	5	1	5	6	2
ENSG00000224521	21	0	29	0	9	3	0	0	11	0	39	43	6	67	60	5	0	6	0	8	55	6	0	2	3	9	0	9
ENSG00000224525	0	4	0	2	0	0	2	1	0	3	0	4	0	3	0	0	1	0	0	11	0	5	0	8	2	1	0	2
ENSG00000224533	0	3	3	2	1	0	0	3	2	2	1	2	15	4	2	3	0	0	2	0	0	2	0	1	0	0	1	2
ENSG00000224536	63	55	83	59	64	98	57	103	62	219	76	106	81	108	69	43	59	84	175	75	93	80	171	184	64	39	37	38
ENSG00000224545	0	10	0	5	0	2	4	0	6	0	1	0	0	0	0	0	2	0	2	0	0	0	6	10	4	1	1	0
ENSG00000224555	0	0	0	0	0	0	0	0	0	0	0	0	3	0	0	0	0	0	0	0	0	0	0	0	0	0	0	0
ENSG00000224571	0	0	0	0	0	0	0	0	0	0	0	0	0	0	0	0	0	0	0	0	0	0	0	0	0	0	0	0
ENSG00000224586	0	6	8	22	0	2	0	10	2	0	19	33	8	105	17	0	16	34	4	2	0	29	0	0	2	0	1	6
ENSG00000224593	9	323	5	324	19	227	46	165	15	765	28	110	55	21	32	23	331	56	1165	35	2	50	846	382	113	1130	320	47
ENSG00000224598	10	2	2	2	0	0	0	10	5	0	0	0	7	0	0	0	0	3	0	0	0	0	0	2	2	0	1	0
ENSG00000224603	0	0	0	0	0	0	0	0	0	0	0	0	0	0	0	0	0	0	0	0	0	0	0	0	0	0	0	0
ENSG00000224618	0	0	0	1	0	2	2	0	0	0	0	1	0	0	0	0	1	2	1	23	0	0	0	0	3	2	1	0
ENSG00000224629	0	3	2	0	0	0	1	6	0	3	0	0	14	4	0	0	4	0	0	0	1	0	0	2	7	1	1	1
ENSG00000224635	0	17	2	38	20	27	2	8	4	12	2	8	34	21	0	2	9	24	99	0	21	14	0	14	18	7	12	8
ENSG00000224650	30	5	197	24	17	13	231	33	21	0	8	9	50	35	66	5	33	2	8	68	0	88	14	33	76	9	10	72
ENSG00000224661	0	0	1	4	0	2	2	15	1	5	0	4	0	4	0	0	0	0	1	0	0	0	0	0	4	1	1	0
ENSG00000224666	0	0	2	0	0	5	0	3	2	1	3	0	0	3	2	0	3	0	0	0	0	0	0	0	1	0	11	0
ENSG00000224667	1	0	0	0	0	1	4	0	1	0	0	8	0	0	0	0	4	0	5	0	7	0	0	0	0	4	12	0
ENSG00000224672	0	1	0	0	0	0	1	0	0	7	2	0	3	0	0	1	0	0	1	0	0	0	0	2	1	0	0	1
ENSG00000224675	0	6	1	0	0	0	1	1	1	9	0	0	0	4	0	0	2	0	1	0	0	2	0	3	0	10	1	0
ENSG00000224758	0	2	0	0	0	0	0	0	4	12	0	0	0	0	1	0	2	0	0	4	0	2	0	1	6	0	3	0
ENSG00000224799	0	0	0	0	0	0	0	0	0	0	0	0	0	0	0	0	0	0	0	0	0	0	0	0	0	0	0	0
ENSG00000224825	0	4	9	1	1	8	4	1	0	0	0	3	18	4	8	2	5	1	2	13	0	0	2	2	4	0	2	31
ENSG00000224846	0	0	1	1	0	2	2	0	1	0	0	0	6	2	1	3	0	0	0	0	10	0	0	3	1	1	1	1
ENSG00000224877	237	242	292	400	349	249	300	311	300	470	446	533	230	314	344	542	390	291	501	429	564	609	453	482	330	276	213	354
ENSG00000224901	0	3	0	2	1	0	0	0	0	0	0	0	0	2	0	0	0	0	1	0	0	0	0	0	0	0	1	0
ENSG00000224939	0	0	2	2	0	0	0	0	0	0	0	9	0	1	0	1	4	2	2	0	0	22	0	0	2	0	0	2
ENSG00000224944	0	8	0	0	0	0	0	4	0	4	6	2	7	0	2	2	4	0	1	0	0	0	0	4	6	1	2	0
ENSG00000224949	0	0	0	0	0	0	0	0	0	0	0	0	0	0	0	0	0	0	0	0	0	0	0	1	0	0	0	0
ENSG00000224955	0	0	0	0	0	0	0	0	0	0	0	0	0	0	0	0	0	0	0	0	0	0	0	0	0	0	0	0
ENSG00000224961	109	36	89	59	112	81	82	48	114	60	138	106	153	59	326	114	80	100	58	125	49	303	58	43	147	50	52	224
ENSG00000224984	0	0	3	0	3	0	1	0	2	0	14	5	0	0	5	2	0	2	0	0	0	0	0	0	7	0	2	1
ENSG00000225000	0	0	0	2	0	1	9	4	0	8	0	0	10	0	1	0	2	2	0	0	0	0	0	4	1	0	2	0
ENSG00000225017	0	6	0	0	0	48	6	12	3	0	0	21	8	4	0	4	19	4	13	4	12	0	28	7	14	0	7	9
ENSG00000225057	0	2	0	1	2	0	4	5	1	2	0	4	4	4	0	1	4	0	3	1	0	0	0	2	7	0	0	3
ENSG00000225072	3	0	0	0	0	17	0	0	1	0	0	0	1	3	1	0	0	1	0	0	2	0	0	0	3	0	0	2
ENSG00000225077	0	4	0	2	0	3	0	4	2	1	3	0	5	2	0	1	6	8	0	0	0	1	5	0	2	0	0	2
ENSG00000225079	0	0	0	2	0	5	8	0	0	0	0	5	8	1	2	2	0	2	1	0	0	15	0	0	0	0	1	0
ENSG00000225080	0	3	0	1	0	4	2	11	0	0	0	1	0	5	0	2	3	0	1	6	3	0	0	3	1	1	2	0
ENSG00000225082	0	0	1	0	3	0	2	0	1	1	2	0	2	4	1	6	2	0	0	5	2	0	0	12	1	1	5	0
ENSG00000225084	0	5	0	0	2	0	1	0	4	3	0	2	3	0	0	0	6	0	0	2	13	0	0	0	4	2	0	2
ENSG00000225094	0	0	0	2	0	0	9	0	0	0	0	3	7	0	0	6	0	0	2	0	0	0	0	3	3	0	10	0
ENSG00000225096	6	11	9	42	19	40	44	0	10	20	29	58	25	74	30	22	73	23	41	25	19	100	8	27	24	32	39	77
ENSG00000225101	0	58	14	12	2	70	13	9	1	9	11	21	33	107	34	0	14	4	3	3	62	24	10	5	12	18	4	10
ENSG00000225107	0	0	0	0	0	0	0	0	0	0	6	0	18	0	0	0	0	0	0	0	0	0	0	0	2	0	10	0
ENSG00000225124	0	0	0	0	0	0	0	0	0	0	0	0	0	0	0	0	0	0	1	0	0	0	0	0	0	2	0	0
ENSG00000225137	0	0	1	1	4	0	3	0	0	2	3	2	2	1	1	1	2	1	1	0	0	1	2	1	4	1	1	2
ENSG00000225146	0	2	1	1	2	0	6	3	0	0	2	2	2	5	1	0	2	2	1	5	0	0	5	0	0	0	0	0
ENSG00000225154	0	2	0	0	0	3	8	0	10	0	6	0	2	0	0	0	1	0	2	0	0	0	0	0	3	2	2	0
ENSG00000225159	0	0	0	0	0	1	1	0	1	1	0	0	0	0	0	0	0	0	0	0	0	2	1	0	0	1	3	0
ENSG00000225173	24	20	10	74	10	30	33	6	2	2	20	21	67	494	101	8	28	143	348	154	79	51	2	57	47	217	68	46
ENSG00000225180	0	2	0	0	0	0	0	0	0	0	0	0	0	0	0	0	0	0	0	0	0	0	0	0	0	0	0	0
ENSG00000225187	0	0	0	0	1	0	0	3	2	1	3	7	5	0	0	0	0	0	2	3	0	0	0	7	0	1	0	1
ENSG00000225203	0	1	0	9	0	0	0	5	0	0	0	0	0	9	0	2	5	0	2	2	0	0	0	0	5	0	0	0
ENSG00000225205	0	34	40	35	18	51	43	15	19	34	11	48	15	21	4	13	7	18	30	18	107	26	37	53	48	15	52	13
ENSG00000225214	0	0	2	3	0	4	0	0	0	7	1	4	0	2	2	0	0	1	2	0	1	0	0	9	0	3	2	1
ENSG00000225231	0	0	0	5	0	30	27	3	8	0	4	61	23	4	2	0	0	0	0	0	0	0	0	0	20	8	0	0
ENSG00000225246	0	9	0	2	0	2	0	0	0	1	0	2	1	0	0	3	0	0	2	1	0	0	0	10	1	0	6	0
ENSG00000225264	2	0	34	7	0	0	21	28	0	0	0	2	52	44	6	2	7	0	0	1	0	0	0	12	3	0	1	9
ENSG00000225326	0	0	0	0	0	0	0	0	0	0	0	0	0	0	0	0	0	0	0	0	0	0	0	0	0	0	0	0
ENSG00000225328	19	13	1	4	8	2	6	2	0	45	0	25	64	99	12	0	12	9	27	43	59	16	0	15	5	68	14	4
ENSG00000225329	0	3	4	4	0	0	0	12	0	0	0	0	1	0	3	0	0	2	0	0	0	0	0	7	8	0	3	3
ENSG00000225369	0	0	0	0	0	0	0	0	0	0	0	0	0	0	0	0	0	0	0	0	0	0	0	0	0	0	0	0
ENSG00000225370	0	1	0	3	0	2	2	2	0	2	3	3	3	3	0	0	1	0	0	0	1	0	0	0	2	1	1	0
ENSG00000225381	0	0	0	0	0	0	0	0	0	0	0	0	0	0	0	0	0	0	0	0	0	0	0	0	0	0	0	0
ENSG00000225408	0	16	8	22	7	30	0	8	15	10	6	18	4	12	4	2	16	2	21	27	10	17	26	19	10	31	25	11
ENSG00000225411	0	2	3	6	1	2	2	0	0	0	1	3	1	1	4	0	1	2	1	0	0	1	0	1	7	1	0	9
ENSG00000225442	27	56	2	24	8	128	0	6	15	61	43	52	2	2	7	75	52	2	28	41	2	23	34	66	27	52	39	4
ENSG00000225475	1	0	2	3	3	1	1	5	1	1	2	1	0	0	1	1	0	3	2	0	2	1	6	4	0	5	4	0
ENSG00000225480	0	0	1	0	0	3	0	0	0	2	1	6	4	0	0	0	3	3	2	1	0	4	0	2	1	1	10	1
ENSG00000225498	13	95	26	51	3	27	71	87	5	54	8	11	219	66	128	0	86	38	125	99	101	5	0	86	106	13	9	67
ENSG00000225535	0	2	4	0	5	1	0	0	1	12	1	2	6	4	2	1	0	0	1	4	0	0	0	2	1	2	1	2
ENSG00000225552	0	1	0	0	0	8	0	0	0	0	0	0	0	3	0	0	0	0	0	0	0	0	12	1	0	10	2	0
ENSG00000225578	3	0	2	3	0	0	6	0	0	4	0	1	9	4	0	0	0	0	0	3	0	10	0	2	2	0	4	0
ENSG00000225579	20	0	8	3	11	6	1	2	23	21	1	48	192	2	2	1	4	3	8	7	0	21	0	4	1	6	11	3
ENSG00000225591	0	0	1	4	0	0	4	0	0	11	0	3	0	0	0	0	2	0	0	0	0	6	0	1	4	2	1	1
ENSG00000225624	0	0	0	0	0	0	0	0	0	0	0	0	0	0	0	0	0	0	0	0	0	0	0	0	0	0	0	0
ENSG00000225637	0	0	0	4	0	0	0	0	0	0	3	0	0	0	0	0	0	0	0	0	0	0	0	0	0	0	0	2
ENSG00000225649	47	47	3	59	2	15	17	115	97	17	19	35	30	144	24	1	11	5	44	19	108	58	488	104	89	25	18	15
ENSG00000225671	0	11	0	0	0	0	0	0	0	0	0	0	0	0	0	0	0	0	0	0	0	0	0	0	0	0	0	0
ENSG00000225674	0	4	1	0	0	2	8	0	0	6	0	0	0	1	0	0	0	0	0	0	13	0	0	2	1	0	0	0
ENSG00000225683	29	7	0	7	3	28	0	11	15	29	7	3	2	0	2	16	21	1	12	8	0	31	127	31	22	20	38	4
ENSG00000225708	6	33	48	66	1	10	20	33	30	58	46	10	12	0	80	21	0	23	2	71	57	44	3	15	45	66	12	2
ENSG00000225723	0	0	0	0	0	0	0	0	0	0	0	0	0	0	0	0	0	0	0	0	0	0	0	0	0	0	0	0
ENSG00000225726	2	114	18	23	0	51	32	79	4	115	4	30	28	25	11	7	61	3	45	24	22	0	27	48	28	37	49	19
ENSG00000225733	1048	887	6011	2281	1857	2782	4530	3402	2407	1091	2109	2240	5011	4421	4704	1918	1718	2900	2011	3036	1867	2207	1614	1717	3169	1055	2007	4693
ENSG00000225738	0	0	0	0	1	0	0	0	0	0	0	0	0	0	0	0	8	0	1	0	0	0	0	0	0	0	0	0
ENSG00000225798	5	2	2	4	6	10	9	4	1	13	9	6	7	8	2	6	9	0	4	4	2	0	3	16	2	6	1	10
ENSG00000225816	0	0	0	0	0	0	0	0	0	0	0	0	0	0	0	0	0	0	0	0	0	0	0	1	0	0	0	0
ENSG00000225828	35	143	40	53	26	53	138	118	43	147	14	61	145	117	24	22	62	10	99	79	75	12	120	91	86	38	59	50
ENSG00000225831	0	2	0	0	0	0	0	0	0	0	0	2	3	0	0	0	2	0	0	0	0	0	0	0	2	0	0	0
ENSG00000225871	0	2	13	8	0	22	6	61	0	14	8	10	27	64	0	0	27	0	5	27	6	0	42	30	15	6	8	12
ENSG00000225873	126	2	47	7	15	6	46	2	192	4	0	2	25	4	10	10	18	14	1	2	8	21	30	10	16	6	14	16
ENSG00000225903	0	0	0	4	0	5	3	2	0	0	0	0	1	4	0	1	8	0	1	0	7	0	0	0	2	0	5	0
ENSG00000225916	0	0	7	0	2	0	6	0	0	0	3	1	0	2	8	0	2	0	1	0	0	0	0	1	1	0	2	2
ENSG00000225920	8	164	7	7	0	12	26	32	2	208	1	23	27	47	12	0	23	4	12	12	0	8	31	23	29	22	9	19
ENSG00000225931	0	0	0	0	0	0	0	0	0	4	0	2	11	1	0	0	0	0	0	0	0	0	0	0	4	0	0	2
ENSG00000225937	169	19130	1929	32077	1291	1349	220	48770	245	3795	158	4577	2352	15318	174	175	660	3704	27786	5582	42365	2006	50337	19350	424	31897	18236	4428
ENSG00000225950	46	12	71	14	101	16	67	0	55	37	121	30	79	4	58	76	23	23	53	83	3	52	0	62	94	5	33	20
ENSG00000225951	0	21	9	21	12	96	34	44	2	14	28	13	10	20	0	9	30	2	29	13	0	36	34	63	20	14	25	31
ENSG00000225956	0	2	0	0	2	4	0	7	0	0	1	2	0	5	0	0	0	0	8	0	0	0	0	1	3	2	5	0
ENSG00000225964	0	28	11	18	4	27	61	51	4	48	4	22	18	14	6	0	7	3	1	7	0	4	15	58	27	3	16	0
ENSG00000225971	0	0	0	0	1	0	0	0	0	0	0	0	0	0	0	0	1	0	1	0	0	0	1	1	0	1	0	1
ENSG00000225972	462	194	44850	53	174	83	130	141	164	133	121	48	55	56	76	69	68	103	49	83	194	103	66	19867	60	67	75	117
ENSG00000225975	80	139	121	125	83	115	141	113	104	268	126	138	146	217	72	99	141	55	122	120	100	154	169	169	112	117	79	166
ENSG00000226002	3	32	8	1	0	3	21	0	0	28	0	7	5	13	1	0	11	0	24	0	2	0	8	14	9	5	7	5
ENSG00000226005	0	1	15	3	9	2	24	0	15	2	19	5	12	2	38	14	3	6	0	58	4	14	0	6	41	4	2	28
ENSG00000226012	0	0	0	0	0	0	0	0	0	0	0	0	0	0	0	0	0	0	0	0	0	0	0	0	0	0	0	0
ENSG00000226014	0	0	0	0	10	0	0	1	0	3	0	0	0	0	0	2	2	0	0	0	0	0	0	7	0	4	11	0
ENSG00000226015	2	143	24	58	8	28	53	204	12	185	13	27	59	111	22	3	44	10	89	13	103	15	269	52	37	92	75	27
ENSG00000226028	0	0	0	0	0	0	0	0	0	0	0	0	0	0	0	0	0	0	0	0	0	0	0	0	0	0	0	0
ENSG00000226040	0	0	0	1	0	3	0	2	0	3	0	3	8	0	5	0	4	4	0	0	6	5	0	0	0	0	2	0
ENSG00000226048	0	1	0	6	0	2	2	2	0	2	0	2	4	1	0	0	5	0	2	4	0	0	2	0	4	0	1	0
ENSG00000226094	0	4	0	0	0	0	0	0	2	10	0	8	0	0	1	0	7	0	0	0	0	4	0	3	0	1	0	0
ENSG00000226102	0	0	0	1	0	0	0	13	0	0	0	8	0	0	0	0	96	22	85	0	0	0	0	2	1	0	2	107
ENSG00000226107	0	0	0	3	0	1	0	15	0	0	0	3	0	12	1	0	1	0	2	0	0	0	2	3	0	1	0	2
ENSG00000226115	0	0	0	0	0	0	0	0	1	0	0	1	0	0	0	0	2	0	0	0	0	0	0	1	0	0	0	0
ENSG00000226117	0	0	0	0	0	4	0	2	0	0	0	2	0	0	0	0	1	0	0	2	0	0	0	1	3	0	2	0
ENSG00000226128	0	0	0	0	0	10	4	0	0	10	0	4	0	2	2	0	0	0	4	0	0	0	0	11	0	0	2	0
ENSG00000226145	0	232	12	2	31	32	81	0	35	13	35	40	5	1	1	21	11	9	12	41	0	0	10	21	52	3	24	2
ENSG00000226153	0	4	0	2	0	1	12	2	0	0	2	0	3	3	0	2	0	0	0	0	0	0	0	0	8	1	0	0
ENSG00000226186	0	12	1	3	0	0	4	4	0	0	2	0	0	2	1	10	0	0	2	0	0	0	0	6	0	4	3	0
ENSG00000226194	0	9	9	1	0	8	39	11	3	27	46	17	37	26	2	27	13	0	4	12	3	0	14	30	11	2	7	2
ENSG00000226212	0	0	16	18	0	2	18	10	1	0	2	3	6	3	22	1	5	30	80	122	10	49	2	2	39	4	3	29
ENSG00000226216	0	11	0	15	2	13	0	0	13	15	10	13	1	0	3	9	16	0	5	0	6	27	0	18	21	14	6	0
ENSG00000226221	0	1	1	1	0	2	4	0	0	0	2	3	1	1	3	11	1	0	1	1	0	0	1	2	3	3	4	2
ENSG00000226241	0	0	0	0	0	0	11	0	0	4	0	1	2	5	0	0	2	0	6	6	0	0	0	3	0	0	0	0
ENSG00000226242	0	3	0	31	1	1	45	70	0	0	0	0	15	28	21	0	24	0	0	5	0	0	24	5	10	0	8	11
ENSG00000226249	1	0	3	0	0	2	0	0	0	1	0	0	0	0	0	0	0	0	0	0	0	0	0	0	0	1	0	0
ENSG00000226263	0	0	6	0	0	5	0	14	2	2	0	0	4	2	2	0	0	0	0	0	0	0	0	1	1	3	1	0
ENSG00000226268	0	3	0	2	0	0	0	0	0	0	0	1	0	0	1	0	1	0	0	0	0	1	0	0	1	0	1	2
ENSG00000226276	0	1	0	2	3	3	1	0	0	0	6	2	0	0	0	0	3	0	1	0	0	4	0	1	3	3	3	2
ENSG00000226278	7	19	0	25	29	20	24	8	13	14	23	25	0	0	32	9	0	19	13	5	20	16	6	0	41	14	8	0
ENSG00000226288	0	22	2	0	4	9	6	7	0	0	0	4	6	74	0	0	0	0	5	0	36	0	13	1	3	3	4	0
ENSG00000226308	17	4	1	0	23	2	3	0	59	27	14	40	9	0	2	2	0	8	8	15	0	10	0	4	16	3	10	2
ENSG00000226309	0	0	0	0	0	0	0	0	0	0	0	0	0	0	0	0	0	0	0	0	0	0	0	0	0	0	0	0
ENSG00000226342	0	0	0	0	0	0	4	0	0	0	0	1	0	0	2	0	0	0	0	0	0	0	0	0	0	0	0	0
ENSG00000226376	0	0	0	0	0	0	0	0	0	0	0	0	0	0	0	0	0	0	0	0	0	0	0	0	0	0	0	0
ENSG00000226393	0	0	6	0	0	0	9	0	0	0	0	0	0	3	2	0	0	0	2	0	0	0	0	2	0	2	0	0
ENSG00000226397	0	3	1	2	0	3	5	1	2	1	3	0	3	0	1	6	0	0	1	0	0	0	1	2	4	4	1	0
ENSG00000226421	0	2	0	0	0	0	0	1	2	0	0	0	3	0	0	0	0	0	0	0	0	0	0	0	1	0	0	0
ENSG00000226444	0	0	0	0	0	0	0	0	0	0	0	0	0	0	0	0	0	0	0	0	0	0	0	0	0	0	0	0
ENSG00000226484	0	0	0	0	0	0	0	0	0	0	0	0	0	0	0	0	0	0	0	0	0	0	0	0	0	0	0	0
ENSG00000226509	0	0	0	0	0	0	0	0	0	0	0	0	0	0	0	0	0	0	0	0	0	0	0	0	0	0	0	0
ENSG00000226530	10	65	105	56	31	47	135	29	44	62	73	86	96	59	59	67	63	43	48	63	23	36	39	53	74	46	28	87
ENSG00000226548	0	3	0	0	0	0	0	3	6	5	3	2	0	0	0	0	1	1	7	0	7	0	4	3	0	4	0	0
ENSG00000226556	0	2	0	1	1	3	0	0	0	4	1	4	0	1	2	0	2	0	9	0	0	0	0	2	3	0	1	4
ENSG00000226604	0	45	1	30	2	114	33	76	0	59	4	29	17	56	8	0	80	6	34	7	33	9	20	34	8	23	27	4
ENSG00000226616	0	0	0	0	0	0	0	0	0	0	0	0	0	0	0	0	0	0	0	0	0	0	0	0	0	0	0	0
ENSG00000226619	0	0	0	0	0	0	0	0	0	0	0	0	0	0	0	0	0	0	0	0	0	0	0	0	0	0	0	0
ENSG00000226624	0	3	0	2	0	5	0	0	6	8	0	0	0	0	0	0	6	0	0	0	0	0	0	3	5	3	0	0
ENSG00000226685	0	0	0	0	0	0	0	0	0	0	0	0	0	0	0	0	0	0	0	0	0	0	0	0	0	0	0	0
ENSG00000226690	7	0	0	3	5	33	0	14	2	34	6	41	30	6	2	1	16	20	16	5	17	14	13	4	3	32	20	0
ENSG00000226726	0	0	0	7	0	0	0	0	0	0	0	0	2	0	0	0	0	0	0	0	0	0	0	0	0	1	1	0
ENSG00000226745	0	2	4	0	9	0	0	0	10	64	0	0	0	0	0	2	0	23	0	11	0	0	204	7	9	0	0	30
ENSG00000226747	0	24	0	24	8	65	0	1	0	27	1	26	3	12	6	0	25	5	57	14	16	0	10	5	9	22	20	2
ENSG00000226758	0	46	0	45	1	39	15	47	5	74	6	5	4	4	1	15	45	1	21	27	0	20	9	25	21	30	25	2
ENSG00000226766	4	35	0	42	3	31	7	27	18	64	7	27	0	7	2	43	18	21	42	17	14	31	47	68	17	49	26	18
ENSG00000226774	0	13	0	7	0	1	0	0	2	0	4	2	15	2	4	4	4	0	5	4	0	3	0	7	0	5	2	7
ENSG00000226779	0	23	0	1	6	163	1	14	13	22	5	12	0	8	0	7	8	8	19	9	41	0	5	66	5	7	20	5
ENSG00000226784	0	12	36	50	0	3	0	0	3	0	0	0	1	0	0	0	0	0	0	1	0	0	1	25	39	0	0	1
ENSG00000226822	0	4	0	3	0	0	2	0	0	2	0	4	0	4	0	0	0	0	4	0	0	0	0	0	3	1	9	2
ENSG00000226825	0	37	35	55	1	20	7	38	6	45	1	19	20	100	40	5	56	22	73	81	45	47	109	19	20	42	49	57
ENSG00000226855	0	0	3	0	3	0	15	2	1	0	2	3	0	4	0	0	2	0	0	0	0	0	0	0	3	0	0	7
ENSG00000226869	0	0	0	0	0	3	0	0	0	0	0	0	2	0	0	0	0	0	0	0	0	0	0	3	0	0	6	0
ENSG00000226871	0	1	0	0	0	0	0	0	0	4	0	0	0	0	0	0	0	0	0	0	0	4	0	0	2	0	5	2
ENSG00000226889	0	0	3	0	2	2	11	3	0	1	2	6	13	6	3	8	1	2	2	12	10	0	1	0	10	5	0	3
ENSG00000226904	0	0	13	8	0	7	8	5	2	0	1	2	29	37	18	0	2	0	8	3	0	0	0	8	36	1	7	15
ENSG00000226917	1	3	0	5	0	0	3	0	5	8	0	4	4	0	0	0	4	0	4	0	0	0	0	3	4	3	0	0
ENSG00000226926	0	0	6	3	1	16	4	4	1	0	0	0	0	4	3	2	1	0	0	0	0	0	0	5	1	0	0	3
ENSG00000226933	0	13	2	7	2	0	0	0	0	4	0	0	0	0	0	0	0	0	0	0	0	0	0	12	2	2	0	0
ENSG00000226935	483	229	34	98	13	155	129	76	632	58	32	64	254	24	38	26	97	9	39	2	118	128	206	108	97	14	109	79
ENSG00000226938	0	0	0	0	0	0	0	0	0	0	0	0	0	0	0	0	0	0	0	0	0	0	0	0	0	0	0	0
ENSG00000226945	3	1	1	3	1	0	26	5	1	1	1	1	13	19	2	0	1	1	5	23	8	5	5	1	3	1	0	1
ENSG00000226963	20	57	2	48	29	6	1	0	20	29	64	12	3	0	4	26	29	17	71	53	53	20	70	52	14	24	0	10
ENSG00000226970	0	2	0	0	0	2	1	1	0	0	0	1	0	0	0	0	0	0	0	0	9	4	0	0	0	1	0	0
ENSG00000227008	0	0	1	2	2	0	3	0	2	8	3	1	2	2	2	1	1	0	2	0	2	3	1	0	1	4	2	0
ENSG00000227019	0	0	0	4	0	0	0	0	1	1	0	1	0	0	0	5	2	0	2	0	0	15	0	8	3	0	0	0
ENSG00000227023	0	119	2	58	0	13	0	69	0	106	19	100	0	6	0	4	155	0	2	16	90	16	72	35	2	49	72	7
ENSG00000227068	0	4	0	3	0	2	0	0	0	6	0	2	0	0	2	6	2	0	4	0	0	6	0	4	3	0	0	0
ENSG00000227072	0	6	0	1	0	3	4	6	0	5	0	4	3	0	0	6	0	0	0	0	0	0	0	0	1	0	2	0
ENSG00000227083	0	2	0	0	2	2	0	0	1	0	0	1	0	4	0	12	0	0	0	5	0	0	6	0	4	2	0	0
ENSG00000227121	5	4	22	2	5	3	0	0	17	0	48	28	34	8	9	20	40	0	0	0	0	12	6	2	2	0	2	110
ENSG00000227141	0	2	31	3	8	2	44	11	2	9	9	8	14	15	27	8	19	2	3	18	0	5	0	0	8	0	3	58
ENSG00000227152	0	0	0	0	0	0	0	0	0	0	0	0	0	0	0	0	0	0	0	0	0	0	0	0	0	0	0	0
ENSG00000227213	0	0	2	0	1	0	6	3	0	0	0	0	1	6	0	0	6	0	2	0	2	3	0	7	3	0	0	4
ENSG00000227220	0	3	1	2	2	0	6	2	0	1	4	0	0	3	0	4	2	0	0	1	0	7	0	0	1	0	1	1
ENSG00000227225	0	6	0	0	0	2	0	1	0	25	0	0	0	0	0	0	1	0	0	0	0	0	0	0	2	0	3	0
ENSG00000227230	0	1	2	5	0	1	0	0	0	0	0	2	19	6	0	3	2	0	3	0	0	0	0	0	0	2	3	0
ENSG00000227232	0	0	0	0	0	0	0	1	0	0	0	0	2	0	0	2	0	0	0	0	0	0	0	0	1	0	2	0
ENSG00000227236	0	37	10	38	1	73	18	26	0	21	19	62	12	8	2	14	34	2	21	133	12	84	2	18	17	11	23	51
ENSG00000227237	0	0	5	0	0	0	13	0	0	0	2	2	1	9	1	0	0	1	0	2	0	0	1	0	0	3	2	0
ENSG00000227244	0	0	1	0	0	0	0	4	0	0	0	0	1	5	0	0	0	0	0	11	0	0	0	0	0	0	0	0
ENSG00000227248	40	46	0	1	9	12	2	2	13	38	1	2	0	6	0	3	7	0	58	0	7	3	47	15	2	20	8	6
ENSG00000227261	0	0	0	0	0	0	0	0	0	0	0	0	0	0	0	0	0	0	0	0	0	0	0	0	0	0	0	0
ENSG00000227267	0	7	0	10	0	0	0	0	0	14	0	0	4	2	1	0	0	0	2	0	0	0	0	3	3	0	2	0
ENSG00000227270	0	0	0	0	0	0	0	0	0	0	0	0	0	0	0	0	0	0	0	0	0	0	0	0	0	0	0	0
ENSG00000227336	0	0	2	3	2	4	0	8	2	0	0	1	0	0	3	0	5	0	1	0	1	0	4	0	0	0	0	2
ENSG00000227337	0	0	2	1	1	2	11	1	1	0	1	2	2	2	2	1	0	1	0	1	0	1	2	0	4	1	0	0
ENSG00000227392	1	219	31	131	8	86	124	1104	3	227	7	92	121	604	8	4	571	6	162	135	67	24	117	96	20	51	151	133
ENSG00000227394	0	0	0	0	2	5	0	0	0	0	4	2	0	2	0	2	4	0	3	0	12	0	0	10	0	2	2	0
ENSG00000227403	20	13	66	25	40	66	83	6	96	14	61	15	58	4	125	10	71	48	58	15	28	56	0	24	115	0	94	150
ENSG00000227418	0	229	86	2239	24	146	2007	2253	26	250	69	7	430	732	1726	15	612	115	6	1192	225	203	2101	365	1288	15	535	596
ENSG00000227423	0	0	0	0	0	0	0	0	0	0	0	0	0	0	0	0	0	0	0	0	0	0	0	0	0	0	0	0
ENSG00000227463	0	3	0	3	0	8	2	0	0	1	3	2	1	6	1	0	4	1	4	0	0	3	3	0	3	3	2	1
ENSG00000227487	0	2	2	1	0	2	11	0	1	11	0	2	116	6	2	0	4	0	0	10	0	0	0	6	22	0	10	2
ENSG00000227494	0	1	0	1	1	2	4	0	0	0	4	1	0	0	1	0	2	0	7	0	0	0	0	2	1	10	1	0
ENSG00000227505	0	0	0	0	0	0	0	0	0	0	0	0	0	0	0	0	0	0	0	0	0	0	0	0	0	0	0	0
ENSG00000227521	0	3	0	2	8	13	0	61	7	22	0	37	2	11	1	0	13	0	23	0	0	0	18	3	0	7	68	1
ENSG00000227528	0	0	0	0	0	0	0	0	0	0	0	0	0	2	0	0	1	0	1	7	0	0	0	0	0	0	0	0
ENSG00000227534	2	4	1	0	0	2	0	0	0	16	3	1	1	0	0	0	0	0	0	0	0	0	0	1	1	0	4	0
ENSG00000227535	0	0	2	3	0	5	0	2	0	4	0	0	1	0	1	3	0	0	1	5	0	5	4	2	3	6	0	0
ENSG00000227540	32	97	43	49	36	46	73	62	64	120	49	24	35	75	80	37	63	30	49	50	72	53	40	48	55	51	42	46
ENSG00000227574	0	0	2	0	0	0	1	0	0	0	0	1	0	1	0	0	3	1	1	6	0	0	0	1	0	0	0	0
ENSG00000227589	0	5	0	5	0	0	1	0	0	0	2	2	3	5	4	4	0	0	1	0	0	0	0	0	2	6	2	0
ENSG00000227593	0	0	0	0	0	1	0	0	0	0	0	0	0	0	0	0	0	0	2	0	0	0	0	0	0	3	0	0
ENSG00000227638	18	18	2	11	1	25	15	0	4	58	6	19	18	9	3	0	14	2	13	1	0	0	0	12	9	17	6	4
ENSG00000227667	0	2	0	0	0	0	0	0	0	0	0	0	0	0	0	0	0	0	0	0	0	0	0	1	0	0	0	0
ENSG00000227673	0	0	1	0	0	0	0	8	0	0	0	1	0	0	0	0	0	0	0	0	0	11	5	0	0	0	0	0
ENSG00000227678	0	7	9	18	2	4	6	25	0	0	0	5	24	21	0	0	22	0	0	0	6	0	4	12	11	8	1	6
ENSG00000227713	0	6	0	0	0	2	0	0	3	110	0	2	0	0	0	0	0	0	0	0	0	0	0	4	0	61	4	4
ENSG00000227714	0	13	2	0	0	4	2	0	0	4	0	1	13	0	0	1	4	0	0	0	0	0	0	0	2	0	2	0
ENSG00000227718	3	6	63	53	10	15	200	26	8	26	3	3	122	315	468	5	20	178	44	272	23	217	3	171	188	46	4	103
ENSG00000227725	0	16	0	0	0	2	3	2	1	0	0	5	4	4	1	0	3	0	1	0	0	0	0	0	6	0	1	1
ENSG00000227726	0	0	0	0	0	0	5	11	0	0	0	0	7	11	1	0	0	2	0	0	0	0	0	0	5	0	0	3
ENSG00000227745	0	1	0	2	2	3	5	1	1	0	4	2	3	0	1	1	2	0	0	0	0	3	0	0	0	6	1	0
ENSG00000227766	0	0	0	0	0	1	4	4	0	2	1	1	3	2	3	1	0	0	0	3	0	4	0	0	0	0	1	6
ENSG00000227815	0	10	0	0	2	4	4	0	0	4	0	2	0	0	0	0	2	4	0	0	0	0	4	0	2	4	1	0
ENSG00000227841	0	0	0	0	0	0	0	0	0	0	0	0	0	0	0	0	0	0	0	0	0	0	0	0	1	0	0	0
ENSG00000227877	0	0	0	6	0	0	0	0	0	0	4	0	12	0	1	4	2	0	2	0	0	0	0	3	0	2	0	0
ENSG00000227911	0	0	4	2	0	6	3	2	0	0	0	1	0	8	0	0	3	0	0	1	0	0	0	4	2	0	3	1
ENSG00000227914	0	39	1	22	16	5	12	0	8	4	4	3	1	3	1	24	7	6	9	1	0	0	0	12	18	31	3	0
ENSG00000227927	0	1	0	0	3	5	2	10	0	5	0	4	0	0	3	0	0	2	2	0	0	0	0	1	2	9	2	0
ENSG00000227933	0	1	4	4	0	1	4	4	4	1	0	0	3	0	3	2	3	0	1	5	4	0	0	0	3	0	1	1
ENSG00000227939	0	4	2	3	0	0	1	2	1	0	1	1	3	2	3	0	2	4	1	0	2	3	0	2	3	0	1	4
ENSG00000227948	0	3	0	0	0	0	0	0	6	5	0	2	0	4	1	7	6	0	0	0	0	0	4	0	0	4	0	0
ENSG00000227973	0	0	1	3	2	4	0	0	0	0	2	1	2	2	7	0	4	0	2	1	2	0	0	0	0	2	0	2
ENSG00000228000	0	0	2	2	0	4	6	2	2	4	0	2	2	0	0	6	6	0	3	0	0	0	0	7	2	0	4	0
ENSG00000228010	3	30	7	4	4	7	32	13	10	14	4	21	11	12	8	8	4	7	5	6	1	7	1	7	17	8	7	16
ENSG00000228036	0	2	0	0	0	1	6	0	0	7	0	0	0	3	0	0	0	0	4	10	0	0	0	0	0	2	0	2
ENSG00000228050	0	0	0	2	0	1	13	9	0	0	0	0	2	7	0	4	1	0	0	0	6	1	0	1	2	0	1	0
ENSG00000228072	10	6	0	0	0	3	0	0	1	9	0	4	0	4	1	0	0	0	3	0	0	2	7	1	0	1	0	0
ENSG00000228076	0	11	0	3	0	1	0	0	0	10	0	1	12	7	1	0	4	0	0	0	0	0	0	0	2	0	0	1
ENSG00000228078	0	0	3	1	0	0	9	0	0	6	4	1	0	0	0	0	1	0	1	1	0	0	0	2	2	4	0	1
ENSG00000228086	0	4	2	16	0	20	1	18	4	8	6	22	0	21	0	0	7	3	8	0	18	16	0	5	4	7	32	7
ENSG00000228107	21	68	26	49	21	67	50	50	28	61	39	47	39	11	6	28	63	6	55	48	21	64	41	130	37	17	39	22
ENSG00000228124	0	0	1	1	6	3	0	0	0	0	0	8	6	0	0	8	1	0	0	0	3	0	6	4	6	0	0	0
ENSG00000228142	0	0	12	1	2	2	0	2	0	0	0	6	6	0	4	0	0	1	0	0	0	2	0	2	2	0	0	3
ENSG00000228144	0	0	2	2	0	0	0	5	7	3	1	1	6	0	3	3	2	0	3	1	0	0	0	4	1	0	3	0
ENSG00000228159	0	21	0	2	0	0	0	10	0	0	0	0	0	2	0	0	0	0	0	0	0	0	0	3	0	0	0	0
ENSG00000228216	0	3	0	0	0	1	0	0	0	0	0	5	2	2	6	0	6	0	0	0	0	0	0	5	1	0	0	6
ENSG00000228238	0	0	11	7	0	10	0	12	0	16	0	0	64	421	2	0	0	0	7	5	16	0	7	1	9	0	12	9
ENSG00000228278	0	8	64	176	9	0	277	94	25	3	0	3	155	190	2756	23	4	5328	7963	1235	1273	1143	55	49	317	24	0	16
ENSG00000228288	105	182	65	135	84	223	67	153	148	195	73	123	89	112	85	104	141	260	214	130	147	132	217	131	79	187	77	182
ENSG00000228295	3	3	1	0	4	1	6	2	0	1	0	1	5	2	0	0	0	0	2	10	2	0	0	1	1	0	1	0
ENSG00000228300	495	465	266	266	378	218	333	513	549	311	209	277	368	293	357	504	232	260	388	800	698	562	630	364	259	242	199	305
ENSG00000228312	1	4	0	0	0	4	0	0	0	0	6	0	1	0	0	0	2	0	0	3	0	0	4	4	4	2	0	4
ENSG00000228314	18	383	10	16	30	20	18	20	56	25	18	83	69	113	3	36	15	22	22	6	3	34	239	201	63	3	28	9
ENSG00000228328	9	0	3	0	0	3	6	0	0	0	1	0	1	6	0	0	0	0	0	0	3	0	0	4	8	2	0	0
ENSG00000228386	0	3	2	0	0	10	5	9	0	0	0	1	6	2	0	1	1	0	6	3	0	0	0	2	2	0	0	0
ENSG00000228400	5	1	0	0	0	0	2	1	0	4	0	0	0	1	0	0	0	1	0	16	0	0	0	4	0	2	1	0
ENSG00000228429	0	0	1	0	0	2	0	0	0	0	1	0	0	1	0	0	0	1	0	0	0	0	0	1	1	1	1	0
ENSG00000228431	0	0	1	0	1	2	2	0	0	3	0	1	0	1	0	5	5	0	6	1	0	0	6	2	2	9	7	0
ENSG00000228484	0	4	7	8	6	27	5	11	2	15	15	12	2	0	0	16	13	0	3	4	10	12	0	8	6	9	3	1
ENSG00000228487	0	0	1	5	0	7	2	0	1	7	0	1	8	7	1	0	2	0	1	0	0	0	3	3	2	0	0	0
ENSG00000228506	166	443	282	245	308	552	296	246	263	652	517	671	519	541	546	447	313	241	274	386	276	452	236	244	514	552	316	563
ENSG00000228513	0	11	2	1	2	39	4	0	3	3	6	8	2	1	3	13	9	2	15	14	20	0	0	18	8	3	14	14
ENSG00000228522	0	0	0	6	0	2	0	0	1	2	0	9	2	1	0	1	7	0	5	0	0	19	8	2	1	4	10	0
ENSG00000228528	0	0	2	0	2	0	0	0	4	0	5	0	0	0	0	0	0	0	3	11	0	0	0	0	9	0	0	0
ENSG00000228539	0	0	0	0	0	0	0	0	0	0	0	0	0	0	0	0	0	0	0	0	0	0	0	0	0	0	0	2
ENSG00000228540	0	0	0	1	0	0	0	0	2	5	5	0	0	4	0	0	2	0	1	0	0	0	0	1	5	1	9	2
ENSG00000228559	0	0	3	20	1	2	14	15	0	11	0	0	0	4	10	5	17	2	6	5	424	20	0	6	10	2	12	11
ENSG00000228566	0	48	17	6	2	73	3	4	12	43	2	27	9	35	11	5	39	4	26	1	30	16	5	0	0	41	36	42
ENSG00000228613	0	3	24	12	1	24	0	11	0	31	6	3	5	29	1	0	16	2	5	0	12	18	3	8	7	9	29	19
ENSG00000228624	0	20	25	14	8	67	17	0	4	13	37	24	8	14	9	10	26	1	16	12	0	0	6	4	22	6	43	7
ENSG00000228630	0	0	7	4	0	2	0	0	12	0	2	12	33	24	3	2	1	3	17	12	0	22	0	5	0	8	21	4
ENSG00000228643	0	2	1	0	3	4	3	9	0	0	3	0	0	1	1	0	2	0	3	1	0	6	1	1	1	0	1	2
ENSG00000228655	0	4	0	7	8	29	12	4	1	17	3	25	13	3	1	0	6	4	11	3	3	0	1	11	10	5	11	7
ENSG00000228656	0	0	2	0	0	1	5	0	0	1	1	4	0	0	0	0	3	0	4	0	0	6	1	1	0	0	6	1
ENSG00000228657	0	14	10	4	4	13	11	16	5	8	0	10	0	4	5	0	5	0	15	0	0	18	5	5	10	10	13	4
ENSG00000228663	0	12	5	12	0	8	20	12	0	10	4	12	52	18	4	2	16	1	8	15	0	2	18	23	22	14	14	9
ENSG00000228665	1	0	0	0	0	1	1	0	0	0	0	0	0	3	0	0	1	0	0	0	1	7	0	0	1	1	0	1
ENSG00000228668	0	0	8	9	0	7	35	4	3	0	2	7	32	10	23	3	3	29	44	76	17	26	0	1	53	1	5	9
ENSG00000228670	0	0	0	0	0	0	0	0	0	0	0	0	0	2	0	0	0	0	0	0	0	0	0	0	0	0	0	0
ENSG00000228686	0	10	8	10	2	5	20	8	5	14	2	7	0	7	7	6	10	0	4	11	0	55	2	2	10	4	5	4
ENSG00000228697	0	7	0	2	4	7	0	0	4	2	0	4	8	1	0	0	1	2	0	1	0	0	0	1	0	1	0	0
ENSG00000228723	7	0	0	0	3	4	6	0	0	0	0	0	0	1	2	9	0	0	0	0	0	0	0	0	1	0	3	2
ENSG00000228727	0	113	3	18	0	22	30	20	2	89	0	37	36	29	3	7	16	0	36	34	7	0	47	24	12	20	18	1
ENSG00000228728	0	4	0	0	0	0	0	2	0	2	0	0	0	5	7	0	2	0	2	0	0	0	0	2	2	0	0	12
ENSG00000228742	0	1	2	0	0	2	0	0	0	4	1	1	5	1	0	0	0	1	0	0	7	2	4	3	2	1	0	1
ENSG00000228755	0	0	0	0	0	0	0	0	0	0	0	0	0	0	0	0	0	0	0	0	0	0	0	0	0	0	0	0
ENSG00000228769	0	2	1	0	0	0	0	0	0	0	0	0	0	0	0	0	0	0	0	0	0	0	0	0	0	0	0	0
ENSG00000228793	393	27	644	75	171	52	71	1	591	42	54	32	109	25	890	316	445	632	162	798	1361	693	12	45	1382	25	49	1845
ENSG00000228825	0	0	0	0	0	0	0	0	0	0	0	0	0	0	0	0	0	0	0	0	0	0	0	0	0	0	0	0
ENSG00000228834	0	6	0	5	0	2	11	10	0	0	0	0	1	3	0	0	1	0	0	0	0	0	2	4	0	0	1	1
ENSG00000228842	0	0	0	4	0	5	2	3	1	0	0	3	3	0	1	0	1	0	4	1	0	5	0	3	1	0	0	2
ENSG00000228861	0	2	0	1	0	3	0	0	6	1	0	4	0	0	0	2	2	0	2	2	0	0	0	7	0	8	2	0
ENSG00000228873	2	0	1	0	0	0	0	0	1	0	0	1	23	0	0	0	0	0	0	3	0	5	0	1	0	0	0	0
ENSG00000228879	0	0	2	4	3	9	0	0	0	0	0	3	2	3	0	0	1	0	0	10	0	0	0	1	4	0	2	1
ENSG00000228882	0	0	0	0	0	0	0	0	0	0	0	0	2	0	0	0	0	0	0	0	0	0	0	0	0	0	0	0
ENSG00000228887	4	3	0	0	8	0	0	0	1	0	5	0	4	4	2	4	1	3	9	6	1	0	11	0	1	0	0	1
ENSG00000228915	0	150	7	46	5	69	44	51	0	108	14	45	23	21	11	33	57	6	68	76	31	54	88	88	33	28	56	17
ENSG00000228937	0	3	0	2	0	4	1	3	4	0	0	0	0	0	0	0	14	0	0	8	0	0	0	0	2	3	0	0
ENSG00000228950	0	0	0	5	0	0	2	0	0	0	4	0	2	0	2	0	2	0	3	3	0	6	0	0	13	0	0	2
ENSG00000228952	0	0	0	0	0	1	0	0	0	0	3	3	0	0	1	0	0	0	0	0	0	0	0	0	0	0	0	1
ENSG00000228963	0	0	0	0	0	0	0	0	0	0	0	0	0	0	0	0	0	0	0	0	0	0	0	0	0	0	0	0
ENSG00000229009	0	7	0	3	0	0	0	0	5	0	0	1	4	0	0	0	0	0	4	0	17	0	5	3	2	0	0	1
ENSG00000229010	0	0	7	3	0	0	14	0	0	2	0	2	7	1	0	0	2	0	5	2	0	0	0	1	5	0	2	0
ENSG00000229021	0	0	3	0	0	4	8	8	0	2	0	1	1	2	1	1	0	0	1	1	0	0	0	0	0	2	2	1
ENSG00000229028	0	0	7	4	2	49	4	0	3	0	13	25	4	1	3	12	0	0	0	0	3	0	38	10	6	0	0	3
ENSG00000229044	0	2	0	5	2	2	5	0	0	8	2	2	0	0	1	1	1	0	0	3	0	0	1	4	1	2	1	0
ENSG00000229048	0	4	0	2	0	0	0	0	2	1	0	1	4	0	0	0	10	0	2	0	0	5	2	2	1	1	3	4
ENSG00000229057	0	0	0	2	0	34	0	0	0	72	2	22	0	3	0	2	1	0	4	0	0	0	0	9	0	21	16	3
ENSG00000229065	0	3	1	0	0	1	0	11	0	12	0	1	8	2	0	0	0	0	1	0	0	0	0	0	1	0	1	3
ENSG00000229083	0	0	0	5	0	0	0	0	9	2	0	2	0	0	0	2	5	0	4	0	0	0	0	1	7	4	3	0
ENSG00000229088	0	0	0	0	0	0	0	0	0	0	0	0	0	0	0	0	0	0	0	0	0	0	0	0	0	0	0	0
ENSG00000229093	0	0	0	0	1	0	0	0	0	0	0	0	0	0	1	0	0	0	0	0	0	0	0	2	0	0	0	0
ENSG00000229097	0	3	15	29	0	12	36	5	0	10	2	15	88	85	7	2	21	0	17	4	0	0	11	6	39	2	19	39
ENSG00000229119	0	0	2	0	0	0	0	0	1	0	0	0	1	1	1	0	0	0	3	0	0	2	0	0	0	0	0	3
ENSG00000229132	2	0	2	0	1	21	1	1	0	1	1	0	1	0	0	1	1	1	2	1	0	0	0	0	0	0	0	1
ENSG00000229133	0	1	1	0	2	0	0	1	1	1	0	3	2	2	0	2	0	4	4	1	0	1	4	1	1	2	1	1
ENSG00000229159	0	0	0	0	0	0	0	0	0	0	0	0	0	0	0	0	0	0	0	0	0	0	0	0	0	0	0	0
ENSG00000229160	0	3	1	3	1	2	2	0	3	8	2	11	19	7	6	8	6	6	6	0	2	0	11	9	1	1	8	3
ENSG00000229168	0	0	0	0	0	0	0	0	0	0	0	0	0	0	0	0	0	0	0	0	0	0	0	0	0	0	0	0
ENSG00000229173	0	0	1	0	0	3	0	6	0	7	0	1	3	0	1	0	0	0	1	13	0	0	0	1	0	0	0	1
ENSG00000229191	0	0	1	6	0	0	0	7	0	0	2	0	16	2	2	2	0	0	0	0	0	0	0	1	1	7	0	0
ENSG00000229214	30	0	23	3	13	2	14	9	2	2	20	12	9	3	7	21	14	5	5	0	19	0	0	18	8	0	9	11
ENSG00000229228	0	0	3	2	1	4	3	0	1	0	0	0	8	3	0	0	5	0	0	3	0	0	0	3	1	1	0	4
ENSG00000229235	0	2	0	3	0	2	0	0	0	14	0	4	1	0	0	0	7	2	2	0	0	0	3	0	3	4	3	0
ENSG00000229254	0	0	0	0	0	1	0	0	0	0	0	0	0	2	0	0	0	0	0	0	0	0	0	0	0	0	0	0
ENSG00000229282	4	0	4	1	0	0	0	0	0	8	2	3	6	2	0	4	1	0	2	0	0	0	0	0	0	2	1	2
ENSG00000229291	9	0	0	2	0	1	0	0	3	4	4	0	9	2	5	0	0	0	0	0	0	0	0	2	2	1	2	6
ENSG00000229292	0	0	0	0	0	0	0	0	0	0	0	0	0	0	0	3	0	0	0	0	0	0	0	0	0	0	0	0
ENSG00000229298	0	0	0	2	0	6	10	0	0	0	0	2	0	2	1	2	1	2	0	5	0	0	0	0	3	0	0	3
ENSG00000229307	0	0	0	0	0	0	0	0	0	0	0	0	0	0	0	0	0	0	0	0	0	0	0	0	0	0	0	0
ENSG00000229314	0	7	29	22	32	1	124	1	19	0	0	0	54	7	3509	31	4	5679	12445	243	245	825	24	4	80	27	4	13
ENSG00000229325	0	0	1	0	1	0	4	4	0	0	0	0	3	7	2	2	1	1	7	0	0	0	0	0	9	0	3	1
ENSG00000229326	0	7	5	0	0	4	0	0	2	0	0	2	0	0	0	3	0	0	4	1	0	0	0	3	1	5	0	0
ENSG00000229335	12	85	2	27	14	49	35	8	16	91	49	99	15	0	19	53	56	13	35	2	2	8	11	58	43	134	44	8
ENSG00000229348	0	7	0	3	0	3	0	0	2	6	0	2	0	8	1	0	0	0	6	0	0	0	0	0	2	0	8	0
ENSG00000229361	0	0	0	0	0	0	0	0	0	0	0	0	0	0	0	0	0	0	0	0	0	0	0	0	0	0	0	0
ENSG00000229367	0	7	0	10	0	4	10	6	0	10	22	16	0	0	2	15	14	0	5	3	18	35	2	7	11	1	23	9
ENSG00000229369	0	11	1	0	0	0	5	7	0	8	0	2	3	2	0	0	0	0	1	2	0	1	0	2	4	2	1	0
ENSG00000229370	0	2	72	29	2	2	230	6	12	21	8	0	176	468	395	2	45	68	35	402	5	189	0	130	191	32	0	107
ENSG00000229390	0	0	0	0	0	5	0	0	3	0	0	2	2	3	0	0	3	0	0	0	0	0	13	0	1	0	0	12
ENSG00000229391	4	70	1	202	354	366	9	3	44	0	183	278	2	0	84	301	68	5	2	225	236	40	58	0	237	62	98	96
ENSG00000229398	0	0	0	0	0	0	0	0	0	0	0	0	0	0	0	0	0	0	0	0	0	0	0	0	0	0	0	0
ENSG00000229399	0	0	0	6	0	32	0	27	3	6	0	2	2	23	5	0	6	2	13	12	23	0	0	8	5	0	4	0
ENSG00000229403	0	2	2	13	0	0	12	0	0	4	0	2	15	195	10	0	23	2	2	0	0	22	80	0	5	2	1	30
ENSG00000229414	0	2	0	0	0	1	5	0	0	4	5	3	0	4	0	0	0	7	5	7	1	0	1	1	2	0	1	0
ENSG00000229421	0	0	0	5	0	2	0	4	2	0	0	1	0	0	0	0	0	1	4	0	0	0	0	2	4	1	0	0
ENSG00000229453	1	8	2	70	3	14	8	0	1	6	0	5	19	58	45	0	21	8	5	9	90	2	15	11	15	0	23	60
ENSG00000229456	15	73	6	65	16	85	37	41	37	253	75	152	6	9	16	140	205	7	99	35	0	41	41	166	80	39	148	54
ENSG00000229458	0	0	0	0	0	0	0	0	0	0	0	0	0	0	0	0	0	0	0	0	0	0	0	0	0	0	0	0
ENSG00000229463	0	0	0	0	0	1	4	8	2	4	0	0	8	2	0	0	2	0	1	8	0	0	0	0	3	0	0	0
ENSG00000229492	0	71	1	63	13	45	8	5	9	58	23	23	4	0	7	25	35	19	56	25	8	10	89	57	11	79	20	13
ENSG00000229550	0	0	16	2	0	6	17	22	0	0	2	6	15	18	48	0	2	31	14	29	0	34	1	6	4	0	0	30
ENSG00000229570	0	0	0	0	0	0	0	0	0	0	0	0	0	4	0	0	0	0	0	0	0	0	0	0	0	0	0	1
ENSG00000229611	6	0	0	0	1	6	0	0	2	5	0	2	3	0	0	1	0	2	2	0	7	0	0	0	0	3	0	0
ENSG00000229613	0	4	0	1	0	2	5	0	2	3	0	1	4	0	1	2	2	0	5	0	0	3	1	1	1	6	2	0
ENSG00000229616	0	0	0	0	0	0	0	0	0	0	0	0	0	0	0	0	0	0	0	0	0	0	0	0	0	0	0	0
ENSG00000229623	0	2	0	0	0	0	0	0	0	0	0	4	0	0	0	0	0	0	0	0	0	0	0	0	2	0	6	0
ENSG00000229635	0	1	4	1	5	2	2	0	0	0	0	9	9	4	0	1	2	0	6	0	1	0	0	0	2	0	3	2
ENSG00000229644	3	12	339	119	32	55	389	228	10	4	50	54	194	299	334	62	299	32	37	84	25	166	102	101	292	9	79	371
ENSG00000229649	1	14	0	0	2	1	0	1	0	8	0	1	0	1	0	3	2	0	2	0	0	2	4	4	7	1	0	0
ENSG00000229660	0	0	0	0	2	4	3	0	5	0	0	1	9	0	1	0	0	0	4	5	2	2	0	1	1	0	0	0
ENSG00000229668	0	0	0	9	1	4	8	0	0	8	3	0	0	0	0	1	3	0	1	0	0	0	0	0	0	0	5	0
ENSG00000229720	0	0	0	2	0	10	0	0	0	0	6	7	13	1	0	0	1	0	0	0	0	0	0	2	0	2	0	1
ENSG00000229727	0	11	1	23	0	9	8	7	2	36	0	19	32	17	2	5	7	0	13	3	0	0	36	36	10	32	14	3
ENSG00000229754	0	4	16	14	4	14	63	49	3	6	4	41	32	11	8	0	15	0	0	9	0	0	14	7	9	0	19	14
ENSG00000229766	0	3	0	0	2	2	6	0	1	0	1	0	16	6	2	1	0	0	3	0	0	0	0	3	1	0	3	2
ENSG00000229769	0	0	1	0	0	2	2	1	2	4	0	0	16	3	2	0	0	3	1	0	0	0	0	0	1	0	1	0
ENSG00000229775	0	6	0	2	1	1	0	9	0	3	2	2	0	4	0	6	1	0	2	0	0	0	0	4	1	1	0	0
ENSG00000229781	0	0	0	2	0	0	2	0	0	0	0	0	1	0	0	0	0	0	0	0	0	0	0	0	1	0	0	0
ENSG00000229794	0	2	0	0	0	7	2	0	0	0	0	0	0	0	0	0	0	0	0	0	0	0	0	2	1	1	1	0
ENSG00000229827	0	5	0	2	0	2	11	4	0	0	0	0	2	4	0	0	2	0	2	0	0	0	0	1	2	0	0	0
ENSG00000229848	0	5	3	3	2	0	1	5	0	0	0	0	0	5	2	0	1	2	0	3	0	0	2	4	3	0	0	5
ENSG00000229877	0	0	0	0	0	0	0	0	0	0	0	0	0	0	0	0	0	0	0	0	0	0	0	0	0	0	0	0
ENSG00000229878	0	0	0	0	0	0	0	0	0	0	0	0	0	0	0	0	1	0	0	0	0	0	0	0	0	0	0	0
ENSG00000229881	0	0	0	0	0	0	0	0	0	2	0	0	0	0	0	0	0	0	0	0	0	0	0	0	0	0	0	0
ENSG00000229886	0	0	2	0	1	0	3	0	0	0	3	3	2	0	7	4	1	1	0	0	0	6	0	2	3	0	0	1
ENSG00000229914	0	0	0	2	1	0	7	2	0	2	0	1	7	3	0	2	1	0	1	0	0	0	0	0	4	0	5	0
ENSG00000229915	0	0	0	3	2	0	3	1	0	0	0	2	10	2	0	0	0	2	2	4	1	0	0	0	2	0	0	3
ENSG00000229918	0	0	0	7	0	2	3	1	0	0	5	3	0	0	0	0	0	0	1	0	7	0	0	10	2	5	4	2
ENSG00000229932	0	0	2	0	0	0	5	0	1	0	1	7	0	2	3	1	1	0	6	0	4	0	0	5	5	0	3	5
ENSG00000229953	0	0	0	0	0	0	0	2	0	2	3	0	0	2	1	0	0	0	0	2	0	0	0	0	1	0	0	0
ENSG00000229981	0	0	1	0	0	3	1	0	0	2	1	2	3	3	1	3	0	1	0	0	2	0	1	7	2	3	0	0
ENSG00000230010	0	4	3	2	0	0	5	0	0	0	0	3	5	11	0	0	0	0	0	0	2	0	0	2	2	4	5	0
ENSG00000230011	0	0	0	0	0	0	0	0	0	0	0	0	0	0	0	0	0	0	0	0	0	0	0	0	0	0	0	0
ENSG00000230022	0	4	1	0	0	5	7	8	0	0	0	2	2	1	0	1	0	0	3	0	0	0	1	1	0	0	0	0
ENSG00000230042	0	18	16	28	3	53	24	51	0	19	8	36	42	27	16	7	26	0	31	6	22	3	2	49	26	10	31	17
ENSG00000230061	0	1	2	6	0	4	7	10	0	248	0	2	18	2	0	0	3	16	113	7	11	11	0	27	2	24	46	0
ENSG00000230062	0	5	4	1	0	0	0	2	0	25	0	19	5	18	5	2	0	4	1	12	7	0	40	13	3	0	30	3
ENSG00000230081	0	0	0	0	0	3	7	1	0	2	0	6	1	0	2	0	1	0	0	0	1	0	0	4	4	4	1	0
ENSG00000230092	1	22	11	26	12	14	6	58	6	14	13	15	16	36	12	12	12	21	7	32	55	22	21	22	17	10	13	9
ENSG00000230105	0	3	0	7	0	0	0	0	0	0	0	0	0	10	0	0	4	0	1	0	0	3	5	0	0	1	2	0
ENSG00000230107	0	3	2	2	0	9	1	5	3	3	0	0	2	2	0	0	3	0	0	3	1	0	0	8	0	0	0	3
ENSG00000230131	0	0	2	3	0	17	0	0	0	0	0	0	0	4	0	2	0	0	6	0	0	0	0	5	2	4	6	0
ENSG00000230164	0	7	6	3	0	4	0	0	0	0	0	0	0	0	0	0	3	0	0	0	0	0	0	0	16	0	0	2
ENSG00000230165	0	14	2	3	2	36	0	0	0	190	0	27	0	2	0	3	0	0	48	0	0	0	0	0	0	61	32	0
ENSG00000230183	0	0	8	4	0	0	7	0	0	0	0	0	9	1	0	0	2	0	0	0	0	0	0	1	9	0	0	1
ENSG00000230184	0	5	4	1	1	1	10	0	0	2	2	3	0	0	0	1	2	0	6	0	0	0	0	0	1	8	0	0
ENSG00000230188	0	0	9	0	0	2	0	0	0	1	1	0	3	3	0	1	0	0	0	0	0	6	0	3	0	1	4	3
ENSG00000230202	15	1622	1	26	13	7	2	10	708	7	13	15	940	985	2454	13	9	5848	7766	7	4	1793	2336	12	10	7708	6	17
ENSG00000230224	0	6	6	0	0	14	20	31	2	7	0	4	27	19	1	2	4	0	0	0	0	2	2	14	37	3	12	9
ENSG00000230256	0	0	0	0	0	0	0	0	0	0	0	0	0	0	0	0	0	0	0	0	0	0	0	0	0	0	0	0
ENSG00000230267	0	11	0	2	7	43	0	0	3	9	21	2	0	1	0	10	0	0	16	12	0	0	0	3	2	0	7	6
ENSG00000230274	0	0	0	0	0	0	0	0	0	0	0	0	0	0	0	0	0	0	0	0	0	0	0	1	0	0	0	0
ENSG00000230302	0	0	0	0	0	0	0	0	0	0	0	0	0	0	0	0	0	0	0	0	0	0	0	0	0	0	0	0
ENSG00000230321	0	4	2	3	0	0	1	4	0	14	1	1	0	4	0	0	2	4	0	0	0	0	2	7	0	1	1	0
ENSG00000230328	0	0	0	0	0	0	0	0	0	0	0	0	0	0	0	0	0	0	0	0	0	0	0	0	0	0	2	0
ENSG00000230403	0	0	0	0	0	0	0	0	0	0	0	0	0	0	0	0	0	0	0	0	0	0	0	0	0	0	0	0
ENSG00000230405	0	0	0	0	0	0	0	0	0	0	0	0	0	3	0	0	0	0	0	0	0	0	0	1	0	0	0	0
ENSG00000230428	0	1	2	3	0	0	6	7	0	3	0	1	1	8	0	2	7	0	4	0	0	0	0	7	0	1	0	0
ENSG00000230445	0	1	41	12	0	2	17	0	0	6	1	2	53	22	8	6	13	6	2	0	7	0	7	2	24	7	3	28
ENSG00000230450	1	0	1	0	0	1	0	0	1	1	1	0	0	29	1	0	1	0	2	6	0	0	0	2	0	0	3	0
ENSG00000230471	16	8	14	6	4	4	0	2	10	3	15	24	10	63	2	2	0	0	5	50	8	0	6	124	1	0	4	1
ENSG00000230479	0	0	6	0	1	3	2	0	0	0	2	1	0	0	1	0	2	0	0	1	0	0	0	0	0	0	2	0
ENSG00000230506	0	0	3	0	3	2	7	0	0	2	1	1	0	0	0	4	3	6	2	0	0	1	0	4	2	0	0	0
ENSG00000230508	0	0	0	0	0	0	0	0	0	0	0	0	0	0	0	0	0	0	1	0	0	0	0	0	0	0	0	0
ENSG00000230525	0	1	2	0	0	1	4	0	1	4	0	0	9	4	4	0	0	0	0	1	0	13	0	0	1	0	1	1
ENSG00000230550	0	0	4	0	0	1	2	1	2	12	0	0	1	4	3	0	2	2	1	0	0	0	0	0	2	2	0	0
ENSG00000230563	0	2	4	0	0	0	4	2	0	2	0	0	4	1	1	1	2	0	1	10	0	4	0	2	2	0	1	1
ENSG00000230568	0	0	0	0	0	0	1	7	0	10	0	2	4	0	0	0	2	0	0	2	0	5	0	2	3	1	0	2
ENSG00000230581	0	13	1	10	0	0	0	4	0	0	0	6	8	3	3	3	5	0	1	6	0	0	0	1	4	2	3	2
ENSG00000230593	0	7	0	0	5	4	0	0	0	6	0	6	0	0	1	0	2	0	0	0	0	0	0	2	6	1	2	4
ENSG00000230595	0	0	0	0	0	0	0	0	0	0	0	0	0	0	0	0	0	0	0	0	0	0	0	0	0	0	0	0
ENSG00000230613	0	0	5	2	0	0	1	0	4	0	6	0	6	3	2	2	0	5	1	0	0	0	0	0	3	0	1	3
ENSG00000230650	0	17	22	1	2	19	10	14	5	11	0	8	28	106	9	1	52	0	7	8	0	1	12	9	12	0	8	12
ENSG00000230666	28	120	9	113	23	278	32	23	13	65	17	49	952	2137	14	20	17	10	34	160	21	26	30	46	14	30	79	13
ENSG00000230695	0	10	2	0	2	4	1	0	0	0	0	0	4	0	0	0	2	0	1	0	2	1	0	9	0	2	2	0
ENSG00000230697	0	1	2	1	0	0	0	0	0	0	0	11	0	0	0	0	0	1	5	0	14	0	0	4	0	7	2	1
ENSG00000230699	30	23	115	8	4	94	18	20	16	27	0	53	23	9	3	4	18	0	12	142	85	21	5	214	2	27	14	14
ENSG00000230707	0	0	2	0	0	0	4	0	0	0	0	0	4	0	0	0	0	0	8	10	0	0	0	0	2	0	0	7
ENSG00000230720	4	0	3	5	0	5	4	0	0	2	0	6	1	0	0	1	2	0	1	1	0	0	0	3	3	0	0	2
ENSG00000230724	0	2	0	2	3	1	7	0	3	3	0	3	7	3	0	0	0	1	0	0	10	4	0	0	1	0	1	1
ENSG00000230769	0	0	0	2	0	2	7	0	0	1	1	3	6	1	0	10	2	0	0	0	0	1	0	0	2	2	0	0
ENSG00000230773	0	0	0	1	0	5	5	7	1	3	0	0	1	1	2	3	2	0	2	0	0	0	0	3	2	0	11	0
ENSG00000230778	0	0	2	20	0	11	2	0	0	4	3	0	0	9	0	0	4	0	5	0	15	0	0	0	2	2	4	2
ENSG00000230782	0	0	0	0	0	1	0	1	0	4	0	4	8	6	2	3	1	0	0	0	0	0	0	2	4	0	0	2
ENSG00000230795	7	9	28	3	29	30	27	22	20	10	0	4	10	2	10	0	24	13	5	3	0	11	1	10	11	1	0	42
ENSG00000230798	12	0	10	2	42	73	2	0	2	66	17	41	15	12	14	23	0	7	13	17	0	8	0	8	5	46	25	20
ENSG00000230833	0	0	2	0	0	0	6	4	0	0	0	1	23	3	0	0	4	0	0	0	0	0	0	3	0	0	0	0
ENSG00000230847	0	20	3	7	0	23	22	21	0	0	0	0	30	19	6	0	0	1	0	11	5	0	0	7	5	9	0	0
ENSG00000230849	0	2	1	0	0	2	11	8	0	2	0	0	0	1	0	0	2	0	0	10	0	0	0	0	0	4	0	2
ENSG00000230852	2	0	0	0	0	4	0	0	9	0	3	0	8	0	0	0	4	0	1	0	0	0	6	0	2	0	0	0
ENSG00000230920	0	0	0	0	0	0	0	0	0	0	0	0	0	0	0	0	0	0	0	0	0	0	0	0	0	0	0	0
ENSG00000230927	0	0	2	0	0	0	2	0	0	0	0	0	2	4	0	5	0	0	0	0	0	0	0	0	0	0	2	0
ENSG00000230937	849	305	1846	99	1764	322	837	0	1071	244	1930	482	931	57	655	646	163	930	800	1134	107	747	8	788	1325	146	110	492
ENSG00000230943	17	14	83	8	71	50	56	0	72	17	75	18	55	12	75	55	18	7	24	94	1	36	0	40	52	14	22	35
ENSG00000230953	0	6	13	0	0	2	41	2	0	1	1	0	21	28	0	2	1	0	1	5	0	0	0	2	8	0	10	8
ENSG00000230965	0	2	4	2	0	1	1	5	0	1	0	0	6	10	5	0	0	0	0	2	0	0	0	0	0	0	3	0
ENSG00000230977	0	0	0	0	0	0	0	0	0	0	0	0	0	0	0	0	0	0	0	0	0	0	0	0	0	0	0	0
ENSG00000230992	0	0	0	0	0	0	5	0	0	0	0	0	1	0	0	0	0	0	1	0	0	0	0	0	0	0	0	0
ENSG00000230993	1	0	5	0	0	3	2	8	0	0	0	0	10	1	0	1	2	1	0	3	1	0	0	0	2	1	1	4
ENSG00000231024	0	3	1	2	3	0	0	12	4	0	2	0	0	4	3	0	0	2	2	0	4	0	0	0	2	1	2	7
ENSG00000231035	0	22	1	8	4	12	0	4	14	41	12	19	10	0	7	23	16	0	14	26	19	2	0	29	23	20	44	4
ENSG00000231047	0	0	0	1	0	4	3	0	0	0	0	0	0	0	0	6	3	4	2	0	0	0	0	6	7	3	2	3
ENSG00000231049	0	3	0	3	0	2	4	0	1	12	1	5	0	4	0	3	1	0	0	0	0	0	5	3	4	0	0	0
ENSG00000231060	0	1	0	0	0	0	0	0	0	0	0	0	0	0	0	0	0	0	0	0	0	0	0	0	0	1	0	0
ENSG00000231069	0	0	1	0	0	0	0	0	2	0	10	2	0	1	16	0	1	0	0	0	0	9	0	5	0	0	0	3
ENSG00000231086	0	0	2	2	0	3	4	0	0	1	4	0	0	5	1	1	3	3	2	5	0	0	8	2	2	0	0	1
ENSG00000231092	0	2	0	1	0	2	0	14	0	0	2	3	3	2	5	0	2	0	0	0	0	0	3	0	1	0	0	0
ENSG00000231102	0	4	0	2	0	0	17	9	0	0	2	0	0	1	0	0	1	3	7	0	0	0	0	0	2	0	3	0
ENSG00000231104	0	3	0	0	4	0	5	0	0	2	2	1	0	12	0	0	1	0	2	0	0	0	0	0	8	0	5	4
ENSG00000231106	1	0	0	31	9	4	6	0	7	0	7	12	11	0	10	0	14	5	4	12	0	12	0	4	27	0	0	6
ENSG00000231130	0	0	4	1	0	2	4	3	0	1	0	1	0	0	0	0	3	0	1	7	0	0	0	0	5	6	0	1
ENSG00000231150	114	7	22	278	72	131	9	39	280	285	22	5	452	41	8	2	34	124	1063	6	45	11	6	121	30	819	55	84
ENSG00000231165	0	0	11	11	0	0	9	13	4	0	0	0	43	7	0	0	0	0	1	0	0	0	0	4	4	0	0	10
ENSG00000231194	0	0	6	6	3	3	0	6	0	4	2	2	2	0	3	2	1	0	5	6	0	0	0	0	0	0	3	0
ENSG00000231202	6	0	2	6	3	27	4	62	11	66	4	1	11	101	9	0	15	18	31	99	182	8	0	0	12	9	2	25
ENSG00000231206	0	2	0	0	0	1	0	0	0	0	0	0	0	1	1	0	0	0	0	0	0	0	0	0	0	0	1	0
ENSG00000231240	4	68	5	6	0	0	15	30	0	1	0	0	26	119	2	2	1	0	3	13	0	0	15	61	11	12	4	6
ENSG00000231245	0	2	33	0	16	30	0	0	2	0	0	1	61	72	0	9	0	0	0	36	16	0	0	26	2	0	20	2
ENSG00000231310	0	0	0	9	0	0	6	0	0	0	1	2	0	7	4	1	2	0	6	0	0	1	0	0	1	1	0	0
ENSG00000231364	0	5	1	2	3	4	2	4	3	0	1	4	0	2	0	6	2	1	1	4	0	2	0	3	0	1	1	1
ENSG00000231369	1	3	0	1	1	3	1	1	2	0	2	4	7	0	2	1	0	0	2	1	1	0	0	4	7	0	0	4
ENSG00000231384	6	8	0	2	0	0	8	7	0	2	0	0	0	0	0	0	0	0	5	0	0	0	0	0	1	3	0	0
ENSG00000231409	0	0	0	1	0	0	1	7	0	7	0	2	0	2	1	0	1	3	0	5	0	3	0	0	1	0	2	1
ENSG00000231411	0	0	0	0	0	0	0	0	0	0	0	0	0	0	0	0	0	0	0	0	0	0	0	0	0	0	0	0
ENSG00000231422	2	1	0	1	0	3	2	0	2	10	2	2	0	2	1	4	3	3	4	1	0	1	1	7	2	4	4	1
ENSG00000231424	1	3	6	12	8	12	7	4	6	9	17	2	8	4	6	7	15	3	6	4	200	0	5	2	26	4	9	4
ENSG00000231426	0	0	0	1	0	5	0	8	3	2	0	3	0	3	0	0	6	0	3	1	1	0	2	4	0	1	0	3
ENSG00000231431	9	428	34	115	2	4	127	194	8	5	2	19	197	1286	75	4	66	19	51	139	40	94	121	252	187	211	22	46
ENSG00000231441	0	3	0	4	0	2	4	0	2	0	2	6	7	4	0	0	0	7	0	0	0	0	0	0	2	0	0	2
ENSG00000231460	0	0	0	0	0	11	0	0	0	5	0	2	0	2	0	0	1	0	0	0	0	0	8	0	4	8	0	0
ENSG00000231464	0	0	0	7	0	7	0	0	0	4	0	1	1	3	1	0	5	2	3	0	2	0	0	1	4	3	5	0
ENSG00000231480	0	0	0	0	0	317	0	0	0	1	2	127	0	0	0	3	5	0	0	0	0	0	0	1	0	2	4	0
ENSG00000231482	0	12	0	12	0	11	9	5	0	154	9	38	4	5	2	0	32	1	26	6	24	0	18	0	4	3	16	7
ENSG00000231492	0	0	0	0	0	0	0	0	0	0	0	0	0	0	0	0	0	0	0	0	0	0	0	0	0	0	0	0
ENSG00000231550	0	0	1	0	1	0	1	2	0	10	1	1	0	0	4	0	1	0	2	0	0	0	0	2	3	8	2	0
ENSG00000231560	2	5	0	0	0	0	2	2	0	1	0	0	1	5	1	1	1	2	0	0	0	4	5	0	2	0	0	2
ENSG00000231574	0	0	10	3	0	0	2	0	0	0	4	4	12	0	0	26	13	2	0	0	0	0	13	16	4	2	3	18
ENSG00000231622	0	0	0	0	0	2	1	0	0	3	0	0	1	0	0	0	4	0	1	0	0	0	0	0	3	0	0	0
ENSG00000231628	0	11	5	31	0	3	3	37	0	9	0	7	24	11	5	1	2	1	1	0	2	0	0	4	17	12	15	13
ENSG00000231648	0	0	7	24	0	0	32	11	4	0	6	2	19	7	6	0	9	8	3	20	0	53	0	0	12	0	0	16
ENSG00000231653	0	0	0	0	0	0	0	0	0	0	0	0	0	0	0	0	0	0	0	0	0	0	0	0	0	0	0	0
ENSG00000231663	77	129	69	80	103	84	36	59	131	171	96	100	92	95	88	102	100	58	112	70	67	106	92	108	70	90	95	95
ENSG00000231674	0	1	0	1	0	1	0	0	0	0	2	0	0	0	0	0	0	0	1	0	0	0	6	3	0	0	2	0
ENSG00000231697	0	38	3	51	0	35	22	24	2	21	0	25	12	16	6	11	14	4	25	20	33	1	4	24	31	17	45	3
ENSG00000231724	0	0	0	0	0	0	0	0	0	0	0	0	0	0	0	3	0	0	2	0	0	0	0	0	0	0	0	0
ENSG00000231738	0	66	92	7	27	68	4	23	27	0	20	81	62	449	7	20	9	8	10	1	52	42	0	431	12	0	108	37
ENSG00000231739	0	4	2	1	0	10	4	0	0	0	0	0	2	0	0	0	0	0	0	0	5	0	0	2	0	2	4	0
ENSG00000231741	0	115	6	58	13	74	23	83	26	90	21	40	10	41	0	13	83	2	57	23	11	2	31	185	23	46	62	8
ENSG00000231749	0	12	0	6	0	10	2	0	5	5	0	1	0	1	0	0	1	0	4	0	0	0	2	0	0	2	2	0
ENSG00000231764	33	14	10	30	0	208	18	34	15	237	16	25	171	112	8	4	38	8	136	24	0	1	50	34	85	217	227	14
ENSG00000231793	0	127	2	6	0	6	12	21	2	35	0	39	31	27	0	4	9	3	8	13	156	0	19	35	0	0	20	14
ENSG00000231794	0	0	0	1	0	3	3	2	1	4	6	3	5	1	0	1	2	1	0	0	4	0	2	1	3	0	2	0
ENSG00000231795	0	1	0	1	0	3	4	0	0	5	0	1	2	0	0	0	3	0	0	3	0	1	0	1	6	0	1	0
ENSG00000231804	0	0	0	1	0	0	0	2	4	25	2	0	1	2	0	0	3	0	0	0	2	0	0	1	0	3	0	0
ENSG00000231849	0	1	1	1	0	0	0	0	2	19	0	1	6	1	0	0	2	0	10	0	0	0	0	1	3	0	0	2
ENSG00000231873	0	0	1	0	0	0	0	0	0	0	7	1	0	0	2	0	0	0	0	0	23	0	0	4	0	3	0	0
ENSG00000231883	0	7	1	2	0	0	0	2	0	10	4	0	0	0	2	0	2	0	0	2	0	0	0	0	3	0	2	0
ENSG00000231902	0	0	0	0	0	0	0	0	0	0	0	0	0	0	0	0	0	0	0	0	0	0	0	0	0	0	0	0
ENSG00000231918	1	0	0	5	0	16	0	0	3	0	0	1	0	0	0	1	2	0	3	0	0	0	0	6	1	0	1	0
ENSG00000231929	0	3	0	1	1	5	0	0	0	7	2	0	0	0	0	3	2	0	2	0	0	0	0	2	0	2	1	0
ENSG00000231940	1	6	1	3	5	7	0	8	5	16	6	7	0	1	2	25	15	6	7	2	0	18	16	12	3	13	17	9
ENSG00000231942	0	3	0	0	0	0	2	9	0	11	0	2	0	4	0	0	4	4	0	0	0	0	0	2	3	3	0	0
ENSG00000231965	0	1	3	4	0	0	0	1	0	0	0	5	0	0	0	0	2	0	0	21	3	0	0	0	4	2	0	4
ENSG00000231977	0	2	1	6	2	2	0	0	0	0	0	0	2	1	0	0	0	2	2	6	0	14	0	0	1	2	0	0
ENSG00000231980	0	2	8	0	0	0	2	0	0	4	2	2	0	3	0	0	6	0	8	2	4	13	0	2	0	0	0	13
ENSG00000231992	0	0	0	11	0	4	5	0	0	2	5	0	0	0	2	0	3	0	3	4	0	0	0	5	8	0	2	0
ENSG00000231995	0	1	0	0	3	1	7	0	1	0	6	3	0	0	0	2	1	5	6	0	0	0	0	0	2	2	0	3
ENSG00000232001	0	0	2	0	0	0	0	0	0	0	0	0	0	1	1	0	0	0	0	0	0	0	0	0	0	0	0	0
ENSG00000232031	0	0	1	0	0	0	0	0	0	2	2	2	2	4	2	2	0	7	0	0	0	0	0	1	2	0	0	1
ENSG00000232037	1	1	2	0	0	3	0	1	0	1	1	1	1	2	3	0	10	0	1	2	4	0	0	5	7	0	1	5
ENSG00000232043	0	12	11	13	1	6	79	21	5	18	2	8	40	41	2	0	28	2	3	8	0	0	0	24	51	2	10	6
ENSG00000232044	46	93	29	116	46	147	50	51	36	151	77	103	49	42	19	55	112	28	107	74	39	73	95	99	58	257	93	41
ENSG00000232053	0	0	0	5	0	3	3	2	0	0	0	5	0	8	2	0	0	0	0	0	6	0	0	4	2	2	0	2
ENSG00000232059	0	0	0	5	2	7	8	6	0	0	0	0	0	0	0	0	0	0	1	1	0	0	0	4	3	0	2	4
ENSG00000232065	0	0	1	0	0	2	2	4	5	4	2	0	0	3	1	6	4	2	1	4	0	0	0	4	0	5	2	0
ENSG00000232070	0	0	10	0	0	0	0	0	2	0	2	3	18	2	3	7	2	1	2	2	0	0	0	2	7	1	1	12
ENSG00000232079	22	160	3	53	4	60	3	21	21	97	4	31	28	2	2	4	37	6	11	16	11	6	9	59	25	5	55	0
ENSG00000232082	0	0	0	4	0	0	4	2	2	8	0	0	0	1	3	2	4	0	1	0	0	2	0	2	1	0	1	0
ENSG00000232097	0	2	0	1	1	4	0	0	1	10	2	1	0	0	0	0	2	0	1	3	0	0	0	5	1	4	2	0
ENSG00000232104	30	77	52	118	53	341	42	40	73	208	84	106	64	124	38	104	138	40	210	72	76	70	93	298	116	131	147	60
ENSG00000232109	0	34	0	2	0	0	0	2	0	48	0	0	0	0	0	0	10	0	0	6	33	0	21	18	0	0	0	0
ENSG00000232124	0	0	3	4	0	3	6	0	0	4	0	0	0	2	0	2	0	2	4	0	0	0	0	4	9	0	5	1
ENSG00000232134	0	1	6	5	2	3	3	10	1	3	4	5	6	3	6	2	0	3	4	0	0	3	0	6	5	2	0	0
ENSG00000232135	0	0	0	0	0	0	0	0	0	0	0	0	0	0	0	0	0	0	0	0	0	0	0	0	0	0	0	0
ENSG00000232155	0	0	0	0	0	0	0	0	0	0	0	0	0	0	0	0	0	0	0	0	0	0	0	0	0	0	0	0
ENSG00000232190	0	0	0	0	0	0	0	0	0	0	0	0	0	0	0	0	0	0	0	0	0	0	0	0	0	0	0	0
ENSG00000232192	0	3	0	0	6	5	0	0	1	9	0	1	1	2	0	0	0	0	0	0	0	0	10	7	1	0	0	0
ENSG00000232197	0	0	0	0	0	0	0	0	6	0	0	0	0	0	0	0	0	0	0	0	0	0	0	0	0	0	0	0
ENSG00000232204	0	0	0	0	0	0	0	0	0	0	0	0	0	0	0	0	0	0	0	0	0	0	0	0	0	0	0	0
ENSG00000232212	0	0	0	0	0	0	1	0	1	0	2	0	0	0	1	0	0	0	0	7	0	0	0	0	2	0	0	0
ENSG00000232216	0	0	60	0	3	3	12	0	0	0	0	0	16	27	2	2	2	4	0	0	0	21	15	20	1	0	0	11
ENSG00000232218	0	0	5	0	0	3	0	0	0	3	0	1	1	1	0	5	2	0	1	13	0	0	0	1	3	1	1	0
ENSG00000232268	0	0	1	7	0	1	0	0	0	0	0	0	0	21	0	0	0	0	0	4	0	0	0	0	1	0	0	0
ENSG00000232327	0	4	0	0	0	0	0	0	0	0	0	0	0	0	0	0	0	0	0	0	0	0	0	0	0	0	0	0
ENSG00000232349	0	2	0	0	0	0	0	0	0	0	0	0	0	0	0	0	0	0	0	0	0	0	0	0	0	0	0	0
ENSG00000232353	0	0	0	11	1	13	1	0	0	0	0	3	0	11	0	3	0	0	2	0	0	0	0	0	0	2	2	2
ENSG00000232377	0	4	0	1	0	6	4	0	2	0	0	0	0	3	1	7	2	4	0	0	0	0	2	0	5	0	4	4
ENSG00000232394	0	0	0	0	0	0	1	0	0	0	0	0	0	0	0	0	0	0	0	0	0	0	0	0	0	0	0	0
ENSG00000232403	0	3	0	4	0	5	0	2	0	8	0	1	0	7	0	0	2	0	3	0	3	2	5	4	0	0	1	0
ENSG00000232407	0	31	0	0	0	33	1	13	2	37	0	12	5	13	1	2	14	8	22	14	7	0	22	6	5	2	10	6
ENSG00000232411	0	3	7	7	4	32	10	23	0	8	1	7	28	27	7	0	9	0	14	12	0	0	13	14	19	22	12	10
ENSG00000232431	0	0	0	0	3	0	5	0	1	0	1	1	0	1	0	0	0	0	0	0	0	0	0	0	0	0	0	0
ENSG00000232439	0	0	2	3	6	0	4	0	0	0	1	1	0	2	0	0	5	0	2	0	0	1	0	1	7	0	0	3
ENSG00000232445	0	3	9	2	6	0	3	2	3	1	3	10	9	4	7	8	10	6	4	14	0	12	0	1	9	0	1	15
ENSG00000232448	0	6	6	2	0	0	4	16	0	0	0	0	0	0	0	0	1	2	0	0	0	0	2	2	5	2	0	0
ENSG00000232459	0	0	0	0	0	0	0	0	0	0	0	0	0	0	0	0	0	0	0	0	0	0	0	0	0	0	0	0
ENSG00000232465	0	0	0	0	0	0	0	0	0	0	0	0	0	0	0	0	0	0	0	0	0	0	0	0	0	0	0	0
ENSG00000232470	0	0	0	5	0	0	2	5	1	7	1	0	0	7	0	0	0	0	0	0	0	0	0	5	4	0	1	0
ENSG00000232482	0	22	3	6	1	3	14	62	6	6	1	8	8	20	0	0	1	4	12	16	9	0	0	0	8	17	12	5
ENSG00000232486	0	0	0	0	0	0	6	0	0	4	0	2	6	0	2	0	7	0	2	4	0	9	0	2	0	2	0	2
ENSG00000232496	0	2	0	0	0	0	0	0	0	0	0	0	0	0	0	0	0	0	0	0	0	0	0	0	0	0	0	0
ENSG00000232497	0	0	0	0	0	0	0	0	0	0	0	0	0	0	0	0	0	0	0	0	0	0	0	0	0	0	0	0
ENSG00000232518	0	2	2	0	0	3	0	0	0	11	2	3	0	0	0	0	5	0	0	1	1	0	0	5	4	1	5	4
ENSG00000232526	0	0	0	0	0	16	0	2	0	5	0	0	0	1	0	0	0	0	4	6	0	0	0	11	0	2	1	0
ENSG00000232536	3	1	0	2	0	0	4	0	0	0	0	2	0	4	1	0	0	0	0	2	0	0	8	2	3	0	0	9
ENSG00000232542	0	1	3	14	2	16	1	12	3	27	5	10	4	5	5	3	19	1	9	35	1	12	8	11	11	6	7	6
ENSG00000232568	0	0	0	0	0	0	0	0	0	0	8	0	0	0	0	0	0	0	0	3	0	0	0	0	0	0	0	0
ENSG00000232586	0	4	0	2	2	1	1	2	0	13	0	0	4	1	0	4	0	1	6	0	0	0	0	0	4	2	6	0
ENSG00000232587	5	166	21	132	11	154	133	163	20	95	42	131	21	28	42	25	68	0	138	190	51	80	82	216	137	64	112	34
ENSG00000232590	28	0	2	61	8	55	0	0	6	62	9	785	135	78	19	3	2	0	14	6	10	86	0	83	0	3	2	19
ENSG00000232606	6	3	1	0	0	4	7	8	0	0	0	2	0	0	0	2	0	4	0	0	0	0	0	4	8	0	0	0
ENSG00000232621	0	3	0	0	0	0	3	4	0	4	1	0	5	0	0	0	3	0	1	3	0	5	0	2	2	0	6	0
ENSG00000232650	0	7	4	5	2	0	0	0	0	8	0	1	0	1	2	2	2	2	0	5	1	0	0	0	0	0	0	3
ENSG00000232653	15	43	34	43	8	31	60	43	33	64	17	19	105	84	19	21	34	5	28	33	36	18	6	35	52	15	35	32
ENSG00000232680	12	4	29	9	7	10	31	4	10	2	11	7	17	13	46	2	29	15	2	98	0	32	0	3	4	66	13	219
ENSG00000232684	0	17	0	15	17	16	7	0	2	23	15	24	2	0	0	25	11	0	28	0	0	15	12	26	2	47	26	4
ENSG00000232692	0	0	2	0	0	0	7	3	0	12	0	2	0	0	0	0	0	0	0	3	0	0	0	4	0	2	2	0
ENSG00000232695	0	0	0	0	0	0	0	0	0	0	0	0	0	0	0	0	0	0	0	0	0	0	0	0	0	0	0	0
ENSG00000232696	0	20	1	25	4	21	12	13	0	24	6	30	2	3	1	18	31	0	20	0	27	25	4	36	18	36	16	2
ENSG00000232706	0	3	3	1	1	3	2	5	0	8	0	1	1	0	1	3	0	3	0	1	0	0	0	2	1	1	3	0
ENSG00000232707	0	0	0	0	0	0	0	0	2	13	0	0	5	0	0	0	0	2	1	1	0	5	0	0	0	0	0	3
ENSG00000232709	0	0	1	4	0	0	2	0	0	2	0	0	8	5	0	0	0	0	4	0	0	0	0	8	5	3	2	1
ENSG00000232715	0	0	0	2	2	4	1	0	0	4	0	11	0	0	0	4	1	0	0	0	0	0	0	0	3	6	6	0
ENSG00000232749	0	0	0	0	0	0	0	0	0	0	0	0	0	0	0	0	0	0	0	0	0	0	0	0	0	0	0	0
ENSG00000232757	0	7	1	0	0	5	2	0	0	2	0	2	0	0	0	0	2	0	4	5	4	0	0	4	2	0	0	0
ENSG00000232806	0	7	5	32	1	1	1	15	0	7	0	4	8	82	4	0	2	8	38	3	153	7	187	13	0	0	5	30
ENSG00000232812	0	0	0	2	0	0	0	0	0	0	0	0	0	0	0	0	0	0	1	0	0	0	0	0	0	0	0	0
ENSG00000232814	0	7	0	2	0	5	1	0	1	0	1	0	6	3	0	0	3	1	3	0	1	0	0	1	4	0	3	0
ENSG00000232875	0	15	2	8	2	0	0	0	0	8	0	2	0	0	0	0	1	0	1	0	0	0	0	7	1	0	0	0
ENSG00000232883	0	0	0	0	0	0	0	0	0	0	0	0	0	0	0	0	0	0	0	0	0	0	0	0	0	0	0	0
ENSG00000232884	0	26	3	12	5	24	20	51	3	6	10	30	54	27	6	0	9	3	9	0	36	0	26	15	15	15	8	20
ENSG00000232891	0	8	3	4	2	1	0	4	0	2	0	3	5	0	0	2	0	0	2	2	0	6	0	2	2	2	2	0
ENSG00000232892	5	0	1	0	0	6	0	0	0	0	2	2	2	7	3	0	2	0	0	0	0	7	0	0	1	6	6	1
ENSG00000232903	0	2	2	0	0	0	0	0	2	0	2	0	2	0	2	0	2	0	0	2	0	8	0	0	11	0	0	0
ENSG00000232918	24	0	0	0	0	0	7	0	0	4	0	0	0	0	0	2	6	0	0	0	0	0	2	0	6	0	0	1
ENSG00000232928	0	59	0	4	0	11	6	0	2	36	0	17	10	9	1	0	8	0	4	0	2	0	0	9	5	2	4	2
ENSG00000232946	0	0	0	0	9	8	0	0	0	52	0	4	0	0	0	0	0	0	2	9	0	0	0	5	0	16	13	0
ENSG00000232969	0	0	1	0	0	0	0	2	4	3	3	1	6	0	3	0	0	0	2	0	3	2	4	0	0	2	2	0
ENSG00000232983	0	0	0	0	0	0	0	0	0	0	0	0	0	0	0	0	0	0	0	0	0	0	0	0	0	0	0	0
ENSG00000232987	0	2	1	0	2	2	0	0	6	17	0	2	1	0	0	0	0	0	4	2	0	0	0	1	3	0	0	0
ENSG00000232995	4	61	104	90	64	90	43	68	55	90	89	80	154	201	158	47	126	54	128	45	105	163	70	53	86	67	60	114
ENSG00000233003	0	0	0	0	0	0	2	0	0	2	0	0	0	0	0	0	0	0	0	0	0	0	1	0	3	0	0	0
ENSG00000233009	0	0	2	6	4	19	2	0	2	0	0	14	6	0	0	0	0	2	4	0	0	0	4	1	0	0	8	2
ENSG00000233012	0	25	2	13	0	3	14	4	1	9	3	5	0	9	0	0	16	0	9	0	0	1	12	8	12	23	34	5
ENSG00000233013	0	0	4	0	0	0	4	0	0	0	0	0	4	8	3	0	2	0	0	0	0	0	0	0	0	0	0	0
ENSG00000233025	0	0	6	7	0	18	21	0	0	0	0	3	24	33	6	0	8	2	8	2	0	0	6	8	12	4	14	4
ENSG00000233031	0	0	22	14	0	4	5	0	4	31	2	250	11	0	7	1	21	37	16	35	49	40	5	9	7	0	22	29
ENSG00000233041	1	120	1	133	7	0	3	174	3	37	2	12	8	59	17	10	23	17	7	5	571	40	34	2	8	48	24	14
ENSG00000233056	0	65	17	68	4	46	16	95	0	471	2	17	55	227	15	2	134	15	30	117	20	8	26	23	49	43	71	79
ENSG00000233080	0	29	13	10	0	5	0	31	8	39	1	43	1	4	18	6	34	0	3	15	18	10	1	73	5	70	25	28
ENSG00000233101	0	0	0	0	0	3	0	0	4	7	0	6	16	6	0	0	0	2	0	0	0	0	0	0	0	1	1	2
ENSG00000233110	0	28	40	34	3	36	51	12	1	49	0	30	43	77	16	0	29	6	31	10	3	11	17	29	77	23	48	32
ENSG00000233114	0	3	0	10	1	1	4	1	1	5	0	1	1	1	1	7	4	0	0	0	0	0	0	3	2	2	3	3
ENSG00000233123	0	0	1	0	0	0	0	0	0	2	0	0	0	0	0	0	0	0	1	0	0	0	0	0	0	4	0	0
ENSG00000233139	0	0	0	0	0	0	0	0	0	0	0	0	0	0	0	0	0	0	0	0	0	0	0	0	0	0	0	0
ENSG00000233146	0	0	0	0	0	0	0	0	0	0	0	0	0	0	0	0	0	0	0	0	0	0	0	0	0	0	0	0
ENSG00000233153	0	4	1	0	0	3	0	6	0	4	6	0	0	1	0	0	6	0	4	0	2	0	0	2	0	2	4	4
ENSG00000233175	9	106	39	30	23	136	105	91	16	80	56	57	55	70	27	52	115	118	113	113	35	94	98	77	51	22	46	58
ENSG00000233196	0	10	9	7	33	6	0	5	51	9	13	5	64	352	6	2	4	0	25	23	29	42	24	4	7	7	22	3
ENSG00000233214	7	21	37	16	30	63	13	24	10	67	33	44	31	12	56	7	65	49	14	131	9	108	0	4	13	662	38	291
ENSG00000233215	0	3724	6	267	22	1621	10	65	15	156	15	93	8	60	4	2	43	2	9	60	149	26	491	51	2	194	224	9
ENSG00000233221	1	9	7	10	1	0	0	45	8	9	0	25	22	37	2	3	36	0	4	16	6	8	28	0	4	6	14	19
ENSG00000233222	0	0	6	0	0	4	1	1	0	2	0	3	1	2	10	0	0	2	0	0	0	7	0	1	2	1	3	3
ENSG00000233232	0	93	29	49	8	76	159	163	9	113	9	72	150	115	33	15	57	4	45	52	40	8	32	87	112	44	53	45
ENSG00000233286	0	2	0	1	1	0	2	0	0	0	4	9	1	8	0	0	0	0	2	0	0	4	0	2	0	3	2	0
ENSG00000233287	0	3	0	11	1	0	0	13	0	4	0	0	0	0	0	4	0	3	1	1	0	0	0	3	0	2	2	2
ENSG00000233297	2	0	5	2	0	1	1	0	0	2	1	1	14	4	2	3	1	0	1	1	2	0	3	1	5	0	1	1
ENSG00000233306	0	18	17	6	6	3	7	8	2	7	9	2	23	5	17	3	4	31	54	99	13	10	4	6	17	8	1	7
ENSG00000233324	0	0	0	0	0	0	0	0	0	0	0	0	0	2	0	0	0	0	0	0	0	0	0	0	0	0	0	0
ENSG00000233334	0	8	2	0	0	2	3	0	0	2	0	7	3	2	0	0	2	0	0	3	2	0	0	0	0	0	0	0
ENSG00000233358	0	0	0	0	0	0	0	0	0	0	0	0	0	0	0	0	0	0	0	0	0	0	0	0	0	0	0	0
ENSG00000233380	0	1	2	1	8	3	0	2	7	0	1	0	0	4	0	2	2	2	2	2	0	0	1	3	3	1	1	6
ENSG00000233403	48	0	2	3	8	4	0	0	24	6	0	0	14	110	0	0	0	0	7	0	0	0	0	6	2	2	4	0
ENSG00000233419	0	0	0	0	0	0	0	0	0	0	0	0	0	0	0	0	0	0	0	0	0	0	0	0	0	0	0	0
ENSG00000233428	0	0	0	0	0	0	0	0	0	0	0	0	0	0	0	0	0	0	0	0	0	0	0	0	0	0	0	0
ENSG00000233477	0	0	0	0	0	0	0	0	0	0	0	0	0	0	0	0	0	0	0	0	0	0	0	0	0	0	0	0
ENSG00000233508	0	0	3	0	0	23	0	0	0	0	0	2	0	3	2	0	0	0	0	0	9	0	0	1	2	0	0	1
ENSG00000233509	0	8	7	6	6	14	10	5	14	14	14	5	20	4	6	10	4	13	3	2	1	0	0	2	14	5	20	8
ENSG00000233511	0	8	3	4	0	3	0	0	0	4	3	5	0	0	0	0	0	0	0	3	0	0	0	2	2	0	0	2
ENSG00000233515	0	133	11	50	0	21	0	106	1	309	0	0	2	78	7	2	12	4	2	57	756	15	211	181	1	0	0	54
ENSG00000233532	0	0	2	3	6	2	0	2	2	0	2	0	0	8	0	0	1	0	4	0	0	0	0	0	0	0	4	6
ENSG00000233541	0	0	0	0	0	2	2	0	0	0	1	7	0	2	0	0	10	0	0	0	0	0	2	2	2	0	0	12
ENSG00000233549	0	0	0	0	0	0	0	0	0	0	0	0	0	0	0	0	0	0	0	0	0	0	0	1	0	0	0	0
ENSG00000233563	0	0	0	2	0	0	0	0	0	0	0	0	0	0	0	0	0	0	0	0	0	0	10	0	0	0	0	0
ENSG00000233576	0	7	2	0	0	2	1	1	1	4	0	1	1	8	0	0	4	0	0	3	0	0	0	5	3	0	7	1
ENSG00000233609	0	41	2	6	2	7	31	19	4	26	3	20	14	19	0	0	4	2	6	19	0	1	0	15	13	6	12	2
ENSG00000233626	4	3	4	2	4	0	0	0	2	0	1	1	0	10	2	0	2	0	3	0	0	0	6	0	3	2	0	1
ENSG00000233642	0	0	0	6	4	1	0	0	1	3	0	0	4	6	0	0	2	0	0	0	0	0	0	6	0	1	0	1
ENSG00000233647	0	0	4	0	0	2	12	13	0	0	0	0	6	5	0	0	0	0	0	0	0	0	0	0	2	0	0	5
ENSG00000233665	0	2	8	0	0	0	12	4	1	9	1	5	8	1	0	1	0	0	1	4	0	0	6	5	3	0	0	1
ENSG00000233670	0	2	4	2	5	2	6	1	0	0	0	0	2	0	3	0	0	2	0	1	0	0	0	4	2	2	4	7
ENSG00000233673	0	1	2	2	0	1	14	0	1	2	0	2	2	1	0	0	0	0	3	0	0	0	0	0	1	3	1	2
ENSG00000233677	0	0	0	0	0	0	12	0	1	11	0	0	0	0	0	0	1	0	6	0	0	0	0	4	2	0	0	0
ENSG00000233684	0	0	0	0	0	0	0	1	0	0	0	0	0	0	0	0	0	0	0	0	0	0	0	1	0	0	0	0
ENSG00000233695	2	145	40	30	11	127	129	257	22	655	34	82	136	347	15	23	137	29	370	71	52	24	16	422	44	120	155	47
ENSG00000233714	0	0	0	0	0	0	0	0	0	0	1	0	0	0	0	0	0	0	0	0	0	0	0	0	0	0	0	0
ENSG00000233729	0	7	0	6	0	2	0	0	0	2	0	0	3	2	0	2	0	0	0	4	0	0	13	3	2	0	7	0
ENSG00000233760	3	4	7	2	43	114	6	5	4	28	8	15	20	15	0	0	0	22	43	15	0	12	11	5	2	0	33	13
ENSG00000233766	0	109	0	371	1	84	96	390	5	162	12	9	12	137	19	2	170	5	4	20	26	0	155	272	71	16	168	19
ENSG00000233776	0	4	0	4	0	2	0	7	0	0	2	7	0	1	0	0	0	1	2	0	0	0	9	8	0	2	0	0
ENSG00000233818	15	4	4	1	0	2	0	4	0	0	1	3	0	1	1	0	2	0	4	0	0	0	0	5	0	3	1	0
ENSG00000233858	0	2	0	2	0	0	14	0	2	3	0	0	3	0	0	4	3	0	2	9	0	0	0	0	6	0	0	4
ENSG00000233866	0	0	0	0	0	0	0	0	0	0	0	0	0	0	0	0	0	0	0	0	0	0	0	0	0	0	0	0
ENSG00000233916	0	0	5	4	0	0	5	9	0	2	2	4	0	1	2	2	3	0	4	0	0	0	0	1	2	1	0	4
ENSG00000233930	0	4	13	4	1	5	5	0	0	5	2	0	23	44	0	0	0	0	11	0	36	8	5	11	0	7	12	6
ENSG00000233941	0	0	0	0	0	0	0	0	0	2	0	2	0	0	0	0	0	0	0	0	0	0	0	0	0	0	0	2
ENSG00000233962	0	0	0	0	0	0	0	0	0	0	0	0	0	0	0	0	0	0	0	0	0	0	0	0	0	0	0	0
ENSG00000233971	0	0	3	0	1	1	1	2	2	1	5	3	4	2	4	3	3	4	2	0	1	0	2	0	2	1	2	4
ENSG00000233993	0	3	0	3	2	0	0	2	0	4	1	2	4	0	0	1	1	2	1	2	0	0	0	4	3	6	6	4
ENSG00000233994	0	0	0	3	0	0	0	0	0	7	0	2	0	1	0	0	2	0	0	0	0	0	17	5	3	0	0	0
ENSG00000234006	3	2	0	0	1	5	3	6	2	0	0	2	0	0	2	3	2	2	0	4	0	0	0	2	2	0	1	0
ENSG00000234022	0	1	0	0	0	0	0	0	0	0	0	0	0	0	0	0	0	0	0	0	0	0	0	0	0	0	0	0
ENSG00000234026	0	0	6	2	0	2	2	0	0	6	0	0	5	6	2	0	0	0	4	0	13	0	0	0	5	0	0	0
ENSG00000234083	0	29	1	19	0	5	1	6	27	13	8	8	3	0	0	34	9	0	4	3	4	3	20	33	0	2	12	3
ENSG00000234099	2	5	0	1	0	5	3	3	0	0	2	0	0	11	0	0	5	2	0	3	0	0	0	2	4	2	2	0
ENSG00000234106	0	0	0	2	1	1	4	0	0	0	0	1	0	2	2	0	1	2	0	0	2	1	0	2	1	1	1	2
ENSG00000234123	0	0	0	0	0	0	0	0	0	0	0	0	0	0	0	0	0	0	1	0	0	0	0	0	0	1	0	0
ENSG00000234161	0	3	5	2	0	1	0	0	0	0	7	2	2	0	0	3	2	0	1	0	0	2	0	0	0	7	4	2
ENSG00000234181	6	9	0	0	0	3	1	0	2	4	2	2	4	1	6	0	2	2	2	0	0	0	0	4	3	0	0	0
ENSG00000234187	0	18	0	35	23	39	15	28	11	56	38	32	6	0	7	55	24	0	59	11	20	7	30	51	22	120	31	0
ENSG00000234219	19	64	7	40	28	26	2	8	17	41	29	22	0	1	10	23	40	4	42	71	0	46	53	32	29	44	27	16
ENSG00000234265	6	8	0	0	4	56	5	10	5	13	3	2	26	188	25	0	0	28	4	33	11	21	0	0	0	1	3	7
ENSG00000234267	0	0	1	2	0	1	0	2	0	0	0	0	0	0	0	0	2	0	0	0	0	0	0	0	0	0	0	1
ENSG00000234285	0	4	0	0	0	0	5	0	0	0	0	0	0	0	0	0	0	0	1	0	0	0	0	0	0	0	0	0
ENSG00000234286	47	22	78	43	70	20	41	133	37	55	29	25	19	57	86	81	81	52	67	75	98	29	72	69	7	33	28	155
ENSG00000234292	0	0	2	0	10	0	6	0	0	2	1	2	0	0	1	0	2	0	3	4	0	0	0	4	1	0	3	3
ENSG00000234303	0	0	0	0	0	0	0	0	0	3	4	2	0	0	0	2	1	0	6	0	0	0	0	0	0	0	1	0
ENSG00000234324	0	81	6	41	11	29	20	37	20	106	15	42	1	4	3	18	15	1	42	25	0	14	45	57	17	47	39	8
ENSG00000234329	0	0	13	18	0	39	77	65	0	5	2	25	46	47	5	2	10	0	24	36	12	14	19	19	34	8	28	17
ENSG00000234338	0	8	25	3	0	1	43	22	0	0	2	4	73	71	2	0	2	2	7	0	4	12	13	15	26	0	2	3
ENSG00000234345	0	7	0	2	0	2	4	4	0	8	0	2	7	5	0	3	0	0	2	0	0	0	0	0	1	0	4	0
ENSG00000234367	0	1	0	1	1	1	1	2	0	1	1	3	3	3	0	0	2	0	6	2	0	0	2	2	1	0	2	2
ENSG00000234381	0	1	0	0	0	0	0	0	0	7	0	0	2	28	1	0	0	0	0	0	0	0	0	9	0	0	0	0
ENSG00000234415	0	0	0	0	0	0	0	0	0	0	0	0	0	0	0	0	0	0	0	0	0	0	0	0	0	0	0	0
ENSG00000234426	0	0	1	2	0	2	2	1	0	0	0	1	7	3	0	5	5	7	2	1	0	0	0	5	4	1	1	2
ENSG00000234429	0	3	2	2	0	4	0	0	1	4	4	1	0	0	0	4	4	0	1	0	0	0	0	1	1	4	1	0
ENSG00000234445	0	0	0	0	0	1	0	0	0	0	0	0	0	0	0	0	0	0	0	0	0	0	0	0	0	0	0	0
ENSG00000234450	0	2	0	0	1	3	0	0	0	3	2	3	0	3	2	3	0	0	9	3	0	0	0	2	1	4	8	4
ENSG00000234493	0	4	0	4	0	29	0	29	2	2	0	2	6	31	0	2	0	0	0	0	0	0	0	4	1	29	31	3
ENSG00000234511	0	0	14	55	2	20	43	20	1	5	2	25	27	12	12	8	9	0	7	0	0	0	13	8	38	11	6	6
ENSG00000234518	2	22	25	17	10	32	38	0	19	6	35	22	38	12	5	13	23	8	22	17	9	16	10	33	21	4	22	18
ENSG00000234551	0	1	0	4	3	6	0	0	1	5	0	0	2	0	0	0	0	0	1	3	0	1	0	1	1	6	1	0
ENSG00000234557	0	27	2	25	4	8	12	0	4	41	10	37	1	13	9	17	14	2	7	12	8	13	2	16	12	36	43	16
ENSG00000234571	0	15	3	8	0	2	34	3	0	1	0	0	45	76	11	1	3	0	1	20	6	5	80	17	6	2	0	10
ENSG00000234577	0	0	3	2	0	0	1	0	0	0	2	0	0	0	2	1	0	1	0	20	0	0	0	1	2	1	0	1
ENSG00000234587	0	0	0	0	5	0	0	0	0	0	0	0	6	39	0	0	0	0	0	0	0	0	0	0	0	0	0	1
ENSG00000234593	11	79	2	55	5	112	2	62	13	169	14	59	31	30	3	27	106	1	20	28	17	19	31	73	10	63	67	16
ENSG00000234597	0	0	0	8	1	0	0	0	0	0	0	0	0	0	1	0	1	0	5	0	0	0	0	1	0	13	8	0
ENSG00000234626	0	17	0	0	0	7	11	30	13	13	1	18	39	5	2	0	2	0	11	12	0	0	0	48	18	0	1	1
ENSG00000234645	0	3	0	3	0	0	3	0	0	0	0	0	0	0	2	0	0	0	0	0	0	0	0	0	2	0	0	0
ENSG00000234652	0	0	0	0	0	0	0	0	0	0	0	0	0	0	0	0	0	0	0	0	0	0	0	0	0	0	0	0
ENSG00000234676	0	0	1	6	0	0	0	0	1	6	4	0	0	0	2	0	4	5	2	2	0	0	0	4	0	4	0	4
ENSG00000234695	4	5	0	0	2	0	1	16	4	0	0	1	1	0	0	0	0	0	0	0	0	0	4	0	0	0	0	0
ENSG00000234710	4	4	0	1	0	0	3	1	0	2	0	0	8	6	1	0	1	0	3	2	1	1	2	1	1	4	0	0
ENSG00000234715	0	130	67	182	8	142	12	285	7	105	23	139	17	187	80	8	79	38	45	86	466	53	127	344	2	28	151	117
ENSG00000234741	2650	3729	3876	7096	5112	4754	2887	5210	4141	5582	4971	6820	4300	6189	5865	4666	11281	4157	8219	3765	4581	6463	6640	3928	5224	14555	8138	8181
ENSG00000234784	0	11	0	0	0	0	0	0	0	0	0	0	0	2	0	0	0	0	0	0	0	0	0	0	2	0	0	0
ENSG00000234789	0	2	0	0	0	0	1	0	0	0	0	0	1	0	0	0	3	2	0	0	0	0	0	0	0	0	2	0
ENSG00000234795	46	4	58	1	37	72	4	7	26	3	64	303	125	5	9	4	31	49	207	25	5	106	59	10	8	0	12	338
ENSG00000234848	0	6	1	6	0	0	5	0	0	0	0	0	6	8	0	2	0	0	1	6	0	0	0	1	1	1	3	1
ENSG00000234860	0	0	0	3	0	35	0	0	0	0	0	0	0	3	0	0	0	0	0	0	0	0	0	0	0	0	1	0
ENSG00000234925	0	6	8	2	0	6	26	36	0	19	1	2	16	6	0	0	5	0	0	19	0	0	0	12	17	3	5	2
ENSG00000234949	0	52	16	19	4	15	1	96	6	46	9	94	19	104	4	16	91	20	24	44	189	52	66	28	2	9	52	46
ENSG00000234961	0	0	0	0	0	0	2	2	0	0	0	0	7	5	0	0	0	0	0	0	0	0	0	0	0	3	0	0
ENSG00000234965	7	123	5	116	6	1	8	136	0	0	4	4	37	128	9	2	17	2	14	16	47	11	141	1	4	0	2	13
ENSG00000234969	0	66	2	13	0	55	13	13	13	115	5	30	22	7	2	9	24	0	22	16	22	22	5	42	17	11	32	2
ENSG00000234979	0	0	0	0	0	0	0	0	0	0	0	0	0	0	0	0	1	0	0	0	0	0	0	0	0	0	0	0
ENSG00000234981	0	2	2	0	0	3	0	3	1	4	0	1	2	2	0	5	2	0	2	0	0	0	0	9	1	0	4	5
ENSG00000235001	0	0	0	0	0	38	1	0	0	0	0	0	1	0	1	0	0	0	0	0	1	0	0	0	0	0	0	1
ENSG00000235029	0	4	0	12	2	84	0	5	0	31	3	6	12	58	4	0	4	0	6	0	2	3	0	16	0	42	18	7
ENSG00000235044	0	11	0	3	0	1	0	0	0	5	0	0	1	3	1	2	7	0	0	0	0	0	0	2	0	0	1	4
ENSG00000235050	0	0	0	0	0	0	0	0	0	0	0	0	0	0	0	0	0	0	0	0	0	0	0	0	0	0	0	0
ENSG00000235078	3	2	26	6	19	10	25	8	9	8	12	10	24	21	21	17	11	10	8	30	5	0	14	6	13	24	9	29
ENSG00000235105	0	0	3	2	0	1	1	4	0	0	2	0	0	2	1	0	0	3	1	0	10	0	0	5	0	3	0	2
ENSG00000235112	0	7	0	3	0	2	8	0	0	5	0	2	2	3	0	0	1	0	1	0	0	4	0	3	6	0	0	0
ENSG00000235121	0	1	7	7	2	3	7	15	0	3	7	1	7	6	0	4	9	2	7	8	0	0	0	21	8	2	8	4
ENSG00000235123	593	3	150	89	61	172	2	0	489	0	27	74	399	2695	2	1	15	75	37	43	107	190	12	2131	92	0	20	39
ENSG00000235127	0	0	0	0	0	5	0	9	0	0	0	0	0	0	0	0	0	0	0	0	0	0	0	0	0	0	2	0
ENSG00000235138	0	0	3	0	0	0	6	0	0	0	0	1	11	6	0	0	0	0	0	6	0	0	0	0	8	0	0	0
ENSG00000235140	0	9	0	213	0	0	0	189	0	1	0	0	3	91	7	1	17	0	2	2	2	7	458	8	10	0	0	2
ENSG00000235145	0	4	2	11	4	6	4	3	0	19	36	20	0	0	4	9	7	1	20	4	0	0	0	20	10	17	19	0
ENSG00000235158	0	0	0	4	0	2	2	0	0	0	0	0	1	6	1	2	0	0	2	0	0	19	0	2	1	2	1	0
ENSG00000235183	0	0	0	1	1	0	0	0	2	5	0	3	0	0	4	3	2	9	4	0	0	0	0	0	4	13	0	2
ENSG00000235200	0	1	0	2	2	2	1	10	0	0	1	0	4	0	0	6	8	0	4	6	0	0	0	1	1	3	0	0
ENSG00000235209	0	3	5	0	0	0	2	3	8	0	2	4	0	0	1	0	0	0	0	0	0	0	9	0	11	0	3	2
ENSG00000235214	0	4	2	0	0	0	0	3	1	1	7	2	2	0	2	2	2	2	2	0	0	0	4	0	0	2	0	0
ENSG00000235217	300	233	544	198	285	235	469	201	391	151	404	298	612	66	439	408	97	312	241	385	117	327	186	271	353	195	201	320
ENSG00000235264	0	0	0	0	0	0	0	0	0	0	0	0	0	0	0	0	0	0	0	0	0	0	0	0	0	0	0	0
ENSG00000235267	0	2	2	0	0	3	1	2	0	0	0	14	4	5	0	0	0	0	2	0	0	0	0	2	5	0	1	7
ENSG00000235268	0	0	0	2	0	2	0	2	0	20	0	0	2	2	2	0	0	1	3	2	0	0	0	0	4	0	9	0
ENSG00000235308	0	5	0	0	0	0	7	0	0	0	0	0	2	6	0	1	0	0	0	0	18	0	0	0	2	0	2	0
ENSG00000235319	0	0	5	3	0	2	0	0	1	4	0	2	0	0	2	4	3	2	1	1	2	0	2	5	1	3	0	9
ENSG00000235321	0	0	0	0	0	0	0	0	0	0	0	0	3	0	0	0	0	0	0	0	0	0	0	1	0	0	0	0
ENSG00000235343	0	0	0	0	0	0	0	0	0	0	0	0	0	0	0	0	0	0	0	0	0	0	0	0	0	0	0	0
ENSG00000235347	0	0	2	1	0	0	1	2	0	0	0	2	3	3	1	0	0	0	7	0	0	18	0	0	3	0	1	0
ENSG00000235354	0	3	1	1	2	0	5	4	1	6	3	1	8	2	1	2	1	0	0	0	0	0	0	2	5	0	2	2
ENSG00000235368	0	0	0	0	0	0	0	0	0	0	0	0	0	0	0	0	0	0	0	0	0	0	0	0	0	0	0	0
ENSG00000235370	0	24	6	7	1	0	47	24	1	4	0	6	21	25	7	19	1	0	8	11	0	12	1	7	19	0	16	5
ENSG00000235397	0	21	8	26	0	13	31	39	4	32	2	17	35	12	12	4	22	2	14	5	1	0	0	26	36	9	11	6
ENSG00000235403	0	2	0	2	0	0	0	0	0	0	0	0	0	0	1	8	0	0	0	1	0	0	0	0	10	0	0	0
ENSG00000235410	0	0	6	0	0	0	8	0	0	3	0	0	4	0	0	1	1	8	2	0	0	0	0	0	3	0	6	2
ENSG00000235413	0	0	6	3	0	4	1	0	0	0	0	2	3	2	7	2	2	0	4	0	0	0	0	1	9	0	4	0
ENSG00000235438	2	15	0	3	4	7	0	2	0	0	0	2	0	3	0	3	2	0	0	0	0	0	0	0	0	2	4	0
ENSG00000235464	0	0	0	0	0	0	0	0	0	0	0	0	0	0	0	0	0	0	0	0	0	0	0	0	0	0	0	0
ENSG00000235472	0	0	1	0	0	0	0	0	0	0	0	0	0	0	0	0	1	0	1	0	0	0	0	0	0	0	0	0
ENSG00000235480	0	2	0	4	2	0	0	0	2	6	0	0	6	0	1	4	0	3	3	0	0	4	0	0	1	1	0	8
ENSG00000235482	0	0	0	0	0	0	0	0	0	0	0	0	0	0	0	0	0	0	0	0	0	0	0	0	0	0	0	0
ENSG00000235486	0	0	0	0	0	0	0	0	0	0	0	0	0	0	0	0	0	0	0	0	0	0	0	0	0	0	0	0
ENSG00000235526	0	0	0	0	0	0	0	0	0	0	0	0	0	0	0	0	0	0	0	0	0	0	0	0	0	0	0	0
ENSG00000235548	0	5	2	0	24	13	0	0	4	59	11	11	0	0	0	3	6	0	0	9	0	0	7	0	5	21	7	0
ENSG00000235572	0	0	0	0	0	0	0	0	0	0	0	0	0	0	0	0	0	0	0	0	0	0	0	0	0	0	0	0
ENSG00000235586	0	0	2	2	0	1	7	0	2	0	0	6	1	4	0	0	1	1	7	0	0	0	0	2	0	0	1	0
ENSG00000235587	0	0	1	0	0	0	0	0	0	2	0	0	0	0	0	0	1	0	0	0	0	0	0	1	1	0	0	0
ENSG00000235623	0	0	0	0	0	0	0	0	0	0	0	0	0	2	0	0	0	2	0	0	4	0	0	0	0	0	0	0
ENSG00000235643	1	333	9	0	4	1	3	144	7	3	3	2	16	1	2211	0	163	678	28	65	163	43	0	39	21	4	1	204
ENSG00000235687	0	46	0	23	4	0	0	57	0	8	0	3	22	199	0	0	0	0	0	13	49	0	0	2	0	0	1	0
ENSG00000235688	5	675	29	229	11	93	161	645	4	342	10	136	107	331	178	23	259	62	250	216	104	471	483	244	309	74	76	128
ENSG00000235726	3	1	0	0	6	8	13	0	9	8	12	27	36	4	13	5	0	16	19	30	0	12	0	10	1	1	6	2
ENSG00000235740	0	4	6	21	0	21	6	19	3	8	3	28	18	12	10	6	15	0	26	2	0	22	0	24	12	10	43	15
ENSG00000235768	0	0	0	0	0	0	0	0	0	4	0	0	0	0	0	0	0	0	0	0	0	0	0	0	0	0	0	0
ENSG00000235782	0	0	0	1	0	0	0	0	3	6	6	0	0	0	0	5	1	0	0	0	0	0	3	8	1	4	0	0
ENSG00000235786	0	28	3	19	0	9	11	53	0	27	10	13	3	0	4	8	18	2	20	26	0	0	1	15	9	15	16	11
ENSG00000235806	0	0	0	1	0	1	2	0	0	0	0	0	20	10	0	0	1	0	2	0	0	0	0	0	1	0	0	2
ENSG00000235815	0	0	0	0	0	2	0	4	0	1	0	0	0	0	0	0	1	0	0	0	0	0	1	0	0	0	0	0
ENSG00000235816	1	0	1	0	0	4	4	4	0	2	0	0	2	4	0	0	0	0	0	12	0	0	0	5	2	0	0	1
ENSG00000235820	0	4	2	2	0	0	1	0	1	3	1	2	0	0	2	2	2	0	6	0	0	0	0	8	1	2	1	0
ENSG00000235845	0	0	47	0	2	0	3	0	22	0	0	0	973	4	1	0	0	0	16	0	0	0	0	14	1	0	0	2
ENSG00000235872	9	22	2	24	16	19	3	2	18	27	28	17	15	3	2	22	6	18	34	7	7	10	25	29	10	18	13	6
ENSG00000235881	0	4	0	4	0	0	0	7	0	13	0	2	0	3	0	6	2	2	1	2	0	0	0	0	1	0	0	0
ENSG00000235899	2	0	19	2	43	2	0	9	10	0	6	15	0	1	26	44	8	9	17	8	8	0	0	11	14	7	9	11
ENSG00000235920	0	74	4	3	4	67	3	8	9	171	11	27	5	2	4	9	18	0	6	0	17	6	76	9	7	113	9	1
ENSG00000235932	0	0	0	0	0	0	0	0	0	0	0	0	0	0	0	0	0	0	0	0	0	0	0	0	0	0	0	0
ENSG00000235933	0	0	7	0	2	0	7	0	3	1	0	1	12	0	2	0	0	0	0	0	0	8	0	0	6	2	0	0
ENSG00000235946	0	3	0	0	0	1	5	0	0	4	0	4	0	0	2	0	0	0	2	0	0	1	0	2	8	6	2	1
ENSG00000235957	0	8	1	1	1	1	0	10	5	0	0	0	0	0	4	0	0	0	2	0	0	0	0	4	2	0	2	2
ENSG00000235984	0	0	0	40	3	774	0	7	0	0	2	0	259	1985	1	2	16	3	4	0	110	0	121	13	2	41	3	2
ENSG00000235992	21	561	20	68	14	44	68	33	17	84	47	116	32	40	26	18	19	6	9	512	11	225	226	662	30	53	52	26
ENSG00000235997	5	7	19	24	8	17	36	4	8	26	37	36	48	17	4	48	8	4	8	8	21	0	12	4	9	3	4	7
ENSG00000236005	0	4	0	2	0	5	0	0	1	0	2	1	0	0	0	0	4	0	3	2	0	0	9	3	0	2	0	0
ENSG00000236013	0	0	0	0	2	4	0	0	2	0	2	0	0	8	7	0	0	0	0	5	0	10	0	3	0	0	0	0
ENSG00000236018	0	4	1	1	0	0	6	5	0	4	0	0	0	1	1	0	0	0	2	0	0	0	2	0	7	2	5	2
ENSG00000236027	0	8	0	0	0	0	0	1	0	11	0	8	0	14	0	0	6	0	26	12	0	0	0	2	0	29	20	0
ENSG00000236028	0	4	49	16	46	18	125	2	11	0	30	29	60	17	47	44	10	7	25	50	3	23	2	25	53	6	31	76
ENSG00000236053	0	4	0	0	2	0	10	2	0	8	0	2	2	1	2	2	0	0	1	3	0	0	0	3	2	1	0	1
ENSG00000236078	0	2	1	1	0	1	1	1	4	4	1	1	1	7	3	0	1	0	1	1	0	0	0	1	5	0	4	0
ENSG00000236081	0	2	0	0	4	17	0	0	2	127	5	11	0	0	0	3	0	0	8	0	0	0	0	8	0	0	26	0
ENSG00000236105	0	0	0	0	0	0	0	0	0	0	0	0	0	0	0	0	0	0	0	0	0	0	0	0	0	0	0	0
ENSG00000236116	0	0	0	0	0	0	0	0	0	0	0	0	0	0	0	0	0	0	0	0	0	0	0	0	0	0	0	0
ENSG00000236145	0	0	0	0	0	0	0	0	0	0	0	0	0	0	0	0	0	0	0	0	0	0	0	0	2	0	0	0
ENSG00000236153	0	0	1	10	0	2	0	4	4	0	0	0	0	2	0	0	2	0	4	0	0	2	0	4	1	0	1	1
ENSG00000236159	0	2	0	0	0	0	1	4	0	0	0	2	0	0	0	2	6	0	2	0	0	6	6	3	2	0	3	4
ENSG00000236180	0	0	3	2	2	0	3	0	3	5	1	2	9	1	0	0	10	0	0	4	0	0	0	0	0	5	2	1
ENSG00000236184	0	0	4	1	0	2	0	1	0	0	1	0	8	3	0	0	6	0	0	4	0	0	2	6	2	0	0	1
ENSG00000236188	0	2	1	0	0	3	1	0	0	2	5	5	0	2	0	4	5	0	2	0	0	0	2	2	0	2	0	0
ENSG00000236190	0	5	0	35	1	173	0	0	3	0	1	0	2	26	3	0	11	0	0	0	0	1	1	17	2	7	0	3
ENSG00000236197	0	31	7	19	5	19	8	49	1	25	9	14	3	25	3	0	43	0	41	9	3	10	71	26	10	22	33	11
ENSG00000236205	0	0	0	0	0	0	0	0	0	0	0	0	0	0	0	0	0	0	0	0	0	0	0	0	0	0	0	0
ENSG00000236213	0	15	8	15	17	26	43	8	0	32	11	48	27	10	21	16	22	3	19	20	25	0	7	26	18	8	17	15
ENSG00000236232	0	0	0	0	0	0	0	0	0	0	0	0	0	0	0	0	0	0	0	0	0	0	0	0	0	0	0	0
ENSG00000236241	0	13	4	7	5	108	4	15	0	7	9	4	14	66	2	2	21	2	25	2	4	17	3	88	10	14	37	2
ENSG00000236290	0	0	0	0	0	0	1	8	0	0	0	0	0	11	0	0	1	0	0	0	0	0	0	0	2	2	0	0
ENSG00000236297	0	2	0	0	0	3	1	3	0	0	2	3	3	4	0	0	3	0	0	12	2	0	0	1	0	0	0	0
ENSG00000236304	0	0	11	37	2	12	38	17	7	12	4	6	43	28	3	10	0	6	6	9	6	0	0	15	36	7	25	4
ENSG00000236306	0	2	0	0	0	5	0	0	0	2	2	0	0	0	0	4	0	0	0	0	0	0	3	0	0	0	0	1
ENSG00000236327	0	4	0	2	0	9	0	0	0	13	0	0	0	1	0	0	0	0	6	3	0	2	0	3	3	1	0	0
ENSG00000236358	0	2	2	1	0	0	4	0	0	1	0	2	5	15	0	0	4	0	0	0	2	0	0	0	0	1	0	2
ENSG00000236366	0	13	0	2	2	0	0	0	5	0	2	0	0	0	7	0	2	0	0	0	10	0	0	0	1	1	0	0
ENSG00000236390	0	0	1	1	0	5	5	3	0	0	0	5	2	2	0	0	5	0	2	0	0	0	3	3	0	0	1	4
ENSG00000236456	7	21	6	24	11	3	0	0	6	17	1	4	1	5	0	2	12	0	29	8	1	0	21	25	13	20	10	0
ENSG00000236463	0	1	2	0	0	4	0	2	7	2	1	8	3	0	0	0	0	2	8	4	0	0	0	2	2	1	1	0
ENSG00000236474	0	0	2	8	0	2	8	5	2	0	0	0	1	0	0	0	2	0	2	2	0	0	0	4	2	4	0	0
ENSG00000236489	0	0	0	2	0	2	4	2	0	0	0	3	1	5	4	0	4	0	0	0	0	0	0	6	6	0	4	3
ENSG00000236491	0	0	0	4	0	1	0	10	0	0	0	0	2	0	1	0	0	0	3	0	0	10	0	2	2	0	5	0
ENSG00000236496	4	1	62	0	37	25	19	17	14	15	31	29	54	28	16	31	14	28	18	0	0	32	34	19	0	2	15	33
ENSG00000236501	34	2	16	27	29	69	21	10	8	52	26	25	4	4	16	21	5	5	14	32	0	23	11	10	18	5	34	18
ENSG00000236510	0	30	3	35	0	12	3	24	0	21	0	13	0	12	1	0	28	0	132	0	0	2	49	61	8	22	36	2
ENSG00000236516	7	277	11	17	0	4	63	122	3	1	1	4	63	337	16	1	12	1	2	44	3	9	50	68	36	53	2	20
ENSG00000236536	0	0	0	2	2	6	3	0	1	2	0	0	1	5	0	2	0	3	13	2	0	0	0	0	0	2	4	4
ENSG00000236542	13	0	2	2	0	8	3	6	0	0	0	0	0	3	5	0	2	0	1	1	0	0	0	1	3	0	0	3
ENSG00000236545	0	0	2	1	0	0	2	0	0	1	2	0	0	6	0	0	3	0	3	2	6	0	2	1	2	3	2	3
ENSG00000236554	0	37	0	4	0	3	3	10	0	7	1	0	10	22	2	0	0	0	0	0	48	0	9	0	5	4	7	2
ENSG00000236556	6	166	0	86	14	7	6	15	12	61	23	12	0	9	12	4	40	17	22	14	40	53	165	41	12	74	17	11
ENSG00000236567	0	10	0	1	0	1	8	0	0	0	0	0	9	3	0	0	0	0	0	2	0	0	0	5	4	2	3	0
ENSG00000236611	0	2	2	0	0	1	0	0	0	0	1	1	6	5	4	2	5	0	1	0	0	0	0	8	3	3	2	4
ENSG00000236612	0	0	0	0	0	0	0	0	0	0	0	0	0	0	0	0	0	0	0	0	0	0	0	0	0	0	0	0
ENSG00000236636	0	2	0	1	0	2	0	8	0	7	0	2	0	0	0	0	0	0	0	8	0	0	0	4	2	0	1	0
ENSG00000236643	0	2	1	0	0	6	0	0	2	0	0	0	2	2	2	4	6	0	0	0	7	1	0	4	1	0	0	0
ENSG00000236662	0	1	1	2	0	3	11	3	0	0	1	0	2	10	2	0	4	0	2	0	0	0	0	1	1	0	1	3
ENSG00000236714	27	5	0	5	1	16	0	20	0	7	0	7	46	2	2	11	7	0	4	7	0	27	0	14	10	6	0	3
ENSG00000236716	0	0	0	0	0	0	0	0	0	0	0	0	0	0	0	0	0	0	0	0	0	0	0	0	0	0	0	0
ENSG00000236739	0	0	3	6	0	0	6	10	0	0	0	0	0	2	0	0	8	0	1	2	0	0	6	0	1	2	0	1
ENSG00000236751	0	0	3	1	6	0	0	0	0	0	7	0	5	0	1	0	1	2	0	4	0	0	0	2	6	1	1	0
ENSG00000236772	0	2	5	0	2	2	12	7	0	0	0	2	2	7	0	0	0	2	0	0	0	0	0	5	3	0	1	0
ENSG00000236780	10	0	4	8	1	10	8	4	0	12	2	12	24	13	6	0	10	2	16	13	8	0	0	14	13	11	7	3
ENSG00000236811	0	0	2	5	0	2	0	13	0	5	0	3	12	4	2	0	4	0	2	0	0	9	0	4	9	0	0	0
ENSG00000236814	0	0	2	0	0	3	1	1	0	1	0	9	1	3	1	0	1	0	1	0	0	0	0	7	5	2	2	1
ENSG00000236816	23	253	18	85	1	6	52	85	12	112	43	97	81	127	23	71	162	0	3	12	5	32	31	55	70	13	64	18
ENSG00000236828	0	0	0	0	0	0	0	0	0	0	0	0	0	0	0	0	0	0	0	0	0	0	0	0	0	0	0	0
ENSG00000236841	57	48	43	33	16	10	8	129	63	25	13	155	295	158	7	8	13	0	75	0	21	161	329	5	7	6	29	17
ENSG00000236848	0	1	3	2	1	11	4	9	0	6	4	2	3	5	2	8	8	0	9	0	1	0	5	7	3	6	4	3
ENSG00000236857	0	10	6	13	8	10	0	6	1	9	1	9	2	34	2	0	2	0	9	5	4	28	0	284	10	6	10	3
ENSG00000236863	0	5	0	3	0	1	3	1	0	0	2	2	0	3	1	0	2	0	4	2	0	0	1	3	4	1	0	0
ENSG00000236871	4	76	5	27	3	48	85	58	8	189	20	60	58	60	3	19	23	0	62	48	1	15	31	85	50	22	22	15
ENSG00000236878	12	10	0	0	0	2	5	0	2	8	2	12	20	12	0	0	4	0	11	2	9	2	1	8	1	10	4	4
ENSG00000236880	14	66	2	3	0	0	15	24	0	33	0	6	1	3	18	16	16	43	101	14	7	30	6	21	25	6	1	22
ENSG00000236913	0	0	0	0	0	1	0	0	0	2	0	2	0	0	0	0	0	0	0	0	0	0	0	4	0	5	8	0
ENSG00000236924	0	0	6	0	2	47	4	0	0	102	3	35	3	2	5	0	4	7	28	12	0	5	0	17	2	33	45	17
ENSG00000236928	0	15	7	7	1	14	4	16	1	25	0	10	0	0	0	2	16	0	20	7	0	14	5	2	5	2	5	7
ENSG00000236957	0	0	0	0	0	0	0	0	0	0	0	0	0	0	0	0	0	0	0	0	0	0	0	0	0	0	0	0
ENSG00000236961	11	4	4	99	11	4	8	0	9	0	8	6	16	1	16	6	16	17	25	14	7	118	0	24	67	1	2	30
ENSG00000236963	2	1	5	6	0	8	0	0	1	0	0	7	3	2	0	0	0	0	3	3	0	0	0	0	0	0	0	0
ENSG00000236966	0	0	0	0	0	0	0	0	0	0	0	1	0	0	0	0	0	0	0	0	0	0	0	0	0	0	0	0
ENSG00000236986	38	37	1	30	35	42	2	1	51	71	25	33	2	3	12	52	22	17	39	43	0	23	17	42	16	104	19	5
ENSG00000236998	0	2	0	0	0	0	1	0	0	14	0	0	0	0	0	1	0	0	0	0	0	0	0	0	5	2	6	0
ENSG00000237007	14	44	0	4	2	26	5	0	2	36	0	9	2	6	1	0	11	0	25	0	0	3	8	6	0	19	11	2
ENSG00000237027	0	0	0	1	3	2	4	0	0	5	3	3	0	0	1	5	1	0	1	5	0	0	8	3	2	0	0	0
ENSG00000237039	2	0	1	2	1	3	3	4	1	1	2	0	0	0	4	3	2	1	0	0	2	1	2	1	1	3	3	4
ENSG00000237058	32	27	1	10	13	26	2	1	6	70	15	17	17	0	2	13	0	0	19	21	24	4	6	20	10	23	8	2
ENSG00000237061	0	0	0	3	0	0	17	2	0	4	0	0	3	0	1	0	1	2	0	0	0	2	0	0	5	1	4	0
ENSG00000237063	0	4	0	2	0	4	1	2	0	0	0	6	2	3	1	8	1	1	2	0	0	0	0	7	0	1	0	0
ENSG00000237136	0	0	0	2	0	0	3	0	0	1	0	0	0	0	0	0	0	0	0	19	8	0	0	2	1	0	1	0
ENSG00000237140	1	6	0	6	0	2	0	0	1	8	0	2	0	0	0	0	0	6	3	0	0	0	5	3	0	0	0	2
ENSG00000237174	0	5	0	5	1	1	1	0	2	10	1	0	1	0	0	3	3	0	1	0	0	0	0	6	5	1	4	2
ENSG00000237194	0	10	5	0	2	0	0	0	0	13	0	0	0	5	11	0	1	0	1	3	0	20	39	13	0	5	0	0
ENSG00000237200	0	0	3	0	0	0	0	2	0	0	0	6	9	9	3	0	2	0	4	0	0	0	0	2	3	0	2	0
ENSG00000237211	0	0	0	0	0	0	0	0	0	0	0	0	0	0	0	0	0	0	0	0	0	0	0	0	0	0	0	0
ENSG00000237214	2	1	3	2	5	1	3	0	5	4	5	2	1	0	1	7	3	5	5	1	0	1	7	2	3	1	2	3
ENSG00000237217	0	17	2	0	0	2	0	0	0	3	0	2	2	6	6	0	0	1	3	0	0	2	0	0	0	2	5	0
ENSG00000237222	0	7	7	2	1	2	4	2	10	5	0	0	2	3	4	7	12	0	1	5	0	12	1	4	3	1	1	8
ENSG00000237223	0	2	34	11	9	0	24	3	19	10	0	5	69	20	30	8	3	5	0	19	0	0	0	7	26	21	4	14
ENSG00000237233	0	4	6	5	0	4	5	0	0	0	2	0	1	18	2	0	2	1	0	0	0	0	0	0	1	0	1	0
ENSG00000237234	0	22	0	5	1	41	5	0	5	16	5	9	43	12	2	0	5	0	12	0	7	8	0	6	9	1	9	0
ENSG00000237268	20	11	0	20	31	66	0	0	12	56	59	94	9	6	6	52	6	0	3	0	0	42	7	6	18	18	17	0
ENSG00000237269	0	0	0	0	0	0	0	0	0	0	0	0	0	0	0	0	0	0	0	0	0	0	0	0	0	0	0	0
ENSG00000237280	0	36	2	11	12	1	4	39	1	38	9	8	1	17	1	14	25	0	1	0	0	20	17	23	12	13	34	16
ENSG00000237300	0	7	0	0	2	0	1	0	0	2	0	2	0	0	0	0	4	0	2	7	0	11	0	0	0	3	0	0
ENSG00000237302	0	0	0	0	0	0	0	0	0	0	0	0	0	0	0	0	0	0	0	0	0	0	0	0	0	0	0	0
ENSG00000237324	0	0	0	2	0	8	0	0	0	0	0	1	6	0	2	0	1	0	2	0	0	1	0	5	2	9	0	0
ENSG00000237326	0	0	0	0	0	0	0	0	0	0	0	0	0	0	0	0	0	0	0	0	0	0	0	0	0	0	0	0
ENSG00000237330	50	20	30	17	27	3	0	7	49	0	38	20	10	2	30	45	2	18	8	60	23	16	0	8	5	3	15	5
ENSG00000237337	0	0	0	0	0	0	0	0	0	0	0	0	0	0	0	0	0	0	0	0	0	0	0	0	0	0	0	0
ENSG00000237343	0	5	1	1	0	10	1	2	1	3	0	5	8	18	1	0	4	1	4	4	0	1	17	11	0	4	2	1
ENSG00000237354	0	0	0	0	0	0	0	3	0	0	0	0	0	0	0	0	0	0	0	0	0	0	0	0	0	0	0	0
ENSG00000237361	149	12	214	116	18	15	150	19	252	96	155	116	212	8	310	119	6	300	92	273	633	282	3	77	272	275	71	49
ENSG00000237389	0	1	0	0	0	4	0	0	3	8	0	2	0	2	0	0	0	1	1	0	0	0	0	4	1	3	7	0
ENSG00000237413	0	10	1	1	0	1	1	3	0	4	0	0	0	13	0	0	2	2	1	0	0	0	0	5	1	1	4	0
ENSG00000237433	0	2	0	0	0	0	4	0	4	2	0	0	5	4	0	0	0	0	3	6	0	4	0	1	1	0	2	1
ENSG00000237438	66	82	72	445	27	51	74	73	91	185	145	218	459	453	91	72	121	160	208	180	145	111	288	35	305	17	175	241
ENSG00000237439	0	0	1	0	0	0	1	0	0	19	0	0	2	0	0	0	0	0	8	7	0	0	0	1	0	0	0	0
ENSG00000237446	0	4	0	1	0	1	0	1	2	9	0	3	2	0	0	0	3	0	4	0	10	0	2	1	0	4	2	2
ENSG00000237472	0	0	0	0	0	0	0	0	0	0	0	0	0	0	0	0	0	0	0	0	0	0	0	0	0	0	0	0
ENSG00000237493	0	0	0	0	2	0	7	4	0	2	1	4	4	2	1	0	0	1	1	0	0	1	0	0	4	0	5	4
ENSG00000237531	0	0	0	0	0	2	0	0	0	0	1	0	4	1	0	0	18	0	0	2	0	0	0	0	0	0	0	9
ENSG00000237550	2222	484	6143	3686	4147	2982	3366	3252	6106	3054	6327	4871	1472	1140	3216	6731	6396	6800	7482	82	61	1672	1391	4648	2491	2805	3024	8854
ENSG00000237579	0	0	0	0	0	0	0	0	0	0	0	0	0	0	0	0	0	0	0	0	0	0	0	0	0	0	0	0
ENSG00000237581	0	11	0	11	0	4	0	33	0	0	0	5	8	38	2	0	3	0	12	0	8	0	4	4	0	16	0	0
ENSG00000237610	0	0	0	0	0	0	0	0	0	0	0	0	0	0	0	0	0	0	0	0	0	0	0	0	0	0	0	0
ENSG00000237628	3	6	0	0	2	0	3	0	0	11	1	1	0	2	0	0	0	0	0	4	0	5	0	0	4	2	0	0
ENSG00000237633	0	0	3	2	0	2	5	0	0	2	0	3	5	3	4	1	1	0	1	1	0	1	0	1	7	0	2	7
ENSG00000237643	0	1	7	87	23	5	3	0	8	0	12	15	4	25	13	3	3	0	4	9	2	10	0	2	14	96	4	2
ENSG00000237651	0	8	28	23	15	50	41	49	19	27	25	49	87	107	85	24	27	12	26	57	78	14	33	25	70	26	27	15
ENSG00000237663	0	0	0	1	0	0	2	2	0	4	0	0	0	0	1	0	1	0	0	0	6	0	11	0	3	0	5	1
ENSG00000237664	11	5	0	0	0	0	3	0	1	0	0	4	0	0	1	0	0	5	0	0	0	4	0	1	1	1	1	0
ENSG00000237665	0	1	0	0	0	0	0	0	0	0	0	0	3	0	0	0	0	0	0	5	1	0	0	2	2	0	1	0
ENSG00000237667	0	0	9	0	0	13	29	53	5	115	8	32	41	4	18	6	2	0	0	11	0	54	1	7	0	57	0	8
ENSG00000237676	1	0	1	4	1	0	3	1	3	0	7	1	1	1	4	3	4	2	0	1	1	1	0	1	0	1	4	1
ENSG00000237711	0	26	0	28	0	22	36	17	0	12	14	13	27	13	2	1	11	0	23	12	19	0	16	32	27	10	26	4
ENSG00000237714	2	0	2	0	0	0	0	9	1	3	0	0	0	1	0	1	0	0	0	1	11	0	0	2	2	2	0	0
ENSG00000237754	0	33	0	7	1	57	4	0	0	2	2	15	0	3	2	0	0	0	16	28	11	0	11	0	1	7	10	0
ENSG00000237768	0	1	2	1	0	9	2	7	1	5	1	2	0	1	0	2	2	0	1	1	0	9	0	2	0	0	0	0
ENSG00000237803	0	4	3	0	9	2	3	0	1	4	0	0	0	0	0	0	7	0	0	0	0	11	0	0	0	3	0	4
ENSG00000237821	0	0	0	0	0	0	6	0	0	0	0	0	0	0	4	0	0	0	0	6	0	0	0	4	0	2	1	1
ENSG00000237853	7	13	1	9	4	6	7	0	2	21	6	5	1	4	5	4	26	2	8	7	0	3	10	16	10	21	5	2
ENSG00000237870	0	0	0	0	4	2	1	0	2	1	2	4	6	0	0	9	6	0	4	0	0	0	0	4	2	4	0	0
ENSG00000237873	0	0	0	0	0	0	0	0	0	0	0	0	0	0	0	0	0	0	0	0	0	0	0	0	0	0	0	0
ENSG00000237885	0	0	0	0	0	0	0	0	0	0	0	0	0	0	0	0	0	0	0	0	0	0	0	0	0	0	0	0
ENSG00000237887	16	374	4	133	12	150	21	18	61	251	91	140	11	14	22	132	73	11	92	43	140	75	183	172	76	250	100	4
ENSG00000237917	0	0	0	1	0	0	0	0	0	0	0	40	0	3	0	1	0	0	0	0	0	0	0	0	0	0	0	0
ENSG00000237919	0	0	0	0	0	2	2	0	0	0	0	0	0	0	0	0	0	0	0	0	0	0	0	3	0	0	0	0
ENSG00000237920	0	0	0	0	0	0	0	0	0	0	0	1	0	0	0	0	0	0	0	0	0	0	0	1	0	0	0	0
ENSG00000237921	0	7	0	1	0	0	0	0	0	3	0	0	2	8	0	0	1	0	3	0	0	0	14	4	1	2	0	0
ENSG00000237923	0	0	1	0	0	1	1	1	0	10	0	0	0	0	1	3	0	0	0	7	2	0	3	6	1	1	1	2
ENSG00000237940	4	132	22	90	5	230	166	104	17	241	30	158	270	245	26	9	100	5	104	58	56	36	91	87	125	37	135	64
ENSG00000237949	120	76	125	212	80	18	408	224	245	34	116	21	828	939	1691	86	206	399	91	635	112	1686	458	21	641	23	17	309
ENSG00000237954	0	0	0	0	0	0	0	0	3	3	0	0	0	3	0	0	1	0	0	0	0	0	1	0	0	0	7	0
ENSG00000237972	0	2	8	0	0	20	33	31	0	7	0	3	39	23	0	2	6	0	2	8	2	0	0	4	11	4	8	4
ENSG00000237984	87	61	39	81	29	40	23	114	80	2	8	12	75	124	45	24	44	27	73	57	18	58	205	79	19	3	40	55
ENSG00000237987	0	0	0	0	4	0	0	0	0	0	0	0	0	0	0	0	0	0	0	0	0	0	0	0	5	0	0	0
ENSG00000237989	62	3	61	21	147	36	28	4	31	2	33	16	124	21	35	49	28	63	40	60	4	40	0	21	82	2	24	101
ENSG00000237990	0	9	0	0	0	5	5	0	0	3	2	2	1	0	0	0	1	0	4	0	0	0	0	3	1	3	2	0
ENSG00000237992	0	0	0	5	0	5	0	0	2	0	0	2	1	0	0	0	4	0	7	0	0	0	0	1	0	7	3	0
ENSG00000237993	0	6	0	0	2	0	0	0	4	14	0	5	0	0	0	0	0	0	0	0	0	0	0	0	0	1	2	7
ENSG00000237994	4	15	2	12	8	184	1	18	16	11	3	11	0	0	1	28	6	23	37	8	0	0	14	16	12	87	2	2
ENSG00000238037	0	0	0	0	0	0	0	0	0	0	0	0	0	0	0	0	0	0	0	0	0	0	0	0	0	0	0	0
ENSG00000238048	0	0	0	0	0	0	0	0	0	0	0	0	0	0	0	0	0	0	0	0	0	0	0	0	0	0	0	0
ENSG00000238062	0	0	0	0	0	4	11	0	0	0	0	2	0	12	0	0	16	0	0	0	0	0	0	0	0	0	0	4
ENSG00000238082	0	7	0	0	0	1	2	0	2	4	0	0	14	0	2	1	0	0	0	0	0	0	0	4	1	0	4	0
ENSG00000238099	6	10	0	4	0	8	1	0	4	13	7	14	12	6	4	4	3	8	12	0	0	10	2	10	2	9	3	5
ENSG00000238117	8	0	46	2	15	2	12	278	30	2	17	17	45	92	14	20	60	22	16	26	154	100	213	2	9	614	10	84
ENSG00000238142	27	26	28	21	87	38	22	22	69	24	84	58	22	23	47	69	39	38	30	16	17	45	10	16	41	28	41	43
ENSG00000238149	0	0	0	0	0	0	0	0	0	0	0	0	0	1	0	0	0	0	0	0	0	0	0	1	0	0	0	0
ENSG00000238178	0	35	3	25	0	0	14	87	0	14	0	1	20	10	10	0	27	2	20	31	2	5	47	17	8	6	0	19
ENSG00000238181	0	2	1	0	0	0	5	0	2	0	2	8	4	2	2	0	0	0	0	2	0	0	0	2	2	0	1	4
ENSG00000238199	0	0	0	2	0	1	0	6	0	1	0	0	14	3	0	0	2	0	0	2	0	0	0	0	1	0	0	0
ENSG00000238213	0	0	1	0	0	3	2	6	0	0	0	0	5	7	0	0	2	0	1	0	0	0	1	4	0	0	7	0
ENSG00000238221	0	5	4	3	0	1	2	0	0	4	4	4	12	8	5	7	6	4	2	0	0	0	0	6	6	0	2	1
ENSG00000238230	0	0	4	0	2	2	5	0	0	0	0	0	2	1	4	6	0	0	0	0	0	0	0	8	4	2	0	3
ENSG00000238246	0	39	9	27	10	56	40	40	11	67	13	73	32	13	0	6	33	4	55	15	23	8	8	57	38	17	68	2
ENSG00000238273	0	1	69	14	15	15	130	16	0	13	5	6	41	35	10	19	24	2	10	29	0	29	0	39	64	6	28	29
ENSG00000238280	0	0	0	0	0	3	2	0	0	0	0	5	0	1	4	0	0	0	0	0	0	12	10	2	0	0	0	0
ENSG00000238284	0	0	0	2	0	0	0	0	0	2	1	0	0	0	0	0	0	0	0	0	34	0	2	2	0	0	2	0
ENSG00000238391	0	2	3	0	4	0	8	0	2	2	0	0	0	0	0	0	2	0	2	0	0	0	0	0	0	1	2	1
ENSG00000238493	0	0	0	0	0	0	0	0	0	0	0	0	0	0	0	0	0	0	0	0	0	0	0	0	0	0	0	0
ENSG00000238741	51	31	20	62	92	114	48	44	60	170	86	50	99	78	13	34	42	74	92	13	30	28	69	29	20	91	43	79
ENSG00000238789	0	0	0	0	0	0	0	0	0	0	0	0	0	0	0	0	0	0	0	0	0	0	0	0	0	0	0	0
ENSG00000239039	0	0	0	14	38	12	0	0	0	0	7	0	1	3	3	11	18	2	3	4	10	0	0	3	19	4	0	5
ENSG00000239137	0	0	0	0	0	0	0	0	0	0	0	0	0	0	0	0	0	0	0	0	0	0	0	0	0	0	0	0
ENSG00000239205	0	0	0	0	0	0	0	0	0	0	0	0	0	0	0	0	0	0	0	0	0	0	0	0	0	0	0	0
ENSG00000239211	0	0	2	0	0	0	0	0	0	0	0	0	0	0	0	0	0	0	1	0	0	0	0	2	0	0	2	0
ENSG00000239249	0	0	1	0	0	2	2	0	0	0	0	3	0	0	0	0	0	0	0	0	0	0	0	0	0	0	1	0
ENSG00000239265	11	13	2	13	0	3	2	24	3	11	6	12	10	10	0	3	7	3	4	4	4	31	5	9	0	9	7	0
ENSG00000239268	0	6	9	5	5	18	19	4	1	10	0	1	19	1	4	3	1	8	0	17	0	39	0	12	29	0	1	1
ENSG00000239335	0	5	0	1	1	0	1	1	2	0	1	1	0	0	8	1	0	1	1	7	4	0	0	2	6	0	3	2
ENSG00000239351	0	6	0	2	0	2	6	0	0	2	0	2	7	0	1	0	0	0	3	0	3	0	11	0	0	0	4	0
ENSG00000239393	0	4	0	0	0	0	0	0	0	14	1	0	0	0	0	9	1	0	2	0	0	0	0	5	6	1	0	0
ENSG00000239402	7	13	103	76	5	58	21	14	8	10	12	13	108	667	16	14	20	18	49	62	20	71	3	183	83	209	28	41
ENSG00000239419	0	4	0	0	0	0	1	0	0	0	0	3	0	3	0	0	0	0	0	0	0	0	0	0	2	2	0	0
ENSG00000239439	0	0	0	0	0	0	0	0	0	0	0	0	0	0	0	0	0	0	0	0	0	0	0	0	0	0	0	0
ENSG00000239443	0	0	0	0	0	0	0	0	0	0	0	0	0	0	0	0	0	0	0	0	0	0	0	0	0	0	0	0
ENSG00000239455	28	145	0	27	0	9	19	16	22	56	4	16	0	0	8	6	40	2	8	0	0	0	3	21	39	13	51	10
ENSG00000239473	0	0	0	0	0	0	0	0	0	0	0	0	0	0	0	0	0	0	0	0	0	0	0	0	1	0	0	0
ENSG00000239490	0	0	2	0	0	0	1	0	0	0	0	0	0	0	0	0	0	0	0	0	0	0	0	0	0	0	0	0
ENSG00000239503	0	2	8	9	0	14	38	42	0	0	0	6	6	15	2	5	15	0	7	6	0	0	1	12	26	1	10	16
ENSG00000239511	0	7	1	0	3	1	2	6	4	4	0	0	0	2	0	3	2	0	2	0	0	3	0	1	2	1	0	0
ENSG00000239513	0	0	3	34	0	36	0	0	2	64	7	37	4	76	0	4	69	1	2	6	0	47	0	0	0	0	119	43
ENSG00000239516	0	0	0	0	0	0	0	0	0	0	0	0	0	0	0	0	0	0	0	0	0	0	0	0	0	0	0	0
ENSG00000239559	0	2	3	8	4	3	20	13	4	7	15	5	6	6	4	15	4	10	2	8	21	25	14	3	4	10	7	8
ENSG00000239570	4	63	0	20	0	4	0	43	0	2	0	3	0	2	0	0	0	0	1	0	6	10	49	5	4	2	4	2
ENSG00000239605	0	1	0	4	4	2	5	0	0	0	0	0	2	2	1	3	0	0	2	0	1	6	0	2	0	0	1	0
ENSG00000239653	0	24	11	39	5	53	32	71	1	17	17	27	87	87	12	2	31	0	62	48	33	19	33	60	45	3	51	17
ENSG00000239670	0	0	0	3	4	2	0	15	0	8	0	0	0	6	0	0	1	0	1	0	2	0	3	6	0	0	1	0
ENSG00000239674	15	4	3	0	0	0	1	0	43	54	4	4	22	5	10	2	2	7	102	42	0	26	17	6	5	4	2	5
ENSG00000239686	2	4	2	4	0	10	7	0	0	10	0	16	4	1	0	0	16	0	4	2	0	0	3	31	15	0	2	4
ENSG00000239783	0	2	0	1	1	0	2	8	2	0	0	3	2	5	0	2	1	0	1	7	0	3	0	2	3	1	0	0
ENSG00000239797	0	0	1	2	0	0	1	1	4	0	1	1	1	0	1	3	3	0	3	0	0	0	0	0	1	0	0	0
ENSG00000239819	3	0	17	7	10	5	18	6	9	2	6	1	16	19	0	0	7	0	1	0	2	31	0	6	10	0	0	20
ENSG00000239823	0	0	1	3	0	1	0	0	0	6	0	3	0	0	1	2	9	0	0	0	0	9	0	2	2	0	0	1
ENSG00000239828	0	65	7	20	4	2	153	43	2	167	7	9	23	6	28	19	42	2	10	26	24	25	10	7	42	23	48	8
ENSG00000239855	5	6	196	13	11	45	82	0	71	0	3	14	64	39	8	5	22	1	2	27	4	165	48	76	86	1	9	70
ENSG00000239893	0	0	0	0	4	0	0	0	6	0	0	1	8	0	2	4	0	6	0	5	0	0	0	0	6	0	3	0
ENSG00000239917	0	0	0	0	0	0	4	0	0	13	0	1	1	0	0	0	2	0	2	2	0	1	7	6	1	0	1	2
ENSG00000239924	0	0	0	0	0	0	0	0	0	0	0	0	0	0	0	0	0	0	0	0	0	0	0	0	0	0	0	0
ENSG00000239942	0	0	0	10	2	0	2	0	0	5	0	1	0	0	0	8	13	0	23	4	0	2	8	83	2	2	1	3
ENSG00000239948	0	17	14	19	6	54	8	0	1	17	18	61	35	16	0	18	36	8	38	24	0	1	9	129	7	3	20	11
ENSG00000239951	29	7	850	47	86	108	312	85	96	6	118	309	281	73	16	22	32	7	8	62	35	360	90	142	228	2	12	551
ENSG00000239961	0	8	35	10	14	8	49	2	0	0	22	13	15	5	5	13	2	0	4	0	9	0	0	6	6	2	1	15
ENSG00000239981	0	0	0	0	1	1	0	0	0	4	0	2	0	1	0	0	0	6	5	0	0	0	6	2	4	6	3	0
ENSG00000240006	0	4	5	1	0	3	2	0	0	8	0	3	0	0	3	0	3	0	0	0	0	0	0	0	1	0	2	4
ENSG00000240021	0	7	0	0	0	2	1	26	0	0	0	0	0	2	5	0	0	1	0	0	0	0	0	0	4	0	0	1
ENSG00000240034	0	27	0	1	0	0	3	0	3	1	2	0	0	0	1	3	1	0	0	1	0	0	0	1	0	0	2	0
ENSG00000240041	0	0	1	0	0	0	0	0	0	0	0	0	0	1	0	0	0	0	0	0	0	0	0	0	0	0	0	0
ENSG00000240045	0	0	0	212	0	0	0	13	0	0	50	0	0	18	0	0	0	0	3	0	28	6	13	0	4	2	0	0
ENSG00000240051	0	0	1	0	0	0	0	0	0	0	0	2	0	0	1	1	0	0	0	5	0	0	0	0	0	0	0	0
ENSG00000240063	0	0	1	0	0	0	0	2	0	1	0	0	0	10	0	0	4	0	0	0	7	0	10	0	2	0	0	0
ENSG00000240083	0	0	0	0	0	0	0	0	0	0	0	0	0	0	0	0	1	0	0	0	0	0	0	0	0	0	0	0
ENSG00000240096	0	2	2	0	1	0	0	8	0	0	0	0	14	1	0	3	2	0	0	0	0	0	0	0	4	0	0	0
ENSG00000240183	0	5	0	3	0	0	0	0	0	6	0	2	0	2	0	3	5	0	3	0	2	0	2	1	1	3	0	2
ENSG00000240184	26	45	1036	128	32	39	1159	544	71	16	87	142	989	395	240	120	98	150	99	393	42	27	50	117	377	18	57	395
ENSG00000240201	0	0	0	0	0	0	0	0	0	0	0	0	0	0	0	0	0	0	0	0	0	0	0	0	0	0	0	0
ENSG00000240254	0	0	0	5	0	2	0	0	0	16	0	2	0	5	0	4	0	0	0	0	0	0	0	2	0	1	0	1
ENSG00000240303	0	4	7	27	0	8	70	20	2	12	0	17	42	31	38	9	10	2	11	10	6	3	17	27	30	3	36	38
ENSG00000240382	2	0	66	5	3	7	94	0	26	2	11	53	85	46	23	9	18	1	0	6	7	78	44	14	38	9	9	120
ENSG00000240392	1	3	0	6	2	2	2	0	1	0	0	2	0	2	2	0	5	1	3	0	0	1	0	0	1	2	0	5
ENSG00000240393	0	4	0	5	0	0	0	0	0	13	0	0	0	0	0	2	6	4	0	0	0	1	0	1	7	2	0	2
ENSG00000240395	0	26	30	27	18	131	38	71	19	42	31	55	25	9	21	7	47	28	561	53	14	54	7	118	38	28	59	36
ENSG00000240404	0	3	0	5	0	3	0	0	0	3	4	2	0	0	0	5	2	0	4	0	1	8	0	2	1	4	2	0
ENSG00000240411	0	0	0	0	0	0	0	0	0	0	0	0	0	0	0	0	0	0	0	0	0	0	0	2	0	0	0	0
ENSG00000240439	0	0	0	0	0	0	0	0	0	0	0	0	0	0	0	0	0	0	0	0	0	0	0	0	0	0	0	0
ENSG00000240441	0	2	0	1	8	2	0	0	0	1	0	2	0	2	10	0	0	0	7	0	0	0	0	2	3	0	2	1
ENSG00000240477	5	6	0	0	0	3	0	0	2	2	2	0	0	0	0	5	0	0	1	0	0	6	0	3	2	3	0	0
ENSG00000240522	0	2	22	2	1	7	17	30	2	5	0	5	37	12	4	0	0	0	2	0	27	4	0	4	6	4	10	29
ENSG00000240533	0	10	0	0	0	6	0	9	0	6	0	4	0	0	0	0	0	0	1	0	0	0	0	0	0	0	7	0
ENSG00000240578	0	0	0	0	0	0	0	0	0	0	0	0	0	0	0	0	0	0	0	0	0	0	0	0	0	0	0	0
ENSG00000240579	0	4	0	6	0	1	0	0	0	14	0	0	1	0	2	0	2	0	1	0	0	0	0	0	4	5	0	4
ENSG00000240596	0	6	0	16	0	9	23	11	0	26	0	11	8	0	0	2	5	0	4	1	0	1	0	9	14	1	11	3
ENSG00000240611	0	0	0	0	0	0	0	0	0	0	0	0	0	0	0	0	0	0	0	0	0	0	0	0	0	0	0	0
ENSG00000240622	0	22	0	0	2	1	10	0	1	3	0	5	0	1	0	1	5	1	1	1	0	7	12	1	0	1	5	5
ENSG00000240625	3	1	0	0	2	0	1	0	2	10	3	3	3	2	0	0	0	0	0	3	0	1	0	3	3	3	2	5
ENSG00000240631	0	0	0	0	0	0	0	0	0	0	0	0	0	0	0	0	0	0	0	0	0	0	0	0	0	0	0	0
ENSG00000240652	0	0	0	1	2	2	1	0	1	4	5	0	0	0	3	2	2	1	0	1	12	0	0	3	0	2	0	0
ENSG00000240654	22	171	22	57	5	119	12	85	7	30	37	174	33	83	15	0	37	13	22	59	121	85	38	94	13	2	48	57
ENSG00000240671	0	0	34	5	12	11	10	0	4	0	1	0	16	11	3	6	2	0	0	8	2	32	15	27	23	1	6	24
ENSG00000240677	0	8	0	0	0	0	0	0	0	0	0	0	0	0	0	0	0	0	0	0	0	0	0	0	2	4	0	0
ENSG00000240687	0	6	1	3	2	0	0	0	0	0	4	7	0	5	2	0	1	2	0	5	0	0	0	1	2	1	0	0
ENSG00000240692	0	3	0	0	0	6	0	4	0	6	2	0	2	5	0	0	0	1	0	2	0	0	0	14	0	1	0	0
ENSG00000240718	0	9	0	2	0	0	0	0	1	10	0	2	0	0	1	0	0	1	6	0	0	0	0	0	2	8	0	1
ENSG00000240729	0	22	2	22	27	26	0	2	29	42	19	24	0	2	4	24	29	3	23	18	0	0	11	22	6	35	3	0
ENSG00000240750	10	24	0	28	12	6	2	0	5	12	16	22	0	13	7	22	62	2	20	37	0	29	43	212	12	26	13	19
ENSG00000240759	0	0	9	2	3	1	0	0	2	0	3	4	1	3	0	1	0	0	1	5	2	6	0	0	3	0	0	3
ENSG00000240774	0	0	0	0	0	0	0	0	0	0	0	0	0	0	0	0	0	0	0	0	0	0	0	0	0	0	0	0
ENSG00000240775	0	14	0	7	3	12	0	0	1	11	19	11	0	0	1	62	13	0	8	0	0	17	0	15	12	5	8	2
ENSG00000240790	0	0	0	0	5	0	0	0	0	1	0	2	2	0	0	0	8	0	6	0	0	5	9	4	5	5	0	0
ENSG00000240823	0	14	0	1	0	0	4	0	0	2	1	0	0	1	5	0	1	1	5	2	0	0	0	2	2	0	0	2
ENSG00000240846	0	0	0	0	0	0	0	0	0	0	0	0	0	0	0	0	0	0	0	0	0	0	0	0	0	0	0	0
ENSG00000240864	6	7	555	38	30	47	82	0	5	0	8	85	154	105	4	15	12	1	4	18	5	165	57	124	136	0	9	92
ENSG00000240888	0	0	0	0	0	0	0	0	0	0	0	0	0	0	0	0	6	0	0	0	0	0	0	1	2	0	0	0
ENSG00000240898	0	23	6	13	5	7	23	8	3	10	4	15	19	12	4	9	19	6	30	1	23	0	4	17	20	4	11	8
ENSG00000240919	0	2	0	10	0	11	0	0	0	0	0	0	0	6	0	0	6	0	6	1	0	4	0	3	1	0	0	0
ENSG00000240922	2	23	17	17	2	20	13	0	5	6	30	6	81	66	170	19	31	37	34	139	39	308	17	34	41	2	3	51
ENSG00000240954	22	0	30	0	8	4	1	0	50	4	34	9	21	0	1	2	4	0	4	12	0	20	0	0	5	7	0	10
ENSG00000240963	0	11	0	0	0	4	0	7	0	1	0	0	3	2	0	10	0	0	1	0	0	0	0	4	0	4	1	0
ENSG00000240991	0	5	2	6	0	6	6	0	2	2	0	2	0	3	0	0	2	0	3	0	0	0	0	2	2	0	2	0
ENSG00000241057	0	0	1	1	0	5	6	0	3	3	0	0	3	2	1	0	0	3	3	5	0	0	0	5	4	0	1	3
ENSG00000241064	0	0	0	0	0	0	2	0	0	0	0	0	0	0	0	0	0	0	0	0	0	0	0	0	0	2	0	0
ENSG00000241067	0	7	0	1	0	0	3	0	0	11	0	0	0	0	0	1	2	0	0	0	0	1	0	6	2	3	0	0
ENSG00000241081	0	6	0	0	2	1	2	0	0	0	5	0	0	0	1	0	0	0	0	5	10	0	0	0	2	6	3	1
ENSG00000241097	0	0	0	2	0	0	0	0	0	0	0	0	0	0	0	0	0	0	0	4	0	0	0	0	0	0	0	0
ENSG00000241104	0	0	0	0	0	0	0	0	0	0	0	0	0	0	0	0	0	0	0	0	0	0	0	0	0	0	0	0
ENSG00000241128	20	52	4	0	2	7	0	0	5	32	3	16	5	2	2	5	30	0	0	2	21	6	17	5	3	104	4	9
ENSG00000241134	0	1	0	0	0	0	0	0	0	0	0	2	0	1	0	0	7	0	0	0	0	0	0	0	2	0	0	0
ENSG00000241135	0	0	2	2	0	2	0	0	0	0	0	2	0	2	0	1	6	4	0	0	0	2	12	2	2	0	0	0
ENSG00000241175	0	0	1	3	0	2	0	9	0	0	6	2	9	0	0	0	3	0	0	0	0	0	0	6	0	0	0	0
ENSG00000241188	0	2	0	4	0	4	6	0	0	2	0	0	0	12	0	0	2	0	4	0	3	0	0	1	2	0	3	1
ENSG00000241211	0	0	0	0	5	0	9	0	0	1	1	2	8	0	0	0	0	0	3	0	0	0	0	2	4	0	0	0
ENSG00000241213	0	33	1	2	0	63	1	10	0	46	27	7	4	0	0	25	17	0	0	8	0	10	1	46	13	6	18	0
ENSG00000241225	0	0	0	0	0	0	0	0	0	0	0	0	0	0	0	0	0	0	0	0	0	0	0	0	0	0	0	0
ENSG00000241230	0	0	0	0	6	2	4	2	1	11	0	0	1	0	0	0	0	0	5	0	0	18	0	0	0	0	0	0
ENSG00000241243	0	3	0	0	0	0	0	0	0	0	0	1	1	2	0	0	4	0	0	0	0	0	0	3	2	1	4	0
ENSG00000241248	0	0	0	0	0	0	0	0	0	0	0	0	0	0	0	0	0	0	0	0	0	0	0	0	0	0	0	0
ENSG00000241288	36	131	74	90	33	214	132	72	49	285	70	102	189	179	46	55	123	15	125	71	52	62	67	201	118	122	124	47
ENSG00000241293	0	4	0	5	0	0	0	8	2	0	0	0	0	34	0	0	57	6	4	13	30	0	0	0	3	0	0	23
ENSG00000241294	1	1	67	1	6	8	67	12	0	0	0	13	13	23	4	0	5	4	0	12	9	42	0	9	14	0	3	30
ENSG00000241351	42	11	867	68	75	132	514	42	45	1	14	84	306	156	26	35	49	10	9	55	17	329	134	357	213	1	7	311
ENSG00000241400	0	15	0	6	0	10	7	8	0	45	6	15	6	1	2	7	10	4	15	3	0	0	28	13	3	25	30	3
ENSG00000241438	0	5	0	0	0	0	2	4	0	7	0	0	5	1	0	0	2	0	2	0	0	0	6	0	2	2	2	0
ENSG00000241449	5	7	4	2	0	4	11	1	0	16	5	3	2	10	0	14	9	3	3	7	0	9	5	11	0	7	3	5
ENSG00000241462	0	50	1	110	1	21	13	50	0	77	6	44	2	16	17	19	30	14	208	35	3	33	88	120	28	492	26	13
ENSG00000241479	0	1	6	0	3	13	0	0	2	1	1	5	0	3	0	2	0	3	0	2	0	0	0	5	2	0	1	0
ENSG00000241511	0	1	3	0	0	3	6	0	1	0	1	0	6	4	2	1	3	0	2	1	2	2	0	0	2	0	0	3
ENSG00000241556	0	1	1	0	0	0	0	1	1	1	5	1	2	1	2	5	4	1	0	0	9	2	1	0	0	1	1	5
ENSG00000241577	0	3	4	1	1	0	3	0	4	9	2	1	0	0	0	0	5	0	0	3	0	0	0	7	0	2	0	4
ENSG00000241690	0	0	0	0	0	0	0	0	0	0	0	0	0	0	0	0	0	0	0	0	0	0	0	0	0	0	0	0
ENSG00000241717	0	5	17	10	0	2	88	47	0	1	0	0	23	12	8	2	5	3	3	5	0	2	0	3	13	0	2	7
ENSG00000241744	0	0	0	0	0	0	0	0	0	0	0	0	0	0	0	0	0	0	0	0	0	0	0	0	0	0	0	0
ENSG00000241745	0	0	0	7	0	0	0	0	1	4	5	0	0	2	2	0	0	0	2	2	4	0	3	2	0	4	0	0
ENSG00000241755	4	0	157	19	23	4	254	21	19	1	14	284	168	82	6	36	18	0	2	28	20	129	142	51	107	0	7	81
ENSG00000241765	0	25	5	14	0	11	0	0	2	34	1	14	0	7	0	2	10	5	13	0	9	0	10	9	9	9	16	6
ENSG00000241776	0	0	0	0	0	0	0	0	0	0	0	0	0	0	0	0	0	0	0	0	0	0	0	0	0	0	0	0
ENSG00000241791	0	17	0	1	0	2	0	4	0	2	7	0	0	0	0	0	5	0	3	0	0	0	0	1	2	4	2	0
ENSG00000241838	0	26	16	15	1	1	31	37	0	0	1	21	11	31	28	0	2	3	14	142	14	4	6	73	27	3	18	8
ENSG00000241886	0	21	3	21	10	24	10	4	15	18	43	19	0	2	2	69	29	9	11	2	0	2	2	41	11	6	14	7
ENSG00000241907	0	0	0	0	0	0	4	0	0	6	0	0	2	11	0	0	0	0	0	0	0	0	0	2	12	0	0	2
ENSG00000241991	0	0	0	0	0	0	4	23	4	4	0	0	0	0	0	0	0	0	0	0	0	2	3	0	1	0	3	0
ENSG00000242021	0	0	0	2	0	6	4	0	3	0	0	22	0	0	0	0	0	0	2	0	12	0	0	0	0	0	0	0
ENSG00000242034	0	1	2	1	2	7	0	0	0	0	2	1	8	0	2	0	2	0	1	2	0	0	0	0	0	3	3	2
ENSG00000242078	0	9	0	0	0	4	0	2	0	0	0	2	0	9	2	0	1	0	4	2	0	0	1	3	1	7	0	3
ENSG00000242082	255	202	179	50	36	29	144	577	254	284	83	274	782	369	469	46	37	111	716	456	89	223	263	250	177	346	15	53
ENSG00000242110	43	4225	72	1071	121	4367	34	2237	65	855	53	1385	235	1920	85	33	421	519	5046	351	3949	220	5869	1960	67	1269	2518	100
ENSG00000242142	4	63	9	7	6	22	30	18	11	51	14	33	10	8	0	5	3	2	19	0	5	0	11	66	0	8	20	4
ENSG00000242173	5	8	5	18	0	2	0	104	2	32	4	6	7	53	4	4	6	12	11	20	66	0	35	17	0	4	0	25
ENSG00000242190	0	4	1	5	2	2	2	0	4	8	0	0	0	0	1	0	2	0	4	0	0	0	0	0	2	5	4	0
ENSG00000242198	0	0	1	11	1	2	5	39	0	4	0	12	39	36	13	0	2	0	3	0	12	0	0	10	8	0	11	9
ENSG00000242241	0	1	0	0	0	2	0	0	0	10	2	4	0	4	0	0	1	0	2	0	0	2	0	2	0	8	1	0
ENSG00000242246	0	0	0	0	0	0	0	0	0	0	0	0	0	0	0	0	0	0	0	0	0	0	0	0	0	0	0	0
ENSG00000242265	120	14	424	60	75	47	195	11	134	28	318	105	568	1498	702	115	38	171	45	452	73	1008	1195	89	192	144	29	177
ENSG00000242296	0	0	1	2	0	0	0	0	0	0	0	0	9	0	1	0	1	0	3	0	3	4	0	0	2	1	8	2
ENSG00000242315	0	0	0	0	0	0	0	0	0	0	0	0	0	0	0	0	0	0	0	0	0	0	0	0	0	0	0	0
ENSG00000242325	0	0	0	8	0	0	7	6	2	0	0	3	2	0	0	0	4	2	0	5	0	0	0	1	0	0	3	8
ENSG00000242396	0	0	3	0	1	0	0	6	0	9	4	2	4	2	1	1	2	2	0	6	0	0	0	4	0	1	1	3
ENSG00000242405	0	0	0	0	1	3	5	0	0	6	3	0	1	0	0	0	4	1	6	1	0	8	6	1	1	1	0	0
ENSG00000242407	6	5	111	38	65	158	50	0	42	48	22	75	88	100	65	37	21	87	88	73	7	52	7	94	33	171	77	99
ENSG00000242412	1	13	0	15	0	14	0	21	4	22	4	0	44	22	0	7	18	0	11	0	0	1	0	17	4	12	19	4
ENSG00000242419	0	2	23	1	2	14	48	39	0	11	2	8	50	20	2	0	6	0	6	20	0	0	0	19	12	2	12	11
ENSG00000242440	0	0	0	0	2	9	0	0	0	0	5	1	2	0	0	8	1	0	0	0	0	10	0	0	0	2	0	0
ENSG00000242485	1067	1435	2227	2908	2654	2037	2604	2557	2081	1247	2311	2053	2504	3021	4531	2641	2489	2777	2943	3306	3852	4696	2984	2166	2657	1340	1295	3322
ENSG00000242516	64	66	102	108	0	55	119	35	81	231	96	67	196	107	164	9	99	180	83	147	700	293	41	114	286	18	31	150
ENSG00000242534	0	0	0	0	0	0	0	0	0	0	0	0	0	0	0	0	0	0	0	0	0	0	0	0	0	0	0	0
ENSG00000242550	6	2	7	0	0	8	4	0	4	0	0	0	1	2	0	4	0	0	0	0	0	0	7	0	2	0	0	2
ENSG00000242559	0	0	1	1	0	7	2	9	0	4	0	0	0	2	0	0	6	0	0	0	0	0	0	3	4	0	1	0
ENSG00000242562	0	0	0	0	0	6	0	0	0	0	0	0	1	1	0	0	0	0	2	0	0	0	0	2	2	4	0	2
ENSG00000242573	0	0	0	0	0	0	0	0	0	0	0	0	0	0	0	0	0	0	0	0	0	0	0	0	0	0	0	0
ENSG00000242575	0	6	0	0	0	3	2	0	1	0	6	0	0	0	1	4	2	0	0	0	0	0	0	0	4	0	3	1
ENSG00000242611	0	4	2	7	1	0	0	0	5	0	2	1	12	0	0	1	0	2	0	0	0	0	0	0	0	0	0	2
ENSG00000242641	1	2	0	4	0	2	1	1	0	6	2	2	2	0	1	1	5	0	1	2	0	1	4	5	0	4	0	0
ENSG00000242686	0	2	6	0	0	2	0	0	0	0	1	7	4	0	0	6	1	0	0	0	4	0	1	3	1	1	0	0
ENSG00000242696	0	5	0	0	0	0	0	3	6	0	0	4	2	0	0	0	0	0	0	11	0	0	0	2	1	2	2	1
ENSG00000242719	0	0	0	0	0	2	6	6	6	0	0	0	0	0	0	0	0	0	5	6	0	0	0	0	4	0	0	7
ENSG00000242741	2	22	14	13	9	2	22	0	3	2	9	0	115	493	40	1	14	3	11	1	39	30	10	9	28	4	1	14
ENSG00000242747	0	0	48	34	8	27	11	14	13	0	16	33	29	11	31	24	38	9	10	18	2	0	0	28	40	3	7	89
ENSG00000242797	0	2	1	0	0	2	2	8	0	2	0	0	4	1	1	6	1	0	0	5	0	9	0	4	4	0	1	0
ENSG00000242802	230	430	260	267	214	247	522	426	307	425	320	359	440	354	421	455	237	252	400	618	382	467	395	373	404	189	271	308
ENSG00000242853	9	15	2	4	1	10	4	2	3	4	7	6	1	0	0	0	3	0	8	0	0	0	0	2	2	2	3	0
ENSG00000242882	0	0	0	4	0	6	0	0	0	5	2	2	6	4	0	4	0	0	0	0	0	0	0	0	2	7	2	0
ENSG00000242899	745	87	327	1039	794	6465	102	300	1005	3032	453	3188	650	1159	362	314	658	405	3676	576	1979	1470	2832	4017	529	7339	7469	1439
ENSG00000242951	0	5	1	2	1	1	3	1	0	2	0	0	2	0	0	0	3	0	3	0	0	4	0	0	2	2	0	5
ENSG00000242978	0	0	0	0	0	0	0	0	0	0	0	0	0	0	0	0	0	0	0	0	0	0	0	0	0	0	0	0
ENSG00000242983	0	0	0	0	0	0	0	0	0	0	0	0	0	0	0	0	0	0	0	0	0	0	0	0	0	0	0	0
ENSG00000242986	0	13	0	4	1	0	0	0	1	0	0	5	0	0	0	1	10	0	0	0	0	0	0	4	1	6	4	0
ENSG00000242992	0	0	4	4	0	0	1	2	0	10	0	2	0	3	0	0	2	0	0	0	0	0	2	0	5	0	3	0
ENSG00000243004	2	280	5	104	4	5	10	17	21	101	30	11	36	465	18	18	19	8	2	22	5	0	381	210	34	4	3	14
ENSG00000243008	0	4	0	8	0	4	0	0	3	2	0	4	0	0	1	1	0	0	1	0	2	0	0	2	2	4	0	2
ENSG00000243038	1	0	0	3	4	3	0	0	3	0	2	1	6	1	0	0	3	0	2	0	0	0	1	3	0	6	0	0
ENSG00000243083	0	4	0	0	0	2	5	3	0	1	0	1	8	1	0	2	6	0	1	4	0	2	0	0	2	1	2	0
ENSG00000243103	0	17	5	13	0	16	3	16	5	36	8	19	7	4	8	30	22	4	33	10	4	8	2	19	9	6	4	14
ENSG00000243122	0	0	0	0	0	0	0	0	0	1	0	0	0	0	0	0	0	0	0	0	0	0	0	0	0	0	0	0
ENSG00000243137	0	3	54	0	0	0	91	0	0	0	0	0	2	0	0	1	18	0	0	0	0	0	0	19	0	0	0	27
ENSG00000243175	32	67	1	42	20	42	20	11	0	59	15	32	0	7	6	34	25	4	26	20	0	8	20	52	34	59	24	9
ENSG00000243197	0	16	2	1	3	33	0	0	16	37	8	2	14	1	0	6	3	2	0	2	0	25	0	36	17	2	10	0
ENSG00000243236	0	7	14	5	0	2	16	13	2	0	4	0	18	13	26	0	0	6	2	0	0	0	0	3	7	9	0	0
ENSG00000243238	6	1	301	20	17	17	38	0	2	0	6	14	36	40	15	14	8	2	0	26	13	93	194	116	30	2	3	43
ENSG00000243260	0	50	4	20	1	40	17	68	2	47	29	19	11	9	5	12	29	8	51	39	0	29	22	70	23	31	43	24
ENSG00000243264	0	0	103	0	14	21	46	0	16	0	15	1	13	6	2	6	0	0	0	0	0	21	15	21	10	0	0	12
ENSG00000243290	20	0	127	21	12	17	113	0	33	0	16	8	103	33	9	5	4	2	0	12	11	109	40	33	65	1	9	48
ENSG00000243303	0	0	1	14	0	6	0	9	0	0	1	0	0	0	0	0	1	0	3	4	4	0	0	7	1	1	0	0
ENSG00000243314	12	33	0	4	0	0	0	0	0	32	0	8	0	0	0	4	8	0	17	0	0	8	31	6	1	12	2	2
ENSG00000243321	0	0	0	0	0	0	0	0	0	0	0	0	0	1	0	0	0	0	0	0	0	0	0	0	0	0	0	0
ENSG00000243383	0	8	0	0	0	4	0	0	0	14	0	4	0	4	0	2	0	0	2	0	0	0	0	2	1	4	0	0
ENSG00000243398	0	0	0	4	1	0	14	0	1	0	8	0	0	0	0	3	3	0	2	0	0	0	0	1	0	2	2	0
ENSG00000243406	0	12	20	22	0	2	20	146	0	32	3	23	47	27	18	6	14	5	44	3	15	26	43	23	7	27	18	12
ENSG00000243466	70	17	1482	116	154	281	1036	58	113	6	74	233	728	233	112	58	95	22	22	215	27	413	177	283	451	8	99	1392
ENSG00000243469	0	5	0	5	0	12	0	0	1	2	0	0	0	2	0	0	2	0	4	0	0	0	2	3	0	0	0	0
ENSG00000243479	0	17	0	0	6	15	6	42	2	0	13	6	7	46	8	2	4	0	0	2	6	12	0	24	2	4	17	5
ENSG00000243518	1	0	1	0	0	4	0	8	0	1	0	2	0	2	0	0	5	2	10	0	0	0	0	2	0	5	0	0
ENSG00000243531	0	0	0	0	0	0	0	0	0	0	0	0	0	0	0	0	0	0	0	0	0	0	0	0	0	0	0	0
ENSG00000243546	0	2	0	0	0	8	0	4	0	0	1	2	0	0	0	6	0	0	2	3	2	0	7	4	0	0	2	0
ENSG00000243547	0	0	4	2	2	0	10	5	1	2	0	1	1	0	0	2	0	0	0	1	0	0	1	0	1	0	0	6
ENSG00000243566	16	28	1	3	11	12	33	37	7	5	6	9	11	27	6	7	8	1	11	8	9	1	4	11	24	2	1	8
ENSG00000243592	1	0	0	1	1	2	0	0	1	2	0	3	0	0	1	4	4	2	5	0	1	0	0	5	2	3	13	0
ENSG00000243621	0	0	0	3	1	2	1	0	2	0	0	4	0	0	2	4	3	1	1	0	0	0	0	0	5	2	6	4
ENSG00000243648	0	2	0	6	3	4	6	0	2	0	0	0	8	0	1	3	0	4	0	0	0	0	0	0	2	8	0	2
ENSG00000243658	12	34	0	2	4	0	4	9	15	43	2	0	0	0	0	0	8	0	14	4	2	14	13	5	6	8	6	0
ENSG00000243675	0	2	2	2	0	5	0	0	0	0	4	5	0	5	0	0	2	0	0	0	0	0	0	6	6	6	5	0
ENSG00000243680	0	0	1	2	0	0	2	3	1	0	6	3	0	0	0	2	3	7	3	0	4	2	0	0	2	3	0	0
ENSG00000243704	0	0	0	0	0	0	3	0	0	0	5	4	6	0	0	2	4	0	0	0	0	5	0	6	0	0	0	2
ENSG00000243738	0	9	3	4	0	0	4	0	2	0	2	1	3	2	2	4	1	0	0	2	0	0	0	0	9	0	2	2
ENSG00000243779	1	0	0	0	0	0	5	0	0	1	0	2	0	2	1	0	1	0	0	0	0	0	0	2	1	0	1	1
ENSG00000243797	0	0	3	0	0	1	2	7	0	2	0	0	8	0	0	0	5	0	3	0	0	0	4	0	0	0	3	0
ENSG00000243847	0	8	0	0	0	4	0	1	0	4	0	0	9	3	0	0	1	0	0	0	0	0	0	3	2	0	4	0
ENSG00000243864	0	0	0	2	0	1	0	0	0	0	0	0	0	0	2	0	0	0	0	0	0	0	0	0	0	0	1	0
ENSG00000243951	7	25	2	17	8	17	1	0	14	64	7	25	2	0	0	12	17	4	23	0	0	0	8	28	9	41	4	7
ENSG00000243955	676	32	266	26	588	37	530	17	1556	19	167	31	65	34	550	604	102	408	57	149	10	1103	38	283	210	162	57	256
ENSG00000243960	0	5	10	4	5	6	18	2	0	6	11	8	4	12	24	2	2	3	12	10	10	0	3	2	15	4	10	3
ENSG00000244004	7	25	5	1	2	13	0	0	7	38	5	16	8	3	3	0	15	0	7	9	0	0	0	57	4	0	18	1
ENSG00000244018	0	16	2	6	0	4	2	0	0	1	2	0	0	1	0	0	0	0	0	0	0	0	0	0	4	0	4	5
ENSG00000244021	0	2	0	0	2	1	0	0	4	0	0	1	0	0	0	5	0	0	0	0	0	1	0	2	2	0	0	0
ENSG00000244052	0	10	0	0	0	4	12	0	4	3	0	6	2	0	0	0	0	0	0	0	0	0	0	0	4	0	0	4
ENSG00000244060	0	2	1	5	0	0	1	0	2	9	7	4	3	0	0	2	0	1	1	0	0	0	0	2	4	0	4	0
ENSG00000244067	126	11	4	2	13	0	2	0	254	2	0	0	8	5	8	22	0	12	5	0	0	52	0	3	5	4	0	2
ENSG00000244080	0	0	3	1	0	1	0	8	2	0	10	8	2	0	2	0	0	0	0	3	0	1	0	2	0	1	6	2
ENSG00000244124	0	14	1	29	6	28	26	18	2	9	0	3	87	18	0	4	32	3	4	11	4	0	5	19	42	3	19	14
ENSG00000244137	0	12	0	1	0	2	2	0	6	0	3	1	0	2	1	0	5	0	0	0	0	0	0	2	4	1	0	2
ENSG00000244171	0	0	0	0	1	0	0	0	0	0	0	0	0	0	0	1	0	0	0	0	0	0	0	0	0	0	0	0
ENSG00000244183	0	34	1	20	7	54	3	4	3	74	8	23	3	2	0	15	24	0	51	27	5	73	57	65	11	19	24	10
ENSG00000244251	2	0	2	1	0	0	4	2	4	0	2	0	0	0	4	1	1	3	0	1	0	1	2	2	0	1	3	2
ENSG00000244266	0	5	0	2	0	7	7	2	4	10	0	8	3	11	0	0	8	0	4	6	0	0	14	3	2	6	5	4
ENSG00000244289	0	4	0	4	0	0	3	0	0	11	6	8	0	0	0	0	2	0	2	1	0	3	0	5	1	0	0	2
ENSG00000244292	0	3	0	0	0	7	0	0	0	6	0	2	0	0	0	2	0	0	0	0	0	0	0	0	0	2	0	0
ENSG00000244307	0	2	2	1	0	0	2	0	0	12	0	3	1	5	0	4	5	0	7	1	0	0	0	0	1	0	3	0
ENSG00000244327	0	24	2	7	6	23	3	18	2	44	0	16	11	9	7	0	9	0	21	4	2	0	0	9	4	24	13	3
ENSG00000244357	0	2	1	0	0	0	5	4	0	0	2	0	14	5	0	0	2	0	1	0	2	0	0	0	2	0	3	2
ENSG00000244381	0	0	0	0	0	0	0	0	0	0	0	0	0	0	0	0	0	0	0	0	0	0	0	0	0	0	0	0
ENSG00000244389	0	0	0	0	0	2	0	0	0	0	0	0	0	0	0	1	0	0	2	0	0	0	0	2	0	6	0	0
ENSG00000244437	4	5	521	29	81	130	194	20	76	6	37	146	232	42	13	12	37	4	5	45	11	215	80	192	103	1	24	113
ENSG00000244468	5	14	7	113	18	6	7	64	12	0	14	3	35	106	14	5	8	17	18	7	802	0	95	0	16	24	6	19
ENSG00000244482	0	4	17	13	7	24	73	54	0	0	19	57	60	16	13	2	16	0	13	20	8	8	4	25	9	2	14	16
ENSG00000244501	0	0	0	0	0	0	0	0	0	0	0	0	0	0	0	0	2	0	0	0	0	0	0	0	2	0	0	0
ENSG00000244540	0	1	0	0	0	0	5	0	0	0	0	0	0	2	2	0	2	0	0	0	0	0	1	0	1	0	0	0
ENSG00000244575	2	1	132	16	7	24	69	6	8	0	53	42	40	27	4	1	1	2	1	4	0	54	29	34	84	1	2	50
ENSG00000244578	0	0	0	0	0	0	0	0	17	4	0	0	8	7	0	0	0	0	6	0	0	0	0	2	0	3	0	0
ENSG00000244586	0	14	10	12	9	20	21	7	0	0	6	0	17	2	2	14	10	6	2	0	4	0	4	4	0	2	10	6
ENSG00000244668	0	0	0	0	0	0	0	0	0	0	0	0	0	0	0	0	0	0	0	0	0	0	0	0	0	0	0	0
ENSG00000244676	0	0	0	1	0	0	0	11	2	0	0	2	0	0	2	0	0	2	0	0	0	7	0	3	7	0	1	0
ENSG00000244682	10	47	80	76	2	39	140	86	11	24	18	154	116	99	20	19	63	3	57	43	47	0	19	84	183	8	93	40
ENSG00000244691	0	6	3	0	0	2	1	0	0	5	0	7	0	5	2	0	4	1	0	4	0	0	0	2	4	0	1	4
ENSG00000244692	0	1	2	6	0	2	4	0	0	13	1	0	0	2	1	0	1	2	0	0	0	10	0	1	2	5	0	0
ENSG00000244730	2	2	0	2	0	1	7	0	0	0	0	0	0	1	0	0	2	0	2	2	0	0	7	5	1	4	4	4
ENSG00000244731	54	14	545	268	57	29	361	33	60	50	82	175	211	159	26	221	94	23	45	35	46	15	10	119	371	4	134	226
ENSG00000244733	13	30	7	9	7	13	23	30	13	10	12	12	19	12	6	7	17	7	29	9	26	12	16	19	14	10	17	10
ENSG00000245479	2	3	2	2	0	0	0	0	0	12	2	9	0	0	1	0	0	0	3	10	0	0	0	2	1	0	0	0
ENSG00000245526	2	3	4	8	14	7	0	0	5	22	4	9	17	3	14	15	0	9	0	1	0	4	3	8	4	6	8	6
ENSG00000245598	31	55	16	48	11	29	46	61	16	38	10	31	47	29	6	16	27	14	26	51	6	20	23	34	30	14	20	19
ENSG00000245651	2	2	3	13	2	10	7	4	1	3	7	8	2	5	1	6	5	2	6	0	5	9	1	10	9	4	10	5
ENSG00000245748	0	0	4	1	0	0	4	3	0	0	0	0	0	7	0	1	4	2	0	1	0	3	0	2	1	1	3	4
ENSG00000246211	0	0	2	6	2	2	0	1	3	3	3	0	0	1	1	2	1	0	4	5	0	0	1	3	3	5	2	0
ENSG00000246331	0	0	2	2	0	2	2	0	6	2	0	6	7	6	4	0	1	0	3	0	0	0	0	0	2	0	0	0
ENSG00000246575	0	9	46	3	5	10	82	34	15	7	3	14	73	67	19	16	6	9	17	33	2	2	0	22	47	4	15	24
ENSG00000246876	0	0	0	4	0	0	0	4	2	0	0	0	0	0	0	0	0	0	1	0	0	0	0	3	23	0	0	0
ENSG00000247137	83	250	148	301	117	478	248	232	188	506	192	254	284	404	115	168	296	101	301	209	155	214	205	419	218	423	418	237
ENSG00000247193	0	8	0	0	9	0	3	0	1	1	7	3	3	0	0	0	0	0	0	0	0	0	0	0	0	0	3	0
ENSG00000247199	146	1764	185	987	304	1484	488	874	238	1642	416	642	651	648	289	332	1188	156	882	660	543	513	820	1628	884	1308	1215	393
ENSG00000247287	103	457	120	298	126	555	222	500	107	642	201	350	222	316	91	133	221	81	398	222	258	206	306	248	185	393	328	139
ENSG00000247402	0	4	0	0	0	0	0	0	0	3	0	0	0	1	0	0	0	0	2	0	0	0	0	0	0	1	0	1
ENSG00000248015	0	0	1	0	4	1	5	3	0	0	0	2	3	6	0	0	5	0	0	1	4	0	0	5	2	0	0	0
ENSG00000248029	0	2	0	2	0	0	0	1	1	2	0	3	0	2	0	0	1	0	3	2	9	1	2	2	0	4	3	1
ENSG00000248092	829	656	537	659	683	665	772	595	873	982	1050	725	592	283	504	739	602	552	662	777	327	829	631	631	748	822	489	570
ENSG00000248109	5	0	0	1	0	26	0	0	2	2	2	19	21	12	0	0	2	0	9	0	0	30	0	28	0	1	16	14
ENSG00000248143	0	0	1	0	0	4	0	0	0	0	0	0	0	0	0	0	0	0	0	0	0	0	0	0	0	0	0	0
ENSG00000248152	7	0	0	6	0	20	1	0	14	8	0	25	3	0	0	0	8	0	4	0	0	3	0	14	4	9	18	0
ENSG00000248176	0	20	14	9	0	27	0	3	0	1	8	42	0	1	22	1	25	27	21	5	21	27	6	96	4	0	18	25
ENSG00000248187	0	0	0	3	0	0	2	0	0	0	0	0	0	10	0	0	4	0	0	0	4	0	0	4	8	0	11	1
ENSG00000248196	0	0	0	2	0	0	2	11	0	0	0	0	0	12	0	0	0	0	0	0	0	0	0	4	2	0	0	6
ENSG00000248202	0	0	0	2	0	1	4	0	5	3	0	0	0	6	0	0	0	0	6	0	0	0	0	5	5	0	0	2
ENSG00000248211	0	0	1	0	0	1	0	0	0	0	0	2	0	2	9	0	0	0	2	0	0	0	0	0	0	16	5	2
ENSG00000248223	0	0	0	0	0	0	0	0	0	0	0	0	0	0	0	0	0	0	0	0	0	0	0	0	0	0	0	0
ENSG00000248228	0	0	0	0	0	0	0	0	0	0	8	0	2	0	0	0	1	0	0	0	0	0	0	0	0	0	0	0
ENSG00000248268	0	1	1	1	0	5	2	0	0	0	0	3	6	1	0	8	5	0	1	0	0	0	0	3	2	1	1	0
ENSG00000248279	0	4	5	2	4	0	0	0	0	0	0	2	14	53	2	0	41	5	4	0	6	0	0	1	0	0	0	12
ENSG00000248282	0	0	0	0	0	0	0	0	0	0	0	0	0	0	0	0	0	0	0	0	0	0	0	0	0	0	0	0
ENSG00000248313	0	0	2	4	3	0	0	1	0	0	0	0	0	19	0	0	4	0	2	0	1	0	0	9	2	2	0	2
ENSG00000248362	0	0	1	0	0	0	12	2	2	0	4	2	8	0	2	3	8	0	0	0	0	0	0	5	4	0	0	0
ENSG00000248383	0	4	2	0	0	14	17	0	0	10	0	14	10	54	1	0	2	5	2	0	17	13	0	4	2	11	0	11
ENSG00000248409	0	31	9	3	0	7	48	112	1	8	5	6	72	15	4	0	150	3	19	104	17	57	25	20	3	0	1	36
ENSG00000248415	0	7	0	2	0	6	7	0	0	19	0	9	2	0	2	0	4	0	0	0	0	0	0	3	12	0	2	1
ENSG00000248424	0	0	0	0	0	0	0	0	0	0	0	0	0	0	0	0	0	0	0	0	0	0	0	0	2	0	0	0
ENSG00000248455	2	0	0	0	0	0	0	0	14	0	0	0	0	0	2	2	0	6	1	0	0	14	0	0	0	6	2	2
ENSG00000248461	0	4	0	0	0	0	12	0	0	4	0	0	0	2	1	0	14	0	0	0	0	0	0	4	2	0	0	3
ENSG00000248462	0	0	0	0	0	0	0	0	0	0	0	0	0	0	0	0	0	0	0	0	0	0	0	0	0	0	0	0
ENSG00000248464	0	0	0	0	2	0	3	0	0	2	0	3	10	2	2	0	0	0	1	6	0	0	0	0	7	0	0	3
ENSG00000248466	0	4	0	0	0	1	0	5	0	1	2	0	0	1	0	0	0	0	2	0	0	0	7	0	0	0	0	0
ENSG00000248474	0	0	0	1	0	0	0	0	0	0	0	0	0	4	0	0	0	0	0	0	0	0	0	0	0	0	0	0
ENSG00000248485	126	30	483	19	1107	53	230	22	143	63	547	92	134	20	129	379	30	311	70	113	4	293	0	32	318	18	57	102
ENSG00000248494	0	0	2	0	0	0	0	0	1	0	0	0	3	0	9	0	0	0	0	10	0	0	0	0	3	0	0	11
ENSG00000248528	0	0	0	0	0	2	5	0	0	0	0	2	7	3	6	0	0	8	3	0	0	0	0	2	0	1	0	0
ENSG00000248530	0	0	0	0	0	0	0	0	4	0	0	0	0	0	0	0	0	0	0	0	0	0	9	3	0	0	0	0
ENSG00000248571	0	0	5	0	0	0	4	0	0	3	0	0	1	10	0	0	2	0	0	0	0	0	0	4	3	1	0	8
ENSG00000248576	0	2	1	4	0	2	14	11	0	1	1	1	1	2	0	0	2	0	0	0	3	0	4	0	1	1	0	2
ENSG00000248588	0	4	0	1	0	2	2	0	3	0	0	1	12	7	1	0	1	5	1	0	1	0	0	2	2	0	0	0
ENSG00000248590	0	3	0	0	0	0	0	0	0	0	0	0	0	0	0	0	0	0	0	0	0	0	0	0	0	0	0	0
ENSG00000248599	17	0	2	1	4	2	6	1	0	0	0	2	0	2	0	0	0	0	0	1	6	0	0	0	0	0	3	0
ENSG00000248601	0	0	0	0	0	0	0	0	0	0	0	0	0	0	0	0	0	0	0	0	0	0	0	0	0	0	0	0
ENSG00000248641	0	2	0	0	0	3	2	0	0	6	0	3	1	6	2	0	0	0	2	11	0	0	6	0	1	0	3	0
ENSG00000248647	0	0	1	1	0	2	2	0	5	3	2	0	0	4	0	0	2	0	1	12	0	0	0	0	1	1	0	3
ENSG00000248663	12	12	10	5	4	20	0	42	13	56	13	38	8	56	29	15	19	17	26	18	78	34	9	11	10	47	30	51
ENSG00000248673	3	4	0	0	0	6	0	0	0	8	0	0	0	0	0	0	0	0	3	0	0	3	18	2	0	2	1	0
ENSG00000248693	0	6	0	7	0	0	0	0	0	0	1	4	4	2	0	5	0	0	0	6	1	5	0	4	2	0	0	0
ENSG00000248712	8	12	9	11	17	7	18	12	11	19	23	24	33	15	16	8	9	15	8	24	12	72	35	7	8	9	14	6
ENSG00000248713	0	2	0	13	5	0	11	10	0	0	24	0	4	0	0	15	2	0	0	4	1	83	0	0	2	2	12	2
ENSG00000248738	9	21	10	20	6	1	5	10	4	42	19	5	29	24	13	7	47	0	8	4	0	28	2	6	1	15	4	21
ENSG00000248757	0	0	4	1	0	2	0	0	2	1	3	6	0	0	1	0	7	0	0	0	0	0	6	3	4	1	1	3
ENSG00000248769	9	0	0	1	0	0	0	9	1	20	0	0	0	0	0	0	0	0	0	0	0	0	0	6	1	0	0	0
ENSG00000248781	0	0	0	0	0	0	0	0	0	0	0	0	0	0	0	0	0	0	0	0	0	0	0	0	0	0	0	0
ENSG00000248791	3	54	5	67	0	16	33	46	17	74	6	27	65	77	15	19	54	17	83	14	0	1	31	28	39	19	27	30
ENSG00000248809	0	13	12	15	1	0	41	46	2	0	3	0	35	37	26	0	2	15	55	36	17	30	10	5	52	0	2	4
ENSG00000248810	20	2	3	5	0	0	57	69	3	5	17	2	44	5	13	0	0	0	6	4	0	0	0	9	8	13	7	2
ENSG00000248817	0	0	0	0	0	0	0	0	0	0	0	0	0	0	0	0	0	0	0	0	0	0	0	0	0	0	0	0
ENSG00000248840	0	5	0	0	0	6	0	0	0	4	0	2	1	1	0	0	2	0	0	0	0	0	0	8	0	13	5	0
ENSG00000248854	0	1	0	0	0	0	2	12	0	0	0	0	2	0	2	4	4	0	0	0	0	0	3	0	0	0	0	9
ENSG00000248874	6	0	8	1	6	312	2	4	78	6	7	79	29	1	48	2	4	0	2	7	0	0	0	16	0	4	0	0
ENSG00000248909	39	13	0	2	25	24	6	0	2	11	88	20	0	4	0	36	18	9	22	0	0	13	2	35	11	9	17	0
ENSG00000248923	69	77	23	24	22	20	19	30	67	102	23	34	4687	5230	13	12	17	36	29	23	19	17	3	9	16	31	23	22
ENSG00000248927	0	0	26	4	2	39	38	18	0	3	10	16	33	56	36	7	98	6	47	0	50	0	2	39	27	10	54	56
ENSG00000248958	0	0	0	0	0	0	0	0	0	0	0	0	0	0	0	0	0	0	0	0	0	0	0	0	0	0	0	0
ENSG00000248965	0	10	0	0	0	4	1	2	0	6	3	3	7	0	0	0	0	0	3	0	0	0	0	4	0	1	0	0
ENSG00000248979	19	69	7	58	65	4	0	2	37	16	79	58	2	2	2	55	87	0	40	23	0	13	35	82	33	20	24	21
ENSG00000249007	0	52	20	6	26	112	44	21	2	46	16	62	40	39	2	50	31	2	48	37	0	32	56	89	26	40	37	23
ENSG00000249028	0	0	2	2	2	0	12	0	0	0	0	0	13	2	0	0	0	0	0	2	6	0	0	0	0	0	2	2
ENSG00000249082	7	0	19	0	77	4	0	0	29	0	25	4	0	0	6	33	2	29	4	21	0	7	0	5	4	0	8	4
ENSG00000249111	0	0	0	0	0	0	0	0	0	0	0	0	0	0	0	0	0	0	0	0	0	0	0	0	0	0	0	0
ENSG00000249112	0	0	0	0	0	0	0	0	1	11	0	1	2	0	0	0	2	0	6	0	0	0	0	0	0	0	0	0
ENSG00000249119	37	40	26	7	12	12	35	24	29	74	17	17	6090	6813	5	24	7485	16	22	30	10	24	16	1	33	29	20	11772
ENSG00000249138	18	23	4	57	39	329	19	32	10	55	41	65	0	5	30	159	94	23	100	196	71	269	27	88	72	33	79	38
ENSG00000249140	0	11	2	0	0	0	2	16	1	0	2	0	2	2	0	0	0	6	0	0	0	0	0	4	0	0	0	0
ENSG00000249158	0	4	5	0	11	24	3	0	8	26	6	4	35	133	2	0	4	1	38	8	37	0	10	1	4	21	0	7
ENSG00000249206	0	0	0	0	0	0	0	0	0	0	0	0	0	0	0	0	0	0	0	0	0	0	0	0	0	0	0	0
ENSG00000249209	0	0	2	2	1	0	1	0	0	3	4	1	0	0	4	1	4	0	2	1	0	3	0	0	2	1	0	5
ENSG00000249231	1	0	2	0	3	0	0	0	0	0	4	0	0	0	0	8	0	6	0	0	0	12	0	0	0	0	0	1
ENSG00000249263	0	1	0	3	4	0	0	3	0	10	0	5	1	0	0	0	3	2	0	0	4	3	9	0	2	1	1	1
ENSG00000249267	0	95	43	98	12	85	27	372	13	174	8	138	181	699	20	9	106	5	11	88	27	32	221	256	33	9	63	86
ENSG00000249286	0	1	2	3	1	0	1	2	1	3	0	0	9	2	4	0	2	0	0	1	0	0	0	0	4	0	2	5
ENSG00000249304	0	0	4	0	0	0	0	0	0	0	1	0	14	0	9	2	0	0	0	2	0	0	0	0	4	4	1	1
ENSG00000249306	0	34	12	13	0	48	12	76	45	328	21	27	61	130	12	9	12	2	16	103	145	18	132	1	11	58	26	17
ENSG00000249318	0	3	0	6	0	4	5	0	0	0	0	0	2	3	0	0	0	0	14	0	0	0	0	2	1	0	2	2
ENSG00000249320	0	8	0	2	2	5	0	4	0	6	0	2	0	1	0	0	2	0	0	0	0	0	0	4	1	1	1	0
ENSG00000249335	2	68	23	72	4	46	50	55	2	53	9	42	49	39	22	0	84	13	42	18	0	49	61	24	41	32	67	46
ENSG00000249345	0	2	3	1	7	0	0	2	0	1	0	0	0	0	0	0	3	0	0	2	0	7	0	6	1	1	1	0
ENSG00000249364	0	3	1	10	10	8	31	9	0	14	52	44	0	4	3	14	9	0	2	0	0	10	0	3	48	0	11	3
ENSG00000249392	0	1	1	1	0	2	0	0	4	0	1	1	0	5	0	1	4	0	1	0	1	2	8	7	1	1	0	0
ENSG00000249400	0	0	0	0	0	0	0	0	0	0	0	0	0	0	0	0	0	0	0	0	0	0	0	2	0	0	0	4
ENSG00000249406	0	0	0	4	0	0	1	0	2	0	0	1	0	0	0	0	3	0	3	0	0	0	0	4	2	0	0	0
ENSG00000249421	0	4	0	2	0	11	0	0	0	0	2	0	0	4	0	0	0	0	0	0	0	0	0	1	2	0	0	0
ENSG00000249467	0	0	0	0	0	0	0	0	0	0	2	0	0	5	0	0	0	2	0	0	27	0	7	0	0	0	0	0
ENSG00000249485	2	22	16	73	10	14	29	15	6	26	30	23	33	29	32	25	59	16	75	132	32	88	7	123	66	43	54	59
ENSG00000249504	0	0	0	0	0	0	0	0	0	0	0	0	0	0	0	0	0	0	0	0	0	0	0	0	0	0	0	0
ENSG00000249514	0	0	0	0	0	0	0	0	0	0	0	1	0	36	0	1	0	0	0	0	0	0	0	0	0	0	0	0
ENSG00000249540	0	0	0	0	0	2	0	0	0	0	0	2	1	0	2	0	0	0	1	2	0	6	0	0	1	0	0	0
ENSG00000249565	0	0	2	12	1	21	8	2	4	0	5	7	6	1	1	0	14	0	11	51	0	58	1	15	21	0	0	17
ENSG00000249600	0	0	0	0	0	0	0	0	0	0	0	0	0	8	0	0	0	0	0	0	0	0	0	0	0	0	0	0
ENSG00000249601	18	0	10	5	9	2	0	0	57	8	14	2	8	0	2	7	2	2	6	47	2	0	0	0	42	0	0	2
ENSG00000249602	1	0	8	0	0	0	0	0	0	5	0	1	4	0	1	0	0	0	1	3	1	11	0	2	1	0	0	2
ENSG00000249610	1	6	0	1	0	0	2	1	0	1	3	1	0	16	3	0	0	2	4	0	0	0	0	4	2	2	4	0
ENSG00000249623	0	4	0	8	0	38	0	0	4	7	22	20	0	0	0	4	1	0	5	0	0	0	0	3	0	0	13	0
ENSG00000249668	0	0	0	0	0	0	0	0	0	0	0	0	0	0	0	0	0	0	0	0	0	0	0	0	0	0	0	0
ENSG00000249690	0	0	0	0	0	2	1	2	0	0	0	0	19	6	5	0	0	0	0	4	0	0	3	0	4	0	0	7
ENSG00000249695	0	8	3	0	0	2	12	0	2	5	1	2	3	0	0	0	4	2	0	0	0	0	0	8	7	0	0	2
ENSG00000249721	0	0	0	3	0	4	24	0	4	2	77	77	23	2	10	8	9	2	0	13	0	7	0	0	52	0	0	1
ENSG00000249741	0	2	5	2	0	1	9	0	3	0	0	0	2	0	2	2	0	4	0	0	0	0	0	2	2	0	1	1
ENSG00000249746	0	8	0	4	0	2	0	0	0	7	3	0	0	2	0	1	5	5	4	0	0	0	0	1	1	8	0	0
ENSG00000249776	0	0	9	5	7	3	5	0	7	10	11	5	8	3	6	8	5	3	3	1	0	0	0	0	4	5	7	22
ENSG00000249797	2	37	10	12	4	8	7	10	7	23	14	15	17	8	7	12	14	2	11	8	16	0	2	5	53	7	1	3
ENSG00000249837	0	3	1	0	3	3	6	0	0	0	4	0	4	0	1	1	0	0	2	0	0	6	0	1	2	0	6	0
ENSG00000249848	9	0	0	0	0	0	0	0	0	13	0	2	1	0	4	0	0	0	4	0	0	0	0	0	4	1	2	0
ENSG00000249887	0	0	0	0	0	0	0	0	0	0	0	0	0	0	0	0	0	0	0	0	0	0	0	0	0	0	0	0
ENSG00000249899	0	4	0	13	1	4	34	28	0	20	7	6	30	23	3	3	0	0	4	2	0	0	0	4	11	4	10	3
ENSG00000249910	0	2	0	0	0	0	0	0	0	0	0	0	0	0	0	0	0	0	0	0	0	0	0	0	0	0	0	0
ENSG00000249965	0	0	2	0	1	5	0	2	0	1	0	1	6	0	2	0	2	4	0	0	0	0	0	8	2	2	2	2
ENSG00000249978	0	0	82	5	6	0	34	22	0	0	6	8	18	14	45	9	8	39	9	206	31	75	1	3	67	0	0	123
ENSG00000249986	2	3	1	0	0	0	9	0	0	1	0	2	0	3	0	0	1	0	3	0	0	4	1	2	0	0	8	2
ENSG00000249992	254	409	290	373	376	138	832	310	953	434	425	387	414	114	398	722	279	468	363	304	442	487	193	308	582	190	263	307
ENSG00000250056	17	41	105	19	36	14	90	99	27	51	81	29	154	132	262	21	25	87	38	139	12	142	33	33	55	10	25	84
ENSG00000250057	0	0	2	3	1	0	0	0	0	5	3	1	4	3	0	0	4	0	3	1	7	0	0	1	2	2	4	6
ENSG00000250066	0	8	0	0	0	0	2	0	0	0	0	4	0	0	0	0	8	0	0	5	0	0	0	2	2	0	6	1
ENSG00000250078	0	0	0	0	0	0	0	0	0	0	0	0	0	0	0	0	0	0	0	0	0	0	0	0	0	0	0	0
ENSG00000250116	9	85	21	101	7	112	100	24	3	129	33	46	32	24	3	33	140	0	71	22	4	43	13	108	115	25	65	21
ENSG00000250141	0	0	0	0	0	0	0	0	0	0	0	0	0	0	0	0	0	0	0	0	0	0	0	0	1	0	0	0
ENSG00000250166	0	2	1	3	2	1	0	0	11	0	6	3	4	0	0	0	2	2	0	0	0	10	0	0	0	0	1	0
ENSG00000250170	47	91	0	49	18	37	4	15	18	77	67	62	11	1	2	109	25	28	48	17	24	47	46	67	20	122	24	19
ENSG00000250174	0	0	0	0	0	0	8	1	0	3	0	1	8	6	0	0	2	2	0	0	0	0	5	0	5	0	8	2
ENSG00000250208	283	102	1106	164	592	844	522	107	405	305	529	615	488	185	459	546	187	349	401	255	45	201	30	615	473	156	335	505
ENSG00000250220	12	12	13	25	29	20	22	32	35	54	10	41	41	64	35	20	35	17	20	27	32	88	41	20	28	17	21	30
ENSG00000250260	0	2	1	0	2	0	4	0	0	2	0	7	7	3	3	0	2	0	0	0	0	5	0	3	5	0	3	0
ENSG00000250329	0	6	0	18	1	131	10	4	5	0	12	17	3	6	5	0	14	8	5	7	11	16	0	12	16	28	19	7
ENSG00000250330	0	6	0	0	0	0	0	3	0	6	0	1	0	3	0	0	1	0	0	0	0	0	7	0	2	1	0	1
ENSG00000250341	0	0	0	6	0	0	2	0	0	0	0	0	0	0	0	0	0	0	0	0	0	0	0	0	0	0	0	0
ENSG00000250358	0	0	0	6	2	0	0	0	0	0	0	4	3	22	0	4	0	0	0	0	0	0	0	0	0	0	0	0
ENSG00000250362	0	0	0	0	0	0	0	0	0	0	0	0	0	0	0	0	2	0	6	0	0	0	0	2	0	0	0	4
ENSG00000250374	0	0	0	0	1	8	4	0	0	0	2	8	2	1	0	0	0	0	3	0	2	0	0	5	0	2	7	0
ENSG00000250383	0	1	0	7	0	5	2	11	3	0	0	0	0	0	0	0	4	0	2	0	0	0	0	3	2	4	2	3
ENSG00000250403	0	1	0	0	0	0	0	2	0	0	0	0	0	2	1	0	3	0	0	0	0	0	24	2	0	0	0	2
ENSG00000250423	706	470	957	18	299	211	1234	68	795	330	174	105	1042	246	1713	500	223	1248	466	1456	262	1152	8	189	412	319	334	962
ENSG00000250427	0	10	0	2	4	3	1	0	4	0	0	0	1	0	0	7	0	2	2	0	0	0	0	1	2	2	4	2
ENSG00000250433	0	0	0	0	0	4	0	0	4	0	0	2	16	27	0	0	0	0	0	0	0	0	0	0	0	0	0	0
ENSG00000250451	0	8	4	0	3	13	0	0	0	0	2	3	0	3	2	2	8	0	0	0	3	0	13	4	0	9	0	0
ENSG00000250456	0	1	0	2	0	0	0	0	2	3	1	1	6	0	0	0	6	0	0	7	0	0	0	1	0	0	0	0
ENSG00000250481	0	0	0	0	0	0	0	0	0	0	0	0	0	0	0	0	0	0	0	0	0	0	0	0	0	0	0	0
ENSG00000250497	0	1	0	9	0	8	5	4	2	7	2	4	2	4	1	1	4	0	4	5	0	0	0	5	5	2	3	1
ENSG00000250501	1	8	0	7	6	2	0	2	3	1	4	2	0	0	0	0	3	1	2	0	0	1	6	6	5	7	1	2
ENSG00000250508	420	69	566	33	174	23	105	207	630	38	91	38	604	22	404	150	71	259	207	132	654	333	75	77	29	11	14	514
ENSG00000250522	0	10	13	1	2	20	0	11	2	0	0	12	11	53	6	0	7	2	11	4	0	0	21	0	1	0	0	16
ENSG00000250526	0	0	0	0	0	1	0	0	4	0	0	1	2	15	0	0	1	0	2	7	0	2	0	0	2	2	2	0
ENSG00000250535	0	0	0	1	4	4	2	0	0	0	0	7	2	0	0	0	5	0	5	0	0	9	3	1	0	0	2	5
ENSG00000250541	0	5	0	0	0	4	2	0	0	6	0	5	6	8	0	2	2	0	0	0	1	0	0	0	0	1	1	0
ENSG00000250566	0	0	0	0	0	0	0	0	0	0	0	0	0	0	0	0	0	0	0	0	0	0	0	0	0	0	0	0
ENSG00000250575	0	1	6	2	0	0	5	1	0	3	1	3	1	0	1	1	1	0	0	2	0	0	2	12	5	2	3	0
ENSG00000250590	0	3	2	6	0	21	0	0	1	35	0	16	0	8	0	1	7	0	0	0	5	0	6	0	0	8	23	10
ENSG00000250594	0	0	0	0	0	0	0	0	0	0	0	0	0	0	0	0	0	0	0	0	0	0	0	0	0	0	0	0
ENSG00000250596	0	10	4	10	21	9	2	0	1	5	8	2	7	25	0	0	33	6	57	10	116	56	116	2	11	0	0	1
ENSG00000250622	0	0	0	0	0	0	0	0	0	0	0	0	0	0	0	0	0	0	0	0	0	0	0	0	0	0	0	0
ENSG00000250682	0	10	1	8	0	1	6	0	0	5	3	1	0	7	0	0	4	0	3	3	0	0	3	8	3	3	0	0
ENSG00000250685	39	21	15	1	49	1	40	2	60	10	77	7	9	0	7	48	2	17	12	47	0	2	5	14	15	3	4	12
ENSG00000250687	0	2	4	1	0	1	0	2	3	5	1	0	0	0	0	4	2	0	5	1	0	0	1	2	1	1	0	3
ENSG00000250699	0	0	5	0	3	0	3	0	0	3	1	0	10	1	0	1	6	0	4	2	0	0	0	6	4	2	0	1
ENSG00000250708	0	0	4	5	0	2	0	0	7	0	4	0	8	226	3	2	1	1	0	1	0	0	0	2	4	0	0	3
ENSG00000250709	0	0	0	0	0	1	5	0	0	0	0	0	5	5	10	0	0	0	1	0	0	0	0	0	0	0	0	15
ENSG00000250730	0	0	0	0	0	0	0	0	0	0	0	0	0	2	0	0	0	0	0	0	0	0	0	0	0	0	0	0
ENSG00000250750	0	0	0	0	0	0	0	0	0	0	0	0	0	0	0	0	0	0	0	0	0	0	0	0	0	0	0	0
ENSG00000250762	0	0	2	1	0	0	3	0	0	0	0	2	0	1	2	2	0	1	0	0	0	0	0	0	1	0	0	0
ENSG00000250767	0	57	6	54	0	656	0	27	1	4	0	42	4	69	0	0	36	1	58	4	8	10	600	42	3	51	120	5
ENSG00000250769	0	0	0	1	0	0	0	0	0	2	0	1	0	7	0	0	0	0	0	0	0	0	0	0	0	0	0	0
ENSG00000250777	0	0	0	0	3	5	0	0	0	0	0	12	4	7	0	0	5	0	2	0	0	0	0	0	0	5	0	0
ENSG00000250846	25	0	54	60	20	9	0	8	20	27	46	34	22	7	134	16	21	62	16	45	0	109	17	17	33	32	4	75
ENSG00000250850	0	1	0	0	1	0	2	0	0	0	0	0	0	0	0	0	0	0	0	0	0	0	0	2	2	0	0	0
ENSG00000250853	0	23	17	87	17	69	41	52	5	13	9	15	13	6	104	8	61	7	22	50	2	120	110	1	124	13	87	88
ENSG00000250863	0	1	0	3	6	7	0	2	3	0	0	2	2	0	0	0	0	0	2	0	0	0	0	2	0	0	13	0
ENSG00000250868	0	0	0	0	0	0	0	0	0	0	0	0	0	0	0	0	0	0	0	0	0	0	0	0	0	0	0	0
ENSG00000250874	0	2	1	2	1	3	0	0	0	0	0	2	2	2	0	1	4	0	1	0	9	0	4	4	2	0	1	1
ENSG00000250887	0	0	0	0	0	0	0	0	0	0	0	0	0	0	0	0	0	0	0	0	0	0	0	0	0	0	0	0
ENSG00000250893	0	14	13	18	7	0	23	95	9	0	7	6	22	30	13	17	21	2	44	6	21	0	25	6	9	9	8	21
ENSG00000250906	0	4	0	0	0	5	8	8	0	4	0	0	0	7	1	0	0	0	1	0	1	0	0	0	3	0	4	2
ENSG00000250914	0	477	0	17	0	103	0	160	0	27	0	41	10	125	0	0	37	7	234	1	82	0	177	184	0	17	118	0
ENSG00000250933	1	142	7	126	11	5	62	36	13	156	13	19	2	18	66	35	95	37	175	96	18	179	6	43	152	163	20	69
ENSG00000250942	0	70	7	4	0	4	6	0	5	26	4	13	62	2	4	8	1	0	7	8	0	0	0	41	7	5	10	1
ENSG00000250950	0	2	1	1	0	1	8	10	1	2	0	2	0	6	4	0	0	0	5	1	0	0	0	1	1	1	3	1
ENSG00000250974	2	6	0	1	0	0	0	15	0	0	0	1	0	0	1	0	0	0	0	0	0	0	0	2	5	4	0	2
ENSG00000250980	0	10	2	25	6	16	0	0	0	13	14	28	4	0	8	18	23	0	6	0	0	0	6	29	8	29	22	2
ENSG00000250986	54	20	68	6	32	4	64	16	51	32	22	26	142	20	44	6	13	80	34	43	0	147	0	20	20	15	32	39
ENSG00000250994	0	0	0	0	12	4	4	0	0	0	0	0	0	0	0	0	11	1	0	10	0	0	0	0	0	0	0	0
ENSG00000250995	0	0	2	4	1	0	21	24	0	6	2	0	10	4	2	0	1	0	1	0	0	0	0	3	6	1	0	2
ENSG00000251011	0	0	0	0	0	2	2	0	2	11	0	2	0	0	0	4	0	0	4	0	0	0	0	4	2	2	2	0
ENSG00000251048	0	0	0	0	0	0	0	0	0	0	0	0	0	0	0	0	0	0	0	0	0	0	0	0	0	0	0	0
ENSG00000251125	0	0	4	2	0	0	4	0	3	0	2	2	4	7	0	0	0	0	0	6	0	0	0	0	2	3	0	0
ENSG00000251129	0	0	41	0	0	0	6	200	2	0	0	0	0	0	0	0	0	2	0	0	0	0	0	0	1	0	0	0
ENSG00000251139	6	6	0	39	6	22	41	0	0	12	0	7	14	3	6	61	57	0	0	9	0	10	9	4	62	1	18	35
ENSG00000251147	0	0	0	0	0	0	0	0	0	0	0	0	0	0	0	0	0	0	0	0	0	0	0	0	0	0	0	0
ENSG00000251165	49	1	11	0	0	0	46	0	152	67	2	0	72	45	3	8	0	7	17	12	0	3	0	58	0	4	0	8
ENSG00000251187	0	4	5	3	0	6	4	0	9	3	3	6	2	5	3	3	12	0	6	6	9	0	0	13	5	20	11	5
ENSG00000251199	0	0	2	4	1	12	12	5	0	3	2	7	11	5	3	7	4	0	11	4	12	0	0	4	1	3	5	2
ENSG00000251201	0	1	38	7	0	1	15	7	0	6	4	0	30	31	25	0	8	0	3	19	7	2	3	5	7	0	4	61
ENSG00000251212	0	0	0	0	0	0	0	0	0	0	0	0	0	0	0	0	0	0	0	0	0	0	0	0	0	0	0	0
ENSG00000251224	0	4	0	2	0	10	0	1	0	0	1	0	8	0	0	0	0	0	4	3	0	0	0	2	2	0	5	4
ENSG00000251228	0	0	0	0	0	0	0	0	0	0	0	0	0	0	0	0	0	0	0	0	0	0	0	0	0	0	0	0
ENSG00000251237	6	28	0	1	5	7	0	0	8	57	0	1	0	3	2	0	4	0	1	2	0	5	0	26	11	22	0	0
ENSG00000251248	2	44	0	39	0	6	5	12	0	29	0	5	4	7	2	2	16	7	12	6	15	27	51	24	8	0	6	2
ENSG00000251250	0	0	2	0	0	0	2	0	5	1	0	5	8	4	0	0	2	0	3	2	0	0	0	2	2	0	0	0
ENSG00000251252	0	15	0	2	0	22	0	0	0	0	0	0	4	0	0	0	0	0	0	0	0	0	0	0	0	0	0	0
ENSG00000251258	0	0	0	0	0	0	0	0	0	0	0	3	16	5	1	0	2	0	0	1	0	15	0	0	0	1	0	0
ENSG00000251260	0	3	0	1	0	0	1	4	0	2	0	3	0	0	0	0	0	0	1	0	0	0	0	0	0	0	2	0
ENSG00000251297	0	4	5	2	0	0	3	0	1	13	0	0	0	0	0	2	0	0	0	4	0	0	0	4	3	0	1	2
ENSG00000251320	0	0	1	0	0	0	15	0	0	0	0	0	7	5	0	0	6	0	0	0	0	0	0	4	1	6	3	2
ENSG00000251321	2648	7738	2205	5224	1294	15	291	2223	3742	16	413	100	5832	27537	3285	830	2056	2235	1767	4692	973	7272	23180	22882	1762	72	21	3472
ENSG00000251323	0	2	4	5	2	16	29	32	2	28	0	11	31	15	14	0	8	0	19	24	0	6	17	8	18	8	14	6
ENSG00000251366	0	6	0	0	0	1	0	0	0	0	0	0	0	0	0	0	0	0	0	0	0	0	0	0	0	0	0	0
ENSG00000251372	60	10	2	9	7	15	8	4	19	184	5	6	0	7	4	22	7	3	4	7	33	0	0	9	6	90	24	4
ENSG00000251387	0	0	0	0	0	0	0	0	0	0	0	0	0	0	0	0	0	0	0	0	0	0	0	0	0	0	0	0
ENSG00000251389	0	0	2	2	0	4	0	6	0	0	0	0	1	6	0	0	5	4	0	0	0	0	0	8	4	0	6	0
ENSG00000251399	0	4	0	2	0	0	5	0	0	1	5	2	4	13	2	0	0	0	1	0	0	0	0	3	0	2	0	0
ENSG00000251409	0	1	0	0	0	2	0	0	0	0	0	0	4	0	7	0	4	4	11	0	3	0	4	0	0	0	2	4
ENSG00000251410	0	0	0	1	0	0	1	2	2	1	0	1	2	2	0	1	0	0	0	0	25	0	2	0	0	0	0	1
ENSG00000251429	7	43	2	20	2	20	15	79	6	58	0	22	22	75	4	6	9	0	46	5	14	0	0	19	19	6	33	8
ENSG00000251441	0	2	2	0	0	6	0	0	1	2	2	2	4	0	0	2	6	4	0	0	0	0	0	0	8	0	4	0
ENSG00000251455	0	9	0	10	9	8	9	0	3	11	0	10	8	60	9	6	8	0	30	2	63	2	2	13	17	24	19	8
ENSG00000251463	0	13	2	0	0	18	0	17	0	17	0	0	4	9	4	0	0	0	0	6	0	0	27	2	5	0	5	8
ENSG00000251467	0	10	7	4	2	5	42	77	16	29	2	23	0	4	0	13	6	0	25	24	2	0	0	21	24	10	13	2
ENSG00000251484	0	0	0	11	3	4	4	0	0	4	5	2	0	2	1	0	2	0	5	0	0	0	0	2	0	1	4	0
ENSG00000251491	11	13	0	0	8	2	7	0	9	0	21	0	14	0	2	11	1	18	2	0	0	14	0	0	22	0	2	5
ENSG00000251493	0	0	0	1	0	49	4	0	0	32	2	12	5	0	1	5	3	28	69	0	0	0	9	0	0	99	34	4
ENSG00000251532	0	34	1	0	3	20	2	43	5	14	13	2	9	15	0	0	2	7	10	27	1	17	20	3	3	0	2	0
ENSG00000251574	0	0	0	1	0	0	0	0	0	0	0	0	0	0	0	0	2	0	0	0	0	0	0	0	0	0	0	0
ENSG00000251584	0	2	1	8	4	0	5	16	1	0	3	2	21	16	0	2	4	0	33	8	165	0	11	3	6	0	0	3
ENSG00000251596	0	40	52	213	11	465	319	59	6	36	100	139	229	147	351	76	162	38	63	458	54	385	217	101	633	97	90	350
ENSG00000251598	0	0	2	0	0	0	0	0	1	0	0	0	5	0	2	6	0	0	3	1	0	0	0	6	0	2	2	0
ENSG00000251652	0	4	0	3	2	8	0	5	0	2	0	0	1	38	2	0	0	0	0	0	14	0	0	3	0	5	1	8
ENSG00000251664	0	0	7	4	0	0	0	0	0	17	2	0	10	25	2	6	0	22	7	0	13	0	0	0	0	21	1	13
ENSG00000251676	26	26	3	14	2	24	2	16	18	27	20	19	9	4	20	8	25	2	15	35	13	12	3	13	14	28	3	11
ENSG00000251678	0	0	0	0	0	0	0	0	0	0	0	0	0	0	0	0	0	0	0	0	0	0	0	0	0	0	0	0
ENSG00000251680	0	35	1	4	0	13	3	12	0	0	6	12	0	1	0	8	2	0	0	0	0	0	0	17	0	6	8	0
ENSG00000251682	0	43	0	15	22	16	2	0	4	51	12	23	8	7	3	8	22	2	22	41	7	76	27	19	45	6	10	6
ENSG00000251703	0	0	4	2	0	2	2	0	0	19	6	5	0	0	0	11	3	1	4	0	0	0	0	6	4	4	13	2
ENSG00000251722	0	0	0	0	0	0	0	0	0	0	1	0	0	0	0	0	0	0	0	0	0	0	0	0	1	0	0	0
ENSG00000251726	3	28	0	18	27	23	6	0	21	33	28	20	0	0	5	43	19	10	30	7	28	65	108	62	7	67	4	6
ENSG00000251746	0	0	0	0	0	0	0	0	0	0	0	0	0	0	0	0	0	0	0	0	0	0	0	0	0	0	0	0
ENSG00000251781	0	0	0	0	0	0	0	0	0	0	0	0	0	0	0	0	0	0	0	0	0	0	0	0	0	0	0	0
ENSG00000251794	0	0	0	3	0	0	1	3	0	0	0	0	3	0	0	0	1	0	0	5	0	0	0	0	2	1	0	0
ENSG00000251803	0	13	3	41	2	21	7	2	0	30	1	14	1	2	0	0	18	6	36	12	0	0	17	17	1	44	4	4
ENSG00000251828	0	0	0	0	0	0	0	0	0	0	0	0	0	0	0	0	0	0	0	0	0	0	0	0	0	0	0	0
ENSG00000251861	0	0	0	0	0	0	0	0	0	0	0	0	0	0	0	0	0	0	0	0	0	0	0	0	0	0	0	0
ENSG00000251883	0	0	0	0	0	0	0	0	0	0	0	0	0	0	0	0	0	0	0	0	0	0	0	0	0	0	0	0
ENSG00000251898	0	0	1	0	0	4	0	0	0	0	0	0	0	4	1	0	3	0	1	0	0	0	0	0	0	0	0	0
ENSG00000251913	0	0	0	0	0	0	0	0	0	0	0	0	0	0	0	0	0	0	0	0	0	0	0	0	0	0	0	0
ENSG00000251919	0	0	0	0	0	0	0	0	0	0	0	0	0	0	0	0	0	0	0	0	0	0	0	0	0	0	0	0
ENSG00000251996	0	0	0	0	0	1	3	0	0	0	2	3	0	0	1	0	1	0	3	0	0	0	0	4	0	0	2	0
ENSG00000252002	0	2	0	1	1	4	0	2	5	0	4	1	1	0	0	2	1	0	3	0	0	0	0	1	10	0	0	1
ENSG00000252013	0	0	0	0	0	0	0	0	0	0	0	0	0	0	0	0	0	0	0	0	0	0	0	0	0	0	0	0
ENSG00000252030	0	5	0	0	0	0	0	0	0	0	0	0	0	0	0	0	0	0	0	0	0	0	0	0	0	0	0	0
ENSG00000252083	0	0	0	0	0	0	0	0	0	0	0	0	0	0	0	0	0	0	0	0	0	0	0	0	0	0	0	0
ENSG00000252112	0	0	0	0	0	0	0	0	0	0	0	0	0	0	0	0	0	0	1	0	0	0	0	0	0	0	0	0
ENSG00000252173	0	0	0	0	0	0	0	0	0	0	0	0	0	0	0	0	0	0	0	0	0	0	0	0	0	0	0	0
ENSG00000252211	15	2	0	0	5	16	1	0	1	0	0	0	0	0	0	0	3	0	3	0	0	0	2	2	1	0	0	2
ENSG00000252217	0	0	0	0	0	0	0	0	0	0	0	0	0	0	0	0	0	0	2	0	0	0	1	2	0	0	3	0
ENSG00000252220	0	9	1	15	6	13	0	5	5	17	8	23	0	0	3	8	12	6	23	1	19	64	36	15	5	22	11	1
ENSG00000252233	0	2	0	2	0	5	0	19	0	0	2	5	0	0	0	0	0	0	1	0	0	0	3	5	0	0	1	4
ENSG00000252250	1	0	2	1	0	0	3	1	0	5	1	1	0	0	0	0	3	0	3	0	0	0	7	3	2	1	2	2
ENSG00000252297	0	0	1	2	0	2	1	0	0	1	0	0	3	3	0	0	1	0	5	13	0	0	0	2	2	2	1	2
ENSG00000252312	0	0	0	0	0	0	0	0	0	0	0	0	0	0	0	0	0	0	0	0	0	0	0	0	0	0	0	0
ENSG00000252321	0	8	0	4	2	4	0	0	0	0	0	4	0	0	0	2	3	0	1	0	0	0	0	3	2	2	4	0
ENSG00000252335	0	3	5	2	0	0	4	1	0	4	0	4	0	11	0	0	0	2	1	1	2	0	0	1	0	7	0	3
ENSG00000252393	0	0	0	0	1	1	0	14	0	5	0	3	0	0	0	10	0	0	6	0	0	0	0	2	1	0	1	1
ENSG00000252404	0	0	0	0	0	0	0	0	0	0	0	0	0	0	0	0	0	0	0	0	0	0	0	0	0	0	0	0
ENSG00000252412	0	0	5	1	0	1	1	0	1	0	0	2	1	5	0	8	0	0	3	1	0	0	0	4	2	0	0	4
ENSG00000252496	0	0	0	0	0	0	1	0	0	0	0	0	1	0	0	0	0	0	1	0	0	0	0	0	1	0	0	0
ENSG00000252507	0	0	0	0	0	0	0	0	0	2	0	0	0	0	0	0	0	0	0	0	0	0	0	0	0	0	0	0
ENSG00000252516	0	3	0	0	0	1	3	5	1	1	0	0	11	7	1	0	0	0	0	0	0	0	0	0	5	0	0	2
ENSG00000252530	0	0	0	0	0	0	0	0	0	0	0	0	0	0	0	0	0	0	0	0	0	0	0	0	0	0	0	0
ENSG00000252549	0	11	0	1	0	2	1	0	0	9	0	4	5	0	0	0	0	0	3	0	2	3	0	2	1	2	0	0
ENSG00000252568	0	0	0	3	0	0	0	0	0	0	0	1	2	0	0	0	0	0	2	0	0	0	0	1	0	0	0	0
ENSG00000252580	0	0	0	1	0	0	0	10	0	4	0	0	0	5	0	0	0	0	0	0	0	0	18	0	0	2	6	0
ENSG00000252591	0	0	0	0	0	0	0	0	0	0	0	0	0	0	0	0	0	0	0	0	0	0	0	0	0	0	0	0
ENSG00000252614	1	3	5	8	0	8	4	2	1	2	6	9	3	0	3	9	17	0	7	9	2	0	2	11	5	15	6	8
ENSG00000252620	0	0	3	1	0	1	3	13	0	1	4	2	0	4	0	0	0	0	6	6	0	0	0	3	1	0	1	2
ENSG00000252634	0	0	0	0	0	0	0	6	0	0	0	0	0	1	0	4	0	0	1	0	0	0	0	0	4	0	0	0
ENSG00000252641	0	1	1	0	0	5	1	3	2	4	3	7	3	2	1	1	1	3	2	0	0	4	0	2	2	1	4	3
ENSG00000252649	0	0	0	0	0	0	0	0	0	0	0	0	0	0	0	0	0	0	0	0	0	0	0	0	0	0	0	0
ENSG00000252651	0	0	0	0	0	0	0	0	0	0	0	0	0	0	0	0	0	0	0	0	0	0	0	0	0	0	0	0
ENSG00000252653	0	0	0	0	0	0	0	0	0	0	0	0	0	0	0	0	0	0	0	0	0	0	0	0	0	0	0	0
ENSG00000252660	0	1	0	3	0	0	0	6	0	2	0	2	4	2	1	0	3	1	0	8	0	0	4	2	1	1	1	1
ENSG00000252739	0	2	2	2	0	2	0	4	0	7	2	3	5	0	0	1	0	2	0	4	0	0	1	4	0	7	0	1
ENSG00000252746	0	0	0	0	0	0	0	0	0	0	0	0	0	3	0	0	0	0	0	0	0	0	0	0	0	0	0	0
ENSG00000252765	0	0	0	0	0	0	0	0	0	0	0	0	0	0	0	0	0	0	0	0	0	0	0	0	0	0	0	0
ENSG00000252769	0	0	0	0	0	0	0	0	0	0	0	0	0	0	0	0	2	0	0	0	0	0	0	0	3	0	0	0
ENSG00000252783	0	0	0	0	0	0	0	0	0	0	0	0	0	0	0	0	0	0	0	0	0	0	0	0	0	0	0	0
ENSG00000252796	0	0	0	2	1	3	0	2	0	5	1	2	3	0	1	0	1	0	2	2	0	8	5	1	1	1	0	1
ENSG00000252812	0	0	0	0	0	0	0	0	0	0	0	0	0	0	0	0	0	0	0	0	0	0	0	0	2	0	0	0
ENSG00000252848	0	0	0	0	0	0	0	0	0	0	0	0	0	0	0	0	0	0	0	0	0	0	0	0	0	0	0	0
ENSG00000252892	0	0	2	0	0	1	1	0	0	2	0	0	0	10	0	0	0	0	4	1	0	0	9	1	1	5	4	0
ENSG00000252894	0	0	0	0	0	2	0	3	0	2	1	4	1	0	1	3	0	2	4	4	0	5	6	0	2	0	8	0
ENSG00000252902	0	9	0	0	2	2	0	0	0	7	1	1	0	2	2	2	1	0	4	0	0	0	0	3	1	3	1	0
ENSG00000252913	0	0	0	0	0	0	0	0	0	0	2	0	0	0	0	0	0	0	0	0	0	0	0	0	0	0	0	0
ENSG00000252915	0	0	2	0	0	1	3	0	0	3	2	1	4	13	0	0	0	0	3	0	0	0	0	4	3	0	0	0
ENSG00000252934	0	0	0	0	0	0	0	0	0	6	0	0	0	0	0	0	0	0	0	0	0	0	0	0	0	0	0	0
ENSG00000252937	0	0	0	0	0	0	0	0	0	0	0	0	0	0	0	0	0	0	0	0	0	0	0	0	0	0	0	0
ENSG00000252996	0	0	3	1	5	0	0	0	3	3	0	4	0	0	0	4	0	0	4	5	0	0	0	3	0	1	7	0
ENSG00000253042	5	14	1	20	9	10	7	0	2	12	0	14	2	6	6	2	13	0	17	6	0	15	17	17	14	15	7	5
ENSG00000253058	0	0	0	0	0	0	0	9	0	3	0	1	0	0	0	0	0	0	0	0	0	0	0	0	0	0	0	0
ENSG00000253090	0	0	0	0	0	1	0	0	0	2	0	1	0	0	0	0	0	0	0	0	0	0	0	0	0	0	0	0
ENSG00000253103	72	865	46	278	69	587	93	202	39	732	85	212	173	185	64	107	417	39	349	181	210	163	376	551	223	610	461	76
ENSG00000253164	0	0	0	0	0	0	1	0	0	0	0	0	3	0	0	0	0	0	0	0	0	0	0	0	0	0	0	0
ENSG00000253175	0	2	2	0	0	1	0	0	0	2	0	3	2	9	0	0	0	0	5	3	0	0	0	3	2	3	2	2
ENSG00000253177	0	12	2	47	12	19	30	53	0	4	16	2	4	0	14	13	0	10	3	0	28	21	0	2	13	5	3	14
ENSG00000253190	0	9	0	0	1	2	4	0	1	8	0	4	0	2	0	0	2	0	0	6	0	0	0	0	2	0	0	1
ENSG00000253199	0	7	1	0	0	4	0	0	0	0	3	2	0	4	1	0	0	0	0	0	7	6	0	4	0	0	0	1
ENSG00000253206	0	1	1	4	0	4	0	0	2	6	1	2	0	0	2	0	1	0	2	0	0	0	0	2	2	0	7	0
ENSG00000253207	0	0	0	0	0	0	0	0	0	8	0	0	0	0	0	0	0	0	0	0	0	0	0	0	0	0	2	0
ENSG00000253240	0	0	0	1	0	0	0	0	0	0	0	0	0	0	0	0	0	0	0	0	0	0	0	0	0	0	0	0
ENSG00000253250	4	8	77	68	29	17	241	43	33	14	92	57	148	30	336	107	60	25	63	77	7	23	0	33	193	20	57	107
ENSG00000253283	0	0	2	0	6	0	0	6	0	0	2	6	0	5	1	0	4	0	0	4	0	0	0	2	1	0	1	0
ENSG00000253307	0	3	7	0	4	4	5	0	0	0	0	2	3	4	3	0	5	0	0	0	0	0	0	1	3	0	2	4
ENSG00000253317	0	7	0	0	0	0	0	0	2	8	0	12	3	0	0	0	0	0	0	0	0	0	0	5	0	0	0	0
ENSG00000253322	0	0	0	0	0	0	0	0	0	0	0	0	0	1	0	0	0	0	0	0	0	0	0	0	0	0	0	0
ENSG00000253335	0	0	2	10	0	2	0	0	2	3	1	2	0	4	0	0	4	0	0	0	0	6	1	0	4	3	1	1
ENSG00000253346	0	0	0	0	0	0	0	0	0	0	0	0	0	0	0	0	0	0	0	0	0	0	0	0	0	0	0	0
ENSG00000253363	5	5	2	0	0	1	4	3	3	0	1	1	5	2	4	0	0	0	2	0	3	0	0	1	1	0	0	3
ENSG00000253364	0	0	0	1	2	1	4	8	0	0	1	0	7	0	0	4	0	0	1	0	0	0	0	0	3	0	0	5
ENSG00000253369	0	59	2	31	14	88	11	13	30	19	16	9	20	169	18	0	184	0	24	41	121	4	20	56	21	15	33	43
ENSG00000253380	0	0	0	0	0	0	0	0	0	0	0	0	0	0	0	0	0	0	0	0	0	0	0	45	0	0	0	0
ENSG00000253382	0	0	0	0	0	0	0	0	0	0	0	0	0	0	0	0	0	0	0	0	0	0	0	0	0	0	0	0
ENSG00000253385	0	13	6	26	33	30	0	3	3	18	18	7	0	10	2	140	97	2	22	28	20	28	10	150	5	30	125	28
ENSG00000253391	0	0	0	0	0	0	0	0	0	0	0	0	0	0	0	0	0	0	0	0	0	0	0	0	0	0	0	0
ENSG00000253400	0	31	0	68	0	0	0	45	0	0	0	0	8	135	0	0	10	0	1	0	0	0	1435	0	0	1	0	2
ENSG00000253403	0	0	0	0	0	0	0	0	0	0	0	0	0	0	0	0	0	0	0	0	0	0	0	0	0	0	0	0
ENSG00000253412	0	0	0	0	0	0	0	0	0	0	0	0	0	0	0	0	0	0	0	0	0	0	0	0	0	0	0	0
ENSG00000253433	0	6	0	0	3	3	0	0	1	1	0	0	0	5	0	4	4	3	1	0	0	2	1	0	2	2	0	0
ENSG00000253438	47	365	146	688	108	433	62	210	107	581	115	424	184	445	131	97	528	143	751	211	171	245	592	520	164	820	683	269
ENSG00000253439	0	19	0	0	0	4	13	32	0	10	0	4	7	12	7	14	4	0	9	0	0	8	0	0	10	3	10	2
ENSG00000253451	55	1	78	7	8	31	56	15	79	0	3	7	236	83	17	0	17	1	1	5	7	317	62	36	60	1	1	38
ENSG00000253457	0	0	0	3	0	2	0	0	3	2	1	2	5	2	0	1	3	0	1	0	1	0	0	2	5	3	3	4
ENSG00000253479	0	4	0	1	0	2	0	0	0	0	1	2	3	0	0	5	1	0	0	0	19	0	0	0	0	0	0	0
ENSG00000253492	0	0	0	0	0	0	0	0	0	0	0	0	0	0	0	0	0	0	0	0	0	0	0	0	0	0	0	0
ENSG00000253516	0	36	8	18	11	20	14	10	0	17	40	13	6	4	4	10	19	4	27	8	0	3	27	28	17	57	19	10
ENSG00000253525	0	3	6	0	2	3	11	2	0	0	0	1	4	2	2	1	0	0	2	0	0	0	0	0	2	1	0	1
ENSG00000253568	0	0	0	0	0	0	0	0	0	0	0	0	0	0	0	0	0	0	0	0	0	0	0	0	0	0	0	0
ENSG00000253572	0	0	0	0	0	0	0	0	0	0	0	0	0	0	0	0	0	0	0	0	0	0	0	0	0	0	4	0
ENSG00000253605	0	2	0	0	0	4	2	0	0	0	5	0	13	3	0	0	4	0	4	0	0	0	0	0	2	0	0	0
ENSG00000253607	0	4	0	4	0	2	1	0	2	3	0	2	0	0	2	6	1	0	1	9	0	0	0	1	5	3	3	1
ENSG00000253608	0	0	4	8	0	6	1	0	0	14	0	0	0	0	4	0	2	0	0	0	0	5	0	0	4	0	0	4
ENSG00000253633	2	0	1	4	1	0	1	0	0	0	1	2	4	0	2	6	0	0	0	0	0	6	1	0	4	6	2	0
ENSG00000253639	0	0	1	0	0	0	0	0	0	0	0	1	0	0	0	0	0	0	0	0	0	0	0	0	0	0	0	0
ENSG00000253643	0	100	0	0	0	2	0	0	0	0	0	0	0	14	0	0	0	0	0	0	0	0	0	2	0	0	37	4
ENSG00000253644	4	0	2	6	1	0	9	0	0	0	0	9	6	14	23	4	4	0	20	0	25	8	30	2	10	2	0	4
ENSG00000253658	0	0	0	0	0	0	0	0	0	0	0	0	0	5	0	0	0	0	0	0	0	0	0	0	2	0	3	0
ENSG00000253665	0	1	0	3	3	5	0	0	0	0	0	0	0	0	0	0	4	0	8	9	0	0	6	5	1	1	2	4
ENSG00000253676	2	2	1	0	0	0	12	4	0	0	0	0	8	1	1	0	0	1	2	1	3	0	0	2	3	0	0	0
ENSG00000253681	0	0	0	0	0	0	0	0	0	0	0	0	0	0	0	0	0	0	0	0	0	0	0	0	0	0	0	0
ENSG00000253683	0	5	2	2	1	1	4	2	0	1	1	1	0	1	0	1	0	5	0	1	2	7	8	2	0	0	1	0
ENSG00000253687	0	0	0	0	0	0	0	0	0	0	2	0	0	0	0	0	0	0	0	0	0	0	0	0	0	0	0	0
ENSG00000253693	0	2	0	5	2	32	12	8	0	8	16	7	0	14	0	0	3	0	0	6	0	1	21	16	0	0	12	8
ENSG00000253695	0	0	4	1	0	6	0	2	6	0	1	3	8	2	2	4	3	1	2	0	0	0	0	3	0	0	0	2
ENSG00000253755	41	5	154	134	17	201	98	14	158	6	22	33	444	88	9	16	22	1	2	25	5	32	34	57	384	6	13	64
ENSG00000253770	0	0	0	5	0	3	3	0	0	1	0	7	2	2	0	0	5	0	0	11	0	0	1	4	3	2	0	0
ENSG00000253819	0	0	2	1	6	2	3	1	1	3	1	1	0	0	0	6	0	0	1	10	0	0	0	1	2	1	0	2
ENSG00000253821	0	66	109	304	1	0	33	244	8	13	45	10	266	2181	246	3	450	202	15	104	48	231	192	172	152	56	0	433
ENSG00000253838	0	0	2	1	4	3	4	11	0	0	0	0	0	1	1	0	1	0	2	0	0	0	3	1	0	2	1	1
ENSG00000253844	2	5	1	2	0	0	0	6	0	0	0	2	0	2	2	13	0	1	2	0	2	0	0	1	2	5	0	0
ENSG00000253848	0	0	0	2	2	4	4	0	0	0	0	3	0	4	2	0	2	2	0	0	0	2	0	0	2	2	2	4
ENSG00000253853	0	0	17	0	6	15	9	2	0	0	2	2	12	5	0	4	1	4	33	7	62	2	4	10	1	73	0	7
ENSG00000253873	0	2	28	24	10	19	36	11	0	9	1	14	57	20	12	9	3	10	21	31	14	0	0	9	6	7	21	39
ENSG00000253889	0	0	0	0	0	0	0	0	0	0	0	0	0	0	0	0	0	0	0	0	0	0	0	0	0	0	0	0
ENSG00000253891	1	3	0	0	0	0	0	0	0	5	0	2	2	7	0	0	8	0	0	0	18	0	0	0	2	3	1	0
ENSG00000253908	0	0	3	1	2	2	0	12	0	6	0	0	0	5	0	0	2	0	2	0	0	0	0	2	6	2	0	0
ENSG00000253923	0	3	2	0	3	2	0	0	3	7	1	8	5	2	0	11	5	0	4	0	3	4	0	2	1	7	5	0
ENSG00000253924	0	10	0	0	0	4	0	4	0	0	2	0	3	1	1	0	7	2	4	0	0	0	0	0	0	1	2	0
ENSG00000253953	0	0	52	26	10	7	117	76	2	9	2	10	111	121	26	9	9	10	21	32	11	9	0	16	41	2	24	97
ENSG00000253966	0	0	2	0	0	6	2	0	0	0	2	0	0	0	6	0	2	0	0	0	0	12	1	0	3	0	0	2
ENSG00000253973	6	11	31	10	4	6	87	0	6	13	2	11	32	0	9	12	8	0	2	10	0	0	2	31	19	11	8	13
ENSG00000253980	0	0	0	5	4	28	0	7	0	14	15	11	0	0	0	21	9	0	7	0	0	4	12	7	6	4	4	0
ENSG00000253988	0	20	0	2	9	33	10	10	0	13	4	19	8	14	10	0	5	0	11	7	0	0	0	10	12	8	14	2
ENSG00000253991	10	51	0	22	6	42	8	18	8	35	6	10	0	0	0	10	52	2	49	28	29	7	21	46	17	37	45	16
ENSG00000253998	1	0	46	3	16	12	0	0	57	0	0	1	22	7	0	8	0	0	2	0	0	24	17	15	18	0	0	1
ENSG00000254003	0	0	0	0	0	1	2	6	0	4	3	2	6	5	0	0	0	0	2	0	0	0	0	2	0	1	0	3
ENSG00000254006	0	1	6	0	5	0	0	0	4	0	0	2	0	3	4	0	1	0	0	0	0	12	0	0	1	1	0	4
ENSG00000254017	8	36	0	10	0	10	0	0	7	41	6	10	4	2	3	17	14	4	11	36	10	2	0	36	12	1	10	3
ENSG00000254019	5	0	0	0	5	9	6	0	1	4	0	0	0	0	0	0	0	1	2	0	0	2	0	2	2	3	0	1
ENSG00000254044	1	1	5	6	2	1	2	2	1	2	0	4	1	1	1	1	3	3	3	2	0	1	0	2	2	1	0	0
ENSG00000254050	0	0	0	4	0	0	0	0	0	0	0	0	0	0	0	0	0	0	0	0	0	0	0	0	0	0	0	0
ENSG00000254054	0	1	0	0	4	4	6	12	0	0	0	0	5	0	0	0	4	0	0	0	0	0	0	2	1	0	2	0
ENSG00000254061	0	1	0	2	0	2	2	2	0	3	0	8	2	0	0	0	0	0	0	0	0	0	0	15	0	1	7	3
ENSG00000254066	36	22	0	5	19	275	16	15	7	69	70	36	0	55	0	15	13	0	8	26	3	56	83	187	6	2	30	3
ENSG00000254080	6	6	3	19	23	45	9	10	42	10	7	2	19	11	6	10	79	8	16	8	0	0	0	3	16	1	62	25
ENSG00000254081	0	0	0	1	0	0	1	0	0	15	1	1	2	0	1	2	4	0	1	0	4	0	0	2	1	0	3	0
ENSG00000254088	0	18	0	0	0	0	0	2	0	2	8	5	0	1	0	5	4	0	3	4	2	0	0	3	6	0	4	0
ENSG00000254089	5	10	35	40	4	0	61	27	18	11	12	3	49	43	376	7	11	99	48	88	97	169	32	35	122	6	10	106
ENSG00000254092	6	15	6	0	10	9	0	0	2	8	3	0	2	3	11	4	10	2	2	100	0	19	0	6	2	0	4	44
ENSG00000254111	0	21	3	2	5	13	0	0	7	32	4	5	3	0	0	0	6	1	1	5	0	4	0	8	9	12	6	4
ENSG00000254119	0	0	0	0	0	0	0	0	0	0	0	0	0	0	0	1	0	0	0	0	0	0	0	0	0	0	0	0
ENSG00000254122	0	8	285	23	11	16	296	208	24	6	35	42	248	60	54	53	24	58	21	122	28	34	12	12	75	6	2	138
ENSG00000254126	9	0	42	2	14	4	11	0	25	70	8	10	16	1	21	28	6	10	13	14	0	0	2	6	8	9	12	29
ENSG00000254132	730	4	8	4	3	13	1	0	612	352	13	4	26	9	9	13	12	4	7	508	169	9	3	14	13	4	5	4
ENSG00000254143	0	9	0	1	0	4	0	0	0	0	0	0	2	0	0	6	4	0	0	0	0	0	0	5	7	2	1	4
ENSG00000254171	0	0	0	1	2	7	1	0	0	0	0	1	1	12	3	0	0	0	0	0	0	8	0	5	0	0	0	2
ENSG00000254189	0	0	0	0	0	0	0	0	0	0	0	0	0	0	0	0	0	0	0	0	0	0	0	0	0	0	0	0
ENSG00000254205	2	0	6	13	0	24	27	8	14	5	1	5	12	6	3	5	14	8	12	18	12	18	7	16	28	4	12	7
ENSG00000254213	2	0	3	0	0	6	4	0	0	0	0	0	5	6	0	0	5	3	3	0	0	2	2	9	1	2	0	0
ENSG00000254221	0	4	32	9	0	20	39	42	6	1	14	8	33	79	7	4	2	0	7	2	34	20	19	2	8	5	6	21
ENSG00000254236	0	1	1	0	0	0	2	0	0	1	0	0	0	2	0	1	0	0	0	0	0	0	0	0	0	0	0	0
ENSG00000254242	0	2	0	4	0	0	8	5	0	2	0	0	0	0	0	0	0	0	0	0	0	0	0	0	0	5	5	0
ENSG00000254248	0	20	0	7	0	5	0	0	0	15	0	3	0	0	0	4	15	0	16	0	7	4	7	8	0	12	6	0
ENSG00000254261	0	3	0	31	0	0	0	27	0	0	0	0	6	56	0	0	0	0	0	0	0	0	260	0	0	0	0	0
ENSG00000254263	0	5	1	3	0	3	2	0	0	0	0	1	0	0	0	0	9	0	5	0	2	0	0	6	5	2	5	2
ENSG00000254285	1	0	1	4	2	0	5	1	0	2	0	0	1	0	3	1	1	4	3	1	5	0	1	2	0	0	0	2
ENSG00000254299	0	5	0	0	0	0	2	0	4	4	11	2	8	0	2	3	0	0	2	0	0	0	0	2	3	0	0	0
ENSG00000254314	0	31	1	11	0	1	5	44	2	6	0	0	11	99	1	0	4	7	48	29	33	0	15	22	1	8	0	8
ENSG00000254321	1	3	0	3	0	1	2	0	3	11	3	0	0	0	2	0	3	0	2	4	0	4	2	0	2	1	0	3
ENSG00000254339	0	0	0	0	0	0	0	0	0	0	0	0	0	0	0	0	0	0	0	0	0	0	0	0	0	0	1	1
ENSG00000254399	0	17	0	10	0	1	3	47	1	30	1	14	14	48	2	0	9	0	10	0	13	0	12	4	2	18	12	4
ENSG00000254415	0	5	1	63	2	3	182	129	5	2	0	4	1	0	75	38	64	7	30	31	77	1	8	4	89	67	38	84
ENSG00000254420	0	4	5	0	0	4	0	6	0	1	2	3	9	3	3	0	1	0	0	0	0	0	0	3	0	1	2	0
ENSG00000254444	0	6	0	2	0	2	2	0	0	4	1	0	4	2	1	0	0	3	1	3	0	0	4	0	2	0	1	0
ENSG00000254449	0	0	0	0	0	0	0	0	0	0	0	0	0	0	0	0	0	0	0	0	0	0	0	0	0	0	0	0
ENSG00000254461	4	50	2	5	0	21	2	17	7	49	4	22	27	15	6	1	14	0	11	8	0	2	2	46	29	14	11	4
ENSG00000254463	0	66	10	18	0	44	40	61	0	38	0	18	51	37	5	5	18	0	29	13	28	8	12	16	33	42	56	15
ENSG00000254465	0	9	0	0	0	0	0	9	7	2	0	2	0	0	0	0	2	0	2	0	0	0	0	4	0	0	0	0
ENSG00000254501	0	1	2	3	3	2	2	0	0	2	2	0	2	5	5	1	1	3	2	0	5	0	0	3	0	2	0	5
ENSG00000254505	78	178	76	149	101	165	141	163	154	221	197	154	92	84	131	135	173	167	218	153	126	163	72	209	165	160	106	110
ENSG00000254506	2	1	8	3	0	0	7	0	0	6	0	0	0	0	3	0	0	2	1	5	7	0	0	0	4	0	0	2
ENSG00000254511	0	3	3	0	0	2	0	10	0	3	0	1	0	2	0	0	0	0	2	2	5	0	0	2	0	1	0	1
ENSG00000254515	0	0	0	2	0	0	0	0	0	2	0	1	0	0	0	0	0	0	2	0	0	0	0	0	0	0	3	0
ENSG00000254521	2	0	51	11	0	0	153	21	2	4	18	7	49	15	27	0	30	7	17	29	0	23	20	26	14	3	4	40
ENSG00000254527	0	1	0	0	0	0	3	0	0	5	0	2	0	1	1	2	1	0	0	2	0	0	0	1	4	2	0	0
ENSG00000254542	0	0	1	1	6	0	0	0	0	7	10	0	0	0	0	2	2	1	2	0	0	0	0	0	0	2	1	0
ENSG00000254546	0	0	0	0	0	0	0	0	2	0	0	0	0	0	0	0	0	0	0	0	0	0	0	0	0	0	0	0
ENSG00000254550	0	0	0	0	0	1	0	0	0	0	0	0	6	12	0	0	0	0	0	20	0	0	0	0	1	0	0	1
ENSG00000254554	0	5	4	0	2	0	2	0	3	6	0	1	0	7	1	0	1	0	0	1	0	0	0	0	2	0	0	2
ENSG00000254556	0	2	2	4	0	0	2	0	0	0	0	5	1	7	0	0	2	0	2	0	0	0	5	0	3	2	0	0
ENSG00000254557	0	0	0	0	0	3	3	3	1	0	0	3	0	0	0	0	2	0	3	12	0	0	0	5	0	1	1	1
ENSG00000254558	0	0	3	0	0	1	1	0	5	2	3	2	5	0	4	1	0	1	2	10	2	0	3	2	1	1	0	2
ENSG00000254561	16	20	11	29	15	36	11	15	24	32	25	32	15	12	7	33	36	6	28	25	7	8	33	59	14	52	32	15
ENSG00000254565	0	4	0	0	0	1	3	0	0	0	0	0	0	3	2	0	0	0	0	0	0	0	0	0	2	0	4	0
ENSG00000254567	44	143	9	41	4	26	0	75	25	33	6	63	29	105	2	2	6	27	53	15	303	15	43	25	2	19	44	11
ENSG00000254573	0	15	0	3	0	0	0	0	0	9	0	1	0	0	0	0	3	0	0	0	5	0	6	0	0	1	0	0
ENSG00000254612	0	3	6	0	0	0	1	1	0	0	0	0	5	0	5	3	0	0	0	3	0	0	0	0	2	3	0	5
ENSG00000254625	0	0	0	0	0	0	0	0	0	0	0	0	0	0	0	0	0	0	0	0	0	0	0	0	0	0	0	0
ENSG00000254644	0	0	0	2	0	0	0	0	0	4	0	0	0	0	0	0	0	0	0	0	0	0	0	0	0	0	0	0
ENSG00000254645	0	2	0	6	0	0	0	0	0	0	0	4	3	7	4	0	5	0	0	0	10	0	0	0	2	2	5	3
ENSG00000254653	0	0	0	5	1	1	0	6	0	6	0	0	0	0	0	7	9	0	6	0	0	0	0	0	3	3	3	0
ENSG00000254665	0	0	0	0	0	0	0	0	0	0	0	0	0	0	0	0	0	0	0	0	0	0	0	0	0	0	0	0
ENSG00000254689	0	15	2	31	4	38	12	33	0	17	1	21	31	36	9	0	18	0	13	23	16	0	72	19	16	12	23	7
ENSG00000254701	0	1	2	4	0	20	2	4	0	3	1	12	0	4	1	0	3	4	4	5	20	4	2	6	1	4	8	1
ENSG00000254709	116	71	1164	101	329	606	724	72	240	26	142	230	1214	216	41	61	110	24	37	121	42	1549	415	328	471	21	85	208
ENSG00000254715	1	8	5	1	0	1	3	0	0	6	4	2	0	0	4	1	5	0	0	0	0	0	0	2	5	1	0	4
ENSG00000254717	0	6	4	2	5	20	3	164	4	38	4	14	23	18	1	0	4	0	38	0	0	0	7	2	1	6	13	7
ENSG00000254721	0	0	0	0	0	0	0	0	0	0	0	0	0	0	0	0	0	0	0	0	0	0	0	0	0	0	0	0
ENSG00000254791	14	4	0	1	2	2	2	2	2	1	0	3	1	4	0	0	2	0	2	2	0	0	0	2	3	0	0	2
ENSG00000254810	0	2	33	13	2	8	59	11	0	2	10	12	30	31	4	7	8	4	7	15	0	7	0	7	17	0	19	14
ENSG00000254818	0	0	0	0	0	0	6	0	0	0	0	0	0	0	0	0	0	0	0	0	0	0	0	0	0	0	0	0
ENSG00000254855	0	10	3	1	0	5	7	1	0	1	1	6	9	3	2	0	3	0	0	9	0	0	0	6	3	1	0	1
ENSG00000254856	0	8	0	0	0	3	1	0	0	9	0	0	0	0	0	0	3	0	0	0	0	0	0	2	5	0	6	2
ENSG00000254861	0	143	2	10	9	1	2	6	6	9	3	0	5	2	1	1	85	0	2	8	0	5	32	15	0	0	0	18
ENSG00000254864	3	0	3	5	0	8	0	0	6	0	2	0	2	0	1	8	1	0	2	0	0	0	0	1	2	2	1	0
ENSG00000254897	0	1	0	2	0	12	0	0	0	0	0	3	0	1	4	0	0	0	3	8	0	0	0	4	2	0	5	0
ENSG00000254917	0	0	0	0	0	0	0	0	0	0	0	0	0	0	0	0	0	0	0	0	7	0	0	0	0	0	0	0
ENSG00000254919	0	0	0	0	0	0	1	0	0	0	0	0	0	0	0	0	0	0	0	0	0	0	0	0	0	0	0	0
ENSG00000254988	3	2	2	0	14	456	0	0	14	44	12	2	20	75	0	3	11	2	1	0	148	0	0	9	2	0	32	33
ENSG00000254992	0	0	0	0	0	0	0	0	0	0	0	0	0	0	0	0	0	0	0	0	0	0	0	0	0	0	0	0
ENSG00000254995	0	22	11	29	0	26	56	23	9	57	6	24	39	52	5	4	11	2	18	7	14	0	14	27	43	4	25	6
ENSG00000255002	0	5	1	4	1	1	1	0	2	1	2	1	0	10	0	0	6	0	1	1	0	0	0	5	4	2	3	1
ENSG00000255003	0	12	0	11	0	29	3	6	14	14	0	25	0	4	2	2	12	0	26	8	2	23	28	20	17	18	11	9
ENSG00000255005	0	10	0	9	0	5	0	4	0	0	1	5	0	3	0	0	2	0	4	0	0	0	8	1	0	0	0	0
ENSG00000255020	0	5	18	2	18	0	10	18	15	6	9	4	57	32	64	2	8	62	9	10	7	67	27	2	26	2	4	25
ENSG00000255040	1	36	2	21	2	12	10	24	3	56	2	10	2	1	3	8	25	0	10	0	0	2	8	24	22	18	20	15
ENSG00000255042	0	0	0	0	15	3	2	0	0	0	2	0	0	11	0	0	2	9	106	0	0	18	0	0	0	2	2	21
ENSG00000255104	0	0	0	1	0	1	0	0	0	0	0	4	0	1	0	0	0	0	0	0	0	0	0	0	0	4	0	2
ENSG00000255105	0	6	0	6	0	0	0	2	0	0	0	4	0	0	0	0	2	0	0	8	0	0	0	11	3	0	0	0
ENSG00000255108	0	3	0	1	1	1	0	2	0	3	0	2	0	0	2	0	0	0	1	11	0	4	4	0	0	1	0	3
ENSG00000255126	0	0	0	0	0	0	0	0	0	0	0	0	0	0	0	0	0	0	0	0	0	0	0	0	0	0	0	0
ENSG00000255136	1	0	2	0	0	0	0	8	0	0	8	6	4	3	5	0	0	1	0	0	0	0	0	0	4	5	0	0
ENSG00000255151	0	11	6	14	2	11	3	31	1	10	0	13	28	158	1	0	14	5	37	5	8	0	40	4	2	8	18	10
ENSG00000255169	0	0	0	0	4	0	0	0	0	0	0	2	0	0	13	0	0	0	1	3	0	9	0	2	0	2	0	4
ENSG00000255176	0	9	6	1	0	9	14	18	0	47	0	18	14	19	2	9	9	0	1	6	0	0	0	5	17	1	17	6
ENSG00000255189	28	77	38	74	10	21	38	109	18	97	35	41	84	179	23	11	78	6	35	26	61	16	104	36	23	41	121	51
ENSG00000255193	0	167	3	3	0	0	2	9	1	8	0	0	12	9	0	0	83	7	1	14	1	19	32	2	1	0	2	18
ENSG00000255197	11	94	168	146	89	172	269	209	45	127	150	170	206	163	46	160	76	76	76	60	30	52	31	131	206	121	94	73
ENSG00000255210	0	0	0	0	0	0	0	0	0	0	0	0	0	0	0	0	0	0	0	0	0	0	0	0	0	0	0	0
ENSG00000255219	0	1	2	0	1	6	0	0	0	0	2	9	0	0	0	2	0	2	0	0	0	0	0	7	3	3	3	0
ENSG00000255221	0	0	0	0	6	2	0	0	4	0	4	2	0	4	2	0	2	0	2	0	0	0	0	0	4	0	2	3
ENSG00000255226	0	0	0	0	0	0	0	0	0	0	0	0	0	0	0	0	0	0	0	0	0	0	0	0	0	0	0	0
ENSG00000255229	0	0	0	0	0	0	0	0	0	0	0	0	0	0	0	0	0	0	0	0	0	0	0	0	0	0	0	0
ENSG00000255239	3	0	3	0	1	0	1	1	3	0	0	2	2	3	3	4	4	1	2	0	7	4	0	0	0	0	1	0
ENSG00000255256	0	0	1	11	0	1	4	0	1	25	5	7	1	0	5	30	8	1	11	23	19	6	0	7	7	33	11	11
ENSG00000255298	0	0	0	4	0	0	0	0	0	0	0	0	1	0	5	0	0	0	0	4	25	2	0	0	0	4	0	0
ENSG00000255300	0	0	0	0	0	8	0	0	0	0	0	0	0	0	0	0	0	0	0	0	0	0	0	0	0	0	0	0
ENSG00000255337	73	61	17	18	27	51	53	24	58	111	87	25	63	47	24	80	51	13	39	52	14	30	32	47	31	39	31	45
ENSG00000255338	0	0	0	0	0	0	0	0	0	0	0	0	0	0	0	0	0	0	0	0	0	0	0	0	0	0	0	0
ENSG00000255349	0	0	0	0	0	0	0	0	0	0	0	0	0	0	0	0	0	0	0	0	0	0	0	0	0	0	0	0
ENSG00000255363	6	4	0	1	2	0	0	1	4	7	0	0	3	6	3	11	2	0	4	2	21	0	11	1	3	0	2	0
ENSG00000255371	0	0	0	0	0	0	0	0	0	0	0	0	0	0	0	0	0	0	0	0	0	0	0	0	0	0	0	0
ENSG00000255374	0	2	0	0	0	0	6	0	0	1	0	0	4	5	2	0	2	0	1	0	0	0	0	3	2	0	6	5
ENSG00000255381	0	0	0	14	0	4	1	0	0	2	0	2	2	3	4	0	10	0	1	1	1	0	0	0	0	0	0	5
ENSG00000255408	14	3	23	2	2	30	20	6	6	26	10	9	80	277	2	13	4	2	10	27	20	4	0	1	16	11	2	51
ENSG00000255422	0	8	6	6	0	2	0	2	1	0	2	4	0	0	0	0	6	0	0	4	0	0	0	3	4	2	0	2
ENSG00000255446	28	0	20	8	20	1	45	1	24	1	35	0	11	0	19	10	7	88	4	17	14	13	0	1	65	1	0	9
ENSG00000255489	0	0	0	0	2	38	0	0	0	0	0	0	0	0	0	0	0	0	0	0	0	0	0	1	2	0	0	0
ENSG00000255501	2	1	0	2	0	1	1	2	2	2	1	1	3	2	1	1	4	0	5	2	0	1	4	3	2	1	1	0
ENSG00000255520	0	2	0	0	1	3	0	4	0	0	2	0	0	0	0	0	4	0	10	0	0	5	3	4	0	2	2	0
ENSG00000255522	0	4	0	0	3	1	2	2	0	2	0	0	3	2	0	2	5	0	3	3	0	0	7	2	1	2	0	1
ENSG00000255524	8	28	4	10	3	24	14	35	10	52	12	25	27	24	18	4	11	2	12	7	5	14	24	33	19	21	27	11
ENSG00000255542	0	4	0	0	1	9	0	0	0	0	2	9	0	0	0	7	0	0	3	0	0	2	0	6	0	0	0	0
ENSG00000255543	0	0	0	0	0	0	0	0	0	0	0	0	0	0	0	0	0	0	0	0	0	0	0	0	0	0	0	0
ENSG00000255545	22	1417	145	375	14	123	21	1260	4	658	29	698	188	1300	48	19	1217	16	41	66	367	119	877	54	28	1270	885	284
ENSG00000255575	0	0	0	0	0	2	0	0	0	0	0	2	0	0	0	0	0	0	2	0	1	0	5	1	0	2	0	0
ENSG00000255585	10	22	13	18	8	9	33	23	0	23	6	6	9	44	1	10	13	5	9	5	13	8	9	11	29	17	17	8
ENSG00000255595	0	2	0	2	3	5	0	0	0	8	0	0	0	4	0	1	4	4	3	0	0	5	0	1	2	2	4	0
ENSG00000255624	10	10	6	120	0	17	12	9	3	9	1	14	0	22	9	6	21	0	10	12	27	5	2	14	140	1	2	5
ENSG00000255647	0	2	1	0	0	1	0	6	0	2	0	6	8	3	1	0	2	0	1	0	0	0	0	0	1	1	2	2
ENSG00000255650	0	3	9	10	2	4	3	26	1	18	6	8	4	23	6	2	8	0	3	2	0	0	8	35	4	5	18	17
ENSG00000255693	0	48	3	10	2	6	0	15	3	37	0	8	0	17	0	0	6	0	20	0	18	0	16	1	0	5	11	0
ENSG00000255819	0	0	1	1	0	2	7	5	0	0	0	0	8	2	4	2	0	0	2	2	0	0	0	0	2	0	3	5
ENSG00000255833	0	2	44	2	14	3	12	16	2	0	20	10	29	4	4	0	2	0	1	13	0	0	0	5	4	1	0	7
ENSG00000255851	9	1	0	0	4	1	1	0	5	3	2	1	0	2	2	5	2	0	4	0	0	2	0	0	0	4	2	2
ENSG00000255870	0	0	0	0	0	0	0	0	0	0	0	0	0	0	0	0	0	0	0	0	0	0	0	0	0	0	0	0
ENSG00000255871	0	41	0	17	0	10	0	5	0	17	9	8	0	7	2	0	5	0	4	23	5	13	10	16	2	11	5	2
ENSG00000255886	0	7	0	1	1	5	0	0	0	0	0	3	0	0	1	5	6	0	3	0	0	0	2	0	3	2	2	0
ENSG00000255965	0	0	0	0	0	0	0	0	0	0	0	0	0	1	0	0	0	0	0	0	0	0	0	0	0	0	0	0
ENSG00000255986	6	14	5	71	7	4	115	7	15	17	11	11	11	10	23	116	89	0	9	29	4	74	9	11	292	22	61	62
ENSG00000255993	5	7	0	1	0	1	0	0	2	0	0	1	0	0	0	5	0	0	1	2	8	1	0	3	4	0	4	2
ENSG00000256007	0	7	0	0	1	6	0	0	0	12	2	6	0	0	2	0	0	0	0	0	0	0	0	0	0	1	0	0
ENSG00000256019	0	2	0	3	1	2	0	0	0	0	0	3	12	3	1	0	0	0	0	8	0	2	0	2	8	0	0	0
ENSG00000256056	29	45	1	33	20	46	38	25	15	89	27	64	0	4	3	74	44	6	61	40	7	51	56	143	33	54	43	13
ENSG00000256079	0	6	0	12	3	9	0	0	6	0	4	1	0	0	0	2	2	0	0	0	0	2	0	0	0	4	0	0
ENSG00000256084	0	3	2	1	3	2	8	0	2	0	1	3	1	4	0	0	3	2	0	3	0	0	0	3	0	0	0	2
ENSG00000256085	0	0	0	0	1	0	0	0	4	0	1	3	0	3	4	0	0	0	2	6	5	0	0	0	2	6	0	1
ENSG00000256134	0	15	0	0	0	0	0	0	0	0	0	4	10	0	0	0	0	0	0	6	0	0	0	0	0	2	0	0
ENSG00000256232	0	0	0	0	6	2	2	0	6	12	0	4	0	0	4	0	9	0	2	0	3	0	0	2	0	0	0	0
ENSG00000256238	0	20	0	2	1	0	2	0	0	0	0	0	0	8	0	0	0	0	0	2	12	1	0	2	0	0	0	0
ENSG00000256249	0	6	0	0	4	1	0	0	0	5	0	0	0	2	0	0	1	0	0	0	3	0	3	4	1	0	0	0
ENSG00000256312	0	0	2	0	0	2	5	0	0	0	4	2	0	0	2	0	2	0	4	0	2	0	6	0	2	0	1	4
ENSG00000256343	0	0	2	1	1	2	0	9	1	4	0	5	0	0	0	1	4	1	3	0	0	0	2	5	3	4	2	0
ENSG00000256377	0	2	75	11	1	3	48	70	6	4	6	17	5	3	3	2	3	2	4	7	0	200	80	119	13	8	2	7
ENSG00000256407	0	10	1	0	0	0	4	0	0	3	0	4	2	0	2	0	7	0	2	0	0	0	0	5	0	1	0	4
ENSG00000256442	0	5	0	0	0	3	6	0	2	0	0	2	1	7	2	0	8	0	1	0	0	0	0	2	0	4	0	2
ENSG00000256450	0	0	0	0	0	5	0	0	0	0	0	2	4	4	0	0	1	0	2	0	0	10	0	2	2	2	4	0
ENSG00000256463	82	3	265	17	122	179	52	0	148	19	104	45	60	11	183	126	37	170	194	227	94	281	40	139	152	29	103	182
ENSG00000256464	0	0	6	0	0	0	2	0	0	0	0	3	10	9	4	0	0	0	2	0	0	0	0	1	0	2	0	0
ENSG00000256499	0	0	0	0	0	5	0	0	0	0	0	0	0	0	0	0	0	0	0	0	0	0	0	0	1	2	0	0
ENSG00000256571	0	0	0	2	1	1	0	9	0	0	0	2	0	0	0	0	1	0	1	0	12	0	0	1	7	3	0	0
ENSG00000256582	0	0	0	0	0	1	2	0	0	0	0	0	0	0	0	0	2	0	0	0	0	0	0	0	0	0	2	0
ENSG00000256596	0	0	5	0	1	0	4	0	0	0	2	3	0	2	2	0	6	0	3	0	0	0	3	1	7	0	0	3
ENSG00000256650	0	0	1	0	0	1	4	0	0	12	0	3	1	5	0	0	4	0	2	8	0	0	0	0	6	2	0	0
ENSG00000256651	0	0	0	8	0	0	4	0	0	0	0	0	0	7	0	0	0	0	10	0	0	0	0	0	0	4	6	0
ENSG00000256654	14	1	0	0	0	2	0	0	2	3	0	0	2	0	2	4	0	0	0	0	0	0	0	5	2	2	0	0
ENSG00000256661	11	0	0	0	2	4	0	2	3	3	0	4	2	0	0	4	0	1	3	0	0	0	0	2	0	1	0	0
ENSG00000256706	0	4	2	0	0	0	2	0	2	2	4	0	0	2	0	5	5	0	0	0	16	0	0	2	2	2	0	0
ENSG00000256720	0	4	0	0	0	8	2	0	0	2	3	2	2	2	1	1	1	2	1	0	0	0	0	1	3	2	0	0
ENSG00000256751	77	9	155	35	74	15	112	9	163	20	122	39	191	26	76	14	33	28	38	144	2	88	0	37	100	21	4	59
ENSG00000256752	0	0	0	0	0	0	0	0	0	0	0	0	0	0	0	0	0	0	0	0	0	0	0	0	0	0	0	0
ENSG00000256762	0	5	0	2	0	7	0	0	0	1	0	1	1	0	2	0	2	0	0	0	2	0	3	2	1	8	0	0
ENSG00000256789	0	5	0	3	3	2	8	5	3	4	0	0	0	2	0	0	0	0	4	0	0	0	0	2	0	2	4	0
ENSG00000256812	29	5	22	15	152	25	46	0	24	0	117	4	17	2	19	93	0	69	8	71	18	66	0	6	75	0	6	14
ENSG00000256870	1	33	275	52	64	9	311	17	38	13	36	2	70	17	352	156	145	299	19	576	5	252	2	104	148	11	25	130
ENSG00000256916	0	0	64	2	30	10	20	0	2	2	9	1	17	14	2	64	3	2	10	0	0	17	0	45	3	5	34	14
ENSG00000256944	0	0	11	22	1	1	34	21	1	0	7	5	21	15	20	13	7	7	0	12	12	1	5	5	12	0	0	48
ENSG00000256968	7	1	1	1	0	8	0	0	1	9	3	1	0	0	0	0	2	0	1	0	0	0	0	2	0	0	1	0
ENSG00000256972	0	3	4	10	0	28	0	23	0	7	9	27	0	2	1	0	15	0	7	0	12	0	7	23	3	2	7	10
ENSG00000256984	0	1	0	1	0	4	12	3	0	6	0	0	0	1	0	0	6	0	6	3	0	0	0	4	2	0	2	1
ENSG00000257038	19	16	12	4	5	15	18	8	17	8	13	5	9	2	8	26	13	11	2	12	0	5	7	8	19	5	9	2
ENSG00000257042	0	9	4	0	4	1	1	0	1	0	0	2	0	0	0	0	0	4	1	0	0	0	0	2	5	2	6	5
ENSG00000257046	0	0	0	2	0	2	0	0	0	0	0	3	0	0	0	0	0	0	0	0	0	0	0	2	0	8	20	0
ENSG00000257115	0	0	0	0	0	0	0	0	0	0	0	0	0	0	0	0	0	2	0	0	0	4	0	0	0	0	1	0
ENSG00000257139	0	4	2	1	0	1	8	3	1	2	2	1	5	1	0	0	0	0	1	5	0	3	2	3	3	0	2	0
ENSG00000257159	0	0	0	0	0	2	0	0	2	0	0	4	0	2	0	2	2	4	4	0	4	0	0	3	2	2	4	0
ENSG00000257179	0	0	0	1	0	0	0	0	0	0	0	0	0	0	0	0	0	0	0	0	0	0	0	0	0	0	0	0
ENSG00000257191	0	24	4	36	0	4	17	54	2	1	0	0	0	13	0	0	13	2	0	0	0	0	29	0	9	0	0	9
ENSG00000257194	0	4	0	0	1	2	2	0	2	4	0	4	5	4	0	0	4	0	4	0	0	0	0	3	6	4	6	0
ENSG00000257221	0	10	0	0	0	11	2	0	2	4	0	3	5	1	0	0	7	0	0	5	0	0	0	14	9	0	1	5
ENSG00000257225	0	0	2	2	0	5	0	0	0	4	1	2	9	1	0	0	0	0	4	0	2	0	0	4	1	0	3	0
ENSG00000257226	0	0	2	1	0	0	8	2	0	0	0	1	4	2	0	3	0	2	2	0	0	0	0	0	5	0	5	0
ENSG00000257252	6	42	32	101	12	50	62	114	16	25	2	3	54	174	37	30	71	8	15	56	0	87	132	63	35	74	13	36
ENSG00000257259	8	50	3	33	2	0	67	86	23	151	6	3	14	2	8	28	31	5	2	1	5	32	22	4	62	14	15	1
ENSG00000257284	0	0	0	0	0	0	4	0	0	0	0	0	0	2	0	0	0	0	2	0	0	0	0	0	0	0	0	0
ENSG00000257289	0	0	2	4	0	0	1	2	0	2	0	0	2	0	0	0	1	0	0	5	0	8	0	2	18	0	2	2
ENSG00000257315	0	2	30	7	0	0	28	20	1	0	0	12	20	24	7	0	6	0	3	0	1	0	0	4	15	3	6	7
ENSG00000257322	0	7	5	13	8	0	4	12	6	0	0	3	29	87	7	0	33	0	5	2	0	0	34	16	9	10	2	17
ENSG00000257332	0	0	0	2	0	0	0	0	0	0	0	0	0	0	0	0	0	0	0	0	0	0	0	0	0	0	0	0
ENSG00000257335	0	3	12	11	0	11	27	19	4	0	1	5	31	10	8	5	12	0	6	0	0	0	1	18	17	6	5	9
ENSG00000257346	0	0	0	0	0	0	2	0	0	0	0	0	0	0	0	0	0	0	0	0	0	0	0	0	0	2	0	0
ENSG00000257368	0	0	2	0	0	2	3	0	3	9	2	3	0	2	0	6	2	0	2	0	0	0	0	0	0	0	2	0
ENSG00000257379	0	0	0	1	0	1	1	0	0	0	0	0	1	8	1	0	1	0	0	7	7	0	7	3	1	0	0	0
ENSG00000257391	4	10	0	0	8	27	0	0	2	12	9	10	8	1	0	14	0	0	2	21	35	22	78	0	0	0	15	0
ENSG00000257398	3	17	137	33	18	21	77	20	24	14	141	97	141	869	124	39	15	174	24	94	382	107	6	55	46	31	11	123
ENSG00000257434	0	3	4	1	3	139	29	2	5	0	0	53	10	38	35	0	4	20	105	7	0	12	0	2	36	53	10	1
ENSG00000257467	0	23	0	72	6	896	0	0	4	33	0	88	12	1	0	0	3	0	2	6	0	0	9	28	1	12	8	0
ENSG00000257474	0	3	0	0	0	0	0	0	0	1	0	1	13	14	0	0	2	0	4	0	1	0	18	157	0	2	1	2
ENSG00000257477	0	0	1	1	0	1	1	3	1	2	0	1	3	0	1	0	2	0	2	0	0	6	6	2	4	0	2	4
ENSG00000257501	109	7	15	12	13	6	10	4	221	2	21	10	26	9	6	4	8	0	21	0	0	42	2	22	20	9	9	24
ENSG00000257523	0	1	1	3	0	0	0	0	4	0	0	0	42	85	1	0	0	2	0	1	0	12	19	4	0	0	2	6
ENSG00000257579	0	5	1	6	0	0	1	1	0	0	0	1	0	0	1	0	1	0	2	6	0	0	0	3	1	0	3	0
ENSG00000257582	0	0	0	0	0	31	0	0	0	3	0	12	2	30	0	0	2	5	18	0	12	0	4	18	1	21	7	2
ENSG00000257594	3	0	16	3	0	2	7	8	0	0	0	0	10	8	5	0	1	0	2	2	0	0	0	3	7	0	0	17
ENSG00000257595	2	2	1	3	0	7	5	3	0	0	4	2	5	2	0	3	1	0	2	0	2	0	9	2	1	0	1	1
ENSG00000257605	0	0	0	0	0	0	0	2	0	5	4	1	3	9	0	0	8	0	2	0	0	0	0	1	4	0	0	1
ENSG00000257624	5	1	0	4	0	0	0	0	3	4	2	1	0	0	2	0	0	1	0	0	0	8	2	1	0	2	2	0
ENSG00000257635	10	10	3	0	3	7	0	7	24	15	34	25	156	71	1	0	0	0	9	36	0	12	2	9	0	0	11	2
ENSG00000257648	0	0	0	0	0	0	0	0	0	0	0	0	2	0	0	0	0	0	0	0	0	0	0	0	0	0	0	0
ENSG00000257671	8	6	49	25	31	53	73	0	25	4	22	8	38	5	15	52	27	3	18	18	2	26	0	91	67	7	42	40
ENSG00000257680	0	0	0	2	0	1	6	0	0	0	0	4	27	2	0	0	0	0	0	0	4	0	0	0	2	0	0	4
ENSG00000257743	0	0	10	0	0	0	38	0	0	4	4	0	23	6	2	14	4	0	0	0	0	11	0	1	20	0	4	23
ENSG00000257746	0	5	2	16	1	37	13	3	1	0	0	0	7	58	4	7	9	2	7	10	0	4	48	15	6	22	6	23
ENSG00000257752	0	4	2	1	0	0	1	0	2	0	0	0	6	14	2	0	2	0	0	0	0	0	0	2	7	0	0	0
ENSG00000257777	0	0	0	0	0	0	0	0	0	0	0	0	0	0	0	0	0	0	0	0	0	0	0	0	0	0	0	0
ENSG00000257802	17	79	12	149	39	83	39	74	79	193	76	114	9	11	63	127	110	87	162	111	42	202	158	121	125	138	106	88
ENSG00000257818	0	0	0	13	0	17	4	0	1	15	4	2	0	2	0	0	2	0	13	0	0	17	0	8	14	18	20	1
ENSG00000257829	0	0	5	0	0	0	2	3	0	0	2	0	17	2	0	1	0	2	0	0	0	0	0	5	3	0	0	3
ENSG00000257846	35	35	6	4	1	19	6	0	36	31	3	2	8	6	3	4	1	1	10	84	3	15	13	320	5	4	1	2
ENSG00000257865	0	0	0	0	0	0	0	0	0	0	0	0	0	0	0	0	0	0	0	0	0	0	0	0	0	0	0	0
ENSG00000257884	8	21	122	8	19	22	11	11	15	5	36	41	59	55	37	2	7	4	22	143	3	2	0	354	13	4	4	34
ENSG00000257891	8	2	5	3	2	0	15	1	1	0	0	0	12	50	100	6	1	23	1	98	19	25	10	16	6	0	2	23
ENSG00000257894	19	83	28	63	6	82	44	79	14	68	27	78	42	63	35	34	77	6	77	93	56	39	99	79	41	83	104	31
ENSG00000257896	0	2	1	1	1	1	7	0	0	0	0	0	1	9	2	1	4	0	1	0	0	0	0	0	1	2	1	4
ENSG00000257900	0	1	0	9	0	0	6	2	0	3	0	0	5	1	0	0	0	0	0	17	0	1	0	1	2	0	1	0
ENSG00000257921	0	0	0	0	0	0	0	0	0	0	0	1	0	1	0	0	0	0	0	0	0	0	0	0	1	0	0	0
ENSG00000257986	0	0	0	0	0	0	0	0	0	0	0	0	0	0	0	0	1	0	0	0	0	0	0	0	0	1	0	0
ENSG00000258026	0	10	0	0	0	4	0	0	0	5	0	2	0	0	0	0	4	0	1	0	0	0	0	8	3	2	0	0
ENSG00000258080	0	1	2	4	1	3	2	1	1	5	0	3	1	2	0	0	4	2	2	3	2	1	0	4	1	0	1	0
ENSG00000258081	0	13	2	26	10	10	1	4	11	27	6	7	9	7	9	20	14	8	13	5	16	5	15	19	7	16	23	6
ENSG00000258102	0	2	8	1	1	10	3	0	4	4	3	11	6	2	1	2	3	2	0	2	4	1	11	8	14	3	0	4
ENSG00000258104	0	2	0	0	3	3	0	0	0	2	0	3	0	0	0	14	2	0	0	0	0	0	0	0	2	0	7	0
ENSG00000258108	0	0	0	0	1	0	2	0	4	5	0	2	0	0	0	16	3	0	2	0	0	0	0	3	4	0	2	0
ENSG00000258162	0	46	14	210	20	3797	0	0	2	30	6	1045	135	779	1	0	2	0	0	0	143	0	0	227	0	11	520	2
ENSG00000258172	0	3	2	0	0	13	0	0	0	0	0	3	2	7	2	3	0	0	1	0	0	0	0	2	2	0	0	0
ENSG00000258175	0	0	2	0	0	6	0	0	6	0	0	0	0	0	0	6	0	0	0	0	9	0	0	2	0	0	4	3
ENSG00000258210	1	3	5	0	0	0	10	0	1	0	0	0	0	4	1	0	0	0	2	0	0	0	0	5	4	1	0	2
ENSG00000258227	0	4	25	30	5	13	68	29	2	15	17	20	59	64	8	40	27	2	31	2	10	1	0	42	30	12	34	13
ENSG00000258265	11	17	29	9	4	3	20	13	2	0	11	12	17	34	219	31	24	202	13	323	38	51	5	89	25	2	9	40
ENSG00000258285	13	3	0	1	3	4	0	0	2	0	1	4	0	0	0	0	0	3	1	0	3	0	0	1	1	1	0	0
ENSG00000258294	0	0	4	6	0	0	0	0	0	0	4	0	4	12	1	0	8	0	1	0	0	0	2	2	2	0	0	2
ENSG00000258317	0	0	1	0	1	3	11	0	0	0	1	1	9	8	0	0	3	0	0	0	1	0	0	1	3	0	0	2
ENSG00000258324	0	0	0	0	0	0	0	0	0	0	0	0	0	0	0	0	0	0	0	0	0	0	0	0	0	0	0	0
ENSG00000258336	0	0	0	0	0	0	0	0	0	0	0	0	0	0	0	0	0	0	0	0	0	0	0	0	0	0	0	0
ENSG00000258344	0	0	2	1	0	2	6	7	0	1	0	2	20	2	0	1	0	0	1	0	0	0	0	1	0	0	0	0
ENSG00000258357	0	3	0	0	0	2	5	3	0	11	0	2	0	2	0	0	0	0	0	0	0	0	0	0	0	10	1	1
ENSG00000258400	0	9	0	1	0	3	5	0	0	18	0	2	0	0	0	0	3	0	1	0	0	0	0	0	1	0	0	3
ENSG00000258404	0	0	0	0	0	0	0	0	0	0	0	0	0	0	0	0	0	0	0	0	0	0	0	0	1	0	0	0
ENSG00000258448	0	2	0	4	0	3	0	0	0	0	0	0	9	5	0	0	7	0	3	1	0	0	0	3	2	0	0	3
ENSG00000258455	0	1	2	3	0	5	2	0	0	2	0	0	2	1	1	1	3	0	2	12	0	0	0	6	4	0	3	0
ENSG00000258460	0	0	2	0	0	0	3	0	2	2	1	2	3	0	0	0	2	0	5	0	12	0	0	0	6	0	4	2
ENSG00000258465	1	0	1	2	3	0	0	0	0	6	0	3	2	2	3	3	1	0	4	3	0	0	2	0	5	1	3	7
ENSG00000258476	2	11	0	28	4	11	17	1	2	19	0	0	11	2	16	20	23	0	3	0	0	0	21	4	35	8	17	30
ENSG00000258484	16	18	30	23	19	7	134	29	33	255	113	35	113	22	33	16	213	18	6	142	444	110	0	19	3	9	20	29
ENSG00000258502	0	0	2	0	0	3	1	4	1	10	8	3	1	4	0	1	2	6	9	2	3	0	0	4	1	0	0	3
ENSG00000258506	0	0	0	0	0	0	0	0	0	0	0	0	0	0	0	0	0	0	0	0	0	0	0	0	0	0	0	0
ENSG00000258516	0	0	0	0	0	0	0	0	0	0	0	0	0	0	0	0	0	0	0	0	0	0	0	0	0	0	0	0
ENSG00000258517	0	0	0	0	0	15	0	0	2	8	4	2	0	0	0	0	4	0	2	0	0	0	2	2	1	0	0	0
ENSG00000258525	0	34	2	16	0	65	137	108	62	137	5	28	47	5	16	4	65	0	10	29	13	0	5	18	45	12	32	12
ENSG00000258527	0	11	3	1	0	1	1	21	0	16	0	0	16	36	0	0	11	0	3	3	0	0	0	12	7	4	4	2
ENSG00000258531	0	30	9	8	8	31	34	0	3	62	8	23	7	8	0	47	37	0	41	37	2	20	35	93	10	6	23	5
ENSG00000258545	8	92	18	18	10	39	48	12	22	65	32	56	5	11	7	8	19	18	29	13	13	0	19	53	52	16	18	7
ENSG00000258571	0	0	2	1	0	2	1	1	0	0	6	2	0	16	0	0	0	0	2	9	0	0	0	0	2	2	3	4
ENSG00000258578	0	0	0	2	0	0	0	0	0	0	0	0	0	0	0	0	0	0	0	0	0	0	0	0	0	0	0	0
ENSG00000258580	5	4	4	0	0	2	0	20	0	5	1	2	3	2	1	0	0	0	6	0	9	0	17	0	0	2	0	0
ENSG00000258590	0	4	184	18	119	240	49	670	11	7	17	200	4958	37251	293	3	191	64	508	500	81	109	540	2946	42	24	12	601
ENSG00000258603	32	40	13	21	27	67	27	41	27	57	30	52	28	17	18	30	35	15	58	51	5	62	29	98	24	45	16	12
ENSG00000258626	0	15	98	55	36	13	7	139	3	0	23	4	71	34	140	54	13	100	6	121	85	88	71	51	18	3	34	44
ENSG00000258628	0	26	10	2	0	1	4	30	0	0	2	0	61	180	12	2	5	5	0	25	11	0	0	1	4	0	0	18
ENSG00000258638	0	0	0	0	0	4	0	10	0	8	0	0	0	0	0	0	0	0	0	0	0	0	0	0	0	2	2	0
ENSG00000258646	6	13	5	8	3	12	2	27	0	7	3	13	12	7	9	3	9	5	2	6	6	8	16	11	2	5	4	1
ENSG00000258656	0	0	0	0	0	0	0	0	0	0	0	0	0	0	0	0	0	0	0	0	0	0	0	0	0	0	0	0
ENSG00000258676	0	17	13	1	0	1	20	9	0	11	7	13	74	643	0	0	20	2	18	2	3	7	6	5	22	0	8	48
ENSG00000258693	8	0	0	0	7	0	0	0	0	5	0	0	0	0	0	0	1	0	0	5	0	3	3	4	0	7	0	1
ENSG00000258698	0	13	0	2	0	5	0	4	1	9	1	5	0	1	0	0	0	0	4	0	0	0	0	2	2	1	0	0
ENSG00000258710	0	66	10	18	17	5	0	74	0	0	0	19	47	422	13	4	28	1	10	19	5	3	230	94	4	9	0	41
ENSG00000258712	0	14	6	0	5	5	0	10	0	0	3	7	164	1913	8	0	0	1	1	30	0	2	6	30	0	0	0	16
ENSG00000258733	7	9	2	13	7	29	23	10	21	13	4	22	8	16	6	0	12	2	4	9	2	5	26	16	19	7	9	11
ENSG00000258781	0	2	1	0	0	6	0	4	1	5	0	0	0	8	0	1	1	0	0	7	1	0	1	5	1	0	2	1
ENSG00000258791	21	12	5	11	17	6	13	7	7	33	17	15	12	6	4	26	26	3	17	6	8	20	18	30	7	26	19	3
ENSG00000258826	0	2	2	4	0	0	1	0	0	0	3	2	3	1	4	3	1	0	8	0	0	0	0	1	0	2	1	1
ENSG00000258827	0	26	0	24	2	10	11	23	1	38	5	6	0	5	7	1	25	3	22	7	11	0	16	32	9	52	22	1
ENSG00000258828	0	0	0	2	0	4	0	0	0	0	0	1	0	0	0	0	0	0	0	0	0	0	0	0	0	2	0	0
ENSG00000258836	0	0	0	0	0	0	0	0	0	0	0	0	0	0	0	0	0	0	0	0	0	0	0	0	0	0	0	0
ENSG00000258837	17	6	9	6	47	14	7	0	7	12	23	6	11	0	3	8	8	21	1	20	0	0	0	9	31	6	0	4
ENSG00000258864	0	0	0	0	0	0	0	0	0	0	0	0	0	0	0	0	0	0	0	0	0	0	1	0	0	0	0	0
ENSG00000258870	1	0	0	0	0	0	5	0	0	0	0	0	0	0	0	0	0	0	0	0	0	0	0	0	3	0	0	0
ENSG00000258873	1	4	0	0	0	0	0	0	0	0	0	0	0	0	0	0	0	0	0	0	0	0	0	0	0	0	0	0
ENSG00000258883	0	0	0	0	0	0	0	3	0	0	0	1	9	152	4	0	0	0	1	3	0	0	30	10	0	0	0	6
ENSG00000258893	0	21	0	2	1	0	1	0	3	1	6	2	0	0	0	1	0	0	2	0	0	0	0	8	2	0	1	0
ENSG00000258913	0	0	3	0	0	1	19	2	2	0	0	8	2	0	2	0	2	0	2	2	0	0	0	0	3	2	2	0
ENSG00000258917	0	2	0	0	0	0	6	4	0	0	0	4	2	0	0	0	0	0	2	4	0	0	0	1	9	2	2	0
ENSG00000258938	0	14	10	1	6	6	18	17	7	4	4	6	8	18	4	2	0	5	3	19	0	3	3	12	8	1	7	3
ENSG00000258942	0	0	0	10	0	4	6	0	2	5	0	5	2	4	0	2	0	2	1	0	0	0	0	3	6	0	0	0
ENSG00000258962	0	0	0	2	0	1	0	9	2	1	0	7	0	4	0	1	2	0	0	4	11	0	0	5	0	1	3	0
ENSG00000258976	0	0	1	0	0	2	0	0	1	0	0	0	6	0	0	0	0	2	0	0	0	0	0	2	0	0	2	0
ENSG00000258982	14	0	0	6	2	0	9	0	0	0	0	0	5	0	0	4	0	0	2	0	0	0	0	2	0	0	1	6
ENSG00000258997	0	0	0	0	0	0	0	0	0	0	0	0	7	31	0	0	0	0	0	0	0	0	0	1	0	0	0	0
ENSG00000258998	0	3	4	2	8	13	4	0	14	21	7	23	14	2	5	0	7	8	38	12	69	19	0	22	26	2	0	9
ENSG00000259004	0	0	3	2	0	3	0	0	0	0	0	0	1	0	0	0	0	0	0	0	0	0	0	2	0	0	0	0
ENSG00000259023	0	5	0	0	1	0	6	2	0	6	0	10	3	0	2	0	0	5	0	0	0	0	0	6	2	0	0	0
ENSG00000259028	0	0	0	0	0	2	0	0	0	0	0	0	0	0	0	0	0	0	2	0	0	0	0	0	0	0	0	0
ENSG00000259036	0	2	0	4	0	4	0	0	0	0	1	0	8	0	0	0	0	0	0	9	0	0	16	7	0	0	0	0
ENSG00000259053	0	0	0	0	0	0	0	0	0	0	0	0	0	0	0	0	0	0	0	0	0	0	0	0	0	0	0	0
ENSG00000259065	14	49	38	26	27	66	58	43	12	84	29	39	82	10	33	13	48	24	29	15	21	15	36	38	33	15	29	37
ENSG00000259099	0	4	1	4	2	0	2	3	2	0	2	1	1	5	3	0	2	0	0	1	2	2	0	1	2	0	1	6
ENSG00000259116	0	37	18	1	0	3	39	33	1	21	0	5	19	39	3	0	11	0	8	0	0	22	3	7	28	5	13	9
ENSG00000259118	70	70	13	48	1	8	2	48	41	113	7	3	39	22	50	18	38	26	81	0	42	39	86	54	42	182	18	12
ENSG00000259133	2	8	1	13	2	6	6	5	10	17	3	2	1	3	0	6	7	0	9	2	6	0	7	14	2	5	6	4
ENSG00000259153	63	76	54	81	70	92	45	71	78	107	75	87	52	63	88	77	72	61	94	65	150	60	87	113	79	183	39	52
ENSG00000259158	0	18	4	27	0	45	6	0	5	28	13	51	40	43	5	15	22	2	16	33	22	0	1	23	18	2	14	3
ENSG00000259161	0	0	0	4	0	2	7	2	0	2	0	0	0	1	0	0	2	0	0	2	0	0	6	1	0	2	4	0
ENSG00000259166	1	0	0	8	0	1	1	0	0	7	9	0	0	0	7	4	2	0	1	0	0	0	0	4	4	0	2	0
ENSG00000259181	2	0	0	4	0	4	0	0	0	1	0	1	3	0	0	0	7	0	0	4	0	0	0	9	0	0	4	0
ENSG00000259192	0	0	0	0	0	0	2	0	0	2	0	0	5	0	0	0	3	0	0	0	0	0	0	0	0	0	0	0
ENSG00000259214	0	0	0	0	0	0	0	1	0	0	0	2	13	321	1	0	0	0	1	7	0	1	1	14	0	0	0	0
ENSG00000259234	0	0	0	0	0	0	0	0	0	2	3	2	10	2	0	1	0	0	1	0	0	1	9	1	0	3	2	1
ENSG00000259242	0	3	0	0	3	5	0	2	0	0	4	2	0	1	0	0	0	1	3	0	0	0	4	0	3	2	1	5
ENSG00000259245	0	0	2	1	0	1	0	2	0	4	0	6	0	5	0	0	2	2	2	0	0	0	0	11	5	0	4	1
ENSG00000259259	7	2	0	1	0	0	0	0	3	0	0	0	0	2	0	2	0	0	0	3	0	15	0	0	0	1	0	2
ENSG00000259285	7	3	2	1	10	0	2	4	0	3	4	10	1	5	4	8	1	2	1	5	16	0	0	6	4	0	2	5
ENSG00000259308	0	9	0	3	0	2	3	1	0	6	0	0	1	3	4	0	5	0	1	0	0	0	0	0	4	4	2	2
ENSG00000259321	5	34	23	29	30	27	23	19	6	10	27	36	52	61	20	10	22	11	21	9	8	22	20	45	14	13	24	20
ENSG00000259334	0	0	0	0	0	0	0	0	0	0	0	0	0	0	0	0	0	0	0	0	0	0	0	0	0	0	0	0
ENSG00000259349	0	6	5	8	2	5	9	5	4	11	2	11	16	19	8	6	5	0	14	9	40	2	0	2	6	16	4	7
ENSG00000259362	0	0	5	0	0	1	0	4	0	0	4	0	0	2	0	0	0	0	0	7	0	0	0	0	0	0	2	0
ENSG00000259379	3	0	0	11	0	0	2	10	0	0	1	0	40	36	0	0	2	0	0	3	63	3	0	0	0	0	4	0
ENSG00000259381	0	0	11	9	0	0	18	36	0	3	0	2	18	12	6	0	2	0	0	0	0	0	13	4	13	1	4	2
ENSG00000259398	24	5	0	23	24	21	1	0	22	34	28	10	0	2	8	38	36	10	34	2	9	25	20	53	9	50	17	5
ENSG00000259399	0	0	0	0	0	0	0	0	0	0	0	0	0	0	0	0	0	0	0	1	0	0	0	0	0	1	0	0
ENSG00000259411	0	0	0	2	0	1	2	0	0	8	0	0	2	0	0	0	9	4	2	0	0	0	0	1	8	3	3	0
ENSG00000259414	0	0	1	0	0	0	0	0	0	0	0	0	0	0	0	0	0	0	0	0	0	0	0	0	0	0	0	0
ENSG00000259417	0	46	46	24	6	18	21	14	13	31	12	22	57	13	51	13	28	10	15	53	2	16	11	14	15	170	30	26
ENSG00000259430	30	34	25	18	10	11	57	7	36	32	53	15	33	0	68	42	23	8	15	16	0	39	0	14	76	2	11	7
ENSG00000259442	0	2	3	0	0	2	0	0	0	3	0	2	8	2	0	0	6	0	4	3	0	0	0	4	2	3	1	2
ENSG00000259447	0	1	0	0	0	0	2	0	2	0	4	0	1	0	0	0	5	0	3	11	0	0	0	4	10	0	1	1
ENSG00000259457	3	354	30	166	13	4	19	63	20	93	21	4	109	630	19	8	31	192	367	174	3318	36	109	381	24	259	81	53
ENSG00000259475	40	69	2	22	10	11	5	4	30	59	28	23	5	9	26	25	32	10	72	7	0	113	77	14	62	229	2	12
ENSG00000259479	8	14	445	1664	36	32	184	183	74	20	68	66	292	383	606	112	233	404	173	360	145	98	133	94	2046	36	108	722
ENSG00000259482	0	0	0	0	0	2	0	0	0	0	0	0	0	0	0	0	0	0	0	0	0	0	0	0	1	3	2	0
ENSG00000259498	1	6	23	25	0	7	51	37	1	26	0	5	41	24	34	1	17	0	17	11	2	24	1	0	62	7	21	22
ENSG00000259540	0	3	5	6	0	0	9	0	2	2	1	2	3	3	0	0	0	0	1	0	0	0	0	0	5	0	0	0
ENSG00000259561	0	34	19	40	2	2	10	51	2	6	1	2	16	67	6	0	13	14	24	11	14	16	65	15	16	3	0	25
ENSG00000259570	0	3	3	1	0	0	14	1	0	0	0	0	12	2	2	0	0	0	0	5	0	0	0	2	3	0	2	1
ENSG00000259575	0	17	10	20	3	85	19	42	7	52	10	57	9	18	5	2	65	0	32	13	4	0	23	68	15	30	55	9
ENSG00000259581	0	0	0	4	6	0	9	0	1	0	2	7	2	0	2	0	0	0	2	5	0	0	0	4	4	2	2	0
ENSG00000259585	1	93	4	16	7	60	24	101	2	71	7	6	16	4	2	9	12	0	26	11	0	10	0	40	9	30	15	11
ENSG00000259591	13	12	1	44	0	46	4	3	2	24	4	29	3	3	8	0	27	6	17	5	0	30	16	30	23	11	3	0
ENSG00000259600	0	6	0	4	0	0	0	0	0	0	0	0	3	18	0	0	0	0	0	3	4	0	0	0	0	0	0	0
ENSG00000259619	0	4	1	4	0	0	0	0	0	1	0	1	3	1	2	5	2	2	2	3	0	1	0	9	0	0	0	1
ENSG00000259621	0	11	2	3	0	2	9	20	0	43	2	3	0	0	2	4	8	0	8	7	0	49	8	7	21	6	4	11
ENSG00000259632	0	2	8	3	0	0	8	0	0	0	0	0	0	2	0	3	2	0	2	0	0	0	0	1	7	0	0	0
ENSG00000259671	0	0	2	3	0	0	0	9	1	0	0	0	4	9	0	0	1	0	2	0	15	0	0	2	0	0	0	0
ENSG00000259680	0	0	0	0	0	0	0	0	0	0	0	0	0	0	0	0	0	0	0	0	0	0	0	0	0	0	0	0
ENSG00000259688	0	7	3	0	0	0	0	2	0	14	0	0	9	7	0	0	2	0	1	4	0	0	0	0	0	2	0	0
ENSG00000259690	13	28	0	33	18	60	0	0	5	35	10	11	0	0	11	5	14	0	8	5	27	20	8	13	4	5	21	5
ENSG00000259692	49	13	54	22	65	143	50	2	136	295	18	21	62	103	29	388	36	17	32	345	210	31	232	158	4	517	11	69
ENSG00000259699	55	79	15	66	36	58	37	39	39	96	32	29	24	21	70	40	58	42	60	60	34	58	32	76	42	125	44	32
ENSG00000259709	2	0	2	0	0	0	5	0	4	1	2	3	14	4	1	4	1	7	0	0	0	7	0	1	1	0	3	0
ENSG00000259710	0	64	1	15	2	58	17	6	8	38	11	18	4	10	3	11	16	2	14	17	9	13	17	48	12	37	15	0
ENSG00000259712	0	2	3	10	0	7	64	10	0	12	0	7	14	14	0	0	11	0	10	11	12	6	0	12	30	3	10	2
ENSG00000259721	0	0	9	5	0	22	7	0	0	39	0	0	11	0	17	10	1	0	0	12	1	4	0	3	12	0	16	0
ENSG00000259722	0	0	0	4	0	2	0	0	0	0	0	0	0	0	1	0	0	0	0	0	0	0	0	0	1	0	2	0
ENSG00000259727	0	0	2	0	0	0	0	0	2	0	3	0	1	4	4	0	0	3	6	0	0	3	0	6	2	0	0	2
ENSG00000259737	0	0	25	3	25	2	10	0	2	3	12	20	10	35	34	8	3	14	11	89	25	11	46	2	26	1	6	29
ENSG00000259751	0	2	0	0	0	2	0	0	0	0	2	0	19	4	0	0	0	0	4	0	0	0	0	2	1	2	0	2
ENSG00000259792	0	3	2	3	0	2	2	0	2	5	1	4	1	1	1	0	0	2	3	4	0	0	0	1	1	2	0	2
ENSG00000259798	11	39	0	10	0	12	8	34	5	52	12	21	0	3	0	3	12	7	18	6	1	16	2	39	4	7	18	0
ENSG00000259803	0	2	1	11	0	2	0	0	0	4	0	11	9	43	16	1	0	0	1	0	8	13	9	67	9	0	0	0
ENSG00000259818	0	0	3	2	0	2	0	2	0	0	0	0	6	7	4	0	0	0	2	12	0	0	0	0	0	0	2	10
ENSG00000259828	32	4	0	1	17	0	0	0	40	0	6	4	0	0	1	0	2	0	0	0	0	17	0	0	5	3	0	1
ENSG00000259841	0	0	6	0	2	0	0	0	0	0	2	10	6	39	5	0	6	0	1	1	2	17	0	24	1	0	0	25
ENSG00000259847	3	35	0	71	2	4	0	0	17	0	2	4	50	301	0	4	10	5	5	25	0	0	0	1	13	0	1	6
ENSG00000259849	0	1	0	6	7	9	1	5	0	1	0	0	1	0	1	0	0	0	0	0	0	0	9	0	0	5	0	0
ENSG00000259904	7	2	0	1	0	8	0	3	2	4	0	4	0	4	0	0	0	0	0	0	0	0	0	0	0	2	0	0
ENSG00000259926	0	43	1	8	2	3	0	9	11	23	8	7	0	0	0	18	11	2	21	0	1	0	22	15	13	10	3	5
ENSG00000259932	9	1	3	1	0	2	1	0	2	2	0	0	0	2	1	0	2	0	2	2	0	0	0	3	6	0	0	2
ENSG00000259946	0	0	0	0	0	4	0	0	0	0	0	0	0	0	0	0	0	0	0	0	0	0	0	0	0	0	0	0
ENSG00000259948	0	0	0	0	0	0	0	0	0	0	0	0	0	0	0	0	0	0	0	0	0	0	0	0	0	0	0	0
ENSG00000259967	9	6	2	1	0	2	2	0	0	6	1	0	0	0	0	4	0	0	0	2	0	0	0	1	0	2	1	0
ENSG00000259974	73	43	1552	12	22	8	59	0	61	2	184	16	350	45	211	24	0	72	6	16	0	263	0	183	125	14	11	92
ENSG00000259979	0	0	0	0	0	0	0	0	0	0	0	0	46	345	0	0	0	0	0	0	0	0	0	3	0	0	0	0
ENSG00000259999	5	0	2	3	3	6	2	0	1	1	3	2	0	1	0	1	6	0	2	0	0	5	0	0	4	5	1	0
ENSG00000260007	0	4	12	28	1	18	70	26	5	25	8	15	33	47	29	3	13	9	27	6	3	0	0	13	63	6	35	12
ENSG00000260011	0	23	3	7	6	37	8	1	7	108	11	16	5	21	0	2	27	6	8	2	1	17	8	27	10	7	19	18
ENSG00000260017	0	0	0	0	0	3	4	4	1	3	1	3	1	3	0	9	4	0	0	0	0	4	0	2	3	2	1	2
ENSG00000260036	0	6	0	3	0	3	0	0	0	0	1	0	4	2	0	0	0	0	0	0	0	0	0	2	0	0	1	0
ENSG00000260046	0	0	2	0	6	2	0	0	0	0	1	0	2	2	1	0	4	0	4	8	10	0	0	3	1	6	0	0
ENSG00000260052	0	1	3	2	2	3	5	0	1	0	0	4	0	2	0	0	0	0	0	13	0	0	2	0	2	5	0	4
ENSG00000260100	0	6	0	1	2	10	0	5	0	4	0	0	0	2	2	0	9	2	2	0	0	4	0	0	2	2	0	6
ENSG00000260125	112	0	17	12	42	5	0	0	137	0	13	69	33	213	0	9	4	0	4	7	3	0	0	36	0	12	3	1
ENSG00000260135	0	4	11	4	0	4	77	81	0	1	0	17	30	15	2	13	7	0	5	3	0	4	4	48	8	1	77	1
ENSG00000260141	0	2	18	2	0	6	5	15	2	3	4	6	376	4074	2	4	35	35	3	6	4	10	9	2	5	7	2	93
ENSG00000260145	5	19	0	5	0	13	6	17	0	0	19	23	2	4	1	7	0	0	10	18	0	0	0	16	1	8	15	1
ENSG00000260158	0	2	3	1	2	0	1	0	0	0	4	1	54	648	0	0	14	8	3	0	0	3	4	1	2	3	0	19
ENSG00000260206	0	4	2	0	0	4	0	0	0	1	0	2	0	2	1	4	2	2	3	0	0	0	0	6	0	0	4	0
ENSG00000260209	0	17	8	0	2	10	11	15	4	51	1	18	7	18	5	2	36	13	97	6	2	0	2	21	0	148	31	10
ENSG00000260220	0	4	1	5	2	2	2	1	4	0	0	0	0	0	0	5	1	0	0	0	1	0	0	1	2	0	4	3
ENSG00000260228	1	22	30	33	10	37	21	71	8	321	29	248	55	214	80	20	26	151	257	82	1060	65	85	50	22	57	40	52
ENSG00000260229	28	86	5	36	39	56	9	0	18	18	66	50	8	0	3	75	73	19	55	30	3	77	21	165	20	54	27	5
ENSG00000260255	0	0	0	0	0	3	0	0	0	2	0	0	0	0	0	0	3	0	14	0	0	0	0	9	7	0	2	0
ENSG00000260271	0	1	0	0	1	2	0	4	0	10	0	4	8	2	0	2	2	0	1	4	0	0	0	2	3	1	0	3
ENSG00000260303	4	2	5	11	1	0	34	39	0	0	0	0	61	18	16	0	9	2	38	36	3	24	31	0	26	0	0	6
ENSG00000260308	0	0	0	0	0	0	0	0	0	0	0	0	0	0	0	0	0	0	0	0	0	0	0	0	0	0	0	0
ENSG00000260310	0	0	1	2	0	1	8	8	0	2	1	5	7	4	0	0	7	0	2	2	0	10	0	2	5	0	2	7
ENSG00000260337	0	9	14	33	0	34	8	31	15	47	35	70	56	473	24	0	70	13	78	28	33	75	131	21	28	12	74	34
ENSG00000260338	0	0	0	0	0	0	0	0	1	0	0	0	6	0	0	0	2	0	3	0	0	23	0	0	0	2	1	5
ENSG00000260370	0	146	1	27	0	25	6	13	1	53	3	15	20	17	6	4	11	1	19	4	7	5	19	19	6	20	31	1
ENSG00000260386	0	0	2	0	0	0	0	0	0	0	0	0	0	0	0	0	0	0	0	0	0	0	0	0	0	0	2	0
ENSG00000260395	0	11	0	4	0	4	0	3	0	10	2	0	0	4	0	2	0	0	6	4	0	0	0	0	0	0	1	0
ENSG00000260418	53	83	30	37	70	18	16	6	62	167	29	42	30	21	55	92	6	36	160	51	54	54	52	41	74	105	56	27
ENSG00000260420	0	0	2	0	0	0	0	0	0	0	0	4	0	0	0	0	0	1	0	0	0	6	0	0	0	0	0	2
ENSG00000260484	15	11	2	3	0	8	6	2	0	0	0	2	3	5	0	0	20	0	6	0	0	0	0	8	3	2	0	2
ENSG00000260541	1	4	2	2	2	2	2	10	6	0	3	4	1	7	1	7	10	7	0	21	0	6	17	4	5	15	3	0
ENSG00000260550	0	0	0	0	0	0	0	0	0	0	0	0	5	0	0	0	0	0	0	0	0	0	0	0	0	0	0	0
ENSG00000260575	0	0	0	0	0	0	0	0	0	0	0	0	0	0	0	0	0	0	0	0	0	0	0	0	0	0	0	0
ENSG00000260578	0	0	2	16	3	34	6	0	2	6	12	9	16	18	0	3	7	1	7	0	0	0	0	16	12	4	22	3
ENSG00000260581	0	35	1	28	2	13	0	0	3	23	0	3	19	13	6	1	12	0	37	18	0	16	23	39	9	13	4	4
ENSG00000260584	0	0	0	0	0	0	0	0	0	0	0	0	0	0	0	0	0	0	0	0	0	0	0	0	0	0	0	0
ENSG00000260597	0	0	0	11	0	2	0	33	1	0	0	0	36	112	0	0	0	0	8	0	0	0	4	2	0	0	3	6
ENSG00000260617	0	0	0	0	0	0	0	0	0	0	0	0	0	0	0	0	0	0	0	0	0	0	0	0	0	0	0	0
ENSG00000260618	0	6	9	17	2	11	46	36	1	17	2	19	22	66	9	8	7	0	11	5	16	1	4	13	23	0	18	25
ENSG00000260621	0	4	0	4	1	0	0	0	1	13	4	4	0	0	5	2	3	3	3	0	0	0	19	5	6	6	0	0
ENSG00000260635	0	4	0	1	0	2	9	0	0	1	0	4	3	3	0	0	2	0	3	0	0	2	8	0	3	0	2	0
ENSG00000260661	0	0	0	0	0	3	5	0	0	3	1	1	10	1	0	0	2	0	0	0	0	0	11	1	4	1	1	0
ENSG00000260669	17	38	33	32	20	15	29	25	48	32	34	42	56	30	29	56	37	56	54	41	38	13	5	52	30	27	42	23
ENSG00000260671	0	3	0	2	0	1	4	8	0	0	0	1	0	0	0	0	8	0	2	0	0	0	5	5	4	1	1	1
ENSG00000260676	0	3	0	0	0	0	0	0	0	1	0	9	0	0	0	0	0	0	0	0	0	0	0	0	0	0	1	0
ENSG00000260685	11	140	0	35	1	21	62	159	34	19	8	2	27	4	3	0	36	2	17	35	21	7	2	59	15	0	45	18
ENSG00000260719	30	508	10	11	2	15	23	233	10	20	2	7	213	1078	12	6	31	4	30	74	4	19	233	12	22	5	9	35
ENSG00000260762	0	35	0	12	2	7	0	14	6	30	0	9	0	11	2	0	14	21	52	2	268	0	6	13	2	4	1	0
ENSG00000260776	0	2	2	0	0	0	6	0	0	5	0	14	4	5	1	0	3	0	0	0	0	0	0	8	1	0	0	0
ENSG00000260788	0	2	0	0	0	3	3	0	0	32	0	17	4	0	0	0	2	8	13	0	17	0	4	14	4	8	7	0
ENSG00000260802	281	162	1804	112	122	146	915	90	674	543	201	986	3850	990	858	197	375	675	905	636	156	912	5	1221	488	311	1003	1691
ENSG00000260846	0	0	88	0	9	0	0	0	0	0	4	14	35	189	52	14	63	0	0	27	0	134	7	38	18	0	0	377
ENSG00000260877	0	0	3	0	0	3	6	0	0	0	1	0	0	2	0	0	0	0	0	0	0	0	0	0	0	0	0	0
ENSG00000260882	0	0	0	0	0	3	3	0	0	3	0	0	2	2	0	1	1	0	0	0	0	1	1	1	0	0	0	0
ENSG00000260894	0	0	0	0	0	0	0	0	0	0	0	0	0	0	0	0	0	0	0	0	0	0	0	0	0	0	0	0
ENSG00000260896	10	695	10	166	132	5	20	157	17	190	1	76	75	432	8	0	34	211	1987	55	20	7	877	992	13	197	37	56
ENSG00000260922	0	4	0	0	0	0	6	0	3	0	6	0	8	0	0	0	0	2	2	0	0	0	0	4	13	4	0	0
ENSG00000260969	0	5	0	7	31	5	10	0	2	29	7	1	3	1	1	49	10	0	11	19	4	16	15	31	7	45	0	2
ENSG00000261020	1	0	0	4	1	0	0	0	0	2	5	3	0	0	0	0	4	0	1	0	0	11	3	4	1	4	3	0
ENSG00000261037	0	0	4	0	6	0	2	0	0	0	2	2	2	2	2	0	0	0	0	0	8	0	5	5	1	0	1	3
ENSG00000261048	0	11	3	1	6	0	0	20	0	0	0	7	70	752	3	0	4	2	4	16	0	0	9	35	0	10	0	33
ENSG00000261057	0	0	0	0	0	0	0	0	0	0	0	0	0	0	0	0	0	0	0	0	0	0	0	0	0	0	0	0
ENSG00000261072	0	0	4	0	0	1	4	2	0	0	2	0	4	7	0	2	6	0	2	1	0	0	0	2	5	0	0	0
ENSG00000261089	0	2	2	0	2	0	2	1	2	1	2	4	0	12	2	1	0	2	0	2	0	0	1	0	0	1	0	0
ENSG00000261093	0	0	0	0	0	0	0	0	0	0	0	0	0	0	0	0	0	0	0	0	0	0	0	0	0	0	0	0
ENSG00000261114	0	0	13	28	5	3	44	19	11	1	6	9	26	31	7	4	23	0	13	1	18	44	10	1	36	2	30	24
ENSG00000261117	0	0	5	10	0	1	4	0	0	0	0	0	5	0	0	0	0	0	0	0	0	0	0	3	6	0	1	7
ENSG00000261120	0	60	7	10	0	5	0	4	1	0	0	5	1	65	12	0	30	5	5	30	62	2	22	7	1	0	0	11
ENSG00000261121	0	1	1	0	1	0	0	0	0	3	0	6	2	0	0	0	0	0	0	16	13	2	0	1	0	2	4	0
ENSG00000261146	0	13	6	13	0	18	0	0	0	73	16	54	15	120	0	4	61	8	0	22	0	4	6	0	2	0	105	9
ENSG00000261175	10	0	198	10	35	1	76	0	7	4	9	5	54	9	7	95	14	4	5	14	0	8	0	93	35	4	20	17
ENSG00000261192	0	0	2	0	0	5	2	0	3	2	0	0	6	0	7	0	2	2	0	3	0	0	0	0	6	0	2	0
ENSG00000261197	0	0	0	0	0	0	0	0	0	0	0	0	0	0	0	0	0	0	0	0	0	0	0	0	0	0	0	0
ENSG00000261199	0	46	1	0	9	32	0	3	5	18	2	2	4	0	0	2	1	0	2	0	10	0	17	40	5	2	19	2
ENSG00000261204	0	0	2	4	0	1	7	2	0	2	0	2	0	0	0	4	2	0	2	4	0	0	0	4	2	2	0	0
ENSG00000261205	1	2	1	2	0	1	0	0	2	2	2	0	3	0	0	5	1	1	1	4	0	1	1	4	6	0	2	2
ENSG00000261208	21	59	6	22	3	47	1	38	18	49	31	59	29	6	12	14	14	0	5	25	22	0	0	23	16	34	19	2
ENSG00000261235	4	0	16	4	35	0	0	0	12	2	10	1	1	2	11	10	0	10	1	10	0	15	0	26	26	0	0	6
ENSG00000261243	0	28	2	10	2	5	2	3	2	10	5	10	0	4	4	2	5	0	4	4	0	0	5	7	4	22	0	4
ENSG00000261248	2	0	0	0	0	0	1	0	0	23	1	0	2	1	0	0	5	0	2	1	6	0	4	1	0	0	0	1
ENSG00000261250	0	0	0	0	0	3	0	0	1	0	5	10	0	0	0	0	2	0	8	0	0	0	0	8	0	5	8	0
ENSG00000261253	0	2	4	3	2	0	0	0	0	0	0	5	0	0	4	0	3	1	0	0	7	0	0	5	0	1	0	3
ENSG00000261268	0	0	0	1	0	0	0	0	0	0	0	0	0	0	0	0	0	0	1	0	0	0	0	0	0	0	0	0
ENSG00000261270	0	3	30	46	0	1	91	86	4	10	7	8	86	49	30	5	35	4	32	21	14	32	15	7	70	2	24	56
ENSG00000261293	0	0	0	1	0	0	0	0	0	1	0	0	2	0	0	0	2	0	0	1	0	0	0	0	3	0	0	2
ENSG00000261332	0	0	6	0	0	0	0	16	4	0	0	0	2	0	3	0	1	3	1	0	0	3	0	2	5	2	0	0
ENSG00000261334	0	0	0	0	5	2	2	0	0	4	5	0	2	2	0	4	6	0	0	2	0	0	6	4	0	0	0	1
ENSG00000261346	0	1	2	1	0	7	0	4	0	4	4	6	0	0	0	0	0	8	1	0	0	5	0	1	3	0	0	0
ENSG00000261369	0	116	3	23	1	53	39	50	2	60	7	7	28	25	5	14	10	1	38	39	15	28	10	48	29	11	11	8
ENSG00000261375	0	0	0	5	0	0	0	0	0	3	1	4	11	0	0	0	1	0	5	0	9	0	1	3	1	0	0	1
ENSG00000261395	0	0	3	0	7	3	10	0	2	0	0	0	0	0	0	1	2	0	4	2	0	0	0	1	1	2	0	0
ENSG00000261400	3	56	1	22	0	5	35	1	6	1	0	15	36	22	0	0	13	0	19	38	0	3	55	14	4	4	8	9
ENSG00000261401	0	0	0	0	0	0	0	0	0	0	0	0	0	0	0	0	0	0	0	0	0	0	0	0	0	0	0	0
ENSG00000261410	0	2	4	2	0	0	4	0	0	0	6	0	0	0	0	0	2	0	0	8	0	10	0	0	7	0	0	2
ENSG00000261424	0	0	0	0	0	0	0	0	0	0	0	0	0	1	0	0	0	0	0	0	0	0	0	0	0	0	0	0
ENSG00000261429	0	3	1	70	7	2	10	20	3	9	7	10	3	4	3	54	94	0	5	33	2	84	28	25	146	2	22	39
ENSG00000261447	11	1	2	7	2	9	1	0	6	2	0	2	0	3	2	0	0	14	2	0	6	0	0	0	0	2	0	1
ENSG00000261448	0	2	0	0	0	2	3	4	6	0	1	0	4	2	0	4	1	0	2	0	0	0	0	7	2	0	0	2
ENSG00000261456	0	6	1	0	0	3	5	3	2	3	0	0	11	0	1	5	0	0	5	0	0	0	2	0	1	0	0	0
ENSG00000261471	0	4	0	2	0	7	2	0	0	0	0	4	8	2	0	0	4	0	6	0	0	0	0	5	2	0	0	0
ENSG00000261474	105	228	40	83	100	236	85	104	66	290	99	80	51	70	30	74	127	79	112	133	32	104	145	118	60	152	84	64
ENSG00000261491	0	0	0	0	0	0	0	0	0	0	0	0	0	0	0	0	0	0	0	0	0	0	0	0	0	0	0	0
ENSG00000261501	0	0	0	2	0	1	0	0	0	5	1	1	0	1	0	3	0	0	0	4	0	3	5	3	1	0	3	2
ENSG00000261502	6	15	4	1	18	77	10	126	31	4	5	3	16	2	19	0	2	10	27	2	20	51	3	42	16	6	50	3
ENSG00000261528	0	0	3	0	0	0	9	0	0	0	0	6	1	1	0	0	3	0	0	4	0	0	0	0	13	0	2	4
ENSG00000261537	0	1	0	1	1	0	4	0	0	0	1	4	0	1	2	0	2	0	2	0	0	9	4	1	1	2	1	1
ENSG00000261541	0	0	1	0	0	3	1	0	0	0	0	0	0	0	1	0	1	2	1	0	3	0	0	0	1	0	0	0
ENSG00000261544	0	1	0	3	0	1	4	0	8	2	0	8	11	1	1	0	0	0	1	0	0	0	0	2	3	3	2	0
ENSG00000261553	0	10	6	12	10	12	56	20	0	10	0	9	16	25	9	3	13	0	0	17	8	24	14	2	50	1	6	24
ENSG00000261554	0	185	26	29	14	32	2	232	0	0	4	48	344	4016	37	0	64	13	21	142	2	3	451	594	4	141	1	82
ENSG00000261603	0	0	2	0	2	0	2	4	0	2	0	1	2	2	0	0	4	0	0	2	4	0	0	1	2	0	4	6
ENSG00000261606	19	769	156	953	29	130	1131	523	18	65	40	41	1062	653	352	39	245	83	427	887	259	276	116	81	1052	23	91	298
ENSG00000261617	1	0	0	2	2	5	5	0	3	10	1	7	3	2	0	3	8	4	4	3	14	4	0	6	3	1	9	5
ENSG00000261629	0	2	0	0	0	0	0	6	0	0	0	0	2	2	0	0	0	0	12	0	0	0	16	2	2	0	2	0
ENSG00000261630	11	40	11	35	11	45	32	7	11	59	23	58	10	4	8	35	47	21	70	42	4	16	20	92	17	17	25	8
ENSG00000261632	0	3	0	1	0	3	4	0	0	4	3	0	0	0	1	0	1	1	6	0	0	0	0	3	4	6	4	2
ENSG00000261633	0	7	0	1	2	0	0	0	4	5	2	2	0	0	0	0	4	0	3	5	0	0	2	3	0	1	1	2
ENSG00000261665	0	6	0	0	0	13	0	0	1	6	3	2	2	0	0	0	4	2	0	0	0	0	0	3	2	0	5	0
ENSG00000261671	0	5	6	5	36	14	19	9	20	37	27	39	28	11	10	28	14	6	9	0	25	24	0	10	18	13	9	15
ENSG00000261704	0	0	0	0	0	0	0	0	0	0	0	0	0	0	0	0	0	0	0	0	0	0	0	0	0	0	0	0
ENSG00000261713	24	0	14	1	28	0	0	12	72	5	80	45	18	2	14	38	10	12	1	23	6	16	0	7	10	2	6	122
ENSG00000261728	0	6	4	0	0	1	2	0	0	0	8	11	16	1	0	0	1	0	4	0	2	0	4	4	0	3	0	0
ENSG00000261739	0	0	0	4	1	1	3	2	0	4	0	4	1	0	2	1	1	0	2	0	0	0	0	0	2	4	4	3
ENSG00000261742	0	0	1	0	0	3	0	0	0	1	0	10	4	2	2	0	4	0	4	0	0	0	0	0	0	2	0	0
ENSG00000261744	0	0	3	0	0	2	8	5	1	8	1	0	2	4	0	0	0	0	2	0	4	0	11	0	1	0	0	0
ENSG00000261752	0	0	0	0	0	0	0	0	0	0	0	0	0	0	0	0	0	0	0	0	0	0	0	0	0	0	0	0
ENSG00000261762	0	31	28	30	6	5	32	37	0	0	16	23	7	17	44	12	61	35	28	48	25	59	41	63	20	8	6	61
ENSG00000261764	0	33	2	1	0	7	0	13	0	32	2	9	0	0	9	4	17	0	9	0	0	0	2	4	9	27	0	0
ENSG00000261770	0	115	86	110	13	128	67	164	30	84	19	150	189	849	27	41	105	36	195	165	161	54	237	324	37	53	145	82
ENSG00000261783	31	18	7	15	28	11	9	11	42	29	36	14	18	22	41	43	10	21	32	36	27	23	17	15	24	127	43	16
ENSG00000261786	0	0	2	0	2	0	10	0	0	4	0	6	32	14	2	0	6	0	0	0	0	0	0	43	5	0	2	0
ENSG00000261798	0	0	2	0	0	3	4	0	0	4	1	2	0	0	4	0	0	2	2	0	12	0	0	0	0	3	0	1
ENSG00000261812	0	2	5	9	0	1	5	3	4	0	0	1	4	0	1	4	0	0	5	2	0	0	0	5	6	2	0	1
ENSG00000261819	0	27	0	0	2	18	1	2	3	39	6	14	0	0	0	15	0	0	0	22	1	8	1	0	2	0	6	0
ENSG00000261821	10	23	1	4	1	1	21	8	5	12	6	4	9	2	1	4	2	0	4	11	0	6	9	9	15	4	1	1
ENSG00000261829	0	137	3	17	5	6	7	64	2	34	7	17	19	49	10	24	47	24	13	54	18	10	152	24	0	38	11	26
ENSG00000261879	158	379	119	168	68	143	184	213	124	425	183	189	256	223	96	157	220	40	158	255	60	138	185	211	177	237	191	135
ENSG00000261914	0	0	0	0	0	0	0	0	0	0	0	0	0	0	0	0	0	0	0	0	0	0	0	0	0	0	0	0
ENSG00000261924	6	5	5	1	5	0	2	0	2	4	0	0	2	0	4	0	0	0	0	0	0	0	6	5	2	0	0	1
ENSG00000261939	3	0	0	0	0	4	0	3	0	5	1	2	0	0	1	4	2	0	5	1	0	0	0	0	1	5	0	0
ENSG00000261971	48	501	171	151	93	660	422	231	82	567	98	297	392	389	146	165	231	102	196	226	40	108	168	443	252	106	195	136
ENSG00000261978	0	9	1	3	0	0	8	15	0	4	2	4	12	21	4	0	2	0	4	0	2	7	8	4	1	2	2	10
ENSG00000262038	0	0	2	0	0	0	3	0	0	14	0	4	1	2	0	0	0	0	2	0	0	0	0	1	1	3	2	2
ENSG00000262074	33	24	2	111	15	26	0	0	27	29	1	5	51	120	1	34	237	5	15	15	0	28	98	17	70	1	11	185
ENSG00000262115	0	5	0	1	0	5	2	0	4	2	0	3	0	0	2	7	0	0	0	0	0	0	0	4	7	0	4	0
ENSG00000262117	0	0	0	0	0	8	1	0	2	4	0	0	0	0	0	6	0	6	2	0	0	0	0	8	0	2	2	3
ENSG00000262119	0	0	4	10	0	61	0	1	10	0	0	37	29	9	9	0	7	0	2	16	6	22	0	17	17	4	32	2
ENSG00000262198	18	1	125	21	19	69	9	0	15	17	31	17	12	6	4	15	10	8	14	6	28	2	0	87	21	22	15	10
ENSG00000262202	20	21	1	52	0	0	2	4	3	11	2	2	16	87	5	6	34	5	9	28	8	36	41	13	43	8	8	44
ENSG00000262209	0	8	31	2	0	4	51	16	0	2	0	13	50	21	5	2	8	2	11	26	8	4	0	2	32	0	3	21
ENSG00000262267	0	16	13	1	0	0	31	14	3	0	0	0	32	204	66	0	0	10	11	15	0	25	54	2	42	0	0	8
ENSG00000262313	2	4	0	2	2	0	4	0	13	0	5	0	2	1	2	3	0	2	0	0	0	0	0	1	4	1	1	0
ENSG00000262380	0	14	0	12	23	20	2	0	8	31	19	20	0	2	0	13	10	4	12	5	0	5	0	33	9	8	4	8
ENSG00000262402	0	0	0	3	0	2	0	0	0	7	0	4	1	2	0	0	2	0	2	0	0	0	0	13	6	0	2	1
ENSG00000262406	0	3	83	18	11	21	73	3	4	6	139	2	207	10	1	38	18	0	2	0	10	0	0	33	9	8	51	37
ENSG00000262420	2	11	2	4	0	6	12	4	7	12	4	6	4	13	1	2	4	9	8	17	7	30	0	0	0	4	10	6
ENSG00000262481	2	3	0	0	0	0	4	8	0	8	1	0	0	3	2	0	0	1	0	1	0	0	0	2	3	1	0	0
ENSG00000262488	0	5	2	1	0	13	0	15	2	7	0	2	3	3	0	0	10	0	0	0	0	0	0	3	0	0	5	5
ENSG00000262497	0	0	1	0	3	0	8	5	4	0	0	0	11	2	4	0	1	0	0	0	0	0	0	0	2	0	0	2
ENSG00000262503	0	0	6	8	0	4	40	38	0	38	2	2	13	0	9	0	4	2	9	2	3	0	17	19	24	0	7	10
ENSG00000262516	0	0	0	0	0	3	0	0	0	3	1	0	0	1	0	5	8	1	5	0	0	0	0	11	3	5	0	3
ENSG00000262533	0	0	0	0	0	0	0	0	0	0	0	0	0	0	0	0	0	0	0	0	0	0	0	0	0	0	0	0
ENSG00000262576	0	6	52	12	1	4	90	36	5	3	10	6	70	99	2	11	11	14	8	52	2	6	7	6	25	3	11	69
ENSG00000262585	0	0	0	0	0	0	0	2	0	0	0	0	0	4	0	0	2	6	16	0	0	2	6	1	0	0	2	8
ENSG00000262651	0	0	0	0	0	0	0	0	0	0	0	0	0	0	0	0	0	0	0	0	0	0	0	0	0	0	0	0
ENSG00000262681	0	0	12	4	0	1	0	0	0	0	0	2	0	5	0	6	0	2	8	0	0	0	0	7	2	0	3	0
ENSG00000262759	0	0	4	0	0	0	0	0	4	5	0	2	0	0	3	3	4	0	3	0	0	0	0	8	0	0	1	0
ENSG00000262766	0	10	18	19	3	10	54	33	5	12	0	4	38	47	11	2	9	5	9	9	6	0	0	6	26	4	13	42
ENSG00000262818	0	0	0	0	0	0	0	0	0	0	0	0	0	0	0	0	0	0	0	0	0	0	0	0	0	0	0	0
ENSG00000262837	0	0	0	1	0	0	8	0	0	2	0	0	0	1	0	0	0	0	1	3	3	0	0	0	5	1	1	0
ENSG00000262870	0	2	0	4	0	1	9	0	0	8	0	0	3	0	0	0	2	0	0	0	0	0	0	3	2	2	1	0
ENSG00000262880	0	0	0	0	0	0	0	0	0	0	0	0	0	0	0	0	0	0	0	0	0	0	0	0	0	0	0	0
ENSG00000262881	0	2	0	3	0	6	4	3	2	3	1	6	0	1	0	0	0	1	2	5	1	0	1	1	0	2	1	3
ENSG00000262899	0	0	0	0	0	0	0	0	0	0	0	0	0	0	0	0	0	0	0	0	0	0	0	0	0	0	0	0
ENSG00000263002	55	182	339	290	83	204	375	254	113	235	180	243	324	491	253	190	243	214	225	229	187	169	166	252	306	203	279	299
ENSG00000263080	0	0	5	0	0	1	3	12	0	4	0	2	0	6	5	0	8	0	3	2	0	3	0	0	2	2	0	0
ENSG00000263146	98	2	92	6	70	123	10	0	91	29	83	75	29	4	115	119	10	53	113	108	22	96	14	128	109	27	83	50
ENSG00000263257	4	14	8	39	0	2	36	20	8	0	2	7	21	44	57	28	34	8	10	25	0	64	11	2	44	56	3	94
ENSG00000263301	0	0	1	0	0	0	2	0	2	0	0	2	0	2	0	0	0	2	0	0	0	0	0	0	5	0	0	0
ENSG00000263382	0	0	0	0	0	0	0	0	0	0	0	0	0	3	3	0	0	0	3	9	0	0	17	0	2	6	2	0
ENSG00000263399	0	2	0	2	0	3	0	0	3	4	7	2	0	0	0	0	0	1	5	0	1	2	2	4	3	1	4	0
ENSG00000263443	0	0	0	0	0	0	0	0	0	0	0	0	0	0	0	0	0	0	0	0	0	0	0	0	0	0	0	0
ENSG00000263453	0	0	0	0	0	0	0	0	0	0	0	0	0	0	0	0	0	0	0	0	0	0	0	0	0	0	0	0
ENSG00000263499	0	0	1	1	0	1	16	8	0	0	0	0	0	8	1	0	8	0	0	0	0	0	0	0	5	0	2	1
ENSG00000263575	0	0	0	0	0	0	0	0	0	0	0	0	0	0	0	0	0	0	0	0	0	0	0	0	0	0	0	0
ENSG00000263584	0	4	0	1	0	4	1	0	0	8	0	5	3	0	0	0	1	0	1	0	1	5	0	2	0	0	5	0
ENSG00000263624	0	0	4	5	0	7	4	1	0	0	0	1	0	0	0	0	2	0	0	6	0	0	0	7	0	3	0	1
ENSG00000263634	0	0	0	0	0	0	0	0	0	2	0	0	0	0	0	0	0	0	0	0	0	0	0	0	0	0	0	0
ENSG00000263639	44248	3427	62292	50822	57298	2415	45170	3615	76354	3491	41293	8746	88462	4065	835755	81869	11516	232463	69689	139488	27047	686512	15422	7070	169227	15374	9546	65544
ENSG00000263675	0	0	2	0	0	1	2	3	0	0	0	0	3	18	2	0	2	0	2	2	0	0	0	2	6	0	1	2
ENSG00000263677	0	10	4	49	0	4	21	333	2	16	3	15	15	18	17	0	16	22	60	25	57	37	21	13	14	22	24	38
ENSG00000263680	0	0	0	2	2	1	3	0	0	3	7	3	0	6	0	0	3	0	0	2	0	0	0	6	2	2	2	0
ENSG00000263688	0	0	1	0	0	0	0	0	0	0	0	0	0	0	0	0	0	0	0	0	0	0	0	0	0	0	0	0
ENSG00000263698	0	0	2	8	3	4	0	0	0	2	0	0	0	6	0	10	2	0	0	0	5	0	0	0	0	0	1	0
ENSG00000263708	40	34	0	15	10	42	11	5	12	54	16	31	4	0	3	25	17	2	27	24	13	10	30	30	7	38	34	0
ENSG00000263711	0	6	0	8	0	0	3	0	0	4	0	0	44	1	0	0	2	125	0	1	8	0	5	74	0	1	2	0
ENSG00000263720	15	0	0	0	5	0	0	0	2	0	0	1	2	0	0	4	0	0	0	1	0	0	0	0	0	2	6	2
ENSG00000263724	2	68	4	43	2	1	26	61	3	58	9	17	3	18	19	3	54	3	116	55	22	44	2	51	50	141	14	36
ENSG00000263745	0	0	0	0	20	7	0	3	0	0	0	3	4	0	3	0	0	0	0	0	0	0	0	0	8	0	0	0
ENSG00000263746	0	0	0	0	0	0	0	0	0	0	0	0	0	0	0	0	0	0	0	0	0	0	0	0	0	0	0	0
ENSG00000263752	0	0	0	0	0	0	0	0	0	0	1	0	0	0	0	0	0	0	0	0	0	0	0	1	0	0	0	0
ENSG00000263794	0	0	0	0	0	0	0	0	0	0	0	0	0	0	0	0	0	0	0	0	0	0	0	0	0	0	0	0
ENSG00000263829	0	0	6	4	0	2	1	1	0	0	2	0	4	3	1	0	3	0	0	0	0	0	0	4	3	1	1	2
ENSG00000263878	0	38	5	123	3	4	40	56	5	56	23	26	0	20	83	49	89	15	130	152	20	201	14	40	103	153	30	68
ENSG00000263882	2	0	4	3	3	4	1	0	2	2	5	1	0	1	0	0	1	4	4	1	0	4	3	11	1	2	0	0
ENSG00000263887	0	0	0	0	0	0	0	0	0	2	0	0	0	0	0	0	0	0	0	0	0	0	0	0	0	0	0	0
ENSG00000263938	0	25	0	25	0	4	3	40	0	33	1	3	6	12	6	13	8	13	72	11	6	0	40	14	6	213	2	6
ENSG00000263940	0	2	0	0	1	4	2	0	3	7	5	0	0	1	2	5	0	0	1	0	4	1	0	2	3	2	5	0
ENSG00000263958	0	0	0	0	4	6	0	0	0	0	0	0	0	11	0	0	0	0	0	0	0	0	0	16	0	0	0	0
ENSG00000264007	0	4	0	0	0	0	0	0	0	0	0	2	1	0	2	2	0	0	0	0	0	0	0	0	0	0	2	0
ENSG00000264010	0	0	2	1	0	0	4	0	0	0	2	2	6	8	2	1	1	1	1	1	0	3	0	3	5	1	0	8
ENSG00000264026	0	0	0	0	2	1	0	2	3	0	0	2	0	0	0	4	0	0	4	0	0	0	0	2	0	4	0	0
ENSG00000264036	0	0	0	0	0	0	0	0	0	0	0	0	0	0	0	0	0	0	0	0	0	0	0	0	0	0	0	0
ENSG00000264044	0	4	0	6	0	0	4	6	0	0	0	3	0	3	1	0	0	0	6	5	2	0	0	3	0	0	0	1
ENSG00000264072	0	0	0	0	0	0	0	0	0	0	0	0	0	0	0	0	0	0	0	0	0	0	0	0	0	0	0	0
ENSG00000264078	0	6	0	2	0	0	0	6	1	3	6	0	0	0	0	7	1	0	2	0	0	0	0	2	4	2	0	0
ENSG00000264101	0	0	0	0	0	0	0	0	0	0	0	0	0	0	0	0	0	0	0	0	0	0	0	0	0	0	0	0
ENSG00000264149	0	1	0	0	0	0	0	0	0	0	0	0	0	0	0	0	0	0	0	0	0	0	0	0	0	0	0	0
ENSG00000264151	0	2	0	4	1	6	1	0	3	5	4	1	0	2	0	3	2	0	1	0	0	1	4	4	2	6	0	0
ENSG00000264160	0	1	0	0	0	0	0	0	0	0	0	0	0	0	0	0	2	0	0	0	0	0	0	0	2	0	0	0
ENSG00000264169	0	0	0	0	0	0	6	0	0	0	0	0	0	0	0	0	0	0	0	0	0	0	0	0	0	0	0	0
ENSG00000264175	0	8	4	18	0	11	1	47	0	0	7	5	9	57	4	6	40	3	1	27	16	23	36	7	5	1	5	21
ENSG00000264196	0	14	0	2	0	1	5	0	0	2	2	2	0	0	1	0	9	0	0	0	0	0	0	5	4	0	0	0
ENSG00000264201	6	0	0	1	0	0	6	5	0	2	0	0	2	3	0	0	0	0	0	0	0	0	0	5	1	1	1	0
ENSG00000264229	0	0	2	20	46	23	0	0	0	12	4	12	9	14	14	34	19	3	11	0	1	11	47	12	36	13	1	15
ENSG00000264230	41	3	40	5	86	34	37	0	42	6	45	2	29	1	4	50	5	8	5	31	0	8	0	4	29	0	2	6
ENSG00000264232	0	0	2	4	4	1	0	0	0	0	0	0	0	0	2	0	0	0	0	0	0	0	0	0	0	0	2	5
ENSG00000264251	0	0	0	0	0	0	0	0	0	2	0	0	0	1	0	0	0	0	0	0	0	0	0	0	0	0	2	0
ENSG00000264270	0	0	2	2	0	0	0	1	0	0	0	0	9	0	0	0	6	0	0	3	0	0	0	5	2	0	0	0
ENSG00000264281	0	0	0	1	1	0	6	0	0	3	0	1	0	0	0	3	0	0	1	11	0	0	0	5	1	2	3	2
ENSG00000264314	0	0	0	0	1	1	6	1	0	4	2	1	0	2	2	4	0	0	1	1	0	0	0	4	2	5	0	0
ENSG00000264349	3	1	1	0	0	0	1	0	0	0	0	0	0	0	1	0	0	0	1	3	0	0	0	2	2	0	2	0
ENSG00000264458	0	5	1	1	0	2	3	3	0	0	0	3	0	0	1	4	0	0	1	5	0	3	0	1	3	0	2	2
ENSG00000264480	9	3	0	0	0	0	0	0	0	0	0	0	2	1	1	0	0	0	0	7	0	2	5	0	2	2	0	3
ENSG00000264491	1	0	0	2	0	0	13	0	0	0	0	0	9	2	1	0	2	0	0	0	0	0	7	0	1	0	2	2
ENSG00000264596	15	14	0	22	5	10	0	8	1	25	8	1	0	9	6	9	31	0	7	0	0	25	24	15	7	17	13	0
ENSG00000264634	0	0	0	0	0	0	0	0	0	0	0	0	0	0	0	0	0	0	0	0	0	0	0	0	0	0	0	0
ENSG00000264655	1	0	5	0	0	0	0	1	0	0	2	0	0	1	4	1	0	0	0	14	0	0	0	0	2	0	1	5
ENSG00000264660	0	1	2	0	3	20	0	0	0	15	4	15	0	42	0	0	5	2	7	0	23	0	2	0	0	0	11	0
ENSG00000264695	0	0	0	0	0	0	0	4	0	0	0	1	0	0	0	0	0	0	0	0	0	0	0	2	0	0	0	0
ENSG00000264712	0	0	0	0	0	0	0	0	0	0	0	0	0	1	0	0	0	0	0	0	0	0	0	0	0	0	0	0
ENSG00000264739	0	1	0	0	6	0	1	4	0	3	0	1	1	0	1	6	3	2	3	12	1	0	2	1	1	0	0	2
ENSG00000264743	58	73	9	32	16	45	15	8	46	154	23	46	29	12	5	54	13	12	62	19	33	15	46	41	35	81	18	10
ENSG00000264803	0	0	0	0	0	0	0	0	0	0	0	0	0	0	0	0	0	0	0	0	0	0	0	0	0	0	0	0
ENSG00000264932	0	0	0	0	0	0	15	11	0	0	1	1	0	7	4	0	0	0	0	0	0	0	0	0	2	3	0	0
ENSG00000264933	0	0	0	0	1	0	0	0	0	0	0	0	0	0	0	0	0	0	0	0	0	0	0	0	0	0	0	0
ENSG00000264974	0	0	0	0	0	0	0	0	0	0	0	0	0	0	0	0	0	0	0	0	0	0	0	0	0	0	0	0
ENSG00000265008	1	2	0	0	2	1	5	4	5	1	2	0	3	2	2	3	7	3	2	0	0	0	0	0	1	6	1	0
ENSG00000265096	0	0	2	0	3	0	11	7	0	7	0	0	0	0	0	0	1	1	0	11	0	0	0	2	1	0	3	3
ENSG00000265135	1	20	1	42	0	40	33	84	9	16	0	5	19	12	19	3	29	0	12	5	1	75	17	2	28	6	52	8
ENSG00000265144	0	0	0	2	0	1	0	5	2	0	0	0	0	1	0	0	2	0	0	0	0	0	0	1	1	0	0	0
ENSG00000265148	85	193	161	77	92	159	195	103	97	241	126	151	208	122	80	124	120	80	85	74	68	114	64	136	178	64	113	91
ENSG00000265195	0	5	3	1	0	4	2	0	3	0	0	2	2	1	0	0	3	2	2	0	0	0	4	0	0	2	1	0
ENSG00000265246	17	3	22	2	19	4	16	0	30	20	34	23	22	10	93	16	26	84	12	51	1	48	0	0	20	3	11	82
ENSG00000265265	0	0	0	0	0	0	0	0	0	0	0	0	4	0	0	0	0	0	0	0	0	0	0	0	0	0	0	0
ENSG00000265296	0	0	0	0	0	0	4	0	0	0	0	0	0	0	0	0	0	0	0	0	0	0	0	0	0	0	0	0
ENSG00000265337	0	4	0	2	1	0	4	2	0	1	0	2	2	1	0	0	2	0	1	6	0	0	0	3	3	3	6	0
ENSG00000265345	0	0	0	0	0	0	0	0	4	0	0	0	0	0	0	0	0	0	0	3	0	0	0	0	0	0	0	0
ENSG00000265349	0	0	0	0	0	4	2	2	3	6	0	0	0	5	1	0	3	5	3	0	0	0	8	5	1	0	1	2
ENSG00000265359	0	0	0	0	0	0	0	0	0	0	0	0	0	0	0	0	0	0	0	0	0	0	0	0	0	0	0	0
ENSG00000265369	31	303	56	917	50	23	58	1047	19	332	53	147	79	345	104	106	405	345	744	546	1008	338	1173	102	151	289	82	514
ENSG00000265394	0	3	0	2	0	1	2	0	0	11	1	2	2	3	1	0	3	0	1	0	0	0	0	1	0	3	6	1
ENSG00000265413	0	54	25	48	0	5	32	49	0	44	13	12	42	401	19	28	84	13	30	73	194	66	104	52	16	9	13	4
ENSG00000265429	0	0	1	3	0	9	0	1	0	3	3	5	2	3	1	1	6	0	0	0	0	0	4	3	0	3	2	0
ENSG00000265445	0	2	0	0	0	0	0	0	0	3	0	0	2	0	0	0	0	0	0	0	0	0	0	0	1	0	0	0
ENSG00000265527	40	27	5	59	2	3	87	122	21	143	7	7	10	10	32	169	72	31	44	2	17	133	45	22	53	70	72	32
ENSG00000265539	0	0	0	0	0	0	0	4	0	3	0	0	1	2	2	1	0	0	0	0	0	2	0	0	2	0	3	1
ENSG00000265590	63	837	187	299	164	806	263	171	169	799	322	373	396	198	133	241	493	90	325	405	91	278	223	889	348	341	515	141
ENSG00000265598	0	0	0	3	0	0	0	2	2	0	0	9	0	0	3	0	3	0	1	0	0	0	1	0	0	4	8	1
ENSG00000265630	0	1	0	0	0	2	0	3	0	0	2	1	2	0	1	0	3	0	1	12	6	0	0	0	2	1	0	2
ENSG00000265658	0	2	0	0	0	0	0	0	0	0	0	0	1	0	0	0	0	0	0	0	0	0	0	0	0	0	0	0
ENSG00000265690	3	0	2	1	0	0	3	10	0	2	1	0	4	0	2	0	3	0	1	3	0	2	7	0	1	1	1	0
ENSG00000265694	0	0	0	0	0	0	0	0	0	0	0	0	0	0	0	0	0	0	0	0	0	0	0	0	0	0	0	0
ENSG00000265702	0	0	20	5	2	0	0	0	10	4	4	6	3	8	10	5	16	3	29	6	62	25	23	19	11	3	15	23
ENSG00000265740	0	7	0	2	2	1	3	0	0	2	5	1	0	0	0	1	0	0	0	0	0	11	1	2	1	4	0	0
ENSG00000265744	0	0	0	0	0	0	0	0	0	0	0	0	0	0	0	0	0	0	1	0	0	0	0	0	1	0	1	0
ENSG00000265751	0	0	0	11	0	0	0	4	0	13	6	4	0	0	0	0	0	0	0	0	0	3	0	6	0	0	0	0
ENSG00000265766	0	389	2	44	0	0	0	27	0	0	1	2	38	472	1	0	0	0	0	24	0	0	53	27	0	0	0	2
ENSG00000265799	0	3	1	0	0	2	1	0	0	5	2	1	1	5	0	4	6	1	2	6	2	0	2	1	3	0	0	1
ENSG00000265820	0	0	0	0	0	0	0	0	0	0	0	0	0	0	0	0	1	0	0	7	0	0	0	0	1	0	0	1
ENSG00000265841	0	0	0	0	0	0	0	0	0	0	0	0	0	0	0	0	0	0	0	0	0	0	0	0	0	0	0	0
ENSG00000265872	0	0	0	0	0	0	0	0	0	0	0	0	0	0	0	0	0	0	0	0	0	0	0	0	0	0	0	0
ENSG00000265908	0	12	5	12	2	8	9	28	0	10	0	5	12	38	0	0	4	0	0	28	18	12	0	8	6	3	24	6
ENSG00000265929	0	1	3	0	0	3	1	3	0	0	0	0	0	3	1	0	3	0	3	2	0	0	3	2	6	9	1	3
ENSG00000265933	17	1410	72	444	29	0	476	192	19	5	18	4	195	571	5090	53	756	719	83	227	8363	2217	0	2	621	72	45	391
ENSG00000265939	0	0	0	0	0	11	2	0	0	0	0	2	0	0	1	0	4	4	0	10	0	0	0	0	1	6	0	4
ENSG00000265964	0	0	0	0	0	0	0	0	0	0	0	0	0	0	0	0	0	0	2	0	0	0	0	0	0	0	0	0
ENSG00000265987	0	5	0	1	0	1	1	0	1	3	8	2	2	0	1	2	0	0	1	3	0	0	6	1	0	7	5	0
ENSG00000266086	0	1	0	0	1	3	6	0	0	6	1	0	0	3	1	0	2	0	0	0	1	6	0	1	2	1	1	1
ENSG00000266106	0	0	1	2	0	0	0	2	2	0	0	0	0	0	0	0	2	0	1	0	0	0	0	0	2	0	0	0
ENSG00000266149	0	2	6	0	0	2	1	4	0	0	0	0	6	8	14	0	13	3	2	42	17	0	10	0	2	0	3	9
ENSG00000266162	0	0	0	0	0	0	0	0	0	0	0	0	0	0	0	0	0	0	0	0	0	0	0	0	0	0	0	0
ENSG00000266211	0	0	0	0	0	0	0	0	0	0	0	0	0	0	0	0	0	0	0	0	0	0	0	0	0	0	0	0
ENSG00000266282	0	2	0	7	0	1	2	0	4	2	5	4	0	0	0	4	1	0	4	0	0	0	0	1	2	2	0	0
ENSG00000266288	0	1	0	0	0	1	0	0	0	10	2	6	0	4	0	8	0	0	3	0	0	0	0	1	0	1	1	0
ENSG00000266297	8	2	0	0	0	0	0	0	0	0	0	0	1	0	6	0	0	0	0	1	0	0	0	0	1	0	0	0
ENSG00000266378	29	10	10	19	17	77	11	9	13	42	24	100	94	8	9	13	34	0	12	44	0	0	18	60	19	20	54	28
ENSG00000266397	0	0	0	0	0	2	0	0	0	0	0	65	0	0	0	0	0	0	0	0	0	0	0	0	2	0	0	0
ENSG00000266498	0	0	2	2	0	12	1	0	0	11	0	4	3	3	0	0	1	0	3	0	0	0	0	2	0	0	2	0
ENSG00000266513	0	9	0	19	0	0	3	17	0	39	0	10	2	4	6	0	1	0	37	13	0	8	0	9	15	11	2	1
ENSG00000266524	0	11	61	86	210	16	83	34	29	10	118	30	42	6	23	19	18	9	6	46	23	20	58	9	82	0	14	17
ENSG00000266531	0	0	0	1	1	0	1	0	0	0	0	2	0	0	0	0	2	3	0	0	2	7	0	0	0	0	0	0
ENSG00000266538	24	162	13	53	28	76	6	26	51	276	42	52	7	12	15	30	108	4	91	51	11	56	51	153	44	154	62	30
ENSG00000266554	0	106	2	33	2	6	1	118	2	2	0	2	15	49	0	3	3	0	1	6	0	0	37	7	1	2	2	5
ENSG00000266569	0	1	2	1	2	0	0	0	1	9	1	0	0	0	0	2	1	2	1	5	0	0	8	4	0	7	0	0
ENSG00000266614	0	0	0	0	0	0	0	4	0	0	0	0	0	0	0	0	0	0	0	0	0	0	0	0	0	0	1	0
ENSG00000266654	1	0	0	2	0	0	0	0	0	4	0	1	0	1	0	0	9	0	1	2	0	0	0	9	0	2	5	5
ENSG00000266676	6	4	0	1	0	0	0	2	0	0	1	6	2	5	0	0	0	0	5	0	0	0	0	3	0	0	4	0
ENSG00000266680	51	37	83	68	57	69	41	83	45	80	54	78	72	186	71	57	35	129	67	29	198	107	103	74	40	79	96	142
ENSG00000266710	5	0	0	1	0	1	5	0	2	11	2	0	0	0	0	4	1	0	0	0	0	0	3	3	2	0	0	0
ENSG00000266733	0	5	2	1	0	0	2	1	0	0	0	7	8	4	2	2	3	0	5	2	0	0	0	1	1	2	2	1
ENSG00000266767	0	2	0	0	0	0	0	0	1	6	0	0	1	9	4	1	8	0	2	0	0	0	0	3	3	0	0	0
ENSG00000266776	0	0	0	0	0	0	0	0	0	0	0	0	0	0	0	0	0	0	0	0	0	0	0	0	1	0	0	0
ENSG00000266835	60	47	149	451	123	35	12	1	51	18	59	41	115	109	265	81	69	142	196	106	206	674	27	186	404	28	177	155
ENSG00000266846	0	0	2	0	4	2	0	0	0	3	0	0	0	0	5	0	0	4	0	3	9	0	0	0	5	0	0	0
ENSG00000266957	0	1	0	0	4	4	2	0	0	3	1	1	4	3	3	0	3	0	5	0	0	4	1	3	0	0	4	3
ENSG00000266987	0	9	1	0	0	0	0	0	4	6	0	1	0	2	0	0	0	0	2	0	0	0	0	9	7	1	1	0
ENSG00000266995	0	0	0	0	0	0	0	0	0	0	10	0	0	0	0	0	0	0	0	0	0	0	0	0	0	0	0	0
ENSG00000266997	5	0	2	0	3	2	0	0	3	5	0	5	5	0	2	0	1	1	0	0	0	0	8	1	0	1	2	0
ENSG00000267033	0	3	0	1	0	0	1	0	0	2	0	1	0	0	5	0	0	1	1	14	2	1	3	0	0	0	3	2
ENSG00000267056	63	1641	45	5	13	1	64	503	79	1	14	7	60	100	4724	4	1108	2543	212	194	599	191	12	663	29	20	12	1405
ENSG00000267057	0	0	0	0	1	2	8	0	0	1	0	0	2	1	1	11	0	0	0	9	0	1	0	0	6	0	2	0
ENSG00000267069	7	3	9	9	10	12	2	0	10	4	7	2	37	0	4	2	0	11	0	0	4	27	2	0	4	0	2	0
ENSG00000267074	0	6	13	9	0	8	13	4	0	15	0	21	14	11	0	5	8	0	0	0	0	0	0	10	10	0	8	6
ENSG00000267091	4	13	0	4	0	2	0	0	2	3	0	0	1	2	0	0	4	0	2	1	0	0	0	0	0	0	4	1
ENSG00000267122	6	1	0	2	0	3	0	7	0	10	4	2	0	0	0	0	1	1	0	0	0	3	0	0	4	2	1	3
ENSG00000267130	21	13	18	3	4	15	11	3	0	4	9	11	6	11	7	4	7	1	8	8	7	10	4	5	5	7	2	8
ENSG00000267146	0	0	0	0	0	0	0	0	0	0	0	0	0	0	0	0	0	0	0	0	0	0	1	0	0	0	0	0
ENSG00000267218	336	1768	104	8	63	2	97	1466	227	15	100	12	84	9	548	39	347	234	35	1412	1158	851	9	472	167	12	3	297
ENSG00000267220	0	26	2	13	0	2	0	40	1	2	2	1	1	3	0	0	35	0	2	26	18	3	15	4	0	0	0	7
ENSG00000267224	0	4	0	5	0	5	3	0	2	0	5	5	0	3	0	10	3	2	3	0	0	1	10	6	1	4	4	1
ENSG00000267225	0	0	2	0	0	0	0	0	3	0	0	0	0	1	0	0	0	0	0	0	0	2	17	2	0	0	0	0
ENSG00000267234	0	0	2	0	3	1	0	0	8	5	1	1	0	0	0	2	1	0	2	2	0	0	5	6	0	0	6	1
ENSG00000267239	0	2	3	2	0	2	2	0	0	3	0	7	1	0	0	2	0	1	7	0	0	0	1	3	1	11	0	3
ENSG00000267250	0	0	1	0	1	2	1	0	0	0	0	2	0	0	4	0	6	4	2	3	0	13	0	8	0	0	0	4
ENSG00000267251	0	39	21	12	11	27	4	13	10	21	15	9	29	41	15	9	28	14	23	21	32	12	5	14	13	5	16	11
ENSG00000267262	0	0	1	5	5	3	1	6	1	1	2	4	6	2	1	0	0	0	0	2	0	10	0	0	2	1	0	0
ENSG00000267264	0	2	0	12	0	0	0	2	0	0	5	5	27	36	3	0	2	0	7	14	51	0	6	2	0	0	1	2
ENSG00000267304	0	0	0	2	0	0	2	2	0	1	0	3	3	2	0	0	2	5	0	0	0	0	0	2	1	0	0	0
ENSG00000267313	0	0	49	2	21	2	0	0	8	0	6	8	14	0	27	0	19	5	11	66	0	1	0	11	4	5	1	2
ENSG00000267319	0	21	0	2	0	2	0	0	3	0	0	0	0	7	0	0	4	11	3	6	1	0	2	0	2	2	0	0
ENSG00000267327	28	1	8	2	29	61	34	0	29	40	69	14	7	2	17	59	10	18	4	58	15	41	6	5	70	7	8	14
ENSG00000267341	0	0	1	3	2	0	0	2	0	3	2	1	0	1	0	0	3	0	7	1	0	3	0	6	0	7	0	0
ENSG00000267354	0	7	0	7	0	2	1	0	0	0	3	0	0	0	2	15	0	0	4	0	0	4	0	2	0	2	1	3
ENSG00000267361	0	4	1	0	0	6	5	2	0	7	0	0	0	2	0	0	1	0	0	0	0	0	0	2	4	0	7	2
ENSG00000267368	5	322	79	0	129	72	144	152	74	2	227	162	203	152	360	0	129	78	129	55	186	1	0	141	0	244	0	89
ENSG00000267369	0	10	4	15	0	15	22	25	2	2	2	25	44	11	3	4	3	0	5	2	0	0	1	17	6	0	2	0
ENSG00000267374	21	13	5	8	3	10	32	22	8	15	11	4	0	0	17	2	0	6	55	21	33	21	0	6	18	17	7	0
ENSG00000267393	5	2	0	2	0	2	7	0	3	40	5	7	21	0	0	0	3	0	15	0	0	4	0	11	3	4	36	6
ENSG00000267429	12	23	5	5	6	7	6	2	12	7	12	7	3	10	9	17	6	7	5	10	0	0	16	9	7	6	3	0
ENSG00000267440	5	0	2	2	0	0	2	0	2	6	0	0	7	0	0	2	0	5	0	2	0	0	0	1	2	0	4	0
ENSG00000267457	0	0	6	22	14	30	10	0	0	15	5	7	2	3	3	0	10	0	23	16	0	12	41	6	1	8	4	2
ENSG00000267476	17	194	30	368	30	20	9	185	14	21	11	5	26	134	84	5	396	51	82	49	336	101	119	113	64	29	37	164
ENSG00000267489	0	0	0	0	0	0	0	0	2	2	0	2	4	0	0	0	0	0	1	0	0	0	0	0	2	1	0	0
ENSG00000267508	49	121	131	158	49	193	114	135	92	141	116	170	201	352	205	95	190	99	208	151	153	167	227	100	104	172	167	267
ENSG00000267523	0	56	16	10	0	31	47	84	0	44	7	19	80	55	5	6	23	3	12	4	20	9	65	60	24	17	13	16
ENSG00000267526	0	7	0	18	5	6	0	0	12	49	8	18	0	1	4	4	9	10	15	0	0	0	17	10	0	23	7	2
ENSG00000267529	0	4	9	6	0	11	29	37	0	3	0	8	59	24	0	4	2	0	3	6	0	0	0	12	12	8	15	3
ENSG00000267533	0	1	0	0	0	0	1	0	0	0	0	0	0	0	0	0	0	0	0	0	0	0	0	0	0	0	0	0
ENSG00000267550	0	18	2	0	0	1	0	2	0	3	0	0	0	2	0	2	1	0	2	0	0	8	6	4	0	0	0	0
ENSG00000267554	0	0	0	0	0	0	0	0	0	0	0	0	0	0	0	0	0	0	0	0	0	0	0	0	0	0	0	0
ENSG00000267563	0	10	0	0	0	0	0	0	0	3	0	0	0	1	4	0	12	0	0	0	0	0	12	0	2	0	0	0
ENSG00000267567	0	1	0	0	3	0	7	1	0	0	3	2	0	1	1	0	0	0	8	0	2	0	6	17	0	0	0	1
ENSG00000267582	0	2	0	2	0	2	4	4	0	4	0	6	0	0	0	4	2	1	1	3	0	0	0	3	6	0	4	2
ENSG00000267583	0	4	5	0	4	4	6	1	0	0	0	6	5	0	2	1	2	0	1	3	0	0	0	1	4	0	0	1
ENSG00000267594	0	22	30	11	6	36	36	10	7	48	3	36	49	16	3	3	18	2	4	9	0	0	0	36	20	4	0	0
ENSG00000267609	0	0	0	0	0	0	0	0	0	0	0	0	0	0	0	0	0	0	0	0	0	0	0	0	0	0	0	0
ENSG00000267646	0	0	0	0	0	0	5	0	0	0	0	3	0	4	6	0	4	0	0	10	0	0	0	0	5	0	7	0
ENSG00000267653	0	0	0	28	0	0	33	7	0	4	0	0	0	0	20	5	10	0	0	0	0	9	0	1	12	6	6	26
ENSG00000267658	12	0	1	0	0	0	0	0	0	6	0	1	0	2	2	1	0	1	0	7	0	0	0	6	0	0	0	0
ENSG00000267662	0	0	7	2	0	4	2	0	1	0	0	5	0	2	2	0	3	1	1	1	0	0	0	5	3	0	2	0
ENSG00000267689	0	0	0	0	0	0	0	0	0	0	0	0	0	0	0	0	0	0	0	0	0	0	0	0	0	0	0	0
ENSG00000267699	0	0	1	0	0	0	2	0	0	0	0	0	6	4	0	0	3	0	0	0	0	0	0	1	2	1	0	0
ENSG00000267712	0	0	0	0	0	0	7	0	2	0	0	0	0	0	3	6	0	0	0	1	0	0	0	4	13	0	2	0
ENSG00000267723	0	6	1	8	4	4	4	3	1	7	0	2	2	0	2	0	1	0	0	0	0	0	0	0	3	0	2	2
ENSG00000267725	0	0	0	0	2	5	0	0	0	0	3	2	0	0	1	5	7	0	0	0	0	3	0	5	1	3	3	0
ENSG00000267733	0	2	3	0	9	4	2	3	2	6	3	1	2	1	2	6	0	0	0	0	0	0	0	0	2	0	4	0
ENSG00000267736	0	4	1	0	2	1	0	0	2	0	2	2	0	7	2	0	0	0	0	5	0	0	0	4	0	1	6	0
ENSG00000267740	0	0	0	0	0	0	1	0	1	1	1	1	0	1	0	0	1	0	1	4	0	1	0	1	0	0	0	0
ENSG00000267766	0	8	0	0	4	2	3	8	0	0	0	2	0	2	1	0	7	0	0	0	0	5	0	3	0	2	0	4
ENSG00000267774	0	13	1	2	1	0	0	0	6	0	0	0	5	0	1	4	0	1	0	1	2	0	0	0	2	0	6	0
ENSG00000267775	0	0	0	0	0	0	0	0	0	0	0	0	0	0	0	0	0	0	0	0	0	0	0	0	0	0	0	0
ENSG00000267777	0	3	0	0	0	1	15	0	0	14	0	0	0	2	0	0	1	0	2	0	0	0	0	3	2	0	0	0
ENSG00000267793	0	3	11	10	0	7	18	49	2	1	0	7	31	52	10	0	6	0	9	1	16	5	1	11	20	2	25	9
ENSG00000267795	115	919	166	370	314	28	99	1433	119	610	162	40	130	30	138	474	246	499	726	498	4157	1821	3683	96	125	863	217	576
ENSG00000267886	0	0	20	4	0	0	24	16	6	5	2	1	15	18	16	3	6	0	1	2	6	0	0	1	13	0	1	24
ENSG00000267927	0	0	4	0	3	4	2	0	1	0	3	2	2	5	2	8	1	4	1	0	0	0	0	0	7	0	3	0
ENSG00000267968	0	25	0	40	6	14	2	14	17	85	15	29	12	126	22	2	13	18	88	26	203	19	68	27	8	39	25	4
ENSG00000268015	0	2	4	3	3	1	3	1	0	0	6	3	5	0	0	1	0	2	3	0	0	0	7	1	1	0	0	0
ENSG00000268038	0	4	2	0	0	0	0	5	0	9	1	1	0	0	0	4	1	0	2	0	5	0	0	0	0	1	3	0
ENSG00000268058	0	24	0	20	2	11	16	9	5	41	2	12	0	3	0	0	8	0	10	13	0	0	6	23	9	7	14	3
ENSG00000268066	0	0	0	0	0	1	0	0	0	0	0	2	5	3	2	1	2	0	0	0	0	0	0	2	2	2	3	1
ENSG00000268070	0	3	0	5	2	1	1	3	0	1	0	0	0	4	0	0	2	0	2	0	0	0	0	2	6	0	5	0
ENSG00000268080	0	5	1	18	2	0	9	10	0	8	0	6	0	8	41	0	2	0	36	20	8	46	13	14	23	4	1	9
ENSG00000268089	51	14	228	19	24	8	62	2	50	11	81	69	129	55	68	44	22	104	33	76	0	163	0	45	50	12	99	112
ENSG00000268104	0	15	306	176	113	42	107	395	16	21	62	46	72	76	136	132	462	59	59	92	41	148	188	63	166	75	59	314
ENSG00000268117	0	0	0	0	0	2	6	0	0	0	2	1	2	0	0	0	0	0	0	0	0	0	0	0	2	0	2	0
ENSG00000268153	0	0	2	0	0	2	2	5	2	4	0	1	0	0	0	1	1	0	0	0	3	0	0	3	1	0	1	0
ENSG00000268201	0	42	20	27	14	54	30	69	14	37	22	35	16	9	5	29	42	40	78	23	20	30	27	76	13	17	29	17
ENSG00000268204	8	17	21	8	5	1	28	18	19	12	16	12	36	10	23	11	17	15	15	24	9	18	6	18	20	4	1	18
ENSG00000268240	0	3	3	2	1	3	17	2	1	2	0	2	0	0	0	1	3	1	1	2	1	0	5	0	0	0	0	0
ENSG00000268266	0	2	2	0	1	2	0	0	4	0	2	0	4	0	2	2	5	0	3	0	0	0	2	1	2	4	4	8
ENSG00000268293	0	0	0	0	0	0	0	0	0	1	0	0	0	4	0	0	0	0	0	0	0	0	0	2	0	0	0	0
ENSG00000268379	0	0	17	4	0	2	1	27	0	15	0	0	24	28	6	0	10	0	5	19	0	0	10	5	2	5	2	26
ENSG00000268433	0	3	0	0	1	2	0	0	8	0	3	0	0	0	0	0	1	0	6	0	0	2	0	0	13	0	0	0
ENSG00000268465	0	0	0	0	0	0	0	0	0	0	0	0	0	0	0	0	0	0	0	0	0	0	0	0	0	0	0	0
ENSG00000268520	0	7	0	0	1	5	0	5	15	7	0	4	3	11	1	1	1	1	4	0	0	0	0	8	3	9	2	0
ENSG00000268521	0	12	9	24	0	16	47	64	1	10	0	6	13	56	8	0	6	0	12	10	0	0	3	6	24	8	10	15
ENSG00000268531	16	7	0	5	0	1	2	2	4	1	0	2	25	209	0	1	0	2	2	5	0	0	11	4	0	4	0	6
ENSG00000268555	9	59	36	26	40	7	76	96	22	22	24	19	17	3	33	16	23	41	5	74	22	29	9	15	40	7	22	27
ENSG00000268584	16	15	6	17	14	25	6	2	21	44	9	16	14	33	13	16	39	12	18	14	36	34	36	23	10	17	7	38
ENSG00000268598	0	0	4	4	0	2	11	0	2	5	0	0	4	4	4	0	0	0	2	0	0	0	0	0	8	0	2	0
ENSG00000268615	0	6	0	0	2	12	1	0	2	2	0	1	7	1	0	2	4	0	4	5	0	0	0	1	0	0	0	1
ENSG00000268620	0	391	1	53	4	2	10	203	9	35	11	3	4	17	9	0	174	0	8	44	96	18	140	2	8	0	0	38
ENSG00000268649	0	3	0	0	2	2	0	0	8	0	2	2	0	2	2	0	0	2	6	3	0	2	0	4	2	0	0	0
ENSG00000268654	0	0	2	4	4	0	0	0	0	0	0	2	0	0	5	4	0	9	3	0	0	0	0	4	3	0	6	0
ENSG00000268673	12	1	0	4	0	3	1	2	11	0	0	2	7	1	0	0	2	0	0	0	0	0	0	2	1	0	2	0
ENSG00000268707	0	55	4	6	0	3	2	0	0	18	2	4	2	3	12	3	1	0	20	18	4	15	16	28	0	15	20	2
ENSG00000268729	0	0	0	0	0	0	0	0	0	0	0	0	0	0	0	0	0	0	0	0	0	0	0	0	0	0	0	0
ENSG00000268747	21	47	0	23	2	11	6	2	0	12	0	7	0	10	0	0	11	0	6	0	8	0	0	15	4	6	10	2
ENSG00000268849	0	0	4	0	2	0	5	0	0	0	0	0	0	0	2	0	0	0	0	0	0	0	0	0	0	0	0	0
ENSG00000268884	0	1	0	2	0	7	2	4	1	8	0	0	1	9	0	0	2	0	5	0	0	0	0	4	5	1	0	0
ENSG00000268894	0	0	0	4	0	4	0	0	0	13	0	0	2	0	0	6	6	0	0	0	0	0	0	2	6	1	2	0
ENSG00000268896	0	11	2	2	3	0	1	0	0	1	5	1	0	0	0	0	0	1	4	2	0	0	0	5	9	0	1	0
ENSG00000269043	0	3	0	2	0	4	3	10	0	4	0	3	2	2	0	0	0	1	2	0	0	0	5	1	0	0	1	0
ENSG00000269055	16	77	45	71	7	0	10	129	16	5	8	7	2	48	4	0	94	60	19	64	165	85	67	8	38	0	2	122
ENSG00000269068	0	6	1	0	0	1	5	4	3	2	2	6	1	2	3	0	1	0	3	1	0	8	1	1	1	0	0	0
ENSG00000269091	0	9	17	32	2	86	50	40	5	37	2	122	60	145	9	6	18	9	92	38	25	16	21	84	39	78	29	22
ENSG00000269097	1	0	0	0	6	0	1	0	2	3	5	2	0	0	0	2	0	0	2	0	0	0	9	2	0	0	0	2
ENSG00000269103	0	5	1	1	0	1	0	1	1	8	0	4	3	0	0	0	1	0	1	0	1	4	0	3	1	0	2	3
ENSG00000269124	0	10	0	0	0	1	54	25	0	17	0	0	8	2	4	3	8	0	0	8	0	0	0	3	14	0	2	1
ENSG00000269136	0	6	0	0	0	7	3	0	0	0	0	0	0	0	0	4	4	0	8	0	0	0	7	0	0	0	4	0
ENSG00000269148	0	27	2	5	14	8	35	21	4	54	6	30	22	15	2	2	10	1	18	16	9	11	28	19	12	15	15	2
ENSG00000269235	99	212	347	105	642	223	220	327	141	461	129	2717	386	649	214	21	3153	65	407	305	310	1522	247	160	321	4460	212	1493
ENSG00000269243	0	0	1	0	0	3	4	4	0	0	0	4	10	4	0	0	2	0	4	0	0	0	0	0	4	1	3	5
ENSG00000269274	0	53	4	30	0	4	4	212	2	4	0	5	7	71	2	0	94	6	6	25	45	18	40	7	4	0	0	60
ENSG00000269300	7	5	0	0	0	0	0	0	0	0	1	1	0	2	0	0	0	0	0	5	0	0	17	1	5	0	0	0
ENSG00000269303	3	0	0	1	0	0	0	0	2	4	0	0	6	6	2	2	2	0	2	0	0	0	6	2	0	3	4	2
ENSG00000269320	0	0	0	0	0	4	0	13	0	0	0	0	0	0	0	0	0	0	0	0	0	0	0	0	0	0	0	0
ENSG00000269321	0	0	0	0	0	0	0	0	0	0	0	0	0	1	0	0	0	0	0	0	0	0	0	0	0	0	0	0
ENSG00000269354	0	0	0	0	0	0	0	0	0	1	0	0	0	0	0	0	0	0	0	0	0	0	0	0	0	0	0	0
ENSG00000269400	2	2	0	0	0	8	0	2	2	20	4	0	16	5	0	1	2	0	6	2	0	0	1	2	1	0	6	0
ENSG00000269404	8	67	118	7	101	65	300	45	60	32	299	27	169	19	5	293	59	7	23	20	2	87	8	84	66	36	36	63
ENSG00000269469	0	0	0	0	0	0	0	0	0	0	0	0	0	0	0	0	0	0	0	0	0	0	0	0	0	0	0	0
ENSG00000269489	0	0	0	4	0	0	0	0	0	11	0	3	0	4	2	0	0	0	1	4	0	0	0	5	0	2	0	2
ENSG00000269533	0	0	3	0	0	1	4	6	0	0	0	0	0	9	9	0	0	0	0	0	0	6	0	3	3	0	0	0
ENSG00000269540	0	0	4	2	0	15	6	7	0	0	1	26	3	0	0	0	0	0	27	22	0	0	2	9	9	54	4	2
ENSG00000269560	0	0	1	0	3	1	4	0	2	3	1	0	0	2	0	6	0	0	0	0	0	12	6	2	4	0	0	4
ENSG00000269637	0	0	0	0	1	0	0	0	1	0	2	0	1	1	0	0	0	0	0	1	0	0	1	0	0	1	0	1
ENSG00000269653	14	24	10	18	1	26	44	61	0	15	5	22	23	29	2	9	8	4	27	29	0	0	29	26	28	9	3	8
ENSG00000269656	0	1	6	0	0	0	3	2	0	1	5	2	2	0	1	4	1	1	0	5	3	0	2	0	4	0	2	4
ENSG00000269707	0	40	6	51	0	59	16	11	2	61	8	12	3	16	8	5	29	2	27	14	8	0	48	27	25	47	23	7
ENSG00000269737	0	25	52	13	1	3	28	28	0	32	0	11	39	33	40	7	24	26	41	48	23	1	9	23	36	11	49	28
ENSG00000269836	2	37	4	19	8	20	9	9	8	37	18	22	8	8	2	53	14	3	9	9	0	22	15	41	9	15	15	3
ENSG00000269855	0	0	4	0	0	0	2	0	0	0	1	0	14	1	0	0	0	2	1	10	0	0	0	0	8	0	0	0
ENSG00000269867	157	308	108	199	147	203	99	208	130	356	140	188	126	187	114	182	195	225	361	294	174	226	219	209	120	522	131	194
ENSG00000269906	0	11	23	98	24	150	67	55	12	11	44	36	33	16	167	53	191	16	34	22	25	184	139	61	163	61	158	133
ENSG00000269924	0	89	20	82	0	165	51	109	10	100	22	43	18	27	10	17	78	2	75	67	16	18	26	69	53	70	117	36
ENSG00000269933	0	4	4	4	0	2	4	0	5	0	3	5	23	0	8	6	10	9	5	1	5	10	1	10	3	0	26	4
ENSG00000269944	0	17	1	2	0	2	0	0	2	0	6	0	0	0	0	4	0	1	0	7	0	0	0	1	0	6	0	1
ENSG00000269955	14	1	1	1	2	2	1	0	0	0	2	2	0	0	1	2	1	2	0	0	0	0	3	0	3	2	1	0
ENSG00000269971	0	4	0	0	0	1	0	9	0	0	0	4	1	1	3	1	2	0	1	1	0	0	0	3	4	2	3	2
ENSG00000269986	9	20	7	3	20	55	0	0	43	11	20	7	10	0	7	0	6	0	17	13	45	35	30	58	7	5	42	6
ENSG00000269994	16	4	31	0	16	2	4	1	45	1	0	12	75	6	56	7	6	0	4	0	0	0	0	46	17	8	0	4
ENSG00000270008	0	1	0	0	0	0	1	2	0	6	0	5	1	2	0	0	0	0	7	1	0	0	7	0	0	4	0	1
ENSG00000270060	0	35	23	13	1	40	59	38	6	47	5	30	59	62	18	7	10	2	25	14	35	0	15	18	46	11	20	32
ENSG00000270061	7	70	5	61	3	84	17	25	9	57	44	40	10	25	12	24	35	2	40	24	24	32	41	72	22	73	44	11
ENSG00000270098	0	31	3	44	1	11	29	141	0	5	10	21	35	101	7	2	34	8	82	42	36	3	86	60	17	44	80	10
ENSG00000270104	0	2	2	0	0	4	2	0	0	0	0	0	10	0	0	0	0	0	0	6	0	0	0	8	0	3	0	0
ENSG00000270106	0	2	4	0	0	1	4	11	0	1	0	0	0	0	2	0	2	0	2	0	4	0	0	0	4	4	0	0
ENSG00000270133	0	0	1	0	0	3	2	5	0	0	1	3	13	5	0	2	0	0	0	0	0	0	0	2	1	0	3	1
ENSG00000270140	0	0	0	2	0	3	6	0	1	0	2	0	2	1	0	0	0	0	1	0	0	8	5	4	2	0	2	2
ENSG00000270159	0	0	0	0	0	0	0	0	0	0	0	0	8	2	0	0	1	0	0	0	0	0	0	0	0	0	0	0
ENSG00000270184	0	3	10	0	1	0	34	10	0	3	9	10	22	24	0	1	0	2	2	0	0	0	0	9	17	2	14	7
ENSG00000270225	4	2	0	3	0	1	0	10	8	0	2	2	0	0	0	3	5	2	2	0	5	0	6	1	0	4	2	1
ENSG00000270248	0	2	0	1	0	0	2	21	1	0	0	3	0	6	1	0	4	2	2	0	1	0	0	0	4	0	0	0
ENSG00000270282	0	16	6	34	0	46	4	38	2	10	2	9	8	0	7	16	31	1	21	4	3	0	43	38	7	4	12	16
ENSG00000270289	5	4	0	0	8	220	0	7	9	2	9	0	0	0	0	0	0	6	36	0	0	0	19	87	2	47	0	0
ENSG00000270296	0	19	0	2	0	0	0	3	0	6	1	1	0	0	2	1	1	0	2	0	0	0	0	4	3	4	4	0
ENSG00000270308	0	0	0	0	0	0	0	0	0	0	0	0	0	0	0	0	0	0	0	0	0	0	0	0	0	0	0	0
ENSG00000270314	0	11	0	1	0	0	9	9	1	1	0	0	0	1	0	0	0	0	0	1	0	6	0	0	3	0	0	0
ENSG00000270350	0	0	0	0	0	0	0	0	0	0	0	0	0	0	0	0	0	0	0	0	0	0	0	0	0	0	0	0
ENSG00000270421	0	0	0	11	0	0	11	0	0	0	2	1	0	4	0	0	2	6	0	0	0	0	0	5	10	0	0	0
ENSG00000270432	0	1	0	0	4	4	0	9	0	0	2	0	3	2	6	0	0	1	0	6	2	0	0	0	3	0	0	0
ENSG00000270442	0	30	0	2	0	9	0	0	4	26	4	10	0	0	0	0	2	0	64	0	0	0	11	7	4	19	10	0
ENSG00000270458	0	0	0	0	0	0	0	0	0	0	0	0	0	0	0	0	0	0	0	0	0	0	0	0	0	0	0	0
ENSG00000270488	0	0	0	0	0	0	0	0	0	0	0	0	0	0	0	0	0	0	0	0	0	0	0	0	0	0	0	0
ENSG00000270497	0	0	3	1	0	0	4	0	0	4	0	2	4	4	0	0	0	0	0	0	0	0	0	6	9	0	5	0
ENSG00000270550	7	0	83	8	4	3	0	0	11	0	4	10	62	34	1	0	5	2	2	15	0	30	35	11	38	0	2	42
ENSG00000270571	1	12	15	45	2	56	27	36	13	42	13	52	26	24	4	49	23	5	1	18	0	33	0	39	21	37	41	11
ENSG00000270578	0	27	3	8	0	0	3	14	0	3	10	8	32	109	3	0	7	7	7	8	4	0	24	1	0	2	2	12
ENSG00000270584	0	0	2	2	0	5	0	0	0	22	1	0	0	1	0	0	0	0	0	0	0	0	0	0	0	3	9	0
ENSG00000270585	0	0	2	1	0	6	10	0	0	0	1	5	1	0	0	0	4	0	5	0	0	0	0	7	8	0	1	1
ENSG00000270612	0	0	0	0	0	0	0	0	0	0	0	1	0	0	0	0	0	0	0	0	0	0	0	0	0	0	0	0
ENSG00000270618	0	0	0	0	0	0	0	0	0	1	0	0	0	0	0	0	0	0	0	0	0	0	0	0	0	0	0	0
ENSG00000270640	1	7	1	55	26	109	20	17	1	25	20	88	3	9	13	18	56	4	17	7	47	45	117	76	78	14	32	22
ENSG00000270689	0	33	2	2	2	13	2	42	0	5	2	2	16	231	0	2	12	0	15	6	8	2	93	13	4	2	4	10
ENSG00000270696	0	0	1	0	2	0	2	8	2	3	2	0	5	6	1	1	2	4	4	0	0	0	0	2	2	1	2	1
ENSG00000270701	0	0	0	0	0	0	0	0	0	0	0	0	0	0	0	0	0	0	0	0	0	0	0	0	0	0	0	0
ENSG00000270702	0	0	0	1	0	11	0	3	0	2	0	1	0	4	0	0	3	0	1	5	0	0	0	5	2	3	7	2
ENSG00000270722	0	0	0	1	11	8	2	0	2	0	0	2	0	0	0	0	0	0	2	0	0	0	0	3	0	2	1	7
ENSG00000270741	0	0	1	2	0	8	1	0	0	5	0	0	0	0	0	2	9	0	6	5	0	0	0	2	0	11	0	0
ENSG00000270775	0	4	2	0	0	0	6	0	0	0	6	1	3	0	0	4	0	0	0	0	0	0	0	2	10	0	2	2
ENSG00000270808	0	4	2	0	0	0	4	5	0	6	0	0	0	0	0	0	3	0	2	8	0	0	1	4	1	4	0	2
ENSG00000270813	0	24	0	6	14	5	0	0	5	17	1	4	0	0	4	11	0	4	7	0	0	0	12	9	7	21	8	0
ENSG00000270814	9	8	0	0	0	0	0	0	8	2	0	0	0	0	0	0	1	3	6	0	7	0	0	2	1	2	0	0
ENSG00000270839	0	0	0	0	0	0	0	0	0	0	0	0	0	0	0	0	0	0	0	0	0	0	0	0	0	0	0	0
ENSG00000270856	0	0	0	0	0	0	0	0	0	0	0	0	0	0	0	0	0	0	0	0	0	0	0	0	0	0	0	0
ENSG00000270863	19	41	0	54	19	72	2	9	7	23	13	0	2	0	3	23	20	3	14	39	4	0	9	15	9	21	2	0
ENSG00000270880	0	3	2	2	0	2	0	0	0	0	0	0	6	7	2	0	0	0	7	0	0	0	2	0	2	0	3	1
ENSG00000270890	0	8	15	5	0	11	2	4	0	0	1	6	35	29	7	11	2	2	3	0	5	16	4	9	30	3	62	20
ENSG00000270902	0	0	0	0	0	0	0	0	0	0	0	0	0	0	0	0	0	0	0	0	0	0	0	0	0	0	0	0
ENSG00000270903	0	2	2	15	0	2	20	13	0	7	0	2	26	23	2	1	15	0	5	0	0	0	0	4	10	1	6	14
ENSG00000270906	5	5	3	2	0	0	0	4	2	0	1	0	0	0	0	2	2	2	1	0	3	1	10	1	1	0	0	3
ENSG00000270934	0	0	0	0	0	0	0	0	0	0	0	2	4	0	0	1	0	0	0	0	1	0	0	0	0	3	0	2
ENSG00000270947	0	4	0	0	1	0	0	0	0	0	0	0	0	0	0	0	2	1	0	1	0	0	0	0	2	0	0	0
ENSG00000270972	0	3	0	5	5	0	2	0	0	0	5	3	0	2	0	2	2	0	1	2	0	0	1	2	4	0	3	2
ENSG00000270977	1	13	2	0	0	8	0	0	1	4	0	2	0	3	2	0	3	0	3	2	4	0	0	0	0	0	1	1
ENSG00000271018	0	7	0	0	0	0	0	0	2	0	4	0	8	0	0	0	3	0	2	6	0	0	0	1	1	0	3	1
ENSG00000271035	0	0	0	0	0	0	0	0	0	0	0	8	2	0	0	0	0	0	0	0	0	0	0	0	0	0	0	0
ENSG00000271086	19	22	2	5	0	30	2	5	0	17	0	14	7	6	0	0	4	0	12	9	4	16	0	16	4	19	3	5
ENSG00000271098	0	2	0	0	0	1	2	0	0	4	0	0	0	0	0	0	0	0	0	1	0	1	0	2	0	0	0	0
ENSG00000271099	0	1	0	3	3	0	1	4	1	3	1	2	1	1	0	0	4	0	0	4	0	0	5	8	4	2	2	1
ENSG00000271100	0	0	0	5	0	1	0	0	0	11	0	1	0	0	0	0	0	0	3	0	3	0	0	4	0	6	1	4
ENSG00000271113	0	0	0	0	0	11	0	0	4	6	0	0	0	2	1	0	0	2	4	3	0	0	0	2	0	13	0	0
ENSG00000271134	0	0	2	4	5	1	1	0	2	0	6	0	0	0	2	1	1	2	0	0	6	0	0	0	5	0	0	1
ENSG00000271138	0	0	2	2	0	0	0	0	0	5	0	1	2	11	0	0	1	1	1	0	0	0	0	0	2	2	2	1
ENSG00000271151	0	179	13	21	6	129	22	13	9	119	22	95	44	115	8	2	73	2	75	27	134	2	140	69	36	139	75	11
ENSG00000271161	0	10	0	3	2	5	24	9	0	0	0	11	37	21	0	0	2	3	2	12	0	0	0	5	13	0	3	0
ENSG00000271171	0	0	2	2	0	8	0	7	0	0	4	0	0	0	0	0	0	0	2	9	2	0	0	2	5	1	3	2
ENSG00000271172	0	0	0	0	2	4	12	0	0	0	2	5	0	2	0	0	2	0	4	7	4	0	0	1	2	0	2	0
ENSG00000271182	0	13	0	4	0	2	0	0	0	0	0	1	0	0	0	0	2	1	0	24	4	0	0	0	0	0	0	0
ENSG00000271215	0	6	0	3	1	0	5	0	0	4	1	2	4	0	2	0	6	0	1	0	0	0	0	1	3	5	2	4
ENSG00000271243	0	0	0	0	0	0	0	0	0	0	0	0	0	0	0	0	1	0	0	0	0	0	0	0	0	0	0	0
ENSG00000271283	3	0	0	0	0	8	0	8	1	1	0	0	5	0	0	0	0	0	3	2	0	0	0	2	0	4	0	0
ENSG00000271299	0	0	0	0	0	0	0	0	0	0	0	0	0	0	0	0	0	0	0	0	0	0	0	0	0	0	0	0
ENSG00000271309	0	0	0	0	0	0	0	0	0	0	0	0	0	0	0	0	0	0	0	0	0	0	0	0	0	0	0	0
ENSG00000271314	0	4	0	1	6	53	6	12	0	18	0	10	0	2	0	0	5	3	18	2	0	0	0	0	2	17	4	0
ENSG00000271334	0	0	0	2	4	4	5	7	0	0	0	2	2	0	0	0	0	0	8	0	4	0	9	0	0	6	0	0
ENSG00000271378	0	0	0	3	0	2	1	6	1	0	0	0	6	5	0	2	3	0	1	0	0	0	0	8	0	0	3	0
ENSG00000271443	0	2	1	0	6	0	0	0	10	0	2	0	9	0	2	4	1	2	0	4	0	0	0	5	2	0	0	2
ENSG00000271491	0	2	0	1	0	9	2	12	0	0	0	1	0	0	0	0	0	1	2	0	0	0	0	7	0	0	8	1
ENSG00000271507	0	0	0	0	0	0	0	0	0	0	0	0	0	0	0	0	0	0	0	0	0	0	0	0	0	0	0	0
ENSG00000271508	0	0	0	0	0	0	0	0	0	0	0	0	0	0	0	0	0	0	0	0	0	0	0	0	0	0	0	0
ENSG00000271550	5	0	8	10	12	9	5	6	13	0	16	6	13	21	11	7	2	3	2	7	30	26	0	7	11	0	3	6
ENSG00000271590	9	15	0	25	2	51	2	5	1	23	8	25	15	13	0	0	10	0	23	11	1	20	6	24	4	18	32	0
ENSG00000271595	0	0	0	0	0	0	0	0	0	0	0	0	0	0	0	0	0	0	0	0	0	0	0	0	0	0	0	0
ENSG00000271615	2	0	0	0	2	0	6	5	0	0	0	1	0	1	0	8	0	3	0	0	0	2	0	2	3	2	0	0
ENSG00000271621	0	0	0	0	0	2	0	0	0	0	0	2	0	0	2	0	0	0	0	0	0	0	0	2	0	0	0	0
ENSG00000271624	0	0	0	0	0	0	0	0	0	0	0	0	0	0	0	0	0	0	0	0	0	2	0	0	0	5	0	0
ENSG00000271680	0	0	1	2	0	2	14	4	0	0	0	0	4	2	0	0	4	0	0	6	0	0	0	0	4	0	2	0
ENSG00000271717	2	168	9	99	49	178	27	131	35	146	105	195	22	59	9	83	146	22	264	105	81	53	153	169	23	130	128	72
ENSG00000271725	0	3	6	0	3	0	1	6	5	0	2	2	4	4	4	0	0	0	2	17	2	3	0	2	3	1	2	0
ENSG00000271751	7	2	0	4	11	10	19	0	0	14	0	4	9	16	16	0	8	8	15	11	26	43	0	5	18	6	0	8
ENSG00000271779	0	0	0	1	0	2	8	6	0	2	0	4	0	1	4	0	2	0	7	0	0	0	0	2	2	2	4	4
ENSG00000271787	0	2	4	1	0	1	2	0	0	0	1	0	2	2	0	0	0	1	0	2	9	0	0	6	3	1	4	0
ENSG00000271795	9	9	9	10	14	27	19	49	5	23	4	9	45	60	1	5	14	4	55	4	6	9	48	31	21	12	13	12
ENSG00000271824	0	2	27	10	0	17	18	0	0	76	8	40	0	0	33	2	0	26	8	32	35	36	0	2	0	103	18	3
ENSG00000271852	3	0	2	8	6	9	2	5	10	22	5	13	1	0	3	42	7	1	8	16	0	2	6	14	0	13	3	6
ENSG00000271893	0	1	1	0	0	0	0	0	1	0	7	0	0	1	0	0	1	3	14	34	0	0	0	2	6	0	0	2
ENSG00000271917	42	42	4	44	5	47	11	2	13	98	42	43	22	0	10	44	23	0	27	50	11	6	29	78	41	62	16	4
ENSG00000271963	0	0	0	8	8	0	0	4	0	0	0	0	0	1	0	4	2	2	4	0	1	0	2	3	2	1	2	0
ENSG00000271973	0	19	6	7	0	13	11	12	0	49	0	11	13	8	2	1	14	8	19	0	9	0	7	14	14	18	8	1
ENSG00000271983	0	2	7	8	6	2	8	14	2	0	1	12	7	3	1	2	16	5	6	13	6	7	1	2	6	0	8	7
ENSG00000271985	0	0	0	0	0	0	0	0	0	0	0	0	0	0	0	0	0	0	0	0	0	0	0	0	0	0	0	0
ENSG00000271986	0	0	0	1	0	3	2	1	0	13	3	0	0	0	1	0	11	0	0	0	0	0	2	2	1	2	2	1
ENSG00000272006	2	5	5	6	19	4	0	12	7	22	10	9	3	3	1	2	21	0	14	8	7	0	7	8	2	7	10	2
ENSG00000272023	0	2	0	2	2	0	0	0	0	0	0	0	0	1	2	3	2	0	2	0	0	0	0	0	0	2	0	2
ENSG00000272024	0	25	15	26	21	45	20	2	12	4	9	26	24	27	14	0	26	7	36	6	47	20	4	41	8	17	8	10
ENSG00000272050	0	6	0	0	0	0	8	0	0	5	0	2	0	0	0	8	4	0	1	0	0	0	0	0	3	0	0	0
ENSG00000272087	0	0	0	0	0	0	0	0	0	0	0	0	0	0	0	0	0	0	0	0	0	0	0	0	0	0	0	0
ENSG00000272103	30	16	2	8	0	13	4	11	3	0	0	8	37	21	3	0	4	0	15	0	8	48	0	7	2	6	8	3
ENSG00000272108	0	0	15	2	0	40	10	2	0	21	11	17	21	64	14	1	0	6	6	16	6	0	0	11	13	0	14	15
ENSG00000272115	10	7	0	0	3	7	2	1	2	1	0	0	0	2	1	2	2	0	1	4	0	2	3	0	0	1	0	0
ENSG00000272141	99	18	85	7	21	108	78	0	95	125	106	125	102	58	47	73	43	21	136	138	15	40	0	165	80	129	156	58
ENSG00000272149	0	0	0	0	0	0	0	0	0	0	0	0	0	0	0	0	0	0	0	0	0	0	0	0	0	0	0	0
ENSG00000272157	12	0	0	0	0	3	2	0	22	0	4	2	0	0	0	0	0	0	2	0	0	0	0	0	0	0	0	0
ENSG00000272164	20	0	1	19	6	15	0	0	22	10	6	3	0	0	1	24	9	10	22	10	0	10	30	12	6	44	2	0
ENSG00000272170	18	7	8	2	10	13	4	8	2	19	2	9	17	2	3	0	1	1	10	0	0	7	10	19	2	5	4	5
ENSG00000272175	0	21	0	11	0	6	0	0	8	35	6	9	0	4	0	3	6	7	7	2	6	0	19	9	12	49	3	3
ENSG00000272183	0	5	0	2	0	0	4	0	0	6	0	8	3	2	1	0	3	0	8	0	0	0	0	6	0	0	1	1
ENSG00000272202	2	4	0	0	2	0	0	0	3	2	4	0	2	0	2	0	0	5	0	7	0	6	0	2	0	2	4	2
ENSG00000272203	53	0	2	2	21	7	0	6	44	30	1	2	12	13	2	14	8	4	103	18	11	0	3	26	4	0	11	2
ENSG00000272218	0	0	0	0	0	0	0	0	0	0	2	0	0	0	6	0	0	0	0	0	0	0	0	0	5	2	0	0
ENSG00000272220	0	0	0	0	0	0	0	0	0	0	0	0	0	0	0	0	0	0	0	0	0	0	0	0	0	0	0	0
ENSG00000272236	0	5	5	0	0	2	12	0	4	0	0	2	2	0	2	0	2	0	4	0	0	0	0	0	0	1	0	1
ENSG00000272243	0	0	0	4	0	0	0	0	0	0	0	0	0	36	0	0	5	0	0	0	1	0	0	0	0	0	0	2
ENSG00000272254	0	11	0	2	0	6	5	13	2	4	6	8	0	2	2	0	4	0	4	13	0	0	0	4	6	6	8	0
ENSG00000272263	4	6	9	9	7	3	3	0	11	12	2	10	2	2	0	2	4	14	14	7	14	4	21	10	10	2	0	2
ENSG00000272267	0	2	0	1	2	4	2	0	14	4	6	0	0	0	4	19	2	1	4	17	0	0	0	9	1	8	0	5
ENSG00000272321	5	0	3	0	0	1	4	0	0	4	6	2	0	0	0	0	0	0	3	0	0	0	0	0	0	0	0	3
ENSG00000272328	0	3	0	4	1	3	0	4	1	8	0	1	5	1	1	0	0	0	1	0	2	0	0	5	2	0	2	0
ENSG00000272344	0	0	0	0	0	0	0	0	0	0	1	0	0	0	0	0	0	0	0	0	0	0	0	0	0	0	0	0
ENSG00000272374	0	73	46	42	18	111	95	61	42	158	26	115	221	113	31	5	38	4	71	78	44	57	5	58	50	15	88	88
ENSG00000272416	0	11	18	24	32	15	17	4	19	35	3	26	0	0	12	2	9	15	15	8	11	39	25	0	22	51	39	4
ENSG00000272425	0	54	2	23	4	124	19	96	15	6	8	52	23	205	10	1	81	15	19	0	3	34	129	53	8	7	99	17
ENSG00000272434	3	6	0	2	0	0	0	0	0	0	0	2	2	0	0	4	0	2	0	0	0	4	4	2	3	2	1	0
ENSG00000272438	2	16	10	0	1	40	2	0	8	28	9	8	3	1	0	7	2	0	1	0	0	1	11	10	0	28	8	2
ENSG00000272439	0	1	2	0	0	1	2	0	0	0	0	2	0	1	0	0	3	0	1	9	0	0	2	8	3	2	1	1
ENSG00000272449	8	14	14	24	9	33	21	56	10	21	13	12	11	26	8	10	11	17	25	21	54	5	69	20	10	6	4	3
ENSG00000272460	0	0	0	0	0	0	0	0	0	0	0	0	0	0	0	0	0	0	0	0	0	0	0	0	0	0	0	0
ENSG00000272477	0	0	0	0	7	0	2	0	0	0	1	0	11	0	2	8	3	0	2	5	0	0	0	1	0	3	4	0
ENSG00000272510	0	6	0	5	0	0	4	8	2	7	0	0	0	5	2	0	0	0	3	0	0	0	0	2	0	0	4	0
ENSG00000272559	0	13	0	0	0	0	0	11	0	0	0	1	0	5	0	0	7	2	0	0	0	0	2	0	0	0	4	2
ENSG00000272573	9	0	0	2	1	0	0	7	1	0	4	2	3	1	1	2	0	1	0	0	0	1	0	2	0	0	0	0
ENSG00000272583	0	0	1	2	4	1	5	4	0	0	6	4	0	4	0	1	0	2	7	0	4	0	0	1	3	0	4	0
ENSG00000272626	46	0	40	1	16	0	22	12	42	7	3	0	0	0	22	3	0	15	0	25	0	29	0	6	12	0	0	15
ENSG00000272634	0	0	3	14	4	2	0	33	0	1	1	10	11	32	0	0	31	0	4	0	14	34	19	2	0	13	43	21
ENSG00000272662	0	4	0	2	2	0	0	0	5	0	0	5	0	2	0	2	2	0	9	0	20	17	0	2	0	4	0	0
ENSG00000272686	121	66	172	236	229	413	150	204	165	236	322	246	224	382	289	181	281	159	278	189	335	207	297	236	197	478	185	289
ENSG00000272707	0	2	0	2	0	0	0	0	4	3	0	2	0	0	6	0	0	0	1	1	0	6	12	3	2	0	0	2
ENSG00000272720	36	359	29	77	37	257	154	239	39	689	45	309	136	278	71	33	189	31	201	93	79	92	224	328	157	223	141	68
ENSG00000272727	0	1	0	0	5	4	0	0	6	0	2	0	0	0	6	0	0	7	4	3	0	1	0	0	10	0	0	0
ENSG00000272745	0	4	0	5	0	0	0	7	0	0	0	5	0	9	2	0	0	0	4	0	0	0	6	5	1	0	3	0
ENSG00000272795	2	8	0	2	2	5	0	2	0	5	0	0	3	0	3	0	0	0	0	0	0	0	0	3	2	0	0	0
ENSG00000272800	5	7	2	11	3	23	21	18	10	23	2	25	15	24	6	4	12	3	26	0	7	6	2	14	5	15	21	9
ENSG00000272824	0	0	3	1	1	8	0	0	0	15	10	13	10	6	3	0	16	5	11	0	0	15	31	26	0	3	8	8
ENSG00000272829	0	15	22	22	17	42	12	52	39	16	11	9	6	35	34	37	45	48	34	13	17	34	16	23	21	15	16	15
ENSG00000272831	97	119	37	67	80	51	38	85	87	118	55	64	87	147	79	95	72	68	87	73	172	143	125	73	81	65	35	74
ENSG00000272834	0	2	0	2	4	2	0	8	0	0	4	5	2	3	0	2	0	0	0	0	0	0	0	0	4	2	0	0
ENSG00000272849	4	31	61	34	2	53	124	170	10	62	3	47	232	269	18	11	49	8	44	20	21	11	78	109	49	7	44	40
ENSG00000272866	12	6	4	0	0	0	4	0	0	0	0	0	0	2	0	0	0	3	2	0	0	0	0	3	1	0	0	4
ENSG00000272872	19	39	4	18	3	1	16	35	4	18	4	9	1	0	17	3	10	0	28	120	8	0	0	82	4	30	12	9
ENSG00000272884	0	0	0	0	0	0	0	0	0	0	0	0	0	0	0	0	0	0	0	0	0	0	0	0	0	0	0	0
ENSG00000272892	0	16	10	5	2	15	1	0	0	6	1	2	4	0	3	4	8	1	6	15	0	16	4	15	6	14	6	15
ENSG00000272902	7	30	34	25	11	43	52	48	51	12	26	6	25	45	48	32	24	33	34	43	27	16	31	24	41	23	6	46
ENSG00000272908	0	9	366	107	11	15	62	14	6	13	22	29	42	19	190	17	100	251	125	794	250	524	20	69	268	29	16	562
ENSG00000272911	0	0	9	7	0	2	9	0	0	0	0	1	0	1	1	0	1	0	0	4	0	4	0	4	10	0	0	0
ENSG00000272921	0	0	0	0	0	0	0	0	2	0	0	0	0	0	0	0	0	0	0	0	0	0	0	0	0	0	0	0
ENSG00000272942	14	9	0	1	4	7	1	25	1	104	0	28	10	32	0	9	43	2	58	13	32	5	41	17	2	61	41	11
ENSG00000272975	0	1	3	1	2	0	6	0	0	0	1	0	0	3	3	3	0	0	2	3	0	0	0	0	8	2	0	2
ENSG00000272980	0	3	7	6	0	0	1	3	0	0	0	0	6	2	6	6	0	0	3	0	0	0	0	2	2	0	0	1
ENSG00000273006	0	0	1	0	0	9	0	2	3	0	0	4	1	0	0	0	4	0	1	0	0	0	0	2	6	8	3	6
ENSG00000273018	16	26	47	25	25	58	101	84	22	98	30	76	92	45	68	21	28	3	26	8	18	17	6	42	66	126	28	42
ENSG00000273044	0	4	0	0	1	2	0	0	0	6	0	0	0	0	0	2	11	0	0	0	0	0	0	7	0	0	2	2
ENSG00000273051	0	12	6	2	0	7	3	12	0	11	0	10	0	62	0	0	42	0	1	5	0	0	51	7	1	11	23	6
ENSG00000273062	5	4	14	45	4	12	44	8	0	4	0	14	8	45	90	8	31	21	11	0	0	84	6	10	65	17	19	54
ENSG00000273068	0	1	2	0	0	2	0	1	0	3	0	1	1	0	0	0	0	0	0	0	16	8	0	3	0	7	1	5
ENSG00000273100	0	2	17	18	2	35	11	0	12	46	11	62	2	3	4	3	4	0	31	4	0	10	0	38	5	16	26	0
ENSG00000273108	0	28	14	9	0	11	2	6	11	43	9	21	18	4	0	11	1	0	7	2	6	0	0	28	10	49	10	14
ENSG00000273110	0	0	0	0	0	0	0	0	0	0	0	0	0	0	0	0	0	0	0	0	0	0	0	0	0	0	0	0
ENSG00000273129	14	36	36	14	16	32	84	27	28	18	49	57	25	20	20	2	24	6	23	26	2	30	18	80	45	2	28	15
ENSG00000273148	0	52	47	18	0	32	65	54	27	59	46	104	75	122	50	0	14	4	80	15	62	27	26	18	46	33	52	56
ENSG00000273151	1	9	30	20	16	26	99	59	10	20	11	38	136	177	19	6	28	9	22	47	40	0	16	55	53	0	34	36
ENSG00000273171	0	0	0	0	0	0	0	0	0	0	0	0	0	0	0	0	0	0	0	0	0	0	0	0	0	0	0	0
ENSG00000273177	0	0	0	0	0	0	0	0	0	0	0	0	0	0	0	0	0	0	2	0	0	0	0	0	0	0	0	0
ENSG00000273179	0	1339	59	447	7	803	168	1401	8	523	21	118	236	1066	22	9	138	14	188	130	236	7	769	1449	34	455	37	63
ENSG00000273180	4	0	5	2	0	2	2	0	6	5	0	0	0	4	2	0	0	0	0	0	4	0	0	4	1	0	0	3
ENSG00000273184	0	0	0	0	0	0	0	0	0	0	0	0	0	0	0	0	0	0	0	0	0	0	0	0	0	0	0	0
ENSG00000273186	0	0	1	0	2	1	2	3	0	0	2	0	1	12	0	2	0	4	5	0	3	10	0	0	0	0	0	0
ENSG00000273210	4	1	0	3	1	3	1	0	2	8	1	0	0	4	1	0	3	1	2	0	0	0	4	1	4	0	0	3
ENSG00000273243	0	11	23	21	13	17	21	21	7	26	20	33	38	46	9	15	37	0	16	1	0	0	11	47	50	7	23	21
ENSG00000273255	0	0	0	0	0	0	0	0	0	0	0	0	0	0	0	0	0	0	0	0	0	0	0	0	0	0	0	0
ENSG00000273259	17	19	34	14	41	0	47	26	12	8	0	1	20	8	14	126	79	0	19	1	13	11	8	10	28	39	12	28
ENSG00000273267	0	0	0	3	2	0	0	0	0	3	2	4	0	0	0	1	0	0	4	0	7	0	0	4	4	1	0	2
ENSG00000273293	0	10	2	0	1	0	1	0	1	1	0	5	1	1	3	0	4	0	0	0	0	2	3	7	2	7	1	0
ENSG00000273294	0	12	0	0	0	18	0	13	0	0	0	7	0	11	0	0	6	0	5	0	6	0	25	3	1	1	19	3
ENSG00000273295	1	14	27	17	12	26	0	0	7	13	4	36	0	0	9	16	45	9	12	0	0	18	18	36	100	14	19	46
ENSG00000273325	42	52	13	10	2	27	9	51	60	161	29	89	86	28	39	8	9	16	134	47	9	5	38	167	36	123	1	2
ENSG00000273333	0	0	0	0	0	0	0	0	0	0	0	0	0	0	0	0	0	0	0	0	0	0	0	0	0	0	0	0
ENSG00000273335	11	0	2	0	8	0	0	0	28	3	2	45	18	0	3	0	0	6	1	0	0	13	0	4	5	5	19	0
ENSG00000273369	0	13	8	24	12	27	10	18	7	7	5	12	41	17	35	15	7	7	30	0	0	0	16	6	21	5	13	9
ENSG00000273384	0	0	2	0	0	0	2	0	0	0	0	3	3	2	3	3	2	3	0	2	6	0	0	1	3	1	0	3
ENSG00000273409	0	0	0	2	2	0	0	0	10	0	3	0	0	0	4	14	5	0	0	2	0	0	0	0	11	0	0	0
ENSG00000273428	0	2	1	0	0	1	4	3	0	12	1	0	0	2	0	0	0	0	4	0	0	0	0	4	4	1	1	6
ENSG00000273442	0	12	6	42	2	2	15	14	8	87	13	67	42	89	16	23	11	4	0	3	15	0	43	45	23	2	24	11
ENSG00000273450	0	0	0	2	3	11	0	0	4	4	5	3	5	0	1	1	4	0	4	0	0	1	7	0	3	0	2	0
ENSG00000273489	0	6	0	29	0	9	14	41	0	10	0	8	19	26	2	0	18	0	13	13	2	16	52	19	13	2	6	3
ENSG00000273499	2	0	1	0	0	0	0	0	0	0	1	0	1	0	0	0	0	0	2	0	0	0	0	0	0	0	0	0
ENSG00000273500	0	0	0	0	0	3	0	0	1	1	0	1	0	1	0	0	0	0	4	0	0	0	11	6	0	5	4	1
ENSG00000273540	35	0	23	18	19	15	0	10	114	0	26	19	59	426	2	11	8	0	4	0	0	30	2	25	5	16	10	18
ENSG00000273553	0	0	2	4	0	6	0	0	0	0	0	2	0	0	0	0	0	0	1	2	0	16	0	0	0	0	4	2
ENSG00000273554	0	0	0	0	0	0	0	0	0	0	0	0	0	0	0	0	0	0	0	0	0	0	0	0	0	0	0	0
ENSG00000273558	5	18	13	8	42	21	5	7	22	14	51	23	25	130	6	8	3	5	16	125	3	11	24	533	4	4	6	3
ENSG00000273597	0	8	2	8	0	1	0	0	0	0	2	0	5	5	2	4	0	0	0	6	0	0	0	0	1	0	1	0
ENSG00000273639	0	7	37	4	14	15	7	0	28	0	32	15	99	91	7	15	7	7	10	47	4	1	11	60	2	2	8	7
ENSG00000273682	0	2	8	1	1	2	3	0	2	16	0	0	13	1	0	0	0	1	1	4	4	0	0	4	1	0	7	2
ENSG00000273687	0	6	1	4	5	5	0	4	7	4	11	17	0	30	0	0	8	14	8	0	47	5	6	35	5	0	11	0
ENSG00000273692	0	0	0	0	0	0	0	0	0	0	0	0	0	0	0	0	0	0	0	0	0	0	0	0	0	0	0	0
ENSG00000273706	0	0	0	0	0	0	0	0	0	0	0	0	0	0	2	0	0	0	0	1	0	0	0	0	0	0	0	0
ENSG00000273717	0	0	0	0	0	0	0	0	0	0	0	0	0	0	0	0	0	0	0	0	0	0	0	0	0	0	0	0
ENSG00000273746	0	0	0	0	0	0	0	0	0	0	0	0	0	0	0	0	0	0	0	0	0	0	0	0	0	0	0	0
ENSG00000273759	21	18	11	17	28	39	29	45	17	40	32	38	22	28	19	20	9	7	52	17	35	14	35	29	18	31	27	22
ENSG00000273760	0	14	18	8	2	3	5	22	0	21	0	4	30	23	6	0	9	5	8	2	0	0	16	11	4	0	6	25
ENSG00000273765	0	20	0	4	0	5	8	13	0	22	0	13	14	4	0	8	9	1	16	0	8	0	22	12	7	17	12	5
ENSG00000273768	0	0	0	0	30	7	0	2	6	0	1	2	2	7	0	5	22	1	6	4	0	0	5	3	0	0	2	3
ENSG00000273777	6	263	26	1004	39	1804	83	265	7	37	3	15	2185	1772	7	0	44	12	55	363	22	8	57	13	36	3	31	67
ENSG00000273816	0	1	3	1	0	0	3	0	1	5	0	0	5	2	0	0	3	0	2	2	0	10	0	6	1	2	0	0
ENSG00000273851	0	0	0	2	0	0	0	0	0	9	4	0	0	0	0	0	4	0	0	0	22	0	0	2	0	0	0	0
ENSG00000273855	0	0	1	1	5	2	3	2	0	6	0	5	2	0	1	0	1	0	0	0	0	0	0	1	6	0	2	0
ENSG00000273870	0	12	2	1	0	0	3	5	0	3	0	4	0	1	0	0	0	0	2	0	0	0	0	0	8	1	2	0
ENSG00000273976	0	0	0	0	0	0	0	0	0	0	0	0	1	0	0	1	0	0	1	0	0	0	0	0	0	0	0	0
ENSG00000273980	0	2	0	0	0	2	0	6	2	2	0	2	1	6	2	0	3	2	0	5	0	0	9	0	3	0	0	1
ENSG00000273982	12	0	0	0	0	0	0	11	2	2	0	0	3	2	0	1	2	2	0	0	0	0	0	2	1	4	0	0
ENSG00000273999	0	6	1	0	0	0	0	0	2	0	2	0	7	7	7	0	1	0	9	0	0	0	0	0	2	3	4	0
ENSG00000274004	0	33	2	6	0	31	2	8	0	36	0	16	5	1	0	2	2	3	8	9	6	2	21	12	3	16	23	0
ENSG00000274011	0	6	2	1	0	0	4	0	0	6	0	0	0	3	0	0	0	0	0	5	0	0	0	2	4	3	2	1
ENSG00000274091	0	0	0	0	0	0	0	0	0	0	0	0	0	0	0	0	0	0	0	0	0	0	0	0	0	0	0	0
ENSG00000274105	17	45	10	10	7	30	25	42	11	60	15	37	71	49	12	3	18	4	26	18	2	4	24	20	26	15	21	17
ENSG00000274159	0	2	0	4	4	6	1	0	0	1	0	2	5	2	0	0	3	0	2	0	6	0	0	3	8	0	0	0
ENSG00000274162	0	0	0	0	0	0	5	11	0	0	0	0	2	4	0	0	0	0	0	0	0	0	0	0	1	0	4	0
ENSG00000274184	8	24	8	11	0	49	26	0	4	54	7	42	12	48	12	6	22	0	26	6	33	20	23	52	4	49	29	10
ENSG00000274204	0	6	22	45	29	31	15	0	6	6	14	15	1	26	30	9	51	15	0	8	0	45	71	15	42	17	26	21
ENSG00000274209	0	1	2	6	0	0	0	5	2	0	0	1	0	7	0	0	1	0	2	0	0	0	5	2	0	0	2	2
ENSG00000274210	0	7	6	22	43	32	8	0	0	6	0	0	18	55	5	21	40	8	19	26	0	91	13	16	78	19	18	12
ENSG00000274214	0	2	0	7	0	3	2	0	0	0	0	6	0	6	2	0	1	0	2	0	0	0	0	6	1	0	1	0
ENSG00000274235	0	0	0	0	0	0	0	0	0	0	0	0	0	0	0	0	0	0	0	0	0	0	0	2	0	0	2	0
ENSG00000274272	0	11	3	8	0	5	30	21	0	12	2	15	31	21	0	4	14	0	5	24	4	4	14	6	16	1	3	0
ENSG00000274276	0	0	0	2	0	0	0	0	0	0	0	0	0	0	47	1	0	0	0	0	0	0	0	0	0	3	0	0
ENSG00000274292	0	0	4	5	2	6	46	67	2	2	0	0	27	46	1	6	13	0	19	20	6	6	2	5	13	4	7	4
ENSG00000274308	11	191	8	108	0	91	19	196	7	80	9	24	6	29	11	8	82	4	68	75	29	10	200	65	59	34	56	12
ENSG00000274312	0	3	2	0	0	0	0	6	0	6	2	6	2	0	0	0	2	0	3	3	0	0	0	4	0	0	5	0
ENSG00000274322	0	0	1	4	0	0	10	2	0	1	0	0	4	4	1	3	0	0	0	0	1	0	1	0	4	0	0	1
ENSG00000274326	3	55	8	98	3	7	6	263	2	11	6	20	20	135	0	0	13	7	47	23	24	0	57	63	6	52	115	19
ENSG00000274333	0	27	17	5	6	41	35	25	7	8	5	9	48	55	24	10	13	9	36	21	26	21	23	39	43	17	63	6
ENSG00000274369	4	591	41	117	21	32	20	6	11	27	21	35	19	24	43	30	28	6	24	229	21	117	223	698	52	76	78	24
ENSG00000274372	10	305	2	35	19	123	26	55	26	227	11	73	39	119	14	7	41	19	109	10	67	15	95	161	13	710	86	14
ENSG00000274379	0	0	0	0	0	0	0	0	0	0	0	0	0	0	0	0	0	0	0	0	0	0	0	0	0	0	0	0
ENSG00000274386	44	26	15	31	13	58	22	41	30	74	26	46	20	41	15	41	47	10	60	22	20	13	27	59	21	44	30	20
ENSG00000274403	0	20	2	12	0	6	1	7	0	7	0	15	32	12	4	0	11	0	10	9	23	0	0	22	11	0	13	4
ENSG00000274409	0	0	0	0	0	0	0	0	0	0	0	0	0	0	0	0	0	0	0	0	0	0	0	0	0	0	0	0
ENSG00000274461	21	101	14	28	10	62	35	49	34	71	38	26	28	30	7	17	66	2	48	49	11	8	50	96	23	98	34	22
ENSG00000274499	0	69	19	6	10	6	4	85	0	0	9	31	842	9224	23	0	14	5	10	119	21	5	86	1077	4	4	0	67
ENSG00000274541	0	22	0	17	0	2	0	9	1	1	5	5	0	6	0	5	10	0	13	31	0	0	28	10	9	3	0	2
ENSG00000274576	5	0	162	6	2	1	23	7	0	0	1	2	13	10	0	0	4	0	2	0	0	19	3	21	10	0	1	22
ENSG00000274588	0	0	0	2	17	2	0	0	0	0	0	0	9	29	4	0	0	0	0	0	0	0	0	2	0	16	0	6
ENSG00000274589	2	1	2	4	0	2	0	1	6	4	2	1	0	0	1	11	2	0	2	0	1	0	1	4	0	3	0	0
ENSG00000274606	0	0	0	0	0	0	0	0	0	0	0	0	0	0	0	0	0	0	0	0	0	0	0	0	0	0	0	0
ENSG00000274607	0	0	0	1	1	2	0	0	0	9	2	1	1	0	0	0	3	0	5	3	0	2	2	4	1	2	0	1
ENSG00000274655	0	0	0	0	0	0	0	0	0	0	0	0	0	0	0	0	0	0	0	0	0	0	0	0	0	0	0	0
ENSG00000274666	0	0	0	0	0	20	0	2	1	6	0	0	0	0	0	1	3	0	4	6	0	0	0	0	0	0	7	0
ENSG00000274678	0	6	8	4	10	10	11	0	10	51	14	3	26	0	4	3	2	0	7	0	0	4	0	2	9	7	7	0
ENSG00000274721	0	1	2	0	2	0	0	0	3	0	0	2	11	7	0	0	0	1	5	0	0	4	5	3	1	3	0	0
ENSG00000274737	0	0	3	0	0	4	0	8	0	4	0	4	1	9	0	0	1	0	6	0	0	0	0	4	0	0	4	0
ENSG00000274766	0	0	0	0	1	0	0	0	0	0	0	0	0	0	0	0	2	0	0	0	0	0	0	0	0	0	0	0
ENSG00000274775	0	0	0	0	0	30	0	0	6	0	0	2	4	0	0	0	0	0	0	0	0	0	0	0	0	0	4	0
ENSG00000274776	0	6	8	3	2	9	11	41	11	14	3	21	50	30	6	0	0	0	18	0	0	0	0	17	13	13	8	2
ENSG00000274800	0	0	0	0	0	0	0	0	0	0	0	0	0	0	0	0	0	0	0	0	0	0	0	0	0	0	0	0
ENSG00000274805	0	0	0	0	0	0	0	0	0	0	0	0	0	0	0	0	0	0	0	0	0	0	0	0	0	0	0	0
ENSG00000274808	0	55	8	10	1	41	23	68	1	53	0	17	27	38	5	3	17	1	28	19	2	9	5	20	23	8	17	13
ENSG00000274810	0	0	2	0	0	2	7	0	0	15	0	1	1	2	0	0	2	0	2	0	0	0	0	0	4	0	0	0
ENSG00000274817	0	0	0	0	0	0	0	0	0	0	0	0	0	0	0	0	0	0	0	0	0	0	0	0	0	0	0	0
ENSG00000274844	0	0	0	0	0	0	0	0	0	0	0	0	0	0	0	0	0	0	0	0	0	0	0	0	0	0	0	0
ENSG00000274866	0	0	0	0	0	0	0	0	0	0	0	0	0	0	0	0	0	0	0	0	0	0	0	0	0	0	0	0
ENSG00000274915	0	0	0	0	0	0	0	0	0	0	0	0	0	0	0	0	0	0	0	0	0	0	0	0	0	0	0	0
ENSG00000274928	5	0	0	2	0	2	0	0	0	0	0	0	8	4	0	0	0	0	0	0	27	0	0	0	0	0	0	0
ENSG00000274993	227	10	1324	150	849	152	204	0	188	100	318	213	257	375	174	1319	427	339	352	251	135	1368	0	1394	585	85	550	864
ENSG00000275011	4	182	37	25	0	11	193	322	30	32	7	29	179	209	14	0	39	13	78	197	260	20	214	136	64	7	33	38
ENSG00000275014	0	0	0	0	0	0	0	0	0	0	0	0	2	2	0	0	2	7	2	0	0	5	0	0	1	15	0	2
ENSG00000275016	0	2	1	3	2	5	5	2	0	1	1	7	1	0	2	4	2	1	1	0	0	3	0	1	2	0	3	0
ENSG00000275029	17	411	2	228	39	141	21	222	67	173	51	63	5	34	45	23	196	45	225	55	144	154	337	102	108	307	176	42
ENSG00000275094	0	0	0	0	0	0	0	0	0	0	0	0	0	0	0	0	0	0	0	0	0	0	0	0	0	0	0	0
ENSG00000275097	0	6	0	2	5	1	0	1	5	1	1	4	4	0	2	0	0	3	3	0	0	2	0	0	2	6	0	1
ENSG00000275132	0	1	0	1	0	0	0	1	0	12	1	4	0	5	0	0	3	0	1	4	0	0	0	2	1	5	0	1
ENSG00000275139	0	12	0	5	2	6	0	0	5	12	3	4	0	0	0	6	0	0	2	0	57	22	1	15	0	12	11	2
ENSG00000275197	0	5	0	2	3	4	0	0	0	0	0	6	2	3	0	0	4	0	5	0	0	2	6	3	2	0	0	0
ENSG00000275206	0	0	0	0	0	0	0	0	0	0	0	0	0	0	0	0	0	0	0	0	0	0	0	0	0	0	0	0
ENSG00000275212	1	52	14	103	3	193	11	80	6	73	10	58	60	262	16	2	203	7	25	33	44	2	412	216	16	5	57	40
ENSG00000275328	0	9	0	0	1	1	2	2	0	7	0	1	1	4	0	0	0	0	0	0	0	6	0	3	1	1	0	0
ENSG00000275385	40	123	68	488	174	74	101	393	16	24	92	1368	169	156	13	95	119	0	15	26	172	6	235	29	145	21	208	52
ENSG00000275392	0	0	9	0	4	2	2	0	0	0	6	2	0	0	1	0	4	0	2	0	2	0	0	5	2	0	0	5
ENSG00000275419	0	0	0	0	0	0	0	0	0	0	0	0	0	0	0	0	0	0	0	0	0	0	0	0	0	0	0	0
ENSG00000275465	72	133	15	13	31	13	242	2	93	127	11	27	35	0	62	26	28	11	1	43	26	22	0	14	431	19	36	16
ENSG00000275481	0	1	18	18	2	32	6	19	2	24	9	10	18	35	6	0	11	1	14	14	13	0	2	14	2	2	30	30
ENSG00000275485	11	13	6	9	0	20	0	0	4	51	16	11	30	4	0	0	3	8	17	2	0	0	7	8	11	11	18	6
ENSG00000275488	0	31	1	5	0	1	5	0	2	9	2	13	1	14	0	0	3	0	9	3	0	0	0	5	11	8	0	0
ENSG00000275496	0	0	2	1	0	0	3	0	0	3	0	0	0	1	1	0	0	1	0	2	0	0	3	0	1	0	1	0
ENSG00000275506	0	0	2	2	0	3	12	3	0	0	0	0	2	5	0	0	1	0	3	3	0	0	0	4	1	0	3	1
ENSG00000275549	0	68	0	1	0	34	19	4	4	113	11	9	7	21	2	8	14	6	11	0	17	0	5	18	3	9	9	2
ENSG00000275562	0	0	0	2	6	5	2	1	0	0	0	0	4	1	0	0	2	0	4	0	0	0	0	3	6	0	4	2
ENSG00000275563	5	36	74	84	0	2	23	122	7	7	93	217	76	218	12	17	21	33	24	268	101	25	143	82	30	3	38	57
ENSG00000275591	15	4	3	35	5	2	109	15	14	24	6	14	43	9	11	20	19	14	2	4	0	0	0	12	89	2	3	45
ENSG00000275612	0	0	4	0	4	3	5	0	3	0	0	0	1	1	0	9	2	1	0	0	0	0	0	0	1	0	2	4
ENSG00000275636	0	0	2	8	0	12	0	0	0	0	0	1	0	0	2	2	4	0	0	0	0	0	6	4	3	6	0	0
ENSG00000275666	0	0	0	0	0	0	0	0	0	0	0	0	0	0	0	0	0	0	0	0	0	0	0	0	0	0	0	0
ENSG00000275680	0	1	0	25	0	5	2	5	2	9	0	8	0	8	0	0	1	1	16	0	0	3	16	9	2	65	1	0
ENSG00000275689	0	0	0	0	0	0	0	0	0	0	0	0	0	0	0	0	0	0	0	0	0	0	0	0	0	0	0	0
ENSG00000275713	2	3	2	2	4	0	21	26	0	4	2	2	0	0	6	6	3	0	4	2	64	18	0	11	13	0	0	0
ENSG00000275734	12	133	36	58	33	65	21	59	46	147	35	62	110	90	20	43	73	24	75	75	31	37	40	90	73	88	52	46
ENSG00000275743	0	0	2	0	0	4	2	0	0	0	5	6	0	0	0	0	0	0	0	0	0	0	0	0	14	4	1	3
ENSG00000275764	226	266	262	257	295	377	227	165	169	317	343	319	398	305	397	294	355	186	401	306	251	428	180	405	453	251	412	280
ENSG00000275785	0	0	0	0	0	0	0	0	1	0	0	0	0	0	0	0	0	0	0	0	0	0	0	0	0	0	0	0
ENSG00000275793	0	0	3	3	0	1	2	3	5	0	6	0	10	2	0	2	0	4	4	0	0	4	0	2	1	0	0	1
ENSG00000275812	6	2	0	0	0	5	2	0	1	3	0	4	4	0	0	0	0	0	0	1	11	3	2	0	0	0	0	0
ENSG00000275826	0	0	0	0	0	0	0	0	0	0	0	0	0	0	0	0	0	0	4	0	0	0	0	0	0	0	0	0
ENSG00000275839	0	3	1	1	0	6	1	0	0	8	4	1	0	1	0	2	5	0	0	0	3	0	0	0	2	2	2	3
ENSG00000275846	5	0	0	4	0	0	0	0	2	12	0	6	4	0	2	4	0	1	2	0	0	0	0	4	0	0	6	0
ENSG00000275860	0	0	0	0	0	0	0	0	0	0	0	0	0	0	0	0	0	0	0	0	0	0	0	0	0	0	0	0
ENSG00000275936	14	9	4	2	8	17	6	9	0	22	0	19	6	4	2	0	10	2	23	23	0	0	39	28	12	15	7	0
ENSG00000275964	13	27	20	25	52	11	63	42	41	50	34	19	38	25	37	56	47	45	26	66	23	32	28	36	34	39	16	33
ENSG00000275965	0	0	0	0	0	0	11	0	0	0	0	3	10	3	0	0	2	0	3	0	0	4	0	1	0	1	0	2
ENSG00000275980	0	0	0	0	0	0	0	0	0	0	0	0	0	0	0	0	0	0	0	0	0	0	0	0	0	0	0	0
ENSG00000275981	2	0	4	0	52	21	8	0	8	6	18	10	3	0	0	1	14	0	3	15	0	0	1	33	10	5	2	4
ENSG00000275993	76	13	370	377	665	318	315	55	185	69	392	188	585	127	198	676	426	334	320	639	8	110	23	723	457	31	247	1134
ENSG00000275995	0	40	0	13	5	12	2	22	5	47	5	17	6	3	2	0	7	0	16	7	20	0	25	12	4	6	0	2
ENSG00000276012	0	1	0	0	0	1	4	0	0	0	0	0	0	2	0	0	0	0	0	0	0	0	0	0	0	0	0	0
ENSG00000276023	218	194	1037	447	929	353	484	220	322	192	677	444	600	611	701	802	455	802	535	800	691	1112	464	612	442	362	440	702
ENSG00000276043	57	66	41	54	30	52	85	111	37	250	42	76	35	66	40	60	111	92	363	71	353	33	31	22	64	66	194	56
ENSG00000276063	0	0	6	2	0	4	3	0	4	4	0	2	0	6	0	5	0	6	6	0	0	0	0	0	0	4	1	0
ENSG00000276067	7	4	1	0	0	0	4	1	0	7	3	1	1	0	1	5	0	0	0	0	0	0	0	2	1	0	2	2
ENSG00000276085	9	81	67	215	149	528	462	308	36	94	58	492	583	1453	51	113	75	50	86	857	387	188	751	290	39	59	126	26
ENSG00000276092	12	7	0	1	6	0	0	0	0	0	0	1	0	2	2	0	2	4	3	0	0	0	0	2	0	0	1	0
ENSG00000276097	0	3	2	3	0	4	0	2	0	0	1	0	7	6	0	0	0	0	0	0	0	0	2	7	1	0	5	4
ENSG00000276107	5	30	12	86	59	86	113	1	0	64	39	104	89	88	31	22	128	2	25	21	38	86	51	85	121	54	34	29
ENSG00000276203	0	0	0	1	0	0	2	1	0	1	0	3	0	2	2	0	5	4	0	9	0	7	0	3	3	0	2	0
ENSG00000276214	0	5	0	0	0	0	0	0	0	0	0	1	4	0	0	0	2	0	0	0	0	0	0	0	0	5	0	2
ENSG00000276216	0	7	3	40	155	44	10	13	1	6	0	5	32	71	9	26	72	19	17	13	3	48	46	16	64	32	16	41
ENSG00000276317	0	0	26	5	2	0	30	20	1	0	2	6	20	18	2	0	3	6	0	5	9	0	0	3	6	0	3	24
ENSG00000276318	0	0	0	0	0	0	0	0	0	0	0	0	0	0	0	0	0	0	0	0	0	0	0	0	0	0	0	0
ENSG00000276345	0	0	41	0	0	0	0	0	0	0	0	0	0	0	0	0	0	0	1	93	52	0	0	55	0	0	0	0
ENSG00000276350	0	4	0	1	0	1	0	1	2	4	0	0	4	1	1	3	3	3	3	3	0	0	0	1	1	2	2	3
ENSG00000276366	0	0	0	0	0	0	0	0	0	0	0	0	0	0	0	0	0	0	0	0	0	0	0	0	0	0	0	0
ENSG00000276386	0	1	1	0	2	3	3	0	0	0	0	0	5	2	8	3	2	0	2	0	0	8	0	0	6	7	0	0
ENSG00000276390	8	9	9	2	6	9	5	23	7	6	22	15	21	7	10	8	21	29	12	1	10	37	12	25	4	12	0	7
ENSG00000276393	8	0	0	1	0	0	2	0	0	0	3	4	0	0	0	9	0	10	0	0	0	0	0	3	0	2	2	2
ENSG00000276408	0	0	0	0	3	0	0	9	5	6	4	4	0	13	2	0	0	2	2	0	0	0	0	0	0	0	2	0
ENSG00000276542	12	3	0	7	15	8	1	3	4	16	7	8	10	7	5	3	18	0	15	8	19	12	0	19	16	7	5	4
ENSG00000276547	2	9	238	38	23	4	193	283	5	6	16	22	127	102	68	44	42	49	27	119	63	7	47	16	85	10	20	207
ENSG00000276593	0	1	2	4	1	2	0	0	0	0	0	8	0	5	0	2	4	2	2	0	0	0	5	1	5	4	4	6
ENSG00000276596	0	0	0	0	0	0	0	0	0	0	0	0	0	0	0	0	0	0	0	0	0	0	0	0	0	0	0	0
ENSG00000276620	0	0	0	0	0	0	0	2	0	0	0	0	0	2	0	0	0	0	0	0	6	0	0	0	0	0	0	0
ENSG00000276645	0	19	0	10	9	9	0	3	7	21	8	12	0	0	0	14	17	0	19	20	4	17	10	19	4	36	6	5
ENSG00000276662	0	2	1	1	0	0	2	14	0	0	0	1	6	3	0	0	1	0	0	5	0	0	0	3	3	2	0	0
ENSG00000276668	21	0	8	3	7	0	15	0	4	2	0	1	12	0	7	13	22	0	7	3	0	0	0	16	2	2	7	0
ENSG00000276678	0	0	0	2	0	2	2	16	0	8	1	1	3	0	0	5	4	0	0	0	0	0	0	1	1	1	0	1
ENSG00000276712	0	12	3	10	9	7	8	4	3	16	8	11	8	7	4	4	20	2	17	2	9	10	9	24	22	17	20	9
ENSG00000276746	2	2	0	0	0	4	3	5	0	3	3	2	1	0	0	0	0	0	6	0	0	0	0	10	1	0	0	4
ENSG00000276759	0	0	0	0	0	2	0	0	0	0	0	0	0	1	0	0	0	0	0	0	0	0	0	0	0	0	0	0
ENSG00000276805	29	96	116	44	17	52	82	95	87	110	49	44	166	92	23	24	48	50	64	124	7	8	45	67	110	26	20	118
ENSG00000276810	0	16	3	16	1	5	12	46	4	22	0	3	8	12	2	0	14	0	1	6	35	5	25	10	10	0	11	0
ENSG00000276822	0	0	0	0	0	0	0	0	0	0	0	0	0	0	0	0	0	0	0	0	0	0	0	0	0	0	0	0
ENSG00000276830	0	3	1	1	1	1	8	0	0	7	1	4	5	1	1	2	1	1	4	1	0	0	1	2	6	0	1	0
ENSG00000276851	10	4	2	6	3	6	4	0	0	0	0	3	0	0	2	5	0	0	0	0	0	1	3	2	0	0	2	0
ENSG00000276857	0	0	0	0	0	0	0	0	0	0	0	0	0	0	0	0	0	0	0	0	0	0	0	0	0	0	0	0
ENSG00000276931	0	4	48	8	13	11	16	1	9	0	6	13	43	35	19	2	3	26	7	5	0	12	0	0	12	4	2	55
ENSG00000277011	0	6	0	2	0	0	2	0	0	0	0	0	0	0	2	2	0	2	0	0	0	0	0	0	0	0	0	0
ENSG00000277022	0	110	4	0	0	0	2	0	22	50	8	8	0	6	0	17	14	0	1	5	8	0	5	17	52	1	33	8
ENSG00000277027	0	0	0	0	0	0	0	0	0	0	0	0	0	0	0	0	0	0	0	0	0	0	0	0	0	0	0	0
ENSG00000277035	5	39	0	35	22	42	5	10	35	58	20	51	0	8	7	68	44	9	50	2	6	42	9	40	30	45	43	14
ENSG00000277081	0	0	0	0	0	0	0	0	0	0	0	0	0	0	0	0	0	0	0	0	0	0	0	0	0	0	0	0
ENSG00000277083	0	0	0	0	0	0	0	0	0	0	0	0	0	0	0	0	0	0	0	0	0	0	0	0	0	0	0	0
ENSG00000277087	0	4	0	0	0	2	0	3	0	2	4	0	9	1	4	0	0	0	4	0	0	0	0	4	2	3	6	0
ENSG00000277128	0	7	2	2	0	17	10	90	0	6	0	3	5	47	6	4	13	4	30	6	4	0	0	6	5	5	0	17
ENSG00000277152	0	19	12	9	0	8	46	26	7	51	9	24	76	18	0	0	19	0	10	25	0	0	8	39	23	7	7	0
ENSG00000277157	0	2	2	11	0	18	4	24	2	4	3	9	0	4	4	0	6	8	66	2	26	0	9	10	3	48	15	10
ENSG00000277224	0	8	21	14	4	31	40	155	0	1	22	125	39	30	25	10	6	8	23	61	0	2	66	56	51	38	9	25
ENSG00000277235	4	0	2	0	0	5	0	2	0	4	0	0	2	0	0	0	2	1	0	0	0	14	3	2	0	0	0	5
ENSG00000277367	0	0	0	0	0	2	0	0	0	0	1	0	0	9	0	2	0	0	3	8	0	0	0	22	0	0	0	0
ENSG00000277402	0	0	0	0	0	0	0	0	0	0	0	0	0	0	0	0	0	0	0	0	0	0	0	0	0	0	0	0
ENSG00000277463	0	0	0	0	0	4	1	3	0	1	2	5	4	0	2	0	2	0	2	0	0	2	0	0	0	6	4	7
ENSG00000277494	30	32	14	66	38	24	101	74	19	30	43	36	35	12	68	86	22	15	17	17	14	10	47	2	85	19	22	46
ENSG00000277498	0	10	0	0	0	12	0	0	0	8	0	2	0	6	0	0	4	0	4	0	0	0	0	0	2	1	0	0
ENSG00000277526	0	0	2	0	0	0	7	0	1	2	0	0	4	3	5	6	0	4	7	0	0	0	0	0	0	2	1	1
ENSG00000277527	0	0	0	0	0	2	8	8	0	0	2	1	3	1	0	2	1	0	0	0	0	7	0	0	0	2	2	0
ENSG00000277529	13	0	5	0	0	0	0	0	0	0	7	2	37	40	2	0	0	0	2	2	9	5	0	13	1	0	4	1
ENSG00000277533	0	0	0	0	0	0	0	0	0	0	0	0	0	0	0	0	0	0	0	0	0	0	0	0	0	0	0	0
ENSG00000277544	0	0	0	0	0	0	0	0	0	0	0	0	0	0	0	0	0	0	0	0	0	0	0	0	0	0	0	0
ENSG00000277568	2	5	0	10	2	4	2	3	7	31	5	25	0	2	6	21	1	2	18	5	9	10	21	7	5	16	4	2
ENSG00000277586	421	39	7	4	0	56	150	0	498	0	138	26	175	10	30	2	21	10	19	6	0	15	6	2	13	34	45	12
ENSG00000277598	0	0	0	0	0	0	1	0	0	0	0	0	0	0	0	0	2	1	0	0	0	0	0	0	0	0	1	0
ENSG00000277632	0	42	32	217	53	167	137	80	9	18	20	137	328	621	49	28	47	22	50	224	39	26	225	108	56	46	34	29
ENSG00000277639	214	79	771	135	2630	285	406	18	273	158	966	57	370	45	257	739	103	742	159	1246	104	204	17	275	817	40	90	194
ENSG00000277720	0	2	0	0	0	1	4	0	0	2	2	3	0	0	2	0	2	0	2	2	4	0	11	0	3	3	0	0
ENSG00000277721	0	0	0	2	0	2	2	0	3	1	1	1	0	1	4	2	2	0	5	0	0	0	0	6	3	2	2	0
ENSG00000277740	0	5	5	0	0	5	0	0	4	0	0	0	0	5	6	2	6	2	6	0	0	0	0	13	3	4	1	5
ENSG00000277784	0	0	0	0	0	0	0	0	0	0	0	0	0	0	0	0	0	0	0	0	0	0	0	0	0	0	0	0
ENSG00000277794	0	0	0	0	3	6	0	5	6	10	0	0	4	0	4	0	2	0	0	0	7	0	0	1	3	0	2	0
ENSG00000277809	0	0	0	0	0	0	0	0	0	0	0	0	0	0	0	0	0	0	0	0	0	0	0	0	0	0	0	0
ENSG00000277901	0	10	0	0	1	0	0	0	0	6	0	4	2	1	1	3	3	0	2	0	0	4	0	3	1	1	0	1
ENSG00000277918	0	0	0	0	0	0	0	0	0	0	0	0	0	0	4	0	0	0	0	0	0	0	0	0	0	1	0	0
ENSG00000277946	0	0	0	0	0	0	0	0	0	0	0	0	0	0	0	0	0	0	0	0	0	0	0	0	0	0	0	0
ENSG00000277952	0	0	0	0	0	3	0	0	0	1	0	0	1	0	0	2	0	0	0	0	0	0	0	2	0	0	0	0
ENSG00000277958	0	1	0	0	0	0	1	0	2	7	8	2	0	0	0	0	3	0	0	0	9	0	3	2	2	1	0	2
ENSG00000277988	0	0	0	0	0	0	0	0	0	0	0	0	0	0	0	0	0	0	0	0	0	0	0	0	0	0	0	0
ENSG00000277998	0	3	0	3	2	1	0	0	3	0	1	0	0	0	2	0	1	0	0	0	2	0	9	1	1	6	2	0
ENSG00000278009	0	0	3	6	1	1	1	0	2	1	0	0	4	2	2	0	3	0	0	1	0	0	2	2	8	1	1	1
ENSG00000278041	0	0	0	20	0	93	0	2	0	71	0	23	6	23	0	0	8	4	47	0	0	0	0	9	3	45	21	2
ENSG00000278071	9	57	11	1	32	19	4	0	21	60	38	57	10	10	1	8	10	23	16	28	0	0	3	5	22	37	18	5
ENSG00000278075	0	0	2	1	0	2	1	0	2	0	0	1	8	0	1	0	1	2	6	10	4	0	0	2	4	0	0	0
ENSG00000278143	0	0	1	0	0	0	0	0	0	0	1	0	0	6	0	0	0	0	0	4	6	0	0	25	0	0	0	0
ENSG00000278156	29	58	36	59	30	90	124	144	63	187	40	140	46	54	119	38	100	27	108	113	24	115	113	72	87	109	172	83
ENSG00000278196	76	6	975	130	184	258	752	38	129	7	163	334	1292	387	77	26	266	14	11	100	48	157	159	254	646	5	50	525
ENSG00000278267	0	0	0	0	0	1	0	0	0	2	1	0	0	0	0	0	0	0	1	0	0	0	0	0	0	1	0	0
ENSG00000278276	1	5	2	0	3	4	0	1	4	0	2	0	0	2	1	0	0	1	5	16	0	12	0	13	6	4	1	8
ENSG00000278281	0	0	2	1	0	1	7	4	1	0	0	2	7	4	0	1	3	0	0	2	0	0	1	0	2	1	1	1
ENSG00000278330	0	26	12	39	2	26	31	63	1	24	15	25	34	41	7	13	51	3	22	10	0	21	75	58	40	13	19	19
ENSG00000278338	0	2	7	4	0	4	4	0	0	0	0	0	6	0	3	0	2	2	0	0	4	0	0	0	0	2	0	0
ENSG00000278370	0	5	6	0	3	10	14	0	2	0	4	2	1	4	0	0	4	0	3	3	9	0	0	4	0	2	0	0
ENSG00000278384	15	86	41	73	11	78	98	77	10	138	21	26	27	183	12	4	84	2	39	21	23	0	84	40	23	23	93	50
ENSG00000278456	0	37	11	22	1	24	30	42	0	27	0	12	7	71	4	9	26	15	8	15	0	14	40	15	27	2	9	26
ENSG00000278486	0	2	0	0	0	8	0	9	0	2	1	0	0	0	0	0	10	0	0	9	0	0	0	3	2	0	2	2
ENSG00000278518	2	0	0	0	0	0	9	0	9	0	4	0	2	0	0	0	0	0	2	3	6	0	0	0	0	2	0	0
ENSG00000278522	0	741	42	20	46	33	12	403	11	2	11	208	1462	18598	74	1	120	11	16	922	41	65	497	6641	19	39	1	221
ENSG00000278532	16	0	0	0	0	3	0	0	3	0	0	10	4	0	0	0	0	3	0	0	0	0	0	0	0	0	0	0
ENSG00000278586	0	8	0	0	0	2	0	0	0	6	1	3	0	0	0	2	3	2	0	8	0	0	0	0	0	0	0	6
ENSG00000278594	0	0	1	0	2	6	0	2	0	0	0	2	0	2	1	0	7	0	3	5	0	0	0	3	1	0	0	2
ENSG00000278621	0	2	12	15	0	18	23	10	0	6	0	3	49	29	0	1	22	0	9	5	0	2	5	16	16	1	12	7
ENSG00000278626	0	14	38	22	52	89	22	147	15	12	27	247	1080	5383	185	8	85	84	246	619	78	138	243	1155	26	27	2	119
ENSG00000278647	0	0	0	0	0	0	0	0	0	0	0	0	0	0	0	0	0	0	0	0	0	0	0	0	0	0	0	0
ENSG00000278704	0	38	2	43	0	5	22	42	0	11	1	16	22	96	2	10	6	0	5	0	0	0	0	1	6	1	2	3
ENSG00000278719	0	4	0	0	2	1	0	0	0	0	0	0	0	6	3	0	2	3	0	0	0	0	0	0	0	0	0	1
ENSG00000278766	0	108	18	42	1	102	51	34	1	105	5	41	36	64	19	7	62	2	47	32	14	5	38	63	34	48	56	7
ENSG00000278769	0	0	0	0	0	0	0	0	0	0	0	0	0	0	0	0	0	0	0	0	0	0	0	0	0	0	0	0
ENSG00000278771	0	10	1	0	1	1	4	0	0	6	0	2	2	0	2	0	0	1	0	6	11	4	0	1	0	1	0	0
ENSG00000278817	10	7	8	7	10	6	9	6	31	26	15	8	5	7	19	22	11	7	12	14	31	31	10	33	8	23	13	13
ENSG00000278828	56	50	82	53	71	135	52	108	63	26	105	168	95	2	142	52	312	250	881	120	2511	146	249	404	80	305	223	138
ENSG00000278829	12	2	3	0	8	2	3	2	0	0	8	0	8	6	0	0	2	6	3	4	1	0	0	0	9	1	0	4
ENSG00000278840	0	6	10	9	0	26	0	7	1	9	7	9	0	0	11	2	38	12	42	1	0	7	0	20	14	14	15	15
ENSG00000278863	2	3	0	1	2	1	2	1	0	6	0	2	1	0	0	0	6	0	2	0	0	0	0	4	4	0	0	0
ENSG00000278864	0	14	20	22	0	24	33	41	0	42	1	9	63	85	6	2	14	4	9	19	8	2	12	19	23	5	11	11
ENSG00000278870	0	12	0	2	0	5	0	13	0	14	0	9	0	1	0	0	29	0	0	0	4	0	27	0	0	1	7	2
ENSG00000278873	2	47	2	27	7	16	3	9	19	93	9	16	4	4	4	15	60	8	64	0	22	16	29	65	21	52	38	0
ENSG00000278874	0	0	0	0	0	0	0	0	0	0	0	2	0	0	0	0	0	0	0	0	0	0	0	0	0	0	0	0
ENSG00000278881	0	2	2	0	0	0	4	0	0	5	0	6	0	3	0	1	0	0	0	4	0	0	17	0	2	0	2	3
ENSG00000278884	0	0	5	4	0	1	23	0	0	0	2	0	42	8	23	0	6	0	2	9	0	0	0	7	7	0	0	2
ENSG00000278886	0	15	0	10	4	13	4	8	24	31	18	47	0	0	7	12	20	10	31	0	0	9	3	6	0	23	4	6
ENSG00000278890	0	0	0	0	0	2	0	0	0	4	0	0	0	0	0	0	0	0	0	0	0	0	0	0	0	0	0	0
ENSG00000278899	0	13	13	17	19	26	16	11	24	4	17	19	34	15	12	27	15	31	11	30	6	15	22	24	24	16	18	10
ENSG00000278902	0	0	0	0	0	0	0	0	0	0	0	0	0	0	0	0	0	0	0	0	0	0	0	0	0	0	2	0
ENSG00000278905	0	7	0	0	0	2	0	0	2	2	0	6	4	2	0	0	4	0	2	0	0	2	0	2	1	3	4	0
ENSG00000278914	0	3	0	1	0	2	1	0	0	9	0	0	0	0	0	0	8	0	3	0	0	0	0	1	2	3	3	0
ENSG00000278929	0	1	0	0	0	1	0	0	0	0	0	0	0	2	0	0	0	0	0	0	0	0	0	0	0	0	1	0
ENSG00000278950	2	1	8	7	2	19	15	10	6	14	16	15	464	4934	5	0	9	4	8	6	2	5	48	10	6	1	11	22
ENSG00000278954	0	0	0	0	1	2	0	0	5	7	4	0	0	4	0	5	1	0	6	0	0	0	0	0	2	0	0	2
ENSG00000278962	0	2	161	21	18	31	107	66	10	3	28	18	74	50	46	9	25	30	16	27	37	13	0	21	60	7	10	104
ENSG00000279020	20	17	1	0	2	12	6	0	5	30	2	18	8	0	2	19	2	0	11	0	0	4	0	19	3	13	18	4
ENSG00000279035	0	2	5	13	2	25	4	0	0	20	4	8	1	3	0	5	7	0	9	0	6	6	10	15	11	10	2	0
ENSG00000279036	9	8	45	2	49	11	4	2	18	10	11	5	9	2	8	5	0	31	16	34	0	0	0	9	18	0	2	7
ENSG00000279039	0	79	14	22	0	13	10	129	3	16	1	2	0	10	2	1	56	8	9	63	58	6	30	2	3	1	1	36
ENSG00000279040	0	3	1	0	0	3	10	2	0	1	0	1	0	2	2	0	8	3	2	1	0	0	0	0	3	0	1	1
ENSG00000279041	0	6	30	30	0	4	97	26	2	27	8	20	115	62	8	24	7	1	7	8	10	0	0	10	49	3	24	11
ENSG00000279042	0	16	1	0	2	1	1	0	1	2	0	2	3	3	0	1	0	0	0	0	0	0	0	2	0	0	4	0
ENSG00000279044	0	3	5	0	0	6	13	57	0	0	3	0	0	29	3	6	2	0	10	0	2	0	5	9	13	0	0	11
ENSG00000279062	0	1	0	0	0	0	0	0	0	0	0	0	0	0	0	0	0	0	0	0	0	0	0	0	0	0	0	0
ENSG00000279064	0	0	2	0	0	2	1	4	0	0	0	0	4	0	1	4	2	1	0	14	5	0	5	0	2	1	0	1
ENSG00000279071	0	0	1	2	2	0	8	0	0	2	0	6	7	2	0	0	0	0	2	0	2	0	0	2	2	6	0	0
ENSG00000279083	2	91	0	44	1	25	5	34	3	40	8	25	3	6	7	0	30	6	21	13	10	34	75	42	19	63	37	13
ENSG00000279107	0	231	13	51	3	72	88	83	4	257	4	85	80	58	7	10	57	10	39	39	70	19	12	90	75	37	46	19
ENSG00000279137	0	0	2	7	0	2	2	0	0	0	0	6	6	0	0	0	2	0	0	1	0	6	0	2	2	0	0	0
ENSG00000279141	8	12	18	4	10	6	35	0	16	22	14	17	38	0	13	27	4	8	17	48	0	6	0	24	40	2	8	2
ENSG00000279175	30	59	7	27	5	36	93	43	14	116	20	16	19	32	5	18	42	3	30	47	15	43	25	40	29	39	29	5
ENSG00000279176	0	15	0	2	0	1	3	10	0	0	0	0	2	5	0	0	5	0	7	0	0	0	0	0	0	0	0	0
ENSG00000279199	0	22	21	12	5	12	12	4	11	44	1	8	39	55	3	8	8	1	32	3	0	0	49	50	21	8	8	6
ENSG00000279205	0	2	0	0	2	4	0	4	0	8	0	2	0	2	2	2	0	0	0	3	0	0	0	4	3	0	0	0
ENSG00000279206	0	0	0	0	0	2	2	2	0	10	2	0	0	1	0	1	3	1	4	3	0	0	10	0	0	0	2	0
ENSG00000279218	0	0	0	0	0	0	0	0	0	0	0	0	0	0	0	0	0	0	0	0	0	0	0	0	0	0	0	0
ENSG00000279225	21	48	5	7	67	72	0	27	31	4	20	15	1	2	26	14	9	5	50	9	57	92	32	68	50	26	55	6
ENSG00000279246	0	0	2	2	3	0	1	0	0	0	0	0	2	0	0	5	2	2	2	1	0	16	0	1	0	1	7	3
ENSG00000279270	0	90	3	38	0	11	3	86	0	129	3	54	2	30	0	0	70	0	5	10	30	6	84	12	0	27	87	9
ENSG00000279271	2	5	0	3	0	5	1	0	0	6	0	2	0	0	0	0	1	0	0	3	0	0	0	1	7	0	1	0
ENSG00000279294	0	0	1	0	0	4	1	0	0	0	0	0	0	2	0	0	2	2	0	8	0	0	0	2	0	0	2	0
ENSG00000279298	0	0	1	1	1	4	0	2	1	4	0	0	0	0	0	1	2	2	1	1	0	1	6	3	0	3	3	0
ENSG00000279301	0	4	7	0	0	0	0	0	0	0	0	0	2	26	0	0	0	0	0	0	0	0	0	6	2	0	0	0
ENSG00000279303	0	0	0	0	0	0	0	0	0	0	0	0	0	0	0	0	0	0	0	0	0	0	0	0	0	0	0	0
ENSG00000279319	10	90	14	93	0	170	89	104	9	160	33	182	189	94	27	8	104	8	74	62	32	36	41	108	62	76	180	40
ENSG00000279329	0	0	0	1	0	12	1	11	0	2	0	0	8	11	2	0	4	0	2	0	0	0	0	0	4	0	2	4
ENSG00000279397	1	2	1	0	0	2	0	2	0	1	1	3	3	0	0	3	2	0	6	0	0	5	4	2	0	3	0	0
ENSG00000279463	0	2	0	3	3	5	0	4	0	0	4	0	0	2	2	0	3	0	0	0	19	0	0	0	0	0	0	0
ENSG00000279481	0	25	0	7	4	17	22	13	2	7	0	14	29	11	34	0	23	2	18	13	15	49	19	17	36	5	4	18
ENSG00000279484	19	5	11	0	16	26	64	17	26	20	19	11	27	9	2	34	15	0	6	2	0	24	0	6	12	2	0	2
ENSG00000279502	4	47	0	38	32	44	5	15	15	52	18	23	3	5	4	53	21	3	29	28	23	13	18	90	23	62	28	4
ENSG00000279511	0	6	3	0	0	45	8	0	8	19	2	25	46	0	8	29	3	6	6	12	0	7	0	4	16	20	23	11
ENSG00000279518	25	85	5	67	0	29	31	12	26	85	37	98	100	141	20	12	48	4	78	26	49	4	73	119	77	31	128	11
ENSG00000279520	0	11	35	6	0	11	24	20	4	10	1	19	49	50	5	0	18	1	6	13	13	0	21	44	17	1	5	18
ENSG00000279526	8	10	15	31	64	29	40	10	25	25	17	26	66	11	32	80	36	6	9	47	20	35	2	14	56	13	34	39
ENSG00000279527	0	0	0	5	0	0	1	2	1	2	0	10	2	2	2	0	3	0	2	2	0	0	0	1	4	4	0	0
ENSG00000279528	0	0	0	0	0	0	0	0	0	0	0	0	0	0	0	0	0	0	1	0	0	0	0	0	0	1	0	0
ENSG00000279554	0	1	0	0	10	4	0	0	0	4	2	8	1	0	0	3	4	0	2	0	0	0	0	2	5	0	0	2
ENSG00000279559	0	0	2	2	10	533	0	1	5	19	6	0	0	0	0	0	0	10	70	3	8	0	0	221	5	38	15	1
ENSG00000279568	1	9	4	6	1	15	38	34	2	22	2	8	30	14	0	3	11	0	14	28	0	0	8	24	16	14	8	3
ENSG00000279598	0	12	4	6	18	32	4	11	13	12	27	19	0	4	17	4	3	0	7	0	1	0	0	45	18	82	3	3
ENSG00000279600	0	2	0	0	0	2	0	0	0	2	0	2	3	0	1	0	0	0	3	0	0	0	0	2	4	0	0	0
ENSG00000279625	0	0	0	1	0	1	0	5	0	14	2	1	0	0	0	1	2	0	3	0	0	8	0	2	0	1	2	0
ENSG00000279628	0	0	1	1	7	0	0	7	2	0	0	3	103	2039	0	0	6	3	7	0	0	0	9	144	3	0	0	1
ENSG00000279633	0	4	0	0	3	0	3	0	1	0	5	5	0	0	2	2	0	3	7	2	0	0	0	2	2	4	10	2
ENSG00000279640	0	2	2	2	0	0	0	0	0	0	0	0	4	8	2	0	0	0	0	0	10	0	5	2	0	0	0	0
ENSG00000279642	0	11	0	0	0	2	2	6	0	3	0	0	9	3	0	0	1	0	0	0	0	0	0	0	0	0	0	0
ENSG00000279660	0	0	0	5	0	3	6	0	4	4	2	2	3	0	0	0	0	0	4	10	0	0	4	1	1	0	0	4
ENSG00000279692	8	6	6	23	16	9	29	7	2	6	2	18	0	39	0	10	2	8	18	12	15	0	27	30	0	32	6	0
ENSG00000279712	0	1	0	6	0	3	23	25	0	15	3	8	4	8	0	0	0	0	2	0	21	0	0	0	0	28	2	0
ENSG00000279717	96	435	352	4	95	8	118	2989	300	11	230	27	315	24	1383	55	682	387	47	1785	2845	1454	25	803	316	9	3	1067
ENSG00000279732	0	6	0	1	0	0	0	0	4	2	0	0	2	0	0	0	4	0	1	0	0	0	0	8	4	7	1	1
ENSG00000279752	0	6	0	0	5	1	0	0	0	3	5	0	0	0	0	2	1	0	2	0	0	17	0	6	2	0	2	0
ENSG00000279764	0	2	0	2	0	4	2	0	0	0	0	0	0	0	0	0	0	0	0	0	0	0	0	0	0	0	1	0
ENSG00000279780	0	0	0	2	0	1	8	0	0	1	0	5	33	288	0	1	3	0	0	0	1	0	1	1	0	0	5	3
ENSG00000279785	9	17	4	2	3	13	0	8	0	17	0	18	2	5	1	16	13	2	10	2	0	3	7	23	10	4	1	9
ENSG00000279788	0	0	0	0	0	0	0	0	0	0	0	0	0	0	0	0	0	0	0	0	0	0	0	0	0	0	0	0
ENSG00000279795	0	7	6	7	9	8	9	4	1	4	8	5	39	354	1	2	3	1	5	0	0	10	8	5	2	10	2	1
ENSG00000279806	205	21	354	42	434	51	126	0	178	35	189	20	78	17	91	1112	87	173	193	245	11	192	0	201	270	5	92	206
ENSG00000279811	0	0	2	0	0	0	18	0	0	0	0	7	2	1	0	0	0	0	0	0	0	1	0	4	0	0	2	0
ENSG00000279812	0	5	1	2	0	2	1	0	0	2	0	1	9	0	1	1	1	0	0	5	0	1	0	3	4	0	7	1
ENSG00000279814	13	62	1	24	10	28	4	8	7	61	30	42	2	0	0	29	23	1	32	2	25	0	40	44	11	133	37	6
ENSG00000279822	0	4	7	1	0	0	1	0	0	0	10	0	4	4	2	0	0	4	1	0	0	0	0	0	2	0	2	0
ENSG00000279836	0	0	0	0	0	2	0	0	2	0	0	5	0	1	0	0	0	0	6	6	2	8	0	0	2	3	2	0
ENSG00000279858	0	12	12	2	6	0	9	44	0	59	14	5	17	15	14	3	3	0	38	17	4	0	0	2	8	19	14	7
ENSG00000279878	0	10	14	21	0	5	36	66	0	8	10	7	124	143	7	0	24	3	33	36	21	0	14	11	50	0	4	22
ENSG00000279883	20	20	1	60	2	10	68	61	14	14	0	7	31	10	37	4	35	0	9	24	4	31	0	10	127	8	19	23
ENSG00000279889	0	0	1	2	1	0	0	0	4	3	0	0	0	0	1	5	0	1	3	0	0	0	0	8	5	0	1	2
ENSG00000279929	0	1	0	3	1	2	4	2	0	5	0	1	0	1	0	1	3	0	2	3	0	5	1	3	4	7	0	0
ENSG00000279933	0	0	0	0	0	2	5	0	1	9	0	3	6	0	0	0	2	0	0	0	0	0	0	0	5	0	0	0
ENSG00000279959	0	0	0	0	0	0	0	0	0	2	0	0	0	0	0	0	0	0	0	0	0	0	0	0	0	0	0	0
ENSG00000279971	0	0	0	0	0	4	8	0	2	2	2	4	2	5	0	0	0	0	0	5	0	0	3	3	2	0	7	0
ENSG00000279985	5	11	0	7	2	0	0	0	14	48	4	4	0	0	2	11	5	0	13	0	11	4	0	9	5	26	6	0
ENSG00000279989	0	19	7	4	0	6	28	15	0	20	0	19	28	31	5	2	3	0	5	0	8	0	9	18	23	4	21	4
ENSG00000279991	0	2	0	0	0	0	1	0	0	0	0	2	0	0	0	0	0	0	0	0	0	0	0	0	2	1	0	0
ENSG00000279997	0	2	0	1	0	8	0	2	3	6	3	4	0	1	0	0	2	0	2	1	0	0	1	12	0	3	2	0
ENSG00000280012	0	161	145	91	17	0	226	100	3	41	37	22	177	529	25	9	170	89	67	298	171	80	113	112	21	37	112	209
ENSG00000280018	0	0	7	6	0	2	77	8	1	9	0	3	96	81	25	0	6	1	9	19	0	0	4	5	51	0	5	14
ENSG00000280021	0	34	2	12	0	18	0	49	0	39	0	20	0	30	0	0	40	0	2	11	19	0	27	10	0	0	41	5
ENSG00000280023	4	1	0	1	3	0	0	3	0	7	2	5	0	1	0	1	1	0	1	2	0	0	1	10	1	1	1	1
ENSG00000280032	158	41	128	30	283	65	196	0	187	137	187	53	54	13	175	88	131	71	50	142	54	226	0	131	412	42	61	111
ENSG00000280036	0	4	2	0	0	2	2	0	0	2	0	2	0	2	0	0	5	0	0	0	0	3	0	3	5	4	13	3
ENSG00000280037	0	1	3	0	1	0	0	0	0	7	0	2	8	6	2	0	0	0	0	8	1	0	0	0	4	6	0	0
ENSG00000280043	0	3	0	7	0	0	0	4	0	4	0	2	0	9	1	0	0	0	0	0	0	3	2	4	1	0	0	0
ENSG00000280046	35	255	78	180	33	169	143	263	55	280	109	300	224	425	54	127	203	20	267	215	113	180	162	410	198	125	204	105
ENSG00000280073	0	53	14	6	6	44	32	6	0	30	3	45	29	6	2	2	7	4	20	0	7	16	2	57	15	3	14	6
ENSG00000280078	0	6	0	2	1	2	0	1	2	6	0	1	0	6	0	0	0	10	2	0	0	0	0	8	0	0	0	0
ENSG00000280106	20	19	67	60	68	170	35	82	52	22	87	109	26	47	81	25	69	48	139	63	177	40	94	80	55	90	89	95
ENSG00000280109	55	80	118	60	75	76	96	8	12	113	38	44	176	98	3	7	121	0	68	38	37	90	13	194	129	29	115	67
ENSG00000280113	0	0	1	1	2	4	5	6	4	5	0	7	8	0	0	1	6	0	8	8	8	8	0	9	2	3	1	0
ENSG00000280165	1	0	1	4	13	1	0	0	3	2	1	2	2	9	0	0	0	0	0	0	0	0	0	0	0	0	0	0
ENSG00000280169	0	36	4	13	1	27	3	10	11	49	4	4	11	17	0	0	12	0	28	20	8	0	8	21	11	24	32	2
ENSG00000280173	0	0	95	20	5	14	55	27	3	0	6	20	61	70	37	4	15	16	6	35	29	0	11	11	32	0	31	49
ENSG00000280190	0	20	2	11	11	12	18	2	3	13	0	4	2	9	1	23	24	2	20	0	0	10	16	21	16	42	13	0
ENSG00000280217	0	0	0	1	4	2	4	2	3	3	0	1	0	2	1	1	3	0	4	4	2	0	1	2	0	0	1	4
ENSG00000280222	4	81	0	4	2	5	14	11	5	41	10	3	4	4	1	2	18	0	4	0	0	1	69	0	4	5	7	1
ENSG00000280229	0	10	2	19	0	34	0	37	2	72	0	2	5	4	2	0	2	0	61	0	4	12	7	39	0	119	15	1
ENSG00000280245	0	0	0	0	0	0	0	4	0	0	0	1	0	16	0	0	0	0	0	0	0	0	0	2	2	0	0	0
ENSG00000280255	0	4	4	15	9	63	2	17	0	51	3	3	19	8	5	0	7	9	30	0	7	0	14	9	2	25	35	8
ENSG00000280286	0	3	1	3	1	2	1	0	2	0	0	2	5	0	0	0	0	0	1	0	8	3	0	1	5	1	1	2
ENSG00000280302	0	4	0	0	1	4	2	0	1	0	3	1	5	2	2	4	2	0	4	0	2	0	0	0	5	0	0	2
ENSG00000280318	0	0	0	0	0	0	2	0	0	0	0	2	0	0	0	0	0	0	0	0	0	0	0	0	0	0	0	0
ENSG00000280321	0	57	8	60	6	57	0	20	6	132	34	44	13	30	26	56	86	12	198	76	20	140	40	93	41	210	125	36
ENSG00000280326	0	3	0	0	0	3	2	4	2	11	2	2	0	2	0	0	5	0	3	0	0	0	0	4	3	1	0	2
ENSG00000280333	5	1	0	0	6	1	0	5	2	3	1	0	8	0	0	0	0	0	4	0	0	0	4	2	3	0	0	1
ENSG00000280346	0	0	0	0	0	0	0	0	0	0	0	0	0	0	0	0	0	0	0	0	0	0	0	0	0	0	0	0
ENSG00000280348	0	0	0	4	0	0	0	3	0	0	0	0	0	0	0	0	0	0	0	0	0	0	0	0	0	0	0	0
ENSG00000280362	3	0	7	0	11	3	6	5	10	0	4	0	10	0	7	5	3	4	1	20	0	2	0	1	1	0	0	11
ENSG00000280365	0	0	0	13	0	7	10	0	14	25	13	12	0	0	0	4	15	0	6	20	0	8	20	16	13	32	17	0
ENSG00000280387	0	0	2	7	0	4	4	6	0	0	0	0	3	4	0	0	2	0	8	0	0	0	0	3	2	1	2	0
ENSG00000280392	0	23	4	5	0	2	29	2	0	11	8	11	24	8	0	0	0	2	0	11	12	0	0	5	10	0	2	8
ENSG00000280411	6	0	99	7	6	7	44	1	18	0	2	6	43	11	1	0	0	1	0	3	2	30	47	18	35	0	0	24
ENSG00000280423	0	7	2	0	4	4	0	0	0	0	0	2	3	0	2	2	10	0	0	6	0	0	0	0	0	0	4	1
ENSG00000280426	0	0	0	0	4	0	4	0	1	1	0	2	8	2	2	2	9	0	6	4	0	0	0	6	4	2	0	2
ENSG00000280432	7	28	3	45	2	136	18	100	2	50	6	37	12	62	1	4	15	3	4	45	6	6	0	34	21	3	19	3
ENSG00000280443	0	2	0	3	0	11	0	0	0	14	0	2	0	0	0	3	1	0	0	0	0	0	0	5	0	0	1	0
ENSG00000280494	0	0	0	0	0	0	0	0	0	0	0	0	0	0	0	0	0	0	0	0	0	0	0	0	0	0	0	0
ENSG00000280604	3	0	2	2	0	1	0	2	0	6	0	2	0	16	1	0	2	4	0	3	6	0	1	0	0	0	0	2
ENSG00000280623	131	15039	253	47	142	75	334	6817	298	8726	334	5603	5476	19031	94	178	9704	4609	31792	2791	6359	5363	29991	3723	68	9734	10412	5336
ENSG00000280710	0	0	0	0	0	0	0	0	0	0	0	0	0	0	0	0	0	0	0	0	0	0	0	0	0	0	0	0
ENSG00000280711	3	7	0	6	3	4	1	6	4	6	3	1	3	0	0	4	6	1	3	1	0	2	4	9	1	7	3	2
ENSG00000280719	0	0	0	2	0	5	0	6	0	130	4	17	0	0	0	0	2	0	0	3	0	0	0	4	0	3	15	1
ENSG00000280799	0	0	0	0	0	0	0	0	0	0	0	0	0	0	0	0	0	0	0	0	0	0	0	0	0	0	0	0
ENSG00000280852	0	0	1	0	0	0	0	0	0	0	0	1	2	2	0	0	0	0	1	0	0	0	0	0	0	0	0	0
ENSG00000280870	0	0	0	0	0	0	0	0	0	0	1	0	0	0	0	0	0	0	0	0	0	0	0	0	0	0	0	0
ENSG00000280894	0	0	0	0	0	0	0	0	0	0	0	0	0	0	0	0	0	0	0	0	0	0	0	0	0	0	0	0
ENSG00000280927	1	573	42	240	8	134	141	843	12	175	3	56	115	525	14	16	157	31	218	217	199	17	511	347	56	301	58	67
ENSG00000280969	26	4	25	0	10	11	4	0	17	13	57	132	32	16	79	12	19	20	22	105	61	60	0	0	27	7	18	172
ENSG00000281103	30	134	399	258	35	82	565	239	107	87	116	118	252	219	1438	149	151	1350	1133	2557	408	1785	162	111	1275	106	71	529
ENSG00000281120	0	0	0	5	0	0	0	0	0	0	0	0	7	0	0	0	0	0	0	0	0	0	0	0	0	0	2	0
ENSG00000281131	18	5	3	13	36	1169	1	6	89	32	25	2	13	7	24	1	8	62	376	15	34	13	51	466	30	259	23	12
ENSG00000281181	0	0	0	0	0	0	0	0	0	0	0	0	0	0	0	0	0	0	0	0	0	0	0	0	0	0	0	0
ENSG00000281195	0	8	9	13	1	22	15	29	5	23	3	13	55	108	19	13	6	3	20	35	27	14	30	14	48	10	19	26
ENSG00000281269	0	0	0	0	0	0	0	0	0	0	0	0	0	0	0	0	0	0	0	0	0	0	0	0	0	0	0	0
ENSG00000281347	0	50	0	0	2	3	0	10	0	0	0	6	3	170	3	0	5	0	1	10	0	6	15	10	0	41	0	0
ENSG00000281369	0	0	0	0	1	3	1	6	2	4	2	0	0	0	0	7	4	1	5	0	0	0	1	1	1	1	1	4
ENSG00000281379	0	27	1	7	3	15	4	2	8	16	8	36	10	10	2	9	14	5	20	17	8	6	58	18	8	17	5	4
ENSG00000281473	0	0	0	0	2	0	0	0	0	0	0	1	0	0	0	0	0	0	0	0	0	0	0	0	1	0	0	0
ENSG00000281530	0	0	1	3	2	0	7	0	0	4	0	0	8	8	0	0	6	0	1	4	0	0	0	2	2	0	4	0
ENSG00000281652	0	0	0	0	0	0	0	0	0	0	0	0	0	0	0	0	0	0	0	0	0	0	0	0	0	0	0	0
ENSG00000281655	0	0	38	0	44	5	36	0	0	0	2	0	2	12	3	31	2	0	2	0	0	0	0	39	12	0	23	11
ENSG00000281741	0	0	8	3	0	0	0	3	0	0	1	0	1	7	4	0	1	0	0	2	1	6	9	3	1	2	1	0
ENSG00000281756	0	5	0	0	0	0	2	0	0	8	0	6	0	0	0	0	3	2	0	0	0	6	0	4	4	0	2	1
ENSG00000281778	0	6	0	0	0	13	0	0	1	0	0	0	22	139	0	0	0	0	0	0	0	0	0	79	0	0	0	0
ENSG00000281809	5	5	1	5	0	0	3	0	7	0	9	0	4	0	1	5	0	0	0	0	0	0	2	0	2	0	2	0
ENSG00000281832	21	0	0	0	0	0	0	0	0	0	0	0	2	0	0	0	0	0	0	0	0	0	0	0	0	0	0	2
ENSG00000281961	0	8	0	2	0	0	0	0	0	6	0	1	4	0	0	0	9	0	0	2	0	2	1	4	0	1	1	2
ENSG00000282012	0	0	0	2	3	3	2	0	0	0	6	0	0	4	1	4	1	4	0	1	1	3	0	3	1	0	2	2
ENSG00000282122	5	0	223	2	14	7	86	24	42	0	4	9	98	51	0	4	4	9	4	8	7	0	0	13	13	0	0	19
ENSG00000282142	0	0	0	0	5	0	4	0	0	0	2	3	6	7	2	0	0	2	0	0	0	0	0	2	0	10	0	3
ENSG00000282499	0	0	1	0	0	1	6	5	1	0	2	6	2	2	0	1	0	4	2	0	0	0	0	5	2	0	0	4
ENSG00000282572	0	0	0	0	0	3	4	0	0	4	2	0	6	3	2	0	0	0	8	1	0	0	1	3	5	3	0	1
ENSG00000282599	0	0	0	0	0	0	0	0	0	0	0	0	0	0	0	0	0	0	0	0	0	0	0	0	0	0	0	0
ENSG00000282639	0	0	112	0	2	0	60	4	0	0	0	3	10	5	0	0	0	0	0	0	0	6	1	23	0	0	0	4
ENSG00000282651	0	0	159	0	7	2	50	4	1	0	6	31	113	4	0	0	0	0	0	0	0	54	18	10	0	0	0	0
ENSG00000282840	1	3	16	15	0	17	19	0	6	7	7	14	25	10	6	0	11	2	0	8	25	30	0	3	34	0	10	1
ENSG00000282859	0	0	0	4	0	0	0	0	0	7	0	0	6	0	2	0	6	0	2	10	0	0	0	0	2	0	0	2
ENSG00000282865	0	0	0	0	0	10	0	0	0	2	2	8	0	6	0	0	0	0	0	0	0	0	0	6	1	3	1	0
ENSG00000282876	0	0	0	0	0	9	0	7	0	0	0	4	0	4	0	2	2	0	0	0	0	0	0	0	4	10	0	8
ENSG00000282886	0	3	3	2	4	3	0	0	3	3	2	0	0	1	0	0	4	1	3	0	1	0	5	4	2	2	1	2
ENSG00000282890	0	24	1	18	0	6	3	13	0	0	0	0	3	7	4	2	29	9	7	2	30	27	45	4	10	6	2	8
ENSG00000282939	0	0	34	2	2	11	21	17	2	0	7	17	2	4	7	9	9	7	0	0	0	16	1	4	13	0	0	17
ENSG00000282944	10	92	67	83	8	39	72	88	9	11	14	27	253	1286	21	4	28	15	75	183	81	63	38	134	112	209	14	46
ENSG00000282952	0	0	0	0	0	0	2	0	0	0	0	0	0	2	0	0	0	0	0	2	30	0	0	0	0	0	0	1
ENSG00000282989	0	77	0	2	5	66	0	13	6	150	21	20	0	0	0	6	4	0	20	6	10	1	11	10	3	25	40	0
ENSG00000282998	0	26	5	3	0	7	11	16	0	11	4	8	21	13	43	9	28	8	26	11	30	76	70	1	9	15	31	15
ENSG00000283005	0	0	0	0	0	0	0	0	0	0	0	0	0	0	0	0	0	0	0	0	0	0	0	0	0	0	0	0
ENSG00000283016	0	3	1	5	1	5	10	0	0	0	2	2	0	0	0	1	1	0	2	0	2	0	7	0	3	1	2	0
ENSG00000283051	49	13	9	9	0	5	13	15	12	23	1	7	27	9	8	7	0	11	7	22	8	24	17	10	4	8	0	5
ENSG00000283063	0	0	5	0	3	0	8	0	0	0	8	7	4	0	2	1	4	0	0	0	0	0	0	1	0	0	0	0
ENSG00000283069	0	0	0	0	0	0	0	0	0	0	0	0	0	0	0	0	0	0	0	0	0	0	0	0	0	0	0	0
ENSG00000283096	0	0	0	0	0	0	0	0	0	0	0	0	0	0	0	0	0	0	0	0	0	0	0	0	0	0	0	0
ENSG00000283123	0	0	0	0	0	0	0	0	1	0	0	0	0	0	0	0	0	0	0	0	0	0	0	0	0	0	0	0
ENSG00000283125	0	0	0	1	0	3	3	2	0	0	0	0	4	2	4	0	0	0	0	6	0	0	0	14	8	0	2	4
ENSG00000283128	5	0	2	1	0	3	0	0	0	6	0	2	2	0	3	1	4	2	0	2	0	1	1	3	0	0	1	0
ENSG00000283148	0	0	0	4	2	2	7	11	2	0	0	3	0	0	1	2	0	0	2	0	0	0	1	0	2	0	2	7
ENSG00000283213	18	0	43	0	40	0	21	6	27	2	28	17	61	17	57	13	7	4	29	20	0	4	0	10	27	22	9	35
ENSG00000283235	0	29	2	14	0	12	24	18	4	113	2	4	6	1	2	35	8	0	4	6	0	1	27	9	14	4	7	7
ENSG00000283236	119	2320	115	633	136	2055	259	1988	282	3612	215	954	732	2580	204	123	1681	564	5231	587	2186	350	2684	2243	460	2718	1920	473
ENSG00000283267	4	57	16	27	9	15	28	94	14	134	0	5	62	80	101	7	60	29	236	84	24	0	0	82	34	24	25	46
ENSG00000283281	7	6	0	0	0	0	0	0	2	0	0	3	0	2	0	0	3	0	1	0	0	0	0	0	2	0	1	1
ENSG00000283290	0	1	0	0	0	0	0	0	0	0	0	0	0	0	0	0	0	0	0	0	0	0	0	0	0	0	0	0
ENSG00000283296	0	0	0	0	2	1	3	0	0	0	0	0	0	0	0	0	0	0	1	0	0	0	1	0	2	0	0	0
ENSG00000283303	0	374	29	39	2	12	14	172	3	2	9	26	39	153	33	2	113	14	10	67	89	37	105	262	45	64	17	40
ENSG00000283337	0	0	0	2	0	7	1	3	0	1	4	4	2	1	0	2	0	0	1	0	0	0	0	3	1	3	4	0
ENSG00000283352	0	0	7	5	0	0	2	4	0	3	0	0	5	2	3	2	0	0	1	4	2	0	0	3	4	0	0	1
ENSG00000283354	0	0	0	0	0	0	0	0	0	0	0	0	0	0	0	0	0	0	0	0	0	0	0	0	0	0	0	0
ENSG00000283383	0	0	7	10	0	0	3	0	0	0	0	0	6	0	4	0	0	1	4	0	0	8	0	2	4	0	0	0
ENSG00000283403	1	0	3	0	0	6	1	2	4	4	0	1	0	0	0	0	4	0	3	1	5	2	0	2	0	0	1	0
ENSG00000283409	0	3	1	1	0	3	2	0	0	1	0	0	3	0	1	0	0	1	3	1	0	5	14	1	5	1	1	0
ENSG00000283427	0	0	0	0	0	0	0	0	0	0	0	0	0	0	0	0	0	0	0	0	0	0	0	0	1	0	0	0
ENSG00000283441	0	0	0	0	0	0	0	0	0	0	0	0	0	0	0	0	0	0	0	0	0	0	0	0	0	0	0	0
ENSG00000283453	0	28	4	9	5	4	8	8	5	2	9	2	124	173	45	0	9	23	11	23	1	33	79	20	30	11	0	20
ENSG00000283455	0	0	0	0	0	0	0	0	0	0	0	0	0	0	0	0	0	0	0	0	0	0	0	0	0	0	0	0
ENSG00000283459	2	8	2	0	0	0	8	0	0	0	0	0	0	1	0	0	2	3	0	0	0	0	0	2	0	0	0	0
ENSG00000283480	0	0	0	0	0	0	2	11	0	0	2	0	0	6	2	0	4	1	4	0	0	0	0	0	0	2	9	2
ENSG00000283507	0	0	0	0	0	0	0	0	0	0	0	0	0	0	0	0	0	0	0	0	0	0	0	0	0	0	0	0
ENSG00000283509	0	3	0	2	0	2	5	3	0	8	0	0	0	1	0	1	0	0	0	0	0	0	4	2	5	1	3	0
ENSG00000283511	0	30	5	5	11	12	46	19	18	6	2	0	16	0	20	13	12	16	0	30	9	2	0	6	6	5	0	12
ENSG00000283527	0	0	0	0	0	0	0	0	0	0	0	0	0	0	0	0	0	0	0	0	0	0	0	0	0	0	0	0
ENSG00000283545	0	0	0	0	0	0	0	0	0	0	0	0	0	0	0	0	0	0	0	0	0	0	0	0	0	0	0	0
ENSG00000283597	1	1	2	0	1	0	4	0	1	2	11	1	3	3	0	0	0	0	1	0	0	0	0	2	3	0	0	1
ENSG00000283603	0	0	0	0	0	0	0	0	0	0	0	0	0	0	0	0	0	0	0	0	0	0	0	0	0	0	0	0
ENSG00000283622	0	0	0	0	0	0	0	0	0	0	0	0	0	0	0	0	0	0	0	0	0	0	0	0	0	0	0	0
ENSG00000283646	9	0	134	3	28	15	188	0	168	44	12	15	52	22	4	54	36	2	18	6	0	0	0	69	46	33	20	18
ENSG00000283662	20	58	19	56	10	57	41	56	13	72	30	56	24	44	7	37	39	6	47	32	20	11	78	87	41	57	39	18
ENSG00000283676	0	1	4	0	4	5	2	2	7	0	0	0	0	4	1	0	3	5	1	0	0	0	0	1	0	0	0	0
ENSG00000283683	0	9	7	5	1	3	6	15	7	11	1	16	4	10	6	4	7	1	17	18	0	2	0	18	15	11	5	4
ENSG00000283697	12	0	0	0	0	5	0	0	1	1	2	7	4	5	6	0	1	2	0	2	0	0	0	0	3	0	0	2
ENSG00000283709	0	26	3	22	0	18	10	39	0	10	0	8	59	37	7	2	9	0	7	16	0	0	11	25	22	5	21	10
ENSG00000283745	0	0	0	0	0	0	0	0	0	0	0	0	0	0	0	0	0	0	0	0	0	0	0	0	0	0	0	0
ENSG00000283757	26	65	40	14	46	20	47	17	48	18	46	32	126	15	81	36	82	12	30	46	16	146	27	48	55	32	34	36
ENSG00000283766	0	27	0	6	0	8	0	7	0	84	2	29	7	15	0	0	37	0	19	0	23	4	17	5	0	0	48	13
ENSG00000283787	0	16	13	14	2	3	49	11	4	7	1	20	83	13	2	5	12	0	8	5	3	0	0	19	7	0	10	6
ENSG00000283788	0	0	0	0	0	0	0	0	0	0	0	0	0	0	0	0	0	0	0	0	0	0	0	0	0	0	0	0
ENSG00000283796	0	0	0	1	3	0	4	0	1	2	4	0	7	0	3	0	1	0	1	5	0	4	0	1	8	0	1	1
ENSG00000283853	0	0	0	0	0	0	0	0	0	0	0	0	0	0	0	0	0	0	0	0	0	0	0	0	0	0	0	0
ENSG00000283900	0	0	2	6	2	2	4	1	0	0	0	2	2	4	5	0	3	0	1	2	0	0	0	2	1	4	1	2
ENSG00000284005	0	0	0	0	0	0	0	0	0	0	0	0	0	0	0	0	0	0	0	0	0	0	0	0	0	0	0	0
ENSG00000284027	0	0	0	0	0	0	0	0	0	0	0	0	0	0	0	0	0	0	0	0	0	0	0	0	0	0	0	0
ENSG00000284042	0	0	0	0	0	0	0	0	0	0	0	0	0	0	0	0	0	0	0	0	0	0	0	0	0	0	0	0
ENSG00000284043	0	0	0	0	0	0	0	0	0	0	0	0	0	0	0	0	0	0	0	0	0	0	0	0	0	0	0	0
ENSG00000284079	0	0	0	0	0	0	0	0	0	0	0	0	0	0	0	0	0	0	0	0	0	0	0	0	0	0	0	0
ENSG00000284154	0	3	0	0	0	2	5	3	0	0	0	1	3	1	0	1	0	2	1	0	5	3	0	1	4	0	4	0
ENSG00000284158	0	0	0	1	0	3	0	0	0	0	0	4	0	0	0	0	0	0	0	0	0	0	0	2	2	0	2	0
ENSG00000284173	0	0	0	0	0	0	0	0	0	0	0	0	0	0	0	0	0	0	0	0	0	0	0	0	0	0	0	0
ENSG00000284194	0	1	8	6	11	1	3	4	4	0	1	1	5	4	6	7	3	7	3	11	6	11	1	6	2	3	4	7
ENSG00000284240	0	0	2	0	0	8	2	2	0	0	1	0	0	0	1	2	2	0	4	0	8	0	0	8	1	0	2	0
ENSG00000284361	0	0	0	0	0	0	0	0	0	0	0	0	0	0	0	0	0	0	0	0	0	0	0	0	0	0	0	0
ENSG00000284388	0	0	0	0	0	0	0	0	0	0	0	0	0	0	0	0	0	0	0	0	0	0	0	0	0	0	0	0
ENSG00000284419	0	0	0	0	0	0	0	0	0	0	0	0	0	0	0	0	0	0	0	0	0	0	0	0	0	0	0	0
ENSG00000284471	0	0	6	0	0	0	14	0	0	0	0	0	2	9	2	4	0	0	0	2	0	0	0	4	4	0	0	2
ENSG00000284473	0	0	0	0	0	0	0	0	0	0	0	0	0	0	0	0	0	0	0	0	0	0	0	0	0	0	0	0
ENSG00000284485	1	0	6	0	2	6	2	0	2	1	11	2	7	0	0	3	2	1	4	15	0	0	0	14	4	1	0	0
ENSG00000284564	0	0	0	0	0	0	0	0	0	0	0	0	0	0	0	0	0	0	0	0	0	0	0	0	0	0	0	0
ENSG00000284604	0	96	5	10	0	1	0	52	0	0	0	3	7	47	5	3	37	0	0	18	8	5	21	46	8	23	1	2
ENSG00000284633	11	25	24	21	16	37	29	26	6	20	24	26	25	65	12	6	10	24	29	27	21	14	48	25	8	16	6	24
ENSG00000284646	1	4	3	0	17	0	13	8	29	7	13	0	20	2	14	0	0	14	8	1	0	28	0	0	18	0	0	8
ENSG00000284648	1	0	0	0	0	0	20	0	2	3	4	0	3	0	0	0	3	2	0	0	0	5	0	0	0	0	0	2
ENSG00000284659	0	2	0	3	0	0	6	0	0	0	1	1	0	0	11	0	0	8	0	4	0	0	0	0	11	2	1	1
ENSG00000284670	0	0	1	2	0	0	27	1	0	1	2	0	0	0	1	0	0	0	0	2	0	0	2	0	2	0	0	1
ENSG00000284674	0	0	0	0	0	0	0	0	0	0	0	0	0	0	0	0	0	0	0	0	0	0	0	0	0	0	0	0
ENSG00000284675	0	3	6	5	0	1	0	0	0	0	0	3	0	1	0	0	6	0	0	0	0	0	0	4	1	2	0	6
ENSG00000284678	0	0	0	0	1	0	0	1	0	3	2	4	0	2	3	5	3	1	2	1	3	1	0	3	1	1	4	2
ENSG00000284690	0	0	11	0	4	0	6	0	0	0	1	0	9	2	0	0	2	0	0	0	0	0	0	2	1	0	0	0
ENSG00000284697	0	1	5	5	1	6	2	0	1	0	0	0	3	4	5	0	3	0	2	0	0	0	6	1	0	0	2	2
ENSG00000284705	0	1	0	1	6	7	0	0	0	3	1	2	0	0	0	0	9	1	0	0	0	0	0	3	0	2	2	0
ENSG00000284706	1	288	4	17	2	0	6	58	6	7	5	21	20	96	15	0	78	1	10	56	47	20	57	142	29	104	3	13
ENSG00000284709	0	2	0	2	0	0	2	0	2	6	0	2	4	2	0	0	0	0	3	0	0	8	0	2	4	0	2	0
ENSG00000284730	0	0	2	0	10	0	2	0	5	0	0	0	1	2	0	11	4	0	3	2	0	3	0	0	0	0	0	0
ENSG00000284773	1	48	41	24	26	42	72	29	32	39	38	16	57	22	27	12	15	27	24	15	3	21	31	35	42	17	29	23
ENSG00000284797	0	0	0	2	4	2	2	0	0	0	2	2	7	1	0	0	0	0	0	1	0	0	0	13	0	0	0	4
ENSG00000284820	5	6	7	4	9	3	11	4	5	9	6	6	6	6	4	6	2	6	6	1	0	16	4	1	8	3	7	4
ENSG00000284874	0	7	10	1	0	22	20	28	0	17	3	5	25	27	2	0	3	1	3	21	0	0	1	7	2	2	2	1
ENSG00000284892	0	0	0	0	0	0	0	0	0	0	0	2	0	1	0	0	0	0	0	0	0	0	0	0	0	0	0	0
ENSG00000284948	0	0	0	2	0	0	0	2	0	8	1	0	4	2	3	1	3	0	1	0	6	0	0	0	7	2	0	3
ENSG00000285102	0	0	0	0	0	0	0	0	0	0	1	0	0	0	0	0	0	0	0	0	0	0	0	0	1	0	0	1
ENSG00000285117	0	0	0	2	0	0	5	1	6	0	0	5	4	2	2	0	2	0	0	1	0	0	0	1	0	4	0	3
ENSG00000285244	12	2	2	0	0	0	2	0	6	3	0	3	0	2	1	0	6	0	1	0	4	0	0	0	1	0	0	2
ENSG00000285253	0	4	0	0	6	0	0	0	3	0	1	5	1	4	1	0	2	5	3	0	0	2	0	0	1	1	1	0
ENSG00000285254	0	0	0	0	0	0	0	0	0	0	0	0	0	0	0	0	2	0	0	0	0	0	0	0	0	0	0	0
ENSG00000285278	47	80	54	62	57	139	65	11	71	216	89	72	28	62	27	83	77	74	162	95	123	82	57	284	111	281	86	57
ENSG00000285303	0	4	1	2	0	0	6	8	0	0	0	5	0	8	5	2	6	0	0	0	0	0	0	0	2	0	1	1
ENSG00000285382	0	1	0	0	0	0	7	2	0	7	2	3	2	1	0	0	0	0	0	4	0	0	10	2	0	1	0	0
ENSG00000285524	0	0	0	2	0	2	0	0	2	5	0	4	6	4	0	0	4	0	0	0	8	0	0	0	0	2	0	0
ENSG00000285529	0	27	0	0	0	0	0	1	1	0	0	0	10	0	0	0	0	0	0	0	0	0	1	1	3	0	0	0
ENSG00000285540	12	62	5	30	12	16	8	2	18	21	12	9	9	9	2	26	17	1	37	41	6	43	60	67	14	26	6	5
ENSG00000285541	0	12	1	0	1	3	0	0	3	2	0	1	0	6	1	0	4	0	4	0	0	0	0	1	5	5	1	0
ENSG00000285549	7	5	0	9	5	139	12	11	7	27	22	18	5	34	0	11	6	1	7	36	0	16	41	89	5	0	37	8
ENSG00000285555	0	39	1	13	10	33	5	1	13	43	4	30	14	0	0	24	5	0	13	16	7	14	0	24	13	11	46	5
ENSG00000285568	0	0	0	0	0	0	0	0	2	0	0	0	0	0	0	4	0	0	0	0	321	0	0	2	0	0	0	0
ENSG00000285576	0	0	1	3	0	0	0	0	0	0	0	4	1	2	1	0	1	0	1	0	0	6	0	5	2	0	13	4
ENSG00000285577	2	29	7	19	13	14	9	8	17	17	10	23	7	8	10	21	21	9	17	17	11	4	8	18	18	15	14	0
ENSG00000285591	2	1	0	0	2	4	0	0	6	0	6	0	2	3	0	0	0	4	2	0	0	0	0	2	1	5	0	0
ENSG00000285595	0	8	0	1	0	2	0	2	0	0	11	5	0	0	0	0	2	0	0	0	0	0	0	2	2	0	6	0
ENSG00000285597	0	0	4	0	0	13	0	0	2	3	0	0	0	2	0	0	5	0	2	0	0	0	0	2	0	0	7	0
ENSG00000285603	0	0	2	6	2	0	0	0	0	0	1	0	2	2	0	0	14	2	2	0	0	0	0	1	1	2	0	2
ENSG00000285610	0	0	0	4	0	10	5	0	0	13	4	4	0	0	2	13	2	0	3	0	0	23	80	9	4	1	16	0
ENSG00000285611	0	0	0	0	0	0	0	0	0	0	0	0	0	0	0	0	0	0	0	0	0	0	0	0	0	0	0	0
ENSG00000285612	1	0	0	2	1	2	0	5	0	4	5	1	0	2	0	1	0	0	0	0	0	5	4	1	1	0	0	2
ENSG00000285619	0	0	0	0	0	0	0	0	4	0	0	2	0	0	0	0	0	0	0	0	0	0	0	0	0	0	0	0
ENSG00000285630	0	0	0	0	0	0	6	0	1	1	5	1	0	4	0	0	0	2	2	2	0	0	0	3	2	0	2	2
ENSG00000285631	0	2	0	0	0	0	0	9	0	0	0	0	4	22	0	0	2	0	0	0	0	0	0	0	2	0	0	2
ENSG00000285654	0	0	0	0	0	0	0	0	0	0	0	0	8	0	0	0	0	0	0	0	0	0	0	1	0	0	0	0
ENSG00000285667	20	138	23	34	21	64	28	35	47	129	46	68	42	43	12	42	27	9	74	45	20	32	15	52	30	82	51	19
ENSG00000285671	0	4	0	3	0	1	0	0	0	7	0	1	0	1	0	2	7	0	4	0	0	0	0	5	0	1	0	2
ENSG00000285700	0	0	0	0	0	4	6	0	4	0	1	8	0	0	0	0	0	0	6	0	0	0	10	0	0	4	5	0
ENSG00000285703	0	0	0	0	0	8	1	4	2	8	2	0	0	3	0	0	2	0	0	0	1	0	0	2	2	0	2	1
ENSG00000285706	0	0	2	0	2	5	0	15	6	0	2	1	0	3	2	2	0	0	2	6	0	0	0	0	0	2	1	5
ENSG00000285725	24	60	27	83	28	48	72	102	33	74	30	70	113	98	35	69	67	38	94	85	30	153	99	71	57	72	90	71
ENSG00000285731	6	0	0	1	2	0	4	0	3	2	0	0	9	0	1	2	0	5	0	0	0	4	0	6	4	0	0	1
ENSG00000285739	0	0	0	0	0	0	0	0	0	0	0	0	0	0	0	0	0	0	0	0	0	0	0	0	0	0	0	0
ENSG00000285741	0	15	0	40	3	9	1	1	1	0	3	0	24	307	8	0	50	8	2	6	0	14	143	3	5	6	2	43
ENSG00000285745	0	55	1	13	10	28	7	8	11	21	32	51	0	1	15	18	36	14	40	53	13	103	34	33	25	31	13	23
ENSG00000285747	0	2	0	10	2	2	0	0	0	0	5	0	0	3	2	4	5	0	1	0	0	0	0	2	0	6	5	2
ENSG00000285758	2	0	0	4	0	0	2	0	3	6	0	0	4	11	0	0	2	0	0	0	1	0	0	4	6	2	0	3
ENSG00000285809	0	0	0	0	0	0	0	0	0	0	0	0	0	0	0	0	0	0	0	0	0	0	0	0	0	0	0	0
ENSG00000285812	3	71	5	57	16	52	29	39	5	85	16	63	7	16	6	20	26	4	47	16	0	11	56	96	22	71	49	21
ENSG00000285859	0	1	2	1	1	0	12	1	1	0	6	2	0	0	3	0	2	0	1	0	0	3	0	0	2	0	1	3
ENSG00000285864	0	0	0	0	0	1	0	0	0	0	0	0	0	0	0	0	0	0	0	0	0	0	0	0	0	0	0	0
ENSG00000285870	0	0	3	2	0	0	0	2	5	2	2	0	0	6	0	4	8	0	0	0	0	0	0	0	2	8	1	1
ENSG00000285876	41	0	38	3	26	215	0	0	63	0	0	0	13	0	176	0	0	2	0	23	60	0	0	0	0	3	0	0
ENSG00000285895	0	2	0	1	1	0	0	4	0	8	0	4	0	0	0	0	2	0	0	0	0	2	0	5	6	1	2	0
ENSG00000285909	0	3	0	2	0	1	0	3	1	0	1	3	0	0	0	0	2	0	0	0	10	6	1	3	2	0	0	0
ENSG00000285919	6	7	6	7	0	7	2	7	6	16	6	7	7	11	5	3	9	1	5	5	2	5	19	7	12	3	5	4
ENSG00000285930	0	4	0	0	0	2	8	0	0	0	0	5	0	8	0	0	0	2	0	0	0	0	1	2	0	0	2	3
ENSG00000285948	0	1	0	0	0	2	0	0	0	0	2	0	0	0	0	0	3	0	0	0	9	0	0	0	2	1	2	0
ENSG00000285960	0	0	2	11	0	0	0	4	0	2	0	0	0	0	0	0	0	0	0	0	6	0	0	0	2	10	0	0
ENSG00000285976	0	0	0	1	0	0	4	0	1	0	0	1	5	2	1	0	2	2	5	0	4	6	1	0	3	0	0	2
ENSG00000286003	0	7	6	5	0	0	0	0	0	0	0	4	5	108	4	6	18	0	0	1	18	2	0	0	2	0	0	31
ENSG00000286015	0	20	1	46	0	2	0	22	1	0	0	0	2	1	1	0	9	0	1	0	0	0	6	101	0	3	1	7
ENSG00000286027	0	15	43	153	3	0	4	129	4	25	0	13	75	901	15	2	51	44	79	125	187	99	254	66	8	5	14	235
ENSG00000286033	0	44	3	22	3	14	7	30	8	211	0	170	63	57	1	3	4	2	16	9	9	18	15	33	19	5	21	11
ENSG00000286058	0	299	92	217	7	58	99	213	10	13	19	37	406	2955	79	16	101	23	115	186	90	110	107	1034	256	315	26	97
ENSG00000286059	0	25	10	15	0	0	7	15	0	2	4	4	18	113	0	0	2	0	8	13	7	0	12	8	7	2	0	0
ENSG00000286068	0	0	7	0	4	0	0	0	0	0	4	1	7	12	2	0	1	0	0	0	0	0	5	2	2	0	0	2
ENSG00000286070	4	7	8	5	3	3	9	4	2	9	13	11	6	6	2	5	2	2	4	4	4	0	2	15	2	5	2	8
ENSG00000286078	0	0	0	0	0	0	0	0	0	0	0	0	0	0	0	0	0	0	0	0	0	0	0	0	0	0	0	0
ENSG00000286087	0	8	0	0	0	5	0	8	0	2	0	4	6	11	0	0	0	0	0	0	0	0	2	4	0	1	2	0
ENSG00000286090	0	2	0	0	5	6	4	0	1	3	0	3	0	0	0	8	1	1	2	5	4	0	0	6	0	1	0	0
ENSG00000286093	0	9	0	4	0	29	9	0	0	23	1	9	2	14	2	0	0	1	4	0	6	27	0	4	0	7	2	0
ENSG00000286133	11	0	0	0	0	0	0	0	0	0	2	2	0	0	0	0	0	0	0	0	0	5	0	0	0	0	0	0
ENSG00000286134	0	0	1	2	0	26	0	0	4	3	0	8	6	2	3	0	2	0	0	0	0	0	0	2	0	0	0	0
ENSG00000286140	0	2	0	0	0	0	3	0	0	0	0	0	0	3	0	0	0	0	0	0	0	0	0	1	0	0	0	0
ENSG00000286145	0	20	0	18	9	1	36	21	10	13	18	20	2	5	0	0	8	2	16	16	0	0	3	24	6	2	12	19
ENSG00000286153	0	28	4	31	55	31	40	0	15	50	27	11	23	20	10	26	52	0	43	13	9	82	4	52	23	22	27	32
ENSG00000286154	60	40	2	17	13	0	11	0	57	46	33	53	3	0	4	35	6	1	13	0	4	19	3	17	24	8	8	9
ENSG00000286159	0	8	2	0	0	1	4	0	0	0	0	1	4	0	0	2	1	0	0	0	0	0	0	4	4	0	2	8
ENSG00000286176	0	2	0	3	1	0	4	0	8	2	2	0	14	14	0	2	0	0	0	0	0	0	0	0	0	0	0	1
ENSG00000286180	0	0	2	0	0	0	0	0	0	0	0	2	0	0	0	0	8	0	3	0	0	0	0	4	0	9	0	2
ENSG00000286186	0	10	7	10	0	5	30	3	6	14	4	5	10	17	2	8	1	0	6	1	0	0	0	23	11	2	2	2
ENSG00000286187	0	0	0	0	3	0	4	1	10	0	5	0	0	0	0	4	0	0	1	0	0	0	0	2	0	6	0	1
ENSG00000286189	0	0	0	0	0	16	0	0	0	12	0	0	0	0	0	0	0	0	0	0	2	0	0	0	2	0	0	0
ENSG00000286191	0	3	7	2	4	0	0	0	4	6	8	2	2	0	1	0	0	0	0	0	0	0	0	2	0	0	0	2
ENSG00000286207	0	65	12	56	2	40	27	67	3	53	1	70	96	49	19	0	14	2	109	0	35	13	70	58	18	36	45	19
ENSG00000286208	0	27	38	25	6	7	12	22	14	0	14	11	38	173	278	9	26	191	23	379	52	72	16	234	44	2	3	36
ENSG00000286217	0	0	0	2	0	0	1	0	4	2	0	0	2	2	4	0	0	0	4	0	0	0	4	0	4	10	0	0
ENSG00000286240	3	5	4	1	0	0	5	2	0	2	0	2	10	2	0	0	0	3	0	2	0	3	0	2	1	3	2	0
ENSG00000286242	30	32	8	59	36	54	43	17	8	71	47	69	23	23	3	39	53	8	52	53	29	45	86	133	31	47	43	13
ENSG00000286244	0	43	7	24	6	24	34	43	8	51	7	29	16	29	7	10	23	2	42	12	6	24	42	29	24	51	17	11
ENSG00000286245	0	8	0	4	2	2	0	0	0	0	0	10	20	2	1	7	6	0	0	13	0	2	0	3	6	6	3	1
ENSG00000286250	0	24	4	0	0	4	21	18	12	50	6	0	7	3	2	6	11	6	0	0	0	10	0	10	2	0	0	0
ENSG00000286254	0	4	0	0	0	4	3	9	0	9	0	0	11	0	0	0	0	0	0	0	0	0	0	3	2	0	0	0
ENSG00000286270	0	0	0	1	0	4	2	0	2	1	1	1	0	2	0	0	4	2	0	1	4	3	0	5	0	1	5	0
ENSG00000286275	0	1	0	2	0	0	0	0	0	0	0	0	0	0	0	0	0	0	0	0	0	0	0	0	0	0	0	0
ENSG00000286277	0	0	4	0	0	2	5	0	1	6	1	2	5	2	1	0	7	0	3	0	0	0	0	0	2	3	0	4
ENSG00000286280	0	0	0	0	0	0	0	0	0	0	0	0	0	0	0	0	0	0	0	0	0	0	0	0	0	0	0	0
ENSG00000286285	0	35	21	18	18	238	9	30	18	257	13	19	14	66	19	13	18	17	218	61	0	23	64	15	1	123	10	13
ENSG00000286289	9	2	42	45	10	34	63	19	32	36	39	58	62	20	12	6	4	1	37	30	11	0	0	14	41	6	7	20
ENSG00000286290	0	4	1	7	0	0	0	0	0	2	0	3	0	2	0	2	0	1	5	0	0	0	0	11	2	1	0	1
ENSG00000286310	5	29	4	10	9	24	4	0	8	27	1	7	0	8	4	0	15	0	7	0	2	0	18	27	15	21	14	6
ENSG00000286318	0	107	1	8	0	35	0	6	0	0	0	19	0	2	2	0	60	0	6	0	16	4	23	20	13	1	6	2
ENSG00000286332	0	0	0	64	0	717	0	0	0	20	0	4	25	71	4	4	0	2	33	0	0	0	42	2	0	0	123	0
ENSG00000286333	5	0	2	2	2	1	0	0	2	4	1	2	0	1	0	1	1	0	1	1	1	0	0	1	2	4	2	3
ENSG00000286339	0	0	0	2	1	2	2	1	0	0	0	13	8	0	0	0	0	0	2	0	0	1	0	0	0	0	0	5
ENSG00000286347	0	8	1	0	0	2	0	2	4	0	0	1	0	0	0	0	0	0	6	0	0	0	0	8	2	1	1	1
ENSG00000286351	9	0	0	4	8	0	2	0	1	10	2	0	0	0	2	0	1	0	5	2	1	0	0	0	0	0	2	2
ENSG00000286362	0	1	2	0	0	2	0	0	0	4	0	2	4	2	0	0	6	0	2	9	0	2	0	0	0	2	0	2
ENSG00000286364	0	3	0	6	1	1	0	4	2	4	2	2	0	0	0	0	4	0	2	0	0	0	1	1	3	2	0	0
ENSG00000286375	0	2	1	0	6	0	0	0	0	0	8	4	0	0	0	0	0	7	0	0	0	2	0	0	1	19	2	0
ENSG00000286376	0	1	1	0	0	4	0	4	0	6	0	2	8	15	0	0	0	0	0	0	0	0	0	2	0	6	2	0
ENSG00000286400	0	0	0	0	0	0	2	5	0	0	0	0	2	0	2	0	0	0	0	0	0	0	0	0	0	2	0	0
ENSG00000286413	3	1	0	2	4	0	0	18	0	7	3	0	0	4	3	2	7	1	1	0	18	6	18	0	0	2	2	12
ENSG00000286417	16	15	196	38	58	97	40	2	35	4	346	77	55	99	182	113	23	155	30	163	89	274	5	34	129	9	15	134
ENSG00000286430	0	0	1	0	0	2	7	10	0	0	0	4	8	1	1	0	2	0	1	1	0	0	0	0	2	0	0	0
ENSG00000286441	0	0	0	7	0	0	0	0	1	6	0	0	4	3	8	0	1	0	0	4	0	9	0	0	0	1	0	3
ENSG00000286445	29	25	9	14	9	40	7	25	5	22	13	16	7	12	13	12	11	9	22	8	13	6	9	44	3	15	17	4
ENSG00000286458	0	0	6	34	8	45	29	13	12	2	6	24	70	9	36	11	15	0	6	31	0	5	0	26	63	11	61	6
ENSG00000286466	0	1	0	1	0	8	0	0	0	3	4	3	1	2	0	0	4	0	1	9	0	0	1	4	4	1	2	0
ENSG00000286473	0	6	1	8	0	328	0	0	0	7	3	3	2	78	0	0	7	1	8	8	0	0	0	4	4	0	1	8
ENSG00000286481	0	146	0	24	0	23	2	46	4	10	2	18	20	197	0	0	166	1	6	21	42	1	172	5	10	6	42	33
ENSG00000286483	0	1	4	5	2	0	5	0	0	4	0	6	0	4	5	3	0	0	3	0	0	0	1	0	6	0	0	3
ENSG00000286497	14	0	2	0	0	0	0	0	0	0	8	4	0	0	0	0	2	0	0	0	0	0	0	4	0	4	0	0
ENSG00000286512	14	0	7	20	0	16	25	10	0	6	6	21	16	38	10	0	7	0	25	20	12	7	0	10	27	4	12	16
ENSG00000286517	0	0	2	0	0	0	2	0	6	0	0	2	0	0	8	8	1	0	0	3	0	8	0	2	2	0	0	3
ENSG00000286524	0	26	2	20	0	18	0	35	4	27	8	17	4	3	0	5	15	0	17	13	13	9	16	30	4	3	25	5
ENSG00000286529	7	36	17	30	3	44	38	74	29	66	22	36	48	164	26	8	54	190	30	31	163	16	26	15	9	30	27	51
ENSG00000286536	0	0	1	0	0	11	0	0	0	0	0	2	13	4	0	0	0	0	1	0	0	2	0	2	0	11	2	0
ENSG00000286539	8	4	2	0	0	0	0	2	4	0	1	0	0	0	1	0	0	0	4	17	0	0	0	0	2	0	0	2
ENSG00000286553	0	29	0	26	0	19	13	18	0	19	2	6	6	11	2	0	7	0	5	3	0	0	19	32	4	14	14	1
ENSG00000286555	0	27	33	6	0	9	48	36	3	13	3	22	51	64	6	8	27	5	15	4	4	0	23	15	24	0	20	9
ENSG00000286581	0	0	0	1	0	0	1	0	0	0	0	0	0	0	0	0	0	0	23	0	0	0	0	0	0	11	1	4
ENSG00000286585	9	11	21	15	13	30	20	26	11	31	26	26	47	46	30	23	80	22	29	33	23	32	10	16	12	5	5	53
ENSG00000286590	0	1	2	1	0	1	0	0	1	0	0	2	4	2	0	0	0	0	0	0	13	17	0	0	0	1	1	2
ENSG00000286592	0	29	0	10	0	2	0	14	2	22	0	10	2	4	3	0	7	0	2	0	0	15	5	25	8	20	2	10
ENSG00000286598	47	5	11	67	10	6	23	90	27	6	6	0	31	65	243	33	68	29	3	105	41	170	106	3	83	58	9	207
ENSG00000286606	0	3	4	0	1	2	2	2	0	0	0	2	1	3	0	0	3	0	2	0	0	0	0	4	4	5	0	0
ENSG00000286607	0	0	2	2	4	4	0	1	1	1	0	1	2	2	0	6	3	0	2	0	0	0	0	0	0	2	0	0
ENSG00000286620	0	39	0	6	0	9	6	5	0	26	8	20	0	26	10	0	10	0	24	0	4	18	10	22	10	38	15	7
ENSG00000286632	0	0	2	0	0	0	0	0	0	5	0	4	0	7	4	7	0	10	4	1	4	0	0	0	1	0	0	4
ENSG00000286638	50	9	92	35	147	76	36	18	38	26	88	7	58	16	31	117	45	44	48	40	26	137	33	110	28	7	76	54
ENSG00000286642	3	0	2	2	2	3	0	0	0	1	2	0	1	0	1	4	0	0	1	1	5	0	1	4	1	6	0	0
ENSG00000286647	0	0	0	13	0	4	0	0	0	0	0	3	0	0	2	0	4	0	1	0	12	0	0	0	8	0	0	4
ENSG00000286649	0	0	2	2	1	0	0	0	4	2	2	3	0	1	2	0	6	0	8	0	4	0	0	1	0	2	2	4
ENSG00000286650	0	10	2	0	0	3	0	0	0	0	0	4	0	0	4	2	0	0	4	0	0	0	4	1	1	3	2	0
ENSG00000286665	0	6	0	2	2	8	2	0	1	1	0	1	4	2	1	0	0	0	3	0	0	0	0	0	1	0	3	4
ENSG00000286695	0	2	0	2	0	2	6	0	0	1	0	3	0	0	2	0	3	0	2	0	0	0	0	5	10	2	0	0
ENSG00000286714	0	2	0	2	0	0	4	2	2	1	1	4	1	2	0	5	2	0	4	0	2	4	0	2	1	2	0	0
ENSG00000286715	0	2	1	4	1	2	0	5	0	0	4	0	1	3	4	0	7	1	2	0	0	0	0	0	0	0	8	1
ENSG00000286717	0	0	0	0	3	0	0	0	0	0	0	0	0	2	0	0	2	0	0	7	0	9	10	7	2	5	2	0
ENSG00000286730	0	1	2	0	0	2	2	0	0	2	1	4	0	0	0	0	0	0	2	0	0	0	4	1	3	1	4	0
ENSG00000286733	0	2	0	2	0	0	4	0	3	0	2	1	6	9	0	0	3	0	1	0	0	0	0	8	1	10	1	0
ENSG00000286734	0	12	0	6	21	14	27	0	1	2	25	0	36	8	2	13	15	0	3	3	0	0	0	18	22	9	16	4
ENSG00000286740	0	1	0	0	0	0	0	0	0	0	0	0	0	0	0	0	0	0	0	0	0	0	0	0	0	0	0	0
ENSG00000286741	0	0	0	5	0	4	3	0	1	6	1	5	0	0	0	2	2	1	2	0	3	0	5	1	1	1	0	2
ENSG00000286743	0	2	1	0	0	17	0	0	7	0	0	0	0	0	2	0	0	0	2	0	2	4	0	6	0	2	2	1
ENSG00000286753	4	4	9	6	2	16	15	2	2	32	6	21	19	19	13	2	9	8	29	2	4	11	9	17	4	5	12	18
ENSG00000286755	0	5	3	0	0	1	2	0	5	0	2	3	2	1	0	0	0	0	2	2	0	0	2	0	5	2	0	4
ENSG00000286811	0	0	4	0	0	0	0	0	0	4	0	0	0	10	1	7	2	1	0	7	7	0	0	4	0	0	1	3
ENSG00000286818	0	1	2	2	0	8	0	0	4	2	0	0	4	0	0	0	2	0	8	0	8	0	0	2	0	0	7	0
ENSG00000286823	0	2	0	0	0	0	0	2	0	0	0	1	0	1	0	0	0	0	0	10	0	0	0	1	0	0	2	0
ENSG00000286826	0	2	0	0	1	4	0	3	1	2	1	0	5	5	3	0	0	0	0	6	0	0	0	1	1	3	0	1
ENSG00000286836	0	0	0	0	0	24	3	0	0	0	0	5	0	0	0	0	1	0	0	0	0	0	0	6	0	0	0	1
ENSG00000286839	0	0	0	0	0	0	0	23	0	0	0	0	0	5	0	0	0	0	0	3	0	4	0	0	0	2	0	0
ENSG00000286847	0	0	2	1	1	2	9	0	0	0	0	0	14	9	0	0	0	0	0	0	1	0	0	0	0	0	0	0
ENSG00000286850	7	70	1	56	5	128	5	43	4	76	5	45	6	29	5	8	76	21	57	19	13	4	68	107	5	154	32	5
ENSG00000286865	0	1	0	16	1	31	4	8	2	26	7	23	13	2	0	6	4	0	21	23	1	3	0	14	11	14	14	0
ENSG00000286880	2	0	0	0	3	0	17	0	0	0	0	0	0	0	7	0	4	0	0	0	0	0	0	0	0	0	1	3
ENSG00000286891	13	0	0	0	0	3	3	0	1	0	0	0	0	2	0	0	1	0	2	0	0	0	0	4	2	2	11	0
ENSG00000286894	0	30	10	14	2	8	11	8	2	17	5	4	1	11	4	18	6	4	7	6	2	27	3	24	9	6	8	3
ENSG00000286913	0	3	1	1	3	4	0	2	1	0	0	0	2	2	0	6	2	4	2	0	0	6	0	0	3	0	1	0
ENSG00000286933	0	0	0	1	7	0	0	5	1	1	1	1	3	0	0	16	0	0	3	0	0	4	0	4	2	2	1	0
ENSG00000286947	0	7	0	6	8	1	1	0	1	10	0	2	0	0	2	2	2	0	0	0	0	0	0	4	4	2	0	0
ENSG00000286965	0	28	0	28	10	23	4	16	0	15	10	32	0	0	5	14	13	2	34	15	18	3	45	13	8	36	33	18
ENSG00000286974	0	8	6	8	6	17	47	27	5	8	14	15	32	16	8	14	5	6	5	34	3	0	0	16	32	4	18	3
ENSG00000286984	3	0	1	5	0	10	0	0	8	18	0	0	0	0	0	1	2	0	4	0	4	0	17	4	0	0	3	0
ENSG00000286988	0	0	0	0	4	0	0	0	2	0	0	0	10	5	2	2	4	0	5	4	15	0	0	0	0	0	0	0
ENSG00000286991	0	0	0	0	0	0	0	0	0	0	0	0	0	0	0	0	0	0	0	0	0	0	0	0	0	0	0	4
ENSG00000287016	6	31	1	9	2	13	4	16	17	18	14	23	21	44	13	10	9	4	7	7	2	25	18	19	9	11	17	13
ENSG00000287018	0	6	0	3	0	0	2	0	0	0	0	4	0	0	0	4	0	0	0	0	0	0	0	0	2	4	0	1
ENSG00000287031	0	5	0	2	0	2	10	4	0	0	0	0	0	5	0	0	0	0	0	13	7	0	0	1	1	0	2	0
ENSG00000287039	0	5	0	0	0	0	1	4	0	8	0	6	3	1	0	2	1	2	1	4	2	0	0	7	0	2	2	0
ENSG00000287044	0	7	2	4	0	3	0	0	6	14	0	3	3	1	0	1	1	0	0	0	0	0	0	3	3	0	1	0
ENSG00000287051	0	7	28	5	0	11	5	0	1	6	10	2	98	5	9	1	7	0	6	18	0	40	0	25	18	0	18	2
ENSG00000287063	84	243	14	47	4	18	47	237	61	15	2	10	66	68	20	0	8	2	66	69	0	58	261	37	20	0	9	21
ENSG00000287069	28	0	12	3	2	1	51	235	10	21	2	10	34	2	55	0	3	1	11	68	1	26	279	2	0	3	15	7
ENSG00000287078	0	0	1	0	1	0	1	0	0	1	5	0	3	2	6	0	0	0	5	6	0	2	0	4	3	1	0	2
ENSG00000287079	0	3	0	2	0	1	0	1	0	1	4	0	0	4	0	4	5	0	0	0	13	0	5	0	0	1	5	0
ENSG00000287080	0	12	2	0	4	2	0	2	0	0	0	0	0	0	0	0	2	0	4	0	11	0	2	0	0	6	0	2
ENSG00000287089	0	0	0	0	0	3	12	0	0	10	0	1	5	3	0	0	1	0	0	0	5	0	0	6	2	3	2	0
ENSG00000287097	0	15	0	2	0	4	0	0	1	0	0	0	2	0	4	3	0	0	0	0	0	1	15	0	0	0	0	2
ENSG00000287101	0	3	0	4	6	0	3	6	0	0	0	4	0	0	3	0	4	2	1	0	0	6	0	0	4	0	0	0
ENSG00000287106	29	0	4	0	0	0	0	0	0	2	0	0	1	4	0	0	0	0	0	7	0	0	0	0	2	0	0	0
ENSG00000287108	0	18	16	19	0	5	0	6	0	0	1	10	7	4	0	1	12	0	7	6	0	19	85	8	4	2	0	19
ENSG00000287109	5	41	5	16	8	36	18	6	4	9	17	32	30	19	4	1	5	4	12	9	0	30	0	49	18	19	23	5
ENSG00000287122	0	4	26	7	2	10	4	8	3	3	2	10	21	61	6	6	30	2	2	3	10	0	0	11	19	2	21	6
ENSG00000287142	0	23	7	28	0	61	11	50	20	45	15	29	16	28	14	15	16	3	40	5	13	9	31	38	13	60	18	20
ENSG00000287147	0	0	0	0	0	0	0	0	0	0	0	0	0	0	0	0	0	0	0	0	0	0	0	0	0	0	0	0
ENSG00000287155	0	2	1	0	0	6	3	2	0	2	0	0	1	5	0	0	0	0	2	5	0	0	0	4	2	0	6	0
ENSG00000287165	6	8	1	0	2	0	0	0	0	7	2	1	2	5	1	0	0	0	1	0	0	0	0	0	0	0	1	1
ENSG00000287171	0	2	0	2	0	0	0	8	0	11	3	0	3	1	2	1	0	0	4	0	0	0	0	0	0	1	3	0
ENSG00000287192	0	10	0	0	0	1	12	0	0	0	0	6	0	0	0	2	1	6	1	0	0	0	0	1	7	1	2	1
ENSG00000287195	0	4	26	14	2	4	36	32	1	0	8	29	31	13	1	11	9	13	13	30	0	0	7	6	18	0	7	13
ENSG00000287213	2	2	0	0	2	2	3	0	0	20	0	0	0	2	2	0	1	1	0	0	0	0	0	0	3	8	0	0
ENSG00000287224	0	0	2	0	0	8	4	0	0	0	0	1	1	0	0	0	4	0	2	2	0	0	0	3	11	7	3	0
ENSG00000287230	0	0	0	0	0	0	0	0	0	0	0	0	0	0	0	0	0	0	0	0	0	0	0	0	0	0	0	0
ENSG00000287233	0	49	3	14	0	2	0	2	0	25	0	8	13	25	1	6	14	4	8	16	11	0	35	7	2	7	3	6
ENSG00000287237	0	8	2	2	0	6	2	0	0	1	3	2	4	1	0	8	0	0	0	3	0	0	0	0	1	1	1	0
ENSG00000287254	0	2	2	1	0	0	0	2	0	3	2	0	5	0	1	2	0	0	2	0	0	0	0	2	0	0	0	0
ENSG00000287258	18	94	9	47	6	351	15	43	18	337	29	135	24	38	21	23	63	14	100	19	54	25	64	233	55	253	199	13
ENSG00000287259	0	4	4	0	4	1	0	0	0	0	3	5	1	0	4	0	7	2	0	0	0	0	0	1	0	0	0	2
ENSG00000287268	46	82	6	81	17	78	28	33	107	147	76	64	15	0	8	69	29	9	35	45	7	49	4	47	44	33	29	2
ENSG00000287276	5	50	5	0	0	8	18	19	7	4	1	4	20	40	0	2	3	0	1	5	0	0	0	3	0	0	2	2
ENSG00000287283	0	14	2	6	12	82	0	20	0	28	6	17	2	10	0	0	0	2	6	0	0	4	9	34	4	61	1	2
ENSG00000287286	0	2	0	0	0	0	0	0	0	0	0	0	0	0	0	4	1	0	0	0	0	0	0	0	0	0	0	1
ENSG00000287291	0	7	0	0	1	0	0	4	0	2	5	2	0	3	0	4	1	0	0	8	0	0	0	2	3	2	0	0
ENSG00000287300	0	13	12	23	1	9	7	0	3	11	18	75	25	10	7	4	2	6	11	12	0	11	11	5	16	134	70	4
ENSG00000287305	0	0	2	5	2	0	0	0	2	0	1	1	1	6	4	0	2	2	0	6	0	0	7	0	0	0	0	0
ENSG00000287318	0	50	0	5	0	77	8	18	0	26	0	0	0	6	2	0	9	0	2	3	0	0	78	40	2	4	0	0
ENSG00000287319	0	0	0	0	2	6	0	0	0	0	9	8	0	0	0	0	0	1	2	9	0	0	0	8	0	0	0	0
ENSG00000287324	0	0	0	0	0	0	0	0	0	0	0	0	0	0	0	0	0	0	0	0	0	0	0	0	0	0	0	0
ENSG00000287325	0	35	2	7	4	4	40	18	13	0	15	9	16	0	0	0	6	4	2	0	10	0	0	8	8	0	3	9
ENSG00000287328	0	0	1	6	0	4	3	6	0	0	0	2	0	0	1	0	0	0	0	0	0	0	3	6	2	0	7	0
ENSG00000287331	0	0	17	23	34	2	23	0	8	2	34	2	48	0	104	32	14	49	16	36	222	57	0	8	27	0	10	29
ENSG00000287335	1	53	10	4	2	13	46	4	20	45	6	15	31	4	7	13	16	17	6	29	6	10	3	7	30	4	18	7
ENSG00000287336	13	38	0	12	1	40	7	8	0	36	11	31	1	2	2	0	18	0	9	12	6	23	4	18	7	16	12	20
ENSG00000287348	0	0	0	0	0	0	12	0	0	0	0	1	10	2	0	0	1	0	0	0	0	8	0	0	0	0	0	0
ENSG00000287360	0	3	1	3	0	2	0	0	3	3	0	5	0	2	1	4	3	0	3	0	1	0	0	4	1	3	1	0
ENSG00000287364	1	0	1	4	0	1	0	0	1	1	2	2	0	2	0	2	3	0	1	2	0	2	0	1	1	2	2	0
ENSG00000287367	0	1	28	2	9	14	9	2	4	0	14	11	105	30	7	4	2	0	0	6	0	0	1	12	8	11	3	4
ENSG00000287370	0	5	1	1	0	1	1	5	2	1	0	0	2	3	4	2	0	1	1	1	0	1	2	3	2	4	0	3
ENSG00000287373	6	0	2	0	0	0	0	0	6	0	11	2	0	8	2	0	0	0	0	0	0	0	0	2	2	0	4	2
ENSG00000287396	0	0	0	0	0	0	0	0	0	0	2	0	0	0	0	0	0	0	0	0	0	0	0	0	0	0	0	0
ENSG00000287400	6	44	1	5	4	32	2	0	9	10	12	24	1	3	1	14	32	4	31	0	0	0	3	25	1	9	11	15
ENSG00000287402	0	0	0	6	0	0	0	4	0	3	0	2	2	6	1	0	0	2	0	0	0	0	0	0	1	0	8	4
ENSG00000287416	1	3	1	1	2	0	2	0	0	10	0	3	0	3	2	0	2	2	1	1	0	0	0	3	2	0	3	5
ENSG00000287437	0	3	0	3	0	6	4	0	0	5	3	5	2	7	2	1	0	0	1	1	0	0	0	0	5	0	2	0
ENSG00000287460	0	1	8	0	0	8	18	0	0	0	0	1	4	0	0	0	189	2	1	9	0	14	0	4	0	2	1	8
ENSG00000287464	0	3	8	1	0	8	0	0	0	4	0	0	4	4	0	4	0	5	0	3	0	0	0	4	0	2	0	2
ENSG00000287470	19	0	0	0	3	10	14	10	4	4	7	123	2	3	7	13	0	4	0	0	0	0	0	10	6	2	0	1
ENSG00000287481	0	0	0	3	0	0	2	0	0	6	2	0	0	0	0	0	0	0	0	0	0	0	0	2	0	0	4	0
ENSG00000287499	0	40	0	24	0	0	24	20	0	4	0	0	17	88	11	0	22	0	0	8	4	0	62	13	9	0	0	6
ENSG00000287500	0	0	0	0	3	6	1	0	0	0	2	0	0	1	0	0	0	0	1	14	0	0	5	0	0	6	0	0
ENSG00000287515	0	0	1	0	0	6	0	0	0	0	0	0	0	5	0	0	3	0	1	2	0	1	0	3	0	0	1	2
ENSG00000287520	0	7	0	39	0	0	0	0	0	0	0	0	0	0	0	0	0	0	0	0	0	0	0	0	0	0	0	0
ENSG00000287534	0	7	2	0	0	1	5	0	0	0	4	4	2	3	2	2	0	0	3	0	0	0	0	0	1	8	0	0
ENSG00000287543	0	24	19	13	1	24	54	39	2	9	7	29	95	18	4	4	8	0	4	18	0	0	3	25	27	5	23	7
ENSG00000287554	3	0	6	0	0	0	0	0	0	0	0	2	18	0	2	0	0	0	2	5	0	0	0	6	0	1	2	0
ENSG00000287556	0	0	0	0	0	0	0	0	0	0	0	0	0	0	0	0	0	0	0	0	0	0	0	0	0	0	0	0
ENSG00000287579	0	0	0	5	0	4	9	0	2	2	0	2	1	2	1	0	0	0	0	0	0	0	0	0	3	0	6	0
ENSG00000287592	0	12	5	21	0	13	0	0	6	0	3	27	0	0	1	1	5	2	5	7	7	1	0	40	0	0	3	10
ENSG00000287593	0	10	1	4	0	6	0	2	0	4	0	8	0	19	0	0	52	0	2	7	21	0	25	7	0	2	6	6
ENSG00000287600	0	0	12	5	0	4	0	8	0	2	2	0	0	0	0	0	0	0	0	0	0	0	0	1	3	0	0	0
ENSG00000287608	23	198	19	182	9	9	191	314	69	552	10	38	228	42	90	13	139	32	526	38	37	96	79	37	225	886	46	76
ENSG00000287611	0	0	2	4	0	0	2	0	2	0	0	0	2	0	0	0	1	0	0	0	0	0	0	0	0	2	0	0
ENSG00000287623	0	4	2	0	0	6	5	0	0	0	1	0	3	0	0	0	2	0	1	0	1	0	0	0	2	1	10	0
ENSG00000287627	0	0	0	0	0	0	0	0	0	0	0	0	0	0	1	0	2	1	0	0	0	0	0	0	0	0	0	1
ENSG00000287630	0	1	11	0	3	27	13	8	7	23	0	0	21	28	0	0	17	7	7	0	0	0	0	3	1	0	0	15
ENSG00000287634	0	0	0	0	0	0	0	0	0	7	0	0	0	0	0	0	0	0	0	0	0	0	0	0	1	0	0	0
ENSG00000287640	0	0	0	0	0	0	0	0	0	0	0	0	0	0	0	0	0	0	0	0	0	0	0	0	0	0	0	0
ENSG00000287656	0	2	2	52	1	1	35	7	0	73	0	6	12	2	9	3	17	0	4	24	24	8	0	2	29	35	0	13
ENSG00000287662	0	0	0	0	0	0	0	0	0	0	0	0	0	0	0	0	0	0	0	0	0	0	0	0	0	0	0	0
ENSG00000287665	27	64	14	22	21	24	21	12	16	118	37	52	18	7	0	46	43	4	63	47	3	0	20	62	25	47	30	3
ENSG00000287671	0	6	8	8	0	2	6	0	8	0	0	3	0	0	0	1	0	0	0	0	0	0	0	6	0	1	2	0
ENSG00000287688	0	7	0	2	0	0	1	0	4	7	0	0	0	1	4	0	2	0	0	0	4	0	1	0	4	2	4	5
ENSG00000287689	0	2	0	1	0	0	0	1	1	2	4	3	0	0	0	3	2	1	3	3	0	0	8	3	2	9	2	0
ENSG00000287695	0	6	4	8	0	0	4	0	0	2	0	4	4	0	2	0	6	0	4	0	0	0	0	3	1	1	0	0
ENSG00000287699	0	0	4	5	2	2	5	0	0	0	0	0	0	1	1	2	6	0	1	0	0	1	0	3	1	1	0	5
ENSG00000287700	0	0	2	0	0	0	4	0	0	0	0	6	11	2	0	0	0	0	0	7	0	0	0	1	1	0	0	3
ENSG00000287723	3	3	3	0	0	7	3	0	0	4	4	2	54	481	0	0	6	5	4	0	0	7	20	1	2	1	3	3
ENSG00000287728	0	2	0	0	0	0	0	0	0	2	0	0	0	14	2	0	0	0	2	0	14	0	0	0	0	0	4	0
ENSG00000287730	0	6	27	86	31	40	84	29	30	185	21	46	85	290	81	6	27	32	350	20	467	61	59	49	62	39	54	91
ENSG00000287734	5	18	2	2	11	0	2	0	15	9	9	2	37	171	2	5	22	14	6	19	13	45	100	48	3	24	21	29
ENSG00000287743	0	0	2	2	5	4	0	7	8	2	5	2	0	2	0	0	1	0	0	0	0	0	1	1	3	1	1	0
ENSG00000287746	0	4	0	0	0	0	0	2	0	0	0	0	0	0	0	0	0	0	0	0	0	0	0	2	0	0	0	0
ENSG00000287763	0	0	0	3	0	3	0	0	6	8	5	6	0	0	0	0	0	4	6	0	0	0	5	0	2	0	2	0
ENSG00000287771	0	0	5	0	0	0	12	0	0	0	0	2	1	0	1	0	0	0	0	0	2	0	0	6	3	0	1	0
ENSG00000287774	11	19	5	26	7	23	10	0	19	26	22	9	12	11	6	14	37	7	24	17	9	39	31	37	11	22	24	7
ENSG00000287777	0	2	0	6	0	10	2	0	2	8	10	11	0	0	0	9	0	0	3	0	0	0	0	6	2	8	7	0
ENSG00000287779	0	0	0	0	0	0	0	0	0	0	0	0	0	0	0	0	0	0	0	0	0	0	0	0	0	0	0	0
ENSG00000287780	2	1	1	10	3	2	9	21	0	1	12	7	14	15	5	0	10	4	2	0	8	0	3	9	8	12	1	4
ENSG00000287784	0	0	0	0	0	0	0	0	0	0	0	0	0	0	0	0	0	0	0	0	0	0	0	3	0	0	0	0
ENSG00000287787	5	0	0	0	5	0	8	2	2	0	12	0	0	1	0	1	0	2	0	0	0	0	0	4	2	0	2	0
ENSG00000287789	0	2	1	2	0	4	0	0	0	10	0	1	0	0	0	2	4	0	2	0	0	0	0	0	3	2	5	0
ENSG00000287791	0	0	1	5	0	0	0	2	1	0	0	0	0	8	2	0	0	4	2	1	0	2	0	0	6	0	0	8
ENSG00000287799	0	1	2	2	0	5	3	0	2	5	0	1	0	4	0	0	0	0	3	0	0	0	0	2	5	1	0	4
ENSG00000287812	0	2	2	4	0	0	0	0	0	0	1	2	2	4	0	0	8	0	0	8	0	0	0	2	1	0	0	2
ENSG00000287814	12	8	8	22	28	8	21	16	9	12	12	3	17	9	8	11	5	2	28	0	6	16	4	2	9	4	10	8
ENSG00000287834	0	8	0	31	4	34	0	42	2	17	5	6	2	17	9	0	43	4	8	3	52	3	0	18	2	6	33	4
ENSG00000287867	0	0	0	3	1	31	0	0	0	0	2	0	0	0	0	0	0	0	1	1	0	0	0	1	2	0	2	0
ENSG00000287870	4	7	0	2	5	27	0	10	10	1	4	14	4	20	0	11	18	0	15	3	46	0	23	61	0	10	1	2
ENSG00000287894	0	0	0	0	0	1	0	0	0	7	0	9	4	0	0	2	0	0	0	0	0	0	5	2	0	6	0	2
ENSG00000287908	0	0	3	1	0	0	3	1	2	2	0	4	2	2	1	1	2	1	3	0	0	2	0	6	0	0	5	2
ENSG00000287915	0	0	4	2	0	0	0	0	14	0	0	0	2	0	0	3	0	0	0	0	0	7	6	1	2	0	0	9
ENSG00000287921	0	0	2	4	0	0	0	0	0	0	1	0	0	0	0	0	2	1	0	0	16	6	0	0	3	0	0	2
ENSG00000287923	0	1	1	2	2	0	6	1	0	4	0	2	0	0	0	6	0	1	0	2	2	2	1	3	0	2	2	1
ENSG00000287927	0	2	1	4	0	2	4	3	0	0	0	0	0	4	1	3	3	0	1	0	1	0	4	1	4	0	3	0
ENSG00000287945	0	6	0	6	0	0	2	0	0	9	0	2	1	1	0	2	0	0	3	0	0	0	0	2	0	0	1	2
ENSG00000287949	0	5	0	0	0	0	12	2	9	5	2	2	0	0	0	0	5	0	0	0	0	0	0	0	0	0	4	0
ENSG00000287951	0	2	6	6	0	8	2	0	0	0	5	2	4	0	0	0	0	6	0	0	0	0	0	3	2	0	0	0
ENSG00000287957	1	25	4	23	2	28	5	29	6	35	15	15	42	31	14	8	33	5	17	8	0	27	4	47	18	32	58	15
ENSG00000287968	0	0	2	0	0	0	0	0	0	0	0	0	0	0	0	0	0	0	0	0	0	0	0	0	0	0	0	0
ENSG00000287973	0	0	0	0	0	0	0	0	0	0	0	0	0	0	0	0	0	0	0	0	0	0	0	0	0	0	0	0
ENSG00000287989	0	0	0	1	0	0	0	0	0	0	2	1	2	2	0	0	0	0	0	0	0	0	0	0	0	0	0	0
ENSG00000287997	0	0	0	3	0	31	0	2	0	0	0	0	1	1	0	0	0	0	1	0	0	0	0	2	2	0	2	0
ENSG00000288016	0	0	1	0	0	0	0	23	4	0	0	0	5	0	2	0	0	0	1	13	0	1	0	3	0	0	0	0
ENSG00000288039	0	0	0	7	0	0	0	0	4	0	0	2	11	0	2	0	0	0	1	5	0	0	0	4	4	0	0	0
ENSG00000288062	0	0	2	0	2	1	0	3	0	0	0	2	3	4	2	0	4	0	3	4	0	0	0	2	1	2	4	1
ENSG00000288075	109	325	244	516	74	231	330	252	121	294	505	447	493	216	211	120	214	84	251	239	174	201	122	245	796	55	139	154
ENSG00000288081	0	0	0	0	0	0	0	0	0	0	0	0	0	0	0	0	0	0	0	0	0	0	0	0	0	0	0	1
ENSG00000288088	0	0	0	0	0	0	0	0	0	0	0	2	1	0	0	0	0	0	0	0	0	0	0	0	0	0	0	0
ENSG00000288349	0	72	11	30	5	107	37	58	3	82	12	56	16	5	3	13	50	6	66	64	0	10	22	97	29	18	25	14
ENSG00000288533	0	10	0	1	4	12	14	12	8	13	5	5	13	4	9	6	7	4	4	11	2	4	4	3	13	0	0	8
ENSG00000288538	0	54	8	15	7	44	23	16	0	21	1	23	53	42	10	17	16	2	28	32	10	0	55	38	26	13	29	19
ENSG00000288584	9	8	3	17	16	14	13	16	13	49	20	18	7	14	6	16	28	3	32	33	2	14	35	38	4	27	18	11
ENSG00000288611	0	0	6	16	1	66	9	22	2	6	0	0	3	5	0	0	1	3	5	1	0	4	2	14	6	0	2	2
ENSG00000288654	0	0	0	0	0	0	0	0	0	0	0	0	0	0	0	0	0	0	0	0	0	0	0	0	0	0	0	0
ENSG00000288658	0	0	4	2	6	0	1	0	0	0	0	0	6	4	0	0	0	0	0	0	0	0	8	4	2	3	0	0
ENSG00000288690	0	9	1	9	0	4	15	7	2	6	1	4	1	1	3	7	0	1	4	0	0	5	5	3	8	0	1	0
ENSG00000288695	1	0	2	0	0	0	3	0	2	0	6	2	0	3	0	6	4	2	3	0	0	1	0	1	0	3	1	1
ENSG00000288698	0	0	3	4	9	0	0	0	0	1	4	0	0	6	2	0	0	2	0	9	0	0	0	2	2	2	0	2
ENSG00000288710	0	76	8	53	18	46	12	17	9	80	68	47	17	13	6	53	33	16	63	71	13	30	64	105	16	52	43	16
ENSG00000288725	0	0	0	0	0	0	0	0	0	0	0	0	0	0	0	0	0	0	0	0	0	0	0	0	0	0	0	0
ENSG00000288758	0	0	0	2	0	0	0	10	0	0	3	2	5	0	0	0	0	0	0	0	12	0	0	4	0	0	2	2
ENSG00000288763	1	10	5	3	0	3	0	0	2	0	4	11	0	0	7	4	4	6	4	0	2	6	1	2	0	2	2	6
ENSG00000288767	0	0	2	0	2	8	0	0	0	0	4	1	0	1	2	6	2	0	0	0	0	0	1	8	6	0	2	0
ENSG00000288780	0	0	0	0	0	15	0	0	0	0	0	0	0	0	1	2	0	0	0	0	0	0	0	0	0	0	0	0
ENSG00000288783	13	80	11	3	6	5	11	71	6	5	4	5	6	7	287	5	73	240	15	83	48	21	2	25	16	8	10	105
ENSG00000288799	0	6	2	0	4	1	0	2	0	0	2	0	6	3	3	0	2	0	1	0	0	0	0	3	1	0	2	0
ENSG00000288809	0	4	3	0	0	0	2	14	0	0	2	1	5	0	0	0	0	1	0	4	0	0	0	1	1	0	0	1
ENSG00000288816	0	3	1	0	0	4	6	0	0	4	0	2	0	0	6	6	3	0	0	0	0	0	0	2	7	0	0	4
ENSG00000288817	0	1	2	0	2	0	0	4	4	0	0	6	2	0	4	0	0	2	2	9	0	0	0	1	2	0	2	0
ENSG00000288837	0	0	0	1	0	1	2	14	2	0	0	0	1	3	0	1	2	0	4	9	0	0	2	6	0	2	1	0
ENSG00000288863	0	46	0	7	11	21	3	19	5	24	13	32	2	6	2	11	28	2	31	0	0	3	24	47	15	31	8	8
ENSG00000288881	8	28	2	51	36	29	0	1	39	66	33	34	7	0	8	113	14	18	29	11	27	27	33	55	18	59	42	18
ENSG00000288910	22	11	2	20	17	0	9	0	7	13	0	4	0	0	2	12	10	0	9	5	0	0	0	7	11	26	9	8
ENSG00000288925	0	0	0	2	16	0	0	0	0	0	0	0	0	0	0	0	4	0	1	0	9	0	2	2	6	2	1	0
ENSG00000288933	0	0	2	2	0	1	5	5	0	11	0	0	4	7	1	0	3	0	1	3	0	0	1	0	1	0	2	1
ENSG00000288936	27	26	1	3	0	11	0	0	5	39	7	28	6	1	5	0	2	0	11	0	0	21	1	3	12	5	3	7
ENSG00000288948	0	29	1	12	6	24	2	0	7	11	20	21	0	9	3	4	28	0	19	4	4	17	10	39	12	64	22	15
ENSG00000288954	2	5	1	3	0	2	1	0	0	4	4	4	3	0	3	0	1	1	4	0	0	0	0	3	1	2	2	0
ENSG00000288960	0	0	0	0	0	0	0	0	0	0	0	0	0	0	0	0	0	0	0	0	0	0	0	1	0	0	0	0
ENSG00000288968	0	2	1	2	1	1	1	0	0	0	3	6	0	6	1	0	2	2	0	2	0	0	5	1	1	0	3	2
ENSG00000288969	0	8	10	2	9	13	4	4	4	15	6	16	2	4	0	14	10	2	8	11	0	6	0	45	6	9	9	2
ENSG00000288971	3	0	0	4	4	4	0	0	0	0	0	0	10	7	0	0	0	0	0	0	3	0	0	2	6	4	2	0
ENSG00000288973	197	523	267	288	220	310	430	264	215	521	256	353	459	379	181	223	314	222	424	304	256	325	353	446	326	231	335	178
ENSG00000288990	0	2	4	0	5	2	7	3	0	5	0	0	4	0	0	4	0	1	0	0	3	0	6	5	0	0	0	0
ENSG00000289050	2	2	3	2	3	0	12	2	0	0	0	2	0	2	2	2	2	0	2	0	0	0	0	0	4	2	6	0
ENSG00000289076	1	1	0	1	4	0	11	0	9	6	5	6	0	4	4	0	0	3	4	7	0	0	0	4	4	0	7	3
ENSG00000289086	0	0	0	5	3	1	6	0	0	0	0	4	2	0	1	0	0	0	1	0	9	0	0	0	6	0	0	6
ENSG00000289087	0	2	0	0	0	27	5	0	0	0	4	55	4	46	0	0	0	0	2	0	3	0	0	6	0	2	6	4
ENSG00000289091	0	18	7	10	1	13	6	20	3	19	3	3	2	7	84	3	14	49	9	13	10	3	9	7	8	6	5	27
ENSG00000289093	0	0	2	8	0	0	0	0	2	2	1	0	0	0	0	5	3	0	0	0	0	0	2	0	4	4	2	4
ENSG00000289098	0	5	0	2	1	3	0	3	0	6	0	3	0	1	0	0	4	1	1	0	0	1	1	6	2	4	1	0
ENSG00000289114	0	2	3	2	0	0	0	0	0	0	0	7	1	1	1	2	0	0	0	1	6	2	0	6	5	0	0	1
ENSG00000289117	0	0	0	28	13	9	9	70	0	8	4	3	4	23	14	4	59	17	46	28	30	0	85	13	12	75	27	16
ENSG00000289118	2	4	1	25	4	58	3	0	0	29	6	18	29	21	4	6	11	6	29	0	24	0	12	65	14	27	12	3
ENSG00000289121	0	3	14	10	4	16	6	0	16	15	0	4	15	55	6	13	22	2	9	6	0	0	10	2	6	0	12	31
ENSG00000289131	0	0	8	6	2	0	1	3	0	0	0	0	0	6	0	0	0	0	5	0	0	4	0	0	1	0	0	4
ENSG00000289160	0	9	1	0	0	0	0	20	0	10	1	0	1	14	0	0	7	0	3	3	4	0	5	4	2	0	2	0
ENSG00000289165	0	18	2	19	42	1	0	0	1	73	0	0	0	1	0	5	0	4	22	9	0	0	1	72	5	130	1	11
ENSG00000289168	0	18	12	8	0	8	6	50	17	5	1	6	4	15	5	2	8	8	126	3	773	57	191	5	3	2	10	19
ENSG00000289195	0	0	0	9	0	6	0	2	0	3	0	1	0	0	0	4	0	0	0	0	0	0	0	5	0	0	4	4
ENSG00000289200	0	2	4	16	7	44	2	0	0	0	3	4	0	0	2	10	19	3	4	0	0	0	10	2	15	33	2	3
ENSG00000289203	0	0	19	14	2	0	22	22	2	0	10	6	25	0	19	12	10	0	0	10	15	0	1	2	36	1	10	21
ENSG00000289204	0	0	2	2	4	10	0	0	2	0	0	0	0	0	3	0	3	0	0	0	0	0	12	3	0	4	4	0
ENSG00000289215	0	7	0	4	2	2	0	0	9	0	1	5	0	0	7	0	2	0	0	0	0	0	0	0	2	2	0	3
ENSG00000289225	0	2	4	6	0	6	5	6	4	0	2	0	0	3	3	4	0	2	0	0	0	0	0	0	2	4	0	0
ENSG00000289232	3	0	2	0	8	0	0	0	2	0	0	6	2	0	2	2	0	2	4	6	0	0	0	2	0	2	0	0
ENSG00000289236	0	3	6	2	2	9	15	0	0	12	16	4	2	5	1	4	8	4	7	7	0	6	12	17	0	6	10	6
ENSG00000289241	0	0	1	0	0	0	0	0	0	0	1	5	0	0	0	14	0	0	6	0	0	0	0	1	0	0	0	0
ENSG00000289243	4	19	1	17	1	1	9	13	7	19	0	2	6	12	20	10	106	1	4	2	15	91	23	4	53	9	16	46
ENSG00000289250	6	91	9	43	26	148	0	44	32	122	23	125	9	77	5	6	90	8	36	17	66	189	388	301	19	56	85	31
ENSG00000289259	0	9	7	42	78	29	9	11	0	35	1	13	17	10	7	12	112	2	27	24	22	30	181	107	19	12	27	32
ENSG00000289271	0	0	0	0	0	0	0	0	0	0	0	0	0	0	0	0	0	0	0	0	0	0	0	0	0	0	0	0
ENSG00000289286	0	0	0	3	0	4	0	4	0	0	0	4	21	146	1	0	0	0	0	0	0	18	0	0	1	3	0	0
ENSG00000289289	0	26	1	0	0	21	13	10	0	37	0	6	0	1	6	0	5	4	9	2	4	0	12	22	1	9	4	5
ENSG00000289290	0	0	2	0	2	1	0	6	2	8	0	0	4	0	5	3	1	0	2	0	0	0	0	1	4	0	1	3
ENSG00000289293	2	0	51	10	11	13	35	6	1	8	0	4	34	77	23	2	9	0	2	21	3	0	3	5	28	4	6	38
ENSG00000289297	14	0	2	0	0	6	0	2	0	0	0	0	4	0	0	0	3	2	2	0	0	0	0	0	4	4	0	2
ENSG00000289305	0	1	10	0	2	0	12	0	0	0	0	0	8	0	1	3	2	3	2	2	0	0	0	2	1	0	0	4
ENSG00000289312	0	0	0	2	7	0	0	4	0	12	0	0	0	2	0	3	0	4	1	2	0	0	0	2	2	2	2	3
ENSG00000289323	0	6	0	4	0	1	0	0	0	6	0	4	5	0	0	0	1	0	0	7	0	0	9	5	1	5	0	0
ENSG00000289332	5	4532	1912	3258	125	1349	54	7144	13	716	1208	2055	133	596	807	515	5013	3170	704	1716	3872	2291	332	3396	150	122	2117	4253
ENSG00000289339	7	0	22	4	28	2	11	0	13	2	28	13	40	8	12	24	7	4	8	5	2	14	0	8	21	7	9	10
ENSG00000289357	0	1	2	1	0	0	6	1	2	0	0	0	2	9	2	4	6	0	4	5	5	0	0	0	2	0	0	1
ENSG00000289366	2	0	1	3	8	25	2	32	4	39	7	0	17	44	3	0	34	5	13	20	21	7	0	0	10	7	1	27
ENSG00000289368	17	9	4	13	0	239	3	8	2	3	0	1	2	2	0	0	13	3	4	0	3	0	0	0	29	0	12	6
ENSG00000289406	0	6	1	1	0	2	1	1	0	2	0	2	6	4	1	0	3	0	3	0	0	7	0	2	0	1	6	2
ENSG00000289411	0	0	0	0	0	0	0	0	0	0	0	0	0	0	0	0	0	0	0	0	0	0	0	0	0	0	0	0
ENSG00000289417	16	13	2	5	3	335	0	0	7	37	20	11	4	0	7	14	6	0	6	2	11	6	3	36	10	4	18	7
ENSG00000289423	0	0	0	10	0	0	0	0	0	0	0	0	2	0	4	9	2	0	2	0	0	0	12	0	4	0	0	0
ENSG00000289425	0	1	0	4	0	2	9	2	0	4	3	4	0	2	2	0	2	0	2	0	0	0	0	2	4	4	4	2
ENSG00000289426	0	1	0	0	0	1	0	0	0	5	0	0	0	2	0	0	0	0	0	0	0	0	0	0	0	0	1	1
ENSG00000289430	0	41	1	22	18	43	0	27	3	48	9	4	7	40	12	8	26	1	41	29	18	19	42	60	2	64	13	2
ENSG00000289441	13	17	0	0	0	0	7	0	2	0	0	0	0	0	0	0	0	0	0	0	0	0	0	0	2	0	0	0
ENSG00000289447	0	0	0	2	0	0	0	0	0	0	2	0	2	0	0	0	2	0	2	0	0	0	0	1	2	0	0	0
ENSG00000289454	0	0	0	0	0	0	0	0	0	0	0	0	0	0	0	0	0	0	0	0	0	0	0	0	0	0	0	0
ENSG00000289455	5	6	7	9	4	5	13	6	8	8	14	12	8	3	6	0	5	1	12	0	6	2	0	1	3	5	2	6
ENSG00000289463	15	20	6	25	0	28	22	8	12	52	2	4	26	55	14	0	48	7	11	6	23	0	0	10	31	4	46	34
ENSG00000289474	335	7382	147	6497	150	47	93	78	1780	184	3349	2785	4500	5144	19	4388	3463	38	55	65	34	41	47	54	8551	27	3619	3222
ENSG00000289495	0	0	0	0	0	0	0	0	0	0	0	2	0	0	0	0	0	0	0	0	0	0	0	0	0	0	0	0
ENSG00000289500	0	0	0	0	0	4	6	0	4	0	0	1	0	2	0	0	2	0	0	10	0	0	0	0	1	0	5	2
ENSG00000289522	0	0	0	2	0	0	0	0	3	1	4	1	0	3	3	8	0	0	3	6	0	0	0	3	0	4	0	0
ENSG00000289531	0	9	4	0	0	1	0	0	2	5	4	1	0	8	0	0	2	0	3	0	2	0	0	0	2	0	2	8
ENSG00000289551	0	1	0	0	1	4	0	0	3	5	1	0	2	2	2	6	2	0	5	0	0	0	0	6	0	4	2	2
ENSG00000289555	3	0	1	0	4	10	1	0	0	1	1	0	0	4	0	0	1	1	4	0	1	0	0	1	0	1	0	3
ENSG00000289560	0	7	4	6	13	12	2	0	7	0	0	2	11	4	0	3	1	0	8	0	0	0	7	9	5	0	0	0
ENSG00000289563	0	6	2	0	0	0	2	0	0	2	2	2	4	0	0	4	2	0	1	1	0	4	0	4	3	0	0	0
ENSG00000289570	13	0	2	0	0	1	0	3	3	0	0	0	0	5	0	0	2	2	2	0	0	0	0	5	2	6	0	2
ENSG00000289572	3	12	1	7	4	13	4	9	13	57	1	10	0	1	0	2	12	4	16	4	0	2	19	18	8	46	0	0
ENSG00000289576	0	2	1	3	0	0	0	1	4	10	1	4	0	1	0	5	0	0	0	7	0	0	0	7	0	0	2	2
ENSG00000289579	15	21	41	28	20	20	44	14	27	72	83	52	35	12	14	79	20	13	21	36	24	24	0	44	20	24	23	29
ENSG00000289582	0	0	7	0	0	0	10	0	0	3	0	0	6	0	0	0	2	0	0	0	0	0	12	0	0	2	0	0
ENSG00000289583	0	0	7	5	2	4	2	0	0	5	3	0	2	0	0	4	1	0	4	4	0	0	1	0	0	0	2	0
ENSG00000289585	0	5	0	6	0	0	0	8	3	0	2	4	1	4	0	0	2	4	2	2	0	0	0	2	0	2	3	0
ENSG00000289594	0	18	32	20	5	23	8	25	0	9	0	0	37	84	0	20	45	27	15	39	51	3	22	27	14	4	30	50
ENSG00000289611	0	11	0	12	13	26	0	0	0	41	15	19	19	0	4	19	8	0	13	11	0	4	0	34	14	7	8	0
ENSG00000289612	78	30	29	6	115	1392	17	0	101	85	81	29	21	58	7	151	20	54	38	42	2	74	32	172	30	16	147	19
ENSG00000289628	10	47	0	16	0	5	0	35	1	10	6	7	1	26	2	10	28	5	6	14	0	0	9	19	0	1	8	1
ENSG00000289632	25	0	0	0	0	23	0	0	32	20	0	2	0	0	0	2	0	0	0	0	2	22	0	0	0	0	0	0
ENSG00000289690	0	0	0	0	0	0	0	2	2	0	0	0	0	0	0	0	2	0	3	1	0	0	0	0	0	1	3	0
ENSG00000289698	3	59	50	7	2	20	31	23	32	39	134	161	23	34	29	35	18	1	11	5	2	41	0	58	16	21	36	8
ENSG00000289702	2	15	1	13	7	19	15	7	6	16	12	17	13	0	0	15	13	0	3	0	0	0	0	16	7	0	13	0
ENSG00000289704	0	1	0	2	0	1	0	8	0	2	0	8	4	1	0	0	0	4	11	0	0	1	2	0	0	5	2	0
ENSG00000289721	4	0	0	3	20	11	4	3	6	17	27	18	0	0	3	12	6	0	0	28	3	0	0	12	0	20	2	2
ENSG00000289723	0	2	7	0	0	0	8	0	1	0	4	2	0	5	4	0	0	0	1	0	2	0	0	2	3	0	8	0
ENSG00000289725	0	17	4	12	1	3	16	51	0	11	5	8	12	15	6	0	21	0	1	13	0	1	0	13	16	1	0	14
ENSG00000289746	33	60	515	760	36	67	151	586	42	52	37	228	660	2940	530	40	563	567	395	534	1427	710	939	185	179	91	390	1687
ENSG00000289752	0	0	0	0	0	4	0	0	0	0	0	0	0	0	0	0	0	0	0	0	0	0	0	0	0	0	0	0
ENSG00000289791	4	72	1	52	0	213	0	40	0	7	0	42	7	73	0	1	17	12	104	2	37	5	291	34	1	40	63	3
ENSG00000289810	0	12	30	42	0	0	47	21	6	0	0	0	0	0	0	0	0	0	0	0	0	0	0	31	25	0	0	0
ENSG00000289811	58	97	39	26	9	16	125	95	55	89	61	151	82	71	63	50	23	8	57	73	0	126	107	57	122	12	41	11
ENSG00000289852	10	0	3	39	68	94	4	4	0	0	28	32	7	1	8	13	39	4	19	11	41	40	0	29	19	13	112	6
ENSG00000289853	0	0	0	0	0	0	0	0	0	0	0	0	0	0	0	0	0	0	0	0	0	0	0	0	0	0	0	0
ENSG00000289866	0	0	13	10	49	12	18	1	4	2	2	4	10	2	2	2	5	7	0	0	0	27	0	1	25	2	7	22
ENSG00000289873	1	39	6	1	0	1	13	38	5	76	1	28	48	36	8	0	3	2	34	5	0	0	24	53	3	45	1	5
ENSG00000289875	6	2	3	0	65	11	0	3	0	1	8	2	8	2	0	13	0	0	0	13	0	0	0	4	13	0	0	4
ENSG00000289884	14	0	0	0	0	0	1	0	0	0	2	0	16	1	0	0	3	0	0	0	0	0	0	0	0	2	0	0
ENSG00000289887	10	510	94	580	40	53	43	5952	12	231	23	127	67	646	21	37	394	236	1020	209	956	189	749	361	91	600	82	310
ENSG00000289888	0	1	0	3	1	2	1	0	0	2	0	0	0	5	0	6	4	0	2	0	1	0	0	8	1	4	4	0
ENSG00000289891	3	6	0	0	0	1	2	0	2	6	0	2	2	3	2	2	0	0	1	4	0	0	0	2	0	0	0	0
ENSG00000289901	0	0	0	0	0	0	0	0	0	0	0	0	0	0	0	0	0	0	0	3	0	0	3	0	0	0	0	1
ENSG00000289903	0	297	68	221	12	50	148	294	21	324	13	172	114	332	92	33	275	23	126	194	70	30	51	133	221	81	184	173
ENSG00000289905	0	3	0	3	0	2	4	2	0	2	0	1	10	1	2	3	4	0	0	0	0	0	0	2	0	3	4	1
ENSG00000289911	0	0	1	0	0	0	17	0	0	0	0	0	0	0	0	5	0	0	0	0	0	20	0	7	2	0	0	0
ENSG00000289913	0	6	27	11	0	11	60	77	11	2	5	39	67	65	3	10	22	2	16	23	2	6	8	16	42	3	15	12
ENSG00000289914	0	9	0	0	0	0	5	4	0	1	0	2	11	0	0	2	1	0	1	0	0	0	0	3	6	0	0	0
ENSG00000289935	0	0	0	0	0	0	0	0	0	0	0	0	0	0	0	2	0	0	2	0	0	0	0	0	2	0	0	0
ENSG00000289938	0	4	0	0	0	10	9	0	2	0	0	3	0	0	0	0	2	0	1	4	0	6	0	0	0	0	2	0
ENSG00000289942	0	0	1	0	3	0	0	0	2	0	1	0	0	2	0	2	4	0	1	6	6	12	0	0	2	1	0	0
ENSG00000289946	0	14	55	18	39	117	4	2	12	1148	19	691	117	1553	7	12	253	10	357	240	1096	138	10	239	7	155	5794	123
ENSG00000289948	104	63	22	22	27	1	7	65	50	13	12	0	35	8	6	21	17	2	12	141	617	70	63	15	12	7	2	4
ENSG00000289974	0	0	0	2	0	1	0	0	0	0	2	0	2	0	4	3	4	0	2	0	0	0	7	2	4	0	6	0
ENSG00000289977	0	3	4	2	0	0	0	3	0	2	0	6	6	0	0	15	2	0	0	0	0	0	0	1	0	0	0	3
ENSG00000289983	97	965	39	136	34	468	81	392	38	1063	34	328	305	759	45	32	205	114	995	197	338	91	487	991	54	251	359	41
ENSG00000289986	0	0	0	0	0	1	0	0	0	14	6	0	0	0	1	0	3	0	0	0	0	0	0	5	2	6	0	0
ENSG00000290000	0	0	0	1	0	0	0	0	0	0	0	0	0	0	0	0	0	0	0	0	0	0	0	0	0	0	0	0
ENSG00000290007	0	1	1	0	5	4	2	0	1	0	0	0	0	0	4	5	0	0	3	6	0	0	0	4	0	0	0	2
ENSG00000290012	0	4	0	5	0	8	0	0	0	2	0	5	0	2	0	0	0	0	0	0	0	11	2	0	6	0	0	2
ENSG00000290022	0	0	5	12	0	31	4	12	4	16	4	8	0	19	2	8	8	0	33	14	0	0	12	17	6	0	26	5
ENSG00000290024	0	0	0	0	0	0	0	0	0	0	0	0	0	0	0	0	0	0	0	0	0	0	0	0	0	0	0	0
ENSG00000290025	0	0	11	89	0	13	23	16	0	8	76	182	19	89	4	0	8	0	31	0	104	0	2	8	6	44	15	4
ENSG00000290036	0	0	0	0	0	9	2	0	2	5	0	0	2	2	5	8	1	6	2	2	0	0	0	3	0	0	2	0
ENSG00000290039	0	0	8	34	54	18	1	0	3	4	3	4	6	28	0	31	49	6	6	19	1	6	32	25	119	14	7	31
ENSG00000290040	0	0	2	2	0	1	0	0	0	7	4	6	0	0	4	4	4	0	0	0	0	0	0	0	0	2	0	6
ENSG00000290041	0	0	0	0	0	0	16	3	0	0	0	1	11	2	0	0	4	0	0	0	0	0	0	2	3	0	0	0
ENSG00000290050	0	0	0	0	0	0	5	0	0	2	0	1	0	0	0	0	0	0	1	0	0	0	0	6	2	0	0	0
ENSG00000290058	8	6	13	15	0	2	27	0	3	0	0	5	63	27	85	2	26	7	13	29	147	72	8	15	43	2	0	42
ENSG00000290067	0	4	0	4	0	1	2	6	0	0	4	0	0	2	0	0	4	0	2	0	2	0	8	4	5	0	2	2
ENSG00000290068	0	2	0	5	1	3	2	0	4	3	0	7	0	4	1	0	3	0	0	1	0	0	0	1	1	3	2	0
ENSG00000290075	0	6	2	1	0	3	4	4	0	0	1	0	0	2	1	3	4	0	0	0	0	8	0	2	3	0	0	1
ENSG00000290076	0	2	0	0	0	0	7	4	2	0	0	2	0	0	2	0	2	0	4	2	0	5	0	1	0	0	0	4
ENSG00000290077	1	16	4	11	0	30	13	3	5	34	15	15	1	5	0	1	22	19	24	27	2	7	13	60	8	25	18	9
ENSG00000290084	78	12	75	196	73	1139	487	1940	130	1046	49	42	624	1642	699	34	3062	431	374	1180	686	1043	27	12	894	68	8	1450
ENSG00000290089	0	0	4	2	0	4	4	0	3	0	0	0	0	2	1	0	4	0	4	0	0	0	0	4	3	0	3	0
ENSG00000290090	0	1	1	7	1	6	14	8	0	0	0	4	3	3	1	7	3	0	8	6	0	0	1	14	4	0	0	9
ENSG00000290101	0	0	8	0	4	5	32	4	19	12	0	1	4	0	19	16	0	35	6	6	0	25	0	3	10	2	1	4
ENSG00000290104	18	3	72	2	9	14	45	11	19	3	14	25	47	12	2	25	9	0	3	18	0	21	0	50	29	0	2	30
ENSG00000290105	0	5	4	2	13	11	13	0	0	10	1	2	0	2	0	3	1	0	3	2	1	2	0	3	4	3	1	0
ENSG00000290121	4	3	10	11	247	54	10	0	0	55	9	10	16	16	7	41	72	6	29	14	1	13	19	17	13	5	21	61
