gene_id	ERR2618237	ERR2618240	ERR2618236	ERR2618238	ERR2618241	ERR2618239
AT1G01010	157	48	132	105	81	100
AT1G01020	248	223	222	209	169	197
AT1G01030	128	183	87	103	134	136
AT1G01040	1212	436	889	833	839	1003
AT1G01046	5	0	19	7	7	7
AT1G01050	1207	1389	983	1070	1029	1140
AT1G01060	30	217	12	33	469	473
AT1G01070	200	128	130	139	196	146
AT1G01080	1337	2024	1024	1418	1950	1962
AT1G01090	4294	5753	3344	4910	5023	5799
AT1G01100	2228	5139	1560	2043	2256	2040
AT1G01110	166	25	160	172	61	74
AT1G01120	728	554	630	590	1156	1040
AT1G01130	49	45	45	41	29	29
AT1G01140	2576	624	2064	1184	990	1412
AT1G01150	8	4	0	2	0	1
AT1G01160	870	516	652	700	635	673
AT1G01170	699	1136	540	583	466	629
AT1G01180	207	247	163	223	167	257
AT1G01183	0	0	0	0	1	0
AT1G01190	13	15	26	12	17	13
AT1G01200	16	5	8	11	11	6
AT1G01210	221	138	182	202	135	171
AT1G01220	555	225	416	493	527	479
AT1G01225	47	36	30	32	44	51
AT1G01230	561	462	440	473	373	484
AT1G01240	913	834	747	819	424	828
AT1G01250	32	1	48	11	8	9
AT1G01260	565	135	415	526	248	344
AT1G01270	0	0	0	0	0	0
AT1G01280	0	0	0	0	0	0
AT1G01290	302	198	229	278	240	256
AT1G01300	1662	919	1516	1444	1565	1440
AT1G01305	0	0	0	0	0	0
AT1G01310	9	0	4	4	1	1
AT1G01320	7934	2771	6203	8042	9443	8901
AT1G01335	0	0	0	0	0	0
AT1G01340	152	48	124	194	59	59
AT1G01350	459	360	322	416	382	494
AT1G01355	0	0	1	2	2	0
AT1G01360	280	118	214	197	101	190
AT1G01370	59	73	41	52	78	59
AT1G01380	24	18	19	10	23	12
AT1G01390	26	28	22	40	56	56
AT1G01400	0	0	0	0	1	0
AT1G01410	0	0	0	0	0	0
AT1G01420	217	139	168	144	159	158
AT1G01430	1690	1777	1367	1442	2093	2267
AT1G01440	521	202	391	459	440	596
AT1G01448	300	175	164	161	154	208
AT1G01450	1	0	0	1	0	0
AT1G01453	5	0	3	3	0	0
AT1G01460	0	0	0	0	0	0
AT1G01470	2801	602	2220	1188	519	497
AT1G01480	21	5	7	13	6	3
AT1G01490	3307	7956	2262	3257	2636	3753
AT1G01500	278	227	268	319	242	266
AT1G01510	704	420	536	787	862	964
AT1G01520	18	2	24	4	17	17
AT1G01530	2	1	0	0	1	1
AT1G01540	1398	1012	1032	1284	1270	1808
AT1G01550	3706	1827	2990	3259	2843	3210
AT1G01560	134	4	127	125	6	5
AT1G01570	25	11	24	20	24	16
AT1G01580	13	13	18	12	21	11
AT1G01590	6	2	4	1	2	9
AT1G01600	100	171	84	90	139	152
AT1G01610	751	1076	646	646	1487	1301
AT1G01620	7293	8619	5928	6404	5958	8316
AT1G01630	912	1493	733	851	1572	1461
AT1G01640	69	22	53	35	25	33
AT1G01650	762	248	549	521	340	302
AT1G01660	27	21	23	17	15	11
AT1G01670	21	5	27	24	8	14
AT1G01680	9	4	9	3	13	15
AT1G01690	130	77	75	113	182	141
AT1G01695	9	2	4	7	3	8
AT1G01700	105	30	65	62	66	58
AT1G01710	873	584	749	709	707	710
AT1G01715	112	83	79	60	84	81
AT1G01720	1474	456	1189	492	622	650
AT1G01725	214	170	121	146	74	112
AT1G01730	616	359	441	449	289	360
AT1G01740	131	50	101	105	120	105
AT1G01750	15	5	19	7	6	9
AT1G01760	51	10	43	73	62	88
AT1G01770	812	578	530	617	687	755
AT1G01780	452	600	302	297	272	354
AT1G01790	1074	968	890	1122	1872	2739
AT1G01800	756	719	678	667	667	788
AT1G01810	7	6	8	16	3	6
AT1G01820	1382	817	1048	1270	665	884
AT1G01830	485	359	389	315	475	437
AT1G01840	2	7	1	4	6	4
AT1G01860	196	93	166	158	195	230
AT1G01870	0	0	0	0	0	0
AT1G01880	73	60	75	69	67	81
AT1G01890	1	0	0	0	0	0
AT1G01900	78	10	85	56	103	93
AT1G01910	674	560	506	637	696	813
AT1G01920	578	231	370	525	370	455
AT1G01930	477	360	333	429	496	630
AT1G01940	301	448	235	293	393	349
AT1G01950	607	200	423	518	461	553
AT1G01960	2002	607	1687	2182	2678	2885
AT1G01970	475	362	401	426	512	507
AT1G01980	0	0	1	2	0	0
AT1G01990	720	426	542	686	351	627
AT1G02000	245	159	210	189	212	234
AT1G02010	314	73	285	206	182	216
AT1G02020	342	146	260	295	326	363
AT1G02030	8	5	3	0	1	4
AT1G02040	1	0	3	3	0	1
AT1G02050	293	143	220	199	153	189
AT1G02060	230	20	185	253	164	193
AT1G02065	104	21	62	69	48	67
AT1G02067	0	0	0	0	0	0
AT1G02070	12	17	8	14	3	9
AT1G02080	2750	458	2236	2386	2754	2989
AT1G02090	587	533	503	556	688	570
AT1G02100	988	660	769	895	653	825
AT1G02110	799	349	605	578	649	716
AT1G02120	1854	1027	1425	1538	1163	1499
AT1G02130	953	970	783	823	874	899
AT1G02140	1758	2191	1309	1521	1590	1429
AT1G02145	402	221	267	318	278	313
AT1G02150	1998	2631	1694	2016	2923	3141
AT1G02160	525	518	315	378	279	324
AT1G02170	683	568	494	532	538	542
AT1G02180	98	110	64	97	79	93
AT1G02190	8	11	2	8	6	10
AT1G02205	568	371	489	278	706	634
AT1G02210	0	0	0	0	0	0
AT1G02220	35	28	30	144	66	33
AT1G02230	21	0	8	8	2	0
AT1G02250	0	0	2	2	0	0
AT1G02260	416	130	279	310	158	241
AT1G02270	527	345	446	422	426	447
AT1G02280	1958	3259	1435	2033	2859	3029
AT1G02290	318	134	249	246	234	229
AT1G02300	609	304	463	486	243	344
AT1G02305	1944	1157	1510	1384	860	1092
AT1G02310	64	0	55	3	0	0
AT1G02320	0	0	0	0	0	0
AT1G02330	533	403	426	519	522	560
AT1G02335	67	87	68	60	155	117
AT1G02340	233	36	175	117	30	53
AT1G02350	54	52	37	41	34	35
AT1G02360	27	18	29	68	28	20
AT1G02370	151	112	152	208	171	153
AT1G02380	50	137	59	65	103	145
AT1G02390	101	1	91	18	6	6
AT1G02400	647	27	493	345	40	36
AT1G02405	7	6	12	8	6	8
AT1G02410	339	243	199	203	244	286
AT1G02420	22	1	6	14	17	17
AT1G02430	14	7	12	10	5	7
AT1G02440	3	0	1	0	0	1
AT1G02450	11	0	6	8	0	0
AT1G02460	21	4	13	14	18	6
AT1G02470	92	12	87	131	9	21
AT1G02475	1003	781	898	928	786	831
AT1G02480	0	0	0	0	0	0
AT1G02490	5	1	2	0	1	1
AT1G02500	9423	7095	7747	9063	8740	8917
AT1G02510	0	0	0	0	0	0
AT1G02520	37	2	35	17	18	20
AT1G02530	2	5	4	3	2	13
AT1G02540	0	0	0	0	0	0
AT1G02550	0	0	0	0	0	0
AT1G02560	3985	3971	3156	3656	4325	4249
AT1G02570	2	0	4	0	0	0
AT1G02575	0	0	0	0	0	2
AT1G02580	2	1	1	1	0	1
AT1G02590	0	0	0	0	0	0
AT1G02600	0	0	0	0	0	0
AT1G02610	239	518	176	349	248	518
AT1G02620	42	41	27	67	24	67
AT1G02630	5	7	8	13	5	5
AT1G02640	346	570	254	602	810	1323
AT1G02650	35	53	21	58	43	76
AT1G02660	1256	846	991	1619	740	1434
AT1G02670	61	44	41	74	90	108
AT1G02680	411	346	281	307	225	282
AT1G02690	171	183	153	226	365	261
AT1G02700	50	33	51	23	28	37
AT1G02705	51	37	33	22	50	53
AT1G02710	0	0	0	0	0	0
AT1G02720	271	162	195	219	297	273
AT1G02730	634	244	495	635	1343	943
AT1G02740	280	113	200	190	187	193
AT1G02750	222	220	184	202	247	236
AT1G02760	0	0	0	0	0	0
AT1G02770	8	8	11	11	4	3
AT1G02780	7920	11262	6050	8778	10866	9362
AT1G02790	0	0	0	2	0	0
AT1G02800	48	39	52	50	104	89
AT1G02810	20	9	23	20	10	17
AT1G02813	0	0	0	0	0	1
AT1G02816	387	436	292	319	296	395
AT1G02820	42	109	21	18	97	74
AT1G02830	0	0	0	0	0	0
AT1G02840	3010	1953	2145	2382	1498	2114
AT1G02850	2203	187	1627	696	367	334
AT1G02860	201	213	168	201	221	256
AT1G02870	511	492	418	525	491	457
AT1G02880	486	159	341	300	224	191
AT1G02890	1809	706	1438	1811	2127	2387
AT1G02900	57	78	51	56	55	62
AT1G02910	807	756	654	829	1101	1208
AT1G02920	842	380	535	2404	895	491
AT1G02930	1331	623	963	3596	1482	547
AT1G02940	1	2	5	12	8	4
AT1G02950	46	37	39	54	41	47
AT1G02952	0	0	0	0	0	0
AT1G02960	747	311	494	540	405	570
AT1G02965	0	0	0	0	0	0
AT1G02970	23	29	21	33	62	45
AT1G02980	0	1	0	0	0	0
AT1G02990	651	177	520	509	478	536
AT1G03000	752	296	556	697	808	909
AT1G03010	49	9	33	41	24	32
AT1G03020	160	13	111	30	19	13
AT1G03030	400	375	326	351	439	483
AT1G03040	1040	598	776	721	700	825
AT1G03050	0	3	0	0	0	0
AT1G03055	20	79	17	15	74	80
AT1G03060	1550	308	1212	1519	1492	1661
AT1G03070	22	3	8	5	9	4
AT1G03080	3184	804	2334	2539	2093	2387
AT1G03090	3121	1438	2448	4530	1792	4097
AT1G03100	65	24	23	49	43	28
AT1G03103	5	0	1	0	0	0
AT1G03106	14	0	26	0	1	0
AT1G03110	171	174	137	149	234	221
AT1G03120	13	11	0	9	4	13
AT1G03130	24026	36988	18701	26071	28083	48830
AT1G03140	1083	1188	820	1170	1144	1523
AT1G03150	431	633	311	427	349	490
AT1G03160	1259	700	1034	1180	1564	1632
AT1G03165	3	4	2	4	6	11
AT1G03170	24	15	19	15	21	47
AT1G03180	37	68	25	38	75	36
AT1G03190	224	90	160	196	185	171
AT1G03200	11	0	12	5	6	4
AT1G03210	249	268	163	257	200	277
AT1G03220	1386	820	1200	2029	1365	1190
AT1G03230	777	463	633	701	730	672
AT1G03240	1	0	0	0	0	4
AT1G03250	925	592	715	585	563	574
AT1G03260	192	172	193	185	156	173
AT1G03270	131	58	60	76	107	120
AT1G03280	868	562	702	740	642	686
AT1G03290	605	275	443	422	332	454
AT1G03300	0	0	0	0	0	0
AT1G03310	866	433	643	729	815	839
AT1G03320	6	8	6	3	8	9
AT1G03325	0	0	0	0	0	0
AT1G03330	402	481	260	360	301	368
AT1G03340	60	11	45	45	21	14
AT1G03350	875	784	642	853	847	874
AT1G03360	158	108	115	164	162	128
AT1G03365	591	374	452	590	551	668
AT1G03370	737	155	564	688	618	629
AT1G03380	1428	373	1021	1270	946	1305
AT1G03390	0	0	0	2	0	1
AT1G03395	0	0	0	0	0	0
AT1G03400	310	239	230	297	220	382
AT1G03410	184	85	120	107	39	120
AT1G03430	357	366	286	323	227	275
AT1G03440	341	297	295	273	365	351
AT1G03445	6	2	6	5	2	1
AT1G03457	185	239	160	174	286	273
AT1G03470	331	179	261	256	188	216
AT1G03475	3155	3453	2701	3360	3869	4001
AT1G03490	0	0	0	0	0	0
AT1G03495	105	52	55	72	65	66
AT1G03502	0	0	0	0	0	0
AT1G03506	0	3	0	2	2	5
AT1G03510	33	34	40	41	40	40
AT1G03515	0	0	0	0	0	0
AT1G03520	341	212	260	353	202	266
AT1G03530	494	204	377	430	437	382
AT1G03540	30	6	31	37	32	37
AT1G03545	31	6	32	27	21	24
AT1G03550	125	88	74	82	49	45
AT1G03560	264	155	200	258	247	302
AT1G03570	0	0	0	0	0	0
AT1G03590	506	435	421	492	557	682
AT1G03600	2777	7945	2238	3381	4350	5897
AT1G03610	651	689	562	753	658	802
AT1G03620	149	83	70	129	54	89
AT1G03630	1701	2420	1418	1649	3169	3514
AT1G03640	0	0	0	0	0	0
AT1G03650	54	40	42	48	41	34
AT1G03660	6	9	5	10	19	13
AT1G03670	0	0	2	0	0	1
AT1G03680	3710	5717	2969	3593	3870	4913
AT1G03687	298	288	243	286	351	329
AT1G03700	0	0	1	5	0	0
AT1G03710	0	4	1	1	4	2
AT1G03720	0	0	0	0	0	0
AT1G03730	553	254	405	572	161	212
AT1G03740	2006	552	1475	2276	1297	1722
AT1G03743	0	0	0	0	0	1
AT1G03746	0	0	0	0	0	0
AT1G03750	183	101	166	183	196	214
AT1G03760	438	192	331	374	327	306
AT1G03770	279	109	182	201	223	211
AT1G03780	341	215	266	484	631	629
AT1G03790	2	2	10	0	0	2
AT1G03800	8	23	7	10	6	24
AT1G03810	0	0	0	0	0	0
AT1G03820	88	49	83	87	72	53
AT1G03830	446	217	311	393	471	418
AT1G03840	10	6	7	7	9	18
AT1G03850	111	160	83	154	93	122
AT1G03860	1111	1154	912	1268	1590	1326
AT1G03870	2552	5004	2219	3950	4298	4688
AT1G03880	0	0	0	0	0	0
AT1G03890	0	0	0	0	0	0
AT1G03900	2090	1220	1412	1720	1283	1454
AT1G03905	68	22	48	51	35	25
AT1G03910	1296	766	981	1266	1228	1376
AT1G03920	55	12	24	24	19	34
AT1G03930	856	432	687	802	688	780
AT1G03935	7	3	8	8	1	7
AT1G03940	79	64	66	118	68	44
AT1G03950	262	201	231	196	155	229
AT1G03960	496	157	349	432	347	391
AT1G03970	568	431	437	423	325	400
AT1G03980	9	11	8	11	14	11
AT1G03982	0	0	0	0	0	0
AT1G03987	0	1	1	1	2	0
AT1G03990	79	34	50	56	43	73
AT1G03993	0	0	0	0	0	0
AT1G03997	0	0	0	0	0	0
AT1G04000	264	244	228	226	169	192
AT1G04003	0	0	0	0	0	0
AT1G04007	31	10	14	17	12	15
AT1G04010	167	41	130	137	73	97
AT1G04013	7	5	2	3	3	2
AT1G04017	0	0	0	0	0	0
AT1G04020	111	62	95	189	284	135
AT1G04023	0	0	0	0	0	0
AT1G04027	14	0	11	7	0	5
AT1G04030	120	38	72	97	116	120
AT1G04033	0	0	0	0	0	0
AT1G04037	5	4	5	9	7	8
AT1G04040	1664	2012	1368	1569	2740	2309
AT1G04043	0	0	0	0	0	0
AT1G04047	41	3	46	15	4	19
AT1G04050	131	50	72	64	89	70
AT1G04053	4	10	6	7	6	9
AT1G04057	0	0	0	0	0	0
AT1G04063	3	0	0	0	0	0
AT1G04067	0	1	0	0	0	0
AT1G04070	71	113	76	75	51	54
AT1G04073	8	5	3	5	11	9
AT1G04077	0	0	0	0	0	0
AT1G04080	2421	813	1767	2096	2373	2433
AT1G04083	1	1	2	0	1	3
AT1G04087	0	0	0	0	0	0
AT1G04090	12	6	12	20	10	17
AT1G04093	1	0	0	0	2	0
AT1G04097	0	0	2	1	0	0
AT1G04100	34	41	43	28	22	41
AT1G04103	0	0	0	0	0	0
AT1G04105	0	0	0	0	0	0
AT1G04110	127	91	130	102	187	132
AT1G04117	9	7	10	10	11	14
AT1G04120	1722	450	1335	1363	1332	1438
AT1G04123	2	0	1	0	0	0
AT1G04127	0	0	0	0	0	1
AT1G04130	151	159	77	181	171	162
AT1G04133	0	0	0	0	0	1
AT1G04137	0	0	0	0	0	0
AT1G04140	2508	746	1838	2149	1777	2089
AT1G04143	0	0	0	0	0	0
AT1G04147	7	1	6	6	7	6
AT1G04150	5	3	4	3	1	0
AT1G04153	0	1	2	0	0	0
AT1G04157	0	0	0	3	3	5
AT1G04160	198	51	138	149	252	186
AT1G04163	0	0	0	0	0	0
AT1G04167	0	0	0	0	0	0
AT1G04170	1822	1585	1460	1824	2235	1834
AT1G04173	1	0	4	1	1	2
AT1G04177	0	0	0	0	0	0
AT1G04180	10	5	7	3	4	6
AT1G04183	0	0	0	0	0	0
AT1G04187	3	2	1	2	1	3
AT1G04190	643	416	521	539	570	454
AT1G04193	0	0	0	1	0	0
AT1G04197	0	4	0	0	0	3
AT1G04200	747	262	582	577	660	630
AT1G04203	0	0	0	0	0	0
AT1G04207	0	0	0	0	0	0
AT1G04210	1130	407	822	1086	1216	1212
AT1G04213	0	0	0	0	0	0
AT1G04217	7	10	7	10	3	0
AT1G04220	31	4	28	8	9	5
AT1G04223	1	4	5	6	0	4
AT1G04227	0	0	0	0	0	0
AT1G04230	245	136	199	214	191	207
AT1G04233	0	0	0	0	0	0
AT1G04237	5	1	1	4	2	5
AT1G04240	254	244	235	401	268	452
AT1G04243	0	0	0	0	0	0
AT1G04247	3	0	0	3	3	0
AT1G04250	180	312	136	189	445	370
AT1G04253	0	0	0	0	0	0
AT1G04257	0	0	0	0	0	0
AT1G04260	232	352	208	219	235	248
AT1G04263	0	0	0	0	0	0
AT1G04267	7	1	3	9	12	11
AT1G04270	3834	5176	2941	3850	5194	4285
AT1G04273	6	0	5	5	11	5
AT1G04277	6	8	6	9	6	13
AT1G04280	721	1021	539	890	788	1147
AT1G04283	0	0	0	0	0	0
AT1G04287	0	0	0	0	0	0
AT1G04290	86	88	68	69	71	90
AT1G04293	0	0	0	0	0	0
AT1G04295	0	0	0	0	0	0
AT1G04297	6	1	3	1	2	3
AT1G04300	2926	1139	2257	2564	2291	2894
AT1G04303	7	3	8	10	3	4
AT1G04307	0	0	0	0	0	0
AT1G04310	380	152	330	428	174	215
AT1G04313	20	12	27	10	17	23
AT1G04320	0	0	0	0	0	0
AT1G04323	27	0	17	11	10	14
AT1G04327	0	0	0	0	0	0
AT1G04330	10	3	12	8	3	4
AT1G04333	0	0	0	0	0	0
AT1G04337	0	0	0	0	0	0
AT1G04340	284	251	265	222	222	261
AT1G04343	0	0	0	0	0	0
AT1G04347	1	0	5	2	1	1
AT1G04350	506	575	408	420	834	1014
AT1G04353	0	0	0	0	0	0
AT1G04357	2	1	4	5	1	9
AT1G04360	35	62	53	84	33	77
AT1G04363	0	0	0	0	0	0
AT1G04367	3	6	3	4	0	3
AT1G04370	0	0	1	1	0	0
AT1G04373	0	0	0	0	0	0
AT1G04377	0	0	0	0	0	0
AT1G04380	9	1	3	2	1	3
AT1G04383	0	0	0	0	0	0
AT1G04387	0	0	0	0	0	0
AT1G04390	241	70	186	205	185	200
AT1G04393	0	0	0	0	0	0
AT1G04397	1	0	2	1	0	0
AT1G04400	3402	1246	2914	3217	2357	3065
AT1G04403	0	0	0	0	0	0
AT1G04407	0	0	0	0	0	0
AT1G04410	7729	8303	6431	7680	8647	8202
AT1G04413	1	0	0	1	0	1
AT1G04417	1	0	1	0	1	0
AT1G04420	1319	1739	1116	1434	2206	2487
AT1G04423	2	2	5	6	3	2
AT1G04425	111	72	73	58	32	39
AT1G04427	0	0	0	1	0	0
AT1G04430	2780	1858	2105	2528	2668	3449
AT1G04433	0	0	1	0	0	0
AT1G04437	0	0	0	0	0	0
AT1G04440	1963	1110	1473	1655	1274	1533
AT1G04443	0	0	0	0	0	0
AT1G04445	7	0	3	1	0	0
AT1G04447	0	0	0	0	0	0
AT1G04450	0	0	0	0	0	0
AT1G04453	0	1	0	0	0	0
AT1G04455	0	0	0	0	1	1
AT1G04463	0	0	0	0	0	0
AT1G04467	14	4	16	3	2	4
AT1G04470	0	0	0	0	0	1
AT1G04473	7	3	2	5	4	4
AT1G04477	2	1	3	3	2	3
AT1G04480	1040	1542	823	1123	1199	1101
AT1G04483	1	2	0	2	3	0
AT1G04487	0	0	0	0	0	0
AT1G04490	13	0	2	7	5	6
AT1G04493	0	1	0	0	0	0
AT1G04497	0	0	0	0	0	0
AT1G04500	16	3	10	17	38	28
AT1G04503	0	0	0	0	0	0
AT1G04507	0	0	0	0	0	0
AT1G04510	1308	1012	1037	1108	1337	1239
AT1G04513	0	0	0	0	0	2
AT1G04517	0	0	0	0	0	0
AT1G04520	229	143	203	191	392	284
AT1G04523	0	0	0	0	0	0
AT1G04527	0	0	0	0	0	0
AT1G04530	498	724	384	552	836	885
AT1G04533	0	2	0	0	0	0
AT1G04537	0	0	0	0	0	0
AT1G04540	39	41	44	42	61	62
AT1G04547	0	0	4	0	0	1
AT1G04550	231	178	148	192	204	205
AT1G04555	145	94	117	93	59	91
AT1G04557	0	0	0	0	0	0
AT1G04560	26	0	22	0	0	0
AT1G04563	3	3	3	6	0	2
AT1G04567	0	0	6	4	2	2
AT1G04570	7	3	13	9	3	6
AT1G04573	0	0	0	0	0	0
AT1G04577	1	1	0	0	2	0
AT1G04580	0	0	0	1	0	0
AT1G04583	0	0	0	0	0	0
AT1G04587	21	5	11	14	3	6
AT1G04590	471	301	306	412	388	312
AT1G04593	0	0	0	0	0	0
AT1G04597	0	0	0	0	0	0
AT1G04600	22	6	10	6	17	11
AT1G04603	0	0	0	0	0	0
AT1G04607	0	0	0	0	0	0
AT1G04610	12	3	6	21	5	4
AT1G04620	893	159	676	608	217	230
AT1G04623	0	0	0	0	0	0
AT1G04625	0	0	0	0	0	0
AT1G04630	308	521	276	312	330	371
AT1G04635	57	76	53	45	29	53
AT1G04640	450	930	355	433	722	801
AT1G04643	0	0	0	0	0	0
AT1G04645	1	0	0	0	0	0
AT1G04647	0	0	0	1	0	0
AT1G04650	71	28	56	65	104	65
AT1G04653	0	0	0	0	0	0
AT1G04657	0	0	0	0	0	0
AT1G04660	15	33	7	28	10	21
AT1G04667	0	0	0	0	0	0
AT1G04670	0	0	0	0	0	0
AT1G04673	0	0	0	0	0	0
AT1G04677	0	0	0	0	0	0
AT1G04680	1194	776	1063	1081	1285	1075
AT1G04683	0	0	0	0	0	0
AT1G04687	0	0	0	0	0	0
AT1G04690	1282	931	1041	1099	1187	1187
AT1G04693	0	0	0	0	0	0
AT1G04697	0	2	0	1	3	2
AT1G04700	32	15	25	41	56	64
AT1G04703	0	0	0	0	0	0
AT1G04707	0	0	0	0	0	0
AT1G04710	429	198	297	315	522	412
AT1G04713	0	0	0	0	0	0
AT1G04717	0	0	0	0	0	0
AT1G04720	0	0	0	0	0	0
AT1G04723	0	1	2	0	0	0
AT1G04730	117	63	110	152	178	154
AT1G04733	0	0	0	0	0	0
AT1G04737	0	0	0	1	0	0
AT1G04743	0	0	0	0	0	0
AT1G04747	0	0	0	0	0	0
AT1G04750	1198	931	837	1031	760	812
AT1G04753	0	0	0	0	0	0
AT1G04760	46	48	32	53	67	48
AT1G04763	0	0	0	0	0	0
AT1G04767	0	0	0	0	0	0
AT1G04770	261	56	222	51	106	84
AT1G04773	0	0	0	0	0	0
AT1G04778	8	2	0	3	4	2
AT1G04780	1946	783	1536	1878	1533	1721
AT1G04783	0	0	0	0	0	0
AT1G04787	0	0	0	0	0	0
AT1G04790	529	241	422	552	609	700
AT1G04793	1	0	0	0	0	0
AT1G04797	7	6	6	5	0	2
AT1G04800	670	657	630	497	447	413
AT1G04803	0	0	0	0	0	0
AT1G04807	0	0	0	0	0	0
AT1G04810	1116	570	1013	1089	1581	1434
AT1G04813	0	0	0	0	0	0
AT1G04817	0	0	3	0	0	0
AT1G04820	5199	3384	4410	4783	4359	3627
AT1G04823	0	0	0	0	0	0
AT1G04827	9	2	6	7	9	6
AT1G04830	549	255	390	470	438	469
AT1G04833	0	0	0	0	0	0
AT1G04837	0	0	0	0	0	0
AT1G04840	79	8	72	66	63	24
AT1G04847	0	0	0	0	0	0
AT1G04850	2021	1780	1604	1594	1530	1707
AT1G04853	1	2	3	9	0	6
AT1G04857	0	0	0	0	0	0
AT1G04860	860	271	655	907	883	965
AT1G04863	0	0	0	0	0	0
AT1G04867	0	0	0	0	0	0
AT1G04870	495	328	373	472	430	373
AT1G04873	0	0	0	0	0	0
AT1G04877	7	5	12	8	1	5
AT1G04880	6	1	10	6	11	7
AT1G04883	0	0	0	0	0	2
AT1G04887	0	0	0	0	0	0
AT1G04890	0	0	0	0	0	0
AT1G04893	1	5	4	7	1	8
AT1G04895	0	0	0	0	0	0
AT1G04897	0	0	0	0	0	0
AT1G04900	286	183	259	303	287	250
AT1G04907	0	0	0	0	0	0
AT1G04910	789	317	592	727	529	557
AT1G04913	1	0	0	0	0	0
AT1G04917	0	0	0	0	0	0
AT1G04920	50	7	42	38	53	44
AT1G04923	0	0	0	0	0	0
AT1G04927	1	0	0	0	0	1
AT1G04930	150	72	108	112	83	91
AT1G04933	0	0	1	0	0	0
AT1G04937	0	0	0	0	0	0
AT1G04940	84	214	78	74	74	77
AT1G04943	0	0	0	0	0	0
AT1G04945	203	92	186	217	149	133
AT1G04947	0	0	0	0	0	0
AT1G04950	775	249	589	578	583	650
AT1G04953	0	0	0	0	0	0
AT1G04957	0	0	0	0	2	0
AT1G04960	513	395	460	578	418	525
AT1G04963	0	0	0	0	0	0
AT1G04967	0	0	0	0	0	0
AT1G04970	967	439	773	889	636	757
AT1G04973	14	16	17	10	21	21
AT1G04977	0	0	0	0	0	0
AT1G04980	234	134	176	302	258	132
AT1G04983	1	0	0	1	0	1
AT1G04985	931	866	736	910	738	979
AT1G04987	0	0	0	0	0	0
AT1G04990	811	252	610	534	431	399
AT1G04993	0	0	0	0	0	0
AT1G04997	0	2	2	0	0	0
AT1G05000	295	85	278	192	105	105
AT1G05003	0	0	0	0	0	0
AT1G05005	0	0	0	0	0	0
AT1G05007	0	0	0	0	0	0
AT1G05010	10798	7132	8992	9714	8676	9806
AT1G05013	0	0	0	0	0	0
AT1G05017	2	0	0	0	0	1
AT1G05020	133	154	102	215	160	170
AT1G05023	0	12	1	4	4	19
AT1G05027	0	0	0	0	0	0
AT1G05030	278	155	241	231	162	249
AT1G05033	1	2	1	2	2	1
AT1G05035	26	54	27	31	15	20
AT1G05037	0	0	0	0	0	0
AT1G05040	0	0	1	0	1	0
AT1G05043	2	0	4	3	4	7
AT1G05047	0	0	0	0	0	0
AT1G05053	0	0	0	0	0	0
AT1G05055	235	165	156	177	170	179
AT1G05057	0	1	0	0	0	0
AT1G05060	346	203	288	309	208	270
AT1G05065	37	23	37	22	29	23
AT1G05067	0	0	0	0	0	0
AT1G05070	513	395	369	417	284	357
AT1G05073	0	0	0	0	0	0
AT1G05077	8	0	12	10	2	2
AT1G05080	0	0	0	0	0	0
AT1G05083	0	0	1	1	2	1
AT1G05085	0	0	0	0	0	0
AT1G05087	7	2	4	9	4	5
AT1G05090	8	5	6	4	4	8
AT1G05093	0	0	0	0	0	0
AT1G05097	0	0	0	0	1	0
AT1G05100	46	6	33	16	7	11
AT1G05103	1	0	1	2	2	0
AT1G05107	0	8	0	2	0	6
AT1G05113	0	0	0	0	0	0
AT1G05117	0	0	0	0	0	0
AT1G05120	579	213	436	484	403	485
AT1G05123	1	2	0	0	1	0
AT1G05127	0	0	0	0	0	0
AT1G05133	0	0	0	2	0	0
AT1G05136	6	2	4	5	2	4
AT1G05137	0	0	0	0	0	0
AT1G05140	818	815	639	638	842	819
AT1G05143	12	7	9	7	2	13
AT1G05147	0	0	0	0	0	0
AT1G05150	668	366	561	708	691	858
AT1G05153	2	1	3	0	0	1
AT1G05160	383	109	303	317	185	240
AT1G05163	2	0	2	0	0	4
AT1G05170	317	101	231	192	108	115
AT1G05173	0	0	0	0	0	0
AT1G05177	0	0	0	0	0	0
AT1G05180	673	378	524	634	766	697
AT1G05183	0	0	0	0	0	0
AT1G05187	0	0	0	0	0	0
AT1G05190	7177	12986	5890	8781	10322	12069
AT1G05193	0	0	0	0	0	0
AT1G05197	0	0	0	0	0	0
AT1G05200	810	193	654	756	604	835
AT1G05203	4	0	0	0	0	1
AT1G05205	190	252	143	163	154	159
AT1G05207	40	88	48	46	76	131
AT1G05210	39	87	40	48	70	61
AT1G05213	16	4	14	12	18	17
AT1G05217	0	0	0	0	0	0
AT1G05220	0	0	0	1	1	6
AT1G05223	0	0	0	0	0	0
AT1G05227	0	0	0	0	0	0
AT1G05230	249	36	217	225	502	397
AT1G05233	0	0	0	0	0	0
AT1G05237	0	0	0	0	0	0
AT1G05240	5	0	5	1	0	4
AT1G05243	0	0	0	0	0	0
AT1G05247	0	0	0	0	0	0
AT1G05250	0	0	0	0	0	0
AT1G05253	0	0	0	0	0	0
AT1G05257	0	0	0	0	0	0
AT1G05260	50	3	47	21	22	12
AT1G05263	0	0	0	0	0	0
AT1G05267	0	0	0	0	0	0
AT1G05270	674	693	526	595	612	667
AT1G05273	0	0	0	0	0	0
AT1G05277	18	6	19	16	15	20
AT1G05280	0	0	0	2	0	0
AT1G05283	0	0	0	0	0	0
AT1G05287	0	0	0	0	0	0
AT1G05290	0	0	0	0	0	0
AT1G05291	0	0	0	0	0	0
AT1G05293	0	0	0	0	0	3
AT1G05297	13	3	16	7	7	6
AT1G05300	277	119	227	223	311	189
AT1G05303	0	0	0	0	0	0
AT1G05307	0	0	0	0	0	0
AT1G05310	82	94	60	45	98	108
AT1G05313	0	0	0	0	0	0
AT1G05317	0	0	1	1	0	0
AT1G05320	541	294	458	501	855	731
AT1G05323	0	0	0	0	0	0
AT1G05327	0	0	0	0	0	0
AT1G05330	9	0	10	6	2	0
AT1G05333	0	0	0	0	0	0
AT1G05337	0	0	0	0	0	0
AT1G05340	483	134	309	196	94	136
AT1G05343	2	0	1	0	0	0
AT1G05347	0	0	0	0	0	0
AT1G05350	497	243	351	427	401	411
AT1G05353	0	0	0	0	0	0
AT1G05357	0	0	0	0	0	0
AT1G05360	232	75	181	170	168	169
AT1G05363	1	0	0	1	0	0
AT1G05367	0	0	0	0	0	0
AT1G05370	53	26	49	48	42	36
AT1G05373	0	0	0	0	0	0
AT1G05377	0	0	0	0	0	0
AT1G05380	1056	437	894	1011	1081	1359
AT1G05383	0	0	0	0	0	0
AT1G05385	238	648	160	273	350	409
AT1G05387	0	0	0	0	0	0
AT1G05390	0	0	0	0	0	0
AT1G05397	0	2	5	2	0	2
AT1G05400	13	3	11	8	9	9
AT1G05407	0	0	0	0	0	0
AT1G05410	394	314	257	426	356	351
AT1G05413	0	0	1	0	0	0
AT1G05417	0	0	0	0	0	0
AT1G05420	31	27	15	32	31	36
AT1G05423	0	0	0	0	0	0
AT1G05427	0	0	0	0	0	0
AT1G05430	506	396	399	518	565	575
AT1G05433	0	0	0	0	0	0
AT1G05440	38	28	53	25	64	53
AT1G05443	0	0	0	0	0	0
AT1G05447	0	0	0	0	0	0
AT1G05450	5	0	2	2	4	3
AT1G05453	0	0	0	0	0	0
AT1G05460	458	266	378	460	459	430
AT1G05463	0	0	0	0	0	2
AT1G05467	58	12	50	21	25	30
AT1G05470	319	118	223	297	224	310
AT1G05473	0	0	0	0	0	0
AT1G05477	0	0	0	0	0	0
AT1G05483	0	0	0	0	0	0
AT1G05487	0	0	0	0	0	0
AT1G05490	31	27	25	39	74	40
AT1G05493	0	0	0	0	0	1
AT1G05497	0	0	0	0	0	0
AT1G05500	800	560	678	684	764	804
AT1G05507	0	0	0	0	0	0
AT1G05510	2	1	5	3	0	0
AT1G05517	1	1	2	0	1	0
AT1G05520	864	368	781	745	832	808
AT1G05523	0	0	0	0	0	0
AT1G05527	0	0	0	0	0	0
AT1G05530	6	0	8	2	2	0
AT1G05533	0	0	1	0	0	0
AT1G05537	0	0	0	0	0	0
AT1G05540	29	26	35	20	18	25
AT1G05543	0	0	0	0	0	0
AT1G05547	0	0	0	0	0	0
AT1G05550	2	2	0	1	4	3
AT1G05553	0	0	0	0	0	0
AT1G05557	0	4	0	0	0	2
AT1G05560	0	0	0	0	0	0
AT1G05562	0	0	0	0	0	0
AT1G05563	0	0	0	0	0	0
AT1G05567	0	0	0	0	0	0
AT1G05570	780	191	654	767	955	1218
AT1G05575	172	145	147	309	38	120
AT1G05577	1	0	1	0	1	1
AT1G05580	0	0	0	0	0	0
AT1G05583	0	0	0	0	0	0
AT1G05587	0	0	0	0	0	0
AT1G05590	349	250	312	363	392	434
AT1G05593	0	0	0	0	0	0
AT1G05597	0	0	0	0	0	0
AT1G05600	114	100	96	127	124	133
AT1G05603	0	0	0	0	0	0
AT1G05607	0	0	0	0	0	0
AT1G05610	113	3	64	20	13	13
AT1G05613	1	0	0	0	0	0
AT1G05615	0	0	0	0	0	0
AT1G05617	0	0	0	0	0	0
AT1G05620	273	165	193	174	240	174
AT1G05623	0	0	0	0	0	0
AT1G05627	0	0	0	0	0	0
AT1G05630	488	203	376	393	400	441
AT1G05633	0	0	0	0	0	0
AT1G05637	0	0	0	0	0	0
AT1G05640	101	29	59	57	66	76
AT1G05643	0	0	0	0	0	0
AT1G05647	0	0	0	0	0	0
AT1G05650	0	0	0	0	0	0
AT1G05653	0	0	0	0	0	0
AT1G05657	0	0	0	0	0	0
AT1G05660	2	0	2	0	0	0
AT1G05663	0	0	0	0	0	0
AT1G05667	0	0	0	0	0	0
AT1G05670	238	65	187	178	159	190
AT1G05673	0	0	0	0	0	0
AT1G05675	402	75	332	699	17	103
AT1G05680	66	207	67	37	113	304
AT1G05683	0	0	0	0	0	0
AT1G05687	1	1	5	0	4	2
AT1G05690	80	33	59	51	43	55
AT1G05693	1	0	0	0	0	0
AT1G05697	0	0	0	0	0	0
AT1G05700	1	0	1	3	29	2
AT1G05703	0	0	0	0	0	0
AT1G05707	0	0	0	0	1	0
AT1G05710	142	92	97	78	105	105
AT1G05713	0	0	0	0	0	0
AT1G05717	0	0	0	0	0	0
AT1G05720	360	297	236	244	197	184
AT1G05723	0	0	0	0	0	0
AT1G05727	0	0	0	0	0	0
AT1G05730	32	10	14	17	21	14
AT1G05733	4	0	1	2	1	2
AT1G05737	0	0	0	0	0	0
AT1G05740	0	0	1	0	0	0
AT1G05747	0	0	0	0	0	0
AT1G05750	111	46	76	85	79	82
AT1G05753	0	0	0	0	0	0
AT1G05757	0	0	0	0	0	0
AT1G05760	0	0	0	0	0	0
AT1G05763	3	0	0	0	0	5
AT1G05767	0	0	0	0	0	0
AT1G05770	9	3	8	17	11	11
AT1G05773	13	8	11	8	6	2
AT1G05777	1	0	0	0	0	0
AT1G05780	138	172	107	114	133	100
AT1G05783	7	0	7	2	1	1
AT1G05785	92	75	78	72	46	51
AT1G05787	0	0	0	0	0	0
AT1G05790	784	286	561	640	550	694
AT1G05793	0	0	0	0	0	0
AT1G05797	0	0	0	0	0	0
AT1G05800	0	0	1	0	0	0
AT1G05803	0	0	0	0	0	0
AT1G05805	981	686	751	1009	797	1284
AT1G05807	0	0	0	0	0	0
AT1G05810	312	568	256	432	323	520
AT1G05813	0	0	0	0	0	0
AT1G05817	0	0	0	0	0	0
AT1G05820	97	59	48	88	96	111
AT1G05823	0	0	0	0	0	0
AT1G05827	0	0	0	0	0	0
AT1G05830	1236	519	1014	1062	1179	1344
AT1G05833	2	0	5	2	2	2
AT1G05835	40	14	24	23	22	23
AT1G05837	0	0	0	0	0	0
AT1G05840	523	309	393	497	356	488
AT1G05843	0	0	0	0	0	0
AT1G05847	0	0	0	0	0	0
AT1G05850	14407	9869	11934	12604	12249	14175
AT1G05853	0	0	0	0	0	0
AT1G05857	0	0	0	1	0	0
AT1G05860	332	250	252	301	280	315
AT1G05863	0	0	0	0	0	0
AT1G05867	0	0	0	0	1	0
AT1G05870	452	197	365	243	179	231
AT1G05873	0	0	0	0	0	0
AT1G05880	2	2	3	1	2	0
AT1G05887	0	0	0	0	0	0
AT1G05890	2227	844	1736	1841	1198	1673
AT1G05893	0	0	0	0	0	0
AT1G05894	15	11	3	7	4	1
AT1G05897	3	0	1	0	0	0
AT1G05900	244	173	191	173	189	240
AT1G05903	0	0	0	0	0	0
AT1G05907	0	0	0	0	0	0
AT1G05910	505	161	443	511	495	460
AT1G05913	0	2	0	0	0	0
AT1G05917	0	0	0	0	0	0
AT1G05920	0	1	0	0	0	0
AT1G05927	0	0	0	0	0	0
AT1G05930	0	0	0	0	0	0
AT1G05933	1	0	0	2	0	0
AT1G05937	2	0	0	3	0	3
AT1G05940	639	355	544	582	669	572
AT1G05943	0	0	0	0	0	0
AT1G05947	0	0	0	0	0	0
AT1G05950	193	61	114	154	147	121
AT1G05953	0	0	0	0	0	0
AT1G05957	0	0	0	0	0	0
AT1G05960	2215	787	1736	2147	1558	1768
AT1G05963	0	0	0	0	0	0
AT1G05967	0	0	0	0	0	0
AT1G05970	99	114	92	91	76	112
AT1G05973	0	0	0	0	0	0
AT1G05977	9	5	1	1	2	0
AT1G05980	0	0	0	0	0	0
AT1G05983	0	0	0	0	0	0
AT1G05987	2	0	1	0	1	1
AT1G05990	2	0	0	1	0	0
AT1G05993	4	1	2	2	0	0
AT1G05997	0	0	0	0	0	0
AT1G06000	0	0	0	0	0	0
AT1G06002	0	0	0	0	0	0
AT1G06003	0	0	0	0	0	0
AT1G06007	0	0	0	0	0	0
AT1G06010	138	193	128	131	107	140
AT1G06013	0	0	0	0	0	0
AT1G06017	0	0	2	0	1	0
AT1G06020	0	2	1	2	1	2
AT1G06023	0	0	0	0	0	0
AT1G06027	0	0	0	0	2	0
AT1G06030	0	1	1	2	0	1
AT1G06033	44	35	30	35	16	16
AT1G06037	0	0	0	0	0	0
AT1G06040	1672	3496	1458	1939	2547	3373
AT1G06043	0	0	0	0	0	0
AT1G06045	0	0	0	0	0	0
AT1G06047	0	0	0	0	0	0
AT1G06050	96	75	66	101	88	84
AT1G06053	0	0	0	0	0	0
AT1G06057	0	0	0	0	0	0
AT1G06060	476	407	431	494	489	586
AT1G06063	0	0	0	0	0	0
AT1G06067	0	0	0	0	0	0
AT1G06070	700	215	521	613	503	535
AT1G06073	0	0	0	0	0	0
AT1G06080	327	81	296	515	70	71
AT1G06083	5	2	10	9	5	6
AT1G06087	0	4	0	4	5	6
AT1G06090	33	1	31	10	15	13
AT1G06093	0	0	0	0	0	0
AT1G06097	1	0	0	0	0	0
AT1G06100	2	9	6	0	8	8
AT1G06103	0	0	0	0	0	0
AT1G06110	910	460	664	704	500	586
AT1G06113	1	0	1	1	3	0
AT1G06117	0	0	0	0	0	0
AT1G06120	0	0	3	0	0	0
AT1G06123	0	0	0	0	0	2
AT1G06127	0	0	0	0	0	0
AT1G06130	585	360	464	441	452	444
AT1G06133	0	0	0	0	0	0
AT1G06135	1	0	1	3	0	0
AT1G06137	0	0	0	3	0	0
AT1G06140	38	7	17	28	10	13
AT1G06143	73	40	61	77	87	58
AT1G06147	0	0	0	0	0	0
AT1G06148	2	6	1	5	4	10
AT1G06150	999	308	835	988	613	767
AT1G06153	0	0	0	0	0	0
AT1G06157	0	0	0	0	0	0
AT1G06160	71	267	53	130	181	194
AT1G06163	0	0	0	0	0	0
AT1G06170	4	3	5	5	12	5
AT1G06173	0	0	3	6	0	1
AT1G06177	0	0	0	0	0	0
AT1G06180	412	216	353	258	253	207
AT1G06187	0	0	0	0	0	0
AT1G06190	1811	2276	1421	1810	3441	3175
AT1G06197	0	0	0	0	0	0
AT1G06200	1037	749	789	871	695	840
AT1G06203	0	0	0	0	0	0
AT1G06207	0	0	1	0	0	1
AT1G06210	673	345	553	531	474	427
AT1G06213	0	0	0	0	0	0
AT1G06217	0	0	0	0	0	0
AT1G06220	986	427	936	1108	1272	1176
AT1G06225	0	0	0	0	0	0
AT1G06227	15	2	8	13	15	14
AT1G06230	1696	618	1395	1502	1470	1895
AT1G06233	0	0	0	0	0	0
AT1G06237	0	0	0	0	0	0
AT1G06240	202	141	182	177	163	198
AT1G06243	0	0	0	0	0	0
AT1G06247	0	0	0	0	0	0
AT1G06250	72	34	65	51	41	61
AT1G06253	0	0	0	0	0	0
AT1G06257	0	0	0	0	0	0
AT1G06260	0	0	1	0	1	2
AT1G06263	1	0	1	1	0	1
AT1G06265	156	157	116	91	149	195
AT1G06267	3	5	5	12	11	11
AT1G06270	107	25	41	76	53	33
AT1G06273	8	4	3	8	8	10
AT1G06277	3	1	0	0	3	1
AT1G06280	0	0	0	0	0	0
AT1G06283	0	2	0	1	0	1
AT1G06287	0	0	0	0	0	0
AT1G06290	763	260	695	850	1164	1223
AT1G06293	7	0	0	0	0	0
AT1G06297	0	0	0	0	0	0
AT1G06303	0	0	0	0	0	0
AT1G06307	0	0	0	0	1	0
AT1G06310	1	1	2	0	1	3
AT1G06313	0	0	0	0	0	0
AT1G06317	0	0	0	0	0	0
AT1G06320	0	0	0	0	0	0
AT1G06323	0	0	0	0	0	0
AT1G06327	0	0	0	0	0	0
AT1G06330	0	0	0	0	0	0
AT1G06333	0	0	0	0	0	0
AT1G06337	0	0	0	0	0	0
AT1G06340	1	0	1	1	0	0
AT1G06343	0	0	0	0	0	0
AT1G06347	0	0	0	0	0	0
AT1G06350	111	29	72	116	30	25
AT1G06353	0	0	0	0	0	0
AT1G06357	0	0	0	0	0	0
AT1G06360	406	424	384	397	618	545
AT1G06363	0	0	0	0	0	0
AT1G06373	0	0	0	0	0	0
AT1G06377	0	0	0	0	0	0
AT1G06380	202	128	138	174	127	129
AT1G06383	0	0	0	0	0	0
AT1G06387	0	0	0	0	0	0
AT1G06390	1888	883	1378	1478	1286	1757
AT1G06393	0	0	0	0	0	0
AT1G06397	0	0	0	0	0	0
AT1G06400	1467	1616	1144	1310	1164	1387
AT1G06403	0	0	0	0	0	0
AT1G06407	0	0	0	0	0	0
AT1G06410	2772	2915	2222	2796	3519	4074
AT1G06413	0	2	0	0	0	0
AT1G06417	0	1	0	4	0	0
AT1G06420	94	85	70	35	21	45
AT1G06423	0	0	0	0	0	0
AT1G06427	0	0	0	0	0	0
AT1G06430	2102	2900	1593	1595	2680	3397
AT1G06433	0	0	0	0	0	0
AT1G06437	0	0	0	0	0	0
AT1G06440	59	24	47	64	31	32
AT1G06443	0	0	0	0	0	0
AT1G06447	0	0	0	0	0	0
AT1G06450	45	35	31	47	21	21
AT1G06453	0	0	0	0	0	0
AT1G06457	2	2	0	2	0	0
AT1G06460	6440	1281	5060	5036	1698	2120
AT1G06463	2	8	3	2	2	1
AT1G06467	0	0	0	0	0	0
AT1G06470	650	271	451	473	335	420
AT1G06473	64	53	49	48	28	35
AT1G06475	0	0	0	0	0	0
AT1G06480	0	0	0	0	0	0
AT1G06483	0	0	0	0	0	0
AT1G06487	2	2	2	4	3	8
AT1G06490	100	33	80	76	120	126
AT1G06493	0	0	0	0	0	0
AT1G06497	0	0	0	0	0	0
AT1G06500	227	189	162	199	168	194
AT1G06507	0	0	0	0	0	0
AT1G06510	471	449	335	454	603	614
AT1G06513	0	0	0	0	0	0
AT1G06515	248	362	179	176	203	228
AT1G06517	0	0	0	0	0	0
AT1G06520	48	38	32	81	76	87
AT1G06523	0	0	0	0	0	0
AT1G06527	1	0	0	0	0	0
AT1G06530	0	0	0	0	0	0
AT1G06533	0	3	0	0	0	0
AT1G06537	8	30	3	12	17	8
AT1G06540	5	2	2	2	3	2
AT1G06543	0	0	0	0	0	0
AT1G06547	4	8	4	5	3	5
AT1G06550	665	287	512	529	729	587
AT1G06553	1	2	1	5	9	1
AT1G06557	0	0	0	0	0	0
AT1G06560	375	185	302	440	389	362
AT1G06567	1	0	1	0	0	0
AT1G06570	1794	1504	1414	1599	1395	2506
AT1G06573	24	35	16	30	11	27
AT1G06577	6	0	6	4	9	7
AT1G06580	75	44	46	52	36	46
AT1G06583	2	0	1	2	0	0
AT1G06587	0	0	0	0	0	0
AT1G06590	137	59	115	162	192	181
AT1G06593	0	1	1	2	1	0
AT1G06597	0	0	0	0	0	0
AT1G06603	0	0	0	0	0	0
AT1G06607	0	1	0	0	0	2
AT1G06610	0	0	0	0	0	0
AT1G06613	0	0	0	0	0	0
AT1G06617	0	0	0	0	0	0
AT1G06620	95	79	113	126	124	89
AT1G06623	0	0	0	0	0	0
AT1G06627	0	0	0	0	0	0
AT1G06630	360	239	258	298	253	359
AT1G06633	0	0	0	0	0	0
AT1G06637	0	0	0	0	0	0
AT1G06640	1829	854	1150	1103	866	1118
AT1G06643	0	0	0	0	0	0
AT1G06645	320	284	259	264	238	307
AT1G06647	0	0	0	0	0	0
AT1G06650	913	847	610	781	965	1045
AT1G06653	0	0	0	0	0	0
AT1G06657	0	0	0	0	0	0
AT1G06660	54	61	35	56	133	92
AT1G06663	0	0	0	0	0	0
AT1G06667	0	0	0	0	3	0
AT1G06670	1512	434	1094	1516	1494	1462
AT1G06673	0	0	0	0	0	0
AT1G06677	0	0	0	0	0	0
AT1G06680	48055	76910	38809	45616	52618	79462
AT1G06683	0	0	0	0	0	0
AT1G06687	37	52	30	29	31	24
AT1G06690	454	877	317	342	1111	1135
AT1G06693	6	5	6	10	2	13
AT1G06697	0	0	0	0	0	0
AT1G06700	2307	1242	1817	1994	1389	1789
AT1G06703	0	0	0	0	0	0
AT1G06707	0	0	0	0	0	0
AT1G06710	169	29	120	153	155	129
AT1G06713	1	0	0	0	0	0
AT1G06717	1	3	0	2	0	2
AT1G06720	1395	639	1127	1523	1638	1324
AT1G06723	0	0	0	0	0	0
AT1G06727	7	4	10	9	3	8
AT1G06730	266	250	221	274	387	331
AT1G06733	0	1	4	2	3	1
AT1G06737	4	1	5	1	2	3
AT1G06740	114	18	76	84	92	84
AT1G06743	1	0	4	1	4	1
AT1G06747	0	0	0	0	0	0
AT1G06750	8	3	6	6	3	3
AT1G06753	4	0	9	4	4	3
AT1G06757	2	0	0	1	2	3
AT1G06760	2888	1248	2395	2141	1746	1891
AT1G06770	252	121	204	212	200	205
AT1G06773	0	0	4	0	1	1
AT1G06777	0	0	0	0	0	0
AT1G06780	466	140	333	366	325	300
AT1G06783	0	0	0	0	0	0
AT1G06787	0	0	0	0	0	0
AT1G06790	133	125	88	132	92	78
AT1G06797	0	0	0	0	0	0
AT1G06800	49	27	35	49	49	35
AT1G06810	0	0	0	0	0	0
AT1G06817	1	0	0	0	0	0
AT1G06820	572	304	487	606	813	881
AT1G06823	0	0	0	0	0	0
AT1G06827	0	0	0	0	0	0
AT1G06830	252	200	184	126	104	194
AT1G06837	55	23	32	38	40	55
AT1G06840	650	257	463	650	557	651
AT1G06850	292	94	212	223	171	190
AT1G06853	0	0	0	0	0	0
AT1G06857	0	0	0	0	0	0
AT1G06860	0	0	0	0	0	0
AT1G06863	0	0	0	0	0	0
AT1G06867	0	0	0	0	0	0
AT1G06870	259	169	220	223	231	212
AT1G06873	0	0	0	0	0	0
AT1G06877	1	0	0	0	0	0
AT1G06880	0	0	0	0	0	0
AT1G06883	8	0	9	6	0	0
AT1G06890	1397	542	1053	1156	804	915
AT1G06897	0	0	0	0	0	0
AT1G06900	1019	412	836	1016	1208	1334
AT1G06903	0	0	0	0	0	0
AT1G06907	0	0	0	0	0	0
AT1G06910	104	63	95	87	107	111
AT1G06913	0	0	0	0	0	0
AT1G06917	4	0	0	0	0	0
AT1G06920	0	0	0	0	0	0
AT1G06923	0	0	1	0	0	0
AT1G06925	0	0	0	0	0	0
AT1G06927	0	0	0	0	0	0
AT1G06930	3	0	0	2	0	0
AT1G06933	0	0	0	1	0	0
AT1G06937	0	0	0	0	0	0
AT1G06943	0	0	0	0	0	0
AT1G06947	0	0	0	0	0	0
AT1G06950	3163	2909	2589	3653	7645	6127
AT1G06953	0	0	0	0	0	0
AT1G06957	0	0	0	0	0	0
AT1G06960	340	298	228	263	281	318
AT1G06963	4	0	0	2	0	3
AT1G06967	0	0	0	0	0	0
AT1G06970	1	0	0	2	1	1
AT1G06973	0	0	0	0	0	0
AT1G06977	19	5	10	12	15	18
AT1G06980	87	38	63	46	20	41
AT1G06983	7	1	7	9	10	1
AT1G06987	0	0	0	0	2	0
AT1G06990	0	0	0	0	0	0
AT1G06993	0	0	0	0	0	2
AT1G06997	0	0	0	0	0	0
AT1G07000	645	102	501	736	194	242
AT1G07003	0	0	0	0	0	0
AT1G07007	0	0	0	0	0	0
AT1G07010	395	462	294	276	764	834
AT1G07013	0	0	0	0	0	0
AT1G07017	0	0	0	0	0	0
AT1G07020	130	109	114	128	102	102
AT1G07023	3	0	0	1	0	2
AT1G07025	0	0	0	0	0	0
AT1G07027	0	0	1	0	0	1
AT1G07030	499	240	387	400	368	329
AT1G07040	1346	587	1083	1239	507	792
AT1G07050	1144	20	872	988	19	18
AT1G07051	0	0	0	0	0	0
AT1G07060	1	1	4	0	6	1
AT1G07070	181	276	170	194	246	174
AT1G07080	2016	1422	1641	1530	1321	1465
AT1G07090	399	195	295	273	221	212
AT1G07100	0	0	0	0	0	0
AT1G07110	2381	2208	1953	2402	2823	3901
AT1G07117	0	0	0	0	0	0
AT1G07119	1	0	5	5	12	9
AT1G07120	6	2	2	0	1	1
AT1G07123	1	0	1	0	0	0
AT1G07127	0	0	0	0	0	2
AT1G07128	5	5	3	6	7	3
AT1G07130	0	0	0	0	0	0
AT1G07133	2	0	0	1	1	0
AT1G07135	2667	775	2204	3907	197	1130
AT1G07137	0	0	0	0	0	0
AT1G07140	3404	3327	2578	3522	3025	2948
AT1G07143	4	2	2	3	1	1
AT1G07147	0	0	0	0	0	0
AT1G07150	63	62	50	78	28	64
AT1G07157	0	0	0	0	0	0
AT1G07160	49	3	33	156	5	7
AT1G07163	0	0	0	0	0	0
AT1G07167	5	16	11	5	20	11
AT1G07170	252	323	191	247	182	220
AT1G07173	0	0	0	0	0	0
AT1G07175	0	0	0	0	0	0
AT1G07177	0	0	0	0	0	0
AT1G07180	61	1132	61	94	944	1243
AT1G07183	0	0	0	0	0	0
AT1G07187	24	29	19	65	9	28
AT1G07190	0	0	0	0	0	0
AT1G07193	0	0	0	0	0	0
AT1G07197	0	0	0	0	0	0
AT1G07200	613	210	445	496	356	494
AT1G07210	704	654	529	713	715	671
AT1G07220	209	74	185	187	173	163
AT1G07230	1206	448	879	947	661	797
AT1G07233	0	0	0	0	0	0
AT1G07237	0	0	0	0	0	0
AT1G07240	706	512	577	590	404	605
AT1G07243	6	0	2	0	1	0
AT1G07247	0	0	0	0	0	0
AT1G07250	555	476	499	465	544	722
AT1G07253	0	0	0	0	0	0
AT1G07257	0	0	0	0	0	0
AT1G07260	53	37	31	30	39	47
AT1G07263	0	0	0	0	0	0
AT1G07267	0	0	0	0	0	0
AT1G07270	17	12	11	21	27	8
AT1G07273	0	0	0	0	0	0
AT1G07277	0	0	0	0	0	0
AT1G07280	2392	1466	2007	2292	1536	2273
AT1G07283	0	0	0	0	0	0
AT1G07287	0	0	0	0	0	0
AT1G07290	31	12	40	25	30	23
AT1G07293	0	0	0	0	0	0
AT1G07297	0	0	0	0	0	0
AT1G07300	162	103	120	141	109	136
AT1G07303	0	0	0	0	0	0
AT1G07310	948	663	843	886	919	1036
AT1G07313	10	2	5	3	5	4
AT1G07317	0	0	0	0	0	0
AT1G07320	4743	10857	3968	5654	7730	8449
AT1G07323	157	84	130	104	52	71
AT1G07327	0	0	0	0	0	0
AT1G07330	3	4	2	1	3	0
AT1G07333	0	0	0	0	0	0
AT1G07337	0	0	0	0	0	0
AT1G07340	0	1	0	0	0	0
AT1G07343	0	0	0	0	0	0
AT1G07347	0	0	0	0	0	0
AT1G07350	585	412	509	646	524	566
AT1G07353	0	0	0	0	0	0
AT1G07357	0	0	0	0	0	0
AT1G07360	962	550	882	880	1185	1149
AT1G07367	0	17	0	0	36	15
AT1G07370	145	156	102	184	269	150
AT1G07373	1	72	2	1	72	31
AT1G07380	285	96	257	273	199	202
AT1G07383	0	0	0	0	0	0
AT1G07390	129	30	145	156	216	133
AT1G07393	0	0	0	0	0	0
AT1G07397	1	0	0	0	0	0
AT1G07400	34	90	19	97	49	68
AT1G07407	0	0	0	0	0	0
AT1G07410	34	29	28	38	30	34
AT1G07413	0	0	0	0	1	1
AT1G07417	0	0	1	0	1	2
AT1G07420	652	329	545	562	366	361
AT1G07423	1	0	0	1	0	0
AT1G07430	593	7	432	44	4	6
AT1G07433	0	0	0	0	0	0
AT1G07437	0	0	0	2	0	0
AT1G07440	568	488	436	554	417	523
AT1G07447	0	0	0	0	0	0
AT1G07450	2	63	4	7	49	73
AT1G07453	0	0	0	0	0	0
AT1G07457	0	4	0	0	0	2
AT1G07460	0	0	0	0	0	0
AT1G07463	0	0	0	0	0	0
AT1G07467	0	0	0	0	0	0
AT1G07470	343	255	235	240	258	285
AT1G07473	0	0	1	1	0	0
AT1G07476	0	0	0	0	0	0
AT1G07477	1	0	1	1	1	1
AT1G07480	303	297	211	253	276	310
AT1G07483	0	0	0	0	0	0
AT1G07485	3	1	3	3	1	1
AT1G07487	0	0	0	0	0	0
AT1G07490	2	2	0	3	2	2
AT1G07493	0	2	0	0	0	0
AT1G07497	0	0	0	0	0	0
AT1G07500	0	0	0	0	0	0
AT1G07503	0	0	0	0	0	0
AT1G07507	0	0	0	0	0	0
AT1G07510	694	387	538	622	755	745
AT1G07513	0	1	0	1	1	4
AT1G07517	4	0	3	2	6	5
AT1G07520	0	0	0	0	0	0
AT1G07523	0	0	0	0	0	0
AT1G07527	0	0	0	0	0	0
AT1G07530	1003	296	805	793	535	762
AT1G07533	0	0	0	0	0	0
AT1G07537	0	0	0	0	0	0
AT1G07540	0	0	0	0	0	0
AT1G07543	0	0	0	0	1	1
AT1G07547	0	0	0	1	0	3
AT1G07550	0	0	0	0	0	0
AT1G07553	0	0	0	0	0	0
AT1G07557	0	0	0	0	0	0
AT1G07560	1	0	1	0	0	0
AT1G07563	0	0	0	0	0	0
AT1G07567	0	0	0	0	0	0
AT1G07570	375	325	265	282	323	409
AT1G07573	0	0	0	0	0	0
AT1G07580	0	0	0	0	0	0
AT1G07583	0	0	0	0	0	0
AT1G07587	4	0	5	4	2	4
AT1G07590	1723	2815	1390	1815	1504	1675
AT1G07593	0	0	0	0	0	1
AT1G07597	0	0	0	0	0	0
AT1G07600	0	0	0	0	0	0
AT1G07603	0	0	0	0	0	1
AT1G07607	27	15	17	26	14	12
AT1G07610	157	468	114	193	331	223
AT1G07613	0	0	0	0	0	0
AT1G07615	235	186	174	189	202	236
AT1G07617	0	0	0	0	0	0
AT1G07620	100	6	58	123	26	27
AT1G07623	0	0	0	0	0	0
AT1G07627	0	0	0	0	0	0
AT1G07630	585	229	432	479	518	547
AT1G07633	0	0	0	0	0	0
AT1G07637	1	1	3	3	0	2
AT1G07640	856	182	693	613	568	557
AT1G07645	0	1	1	0	0	0
AT1G07647	0	0	0	0	0	0
AT1G07650	2113	753	1668	1893	1850	2095
AT1G07653	1	0	6	4	1	4
AT1G07657	0	0	0	0	0	0
AT1G07660	183	176	138	125	111	117
AT1G07663	0	0	0	1	0	0
AT1G07667	0	0	0	0	0	0
AT1G07670	773	226	619	690	525	472
AT1G07673	0	0	0	0	0	0
AT1G07680	0	0	0	0	0	0
AT1G07683	1	1	5	1	0	0
AT1G07690	0	0	0	0	1	0
AT1G07693	5	2	1	0	2	0
AT1G07697	0	0	2	3	1	1
AT1G07700	622	890	449	483	715	718
AT1G07702	0	0	0	0	0	0
AT1G07703	0	0	1	0	1	1
AT1G07705	446	248	362	365	477	464
AT1G07707	0	0	0	0	0	0
AT1G07710	15	13	12	16	12	18
AT1G07717	0	0	0	0	0	0
AT1G07720	1052	565	865	441	931	799
AT1G07723	0	0	0	0	0	0
AT1G07725	0	0	0	0	0	0
AT1G07727	0	0	0	0	0	0
AT1G07728	0	3	0	1	2	0
AT1G07730	0	0	0	0	0	0
AT1G07733	0	0	0	0	0	0
AT1G07737	0	0	0	0	0	0
AT1G07740	76	28	49	64	72	44
AT1G07743	29	29	21	23	18	29
AT1G07745	195	133	191	181	149	211
AT1G07747	0	0	0	0	0	0
AT1G07750	745	446	525	403	318	308
AT1G07753	0	0	0	0	0	0
AT1G07757	0	0	0	0	0	0
AT1G07760	0	0	0	0	0	0
AT1G07763	0	0	0	0	0	0
AT1G07767	0	0	0	0	0	0
AT1G07770	4706	5290	3382	3563	2922	3063
AT1G07773	0	0	0	0	0	0
AT1G07777	0	0	0	0	0	0
AT1G07780	97	38	62	70	73	65
AT1G07783	0	0	0	0	1	0
AT1G07787	0	0	0	0	0	0
AT1G07790	513	608	409	453	621	556
AT1G07793	0	0	2	0	0	0
AT1G07795	1	0	0	0	0	0
AT1G07803	0	0	0	0	0	0
AT1G07807	0	0	1	1	1	0
AT1G07810	702	267	638	678	611	640
AT1G07813	0	0	0	0	0	0
AT1G07820	554	775	394	483	491	529
AT1G07823	3	1	0	0	1	1
AT1G07827	0	0	0	0	0	0
AT1G07830	398	372	291	341	239	253
AT1G07833	0	0	0	0	0	0
AT1G07837	0	0	0	0	0	0
AT1G07840	582	325	468	515	488	428
AT1G07843	0	0	0	0	0	0
AT1G07847	0	0	0	0	0	0
AT1G07850	2	0	3	0	0	0
AT1G07853	0	0	0	0	0	0
AT1G07857	0	0	0	0	0	0
AT1G07860	0	0	0	0	0	0
AT1G07863	0	0	0	0	0	0
AT1G07867	0	0	0	0	0	0
AT1G07870	334	118	272	185	164	176
AT1G07873	1	0	1	0	0	0
AT1G07877	5	5	3	1	2	1
AT1G07880	111	72	91	91	97	93
AT1G07883	0	0	0	0	0	0
AT1G07885	1	0	2	2	2	2
AT1G07887	0	0	0	0	0	0
AT1G07890	4735	7642	3828	3788	6271	5509
AT1G07893	0	0	0	0	0	0
AT1G07897	3	16	8	11	9	4
AT1G07900	106	3	61	8	11	3
AT1G07901	14	16	14	7	15	11
AT1G07902	27	48	20	11	31	22
AT1G07903	0	0	0	0	0	0
AT1G07907	0	0	0	0	0	0
AT1G07910	456	141	376	437	483	530
AT1G07913	0	0	1	0	0	0
AT1G07917	1	0	0	0	0	0
AT1G07920	3249	5141	2472	3074	2740	2511
AT1G07923	0	0	0	0	0	0
AT1G07927	0	0	0	0	0	0
AT1G07930	2560	2970	2008	2556	3500	2785
AT1G07933	0	0	0	0	0	0
AT1G07937	0	0	0	1	0	0
AT1G07940	1307	2484	1036	1262	1448	1340
AT1G07943	1	0	0	0	1	0
AT1G07947	1	0	0	0	0	0
AT1G07950	418	376	303	332	321	353
AT1G07957	0	0	2	1	2	0
AT1G07960	579	452	431	446	312	320
AT1G07963	3	2	5	5	0	1
AT1G07967	1	0	1	1	0	1
AT1G07970	434	178	315	385	435	436
AT1G07973	0	0	0	0	0	0
AT1G07977	0	0	0	0	0	0
AT1G07980	422	287	305	269	269	282
AT1G07983	0	0	0	0	0	0
AT1G07985	113	25	69	33	12	19
AT1G07987	1	0	0	0	0	0
AT1G07990	1244	651	1075	1030	1036	1225
AT1G07993	2	1	0	0	0	1
AT1G07997	1	0	0	0	0	0
AT1G08000	203	103	176	200	193	178
AT1G08003	0	0	0	0	0	0
AT1G08005	0	0	0	0	0	0
AT1G08007	0	0	0	0	0	0
AT1G08010	603	233	465	406	311	346
AT1G08013	0	0	0	0	0	0
AT1G08017	0	0	0	0	0	0
AT1G08023	0	0	0	0	0	0
AT1G08027	0	0	0	0	0	0
AT1G08030	524	217	418	415	396	411
AT1G08033	0	0	0	1	0	3
AT1G08035	1	3	5	0	3	3
AT1G08037	0	0	0	0	0	0
AT1G08040	336	223	340	354	286	345
AT1G08043	0	0	0	0	0	0
AT1G08047	2	0	0	4	0	2
AT1G08050	64	40	64	62	62	65
AT1G08053	0	0	0	0	0	0
AT1G08057	0	0	0	0	0	0
AT1G08060	688	162	579	646	683	775
AT1G08063	0	0	0	0	0	0
AT1G08065	0	0	0	0	0	0
AT1G08070	65	11	58	62	42	31
AT1G08073	0	0	0	0	0	0
AT1G08077	0	0	0	0	0	0
AT1G08080	1	0	3	0	0	0
AT1G08087	0	0	0	0	0	0
AT1G08090	3	3	1	7	2	5
AT1G08093	0	0	0	0	0	0
AT1G08097	0	0	0	0	0	0
AT1G08100	0	0	0	0	0	0
AT1G08103	0	0	0	0	1	0
AT1G08107	0	0	0	0	0	0
AT1G08110	2125	1744	1592	1660	1334	1769
AT1G08113	0	0	0	0	0	0
AT1G08115	2	1	3	3	1	2
AT1G08117	2	0	0	3	0	1
AT1G08120	0	0	0	0	0	0
AT1G08123	0	0	0	0	0	0
AT1G08125	483	427	351	395	335	381
AT1G08127	0	0	0	0	0	0
AT1G08130	390	187	397	357	654	502
AT1G08133	0	0	0	0	0	0
AT1G08135	0	0	0	0	0	0
AT1G08137	0	0	0	0	0	0
AT1G08140	0	0	1	0	0	0
AT1G08143	0	0	0	0	0	0
AT1G08147	0	0	0	0	0	0
AT1G08150	0	0	0	0	0	0
AT1G08153	0	0	0	0	0	0
AT1G08157	0	0	0	0	0	0
AT1G08160	95	70	117	101	97	73
AT1G08163	0	0	0	0	0	0
AT1G08165	277	19	181	29	7	6
AT1G08170	8	0	8	0	0	0
AT1G08173	0	0	0	0	1	0
AT1G08177	0	0	0	0	0	0
AT1G08180	356	262	278	257	165	198
AT1G08183	0	0	0	0	0	0
AT1G08190	2036	1274	1489	1693	1705	1735
AT1G08193	0	0	0	0	0	0
AT1G08200	3132	2976	2387	3096	3752	3767
AT1G08207	0	0	0	0	0	0
AT1G08210	560	398	416	531	454	531
AT1G08213	0	6	2	2	5	4
AT1G08217	1	3	0	0	0	0
AT1G08220	144	50	114	115	126	111
AT1G08223	0	0	0	0	0	0
AT1G08227	0	0	0	0	0	0
AT1G08230	1195	410	881	467	283	374
AT1G08237	1	1	1	2	0	0
AT1G08240	0	0	0	0	0	0
AT1G08247	0	0	0	0	0	0
AT1G08250	0	0	0	0	0	0
AT1G08253	0	0	0	0	0	0
AT1G08257	0	0	0	0	0	0
AT1G08260	281	59	226	310	565	423
AT1G08263	0	0	0	0	0	0
AT1G08267	0	0	0	1	1	0
AT1G08270	36	24	24	30	30	23
AT1G08273	1	3	0	0	0	1
AT1G08277	0	0	0	0	0	0
AT1G08280	280	93	211	253	171	164
AT1G08283	7	9	8	7	4	4
AT1G08287	0	0	0	0	0	0
AT1G08290	31	6	25	17	2	20
AT1G08293	9	4	7	7	2	4
AT1G08297	0	0	0	0	0	0
AT1G08300	249	93	173	213	133	167
AT1G08303	0	0	0	0	0	0
AT1G08307	0	0	0	0	0	0
AT1G08310	1488	39	1157	831	40	88
AT1G08313	0	0	0	0	0	0
AT1G08315	0	0	0	0	0	0
AT1G08317	0	0	0	0	0	0
AT1G08320	14	1	14	20	11	5
AT1G08323	0	0	0	0	0	0
AT1G08327	0	0	0	0	0	0
AT1G08333	0	4	2	4	0	3
AT1G08337	0	0	0	0	0	0
AT1G08340	76	61	59	40	41	47
AT1G08343	0	0	0	0	0	0
AT1G08347	0	0	0	0	0	0
AT1G08350	203	135	176	208	229	219
AT1G08353	0	0	0	0	0	0
AT1G08357	0	0	0	0	0	0
AT1G08360	4242	6010	3132	4487	5577	5265
AT1G08363	0	0	0	0	0	0
AT1G08367	0	0	0	0	0	0
AT1G08370	1026	657	788	844	884	847
AT1G08377	0	0	0	0	0	0
AT1G08380	29186	59139	22967	27358	29077	47478
AT1G08383	0	0	0	0	0	0
AT1G08387	0	0	0	0	0	0
AT1G08390	28	35	10	12	14	35
AT1G08393	0	1	5	0	0	0
AT1G08397	0	0	0	0	0	0
AT1G08400	146	79	108	131	134	109
AT1G08403	0	0	0	0	0	0
AT1G08410	451	298	331	494	547	432
AT1G08413	0	0	0	0	0	0
AT1G08417	0	0	0	0	0	0
AT1G08420	1034	420	871	953	914	1026
AT1G08427	0	0	6	1	4	1
AT1G08430	23	10	11	18	13	25
AT1G08433	0	0	0	0	0	0
AT1G08437	0	0	0	0	0	0
AT1G08440	0	0	0	0	0	0
AT1G08443	1	0	0	1	0	0
AT1G08447	0	0	0	0	0	0
AT1G08450	2039	1230	1478	1747	1521	1608
AT1G08453	0	2	0	0	0	0
AT1G08457	0	0	0	1	0	0
AT1G08460	589	315	460	473	277	449
AT1G08463	0	0	0	0	0	0
AT1G08465	390	309	314	319	490	487
AT1G08470	230	153	176	195	236	225
AT1G08473	0	0	0	0	0	0
AT1G08477	0	0	0	0	0	0
AT1G08480	1087	1402	849	1015	909	889
AT1G08483	0	0	0	0	0	0
AT1G08487	0	0	0	0	0	0
AT1G08490	792	642	638	692	844	1031
AT1G08493	0	0	0	0	0	0
AT1G08497	0	0	0	0	0	0
AT1G08500	183	37	140	107	18	36
AT1G08503	0	0	0	0	0	0
AT1G08507	78	38	49	26	23	24
AT1G08510	3361	1777	2515	2648	1772	2161
AT1G08513	0	0	0	0	0	0
AT1G08517	0	0	0	0	0	0
AT1G08520	4965	8538	4147	5389	7315	8687
AT1G08523	0	0	0	0	0	0
AT1G08530	383	311	261	320	311	312
AT1G08533	0	0	0	0	0	0
AT1G08537	0	0	0	0	0	0
AT1G08540	2351	2416	1679	2538	4313	4270
AT1G08543	0	0	0	0	0	0
AT1G08547	0	0	0	0	0	0
AT1G08550	1635	1596	1230	1690	1323	1889
AT1G08553	0	0	0	0	0	0
AT1G08557	0	0	0	0	0	0
AT1G08560	319	364	272	352	650	507
AT1G08563	6	3	7	2	2	3
AT1G08567	0	0	0	0	0	0
AT1G08570	963	367	794	780	465	650
AT1G08573	0	1	0	3	0	0
AT1G08577	0	0	0	0	0	0
AT1G08580	595	595	432	521	521	365
AT1G08583	0	0	0	0	0	0
AT1G08587	0	0	0	0	0	0
AT1G08590	2	2	2	6	1	1
AT1G08592	0	0	0	0	0	0
AT1G08597	0	0	0	0	0	0
AT1G08600	1012	330	745	779	894	830
AT1G08603	0	0	0	0	0	0
AT1G08607	1	0	0	0	0	0
AT1G08610	266	161	228	273	261	219
AT1G08613	0	0	0	0	0	0
AT1G08620	867	262	623	820	685	729
AT1G08623	0	0	0	0	0	0
AT1G08627	0	0	0	0	0	0
AT1G08630	257	272	210	993	139	400
AT1G08633	1	0	0	3	0	0
AT1G08637	0	0	0	0	0	0
AT1G08640	1139	1238	900	1221	1430	1185
AT1G08643	3	19	4	1	5	3
AT1G08645	0	0	0	0	0	0
AT1G08647	0	0	0	0	0	0
AT1G08650	2393	72	1816	610	40	85
AT1G08653	0	0	0	0	0	0
AT1G08657	0	0	0	0	0	0
AT1G08660	1035	507	849	937	645	816
AT1G08663	0	0	0	0	0	0
AT1G08667	0	0	0	0	0	0
AT1G08670	5	0	0	0	0	0
AT1G08673	0	0	0	0	0	0
AT1G08677	0	0	0	0	0	0
AT1G08680	1139	543	1071	1093	1310	1518
AT1G08683	0	0	0	0	0	0
AT1G08695	0	0	0	0	0	0
AT1G08697	0	1	0	6	1	4
AT1G08700	486	417	390	485	453	482
AT1G08703	0	0	0	0	0	0
AT1G08707	0	0	0	0	0	0
AT1G08710	291	143	240	237	241	229
AT1G08713	0	0	0	0	0	0
AT1G08717	0	0	0	0	0	0
AT1G08720	621	230	513	545	531	698
AT1G08723	0	0	0	0	0	0
AT1G08727	0	0	0	0	0	0
AT1G08730	23	9	19	27	35	32
AT1G08733	1	0	0	0	2	1
AT1G08737	0	0	0	0	0	0
AT1G08743	0	0	2	0	0	1
AT1G08747	3	1	5	1	4	7
AT1G08750	266	210	205	229	235	222
AT1G08753	0	0	0	0	0	0
AT1G08757	23	29	14	21	51	24
AT1G08760	404	163	371	434	357	401
AT1G08763	2	0	0	1	0	0
AT1G08767	0	0	0	0	0	0
AT1G08770	262	278	184	212	161	188
AT1G08773	0	0	0	0	0	0
AT1G08777	0	0	0	0	0	0
AT1G08780	260	325	199	237	281	225
AT1G08783	0	0	0	0	0	0
AT1G08787	0	0	0	0	0	0
AT1G08790	0	0	0	0	0	0
AT1G08793	0	0	0	0	0	0
AT1G08797	0	0	0	0	0	0
AT1G08800	592	197	489	646	729	892
AT1G08803	0	0	0	0	0	0
AT1G08807	0	0	0	0	0	0
AT1G08810	602	399	440	438	498	533
AT1G08813	0	0	0	0	0	0
AT1G08817	0	0	0	0	0	0
AT1G08820	864	522	694	768	748	808
AT1G08823	0	0	0	0	0	0
AT1G08827	0	0	0	0	0	0
AT1G08830	322	316	244	290	261	223
AT1G08833	2	0	0	1	3	0
AT1G08840	165	61	148	148	201	161
AT1G08843	0	0	0	0	0	0
AT1G08845	127	116	79	96	102	76
AT1G08847	89	85	63	76	64	84
AT1G08853	0	0	0	0	0	0
AT1G08857	8	2	10	12	15	10
AT1G08860	2	1	0	5	3	2
AT1G08863	0	0	0	0	0	0
AT1G08867	0	0	0	0	0	0
AT1G08870	0	0	0	0	0	0
AT1G08877	0	0	0	0	0	0
AT1G08880	1096	1119	834	960	970	967
AT1G08883	0	0	0	0	0	0
AT1G08887	0	0	0	0	0	0
AT1G08890	632	119	501	335	98	172
AT1G08893	0	0	0	0	0	0
AT1G08897	0	0	0	0	0	0
AT1G08900	363	271	284	326	289	408
AT1G08903	1	0	0	0	0	0
AT1G08907	0	0	0	0	0	0
AT1G08910	697	116	468	516	742	644
AT1G08913	0	0	0	0	0	0
AT1G08920	253	91	192	225	90	77
AT1G08923	0	0	1	0	0	1
AT1G08927	0	0	0	0	0	0
AT1G08930	4152	4649	3200	5496	2903	4203
AT1G08933	0	0	0	0	0	0
AT1G08937	0	3	0	0	0	3
AT1G08940	199	188	135	205	149	127
AT1G08947	20	0	19	7	0	0
AT1G08950	0	0	0	0	0	0
AT1G08953	0	0	0	0	0	0
AT1G08960	240	128	202	222	253	199
AT1G08963	0	0	0	0	0	0
AT1G08967	3	3	0	1	2	0
AT1G08970	745	436	604	543	636	575
AT1G08973	10	7	10	4	3	6
AT1G08977	0	0	0	0	0	0
AT1G08980	1880	1040	1602	1889	939	1553
AT1G08983	0	0	0	0	0	0
AT1G08985	0	0	3	0	0	0
AT1G08987	0	0	2	0	5	1
AT1G08990	6	0	1	3	0	0
AT1G08993	0	0	0	0	0	0
AT1G08997	0	0	0	0	0	0
AT1G09000	56	28	63	46	62	59
AT1G09003	0	0	0	0	0	0
AT1G09007	0	0	0	0	0	0
AT1G09010	1699	733	1362	1549	1827	2186
AT1G09013	0	0	0	0	0	0
AT1G09017	0	0	0	0	0	0
AT1G09020	998	635	768	784	887	907
AT1G09023	25	6	12	21	16	37
AT1G09027	0	0	0	0	0	0
AT1G09030	0	0	0	0	0	0
AT1G09033	0	0	0	0	0	0
AT1G09037	0	0	0	0	2	0
AT1G09040	181	55	120	167	157	153
AT1G09043	0	0	0	0	0	1
AT1G09047	0	0	0	0	0	0
AT1G09050	189	52	135	185	146	186
AT1G09053	0	0	0	0	0	0
AT1G09057	0	0	2	0	0	0
AT1G09060	1495	594	1159	1124	1162	1408
AT1G09063	0	0	0	0	0	0
AT1G09067	0	0	0	0	0	0
AT1G09070	8774	2726	7595	5193	2787	4454
AT1G09073	0	0	0	0	0	0
AT1G09077	0	0	0	0	0	0
AT1G09080	10	1	3	25	24	9
AT1G09083	20	3	6	10	10	7
AT1G09087	15	6	21	9	17	6
AT1G09090	15	2	4	5	3	0
AT1G09097	0	0	0	0	0	0
AT1G09100	507	220	476	450	478	430
AT1G09103	8	0	7	5	0	3
AT1G09107	0	0	0	0	0	0
AT1G09110	0	0	0	1	0	0
AT1G09113	0	0	0	0	0	0
AT1G09117	0	0	0	0	0	0
AT1G09123	0	0	0	0	0	0
AT1G09127	0	0	0	0	0	0
AT1G09130	2600	2483	2107	2490	3295	3514
AT1G09133	0	0	0	0	0	0
AT1G09137	0	0	0	0	0	0
AT1G09140	1633	847	1161	1251	886	1240
AT1G09143	0	0	0	0	0	0
AT1G09147	0	0	0	0	0	0
AT1G09150	628	494	497	560	523	569
AT1G09153	0	0	0	0	0	0
AT1G09155	7	1	3	4	3	2
AT1G09157	2	0	4	0	0	6
AT1G09160	658	459	502	684	698	747
AT1G09163	1	0	1	0	0	0
AT1G09167	0	0	0	0	0	0
AT1G09170	12	11	17	10	15	23
AT1G09173	0	0	0	0	0	0
AT1G09176	0	0	0	0	0	0
AT1G09177	0	0	0	0	0	0
AT1G09180	9	2	10	2	5	1
AT1G09183	0	0	0	0	0	0
AT1G09187	0	0	0	0	0	0
AT1G09190	104	51	73	108	71	55
AT1G09193	2	1	2	0	1	4
AT1G09195	212	36	157	131	102	156
AT1G09197	0	0	0	0	0	0
AT1G09200	1049	2016	756	1188	1903	1451
AT1G09207	0	0	0	0	0	0
AT1G09210	3798	2859	2991	3798	4018	3374
AT1G09213	0	0	0	0	0	0
AT1G09217	1	1	4	1	0	0
AT1G09220	37	24	39	35	28	15
AT1G09223	0	0	0	1	0	1
AT1G09227	0	0	0	0	0	0
AT1G09230	688	268	468	545	455	613
AT1G09233	0	0	0	0	0	0
AT1G09237	0	0	0	0	0	0
AT1G09240	733	367	639	771	400	440
AT1G09243	0	0	0	0	0	0
AT1G09245	0	0	0	0	0	0
AT1G09247	1	0	0	0	0	0
AT1G09250	575	525	467	550	326	509
AT1G09253	1	0	2	1	0	0
AT1G09257	0	0	0	0	0	0
AT1G09260	0	0	0	0	0	0
AT1G09263	0	0	0	0	2	0
AT1G09267	2	0	0	2	1	3
AT1G09270	803	502	645	737	800	887
AT1G09273	0	0	0	0	0	1
AT1G09277	0	0	0	0	0	0
AT1G09280	543	275	453	464	350	508
AT1G09283	0	0	0	0	0	0
AT1G09287	17	5	7	17	3	6
AT1G09290	243	238	216	208	215	224
AT1G09293	0	0	0	0	0	0
AT1G09297	14	1	16	1	1	0
AT1G09300	235	127	192	226	285	196
AT1G09303	0	0	0	0	0	0
AT1G09307	0	0	0	0	0	0
AT1G09310	23622	23656	17627	15726	28180	19946
AT1G09313	0	0	0	0	0	0
AT1G09317	0	0	0	0	0	0
AT1G09320	199	108	168	167	140	193
AT1G09323	0	0	0	0	0	0
AT1G09327	0	0	0	0	0	0
AT1G09330	679	440	537	581	576	547
AT1G09333	0	0	0	0	0	0
AT1G09337	0	0	0	0	0	0
AT1G09340	4648	17780	3758	5107	13909	17322
AT1G09343	3	0	0	0	0	0
AT1G09350	37	7	39	9	4	4
AT1G09353	0	0	0	0	0	0
AT1G09357	2	0	0	0	0	0
AT1G09360	0	0	0	0	0	0
AT1G09363	4	2	1	3	2	1
AT1G09367	6	0	2	3	1	5
AT1G09370	0	5	0	1	1	1
AT1G09373	0	0	0	0	0	0
AT1G09377	0	0	0	0	0	0
AT1G09380	2	0	0	0	0	0
AT1G09383	0	0	0	0	0	0
AT1G09387	0	0	0	0	0	0
AT1G09390	176	340	161	208	397	420
AT1G09393	0	0	0	0	0	0
AT1G09397	0	0	0	0	0	0
AT1G09400	9	10	6	7	10	20
AT1G09407	0	0	0	0	0	0
AT1G09410	57	6	27	36	19	16
AT1G09415	829	1109	615	878	640	898
AT1G09417	0	0	0	2	0	0
AT1G09420	202	116	159	296	531	513
AT1G09421	1	0	0	0	0	0
AT1G09423	0	0	0	0	0	0
AT1G09427	0	0	3	5	1	5
AT1G09430	1892	1886	1599	2557	1944	2545
AT1G09433	0	0	0	0	0	0
AT1G09437	0	2	2	0	0	0
AT1G09440	155	160	93	147	249	270
AT1G09443	0	0	0	0	0	0
AT1G09447	3	2	8	2	4	3
AT1G09450	100	74	64	80	147	121
AT1G09453	0	0	0	0	0	0
AT1G09457	0	0	0	0	0	0
AT1G09460	333	220	296	415	255	308
AT1G09463	0	0	1	4	1	0
AT1G09467	31	25	25	41	35	34
AT1G09470	113	71	68	73	113	129
AT1G09473	0	0	0	0	0	0
AT1G09477	0	0	0	0	0	0
AT1G09480	33	12	23	31	16	24
AT1G09483	0	0	0	0	0	0
AT1G09487	0	0	0	0	0	0
AT1G09490	537	314	432	428	367	481
AT1G09493	0	0	0	0	0	0
AT1G09497	1	1	0	0	0	0
AT1G09500	50	76	40	85	50	100
AT1G09503	0	0	0	0	0	0
AT1G09507	0	0	0	0	0	0
AT1G09510	0	0	2	3	0	0
AT1G09513	8	1	2	2	2	4
AT1G09517	3	0	2	1	0	6
AT1G09520	303	272	287	277	217	235
AT1G09523	0	0	0	0	0	0
AT1G09527	0	0	1	0	0	0
AT1G09530	1331	270	1129	1189	618	713
AT1G09533	3	8	5	5	9	8
AT1G09537	6	0	4	3	4	0
AT1G09540	25	2	24	24	6	6
AT1G09543	39	13	17	31	25	45
AT1G09547	0	0	0	0	0	0
AT1G09550	0	0	0	0	0	0
AT1G09553	0	1	5	1	1	5
AT1G09557	0	0	0	0	0	0
AT1G09560	643	727	512	902	970	666
AT1G09563	0	0	0	0	0	0
AT1G09567	0	0	0	0	0	0
AT1G09570	5238	1349	4207	5721	2542	4067
AT1G09573	1	0	1	0	0	0
AT1G09575	130	109	82	129	67	91
AT1G09577	0	1	0	4	0	1
AT1G09580	165	200	161	141	158	151
AT1G09583	0	0	0	0	0	0
AT1G09587	0	0	0	0	0	0
AT1G09590	1695	1962	1196	1747	2098	1767
AT1G09593	0	0	0	0	0	0
AT1G09597	0	0	0	0	0	0
AT1G09600	21	22	15	21	41	29
AT1G09603	0	0	0	0	0	0
AT1G09607	2	0	0	0	0	1
AT1G09610	1	2	3	2	0	1
AT1G09613	0	0	0	0	0	0
AT1G09617	0	0	0	0	0	0
AT1G09620	2925	1491	2421	3047	4027	4125
AT1G09623	0	0	0	0	0	0
AT1G09625	0	0	0	0	0	0
AT1G09627	0	0	0	0	0	0
AT1G09630	315	368	234	252	386	391
AT1G09633	0	0	0	0	0	0
AT1G09637	0	0	1	0	0	0
AT1G09640	4064	2759	3235	4298	4165	3760
AT1G09645	371	413	259	269	252	308
AT1G09647	6	1	7	12	3	8
AT1G09650	12	17	15	18	15	21
AT1G09653	1	0	0	0	0	0
AT1G09657	0	0	0	0	0	0
AT1G09660	854	443	658	741	650	634
AT1G09663	0	0	0	0	0	0
AT1G09665	0	2	0	0	0	0
AT1G09667	0	0	0	0	0	0
AT1G09673	0	0	0	0	0	0
AT1G09677	1	3	0	0	3	0
AT1G09680	65	24	51	82	47	33
AT1G09683	0	0	0	0	0	0
AT1G09687	58	100	49	36	29	33
AT1G09690	2658	3787	1964	2795	3324	2958
AT1G09693	2	0	0	2	0	0
AT1G09697	0	0	0	0	0	0
AT1G09700	264	156	217	273	290	292
AT1G09703	0	0	0	0	0	0
AT1G09710	226	76	197	224	176	225
AT1G09713	0	0	0	0	0	0
AT1G09717	0	0	0	0	0	0
AT1G09720	0	0	0	1	1	0
AT1G09723	0	0	0	0	0	0
AT1G09730	1101	546	848	939	770	1045
AT1G09733	0	0	0	0	0	0
AT1G09737	4	0	1	0	0	0
AT1G09740	236	266	186	288	209	251
AT1G09743	0	0	0	0	0	0
AT1G09747	0	0	0	0	0	0
AT1G09750	5571	5018	4947	5138	5688	6386
AT1G09753	17	3	16	16	22	17
AT1G09757	0	0	0	0	0	1
AT1G09760	795	757	645	781	785	760
AT1G09763	0	0	0	0	0	0
AT1G09767	0	0	0	0	0	0
AT1G09770	5845	2753	4529	5722	4612	5920
AT1G09773	0	0	0	0	0	0
AT1G09777	0	0	0	1	0	0
AT1G09780	3161	1354	2556	2074	2222	1997
AT1G09783	3	0	7	2	6	1
AT1G09787	2	1	0	2	0	2
AT1G09790	0	4	0	0	1	3
AT1G09793	0	0	0	0	0	0
AT1G09794	90	83	60	76	58	67
AT1G09795	1632	717	1244	1387	1042	1166
AT1G09797	0	1	1	0	2	1
AT1G09800	132	55	83	89	113	84
AT1G09803	0	0	0	0	0	0
AT1G09807	0	0	0	0	0	0
AT1G09810	304	120	226	262	305	257
AT1G09812	62	36	33	27	56	57
AT1G09813	0	0	0	0	0	0
AT1G09815	347	395	246	230	324	294
AT1G09817	0	0	0	0	0	0
AT1G09820	150	83	92	147	135	122
AT1G09823	2	0	2	0	0	2
AT1G09827	0	0	0	0	0	0
AT1G09830	452	305	410	502	685	530
AT1G09833	0	0	0	0	0	0
AT1G09837	2	4	5	2	2	2
AT1G09840	1072	433	728	906	786	922
AT1G09843	0	0	0	0	0	0
AT1G09847	0	0	0	0	0	0
AT1G09850	519	246	450	470	419	376
AT1G09853	0	0	0	0	0	0
AT1G09857	0	0	0	0	0	0
AT1G09860	2	0	0	1	0	0
AT1G09863	25	8	18	29	19	26
AT1G09867	6	9	6	3	8	3
AT1G09870	512	305	384	428	407	419
AT1G09873	0	0	0	0	0	0
AT1G09877	0	0	0	0	0	0
AT1G09880	1	4	2	9	21	6
AT1G09883	0	0	0	0	0	0
AT1G09887	0	0	0	0	0	0
AT1G09890	25	17	29	24	41	41
AT1G09893	0	0	0	0	0	0
AT1G09897	1	0	2	1	0	1
AT1G09900	376	227	322	336	436	383
AT1G09903	0	0	0	0	0	0
AT1G09907	1	0	0	3	0	0
AT1G09910	560	216	429	487	295	456
AT1G09913	3	6	2	0	2	3
AT1G09917	0	0	2	3	2	2
AT1G09920	730	729	572	579	511	550
AT1G09923	0	0	0	0	0	0
AT1G09927	0	0	0	0	0	0
AT1G09930	11	0	4	8	1	1
AT1G09932	76	18	51	112	39	34
AT1G09935	0	0	0	2	0	0
AT1G09937	0	1	1	0	0	0
AT1G09940	854	454	640	889	607	742
AT1G09947	0	0	0	0	0	0
AT1G09950	144	24	115	37	6	17
AT1G09953	0	0	0	0	0	0
AT1G09957	0	0	0	0	0	0
AT1G09960	103	63	87	81	67	56
AT1G09963	0	0	0	0	0	0
AT1G09967	0	0	0	0	0	0
AT1G09970	6065	1635	4653	5366	3799	3470
AT1G09973	0	0	0	0	0	0
AT1G09977	0	0	0	0	0	0
AT1G09980	681	176	523	651	497	527
AT1G09983	0	0	0	0	0	0
AT1G09987	1	1	1	0	0	0
AT1G09993	6	2	13	4	3	6
AT1G09995	127	140	93	103	74	118
AT1G09997	0	0	0	0	0	0
AT1G10000	17	31	12	32	19	35
AT1G10010	1	0	0	0	0	0
AT1G10020	328	383	260	377	506	637
AT1G10030	91	146	83	102	102	145
AT1G10040	50	5	32	47	30	16
AT1G10050	225	65	173	245	254	205
AT1G10060	399	228	359	499	171	204
AT1G10070	1037	309	740	1661	170	476
AT1G10090	1092	292	730	772	466	554
AT1G10095	182	92	115	101	101	139
AT1G10100	0	0	0	0	0	0
AT1G10110	4	0	0	0	0	1
AT1G10120	610	361	476	459	513	573
AT1G10130	749	283	605	671	578	621
AT1G10140	319	334	222	358	171	238
AT1G10150	0	0	0	0	0	0
AT1G10155	6	4	0	2	10	5
AT1G10170	981	275	826	937	1187	1237
AT1G10180	655	273	532	450	562	645
AT1G10190	0	0	0	0	0	0
AT1G10200	2186	1339	1780	1727	1213	1373
AT1G10210	295	114	263	206	133	187
AT1G10220	5	0	2	1	1	1
AT1G10225	2	7	1	2	12	1
AT1G10230	123	219	87	142	187	134
AT1G10240	226	111	164	187	234	245
AT1G10250	0	0	0	0	0	0
AT1G10270	385	97	267	379	473	337
AT1G10280	117	24	108	83	70	66
AT1G10290	1913	848	1507	1916	2197	2075
AT1G10300	15	11	6	12	6	9
AT1G10310	496	380	336	362	419	395
AT1G10320	646	296	499	511	402	481
AT1G10330	26	13	26	35	45	31
AT1G10340	47	10	50	122	39	14
AT1G10350	279	236	265	245	186	227
AT1G10360	446	636	322	398	398	596
AT1G10370	43	372	37	73	517	314
AT1G10380	151	137	151	115	171	142
AT1G10385	0	0	0	1	0	1
AT1G10390	2118	832	1677	1956	1934	1995
AT1G10395	0	0	0	0	0	0
AT1G10400	7	2	1	1	1	1
AT1G10410	1024	469	799	882	780	675
AT1G10417	23	4	23	27	23	18
AT1G10430	455	333	332	348	301	326
AT1G10440	0	0	0	0	0	0
AT1G10450	736	243	531	663	765	794
AT1G10455	0	0	0	0	0	0
AT1G10460	5	9	6	5	5	7
AT1G10470	839	1443	673	716	614	995
AT1G10480	5	3	3	4	5	6
AT1G10490	556	247	434	553	651	426
AT1G10500	764	532	590	621	620	650
AT1G10510	598	668	560	609	1188	951
AT1G10520	54	11	39	32	46	25
AT1G10522	685	924	536	691	1239	886
AT1G10530	3	2	4	2	0	1
AT1G10540	29	21	20	25	8	23
AT1G10550	45	57	33	75	42	68
AT1G10560	149	7	136	139	7	33
AT1G10570	650	197	471	448	396	576
AT1G10580	734	473	642	691	733	677
AT1G10585	32	27	38	123	58	57
AT1G10586	0	0	0	0	0	0
AT1G10588	0	0	0	0	0	0
AT1G10590	1364	1578	963	1243	951	950
AT1G10600	542	392	485	507	382	529
AT1G10610	256	93	211	197	118	174
AT1G10620	0	0	0	1	0	0
AT1G10630	896	1125	703	767	729	695
AT1G10640	224	88	153	126	160	118
AT1G10650	429	151	335	314	283	264
AT1G10657	104	51	73	90	53	77
AT1G10660	966	538	772	841	700	894
AT1G10670	3535	3391	2833	3280	3528	3794
AT1G10680	0	0	0	2	0	0
AT1G10682	285	713	233	515	448	560
AT1G10690	51	29	43	31	29	37
AT1G10700	378	331	296	370	502	524
AT1G10710	2	2	6	4	6	6
AT1G10715	0	0	0	0	0	0
AT1G10717	0	0	0	0	0	0
AT1G10720	685	628	505	641	396	515
AT1G10730	225	79	171	178	117	143
AT1G10740	671	562	533	604	736	992
AT1G10745	0	0	0	0	0	0
AT1G10747	0	0	0	0	0	0
AT1G10750	52	22	43	60	45	29
AT1G10760	8794	1355	7251	8775	4251	5469
AT1G10770	11	6	10	19	6	9
AT1G10780	118	84	75	112	142	106
AT1G10790	4	0	2	1	5	8
AT1G10800	9	13	6	12	8	10
AT1G10810	24	10	14	9	9	25
AT1G10820	595	239	423	456	419	517
AT1G10830	394	434	326	375	645	627
AT1G10840	1752	1746	1406	1761	2037	2143
AT1G10850	531	221	376	466	524	440
AT1G10865	412	413	310	374	254	310
AT1G10870	593	320	424	561	645	558
AT1G10875	0	0	0	0	0	0
AT1G10880	0	0	0	0	0	0
AT1G10890	2602	1619	1897	1803	1327	1732
AT1G10900	530	298	405	441	696	731
AT1G10910	1263	713	945	1083	1078	1362
AT1G10920	226	116	146	190	204	289
AT1G10930	303	192	263	415	838	605
AT1G10940	1455	1267	1073	1292	1180	1443
AT1G10950	1955	1162	1805	2050	2049	2260
AT1G10960	2575	7494	2198	3129	10216	7096
AT1G10970	115	88	82	94	106	117
AT1G10980	1	5	1	5	2	4
AT1G10990	194	169	165	216	150	203
AT1G11000	288	88	192	269	138	171
AT1G11010	0	0	0	0	0	0
AT1G11020	225	155	194	189	145	196
AT1G11030	0	0	0	0	0	0
AT1G11040	0	0	0	0	0	0
AT1G11050	0	0	0	0	1	0
AT1G11060	372	140	274	286	334	303
AT1G11070	27	10	12	30	17	27
AT1G11080	396	185	402	434	190	298
AT1G11090	0	0	0	0	0	0
AT1G11100	21	12	25	29	26	33
AT1G11110	0	0	1	1	0	1
AT1G11112	14	10	9	14	15	9
AT1G11120	73	39	41	66	34	26
AT1G11125	28	19	12	29	15	27
AT1G11130	395	122	400	310	437	341
AT1G11145	0	0	0	0	0	0
AT1G11160	50	8	38	53	54	55
AT1G11170	211	17	120	125	38	49
AT1G11175	239	344	181	184	155	262
AT1G11180	276	207	139	214	264	320
AT1G11185	3	7	6	15	3	10
AT1G11190	26	10	16	10	27	15
AT1G11200	215	137	170	246	133	169
AT1G11210	2246	60	1731	851	61	78
AT1G11220	56	35	29	31	49	35
AT1G11230	0	0	0	0	0	0
AT1G11240	1104	1197	821	981	853	847
AT1G11250	2	0	0	0	0	0
AT1G11260	4211	4772	3627	5353	2396	5683
AT1G11270	88	53	81	106	57	96
AT1G11280	497	271	419	506	603	595
AT1G11290	143	57	112	152	155	188
AT1G11300	60	23	44	51	60	68
AT1G11303	154	64	132	128	212	216
AT1G11310	2824	1265	2296	2858	2062	2171
AT1G11320	73	51	78	102	98	100
AT1G11330	633	256	440	505	695	579
AT1G11340	131	45	92	112	63	123
AT1G11350	851	414	712	784	928	1216
AT1G11360	549	509	448	513	344	441
AT1G11362	7	15	11	30	8	22
AT1G11370	0	0	0	0	2	0
AT1G11380	263	414	177	317	275	470
AT1G11390	258	122	235	327	280	296
AT1G11400	559	589	421	537	449	537
AT1G11410	222	130	225	159	256	301
AT1G11420	84	43	75	72	69	102
AT1G11430	2052	2190	1567	2028	2683	2420
AT1G11440	304	300	193	271	239	226
AT1G11450	68	57	46	57	56	63
AT1G11460	5	6	3	2	8	0
AT1G11470	0	0	0	0	0	0
AT1G11475	580	500	469	427	466	384
AT1G11480	1877	1205	1420	1559	1527	2032
AT1G11490	0	1	3	2	0	5
AT1G11500	15	4	11	5	6	9
AT1G11510	0	0	0	0	0	0
AT1G11520	0	0	0	0	0	0
AT1G11530	716	425	446	589	215	350
AT1G11540	2	0	0	5	5	3
AT1G11545	1083	390	802	1297	518	455
AT1G11550	0	0	0	0	0	0
AT1G11560	0	0	1	0	0	3
AT1G11570	12	18	21	7	14	14
AT1G11572	0	0	1	0	0	0
AT1G11580	384	415	337	432	1048	922
AT1G11590	1	0	1	0	0	0
AT1G11591	2	1	0	0	1	0
AT1G11592	132	53	105	110	90	105
AT1G11593	0	0	0	0	0	0
AT1G11600	243	133	208	162	226	201
AT1G11608	0	0	2	0	0	0
AT1G11610	0	0	0	0	0	1
AT1G11620	0	0	0	0	0	0
AT1G11630	212	170	177	201	177	193
AT1G11640	0	0	0	0	0	0
AT1G11650	4257	3526	3404	3945	4915	5082
AT1G11655	1	0	0	0	0	0
AT1G11660	980	766	724	996	1218	1186
AT1G11670	158	116	132	96	223	224
AT1G11680	1717	1490	1392	1633	2363	2234
AT1G11684	0	0	3	0	0	0
AT1G11690	0	0	1	0	2	0
AT1G11700	311	213	236	156	158	187
AT1G11710	79	32	52	65	51	68
AT1G11720	842	623	648	758	1338	1688
AT1G11730	40	21	48	57	48	30
AT1G11735	14	5	5	9	2	3
AT1G11740	52	170	47	117	50	101
AT1G11750	1618	2177	1328	1553	2233	2159
AT1G11755	355	168	266	277	295	315
AT1G11760	125	74	85	92	64	66
AT1G11765	0	0	0	0	0	0
AT1G11770	0	0	0	0	0	0
AT1G11780	250	148	204	264	220	239
AT1G11785	3	4	3	5	3	0
AT1G11790	313	256	248	352	575	424
AT1G11800	127	117	103	111	125	130
AT1G11810	0	0	0	0	0	0
AT1G11820	1273	586	893	1259	979	1187
AT1G11840	3240	3229	2558	2155	2911	2642
AT1G11850	194	380	193	147	263	209
AT1G11860	7834	13797	6216	7689	14051	16317
AT1G11870	593	533	430	554	932	830
AT1G11880	94	35	70	81	89	76
AT1G11890	600	488	455	558	565	537
AT1G11900	19	12	14	19	26	6
AT1G11905	227	148	143	188	121	154
AT1G11910	9335	3791	7642	6769	5126	5481
AT1G11915	14	4	12	3	17	5
AT1G11920	0	0	0	0	0	0
AT1G11925	4	0	3	1	0	1
AT1G11930	844	950	734	780	731	928
AT1G11940	191	69	139	160	118	130
AT1G11950	330	90	268	220	167	146
AT1G11960	1916	142	1446	587	267	323
AT1G11970	0	0	0	0	0	0
AT1G11980	0	0	0	0	0	0
AT1G11990	7	2	0	4	2	3
AT1G12000	1298	1140	978	1238	2323	1571
AT1G12010	140	35	110	139	33	67
AT1G12013	0	2	1	1	0	0
AT1G12015	0	0	0	0	0	0
AT1G12020	164	319	164	162	207	202
AT1G12030	13	3	5	4	19	12
AT1G12040	9	3	29	14	0	1
AT1G12050	892	438	664	739	698	657
AT1G12060	65	123	59	66	103	102
AT1G12064	0	0	0	1	3	5
AT1G12070	5	24	3	11	26	27
AT1G12080	1736	1202	1426	3224	647	709
AT1G12090	12291	13230	11503	12084	14953	13599
AT1G12100	19	31	14	17	46	31
AT1G12110	1006	1045	974	1371	2210	1950
AT1G12120	1918	1390	1472	1979	1628	2031
AT1G12130	4	1	2	0	1	2
AT1G12140	360	227	308	303	370	357
AT1G12150	0	0	0	1	0	0
AT1G12160	7	6	9	12	3	14
AT1G12170	0	0	0	0	0	0
AT1G12180	0	0	0	0	0	0
AT1G12190	0	0	0	0	0	0
AT1G12200	512	134	403	279	307	281
AT1G12210	25	5	24	9	20	6
AT1G12211	0	0	0	0	0	0
AT1G12220	188	70	175	226	181	211
AT1G12230	2645	2043	2150	2476	1922	2245
AT1G12240	2236	1431	1812	2298	1948	2008
AT1G12244	147	202	101	129	257	199
AT1G12250	413	686	345	378	475	637
AT1G12260	67	13	59	42	55	42
AT1G12270	1325	1115	1038	1315	1825	1734
AT1G12280	130	65	85	114	108	135
AT1G12290	70	16	88	80	46	70
AT1G12294	0	0	0	0	0	0
AT1G12300	95	33	72	76	73	91
AT1G12310	0	0	0	0	0	0
AT1G12320	108	119	106	91	74	92
AT1G12330	541	312	447	410	471	553
AT1G12340	2	0	3	1	1	1
AT1G12350	289	255	221	259	183	223
AT1G12360	1630	883	1281	1448	1354	1732
AT1G12370	10	24	14	33	109	52
AT1G12380	187	38	132	143	197	168
AT1G12390	169	138	141	123	156	168
AT1G12400	152	108	94	86	84	89
AT1G12410	2406	2826	1815	2280	2535	2946
AT1G12411	0	0	0	0	0	0
AT1G12420	318	92	249	156	93	150
AT1G12430	780	237	617	653	640	786
AT1G12440	1659	1864	1258	1700	1391	2127
AT1G12450	158	169	111	158	165	232
AT1G12460	347	165	250	356	292	403
AT1G12470	720	368	605	790	1030	950
AT1G12480	71	12	62	41	31	34
AT1G12490	0	0	0	1	2	0
AT1G12500	826	1093	716	889	858	1020
AT1G12510	0	0	0	0	0	0
AT1G12520	378	352	238	328	370	403
AT1G12530	549	470	407	459	451	450
AT1G12540	0	0	0	0	0	0
AT1G12550	61	99	43	51	79	84
AT1G12560	12	1	8	0	1	1
AT1G12570	29	29	32	24	67	62
AT1G12580	1364	1073	1039	1295	1222	1625
AT1G12590	0	0	0	0	0	0
AT1G12600	4	1	5	4	2	5
AT1G12610	70	6	42	27	0	2
AT1G12615	0	0	0	0	0	0
AT1G12620	138	87	97	94	116	153
AT1G12630	9	11	1	2	9	1
AT1G12640	548	336	345	425	441	510
AT1G12650	661	569	486	665	550	633
AT1G12660	0	0	0	0	0	0
AT1G12663	0	0	0	0	0	0
AT1G12665	0	0	0	0	0	0
AT1G12672	1	0	0	0	0	0
AT1G12680	542	254	454	427	304	471
AT1G12700	88	54	65	104	67	100
AT1G12710	279	96	208	269	78	123
AT1G12730	322	110	230	280	110	180
AT1G12740	6	0	10	1	2	1
AT1G12750	665	183	412	449	256	261
AT1G12760	1172	693	952	1023	813	846
AT1G12770	1014	947	926	1136	2069	1825
AT1G12775	67	45	57	59	56	78
AT1G12780	2035	2362	1458	2259	1856	3377
AT1G12790	205	96	156	162	184	234
AT1G12800	2308	2554	1848	2551	6407	6567
AT1G12805	17	124	8	94	135	144
AT1G12810	322	324	262	316	311	318
AT1G12820	409	138	305	331	444	536
AT1G12830	0	0	0	0	0	0
AT1G12840	1565	1369	1288	1567	1959	2002
AT1G12845	443	240	393	241	157	204
AT1G12850	1008	540	711	886	784	866
AT1G12855	1	7	2	4	4	6
AT1G12860	907	501	694	770	892	1084
AT1G12870	0	0	0	2	0	0
AT1G12880	275	210	182	84	105	143
AT1G12890	11	3	8	6	1	1
AT1G12900	5864	13795	4852	6586	15886	20106
AT1G12910	444	439	372	465	437	625
AT1G12920	1578	1481	1296	1738	1959	1854
AT1G12930	508	192	394	428	481	566
AT1G12940	5	0	3	3	3	4
AT1G12950	7	4	9	14	5	4
AT1G12960	0	0	0	0	0	0
AT1G12970	198	186	179	209	212	231
AT1G12980	1	0	1	2	1	1
AT1G12990	435	309	343	335	290	448
AT1G13000	650	358	539	555	474	490
AT1G13010	0	0	0	0	0	0
AT1G13020	747	337	524	663	684	626
AT1G13030	309	165	260	302	400	308
AT1G13040	114	8	88	110	71	69
AT1G13050	168	50	112	159	112	97
AT1G13060	1365	1525	1148	1236	1362	1279
AT1G13080	158	195	131	127	417	325
AT1G13090	883	462	681	697	585	711
AT1G13100	171	218	141	167	300	344
AT1G13110	1951	1525	1583	1634	2399	2499
AT1G13120	614	253	456	481	437	474
AT1G13130	1	0	0	0	5	2
AT1G13140	21	14	15	18	14	26
AT1G13143	0	0	0	0	0	0
AT1G13150	71	29	40	49	36	41
AT1G13160	674	211	531	743	691	664
AT1G13170	635	246	499	563	548	515
AT1G13180	212	102	190	214	204	199
AT1G13190	829	470	703	813	972	1250
AT1G13195	207	83	136	127	106	116
AT1G13200	1	0	2	0	0	1
AT1G13210	2226	186	1686	2580	991	1091
AT1G13220	1071	765	827	942	925	1028
AT1G13230	6	3	1	4	4	6
AT1G13240	0	0	0	0	0	0
AT1G13245	438	1518	393	749	715	886
AT1G13250	329	303	235	359	301	334
AT1G13260	549	765	526	1098	672	1164
AT1G13270	1157	699	900	1132	1070	920
AT1G13280	748	332	736	603	431	393
AT1G13290	0	0	0	0	0	1
AT1G13300	376	253	330	587	568	360
AT1G13310	0	2	2	1	1	0
AT1G13320	947	889	811	906	1278	1149
AT1G13330	35	27	27	38	85	52
AT1G13340	73	26	69	106	28	23
AT1G13350	1503	471	1178	1062	733	960
AT1G13360	802	491	635	525	389	423
AT1G13370	3	3	3	0	0	1
AT1G13380	558	608	508	613	574	690
AT1G13390	770	465	644	709	390	582
AT1G13400	3	17	1	11	27	8
AT1G13410	87	16	48	62	34	37
AT1G13420	20	0	25	5	5	4
AT1G13430	32	0	25	6	10	1
AT1G13440	21280	22311	16150	15117	24297	17825
AT1G13448	25	6	22	16	6	14
AT1G13450	858	518	637	985	830	1100
AT1G13460	322	150	256	284	202	298
AT1G13470	8	1	2	24	10	2
AT1G13480	3	0	1	6	4	1
AT1G13485	0	0	0	0	0	0
AT1G13490	0	0	0	0	0	0
AT1G13500	0	0	1	0	0	0
AT1G13510	2	1	4	3	0	0
AT1G13520	16	0	6	25	0	2
AT1G13530	5	1	8	10	4	0
AT1G13540	3	2	1	3	4	2
AT1G13550	5	2	6	0	0	0
AT1G13560	926	630	767	752	942	991
AT1G13570	360	383	270	331	283	384
AT1G13580	76	85	92	90	75	89
AT1G13590	6	3	8	4	5	1
AT1G13600	33	52	36	46	51	53
AT1G13605	0	0	0	0	0	0
AT1G13607	0	0	0	0	4	0
AT1G13608	0	8	0	0	9	3
AT1G13609	3	148	3	9	501	148
AT1G13610	4	1	0	0	1	1
AT1G13620	0	0	0	2	0	0
AT1G13630	133	64	101	102	118	114
AT1G13635	10	12	11	7	8	9
AT1G13640	1251	1212	1000	1270	1213	1802
AT1G13650	25	486	24	19	315	525
AT1G13670	79	200	71	189	144	202
AT1G13680	3	2	4	4	2	2
AT1G13690	216	285	189	228	211	272
AT1G13700	199	404	126	260	262	434
AT1G13710	270	99	196	210	160	132
AT1G13720	0	0	0	0	0	0
AT1G13730	505	372	417	548	666	500
AT1G13740	217	101	152	133	76	165
AT1G13750	758	54	683	285	89	97
AT1G13755	0	0	0	0	0	0
AT1G13760	1	0	0	1	0	0
AT1G13770	264	102	176	185	149	210
AT1G13780	92	73	78	80	98	100
AT1G13790	293	224	227	301	398	328
AT1G13800	71	21	43	65	72	80
AT1G13805	0	0	0	0	0	0
AT1G13810	123	98	87	117	142	100
AT1G13820	547	841	413	530	1104	1274
AT1G13825	0	0	0	0	0	1
AT1G13830	27	5	25	14	9	5
AT1G13840	0	0	0	0	0	0
AT1G13850	0	0	0	0	0	0
AT1G13860	368	125	336	297	255	288
AT1G13870	289	211	211	234	179	239
AT1G13880	623	355	515	484	423	534
AT1G13890	0	0	1	0	1	0
AT1G13900	365	146	346	322	319	416
AT1G13910	125	45	115	88	48	82
AT1G13920	247	92	195	236	87	109
AT1G13930	21504	13181	16400	16662	7596	7767
AT1G13940	589	196	414	561	581	679
AT1G13950	83	129	51	95	93	87
AT1G13960	996	423	722	814	562	729
AT1G13970	48	32	33	34	27	20
AT1G13980	1421	532	1162	1544	1347	1854
AT1G13990	1312	430	1046	1053	376	460
AT1G14000	1324	777	1076	1179	1280	1254
AT1G14010	473	456	379	448	419	397
AT1G14020	310	99	261	277	234	217
AT1G14030	459	531	402	404	682	764
AT1G14040	146	41	68	116	116	68
AT1G14048	0	0	0	0	0	0
AT1G14060	273	265	209	246	294	241
AT1G14071	14	1	8	7	3	6
AT1G14080	13	1	3	10	3	3
AT1G14100	1	10	2	3	10	6
AT1G14110	0	0	0	0	0	0
AT1G14120	59	105	61	51	158	126
AT1G14130	305	121	260	144	151	158
AT1G14140	204	248	171	199	192	249
AT1G14150	517	1271	373	591	925	1391
AT1G14160	1	0	0	6	3	1
AT1G14170	240	89	206	269	153	113
AT1G14180	158	86	105	126	127	136
AT1G14185	11	13	5	15	10	13
AT1G14190	27	15	26	45	38	36
AT1G14200	58	137	46	64	110	113
AT1G14205	83	38	47	85	51	66
AT1G14210	434	492	322	534	602	532
AT1G14220	1	0	6	0	0	1
AT1G14230	325	189	281	332	203	287
AT1G14240	20	4	24	2	5	5
AT1G14250	26	152	26	56	178	229
AT1G14260	13	16	17	7	20	15
AT1G14270	740	797	602	588	922	1089
AT1G14280	892	1274	739	784	978	1539
AT1G14290	776	951	624	947	840	1277
AT1G14300	331	190	277	376	354	380
AT1G14310	263	300	183	189	209	235
AT1G14315	1	0	0	0	0	3
AT1G14320	4272	8289	3209	4388	6146	4945
AT1G14330	159	126	108	179	166	207
AT1G14340	201	165	141	170	163	151
AT1G14345	493	1285	433	488	801	917
AT1G14350	919	505	601	532	528	607
AT1G14360	379	248	267	454	323	260
AT1G14370	701	116	604	724	125	184
AT1G14380	1005	455	765	831	914	973
AT1G14390	42	6	35	32	19	19
AT1G14400	2458	2247	1877	1954	1665	2087
AT1G14410	351	324	326	334	522	430
AT1G14420	4	6	6	1	5	6
AT1G14430	66	96	52	105	136	149
AT1G14440	556	153	441	363	532	427
AT1G14450	45	75	38	55	50	25
AT1G14453	0	0	0	0	0	0
AT1G14455	2	0	1	6	0	0
AT1G14460	592	137	432	484	458	503
AT1G14470	33	0	38	48	38	26
AT1G14480	135	26	100	140	39	40
AT1G14490	15	20	17	10	16	18
AT1G14500	0	3	2	0	0	5
AT1G14510	928	1000	730	964	868	976
AT1G14518	0	1	0	0	0	0
AT1G14520	156	123	113	138	85	141
AT1G14530	139	58	92	95	100	93
AT1G14540	68	3	33	90	12	2
AT1G14550	0	0	0	0	0	0
AT1G14560	368	138	284	286	216	271
AT1G14570	1393	732	1024	1143	1332	1466
AT1G14580	273	263	220	221	493	586
AT1G14590	265	161	162	170	135	138
AT1G14600	130	96	77	103	107	114
AT1G14610	3178	1896	2333	3003	4125	3731
AT1G14620	412	319	355	391	389	316
AT1G14630	64	55	50	66	52	64
AT1G14640	128	17	92	106	75	143
AT1G14642	3	6	11	6	9	6
AT1G14650	1939	941	1568	1783	2036	2229
AT1G14660	279	82	200	153	180	187
AT1G14670	1892	680	1631	1847	1830	2040
AT1G14680	48	41	40	59	43	41
AT1G14685	1072	808	777	922	766	880
AT1G14686	3	1	0	2	0	2
AT1G14687	61	61	33	41	41	52
AT1G14688	0	0	0	0	0	0
AT1G14690	1141	395	918	958	804	1083
AT1G14700	401	315	367	361	315	306
AT1G14710	2586	1236	2062	2271	1817	1805
AT1G14720	1355	1286	1021	1145	1386	1372
AT1G14730	82	19	59	46	32	29
AT1G14740	3474	1901	2766	3655	2460	3439
AT1G14750	27	6	21	25	24	31
AT1G14755	0	0	0	0	0	0
AT1G14760	60	31	53	19	16	27
AT1G14770	187	116	151	170	164	191
AT1G14780	69	40	70	32	115	77
AT1G14790	349	109	295	320	250	313
AT1G14800	0	0	0	0	0	0
AT1G14810	972	1454	743	1164	1652	1315
AT1G14820	361	240	262	255	264	221
AT1G14830	1814	921	1393	1590	1656	1549
AT1G14840	710	397	569	650	818	885
AT1G14850	694	213	567	673	776	699
AT1G14860	29	49	33	52	36	30
AT1G14870	218	119	169	361	151	87
AT1G14880	13	0	5	95	0	0
AT1G14890	950	469	710	707	552	649
AT1G14900	463	452	378	446	607	491
AT1G14910	1209	384	999	1206	957	1155
AT1G14920	1310	516	986	1004	606	853
AT1G14930	24	2	15	7	2	3
AT1G14940	0	0	0	0	0	0
AT1G14950	0	0	0	0	0	0
AT1G14960	24	0	30	8	0	1
AT1G14970	303	90	249	257	197	205
AT1G14980	1234	1962	1020	1359	1651	1102
AT1G14990	302	176	250	241	215	143
AT1G15000	0	0	0	0	0	0
AT1G15002	1	0	1	0	0	0
AT1G15010	246	48	160	68	16	47
AT1G15015	0	0	0	0	0	0
AT1G15020	504	245	378	452	326	442
AT1G15030	795	436	575	562	491	595
AT1G15040	266	45	167	392	23	39
AT1G15050	9	2	13	22	4	2
AT1G15060	522	363	437	452	456	560
AT1G15080	67	91	62	41	86	79
AT1G15085	6	7	9	0	1	5
AT1G15090	0	1	1	0	1	1
AT1G15100	256	146	204	150	111	141
AT1G15110	245	123	202	138	145	139
AT1G15120	1105	1660	854	1016	871	834
AT1G15125	2262	2083	1689	4279	1756	2666
AT1G15130	1654	682	1343	1495	1827	2088
AT1G15140	912	956	741	853	1197	1014
AT1G15150	10	4	11	8	11	21
AT1G15160	126	63	101	80	110	125
AT1G15165	52	18	43	74	65	86
AT1G15170	128	139	142	128	237	304
AT1G15175	83	177	57	79	44	133
AT1G15180	600	498	476	594	735	957
AT1G15190	22	8	9	11	11	8
AT1G15200	2005	1291	1418	1653	1570	1755
AT1G15210	77	9	68	53	68	48
AT1G15215	325	176	202	211	164	167
AT1G15220	143	131	113	107	83	104
AT1G15230	651	496	337	419	264	357
AT1G15240	1293	504	885	1068	934	1111
AT1G15250	239	345	178	245	203	220
AT1G15260	820	931	659	516	845	980
AT1G15270	1468	1944	1208	1237	1221	1077
AT1G15280	1650	815	1178	1347	1394	1553
AT1G15290	2552	1295	2048	2431	3715	3937
AT1G15310	146	78	114	98	90	82
AT1G15320	0	1	0	0	0	0
AT1G15330	36	1	15	15	1	6
AT1G15340	4905	3370	3640	3441	3489	4214
AT1G15350	1072	774	796	1011	527	737
AT1G15360	5	2	1	3	4	3
AT1G15370	855	1076	605	708	653	779
AT1G15380	164	205	107	344	70	185
AT1G15385	2	0	0	4	0	0
AT1G15390	285	546	229	341	403	462
AT1G15400	992	1176	746	875	635	837
AT1G15405	0	0	0	0	0	0
AT1G15410	343	229	235	373	248	453
AT1G15415	8	6	7	23	7	10
AT1G15420	520	514	410	480	477	438
AT1G15430	250	157	210	223	100	137
AT1G15440	598	207	461	631	685	517
AT1G15450	0	0	0	0	0	0
AT1G15460	0	0	0	1	0	0
AT1G15470	201	133	169	162	182	200
AT1G15480	379	266	339	393	400	401
AT1G15490	220	72	188	131	144	155
AT1G15500	3807	2815	3107	4727	5844	5897
AT1G15510	292	126	262	308	390	292
AT1G15520	105	51	70	443	78	75
AT1G15530	333	223	253	443	316	373
AT1G15540	0	0	1	2	0	3
AT1G15550	43	35	41	75	88	62
AT1G15570	322	207	277	347	476	484
AT1G15580	11	3	5	10	3	0
AT1G15590	0	0	0	0	0	0
AT1G15600	0	0	0	0	0	0
AT1G15610	0	0	0	0	0	0
AT1G15620	0	3	0	0	0	0
AT1G15625	0	3	1	8	2	7
AT1G15630	2	0	1	1	0	0
AT1G15640	3	0	2	0	0	0
AT1G15650	0	0	0	0	0	0
AT1G15660	370	226	327	387	555	483
AT1G15670	344	369	243	542	495	516
AT1G15680	0	0	0	0	0	0
AT1G15690	10155	9638	9027	10329	10393	11457
AT1G15700	0	0	0	0	0	0
AT1G15710	265	168	217	268	367	249
AT1G15720	0	0	3	0	1	0
AT1G15730	801	954	675	773	995	1210
AT1G15740	1661	976	1434	1507	1032	1711
AT1G15750	2952	1197	2515	2863	3502	4053
AT1G15757	0	0	0	0	0	0
AT1G15760	12	10	9	5	2	3
AT1G15770	1	2	0	1	0	0
AT1G15772	1	0	0	0	0	0
AT1G15780	1374	263	1129	1337	1635	1416
AT1G15790	111	60	69	110	62	106
AT1G15800	234	155	163	213	111	170
AT1G15810	630	422	439	562	635	558
AT1G15820	15893	49135	13142	14816	19169	30814
AT1G15825	5	23	21	24	28	62
AT1G15830	127	206	78	152	181	350
AT1G15840	10	10	9	6	7	23
AT1G15850	0	0	0	0	0	0
AT1G15860	547	605	475	540	616	589
AT1G15870	41	53	41	42	62	50
AT1G15880	912	535	705	813	524	803
AT1G15885	109	136	65	83	64	62
AT1G15890	120	51	93	146	76	97
AT1G15900	18	32	13	9	19	16
AT1G15910	656	290	537	629	464	605
AT1G15920	483	310	402	424	318	423
AT1G15930	3282	5214	2581	3405	3575	2921
AT1G15940	1195	372	933	1015	937	1107
AT1G15950	224	112	191	211	458	419
AT1G15960	316	178	220	240	323	334
AT1G15970	392	222	244	245	245	277
AT1G15980	1127	2390	869	1259	3532	4728
AT1G15990	2	5	1	0	2	1
AT1G16000	520	543	360	440	498	387
AT1G16010	650	332	584	569	510	583
AT1G16020	441	269	377	378	321	357
AT1G16022	0	4	0	0	0	0
AT1G16025	0	0	0	0	1	0
AT1G16030	124	74	115	122	103	137
AT1G16040	158	139	124	119	115	112
AT1G16060	30	18	24	19	37	26
AT1G16070	41	30	46	41	47	34
AT1G16080	841	1577	655	776	1313	1415
AT1G16090	135	54	95	106	61	77
AT1G16100	0	0	0	0	0	0
AT1G16110	557	184	464	813	325	368
AT1G16120	4	1	1	8	0	4
AT1G16130	489	128	403	709	175	256
AT1G16150	6	1	1	11	20	0
AT1G16160	0	3	3	3	0	1
AT1G16170	359	646	283	317	316	445
AT1G16180	2532	1896	1992	2199	2069	2084
AT1G16190	584	384	512	482	486	434
AT1G16210	1348	1177	1009	1091	1217	1225
AT1G16220	94	49	60	73	110	89
AT1G16225	1	0	1	0	0	0
AT1G16230	0	0	0	0	0	0
AT1G16240	1230	881	982	1136	828	1216
AT1G16250	183	114	132	179	141	188
AT1G16260	409	186	318	358	390	507
AT1G16270	735	127	588	660	722	751
AT1G16280	300	207	243	250	268	236
AT1G16290	1	0	6	0	2	2
AT1G16300	136	102	97	90	187	117
AT1G16310	37	16	45	25	32	29
AT1G16320	739	363	604	655	694	733
AT1G16330	58	32	48	58	98	105
AT1G16340	380	208	266	292	277	333
AT1G16350	1300	951	1069	1245	1812	1488
AT1G16360	14	10	5	17	16	7
AT1G16370	84	50	80	97	90	89
AT1G16380	0	0	0	0	0	0
AT1G16390	121	353	101	313	472	490
AT1G16400	368	215	347	438	508	336
AT1G16410	1447	995	1222	1453	2753	2051
AT1G16420	5	3	3	19	8	4
AT1G16430	76	66	60	59	46	54
AT1G16440	8	0	4	3	2	0
AT1G16445	65	131	33	70	85	73
AT1G16450	0	0	0	0	0	0
AT1G16460	929	645	647	821	819	906
AT1G16470	891	1081	797	816	837	841
AT1G16480	96	21	75	83	67	72
AT1G16489	5	1	0	1	0	2
AT1G16490	0	0	0	0	0	0
AT1G16500	209	148	159	132	64	88
AT1G16510	120	196	105	68	71	93
AT1G16515	43	60	34	14	28	31
AT1G16520	310	219	277	270	389	316
AT1G16530	21	12	5	4	16	11
AT1G16540	310	51	227	200	201	198
AT1G16560	634	421	519	589	562	530
AT1G16570	317	167	226	275	258	299
AT1G16590	109	67	71	73	38	70
AT1G16610	1670	1444	1393	1325	1621	1470
AT1G16630	144	122	133	158	317	242
AT1G16635	1	1	4	1	0	0
AT1G16640	24	26	20	17	27	23
AT1G16650	225	119	187	164	146	174
AT1G16670	372	118	273	349	205	277
AT1G16680	803	387	569	612	399	515
AT1G16690	280	138	196	176	193	180
AT1G16700	643	946	523	526	799	814
AT1G16705	9	2	7	5	3	9
AT1G16710	843	199	706	749	669	892
AT1G16720	1097	2589	871	1446	2926	4714
AT1G16730	43	75	28	25	68	74
AT1G16740	775	837	512	538	523	529
AT1G16750	335	155	277	216	274	313
AT1G16760	0	0	0	0	0	0
AT1G16770	22	17	25	14	16	13
AT1G16780	365	108	343	315	271	262
AT1G16790	3	0	0	3	2	0
AT1G16800	296	74	256	290	241	257
AT1G16810	1538	1806	1229	1446	1014	1265
AT1G16820	50	36	42	34	24	27
AT1G16825	60	82	51	63	69	79
AT1G16830	52	41	48	73	47	30
AT1G16840	954	788	688	738	588	731
AT1G16850	194	11	138	38	11	7
AT1G16860	609	248	509	580	543	590
AT1G16870	528	317	365	491	627	509
AT1G16880	4562	4309	3493	4279	4663	5448
AT1G16890	1450	1192	1227	1272	1005	1122
AT1G16900	305	114	218	208	296	256
AT1G16905	0	0	2	0	0	0
AT1G16910	1	7	1	14	5	8
AT1G16916	81	167	62	87	46	80
AT1G16920	905	1107	603	726	624	776
AT1G16930	140	58	111	90	52	109
AT1G16940	0	0	0	0	0	0
AT1G16945	0	0	0	0	0	0
AT1G16950	0	0	0	0	0	0
AT1G16960	233	125	181	164	86	119
AT1G16970	284	136	260	235	229	256
AT1G16980	0	0	0	0	0	0
AT1G17000	0	0	0	0	1	0
AT1G17010	0	0	0	0	0	0
AT1G17020	95	73	74	171	71	90
AT1G17030	0	2	0	2	16	2
AT1G17040	226	57	120	132	112	137
AT1G17050	252	345	191	166	603	518
AT1G17060	43	33	37	62	89	132
AT1G17065	6	16	9	10	3	8
AT1G17070	250	149	225	227	268	280
AT1G17080	474	453	371	407	258	350
AT1G17090	35	21	27	19	12	15
AT1G17100	742	739	554	583	700	623
AT1G17110	1795	477	1374	1473	1386	1573
AT1G17120	326	244	282	298	294	323
AT1G17130	1175	725	774	917	907	886
AT1G17140	1009	731	835	706	813	857
AT1G17145	727	249	519	528	434	601
AT1G17147	276	120	206	451	29	136
AT1G17150	0	0	0	0	0	0
AT1G17160	392	268	341	416	366	442
AT1G17170	174	208	95	90	107	205
AT1G17180	13	45	3	6	26	37
AT1G17190	75	106	104	58	128	96
AT1G17200	733	1337	611	592	765	887
AT1G17210	1556	480	1211	1329	1239	1626
AT1G17220	4200	2964	3576	4589	8342	9442
AT1G17230	0	0	0	0	0	0
AT1G17232	0	0	0	0	0	0
AT1G17235	11	0	6	5	4	7
AT1G17240	32	8	15	28	28	9
AT1G17250	0	0	0	0	0	0
AT1G17255	23	11	9	30	11	24
AT1G17260	35	1	23	19	22	17
AT1G17270	107	50	100	119	75	89
AT1G17280	910	557	748	738	617	792
AT1G17285	0	1	2	0	2	1
AT1G17290	3256	1795	2803	3212	3805	3548
AT1G17300	2	1	3	0	0	0
AT1G17310	1	0	0	0	0	0
AT1G17330	320	277	310	332	277	280
AT1G17340	582	222	512	726	528	640
AT1G17345	17	38	12	15	30	44
AT1G17350	174	227	130	140	164	189
AT1G17360	670	424	531	592	1082	1277
AT1G17370	1234	767	871	866	938	1095
AT1G17380	167	30	139	186	37	63
AT1G17400	21	11	17	26	8	21
AT1G17410	107	97	121	91	61	83
AT1G17420	681	113	610	1020	353	306
AT1G17430	104	136	107	135	97	151
AT1G17440	1324	253	1073	1123	1078	1146
AT1G17450	487	135	414	507	481	490
AT1G17455	210	131	207	240	120	147
AT1G17460	319	54	245	224	111	110
AT1G17470	2085	1218	1793	2072	1851	2015
AT1G17480	83	49	51	70	123	69
AT1G17490	583	574	376	427	304	309
AT1G17500	696	110	518	722	532	560
AT1G17510	118	82	101	87	69	83
AT1G17520	631	281	436	497	367	503
AT1G17530	394	327	307	355	229	288
AT1G17540	6	0	5	1	1	0
AT1G17545	0	0	2	1	0	0
AT1G17550	796	207	559	496	385	415
AT1G17560	227	225	178	281	233	215
AT1G17570	0	0	0	0	0	0
AT1G17580	1025	243	771	1023	1361	1403
AT1G17590	172	104	146	120	106	117
AT1G17600	46	22	24	56	43	34
AT1G17610	5	5	2	4	9	3
AT1G17615	0	0	0	0	0	0
AT1G17620	577	452	576	517	569	603
AT1G17630	105	26	101	86	63	47
AT1G17640	151	93	127	139	113	156
AT1G17650	655	825	482	645	916	952
AT1G17660	0	0	0	0	0	0
AT1G17665	463	46	327	396	46	37
AT1G17670	0	0	0	0	0	0
AT1G17680	621	207	534	577	488	510
AT1G17690	444	246	409	588	644	637
AT1G17700	158	94	114	104	68	93
AT1G17710	3320	66	2800	1586	47	89
AT1G17720	1330	553	1058	1268	1121	1160
AT1G17730	559	463	370	421	439	505
AT1G17744	0	0	1	0	0	0
AT1G17745	648	156	487	284	163	158
AT1G17750	97	8	52	56	31	19
AT1G17760	772	245	569	582	556	566
AT1G17770	0	0	0	0	0	0
AT1G17780	355	233	239	266	220	349
AT1G17790	171	74	144	162	123	140
AT1G17800	0	0	0	0	0	0
AT1G17810	1	0	0	1	0	0
AT1G17820	0	0	0	0	0	0
AT1G17830	406	35	325	87	45	51
AT1G17840	1585	1000	1211	1116	2056	1980
AT1G17850	453	142	334	377	769	664
AT1G17860	4	0	2	1	0	4
AT1G17870	72	20	54	62	62	56
AT1G17880	3957	6159	2880	3974	5728	4771
AT1G17890	342	281	293	354	459	377
AT1G17910	0	0	0	0	0	0
AT1G17920	123	85	90	99	155	188
AT1G17930	220	125	209	219	187	189
AT1G17940	511	242	370	337	302	374
AT1G17950	8	2	7	4	2	7
AT1G17960	20	38	24	29	132	49
AT1G17970	277	353	236	297	369	426
AT1G17980	915	536	693	765	694	906
AT1G17990	5	2	6	4	7	13
AT1G18000	0	0	0	0	0	0
AT1G18010	0	0	0	0	0	2
AT1G18020	3	0	1	1	2	2
AT1G18030	232	290	154	256	212	258
AT1G18040	220	87	197	224	259	210
AT1G18050	14	0	7	0	0	0
AT1G18060	644	2660	503	759	1457	1907
AT1G18070	2170	1497	1747	2169	2797	2588
AT1G18075	44	7	20	14	14	6
AT1G18080	2889	4737	2423	3503	5036	4055
AT1G18090	109	56	87	99	132	103
AT1G18100	1	0	2	0	0	0
AT1G18130	0	0	0	0	0	0
AT1G18140	14	1	8	14	8	7
AT1G18150	1090	430	844	917	733	888
AT1G18160	1365	459	1039	1296	1047	1326
AT1G18170	685	696	529	619	619	669
AT1G18180	43	76	40	41	60	73
AT1G18190	557	187	366	449	517	587
AT1G18193	2	0	0	0	0	0
AT1G18197	8	4	1	11	5	3
AT1G18200	90	14	90	55	17	31
AT1G18210	1184	765	991	671	558	586
AT1G18220	0	0	0	0	0	0
AT1G18250	367	338	305	339	525	409
AT1G18260	1200	474	920	1090	963	1266
AT1G18265	30	81	23	44	62	68
AT1G18270	1204	495	970	1682	1196	1642
AT1G18280	0	2	0	2	0	1
AT1G18290	8	6	5	10	12	4
AT1G18300	660	304	509	415	67	316
AT1G18310	0	0	0	0	0	0
AT1G18320	11	11	14	16	13	10
AT1G18330	86	121	72	240	179	351
AT1G18335	185	133	121	157	132	186
AT1G18340	134	145	145	192	218	213
AT1G18350	12	3	7	11	8	7
AT1G18360	397	265	306	256	310	323
AT1G18370	377	267	326	462	996	764
AT1G18382	1	1	2	8	0	1
AT1G18390	347	103	247	348	242	190
AT1G18400	550	538	429	705	358	415
AT1G18410	4	2	1	11	5	8
AT1G18415	42	37	26	43	31	48
AT1G18420	0	0	0	0	0	0
AT1G18430	0	0	0	0	0	0
AT1G18440	208	156	154	170	248	233
AT1G18450	897	556	707	812	716	859
AT1G18460	425	203	396	724	681	906
AT1G18470	1054	414	778	766	521	702
AT1G18480	277	167	214	279	226	201
AT1G18485	283	216	260	357	367	444
AT1G18486	0	0	0	1	0	0
AT1G18490	190	151	126	143	167	173
AT1G18500	1911	1189	1614	2323	2377	2347
AT1G18510	1	0	0	0	0	0
AT1G18520	0	0	0	0	0	0
AT1G18530	0	0	0	0	0	0
AT1G18540	4337	7416	3367	5012	7741	5680
AT1G18550	243	97	215	174	234	183
AT1G18560	121	55	109	151	137	112
AT1G18570	1769	432	1225	2460	372	608
AT1G18580	478	190	396	483	340	359
AT1G18590	549	319	409	471	703	491
AT1G18600	208	140	204	204	321	278
AT1G18610	216	127	169	190	193	245
AT1G18620	2166	1282	1772	2242	2032	3256
AT1G18630	104	92	109	131	154	103
AT1G18640	436	422	403	456	439	498
AT1G18650	665	795	494	514	675	696
AT1G18660	913	440	725	777	958	1033
AT1G18670	427	190	377	343	352	450
AT1G18680	105	154	89	113	93	111
AT1G18690	257	147	197	253	173	243
AT1G18700	1176	623	921	970	892	1042
AT1G18710	184	12	92	55	12	9
AT1G18720	1518	698	1233	1189	719	615
AT1G18730	522	672	482	549	535	814
AT1G18735	2	0	5	3	2	1
AT1G18740	1151	616	934	831	363	707
AT1G18745	86	87	80	76	44	56
AT1G18750	179	44	139	105	100	137
AT1G18760	0	0	0	0	0	0
AT1G18770	0	0	0	0	0	0
AT1G18773	57	91	56	79	45	100
AT1G18780	0	0	0	0	0	0
AT1G18790	0	0	0	0	0	0
AT1G18800	963	720	753	818	994	752
AT1G18810	70	130	69	70	250	228
AT1G18820	0	0	0	0	0	0
AT1G18830	6	2	3	12	7	10
AT1G18835	4	10	5	10	4	17
AT1G18840	748	325	594	569	608	594
AT1G18850	238	167	198	237	224	162
AT1G18860	16	0	10	11	6	1
AT1G18870	206	41	170	60	59	62
AT1G18871	0	0	0	0	0	0
AT1G18879	0	0	0	0	0	0
AT1G18880	84	23	65	40	61	74
AT1G18890	456	322	398	366	413	455
AT1G18900	269	46	248	299	290	276
AT1G18910	146	50	120	163	135	187
AT1G18940	9	12	4	6	9	15
AT1G18950	1185	676	893	978	960	1106
AT1G18960	5	0	0	1	1	0
AT1G18970	0	2	0	2	2	2
AT1G18975	0	0	0	0	0	0
AT1G18980	0	0	0	1	0	0
AT1G18990	8	7	6	9	1	5
AT1G19000	3072	1838	2394	2884	2347	3233
AT1G19010	184	155	141	169	167	186
AT1G19020	2007	690	1417	2281	381	569
AT1G19025	153	39	99	66	51	70
AT1G19040	27	2	24	21	0	0
AT1G19050	986	957	811	1044	375	761
AT1G19060	0	0	0	0	0	0
AT1G19070	20	0	5	12	4	7
AT1G19080	93	55	82	66	74	63
AT1G19086	0	0	0	0	0	0
AT1G19090	0	0	0	0	0	0
AT1G19100	226	73	210	188	235	224
AT1G19110	1023	613	894	1050	1071	1452
AT1G19115	2	1	0	1	0	0
AT1G19120	212	331	182	218	189	215
AT1G19130	588	492	452	454	312	374
AT1G19140	154	274	104	159	333	247
AT1G19150	564	1400	413	461	1027	1379
AT1G19160	3	1	2	7	5	1
AT1G19170	258	148	182	185	180	189
AT1G19180	1841	313	1508	2263	304	527
AT1G19190	15	22	13	14	18	3
AT1G19200	667	26	541	491	33	28
AT1G19210	33	0	26	5	0	3
AT1G19220	583	138	425	521	602	668
AT1G19230	39	13	45	33	29	36
AT1G19240	143	187	126	142	142	107
AT1G19250	25	2	29	9	9	1
AT1G19260	0	0	0	0	0	0
AT1G19270	307	89	263	374	249	251
AT1G19290	185	60	151	180	170	188
AT1G19300	527	95	422	357	202	209
AT1G19310	328	203	273	281	160	212
AT1G19320	7	12	16	24	7	10
AT1G19330	459	185	366	177	157	189
AT1G19340	109	41	74	72	48	43
AT1G19350	3365	1438	2793	2895	2610	2826
AT1G19360	282	85	219	303	351	403
AT1G19370	784	195	626	690	310	353
AT1G19371	1	0	2	0	0	0
AT1G19373	0	2	1	2	1	0
AT1G19376	1	0	0	1	0	0
AT1G19380	1018	716	710	1181	439	559
AT1G19390	0	1	0	0	0	0
AT1G19394	29	3	36	24	16	26
AT1G19396	46	37	41	49	46	52
AT1G19397	113	60	106	83	73	101
AT1G19400	1188	724	918	1006	617	1079
AT1G19410	0	1	1	0	1	1
AT1G19430	646	297	475	536	588	665
AT1G19440	293	211	286	336	360	302
AT1G19450	213	326	186	301	486	469
AT1G19460	0	0	0	0	0	0
AT1G19464	5	0	1	1	0	0
AT1G19470	0	0	0	0	0	0
AT1G19480	129	87	144	137	146	116
AT1G19485	903	287	689	718	447	640
AT1G19490	87	37	68	40	75	68
AT1G19500	0	0	0	0	0	0
AT1G19510	15	7	9	13	0	4
AT1G19520	571	423	438	624	831	697
AT1G19530	261	345	146	257	140	291
AT1G19540	188	291	138	244	149	270
AT1G19550	0	0	0	0	0	0
AT1G19565	1	0	1	2	0	0
AT1G19570	3399	2192	2659	2084	1965	1823
AT1G19580	416	295	368	423	375	378
AT1G19600	1054	960	849	952	992	1098
AT1G19610	25	76	14	77	77	29
AT1G19620	0	0	0	0	0	0
AT1G19630	18	3	25	2	5	2
AT1G19640	2	3	2	0	2	2
AT1G19650	279	138	182	252	301	293
AT1G19660	3787	2422	2847	3597	1922	3590
AT1G19670	290	309	207	364	659	416
AT1G19680	633	258	485	581	467	630
AT1G19690	323	182	196	210	219	196
AT1G19700	680	313	517	519	552	726
AT1G19710	242	91	214	228	180	191
AT1G19715	1718	728	1335	1310	1486	1950
AT1G19720	1338	366	1114	1573	2057	2662
AT1G19730	263	325	180	210	152	204
AT1G19740	1028	1595	954	1088	1326	1596
AT1G19750	20	11	10	12	12	19
AT1G19770	2842	1253	2727	4207	1702	2588
AT1G19780	5	2	7	6	3	2
AT1G19790	20	27	12	21	18	13
AT1G19800	455	289	348	392	564	451
AT1G19830	13	17	16	6	9	13
AT1G19835	2499	1312	1968	2052	2620	3463
AT1G19840	58	29	26	27	35	18
AT1G19850	475	140	399	383	439	427
AT1G19860	402	135	269	350	347	390
AT1G19870	2471	992	2009	2137	1822	2320
AT1G19880	920	560	701	717	845	866
AT1G19890	0	0	0	0	0	0
AT1G19900	1	0	3	3	0	0
AT1G19910	1545	1628	1184	1299	938	1090
AT1G19920	1164	868	890	832	1347	1181
AT1G19930	0	0	0	0	0	0
AT1G19940	21	4	21	19	20	22
AT1G19950	186	136	118	180	235	256
AT1G19960	106	47	56	42	19	44
AT1G19968	6	1	4	0	0	5
AT1G19970	81	69	75	76	93	62
AT1G19980	134	99	109	145	73	146
AT1G19990	320	570	232	307	367	368
AT1G20000	0	0	0	0	0	0
AT1G20010	6248	5049	5079	6240	4384	5401
AT1G20015	0	0	0	0	0	0
AT1G20020	11501	11103	9720	14478	10885	14862
AT1G20030	144	65	149	101	110	86
AT1G20040	0	0	0	0	0	0
AT1G20050	1107	661	752	758	676	677
AT1G20060	97	60	87	100	198	109
AT1G20065	12	7	10	21	10	21
AT1G20070	0	0	0	0	0	0
AT1G20080	0	2	3	6	3	7
AT1G20090	1116	1554	919	907	1118	1406
AT1G20100	2077	1422	1515	1359	919	914
AT1G20110	1354	880	1117	1171	1396	1360
AT1G20120	26	14	17	17	24	12
AT1G20130	0	0	0	2	0	2
AT1G20132	0	0	0	0	0	0
AT1G20135	0	0	0	0	0	0
AT1G20140	119	99	110	100	77	54
AT1G20150	0	0	0	1	0	0
AT1G20160	208	79	177	143	199	175
AT1G20170	0	0	0	0	0	0
AT1G20180	0	0	0	0	0	0
AT1G20190	817	138	682	719	174	200
AT1G20200	787	517	717	747	1121	827
AT1G20210	0	0	0	0	0	0
AT1G20220	931	700	644	1001	1670	1227
AT1G20225	1093	765	863	912	701	771
AT1G20230	88	17	70	98	59	48
AT1G20240	0	0	0	0	0	0
AT1G20250	0	0	0	0	0	0
AT1G20260	2958	2071	2519	2934	3110	3364
AT1G20270	271	127	225	231	244	172
AT1G20280	0	0	0	0	0	0
AT1G20290	0	2	1	0	1	1
AT1G20300	224	132	181	221	219	191
AT1G20310	29	10	18	37	4	5
AT1G20320	3	0	0	1	0	0
AT1G20330	1733	2054	1557	1832	1834	2424
AT1G20340	35341	78210	30365	35909	46387	57839
AT1G20350	33	57	14	36	26	57
AT1G20360	0	0	0	0	0	0
AT1G20370	353	195	293	287	322	304
AT1G20375	2	0	0	0	0	0
AT1G20380	194	39	135	88	95	105
AT1G20400	70	38	40	31	54	65
AT1G20405	0	0	1	0	1	0
AT1G20410	264	109	245	262	243	228
AT1G20420	0	0	0	0	0	0
AT1G20430	326	460	230	270	184	225
AT1G20440	15282	6578	11647	11366	4845	6334
AT1G20450	19531	3788	14657	6745	2781	3209
AT1G20460	131	83	103	100	87	108
AT1G20470	4	16	6	2	8	16
AT1G20480	67	29	45	82	107	143
AT1G20490	111	92	75	75	104	94
AT1G20500	0	0	0	0	0	0
AT1G20510	1399	345	1132	1614	720	647
AT1G20515	9	5	4	1	5	4
AT1G20520	0	0	0	0	0	0
AT1G20530	52	26	44	27	22	13
AT1G20540	396	296	337	330	261	358
AT1G20550	110	43	83	84	106	118
AT1G20560	806	429	582	647	582	768
AT1G20570	27	10	30	26	14	28
AT1G20575	446	356	354	435	339	367
AT1G20580	721	784	591	594	656	613
AT1G20590	0	1	1	0	0	0
AT1G20600	3	0	2	1	2	0
AT1G20610	167	119	160	194	293	269
AT1G20620	126198	21149	107529	84215	28739	41553
AT1G20630	1529	1288	1248	1588	1680	2300
AT1G20640	433	163	297	365	351	491
AT1G20650	643	469	473	461	566	739
AT1G20670	1018	922	695	817	984	1173
AT1G20680	3	4	3	29	11	6
AT1G20683	0	0	0	0	0	0
AT1G20687	0	0	0	0	0	0
AT1G20690	0	0	0	0	0	0
AT1G20691	1	2	0	1	0	0
AT1G20693	7003	6259	5488	5504	3619	4627
AT1G20696	3501	2390	2716	2643	1304	1669
AT1G20700	0	2	1	5	2	1
AT1G20710	0	0	0	0	0	0
AT1G20720	114	15	57	109	91	82
AT1G20730	0	0	0	0	0	0
AT1G20735	65	0	34	9	0	0
AT1G20740	1	0	0	0	0	0
AT1G20750	0	0	0	0	1	0
AT1G20760	1071	494	948	1192	1318	1499
AT1G20770	414	365	329	401	369	396
AT1G20780	553	399	424	549	619	805
AT1G20790	0	0	0	0	0	0
AT1G20795	0	0	0	0	0	0
AT1G20800	0	0	0	0	0	0
AT1G20803	0	0	0	0	0	0
AT1G20810	650	1223	522	616	721	913
AT1G20816	190	248	139	139	198	189
AT1G20820	0	0	0	0	0	0
AT1G20823	263	101	199	194	53	94
AT1G20830	516	352	397	379	400	434
AT1G20840	1110	487	860	1230	632	717
AT1G20850	880	545	823	759	1028	1095
AT1G20860	20	0	13	10	0	0
AT1G20870	60	38	49	47	83	85
AT1G20875	0	0	0	0	0	0
AT1G20880	383	105	332	264	182	313
AT1G20890	236	268	178	216	151	167
AT1G20900	190	99	154	251	140	153
AT1G20910	354	170	269	293	250	306
AT1G20920	4352	4840	3107	2704	1946	2654
AT1G20923	0	0	1	0	0	0
AT1G20925	1	2	1	3	0	0
AT1G20930	252	149	202	153	225	211
AT1G20940	0	0	0	0	0	0
AT1G20950	799	534	688	724	1094	695
AT1G20960	2789	805	2360	2861	3891	3526
AT1G20970	3603	4551	2585	3200	3306	4407
AT1G20980	1770	399	1522	1881	1636	1793
AT1G20990	17	14	10	14	10	34
AT1G21000	982	346	828	732	456	620
AT1G21010	146	127	168	241	63	109
AT1G21050	461	530	351	561	421	605
AT1G21060	518	216	446	655	408	541
AT1G21065	1153	1930	924	1128	1055	1477
AT1G21070	205	118	157	211	126	125
AT1G21080	1038	462	780	1043	878	997
AT1G21090	207	95	151	144	156	134
AT1G21100	278	142	265	347	154	234
AT1G21110	128	19	86	133	17	22
AT1G21120	84	6	75	145	6	6
AT1G21130	5425	4309	4357	6349	3433	5207
AT1G21140	33	24	30	26	15	12
AT1G21150	87	65	75	71	73	62
AT1G21160	1100	1022	863	873	585	827
AT1G21170	457	152	407	438	422	422
AT1G21190	304	376	224	291	186	212
AT1G21200	174	76	143	147	113	153
AT1G21202	0	0	0	0	0	0
AT1G21210	28	26	24	13	5	6
AT1G21230	0	0	0	0	0	0
AT1G21240	6	1	9	24	2	1
AT1G21245	0	0	0	0	0	0
AT1G21250	524	60	498	363	230	160
AT1G21270	926	376	732	855	844	1015
AT1G21280	0	0	0	0	0	0
AT1G21310	2506	236	2429	2128	1863	788
AT1G21313	0	0	0	0	0	0
AT1G21320	184	34	156	110	57	44
AT1G21323	0	0	0	0	0	0
AT1G21326	107	40	84	219	30	88
AT1G21340	1	0	3	0	1	1
AT1G21350	708	738	511	612	843	940
AT1G21360	25	34	22	48	12	38
AT1G21370	264	144	204	299	178	197
AT1G21380	1272	557	1047	1120	984	1020
AT1G21390	192	93	107	143	78	83
AT1G21395	0	0	0	0	0	0
AT1G21400	1750	1474	1373	2665	869	1807
AT1G21410	252	143	227	192	200	230
AT1G21420	0	0	0	0	0	0
AT1G21430	0	0	0	0	0	0
AT1G21440	1045	1525	713	766	1460	1525
AT1G21450	784	393	657	759	698	885
AT1G21460	314	359	282	222	290	265
AT1G21470	9	6	9	4	5	6
AT1G21475	0	0	0	0	0	0
AT1G21480	269	193	240	273	263	278
AT1G21500	3009	8575	2525	3083	4051	5705
AT1G21510	20	35	16	26	38	17
AT1G21520	281	65	233	129	44	57
AT1G21528	0	1	0	0	0	2
AT1G21529	51	0	35	3	0	0
AT1G21530	0	0	1	2	0	0
AT1G21540	160	93	159	139	101	150
AT1G21550	42	41	21	47	28	28
AT1G21560	588	225	365	485	313	336
AT1G21580	1603	373	1171	1311	1401	1862
AT1G21590	1044	257	798	736	523	683
AT1G21600	2405	1510	1779	2261	1909	2160
AT1G21610	1207	492	945	1145	772	1023
AT1G21620	0	0	0	0	0	0
AT1G21630	2247	600	1894	2066	2373	2654
AT1G21640	1000	552	863	1091	1614	2207
AT1G21650	290	76	268	275	390	291
AT1G21651	25	23	11	12	5	15
AT1G21660	980	641	638	724	751	830
AT1G21670	1423	584	1226	1358	918	959
AT1G21680	6615	2144	5418	4480	2152	3242
AT1G21690	366	255	297	374	523	471
AT1G21695	10	9	14	13	10	19
AT1G21700	803	273	670	761	844	889
AT1G21710	233	160	154	175	188	201
AT1G21720	672	765	545	659	670	647
AT1G21722	0	0	0	0	0	0
AT1G21730	742	327	560	747	633	880
AT1G21738	0	0	0	0	0	0
AT1G21740	189	66	122	139	129	177
AT1G21750	4267	2542	3286	3978	3787	2851
AT1G21760	550	430	385	413	293	358
AT1G21770	82	70	74	56	43	61
AT1G21780	778	605	661	674	567	734
AT1G21790	149	161	127	137	188	180
AT1G21800	0	0	0	0	0	0
AT1G21810	104	57	53	58	116	87
AT1G21830	1186	693	936	1573	693	926
AT1G21835	0	0	0	0	0	0
AT1G21840	89	41	63	74	49	58
AT1G21850	0	0	0	0	0	0
AT1G21860	0	0	0	0	0	0
AT1G21864	0	0	0	0	0	0
AT1G21866	0	0	0	0	0	0
AT1G21870	0	0	1	0	0	0
AT1G21880	418	345	379	389	528	480
AT1G21890	26	2	17	7	5	3
AT1G21900	450	480	342	466	408	414
AT1G21910	383	864	315	1034	669	1175
AT1G21920	1069	523	912	1175	541	825
AT1G21925	0	0	0	0	0	0
AT1G21928	0	0	0	0	0	0
AT1G21930	472	752	329	404	394	521
AT1G21940	2	0	0	0	0	0
AT1G21950	0	0	0	0	0	1
AT1G21960	0	0	0	0	0	0
AT1G21970	0	0	0	2	0	0
AT1G21980	939	317	769	1082	710	694
AT1G21990	0	0	0	0	0	0
AT1G22000	1	1	1	0	0	0
AT1G22010	0	0	0	0	0	0
AT1G22015	0	0	0	0	0	0
AT1G22020	569	277	395	603	558	584
AT1G22030	83	117	72	78	111	107
AT1G22040	306	157	215	231	209	254
AT1G22050	74	71	66	53	90	93
AT1G22060	1737	398	1445	1739	1583	1916
AT1G22065	12	13	11	5	5	2
AT1G22070	1830	468	1347	1071	609	637
AT1G22080	0	0	0	0	0	0
AT1G22090	0	0	0	0	0	0
AT1G22100	0	0	0	0	0	0
AT1G22110	14	18	14	14	9	17
AT1G22120	0	0	0	0	0	0
AT1G22130	19	0	1	5	0	0
AT1G22140	226	305	168	204	133	163
AT1G22150	90	1	66	40	28	11
AT1G22160	252	146	198	102	66	154
AT1G22170	422	115	329	191	132	120
AT1G22180	323	111	250	245	131	164
AT1G22190	3084	913	2226	1845	420	940
AT1G22200	791	367	580	616	666	654
AT1G22210	0	0	0	0	1	0
AT1G22220	118	27	78	70	52	24
AT1G22230	61	48	45	37	35	36
AT1G22240	3	0	0	3	1	0
AT1G22250	24	42	23	15	21	18
AT1G22260	24	5	19	19	28	26
AT1G22270	276	568	247	340	303	319
AT1G22275	37	4	32	37	31	30
AT1G22280	1099	498	775	962	537	569
AT1G22290	1	1	0	0	0	0
AT1G22300	3839	5099	3038	3879	3360	3123
AT1G22310	478	311	308	413	309	382
AT1G22320	0	0	0	0	0	0
AT1G22330	510	526	423	547	574	868
AT1G22340	16	5	6	12	9	19
AT1G22360	1157	1412	985	1414	1466	1470
AT1G22370	442	133	353	291	140	246
AT1G22380	22	18	31	13	24	26
AT1G22400	582	568	442	642	593	717
AT1G22403	186	101	94	150	101	129
AT1G22410	2246	1134	1989	1788	3605	2384
AT1G22420	0	0	0	0	0	0
AT1G22430	1285	1400	973	1157	1250	1487
AT1G22440	13	2	10	8	10	6
AT1G22450	1391	1485	1157	1200	1534	1521
AT1G22460	0	0	0	0	0	2
AT1G22470	10	20	10	25	8	6
AT1G22480	3	1	3	0	0	0
AT1G22490	119	54	58	70	61	74
AT1G22500	141	256	143	270	228	277
AT1G22510	136	110	120	98	103	111
AT1G22520	302	531	277	254	289	248
AT1G22530	2828	4256	2382	3518	3606	4647
AT1G22540	199	162	172	213	202	225
AT1G22550	143	229	125	144	272	416
AT1G22570	495	355	441	420	396	617
AT1G22590	233	358	172	261	248	325
AT1G22600	9	7	11	15	25	12
AT1G22610	0	0	0	0	0	0
AT1G22620	904	653	743	847	721	880
AT1G22630	514	914	495	515	653	639
AT1G22640	324	288	247	262	176	281
AT1G22650	238	223	210	260	233	229
AT1G22660	372	230	293	308	394	374
AT1G22670	2	0	0	0	0	0
AT1G22680	0	1	2	0	1	3
AT1G22690	627	1691	527	846	903	1349
AT1G22700	1747	2987	1200	1645	1992	2193
AT1G22710	1799	1089	1656	1506	1480	1919
AT1G22720	0	0	0	0	2	0
AT1G22730	798	432	599	768	660	784
AT1G22740	607	586	473	504	246	458
AT1G22750	304	458	206	270	467	500
AT1G22760	0	1	0	0	2	5
AT1G22770	3373	648	2854	3071	1297	1559
AT1G22780	1883	3824	1431	2049	2522	2145
AT1G22790	537	412	411	446	272	389
AT1G22800	0	0	0	0	0	0
AT1G22810	0	0	0	0	0	0
AT1G22830	128	26	108	104	77	48
AT1G22840	1269	1767	986	1182	1315	1193
AT1G22850	1337	1395	1088	975	1852	1879
AT1G22860	474	136	344	381	308	372
AT1G22870	571	147	463	462	419	483
AT1G22880	236	112	207	260	136	197
AT1G22882	922	596	647	847	793	988
AT1G22885	341	544	272	304	294	398
AT1G22890	1250	990	918	1000	574	1211
AT1G22900	66	55	52	43	97	65
AT1G22910	702	478	557	712	620	644
AT1G22920	368	338	318	342	422	362
AT1G22930	4284	1291	3308	3486	2550	3510
AT1G22940	453	343	297	330	336	349
AT1G22950	370	160	311	323	266	252
AT1G22960	136	104	134	193	152	173
AT1G22970	325	254	306	300	243	251
AT1G22980	15	7	1	7	4	4
AT1G22985	69	86	82	78	57	82
AT1G22990	218	3	176	118	2	2
AT1G23000	292	96	199	191	227	200
AT1G23010	50	34	49	66	77	55
AT1G23020	1332	731	1105	1543	1667	1875
AT1G23030	445	556	378	658	793	1146
AT1G23037	0	0	0	0	0	0
AT1G23040	258	182	189	211	141	147
AT1G23050	0	0	0	0	0	0
AT1G23052	0	0	0	0	0	0
AT1G23060	111	15	113	91	15	28
AT1G23070	18	0	8	2	0	0
AT1G23080	3467	1381	2876	3732	1747	2220
AT1G23090	642	418	578	602	637	710
AT1G23100	62	106	40	72	90	41
AT1G23110	1037	20	814	202	10	38
AT1G23120	111	40	69	81	18	36
AT1G23130	8272	6810	6792	6420	4523	6142
AT1G23140	604	117	472	256	71	75
AT1G23145	0	0	0	0	0	0
AT1G23147	0	0	2	0	0	0
AT1G23150	138	69	106	91	78	52
AT1G23160	6	0	1	5	0	1
AT1G23170	105	53	88	89	136	92
AT1G23180	607	329	489	599	1009	877
AT1G23190	1680	1166	1365	1399	2062	1548
AT1G23200	65	18	76	44	23	26
AT1G23201	0	0	0	0	0	0
AT1G23205	54	83	45	52	224	103
AT1G23210	1	0	0	1	0	1
AT1G23220	275	366	225	252	234	254
AT1G23230	809	195	679	713	905	701
AT1G23240	0	0	0	0	0	0
AT1G23250	0	0	0	0	0	0
AT1G23260	852	892	525	615	522	615
AT1G23270	0	0	0	0	0	0
AT1G23280	632	534	523	737	660	546
AT1G23290	0	0	0	0	0	0
AT1G23300	0	0	0	0	0	0
AT1G23310	19915	35350	15858	24915	34823	52715
AT1G23320	0	0	0	0	0	0
AT1G23330	176	115	194	163	227	219
AT1G23340	46	12	33	107	54	49
AT1G23350	3	5	1	5	4	4
AT1G23360	395	405	276	327	373	470
AT1G23380	122	87	80	64	82	100
AT1G23390	829	2862	682	1536	2215	3099
AT1G23400	1374	1603	1125	1449	2086	2435
AT1G23410	0	0	0	0	0	0
AT1G23420	0	0	0	0	0	0
AT1G23440	639	580	495	461	415	514
AT1G23450	22	4	19	14	11	17
AT1G23460	169	107	116	152	233	217
AT1G23465	11	10	14	11	14	17
AT1G23480	309	342	248	368	673	857
AT1G23490	3526	4057	2797	2791	2800	3074
AT1G23500	1	0	0	0	0	1
AT1G23510	3	0	2	1	0	0
AT1G23520	1	0	0	0	1	0
AT1G23530	59	33	43	24	30	30
AT1G23540	2	0	1	3	2	0
AT1G23550	25	41	12	9	31	29
AT1G23560	9	5	6	4	1	1
AT1G23570	1	0	0	0	1	3
AT1G23580	1	3	1	0	2	1
AT1G23590	0	0	0	0	0	0
AT1G23600	1	3	1	2	5	2
AT1G23610	0	0	0	0	0	0
AT1G23640	0	0	0	0	0	0
AT1G23645	0	0	0	0	0	0
AT1G23650	0	0	0	0	0	0
AT1G23660	0	0	0	0	0	0
AT1G23670	0	0	0	0	0	0
AT1G23680	0	0	0	0	0	0
AT1G23690	0	0	0	0	0	0
AT1G23700	4	0	1	1	5	2
AT1G23710	1268	384	1031	1205	148	398
AT1G23720	44	0	72	21	2	3
AT1G23730	182	119	113	77	69	104
AT1G23740	378	1187	317	356	1855	1784
AT1G23750	136	219	125	110	162	165
AT1G23760	7	5	10	12	7	6
AT1G23770	0	0	1	0	0	0
AT1G23780	693	356	532	563	444	576
AT1G23790	122	93	67	109	200	164
AT1G23800	114	50	82	106	117	99
AT1G23810	1	0	0	0	0	0
AT1G23820	1392	869	1059	1137	1145	1056
AT1G23830	1	3	3	2	2	2
AT1G23840	40	40	24	51	30	44
AT1G23850	18	34	15	41	67	63
AT1G23860	643	711	488	560	409	565
AT1G23870	1239	809	1035	1692	1663	2285
AT1G23880	105	79	77	115	123	125
AT1G23890	166	71	173	137	119	108
AT1G23900	1142	332	953	975	918	986
AT1G23910	0	0	0	0	0	0
AT1G23915	0	0	0	0	0	0
AT1G23935	60	13	38	24	71	68
AT1G23950	357	209	285	308	273	243
AT1G23960	994	718	781	996	636	823
AT1G23965	3	0	6	13	0	3
AT1G23970	95	54	59	75	60	64
AT1G23980	42	27	47	32	34	32
AT1G23985	0	0	0	0	0	0
AT1G23995	0	0	0	0	0	0
AT1G24000	0	0	0	0	1	1
AT1G24010	0	1	0	1	0	0
AT1G24020	1058	1577	942	981	1707	1082
AT1G24030	56	34	44	60	50	52
AT1G24040	521	275	380	428	439	526
AT1G24050	747	737	535	643	562	656
AT1G24060	0	0	0	0	0	0
AT1G24062	0	0	0	0	0	0
AT1G24068	0	0	0	3	0	0
AT1G24070	110	53	57	76	82	80
AT1G24080	0	0	0	0	0	0
AT1G24090	61	44	46	60	116	67
AT1G24095	35	55	28	41	79	39
AT1G24100	1487	1186	1234	1256	1505	1055
AT1G24110	0	0	0	0	0	0
AT1G24120	575	583	440	475	559	652
AT1G24130	5	3	5	4	0	0
AT1G24140	120	2	99	128	5	6
AT1G24145	200	31	114	130	29	24
AT1G24147	41	13	23	69	18	12
AT1G24148	231	111	185	198	85	136
AT1G24150	349	107	250	438	275	252
AT1G24159	0	0	1	0	0	0
AT1G24160	2372	1359	1773	2586	2045	3029
AT1G24170	650	1011	580	889	963	1271
AT1G24180	1046	1150	878	955	1512	1320
AT1G24190	1152	286	920	1075	1285	1376
AT1G24200	0	0	0	0	0	0
AT1G24210	27	34	22	27	19	28
AT1G24220	1	0	0	0	1	0
AT1G24230	0	0	0	0	0	0
AT1G24240	224	150	195	180	116	122
AT1G24250	0	0	0	0	0	0
AT1G24256	0	1	0	0	0	0
AT1G24260	298	589	233	328	507	579
AT1G24265	115	87	59	111	77	73
AT1G24267	1040	302	853	748	518	579
AT1G24270	26	8	19	11	12	6
AT1G24280	270	152	238	214	431	211
AT1G24290	86	63	47	84	76	84
AT1G24300	1140	322	950	1037	932	1057
AT1G24310	361	178	294	330	406	297
AT1G24320	4	0	0	2	0	1
AT1G24330	210	47	180	116	84	81
AT1G24340	254	95	247	343	428	506
AT1G24350	398	236	298	286	306	320
AT1G24360	1711	1772	1340	1642	1970	1709
AT1G24380	2	0	0	0	0	0
AT1G24388	0	0	0	0	0	0
AT1G24390	0	0	0	0	1	0
AT1G24400	105	64	100	81	68	52
AT1G24405	10	11	10	6	4	5
AT1G24420	4	0	0	0	2	0
AT1G24430	8	7	11	7	3	1
AT1G24440	257	301	191	290	199	302
AT1G24450	319	255	259	235	186	267
AT1G24460	1315	363	1069	1297	1396	1586
AT1G24470	17	18	5	14	23	17
AT1G24475	0	0	0	0	0	0
AT1G24480	1	0	2	0	0	0
AT1G24485	0	0	0	0	0	0
AT1G24490	1046	602	823	973	1018	881
AT1G24510	2123	1698	1856	2121	2838	2680
AT1G24520	0	1	1	0	4	2
AT1G24530	565	604	474	826	782	1226
AT1G24540	0	1	0	4	11	8
AT1G24545	0	0	0	0	0	0
AT1G24560	972	627	692	967	799	1018
AT1G24570	1	0	0	0	4	0
AT1G24575	500	265	399	309	243	233
AT1G24577	65	41	63	54	22	34
AT1G24580	126	18	123	12	29	19
AT1G24590	0	4	0	0	0	1
AT1G24600	66	39	29	26	19	17
AT1G24610	515	592	409	576	793	850
AT1G24620	0	0	0	0	0	0
AT1G24625	244	104	175	146	116	96
AT1G24650	0	0	0	0	0	0
AT1G24660	0	0	0	0	0	0
AT1G24706	1593	707	1094	1351	1729	1858
AT1G24735	13	7	11	4	3	5
AT1G24764	1054	446	860	944	855	854
AT1G24793	1	0	0	0	0	0
AT1G24800	0	0	0	0	1	0
AT1G24807	0	0	0	0	0	0
AT1G24822	0	0	0	0	0	0
AT1G24851	0	0	0	0	0	0
AT1G24880	0	0	0	0	0	0
AT1G24881	0	0	0	0	0	0
AT1G24909	0	0	0	0	0	0
AT1G24996	0	0	0	2	0	1
AT1G25025	0	0	0	0	0	0
AT1G25054	0	0	0	0	0	0
AT1G25055	0	0	0	0	0	0
AT1G25083	0	0	0	0	0	0
AT1G25097	0	0	0	0	0	0
AT1G25098	0	0	0	0	0	0
AT1G25112	0	0	0	0	0	0
AT1G25141	0	0	0	0	0	0
AT1G25145	0	0	0	0	0	0
AT1G25150	0	0	0	0	0	0
AT1G25155	0	0	0	0	0	0
AT1G25175	0	0	0	0	0	0
AT1G25180	0	0	0	0	0	0
AT1G25210	0	0	0	0	0	0
AT1G25211	0	0	0	0	0	0
AT1G25220	458	317	387	506	405	317
AT1G25230	1620	1097	1249	1433	893	1438
AT1G25240	0	0	3	1	0	0
AT1G25250	206	29	133	75	43	44
AT1G25260	1434	1305	996	1421	1196	1158
AT1G25270	0	0	0	0	0	0
AT1G25275	5797	5275	4234	5154	2917	4494
AT1G25277	70	42	50	33	36	39
AT1G25280	1035	376	773	794	724	775
AT1G25290	243	274	186	263	267	337
AT1G25300	0	0	0	0	0	0
AT1G25310	0	0	0	0	0	0
AT1G25320	215	161	215	246	171	156
AT1G25330	0	0	0	0	0	0
AT1G25340	0	0	0	0	0	0
AT1G25350	1398	649	1073	1374	1830	1586
AT1G25360	82	23	43	53	35	24
AT1G25370	208	96	146	185	123	157
AT1G25375	141	59	133	117	165	141
AT1G25380	799	494	630	650	537	592
AT1G25390	745	249	655	645	499	511
AT1G25400	361	392	244	818	176	377
AT1G25410	0	0	0	0	0	0
AT1G25420	480	393	337	319	307	410
AT1G25422	5	0	2	0	2	6
AT1G25425	97	28	77	59	53	30
AT1G25440	3149	1720	2552	2333	1383	2293
AT1G25450	615	672	546	506	997	1051
AT1G25460	18	21	19	24	18	26
AT1G25470	159	143	154	159	165	194
AT1G25480	295	149	172	224	179	270
AT1G25490	1664	1090	1299	1445	1743	1779
AT1G25500	102	41	65	84	31	41
AT1G25510	158	80	142	95	198	137
AT1G25520	209	247	166	129	271	211
AT1G25530	59	15	53	26	30	27
AT1G25540	1128	279	939	1015	970	1024
AT1G25550	3520	1542	2803	3511	2064	2575
AT1G25560	888	1244	706	1598	1143	1196
AT1G25570	684	378	570	566	636	612
AT1G25580	273	163	211	245	208	195
AT1G25682	804	570	570	544	488	687
AT1G25988	0	0	0	0	0	0
AT1G26090	200	184	160	181	232	212
AT1G26100	53	58	30	23	24	39
AT1G26110	3377	1209	2881	2978	3171	3245
AT1G26120	535	338	373	366	366	420
AT1G26130	348	65	283	305	268	279
AT1G26140	0	1	0	0	0	0
AT1G26150	2091	733	1626	1623	2007	2551
AT1G26160	580	433	413	458	431	510
AT1G26170	629	227	500	565	566	575
AT1G26180	357	285	279	275	355	356
AT1G26190	398	148	273	326	301	285
AT1G26200	12	11	3	12	5	12
AT1G26208	142	103	113	98	86	138
AT1G26210	0	0	0	0	0	0
AT1G26218	37	100	22	40	47	37
AT1G26220	0	0	0	0	0	0
AT1G26225	0	0	0	0	0	0
AT1G26230	450	321	376	381	657	612
AT1G26233	0	2	0	0	4	0
AT1G26235	0	0	0	0	0	0
AT1G26240	0	0	0	3	3	0
AT1G26250	0	0	0	0	0	0
AT1G26255	0	0	0	0	0	0
AT1G26260	198	99	128	103	111	113
AT1G26270	1743	1243	1334	1891	1602	1652
AT1G26290	0	0	0	0	0	0
AT1G26300	246	230	195	221	193	229
AT1G26310	6	11	1	2	2	5
AT1G26320	0	0	0	0	0	0
AT1G26330	37	9	45	52	77	48
AT1G26340	217	171	201	196	247	163
AT1G26350	0	0	0	0	0	0
AT1G26355	0	0	0	0	0	0
AT1G26360	0	0	0	1	0	0
AT1G26370	466	177	368	353	316	398
AT1G26380	91	5	62	241	20	3
AT1G26390	33	0	7	71	1	0
AT1G26400	1	0	0	0	0	0
AT1G26410	5	0	3	22	15	0
AT1G26420	32	12	26	70	60	5
AT1G26430	0	0	0	0	0	0
AT1G26440	435	196	395	396	234	272
AT1G26450	148	81	142	193	112	117
AT1G26460	569	395	477	576	906	724
AT1G26470	234	230	183	221	182	152
AT1G26480	0	0	0	0	0	0
AT1G26490	0	0	0	0	0	0
AT1G26500	25	4	8	14	17	14
AT1G26510	2	4	3	2	2	1
AT1G26515	0	0	0	0	0	0
AT1G26520	195	91	158	157	118	139
AT1G26530	8	13	11	10	9	12
AT1G26540	98	74	85	151	153	125
AT1G26550	1848	2031	1358	1436	1540	1601
AT1G26558	1	1	2	1	2	1
AT1G26560	198	105	169	136	304	214
AT1G26570	228	222	200	191	269	272
AT1G26580	3512	1773	2436	2638	1724	2742
AT1G26590	12	5	7	4	9	4
AT1G26600	42	37	25	51	31	26
AT1G26610	8	3	2	9	5	7
AT1G26620	513	167	431	518	487	532
AT1G26630	7112	10542	5756	7298	8758	7774
AT1G26640	518	373	411	327	307	354
AT1G26650	337	188	252	268	160	180
AT1G26660	145	52	121	86	82	89
AT1G26665	1072	319	810	847	223	276
AT1G26670	1564	944	1173	1355	627	1205
AT1G26680	3	2	3	7	9	11
AT1G26690	330	419	234	311	224	257
AT1G26700	0	0	0	0	0	0
AT1G26710	0	0	0	0	0	0
AT1G26720	0	0	0	0	0	0
AT1G26730	95	16	59	79	34	64
AT1G26740	199	260	179	158	229	197
AT1G26750	284	369	291	325	375	354
AT1G26760	47	23	45	51	66	50
AT1G26761	220	430	166	237	390	488
AT1G26762	6	0	0	0	0	1
AT1G26770	823	260	614	447	456	363
AT1G26773	0	0	0	0	0	0
AT1G26780	28	13	18	24	14	17
AT1G26790	0	1	0	1	0	1
AT1G26795	0	0	0	0	0	0
AT1G26796	0	0	0	0	0	0
AT1G26797	0	0	0	0	0	0
AT1G26798	0	0	0	0	0	0
AT1G26799	0	0	0	0	0	0
AT1G26800	95	208	95	146	78	179
AT1G26810	158	48	127	157	91	125
AT1G26815	0	0	0	0	0	1
AT1G26820	17	27	14	6	63	42
AT1G26830	2078	1397	1644	2117	2325	2399
AT1G26840	58	45	34	55	58	44
AT1G26850	4163	1971	3336	3663	3977	3713
AT1G26870	0	0	0	0	0	0
AT1G26880	1632	2133	1253	1968	2125	1691
AT1G26890	31	6	20	10	16	18
AT1G26900	140	63	108	81	102	92
AT1G26910	116	125	112	145	123	98
AT1G26920	766	849	599	638	704	839
AT1G26921	0	0	0	0	0	0
AT1G26930	142	141	115	139	186	200
AT1G26940	186	145	124	165	143	135
AT1G26945	478	251	403	758	295	285
AT1G26960	126	119	115	123	150	134
AT1G26970	6	0	7	0	3	2
AT1G26973	0	0	0	0	0	1
AT1G26975	0	0	0	0	0	0
AT1G26976	0	1	0	0	0	0
AT1G26985	0	0	0	0	0	0
AT1G27000	1038	808	853	829	723	832
AT1G27008	0	0	0	2	0	0
AT1G27020	4897	1949	3575	5807	2411	2111
AT1G27030	701	239	500	350	308	353
AT1G27040	11	6	5	5	11	3
AT1G27045	14	13	9	23	9	23
AT1G27050	172	163	139	142	154	140
AT1G27060	49	33	32	44	45	44
AT1G27070	299	81	241	234	206	212
AT1G27080	0	0	4	2	0	0
AT1G27090	2853	2113	2213	3254	2987	3211
AT1G27100	2600	1412	1982	2352	782	1418
AT1G27110	16	4	2	5	3	16
AT1G27120	156	87	94	142	211	213
AT1G27130	1181	1384	999	1026	1059	1055
AT1G27135	0	0	0	0	0	0
AT1G27140	6	0	6	1	0	0
AT1G27150	844	415	641	798	517	729
AT1G27160	1	0	0	0	0	0
AT1G27170	49	4	43	41	35	45
AT1G27180	103	52	114	130	109	141
AT1G27190	724	414	578	596	555	576
AT1G27200	527	184	419	329	268	341
AT1G27210	1347	842	997	1254	902	1225
AT1G27220	0	0	0	0	0	0
AT1G27240	1	0	0	0	0	0
AT1G27250	0	0	0	0	0	0
AT1G27260	0	0	0	0	0	0
AT1G27270	0	0	0	0	0	0
AT1G27280	0	0	0	0	0	0
AT1G27290	810	1053	741	935	846	1168
AT1G27300	498	467	399	516	342	527
AT1G27310	1484	1752	1137	1386	1311	1408
AT1G27320	2634	724	2002	2219	1960	2550
AT1G27330	855	1416	668	845	966	768
AT1G27340	648	291	511	573	503	567
AT1G27350	1105	1179	805	1150	991	975
AT1G27360	121	46	80	68	69	87
AT1G27370	280	111	230	174	176	213
AT1G27380	24	12	7	9	9	3
AT1G27385	553	675	437	535	558	637
AT1G27390	750	496	600	672	733	610
AT1G27400	3188	4691	2716	3503	4571	3563
AT1G27410	209	56	167	176	123	183
AT1G27420	92	39	64	67	47	47
AT1G27430	1113	407	886	1117	1063	1176
AT1G27435	467	684	294	478	377	373
AT1G27440	307	82	216	197	128	147
AT1G27450	2165	2249	1668	2084	1740	1586
AT1G27460	792	536	577	885	1076	1350
AT1G27461	7	0	11	0	0	0
AT1G27470	509	177	468	632	544	475
AT1G27480	679	465	493	572	523	499
AT1G27490	0	0	0	0	0	0
AT1G27500	141	106	134	155	201	234
AT1G27510	1422	1005	1070	1403	1846	2058
AT1G27520	1270	392	903	926	602	945
AT1G27530	1506	1041	1074	1149	1026	1122
AT1G27535	0	0	1	0	0	0
AT1G27540	164	112	146	160	170	194
AT1G27550	0	0	0	0	0	0
AT1G27555	0	0	0	0	0	0
AT1G27565	0	0	0	0	0	0
AT1G27570	0	0	0	0	0	0
AT1G27580	1	0	0	2	0	0
AT1G27595	738	266	664	776	842	953
AT1G27600	905	614	659	771	545	791
AT1G27610	3	0	0	2	0	0
AT1G27620	9	7	20	13	16	8
AT1G27630	1214	221	857	865	320	398
AT1G27640	0	0	0	0	0	0
AT1G27650	1468	998	1103	1253	1013	1309
AT1G27660	225	47	149	101	106	103
AT1G27670	21	8	18	36	3	13
AT1G27680	395	140	301	322	257	233
AT1G27690	377	211	269	305	238	274
AT1G27695	17	27	12	12	15	13
AT1G27700	93	82	108	152	111	132
AT1G27710	0	0	0	0	0	0
AT1G27720	56	24	45	27	53	56
AT1G27730	2156	868	1714	2925	138	1071
AT1G27740	2	0	9	3	0	0
AT1G27750	792	325	600	706	629	766
AT1G27752	985	421	768	842	767	996
AT1G27760	1488	326	1213	715	631	544
AT1G27770	2395	450	1916	3107	800	1039
AT1G27820	1	2	0	0	1	0
AT1G27840	317	133	280	269	244	251
AT1G27850	862	249	729	885	872	989
AT1G27860	3	0	1	0	1	0
AT1G27870	0	0	0	0	0	0
AT1G27880	40	19	30	48	52	39
AT1G27890	0	0	5	0	2	1
AT1G27900	453	208	328	421	427	407
AT1G27910	434	197	348	385	396	446
AT1G27920	16	5	5	6	3	10
AT1G27921	155	25	92	110	96	159
AT1G27930	761	857	639	611	675	669
AT1G27940	14	15	22	7	46	46
AT1G27950	3651	4765	2716	2827	5229	4384
AT1G27960	244	190	184	180	237	260
AT1G27970	1111	1079	886	1018	1214	1028
AT1G27980	928	411	722	965	716	824
AT1G27990	5	0	7	5	0	0
AT1G28000	0	0	0	0	0	0
AT1G28005	0	0	0	0	0	0
AT1G28010	210	217	177	280	459	400
AT1G28020	0	0	0	0	0	0
AT1G28030	0	0	0	0	0	0
AT1G28040	3	0	2	0	0	0
AT1G28050	1129	205	877	844	241	229
AT1G28060	1170	763	869	1061	1326	1268
AT1G28070	94	75	87	105	40	59
AT1G28080	6	8	1	8	4	7
AT1G28090	652	373	581	509	448	483
AT1G28100	134	108	128	155	150	250
AT1G28110	185	97	140	153	249	276
AT1G28120	514	437	430	511	572	541
AT1G28130	298	197	248	290	429	407
AT1G28135	0	0	0	0	0	0
AT1G28140	1149	1158	896	1020	840	857
AT1G28150	651	797	539	593	473	551
AT1G28160	0	0	0	0	0	0
AT1G28170	0	0	0	0	0	0
AT1G28180	0	0	0	0	0	0
AT1G28190	704	130	503	810	110	132
AT1G28200	823	559	717	790	774	833
AT1G28210	170	70	117	178	145	122
AT1G28220	0	3	0	1	0	1
AT1G28230	140	46	130	65	73	75
AT1G28240	1330	498	1041	1546	1174	1324
AT1G28250	277	312	236	237	265	303
AT1G28260	1017	336	838	901	593	913
AT1G28265	0	0	0	0	0	0
AT1G28270	1	0	0	0	0	0
AT1G28280	1350	948	1089	1211	1249	1169
AT1G28290	4236	2680	3192	3083	3415	3003
AT1G28300	1	3	2	0	2	1
AT1G28305	0	0	0	0	0	0
AT1G28306	0	0	0	0	0	0
AT1G28310	253	106	238	186	243	276
AT1G28320	988	453	800	1028	824	1061
AT1G28327	0	0	0	0	0	0
AT1G28330	10236	3856	8190	8686	1093	3138
AT1G28335	0	0	0	0	0	0
AT1G28340	1170	512	842	941	1030	1080
AT1G28350	686	382	471	674	826	716
AT1G28360	78	17	73	28	17	15
AT1G28370	652	130	551	576	29	108
AT1G28375	0	0	0	0	0	0
AT1G28380	1787	303	1442	1816	757	917
AT1G28390	106	62	68	75	99	74
AT1G28395	264	210	217	226	252	201
AT1G28400	2265	628	1782	1752	1846	1435
AT1G28410	607	351	433	502	388	464
AT1G28420	1485	644	1204	1404	1336	1322
AT1G28430	0	0	1	0	0	0
AT1G28440	1527	589	1211	1323	1191	1243
AT1G28450	1	0	1	0	1	0
AT1G28460	0	0	0	0	0	0
AT1G28470	30	6	11	21	22	18
AT1G28480	19	2	33	17	1	3
AT1G28490	639	642	506	495	432	515
AT1G28500	0	0	0	0	0	0
AT1G28510	364	333	310	323	407	381
AT1G28520	1460	450	1032	1115	809	925
AT1G28530	219	104	171	177	233	176
AT1G28540	145	101	122	104	130	132
AT1G28550	1	1	1	0	2	0
AT1G28560	77	31	48	60	58	57
AT1G28570	135	43	88	57	80	68
AT1G28580	1405	647	1132	1216	843	851
AT1G28590	0	0	0	2	0	0
AT1G28600	1205	408	911	822	737	664
AT1G28610	136	105	125	65	268	212
AT1G28630	0	0	0	0	0	0
AT1G28640	0	0	0	0	2	0
AT1G28650	1	0	2	0	0	0
AT1G28660	906	705	672	844	927	900
AT1G28670	954	772	751	815	1119	1101
AT1G28680	128	104	116	118	66	56
AT1G28685	7	5	4	13	5	5
AT1G28690	32	12	27	32	29	32
AT1G28695	0	0	0	0	0	0
AT1G28700	0	0	0	0	0	0
AT1G28710	350	95	332	248	232	174
AT1G28715	164	55	118	116	65	72
AT1G28720	0	0	0	0	0	0
AT1G28730	2	0	0	0	0	0
AT1G28740	0	0	0	0	0	0
AT1G28750	0	0	0	0	0	0
AT1G28760	92	54	70	72	99	53
AT1G28765	47	15	42	25	6	18
AT1G28770	0	0	0	0	0	0
AT1G28780	0	0	0	0	0	0
AT1G28790	0	0	0	0	0	0
AT1G28800	0	0	0	0	0	0
AT1G28810	0	0	0	0	0	1
AT1G28815	0	0	0	0	0	0
AT1G28820	4	0	1	1	4	3
AT1G28830	1	1	3	1	0	0
AT1G28840	2	0	2	0	0	0
AT1G28850	0	0	0	1	0	0
AT1G28860	1	0	0	0	0	1
AT1G28870	0	1	0	0	0	0
AT1G28880	0	0	0	0	0	2
AT1G28890	0	0	1	1	2	1
AT1G28900	0	0	0	0	0	0
AT1G28910	0	0	0	0	0	0
AT1G28920	1	0	0	2	0	2
AT1G28930	0	0	0	0	0	0
AT1G28940	5	0	1	5	0	0
AT1G28950	1	0	0	0	0	0
AT1G28960	711	331	563	599	408	501
AT1G28970	2	0	0	0	0	0
AT1G28980	0	0	2	0	0	0
AT1G28990	1	0	0	1	0	0
AT1G29000	7	6	6	2	2	2
AT1G29005	0	0	0	0	0	0
AT1G29010	0	0	0	0	0	0
AT1G29020	5	0	2	2	1	2
AT1G29025	0	0	10	2	0	0
AT1G29030	345	109	259	239	340	247
AT1G29040	355	431	307	338	313	386
AT1G29041	1	3	0	0	0	0
AT1G29050	539	196	454	485	235	207
AT1G29060	213	154	138	116	132	105
AT1G29070	3492	8342	2567	3423	4023	4665
AT1G29071	2	5	2	4	3	1
AT1G29080	0	0	0	0	0	0
AT1G29090	18	0	24	3	0	3
AT1G29100	0	0	3	0	0	0
AT1G29110	2	11	5	5	8	8
AT1G29120	766	292	684	708	517	614
AT1G29140	1	0	0	0	0	1
AT1G29150	1228	1107	1047	1299	1834	1544
AT1G29160	92	24	74	98	40	50
AT1G29170	568	149	422	407	525	475
AT1G29179	0	0	0	2	0	3
AT1G29180	0	2	0	0	2	2
AT1G29195	44	19	46	36	35	14
AT1G29200	23	14	11	10	10	16
AT1G29210	0	0	0	0	0	0
AT1G29220	466	281	296	317	296	372
AT1G29230	18	5	14	11	5	17
AT1G29240	333	66	256	170	102	125
AT1G29250	398	551	287	403	473	328
AT1G29260	262	245	231	268	256	293
AT1G29265	2	0	0	0	0	0
AT1G29270	168	26	107	37	16	13
AT1G29280	92	82	59	107	112	56
AT1G29290	10	0	6	20	3	1
AT1G29300	95	75	87	86	64	89
AT1G29310	490	401	395	500	621	517
AT1G29320	418	261	284	345	350	259
AT1G29330	199	209	173	133	148	173
AT1G29340	1357	473	1195	1610	920	1128
AT1G29350	248	75	183	236	294	336
AT1G29355	0	0	0	0	0	0
AT1G29357	230	90	173	154	114	153
AT1G29370	275	83	231	260	308	330
AT1G29380	74	31	59	52	63	61
AT1G29390	703	468	523	567	270	358
AT1G29395	1897	155	1650	930	52	121
AT1G29400	2491	715	2000	1959	1620	2101
AT1G29410	99	76	106	72	87	78
AT1G29418	128	132	95	104	89	75
AT1G29420	0	3	0	1	2	3
AT1G29430	46	135	38	70	126	84
AT1G29435	0	2	0	0	0	0
AT1G29440	32	45	45	22	30	17
AT1G29450	72	90	47	54	100	87
AT1G29460	47	35	27	34	34	42
AT1G29465	83	88	50	92	33	47
AT1G29470	4199	3196	3395	4514	5377	5414
AT1G29480	0	0	0	0	0	0
AT1G29490	0	5	5	13	4	2
AT1G29500	56	79	44	59	86	76
AT1G29510	42	74	25	34	57	60
AT1G29520	151	140	108	130	124	120
AT1G29530	226	213	182	239	209	255
AT1G29535	4	13	2	3	11	2
AT1G29540	0	0	0	0	0	0
AT1G29550	115	113	112	105	114	142
AT1G29560	149	65	114	107	113	138
AT1G29570	0	0	0	0	0	0
AT1G29580	0	0	0	0	0	0
AT1G29590	51	22	31	36	29	21
AT1G29600	56	54	40	25	49	59
AT1G29620	0	0	0	0	0	0
AT1G29630	117	67	102	142	289	180
AT1G29640	12	5	10	5	8	4
AT1G29660	1302	1348	981	1104	1929	1686
AT1G29670	4627	3132	3579	3161	4710	4307
AT1G29680	14	0	6	7	0	0
AT1G29690	1222	352	962	1311	485	596
AT1G29700	457	847	369	429	900	1114
AT1G29710	100	74	98	122	106	113
AT1G29720	112	59	58	53	121	91
AT1G29730	71	3	49	40	33	33
AT1G29740	12	16	11	11	12	9
AT1G29750	729	220	551	562	565	588
AT1G29760	414	231	321	407	301	431
AT1G29770	39	25	36	30	25	37
AT1G29775	0	0	0	0	0	0
AT1G29780	0	0	0	0	0	0
AT1G29785	114	108	97	134	108	98
AT1G29790	510	331	439	411	507	497
AT1G29800	153	86	119	138	156	170
AT1G29810	237	249	187	180	206	216
AT1G29820	209	116	188	214	276	251
AT1G29830	1	4	0	2	1	1
AT1G29840	113	83	82	79	115	81
AT1G29850	1174	1380	885	1031	1087	1122
AT1G29860	14	2	1	4	7	2
AT1G29870	0	0	0	0	0	0
AT1G29880	1523	1140	1262	1557	2761	2362
AT1G29890	526	399	412	486	642	571
AT1G29900	2681	1350	2275	3317	3960	3474
AT1G29910	29133	86277	23589	37594	38224	61581
AT1G29920	10022	95983	8555	13413	44419	69998
AT1G29930	174647	222629	145302	184805	109039	182896
AT1G29940	779	214	661	923	1152	819
AT1G29950	1019	298	731	807	486	586
AT1G29960	92	72	52	69	38	64
AT1G29962	4	0	0	0	0	0
AT1G29965	36	23	25	29	34	43
AT1G29970	413	304	303	339	264	372
AT1G29980	306	218	259	295	370	261
AT1G29990	550	573	427	433	414	489
AT1G30000	534	270	439	474	433	479
AT1G30010	141	19	104	141	103	145
AT1G30020	0	0	0	0	0	0
AT1G30040	155	39	140	222	51	46
AT1G30050	0	1	1	0	2	1
AT1G30060	0	0	0	0	0	0
AT1G30070	174	221	169	188	251	194
AT1G30080	11	1	12	7	3	2
AT1G30090	295	165	241	267	243	269
AT1G30100	0	0	1	1	1	1
AT1G30110	291	250	228	294	226	243
AT1G30120	1408	1604	1071	1442	1723	2016
AT1G30130	359	294	265	304	442	427
AT1G30135	21	5	18	18	9	13
AT1G30140	0	0	0	0	0	0
AT1G30160	15	20	35	28	43	23
AT1G30170	1	3	0	0	10	2
AT1G30190	10	4	6	16	4	7
AT1G30200	673	742	525	642	534	816
AT1G30210	1502	803	1181	1374	1126	1243
AT1G30220	111	19	53	24	17	19
AT1G30230	8346	9060	6603	8349	5860	6472
AT1G30240	253	95	181	217	240	196
AT1G30250	66	6	45	2	2	0
AT1G30260	145	87	103	46	36	58
AT1G30270	1265	666	889	917	831	1023
AT1G30280	87	25	78	72	24	28
AT1G30282	1	0	3	1	0	2
AT1G30290	194	75	157	161	120	161
AT1G30300	196	85	167	128	107	116
AT1G30320	877	350	612	518	386	441
AT1G30330	2253	472	1700	1587	1534	1761
AT1G30350	0	0	0	0	0	0
AT1G30360	6978	1908	5955	5614	4459	5382
AT1G30370	33	1	25	43	0	0
AT1G30380	19117	45648	15014	18290	20993	33906
AT1G30400	2386	1097	1952	1943	2844	2798
AT1G30410	1343	236	1069	771	801	1127
AT1G30420	239	32	189	221	143	179
AT1G30430	0	0	0	0	0	0
AT1G30440	858	444	675	764	887	914
AT1G30450	680	332	574	652	733	827
AT1G30455	4	1	3	0	2	2
AT1G30460	638	287	460	529	462	526
AT1G30470	1045	572	762	952	1123	1254
AT1G30473	1	0	0	0	0	0
AT1G30475	44	9	23	16	32	33
AT1G30480	421	371	308	367	367	330
AT1G30490	921	284	650	659	587	600
AT1G30500	403	123	331	236	106	142
AT1G30510	396	289	294	381	499	395
AT1G30515	11	8	10	7	12	9
AT1G30520	245	309	216	383	428	621
AT1G30530	492	292	428	297	615	443
AT1G30540	217	136	139	185	122	153
AT1G30545	100	50	101	70	60	91
AT1G30550	30	0	16	1	0	0
AT1G30560	3	0	2	0	0	0
AT1G30570	519	281	392	550	439	523
AT1G30580	2743	2262	2238	2736	3510	3293
AT1G30590	1589	499	1246	1275	795	961
AT1G30600	325	83	227	183	346	302
AT1G30610	523	332	483	529	902	861
AT1G30620	267	52	178	193	136	104
AT1G30630	1894	1572	1583	1765	1849	1725
AT1G30640	312	124	249	237	242	304
AT1G30650	101	19	75	73	56	50
AT1G30660	6	3	0	8	8	7
AT1G30670	0	0	0	0	0	0
AT1G30680	648	403	488	620	1413	1125
AT1G30690	926	711	811	1002	1212	1151
AT1G30700	17	4	11	63	28	2
AT1G30710	0	0	0	0	0	0
AT1G30720	66	53	59	158	348	80
AT1G30730	26	13	23	51	105	19
AT1G30740	3	3	3	8	4	4
AT1G30750	32	32	20	13	16	31
AT1G30755	630	116	375	555	248	250
AT1G30757	0	0	0	0	0	0
AT1G30760	6	2	4	7	4	4
AT1G30780	0	1	0	0	0	0
AT1G30790	0	0	0	0	0	0
AT1G30795	0	0	0	0	0	0
AT1G30800	0	0	0	0	0	0
AT1G30810	754	200	549	665	375	479
AT1G30814	1	0	0	0	0	0
AT1G30820	971	750	849	1791	1271	1312
AT1G30825	201	146	145	191	215	196
AT1G30830	0	0	0	0	0	0
AT1G30840	67	11	36	30	11	25
AT1G30845	38	56	24	35	23	23
AT1G30850	2	0	0	0	0	0
AT1G30860	44	20	19	34	31	33
AT1G30870	9	1	23	6	0	1
AT1G30880	1658	1911	1211	1731	1078	1325
AT1G30890	165	148	125	136	138	116
AT1G30900	54	25	42	47	70	35
AT1G30910	677	748	598	539	510	607
AT1G30920	0	0	1	0	0	0
AT1G30925	0	0	0	0	0	0
AT1G30930	0	0	0	0	0	0
AT1G30950	1	0	0	0	0	0
AT1G30960	159	72	110	128	189	112
AT1G30970	1307	302	951	1026	768	925
AT1G30972	0	0	0	0	0	0
AT1G30974	0	0	0	0	0	0
AT1G30990	0	0	0	0	0	0
AT1G31000	0	0	0	0	0	0
AT1G31010	110	62	84	75	101	74
AT1G31020	124	146	82	88	106	102
AT1G31040	64	47	53	64	49	52
AT1G31050	36	6	21	4	4	7
AT1G31070	501	216	335	483	440	385
AT1G31080	0	0	0	0	0	0
AT1G31090	0	0	0	0	0	0
AT1G31095	0	0	0	0	0	0
AT1G31110	0	0	0	0	0	0
AT1G31120	687	108	532	383	255	284
AT1G31130	1165	663	1018	1077	607	744
AT1G31140	0	1	1	1	2	0
AT1G31150	446	207	362	345	404	421
AT1G31160	363	419	316	326	379	410
AT1G31163	0	0	0	0	0	0
AT1G31170	633	781	532	517	362	583
AT1G31173	72	14	51	36	31	100
AT1G31175	263	111	197	169	132	138
AT1G31180	675	716	523	779	990	852
AT1G31190	418	746	256	320	660	676
AT1G31200	18	24	11	11	8	15
AT1G31220	171	70	151	128	100	137
AT1G31230	1362	716	1122	1242	2164	1691
AT1G31240	12	6	11	8	3	14
AT1G31243	0	0	0	0	0	0
AT1G31250	0	2	2	0	4	1
AT1G31255	0	0	0	0	0	0
AT1G31258	30	24	30	31	18	25
AT1G31260	0	0	0	0	0	0
AT1G31270	0	0	0	1	0	0
AT1G31280	168	84	118	182	197	212
AT1G31290	46	45	20	55	48	60
AT1G31300	422	313	329	361	407	515
AT1G31310	148	121	85	133	220	166
AT1G31320	25	17	7	9	24	12
AT1G31330	36689	65226	32207	37579	33567	53436
AT1G31335	184	403	156	172	243	249
AT1G31340	622	786	509	502	653	569
AT1G31350	299	190	221	241	110	173
AT1G31358	0	0	0	0	0	0
AT1G31360	291	146	230	261	239	333
AT1G31370	0	0	0	0	0	0
AT1G31380	0	0	0	0	0	0
AT1G31390	0	0	0	0	0	0
AT1G31400	0	0	0	0	0	0
AT1G31410	565	501	383	543	558	794
AT1G31420	3229	2631	2444	2806	2466	3000
AT1G31430	55	14	38	47	32	26
AT1G31440	750	301	673	650	678	700
AT1G31450	0	0	1	0	0	0
AT1G31460	148	86	96	109	99	131
AT1G31470	71	12	63	47	34	36
AT1G31480	531	49	409	407	305	360
AT1G31485	0	0	0	0	0	0
AT1G31490	0	3	3	0	2	0
AT1G31500	407	256	244	297	381	334
AT1G31510	0	0	0	0	0	0
AT1G31520	0	0	0	0	0	0
AT1G31530	0	0	0	0	0	0
AT1G31540	806	322	678	1051	629	787
AT1G31550	116	85	86	104	120	121
AT1G31555	0	0	0	0	0	0
AT1G31580	4976	3514	3477	2958	3277	3865
AT1G31600	946	321	722	647	466	516
AT1G31620	0	0	0	0	0	0
AT1G31630	0	0	0	0	0	0
AT1G31640	0	0	0	0	0	0
AT1G31650	554	315	493	590	552	679
AT1G31660	546	280	476	676	698	508
AT1G31670	0	0	0	0	0	0
AT1G31690	46	39	43	59	154	88
AT1G31710	435	448	304	504	737	684
AT1G31720	20	5	7	7	3	14
AT1G31730	2116	613	1641	1964	2079	2118
AT1G31740	0	0	0	0	0	0
AT1G31750	48	16	21	21	26	31
AT1G31760	39	55	37	37	26	27
AT1G31770	337	173	284	306	603	573
AT1G31772	0	0	2	0	0	0
AT1G31780	1053	520	847	996	1285	1302
AT1G31790	116	45	88	89	49	51
AT1G31800	1283	1451	988	1294	2926	2895
AT1G31810	700	220	519	642	883	728
AT1G31812	5598	5647	4700	4883	3036	3611
AT1G31814	195	68	115	168	166	179
AT1G31817	464	439	382	471	561	398
AT1G31820	143	47	69	84	54	51
AT1G31830	298	147	242	256	206	225
AT1G31835	14	57	20	41	22	25
AT1G31840	23	10	29	28	25	19
AT1G31850	1765	317	1414	1279	677	686
AT1G31860	358	398	292	434	456	339
AT1G31870	607	378	499	602	507	515
AT1G31880	101	24	70	71	57	45
AT1G31885	9	3	4	9	6	2
AT1G31910	3175	1125	2457	2994	2343	2343
AT1G31920	0	0	0	0	0	0
AT1G31930	1149	559	991	1220	1172	1237
AT1G31935	86	76	59	73	61	64
AT1G31940	580	443	449	423	426	407
AT1G31950	98	101	78	71	100	111
AT1G31960	0	0	0	0	0	0
AT1G31970	2091	1708	1569	1689	1555	1257
AT1G31990	2	0	2	4	1	2
AT1G32000	1	0	0	0	0	0
AT1G32010	0	0	0	0	0	0
AT1G32020	0	0	0	0	0	0
AT1G32030	0	0	0	0	0	0
AT1G32050	1557	1266	1288	1357	1263	1318
AT1G32060	15628	24812	12667	14789	24676	33375
AT1G32070	633	617	495	609	753	864
AT1G32080	993	1839	852	915	2396	2886
AT1G32090	768	205	662	752	712	618
AT1G32100	211	100	136	133	207	140
AT1G32120	141	72	109	129	126	130
AT1G32127	87	59	59	61	50	66
AT1G32130	1685	962	1295	1518	1297	1583
AT1G32140	0	0	0	0	0	0
AT1G32150	537	223	432	426	267	286
AT1G32160	1082	922	828	1013	1186	1573
AT1G32170	147	219	117	232	187	245
AT1G32172	5	0	4	7	1	6
AT1G32180	0	0	0	0	0	0
AT1G32190	355	205	301	217	218	207
AT1G32200	1209	1605	941	1123	1746	2205
AT1G32210	447	482	352	354	290	312
AT1G32220	516	1119	438	491	1217	1446
AT1G32225	0	0	0	0	0	0
AT1G32230	5707	2384	4574	4691	3017	4398
AT1G32240	259	56	192	156	192	176
AT1G32250	0	0	0	0	0	0
AT1G32260	415	287	304	336	261	296
AT1G32270	0	0	0	1	0	0
AT1G32280	0	1	0	0	0	0
AT1G32300	0	0	0	0	0	0
AT1G32310	90	96	74	74	60	60
AT1G32320	0	0	0	1	0	0
AT1G32330	322	77	293	305	279	290
AT1G32337	0	0	0	0	0	0
AT1G32340	345	158	274	371	282	444
AT1G32350	9	9	8	27	1	11
AT1G32360	724	464	519	560	519	707
AT1G32361	0	0	0	0	0	1
AT1G32370	308	265	217	222	145	235
AT1G32375	1	0	1	4	0	2
AT1G32380	155	114	128	141	262	209
AT1G32385	1	1	1	3	0	3
AT1G32400	1971	1726	1411	1800	1617	2068
AT1G32410	424	340	301	312	263	308
AT1G32415	64	28	49	84	41	66
AT1G32420	0	0	0	0	0	0
AT1G32430	0	0	0	0	0	0
AT1G32440	525	418	480	496	832	721
AT1G32450	93	236	99	91	369	366
AT1G32460	27	92	26	94	68	100
AT1G32470	4878	13531	3694	5448	7944	9961
AT1G32480	0	0	0	0	0	0
AT1G32490	954	549	874	991	1266	1404
AT1G32500	1395	1286	981	1504	2105	1945
AT1G32510	0	0	0	0	1	4
AT1G32520	136	158	83	121	88	118
AT1G32530	951	556	775	957	806	1034
AT1G32540	782	410	591	521	365	537
AT1G32550	499	969	404	479	667	691
AT1G32560	46	8	45	12	0	6
AT1G32570	7	0	2	3	3	6
AT1G32575	3	3	4	1	0	3
AT1G32580	1362	1230	1152	1474	1397	1166
AT1G32582	0	0	0	0	0	0
AT1G32583	56	24	42	48	14	16
AT1G32585	0	0	0	0	0	0
AT1G32600	0	0	1	0	0	1
AT1G32610	88	34	63	62	41	57
AT1G32620	0	0	0	0	0	0
AT1G32630	71	73	65	65	55	74
AT1G32640	0	0	0	0	0	0
AT1G32650	0	0	0	0	0	0
AT1G32660	0	0	0	0	0	0
AT1G32690	56	39	26	47	36	43
AT1G32700	1170	965	888	1485	1010	1325
AT1G32710	0	0	0	0	0	0
AT1G32713	0	0	0	0	0	0
AT1G32720	0	0	0	0	0	0
AT1G32730	101	57	84	78	103	95
AT1G32740	52	66	28	48	55	88
AT1G32750	2283	1240	1796	1807	1631	1881
AT1G32760	60	80	52	71	61	63
AT1G32763	0	0	0	0	0	0
AT1G32770	0	0	0	0	0	0
AT1G32780	29	40	26	35	88	88
AT1G32790	1689	1289	1403	1596	1167	1489
AT1G32810	1070	453	805	800	766	870
AT1G32850	2	0	0	1	1	0
AT1G32860	177	66	147	148	179	154
AT1G32870	161	90	163	146	288	211
AT1G32880	2	2	3	0	1	2
AT1G32900	435	445	347	203	914	956
AT1G32910	0	4	0	3	8	11
AT1G32920	2313	1198	1745	3238	477	1027
AT1G32928	98	90	91	144	18	62
AT1G32930	169	96	115	101	145	148
AT1G32940	200	114	154	203	164	192
AT1G32950	13	4	8	11	2	2
AT1G32960	38	2	20	55	5	12
AT1G32970	1	0	3	0	0	0
AT1G32975	0	0	0	0	0	0
AT1G32980	0	0	0	0	0	0
AT1G32990	3771	6381	3066	3954	5936	5964
AT1G32992	0	0	0	0	0	0
AT1G33010	0	0	0	0	0	0
AT1G33020	0	0	0	0	0	0
AT1G33030	37	18	35	50	13	26
AT1G33040	1174	2096	854	1088	1681	1539
AT1G33050	1497	1107	1275	1570	1341	2254
AT1G33055	157	807	87	187	506	526
AT1G33060	488	264	361	398	314	395
AT1G33070	0	0	0	0	0	0
AT1G33080	114	61	57	88	58	75
AT1G33090	1	0	0	1	0	0
AT1G33100	1	0	0	0	0	0
AT1G33102	45	32	33	26	17	13
AT1G33110	410	408	319	244	465	542
AT1G33120	1998	2881	1263	1803	1504	1396
AT1G33140	2852	3933	1973	2691	2070	1911
AT1G33170	563	158	457	532	365	352
AT1G33220	0	0	0	0	1	0
AT1G33230	608	333	459	452	403	423
AT1G33240	2639	2662	1925	2837	3501	5445
AT1G33250	584	474	485	531	475	622
AT1G33260	39	24	41	44	43	26
AT1G33265	267	309	224	200	249	177
AT1G33270	399	171	349	328	237	319
AT1G33280	0	0	3	2	0	0
AT1G33290	806	888	540	776	714	911
AT1G33320	3	0	6	0	0	0
AT1G33330	260	241	256	250	271	296
AT1G33340	127	43	81	61	16	59
AT1G33350	80	29	68	49	42	71
AT1G33355	0	0	0	0	0	0
AT1G33360	430	211	374	337	459	409
AT1G33370	0	0	0	0	0	0
AT1G33390	393	117	284	411	407	285
AT1G33400	341	190	290	300	250	249
AT1G33410	907	242	642	904	1113	944
AT1G33415	111	60	107	111	80	140
AT1G33420	0	0	0	0	0	0
AT1G33430	0	0	0	0	0	0
AT1G33440	39	7	31	28	30	32
AT1G33470	1669	442	1394	1344	946	1089
AT1G33475	37	35	38	52	45	72
AT1G33480	146	78	113	111	96	92
AT1G33490	542	392	403	386	323	336
AT1G33500	2	1	0	2	9	6
AT1G33520	866	599	622	709	625	825
AT1G33530	0	0	0	0	0	0
AT1G33540	0	0	0	0	0	0
AT1G33560	274	203	224	345	324	291
AT1G33590	6889	3294	5714	6112	4574	5100
AT1G33600	2780	1279	2190	3149	1340	1677
AT1G33607	6	0	0	1	4	0
AT1G33610	442	161	289	598	177	219
AT1G33612	32	10	19	20	15	21
AT1G33615	211	97	160	210	95	161
AT1G33640	0	0	0	0	0	0
AT1G33670	1	0	0	0	0	0
AT1G33680	1325	243	1098	1156	1212	1389
AT1G33700	232	60	212	192	104	134
AT1G33710	0	0	0	0	0	0
AT1G33720	112	68	75	117	43	84
AT1G33730	1	0	1	0	0	0
AT1G33750	17	0	3	4	1	4
AT1G33760	42	58	29	133	14	65
AT1G33770	43	14	37	63	15	26
AT1G33780	414	166	356	305	280	396
AT1G33790	222	185	142	257	423	351
AT1G33800	52	41	57	68	58	38
AT1G33810	1144	2341	840	907	1314	1399
AT1G33811	895	966	844	805	965	1062
AT1G33820	0	0	0	0	0	0
AT1G33830	0	0	0	0	0	0
AT1G33840	0	1	0	0	1	0
AT1G33850	0	0	0	0	0	0
AT1G33860	0	0	0	0	0	0
AT1G33870	0	0	0	0	0	0
AT1G33880	0	0	0	0	0	0
AT1G33890	4	0	0	0	0	0
AT1G33900	0	0	1	1	0	0
AT1G33910	0	1	1	0	3	0
AT1G33920	1	0	0	0	0	0
AT1G33930	70	59	45	46	56	59
AT1G33940	0	0	0	0	0	0
AT1G33945	0	0	0	0	0	0
AT1G33950	0	0	0	2	0	1
AT1G33960	39	20	32	102	25	37
AT1G33970	1541	774	1198	1341	622	778
AT1G33980	905	362	714	758	686	846
AT1G33990	1029	953	827	985	922	1167
AT1G34000	1308	2370	1163	1350	2295	2972
AT1G34010	235	371	196	202	199	246
AT1G34015	0	0	0	0	0	0
AT1G34020	351	186	214	306	190	219
AT1G34030	1293	2074	1054	1437	1569	1383
AT1G34040	16	4	16	7	4	4
AT1G34042	0	0	3	0	0	1
AT1G34046	0	0	0	0	0	0
AT1G34047	0	0	0	0	0	0
AT1G34049	0	0	0	0	0	0
AT1G34050	0	0	0	0	0	0
AT1G34060	110	32	59	78	14	32
AT1G34065	67	59	80	70	59	78
AT1G34070	0	0	0	0	0	0
AT1G34095	0	0	0	0	0	0
AT1G34110	421	157	329	395	293	381
AT1G34120	230	109	192	174	155	185
AT1G34130	630	373	490	553	732	581
AT1G34140	0	0	0	0	0	0
AT1G34150	288	147	234	274	238	292
AT1G34160	109	31	87	101	70	39
AT1G34170	0	0	0	0	0	0
AT1G34180	35	12	20	34	28	27
AT1G34190	1064	415	830	1004	770	1002
AT1G34200	373	184	312	372	245	314
AT1G34210	864	538	678	616	634	763
AT1G34220	905	487	791	885	874	1094
AT1G34245	77	71	62	48	86	70
AT1G34260	733	135	611	649	569	657
AT1G34270	178	127	179	192	147	151
AT1G34290	0	0	0	0	0	0
AT1G34300	647	244	442	631	515	697
AT1G34310	0	0	0	0	0	0
AT1G34315	69	100	42	80	33	46
AT1G34317	10	10	11	13	15	20
AT1G34320	1183	328	931	981	906	1048
AT1G34340	946	356	667	782	606	764
AT1G34350	183	198	143	156	141	120
AT1G34355	116	49	118	192	351	287
AT1G34360	340	151	270	303	302	263
AT1G34370	2097	1044	1572	2190	1816	2218
AT1G34380	100	53	86	111	89	75
AT1G34390	0	0	0	0	0	0
AT1G34392	0	0	0	0	0	0
AT1G34400	0	0	0	0	0	0
AT1G34403	0	0	0	0	0	0
AT1G34410	1	0	0	0	0	0
AT1G34418	171	182	145	135	90	104
AT1G34420	59	14	43	59	27	55
AT1G34430	1372	1244	1093	1693	1489	1548
AT1G34440	0	0	0	0	1	0
AT1G34460	85	40	76	39	34	62
AT1G34470	243	89	168	204	107	169
AT1G34480	10	3	5	2	7	3
AT1G34490	0	0	0	0	0	0
AT1G34500	0	0	0	0	0	0
AT1G34510	8	1	8	2	0	2
AT1G34520	1	0	0	0	0	0
AT1G34540	0	0	2	0	0	0
AT1G34550	989	326	647	842	776	783
AT1G34560	0	0	1	0	0	0
AT1G34570	173	160	136	119	121	154
AT1G34575	0	0	0	0	0	0
AT1G34580	7	6	9	9	11	12
AT1G34630	230	133	200	177	218	266
AT1G34640	214	95	117	73	64	82
AT1G34650	0	0	2	2	1	0
AT1G34670	18	2	6	4	8	15
AT1G34750	203	102	154	209	107	110
AT1G34760	375	361	254	331	136	323
AT1G34770	51	44	44	57	52	38
AT1G34780	337	204	277	334	259	352
AT1G34790	0	0	0	0	0	0
AT1G34792	0	0	0	0	0	0
AT1G34795	0	0	0	0	0	0
AT1G34800	0	0	0	0	0	0
AT1G34805	0	0	0	0	0	0
AT1G34807	0	0	0	0	0	0
AT1G34810	0	0	0	0	0	0
AT1G34812	0	0	0	0	0	0
AT1G34815	0	0	0	0	0	0
AT1G34817	0	0	0	0	0	0
AT1G34820	0	0	0	0	0	0
AT1G34822	0	0	0	0	0	0
AT1G34825	0	0	0	0	0	0
AT1G34827	0	0	0	0	0	0
AT1G34830	0	0	0	0	0	0
AT1G34840	0	0	0	0	0	0
AT1G34844	131	64	107	95	71	82
AT1G34850	0	0	0	0	0	0
AT1G34855	0	0	0	0	0	0
AT1G34860	0	0	0	0	0	0
AT1G34910	0	0	0	0	0	0
AT1G34930	0	0	0	0	0	0
AT1G35030	0	0	0	0	0	0
AT1G35035	0	0	0	0	0	0
AT1G35040	0	0	0	0	0	0
AT1G35140	255	676	169	663	396	814
AT1G35150	0	0	0	0	0	0
AT1G35160	1547	1266	1290	1290	1048	1162
AT1G35170	1	0	0	0	1	0
AT1G35180	79	78	48	61	96	87
AT1G35181	0	0	0	0	0	0
AT1G35183	0	2	0	1	3	2
AT1G35190	675	469	453	508	382	441
AT1G35210	134	125	117	272	17	87
AT1G35215	0	0	0	0	0	0
AT1G35220	763	181	578	691	606	609
AT1G35230	17	5	12	20	18	5
AT1G35240	5	1	4	1	1	0
AT1G35242	1	0	0	0	0	0
AT1G35250	11	6	11	7	3	0
AT1G35255	3	2	7	6	2	3
AT1G35260	133	20	88	50	29	23
AT1G35290	11	22	12	14	17	13
AT1G35310	3	18	13	3	18	10
AT1G35320	167	179	110	176	179	116
AT1G35330	4	0	4	0	0	0
AT1G35340	1037	928	751	830	1211	1451
AT1G35350	652	714	488	838	736	1139
AT1G35353	0	0	0	0	0	0
AT1G35365	0	0	0	0	0	0
AT1G35375	0	0	0	0	0	0
AT1G35400	0	0	0	0	0	0
AT1G35410	0	0	0	0	0	0
AT1G35420	914	1569	765	962	890	1340
AT1G35430	93	122	69	78	80	82
AT1G35435	0	0	0	0	0	0
AT1G35440	0	0	0	2	0	0
AT1G35460	247	168	199	189	163	254
AT1G35467	0	0	0	0	0	0
AT1G35470	388	195	284	351	339	326
AT1G35490	0	0	0	0	0	0
AT1G35500	0	0	0	0	0	0
AT1G35501	0	0	0	0	0	0
AT1G35510	553	255	373	397	417	399
AT1G35515	1	14	4	2	9	6
AT1G35516	546	529	438	444	317	460
AT1G35520	0	0	0	0	0	0
AT1G35530	54	15	28	42	86	64
AT1G35537	0	0	0	0	0	0
AT1G35540	0	0	0	0	0	0
AT1G35545	0	0	0	0	0	0
AT1G35550	0	0	0	0	0	0
AT1G35560	137	137	91	103	197	193
AT1G35580	1596	2664	1249	1984	1844	2439
AT1G35610	0	0	0	0	0	1
AT1G35614	0	0	0	0	0	0
AT1G35617	2	0	0	0	0	0
AT1G35620	1050	765	813	1039	733	813
AT1G35625	3	1	1	5	3	1
AT1G35630	1	0	0	0	0	0
AT1G35660	320	101	259	382	331	367
AT1G35670	365	469	268	470	632	791
AT1G35680	4000	8408	3182	4413	6351	6633
AT1G35710	426	102	249	682	237	220
AT1G35720	10648	1739	8575	3210	2629	2088
AT1G35730	0	6	1	6	4	8
AT1G35750	0	0	0	0	0	0
AT1G35780	715	433	567	469	764	648
AT1G35820	0	0	0	0	0	0
AT1G35830	78	58	61	83	128	108
AT1G35850	0	0	0	0	0	0
AT1G35860	0	0	0	0	0	0
AT1G35880	0	2	0	0	3	0
AT1G35890	0	0	0	0	0	0
AT1G35895	0	0	0	0	0	0
AT1G35910	10	9	11	8	28	9
AT1G36000	0	0	0	0	0	0
AT1G36005	0	0	0	0	0	0
AT1G36020	0	1	0	0	0	0
AT1G36030	0	0	0	0	0	0
AT1G36050	1103	706	849	1261	1068	1374
AT1G36060	152	149	104	295	252	187
AT1G36070	577	154	447	461	264	486
AT1G36078	0	0	0	0	0	0
AT1G36085	0	0	0	0	0	0
AT1G36095	0	0	0	0	0	0
AT1G36100	0	0	0	0	0	0
AT1G36150	0	0	0	0	2	0
AT1G36160	2876	840	2425	2856	3386	3574
AT1G36180	186	98	139	176	1034	520
AT1G36230	0	0	0	0	0	0
AT1G36240	4	4	1	5	2	2
AT1G36272	0	0	0	0	0	0
AT1G36280	226	100	197	194	191	131
AT1G36310	344	332	303	340	398	342
AT1G36320	1680	1491	1426	1776	2145	1949
AT1G36325	0	0	0	0	0	0
AT1G36340	0	2	0	0	0	0
AT1G36350	0	0	0	0	0	0
AT1G36370	1030	313	713	490	544	553
AT1G36380	201	125	138	122	89	78
AT1G36390	470	528	403	483	787	680
AT1G36510	0	0	0	0	0	0
AT1G36580	1	2	0	0	0	1
AT1G36622	47	20	16	61	65	10
AT1G36623	0	0	0	0	0	0
AT1G36627	0	0	0	0	0	0
AT1G36640	0	0	0	5	1	0
AT1G36675	0	0	1	0	0	1
AT1G36730	3213	1504	2448	3245	2163	2263
AT1G36745	0	0	0	0	0	0
AT1G36756	0	0	0	0	0	0
AT1G36920	1	0	2	2	1	0
AT1G36922	0	0	0	1	0	0
AT1G36925	0	0	0	0	0	0
AT1G36940	192	139	208	258	171	168
AT1G36942	0	0	0	0	0	0
AT1G36950	0	0	0	0	0	0
AT1G36960	0	0	0	0	0	0
AT1G36970	0	0	0	0	0	0
AT1G36980	1465	1690	1178	1189	847	1132
AT1G36990	530	199	402	430	357	343
AT1G36992	0	0	0	0	0	0
AT1G37000	0	0	0	0	0	0
AT1G37010	0	0	0	0	0	0
AT1G37020	0	0	0	0	0	0
AT1G37113	0	0	0	0	0	0
AT1G37130	28967	13073	24598	28819	33541	41347
AT1G37140	0	0	0	0	0	2
AT1G37150	8	26	12	13	12	11
AT1G38065	0	0	0	0	0	0
AT1G38131	38	1	40	29	65	47
AT1G38790	0	0	0	0	0	0
AT1G39060	0	0	0	0	0	0
AT1G39070	0	0	0	0	0	0
AT1G40083	0	0	0	0	0	0
AT1G40086	0	0	0	0	0	0
AT1G40087	0	0	0	0	0	0
AT1G40090	0	0	0	0	0	0
AT1G40104	0	0	0	0	0	0
AT1G40129	0	0	0	0	0	0
AT1G40390	0	0	0	0	0	0
AT1G41820	0	0	0	0	0	0
AT1G41830	1236	440	1012	1081	1310	1075
AT1G41880	1947	2501	1386	1933	2821	2167
AT1G41920	0	0	0	0	0	0
AT1G42080	0	0	0	0	0	0
AT1G42120	0	0	0	0	0	0
AT1G42190	0	0	0	0	0	0
AT1G42430	424	421	293	360	449	522
AT1G42440	974	325	745	914	1026	809
AT1G42470	877	316	650	645	724	908
AT1G42480	505	361	361	448	368	359
AT1G42525	0	0	0	0	0	0
AT1G42540	348	214	229	358	522	588
AT1G42550	2496	3275	1755	2241	2749	3879
AT1G42560	7	5	5	7	9	14
AT1G42615	0	0	0	0	0	0
AT1G42680	0	0	0	0	0	0
AT1G42700	0	0	0	0	0	0
AT1G42710	0	0	0	0	0	0
AT1G42960	1808	2329	1667	1883	1757	1821
AT1G42970	8917	21502	7548	10720	26585	34518
AT1G42980	47	4	30	16	2	2
AT1G42990	1848	596	1238	1603	452	562
AT1G43000	12	3	4	19	3	2
AT1G43005	0	0	0	0	0	0
AT1G43010	0	0	0	0	0	5
AT1G43020	3	0	3	0	2	2
AT1G43040	0	0	0	4	0	0
AT1G43080	0	0	0	0	0	0
AT1G43090	0	0	0	0	0	0
AT1G43100	0	0	0	0	0	0
AT1G43130	766	376	568	594	452	578
AT1G43140	0	0	0	0	0	0
AT1G43145	0	0	0	0	0	0
AT1G43160	10	6	9	30	21	9
AT1G43170	5865	5810	4756	7462	10069	8386
AT1G43171	0	0	0	0	0	0
AT1G43190	1230	1039	913	1108	1457	1430
AT1G43245	194	103	158	182	105	169
AT1G43260	0	0	0	0	0	0
AT1G43310	0	0	0	0	0	0
AT1G43320	0	0	0	0	0	0
AT1G43330	0	0	0	0	0	0
AT1G43415	0	0	0	0	0	0
AT1G43560	630	1341	552	665	1135	1113
AT1G43580	634	467	537	531	417	497
AT1G43600	0	0	0	0	0	0
AT1G43605	7	4	10	9	11	12
AT1G43610	0	0	0	0	0	0
AT1G43620	452	113	321	348	247	219
AT1G43630	0	0	0	0	0	0
AT1G43640	4	0	7	3	1	5
AT1G43650	47	52	27	36	70	81
AT1G43665	0	0	0	0	0	0
AT1G43666	0	0	0	0	0	0
AT1G43667	0	0	0	0	0	0
AT1G43670	1750	3287	1402	2045	2709	4092
AT1G43680	0	0	0	0	0	0
AT1G43690	851	433	667	816	885	914
AT1G43700	1358	838	984	1162	817	1145
AT1G43710	1344	1561	1077	1524	1776	1855
AT1G43720	0	0	0	0	0	0
AT1G43722	0	0	0	0	0	0
AT1G43730	0	0	0	0	0	0
AT1G43760	0	0	0	0	0	0
AT1G43765	15	12	14	15	4	3
AT1G43770	122	46	121	89	44	64
AT1G43780	0	0	0	1	0	0
AT1G43790	45	58	28	29	50	59
AT1G43800	497	1954	344	1523	3752	2636
AT1G43810	8	0	0	0	0	0
AT1G43815	0	0	0	0	0	0
AT1G43820	0	0	0	0	0	0
AT1G43825	0	0	0	0	0	0
AT1G43850	790	22	742	834	887	996
AT1G43860	514	336	412	477	420	400
AT1G43890	812	1023	668	810	694	747
AT1G43900	538	311	420	419	408	459
AT1G43910	127	52	107	150	91	97
AT1G43950	0	0	0	0	0	0
AT1G43970	0	0	0	0	0	0
AT1G43980	36	10	36	51	10	11
AT1G44000	457	1228	347	419	1281	1374
AT1G44010	0	0	0	0	0	0
AT1G44020	0	0	0	2	0	0
AT1G44030	0	0	0	0	0	0
AT1G44050	0	0	0	0	0	0
AT1G44080	0	0	0	0	0	0
AT1G44085	0	0	0	0	0	0
AT1G44090	0	0	0	0	0	0
AT1G44100	707	244	606	625	455	426
AT1G44110	144	168	123	152	334	257
AT1G44120	0	0	0	1	1	0
AT1G44125	8	1	0	6	2	6
AT1G44130	6	0	4	12	3	2
AT1G44160	13	1	9	9	3	4
AT1G44170	362	183	267	323	294	299
AT1G44180	6	0	1	4	0	0
AT1G44191	0	0	0	0	1	0
AT1G44224	0	0	0	0	0	0
AT1G44318	0	0	0	0	0	0
AT1G44350	281	270	213	328	324	272
AT1G44414	9	8	8	11	8	5
AT1G44446	1612	4321	1315	1679	4142	5852
AT1G44478	0	2	0	0	1	0
AT1G44542	1	0	0	0	0	0
AT1G44575	6612	15594	5368	5539	14954	16331
AT1G44608	3	6	3	5	1	7
AT1G44740	39	17	27	30	33	38
AT1G44750	577	241	378	396	218	289
AT1G44760	330	311	311	230	282	257
AT1G44770	715	665	573	698	625	923
AT1G44780	242	147	176	194	182	206
AT1G44790	567	532	333	463	496	505
AT1G44800	345	278	299	417	352	401
AT1G44810	626	614	517	575	455	480
AT1G44820	727	508	595	602	652	681
AT1G44830	111	23	73	133	27	55
AT1G44835	363	239	274	301	449	368
AT1G44890	51	34	47	59	37	49
AT1G44895	0	0	0	0	0	0
AT1G44900	331	130	244	388	519	359
AT1G44910	1453	1617	991	1086	1151	1268
AT1G44920	979	1137	806	959	1257	1482
AT1G44940	0	0	0	0	0	0
AT1G44941	0	0	1	1	0	0
AT1G44960	225	49	172	153	95	118
AT1G44970	13	14	6	3	11	7
AT1G44980	0	0	0	0	0	0
AT1G44990	0	0	0	0	0	0
AT1G45000	1507	1208	1151	1344	1813	1653
AT1G45010	119	74	92	60	107	93
AT1G45015	1	0	0	0	0	0
AT1G45050	578	426	453	450	357	352
AT1G45063	0	0	0	0	0	0
AT1G45100	0	0	0	0	0	0
AT1G45110	89	110	78	80	160	127
AT1G45130	674	255	559	458	505	469
AT1G45145	163	128	145	135	46	77
AT1G45150	328	124	262	260	202	227
AT1G45160	1158	311	957	1031	842	895
AT1G45163	1	1	3	0	3	2
AT1G45165	0	0	0	0	0	0
AT1G45170	323	512	305	244	345	309
AT1G45180	279	157	228	223	263	281
AT1G45190	0	0	0	0	0	0
AT1G45191	157	136	101	105	250	214
AT1G45201	1750	1398	1466	948	3064	1786
AT1G45207	276	105	211	238	169	222
AT1G45215	0	0	0	0	0	0
AT1G45221	0	0	0	0	0	0
AT1G45223	0	0	0	0	0	0
AT1G45229	109	45	63	52	50	69
AT1G45230	724	700	563	696	723	767
AT1G45231	267	75	212	217	167	157
AT1G45233	181	105	142	174	201	187
AT1G45234	4	3	8	2	8	0
AT1G45238	1	0	0	1	4	3
AT1G45240	0	0	1	1	1	0
AT1G45242	0	0	1	0	0	0
AT1G45243	0	0	0	0	0	0
AT1G45244	0	0	0	0	0	0
AT1G45246	0	0	0	0	0	0
AT1G45248	105	37	92	110	81	120
AT1G45249	1027	188	803	443	246	284
AT1G45332	437	182	279	399	394	376
AT1G45403	0	0	0	0	0	0
AT1G45474	820	2171	643	763	1569	1880
AT1G45545	29	15	26	10	31	16
AT1G45616	14	9	17	9	12	28
AT1G45688	1862	1576	1467	1408	1860	1992
AT1G45976	449	409	344	381	292	392
AT1G46264	292	108	231	187	214	208
AT1G46336	0	0	0	0	0	0
AT1G46408	0	0	0	0	0	0
AT1G46480	65	56	77	58	85	82
AT1G46554	88	64	72	73	32	56
AT1G46696	2	0	0	1	0	0
AT1G46768	140	60	82	81	40	61
AT1G46840	0	0	0	0	0	0
AT1G46912	0	0	0	0	0	0
AT1G46984	1	0	0	0	0	0
AT1G47056	278	233	224	242	189	262
AT1G47128	7261	3233	5788	5995	4081	5443
AT1G47130	6	0	3	5	0	0
AT1G47200	592	789	505	503	668	561
AT1G47210	258	143	146	307	249	305
AT1G47220	0	0	0	0	0	0
AT1G47230	162	75	138	117	145	147
AT1G47240	382	123	284	227	195	206
AT1G47250	114	80	89	84	146	100
AT1G47260	1425	1742	1260	1379	1872	1745
AT1G47265	0	1	0	0	0	1
AT1G47270	540	233	415	453	303	349
AT1G47271	2	0	5	4	2	3
AT1G47278	249	386	208	281	245	228
AT1G47280	0	0	0	0	0	0
AT1G47290	284	295	210	276	391	433
AT1G47300	0	0	0	0	0	0
AT1G47310	411	367	380	454	404	472
AT1G47317	0	0	0	0	0	0
AT1G47330	674	270	500	458	469	519
AT1G47340	173	84	91	124	78	123
AT1G47350	0	0	0	0	0	0
AT1G47370	2	0	0	0	0	0
AT1G47380	341	166	340	391	297	363
AT1G47389	0	0	0	0	0	0
AT1G47390	0	0	0	0	0	0
AT1G47395	7	131	3	5	195	63
AT1G47400	5	43	3	4	67	25
AT1G47410	94	69	108	107	90	89
AT1G47420	1992	2080	1611	1689	1790	1714
AT1G47450	0	0	0	0	0	0
AT1G47470	0	0	0	0	0	0
AT1G47480	32	18	40	15	44	24
AT1G47485	0	0	2	2	1	1
AT1G47490	904	640	603	781	976	966
AT1G47495	0	0	0	0	0	0
AT1G47497	0	0	0	0	0	0
AT1G47500	390	200	371	363	411	351
AT1G47510	7	7	24	68	16	8
AT1G47530	836	679	670	618	1033	1023
AT1G47540	0	0	0	0	0	0
AT1G47550	1007	579	765	860	864	973
AT1G47560	21	16	29	23	29	21
AT1G47570	325	158	255	215	267	273
AT1G47578	13	5	25	28	20	29
AT1G47580	290	341	184	247	363	404
AT1G47600	1	0	1	0	0	0
AT1G47603	0	0	0	0	0	1
AT1G47610	1	0	1	2	0	0
AT1G47620	0	0	1	0	0	0
AT1G47640	493	474	378	418	408	431
AT1G47655	29	54	16	41	28	29
AT1G47657	0	0	0	0	0	0
AT1G47660	0	0	0	0	0	0
AT1G47670	316	127	277	249	190	232
AT1G47680	0	0	0	0	0	0
AT1G47690	0	0	0	0	0	0
AT1G47695	0	0	0	0	0	0
AT1G47700	0	0	0	0	0	0
AT1G47710	701	271	526	492	539	437
AT1G47720	141	156	111	129	124	107
AT1G47730	0	0	0	0	0	0
AT1G47740	978	562	742	868	974	955
AT1G47750	163	157	123	176	170	181
AT1G47760	6	17	12	23	46	23
AT1G47765	0	0	0	0	1	0
AT1G47770	1	0	1	1	0	0
AT1G47780	0	0	0	0	0	0
AT1G47786	0	0	0	0	0	0
AT1G47790	0	0	0	0	0	0
AT1G47800	0	0	0	0	0	0
AT1G47810	0	0	0	0	0	0
AT1G47813	0	0	0	0	0	0
AT1G47820	113	240	73	117	133	130
AT1G47830	455	342	382	350	314	343
AT1G47840	43	21	33	52	63	59
AT1G47845	0	0	0	0	0	0
AT1G47870	205	66	143	182	197	136
AT1G47885	0	0	0	0	0	0
AT1G47890	17	4	16	25	5	0
AT1G47900	845	439	644	635	751	725
AT1G47915	1	0	0	0	0	0
AT1G47920	0	0	0	0	1	0
AT1G47940	0	0	0	0	0	0
AT1G47960	528	301	401	227	245	245
AT1G47970	1894	1808	1485	1496	1240	1544
AT1G47980	4	2	3	0	5	0
AT1G47990	11	0	8	10	3	1
AT1G48000	39	8	39	24	2	8
AT1G48010	0	0	0	0	0	0
AT1G48020	4	0	0	0	0	0
AT1G48030	2346	2992	1714	2267	3304	3762
AT1G48040	174	85	121	129	85	91
AT1G48050	419	236	380	383	479	404
AT1G48060	8	1	3	1	11	1
AT1G48070	0	0	0	0	0	0
AT1G48080	0	0	0	0	0	0
AT1G48090	1679	301	1212	1450	1982	2112
AT1G48095	0	0	0	0	0	0
AT1G48100	22	8	12	20	63	31
AT1G48110	1146	416	842	947	760	910
AT1G48120	111	18	123	180	147	91
AT1G48130	26	2	22	1	1	6
AT1G48140	261	230	188	193	165	164
AT1G48145	0	0	0	0	0	0
AT1G48150	0	0	0	0	0	0
AT1G48160	812	860	622	701	577	623
AT1G48170	128	188	88	99	88	87
AT1G48175	320	175	220	221	139	156
AT1G48180	1	0	0	0	2	2
AT1G48190	0	0	0	0	0	0
AT1G48195	0	0	0	0	0	1
AT1G48200	146	104	112	128	80	91
AT1G48210	863	233	755	753	392	344
AT1G48220	0	0	0	0	0	1
AT1G48230	792	577	608	668	502	577
AT1G48240	529	397	343	577	450	485
AT1G48260	101	60	88	95	91	105
AT1G48267	0	0	0	0	0	1
AT1G48270	127	102	91	107	127	116
AT1G48280	202	108	170	177	215	323
AT1G48285	0	0	0	0	0	0
AT1G48300	4110	4140	3297	4028	5489	5651
AT1G48310	424	517	274	317	387	433
AT1G48315	16	6	13	14	12	17
AT1G48320	0	0	0	0	0	0
AT1G48325	0	0	0	2	0	0
AT1G48330	388	41	278	176	30	49
AT1G48350	2456	4332	1957	2633	3656	3921
AT1G48355	0	0	0	0	0	0
AT1G48360	359	97	290	259	238	274
AT1G48370	273	17	176	149	74	64
AT1G48380	287	137	183	237	189	220
AT1G48390	32	24	29	20	35	35
AT1G48400	9	2	5	10	1	4
AT1G48405	6	0	3	1	2	7
AT1G48410	3189	1306	2411	2848	4146	4390
AT1G48420	1206	771	986	976	828	905
AT1G48430	1307	438	994	970	560	766
AT1G48440	878	756	660	689	763	738
AT1G48450	1948	2272	1473	1751	2133	2670
AT1G48460	221	177	147	215	246	194
AT1G48470	2	4	3	0	5	7
AT1G48480	603	608	431	525	923	901
AT1G48490	855	248	692	780	701	829
AT1G48500	16	2	8	15	9	10
AT1G48510	2	0	1	0	1	0
AT1G48520	1055	912	788	1067	1710	1647
AT1G48530	0	5	0	3	1	5
AT1G48540	1466	392	1127	1357	868	1102
AT1G48550	335	255	225	254	211	280
AT1G48560	11	1	14	17	14	13
AT1G48570	649	536	525	659	830	626
AT1G48580	65	26	52	60	47	44
AT1G48590	0	0	0	1	0	0
AT1G48600	1462	1417	1126	1178	2249	2030
AT1G48605	13	20	16	21	11	13
AT1G48610	158	200	148	157	210	167
AT1G48620	1936	1157	1574	1536	1678	1915
AT1G48630	511	683	435	635	865	514
AT1G48635	564	309	462	445	350	328
AT1G48640	1	3	2	0	0	1
AT1G48650	908	311	705	1038	1637	1505
AT1G48660	4	8	2	5	25	7
AT1G48670	1	0	0	0	0	0
AT1G48690	5	4	1	0	6	0
AT1G48698	0	0	0	1	1	0
AT1G48700	0	0	0	0	0	0
AT1G48720	0	0	0	0	0	0
AT1G48725	0	0	0	0	0	0
AT1G48730	0	0	0	0	0	0
AT1G48740	8	8	5	10	9	20
AT1G48742	0	0	0	0	0	0
AT1G48745	12	33	11	15	23	47
AT1G48750	0	0	0	0	0	0
AT1G48760	672	655	544	708	736	903
AT1G48770	98	149	86	100	76	131
AT1G48780	187	133	112	114	106	158
AT1G48790	1093	627	892	1194	980	1135
AT1G48800	0	0	2	0	1	0
AT1G48820	12	5	10	11	12	10
AT1G48830	1876	3254	1381	1905	2547	2166
AT1G48840	420	242	332	307	362	412
AT1G48850	1093	916	870	1005	1689	1258
AT1G48860	634	649	522	602	928	705
AT1G48870	55	18	44	47	21	35
AT1G48880	107	48	70	84	74	80
AT1G48900	1000	705	833	991	1168	1250
AT1G48910	0	0	0	0	0	0
AT1G48912	0	0	0	0	0	0
AT1G48920	5775	3132	4797	6130	7578	5126
AT1G48930	18	2	16	1	0	3
AT1G48940	2	0	0	0	0	0
AT1G48950	626	441	491	581	635	640
AT1G48953	0	0	0	0	0	0
AT1G48960	201	163	137	160	102	186
AT1G48970	536	220	411	552	598	573
AT1G48980	1	0	0	0	0	1
AT1G48990	0	0	2	0	0	0
AT1G49000	54	34	33	100	42	44
AT1G49005	2	0	0	0	0	0
AT1G49010	634	454	457	514	492	725
AT1G49015	0	0	0	0	0	0
AT1G49020	0	0	0	0	0	0
AT1G49030	0	0	0	1	8	0
AT1G49032	499	745	345	504	244	447
AT1G49040	886	427	808	959	1003	1057
AT1G49050	424	111	291	451	272	281
AT1G49100	0	0	0	0	0	0
AT1G49110	0	0	0	0	0	0
AT1G49120	0	0	0	0	0	0
AT1G49130	1168	454	976	1272	349	658
AT1G49140	867	925	629	742	611	654
AT1G49150	0	0	0	0	0	0
AT1G49160	241	135	183	180	199	221
AT1G49170	115	151	113	88	55	123
AT1G49180	218	156	150	224	130	243
AT1G49190	0	0	0	0	0	0
AT1G49200	64	51	46	52	39	52
AT1G49205	0	0	0	0	0	0
AT1G49210	21	21	11	84	20	27
AT1G49220	5	1	0	1	0	0
AT1G49225	0	0	0	0	1	0
AT1G49230	232	83	177	163	57	81
AT1G49240	5134	3534	4018	5743	3658	5079
AT1G49245	74	88	57	64	41	54
AT1G49250	4	6	3	0	1	3
AT1G49260	0	0	0	0	0	0
AT1G49270	0	0	0	0	0	0
AT1G49280	0	0	0	0	0	0
AT1G49290	0	0	0	0	0	0
AT1G49300	1286	1097	991	1102	874	1122
AT1G49310	20	17	20	17	15	9
AT1G49320	64	106	68	67	117	143
AT1G49330	3	2	1	0	1	2
AT1G49340	1218	469	1121	1299	1734	1667
AT1G49350	159	70	124	130	112	132
AT1G49360	301	133	182	176	148	169
AT1G49380	612	655	550	600	886	918
AT1G49390	2	0	3	1	1	1
AT1G49400	335	266	237	293	224	223
AT1G49405	12	18	12	6	13	12
AT1G49410	463	653	316	384	387	371
AT1G49420	0	0	0	0	0	0
AT1G49430	406	371	348	368	879	685
AT1G49435	0	0	0	0	0	0
AT1G49450	179	4	105	17	9	6
AT1G49460	0	0	0	0	0	0
AT1G49470	313	114	232	206	242	160
AT1G49475	8	5	6	2	7	2
AT1G49480	973	525	725	795	822	876
AT1G49490	84	93	60	89	107	118
AT1G49500	5123	7558	3731	5120	2737	4484
AT1G49510	463	598	346	438	515	576
AT1G49520	189	85	179	175	174	201
AT1G49530	84	40	52	42	51	66
AT1G49540	260	70	185	239	301	264
AT1G49560	213	90	151	162	137	131
AT1G49570	1	0	3	0	0	0
AT1G49580	520	344	412	459	584	609
AT1G49590	456	325	334	390	326	352
AT1G49600	1800	914	1491	1837	2056	1808
AT1G49610	4	9	3	3	4	7
AT1G49620	149	71	94	59	62	54
AT1G49630	573	323	400	568	823	751
AT1G49640	6	5	7	2	4	6
AT1G49650	345	549	331	436	530	457
AT1G49660	610	483	577	745	467	518
AT1G49670	1065	503	1003	1100	1137	1052
AT1G49680	0	0	0	0	0	0
AT1G49690	0	0	0	0	0	0
AT1G49700	32	258	47	54	122	75
AT1G49710	398	197	313	366	329	351
AT1G49715	0	0	0	1	0	0
AT1G49720	1222	273	994	971	277	297
AT1G49730	656	368	482	684	685	899
AT1G49740	375	155	369	344	297	352
AT1G49750	3160	1129	2624	3192	3267	3083
AT1G49760	1782	1203	1458	2147	2323	2199
AT1G49770	0	0	0	0	0	0
AT1G49780	209	158	164	246	153	154
AT1G49790	16	27	12	21	8	19
AT1G49800	0	0	0	0	0	0
AT1G49810	0	0	0	0	1	0
AT1G49820	707	277	542	556	490	520
AT1G49830	8	17	14	7	18	18
AT1G49832	12	18	13	13	6	19
AT1G49840	263	238	193	280	220	304
AT1G49850	442	364	360	363	332	411
AT1G49860	8	16	11	15	16	24
AT1G49870	193	141	139	186	317	266
AT1G49880	139	133	97	124	96	93
AT1G49890	598	258	478	421	417	604
AT1G49900	51	1	40	32	0	4
AT1G49910	35	45	41	46	46	52
AT1G49920	18	8	6	13	17	11
AT1G49930	0	0	0	0	0	0
AT1G49938	12	1	10	4	5	10
AT1G49940	48	18	50	56	30	41
AT1G49950	823	609	666	677	580	722
AT1G49952	9	0	18	13	16	11
AT1G49960	14	5	12	7	2	8
AT1G49970	6705	3834	5214	5527	5144	6243
AT1G49975	753	1849	575	774	1130	1451
AT1G49980	270	135	214	213	246	256
AT1G49990	45	32	42	35	30	43
AT1G50000	130	80	89	103	114	95
AT1G50010	4884	2277	3971	4291	3044	2933
AT1G50020	546	753	387	516	622	821
AT1G50030	1577	274	1261	1651	1535	1904
AT1G50040	73	260	57	128	116	268
AT1G50050	3	5	3	2	4	4
AT1G50055	97	77	78	76	84	85
AT1G50060	1	0	3	0	0	0
AT1G50070	0	0	0	0	0	0
AT1G50080	2	0	0	0	0	0
AT1G50090	0	0	0	0	0	2
AT1G50100	0	0	0	0	0	0
AT1G50110	264	47	191	146	90	63
AT1G50120	720	316	588	712	678	717
AT1G50140	611	218	521	627	736	750
AT1G50160	0	1	0	0	0	0
AT1G50170	432	464	297	364	349	368
AT1G50180	29	6	15	26	58	36
AT1G50190	0	6	1	5	14	18
AT1G50200	3825	1893	2978	3863	4912	4953
AT1G50220	0	0	0	0	0	0
AT1G50240	229	170	173	181	512	377
AT1G50250	1276	1350	1149	1319	2688	3527
AT1G50260	282	91	213	230	212	240
AT1G50270	115	68	78	70	83	78
AT1G50280	131	45	82	79	122	144
AT1G50290	65	149	53	61	55	79
AT1G50300	395	328	283	341	300	328
AT1G50310	7	4	7	1	1	3
AT1G50320	2464	5087	1765	2387	3400	4281
AT1G50325	0	0	0	0	0	0
AT1G50340	0	0	0	0	0	0
AT1G50350	0	0	0	0	0	0
AT1G50360	643	115	440	447	392	429
AT1G50370	570	348	474	588	596	609
AT1G50380	381	196	313	331	494	425
AT1G50390	2	0	1	3	1	0
AT1G50400	11	7	6	7	14	7
AT1G50410	719	156	535	611	549	658
AT1G50420	334	102	250	311	186	175
AT1G50430	1265	1562	1006	1290	1411	1520
AT1G50440	474	243	361	441	282	334
AT1G50450	595	581	439	575	1049	1080
AT1G50460	447	371	426	527	663	835
AT1G50470	0	0	0	0	0	0
AT1G50480	4084	2352	3735	4169	4576	4953
AT1G50490	342	389	303	398	647	411
AT1G50500	1059	444	819	888	970	1073
AT1G50510	405	198	285	356	296	373
AT1G50520	41	22	38	41	28	31
AT1G50530	0	0	0	0	0	0
AT1G50560	16	5	5	9	14	11
AT1G50570	949	428	760	720	626	690
AT1G50575	166	202	151	144	158	140
AT1G50580	0	0	0	0	0	0
AT1G50590	81	16	43	12	24	35
AT1G50600	1077	754	985	967	967	1136
AT1G50610	0	1	0	0	0	0
AT1G50620	554	228	460	482	461	477
AT1G50630	179	90	170	144	103	132
AT1G50640	1835	1443	1251	1690	1053	1244
AT1G50650	0	2	2	2	2	0
AT1G50659	0	1	0	0	0	0
AT1G50660	1301	437	974	1139	1084	1235
AT1G50670	792	794	634	771	833	835
AT1G50680	0	0	0	0	0	0
AT1G50690	1	0	0	1	0	0
AT1G50700	145	64	91	72	78	86
AT1G50710	348	203	268	314	324	385
AT1G50720	0	0	0	0	0	0
AT1G50730	675	191	505	526	494	563
AT1G50732	169	525	127	161	182	269
AT1G50740	594	225	368	589	165	225
AT1G50745	213	7	147	196	6	27
AT1G50750	305	12	206	257	13	29
AT1G50760	1	0	1	0	0	0
AT1G50770	0	1	3	0	0	2
AT1G50780	2	2	2	2	1	1
AT1G50790	28	15	44	33	33	47
AT1G50820	2	0	0	1	2	0
AT1G50830	23	2	25	13	15	15
AT1G50840	714	428	643	724	965	979
AT1G50870	0	0	0	0	0	0
AT1G50880	0	0	0	0	0	0
AT1G50890	113	59	97	170	145	191
AT1G50900	549	1094	496	685	1240	1337
AT1G50910	83	16	60	88	55	63
AT1G50920	3161	1236	2522	3429	3798	3143
AT1G50930	3	0	2	1	0	0
AT1G50940	377	196	284	275	228	286
AT1G50950	115	42	112	77	77	65
AT1G50960	0	0	0	0	0	0
AT1G50970	383	68	292	256	137	200
AT1G50980	0	0	0	0	0	0
AT1G50990	0	0	0	0	0	0
AT1G51000	0	0	0	0	0	0
AT1G51010	0	0	0	0	0	0
AT1G51020	0	0	0	0	0	0
AT1G51030	0	1	3	0	1	0
AT1G51035	0	0	1	0	0	0
AT1G51040	0	0	0	0	4	0
AT1G51055	8	4	7	5	1	4
AT1G51060	828	1135	719	733	896	725
AT1G51070	1210	1234	907	698	1059	1096
AT1G51080	165	423	122	164	307	259
AT1G51090	269	11	183	43	7	20
AT1G51100	292	642	262	354	727	514
AT1G51110	1334	1445	992	1244	1755	2224
AT1G51120	0	0	0	0	0	0
AT1G51130	94	47	96	77	60	89
AT1G51140	302	71	208	104	180	147
AT1G51150	0	0	0	0	0	0
AT1G51160	699	642	539	632	654	626
AT1G51170	138	73	99	127	104	96
AT1G51172	0	0	0	0	0	0
AT1G51190	1	0	2	0	1	0
AT1G51200	4285	2626	3448	3898	2153	3129
AT1G51210	0	0	0	0	0	0
AT1G51220	0	0	0	0	0	0
AT1G51230	0	0	0	0	0	0
AT1G51240	0	0	0	0	0	0
AT1G51250	0	0	0	0	0	0
AT1G51260	0	0	0	0	0	0
AT1G51270	134	40	80	238	46	69
AT1G51290	0	0	0	0	0	0
AT1G51300	0	0	0	0	0	0
AT1G51310	545	387	424	544	842	747
AT1G51320	0	0	0	0	0	0
AT1G51330	0	0	0	0	0	0
AT1G51340	210	85	207	139	168	211
AT1G51350	481	198	362	371	344	406
AT1G51355	26	8	31	14	13	22
AT1G51360	200	361	182	206	198	286
AT1G51370	109	85	97	91	95	113
AT1G51380	78	50	69	102	101	58
AT1G51390	128	108	100	114	169	165
AT1G51400	86	101	58	85	104	131
AT1G51402	0	0	0	0	0	0
AT1G51405	141	90	98	114	120	115
AT1G51410	3	0	2	3	2	0
AT1G51420	18	3	5	5	6	7
AT1G51430	483	282	330	342	182	283
AT1G51440	73	54	36	52	61	62
AT1G51450	223	71	182	205	194	198
AT1G51460	161	62	105	102	107	130
AT1G51470	3	0	1	0	0	0
AT1G51480	0	0	0	0	0	0
AT1G51490	0	0	0	0	0	0
AT1G51500	1830	1463	1378	1383	2491	2829
AT1G51510	806	730	649	706	633	616
AT1G51520	108	18	95	57	46	53
AT1G51530	4	0	2	0	3	8
AT1G51538	6	4	3	4	2	13
AT1G51540	305	128	213	265	345	366
AT1G51550	71	38	73	61	57	105
AT1G51560	532	402	429	518	478	508
AT1G51570	2359	1291	1907	2343	2876	3164
AT1G51580	411	246	371	464	367	502
AT1G51590	704	265	545	638	557	532
AT1G51600	236	125	170	203	193	192
AT1G51610	900	302	665	806	492	485
AT1G51620	57	19	38	56	71	25
AT1G51630	729	488	600	622	651	674
AT1G51640	0	0	0	0	0	0
AT1G51645	10	0	4	4	4	0
AT1G51650	1712	2863	1402	1579	1785	1610
AT1G51660	425	116	306	419	134	172
AT1G51670	17	4	8	7	4	6
AT1G51680	987	481	805	754	1468	1023
AT1G51690	1476	637	1121	1329	1097	1295
AT1G51700	933	375	867	1319	226	425
AT1G51710	1005	853	800	995	1120	988
AT1G51720	610	226	493	567	520	636
AT1G51730	1139	1085	845	1088	917	1060
AT1G51740	337	210	253	305	282	327
AT1G51745	503	292	364	452	417	468
AT1G51760	773	514	606	1022	793	657
AT1G51770	0	0	0	4	0	0
AT1G51780	1	0	1	0	0	1
AT1G51790	54	64	35	175	413	225
AT1G51800	86	180	51	302	1244	422
AT1G51805	1698	772	1431	1470	1660	1994
AT1G51810	0	0	0	0	0	0
AT1G51820	13	49	22	132	336	125
AT1G51823	0	0	0	0	0	0
AT1G51830	17	8	5	16	12	8
AT1G51840	2	0	0	1	4	7
AT1G51850	24	33	16	164	428	66
AT1G51860	5	5	5	27	82	10
AT1G51870	0	0	0	0	0	1
AT1G51880	2	0	1	0	0	0
AT1G51890	24	5	12	108	112	10
AT1G51900	0	0	0	0	1	0
AT1G51910	0	0	1	0	0	0
AT1G51913	0	3	1	3	4	0
AT1G51915	1	0	0	0	1	0
AT1G51920	1	3	2	10	3	0
AT1G51930	0	0	0	0	0	0
AT1G51940	1889	770	1514	1775	1282	1837
AT1G51950	644	491	499	573	577	758
AT1G51960	5	5	2	2	11	6
AT1G51965	264	158	201	214	271	318
AT1G51970	0	0	0	0	0	0
AT1G51980	2703	1624	2049	2346	3075	2706
AT1G51990	0	0	0	0	0	0
AT1G52000	501	94	414	277	279	217
AT1G52030	97	75	72	105	91	161
AT1G52040	76	66	82	78	55	104
AT1G52050	0	0	0	1	0	0
AT1G52060	0	0	3	3	0	0
AT1G52070	0	0	2	1	0	0
AT1G52080	176	63	158	110	104	128
AT1G52100	205	408	229	181	1243	852
AT1G52110	1	0	1	0	1	0
AT1G52120	1	0	2	1	4	0
AT1G52130	0	0	0	0	0	0
AT1G52140	216	262	202	192	237	324
AT1G52150	813	227	629	674	617	632
AT1G52155	89	37	65	62	45	52
AT1G52160	281	162	252	320	369	277
AT1G52170	0	0	0	0	0	0
AT1G52180	0	0	0	0	0	0
AT1G52185	0	0	0	0	0	0
AT1G52190	2714	849	2379	2436	1269	1843
AT1G52191	0	0	1	0	0	0
AT1G52200	418	562	374	836	748	548
AT1G52220	3373	6104	2763	3371	4206	5032
AT1G52230	14537	29895	11418	14002	16868	25738
AT1G52240	42	122	19	17	47	58
AT1G52245	19	33	12	71	12	19
AT1G52260	161	123	124	154	135	254
AT1G52270	13	43	12	27	48	32
AT1G52280	304	328	262	250	256	225
AT1G52290	301	265	239	260	432	456
AT1G52300	3318	6148	2443	3629	4546	3776
AT1G52310	582	250	463	442	427	407
AT1G52315	21	26	21	17	29	22
AT1G52320	949	343	825	871	774	990
AT1G52325	0	0	0	0	0	1
AT1G52330	7	5	5	1	3	1
AT1G52340	80	127	53	60	147	146
AT1G52342	89	100	69	53	43	92
AT1G52343	1	6	6	2	5	1
AT1G52347	108	109	93	87	49	77
AT1G52350	0	0	0	0	0	0
AT1G52360	2000	965	1576	1897	1678	1842
AT1G52370	475	250	368	337	350	302
AT1G52380	783	536	577	736	743	749
AT1G52390	0	0	0	0	0	0
AT1G52400	2305	2219	1982	2807	3204	3763
AT1G52410	657	465	526	678	937	861
AT1G52415	0	0	0	0	0	0
AT1G52420	1194	378	924	1025	815	1009
AT1G52430	15	5	9	14	10	7
AT1G52440	0	0	0	0	0	0
AT1G52450	27	5	31	12	16	18
AT1G52460	0	0	0	0	0	0
AT1G52470	1	0	5	2	0	0
AT1G52490	0	0	0	0	0	0
AT1G52495	0	0	0	0	0	0
AT1G52500	444	185	341	365	233	289
AT1G52510	852	1098	709	883	1332	1846
AT1G52520	168	64	138	179	120	138
AT1G52530	8	7	19	11	7	1
AT1G52540	188	78	202	164	90	112
AT1G52550	78	132	68	87	75	105
AT1G52560	5	5	2	2	2	1
AT1G52565	59	23	39	31	9	17
AT1G52570	69	22	53	49	53	53
AT1G52580	0	0	0	0	0	0
AT1G52590	295	311	246	211	286	309
AT1G52600	333	284	275	376	340	302
AT1G52603	0	0	0	0	0	0
AT1G52615	1	1	1	5	0	1
AT1G52618	28	78	34	37	22	35
AT1G52620	100	12	67	98	107	94
AT1G52630	254	139	148	184	189	206
AT1G52640	29	17	23	34	30	16
AT1G52650	12	2	7	19	6	7
AT1G52660	1	0	0	1	0	0
AT1G52670	1136	1165	932	1239	1663	1481
AT1G52680	0	1	0	0	0	0
AT1G52690	614	11	521	6	37	8
AT1G52695	0	0	0	0	0	0
AT1G52700	81	37	60	46	43	49
AT1G52710	335	260	280	282	149	199
AT1G52720	308	234	292	250	136	134
AT1G52730	539	413	450	442	469	412
AT1G52740	2047	2582	1668	1902	1335	1793
AT1G52750	100	71	136	194	152	160
AT1G52760	562	403	499	511	587	466
AT1G52770	29	17	22	17	26	27
AT1G52780	627	226	548	513	677	612
AT1G52790	8	3	6	1	2	3
AT1G52800	70	4	78	47	4	2
AT1G52810	0	0	0	1	0	0
AT1G52820	48	69	31	58	45	69
AT1G52825	117	116	90	84	101	117
AT1G52827	108	171	102	103	91	103
AT1G52830	38	14	33	89	13	8
AT1G52855	14	13	21	11	3	5
AT1G52857	0	0	0	0	0	0
AT1G52860	0	0	0	0	0	0
AT1G52870	624	1348	511	789	1162	2088
AT1G52880	162	86	168	142	123	147
AT1G52890	584	18	502	213	31	18
AT1G52900	0	1	0	0	0	0
AT1G52905	99	82	70	68	67	42
AT1G52910	19	28	27	15	23	40
AT1G52920	8	17	9	8	13	14
AT1G52930	562	427	412	572	658	431
AT1G52940	467	0	319	24	0	2
AT1G52950	1	0	2	0	0	0
AT1G52970	0	0	0	0	0	0
AT1G52980	2172	1377	1636	2377	2140	2384
AT1G52990	1	6	0	6	6	7
AT1G53000	657	603	515	653	419	506
AT1G53010	0	0	0	0	0	0
AT1G53023	0	0	0	0	0	0
AT1G53025	133	78	139	96	125	120
AT1G53030	156	228	126	152	95	97
AT1G53035	147	37	110	193	44	30
AT1G53040	685	143	552	579	327	340
AT1G53050	1009	264	860	914	831	740
AT1G53060	105	38	103	98	53	58
AT1G53070	150	47	102	81	101	67
AT1G53080	28	0	19	28	4	1
AT1G53090	312	65	263	286	228	254
AT1G53100	44	1	44	18	0	1
AT1G53110	470	89	299	320	138	190
AT1G53120	238	222	165	213	272	334
AT1G53130	0	0	0	0	0	0
AT1G53140	104	109	80	134	228	219
AT1G53160	50	66	34	48	48	64
AT1G53163	15	6	4	6	5	10
AT1G53165	649	211	457	557	552	679
AT1G53170	502	164	393	238	104	121
AT1G53180	250	62	179	168	129	106
AT1G53190	670	420	656	670	594	779
AT1G53200	330	153	226	305	248	302
AT1G53210	4746	2993	4061	3713	3998	4879
AT1G53220	0	0	0	0	0	0
AT1G53230	128	140	83	89	71	72
AT1G53233	8	0	7	6	11	11
AT1G53240	3383	3427	2722	3275	5801	3736
AT1G53250	507	543	362	506	554	679
AT1G53260	9	0	6	9	2	9
AT1G53265	0	0	0	0	0	0
AT1G53270	39	15	9	9	18	10
AT1G53280	1262	764	961	912	851	904
AT1G53282	0	0	0	0	0	0
AT1G53285	0	0	0	0	0	0
AT1G53290	237	266	201	192	178	227
AT1G53300	975	329	765	963	833	837
AT1G53310	3394	740	2880	2560	1975	1401
AT1G53320	1885	884	1447	1669	940	1237
AT1G53325	0	0	0	0	0	0
AT1G53330	26	24	21	37	25	38
AT1G53340	37	26	33	32	31	29
AT1G53345	51	32	42	71	32	53
AT1G53350	200	72	163	197	152	192
AT1G53360	1	0	1	0	0	0
AT1G53366	0	0	0	0	0	0
AT1G53370	0	0	0	0	0	0
AT1G53380	935	384	653	716	635	684
AT1G53390	681	219	569	750	784	898
AT1G53400	739	1036	639	684	440	762
AT1G53410	14	16	15	10	8	13
AT1G53420	3	0	0	0	0	0
AT1G53430	2485	803	1895	2079	1868	2107
AT1G53440	2044	191	1640	2350	1810	2028
AT1G53450	354	189	289	407	210	245
AT1G53460	340	280	254	382	352	340
AT1G53470	29	6	31	30	21	28
AT1G53480	0	2	0	0	0	0
AT1G53490	258	72	186	229	97	115
AT1G53500	549	359	435	471	339	343
AT1G53510	2122	677	1518	1660	1414	1736
AT1G53520	300	556	276	388	494	486
AT1G53530	121	100	114	113	104	102
AT1G53540	10	5	3	8	4	5
AT1G53541	0	0	0	0	0	0
AT1G53542	3	2	1	1	0	2
AT1G53550	0	0	0	0	0	0
AT1G53560	465	565	435	464	378	559
AT1G53570	1599	713	1174	1383	1092	1555
AT1G53580	1162	641	926	872	675	664
AT1G53590	1150	622	821	994	890	934
AT1G53600	37	1	26	43	19	19
AT1G53610	9	0	7	6	0	0
AT1G53620	2	0	7	7	0	0
AT1G53625	12	6	13	19	12	1
AT1G53633	6	12	7	9	10	4
AT1G53635	1	0	0	0	0	0
AT1G53640	0	0	0	0	0	0
AT1G53645	481	315	456	515	743	474
AT1G53650	227	103	172	230	180	160
AT1G53655	0	0	0	0	0	0
AT1G53660	0	4	13	0	1	1
AT1G53670	1196	2573	971	1230	2088	2600
AT1G53680	26	9	13	10	6	15
AT1G53683	0	0	0	0	0	0
AT1G53687	0	0	0	0	0	0
AT1G53690	5	4	4	4	0	1
AT1G53700	57	22	55	49	64	54
AT1G53705	0	0	0	0	0	0
AT1G53708	0	0	0	0	0	0
AT1G53710	369	110	214	285	255	259
AT1G53720	710	700	511	641	504	597
AT1G53730	1031	552	887	1339	1694	1901
AT1G53750	2002	1772	1678	1741	2434	2029
AT1G53760	284	241	227	266	238	258
AT1G53770	258	144	251	268	251	291
AT1G53780	2308	566	1777	1748	1048	1560
AT1G53790	71	29	43	53	38	63
AT1G53800	871	337	725	930	1063	1071
AT1G53801	0	0	0	0	0	0
AT1G53815	0	0	0	0	0	0
AT1G53820	0	0	0	0	0	0
AT1G53830	26	4	26	24	23	16
AT1G53840	1931	702	1644	1628	1475	1798
AT1G53850	666	852	525	610	971	829
AT1G53860	25	16	10	10	28	22
AT1G53870	0	0	0	0	0	0
AT1G53875	0	0	0	0	0	0
AT1G53880	0	0	0	0	0	0
AT1G53885	0	0	0	0	0	0
AT1G53887	4	7	8	2	2	7
AT1G53890	0	1	0	0	0	0
AT1G53900	0	0	0	0	0	0
AT1G53903	0	0	0	0	0	0
AT1G53910	3280	2151	2649	2695	2112	2933
AT1G53920	99	53	51	124	156	122
AT1G53930	0	0	0	0	0	0
AT1G53935	0	0	0	0	0	0
AT1G53940	1	4	3	0	5	2
AT1G53945	0	0	0	0	0	0
AT1G53950	0	0	0	1	1	0
AT1G53970	0	0	0	0	0	0
AT1G53980	0	0	0	0	0	0
AT1G53990	4	1	2	14	4	4
AT1G54000	102	53	90	110	89	59
AT1G54010	1878	2401	1723	2000	6189	3573
AT1G54020	12	11	9	21	7	13
AT1G54030	994	659	926	964	1219	931
AT1G54040	134	65	105	51	104	159
AT1G54050	76	165	64	105	150	141
AT1G54060	717	878	556	632	684	825
AT1G54070	2	2	1	1	0	0
AT1G54080	2824	1379	2203	2198	2078	2098
AT1G54090	639	464	437	639	558	658
AT1G54095	22	1	9	0	1	0
AT1G54100	3290	1378	2740	2652	1280	1813
AT1G54110	184	165	117	148	133	120
AT1G54115	370	267	310	384	282	353
AT1G54120	50	36	32	31	25	23
AT1G54130	1752	1096	1462	2012	1646	2166
AT1G54140	402	325	312	296	339	269
AT1G54150	298	188	229	234	239	269
AT1G54160	108	21	81	48	38	51
AT1G54170	660	213	587	612	657	702
AT1G54180	150	66	104	113	117	95
AT1G54200	145	57	129	129	165	167
AT1G54210	210	213	125	193	112	151
AT1G54215	11	7	8	4	10	8
AT1G54217	37	25	33	39	22	23
AT1G54220	459	294	390	356	779	544
AT1G54230	0	0	0	0	0	0
AT1G54240	0	0	0	0	0	0
AT1G54250	226	246	191	188	212	145
AT1G54260	535	128	371	355	196	259
AT1G54270	2381	1678	2073	2319	2623	2226
AT1G54280	0	1	2	1	2	2
AT1G54290	230	130	213	164	126	126
AT1G54300	0	0	0	0	0	0
AT1G54310	302	277	255	323	307	384
AT1G54320	1669	774	1393	1400	968	1058
AT1G54330	13	6	4	5	8	18
AT1G54340	994	502	800	788	711	829
AT1G54350	1013	367	777	966	1392	1651
AT1G54355	6	0	7	5	3	9
AT1G54360	1004	599	783	766	840	891
AT1G54370	745	365	571	530	428	489
AT1G54380	431	231	359	393	321	358
AT1G54385	107	78	59	60	179	114
AT1G54390	712	307	540	490	464	544
AT1G54400	1	1	2	6	7	6
AT1G54410	63365	64983	44522	50651	26534	33299
AT1G54420	0	0	0	0	0	0
AT1G54440	508	134	372	438	340	354
AT1G54445	0	0	0	0	0	0
AT1G54450	90	35	58	72	109	97
AT1G54460	766	475	602	599	671	673
AT1G54470	1	0	3	2	1	2
AT1G54475	2	2	0	0	3	2
AT1G54490	1601	518	1209	1441	1650	1873
AT1G54500	2005	2955	1633	2053	2539	3101
AT1G54510	588	119	396	375	297	370
AT1G54520	1954	2231	1537	1947	2062	2416
AT1G54530	5	0	8	1	11	12
AT1G54540	2	2	2	2	3	0
AT1G54550	0	0	0	0	0	0
AT1G54560	3	0	0	2	6	9
AT1G54570	416	133	313	414	303	238
AT1G54575	629	229	521	252	281	324
AT1G54580	2117	2472	1605	2235	1842	1766
AT1G54590	0	0	0	0	0	0
AT1G54610	1387	624	1034	1085	1132	1187
AT1G54620	0	0	0	0	0	0
AT1G54630	1873	1915	1461	1733	1419	1576
AT1G54640	0	0	0	0	0	0
AT1G54650	129	68	114	88	99	100
AT1G54670	0	0	0	0	0	0
AT1G54680	92	56	59	86	63	66
AT1G54690	283	256	227	256	214	179
AT1G54700	0	0	0	0	0	0
AT1G54710	721	333	639	695	562	566
AT1G54720	0	0	0	0	0	0
AT1G54730	654	431	507	510	533	763
AT1G54740	567	1006	450	958	863	1558
AT1G54760	5	0	3	1	0	0
AT1G54770	283	236	281	270	242	259
AT1G54773	22	10	14	12	7	16
AT1G54775	0	0	0	0	0	0
AT1G54780	3950	6654	3152	3950	6855	9180
AT1G54790	34	19	21	22	26	18
AT1G54820	432	264	356	351	589	734
AT1G54830	315	164	298	252	387	334
AT1G54840	38	24	28	16	11	13
AT1G54850	170	171	131	135	121	139
AT1G54860	1	0	3	0	0	0
AT1G54870	9	0	18	5	1	0
AT1G54890	0	0	0	1	0	0
AT1G54920	1545	555	1126	1291	1020	1446
AT1G54930	16	6	11	6	9	16
AT1G54940	1	0	0	0	0	1
AT1G54950	0	0	0	0	0	0
AT1G54953	0	0	0	0	0	0
AT1G54957	0	0	0	0	0	0
AT1G54960	75	22	63	74	108	91
AT1G54970	4	0	17	1	0	3
AT1G54980	0	0	0	3	2	0
AT1G54990	425	132	317	320	300	280
AT1G55000	684	585	533	601	441	642
AT1G55010	15	7	22	14	5	10
AT1G55020	289	153	233	310	405	337
AT1G55030	0	0	0	0	0	0
AT1G55040	178	46	175	178	174	133
AT1G55050	40	20	26	22	29	37
AT1G55060	0	0	0	0	0	0
AT1G55070	0	0	1	0	0	0
AT1G55080	304	178	242	256	279	259
AT1G55090	1216	697	898	1134	1426	1434
AT1G55110	1443	259	1034	889	503	625
AT1G55120	342	48	231	154	106	109
AT1G55130	349	155	283	346	311	363
AT1G55140	337	459	301	428	656	498
AT1G55150	389	228	303	363	331	413
AT1G55152	0	0	0	0	0	0
AT1G55160	447	690	361	486	423	538
AT1G55170	155	72	109	161	191	161
AT1G55175	1	2	2	8	8	5
AT1G55180	139	85	101	111	113	134
AT1G55190	0	0	0	0	0	0
AT1G55200	89	24	72	84	113	96
AT1G55205	34	35	39	41	37	38
AT1G55207	1	0	0	1	0	0
AT1G55210	507	357	392	305	495	314
AT1G55220	0	0	0	0	0	0
AT1G55230	0	0	0	0	0	0
AT1G55240	3	0	2	1	1	0
AT1G55250	770	312	588	640	652	720
AT1G55260	752	876	694	605	1136	945
AT1G55265	0	0	0	0	0	0
AT1G55270	356	144	321	389	287	320
AT1G55280	164	102	105	140	98	142
AT1G55290	5	1	1	1	0	0
AT1G55300	157	200	122	126	154	168
AT1G55310	1983	742	1455	1365	904	969
AT1G55320	118	35	102	66	168	98
AT1G55325	881	255	714	911	917	971
AT1G55330	146	176	90	175	128	119
AT1G55335	0	0	0	0	0	0
AT1G55340	912	956	594	740	749	771
AT1G55350	1603	445	1320	1432	1564	1584
AT1G55360	2738	1257	2257	2512	2003	2216
AT1G55365	0	0	0	0	0	0
AT1G55370	360	550	315	385	627	699
AT1G55380	17	7	17	4	17	11
AT1G55390	5	12	9	18	20	14
AT1G55420	5	0	5	1	0	0
AT1G55430	7	0	0	2	0	0
AT1G55440	20	1	7	2	0	2
AT1G55450	4279	1288	3211	4583	1421	1503
AT1G55460	707	670	592	648	460	531
AT1G55475	103	50	73	82	29	69
AT1G55480	1482	3311	1265	1137	3191	3788
AT1G55490	7641	10789	6243	8441	18969	16242
AT1G55500	1017	193	787	688	523	408
AT1G55510	439	287	283	411	277	359
AT1G55520	646	376	546	590	441	493
AT1G55525	1	0	0	0	0	0
AT1G55530	663	711	514	612	529	758
AT1G55535	210	135	170	233	217	200
AT1G55540	561	101	495	622	588	617
AT1G55546	0	0	0	0	0	0
AT1G55550	71	15	64	41	56	72
AT1G55560	0	0	0	0	0	0
AT1G55570	0	0	0	0	0	0
AT1G55580	10	2	14	2	3	5
AT1G55590	417	114	305	285	243	356
AT1G55591	0	0	0	0	0	0
AT1G55600	0	0	0	1	1	2
AT1G55610	162	67	108	105	139	165
AT1G55620	402	208	322	340	393	395
AT1G55625	0	0	0	0	0	0
AT1G55630	146	90	113	151	94	122
AT1G55640	0	0	0	0	0	0
AT1G55650	1	0	0	0	3	0
AT1G55660	0	0	0	0	0	0
AT1G55670	6810	12813	5304	6298	3418	5708
AT1G55673	0	0	0	0	0	0
AT1G55675	326	229	236	212	123	160
AT1G55680	1881	904	1446	1572	1404	1630
AT1G55690	789	231	641	522	625	619
AT1G55700	0	0	1	0	0	1
AT1G55710	0	0	0	0	0	0
AT1G55720	0	0	0	0	0	0
AT1G55730	267	102	199	208	160	171
AT1G55740	55	23	68	46	26	19
AT1G55750	434	164	344	389	363	402
AT1G55755	0	0	0	1	0	0
AT1G55760	134	46	90	73	78	81
AT1G55770	2	1	0	1	0	4
AT1G55775	0	0	2	2	0	0
AT1G55790	0	0	0	0	0	0
AT1G55800	3	7	5	2	3	5
AT1G55803	5	1	2	0	0	2
AT1G55805	240	615	167	292	293	372
AT1G55810	1122	747	789	1500	844	1223
AT1G55820	247	65	184	252	222	204
AT1G55830	297	165	252	276	257	270
AT1G55840	1331	616	1064	980	995	1010
AT1G55850	2192	897	1634	1517	1013	1198
AT1G55860	2125	248	1617	1892	2132	2267
AT1G55865	15	8	16	14	14	10
AT1G55870	291	70	233	307	206	191
AT1G55880	290	189	250	269	212	313
AT1G55890	387	327	318	449	439	406
AT1G55900	449	218	370	422	548	374
AT1G55910	74	93	89	50	79	70
AT1G55915	48	35	45	80	60	52
AT1G55917	0	0	0	0	0	0
AT1G55920	1858	929	1548	1429	1637	1200
AT1G55928	0	0	0	0	0	0
AT1G55930	424	230	325	368	395	492
AT1G55940	15	7	5	3	12	11
AT1G55945	0	0	0	0	0	0
AT1G55947	0	0	0	0	0	0
AT1G55950	2	3	2	1	2	3
AT1G55960	611	494	467	593	838	996
AT1G55970	364	38	212	271	321	360
AT1G55980	2	2	5	9	3	21
AT1G55990	44	3	25	9	10	8
AT1G56000	216	231	161	150	162	229
AT1G56010	420	162	291	466	155	205
AT1G56020	140	98	119	84	129	127
AT1G56030	0	0	0	0	0	0
AT1G56040	0	0	0	0	0	0
AT1G56045	1866	3634	1428	1819	2131	1796
AT1G56050	402	536	310	400	932	762
AT1G56060	21	7	25	58	2	3
AT1G56070	11535	8104	9532	11369	16099	13427
AT1G56080	42	21	42	42	50	21
AT1G56085	1	2	0	0	0	0
AT1G56090	292	192	215	250	196	190
AT1G56100	0	0	0	0	0	0
AT1G56105	0	0	0	0	0	0
AT1G56110	2941	3024	2242	2785	3552	2038
AT1G56120	134	8	83	78	72	54
AT1G56130	91	9	89	115	59	43
AT1G56140	739	198	581	547	553	596
AT1G56145	366	71	243	295	212	209
AT1G56150	170	102	154	158	24	62
AT1G56160	0	1	0	0	0	0
AT1G56165	12	22	14	23	7	13
AT1G56170	0	0	0	0	0	0
AT1G56180	353	290	296	286	281	374
AT1G56190	2623	3599	1956	2940	3637	4139
AT1G56200	2721	3469	2087	2678	1941	2303
AT1G56210	238	236	162	205	168	211
AT1G56220	10832	9535	8593	10818	4570	8040
AT1G56225	0	0	0	0	0	0
AT1G56230	286	105	230	227	165	216
AT1G56233	0	0	0	0	0	0
AT1G56240	23	7	20	46	0	6
AT1G56242	1	0	1	2	0	4
AT1G56250	154	66	102	380	12	71
AT1G56260	44	109	43	49	72	67
AT1G56270	0	0	2	0	0	0
AT1G56280	13860	7304	10165	10371	4695	7994
AT1G56290	443	349	407	401	370	389
AT1G56300	1801	548	1495	2116	358	489
AT1G56310	241	122	247	241	169	189
AT1G56320	19	21	11	10	5	11
AT1G56330	2089	2241	1622	1838	2234	1967
AT1G56340	3714	3826	2968	3957	4927	3593
AT1G56345	63	78	64	77	66	37
AT1G56350	112	59	89	99	115	96
AT1G56360	0	0	0	0	0	0
AT1G56380	0	0	0	0	0	0
AT1G56385	0	0	0	0	0	0
AT1G56400	0	0	0	0	0	0
AT1G56410	1	1	0	0	0	0
AT1G56415	0	0	0	0	0	0
AT1G56418	0	0	0	0	0	0
AT1G56420	107	80	95	87	66	100
AT1G56423	266	165	216	235	168	159
AT1G56430	126	126	104	89	234	189
AT1G56440	268	117	179	290	221	218
AT1G56450	1237	1051	918	1098	1342	1168
AT1G56460	1160	463	824	1061	828	1115
AT1G56500	1466	1413	1213	1375	2148	2624
AT1G56510	1078	391	824	827	683	918
AT1G56520	345	115	256	411	184	223
AT1G56530	0	0	0	0	0	0
AT1G56540	169	20	103	129	32	47
AT1G56550	47	4	29	23	3	0
AT1G56553	0	0	0	0	0	0
AT1G56555	4	1	4	5	1	1
AT1G56560	393	148	368	306	406	341
AT1G56570	82	19	61	117	125	86
AT1G56580	0	0	0	0	0	0
AT1G56590	377	287	291	296	345	311
AT1G56600	1314	4	979	92	13	9
AT1G56610	187	53	159	135	100	122
AT1G56612	254	110	174	153	141	142
AT1G56620	0	0	0	0	0	0
AT1G56630	0	0	0	0	2	0
AT1G56650	18	0	17	2	10	11
AT1G56660	11962	2769	7615	1629	412	1183
AT1G56670	74	43	58	41	41	77
AT1G56680	0	0	1	1	2	3
AT1G56690	49	15	44	34	37	24
AT1G56700	682	834	541	644	462	557
AT1G56710	108	3	60	36	7	7
AT1G56720	483	345	299	396	399	635
AT1G56730	0	0	0	0	0	0
AT1G56740	0	0	0	0	0	0
AT1G56750	0	0	0	0	0	0
AT1G56760	0	0	0	0	0	0
AT1G56770	0	0	0	0	0	0
AT1G56780	0	0	0	0	0	0
AT1G56790	0	0	0	0	0	0
AT1G56800	0	0	0	0	0	0
AT1G56810	0	0	0	0	0	0
AT1G56820	0	0	0	0	0	0
AT1G56830	0	0	0	0	0	0
AT1G56840	0	0	0	0	0	0
AT1G56850	0	0	0	0	0	0
AT1G56860	0	0	0	0	0	0
AT1G56870	0	0	0	0	0	0
AT1G56880	0	0	0	0	0	0
AT1G56890	0	0	0	0	0	0
AT1G56900	0	0	0	0	0	0
AT1G56910	0	0	0	0	0	0
AT1G56920	0	0	0	0	0	0
AT1G56930	0	0	0	0	0	0
AT1G56940	0	0	0	0	0	0
AT1G56950	0	0	0	0	0	0
AT1G56960	0	0	0	0	0	0
AT1G56970	0	0	0	0	0	0
AT1G56980	0	0	0	0	0	0
AT1G56990	0	0	0	0	0	0
AT1G57000	0	0	0	0	0	0
AT1G57010	0	0	0	0	0	0
AT1G57020	0	0	0	0	0	0
AT1G57030	0	0	0	0	0	0
AT1G57040	0	0	0	0	0	0
AT1G57050	0	0	0	0	0	0
AT1G57060	0	0	0	0	0	0
AT1G57070	0	0	0	0	0	0
AT1G57080	0	0	0	0	0	0
AT1G57090	0	0	0	0	0	0
AT1G57100	0	0	0	0	0	0
AT1G57110	0	0	0	0	0	0
AT1G57120	0	0	0	0	0	0
AT1G57130	0	0	0	0	0	0
AT1G57140	0	0	0	0	0	0
AT1G57150	0	0	0	0	0	0
AT1G57160	0	0	0	0	0	0
AT1G57170	0	0	0	0	0	0
AT1G57180	0	0	0	0	0	0
AT1G57190	0	0	0	0	0	0
AT1G57200	0	0	0	0	0	0
AT1G57210	0	0	0	0	0	0
AT1G57220	0	0	0	0	0	0
AT1G57230	0	0	0	0	0	0
AT1G57240	0	0	0	0	0	0
AT1G57250	0	0	0	0	0	0
AT1G57260	0	0	0	0	0	0
AT1G57270	0	0	0	0	0	0
AT1G57280	0	0	0	0	0	0
AT1G57290	0	0	0	0	0	0
AT1G57300	0	0	0	0	0	0
AT1G57310	0	0	0	0	0	0
AT1G57320	0	0	0	0	0	0
AT1G57330	0	0	0	0	0	0
AT1G57340	0	0	0	0	0	0
AT1G57350	0	0	0	0	0	0
AT1G57360	0	0	0	0	0	0
AT1G57370	0	0	0	0	0	0
AT1G57380	0	0	0	0	0	0
AT1G57390	0	0	0	0	0	0
AT1G57400	0	0	0	0	0	0
AT1G57410	0	0	0	0	0	0
AT1G57420	0	0	0	0	0	0
AT1G57430	0	0	0	0	0	0
AT1G57440	0	0	0	0	0	0
AT1G57450	0	0	0	0	0	0
AT1G57460	0	0	0	0	0	0
AT1G57470	0	0	0	0	0	0
AT1G57480	0	0	0	0	0	0
AT1G57490	0	0	0	0	0	0
AT1G57500	0	0	0	0	0	0
AT1G57510	0	0	0	0	0	0
AT1G57520	0	0	0	0	0	0
AT1G57530	0	0	0	0	0	0
AT1G57540	217	182	159	170	106	117
AT1G57550	0	0	0	0	0	0
AT1G57560	27	6	15	9	6	17
AT1G57565	0	0	0	0	0	0
AT1G57570	3	1	0	3	0	0
AT1G57580	0	0	0	0	0	0
AT1G57590	14	2	10	0	18	3
AT1G57600	196	62	156	163	166	169
AT1G57610	252	172	168	197	185	158
AT1G57613	0	0	0	0	0	0
AT1G57620	350	216	311	331	284	258
AT1G57630	11	6	10	23	5	13
AT1G57650	0	0	0	0	0	0
AT1G57660	606	787	417	660	854	732
AT1G57670	0	1	1	0	1	1
AT1G57680	2170	2578	1621	2070	1859	2621
AT1G57690	0	0	0	0	0	0
AT1G57700	248	103	181	233	150	165
AT1G57720	5199	4009	4378	4914	5524	4988
AT1G57730	1	0	2	0	0	0
AT1G57750	0	0	0	0	0	0
AT1G57760	0	0	0	0	0	0
AT1G57765	203	237	154	208	162	195
AT1G57770	362	862	269	488	1329	1427
AT1G57775	0	0	0	2	0	0
AT1G57777	0	0	0	0	0	0
AT1G57780	0	0	0	0	0	0
AT1G57790	167	137	108	124	141	176
AT1G57800	3	0	0	0	0	0
AT1G57820	373	382	315	487	718	663
AT1G57830	0	0	0	0	0	0
AT1G57835	0	0	0	0	0	0
AT1G57850	6	0	0	0	0	0
AT1G57860	388	539	287	353	394	367
AT1G57870	744	304	623	624	465	634
AT1G57906	0	0	0	0	0	0
AT1G57943	7	2	4	13	2	7
AT1G57980	137	94	119	84	97	165
AT1G57990	2576	1150	2327	3560	1058	1958
AT1G58007	6	1	1	4	0	2
AT1G58025	667	312	534	696	589	590
AT1G58030	2011	844	1717	1557	929	1212
AT1G58037	1	0	0	0	1	0
AT1G58050	0	0	1	0	0	0
AT1G58055	0	0	0	0	0	0
AT1G58060	806	271	623	660	724	878
AT1G58070	193	138	172	121	130	172
AT1G58080	2809	2459	2206	2257	3756	3428
AT1G58090	0	0	0	0	0	0
AT1G58100	715	398	537	648	615	645
AT1G58110	746	378	585	595	559	683
AT1G58120	5	4	0	2	1	2
AT1G58150	49	54	46	57	34	65
AT1G58160	26	13	23	29	8	22
AT1G58170	31	12	19	24	17	14
AT1G58180	2634	3153	1839	2626	1288	2379
AT1G58190	90	60	60	96	75	93
AT1G58200	1268	893	1078	1432	1123	1553
AT1G58210	135	157	125	133	119	166
AT1G58215	2	1	0	2	1	1
AT1G58220	170	32	153	184	169	216
AT1G58223	0	0	0	0	0	0
AT1G58225	9	2	1	6	0	1
AT1G58230	876	192	673	819	831	958
AT1G58235	315	326	275	255	136	194
AT1G58242	0	0	0	0	0	0
AT1G58245	0	0	0	0	0	0
AT1G58248	0	0	0	0	0	0
AT1G58250	1451	340	1151	1346	1196	1532
AT1G58260	0	0	0	0	0	0
AT1G58265	0	0	0	0	0	0
AT1G58270	1186	846	966	572	991	893
AT1G58280	504	137	372	201	225	171
AT1G58290	4129	5757	3287	3587	5537	10107
AT1G58300	18	7	7	7	5	2
AT1G58310	2	0	0	0	0	0
AT1G58320	0	1	0	0	0	2
AT1G58330	10	2	0	0	1	0
AT1G58340	81	35	88	98	65	41
AT1G58350	1177	284	963	899	603	756
AT1G58360	1063	464	1005	837	768	804
AT1G58370	181	92	137	163	285	286
AT1G58380	334	313	285	323	374	256
AT1G58390	11	4	2	3	6	4
AT1G58400	29	25	22	37	85	56
AT1G58410	19	7	17	20	24	10
AT1G58420	102	13	63	70	4	12
AT1G58430	0	3	0	0	0	0
AT1G58440	660	424	583	702	689	753
AT1G58450	0	0	0	0	0	0
AT1G58460	5	11	4	8	10	13
AT1G58470	87	43	60	88	81	86
AT1G58520	158	55	127	116	139	184
AT1G58525	0	0	0	0	0	0
AT1G58590	76	81	63	96	46	48
AT1G58602	2809	752	2273	3117	2222	2758
AT1G58643	0	0	0	0	0	0
AT1G58684	0	0	0	0	0	0
AT1G58725	0	0	0	0	0	0
AT1G58766	0	0	0	0	0	0
AT1G58807	1	0	0	0	0	2
AT1G58808	0	0	0	0	0	0
AT1G58848	3	1	1	1	4	10
AT1G58936	0	0	0	0	0	0
AT1G58983	0	0	0	0	0	0
AT1G59030	0	0	0	0	0	0
AT1G59077	0	0	0	0	0	0
AT1G59124	0	0	0	0	1	0
AT1G59171	0	0	0	0	0	0
AT1G59218	0	0	0	1	1	1
AT1G59312	0	0	0	0	0	0
AT1G59359	0	0	0	0	0	0
AT1G59406	0	0	0	0	0	0
AT1G59453	0	0	0	0	0	0
AT1G59460	0	0	0	0	0	0
AT1G59470	0	0	0	0	0	0
AT1G59500	2	0	0	0	0	0
AT1G59510	43	31	33	42	31	42
AT1G59520	419	160	305	404	295	268
AT1G59530	0	0	0	0	0	0
AT1G59540	179	99	155	133	252	201
AT1G59550	0	0	0	0	0	0
AT1G59560	112	49	86	85	79	83
AT1G59570	0	0	0	0	0	0
AT1G59580	597	292	508	535	389	512
AT1G59590	275	201	224	554	80	227
AT1G59600	251	316	211	230	268	245
AT1G59610	2034	976	1593	1963	1981	2263
AT1G59620	334	41	256	373	77	116
AT1G59630	0	0	0	0	0	0
AT1G59640	97	16	64	51	46	31
AT1G59650	383	204	301	340	347	362
AT1G59660	192	78	178	181	264	230
AT1G59670	5	0	2	0	1	0
AT1G59675	0	0	0	0	0	0
AT1G59680	0	0	0	0	0	0
AT1G59690	0	0	0	0	0	0
AT1G59700	455	398	361	334	248	293
AT1G59710	485	470	403	454	451	460
AT1G59720	71	13	32	43	95	86
AT1G59722	0	0	0	0	0	0
AT1G59723	0	0	0	0	0	0
AT1G59724	0	0	0	0	0	0
AT1G59725	3	0	0	0	0	0
AT1G59730	2	0	1	0	0	1
AT1G59740	107	43	114	110	159	135
AT1G59750	2003	742	1443	1516	1317	1717
AT1G59760	1003	476	803	1016	930	975
AT1G59780	2	0	1	3	0	2
AT1G59790	0	1	0	0	0	0
AT1G59800	0	0	0	0	0	0
AT1G59810	1	2	3	1	2	3
AT1G59820	708	116	570	679	640	732
AT1G59830	820	1042	689	806	670	888
AT1G59833	0	0	0	0	0	0
AT1G59835	0	0	0	0	0	0
AT1G59840	384	369	260	349	491	519
AT1G59850	10	1	9	11	11	13
AT1G59860	25	28	10	21	32	20
AT1G59865	12	2	5	6	7	8
AT1G59870	21953	5328	17597	23734	16373	14547
AT1G59880	0	0	0	0	0	0
AT1G59885	0	0	0	0	0	0
AT1G59890	974	206	781	887	945	1045
AT1G59900	3982	3611	3057	3732	3212	3969
AT1G59910	1535	284	1199	1603	562	763
AT1G59920	6	1	0	1	1	1
AT1G59930	1	2	3	1	1	2
AT1G59940	9	1	4	0	0	1
AT1G59950	7	0	1	0	2	1
AT1G59960	433	483	331	498	427	403
AT1G59970	108	79	96	81	120	63
AT1G59980	296	124	178	209	182	257
AT1G59990	864	545	699	795	1274	947
AT1G60000	965	1081	777	921	987	1042
AT1G60010	1652	1446	1239	1440	963	1357
AT1G60025	0	0	0	0	0	0
AT1G60030	17	12	14	10	7	21
AT1G60040	1	0	0	0	0	0
AT1G60050	0	0	0	0	0	3
AT1G60060	263	104	212	156	124	99
AT1G60070	1773	560	1409	1649	1728	1722
AT1G60072	0	0	0	0	0	0
AT1G60073	0	0	0	0	0	0
AT1G60080	148	121	121	147	139	123
AT1G60090	1	0	3	0	0	0
AT1G60095	7	2	3	2	0	1
AT1G60110	32	38	27	98	101	67
AT1G60130	6	3	2	12	13	3
AT1G60140	2528	1651	1930	2786	2814	3788
AT1G60160	744	335	614	763	596	810
AT1G60170	949	727	674	907	774	966
AT1G60190	1166	4	937	70	5	2
AT1G60200	5543	4808	3980	3960	3365	4597
AT1G60220	813	271	562	726	633	737
AT1G60230	470	398	345	416	564	524
AT1G60240	0	0	0	0	0	0
AT1G60250	0	0	0	0	0	0
AT1G60260	554	281	420	524	289	339
AT1G60270	74	44	59	78	123	62
AT1G60280	0	0	0	0	0	0
AT1G60300	0	0	0	0	0	0
AT1G60320	0	0	0	0	0	0
AT1G60340	0	0	0	0	0	0
AT1G60350	0	0	0	0	1	0
AT1G60360	4	9	11	17	20	18
AT1G60370	0	0	0	0	0	0
AT1G60380	0	0	2	0	0	0
AT1G60390	67	24	87	55	89	79
AT1G60400	0	0	0	0	0	0
AT1G60410	0	0	0	0	0	0
AT1G60420	458	216	374	434	430	467
AT1G60430	246	192	151	188	144	186
AT1G60440	455	217	387	407	347	345
AT1G60450	38	2	32	11	0	2
AT1G60460	27	18	20	17	31	24
AT1G60470	1	1	5	1	2	1
AT1G60490	962	344	850	839	794	1012
AT1G60500	2	0	0	5	0	0
AT1G60505	409	161	325	354	257	357
AT1G60525	92	41	68	74	62	59
AT1G60530	0	0	0	0	0	1
AT1G60545	339	98	226	217	184	232
AT1G60550	1049	1283	681	958	1010	1180
AT1G60560	173	95	168	169	171	189
AT1G60570	0	0	0	0	1	0
AT1G60580	0	0	0	0	0	0
AT1G60590	66	26	63	32	123	60
AT1G60600	610	574	437	616	888	762
AT1G60610	287	114	213	207	132	177
AT1G60620	212	108	197	171	167	160
AT1G60625	0	0	0	0	0	0
AT1G60630	200	105	157	148	160	137
AT1G60640	934	472	675	923	768	521
AT1G60650	368	163	270	279	302	265
AT1G60660	199	225	180	206	189	166
AT1G60670	370	216	336	324	301	311
AT1G60680	95	39	52	63	59	50
AT1G60690	222	212	177	180	206	203
AT1G60700	201	95	126	136	151	185
AT1G60710	2022	1272	1635	1494	2019	1994
AT1G60720	0	2	2	0	0	2
AT1G60730	652	591	531	686	643	709
AT1G60740	0	5	2	2	0	1
AT1G60750	0	0	0	1	0	0
AT1G60760	0	0	0	1	0	0
AT1G60770	572	304	414	494	594	522
AT1G60780	1631	920	1356	1571	1570	1601
AT1G60783	1	0	1	0	0	0
AT1G60787	0	0	1	0	0	1
AT1G60790	291	209	287	245	345	313
AT1G60800	1194	785	945	980	1118	1363
AT1G60810	353	274	266	356	453	425
AT1G60815	0	0	0	0	0	0
AT1G60820	0	0	0	0	0	0
AT1G60830	0	1	2	0	0	1
AT1G60840	0	2	0	0	0	0
AT1G60850	320	124	243	327	378	249
AT1G60860	676	236	504	444	449	469
AT1G60870	1458	1635	1129	1241	1092	1436
AT1G60880	0	0	0	0	0	0
AT1G60890	440	83	309	310	241	205
AT1G60900	1702	555	1306	1337	1123	1213
AT1G60910	0	0	0	0	0	0
AT1G60913	0	0	0	0	0	0
AT1G60920	0	0	2	1	0	0
AT1G60930	150	50	119	150	175	197
AT1G60940	1468	1653	1071	1277	1321	1738
AT1G60950	16300	54680	13493	15182	23133	35012
AT1G60960	367	375	254	264	527	474
AT1G60970	4	3	1	1	1	4
AT1G60980	0	0	0	0	0	0
AT1G60983	0	0	0	0	0	0
AT1G60985	0	0	0	0	0	0
AT1G60986	0	0	0	0	0	0
AT1G60987	0	0	0	0	0	0
AT1G60989	175	99	117	94	68	72
AT1G60990	574	355	433	538	874	813
AT1G60995	658	284	472	547	527	531
AT1G61000	107	85	102	96	168	132
AT1G61010	886	398	655	808	810	939
AT1G61020	0	0	0	0	0	0
AT1G61030	395	120	305	288	278	296
AT1G61040	904	462	710	873	688	952
AT1G61050	5	0	11	7	1	0
AT1G61060	0	0	0	0	0	0
AT1G61065	62	65	52	57	47	47
AT1G61070	0	0	0	0	0	0
AT1G61080	2	0	0	2	0	0
AT1G61090	0	0	0	0	0	0
AT1G61093	0	0	0	3	0	0
AT1G61095	0	0	0	0	0	0
AT1G61097	0	0	0	0	0	0
AT1G61100	1938	1478	1405	2225	3504	4812
AT1G61105	0	0	0	0	0	0
AT1G61110	0	0	1	0	0	0
AT1G61120	9	0	6	27	19	1
AT1G61130	5	2	1	10	18	8
AT1G61140	562	158	443	563	469	525
AT1G61150	897	841	741	842	819	945
AT1G61160	0	0	0	0	0	0
AT1G61165	0	0	1	0	0	1
AT1G61170	103	77	72	84	76	83
AT1G61180	355	167	356	370	319	421
AT1G61190	567	499	484	685	919	1115
AT1G61200	1	0	0	1	0	0
AT1G61210	553	254	450	481	607	601
AT1G61215	102	37	76	67	81	76
AT1G61224	0	1	0	0	0	0
AT1G61226	0	0	0	0	0	0
AT1G61230	0	0	0	1	0	0
AT1G61240	370	144	276	264	226	291
AT1G61250	905	556	768	842	681	807
AT1G61255	8	14	13	6	16	6
AT1G61260	219	165	204	166	133	132
AT1G61270	0	0	0	0	2	0
AT1G61275	3	4	6	2	6	5
AT1G61280	42	31	20	20	18	13
AT1G61290	2	2	1	2	1	2
AT1G61300	138	112	141	190	211	232
AT1G61310	107	40	100	88	96	67
AT1G61320	0	0	0	1	1	2
AT1G61330	0	0	0	0	0	0
AT1G61340	824	116	641	678	36	125
AT1G61350	353	185	277	251	314	348
AT1G61360	435	61	334	590	205	179
AT1G61370	142	33	110	115	109	84
AT1G61380	626	212	571	724	732	677
AT1G61390	37	10	31	29	29	13
AT1G61400	60	15	57	61	57	76
AT1G61410	15	3	15	12	13	14
AT1G61415	3	6	6	1	2	4
AT1G61420	90	9	85	88	24	45
AT1G61430	360	109	266	264	181	251
AT1G61440	9	4	8	9	5	3
AT1G61450	50	95	26	33	42	49
AT1G61460	95	19	79	96	25	34
AT1G61470	72	29	50	123	19	51
AT1G61475	0	0	0	0	0	0
AT1G61480	6	0	0	2	1	0
AT1G61490	128	7	95	100	43	41
AT1G61500	187	63	145	220	117	155
AT1G61520	53756	69917	43549	50211	42683	71647
AT1G61540	0	0	0	0	0	0
AT1G61550	2	0	1	6	5	1
AT1G61560	50	14	36	89	24	8
AT1G61562	0	0	0	2	0	0
AT1G61563	0	0	0	0	0	0
AT1G61565	0	0	0	0	0	0
AT1G61566	0	0	0	0	0	0
AT1G61570	254	276	213	288	280	170
AT1G61575	4	2	0	1	6	3
AT1G61580	446	223	309	546	260	254
AT1G61590	10	6	6	2	11	21
AT1G61600	89	54	65	59	89	71
AT1G61610	5	4	3	16	24	9
AT1G61620	838	540	662	733	605	720
AT1G61630	0	0	0	0	0	0
AT1G61640	223	67	183	232	171	138
AT1G61660	983	345	828	765	741	766
AT1G61667	189	182	148	165	87	109
AT1G61670	529	305	465	513	396	505
AT1G61680	3	2	10	8	2	0
AT1G61688	0	0	0	0	0	0
AT1G61690	1261	475	989	1168	1266	1660
AT1G61700	0	0	0	1	0	0
AT1G61710	4	1	1	3	7	4
AT1G61720	0	0	0	0	0	0
AT1G61730	895	531	736	908	664	696
AT1G61732	0	0	0	0	0	0
AT1G61740	2360	1523	2087	3267	2112	3291
AT1G61750	0	4	2	6	1	1
AT1G61760	28	4	4	17	20	21
AT1G61770	899	556	672	863	697	843
AT1G61780	564	655	414	423	438	502
AT1G61790	1229	932	982	1297	1382	1427
AT1G61795	78	119	45	62	69	101
AT1G61800	640	10	557	168	34	16
AT1G61810	35	12	32	17	13	9
AT1G61820	118	43	90	86	95	124
AT1G61840	6	0	2	4	1	7
AT1G61850	1162	425	903	1145	1002	1093
AT1G61860	4	2	12	7	3	11
AT1G61870	546	309	460	616	742	521
AT1G61880	1	0	0	0	0	0
AT1G61890	1103	227	1019	717	269	275
AT1G61900	792	510	577	700	794	920
AT1G61910	0	0	0	0	0	0
AT1G61920	1	0	0	0	0	1
AT1G61930	15	5	12	0	12	8
AT1G61940	0	0	0	0	0	0
AT1G61950	0	0	0	0	0	0
AT1G61960	137	93	109	103	121	104
AT1G61970	217	136	148	135	139	254
AT1G61980	172	86	113	140	144	110
AT1G61990	207	118	191	198	182	142
AT1G62000	0	0	1	1	0	0
AT1G62010	98	60	60	64	85	84
AT1G62020	1350	558	1303	1299	1631	1530
AT1G62030	124	80	123	104	153	180
AT1G62035	1	1	2	1	3	1
AT1G62040	513	470	410	448	303	429
AT1G62045	56	51	47	26	29	25
AT1G62050	254	85	180	192	193	265
AT1G62060	0	0	0	0	0	0
AT1G62070	0	0	0	0	0	0
AT1G62080	2	0	0	0	0	0
AT1G62085	102	54	112	117	95	106
AT1G62110	58	35	48	65	61	42
AT1G62120	90	55	45	59	83	56
AT1G62130	210	31	147	166	125	140
AT1G62150	70	39	49	66	84	73
AT1G62160	0	0	0	0	0	0
AT1G62170	0	0	0	0	0	0
AT1G62180	355	98	346	164	447	340
AT1G62190	0	0	0	0	0	1
AT1G62200	340	180	285	306	294	348
AT1G62210	0	0	0	0	0	0
AT1G62220	1	0	0	0	0	0
AT1G62225	18	7	21	2	1	4
AT1G62240	0	0	0	0	0	0
AT1G62250	270	232	197	192	299	281
AT1G62260	73	2	79	77	39	50
AT1G62262	2	2	4	1	0	1
AT1G62270	0	0	0	0	0	0
AT1G62280	3	2	3	5	0	0
AT1G62290	196	82	126	155	116	104
AT1G62300	572	65	459	482	312	235
AT1G62305	197	80	113	176	133	110
AT1G62310	944	239	836	819	582	851
AT1G62320	7	3	5	6	1	2
AT1G62330	576	330	483	450	477	455
AT1G62333	5	2	1	1	2	5
AT1G62340	0	0	0	0	0	0
AT1G62350	32	12	27	50	38	42
AT1G62355	3	2	2	6	2	1
AT1G62360	202	141	126	129	144	178
AT1G62370	46	18	35	46	24	17
AT1G62380	23984	18123	19694	20031	25693	21862
AT1G62390	2357	2022	1943	2810	3829	3571
AT1G62400	116	60	99	89	73	86
AT1G62410	6	0	1	1	3	4
AT1G62420	36	25	21	36	33	24
AT1G62421	0	0	0	0	0	0
AT1G62422	220	293	197	331	117	201
AT1G62430	611	294	462	518	362	444
AT1G62440	87	38	90	177	60	97
AT1G62450	0	0	0	0	0	3
AT1G62480	6791	12538	5470	15301	6408	8581
AT1G62490	14	7	4	8	5	10
AT1G62500	849	770	596	995	1495	1272
AT1G62510	371	508	246	262	402	479
AT1G62515	0	0	0	0	0	0
AT1G62520	67	106	64	63	89	83
AT1G62530	0	0	0	0	0	0
AT1G62540	320	39	247	56	73	78
AT1G62560	408	245	266	265	481	378
AT1G62570	300	43	252	123	100	89
AT1G62580	41	10	11	11	6	10
AT1G62590	11	1	11	11	17	26
AT1G62600	223	215	181	161	150	221
AT1G62610	154	55	122	95	50	68
AT1G62620	6	0	2	0	2	0
AT1G62630	194	93	144	157	149	164
AT1G62640	716	603	555	686	701	706
AT1G62660	299	339	264	418	773	589
AT1G62670	50	22	37	47	48	56
AT1G62680	63	41	55	72	55	97
AT1G62690	6	0	0	0	2	2
AT1G62700	45	27	20	53	31	37
AT1G62710	162	57	91	109	88	79
AT1G62720	14	8	9	19	19	7
AT1G62730	112	30	90	111	107	47
AT1G62740	1089	806	884	1236	1574	1280
AT1G62750	4086	5406	3445	4978	13989	14204
AT1G62760	16	24	11	54	29	32
AT1G62770	475	12	396	157	20	27
AT1G62780	1353	2434	1130	1241	2477	2258
AT1G62790	825	1146	597	647	680	616
AT1G62800	219	71	145	186	184	148
AT1G62810	518	197	437	558	454	380
AT1G62820	219	286	156	230	239	276
AT1G62830	235	140	206	234	248	271
AT1G62840	3	0	1	0	1	1
AT1G62850	416	386	384	395	525	553
AT1G62870	63	19	33	28	30	42
AT1G62880	239	191	192	188	116	155
AT1G62886	0	0	0	0	0	0
AT1G62895	0	0	0	0	0	0
AT1G62900	1	0	1	0	1	4
AT1G62910	11	11	14	12	14	21
AT1G62914	66	2	45	76	45	57
AT1G62915	36	19	41	33	42	34
AT1G62920	81	68	60	62	31	50
AT1G62930	45	74	30	42	44	45
AT1G62935	1	0	0	0	0	0
AT1G62940	0	0	0	1	0	0
AT1G62950	123	54	93	89	89	120
AT1G62960	532	834	391	535	728	1138
AT1G62970	384	105	272	335	324	389
AT1G62975	87	53	57	54	86	76
AT1G62978	0	0	0	0	0	0
AT1G62980	8	1	12	1	0	0
AT1G62981	18	18	16	18	21	22
AT1G62990	81	46	53	50	56	64
AT1G63000	725	659	534	616	710	594
AT1G63005	0	1	1	0	1	0
AT1G63010	836	327	735	688	1025	894
AT1G63020	170	65	128	168	227	265
AT1G63030	12	0	8	3	0	0
AT1G63050	83	96	86	93	159	128
AT1G63055	0	0	0	1	0	0
AT1G63057	0	0	0	0	0	0
AT1G63060	0	0	0	0	0	0
AT1G63070	0	0	0	1	0	0
AT1G63080	52	27	35	52	61	75
AT1G63090	541	352	407	295	257	432
AT1G63100	329	235	253	327	526	425
AT1G63105	0	0	0	0	0	0
AT1G63110	648	341	448	606	423	553
AT1G63120	316	220	263	257	314	429
AT1G63130	62	70	61	89	98	85
AT1G63140	0	1	1	0	2	4
AT1G63150	65	36	42	97	67	71
AT1G63160	108	118	81	138	185	133
AT1G63170	497	368	408	420	513	529
AT1G63180	238	217	183	260	174	228
AT1G63190	0	0	0	0	0	0
AT1G63200	0	0	0	0	0	0
AT1G63205	0	0	0	0	0	0
AT1G63206	0	0	0	0	0	0
AT1G63210	0	0	0	0	0	0
AT1G63220	108	237	88	91	139	146
AT1G63230	46	12	36	31	26	53
AT1G63240	631	325	474	468	441	657
AT1G63245	11	2	6	1	1	0
AT1G63250	114	27	78	119	117	100
AT1G63260	422	596	379	475	484	638
AT1G63270	215	180	209	205	154	187
AT1G63280	0	0	0	3	0	0
AT1G63290	711	744	535	557	548	595
AT1G63295	26	48	30	34	55	51
AT1G63300	476	174	370	469	355	383
AT1G63310	130	121	105	112	95	120
AT1G63320	6	0	0	2	2	0
AT1G63330	1	4	2	0	3	1
AT1G63340	0	0	0	0	0	0
AT1G63350	144	85	131	229	164	183
AT1G63360	451	241	425	534	377	512
AT1G63370	1	0	1	0	3	4
AT1G63380	5	1	6	22	10	12
AT1G63390	3	0	4	7	3	2
AT1G63400	43	25	33	44	28	27
AT1G63410	0	0	0	0	0	0
AT1G63420	300	118	200	193	226	279
AT1G63430	627	277	504	497	510	562
AT1G63440	72	37	83	72	91	74
AT1G63450	4	4	3	2	3	0
AT1G63460	404	448	354	380	290	335
AT1G63470	483	262	339	325	411	345
AT1G63480	510	220	336	344	274	305
AT1G63490	670	120	493	512	409	426
AT1G63500	753	381	641	822	750	771
AT1G63510	0	0	0	0	0	0
AT1G63520	19	17	8	8	11	12
AT1G63522	1	1	0	0	0	0
AT1G63530	145	65	103	153	127	116
AT1G63535	0	0	0	0	0	0
AT1G63540	2	0	0	0	0	0
AT1G63550	0	0	0	0	0	2
AT1G63570	5	1	0	1	0	1
AT1G63580	0	5	3	3	14	11
AT1G63590	0	0	0	0	0	0
AT1G63600	5	0	2	0	0	0
AT1G63610	669	865	505	751	1137	1060
AT1G63615	1	1	0	0	0	0
AT1G63630	3	3	2	2	0	0
AT1G63640	548	307	443	460	787	759
AT1G63650	76	57	56	47	89	89
AT1G63660	609	442	522	671	1209	825
AT1G63670	606	196	494	468	450	425
AT1G63680	772	553	648	867	1366	1216
AT1G63690	1520	775	1191	1257	1170	1373
AT1G63700	1195	375	976	1069	942	1035
AT1G63710	5	10	6	3	22	19
AT1G63720	324	47	237	301	71	113
AT1G63730	56	7	36	68	53	69
AT1G63740	320	94	324	361	267	348
AT1G63750	1240	335	929	1077	690	888
AT1G63770	3509	1845	2984	3370	5025	4923
AT1G63780	346	298	326	414	483	381
AT1G63790	0	0	0	0	0	0
AT1G63800	1693	3123	1272	1886	1009	2110
AT1G63810	561	212	454	621	637	473
AT1G63820	39	17	50	44	22	22
AT1G63830	1405	887	1155	1284	778	911
AT1G63840	138	83	121	162	63	60
AT1G63850	490	349	380	370	520	495
AT1G63855	82	59	49	44	45	66
AT1G63860	1175	481	836	1340	727	790
AT1G63870	10	1	2	4	2	2
AT1G63880	1700	1144	1192	1588	1974	2532
AT1G63900	628	603	477	591	660	857
AT1G63910	12	1	12	13	8	7
AT1G63930	8	1	6	8	7	7
AT1G63940	1931	1295	1653	1817	3566	2288
AT1G63950	0	0	0	0	0	0
AT1G63960	2	1	3	0	0	2
AT1G63970	961	1292	786	959	1168	1272
AT1G63980	2385	1873	1873	2991	2160	2767
AT1G63990	0	10	0	1	6	3
AT1G64000	0	0	2	0	0	0
AT1G64010	1	3	6	2	5	0
AT1G64020	2	4	1	2	8	3
AT1G64030	0	0	0	0	0	0
AT1G64040	842	787	633	825	669	743
AT1G64050	711	248	548	727	616	726
AT1G64060	409	135	385	316	279	324
AT1G64065	215	96	194	218	45	78
AT1G64070	0	0	5	2	3	2
AT1G64080	201	46	124	116	90	85
AT1G64090	840	781	628	817	840	858
AT1G64100	3	11	4	15	23	11
AT1G64105	0	0	0	0	0	0
AT1G64107	1	3	1	0	0	3
AT1G64110	350	10	238	9	17	10
AT1G64120	0	0	0	0	0	0
AT1G64130	0	0	0	0	0	0
AT1G64140	2170	690	1692	1682	1464	1679
AT1G64150	252	304	250	257	507	629
AT1G64160	0	0	0	2	1	0
AT1G64170	116	55	73	208	386	135
AT1G64180	267	83	193	182	141	185
AT1G64185	50	41	45	34	42	25
AT1G64190	483	680	371	504	684	624
AT1G64195	0	0	0	0	0	0
AT1G64200	235	515	168	321	623	631
AT1G64210	7	13	8	5	24	16
AT1G64220	37	73	25	76	74	50
AT1G64230	8205	6410	5922	7736	3615	6229
AT1G64235	0	0	0	0	0	0
AT1G64253	27	6	11	22	21	14
AT1G64255	0	0	0	0	0	0
AT1G64260	17	11	13	14	16	16
AT1G64280	672	301	563	774	636	723
AT1G64290	0	0	0	0	0	0
AT1G64295	0	0	0	0	0	0
AT1G64300	108	48	109	116	62	82
AT1G64310	16	0	12	21	9	7
AT1G64320	91	23	58	63	36	36
AT1G64330	1676	825	1195	1317	726	850
AT1G64340	0	0	0	0	0	0
AT1G64350	343	339	227	226	275	304
AT1G64355	665	1168	470	590	741	1038
AT1G64360	365	167	273	193	54	145
AT1G64370	5987	5474	4548	5068	3570	4908
AT1G64380	524	47	349	270	45	62
AT1G64385	595	364	403	549	405	526
AT1G64390	1368	224	1096	1026	529	398
AT1G64400	147	128	128	154	540	297
AT1G64405	2	1	6	9	5	4
AT1G64420	0	0	0	0	0	0
AT1G64430	1515	1243	1168	1459	1537	1868
AT1G64440	311	144	261	213	189	233
AT1G64450	58	53	54	40	53	44
AT1G64455	0	0	0	0	0	0
AT1G64460	438	117	304	336	219	270
AT1G64480	1	0	1	0	0	0
AT1G64490	158	309	111	179	191	196
AT1G64500	131	361	94	124	382	476
AT1G64510	3599	8779	3031	4161	5972	6438
AT1G64520	996	1091	857	993	1079	1070
AT1G64530	325	174	242	239	323	490
AT1G64540	1	0	2	1	0	2
AT1G64550	1772	1123	1391	1675	1998	1853
AT1G64561	25	13	20	23	13	11
AT1G64563	51	5	38	35	20	44
AT1G64570	748	118	623	704	716	799
AT1G64572	100	78	75	77	82	86
AT1G64580	130	66	95	129	127	126
AT1G64583	26	20	24	23	27	28
AT1G64584	0	1	0	0	0	0
AT1G64585	0	0	0	0	0	0
AT1G64590	13	0	12	3	4	0
AT1G64600	282	140	302	276	238	169
AT1G64610	322	60	255	334	92	148
AT1G64618	2	0	1	3	1	0
AT1G64620	175	111	124	117	171	146
AT1G64625	63	39	34	59	35	45
AT1G64630	612	228	399	474	401	439
AT1G64633	0	0	0	0	0	0
AT1G64640	1445	704	1033	1531	517	569
AT1G64650	1232	750	1022	1088	1101	904
AT1G64660	1102	70	838	896	85	116
AT1G64670	552	318	388	483	741	547
AT1G64680	1426	1756	1037	1336	1618	2081
AT1G64690	120	94	122	153	99	129
AT1G64700	46	22	43	44	36	31
AT1G64710	1681	950	1317	1267	1061	948
AT1G64720	24554	27521	18198	28092	17996	33389
AT1G64740	357	253	302	402	620	683
AT1G64750	751	1241	643	723	553	638
AT1G64760	535	146	398	523	311	293
AT1G64770	523	1173	455	420	1612	1583
AT1G64780	91	77	71	24	86	78
AT1G64790	1514	454	1333	1731	2761	2171
AT1G64795	2	4	2	0	0	1
AT1G64800	0	0	0	0	0	0
AT1G64810	614	231	505	459	373	449
AT1G64820	6	0	1	3	2	0
AT1G64830	0	0	0	0	0	0
AT1G64840	205	106	175	184	195	165
AT1G64850	546	692	394	407	433	456
AT1G64860	1712	1922	1305	1326	1868	2740
AT1G64870	0	0	0	0	0	0
AT1G64880	1042	611	958	1181	1509	1090
AT1G64890	112	33	89	70	65	37
AT1G64900	842	631	676	807	1178	1354
AT1G64910	0	0	0	0	0	0
AT1G64920	1	0	2	0	0	0
AT1G64930	1	0	1	0	3	0
AT1G64940	3	1	4	1	2	2
AT1G64950	819	270	705	437	496	455
AT1G64960	354	107	279	349	333	307
AT1G64970	105	85	102	63	107	109
AT1G64980	543	311	451	490	530	355
AT1G64990	441	221	329	366	323	339
AT1G65000	135	135	109	110	66	102
AT1G65010	3025	1005	2328	2998	2739	2939
AT1G65020	376	259	264	278	273	312
AT1G65030	232	98	219	248	205	160
AT1G65032	120	105	129	118	70	79
AT1G65040	719	290	606	655	504	492
AT1G65050	0	0	2	0	0	0
AT1G65060	167	122	146	73	233	121
AT1G65070	820	336	570	676	706	841
AT1G65080	146	41	100	107	111	83
AT1G65090	5	0	17	0	0	0
AT1G65110	26	6	25	17	15	8
AT1G65113	0	0	0	0	0	0
AT1G65120	61	4	56	37	42	17
AT1G65130	12	6	10	8	8	10
AT1G65140	0	1	1	0	0	0
AT1G65150	113	72	87	83	61	61
AT1G65160	0	0	0	0	0	0
AT1G65165	0	0	0	0	0	0
AT1G65170	0	0	0	0	0	0
AT1G65180	47	10	34	32	24	20
AT1G65190	643	418	505	669	446	530
AT1G65200	3	0	7	5	2	2
AT1G65210	0	0	0	0	0	0
AT1G65220	1397	1348	1042	1296	1345	1609
AT1G65230	651	1033	517	631	775	1179
AT1G65240	27	21	17	14	33	21
AT1G65250	60	33	54	79	37	48
AT1G65260	4394	5734	3396	4027	4665	5923
AT1G65270	1168	827	892	1022	975	1013
AT1G65280	1270	958	995	1206	1232	1439
AT1G65290	1744	2219	1215	1539	1451	1229
AT1G65295	388	558	302	280	411	451
AT1G65300	0	0	1	1	0	0
AT1G65310	216	90	208	345	131	127
AT1G65320	483	221	379	406	303	347
AT1G65330	8	0	3	8	0	0
AT1G65340	0	0	0	0	1	0
AT1G65342	0	0	0	0	0	0
AT1G65346	0	0	0	0	0	0
AT1G65349	0	0	0	0	0	0
AT1G65350	0	0	0	0	0	0
AT1G65352	0	0	0	0	0	0
AT1G65360	0	0	0	0	0	0
AT1G65370	1369	335	975	994	321	366
AT1G65380	362	163	274	279	260	307
AT1G65390	964	350	762	1313	413	484
AT1G65410	642	448	553	533	682	688
AT1G65420	24	30	33	22	18	15
AT1G65425	1	0	0	0	0	0
AT1G65430	482	216	407	456	374	427
AT1G65440	3926	3294	3033	3475	3105	3515
AT1G65450	29	35	22	23	71	47
AT1G65470	256	299	237	357	402	330
AT1G65480	12	72	8	52	86	68
AT1G65481	7	7	3	9	19	8
AT1G65483	0	0	1	0	0	1
AT1G65484	3	8	4	4	8	2
AT1G65486	108	234	76	96	320	156
AT1G65490	86	351	76	71	271	280
AT1G65500	40	60	28	77	173	36
AT1G65510	52	25	21	49	37	19
AT1G65520	156	193	134	163	216	190
AT1G65540	1026	435	798	947	783	937
AT1G65541	0	0	0	0	0	0
AT1G65550	0	0	0	0	0	0
AT1G65560	133	49	109	133	111	95
AT1G65570	1	0	1	0	0	0
AT1G65580	1169	397	941	1022	899	1080
AT1G65590	588	511	538	439	655	882
AT1G65610	7	15	10	19	52	23
AT1G65620	52	58	62	38	105	91
AT1G65630	2	3	0	0	1	2
AT1G65640	0	0	0	0	0	0
AT1G65650	584	425	444	472	465	457
AT1G65660	1660	878	1266	1450	1284	1602
AT1G65670	0	0	0	0	0	1
AT1G65680	0	0	0	0	2	0
AT1G65681	0	0	0	0	0	0
AT1G65690	60	5	41	46	28	7
AT1G65700	228	218	174	206	208	167
AT1G65710	58	54	44	83	99	88
AT1G65720	2597	1934	2187	2396	2069	2346
AT1G65730	4	4	7	14	19	12
AT1G65735	0	0	0	0	0	0
AT1G65740	0	0	0	0	0	0
AT1G65760	0	0	1	0	0	0
AT1G65770	0	0	0	0	0	0
AT1G65780	0	0	0	0	0	0
AT1G65790	67	0	36	74	21	6
AT1G65800	598	78	528	687	295	308
AT1G65810	4	0	1	0	5	1
AT1G65820	1592	1408	1224	1425	933	943
AT1G65830	0	0	0	0	0	0
AT1G65840	2079	275	1586	1692	612	544
AT1G65845	451	484	336	725	1082	514
AT1G65850	7	1	3	7	0	0
AT1G65860	304	236	263	300	431	344
AT1G65870	1	17	0	0	29	6
AT1G65880	1	0	0	0	1	0
AT1G65890	3	0	3	1	2	1
AT1G65900	226	65	197	120	133	119
AT1G65910	42	21	33	32	43	44
AT1G65920	353	73	255	254	186	256
AT1G65930	6919	8649	5574	7941	9209	9535
AT1G65950	360	164	261	267	214	238
AT1G65960	4411	3227	3570	5116	4851	5357
AT1G65970	16	19	9	55	12	17
AT1G65980	3059	2822	2416	2340	2336	2075
AT1G65985	77	39	42	51	52	76
AT1G65990	1	0	0	1	0	0
AT1G66000	0	0	0	0	0	0
AT1G66020	4	0	4	1	0	0
AT1G66030	0	0	0	0	0	0
AT1G66040	0	0	0	2	2	1
AT1G66045	0	0	0	0	0	0
AT1G66050	7	4	0	6	15	9
AT1G66060	5	2	13	8	0	1
AT1G66070	572	313	456	569	543	368
AT1G66080	44	66	50	52	53	39
AT1G66090	658	161	571	1179	49	296
AT1G66100	438	1167	320	1054	451	1054
AT1G66110	6	0	1	0	0	0
AT1G66120	0	0	0	0	0	0
AT1G66130	239	351	199	200	410	550
AT1G66140	302	143	257	265	211	208
AT1G66145	0	0	0	0	0	0
AT1G66150	2559	1888	1991	2208	2215	2770
AT1G66160	532	289	451	555	221	293
AT1G66170	12	4	9	15	2	3
AT1G66173	7	18	4	15	6	10
AT1G66180	2547	2255	2200	2719	3253	4146
AT1G66190	66	156	35	73	120	124
AT1G66200	2922	3984	2538	2547	4234	4145
AT1G66210	0	0	0	0	0	0
AT1G66220	0	0	0	0	0	0
AT1G66230	45	126	40	78	144	180
AT1G66235	0	0	0	0	0	0
AT1G66240	2626	3404	2065	2182	1759	1794
AT1G66245	0	0	0	0	1	0
AT1G66250	170	103	150	179	313	173
AT1G66260	1506	1109	1166	1432	1043	1278
AT1G66270	126	3	157	40	8	24
AT1G66280	83	2	108	17	14	2
AT1G66290	0	0	0	0	0	0
AT1G66300	0	2	0	0	0	0
AT1G66310	0	0	0	0	0	0
AT1G66320	0	0	0	0	1	0
AT1G66330	570	1121	448	577	987	1352
AT1G66340	606	221	486	528	500	573
AT1G66345	72	46	49	69	63	67
AT1G66350	328	141	258	264	110	159
AT1G66360	0	0	0	0	1	0
AT1G66370	0	0	1	0	0	0
AT1G66380	5	0	0	0	0	0
AT1G66390	12	0	9	0	1	0
AT1G66400	44	56	50	60	11	20
AT1G66410	2764	2346	2106	2207	1534	1656
AT1G66420	0	0	0	0	0	0
AT1G66430	1328	1147	1074	1201	1598	1444
AT1G66440	0	0	1	0	2	0
AT1G66450	12	2	10	9	10	11
AT1G66460	14	7	9	10	5	6
AT1G66465	2	1	4	8	10	0
AT1G66470	1	0	3	0	3	0
AT1G66480	140	159	93	81	59	67
AT1G66490	0	0	0	0	1	0
AT1G66500	496	66	356	233	47	84
AT1G66510	211	66	181	148	136	137
AT1G66520	113	100	94	115	201	167
AT1G66530	538	361	354	385	462	455
AT1G66540	21	38	14	31	42	72
AT1G66550	0	0	0	1	0	0
AT1G66560	0	0	0	0	0	0
AT1G66570	2	8	0	21	6	6
AT1G66580	2009	2160	1520	1797	1900	1814
AT1G66590	50	30	43	45	35	30
AT1G66600	6	3	3	8	1	4
AT1G66610	0	0	0	0	0	0
AT1G66620	31	58	27	48	88	48
AT1G66630	0	0	0	0	0	0
AT1G66640	0	0	0	0	0	0
AT1G66650	20	7	26	12	11	15
AT1G66660	223	281	177	205	144	179
AT1G66670	2552	2154	1970	2466	2653	2380
AT1G66680	572	668	459	522	560	639
AT1G66690	7	19	11	9	7	1
AT1G66700	23	16	8	120	4	2
AT1G66720	0	0	0	0	0	0
AT1G66725	11	22	2	8	17	16
AT1G66730	506	147	393	414	471	604
AT1G66740	272	439	221	244	206	242
AT1G66750	162	62	124	153	186	187
AT1G66760	450	571	379	278	398	532
AT1G66770	0	0	0	0	0	0
AT1G66780	24	6	24	17	10	6
AT1G66783	9	0	3	3	9	9
AT1G66795	2	2	1	2	6	1
AT1G66800	5	1	2	0	1	0
AT1G66810	30	33	30	26	29	34
AT1G66820	0	0	0	0	0	0
AT1G66830	37	4	23	20	36	13
AT1G66840	353	323	247	288	377	378
AT1G66850	0	0	0	0	0	0
AT1G66852	0	0	0	0	0	0
AT1G66855	0	0	0	0	0	0
AT1G66860	1	5	1	0	1	4
AT1G66870	0	0	0	0	0	0
AT1G66880	409	140	351	400	409	275
AT1G66890	391	417	264	313	223	355
AT1G66900	234	193	235	255	235	301
AT1G66910	351	122	285	268	194	201
AT1G66920	195	73	152	263	216	149
AT1G66930	67	66	41	55	66	34
AT1G66940	750	523	582	724	731	942
AT1G66950	0	0	1	3	2	0
AT1G66960	0	0	3	1	0	0
AT1G66970	2412	1467	1964	2054	2898	2905
AT1G66980	2039	334	1556	1618	1207	1546
AT1G67000	5	0	9	7	0	5
AT1G67020	5	2	7	6	9	7
AT1G67025	0	0	0	0	0	0
AT1G67030	20	4	13	2	6	5
AT1G67035	18	37	13	37	27	22
AT1G67040	269	89	187	140	233	210
AT1G67050	413	249	299	405	205	259
AT1G67060	277	118	221	265	118	156
AT1G67070	42	56	49	58	62	55
AT1G67080	548	461	383	509	451	398
AT1G67090	236026	592973	178217	259748	419600	495941
AT1G67100	5	17	2	0	32	12
AT1G67105	39	368	32	35	190	289
AT1G67110	1	1	1	3	10	17
AT1G67120	1339	306	1022	1233	1410	1102
AT1G67130	0	0	0	0	0	0
AT1G67140	1324	539	996	1118	1174	1296
AT1G67148	2	0	1	0	0	0
AT1G67150	1	0	1	3	0	0
AT1G67160	0	0	0	0	0	0
AT1G67170	301	183	222	238	224	283
AT1G67180	28	50	42	56	96	84
AT1G67190	164	100	126	156	111	145
AT1G67195	113	204	116	122	126	159
AT1G67210	103	39	85	63	66	74
AT1G67220	4	2	2	2	9	6
AT1G67230	3575	3043	2894	3698	3494	4240
AT1G67235	0	0	0	0	0	0
AT1G67238	0	0	0	0	2	0
AT1G67250	314	500	232	263	385	311
AT1G67260	0	1	1	0	2	4
AT1G67265	121	44	48	138	3	36
AT1G67270	0	0	0	2	0	0
AT1G67280	3259	2779	2709	3296	3781	4580
AT1G67290	0	0	1	0	0	0
AT1G67300	456	126	315	261	162	189
AT1G67310	1337	326	1052	1350	905	1151
AT1G67320	257	141	190	249	256	181
AT1G67325	583	361	514	602	462	487
AT1G67328	0	0	0	0	0	0
AT1G67330	0	0	0	0	0	0
AT1G67340	236	215	187	216	181	208
AT1G67350	614	1034	464	531	597	625
AT1G67360	280	129	202	135	142	130
AT1G67365	96	47	67	75	35	45
AT1G67370	38	6	27	33	18	13
AT1G67390	0	0	0	0	0	0
AT1G67400	186	164	119	147	209	223
AT1G67410	157	87	115	140	106	129
AT1G67420	97	39	106	93	74	93
AT1G67430	6053	8913	5040	6517	7726	6071
AT1G67440	260	475	200	287	422	430
AT1G67450	0	0	0	0	0	0
AT1G67455	0	0	0	0	0	0
AT1G67460	25	26	15	22	22	34
AT1G67470	431	188	285	526	154	235
AT1G67480	849	504	668	811	675	740
AT1G67481	0	3	0	1	0	1
AT1G67490	548	226	478	502	396	384
AT1G67500	436	113	304	351	431	490
AT1G67510	293	74	204	203	137	134
AT1G67520	48	13	42	69	63	38
AT1G67530	844	235	635	670	413	615
AT1G67540	0	0	0	0	0	0
AT1G67550	375	204	344	385	473	617
AT1G67560	895	714	719	774	1485	1521
AT1G67570	65	33	48	47	51	70
AT1G67580	1088	396	804	1069	1086	1488
AT1G67590	606	521	381	423	408	462
AT1G67600	192	35	133	91	30	35
AT1G67620	101	56	86	74	73	60
AT1G67623	0	0	0	0	0	0
AT1G67630	140	85	99	181	171	131
AT1G67635	0	0	0	1	0	0
AT1G67640	1	1	2	1	3	1
AT1G67650	85	20	48	58	41	49
AT1G67660	315	185	214	270	275	239
AT1G67670	0	0	2	0	0	0
AT1G67680	1471	1322	1255	1425	1666	1647
AT1G67690	190	73	113	153	178	203
AT1G67700	3585	6585	2762	3792	4898	6590
AT1G67710	87	30	65	58	24	43
AT1G67720	511	134	458	365	488	426
AT1G67730	1064	758	843	796	1288	1154
AT1G67740	15618	24890	13886	14206	25419	32245
AT1G67750	298	52	210	162	140	112
AT1G67760	11	1	10	6	7	3
AT1G67770	4	2	3	2	0	1
AT1G67775	0	0	0	0	0	0
AT1G67780	24	24	15	25	66	39
AT1G67785	902	1319	681	797	809	824
AT1G67790	0	0	0	0	0	0
AT1G67792	33	28	15	24	18	26
AT1G67800	359	113	237	274	184	151
AT1G67810	514	45	445	347	44	33
AT1G67820	74	43	43	38	52	42
AT1G67830	572	425	403	374	430	439
AT1G67840	945	498	782	801	1008	1281
AT1G67850	254	129	254	162	161	160
AT1G67855	1	4	2	0	0	1
AT1G67856	6	6	13	15	3	16
AT1G67860	1575	1604	1195	1138	524	982
AT1G67865	1382	1180	1002	1635	507	1047
AT1G67870	7138	2694	5828	6222	3878	5392
AT1G67880	281	122	187	215	108	119
AT1G67890	525	305	405	465	530	633
AT1G67900	848	732	648	1171	849	1265
AT1G67910	301	637	231	259	333	509
AT1G67920	225	18	164	75	15	20
AT1G67930	575	283	517	581	859	704
AT1G67940	117	90	85	78	87	90
AT1G67950	253	213	215	231	248	265
AT1G67960	321	187	239	306	310	334
AT1G67970	747	137	608	922	109	189
AT1G67980	4	1	8	35	1	0
AT1G67990	2	0	0	0	0	0
AT1G68000	404	515	348	420	323	422
AT1G68010	5794	13346	4811	6178	9108	13391
AT1G68020	1031	585	893	1148	860	1137
AT1G68030	15	9	10	17	11	22
AT1G68040	0	0	1	0	0	0
AT1G68050	1441	13	1125	1059	30	38
AT1G68060	1417	632	1199	1301	1249	1292
AT1G68070	353	225	295	291	295	331
AT1G68080	183	99	123	141	118	119
AT1G68090	0	1	0	0	0	2
AT1G68100	470	383	362	384	359	373
AT1G68110	184	153	98	202	132	188
AT1G68120	9	11	14	13	12	9
AT1G68130	504	265	429	468	483	451
AT1G68140	900	574	723	795	598	910
AT1G68150	4	2	7	4	6	1
AT1G68160	190	153	176	157	140	200
AT1G68170	5	4	2	1	10	14
AT1G68180	4	5	2	5	0	3
AT1G68185	277	168	192	187	148	193
AT1G68190	848	788	746	1022	504	1023
AT1G68200	2	2	5	7	3	7
AT1G68210	0	0	0	0	0	0
AT1G68220	466	350	301	334	210	236
AT1G68230	48	58	71	61	74	90
AT1G68238	136	438	136	131	246	274
AT1G68240	1	11	5	3	2	5
AT1G68250	236	0	248	1	1	0
AT1G68260	445	602	325	476	452	525
AT1G68270	0	0	0	0	0	0
AT1G68280	4	1	0	1	3	1
AT1G68290	2	0	2	2	2	1
AT1G68300	434	588	314	376	332	508
AT1G68310	276	255	236	309	327	283
AT1G68320	19	4	6	9	7	13
AT1G68325	0	0	0	0	0	0
AT1G68330	170	119	147	199	78	133
AT1G68340	163	85	102	138	66	67
AT1G68350	26	7	13	27	9	10
AT1G68360	19	7	8	12	4	7
AT1G68370	875	549	617	790	882	884
AT1G68380	0	0	0	0	0	0
AT1G68390	9	2	5	8	10	7
AT1G68400	431	395	448	440	727	763
AT1G68410	487	314	370	535	481	526
AT1G68420	0	0	0	0	0	0
AT1G68430	19	10	18	17	15	8
AT1G68440	281	954	219	377	400	650
AT1G68450	0	0	1	10	1	0
AT1G68460	4	20	3	5	14	15
AT1G68470	63	38	48	38	61	57
AT1G68480	8	13	10	12	23	13
AT1G68490	1370	1249	1104	1076	734	1034
AT1G68500	76	17	47	41	20	17
AT1G68510	0	0	0	1	0	0
AT1G68520	3903	1889	2964	3507	1676	2700
AT1G68526	0	0	0	0	8	1
AT1G68530	5340	6296	4910	4776	11144	10407
AT1G68540	97	92	83	89	115	142
AT1G68550	594	378	428	477	352	442
AT1G68560	12633	3455	10660	12431	6209	6922
AT1G68568	2	0	1	1	1	1
AT1G68570	549	195	417	280	337	388
AT1G68580	724	347	612	818	680	1029
AT1G68585	63	106	57	74	82	101
AT1G68590	2900	6033	2422	3225	6892	6290
AT1G68600	190	38	154	115	49	80
AT1G68610	3	0	5	2	0	0
AT1G68620	98	22	60	157	11	20
AT1G68630	0	0	0	2	1	0
AT1G68640	19	6	14	21	10	26
AT1G68650	186	121	145	121	60	84
AT1G68660	1130	1315	827	790	822	1029
AT1G68670	1713	539	1426	1276	672	1010
AT1G68680	242	306	155	200	207	161
AT1G68690	365	56	230	254	159	168
AT1G68700	7	0	3	2	2	5
AT1G68710	300	59	269	260	266	266
AT1G68720	962	545	828	942	1292	1459
AT1G68723	0	0	1	0	0	0
AT1G68725	16	17	22	9	31	25
AT1G68730	239	327	190	249	328	290
AT1G68740	1417	159	1288	778	510	386
AT1G68750	0	0	0	0	0	0
AT1G68760	263	195	161	192	154	178
AT1G68765	3	0	0	4	1	0
AT1G68770	0	0	0	0	0	0
AT1G68780	327	362	268	232	428	527
AT1G68790	2079	1473	1697	1999	2142	2355
AT1G68795	13	3	8	5	5	11
AT1G68800	10	2	7	15	12	1
AT1G68810	306	162	211	319	231	293
AT1G68820	452	138	355	349	232	328
AT1G68825	1	4	1	1	0	0
AT1G68830	1618	2375	1266	1611	2847	3692
AT1G68840	1363	1909	1240	2889	1224	2329
AT1G68845	0	0	0	0	0	0
AT1G68850	27	2	14	4	12	3
AT1G68860	0	0	0	0	0	0
AT1G68862	91	82	50	74	95	119
AT1G68870	62	103	61	58	89	118
AT1G68872	51	9	41	32	26	38
AT1G68875	0	0	0	0	0	0
AT1G68877	0	0	0	0	0	0
AT1G68880	22	26	14	20	20	21
AT1G68890	1050	379	775	1022	1422	1414
AT1G68905	1	1	0	0	0	0
AT1G68907	0	0	1	0	0	0
AT1G68910	529	267	378	465	481	584
AT1G68920	702	213	465	529	429	577
AT1G68930	54	5	33	60	61	24
AT1G68935	0	0	0	0	0	0
AT1G68937	0	0	0	0	0	0
AT1G68940	0	0	0	0	0	0
AT1G68945	562	459	425	319	187	245
AT1G68950	0	0	0	0	0	0
AT1G68960	0	0	0	0	0	0
AT1G68970	0	0	0	0	0	0
AT1G68980	125	63	96	119	144	145
AT1G68990	668	231	633	794	764	611
AT1G69000	0	0	0	0	0	0
AT1G69010	556	221	383	420	361	387
AT1G69020	79	27	78	46	46	66
AT1G69030	409	385	347	390	354	306
AT1G69040	1659	710	1250	1373	1087	1205
AT1G69050	24	16	18	11	2	12
AT1G69060	585	259	416	409	291	365
AT1G69070	976	469	789	1023	1203	922
AT1G69080	131	54	98	72	57	75
AT1G69085	0	0	0	0	0	3
AT1G69090	0	0	0	0	0	0
AT1G69100	0	0	0	0	0	0
AT1G69120	5	19	2	1	7	13
AT1G69130	0	0	0	0	0	0
AT1G69150	1	0	0	0	0	0
AT1G69160	477	664	327	481	836	1103
AT1G69170	177	69	142	149	120	126
AT1G69180	2	1	2	2	0	0
AT1G69190	0	0	0	0	0	0
AT1G69200	815	884	716	1087	2803	1926
AT1G69210	124	43	73	82	69	53
AT1G69220	1227	531	899	1040	870	1244
AT1G69230	117	53	74	59	54	53
AT1G69240	3	0	2	3	0	0
AT1G69250	649	447	526	624	686	552
AT1G69252	675	506	499	398	183	359
AT1G69260	652	183	491	184	168	187
AT1G69270	88	25	82	35	24	26
AT1G69280	86	57	37	79	51	49
AT1G69290	55	0	43	59	47	64
AT1G69295	969	423	804	667	659	648
AT1G69300	0	0	0	0	0	0
AT1G69310	377	157	235	309	309	293
AT1G69320	20	34	23	20	17	11
AT1G69325	14	20	18	16	16	15
AT1G69330	274	115	217	237	136	174
AT1G69340	1224	603	920	1041	1064	1037
AT1G69350	30	15	33	41	35	26
AT1G69360	422	299	351	443	430	710
AT1G69370	145	156	145	212	201	203
AT1G69380	177	113	116	117	166	157
AT1G69390	1136	1087	848	1047	863	1084
AT1G69400	41	50	38	44	65	44
AT1G69410	2108	1365	1815	1618	1259	1266
AT1G69420	1394	556	1068	1095	1294	1221
AT1G69430	26	17	25	22	11	13
AT1G69440	164	44	170	122	218	190
AT1G69450	456	144	398	466	426	359
AT1G69460	1092	915	811	1021	939	1056
AT1G69470	5	0	3	0	0	0
AT1G69480	75	1	59	34	15	14
AT1G69485	9	8	8	11	10	6
AT1G69490	792	97	599	500	44	97
AT1G69500	5	0	0	0	0	0
AT1G69510	3266	2089	2431	2559	1685	1976
AT1G69520	97	79	107	148	84	70
AT1G69523	126	99	95	80	91	112
AT1G69526	48	29	32	41	42	26
AT1G69530	4299	1303	3680	2463	1841	2547
AT1G69540	11	2	13	14	3	3
AT1G69550	459	192	323	364	465	426
AT1G69560	0	1	1	2	4	0
AT1G69570	26	9	13	30	34	49
AT1G69572	0	0	0	0	0	0
AT1G69580	285	188	203	201	159	182
AT1G69587	96	114	101	80	62	70
AT1G69588	0	0	0	0	0	0
AT1G69600	8	10	10	4	7	6
AT1G69610	116	36	90	87	91	76
AT1G69620	2781	5457	2267	3377	3666	3601
AT1G69630	6	1	0	5	2	1
AT1G69640	580	424	457	437	426	477
AT1G69650	0	0	0	0	0	0
AT1G69660	0	0	0	1	0	0
AT1G69670	527	374	422	541	520	575
AT1G69680	109	83	68	59	89	79
AT1G69690	607	169	477	442	304	326
AT1G69700	359	522	245	322	513	549
AT1G69710	16	0	1	11	12	8
AT1G69720	11	15	10	19	47	18
AT1G69730	125	126	106	102	246	300
AT1G69740	3821	4996	3089	4029	5870	6045
AT1G69750	199	108	158	144	114	155
AT1G69760	705	785	546	705	630	799
AT1G69770	397	221	277	514	770	573
AT1G69780	836	502	605	754	637	797
AT1G69790	15	7	10	8	2	7
AT1G69792	0	0	0	0	0	0
AT1G69795	0	0	0	0	0	0
AT1G69797	1	0	0	0	0	0
AT1G69800	392	220	276	274	290	324
AT1G69810	63	10	33	28	26	31
AT1G69818	0	0	0	0	0	0
AT1G69820	0	0	0	0	0	0
AT1G69825	0	0	0	0	0	0
AT1G69828	0	0	0	0	0	0
AT1G69830	3552	1190	3106	3809	3717	3887
AT1G69840	1289	587	1071	1678	474	700
AT1G69850	820	840	679	1054	1260	1609
AT1G69860	0	3	0	0	4	3
AT1G69870	1997	305	1845	1353	999	747
AT1G69880	16	45	17	148	60	34
AT1G69890	848	208	663	1065	106	252
AT1G69900	188	161	132	290	146	148
AT1G69910	558	259	499	465	313	387
AT1G69920	6	1	2	19	9	1
AT1G69930	12	5	4	42	9	7
AT1G69935	436	357	327	305	293	356
AT1G69940	0	0	0	0	0	0
AT1G69960	1056	771	795	916	695	783
AT1G69970	73	34	70	53	32	36
AT1G69980	372	393	316	345	268	285
AT1G69990	0	0	0	0	0	0
AT1G70000	85	80	70	71	72	110
AT1G70020	11	20	16	16	9	17
AT1G70030	4	0	2	2	0	0
AT1G70040	0	0	0	0	0	0
AT1G70050	0	0	0	0	0	0
AT1G70060	1074	494	800	1066	1375	1519
AT1G70070	909	648	723	923	1850	1865
AT1G70080	0	0	0	0	0	0
AT1G70090	1165	1126	867	905	909	1245
AT1G70100	1196	609	858	1187	1021	1469
AT1G70110	10	0	1	0	1	4
AT1G70120	0	0	0	0	0	0
AT1G70130	3	0	2	1	1	1
AT1G70140	131	48	94	148	112	102
AT1G70150	177	101	113	106	96	169
AT1G70160	2288	976	1803	1532	1515	1742
AT1G70170	1	0	2	1	1	0
AT1G70175	0	0	0	0	0	0
AT1G70180	838	428	600	670	552	587
AT1G70185	0	1	0	0	1	0
AT1G70190	333	387	332	421	360	358
AT1G70200	1014	1278	784	1092	1632	1446
AT1G70209	0	0	0	0	0	0
AT1G70210	656	172	475	470	287	295
AT1G70220	8	6	2	3	2	8
AT1G70230	307	255	263	284	308	378
AT1G70250	169	171	108	147	275	316
AT1G70260	4	8	7	8	15	24
AT1G70270	0	9	0	2	0	2
AT1G70280	887	461	681	649	1142	1179
AT1G70290	2018	1788	1631	2870	2461	4180
AT1G70300	493	416	429	428	490	651
AT1G70310	1415	1356	1139	1564	1496	1640
AT1G70320	2748	413	2280	2836	3414	3426
AT1G70330	168	136	155	185	163	168
AT1G70335	0	0	0	0	0	0
AT1G70340	94	54	56	64	111	87
AT1G70350	94	110	66	98	99	112
AT1G70360	35	41	39	38	42	38
AT1G70370	2019	978	1681	1724	2396	2197
AT1G70380	0	0	0	0	0	0
AT1G70390	0	0	0	0	2	0
AT1G70400	0	0	0	1	0	0
AT1G70410	2085	3954	1700	2132	3704	4131
AT1G70420	419	267	315	598	108	168
AT1G70430	88	33	92	147	99	88
AT1G70440	0	3	0	2	26	12
AT1G70450	0	0	0	0	1	1
AT1G70460	18	7	20	15	19	16
AT1G70470	22	10	13	8	21	19
AT1G70475	0	0	0	0	0	0
AT1G70480	540	417	400	414	388	499
AT1G70490	1996	2173	1464	1655	1715	1699
AT1G70500	19	3	3	8	19	23
AT1G70505	66	49	48	50	42	61
AT1G70510	51	45	27	27	29	38
AT1G70518	178	128	156	176	104	126
AT1G70520	650	201	561	554	665	741
AT1G70530	1208	333	949	675	715	764
AT1G70540	0	0	0	0	0	0
AT1G70550	271	126	202	174	202	217
AT1G70560	346	260	267	233	272	348
AT1G70570	751	595	574	661	827	845
AT1G70580	441	532	414	386	829	830
AT1G70581	6	1	5	2	7	7
AT1G70590	424	223	375	306	179	301
AT1G70600	2384	2968	1771	2497	3094	2409
AT1G70610	423	379	261	305	533	608
AT1G70620	5337	2151	3641	4003	3366	4697
AT1G70630	150	40	99	67	84	68
AT1G70640	100	2	62	4	0	1
AT1G70645	0	0	0	0	0	0
AT1G70650	63	21	65	78	38	33
AT1G70660	106	110	88	117	155	185
AT1G70670	132	100	73	110	143	138
AT1G70680	0	1	1	0	1	0
AT1G70690	110	63	80	95	66	118
AT1G70700	304	743	265	571	928	1152
AT1G70710	675	316	508	398	384	461
AT1G70720	3	0	1	0	0	0
AT1G70730	1264	779	1208	1190	1780	1603
AT1G70740	597	173	454	562	244	332
AT1G70750	469	204	386	428	290	373
AT1G70760	0	0	0	0	0	0
AT1G70770	1474	757	1139	1366	1312	1290
AT1G70780	3192	1470	2582	1973	1245	1192
AT1G70790	321	144	234	184	138	158
AT1G70800	89	20	67	39	20	19
AT1G70810	199	292	169	221	245	180
AT1G70820	1452	1484	1293	2101	2059	2993
AT1G70830	3519	2064	2558	1987	2206	2582
AT1G70840	0	0	0	1	0	0
AT1G70850	406	81	298	67	86	87
AT1G70860	2	2	1	0	0	0
AT1G70870	0	0	0	0	0	0
AT1G70880	16	4	14	8	4	7
AT1G70890	2480	2530	1901	1329	1699	1804
AT1G70895	116	100	116	106	99	116
AT1G70900	1659	361	1313	871	281	415
AT1G70910	0	0	1	0	3	0
AT1G70920	11	3	7	15	9	3
AT1G70940	2807	1179	2259	2850	1967	2220
AT1G70944	0	0	0	0	0	0
AT1G70949	0	0	0	0	0	0
AT1G70950	68	12	51	47	42	55
AT1G70960	0	0	0	0	0	0
AT1G70970	0	0	0	0	0	0
AT1G70980	447	290	334	443	424	490
AT1G70985	31	54	12	33	61	54
AT1G70990	13	13	11	17	29	27
AT1G71000	0	0	4	2	1	3
AT1G71002	0	0	0	0	0	0
AT1G71010	1651	449	1269	1607	1290	1583
AT1G71015	11	16	11	16	10	17
AT1G71020	629	549	470	756	862	1099
AT1G71030	962	2297	770	1926	1548	2841
AT1G71040	1211	835	917	1082	1676	1542
AT1G71050	181	115	134	96	119	103
AT1G71060	133	38	92	98	91	76
AT1G71070	689	339	499	469	502	467
AT1G71080	1523	705	1086	1174	712	1067
AT1G71090	446	242	325	430	363	387
AT1G71100	554	471	439	505	370	367
AT1G71110	396	47	296	296	93	97
AT1G71120	3	0	5	0	0	5
AT1G71130	499	235	454	257	147	239
AT1G71140	109	99	83	50	96	131
AT1G71150	0	0	0	0	0	1
AT1G71160	0	0	1	0	0	0
AT1G71170	299	266	221	331	230	211
AT1G71180	325	287	263	274	255	266
AT1G71190	228	198	170	164	173	167
AT1G71200	38	39	37	24	41	55
AT1G71210	328	105	200	338	298	279
AT1G71220	1905	482	1497	1863	2155	1992
AT1G71230	73	53	78	70	71	41
AT1G71235	0	0	0	0	0	0
AT1G71240	561	167	368	447	348	389
AT1G71250	0	0	1	2	1	0
AT1G71260	485	444	325	455	602	435
AT1G71270	783	457	660	740	1004	951
AT1G71280	1	0	2	1	4	4
AT1G71290	0	0	0	0	0	0
AT1G71300	0	0	0	0	0	0
AT1G71310	244	160	198	240	172	157
AT1G71320	0	0	0	0	0	0
AT1G71330	46	23	24	32	17	24
AT1G71340	487	325	406	349	299	375
AT1G71350	318	142	259	310	338	308
AT1G71360	579	232	417	444	255	322
AT1G71370	0	0	0	2	0	0
AT1G71380	4	2	3	7	2	3
AT1G71390	0	0	0	1	0	0
AT1G71400	175	82	138	246	243	210
AT1G71410	1560	497	1243	1431	1390	1878
AT1G71420	36	21	22	39	39	19
AT1G71430	77	93	37	70	66	58
AT1G71440	348	235	271	258	411	360
AT1G71450	2	0	0	0	0	0
AT1G71460	221	98	167	258	241	163
AT1G71470	0	0	0	0	0	0
AT1G71480	100	159	76	97	120	108
AT1G71490	45	3	23	31	25	36
AT1G71500	2666	5086	1929	2640	3417	4094
AT1G71520	43	3	27	18	3	5
AT1G71528	13	2	7	9	18	13
AT1G71530	0	0	0	0	0	0
AT1G71680	0	0	0	0	0	0
AT1G71690	0	0	0	0	3	1
AT1G71691	4	1	5	2	2	1
AT1G71692	15	0	5	6	0	0
AT1G71695	6212	4069	5311	4080	3746	4166
AT1G71696	430	127	327	365	265	317
AT1G71697	326	157	262	231	166	190
AT1G71700	0	0	0	0	0	0
AT1G71710	650	210	497	527	485	525
AT1G71720	721	644	610	744	817	926
AT1G71730	712	722	583	654	519	565
AT1G71740	10	8	4	0	2	5
AT1G71750	77	80	68	75	53	81
AT1G71760	13	15	12	24	18	18
AT1G71770	1	0	0	0	2	0
AT1G71780	275	181	247	229	177	178
AT1G71790	350	339	287	314	201	213
AT1G71800	523	170	359	407	316	334
AT1G71810	370	225	285	321	506	544
AT1G71820	1349	696	1106	1501	1353	1546
AT1G71828	0	0	0	0	0	0
AT1G71830	283	117	172	200	214	156
AT1G71840	608	374	529	522	497	409
AT1G71850	190	80	178	170	170	101
AT1G71860	993	692	756	925	1065	1110
AT1G71865	341	237	278	228	159	200
AT1G71866	10	11	5	7	10	16
AT1G71870	25	17	27	19	23	28
AT1G71880	1445	622	1192	1428	1119	833
AT1G71890	11	8	9	16	30	23
AT1G71900	403	263	358	369	335	426
AT1G71910	38	20	41	22	13	11
AT1G71920	0	1	2	0	2	2
AT1G71930	15	4	6	5	21	7
AT1G71940	198	126	160	167	143	150
AT1G71950	413	568	358	394	351	392
AT1G71960	343	149	242	167	359	331
AT1G71970	296	486	262	318	488	559
AT1G71980	1238	590	976	1266	1018	1155
AT1G71990	133	104	124	121	57	111
AT1G72000	2	0	3	6	8	2
AT1G72010	864	521	767	806	665	866
AT1G72020	1404	2056	1079	1065	1140	1223
AT1G72030	268	748	199	230	336	507
AT1G72040	1079	742	887	1152	1559	1248
AT1G72050	794	368	590	642	575	489
AT1G72060	29	15	19	24	9	17
AT1G72070	32	4	28	16	4	3
AT1G72080	0	0	1	1	0	0
AT1G72090	649	395	543	718	558	549
AT1G72100	11	1	11	0	1	0
AT1G72110	0	0	0	0	0	0
AT1G72120	48	26	33	51	33	37
AT1G72125	3	1	7	4	5	1
AT1G72130	399	387	278	348	600	618
AT1G72140	70	60	45	45	84	61
AT1G72141	0	0	0	0	0	0
AT1G72150	15853	20267	13170	17333	14120	22525
AT1G72160	2001	1336	1754	2113	2979	3029
AT1G72170	244	371	149	205	233	258
AT1G72175	122	186	100	105	89	128
AT1G72180	1407	936	1200	1762	2084	2661
AT1G72190	283	192	207	196	198	226
AT1G72200	39	25	26	29	20	35
AT1G72210	78	50	77	28	72	51
AT1G72220	11	7	6	4	16	9
AT1G72230	25	30	32	56	33	26
AT1G72240	20	15	20	21	0	4
AT1G72250	261	107	197	267	483	382
AT1G72260	1	1	0	2	0	0
AT1G72270	2	0	0	2	0	2
AT1G72275	66	108	72	101	108	138
AT1G72280	88	28	70	91	65	42
AT1G72290	0	0	0	0	0	0
AT1G72300	403	257	310	374	494	690
AT1G72310	263	169	197	233	231	289
AT1G72320	872	349	652	777	725	684
AT1G72330	382	145	289	316	307	252
AT1G72340	607	438	439	468	454	476
AT1G72350	0	0	0	0	0	0
AT1G72360	54	188	48	42	109	139
AT1G72370	5512	6791	4339	5834	8746	7096
AT1G72390	1060	273	870	877	1106	1122
AT1G72410	1838	777	1500	1908	1654	2220
AT1G72416	255	1068	190	311	933	1172
AT1G72420	170	97	125	160	124	96
AT1G72430	758	2609	656	984	2125	2034
AT1G72440	1533	1226	1036	1457	1493	1304
AT1G72450	949	834	731	1121	944	1540
AT1G72460	0	0	0	0	0	0
AT1G72470	129	77	120	148	123	118
AT1G72480	476	229	413	384	324	360
AT1G72490	7	0	16	13	3	6
AT1G72500	747	422	551	680	838	892
AT1G72510	906	853	688	533	375	636
AT1G72520	1025	72	802	1425	108	156
AT1G72530	51	33	34	37	33	40
AT1G72540	31	14	24	27	15	31
AT1G72545	6	1	10	6	0	1
AT1G72550	1240	754	1075	1196	1738	1504
AT1G72560	456	170	331	426	389	374
AT1G72570	0	0	0	2	0	0
AT1G72580	0	0	0	0	0	0
AT1G72590	0	0	0	0	0	0
AT1G72600	28	19	11	5	10	6
AT1G72610	71	194	60	37	42	87
AT1G72620	3	11	2	2	3	13
AT1G72630	337	497	294	294	298	395
AT1G72640	841	985	627	825	815	1185
AT1G72645	318	393	231	280	207	318
AT1G72650	1058	338	792	772	468	680
AT1G72660	9	3	6	8	2	7
AT1G72670	149	93	73	120	260	220
AT1G72680	602	446	436	389	452	534
AT1G72690	90	82	53	59	49	58
AT1G72700	567	81	486	416	429	409
AT1G72710	4093	2436	3210	3691	3315	3879
AT1G72720	28	26	34	19	30	25
AT1G72730	216	138	198	205	280	244
AT1G72740	505	264	404	513	414	553
AT1G72750	800	820	671	753	693	785
AT1G72755	0	0	0	0	0	0
AT1G72760	17	6	4	8	3	14
AT1G72770	979	249	766	513	478	642
AT1G72780	0	0	0	0	0	0
AT1G72790	416	346	319	387	481	548
AT1G72800	55	30	45	43	77	65
AT1G72810	317	286	268	244	481	385
AT1G72820	498	358	317	608	259	465
AT1G72830	273	145	180	207	182	210
AT1G72840	275	74	205	187	224	209
AT1G72850	16	1	14	10	12	19
AT1G72852	24	10	15	22	12	26
AT1G72855	0	0	0	0	0	3
AT1G72860	2	1	4	0	1	2
AT1G72870	10	4	14	8	8	10
AT1G72880	557	513	437	531	568	646
AT1G72890	335	71	238	207	98	175
AT1G72900	1255	242	964	1783	222	497
AT1G72910	383	30	368	794	8	86
AT1G72920	272	131	242	546	25	130
AT1G72930	788	347	622	1352	294	336
AT1G72940	360	224	319	794	115	310
AT1G72950	25	16	20	39	5	17
AT1G72960	6	4	7	10	6	8
AT1G72970	978	1051	890	742	1907	1427
AT1G72980	1	1	0	0	0	1
AT1G72990	315	124	236	271	230	233
AT1G73000	0	0	0	0	0	0
AT1G73010	6920	32	5596	2059	15	88
AT1G73020	343	199	225	273	337	343
AT1G73030	843	817	744	748	554	780
AT1G73040	72	11	44	22	10	17
AT1G73050	0	0	0	0	1	0
AT1G73060	1548	1845	1358	1668	2206	2368
AT1G73065	2	0	0	0	1	2
AT1G73066	55	11	24	27	30	24
AT1G73080	951	193	783	889	580	602
AT1G73090	267	230	263	223	301	302
AT1G73100	451	208	348	362	364	448
AT1G73110	652	836	527	594	1077	1165
AT1G73120	241	84	163	261	25	90
AT1G73130	226	107	151	181	109	163
AT1G73140	6	0	7	4	9	4
AT1G73150	131	64	106	122	89	103
AT1G73160	2	0	0	1	0	0
AT1G73165	0	0	0	0	0	0
AT1G73170	1566	769	1107	1074	921	1066
AT1G73177	110	101	73	88	56	43
AT1G73180	819	497	633	803	785	732
AT1G73190	4	3	5	1	0	0
AT1G73200	818	534	598	775	731	900
AT1G73210	69	47	54	27	70	64
AT1G73220	30	5	60	89	1	5
AT1G73230	3200	5085	2534	3433	4653	4089
AT1G73240	279	144	266	254	319	292
AT1G73250	97	167	92	140	125	161
AT1G73260	77	16	49	499	21	19
AT1G73270	5	0	4	4	0	2
AT1G73280	3	0	7	1	0	2
AT1G73290	2	2	3	0	2	0
AT1G73300	0	2	2	0	0	0
AT1G73310	169	63	115	130	86	106
AT1G73320	78	29	60	62	46	66
AT1G73325	0	0	4	2	3	0
AT1G73330	2418	827	1694	577	449	691
AT1G73340	5	0	1	0	0	0
AT1G73350	462	365	346	345	292	313
AT1G73360	46	40	47	47	90	96
AT1G73370	78	61	56	50	146	123
AT1G73380	341	190	281	283	186	274
AT1G73390	559	170	482	299	375	347
AT1G73400	64	42	61	67	61	84
AT1G73410	3	0	2	1	4	2
AT1G73430	791	348	687	727	852	973
AT1G73440	88	91	57	86	46	93
AT1G73450	174	35	126	113	173	174
AT1G73460	479	86	417	524	600	586
AT1G73470	630	565	450	624	550	655
AT1G73480	670	315	454	504	313	411
AT1G73490	1040	678	733	800	990	930
AT1G73500	435	347	465	574	191	427
AT1G73510	38	0	27	3	1	0
AT1G73530	495	847	360	436	879	803
AT1G73540	1432	550	1221	1175	147	649
AT1G73550	25	25	20	33	25	24
AT1G73560	0	0	0	0	0	0
AT1G73570	161	38	116	152	117	124
AT1G73580	1	0	4	0	0	0
AT1G73590	178	90	115	195	181	129
AT1G73600	437	1051	303	673	4298	1823
AT1G73603	0	0	0	0	0	0
AT1G73607	0	0	0	0	0	0
AT1G73610	0	0	0	1	0	6
AT1G73620	65	137	48	82	149	84
AT1G73630	47	66	33	27	64	58
AT1G73640	31	19	18	29	39	13
AT1G73650	300	451	227	238	441	419
AT1G73655	1692	1501	1353	1787	1125	1652
AT1G73660	1317	830	913	1231	1601	2216
AT1G73670	545	338	432	482	529	557
AT1G73680	518	277	483	515	628	592
AT1G73687	0	0	1	0	0	0
AT1G73690	51	37	44	60	66	63
AT1G73700	3	3	1	1	2	1
AT1G73710	477	251	378	462	422	429
AT1G73720	720	461	579	618	634	712
AT1G73730	385	110	265	359	355	363
AT1G73740	236	158	235	236	253	246
AT1G73750	319	244	293	457	380	472
AT1G73760	537	279	378	475	438	404
AT1G73770	52	63	46	39	61	56
AT1G73780	3	1	4	3	8	5
AT1G73790	5	5	6	10	7	9
AT1G73805	117	6	120	228	52	40
AT1G73810	51	1	25	44	8	2
AT1G73820	349	292	231	288	212	267
AT1G73830	382	461	289	527	463	557
AT1G73840	864	493	740	820	1044	1043
AT1G73850	302	168	228	241	154	252
AT1G73860	5	3	2	3	7	5
AT1G73870	102	733	88	101	363	600
AT1G73875	192	90	120	122	124	161
AT1G73880	182	159	150	106	157	169
AT1G73885	2765	4898	2037	2803	3298	4302
AT1G73890	119	88	76	57	57	73
AT1G73900	0	0	0	0	0	0
AT1G73910	20	25	13	18	14	19
AT1G73920	1049	940	804	1158	1790	1840
AT1G73930	503	276	411	400	522	473
AT1G73940	538	641	391	493	465	410
AT1G73950	354	88	268	226	193	216
AT1G73960	1500	1080	1037	1147	1131	1266
AT1G73965	4	16	4	6	5	1
AT1G73970	291	126	249	258	290	319
AT1G73980	1477	593	1075	1075	799	1012
AT1G73990	863	540	668	782	1177	1334
AT1G74000	14	15	13	10	27	10
AT1G74010	41	18	23	40	13	8
AT1G74020	425	299	307	358	192	230
AT1G74030	137	192	135	203	618	434
AT1G74035	0	0	0	2	0	0
AT1G74040	703	481	611	724	793	856
AT1G74045	0	0	0	0	0	0
AT1G74050	3442	4565	2505	3396	3615	3702
AT1G74055	0	0	0	0	0	0
AT1G74060	2867	3672	2187	2796	3090	2851
AT1G74070	513	828	391	531	800	939
AT1G74080	6	0	3	15	1	0
AT1G74088	127	42	69	75	43	60
AT1G74090	1219	1011	1064	1117	1559	1281
AT1G74100	1145	811	1003	1053	1318	966
AT1G74110	3	0	3	4	0	0
AT1G74120	115	46	81	119	83	81
AT1G74130	0	0	0	0	0	1
AT1G74140	0	0	0	0	0	0
AT1G74150	34	36	21	37	36	35
AT1G74160	949	222	790	829	825	930
AT1G74170	396	189	283	349	410	499
AT1G74180	225	70	164	184	158	189
AT1G74190	0	0	1	0	0	0
AT1G74200	69	12	64	38	24	26
AT1G74205	0	0	0	0	0	0
AT1G74210	1235	209	1026	662	417	371
AT1G74220	0	0	0	0	0	0
AT1G74230	518	436	461	525	574	464
AT1G74240	96	35	68	92	106	80
AT1G74250	1567	1373	1205	1289	1090	1114
AT1G74260	1104	507	1037	1249	1539	1555
AT1G74270	1527	1662	1088	1191	1178	1063
AT1G74280	83	40	62	87	36	94
AT1G74290	4	10	1	10	11	11
AT1G74300	66	47	41	74	45	34
AT1G74310	186	143	172	332	268	263
AT1G74320	471	393	328	397	412	518
AT1G74330	418	172	297	401	320	328
AT1G74340	338	369	288	299	273	255
AT1G74350	35	6	33	39	46	53
AT1G74360	166	28	141	161	84	87
AT1G74370	144	117	108	161	159	213
AT1G74380	955	487	733	930	690	755
AT1G74385	0	0	0	0	0	0
AT1G74390	174	116	130	150	154	183
AT1G74400	22	16	42	30	25	8
AT1G74410	116	62	80	91	74	98
AT1G74420	37	17	14	18	23	19
AT1G74430	97	27	81	70	55	30
AT1G74440	162	101	149	191	43	44
AT1G74450	1692	540	1334	774	257	642
AT1G74453	47	39	41	45	27	35
AT1G74456	47	47	32	43	49	33
AT1G74458	64	65	56	47	35	45
AT1G74460	38	1	46	19	18	10
AT1G74470	17937	18589	14849	18443	24299	37218
AT1G74480	0	0	0	0	0	0
AT1G74490	27	17	24	14	21	14
AT1G74500	4	0	4	0	0	1
AT1G74510	300	133	208	226	232	270
AT1G74520	660	480	537	434	335	373
AT1G74530	440	318	290	383	343	417
AT1G74540	0	0	0	0	0	0
AT1G74545	4	0	5	5	0	1
AT1G74550	1	0	0	0	0	0
AT1G74560	1979	1557	1706	1841	2538	1753
AT1G74570	0	0	0	0	0	0
AT1G74580	148	14	121	131	113	146
AT1G74590	107	69	74	125	53	73
AT1G74600	81	39	75	94	95	73
AT1G74610	0	0	0	0	0	0
AT1G74620	0	0	0	0	0	0
AT1G74630	44	4	34	30	33	23
AT1G74640	592	647	385	546	689	749
AT1G74650	305	77	243	356	237	186
AT1G74660	56	49	28	47	20	27
AT1G74670	4083	1707	3090	2511	1075	1719
AT1G74675	8	7	4	3	3	5
AT1G74680	309	140	229	344	234	282
AT1G74690	1988	1336	1613	1966	2198	2315
AT1G74700	77	26	44	42	49	41
AT1G74710	240	243	170	220	329	318
AT1G74720	485	244	412	516	632	623
AT1G74730	915	2760	771	898	1866	2158
AT1G74740	284	244	211	217	282	365
AT1G74750	127	18	107	130	119	108
AT1G74770	7	6	8	6	33	13
AT1G74780	131	105	111	130	125	141
AT1G74790	593	427	499	524	917	673
AT1G74800	316	177	239	251	311	285
AT1G74810	83	42	70	50	83	100
AT1G74820	0	0	0	0	0	0
AT1G74830	16	0	7	1	0	2
AT1G74840	982	662	759	853	701	929
AT1G74850	891	372	720	863	1494	1229
AT1G74860	202	112	142	131	128	209
AT1G74870	28	30	20	25	28	25
AT1G74875	11	24	13	12	15	10
AT1G74880	2828	3049	2050	2297	2252	2957
AT1G74890	10	61	7	28	30	43
AT1G74900	33	11	15	29	29	22
AT1G74910	2307	1804	1922	2039	2143	3022
AT1G74920	3664	2359	2899	3536	2645	3197
AT1G74929	0	0	0	0	0	0
AT1G74930	152	56	135	165	15	37
AT1G74940	498	427	378	478	575	655
AT1G74950	866	513	675	798	599	624
AT1G74960	1750	1701	1509	1876	2808	3078
AT1G74970	4936	8101	4073	5416	7114	7596
AT1G74990	0	0	0	0	0	0
AT1G75000	141	36	114	155	49	50
AT1G75010	462	285	420	535	541	545
AT1G75020	303	196	249	376	143	167
AT1G75030	35	13	24	30	15	9
AT1G75040	118	132	133	140	179	94
AT1G75050	1	1	0	2	7	6
AT1G75060	134	42	94	64	45	50
AT1G75070	0	0	0	0	0	0
AT1G75080	552	237	498	599	541	603
AT1G75090	77	60	36	43	63	43
AT1G75100	379	1046	302	417	1228	2085
AT1G75110	75	39	62	39	32	33
AT1G75120	210	119	187	120	153	161
AT1G75125	42	17	33	60	49	57
AT1G75130	353	245	290	373	343	421
AT1G75140	482	200	388	438	307	405
AT1G75150	95	32	87	138	125	124
AT1G75160	1	0	0	0	0	0
AT1G75163	12	6	5	6	8	6
AT1G75166	7	17	9	15	12	4
AT1G75170	233	178	165	164	201	172
AT1G75180	350	474	304	412	371	675
AT1G75190	394	583	298	424	273	394
AT1G75200	687	350	520	633	722	660
AT1G75210	925	755	733	787	1240	1162
AT1G75220	880	954	750	1118	1318	1433
AT1G75230	206	129	229	227	259	240
AT1G75240	960	720	709	806	761	962
AT1G75250	18	34	18	18	20	17
AT1G75260	27	19	10	27	40	35
AT1G75270	621	405	504	311	336	338
AT1G75280	1405	923	1222	604	1263	1016
AT1G75290	68	32	23	41	19	25
AT1G75295	46	38	41	39	35	42
AT1G75300	5	0	10	1	0	1
AT1G75310	1481	960	1204	1143	1400	1830
AT1G75330	1318	1044	1165	1200	1455	1349
AT1G75335	52	61	53	56	26	31
AT1G75340	566	200	452	457	472	483
AT1G75350	2766	6790	2290	3223	4135	4722
AT1G75360	34	56	36	19	19	35
AT1G75370	1073	513	857	1079	849	1305
AT1G75380	5500	4731	4511	6277	3684	7373
AT1G75390	380	192	297	223	304	257
AT1G75400	533	192	498	426	390	389
AT1G75410	1008	425	738	863	868	1007
AT1G75420	418	242	346	365	333	375
AT1G75430	2	9	2	4	14	2
AT1G75440	385	298	267	426	285	410
AT1G75450	50	22	30	67	42	45
AT1G75460	931	1589	859	1201	1015	1321
AT1G75470	5	0	1	0	0	0
AT1G75490	54	104	49	139	72	106
AT1G75500	3646	2373	2942	4204	3467	3782
AT1G75510	626	426	497	514	501	442
AT1G75520	77	19	54	46	52	67
AT1G75530	2	0	2	0	0	0
AT1G75540	2047	741	1566	1392	1219	1473
AT1G75550	58	62	59	55	37	40
AT1G75560	595	438	495	559	565	595
AT1G75570	0	0	0	0	0	0
AT1G75580	36	47	25	32	21	24
AT1G75590	47	19	15	53	12	15
AT1G75600	0	0	0	0	0	0
AT1G75620	5	7	9	5	13	7
AT1G75630	796	865	625	763	437	589
AT1G75640	135	57	89	110	184	152
AT1G75650	0	0	0	0	0	0
AT1G75660	1682	419	1363	1684	2042	2198
AT1G75670	180	111	145	182	104	102
AT1G75680	1798	1281	1484	1663	2185	2089
AT1G75690	1491	6374	1051	1703	3287	4459
AT1G75700	11	12	7	3	5	14
AT1G75710	328	211	305	202	355	338
AT1G75717	0	0	0	0	0	0
AT1G75720	11	5	7	4	12	4
AT1G75730	712	278	620	573	535	610
AT1G75740	0	0	0	0	0	0
AT1G75750	2448	3798	1964	4062	1713	3061
AT1G75760	422	321	332	376	345	460
AT1G75770	107	129	59	74	86	146
AT1G75780	357	74	290	340	243	196
AT1G75785	0	0	0	0	0	0
AT1G75790	0	0	0	0	0	0
AT1G75800	3470	1491	2570	2719	1702	2777
AT1G75810	90	55	50	62	25	33
AT1G75820	1873	493	1547	1895	1029	1366
AT1G75830	4	3	2	25	1	2
AT1G75840	979	1365	722	826	926	1169
AT1G75850	974	405	715	759	593	792
AT1G75860	755	560	547	559	354	458
AT1G75870	0	0	0	0	0	0
AT1G75880	216	110	224	168	94	193
AT1G75890	9	1	5	3	4	2
AT1G75891	1	1	6	1	0	2
AT1G75900	152	145	139	104	310	182
AT1G75910	3	0	0	0	0	0
AT1G75920	0	2	0	0	2	0
AT1G75930	0	0	0	0	0	0
AT1G75940	0	0	0	0	0	0
AT1G75945	5	3	0	1	0	2
AT1G75950	2537	3112	2094	2502	2056	2297
AT1G75960	178	166	133	236	181	270
AT1G75970	0	0	0	0	0	0
AT1G75980	181	157	131	150	139	159
AT1G75990	693	458	534	645	670	642
AT1G76000	0	0	0	0	0	0
AT1G76010	1979	1623	1522	2303	2305	2460
AT1G76020	320	202	215	218	175	220
AT1G76030	3777	2749	2845	3297	3314	4089
AT1G76040	395	101	280	269	218	196
AT1G76050	548	278	341	453	511	537
AT1G76060	181	175	119	165	158	152
AT1G76062	0	0	0	0	0	0
AT1G76065	28	43	41	29	42	36
AT1G76070	152	99	105	221	106	133
AT1G76080	3328	6844	2803	4187	5736	6557
AT1G76090	967	1409	800	1212	1006	1484
AT1G76100	2524	4492	2094	2274	3512	4977
AT1G76110	263	339	205	271	311	452
AT1G76120	196	97	145	180	143	175
AT1G76130	206	155	193	129	260	298
AT1G76135	0	0	0	0	0	0
AT1G76140	823	400	727	865	1147	1093
AT1G76150	865	692	675	779	650	754
AT1G76160	3222	3028	2634	4828	6616	7096
AT1G76170	170	86	107	120	94	117
AT1G76180	12840	9108	9672	7593	3797	5582
AT1G76185	103	95	82	80	73	84
AT1G76190	6	26	7	17	5	16
AT1G76200	1557	2010	1100	1161	1072	1119
AT1G76210	0	0	0	2	0	0
AT1G76220	1	8	0	3	3	7
AT1G76230	2	0	1	1	1	2
AT1G76240	102	284	114	182	296	289
AT1G76250	20	12	22	20	8	12
AT1G76260	142	106	128	126	176	170
AT1G76270	374	146	312	320	262	306
AT1G76280	375	117	254	304	327	355
AT1G76290	1	0	0	0	0	0
AT1G76300	493	398	426	412	426	327
AT1G76310	192	189	175	212	360	288
AT1G76320	522	223	395	431	447	568
AT1G76330	0	0	0	0	0	0
AT1G76340	253	185	188	265	222	200
AT1G76350	258	96	165	198	112	220
AT1G76360	778	347	642	791	464	626
AT1G76370	0	0	2	0	0	0
AT1G76380	259	95	209	195	249	249
AT1G76390	257	93	173	205	120	141
AT1G76400	1261	688	909	1072	1245	1127
AT1G76405	304	527	197	272	411	432
AT1G76410	81	73	77	141	45	73
AT1G76420	5	7	2	6	13	5
AT1G76430	65	0	56	24	0	0
AT1G76440	131	102	75	84	71	80
AT1G76450	1272	1806	952	1148	1890	2480
AT1G76460	1043	396	784	793	438	695
AT1G76465	0	0	0	0	0	0
AT1G76470	12	0	1	7	2	0
AT1G76480	0	0	0	1	0	0
AT1G76490	10661	4938	8561	12072	5252	8836
AT1G76500	20	7	12	3	4	6
AT1G76510	382	206	331	332	328	346
AT1G76520	1761	1348	1378	908	1318	1628
AT1G76530	2	3	0	1	3	1
AT1G76540	369	448	285	335	682	469
AT1G76550	359	337	288	344	540	460
AT1G76560	254	266	213	265	142	201
AT1G76570	140	114	142	79	130	190
AT1G76580	1214	442	993	890	601	790
AT1G76590	755	88	639	453	106	148
AT1G76600	504	239	460	508	73	264
AT1G76610	58	33	52	48	12	19
AT1G76620	328	71	242	193	123	135
AT1G76630	472	143	409	399	433	476
AT1G76640	16	1	4	5	0	0
AT1G76650	1299	977	1072	1041	388	774
AT1G76660	1165	407	902	993	700	856
AT1G76670	1925	1113	1324	1531	1397	1671
AT1G76680	3465	1872	2993	1656	1875	2075
AT1G76690	409	319	340	205	409	381
AT1G76700	807	345	670	684	502	602
AT1G76705	40	32	39	45	5	24
AT1G76710	488	329	360	445	445	560
AT1G76720	242	276	159	169	139	184
AT1G76728	0	0	0	0	0	0
AT1G76730	941	814	772	774	665	887
AT1G76740	81	55	67	79	156	159
AT1G76750	0	0	0	0	0	0
AT1G76760	36	33	44	24	20	24
AT1G76770	15	18	11	9	10	7
AT1G76780	370	193	220	232	195	168
AT1G76790	320	46	258	196	149	51
AT1G76800	91	46	97	80	29	52
AT1G76810	6654	6237	4403	5858	4835	5276
AT1G76820	331	340	247	246	139	191
AT1G76830	0	0	0	0	0	0
AT1G76840	0	0	0	0	0	0
AT1G76850	2011	733	1538	1829	1819	2042
AT1G76860	435	621	320	388	304	331
AT1G76870	106	63	61	100	72	71
AT1G76878	10	0	10	6	7	6
AT1G76880	0	0	0	0	0	0
AT1G76890	1385	2056	1095	1380	2517	3165
AT1G76892	1	1	1	1	4	1
AT1G76900	717	474	591	599	594	722
AT1G76910	0	0	0	0	0	0
AT1G76920	482	359	357	468	413	575
AT1G76930	2307	1263	1791	3472	7543	2293
AT1G76940	326	213	249	260	207	246
AT1G76950	574	224	430	522	541	591
AT1G76952	7	4	6	5	4	2
AT1G76954	0	0	0	0	0	0
AT1G76955	35	16	23	25	14	11
AT1G76960	384	278	304	186	339	280
AT1G76965	1	0	1	0	0	0
AT1G76970	323	81	232	212	139	146
AT1G76980	104	31	82	70	43	42
AT1G76990	2434	2930	1783	2327	2659	4316
AT1G76994	0	0	0	0	0	0
AT1G77000	297	141	280	217	110	172
AT1G77010	27	5	17	29	17	13
AT1G77020	318	160	233	233	227	226
AT1G77030	1050	237	843	1018	994	790
AT1G77040	0	0	0	0	0	0
AT1G77060	813	1609	772	1046	1285	1604
AT1G77080	783	543	583	596	541	764
AT1G77090	409	744	327	321	532	605
AT1G77093	0	0	0	0	0	0
AT1G77100	0	0	0	0	0	0
AT1G77110	64	20	35	56	39	60
AT1G77120	396	655	320	485	789	757
AT1G77122	297	322	235	253	381	361
AT1G77130	821	469	698	760	593	647
AT1G77138	47	38	34	40	26	47
AT1G77140	488	183	376	417	423	417
AT1G77145	32	13	25	12	2	7
AT1G77150	0	0	0	0	0	0
AT1G77160	0	0	0	0	0	0
AT1G77170	120	49	104	88	57	56
AT1G77180	3290	2194	2498	3135	2787	3728
AT1G77190	0	0	0	0	0	0
AT1G77200	80	80	67	66	67	69
AT1G77210	583	604	539	671	612	925
AT1G77220	563	217	369	432	370	371
AT1G77230	111	7	88	141	46	72
AT1G77235	2	0	1	0	1	0
AT1G77240	0	0	0	0	0	0
AT1G77250	249	166	213	219	202	191
AT1G77260	567	346	456	509	626	590
AT1G77270	305	82	257	295	298	375
AT1G77280	200	54	152	111	130	124
AT1G77290	242	152	215	199	143	175
AT1G77300	860	195	624	928	1131	1054
AT1G77310	108	43	63	96	124	115
AT1G77320	177	61	171	173	190	197
AT1G77330	58	13	34	36	23	10
AT1G77340	2	0	2	2	6	0
AT1G77350	252	381	220	234	211	216
AT1G77360	52	21	63	53	27	22
AT1G77370	579	522	390	494	349	322
AT1G77380	210	61	169	254	159	119
AT1G77390	90	35	79	69	67	55
AT1G77400	50	40	48	51	46	41
AT1G77405	48	5	42	22	29	7
AT1G77410	117	27	90	111	80	80
AT1G77420	246	172	201	190	171	182
AT1G77440	455	453	321	377	416	382
AT1G77450	539	117	393	82	137	124
AT1G77460	474	109	394	451	396	470
AT1G77470	365	211	241	342	311	250
AT1G77480	424	228	350	357	328	417
AT1G77490	1781	1645	1479	2044	2086	2884
AT1G77500	471	80	377	447	262	295
AT1G77510	1715	775	1383	1479	1526	976
AT1G77520	4	5	11	1	3	2
AT1G77525	0	0	3	0	0	0
AT1G77530	16	0	4	2	1	0
AT1G77540	486	542	335	370	310	358
AT1G77550	410	130	336	483	613	406
AT1G77560	0	0	0	0	0	0
AT1G77570	35	24	33	12	9	22
AT1G77580	499	160	346	377	444	492
AT1G77590	629	667	525	687	1113	1089
AT1G77600	554	195	408	425	500	470
AT1G77610	509	224	464	418	342	344
AT1G77620	269	78	243	197	199	187
AT1G77630	291	238	300	323	555	415
AT1G77640	170	112	107	194	66	176
AT1G77650	0	0	0	0	0	0
AT1G77655	0	0	0	0	0	0
AT1G77660	180	104	145	203	123	163
AT1G77670	423	369	347	353	502	415
AT1G77680	800	179	654	698	426	575
AT1G77682	0	2	0	0	0	0
AT1G77690	247	75	192	205	141	166
AT1G77700	36	15	25	18	24	44
AT1G77710	916	957	740	676	591	628
AT1G77720	204	103	158	214	322	228
AT1G77730	2	0	1	0	2	0
AT1G77740	937	348	656	778	742	785
AT1G77750	226	300	168	251	281	181
AT1G77760	13701	12959	11367	14138	31431	33034
AT1G77765	17	74	22	9	49	39
AT1G77770	406	224	387	322	363	357
AT1G77780	0	0	0	0	0	0
AT1G77790	2	0	5	1	1	0
AT1G77800	1445	317	1160	1264	1173	1406
AT1G77810	418	157	292	272	216	207
AT1G77815	0	0	0	0	0	0
AT1G77830	0	0	0	0	0	0
AT1G77840	1053	674	869	1070	893	811
AT1G77850	206	85	126	155	102	148
AT1G77855	48	25	33	17	25	26
AT1G77860	7	1	9	12	12	9
AT1G77870	67	15	45	51	14	17
AT1G77880	11	14	10	3	3	9
AT1G77885	63	64	77	56	26	53
AT1G77890	344	120	267	356	134	165
AT1G77910	0	0	0	0	0	0
AT1G77920	490	127	342	380	285	269
AT1G77930	907	949	736	804	799	1118
AT1G77932	1	0	0	0	0	0
AT1G77940	2535	4218	1956	2758	3936	2880
AT1G77950	4	0	0	0	0	0
AT1G77960	18	2	11	2	16	14
AT1G77980	0	0	0	0	0	0
AT1G77990	244	175	187	149	238	259
AT1G77992	0	0	0	0	0	0
AT1G78000	167	239	120	123	228	215
AT1G78010	474	417	346	384	477	529
AT1G78020	1316	970	1024	903	868	1023
AT1G78030	2	6	2	2	6	3
AT1G78040	4834	6530	3966	4787	4855	5829
AT1G78050	57	53	63	74	168	108
AT1G78060	592	349	516	414	802	609
AT1G78070	2480	96	1969	312	144	162
AT1G78080	5001	1299	3273	2733	1304	1565
AT1G78090	25	39	34	86	86	49
AT1G78100	348	364	272	258	236	314
AT1G78110	624	539	465	562	215	437
AT1G78120	41	26	47	33	80	76
AT1G78130	7	11	9	1	5	8
AT1G78140	672	896	533	631	784	1054
AT1G78150	2105	1586	1558	1852	1674	2013
AT1G78160	0	0	0	0	0	1
AT1G78170	864	588	631	475	714	724
AT1G78172	21	16	14	17	21	31
AT1G78180	244	200	228	233	260	284
AT1G78190	67	78	55	48	39	38
AT1G78200	391	261	287	307	271	364
AT1G78206	3	0	0	0	2	0
AT1G78210	501	362	336	328	468	463
AT1G78220	0	0	0	0	1	0
AT1G78230	476	147	393	220	262	322
AT1G78240	2160	982	1731	2007	1554	2016
AT1G78250	0	0	0	0	0	0
AT1G78260	591	355	476	535	437	509
AT1G78265	2	4	4	6	1	3
AT1G78270	0	0	0	0	0	0
AT1G78280	896	214	679	712	778	903
AT1G78290	94	116	65	56	97	119
AT1G78300	1840	1915	1480	1964	2415	2460
AT1G78310	234	162	168	276	203	233
AT1G78320	35	26	26	26	23	47
AT1G78340	8	4	2	8	5	2
AT1G78360	0	0	0	1	2	1
AT1G78370	1845	6271	1615	1787	6180	4637
AT1G78380	4852	3821	4183	3431	3828	3869
AT1G78390	5	0	0	0	1	0
AT1G78400	0	0	0	0	0	0
AT1G78410	142	28	125	242	5	27
AT1G78420	936	289	722	735	471	656
AT1G78430	139	123	70	89	137	124
AT1G78440	1	1	0	2	1	4
AT1G78450	26	86	12	42	45	75
AT1G78460	2199	4291	1717	3062	3391	4489
AT1G78470	0	0	0	0	0	0
AT1G78476	11	0	12	9	3	6
AT1G78478	1	1	6	3	2	2
AT1G78480	10	21	22	9	2	10
AT1G78490	864	301	675	703	715	659
AT1G78500	8	1	2	0	0	0
AT1G78510	455	499	365	330	640	594
AT1G78520	0	2	0	0	1	3
AT1G78530	85	91	66	88	78	94
AT1G78540	226	89	158	203	194	213
AT1G78550	136	124	123	114	107	151
AT1G78560	412	325	303	388	338	436
AT1G78570	1420	484	1136	1065	1655	1064
AT1G78580	601	458	470	501	1044	1028
AT1G78590	207	220	138	224	236	270
AT1G78600	1067	1201	735	1180	1090	1387
AT1G78610	593	250	461	542	571	553
AT1G78620	630	465	500	531	568	529
AT1G78630	6544	11108	5098	7074	9618	10526
AT1G78635	0	0	0	0	0	0
AT1G78640	0	0	0	0	0	0
AT1G78650	247	190	202	293	315	242
AT1G78660	770	519	557	794	634	646
AT1G78670	3304	1161	2390	1869	1385	1662
AT1G78680	2102	940	1533	1333	1130	1259
AT1G78690	151	92	124	130	97	116
AT1G78700	557	194	442	503	344	396
AT1G78710	0	0	0	0	0	0
AT1G78720	2	0	1	3	2	1
AT1G78730	104	70	91	97	66	75
AT1G78740	0	0	0	0	0	0
AT1G78750	18	53	16	41	53	89
AT1G78760	0	0	0	4	0	1
AT1G78770	81	69	68	106	167	116
AT1G78780	64	25	54	57	27	27
AT1G78790	153	199	122	122	133	138
AT1G78800	457	210	331	392	312	302
AT1G78810	169	82	159	162	217	206
AT1G78815	2	0	6	5	8	6
AT1G78820	990	726	825	881	1204	1100
AT1G78830	7009	3402	6056	7228	6248	6921
AT1G78840	3	1	0	1	0	6
AT1G78850	3279	2653	2903	4355	6300	5032
AT1G78860	70	87	61	93	162	86
AT1G78865	208	98	135	161	170	149
AT1G78870	1604	1769	1276	1403	1451	1688
AT1G78880	817	330	667	771	648	762
AT1G78890	768	655	593	670	501	625
AT1G78895	225	191	157	180	138	169
AT1G78900	5648	3535	4780	5402	7166	6722
AT1G78910	122	61	79	112	100	109
AT1G78915	511	575	414	546	703	800
AT1G78920	1286	482	1070	1210	1276	1166
AT1G78922	2	0	0	1	1	0
AT1G78930	160	74	141	170	173	125
AT1G78940	75	18	58	53	44	33
AT1G78950	15	10	17	21	17	26
AT1G78955	20	3	7	14	17	12
AT1G78960	220	78	138	171	141	122
AT1G78970	846	138	670	687	427	423
AT1G78980	0	0	0	1	0	0
AT1G78990	31	4	22	21	6	7
AT1G78995	309	305	256	344	109	206
AT1G79000	1949	551	1739	1999	1846	2381
AT1G79010	2129	2813	1654	1766	1977	1947
AT1G79020	379	133	278	292	222	235
AT1G79030	379	152	299	289	297	326
AT1G79040	91256	100689	67745	73530	53335	93400
AT1G79050	482	476	353	408	533	431
AT1G79060	78	46	105	69	99	114
AT1G79070	96	98	84	99	62	110
AT1G79075	179	334	118	134	124	144
AT1G79080	280	238	265	237	345	357
AT1G79090	1180	382	970	1049	1122	1021
AT1G79100	2	1	1	0	0	3
AT1G79103	1	2	2	3	3	7
AT1G79110	814	168	673	349	219	201
AT1G79120	27	10	25	17	20	21
AT1G79130	1	0	1	1	0	1
AT1G79150	665	352	568	748	789	542
AT1G79160	483	413	430	360	286	295
AT1G79170	15	19	6	5	18	10
AT1G79180	8	1	9	5	2	4
AT1G79190	372	87	291	336	318	374
AT1G79200	282	250	202	199	215	212
AT1G79210	792	934	546	684	820	820
AT1G79220	62	69	48	68	59	58
AT1G79230	1586	1126	1189	1435	1738	1788
AT1G79240	0	0	0	0	0	0
AT1G79250	0	0	0	0	0	0
AT1G79260	217	249	140	187	215	207
AT1G79270	662	211	503	301	319	391
AT1G79280	2575	1205	2208	2543	2618	2505
AT1G79290	0	0	0	0	0	0
AT1G79300	0	0	0	0	0	0
AT1G79310	16	6	7	5	12	10
AT1G79320	2	0	7	1	2	3
AT1G79330	15	19	23	30	8	18
AT1G79340	2059	1521	1698	2163	2132	2255
AT1G79350	1178	322	904	1009	1122	1252
AT1G79360	43	33	16	30	24	28
AT1G79370	0	0	0	0	0	0
AT1G79380	1833	1123	1310	1217	1222	1514
AT1G79390	461	400	360	372	438	340
AT1G79400	1	2	0	6	3	0
AT1G79410	360	117	311	139	202	200
AT1G79420	82	57	67	66	77	61
AT1G79430	565	279	417	329	362	461
AT1G79440	2336	479	2049	2366	639	857
AT1G79450	8	2	16	33	13	3
AT1G79460	313	48	216	250	149	140
AT1G79470	114	84	103	136	208	121
AT1G79480	15	4	22	13	10	17
AT1G79485	0	0	0	0	0	0
AT1G79490	221	83	160	219	215	195
AT1G79500	698	475	475	544	462	512
AT1G79510	0	0	0	0	0	0
AT1G79520	254	168	205	129	188	180
AT1G79529	10	5	5	6	15	3
AT1G79530	380	243	335	312	541	433
AT1G79540	191	96	169	231	194	218
AT1G79550	2417	2669	1969	2467	3745	2677
AT1G79560	1448	939	1001	1482	2806	2314
AT1G79570	922	225	675	826	999	949
AT1G79580	4	1	2	1	0	2
AT1G79590	466	552	403	484	410	559
AT1G79600	1654	1974	1283	1707	3355	3491
AT1G79610	142	82	158	95	126	102
AT1G79620	183	81	155	174	194	200
AT1G79630	468	207	339	336	395	443
AT1G79640	347	105	247	280	266	271
AT1G79650	573	441	432	461	533	525
AT1G79660	286	353	241	269	178	189
AT1G79670	650	315	490	763	414	671
AT1G79680	158	9	111	211	24	36
AT1G79690	897	295	674	873	894	824
AT1G79700	848	906	655	1094	424	987
AT1G79710	225	68	175	108	133	160
AT1G79720	782	635	592	719	699	880
AT1G79730	1262	577	1022	1103	1091	1164
AT1G79740	699	135	473	513	403	563
AT1G79750	4764	2603	3783	4186	4582	5064
AT1G79760	42	25	12	34	8	28
AT1G79770	27	50	19	31	19	26
AT1G79780	36	38	30	19	15	22
AT1G79790	794	1278	598	689	711	1128
AT1G79800	1	2	0	2	2	0
AT1G79810	451	143	313	371	350	353
AT1G79820	131	56	113	109	71	95
AT1G79830	3971	1546	3016	3653	2993	3536
AT1G79840	499	314	382	392	353	542
AT1G79850	0	0	0	0	0	0
AT1G79860	0	0	1	0	0	0
AT1G79870	927	1187	806	744	907	1121
AT1G79880	511	332	432	411	352	446
AT1G79890	37	5	29	38	54	54
AT1G79900	32	13	18	18	7	11
AT1G79910	242	118	165	168	62	117
AT1G79915	0	4	1	5	6	1
AT1G79920	1173	325	932	1465	2243	1652
AT1G79930	1844	1012	1428	1828	1773	1726
AT1G79940	1672	1012	1300	1471	1353	1315
AT1G79950	581	221	426	508	521	500
AT1G79960	0	0	0	0	0	0
AT1G79970	1136	690	847	777	707	794
AT1G79980	0	1	0	0	1	0
AT1G79985	287	212	232	262	169	213
AT1G79990	1589	731	1216	1409	1426	1541
AT1G80000	682	294	537	688	672	723
AT1G80010	571	170	463	536	537	588
AT1G80030	856	1173	681	876	1778	1754
AT1G80040	1638	1121	1287	1434	1225	1384
AT1G80050	133	244	118	103	230	212
AT1G80060	101	56	44	69	77	92
AT1G80070	5359	1473	4491	5669	7091	6928
AT1G80080	307	267	254	188	412	346
AT1G80090	5	0	1	0	0	0
AT1G80100	3	0	0	0	1	1
AT1G80110	164	50	111	60	47	58
AT1G80120	42	24	34	24	17	3
AT1G80130	702	65	458	89	80	104
AT1G80133	0	0	0	0	0	0
AT1G80140	0	0	0	0	0	0
AT1G80150	225	107	202	262	185	177
AT1G80160	184	62	84	187	12	48
AT1G80165	0	0	0	0	0	0
AT1G80170	227	133	164	151	126	146
AT1G80180	3228	3820	2228	2875	1677	3002
AT1G80190	251	166	168	247	179	224
AT1G80200	10	16	13	14	20	12
AT1G80210	465	234	330	314	304	420
AT1G80220	0	0	0	0	0	0
AT1G80230	560	722	369	451	570	596
AT1G80240	21	10	26	30	6	3
AT1G80245	164	100	91	131	121	91
AT1G80250	0	0	0	1	0	0
AT1G80260	993	327	784	802	721	821
AT1G80270	502	233	467	566	625	377
AT1G80280	515	94	341	381	195	230
AT1G80290	204	77	139	139	88	114
AT1G80300	1302	924	1070	1357	1710	1580
AT1G80310	0	0	0	0	0	0
AT1G80315	0	0	0	0	0	0
AT1G80320	0	0	0	0	0	0
AT1G80325	20	6	17	10	7	10
AT1G80330	2	0	1	0	1	0
AT1G80340	0	0	1	3	4	3
AT1G80350	467	449	403	437	546	654
AT1G80360	886	740	701	732	877	843
AT1G80370	192	149	104	123	229	206
AT1G80380	2622	3305	2213	3316	4403	5855
AT1G80390	0	0	0	2	2	1
AT1G80400	333	157	288	318	292	372
AT1G80410	1749	1234	1467	2045	2890	2765
AT1G80420	736	596	597	772	529	792
AT1G80430	0	0	1	0	0	0
AT1G80440	952	1309	676	1625	1514	1997
AT1G80450	124	77	93	116	96	124
AT1G80460	1352	1501	1174	1319	1819	1907
AT1G80470	0	0	0	0	0	0
AT1G80480	2217	1269	1719	2026	1444	1381
AT1G80490	1184	533	976	1094	1220	1304
AT1G80500	743	808	571	611	667	715
AT1G80510	195	154	159	164	148	196
AT1G80520	46	19	29	27	17	22
AT1G80525	0	0	2	0	0	0
AT1G80530	737	207	566	553	468	522
AT1G80540	0	0	3	1	2	1
AT1G80550	313	297	253	298	190	280
AT1G80555	4	3	5	6	4	6
AT1G80560	849	898	692	796	1010	1032
AT1G80570	118	37	98	119	45	92
AT1G80580	0	0	0	0	0	0
AT1G80590	0	0	2	0	0	0
AT1G80600	1727	2185	1469	1769	2100	2091
AT1G80610	419	113	298	251	151	160
AT1G80620	611	374	495	603	663	580
AT1G80625	8	0	1	0	2	3
AT1G80630	164	156	131	151	166	191
AT1G80640	729	669	603	640	901	843
AT1G80650	425	379	320	485	437	542
AT1G80660	11	4	21	9	7	4
AT1G80670	633	505	519	570	573	608
AT1G80680	974	385	763	1059	1020	1120
AT1G80690	92	89	72	67	96	110
AT1G80700	154	159	99	71	75	113
AT1G80710	49	11	38	47	64	32
AT1G80720	81	59	85	111	88	43
AT1G80730	4	2	7	12	6	10
AT1G80740	0	0	0	0	0	0
AT1G80745	11	17	4	4	5	4
AT1G80750	1119	1120	896	1158	1224	984
AT1G80760	167	134	145	107	176	146
AT1G80770	635	572	505	558	1185	1012
AT1G80780	1639	1438	1245	1527	1412	1780
AT1G80790	1439	951	1130	1236	1187	1331
AT1G80810	578	521	335	368	389	443
AT1G80820	24	3	19	13	23	3
AT1G80830	453	258	370	379	373	481
AT1G80840	2652	405	1979	3278	66	646
AT1G80850	99	96	88	89	139	102
AT1G80860	417	410	350	325	241	319
AT1G80865	0	3	0	1	1	0
AT1G80870	370	231	312	289	325	327
AT1G80880	89	25	89	71	67	51
AT1G80890	159	176	152	182	90	105
AT1G80900	148	62	123	110	102	114
AT1G80910	321	152	254	282	291	327
AT1G80920	11063	16196	9093	17615	7092	13670
AT1G80930	3682	3881	2702	3169	3138	3605
AT1G80940	1457	814	1169	1067	715	891
AT1G80950	653	461	499	533	531	551
AT1G80960	103	66	96	101	73	106
AT1G80970	48	14	15	24	26	26
AT1G80980	195	73	90	99	66	58
AT1G80990	0	0	0	0	0	0
AT2G01008	13	2	8	7	0	5
AT2G01010	7	0	4	5	0	2
AT2G01020	11	1	16	13	10	9
AT2G01021	0	0	0	0	0	0
AT2G01023	0	0	0	0	0	0
AT2G01035	0	0	0	0	0	0
AT2G01045	0	0	0	0	0	0
AT2G01050	0	0	0	0	0	0
AT2G01060	1186	793	852	891	894	983
AT2G01070	556	322	446	514	470	551
AT2G01080	270	152	208	258	125	149
AT2G01090	396	468	300	312	275	297
AT2G01100	2358	1422	1688	2109	1355	1683
AT2G01110	1394	2311	1105	1332	1784	2159
AT2G01120	111	136	111	167	168	136
AT2G01130	825	119	568	632	475	483
AT2G01140	2328	1926	2058	2026	2485	2200
AT2G01150	700	90	464	299	91	99
AT2G01160	0	0	0	0	0	0
AT2G01170	644	257	564	565	348	479
AT2G01175	5	7	8	6	5	1
AT2G01180	965	340	760	993	293	369
AT2G01190	1493	480	1347	1559	1498	1777
AT2G01200	38	0	38	49	3	3
AT2G01210	75	9	48	44	53	60
AT2G01220	1320	714	927	957	800	882
AT2G01240	0	0	0	0	0	0
AT2G01250	3515	4997	2653	3758	5629	4669
AT2G01260	310	232	270	321	286	324
AT2G01270	1425	529	1055	1206	948	1110
AT2G01275	13	5	7	4	12	15
AT2G01280	2	1	1	0	2	2
AT2G01290	296	126	228	263	283	207
AT2G01300	42	74	18	32	39	68
AT2G01310	0	4	1	0	1	2
AT2G01320	1375	868	1047	1158	1155	1471
AT2G01330	190	57	141	142	134	135
AT2G01340	231	240	176	208	205	280
AT2G01350	1505	768	1125	1141	1174	1166
AT2G01360	0	0	0	0	0	0
AT2G01370	0	0	0	0	0	0
AT2G01379	0	0	0	0	0	0
AT2G01390	69	8	85	72	72	83
AT2G01400	90	97	70	93	50	66
AT2G01410	24	8	13	22	13	23
AT2G01420	1931	769	1600	1578	1144	1432
AT2G01422	0	0	1	0	1	0
AT2G01430	7	5	9	13	6	6
AT2G01440	784	175	625	710	569	691
AT2G01450	5911	2010	4234	5045	2140	3292
AT2G01460	472	86	396	374	231	326
AT2G01470	850	573	742	636	629	730
AT2G01480	465	205	351	445	350	423
AT2G01490	1557	1253	1228	1202	1104	1392
AT2G01500	0	0	0	0	0	0
AT2G01505	62	85	82	50	83	87
AT2G01510	80	33	55	83	36	50
AT2G01520	296	14	206	29	22	17
AT2G01530	79	12	54	26	5	8
AT2G01540	195	160	160	164	123	148
AT2G01554	1	0	0	0	0	0
AT2G01560	0	0	1	0	0	0
AT2G01570	1304	636	1037	1094	834	1148
AT2G01580	2	1	1	0	2	0
AT2G01590	438	985	305	353	716	787
AT2G01600	1163	731	981	1172	1216	1286
AT2G01610	115	45	47	53	48	58
AT2G01620	519	357	369	404	309	497
AT2G01630	674	370	541	566	648	693
AT2G01640	226	200	166	211	158	152
AT2G01650	440	300	340	483	444	476
AT2G01660	128	62	74	90	46	75
AT2G01667	0	0	0	0	0	0
AT2G01670	2113	803	1629	1134	531	723
AT2G01680	655	227	573	653	302	450
AT2G01690	929	127	713	772	738	821
AT2G01710	609	477	519	594	613	736
AT2G01720	1079	424	906	946	1149	1059
AT2G01730	63	12	54	59	37	37
AT2G01735	301	166	227	232	200	206
AT2G01740	60	34	80	54	63	55
AT2G01750	285	77	188	242	269	238
AT2G01755	0	0	0	0	0	0
AT2G01760	250	229	151	206	151	242
AT2G01770	2	0	7	1	1	1
AT2G01780	0	0	0	0	0	0
AT2G01790	0	1	0	1	0	0
AT2G01800	0	0	0	0	0	0
AT2G01810	8	0	6	2	1	0
AT2G01818	38	27	24	69	41	28
AT2G01820	1574	940	1271	1739	2137	2219
AT2G01830	170	72	138	137	195	178
AT2G01850	1722	2299	1362	1971	2062	2743
AT2G01860	91	109	86	127	280	323
AT2G01870	114	162	127	142	106	174
AT2G01880	25	0	20	18	0	0
AT2G01890	32	24	48	146	29	29
AT2G01900	34	22	18	33	44	41
AT2G01905	19	2	16	18	20	14
AT2G01910	1305	594	1001	961	1183	1408
AT2G01913	51	78	51	31	57	31
AT2G01918	125	222	104	124	214	278
AT2G01920	0	0	1	0	0	0
AT2G01930	548	533	412	508	424	730
AT2G01940	344	192	272	357	352	388
AT2G01950	506	175	408	496	414	373
AT2G01960	0	0	0	0	0	2
AT2G01970	1252	566	1036	1022	1062	976
AT2G01980	444	105	318	409	344	348
AT2G01990	415	248	288	208	129	139
AT2G02000	4	0	3	0	0	1
AT2G02010	146	16	135	40	56	36
AT2G02020	266	182	202	162	213	273
AT2G02023	0	0	0	0	0	0
AT2G02026	0	0	0	0	0	0
AT2G02030	0	0	0	0	0	0
AT2G02040	723	427	611	659	808	785
AT2G02050	594	979	412	440	512	574
AT2G02060	237	134	190	138	133	147
AT2G02061	22	7	12	16	4	7
AT2G02070	1849	762	1392	1652	1636	2010
AT2G02080	1258	444	1015	892	819	1068
AT2G02090	953	344	757	873	728	847
AT2G02100	3596	1815	3025	2372	1115	1017
AT2G02103	0	0	0	0	0	0
AT2G02120	14	2	20	0	0	1
AT2G02130	1342	878	1320	742	782	647
AT2G02140	0	0	0	0	0	0
AT2G02147	1	3	0	6	2	0
AT2G02148	167	83	151	175	169	221
AT2G02150	110	33	77	122	83	81
AT2G02160	4918	3785	3760	4752	3377	4673
AT2G02170	850	667	641	807	666	814
AT2G02180	759	592	541	852	700	805
AT2G02220	715	332	568	933	685	746
AT2G02230	240	204	169	173	178	238
AT2G02240	3	12	8	15	6	4
AT2G02250	0	0	0	0	0	0
AT2G02280	0	0	0	0	0	0
AT2G02290	0	0	0	0	0	0
AT2G02300	0	0	1	0	0	0
AT2G02310	0	0	1	0	0	0
AT2G02320	0	0	0	0	0	0
AT2G02340	0	0	0	2	0	0
AT2G02350	35	39	38	41	31	39
AT2G02360	271	132	181	191	111	198
AT2G02370	301	120	223	193	84	137
AT2G02380	10	5	10	13	6	11
AT2G02390	1521	660	1067	1055	730	739
AT2G02400	165	186	151	153	149	204
AT2G02410	291	238	204	270	251	253
AT2G02440	0	0	0	0	0	0
AT2G02450	464	141	403	449	285	338
AT2G02455	1	1	0	3	0	2
AT2G02470	526	536	364	405	343	453
AT2G02480	372	86	299	358	335	337
AT2G02490	0	0	0	0	0	0
AT2G02493	0	0	0	0	0	0
AT2G02497	0	1	0	0	0	1
AT2G02498	0	0	0	0	0	0
AT2G02500	273	414	228	339	416	470
AT2G02510	625	1016	513	624	639	636
AT2G02515	0	0	0	0	0	0
AT2G02520	0	0	0	0	0	0
AT2G02525	0	0	1	0	0	0
AT2G02540	96	40	84	78	77	84
AT2G02550	1	0	0	0	0	0
AT2G02560	910	400	785	934	1314	1227
AT2G02570	2112	1117	1537	1539	1131	1422
AT2G02580	0	0	1	0	1	0
AT2G02590	55	51	52	61	93	83
AT2G02600	0	0	0	0	0	0
AT2G02610	0	2	0	0	0	0
AT2G02620	0	0	1	0	0	0
AT2G02630	2	2	0	0	1	3
AT2G02635	0	0	0	0	0	0
AT2G02640	1	0	0	0	0	0
AT2G02650	0	0	0	0	0	0
AT2G02660	0	0	0	0	0	0
AT2G02680	8	5	14	4	15	10
AT2G02690	0	0	5	0	0	0
AT2G02695	0	0	0	0	0	0
AT2G02700	0	0	6	0	0	0
AT2G02710	1221	1160	903	1748	985	1821
AT2G02720	2	0	0	1	2	1
AT2G02730	189	149	156	162	129	159
AT2G02740	260	277	210	250	496	340
AT2G02741	0	0	0	0	0	0
AT2G02750	16	5	13	24	17	18
AT2G02760	3986	2539	3071	3518	1907	2474
AT2G02765	281	120	199	190	162	191
AT2G02770	0	0	0	0	0	0
AT2G02780	510	194	388	409	551	539
AT2G02790	456	183	410	373	438	366
AT2G02795	0	0	0	0	0	0
AT2G02800	943	466	716	722	670	675
AT2G02810	201	95	125	274	217	156
AT2G02820	327	102	243	266	255	259
AT2G02835	0	0	0	0	0	0
AT2G02840	0	0	0	0	0	0
AT2G02850	16	8	13	6	9	3
AT2G02860	605	221	426	582	375	392
AT2G02870	870	608	631	763	485	577
AT2G02880	170	153	104	179	133	106
AT2G02890	0	0	0	0	0	0
AT2G02900	0	0	0	0	0	0
AT2G02910	348	117	241	252	182	217
AT2G02930	258	172	222	449	276	232
AT2G02950	620	598	510	538	730	941
AT2G02955	98	100	82	125	169	169
AT2G02960	670	227	493	468	331	441
AT2G02970	655	277	504	543	583	688
AT2G02980	143	80	67	79	126	140
AT2G02990	160	11	174	98	5	14
AT2G03000	0	0	0	0	0	0
AT2G03010	28	8	25	10	8	9
AT2G03020	33	4	24	12	9	15
AT2G03030	0	0	0	0	0	0
AT2G03040	0	0	0	0	0	0
AT2G03050	78	110	78	108	109	113
AT2G03060	401	162	278	323	264	268
AT2G03070	526	249	368	427	683	599
AT2G03090	230	81	157	97	117	66
AT2G03110	15	2	5	14	6	8
AT2G03120	1136	848	977	1031	933	825
AT2G03130	0	8	0	1	3	6
AT2G03140	858	241	755	782	799	919
AT2G03150	1632	919	1265	1485	1559	1485
AT2G03160	0	0	0	0	0	0
AT2G03170	0	0	0	0	0	0
AT2G03180	0	0	0	0	0	0
AT2G03190	0	0	0	0	0	0
AT2G03200	18	10	14	10	10	17
AT2G03210	5	0	1	1	2	2
AT2G03220	351	193	241	286	293	330
AT2G03230	0	0	0	0	0	0
AT2G03240	683	382	522	599	565	660
AT2G03250	0	0	1	0	0	0
AT2G03260	51	9	28	39	21	28
AT2G03270	227	142	182	256	208	247
AT2G03280	144	77	126	122	112	133
AT2G03290	0	0	1	0	0	0
AT2G03300	0	0	0	0	0	0
AT2G03310	544	570	453	483	351	528
AT2G03320	0	0	0	0	0	0
AT2G03330	80	72	65	67	61	119
AT2G03340	1145	527	859	1048	1072	1324
AT2G03350	484	657	330	501	634	740
AT2G03360	1	1	1	1	0	2
AT2G03370	0	0	2	0	0	0
AT2G03380	40	5	29	47	29	30
AT2G03390	1320	1072	1026	1108	1212	1411
AT2G03410	6	3	6	8	5	2
AT2G03420	0	0	0	0	0	0
AT2G03430	174	215	135	171	176	183
AT2G03440	2546	2355	2066	2426	2849	3055
AT2G03445	0	1	0	0	0	0
AT2G03450	94	77	91	102	99	100
AT2G03460	0	1	0	1	0	0
AT2G03470	891	812	692	814	830	1206
AT2G03480	330	69	245	262	188	167
AT2G03490	0	0	0	0	0	0
AT2G03500	180	52	125	117	123	90
AT2G03505	21	5	11	25	8	6
AT2G03510	600	526	463	494	578	522
AT2G03520	0	0	0	0	1	3
AT2G03530	366	58	305	417	93	214
AT2G03550	516	301	458	367	321	368
AT2G03560	0	0	1	0	0	0
AT2G03565	4	2	0	0	0	0
AT2G03567	0	0	0	0	0	0
AT2G03570	0	0	0	0	0	0
AT2G03580	0	0	0	0	0	0
AT2G03590	47	3	20	25	17	25
AT2G03600	1	0	0	0	0	0
AT2G03610	1	0	0	1	0	0
AT2G03620	222	131	159	195	144	171
AT2G03630	0	0	0	1	0	0
AT2G03640	1321	999	930	1177	1115	1447
AT2G03660	0	0	0	0	0	0
AT2G03667	192	143	130	184	144	177
AT2G03670	227	122	148	199	159	172
AT2G03680	1633	1519	1387	1369	1304	1180
AT2G03690	238	277	198	225	175	209
AT2G03700	0	0	0	0	0	0
AT2G03710	144	53	143	115	91	106
AT2G03720	3	0	2	1	0	3
AT2G03730	538	330	362	502	388	649
AT2G03740	0	0	0	0	0	0
AT2G03750	352	599	287	431	545	754
AT2G03760	255	710	216	295	681	767
AT2G03770	6	8	4	5	2	1
AT2G03780	419	350	288	380	432	362
AT2G03790	0	0	0	0	0	0
AT2G03800	458	334	310	409	323	324
AT2G03810	235	170	196	217	257	262
AT2G03820	1767	1118	1269	1786	1371	1378
AT2G03821	0	1	0	0	1	0
AT2G03822	1	1	0	0	0	0
AT2G03823	0	0	0	0	0	0
AT2G03830	1	0	4	1	0	0
AT2G03840	0	0	0	0	0	0
AT2G03850	4	0	0	7	0	1
AT2G03855	0	0	0	0	0	0
AT2G03870	274	426	220	190	201	237
AT2G03880	27	4	16	18	23	19
AT2G03885	0	0	0	0	0	0
AT2G03890	3637	1931	2822	3226	2173	3528
AT2G03895	0	0	0	0	0	0
AT2G03905	0	0	0	0	0	0
AT2G03913	0	0	0	0	0	0
AT2G03925	0	0	0	0	0	0
AT2G03930	0	0	0	0	0	0
AT2G03931	0	0	0	0	0	0
AT2G03932	0	0	0	0	0	0
AT2G03933	0	0	0	0	0	0
AT2G03936	0	0	0	0	0	0
AT2G03937	0	0	0	0	0	0
AT2G03945	0	0	0	0	0	0
AT2G03955	0	0	0	0	0	0
AT2G03965	1	0	0	0	0	0
AT2G03975	0	0	0	0	0	0
AT2G03980	426	403	401	364	518	481
AT2G03985	0	0	0	0	0	0
AT2G03995	0	0	0	0	0	0
AT2G04005	2	0	0	0	0	2
AT2G04015	0	0	0	0	0	0
AT2G04020	0	0	0	0	0	0
AT2G04025	0	0	2	0	0	0
AT2G04030	3996	3807	3357	5219	12305	8147
AT2G04031	0	0	0	0	0	0
AT2G04032	5	13	5	3	17	16
AT2G04034	0	0	0	0	0	0
AT2G04037	0	0	0	0	0	0
AT2G04038	1	0	0	1	1	3
AT2G04039	218	1311	211	272	1355	1536
AT2G04040	293	166	273	224	333	273
AT2G04041	0	0	0	0	0	0
AT2G04045	0	0	0	0	0	0
AT2G04046	0	0	0	0	0	0
AT2G04050	56	79	45	51	234	142
AT2G04060	0	0	0	0	0	0
AT2G04062	0	0	0	0	0	0
AT2G04063	0	0	0	0	0	0
AT2G04065	0	3	1	2	4	2
AT2G04066	0	0	0	0	0	0
AT2G04070	2	4	0	3	6	1
AT2G04075	0	0	0	0	0	0
AT2G04080	53	36	55	36	80	76
AT2G04085	0	0	0	0	0	0
AT2G04090	0	0	3	0	0	1
AT2G04095	0	0	0	0	0	0
AT2G04100	26	17	26	28	33	34
AT2G04115	0	0	0	0	0	0
AT2G04125	0	0	0	0	0	0
AT2G04137	0	1	0	0	0	0
AT2G04145	1	2	2	0	1	0
AT2G04155	0	0	0	0	0	0
AT2G04160	1550	328	1311	747	869	786
AT2G04170	44	32	31	31	50	43
AT2G04175	0	0	0	0	0	0
AT2G04185	0	0	0	0	0	1
AT2G04190	0	0	0	1	0	0
AT2G04195	0	0	0	0	0	0
AT2G04205	0	2	2	0	1	0
AT2G04215	0	0	0	0	0	0
AT2G04220	0	0	0	0	0	0
AT2G04225	0	0	0	0	0	0
AT2G04230	328	200	240	253	244	339
AT2G04235	114	41	88	122	202	183
AT2G04240	402	152	340	259	124	176
AT2G04255	0	0	0	0	0	0
AT2G04265	0	0	0	0	0	0
AT2G04270	991	481	745	949	1155	1308
AT2G04280	18	1	18	26	31	18
AT2G04285	0	0	0	2	0	0
AT2G04295	0	0	0	0	0	0
AT2G04300	0	0	0	0	0	0
AT2G04305	340	162	286	322	167	246
AT2G04315	0	0	0	0	0	0
AT2G04325	0	0	0	0	0	0
AT2G04335	0	0	0	0	0	0
AT2G04340	440	285	326	422	281	336
AT2G04345	0	0	0	0	0	0
AT2G04350	596	182	497	404	426	379
AT2G04355	0	0	0	0	0	0
AT2G04360	948	771	740	730	1198	1002
AT2G04365	0	0	0	0	0	0
AT2G04375	0	0	0	0	0	0
AT2G04378	742	920	588	719	615	669
AT2G04380	0	0	0	0	0	0
AT2G04390	769	1227	597	795	986	777
AT2G04395	2	0	2	6	1	2
AT2G04400	651	359	478	675	571	356
AT2G04405	0	0	0	0	0	0
AT2G04410	1006	1351	750	872	685	936
AT2G04420	3	8	4	9	11	11
AT2G04425	0	0	0	0	0	0
AT2G04430	70	52	69	44	54	51
AT2G04435	0	0	0	0	0	0
AT2G04440	0	0	0	2	0	0
AT2G04450	34	12	28	37	38	49
AT2G04455	0	0	0	0	0	0
AT2G04465	0	0	0	0	1	0
AT2G04480	0	0	0	0	0	0
AT2G04485	0	0	0	0	0	0
AT2G04495	8	0	3	11	2	0
AT2G04500	0	0	2	0	0	0
AT2G04505	0	0	0	0	0	0
AT2G04515	2	0	1	2	0	0
AT2G04520	1022	1375	814	1061	1097	960
AT2G04525	0	0	0	0	0	0
AT2G04530	276	390	282	357	921	665
AT2G04535	3	0	0	0	0	0
AT2G04540	416	241	297	292	292	339
AT2G04545	0	0	0	0	0	0
AT2G04550	387	345	287	359	299	419
AT2G04555	7	0	3	3	0	1
AT2G04560	82	40	55	72	58	67
AT2G04565	0	0	0	0	0	0
AT2G04570	244	128	175	156	323	202
AT2G04575	0	0	0	0	0	0
AT2G04595	0	0	0	0	0	0
AT2G04605	0	0	0	0	0	0
AT2G04615	0	0	0	0	0	0
AT2G04620	101	35	88	101	150	130
AT2G04621	0	0	0	0	0	0
AT2G04622	0	0	0	0	0	0
AT2G04630	505	717	383	505	514	461
AT2G04635	0	0	0	0	0	0
AT2G04645	0	0	0	0	0	0
AT2G04650	163	46	127	111	91	106
AT2G04655	0	0	0	0	0	1
AT2G04660	281	88	213	290	271	253
AT2G04665	0	0	0	0	0	0
AT2G04675	0	0	0	0	0	0
AT2G04680	0	0	2	0	0	0
AT2G04685	0	0	0	0	0	0
AT2G04690	1443	1001	1104	1118	857	1210
AT2G04695	0	0	0	0	0	0
AT2G04700	1950	3155	1404	1959	1779	2411
AT2G04705	0	0	0	0	0	0
AT2G04715	0	0	0	0	0	0
AT2G04725	1	0	0	1	0	0
AT2G04735	0	0	0	0	0	0
AT2G04740	234	143	172	264	207	219
AT2G04745	0	0	0	0	0	0
AT2G04750	0	0	0	0	0	0
AT2G04755	0	0	0	0	0	0
AT2G04765	0	0	0	0	0	0
AT2G04775	0	0	0	0	0	0
AT2G04780	856	658	767	909	976	895
AT2G04785	0	0	0	0	0	0
AT2G04790	121	198	68	96	133	174
AT2G04795	48	239	27	36	122	137
AT2G04800	9	10	8	4	3	3
AT2G04805	4	2	4	0	2	1
AT2G04810	0	0	0	0	0	0
AT2G04815	0	0	0	0	0	0
AT2G04825	0	0	0	0	0	0
AT2G04830	0	0	0	0	0	0
AT2G04835	0	0	0	0	0	0
AT2G04840	0	0	0	1	0	0
AT2G04842	1787	1625	1538	1810	3075	3291
AT2G04845	134	162	99	124	144	112
AT2G04850	146	49	123	95	117	105
AT2G04852	20	1	18	7	11	7
AT2G04855	0	0	0	0	0	0
AT2G04860	34	0	47	44	40	24
AT2G04865	577	398	491	473	451	546
AT2G04870	0	0	0	0	0	0
AT2G04875	0	0	0	0	0	1
AT2G04880	729	259	515	595	544	539
AT2G04885	0	0	1	0	1	0
AT2G04890	336	171	231	298	189	242
AT2G04895	0	0	0	0	0	0
AT2G04900	544	521	403	465	320	370
AT2G04905	0	0	0	0	0	0
AT2G04910	0	0	0	0	0	0
AT2G04915	0	0	0	0	0	0
AT2G04920	0	0	0	0	0	0
AT2G04925	0	0	0	0	0	0
AT2G04930	0	0	0	0	0	0
AT2G04935	0	0	0	0	0	0
AT2G04940	305	215	272	246	235	249
AT2G04945	0	0	0	0	0	0
AT2G04955	8	8	7	11	2	3
AT2G04965	24	16	7	11	15	4
AT2G04975	0	0	0	0	0	0
AT2G04985	0	0	0	0	0	0
AT2G04995	0	0	0	0	0	0
AT2G05005	0	0	0	0	0	0
AT2G05015	0	0	0	0	0	0
AT2G05035	0	0	0	0	0	0
AT2G05045	0	3	0	1	0	0
AT2G05050	0	0	0	0	0	0
AT2G05060	0	0	0	0	0	0
AT2G05065	0	0	0	0	0	0
AT2G05070	7992	24509	6986	6446	14029	19217
AT2G05075	112	68	64	60	38	80
AT2G05085	0	0	0	0	0	0
AT2G05095	0	0	0	0	0	0
AT2G05100	4950	28232	4494	5207	15875	22741
AT2G05105	0	0	0	0	0	0
AT2G05117	0	0	0	0	0	0
AT2G05120	391	181	339	347	527	397
AT2G05125	0	0	0	1	0	0
AT2G05140	0	0	0	0	0	0
AT2G05145	0	0	0	0	0	0
AT2G05155	1	1	2	1	0	1
AT2G05160	96	87	84	189	84	165
AT2G05170	1231	554	953	1154	1177	1407
AT2G05180	1	2	3	2	0	1
AT2G05185	7	18	8	2	6	6
AT2G05205	5	5	5	6	2	8
AT2G05210	547	224	420	446	313	355
AT2G05215	26	22	26	15	19	23
AT2G05220	1435	2212	1037	1390	1856	1608
AT2G05230	0	0	2	1	5	0
AT2G05245	0	0	0	0	0	0
AT2G05250	4	0	0	1	3	3
AT2G05255	0	0	0	0	0	0
AT2G05260	113	44	90	99	63	60
AT2G05270	0	4	2	0	2	2
AT2G05294	0	0	0	0	0	0
AT2G05310	1258	2217	942	1119	1435	1992
AT2G05315	0	0	0	0	0	0
AT2G05320	212	115	213	221	150	172
AT2G05330	0	0	1	0	0	0
AT2G05335	0	0	0	0	0	0
AT2G05350	0	0	0	0	0	0
AT2G05355	0	0	0	0	0	0
AT2G05360	0	0	0	0	0	1
AT2G05365	4	4	1	6	1	2
AT2G05370	2	0	0	0	1	0
AT2G05380	28906	12398	24002	12614	12616	9622
AT2G05395	0	0	0	0	0	0
AT2G05400	0	0	0	0	0	0
AT2G05405	0	0	0	0	0	0
AT2G05410	0	0	0	0	0	0
AT2G05415	0	0	0	0	0	0
AT2G05420	0	0	0	0	0	0
AT2G05425	0	0	0	0	0	0
AT2G05430	0	0	0	0	0	0
AT2G05440	213	45	133	40	149	34
AT2G05445	0	0	0	0	0	0
AT2G05455	0	0	0	0	0	0
AT2G05465	0	0	0	0	0	0
AT2G05485	0	0	0	0	0	0
AT2G05495	0	0	0	0	0	0
AT2G05505	0	0	0	0	0	5
AT2G05510	66	2	45	6	8	1
AT2G05515	0	0	0	0	0	0
AT2G05518	75	57	52	65	27	28
AT2G05520	18798	8195	15862	10619	8600	6768
AT2G05525	0	0	0	0	0	0
AT2G05530	0	0	0	0	0	0
AT2G05535	0	0	0	0	0	0
AT2G05540	2825	3495	2143	2927	1554	2772
AT2G05545	0	0	0	0	0	0
AT2G05555	0	0	0	0	0	0
AT2G05565	0	0	0	0	0	0
AT2G05575	0	0	0	0	0	0
AT2G05580	0	0	2	0	0	1
AT2G05585	0	0	0	0	0	0
AT2G05590	209	146	176	128	128	152
AT2G05600	0	0	0	0	0	0
AT2G05605	0	0	0	0	0	0
AT2G05615	0	0	0	0	0	0
AT2G05620	1018	4069	833	954	2008	2694
AT2G05625	0	0	0	0	0	0
AT2G05630	464	220	376	348	141	185
AT2G05632	74	41	53	42	29	49
AT2G05635	2	2	0	0	0	0
AT2G05642	0	0	0	0	0	0
AT2G05645	0	0	0	0	0	0
AT2G05655	0	2	0	2	3	3
AT2G05665	3	14	4	1	12	4
AT2G05675	0	0	0	0	0	0
AT2G05685	0	0	0	0	0	0
AT2G05695	0	0	0	0	0	0
AT2G05705	1	9	0	1	1	1
AT2G05710	5594	1525	4790	4826	4903	4494
AT2G05720	0	0	0	0	0	0
AT2G05725	0	0	0	0	0	1
AT2G05752	0	0	0	0	0	0
AT2G05753	0	0	0	2	0	0
AT2G05755	160	107	105	148	130	109
AT2G05760	60	39	44	78	119	98
AT2G05765	5	10	3	6	2	3
AT2G05785	2	0	1	0	0	0
AT2G05786	0	0	0	0	0	0
AT2G05790	2075	1061	1735	1829	2119	2303
AT2G05810	16	2	17	12	7	10
AT2G05812	49	11	25	12	7	5
AT2G05815	0	0	0	0	0	2
AT2G05825	3	0	2	6	16	12
AT2G05830	1403	850	1076	987	1112	1075
AT2G05835	0	0	0	0	0	0
AT2G05840	1254	1000	934	1052	1057	1034
AT2G05850	0	0	0	0	0	0
AT2G05855	0	0	0	0	0	0
AT2G05865	0	0	0	0	0	0
AT2G05875	1	1	0	0	2	2
AT2G05885	0	0	0	0	0	0
AT2G05895	11	7	15	24	25	48
AT2G05900	0	0	0	0	0	0
AT2G05905	0	0	0	0	0	0
AT2G05910	7	10	11	5	4	5
AT2G05914	6	2	1	8	15	18
AT2G05915	0	0	0	0	0	0
AT2G05920	2229	934	1967	1619	2200	1835
AT2G05925	0	0	0	0	0	0
AT2G05940	899	362	657	719	472	543
AT2G05945	0	0	0	0	0	0
AT2G05965	0	0	0	0	0	0
AT2G05970	0	0	0	0	0	0
AT2G05975	0	0	0	0	0	0
AT2G05990	1547	1525	1401	1961	2149	2100
AT2G05995	3	0	3	1	0	0
AT2G06000	243	102	167	216	177	205
AT2G06002	8	17	4	6	15	13
AT2G06005	109	102	92	87	60	85
AT2G06010	287	198	284	292	254	304
AT2G06020	0	0	0	0	0	0
AT2G06025	967	957	714	852	760	1070
AT2G06035	0	0	0	0	0	0
AT2G06040	173	63	98	148	222	217
AT2G06050	859	372	751	748	778	504
AT2G06065	0	0	1	0	0	0
AT2G06075	0	0	0	0	0	0
AT2G06085	0	0	0	0	0	0
AT2G06090	0	0	0	0	0	0
AT2G06095	0	0	0	0	0	0
AT2G06105	0	0	0	0	0	0
AT2G06115	0	0	0	0	0	0
AT2G06135	0	0	0	0	0	0
AT2G06145	0	0	0	0	0	0
AT2G06166	0	0	0	0	0	0
AT2G06175	0	0	0	0	0	0
AT2G06185	0	0	0	1	0	0
AT2G06200	15	12	18	6	23	18
AT2G06210	1254	986	1030	1101	1186	1290
AT2G06215	6	0	4	3	1	1
AT2G06225	0	0	0	0	1	0
AT2G06255	27	36	22	34	22	18
AT2G06265	0	0	0	0	0	0
AT2G06275	0	0	0	0	0	0
AT2G06305	0	0	0	0	0	0
AT2G06315	0	0	0	0	0	0
AT2G06345	0	2	3	0	2	5
AT2G06355	19	0	19	44	10	8
AT2G06365	0	1	1	2	0	0
AT2G06375	0	0	0	0	0	0
AT2G06385	0	0	0	0	0	0
AT2G06395	0	0	0	0	0	2
AT2G06405	0	0	0	0	0	0
AT2G06415	0	0	0	0	0	0
AT2G06420	0	0	0	0	0	0
AT2G06425	0	0	0	0	0	0
AT2G06435	2	1	0	2	2	0
AT2G06445	0	0	0	0	0	0
AT2G06455	0	0	0	0	0	0
AT2G06465	0	0	0	0	0	0
AT2G06475	0	0	0	0	0	0
AT2G06485	0	0	0	0	0	0
AT2G06495	0	0	0	0	0	2
AT2G06500	0	0	0	0	0	0
AT2G06505	0	0	0	0	0	0
AT2G06510	261	70	192	189	177	161
AT2G06515	0	0	0	0	0	0
AT2G06520	30205	64570	24216	28154	29117	45448
AT2G06525	0	0	0	0	0	0
AT2G06530	2053	1403	1639	2016	1329	1624
AT2G06535	0	0	0	0	0	0
AT2G06541	0	0	0	0	0	0
AT2G06555	0	0	0	0	0	0
AT2G06562	0	0	0	0	0	0
AT2G06565	0	0	0	0	0	0
AT2G06570	0	0	0	0	0	0
AT2G06575	0	0	0	1	0	0
AT2G06585	0	0	0	0	0	0
AT2G06595	0	0	0	0	0	0
AT2G06605	0	1	0	0	1	0
AT2G06615	0	0	0	0	0	0
AT2G06625	0	0	0	0	0	0
AT2G06635	0	0	0	0	1	0
AT2G06645	0	0	0	0	0	0
AT2G06655	0	0	0	0	0	0
AT2G06665	0	0	0	0	0	0
AT2G06667	0	0	0	0	0	0
AT2G06675	0	0	0	0	0	0
AT2G06685	0	0	0	0	0	0
AT2G06695	0	0	0	0	0	0
AT2G06705	0	0	0	0	0	0
AT2G06725	0	0	0	0	0	0
AT2G06745	0	0	0	0	0	0
AT2G06755	0	0	0	0	0	0
AT2G06765	15	2	3	4	2	2
AT2G06785	0	0	0	0	0	0
AT2G06795	0	0	0	0	0	0
AT2G06805	0	0	0	0	0	0
AT2G06815	0	0	0	0	0	0
AT2G06835	0	0	0	0	0	0
AT2G06845	0	0	0	1	0	0
AT2G06850	11900	9426	10040	12491	12814	14035
AT2G06855	0	0	0	0	0	0
AT2G06865	0	0	0	0	0	0
AT2G06904	0	0	0	0	0	0
AT2G06905	0	0	0	0	0	0
AT2G06906	0	0	0	0	0	0
AT2G06908	0	0	0	0	0	0
AT2G06925	1672	1518	1130	1446	921	1037
AT2G06935	3	0	2	0	0	0
AT2G06945	1	0	0	0	0	0
AT2G06955	0	0	0	0	0	0
AT2G06960	0	0	0	0	0	0
AT2G06975	0	0	2	0	1	0
AT2G06983	0	0	0	0	0	0
AT2G06990	663	361	530	727	888	929
AT2G06995	63	145	53	59	60	99
AT2G07000	0	0	0	0	0	0
AT2G07005	0	0	0	0	0	0
AT2G07015	0	0	0	0	0	0
AT2G07020	0	0	0	0	0	0
AT2G07025	0	0	0	0	0	0
AT2G07035	0	0	0	0	0	0
AT2G07040	0	0	0	0	0	0
AT2G07042	120	43	87	52	16	35
AT2G07045	0	0	0	0	0	0
AT2G07050	1703	783	1406	1712	2024	2284
AT2G07055	0	0	0	0	0	0
AT2G07085	0	0	0	0	0	0
AT2G07095	0	0	0	0	0	0
AT2G07110	0	0	0	0	0	0
AT2G07115	0	0	0	0	0	0
AT2G07120	0	0	0	0	0	0
AT2G07135	0	0	0	0	0	0
AT2G07140	0	0	0	0	0	0
AT2G07165	0	0	0	0	0	0
AT2G07170	153	126	126	149	286	232
AT2G07175	0	0	0	0	0	0
AT2G07180	1750	1086	1363	1920	1084	1512
AT2G07190	0	0	0	0	0	0
AT2G07195	0	1	0	0	0	0
AT2G07200	0	0	0	0	0	0
AT2G07205	0	0	0	0	0	0
AT2G07213	0	0	0	0	0	0
AT2G07215	0	0	0	0	0	0
AT2G07225	0	0	0	0	0	0
AT2G07235	0	0	0	0	0	0
AT2G07240	0	0	0	0	0	1
AT2G07245	0	0	2	0	0	0
AT2G07255	0	0	0	0	0	0
AT2G07265	1	1	1	0	2	1
AT2G07275	0	0	0	0	0	0
AT2G07280	0	0	0	0	0	0
AT2G07285	2	2	1	0	1	0
AT2G07290	0	0	0	0	0	0
AT2G07295	0	0	0	0	0	0
AT2G07305	0	0	0	0	0	0
AT2G07310	0	0	0	0	0	0
AT2G07315	0	0	0	0	0	0
AT2G07325	0	0	0	0	0	0
AT2G07335	0	0	0	0	0	0
AT2G07340	534	664	381	432	461	453
AT2G07345	13	2	10	7	5	5
AT2G07355	1	0	5	6	0	4
AT2G07360	1870	673	1621	1879	2027	2192
AT2G07375	0	0	0	0	0	0
AT2G07385	0	0	0	0	0	0
AT2G07405	0	0	0	0	0	0
AT2G07415	0	0	0	0	0	0
AT2G07425	1	0	0	0	0	0
AT2G07435	11	2	5	5	5	5
AT2G07440	0	0	0	0	0	0
AT2G07445	0	0	0	0	0	0
AT2G07475	0	0	0	0	1	1
AT2G07485	0	0	0	0	1	0
AT2G07495	0	0	0	0	0	0
AT2G07505	0	0	0	0	0	0
AT2G07515	0	0	0	0	0	0
AT2G07525	0	0	0	0	0	0
AT2G07535	0	0	0	0	0	0
AT2G07545	2	0	0	0	0	0
AT2G07555	0	0	0	0	0	0
AT2G07560	0	0	0	0	0	0
AT2G07565	1	0	1	1	0	1
AT2G07575	0	2	0	0	0	0
AT2G07585	3	6	3	3	1	7
AT2G07595	0	0	0	0	0	0
AT2G07599	2	0	0	0	0	0
AT2G07605	0	0	0	1	0	3
AT2G07613	0	0	0	0	0	0
AT2G07615	0	0	0	0	0	0
AT2G07617	0	0	0	0	0	0
AT2G07621	0	0	0	0	0	0
AT2G07623	0	0	0	0	0	0
AT2G07625	0	0	0	0	0	0
AT2G07626	0	0	0	0	0	0
AT2G07627	0	0	0	0	0	1
AT2G07628	0	0	0	0	0	0
AT2G07629	3	6	2	5	4	5
AT2G07631	0	0	1	0	0	0
AT2G07632	0	0	0	0	0	0
AT2G07633	0	0	0	0	0	0
AT2G07634	0	0	0	0	0	0
AT2G07636	0	0	0	0	0	0
AT2G07637	0	0	0	0	0	0
AT2G07638	9	12	8	13	9	8
AT2G07640	2	0	1	1	0	1
AT2G07641	0	0	0	0	0	0
AT2G07642	0	0	0	0	0	0
AT2G07643	0	0	0	1	0	0
AT2G07644	2	2	0	0	1	1
AT2G07645	0	0	0	0	0	0
AT2G07646	0	0	0	0	0	0
AT2G07648	0	0	0	0	0	0
AT2G07652	4	1	2	0	4	1
AT2G07654	0	0	0	0	0	1
AT2G07655	5	1	2	3	2	2
AT2G07656	0	0	0	0	0	0
AT2G07658	0	0	0	0	0	0
AT2G07659	4	0	0	0	0	0
AT2G07661	0	0	0	0	0	0
AT2G07662	3	4	2	2	0	1
AT2G07665	1	1	0	0	0	2
AT2G07667	3	4	5	3	2	1
AT2G07669	0	1	0	0	0	0
AT2G07671	0	0	0	0	0	0
AT2G07672	0	0	0	0	1	0
AT2G07673	0	0	0	0	0	0
AT2G07674	0	0	0	0	0	0
AT2G07675	1	2	0	0	0	1
AT2G07676	1	0	1	0	0	0
AT2G07678	1	0	0	0	0	0
AT2G07680	216	99	164	293	295	264
AT2G07681	1	0	0	0	0	0
AT2G07684	0	0	0	0	0	0
AT2G07687	0	0	0	0	0	0
AT2G07689	0	0	0	0	0	0
AT2G07690	426	215	326	481	633	476
AT2G07691	0	0	0	0	0	0
AT2G07692	0	0	0	0	0	0
AT2G07695	2	2	1	3	7	3
AT2G07696	0	0	0	0	0	0
AT2G07698	7	4	4	10	2	9
AT2G07701	0	0	0	0	0	0
AT2G07702	0	0	0	0	0	0
AT2G07705	0	0	0	0	0	0
AT2G07706	1	0	0	0	4	0
AT2G07707	0	0	0	0	0	0
AT2G07708	0	0	0	0	0	0
AT2G07713	0	0	0	0	0	0
AT2G07714	0	0	0	0	1	0
AT2G07715	19	10	13	11	30	19
AT2G07718	0	0	1	1	0	0
AT2G07719	0	0	0	0	0	0
AT2G07721	0	0	0	0	0	0
AT2G07722	0	0	0	0	0	0
AT2G07724	0	0	0	0	0	0
AT2G07725	0	0	0	0	0	0
AT2G07727	0	0	1	0	0	0
AT2G07728	0	0	0	1	0	0
AT2G07732	0	1	0	0	0	0
AT2G07734	0	0	0	0	0	0
AT2G07738	0	0	0	0	0	0
AT2G07739	12	4	3	7	4	2
AT2G07741	0	0	0	0	0	0
AT2G07743	0	0	0	0	0	0
AT2G07745	0	0	0	0	0	0
AT2G07746	0	0	0	0	0	0
AT2G07748	0	0	0	0	0	0
AT2G07749	0	0	0	0	0	0
AT2G07750	3	0	0	0	0	0
AT2G07751	0	0	0	0	0	0
AT2G07752	0	0	0	0	0	0
AT2G07753	0	0	0	0	0	0
AT2G07754	0	0	0	0	0	0
AT2G07755	0	0	0	0	0	0
AT2G07756	0	0	0	0	0	0
AT2G07757	0	0	0	0	0	0
AT2G07758	0	0	0	0	0	0
AT2G07759	0	0	0	0	0	0
AT2G07760	0	0	0	0	0	0
AT2G07761	0	0	0	0	0	0
AT2G07762	0	0	0	0	0	0
AT2G07763	0	0	0	0	0	0
AT2G07764	0	0	0	0	0	0
AT2G07765	0	0	0	0	0	0
AT2G07766	0	0	0	0	0	0
AT2G07768	0	0	0	0	0	0
AT2G07771	0	0	0	0	0	0
AT2G07772	0	0	0	0	1	0
AT2G07773	0	0	0	0	0	0
AT2G07774	16	18	9	5	16	15
AT2G07775	0	0	0	2	0	0
AT2G07776	0	0	0	0	0	0
AT2G07777	0	0	0	0	0	0
AT2G07779	2	1	0	4	1	0
AT2G07785	0	0	0	0	0	0
AT2G07787	1	7	0	1	5	1
AT2G07792	0	0	0	0	0	0
AT2G07793	0	0	0	0	0	0
AT2G07794	0	0	0	0	0	0
AT2G07795	0	0	2	1	0	0
AT2G07798	1	1	0	1	4	0
AT2G07800	0	0	0	0	0	0
AT2G07805	0	0	0	0	0	0
AT2G07806	0	2	0	1	0	0
AT2G07810	0	0	0	0	0	0
AT2G07815	0	0	0	0	0	0
AT2G07820	0	0	0	0	0	0
AT2G07825	0	0	0	0	0	0
AT2G07827	2	0	1	0	1	1
AT2G07830	0	0	0	0	0	0
AT2G07835	0	2	0	2	0	0
AT2G07840	0	0	0	0	0	0
AT2G07845	0	0	1	0	2	0
AT2G07850	0	0	0	0	0	0
AT2G07855	0	0	0	0	0	0
AT2G07860	0	0	0	0	0	0
AT2G07865	0	0	0	0	0	0
AT2G07870	0	0	0	0	0	0
AT2G07875	4	9	4	5	9	4
AT2G07885	0	0	0	0	0	0
AT2G07890	0	0	0	0	0	0
AT2G07895	0	0	0	0	0	0
AT2G07900	0	0	0	0	0	0
AT2G07905	0	0	0	0	0	0
AT2G07910	0	0	0	0	0	0
AT2G07915	0	0	0	0	0	0
AT2G07925	0	0	0	0	0	0
AT2G07935	0	0	0	0	0	0
AT2G07940	0	0	0	0	0	0
AT2G07945	0	0	0	0	0	0
AT2G07950	0	0	0	4	0	0
AT2G07960	0	0	0	0	0	0
AT2G07965	0	0	0	0	0	0
AT2G07970	0	0	0	0	0	0
AT2G07975	0	0	0	0	0	0
AT2G07981	0	0	0	0	0	0
AT2G07985	0	0	0	0	0	0
AT2G07990	0	0	0	0	0	0
AT2G07995	0	0	0	0	0	0
AT2G08000	0	0	0	0	0	0
AT2G08005	0	0	0	0	0	0
AT2G08010	0	0	0	0	0	0
AT2G08015	0	0	0	0	0	0
AT2G08020	0	0	0	0	0	0
AT2G08025	0	0	0	0	1	0
AT2G08030	0	0	0	0	0	0
AT2G08035	0	0	0	0	0	0
AT2G08040	0	0	0	0	0	0
AT2G08045	0	0	0	3	2	1
AT2G08050	0	0	0	0	0	0
AT2G08055	0	0	0	0	0	0
AT2G08060	0	0	0	0	0	0
AT2G08070	0	1	0	0	0	0
AT2G08075	0	0	0	0	0	0
AT2G08085	0	0	0	0	0	0
AT2G08090	0	0	0	0	0	0
AT2G08095	0	1	0	0	0	0
AT2G08100	13	16	10	9	5	15
AT2G08105	0	0	0	0	0	0
AT2G08110	0	0	0	0	0	0
AT2G08115	0	0	0	0	0	0
AT2G08120	7	0	0	1	0	3
AT2G08125	0	0	0	0	0	0
AT2G08130	2	0	2	1	1	0
AT2G08135	0	0	0	0	0	1
AT2G08150	0	0	0	0	0	0
AT2G08155	0	0	0	0	0	0
AT2G08160	0	0	0	0	0	0
AT2G08165	0	0	0	0	0	0
AT2G08175	0	0	0	0	0	0
AT2G08180	0	0	0	0	0	0
AT2G08190	0	0	0	0	0	0
AT2G08195	0	0	0	0	0	0
AT2G08200	0	0	0	0	0	0
AT2G08205	0	0	0	1	0	0
AT2G08210	0	0	0	0	0	0
AT2G08215	0	0	0	0	0	0
AT2G08220	8	18	10	12	11	25
AT2G08230	0	0	0	0	0	0
AT2G08235	0	0	0	0	0	0
AT2G08240	0	0	0	0	0	0
AT2G08245	0	0	0	0	0	0
AT2G08250	0	0	0	0	0	0
AT2G08255	2	0	0	0	2	0
AT2G08260	0	0	0	0	0	0
AT2G08265	0	0	0	0	0	0
AT2G08270	0	0	0	0	0	0
AT2G08275	0	0	0	0	0	0
AT2G08280	0	0	0	0	0	0
AT2G08285	0	0	0	0	0	0
AT2G08290	0	0	0	0	0	0
AT2G08295	0	0	0	0	1	0
AT2G08300	1	3	0	0	0	1
AT2G08305	0	0	0	0	0	0
AT2G08310	0	0	0	0	0	0
AT2G08315	0	0	0	0	0	0
AT2G08320	0	0	0	0	0	0
AT2G08330	0	0	0	0	0	0
AT2G08335	0	0	0	0	0	0
AT2G08340	6	2	8	2	1	1
AT2G08345	0	0	0	0	0	0
AT2G08350	4	1	7	1	5	1
AT2G08355	0	0	0	0	0	0
AT2G08360	0	0	0	0	0	0
AT2G08365	0	0	0	0	0	0
AT2G08370	0	0	0	0	0	0
AT2G08375	0	0	0	0	0	0
AT2G08380	0	0	0	0	0	0
AT2G08385	0	0	0	0	0	0
AT2G08390	0	0	0	0	0	0
AT2G08395	0	0	0	0	0	0
AT2G08400	0	0	0	0	0	0
AT2G08405	0	0	0	0	0	0
AT2G08410	0	0	0	0	0	0
AT2G08415	0	0	0	0	0	0
AT2G08420	0	0	0	0	0	0
AT2G08425	0	0	0	0	0	0
AT2G08430	1	0	0	0	1	0
AT2G08435	12	4	2	9	19	12
AT2G08440	1	0	3	0	1	0
AT2G08445	3	1	6	4	2	2
AT2G08450	0	1	4	0	2	2
AT2G08455	0	0	0	0	1	0
AT2G08460	0	0	0	0	0	0
AT2G08465	2	0	0	0	0	0
AT2G08470	0	0	0	0	0	0
AT2G08475	0	0	0	0	0	0
AT2G08480	0	0	0	0	0	0
AT2G08485	0	0	0	0	0	0
AT2G08490	0	1	0	0	0	0
AT2G08495	0	0	0	0	0	0
AT2G08500	0	0	0	0	0	0
AT2G08505	0	0	0	0	0	0
AT2G08510	0	0	0	0	0	0
AT2G08515	0	0	0	0	0	0
AT2G08520	0	0	0	0	0	0
AT2G08525	0	0	0	0	0	0
AT2G08530	3	2	0	0	0	3
AT2G08535	0	0	0	0	0	0
AT2G08540	0	0	0	0	0	0
AT2G08545	0	0	1	0	3	0
AT2G08550	0	0	0	0	0	0
AT2G08555	0	2	0	0	0	0
AT2G08560	0	0	0	0	0	0
AT2G08565	0	0	0	0	0	0
AT2G08570	0	0	0	0	0	0
AT2G08575	14	2	11	4	3	0
AT2G08580	1	0	1	0	3	3
AT2G08585	3	2	1	4	3	0
AT2G08590	0	0	0	0	0	0
AT2G08595	0	0	0	0	0	0
AT2G08610	10	12	3	10	9	5
AT2G08620	0	0	0	0	0	0
AT2G08625	0	0	0	0	0	0
AT2G08630	0	0	0	1	0	0
AT2G08635	0	0	0	0	1	0
AT2G08640	0	0	0	0	0	0
AT2G08645	0	0	0	0	0	0
AT2G08650	12	6	2	6	10	6
AT2G08655	0	0	0	0	0	0
AT2G08660	0	0	0	0	0	0
AT2G08665	0	0	0	0	0	0
AT2G08670	0	0	0	0	0	0
AT2G08675	0	0	0	0	0	0
AT2G08680	9	1	5	6	8	3
AT2G08685	0	0	0	0	0	0
AT2G08690	0	0	0	0	0	0
AT2G08695	0	0	0	0	0	0
AT2G08700	0	0	0	0	0	0
AT2G08705	0	1	0	0	0	0
AT2G08710	0	0	0	0	0	0
AT2G08715	0	0	0	0	0	0
AT2G08720	0	0	0	0	0	0
AT2G08725	0	0	0	0	0	0
AT2G08730	0	0	0	0	0	0
AT2G08735	6	52	9	12	18	29
AT2G08740	0	0	0	0	0	0
AT2G08745	0	0	0	0	0	0
AT2G08750	0	0	0	0	0	0
AT2G08755	3	2	3	2	1	1
AT2G08760	6	11	9	2	0	7
AT2G08765	31	30	27	33	46	35
AT2G08770	0	0	0	0	0	0
AT2G08775	0	0	2	0	0	0
AT2G08780	0	0	0	0	0	0
AT2G08790	0	0	0	0	0	0
AT2G08795	1	0	0	1	0	2
AT2G08800	0	0	0	0	0	0
AT2G08805	0	0	0	0	0	0
AT2G08815	0	0	0	0	0	0
AT2G08820	431	13	346	54	3	3
AT2G08825	315	9	224	36	1	4
AT2G08830	0	2	0	0	0	0
AT2G08835	0	0	0	0	0	0
AT2G08845	0	0	0	0	0	0
AT2G08850	0	0	0	0	0	0
AT2G08855	0	0	0	0	0	0
AT2G08860	0	0	0	0	0	0
AT2G08865	30	1	26	19	12	31
AT2G08870	0	0	0	0	0	0
AT2G08875	0	0	0	0	0	0
AT2G08880	0	0	0	0	0	0
AT2G08885	0	0	0	0	0	0
AT2G08890	0	0	2	0	0	0
AT2G08895	35	0	29	8	0	0
AT2G08900	3	2	0	0	0	1
AT2G08905	0	4	0	3	0	0
AT2G08910	0	0	0	0	1	0
AT2G08915	1	0	0	0	0	0
AT2G08920	1	0	1	0	0	0
AT2G08925	1	0	0	0	0	0
AT2G08930	0	0	0	0	0	0
AT2G08935	0	0	0	0	0	0
AT2G08940	0	0	0	0	0	0
AT2G08945	0	0	0	0	0	0
AT2G08950	0	7	2	0	2	1
AT2G08955	2	4	1	0	1	0
AT2G08960	0	0	0	0	0	0
AT2G08965	6	0	3	6	0	2
AT2G08970	0	0	0	0	0	0
AT2G08975	0	0	0	0	0	0
AT2G08980	0	0	0	0	0	0
AT2G08985	0	0	0	0	0	0
AT2G08986	0	0	0	0	0	0
AT2G08990	0	0	0	0	0	0
AT2G08995	0	0	0	0	0	0
AT2G09000	0	0	0	0	0	0
AT2G09005	0	1	0	0	0	0
AT2G09010	0	0	0	0	0	0
AT2G09015	0	0	0	0	0	0
AT2G09020	0	0	0	0	0	0
AT2G09025	0	0	2	5	0	0
AT2G09035	0	0	0	0	0	0
AT2G09040	0	0	0	0	0	0
AT2G09045	1	0	0	0	0	0
AT2G09050	0	0	0	0	0	0
AT2G09055	0	0	0	0	0	0
AT2G09060	0	0	0	0	0	0
AT2G09065	0	0	0	0	0	0
AT2G09070	0	0	0	0	0	0
AT2G09075	0	0	0	0	0	0
AT2G09080	0	0	0	0	0	0
AT2G09085	3	3	0	3	1	0
AT2G09090	13	5	15	11	4	13
AT2G09095	0	0	0	0	0	0
AT2G09100	0	0	0	0	0	0
AT2G09105	0	0	0	0	0	0
AT2G09110	0	0	0	0	0	0
AT2G09115	0	0	0	0	0	0
AT2G09120	0	0	0	0	0	0
AT2G09125	0	0	0	0	0	0
AT2G09130	0	0	0	0	0	0
AT2G09135	0	0	0	0	0	0
AT2G09140	0	0	0	0	0	0
AT2G09150	0	0	0	0	0	0
AT2G09155	0	0	0	0	0	0
AT2G09160	0	0	0	0	0	0
AT2G09165	29	15	18	10	17	18
AT2G09170	11	0	8	7	4	4
AT2G09175	0	0	0	0	0	0
AT2G09180	0	0	0	0	0	0
AT2G09185	0	0	0	0	0	0
AT2G09190	51	28	14	42	26	19
AT2G09195	1	1	1	5	0	1
AT2G09200	0	1	0	0	1	0
AT2G09205	0	0	0	4	0	0
AT2G09210	0	0	0	0	0	0
AT2G09215	0	0	0	0	0	0
AT2G09220	0	0	0	0	0	0
AT2G09225	13	3	14	25	0	9
AT2G09230	0	0	0	0	0	0
AT2G09235	3	0	0	0	0	0
AT2G09240	1	0	0	0	0	0
AT2G09245	0	0	0	0	0	0
AT2G09250	0	0	0	0	0	0
AT2G09255	0	0	0	0	0	0
AT2G09260	0	0	0	0	0	0
AT2G09265	0	1	0	0	0	0
AT2G09270	0	0	0	0	0	0
AT2G09280	0	0	0	0	0	0
AT2G09285	0	0	0	0	0	0
AT2G09290	0	0	0	0	0	0
AT2G09295	0	0	0	0	0	0
AT2G09300	0	0	0	0	0	0
AT2G09305	3	1	8	2	5	3
AT2G09310	0	0	0	0	0	0
AT2G09315	0	0	0	0	0	0
AT2G09320	0	0	0	0	0	0
AT2G09325	0	0	0	0	0	0
AT2G09330	0	0	0	0	0	0
AT2G09335	0	0	0	0	0	0
AT2G09340	0	0	0	0	0	0
AT2G09345	0	0	0	0	0	0
AT2G09350	0	0	0	0	0	0
AT2G09355	0	0	0	0	0	0
AT2G09360	0	0	0	0	0	0
AT2G09365	0	0	0	0	0	0
AT2G09370	0	0	0	0	0	0
AT2G09375	0	0	0	0	0	0
AT2G09380	0	0	0	0	0	0
AT2G09385	0	0	0	0	0	0
AT2G09388	0	0	0	0	0	0
AT2G09390	0	0	0	0	0	0
AT2G09395	0	0	0	0	0	0
AT2G09400	5	1	1	1	1	0
AT2G09405	0	0	0	0	0	0
AT2G09410	0	0	0	0	0	0
AT2G09415	0	0	0	0	0	0
AT2G09420	0	0	0	0	1	1
AT2G09425	1	0	0	0	0	0
AT2G09430	0	0	0	1	0	0
AT2G09435	0	0	0	0	0	0
AT2G09440	0	0	6	3	0	1
AT2G09445	0	0	0	0	0	0
AT2G09450	0	0	0	0	0	0
AT2G09455	11	7	6	11	1	5
AT2G09460	0	0	0	0	0	0
AT2G09465	0	0	0	0	0	0
AT2G09470	0	0	0	0	0	0
AT2G09475	0	0	0	0	0	0
AT2G09480	0	0	0	0	0	0
AT2G09490	1	1	0	4	1	5
AT2G09495	0	0	1	2	2	2
AT2G09500	1	0	2	0	1	0
AT2G09505	0	0	0	0	0	0
AT2G09510	0	0	0	1	2	1
AT2G09515	0	0	0	0	0	0
AT2G09525	20	5	4	3	6	2
AT2G09530	0	0	0	0	0	0
AT2G09535	0	0	0	0	0	0
AT2G09540	0	0	0	0	0	0
AT2G09545	0	0	0	0	0	0
AT2G09550	0	0	0	0	0	0
AT2G09555	0	0	0	0	0	0
AT2G09560	1	0	0	0	0	0
AT2G09565	0	0	0	0	0	0
AT2G09570	0	0	0	0	0	0
AT2G09575	0	0	0	0	2	0
AT2G09585	0	0	0	0	0	0
AT2G09590	0	0	0	0	0	0
AT2G09605	0	0	0	0	0	0
AT2G09610	0	0	0	0	0	0
AT2G09615	0	0	0	0	0	0
AT2G09620	0	0	0	0	0	0
AT2G09625	0	0	0	0	0	0
AT2G09630	0	0	0	0	0	0
AT2G09635	0	0	0	0	0	0
AT2G09640	0	0	0	0	0	0
AT2G09645	0	0	0	0	0	0
AT2G09650	0	0	0	0	0	0
AT2G09655	0	0	0	0	0	0
AT2G09660	0	0	0	0	0	0
AT2G09665	0	2	0	1	0	0
AT2G09670	0	0	0	0	0	0
AT2G09675	0	0	0	0	0	0
AT2G09680	0	0	0	0	0	0
AT2G09685	0	0	0	0	0	0
AT2G09690	0	0	0	0	0	0
AT2G09695	0	0	0	0	0	0
AT2G09700	0	0	0	0	0	0
AT2G09705	0	1	1	0	0	0
AT2G09710	5	0	7	9	12	11
AT2G09715	0	0	0	0	0	0
AT2G09720	0	0	0	0	0	0
AT2G09725	1	0	0	0	0	0
AT2G09730	0	0	0	0	0	0
AT2G09735	0	0	0	0	0	0
AT2G09740	0	0	0	0	0	0
AT2G09745	3	0	2	12	5	2
AT2G09750	0	0	0	0	0	0
AT2G09755	0	1	0	0	0	2
AT2G09760	0	0	0	0	0	0
AT2G09765	0	0	0	0	0	0
AT2G09770	0	0	0	0	0	0
AT2G09775	0	0	0	0	0	0
AT2G09780	0	0	0	0	0	0
AT2G09785	0	0	0	0	0	0
AT2G09795	222	190	180	173	139	136
AT2G09805	0	2	0	0	0	0
AT2G09815	0	0	0	1	1	1
AT2G09825	0	0	0	0	0	0
AT2G09835	0	0	0	0	0	0
AT2G09838	0	0	0	0	0	0
AT2G09840	0	0	0	0	0	0
AT2G09845	0	0	0	0	0	0
AT2G09875	0	0	0	2	3	0
AT2G09885	0	0	1	0	0	0
AT2G09895	0	0	0	0	0	0
AT2G09905	0	0	0	0	0	0
AT2G09915	0	0	0	0	0	0
AT2G09925	0	0	0	0	0	0
AT2G09935	0	0	0	0	0	0
AT2G09945	0	0	0	0	0	0
AT2G09955	0	0	0	0	0	0
AT2G09965	0	0	0	0	0	0
AT2G09970	0	0	0	0	0	1
AT2G09975	0	0	0	0	0	0
AT2G09990	298	529	244	340	357	308
AT2G09995	0	0	0	0	0	0
AT2G10020	0	0	0	0	0	0
AT2G10025	0	0	0	0	0	0
AT2G10260	2	2	1	0	0	4
AT2G10440	0	0	1	0	1	0
AT2G10450	3	0	0	0	0	1
AT2G10455	0	0	0	0	0	0
AT2G10535	2	0	0	0	0	0
AT2G10537	0	0	0	0	0	0
AT2G10545	0	0	0	0	0	0
AT2G10550	0	0	0	0	0	0
AT2G10553	3	1	0	0	1	0
AT2G10556	0	0	0	0	0	0
AT2G10557	0	0	0	0	0	0
AT2G10560	0	0	0	0	0	0
AT2G10602	0	0	0	0	0	0
AT2G10606	0	0	0	0	0	0
AT2G10608	0	0	0	2	0	0
AT2G10615	0	0	0	0	0	0
AT2G10625	3	0	3	2	0	0
AT2G10920	0	0	3	1	3	0
AT2G10921	0	0	0	0	0	0
AT2G10930	11	2	13	9	3	2
AT2G10931	31	34	52	49	58	49
AT2G10940	23689	20107	21707	21133	21766	22693
AT2G10950	588	439	429	506	392	467
AT2G10955	0	0	0	0	0	0
AT2G10965	0	0	0	0	0	0
AT2G10970	0	0	0	0	0	0
AT2G10975	0	0	0	1	0	3
AT2G11000	445	182	339	404	420	411
AT2G11005	0	0	0	0	0	0
AT2G11010	0	0	0	0	0	0
AT2G11015	0	0	0	0	0	0
AT2G11025	0	0	0	0	0	0
AT2G11035	38	18	35	42	44	63
AT2G11045	0	0	0	0	0	0
AT2G11200	0	0	0	0	0	0
AT2G11205	0	0	1	0	0	0
AT2G11215	118	0	113	102	78	134
AT2G11225	2554	545	1671	1847	1363	2008
AT2G11270	0	0	1	7	1	2
AT2G11271	0	0	0	0	0	0
AT2G11405	0	0	0	0	0	0
AT2G11462	0	0	0	0	0	0
AT2G11520	795	276	611	649	380	320
AT2G11522	0	0	0	0	0	0
AT2G11570	0	0	0	0	0	0
AT2G11620	28	16	30	16	30	45
AT2G11623	0	0	0	0	0	0
AT2G11626	0	0	0	0	0	0
AT2G11773	0	0	0	0	0	0
AT2G11778	0	0	0	0	0	0
AT2G11810	1648	14	1393	562	10	36
AT2G11815	1	0	0	4	0	0
AT2G11851	0	0	0	0	0	0
AT2G11852	0	0	0	0	0	0
AT2G11890	944	741	731	863	1181	948
AT2G11891	6	1	5	5	1	3
AT2G11910	1687	2534	1247	1443	1481	1370
AT2G12170	57	43	39	45	47	59
AT2G12190	50	32	42	31	58	58
AT2G12200	0	0	0	0	0	0
AT2G12205	0	0	0	0	0	0
AT2G12280	2	0	0	0	0	0
AT2G12290	0	0	0	0	0	0
AT2G12400	472	152	390	302	213	234
AT2G12405	0	0	0	0	0	0
AT2G12461	39	27	14	31	17	25
AT2G12462	155	123	112	91	127	112
AT2G12465	0	2	1	1	0	0
AT2G12475	0	0	0	0	0	0
AT2G12480	4	0	1	1	5	2
AT2G12550	237	58	170	193	114	77
AT2G12646	0	4	2	3	0	0
AT2G12875	0	0	0	0	0	0
AT2G12880	0	0	0	0	0	0
AT2G12900	0	0	0	0	0	0
AT2G12905	0	0	0	0	0	0
AT2G12935	0	0	0	0	0	0
AT2G12940	0	0	0	0	0	0
AT2G12945	0	0	0	0	0	0
AT2G13100	620	205	471	557	395	470
AT2G13105	0	0	0	0	0	0
AT2G13125	0	0	0	0	0	0
AT2G13126	0	0	0	0	0	0
AT2G13150	0	0	0	0	0	0
AT2G13275	2	1	0	0	5	0
AT2G13290	384	255	278	331	230	291
AT2G13295	0	0	0	0	0	0
AT2G13350	0	0	1	0	0	0
AT2G13360	13870	23327	10798	19105	18700	32913
AT2G13370	1546	372	1114	1373	1607	1721
AT2G13422	0	0	3	0	1	1
AT2G13430	0	3	4	0	4	2
AT2G13440	1039	556	776	953	1116	1218
AT2G13450	0	0	3	0	0	0
AT2G13463	0	0	0	0	0	0
AT2G13500	0	0	0	0	0	0
AT2G13510	0	0	0	0	0	0
AT2G13540	815	354	642	785	739	675
AT2G13542	0	0	0	0	0	0
AT2G13547	1	0	0	2	2	1
AT2G13550	39	31	17	15	32	36
AT2G13555	0	0	0	0	0	0
AT2G13560	2936	1387	2258	2753	3158	3256
AT2G13570	15	20	7	15	13	11
AT2G13600	76	27	62	72	42	41
AT2G13610	813	383	639	573	726	727
AT2G13620	0	0	0	0	0	0
AT2G13630	0	0	0	0	0	0
AT2G13640	3	0	0	0	0	0
AT2G13650	330	175	222	244	213	181
AT2G13660	0	0	0	0	0	0
AT2G13665	3	5	4	6	2	2
AT2G13680	9	7	14	6	20	14
AT2G13690	362	181	310	274	260	300
AT2G13720	0	0	0	0	0	0
AT2G13760	0	0	0	0	0	0
AT2G13770	0	0	0	0	0	0
AT2G13790	580	108	440	581	357	330
AT2G13800	215	50	173	229	112	112
AT2G13810	5	0	3	8	5	0
AT2G13820	120	180	78	133	118	112
AT2G13840	209	155	139	190	182	174
AT2G13845	0	0	0	0	0	0
AT2G13895	0	0	0	0	0	0
AT2G13900	0	0	0	0	0	0
AT2G13905	0	0	0	0	0	0
AT2G13950	0	0	0	0	0	0
AT2G13960	9	2	3	0	0	2
AT2G13965	212	161	126	158	90	183
AT2G13980	0	0	0	0	0	0
AT2G13985	0	0	0	0	0	0
AT2G14000	0	0	0	0	0	0
AT2G14045	752	871	561	612	565	693
AT2G14050	122	52	118	118	174	144
AT2G14060	2	2	1	1	8	3
AT2G14070	3	5	0	1	0	7
AT2G14080	808	369	641	898	737	1080
AT2G14095	5	0	1	4	2	2
AT2G14100	2	1	2	3	3	3
AT2G14110	112	101	86	132	119	122
AT2G14115	30	50	16	23	25	20
AT2G14120	1330	614	981	1199	1057	1149
AT2G14160	1	4	1	2	2	2
AT2G14170	1822	1193	1454	2670	1519	2240
AT2G14210	2	2	0	0	1	4
AT2G14247	6	75	4	21	173	38
AT2G14255	953	351	725	711	597	674
AT2G14260	998	943	746	832	875	1033
AT2G14265	0	0	0	0	0	0
AT2G14270	0	0	0	0	0	0
AT2G14282	0	0	0	0	0	0
AT2G14285	229	368	176	244	216	216
AT2G14288	0	0	0	0	0	0
AT2G14289	0	0	0	0	0	0
AT2G14290	8	6	10	17	1	1
AT2G14365	0	0	0	0	0	0
AT2G14378	0	0	0	0	0	0
AT2G14390	0	0	0	0	0	0
AT2G14395	0	0	0	0	0	0
AT2G14440	0	0	0	0	0	0
AT2G14460	123	151	138	130	105	115
AT2G14500	0	0	0	0	0	0
AT2G14510	0	0	0	1	0	0
AT2G14520	109	24	69	60	50	62
AT2G14530	422	266	289	328	283	313
AT2G14540	0	0	0	0	0	0
AT2G14560	174	11	189	248	4	1
AT2G14580	139	49	131	84	52	31
AT2G14610	33	0	0	229	0	1
AT2G14620	21	14	18	13	15	20
AT2G14635	0	0	0	0	0	0
AT2G14660	95	118	69	88	92	85
AT2G14670	0	0	0	0	0	0
AT2G14680	879	188	612	552	342	471
AT2G14690	0	0	0	0	0	0
AT2G14692	0	0	0	0	2	0
AT2G14695	0	0	0	0	0	0
AT2G14700	0	0	0	0	0	0
AT2G14710	0	0	1	0	0	0
AT2G14720	1173	575	915	930	817	855
AT2G14740	499	256	413	361	382	391
AT2G14750	1145	695	833	919	1109	801
AT2G14755	0	0	0	0	0	0
AT2G14760	0	0	0	0	0	0
AT2G14765	0	0	0	0	0	0
AT2G14775	23	8	14	25	27	48
AT2G14800	14	14	18	25	23	13
AT2G14810	0	0	0	0	0	0
AT2G14820	2	0	5	0	3	0
AT2G14825	71	68	50	66	44	46
AT2G14830	0	0	0	0	0	0
AT2G14835	756	540	635	699	639	708
AT2G14846	0	0	0	0	0	0
AT2G14850	167	87	115	118	110	121
AT2G14860	103	50	74	85	65	57
AT2G14870	0	0	0	0	0	0
AT2G14878	860	545	683	427	237	341
AT2G14880	774	1439	608	757	1190	937
AT2G14890	4188	2460	3850	4497	2753	2296
AT2G14900	675	374	523	919	221	296
AT2G14910	3924	2185	2973	4053	2346	3606
AT2G14920	0	0	0	2	0	0
AT2G14935	0	0	0	0	0	0
AT2G14945	0	0	0	0	0	0
AT2G14960	2	0	0	5	2	1
AT2G15000	232	191	183	207	231	140
AT2G15010	2	0	2	0	0	0
AT2G15020	8	62	7	4	39	72
AT2G15025	0	0	0	0	0	0
AT2G15029	0	0	1	2	1	0
AT2G15042	276	26	172	352	57	78
AT2G15050	878	1101	669	574	1014	1126
AT2G15080	627	605	396	878	2095	1909
AT2G15090	2031	1424	1711	2052	3363	3290
AT2G15110	0	0	0	0	0	0
AT2G15128	40	27	28	61	65	72
AT2G15130	0	2	0	2	1	1
AT2G15170	0	0	1	0	1	0
AT2G15180	0	0	0	0	0	0
AT2G15185	0	0	0	0	0	0
AT2G15220	8	4	16	32	1	2
AT2G15230	389	215	281	302	271	366
AT2G15240	880	624	621	755	588	716
AT2G15260	0	0	0	0	0	0
AT2G15270	303	398	222	274	229	270
AT2G15280	301	273	191	234	240	271
AT2G15290	705	842	610	600	978	933
AT2G15292	325	379	231	204	200	235
AT2G15300	105	74	91	111	95	133
AT2G15310	70	49	50	53	84	79
AT2G15318	1	0	0	1	0	0
AT2G15320	428	169	382	377	202	246
AT2G15325	0	0	0	0	0	0
AT2G15327	0	0	0	0	0	0
AT2G15340	0	0	0	0	0	0
AT2G15345	0	0	0	0	0	0
AT2G15350	0	0	0	0	0	0
AT2G15360	0	0	0	0	0	1
AT2G15370	7	0	3	0	0	0
AT2G15390	550	59	433	527	100	93
AT2G15400	53	9	34	38	5	12
AT2G15420	0	0	0	0	0	0
AT2G15430	367	317	307	277	310	261
AT2G15440	54	29	39	32	24	22
AT2G15450	0	0	0	0	0	0
AT2G15460	0	0	0	0	0	0
AT2G15470	0	0	0	0	0	0
AT2G15480	666	284	578	342	386	458
AT2G15490	134	25	98	92	91	57
AT2G15500	0	0	0	0	0	0
AT2G15530	711	313	627	597	807	707
AT2G15535	0	0	0	0	0	0
AT2G15555	0	0	0	0	0	0
AT2G15560	500	244	387	434	375	478
AT2G15570	403	373	334	342	255	350
AT2G15580	1406	1049	1003	1053	464	743
AT2G15590	0	0	0	0	0	0
AT2G15610	0	0	0	0	0	0
AT2G15620	3603	2940	3002	3467	6602	5845
AT2G15630	50	22	56	44	53	40
AT2G15640	0	0	0	0	0	0
AT2G15660	0	0	0	0	0	0
AT2G15670	0	0	0	0	0	0
AT2G15680	0	0	0	0	0	0
AT2G15690	255	166	200	248	248	172
AT2G15695	674	341	537	676	478	717
AT2G15710	0	0	0	0	0	0
AT2G15730	155	50	106	106	58	91
AT2G15740	0	0	0	0	0	0
AT2G15760	13	14	18	54	18	45
AT2G15770	0	0	0	0	0	0
AT2G15780	6	0	4	2	0	0
AT2G15790	176	103	152	169	173	125
AT2G15820	558	234	428	475	563	417
AT2G15830	286	109	195	162	41	75
AT2G15860	639	365	507	548	609	652
AT2G15880	2619	810	1873	3687	980	2346
AT2G15890	8973	4584	7106	10058	2643	4517
AT2G15900	923	203	802	1037	869	1045
AT2G15910	418	706	336	450	396	434
AT2G15950	0	0	0	0	0	0
AT2G15960	8932	7745	6757	11513	2368	5606
AT2G15970	3041	1747	2498	2062	1604	1531
AT2G15980	86	66	75	119	104	125
AT2G16005	54	0	57	4	3	6
AT2G16015	0	0	0	0	0	0
AT2G16016	0	0	0	0	0	0
AT2G16018	0	0	0	0	0	0
AT2G16019	0	0	0	0	0	0
AT2G16020	0	0	0	0	0	0
AT2G16030	0	0	0	0	0	0
AT2G16040	0	0	0	0	0	0
AT2G16050	193	107	142	135	108	138
AT2G16060	442	1138	343	488	1509	1052
AT2G16070	455	518	329	377	375	459
AT2G16090	358	184	217	273	221	227
AT2G16120	0	0	0	0	0	0
AT2G16130	0	0	0	0	0	0
AT2G16145	0	0	0	0	0	0
AT2G16190	0	0	0	0	0	2
AT2G16200	0	0	0	0	0	0
AT2G16210	1	1	0	1	0	0
AT2G16220	0	0	0	0	0	0
AT2G16225	0	0	0	0	0	0
AT2G16230	1	0	0	0	0	0
AT2G16240	0	0	0	0	0	0
AT2G16245	0	0	1	0	0	1
AT2G16250	143	27	123	144	170	217
AT2G16270	165	87	133	178	287	275
AT2G16280	697	1040	630	749	1329	1459
AT2G16290	0	0	0	0	0	0
AT2G16300	0	0	0	0	0	0
AT2G16340	0	0	0	0	0	0
AT2G16360	2	5	0	1	0	3
AT2G16365	1117	386	766	1110	743	903
AT2G16370	510	288	388	453	433	523
AT2G16380	509	524	365	555	707	994
AT2G16385	15	1	4	5	5	0
AT2G16390	253	113	180	251	263	320
AT2G16400	804	470	581	734	662	833
AT2G16405	416	226	371	392	340	377
AT2G16430	1145	385	860	671	1088	856
AT2G16440	239	167	156	256	305	213
AT2G16450	0	0	0	0	1	1
AT2G16460	315	222	211	191	255	208
AT2G16485	1749	994	1333	1458	1653	1687
AT2G16490	0	0	0	0	0	0
AT2G16500	1215	487	1003	1644	1195	1209
AT2G16505	0	0	0	1	0	0
AT2G16510	840	850	628	689	667	639
AT2G16520	0	0	0	0	0	0
AT2G16530	52	37	50	34	50	40
AT2G16535	0	0	0	0	0	0
AT2G16570	14	6	10	17	22	16
AT2G16575	3	0	1	1	2	0
AT2G16580	13	17	11	18	17	9
AT2G16586	0	0	0	0	0	0
AT2G16592	0	0	0	0	0	0
AT2G16594	0	0	0	0	0	0
AT2G16595	103	71	117	67	59	64
AT2G16600	7251	6239	6202	6791	5404	4567
AT2G16620	0	0	0	0	0	0
AT2G16630	170	170	174	157	226	202
AT2G16640	1613	587	1267	1612	1677	1624
AT2G16650	315	130	244	371	303	251
AT2G16660	537	91	492	329	155	154
AT2G16676	0	0	0	0	0	0
AT2G16700	575	458	398	401	299	290
AT2G16710	380	282	290	342	182	188
AT2G16720	118	31	95	81	23	33
AT2G16730	0	0	0	0	0	0
AT2G16740	798	414	647	528	457	436
AT2G16750	220	51	177	190	97	98
AT2G16760	6	3	5	4	2	5
AT2G16770	118	75	72	109	103	102
AT2G16780	418	270	302	400	486	351
AT2G16790	65	79	35	74	68	61
AT2G16800	426	589	365	452	513	428
AT2G16810	0	0	0	0	0	0
AT2G16835	0	0	0	0	0	0
AT2G16850	256	200	244	225	301	289
AT2G16860	1597	1514	1258	1552	1615	1530
AT2G16870	84	11	58	75	69	41
AT2G16880	364	116	256	278	236	285
AT2G16890	43	15	37	45	36	24
AT2G16900	552	174	421	477	352	368
AT2G16910	8	11	11	16	6	3
AT2G16920	640	161	483	644	608	628
AT2G16930	583	527	429	452	299	378
AT2G16940	3159	2484	2367	2820	2338	3038
AT2G16950	996	410	883	901	1141	1087
AT2G16953	0	0	0	0	0	0
AT2G16960	0	0	0	0	0	0
AT2G16970	1	0	2	0	0	0
AT2G16980	18	0	14	10	7	3
AT2G16990	103	19	82	65	33	33
AT2G17000	0	0	0	0	0	0
AT2G17010	3	0	7	1	3	3
AT2G17020	411	262	355	349	322	408
AT2G17030	111	55	98	104	83	97
AT2G17033	538	381	467	594	888	904
AT2G17036	92	67	66	49	82	113
AT2G17040	464	52	351	609	51	71
AT2G17043	0	0	0	0	0	0
AT2G17050	2	3	0	0	11	5
AT2G17055	0	0	2	1	1	0
AT2G17060	4	1	0	11	13	13
AT2G17070	2	3	0	0	0	1
AT2G17080	3	3	5	8	10	2
AT2G17090	0	0	0	0	0	0
AT2G17110	437	157	312	350	351	410
AT2G17120	644	340	485	436	388	316
AT2G17130	369	403	290	327	453	511
AT2G17140	95	37	86	76	72	64
AT2G17150	347	135	285	338	298	394
AT2G17160	0	0	0	0	0	0
AT2G17170	0	0	0	0	0	0
AT2G17180	0	0	0	0	0	0
AT2G17190	1357	819	1036	1047	1249	1215
AT2G17200	1462	694	1139	1252	1185	1331
AT2G17210	22	1	29	26	17	30
AT2G17220	478	215	371	370	334	297
AT2G17230	875	1135	767	802	1384	1481
AT2G17240	1364	1910	1019	1311	1267	1187
AT2G17250	672	377	477	626	689	511
AT2G17260	99	17	89	52	50	78
AT2G17265	575	562	464	465	598	582
AT2G17270	65	35	60	55	46	24
AT2G17280	207	31	206	72	14	31
AT2G17290	644	226	567	523	455	552
AT2G17295	0	0	0	0	0	0
AT2G17300	101	44	76	57	86	59
AT2G17305	0	0	0	0	0	0
AT2G17310	0	0	0	0	0	0
AT2G17320	435	368	327	319	370	417
AT2G17340	683	479	532	574	763	665
AT2G17350	379	549	286	333	270	389
AT2G17360	3560	4003	2794	3922	4865	4170
AT2G17370	189	100	147	151	150	187
AT2G17380	630	776	494	574	485	636
AT2G17390	2548	2119	2035	2206	2193	2281
AT2G17410	937	420	776	938	1051	1014
AT2G17420	1138	783	879	1070	1174	989
AT2G17430	68	12	33	48	19	28
AT2G17440	736	331	494	733	583	681
AT2G17442	139	155	73	110	63	74
AT2G17450	527	470	476	512	281	437
AT2G17470	29	15	23	12	7	23
AT2G17480	799	549	649	693	664	728
AT2G17500	458	160	346	431	150	211
AT2G17510	733	367	570	707	886	965
AT2G17520	931	338	752	945	970	1081
AT2G17525	148	12	109	142	148	171
AT2G17530	530	249	432	540	422	449
AT2G17540	429	293	346	358	348	435
AT2G17550	717	370	605	638	534	865
AT2G17560	799	959	581	693	886	742
AT2G17570	150	145	124	166	115	128
AT2G17580	255	81	229	282	261	211
AT2G17590	0	0	0	0	0	0
AT2G17600	0	0	0	1	0	0
AT2G17620	28	32	30	45	64	53
AT2G17630	140	84	123	153	211	123
AT2G17640	274	152	210	216	181	231
AT2G17650	177	49	95	130	75	82
AT2G17660	130	12	115	20	1	9
AT2G17670	116	76	153	182	197	170
AT2G17680	3	0	3	0	0	0
AT2G17690	0	0	0	1	2	5
AT2G17695	371	686	302	326	492	506
AT2G17700	571	221	472	449	355	384
AT2G17705	247	210	185	276	193	237
AT2G17710	184	191	120	156	142	156
AT2G17720	409	385	357	485	444	409
AT2G17723	0	0	0	0	0	0
AT2G17730	301	208	236	276	217	224
AT2G17740	14	16	9	91	161	10
AT2G17750	0	0	0	0	0	0
AT2G17760	478	149	372	302	253	329
AT2G17770	30	11	29	14	19	17
AT2G17780	295	375	249	275	431	532
AT2G17785	0	0	0	0	0	0
AT2G17787	327	228	245	250	206	294
AT2G17790	639	244	511	589	589	553
AT2G17800	393	371	272	375	278	290
AT2G17810	0	0	0	0	0	0
AT2G17820	849	203	648	786	735	805
AT2G17830	135	97	101	52	91	93
AT2G17840	4719	345	3897	1639	358	571
AT2G17845	0	10	0	7	23	20
AT2G17850	8	137	15	54	247	183
AT2G17860	0	0	0	0	0	0
AT2G17870	445	423	328	380	323	372
AT2G17880	265	511	218	605	272	534
AT2G17890	2	0	1	0	2	0
AT2G17900	117	89	106	148	129	121
AT2G17905	0	0	0	0	0	0
AT2G17920	3	4	0	3	4	0
AT2G17930	1947	358	1624	1814	1864	2165
AT2G17940	1	2	1	0	2	0
AT2G17950	0	2	1	0	1	0
AT2G17960	0	0	0	0	0	0
AT2G17970	280	115	217	246	177	211
AT2G17972	0	0	0	0	0	0
AT2G17975	214	118	164	172	153	191
AT2G17980	766	377	596	768	816	828
AT2G17990	935	546	668	700	367	474
AT2G18000	11	14	10	14	26	14
AT2G18010	17	13	16	31	11	7
AT2G18020	4080	5720	3197	4256	5661	4826
AT2G18025	0	0	0	1	0	0
AT2G18030	320	242	277	263	228	271
AT2G18040	1362	1206	1046	1219	1255	1174
AT2G18050	1775	111	1420	465	44	96
AT2G18060	21	9	16	16	25	15
AT2G18070	0	0	0	0	0	0
AT2G18080	0	0	0	0	0	0
AT2G18090	1519	291	1187	1334	836	1059
AT2G18100	79	20	44	36	32	38
AT2G18110	1312	1126	1021	1269	1048	1095
AT2G18120	29	16	13	11	29	37
AT2G18130	4	0	4	1	0	0
AT2G18140	0	0	0	0	0	0
AT2G18150	54	9	22	10	34	5
AT2G18160	1084	2129	863	1599	1945	2123
AT2G18170	647	201	537	485	258	314
AT2G18180	3	2	7	10	4	8
AT2G18190	0	4	3	2	1	2
AT2G18193	68	166	62	66	359	171
AT2G18196	73	53	56	68	39	69
AT2G18200	0	0	0	0	0	1
AT2G18210	69	11	33	43	7	14
AT2G18220	839	617	623	736	660	526
AT2G18230	350	273	261	145	404	352
AT2G18240	139	104	115	103	84	126
AT2G18245	271	178	229	260	236	282
AT2G18250	352	368	251	319	282	260
AT2G18260	47	76	47	84	54	83
AT2G18270	0	0	0	0	0	0
AT2G18280	4664	1719	3520	4412	2049	3565
AT2G18290	468	664	365	504	667	804
AT2G18300	1380	1300	1150	1950	1627	2576
AT2G18310	0	0	0	0	0	0
AT2G18320	0	5	0	0	0	1
AT2G18328	131	475	137	226	351	384
AT2G18330	346	233	265	337	561	370
AT2G18340	5	0	5	1	4	1
AT2G18350	354	292	304	359	203	272
AT2G18360	32	71	26	37	85	54
AT2G18370	61	5	74	29	31	11
AT2G18380	63	19	36	54	53	53
AT2G18390	361	285	250	330	256	306
AT2G18400	209	219	176	192	157	171
AT2G18410	163	122	125	159	137	162
AT2G18420	0	0	0	0	0	0
AT2G18440	3583	1107	2737	2054	1124	1806
AT2G18450	2	37	3	7	43	28
AT2G18460	3	0	0	4	0	0
AT2G18465	182	117	145	163	142	154
AT2G18470	24	1	26	10	12	3
AT2G18480	39	29	27	26	7	15
AT2G18490	1	1	1	0	0	0
AT2G18500	15	17	20	23	26	16
AT2G18510	631	292	526	595	790	604
AT2G18520	103	77	84	121	104	72
AT2G18530	58	2	49	6	0	0
AT2G18540	51	7	42	1	2	1
AT2G18550	19	8	9	3	2	6
AT2G18560	148	231	123	169	216	300
AT2G18570	150	115	126	150	122	155
AT2G18590	0	0	0	0	0	0
AT2G18600	93	115	61	75	113	118
AT2G18620	3	5	1	1	7	9
AT2G18630	370	249	321	419	385	415
AT2G18640	0	0	1	0	0	0
AT2G18650	77	62	65	71	73	99
AT2G18660	25	13	22	40	12	9
AT2G18670	355	238	308	358	145	196
AT2G18680	19	7	13	28	4	4
AT2G18685	0	0	0	0	0	0
AT2G18690	186	45	145	266	112	60
AT2G18700	1563	1392	1080	2215	1316	2452
AT2G18710	2218	1848	1779	2164	2532	3038
AT2G18720	6	1	2	1	0	3
AT2G18721	0	0	0	0	0	0
AT2G18730	648	372	496	480	522	664
AT2G18735	67	97	50	58	35	59
AT2G18740	474	666	416	487	444	392
AT2G18750	1544	995	1260	1498	1310	1806
AT2G18760	276	50	255	318	244	248
AT2G18770	464	311	297	321	351	379
AT2G18780	17	17	29	29	30	23
AT2G18790	1200	319	969	982	1042	901
AT2G18800	2	0	0	0	0	0
AT2G18810	0	0	0	0	0	0
AT2G18830	1	0	0	0	0	0
AT2G18840	368	243	300	382	322	283
AT2G18850	285	138	167	174	194	205
AT2G18860	361	322	272	225	335	378
AT2G18870	0	0	0	0	0	0
AT2G18876	455	346	427	490	355	403
AT2G18880	0	2	0	0	0	0
AT2G18890	129	140	106	119	153	217
AT2G18900	618	281	525	629	631	443
AT2G18910	385	439	367	354	553	568
AT2G18915	318	184	253	300	247	325
AT2G18917	1	0	2	0	2	3
AT2G18920	0	0	0	0	0	0
AT2G18938	6	13	9	12	8	10
AT2G18940	469	285	385	557	775	650
AT2G18950	396	177	334	345	260	203
AT2G18960	12959	4854	10434	11062	10673	11311
AT2G18969	21	3	15	13	9	0
AT2G18970	3	1	1	0	2	1
AT2G18980	16	4	53	13	11	5
AT2G18990	366	336	251	308	372	324
AT2G19000	0	0	0	0	0	0
AT2G19010	0	0	0	0	0	0
AT2G19020	0	0	0	0	0	0
AT2G19030	0	0	0	0	0	0
AT2G19040	0	0	0	0	0	0
AT2G19045	0	0	0	0	0	0
AT2G19050	3	0	0	0	0	0
AT2G19060	1	0	2	0	0	0
AT2G19070	0	0	0	0	0	0
AT2G19080	585	371	449	544	436	494
AT2G19090	167	53	135	116	170	124
AT2G19110	926	322	707	772	731	792
AT2G19120	124	38	104	116	85	113
AT2G19130	411	84	311	398	154	176
AT2G19146	0	0	0	0	0	0
AT2G19150	1	1	0	0	1	0
AT2G19160	287	89	220	242	231	212
AT2G19170	424	96	368	366	260	328
AT2G19180	378	366	313	341	300	388
AT2G19190	18	5	11	89	310	13
AT2G19210	0	1	0	0	0	0
AT2G19220	0	0	0	0	0	0
AT2G19230	0	0	0	0	0	0
AT2G19240	25	11	12	16	41	33
AT2G19260	328	87	259	276	218	241
AT2G19270	589	551	472	535	455	644
AT2G19280	195	69	152	167	129	171
AT2G19290	0	0	0	0	1	0
AT2G19300	0	0	0	0	0	0
AT2G19310	791	638	558	990	550	643
AT2G19320	0	0	0	0	0	0
AT2G19330	4	3	0	2	3	2
AT2G19340	5	3	3	3	0	4
AT2G19350	108	76	99	73	45	56
AT2G19360	1	0	0	0	0	0
AT2G19365	0	0	0	0	0	0
AT2G19380	103	37	64	63	85	86
AT2G19385	258	195	214	249	296	234
AT2G19390	492	137	464	523	489	501
AT2G19400	179	92	146	158	130	170
AT2G19410	3	0	6	2	0	1
AT2G19420	0	0	0	0	0	0
AT2G19425	0	0	0	0	0	0
AT2G19430	256	198	190	211	227	266
AT2G19440	3	3	2	5	3	3
AT2G19450	748	121	582	558	160	155
AT2G19460	181	154	142	176	115	126
AT2G19470	859	482	731	798	754	765
AT2G19480	4148	4253	3214	4144	4500	4139
AT2G19490	100	43	72	79	89	79
AT2G19500	2	0	0	4	2	0
AT2G19510	0	0	0	0	0	0
AT2G19520	920	550	777	763	974	830
AT2G19530	64	26	50	65	43	45
AT2G19540	1706	892	1252	1527	1249	1130
AT2G19550	4	14	10	2	10	10
AT2G19560	269	132	186	231	234	231
AT2G19570	0	0	0	0	0	0
AT2G19572	0	3	0	0	0	0
AT2G19580	27	13	39	25	14	18
AT2G19582	0	0	1	0	1	1
AT2G19590	172	373	97	191	399	362
AT2G19600	320	139	227	240	231	253
AT2G19610	0	0	1	0	0	0
AT2G19620	249	188	204	190	293	267
AT2G19630	0	0	0	0	1	1
AT2G19640	173	111	172	148	138	106
AT2G19650	172	110	141	134	185	215
AT2G19660	57	8	42	74	24	33
AT2G19670	264	225	167	259	366	200
AT2G19680	659	752	536	621	734	658
AT2G19690	32	49	28	34	40	31
AT2G19700	0	0	0	0	0	0
AT2G19710	715	111	534	731	328	416
AT2G19720	148	168	109	148	133	153
AT2G19730	3334	4072	2534	3632	4593	3737
AT2G19740	888	1488	646	923	904	906
AT2G19750	981	1225	828	875	1152	854
AT2G19760	1427	1942	1159	1404	1463	1613
AT2G19770	0	0	0	0	0	0
AT2G19780	69	54	73	54	79	70
AT2G19790	1028	1572	806	970	776	1078
AT2G19796	0	0	0	0	0	0
AT2G19800	948	3713	780	3791	4607	5636
AT2G19802	0	0	0	0	0	0
AT2G19810	711	128	522	321	92	188
AT2G19820	0	0	0	0	0	0
AT2G19830	1738	1800	1361	1688	1390	1786
AT2G19850	0	0	0	0	0	0
AT2G19860	513	342	437	391	515	454
AT2G19870	493	327	413	520	720	605
AT2G19880	863	419	715	712	591	643
AT2G19890	0	0	2	7	0	1
AT2G19893	0	0	0	0	0	0
AT2G19900	18	7	23	3	6	3
AT2G19910	96	32	36	82	119	89
AT2G19920	48	24	42	51	66	61
AT2G19930	201	39	155	159	157	200
AT2G19940	1068	1030	850	1112	1325	1440
AT2G19950	968	275	697	860	665	750
AT2G19960	1	0	0	2	0	0
AT2G19970	34	25	26	56	19	12
AT2G19980	5	4	5	1	2	1
AT2G19990	8	6	8	14	12	3
AT2G20000	637	179	532	489	533	584
AT2G20010	321	126	307	297	293	342
AT2G20020	893	576	697	815	1467	1145
AT2G20030	0	0	2	3	0	0
AT2G20050	1627	840	1231	1528	1427	1769
AT2G20060	704	524	553	718	785	578
AT2G20070	0	0	0	0	0	0
AT2G20080	2	0	3	1	0	0
AT2G20100	205	75	157	126	122	151
AT2G20110	115	40	56	78	134	100
AT2G20120	510	549	418	549	460	485
AT2G20130	266	263	222	212	206	209
AT2G20140	737	770	582	802	1030	912
AT2G20142	157	11	136	310	14	17
AT2G20150	7	3	2	16	0	0
AT2G20160	0	0	0	0	0	0
AT2G20170	0	0	0	0	0	0
AT2G20180	554	291	411	470	571	705
AT2G20190	1522	487	1355	1587	1882	2068
AT2G20208	0	0	0	0	0	0
AT2G20210	160	71	114	93	104	146
AT2G20230	2072	1475	1725	1788	1394	1732
AT2G20240	144	64	120	149	143	187
AT2G20250	132	53	106	151	120	115
AT2G20260	7947	9715	6330	7177	3980	6382
AT2G20270	517	724	450	580	536	497
AT2G20280	1232	1099	822	1109	1103	1017
AT2G20290	331	89	244	203	347	350
AT2G20300	531	221	420	422	420	469
AT2G20310	199	97	175	174	136	146
AT2G20320	434	105	428	347	336	328
AT2G20330	1232	682	915	1034	1094	1215
AT2G20340	159	83	102	88	209	194
AT2G20350	1	0	0	0	0	0
AT2G20360	2012	1774	1821	1939	2590	2427
AT2G20362	25	25	18	15	13	15
AT2G20370	843	284	690	714	503	528
AT2G20380	0	0	0	0	0	0
AT2G20390	341	295	218	253	255	217
AT2G20400	262	104	180	203	188	237
AT2G20410	331	162	246	181	187	176
AT2G20420	1683	1680	1372	1648	1834	1609
AT2G20430	0	0	0	0	0	0
AT2G20440	216	110	157	153	157	151
AT2G20450	885	1405	642	993	1232	865
AT2G20463	0	0	0	0	0	0
AT2G20465	0	0	0	0	0	0
AT2G20470	4	0	4	1	1	2
AT2G20480	18	23	12	24	10	14
AT2G20490	737	955	561	742	762	602
AT2G20495	158	91	116	156	107	123
AT2G20500	0	0	0	0	0	0
AT2G20510	16	3	21	3	4	2
AT2G20515	61	22	19	21	25	24
AT2G20520	6	0	7	1	0	1
AT2G20530	1007	923	689	919	1053	829
AT2G20540	22	22	25	38	32	27
AT2G20550	109	40	90	91	53	85
AT2G20560	124	154	83	213	159	169
AT2G20562	57	47	44	57	29	21
AT2G20570	2240	421	1829	1344	491	883
AT2G20580	1790	1147	1492	1692	2859	2496
AT2G20585	229	232	191	230	269	177
AT2G20590	55	52	54	48	88	59
AT2G20595	0	0	0	0	0	0
AT2G20597	0	0	0	0	0	0
AT2G20605	0	3	0	0	0	0
AT2G20610	1924	1223	1494	1754	2694	1891
AT2G20613	0	0	0	0	0	0
AT2G20616	0	0	0	0	0	0
AT2G20618	0	0	0	0	0	0
AT2G20619	0	0	0	0	0	0
AT2G20620	1	0	2	0	0	0
AT2G20625	1	0	0	0	0	0
AT2G20630	1647	1099	1110	1082	1066	1114
AT2G20635	75	61	60	82	128	92
AT2G20650	195	73	143	159	142	163
AT2G20660	0	0	0	0	0	0
AT2G20670	1841	3151	1404	3525	2417	4655
AT2G20680	164	94	143	163	152	182
AT2G20690	575	528	517	605	613	617
AT2G20700	8	20	14	10	19	17
AT2G20710	16	1	10	18	31	21
AT2G20720	0	0	0	0	2	4
AT2G20721	4	11	7	11	8	17
AT2G20722	12	9	6	9	6	8
AT2G20723	2	4	2	9	5	6
AT2G20725	893	919	602	782	578	854
AT2G20740	595	440	465	433	290	444
AT2G20750	57	8	41	22	8	11
AT2G20760	2415	1774	1842	2466	2380	2399
AT2G20770	60	41	55	30	43	46
AT2G20780	452	194	367	457	242	217
AT2G20784	0	0	0	0	0	0
AT2G20790	628	452	510	536	613	698
AT2G20800	9	1	5	0	8	3
AT2G20805	0	0	0	0	0	0
AT2G20810	337	130	284	346	320	364
AT2G20815	94	18	74	58	36	42
AT2G20820	1596	1803	1359	1335	1317	1255
AT2G20825	5	2	2	1	1	0
AT2G20830	503	455	394	377	357	391
AT2G20835	101	38	80	127	19	37
AT2G20840	284	282	236	223	248	228
AT2G20850	755	262	570	589	761	584
AT2G20860	2007	2092	1740	2103	2215	2687
AT2G20870	3	21	4	6	27	24
AT2G20873	0	0	0	0	0	0
AT2G20875	42	38	27	14	30	19
AT2G20880	51	21	48	34	13	17
AT2G20890	5546	6932	4517	5782	7959	8785
AT2G20900	703	320	485	718	354	449
AT2G20920	1439	1313	1286	1609	1175	1520
AT2G20921	0	0	0	0	0	0
AT2G20930	572	766	426	555	501	583
AT2G20940	101	128	56	115	95	85
AT2G20950	821	422	680	584	652	741
AT2G20960	4167	1278	3167	4264	2068	2442
AT2G20970	0	1	2	0	0	0
AT2G20980	38	25	41	70	66	40
AT2G20990	3383	2932	2763	3244	3324	3868
AT2G21010	0	0	0	1	0	0
AT2G21030	0	0	0	0	0	0
AT2G21040	0	0	0	0	2	2
AT2G21045	17	2	9	17	6	2
AT2G21050	369	228	286	525	323	301
AT2G21060	493	256	383	366	244	271
AT2G21070	270	131	179	197	176	189
AT2G21080	341	228	250	247	152	188
AT2G21090	169	65	121	134	142	125
AT2G21100	31	2	21	2	6	8
AT2G21105	0	0	0	0	0	0
AT2G21110	0	0	0	0	0	0
AT2G21120	902	443	779	960	668	810
AT2G21130	595	141	384	488	93	95
AT2G21140	972	2083	972	840	2072	2051
AT2G21150	492	340	362	419	436	397
AT2G21160	1499	1198	1182	1400	1440	1254
AT2G21170	4884	6137	3941	4779	5072	5781
AT2G21180	113	88	89	70	77	85
AT2G21185	0	0	0	0	0	0
AT2G21187	4	8	3	13	2	4
AT2G21188	15	23	19	13	10	7
AT2G21190	658	572	534	504	659	618
AT2G21195	149	173	110	102	101	117
AT2G21200	45	54	25	32	31	36
AT2G21210	592	901	481	558	530	682
AT2G21220	21	33	21	27	11	16
AT2G21230	637	280	502	554	539	662
AT2G21235	0	1	2	0	2	1
AT2G21237	1	0	0	0	0	0
AT2G21240	758	574	653	730	522	789
AT2G21250	2103	1805	1601	1869	2344	2047
AT2G21260	6	13	9	7	3	7
AT2G21270	1338	934	1007	1107	980	1025
AT2G21280	624	1101	483	665	1088	1376
AT2G21290	635	1355	498	632	526	693
AT2G21300	985	482	791	847	1138	1230
AT2G21320	21	40	26	19	81	61
AT2G21330	3631	13086	3045	4026	14173	16387
AT2G21340	462	359	404	446	869	1025
AT2G21350	21	23	18	35	15	16
AT2G21360	0	0	0	0	1	0
AT2G21370	645	527	463	522	625	726
AT2G21380	2391	725	1886	2155	1930	2509
AT2G21385	1603	1906	1175	1299	2080	2079
AT2G21390	2558	886	2023	2566	3218	3099
AT2G21400	0	1	0	0	0	0
AT2G21410	1048	467	863	1004	1109	1108
AT2G21420	1	0	0	2	0	0
AT2G21430	30	21	21	39	23	25
AT2G21440	1687	889	1320	1606	2118	1856
AT2G21450	2	5	0	3	1	1
AT2G21455	0	0	0	0	0	0
AT2G21465	0	0	0	0	0	0
AT2G21470	1110	569	823	846	793	883
AT2G21480	0	0	0	0	0	0
AT2G21490	27	1	40	6	0	3
AT2G21500	1030	262	725	641	367	530
AT2G21510	58	26	35	23	5	11
AT2G21520	2770	1676	2139	2472	2185	2444
AT2G21530	1632	1469	1304	1632	1583	2049
AT2G21540	536	168	459	557	398	474
AT2G21550	38	13	24	16	28	12
AT2G21560	550	187	372	254	165	217
AT2G21570	0	0	0	0	0	0
AT2G21580	1356	2149	1159	1397	1512	1283
AT2G21590	302	59	243	179	174	171
AT2G21595	0	0	0	0	0	0
AT2G21600	761	738	621	606	621	634
AT2G21610	0	0	0	1	0	0
AT2G21620	1381	701	1076	1037	528	536
AT2G21630	355	136	265	221	178	166
AT2G21640	132	417	112	142	376	300
AT2G21650	79	181	46	98	68	195
AT2G21655	0	0	0	0	0	0
AT2G21660	40082	3674	33030	24305	2240	2596
AT2G21670	0	0	0	0	0	0
AT2G21680	0	0	0	0	0	0
AT2G21690	0	0	0	0	0	0
AT2G21700	0	0	0	0	0	0
AT2G21710	207	137	190	212	234	237
AT2G21720	5	0	6	0	0	1
AT2G21725	0	0	0	0	0	0
AT2G21727	0	0	0	0	0	0
AT2G21730	2	1	1	4	5	1
AT2G21740	0	0	0	0	0	0
AT2G21750	0	0	0	0	0	0
AT2G21770	14	9	13	27	23	22
AT2G21780	2	2	0	4	5	1
AT2G21790	821	426	667	960	1430	896
AT2G21800	33	18	29	36	44	28
AT2G21810	0	0	0	0	0	0
AT2G21820	38	4	31	5	1	1
AT2G21830	201	81	165	149	156	136
AT2G21840	10	2	7	3	1	3
AT2G21850	13	13	14	26	20	18
AT2G21860	488	498	361	521	884	697
AT2G21870	3892	4564	3194	3744	4943	4270
AT2G21880	102	59	82	81	55	62
AT2G21890	0	1	5	2	6	1
AT2G21900	0	0	0	1	0	0
AT2G21910	15	0	5	37	0	0
AT2G21920	0	0	0	0	0	0
AT2G21930	0	0	0	0	2	0
AT2G21940	312	192	236	246	208	244
AT2G21950	13	38	17	10	11	14
AT2G21960	927	1272	779	1030	1363	1704
AT2G21970	576	555	429	483	373	417
AT2G21980	0	0	0	0	0	0
AT2G21990	4	5	3	0	6	2
AT2G22000	70	75	61	61	84	56
AT2G22010	1004	166	852	727	648	771
AT2G22030	1	0	1	0	0	0
AT2G22040	0	0	0	0	0	0
AT2G22050	0	0	0	0	0	0
AT2G22055	0	0	0	0	0	0
AT2G22060	0	0	0	0	0	0
AT2G22070	65	12	53	62	42	26
AT2G22080	2164	1985	1446	1156	897	1153
AT2G22088	1	0	1	0	0	5
AT2G22090	46	38	43	43	21	47
AT2G22100	281	223	198	197	199	224
AT2G22110	0	0	0	0	0	0
AT2G22120	213	146	141	135	115	152
AT2G22121	0	0	0	0	0	0
AT2G22122	127	245	113	177	142	125
AT2G22125	2705	721	2235	2820	3985	4430
AT2G22140	46	54	36	33	77	66
AT2G22145	0	0	0	0	0	0
AT2G22155	0	0	0	0	0	0
AT2G22160	0	0	0	0	0	0
AT2G22170	608	870	566	686	627	673
AT2G22180	0	0	0	0	0	0
AT2G22190	501	105	405	234	254	181
AT2G22200	34	27	34	21	55	40
AT2G22220	0	1	0	0	0	0
AT2G22230	590	694	543	695	874	793
AT2G22240	265	175	215	130	281	353
AT2G22241	0	0	0	0	0	0
AT2G22250	259	194	198	239	416	326
AT2G22260	72	69	59	77	94	74
AT2G22270	348	229	254	343	311	377
AT2G22280	0	0	0	0	0	0
AT2G22290	0	0	0	0	0	1
AT2G22300	1700	418	1373	1815	1332	1783
AT2G22310	146	95	114	115	117	116
AT2G22320	0	0	0	0	0	0
AT2G22330	1375	540	1147	1261	1239	1049
AT2G22340	0	2	0	0	0	0
AT2G22345	0	0	0	0	0	0
AT2G22360	600	514	517	612	849	626
AT2G22370	105	99	96	101	99	108
AT2G22380	0	0	0	0	0	0
AT2G22400	1597	575	1268	1626	1327	1468
AT2G22410	61	16	47	45	39	29
AT2G22420	134	112	151	100	123	115
AT2G22425	581	769	378	503	368	357
AT2G22426	2	0	0	0	0	1
AT2G22430	11012	3168	7889	6633	2939	3447
AT2G22440	0	0	0	0	0	0
AT2G22450	1308	372	1005	1148	364	544
AT2G22460	2	3	6	0	0	1
AT2G22465	0	0	0	0	0	0
AT2G22470	198	88	183	198	180	89
AT2G22475	282	152	218	252	263	265
AT2G22480	444	182	326	361	434	367
AT2G22482	0	0	0	0	0	0
AT2G22490	609	352	523	622	461	522
AT2G22496	1	1	0	7	1	1
AT2G22500	2512	383	2092	1964	304	438
AT2G22510	82	8	48	13	31	21
AT2G22520	0	0	0	0	0	0
AT2G22530	264	66	214	251	215	225
AT2G22540	2231	1411	1825	1584	1044	1640
AT2G22560	143	20	141	93	93	93
AT2G22570	60	42	100	76	51	38
AT2G22580	0	0	0	0	0	0
AT2G22590	0	0	0	2	1	0
AT2G22600	2	3	8	7	16	21
AT2G22610	198	66	123	203	449	355
AT2G22620	51	29	25	55	39	45
AT2G22630	1	0	1	0	0	1
AT2G22640	135	162	90	120	101	140
AT2G22650	279	209	203	227	295	266
AT2G22660	2532	670	1966	2283	1224	1501
AT2G22668	0	0	0	0	0	0
AT2G22670	2093	2037	1618	1721	1809	2218
AT2G22680	126	20	96	60	75	104
AT2G22690	233	133	187	192	193	202
AT2G22720	1582	854	1132	1418	1230	1613
AT2G22730	148	32	108	104	48	79
AT2G22740	210	156	179	174	195	283
AT2G22750	0	0	0	0	0	0
AT2G22760	6	1	2	1	0	0
AT2G22770	129	98	108	137	308	253
AT2G22780	1088	668	813	802	792	770
AT2G22790	53	48	36	44	41	50
AT2G22795	4715	6519	3351	3914	3499	3616
AT2G22800	82	50	57	72	39	61
AT2G22805	0	0	0	0	0	0
AT2G22807	0	0	0	0	0	0
AT2G22810	13	14	14	63	8	4
AT2G22820	0	0	0	0	0	0
AT2G22821	7	9	15	5	2	9
AT2G22830	285	113	187	321	154	198
AT2G22840	344	204	310	323	328	393
AT2G22850	7	6	1	4	0	1
AT2G22860	54	12	37	36	8	16
AT2G22870	246	165	255	363	261	189
AT2G22880	0	0	0	0	0	0
AT2G22890	98	46	91	114	64	70
AT2G22900	218	159	198	182	190	157
AT2G22905	2	7	3	2	1	6
AT2G22910	489	278	339	382	393	376
AT2G22920	83	5	33	8	16	11
AT2G22930	11	8	13	5	2	4
AT2G22940	0	0	0	0	0	0
AT2G22941	0	0	0	0	0	0
AT2G22942	0	0	0	0	0	0
AT2G22950	0	0	0	0	0	0
AT2G22955	0	0	0	0	0	0
AT2G22960	0	0	0	0	0	0
AT2G22970	553	180	385	413	377	400
AT2G22980	1896	910	1540	1710	779	2013
AT2G22990	6585	5488	5162	6691	7564	11594
AT2G23000	38	63	16	25	271	141
AT2G23010	60	49	58	25	101	82
AT2G23020	0	0	0	0	0	0
AT2G23030	77	19	66	56	22	20
AT2G23040	121	56	77	89	59	52
AT2G23050	11	3	10	13	5	7
AT2G23060	3	8	3	2	7	2
AT2G23067	0	0	0	0	0	0
AT2G23070	1743	1109	1415	1925	1876	2248
AT2G23080	363	396	325	319	364	408
AT2G23090	2673	3199	2244	2379	1995	2191
AT2G23093	38	30	53	40	37	35
AT2G23096	0	0	0	4	3	0
AT2G23100	80	146	60	109	220	278
AT2G23110	7	3	7	4	1	1
AT2G23118	0	0	0	0	0	0
AT2G23120	4740	4450	3490	1775	1349	2075
AT2G23130	577	1086	519	448	798	947
AT2G23140	582	206	409	508	571	631
AT2G23142	0	0	0	0	0	0
AT2G23148	0	0	0	0	0	0
AT2G23150	201	144	162	210	218	184
AT2G23160	0	0	0	0	0	0
AT2G23170	451	343	396	926	484	333
AT2G23180	137	73	123	135	152	103
AT2G23190	2	5	0	0	7	2
AT2G23200	274	56	256	335	178	231
AT2G23210	3	2	3	5	0	2
AT2G23220	0	0	0	1	0	0
AT2G23230	0	0	0	0	0	0
AT2G23240	2	0	14	1	0	0
AT2G23250	0	0	0	1	0	0
AT2G23260	0	0	0	0	0	0
AT2G23270	0	0	3	4	0	0
AT2G23290	253	359	188	219	211	302
AT2G23300	61	42	37	25	48	66
AT2G23310	821	635	591	744	691	751
AT2G23320	2595	1054	1970	2340	1394	1646
AT2G23321	3	3	4	3	0	0
AT2G23340	122	116	75	79	95	76
AT2G23347	2	2	3	6	1	6
AT2G23348	8	15	18	6	10	4
AT2G23350	1987	1275	1525	2216	3090	2379
AT2G23360	398	171	301	354	313	463
AT2G23370	290	244	199	191	233	214
AT2G23380	342	181	299	342	432	480
AT2G23390	1012	766	752	885	1226	1255
AT2G23400	0	0	0	0	0	0
AT2G23410	0	0	1	2	0	0
AT2G23420	505	267	353	374	375	394
AT2G23430	409	398	345	312	191	278
AT2G23440	0	0	0	0	0	0
AT2G23445	0	0	0	0	0	0
AT2G23450	837	265	642	825	404	619
AT2G23460	831	309	610	787	837	1039
AT2G23470	145	22	137	98	81	72
AT2G23510	0	0	0	0	0	0
AT2G23520	501	246	381	418	346	407
AT2G23530	42	16	21	43	49	50
AT2G23540	134	34	89	32	39	40
AT2G23550	36	2	15	17	17	10
AT2G23560	63	65	63	86	81	78
AT2G23570	0	0	0	0	0	0
AT2G23580	0	0	0	0	0	0
AT2G23590	10	47	12	12	38	43
AT2G23600	1043	3440	818	1480	2382	3453
AT2G23610	942	1134	630	897	1237	1319
AT2G23620	20	17	15	6	38	31
AT2G23630	0	0	0	2	0	0
AT2G23640	3	1	2	0	0	0
AT2G23650	0	0	0	0	0	0
AT2G23660	0	0	0	1	0	0
AT2G23670	0	0	0	0	0	0
AT2G23672	5	2	4	4	1	2
AT2G23680	320	153	263	378	105	143
AT2G23690	31	130	16	28	52	67
AT2G23700	236	44	232	186	222	249
AT2G23740	441	62	362	362	464	497
AT2G23755	25	19	18	9	11	14
AT2G23760	1420	601	1104	1189	806	1049
AT2G23770	244	112	152	322	102	190
AT2G23780	396	262	283	317	208	268
AT2G23790	680	268	546	535	268	383
AT2G23800	0	0	0	0	0	0
AT2G23810	3170	1011	2430	3648	688	1278
AT2G23820	532	625	417	511	764	752
AT2G23830	1	0	0	0	0	0
AT2G23834	0	0	0	0	0	0
AT2G23840	553	481	445	539	377	620
AT2G23890	334	191	245	366	354	334
AT2G23900	0	0	0	0	0	0
AT2G23910	120	7	114	54	6	10
AT2G23930	1334	2475	948	1257	1248	1173
AT2G23940	244	288	194	178	198	157
AT2G23945	12	1	4	2	5	2
AT2G23950	641	131	532	317	342	335
AT2G23960	5	1	6	2	4	6
AT2G23970	4	0	0	0	0	0
AT2G23980	1378	597	1190	1080	820	1131
AT2G23985	42	24	16	15	14	14
AT2G23987	0	0	0	0	0	0
AT2G23990	0	0	0	0	1	0
AT2G24000	30	0	15	0	0	0
AT2G24010	12	7	4	4	8	16
AT2G24020	1403	2026	1200	1622	1922	2063
AT2G24030	24	11	11	16	32	37
AT2G24040	176	164	164	160	99	104
AT2G24050	631	302	594	705	849	716
AT2G24060	1350	1971	979	1272	2373	2302
AT2G24070	5	3	10	3	3	3
AT2G24080	0	0	0	0	0	0
AT2G24090	2671	7850	2431	3136	5399	5082
AT2G24100	224	219	136	112	198	262
AT2G24103	0	0	0	0	0	0
AT2G24120	1718	429	1306	1686	1968	1615
AT2G24130	4	0	0	1	0	0
AT2G24140	11	4	20	18	3	18
AT2G24150	581	544	534	500	560	523
AT2G24170	126	53	113	158	112	134
AT2G24180	771	351	628	905	616	551
AT2G24190	38	60	17	31	69	54
AT2G24195	0	0	1	0	0	0
AT2G24200	2463	2135	2005	2287	2389	2230
AT2G24205	0	0	0	0	0	0
AT2G24210	0	0	1	0	2	0
AT2G24220	118	73	84	80	78	102
AT2G24230	351	154	297	300	291	331
AT2G24240	66	62	80	77	68	104
AT2G24250	70	65	77	73	100	79
AT2G24255	0	0	2	1	1	0
AT2G24260	188	99	117	138	139	142
AT2G24270	5577	4713	4346	4259	7277	8197
AT2G24280	1380	701	1185	1052	1175	1412
AT2G24285	0	0	1	2	0	0
AT2G24290	340	324	298	307	237	252
AT2G24300	131	30	83	106	43	66
AT2G24310	0	0	0	0	0	0
AT2G24320	0	1	0	0	1	1
AT2G24330	621	265	469	432	434	434
AT2G24340	0	0	0	0	0	0
AT2G24350	143	54	112	119	88	109
AT2G24360	2703	1892	1997	1982	1519	1816
AT2G24370	0	0	0	0	1	0
AT2G24380	0	0	0	0	0	0
AT2G24390	189	165	183	152	183	193
AT2G24395	187	256	145	188	265	258
AT2G24400	5	3	11	3	3	4
AT2G24410	0	0	0	0	0	1
AT2G24420	1381	576	1110	979	1141	1451
AT2G24430	8	3	3	0	1	0
AT2G24440	90	50	65	63	67	58
AT2G24450	0	0	0	0	0	0
AT2G24460	0	0	0	0	0	0
AT2G24470	0	0	0	0	0	0
AT2G24480	0	0	0	0	0	0
AT2G24490	116	76	109	140	150	87
AT2G24500	673	488	551	674	715	718
AT2G24510	0	0	0	0	0	0
AT2G24520	520	137	436	380	229	285
AT2G24530	128	43	84	109	90	110
AT2G24535	11	15	3	13	0	7
AT2G24540	0	1	0	0	0	0
AT2G24545	8	9	4	3	1	4
AT2G24550	379	691	311	613	366	496
AT2G24560	7	3	1	1	6	4
AT2G24570	305	108	265	253	194	159
AT2G24580	166	283	122	321	334	343
AT2G24590	341	230	287	249	337	238
AT2G24592	101	116	83	99	58	66
AT2G24600	3256	270	2530	3862	730	904
AT2G24610	16	19	19	36	21	52
AT2G24615	0	0	0	0	0	0
AT2G24617	0	0	0	0	0	0
AT2G24620	0	0	0	0	0	0
AT2G24625	0	0	0	0	0	0
AT2G24630	294	84	217	245	227	251
AT2G24640	400	124	287	315	292	275
AT2G24645	96	96	87	102	117	140
AT2G24650	744	224	552	714	719	887
AT2G24670	0	0	0	0	0	0
AT2G24680	30	21	24	13	26	25
AT2G24681	1	1	2	0	0	3
AT2G24683	2	1	1	3	4	0
AT2G24690	518	159	367	384	318	375
AT2G24692	1	6	5	2	0	3
AT2G24693	0	0	0	0	0	0
AT2G24696	1	0	0	2	0	0
AT2G24700	116	42	93	48	77	58
AT2G24710	0	0	0	0	0	0
AT2G24720	0	0	1	0	0	0
AT2G24735	0	1	1	1	1	0
AT2G24740	1	0	0	1	0	0
AT2G24755	551	227	406	463	371	540
AT2G24762	248	284	181	192	174	144
AT2G24765	810	777	601	753	691	776
AT2G24780	0	0	0	0	0	0
AT2G24790	4604	3759	3695	4097	3421	4501
AT2G24800	15	5	6	6	18	5
AT2G24810	0	0	2	0	0	0
AT2G24820	841	387	753	840	1418	1297
AT2G24830	406	195	310	393	274	345
AT2G24840	0	0	0	0	0	0
AT2G24850	5	0	4	101	38	2
AT2G24860	450	532	382	478	372	531
AT2G24870	6	0	4	2	5	3
AT2G24880	0	0	0	0	0	0
AT2G24940	2448	2340	1737	1577	1141	1255
AT2G24945	76	44	81	77	72	84
AT2G24950	0	0	0	0	0	0
AT2G24960	126	12	87	97	87	110
AT2G24970	59	68	40	56	68	61
AT2G24980	30	0	30	1	0	2
AT2G24990	672	745	448	614	576	476
AT2G25000	250	120	182	213	267	117
AT2G25010	343	121	256	262	171	238
AT2G25011	0	0	0	0	0	0
AT2G25050	410	131	324	338	351	354
AT2G25055	1	0	3	4	3	5
AT2G25060	351	396	315	304	531	385
AT2G25070	919	888	720	893	766	1033
AT2G25080	2951	5903	2488	3306	5211	8010
AT2G25090	34	46	30	35	31	45
AT2G25095	18	2	13	7	0	5
AT2G25100	234	208	152	190	219	218
AT2G25110	1027	905	809	1148	1001	871
AT2G25120	0	0	0	0	0	0
AT2G25125	0	0	0	0	0	0
AT2G25130	2	10	8	9	10	11
AT2G25140	349	214	249	450	388	392
AT2G25150	10	6	19	13	5	3
AT2G25160	13	0	19	3	0	0
AT2G25169	0	0	1	0	0	0
AT2G25170	1962	750	1628	1917	2415	2477
AT2G25171	0	0	0	0	0	0
AT2G25180	427	310	410	477	661	744
AT2G25185	0	0	0	0	0	0
AT2G25190	383	238	266	389	318	366
AT2G25200	152	364	89	235	263	377
AT2G25210	588	1123	446	639	755	565
AT2G25215	0	0	0	0	0	0
AT2G25220	79	56	87	40	81	69
AT2G25230	1	0	1	0	0	0
AT2G25240	5	0	1	4	0	0
AT2G25250	1378	841	1133	905	479	751
AT2G25260	23	2	8	5	6	4
AT2G25270	163	65	129	139	159	137
AT2G25280	513	218	393	492	482	481
AT2G25290	192	47	169	147	121	106
AT2G25295	0	0	0	2	0	0
AT2G25297	36	1	22	62	0	4
AT2G25300	220	94	186	182	135	176
AT2G25305	0	0	0	0	1	0
AT2G25310	661	590	521	635	472	633
AT2G25312	0	0	0	0	0	0
AT2G25320	936	382	758	938	967	1135
AT2G25330	0	1	0	2	2	0
AT2G25340	0	0	0	0	0	0
AT2G25344	0	0	0	0	0	0
AT2G25350	331	185	223	300	197	275
AT2G25355	129	88	89	116	106	92
AT2G25360	0	0	0	0	0	0
AT2G25370	0	0	0	0	0	0
AT2G25400	0	0	0	0	0	0
AT2G25409	0	0	0	0	0	0
AT2G25410	0	0	0	0	0	0
AT2G25420	194	71	151	149	159	148
AT2G25430	2186	1516	1655	1939	2082	2454
AT2G25440	5	0	1	8	1	0
AT2G25450	7160	5989	5935	8951	8713	6980
AT2G25460	290	40	210	156	28	32
AT2G25470	3	9	5	15	57	22
AT2G25480	628	645	480	595	697	712
AT2G25482	0	0	0	0	0	0
AT2G25490	2110	865	1645	2431	1001	1334
AT2G25500	0	0	0	0	0	0
AT2G25510	2016	1280	1277	1874	1404	950
AT2G25520	1189	594	981	887	826	824
AT2G25530	61	41	43	37	84	57
AT2G25540	2	0	2	1	0	1
AT2G25560	300	177	287	241	226	271
AT2G25565	0	0	0	0	0	0
AT2G25570	164	119	147	147	141	125
AT2G25580	219	92	168	197	184	193
AT2G25590	369	73	242	288	153	248
AT2G25600	4	2	0	0	0	0
AT2G25605	193	250	178	172	166	219
AT2G25610	382	429	317	317	315	351
AT2G25620	408	184	290	239	282	203
AT2G25625	399	193	314	279	140	180
AT2G25630	0	0	0	0	0	0
AT2G25640	253	77	174	230	257	250
AT2G25650	158	88	152	125	137	128
AT2G25660	978	267	720	904	1158	1358
AT2G25670	2545	2950	1839	2299	2101	2058
AT2G25680	27	17	26	65	59	39
AT2G25685	0	0	0	0	0	0
AT2G25690	175	21	158	91	39	70
AT2G25700	0	0	0	0	0	0
AT2G25710	357	244	241	281	262	280
AT2G25720	254	410	215	212	166	186
AT2G25730	2569	213	1936	2515	1225	1265
AT2G25735	385	457	310	845	182	459
AT2G25737	99	84	74	79	122	117
AT2G25740	490	189	331	418	315	387
AT2G25760	1556	420	1258	1401	1154	1425
AT2G25770	6	11	6	4	11	7
AT2G25780	4	31	10	10	9	18
AT2G25790	376	59	307	242	258	224
AT2G25800	1182	557	981	1184	1232	1665
AT2G25810	25	29	21	16	13	18
AT2G25820	3	0	1	0	1	0
AT2G25830	771	938	662	803	1400	1156
AT2G25840	661	654	572	674	1212	1193
AT2G25850	1470	924	957	1042	707	1004
AT2G25870	1100	1121	779	1155	1783	1662
AT2G25880	117	188	104	118	272	170
AT2G25890	0	0	0	0	0	0
AT2G25900	1244	2452	920	1669	1213	2555
AT2G25905	0	0	0	0	0	0
AT2G25910	943	731	698	776	592	699
AT2G25920	350	205	251	261	234	302
AT2G25930	2581	351	1953	1886	886	1062
AT2G25940	16	4	15	5	11	6
AT2G25950	541	387	440	447	311	349
AT2G25964	258	205	176	118	77	117
AT2G25970	2260	950	1757	2032	2494	2544
AT2G25980	39	0	34	8	2	0
AT2G25990	0	0	0	0	0	0
AT2G26000	278	121	207	216	214	226
AT2G26010	8	110	5	88	55	63
AT2G26020	2	11	0	41	6	12
AT2G26030	279	178	197	218	190	238
AT2G26040	17	74	20	30	97	66
AT2G26050	0	0	0	0	0	0
AT2G26060	513	318	353	405	380	450
AT2G26070	224	179	154	208	126	175
AT2G26080	3414	5837	2659	4515	11053	13328
AT2G26090	0	0	0	0	0	0
AT2G26100	369	122	293	264	215	239
AT2G26110	547	464	528	706	574	687
AT2G26120	1	0	3	0	1	0
AT2G26130	0	2	0	0	5	1
AT2G26135	0	1	0	0	0	0
AT2G26140	1828	855	1379	1781	2332	2095
AT2G26150	4	14	7	25	21	18
AT2G26160	0	0	0	0	0	0
AT2G26170	196	128	145	117	218	245
AT2G26180	60	76	47	61	95	113
AT2G26190	3062	560	2307	3510	700	1119
AT2G26200	584	262	414	622	460	492
AT2G26210	918	639	668	740	496	712
AT2G26211	13	4	9	3	2	10
AT2G26230	777	350	677	724	659	620
AT2G26240	373	383	258	341	220	286
AT2G26250	3448	3520	2909	3187	7146	6808
AT2G26260	266	181	232	253	259	236
AT2G26270	161	67	128	133	141	156
AT2G26280	2047	1424	1604	1550	1454	1838
AT2G26290	5	1	8	12	3	0
AT2G26300	1777	729	1337	1552	854	1036
AT2G26310	146	9	78	53	21	24
AT2G26320	0	0	0	0	0	0
AT2G26330	2331	818	1780	1791	2185	2361
AT2G26340	856	1340	639	774	987	1205
AT2G26350	322	137	240	325	241	286
AT2G26355	357	124	211	197	42	98
AT2G26360	27	26	28	16	11	18
AT2G26370	1	0	3	2	1	0
AT2G26380	0	0	0	0	0	0
AT2G26390	0	0	0	1	3	0
AT2G26400	25	24	3	39	39	21
AT2G26410	0	0	0	2	3	2
AT2G26420	3	0	5	2	0	0
AT2G26430	1214	812	975	1120	676	1022
AT2G26440	680	220	601	770	1118	713
AT2G26450	0	0	0	1	2	2
AT2G26460	495	292	412	414	335	401
AT2G26470	344	170	282	321	276	281
AT2G26480	7	0	12	7	2	1
AT2G26490	0	0	0	1	0	0
AT2G26500	7015	13320	5673	7977	5600	9873
AT2G26510	889	476	702	600	543	607
AT2G26515	27	29	11	16	7	46
AT2G26520	16	38	23	19	12	17
AT2G26530	2126	664	1543	3100	213	796
AT2G26540	686	594	623	664	925	958
AT2G26550	466	561	361	487	791	751
AT2G26560	707	340	539	1337	606	533
AT2G26570	1550	1089	1175	1328	1573	1893
AT2G26580	505	400	472	455	521	557
AT2G26590	529	483	418	480	593	605
AT2G26600	486	213	428	395	288	284
AT2G26610	8	0	2	0	0	0
AT2G26620	40	0	28	6	0	0
AT2G26640	686	435	566	696	508	675
AT2G26650	627	276	486	505	499	578
AT2G26660	970	192	773	512	202	237
AT2G26670	2252	2387	1720	2205	2039	2407
AT2G26680	406	214	391	425	354	386
AT2G26690	1544	523	1376	1270	1095	979
AT2G26692	6	3	10	5	12	2
AT2G26695	241	296	177	234	185	271
AT2G26700	51	28	70	58	66	50
AT2G26710	97	84	80	138	86	112
AT2G26720	0	0	0	0	0	0
AT2G26730	1364	573	1100	1147	1191	1102
AT2G26740	929	623	819	1238	865	1063
AT2G26750	1	2	0	1	3	2
AT2G26760	120	82	75	132	161	118
AT2G26770	607	374	483	471	507	566
AT2G26780	770	256	679	708	934	1055
AT2G26790	96	36	71	102	98	75
AT2G26800	433	417	362	421	715	854
AT2G26810	191	127	135	162	134	143
AT2G26820	0	0	0	3	1	0
AT2G26830	321	209	232	234	217	239
AT2G26840	145	60	84	89	108	74
AT2G26850	0	0	0	0	0	0
AT2G26860	151	59	108	125	74	91
AT2G26865	0	0	0	0	0	0
AT2G26870	166	103	128	114	169	195
AT2G26880	0	0	0	0	0	0
AT2G26882	0	0	0	0	0	0
AT2G26890	1397	439	1082	1409	1597	1676
AT2G26900	2032	2337	1604	1902	2516	2229
AT2G26910	2001	804	1573	1995	3475	3675
AT2G26920	619	242	528	606	645	677
AT2G26930	485	508	395	405	720	646
AT2G26940	4	4	1	2	2	0
AT2G26950	0	0	0	0	0	0
AT2G26960	1	0	0	0	0	0
AT2G26970	220	165	144	157	159	160
AT2G26975	581	973	413	489	428	567
AT2G26980	3214	3025	2324	2503	2924	3702
AT2G26990	1001	862	780	954	1057	1174
AT2G27000	4	0	12	2	2	6
AT2G27010	11	0	4	3	1	0
AT2G27020	1274	2084	1098	1248	1633	1369
AT2G27030	1551	1774	1252	1337	1491	1497
AT2G27035	33	27	30	19	13	13
AT2G27040	1448	839	1097	1102	1096	1024
AT2G27050	2601	1324	1929	2351	1860	2608
AT2G27060	567	192	456	584	573	601
AT2G27070	0	0	0	0	0	0
AT2G27080	444	238	410	262	192	231
AT2G27090	657	239	453	588	561	557
AT2G27100	1232	469	946	1140	1224	1228
AT2G27110	555	230	436	498	516	633
AT2G27120	1	0	0	0	2	3
AT2G27130	68	55	57	46	56	73
AT2G27140	59	96	77	67	129	112
AT2G27145	0	0	0	0	0	0
AT2G27150	610	139	489	553	673	660
AT2G27160	0	0	0	0	0	0
AT2G27170	1346	927	1078	1208	1481	1424
AT2G27180	7	3	1	4	1	9
AT2G27190	2523	435	2088	1272	671	776
AT2G27200	418	123	355	300	218	213
AT2G27210	795	278	622	718	602	735
AT2G27220	2	1	6	3	2	2
AT2G27229	3	4	1	3	9	4
AT2G27230	1069	372	849	807	712	767
AT2G27240	0	0	0	2	0	0
AT2G27250	0	0	0	2	0	0
AT2G27260	385	301	369	333	264	341
AT2G27270	2	0	1	0	0	0
AT2G27280	6	1	2	1	0	0
AT2G27285	850	683	625	790	591	730
AT2G27290	966	1431	707	815	947	1217
AT2G27300	17	11	11	7	2	7
AT2G27310	284	178	245	427	152	169
AT2G27313	0	0	0	2	0	0
AT2G27315	0	0	0	0	0	0
AT2G27320	0	0	0	0	1	0
AT2G27330	190	224	161	204	197	197
AT2G27340	251	112	181	152	135	167
AT2G27350	965	356	760	824	648	709
AT2G27360	193	182	156	154	372	235
AT2G27370	12	4	2	2	3	1
AT2G27380	0	0	1	0	0	0
AT2G27385	3627	5305	2724	2242	2845	4240
AT2G27389	1	0	0	1	0	0
AT2G27390	0	0	0	0	0	0
AT2G27400	169	112	123	166	157	149
AT2G27402	390	1333	339	687	1180	964
AT2G27410	0	0	0	0	0	0
AT2G27420	0	12	1	0	16	7
AT2G27430	33	75	27	26	34	57
AT2G27450	776	609	696	779	762	871
AT2G27460	463	256	430	478	539	528
AT2G27470	418	441	303	317	316	287
AT2G27480	65	72	46	54	48	60
AT2G27490	179	183	145	155	156	142
AT2G27500	1006	468	804	1236	684	993
AT2G27505	8	0	1	5	2	2
AT2G27507	0	0	0	0	0	0
AT2G27510	425	370	278	376	310	205
AT2G27520	0	0	0	0	0	0
AT2G27530	3460	4543	2509	3853	4685	3997
AT2G27535	0	0	0	0	0	0
AT2G27540	0	0	0	0	0	0
AT2G27550	27	1	23	11	2	3
AT2G27560	0	0	0	0	0	0
AT2G27570	0	0	0	0	0	0
AT2G27580	301	563	291	350	352	397
AT2G27590	183	129	114	155	128	149
AT2G27600	2278	1601	1774	2118	2242	2397
AT2G27610	53	9	35	50	38	40
AT2G27630	9	0	8	2	3	2
AT2G27650	1	0	0	0	3	2
AT2G27660	13	7	10	85	168	21
AT2G27670	0	0	0	0	0	0
AT2G27680	2323	2203	1764	2317	2920	3426
AT2G27690	26	96	25	44	54	67
AT2G27700	0	0	0	0	0	0
AT2G27710	1434	3153	1072	1556	2010	1595
AT2G27720	1648	3711	1307	1811	1910	1742
AT2G27730	1363	1714	1031	1286	1419	1258
AT2G27740	58	37	34	39	25	29
AT2G27750	0	1	0	0	0	0
AT2G27760	197	130	147	148	131	154
AT2G27770	214	183	161	195	250	256
AT2G27775	252	185	212	237	265	190
AT2G27780	0	0	0	0	0	0
AT2G27790	123	117	73	76	87	67
AT2G27800	62	40	31	59	74	74
AT2G27810	620	325	537	548	791	768
AT2G27820	445	265	401	377	429	443
AT2G27830	558	422	462	795	257	426
AT2G27840	340	171	287	353	280	186
AT2G27850	0	0	0	0	0	0
AT2G27860	5965	5461	4607	6595	4434	5472
AT2G27880	6	0	6	3	4	5
AT2G27900	1322	489	991	1190	1139	1254
AT2G27920	145	100	132	143	199	187
AT2G27930	43	30	26	44	23	42
AT2G27940	2	0	1	0	0	0
AT2G27950	918	289	737	757	674	796
AT2G27960	508	593	408	476	534	542
AT2G27970	117	194	67	102	156	95
AT2G27980	659	277	505	567	563	672
AT2G27990	87	27	46	40	65	63
AT2G28000	5631	8762	4689	6690	15639	12324
AT2G28010	0	0	0	0	0	0
AT2G28020	0	0	0	0	0	1
AT2G28030	0	0	0	0	0	0
AT2G28040	16	11	17	6	11	17
AT2G28050	57	22	36	69	51	56
AT2G28056	1	0	0	0	0	0
AT2G28060	275	244	220	221	195	263
AT2G28070	716	160	540	567	372	479
AT2G28080	386	262	383	314	235	252
AT2G28085	9	2	12	6	0	1
AT2G28090	0	0	0	0	0	0
AT2G28100	273	154	235	236	281	315
AT2G28105	27	28	19	25	21	24
AT2G28110	145	55	116	148	61	94
AT2G28120	213	349	202	320	346	507
AT2G28130	188	161	120	164	195	267
AT2G28140	64	39	54	39	52	52
AT2G28150	560	679	492	451	473	661
AT2G28160	23	12	14	12	2	4
AT2G28170	0	0	0	0	0	0
AT2G28180	0	2	0	0	0	0
AT2G28190	207	227	152	199	363	284
AT2G28200	152	142	136	195	159	210
AT2G28210	11	7	7	34	29	14
AT2G28220	2	0	0	0	0	0
AT2G28225	1	0	0	0	0	0
AT2G28230	260	195	160	219	215	223
AT2G28240	380	88	302	254	320	367
AT2G28250	169	70	130	83	97	123
AT2G28260	188	55	165	107	109	114
AT2G28270	0	0	0	0	0	0
AT2G28290	3353	689	2614	3213	3298	3814
AT2G28305	753	590	529	456	314	477
AT2G28310	676	369	511	506	498	582
AT2G28315	75	52	46	47	54	59
AT2G28320	500	149	346	381	393	404
AT2G28330	35	25	31	33	22	35
AT2G28340	0	1	0	1	1	0
AT2G28350	269	170	219	216	261	257
AT2G28355	0	0	0	0	0	0
AT2G28360	806	268	685	742	581	686
AT2G28370	430	446	360	410	269	330
AT2G28380	1052	452	780	847	808	804
AT2G28390	1060	502	820	955	931	1006
AT2G28400	578	83	425	303	23	45
AT2G28405	0	0	0	0	0	0
AT2G28410	284	140	249	191	163	198
AT2G28420	12	3	20	10	16	7
AT2G28426	3	1	1	7	3	6
AT2G28430	201	356	138	167	194	204
AT2G28440	83	69	55	64	45	34
AT2G28450	1076	511	835	1060	1002	1011
AT2G28460	23	14	27	34	28	28
AT2G28470	1511	791	1342	1290	2268	2085
AT2G28480	313	268	194	238	241	253
AT2G28490	15	0	19	2	0	1
AT2G28500	138	16	122	79	43	45
AT2G28510	279	137	240	292	235	253
AT2G28520	654	189	562	621	569	676
AT2G28540	838	330	701	808	863	884
AT2G28550	1434	657	1158	800	839	1079
AT2G28560	18	9	17	5	28	38
AT2G28570	92	41	69	68	93	73
AT2G28580	45	6	70	31	20	34
AT2G28590	48	25	28	41	24	27
AT2G28600	496	373	356	508	427	443
AT2G28605	625	941	449	551	773	802
AT2G28610	5	5	1	5	4	5
AT2G28620	277	148	252	305	495	421
AT2G28625	0	0	0	0	0	1
AT2G28630	805	1755	676	1657	2966	2140
AT2G28640	0	0	0	2	1	0
AT2G28650	20	37	22	22	31	36
AT2G28660	444	188	342	335	201	225
AT2G28670	14	0	2	5	2	5
AT2G28671	6	4	2	4	0	2
AT2G28680	0	0	0	0	0	0
AT2G28690	2	1	6	3	3	1
AT2G28700	0	0	0	0	0	0
AT2G28710	11	8	13	8	5	14
AT2G28720	1581	1244	1327	1310	703	968
AT2G28725	0	0	1	0	0	0
AT2G28730	0	0	0	0	0	0
AT2G28740	577	1080	478	636	739	736
AT2G28755	4	9	1	6	9	2
AT2G28760	216	115	186	160	186	201
AT2G28770	0	0	0	0	0	0
AT2G28780	20	19	11	36	48	52
AT2G28790	395	326	353	394	449	300
AT2G28800	9641	9472	7379	9442	9949	13741
AT2G28810	490	130	394	349	272	356
AT2G28815	77	49	39	64	40	40
AT2G28830	235	70	198	268	99	131
AT2G28840	9333	2970	6924	7531	3102	4081
AT2G28850	0	0	0	0	0	0
AT2G28860	5	0	2	0	0	2
AT2G28870	123	57	115	90	45	53
AT2G28880	173	51	121	121	189	160
AT2G28890	557	296	428	612	596	548
AT2G28900	4097	1394	3173	2793	793	1301
AT2G28910	7313	9289	5161	5763	3427	4841
AT2G28920	0	0	0	0	0	2
AT2G28930	320	415	278	308	372	458
AT2G28940	357	168	271	291	160	255
AT2G28950	1610	1108	1283	1230	1100	1072
AT2G28960	2	2	1	8	5	4
AT2G28970	0	0	0	10	2	1
AT2G28990	1	0	2	3	1	2
AT2G29000	0	0	1	0	0	0
AT2G29020	712	550	600	711	498	564
AT2G29030	0	0	0	0	0	0
AT2G29040	0	0	0	0	0	0
AT2G29045	0	0	0	0	0	0
AT2G29050	142	153	125	145	163	212
AT2G29060	27	19	23	41	19	23
AT2G29065	98	19	74	70	49	47
AT2G29070	164	77	125	166	74	87
AT2G29080	1410	960	1166	1392	1864	1725
AT2G29090	91	83	78	77	73	135
AT2G29100	4	0	6	10	0	0
AT2G29110	7	1	3	7	4	0
AT2G29120	152	103	109	165	312	257
AT2G29125	59	44	42	44	46	35
AT2G29130	3	7	6	6	9	7
AT2G29140	934	341	681	779	606	656
AT2G29150	0	0	0	0	0	0
AT2G29170	24	58	13	36	26	64
AT2G29180	301	715	245	307	576	628
AT2G29190	756	180	623	714	629	644
AT2G29200	375	136	265	333	380	283
AT2G29210	1895	1069	1483	1639	1697	1780
AT2G29220	0	0	0	0	0	0
AT2G29250	0	0	0	0	0	0
AT2G29260	40	25	26	28	39	13
AT2G29263	0	0	0	0	0	0
AT2G29290	938	1955	800	1561	1416	2844
AT2G29300	184	302	108	186	156	355
AT2G29310	523	580	382	460	525	590
AT2G29320	389	297	290	343	271	330
AT2G29330	15	5	2	7	4	5
AT2G29340	630	613	562	622	953	765
AT2G29350	31	50	19	252	47	53
AT2G29360	823	791	647	715	632	951
AT2G29370	2	12	1	2	16	16
AT2G29380	7	1	11	2	0	0
AT2G29390	426	358	345	384	363	387
AT2G29400	2195	1224	1704	2221	1532	1881
AT2G29410	17	2	8	8	7	6
AT2G29420	105	100	67	50	54	43
AT2G29430	0	0	0	0	0	0
AT2G29440	25	19	9	17	26	28
AT2G29450	613	1062	483	877	995	805
AT2G29452	0	0	0	0	0	0
AT2G29460	102	29	35	195	35	25
AT2G29470	9	1	1	47	0	0
AT2G29480	1	1	2	1	0	1
AT2G29485	0	0	0	0	0	0
AT2G29490	344	134	311	135	63	77
AT2G29500	53	83	26	62	50	82
AT2G29510	1582	528	1370	1466	1408	1804
AT2G29520	0	0	0	0	0	0
AT2G29525	181	58	117	132	108	126
AT2G29530	394	345	306	333	329	186
AT2G29540	240	194	135	196	237	172
AT2G29550	1535	862	1242	1542	1826	1483
AT2G29560	447	293	326	459	542	485
AT2G29570	211	244	162	277	365	256
AT2G29580	402	155	352	364	435	400
AT2G29590	64	75	50	62	73	77
AT2G29600	0	0	0	0	0	0
AT2G29605	0	0	0	0	0	0
AT2G29620	9	1	4	4	1	4
AT2G29628	0	0	0	0	0	0
AT2G29630	7468	1103	6353	5827	2119	2905
AT2G29640	91	56	89	70	98	78
AT2G29650	781	1527	698	840	1579	1769
AT2G29654	0	0	0	0	0	0
AT2G29660	188	129	163	164	137	128
AT2G29670	1656	1897	1376	1979	2087	3882
AT2G29679	0	0	0	0	0	0
AT2G29680	60	32	60	101	91	94
AT2G29690	510	331	423	566	681	714
AT2G29700	427	657	333	366	412	424
AT2G29710	11	15	5	6	7	9
AT2G29720	326	88	257	366	127	139
AT2G29730	164	192	151	197	186	178
AT2G29735	0	0	0	0	0	0
AT2G29740	12	128	10	22	133	100
AT2G29750	10	1	21	8	8	7
AT2G29760	159	47	151	147	168	96
AT2G29770	0	0	0	0	0	0
AT2G29780	0	0	0	0	0	0
AT2G29790	0	0	0	0	0	0
AT2G29800	0	0	0	0	0	0
AT2G29810	0	0	0	0	0	0
AT2G29820	0	0	0	0	0	0
AT2G29830	0	0	0	0	0	0
AT2G29840	0	0	0	0	0	0
AT2G29850	0	0	0	0	0	0
AT2G29860	0	0	0	0	0	0
AT2G29870	2	0	3	0	0	0
AT2G29880	0	0	0	0	0	0
AT2G29890	435	167	311	336	509	487
AT2G29900	179	128	155	113	161	156
AT2G29910	154	125	157	138	122	170
AT2G29920	0	0	0	0	0	0
AT2G29925	0	0	0	0	0	0
AT2G29930	0	0	0	0	0	0
AT2G29940	100	19	84	93	64	100
AT2G29950	1	0	1	0	0	0
AT2G29960	1462	1164	1084	1195	908	1029
AT2G29970	884	290	672	648	667	840
AT2G29980	5208	2326	3914	4343	2584	2737
AT2G29990	153	60	135	87	96	113
AT2G29995	68	52	43	55	72	63
AT2G30000	209	188	119	120	105	99
AT2G30010	650	1229	452	618	1509	1680
AT2G30020	1806	284	1622	940	189	411
AT2G30040	210	125	129	132	88	137
AT2G30050	539	620	414	593	634	585
AT2G30060	833	658	734	886	718	659
AT2G30070	718	152	602	520	348	422
AT2G30080	45	55	48	50	48	55
AT2G30090	0	0	0	0	0	0
AT2G30100	218	173	128	173	251	284
AT2G30105	409	341	320	370	358	392
AT2G30110	2330	1136	2001	2218	3252	2870
AT2G30115	0	0	0	0	3	0
AT2G30120	172	143	148	146	136	152
AT2G30130	0	0	1	0	0	0
AT2G30140	1051	443	734	806	547	533
AT2G30150	194	174	149	168	313	202
AT2G30160	278	238	220	268	270	306
AT2G30170	478	578	426	491	593	748
AT2G30180	0	0	0	0	0	0
AT2G30190	0	0	0	0	0	0
AT2G30200	1083	811	868	1167	1518	1312
AT2G30210	42	13	30	15	56	28
AT2G30220	0	0	3	0	0	0
AT2G30230	145	218	139	209	94	140
AT2G30240	0	0	0	0	0	0
AT2G30250	766	294	685	743	549	580
AT2G30260	1053	1202	817	1067	902	1154
AT2G30270	346	328	246	279	312	313
AT2G30280	305	326	242	286	259	258
AT2G30290	0	0	0	0	0	0
AT2G30300	0	0	0	0	0	0
AT2G30310	0	0	0	0	0	0
AT2G30320	237	268	209	256	409	339
AT2G30330	174	154	130	135	102	154
AT2G30340	0	1	11	3	2	2
AT2G30350	272	252	228	224	263	373
AT2G30360	0	0	0	0	0	0
AT2G30362	6	0	0	1	1	0
AT2G30370	82	42	69	36	21	37
AT2G30380	6	2	2	3	3	4
AT2G30385	0	0	0	0	0	0
AT2G30390	1245	789	997	1191	1534	1370
AT2G30395	9	20	17	16	19	10
AT2G30400	36	7	23	20	18	15
AT2G30410	533	783	450	463	455	520
AT2G30420	40	25	37	17	18	21
AT2G30424	145	194	116	96	139	144
AT2G30430	0	0	0	0	0	0
AT2G30432	28	13	15	2	8	5
AT2G30440	4162	1970	3289	3540	2262	3054
AT2G30450	0	0	0	0	0	0
AT2G30460	228	106	165	195	192	213
AT2G30470	937	717	772	801	647	857
AT2G30480	265	73	187	238	223	213
AT2G30490	1754	2257	1387	1905	3348	2689
AT2G30500	2037	1338	1456	1233	1217	1493
AT2G30505	46	24	49	39	24	22
AT2G30520	1273	3360	1225	1696	3739	4972
AT2G30530	507	350	385	492	379	507
AT2G30540	200	37	171	68	20	30
AT2G30550	530	368	373	464	399	436
AT2G30560	5	6	3	3	1	3
AT2G30570	43338	79784	33047	39672	35393	59744
AT2G30575	341	139	252	341	326	363
AT2G30580	191	87	167	177	241	269
AT2G30590	692	666	481	719	786	980
AT2G30600	1815	1132	1433	4476	2918	6110
AT2G30615	2	13	2	7	6	6
AT2G30620	3460	2770	2792	2815	2276	2661
AT2G30630	4	1	1	9	3	3
AT2G30650	1	0	3	1	1	0
AT2G30660	6	1	3	3	3	5
AT2G30670	13	16	14	14	16	10
AT2G30680	2	0	0	1	0	1
AT2G30690	5	5	2	5	4	7
AT2G30695	503	916	439	474	924	953
AT2G30700	765	224	594	716	521	522
AT2G30710	374	187	335	315	317	357
AT2G30720	439	237	326	418	289	369
AT2G30730	0	0	0	0	2	0
AT2G30740	983	576	746	955	831	859
AT2G30750	10	3	5	209	26	4
AT2G30760	0	3	1	0	6	2
AT2G30766	11	148	12	16	455	158
AT2G30770	12	1	9	210	0	0
AT2G30780	316	141	223	278	255	252
AT2G30790	120	69	91	66	64	87
AT2G30800	716	260	572	678	711	790
AT2G30810	0	0	0	0	0	0
AT2G30820	37	10	27	31	59	56
AT2G30830	1	0	0	0	3	1
AT2G30840	28	2	28	22	5	15
AT2G30850	0	0	0	0	0	0
AT2G30860	16079	15838	12276	12267	12906	10624
AT2G30870	7803	5821	6061	7029	4800	4455
AT2G30880	646	279	531	619	577	665
AT2G30890	90	42	89	121	90	110
AT2G30900	5	0	2	2	5	2
AT2G30910	240	211	201	179	154	160
AT2G30920	174	107	146	133	177	169
AT2G30925	0	0	0	0	0	0
AT2G30930	1385	3688	1180	1669	2137	2602
AT2G30933	21	14	33	26	19	10
AT2G30940	0	1	2	0	0	0
AT2G30942	28	70	19	12	27	43
AT2G30945	22	27	13	15	12	15
AT2G30950	9856	12227	7731	9575	13143	16352
AT2G30960	105	177	102	120	70	98
AT2G30970	1177	895	940	1054	1594	1387
AT2G30980	1885	1120	1479	1761	1760	1990
AT2G30984	0	0	0	0	0	0
AT2G30985	0	0	0	0	0	0
AT2G30990	1235	792	1001	1309	1265	1540
AT2G31005	0	0	0	0	0	0
AT2G31010	771	361	636	925	562	972
AT2G31018	0	0	0	0	0	0
AT2G31020	31	28	24	41	48	40
AT2G31030	3	0	0	0	0	0
AT2G31035	0	0	0	0	0	0
AT2G31040	2303	1568	1898	2136	2020	2458
AT2G31050	0	0	0	0	0	0
AT2G31060	835	313	667	827	1009	714
AT2G31070	718	438	597	550	1004	1218
AT2G31081	0	0	0	0	0	0
AT2G31082	0	0	0	0	0	0
AT2G31083	1	0	0	0	0	0
AT2G31085	3	7	2	5	1	1
AT2G31090	189	294	179	155	147	170
AT2G31100	0	0	0	1	0	2
AT2G31110	144	151	143	160	190	262
AT2G31130	259	185	206	232	146	228
AT2G31140	353	395	310	354	385	360
AT2G31141	13	29	6	10	22	22
AT2G31150	702	367	484	497	610	725
AT2G31160	66	50	33	43	63	53
AT2G31170	481	495	423	455	779	694
AT2G31180	13	0	10	3	3	0
AT2G31190	305	179	222	252	358	306
AT2G31200	544	648	453	420	474	445
AT2G31210	3	0	6	0	0	2
AT2G31215	0	0	0	0	0	0
AT2G31220	4	9	7	4	14	10
AT2G31230	266	250	221	281	101	126
AT2G31240	371	257	268	287	316	314
AT2G31250	9	9	8	25	15	15
AT2G31260	553	203	511	604	434	475
AT2G31265	0	0	0	0	0	0
AT2G31270	196	76	207	223	237	138
AT2G31280	831	166	545	513	445	493
AT2G31290	187	75	151	110	102	160
AT2G31300	135	78	88	95	85	89
AT2G31305	150	180	125	120	104	137
AT2G31310	0	0	0	0	0	0
AT2G31320	245	117	209	246	422	343
AT2G31335	0	0	0	0	1	0
AT2G31340	215	83	183	220	240	186
AT2G31345	0	0	0	0	0	0
AT2G31350	1020	652	773	806	484	791
AT2G31360	3429	2410	2653	2922	1912	2279
AT2G31370	1109	434	829	972	1046	1133
AT2G31380	104	490	81	81	522	536
AT2G31390	400	430	323	366	497	436
AT2G31400	3270	2259	2659	3657	7456	6133
AT2G31410	1282	1500	1021	1228	1287	1036
AT2G31420	0	0	0	0	1	0
AT2G31425	0	0	0	0	0	0
AT2G31430	0	0	0	0	0	0
AT2G31432	0	0	0	0	0	0
AT2G31440	323	261	263	235	189	228
AT2G31450	265	119	233	249	227	267
AT2G31460	0	0	0	0	0	0
AT2G31470	0	0	0	0	0	0
AT2G31480	3	0	0	0	0	0
AT2G31490	1616	2236	1181	1286	1287	1564
AT2G31500	0	1	0	0	1	1
AT2G31510	1535	526	1218	1236	1004	1296
AT2G31530	461	196	367	422	385	419
AT2G31540	0	1	0	0	0	0
AT2G31550	0	0	0	1	0	1
AT2G31560	251	139	193	163	182	181
AT2G31570	1348	2066	1007	1428	2160	1964
AT2G31580	265	144	216	247	229	278
AT2G31585	117	58	84	69	52	54
AT2G31590	2	0	3	5	0	1
AT2G31600	148	37	118	109	62	108
AT2G31610	3018	3617	2535	2883	3877	3179
AT2G31620	0	0	0	0	0	1
AT2G31650	168	66	135	201	191	190
AT2G31660	1234	304	1009	1282	1275	1169
AT2G31670	1005	1276	846	899	1406	1016
AT2G31680	367	286	312	397	190	262
AT2G31690	0	0	0	0	0	0
AT2G31700	0	0	0	0	0	0
AT2G31710	195	196	130	147	114	138
AT2G31720	0	0	0	1	0	0
AT2G31725	167	164	95	116	146	150
AT2G31730	278	401	194	227	345	394
AT2G31740	462	189	382	430	483	506
AT2G31750	0	0	0	0	0	2
AT2G31751	110	10	95	73	67	67
AT2G31760	0	0	0	0	0	0
AT2G31770	0	0	0	0	0	0
AT2G31780	0	0	0	1	0	0
AT2G31790	727	476	561	660	1433	926
AT2G31800	2929	1772	2151	3204	1620	2560
AT2G31810	3225	2220	2647	4708	2928	4590
AT2G31820	1105	251	867	1015	832	964
AT2G31830	32	3	29	25	43	27
AT2G31840	730	943	655	751	947	872
AT2G31850	0	0	0	1	0	0
AT2G31862	2	0	0	0	0	0
AT2G31865	136	13	97	106	54	53
AT2G31870	216	78	118	143	122	111
AT2G31880	2806	256	2324	3519	859	1040
AT2G31890	647	521	468	641	1104	1033
AT2G31900	90	10	61	70	66	70
AT2G31902	32	3	24	20	6	20
AT2G31910	5	0	2	7	0	2
AT2G31920	2	0	2	1	0	0
AT2G31930	2	0	0	0	0	0
AT2G31940	8	3	6	4	6	3
AT2G31945	56	38	33	94	8	25
AT2G31953	1	0	1	0	0	0
AT2G31955	633	428	410	492	396	394
AT2G31957	0	1	0	0	0	0
AT2G31960	2216	424	1989	2140	2121	2452
AT2G31970	1028	277	757	931	1076	1031
AT2G31980	214	17	173	89	20	36
AT2G31981	0	0	0	0	0	0
AT2G31985	0	0	0	0	0	0
AT2G31990	114	42	79	74	27	22
AT2G32000	541	226	445	502	474	543
AT2G32010	394	105	351	297	275	358
AT2G32020	25	34	13	36	18	27
AT2G32030	105	72	82	179	23	56
AT2G32040	574	398	502	534	532	553
AT2G32050	3	0	0	0	0	0
AT2G32060	1058	1611	816	1019	1147	898
AT2G32070	637	457	463	595	540	558
AT2G32080	2218	1985	1514	1761	1742	2274
AT2G32090	390	485	345	289	246	368
AT2G32100	88	245	83	66	213	261
AT2G32110	0	0	0	0	0	0
AT2G32120	61	41	53	71	64	76
AT2G32130	0	0	1	0	0	0
AT2G32140	37	2	31	61	2	6
AT2G32150	1091	1191	877	1665	732	1504
AT2G32160	28	38	37	47	47	91
AT2G32170	823	390	592	745	789	733
AT2G32179	12	9	13	18	29	39
AT2G32180	0	0	0	0	0	0
AT2G32190	34	45	29	72	35	29
AT2G32200	23	29	25	37	5	18
AT2G32210	153	36	116	165	28	24
AT2G32220	183	126	183	196	99	81
AT2G32230	1134	946	954	1305	2422	1977
AT2G32235	48	28	39	25	32	34
AT2G32240	3562	1163	2887	4054	3484	3434
AT2G32250	440	150	353	408	357	377
AT2G32260	1820	866	1356	1089	791	859
AT2G32270	6	11	2	6	16	5
AT2G32273	0	0	0	0	0	0
AT2G32275	0	0	0	0	0	0
AT2G32280	50	11	27	56	18	13
AT2G32290	16	8	9	14	36	20
AT2G32295	157	56	122	136	118	91
AT2G32300	21	28	21	6	25	30
AT2G32310	0	0	0	1	0	0
AT2G32315	2	0	0	0	0	2
AT2G32320	448	114	310	400	278	317
AT2G32340	132	47	84	96	63	122
AT2G32350	4	0	0	1	0	0
AT2G32360	0	0	0	0	0	0
AT2G32370	0	0	0	0	0	1
AT2G32380	86	101	62	79	85	88
AT2G32390	220	87	189	230	187	197
AT2G32400	277	93	258	253	306	230
AT2G32410	148	60	117	131	132	134
AT2G32415	291	226	252	303	293	351
AT2G32430	81	26	53	52	42	43
AT2G32440	761	389	559	640	491	733
AT2G32450	280	164	249	291	395	554
AT2G32460	0	0	3	1	0	1
AT2G32470	4	1	1	2	0	0
AT2G32480	728	577	563	663	846	898
AT2G32487	102	43	66	77	34	41
AT2G32500	361	606	249	360	552	635
AT2G32510	16	10	23	5	3	5
AT2G32520	702	756	565	632	612	577
AT2G32530	70	47	64	89	108	72
AT2G32540	164	91	124	165	244	213
AT2G32550	0	24	2	6	18	23
AT2G32560	476	537	332	645	485	741
AT2G32580	1001	893	739	897	770	886
AT2G32590	101	60	72	104	197	178
AT2G32600	999	585	717	835	813	878
AT2G32610	2	0	0	0	0	0
AT2G32620	0	0	1	0	0	0
AT2G32630	51	17	63	79	74	69
AT2G32640	319	327	214	254	640	565
AT2G32645	0	0	0	0	0	0
AT2G32650	101	98	77	69	146	101
AT2G32660	35	21	14	87	56	37
AT2G32670	3	7	5	0	1	2
AT2G32680	37	9	18	61	14	5
AT2G32690	2290	2562	2114	1755	2693	2505
AT2G32698	0	0	0	0	0	0
AT2G32700	3116	1044	2385	2943	2549	3215
AT2G32710	771	584	605	795	541	966
AT2G32720	496	441	423	433	558	576
AT2G32730	2557	1471	2090	2542	3881	3527
AT2G32740	5	0	0	6	2	1
AT2G32750	6	5	1	4	1	0
AT2G32760	299	111	186	265	183	300
AT2G32765	122	140	89	53	121	86
AT2G32770	24	8	26	35	29	44
AT2G32780	2	0	1	4	0	0
AT2G32785	0	0	0	0	0	0
AT2G32788	0	0	0	0	0	0
AT2G32790	0	5	4	0	2	1
AT2G32795	83	71	65	74	43	46
AT2G32800	514	245	424	584	359	538
AT2G32810	1194	445	883	1103	1353	1473
AT2G32820	0	0	0	0	0	0
AT2G32830	60	10	50	75	7	10
AT2G32835	0	0	0	0	0	0
AT2G32840	227	148	178	185	182	173
AT2G32850	1281	596	1041	1166	1116	1123
AT2G32860	1333	492	1262	895	730	858
AT2G32870	742	741	626	978	724	1110
AT2G32880	1182	828	993	1133	668	962
AT2G32885	9	3	9	9	4	2
AT2G32890	0	0	0	0	0	0
AT2G32900	496	233	384	411	403	515
AT2G32905	0	0	0	0	0	0
AT2G32910	938	542	812	812	879	1017
AT2G32920	855	638	795	876	838	669
AT2G32930	428	71	323	222	138	126
AT2G32940	56	19	39	37	50	57
AT2G32950	675	189	565	549	597	680
AT2G32960	502	93	382	246	146	111
AT2G32970	634	299	498	537	450	592
AT2G32980	376	358	295	314	241	321
AT2G32990	200	42	173	131	90	49
AT2G33000	10	13	2	5	7	8
AT2G33010	0	0	0	0	0	0
AT2G33020	1	3	6	10	4	3
AT2G33030	0	0	0	0	0	0
AT2G33040	5243	5367	4119	4737	6024	5389
AT2G33050	0	0	0	0	0	0
AT2G33051	4	0	6	10	4	9
AT2G33060	252	139	168	167	274	291
AT2G33070	4	0	0	2	0	0
AT2G33080	1	0	0	6	0	0
AT2G33090	0	0	0	0	0	0
AT2G33100	11	2	0	5	4	3
AT2G33110	79	29	66	63	35	38
AT2G33120	768	477	636	683	560	565
AT2G33130	2	0	2	0	3	3
AT2G33140	0	0	0	0	0	0
AT2G33150	7510	3902	5970	6324	4640	4698
AT2G33160	0	0	1	0	0	0
AT2G33170	751	170	646	694	524	600
AT2G33175	7	3	7	6	5	2
AT2G33180	341	783	258	422	754	621
AT2G33190	0	0	0	0	0	0
AT2G33200	0	0	0	0	0	2
AT2G33205	16	16	9	11	10	10
AT2G33210	601	359	585	608	1362	807
AT2G33220	1301	1557	972	1150	1061	1167
AT2G33230	0	0	1	0	2	2
AT2G33233	0	0	0	0	0	0
AT2G33240	36	6	18	13	11	17
AT2G33250	469	965	340	474	663	874
AT2G33255	433	460	296	351	531	458
AT2G33260	6	6	6	2	6	7
AT2G33270	0	0	0	0	0	0
AT2G33280	6	4	4	1	1	1
AT2G33290	203	68	152	192	157	186
AT2G33300	2	0	0	0	0	0
AT2G33310	368	287	261	311	169	294
AT2G33320	219	115	166	251	125	227
AT2G33330	587	572	426	531	747	801
AT2G33340	2871	1654	2284	2932	2294	2761
AT2G33350	11	11	11	12	11	8
AT2G33360	199	81	194	200	221	262
AT2G33370	891	1376	762	1011	1022	769
AT2G33380	258	47	195	93	85	58
AT2G33385	23	6	10	14	12	15
AT2G33390	386	113	334	318	240	282
AT2G33400	223	295	163	224	329	275
AT2G33410	763	528	540	632	747	770
AT2G33420	0	1	0	0	0	4
AT2G33435	1035	718	1015	956	819	999
AT2G33450	2171	3217	1839	2474	3693	3609
AT2G33460	9	4	7	7	0	1
AT2G33470	714	475	517	573	544	534
AT2G33480	685	462	555	500	298	354
AT2G33490	586	131	427	495	372	424
AT2G33500	399	217	318	299	232	294
AT2G33510	185	268	183	128	158	215
AT2G33520	1	0	0	2	0	0
AT2G33530	212	155	139	103	240	222
AT2G33540	837	301	615	828	791	1017
AT2G33550	261	246	183	187	156	174
AT2G33560	124	172	83	89	227	156
AT2G33570	554	452	418	571	639	743
AT2G33580	724	70	579	727	76	199
AT2G33585	86	127	48	66	85	76
AT2G33590	459	459	342	398	495	497
AT2G33600	288	358	219	291	275	301
AT2G33610	599	649	517	589	529	727
AT2G33620	411	275	267	302	364	392
AT2G33630	876	726	606	668	629	712
AT2G33640	36	11	22	40	53	41
AT2G33650	0	0	0	0	0	0
AT2G33655	0	0	0	0	0	0
AT2G33660	0	0	0	0	0	0
AT2G33670	0	0	0	0	0	0
AT2G33680	126	17	109	114	52	48
AT2G33685	0	0	0	0	0	0
AT2G33690	0	0	0	0	0	0
AT2G33700	405	249	351	324	360	460
AT2G33705	0	0	0	0	0	0
AT2G33710	105	60	79	99	54	101
AT2G33720	4	2	3	4	1	5
AT2G33730	1466	748	1268	1391	1411	1386
AT2G33735	73	52	33	39	57	69
AT2G33740	508	352	332	343	220	273
AT2G33750	13	16	8	8	21	20
AT2G33760	32	1	13	25	10	15
AT2G33770	1457	233	1097	1306	907	892
AT2G33775	2	8	0	5	3	5
AT2G33780	0	0	0	0	0	0
AT2G33790	6	0	5	0	0	0
AT2G33793	77	176	105	84	165	120
AT2G33796	0	0	0	0	0	0
AT2G33800	5007	7732	4184	5582	7778	8232
AT2G33810	0	0	0	0	0	0
AT2G33815	0	0	0	0	0	0
AT2G33820	119	79	113	102	120	116
AT2G33830	26471	7375	20924	21759	1910	5316
AT2G33835	194	115	155	206	201	266
AT2G33840	470	307	382	525	418	404
AT2G33845	218	235	175	220	150	127
AT2G33847	15	4	8	7	5	6
AT2G33850	1551	1551	1368	1298	2107	2356
AT2G33855	167	298	165	184	182	205
AT2G33860	444	203	382	438	373	436
AT2G33870	0	0	0	0	0	0
AT2G33880	2	5	1	2	5	9
AT2G33890	0	0	0	0	0	0
AT2G33900	1	1	2	0	0	0
AT2G33910	0	1	0	0	0	0
AT2G33920	0	0	0	0	0	0
AT2G33930	0	0	0	0	0	0
AT2G33940	0	0	0	0	0	0
AT2G33950	0	0	0	0	0	0
AT2G33960	0	0	0	0	0	0
AT2G33970	0	0	0	0	0	0
AT2G33980	134	64	108	115	88	89
AT2G33990	410	269	275	339	266	338
AT2G34000	0	3	0	0	4	2
AT2G34010	38	59	21	66	63	77
AT2G34020	1	2	3	3	2	6
AT2G34030	0	0	0	0	0	0
AT2G34040	1362	736	1136	1346	1753	1584
AT2G34050	150	115	131	137	150	130
AT2G34060	62	133	48	77	148	134
AT2G34070	841	588	731	701	711	883
AT2G34080	22	17	16	7	14	10
AT2G34090	551	210	489	473	313	388
AT2G34100	0	0	0	0	0	0
AT2G34110	0	0	0	0	0	0
AT2G34120	0	0	0	0	0	0
AT2G34123	0	0	0	0	0	0
AT2G34140	34	4	21	31	19	13
AT2G34150	230	32	161	165	111	112
AT2G34160	296	396	195	244	187	193
AT2G34170	1122	359	835	729	528	820
AT2G34180	26	32	24	28	25	20
AT2G34185	3	6	9	9	6	12
AT2G34186	0	0	0	0	0	0
AT2G34190	135	88	112	116	197	118
AT2G34200	159	86	118	127	96	84
AT2G34202	160	0	113	8	2	5
AT2G34204	0	0	0	1	0	0
AT2G34208	0	0	1	0	0	0
AT2G34210	477	2	324	115	18	22
AT2G34220	15	3	10	9	11	6
AT2G34224	2	2	2	3	3	2
AT2G34230	3	2	7	11	13	9
AT2G34238	8	0	15	5	4	5
AT2G34240	30	4	24	25	16	15
AT2G34250	4042	2243	3220	3749	3479	3206
AT2G34260	269	116	215	271	175	118
AT2G34270	0	0	0	0	0	0
AT2G34280	0	0	0	0	0	0
AT2G34290	0	0	0	0	0	0
AT2G34300	1345	640	1103	1431	1082	1195
AT2G34310	715	669	606	623	709	813
AT2G34315	3	0	0	0	0	0
AT2G34317	0	0	0	0	0	0
AT2G34320	1	0	6	0	0	0
AT2G34325	0	0	0	1	0	0
AT2G34330	0	0	0	0	0	0
AT2G34340	15	20	22	32	10	13
AT2G34350	1	0	0	0	0	0
AT2G34355	117	101	102	77	99	90
AT2G34357	1132	305	899	1177	1480	1080
AT2G34360	21	7	39	13	5	1
AT2G34370	0	0	1	1	1	0
AT2G34380	127	57	75	113	94	108
AT2G34390	2	0	4	4	4	6
AT2G34400	86	45	84	81	51	55
AT2G34410	452	189	331	274	262	339
AT2G34420	0	0	0	0	0	0
AT2G34430	39501	55571	31224	58370	21113	54735
AT2G34440	0	0	0	0	0	0
AT2G34450	92	108	91	78	115	102
AT2G34460	369	1190	329	456	1371	1438
AT2G34470	480	378	379	352	349	386
AT2G34480	7531	11554	5423	7815	10148	8483
AT2G34490	512	385	418	317	663	446
AT2G34500	20	24	27	59	15	40
AT2G34510	1124	1839	920	1005	1509	2689
AT2G34520	388	502	306	389	352	433
AT2G34530	19	19	10	21	23	30
AT2G34540	15	6	7	12	20	16
AT2G34555	0	3	0	2	0	0
AT2G34560	1112	913	830	911	1100	1311
AT2G34570	247	156	230	230	191	142
AT2G34580	1	1	1	1	1	2
AT2G34585	762	907	578	560	367	424
AT2G34590	2203	1913	1615	2326	1525	2084
AT2G34600	39	92	26	30	17	52
AT2G34610	0	0	3	0	0	1
AT2G34620	393	1086	379	401	976	1348
AT2G34630	475	388	397	442	550	456
AT2G34640	1685	1956	1369	1941	3745	2999
AT2G34650	169	33	150	143	53	58
AT2G34655	15	2	11	10	0	9
AT2G34660	1528	493	1205	642	1278	1251
AT2G34670	104	46	84	98	96	86
AT2G34680	1210	493	890	1287	2038	2189
AT2G34690	1106	817	817	972	671	849
AT2G34700	0	0	0	2	2	0
AT2G34710	566	269	438	438	526	628
AT2G34720	581	307	408	291	330	341
AT2G34730	607	355	460	591	518	593
AT2G34740	0	0	0	0	1	0
AT2G34750	1522	901	1328	1570	1426	1707
AT2G34770	838	1276	664	824	739	1274
AT2G34780	442	138	357	468	460	458
AT2G34790	23	7	21	19	41	26
AT2G34810	221	219	230	271	499	333
AT2G34820	0	0	0	0	0	0
AT2G34825	0	0	0	0	0	0
AT2G34830	32	26	15	23	24	27
AT2G34840	346	262	290	315	212	212
AT2G34850	38	7	29	10	9	10
AT2G34860	1430	2860	1091	1419	2036	2458
AT2G34870	1	0	0	0	0	0
AT2G34880	0	0	2	0	0	0
AT2G34890	0	0	0	0	0	0
AT2G34900	654	534	486	711	495	480
AT2G34910	5	3	6	1	0	0
AT2G34920	71	24	69	54	79	70
AT2G34925	43	40	31	20	17	25
AT2G34930	613	179	468	736	467	489
AT2G34940	2	0	0	3	2	1
AT2G34950	0	0	0	0	0	0
AT2G34960	26	18	29	15	36	47
AT2G34970	472	387	414	546	620	569
AT2G34980	31	18	15	14	22	16
AT2G34985	0	0	0	0	0	0
AT2G34990	1	0	5	0	0	0
AT2G35000	12	1	4	9	1	1
AT2G35010	403	377	310	364	432	336
AT2G35020	413	249	322	417	443	447
AT2G35030	85	26	73	107	55	52
AT2G35035	55	20	26	39	20	17
AT2G35040	1508	1121	1108	1452	1945	1593
AT2G35050	4678	1477	3635	5292	4811	6274
AT2G35060	1421	327	1118	790	682	964
AT2G35070	50	2	41	1	0	2
AT2G35075	14	21	10	26	48	78
AT2G35080	0	0	0	0	0	0
AT2G35090	0	0	0	0	0	0
AT2G35100	370	229	245	333	258	300
AT2G35110	1073	410	874	917	1040	1217
AT2G35120	345	527	224	242	309	321
AT2G35130	329	186	244	237	341	449
AT2G35140	27	2	22	25	35	25
AT2G35150	6	11	5	2	6	7
AT2G35155	613	408	423	496	627	574
AT2G35160	88	27	88	100	113	118
AT2G35170	85	57	96	107	103	115
AT2G35190	477	208	347	431	449	342
AT2G35200	4	0	1	2	1	0
AT2G35210	11	7	6	20	7	19
AT2G35215	0	0	0	0	0	0
AT2G35220	0	0	0	0	0	0
AT2G35230	357	132	262	314	271	332
AT2G35240	394	482	369	464	497	382
AT2G35250	3	0	0	0	0	0
AT2G35260	3055	2663	2380	2548	3089	4429
AT2G35270	2	0	0	1	1	1
AT2G35280	0	0	1	0	0	0
AT2G35290	93	114	67	35	42	50
AT2G35300	85	12	77	3	8	8
AT2G35310	29	25	16	22	31	25
AT2G35320	370	326	265	309	300	399
AT2G35330	1113	623	848	994	856	966
AT2G35340	246	71	177	194	147	205
AT2G35343	8	3	2	8	0	2
AT2G35345	7	0	13	9	6	4
AT2G35350	165	43	112	99	125	96
AT2G35360	235	111	149	158	186	179
AT2G35370	5545	9011	4012	4579	5307	6723
AT2G35380	24	5	20	14	9	12
AT2G35382	0	1	1	0	0	0
AT2G35384	0	0	0	1	0	0
AT2G35387	2	0	1	0	0	0
AT2G35390	708	623	581	651	831	920
AT2G35410	1522	1985	1213	1370	2156	2185
AT2G35420	3	4	7	12	17	15
AT2G35430	122	90	61	70	82	64
AT2G35450	564	455	482	536	523	674
AT2G35460	0	0	0	0	1	0
AT2G35470	530	767	405	475	455	572
AT2G35480	132	115	87	96	148	122
AT2G35490	2415	2862	2113	2093	3199	3271
AT2G35500	897	1170	706	951	1496	1496
AT2G35510	1064	330	832	898	592	856
AT2G35520	413	531	347	380	387	407
AT2G35530	382	174	320	288	309	324
AT2G35540	234	155	158	188	190	195
AT2G35550	34	2	32	33	4	9
AT2G35555	1	2	0	1	2	0
AT2G35580	0	0	0	0	0	0
AT2G35585	20	10	22	16	9	17
AT2G35600	46	5	18	24	29	30
AT2G35605	269	192	159	185	194	148
AT2G35610	699	210	512	660	579	531
AT2G35612	1	0	3	0	0	0
AT2G35615	0	0	0	0	0	0
AT2G35620	1047	570	761	828	781	855
AT2G35630	2285	598	1859	2036	2181	2381
AT2G35635	1691	1821	1310	1303	1352	1314
AT2G35637	21	16	30	16	7	2
AT2G35640	0	0	0	0	0	0
AT2G35650	470	246	395	412	395	538
AT2G35658	72	12	45	43	5	11
AT2G35660	59	150	76	52	147	157
AT2G35670	0	0	1	0	0	0
AT2G35680	1686	1000	1357	1399	766	1051
AT2G35690	426	223	342	357	426	521
AT2G35700	92	39	75	26	63	55
AT2G35710	307	53	226	320	44	111
AT2G35720	359	220	282	375	415	335
AT2G35730	2	6	3	10	2	0
AT2G35733	0	0	4	0	0	0
AT2G35736	93	60	66	52	49	54
AT2G35738	13	5	10	18	10	9
AT2G35740	0	0	0	0	0	0
AT2G35742	1	0	2	3	5	0
AT2G35744	29	13	14	30	17	36
AT2G35747	0	0	0	0	0	0
AT2G35750	3	1	6	7	4	7
AT2G35760	73	95	54	64	92	71
AT2G35765	0	3	0	0	0	0
AT2G35770	22	9	11	13	8	15
AT2G35780	1584	1332	1249	1251	1464	1701
AT2G35790	441	359	324	450	463	367
AT2G35795	445	408	282	345	280	340
AT2G35800	866	663	705	1081	878	1269
AT2G35810	233	184	129	180	154	173
AT2G35820	769	629	605	640	486	619
AT2G35830	762	1036	557	605	657	815
AT2G35840	858	642	664	622	1105	1084
AT2G35850	0	0	0	0	0	0
AT2G35859	0	0	1	2	3	0
AT2G35860	59	62	35	29	37	41
AT2G35880	2971	2681	2168	3292	1816	2428
AT2G35890	4	0	5	0	0	0
AT2G35900	470	306	337	351	267	358
AT2G35910	68	55	43	72	55	66
AT2G35920	730	263	551	757	782	887
AT2G35930	355	42	296	387	73	118
AT2G35935	0	0	0	0	0	0
AT2G35940	1738	282	1315	874	725	965
AT2G35945	0	1	4	0	1	1
AT2G35950	22	13	18	12	7	5
AT2G35960	87	142	90	108	201	182
AT2G35965	0	0	0	0	0	0
AT2G35970	1	0	0	0	0	0
AT2G35980	23	0	14	44	0	1
AT2G35990	6	0	4	1	0	1
AT2G36000	1645	1746	1298	1611	2088	2337
AT2G36010	133	57	97	113	141	123
AT2G36020	0	0	3	0	0	0
AT2G36026	57	54	63	51	88	117
AT2G36030	0	0	0	0	0	0
AT2G36050	293	405	236	310	323	564
AT2G36060	1083	1276	862	919	771	848
AT2G36070	718	255	617	652	843	685
AT2G36080	340	241	279	382	330	359
AT2G36090	36	14	44	27	18	10
AT2G36100	18	6	23	7	10	13
AT2G36110	12	3	3	8	2	6
AT2G36120	1165	1085	839	1330	783	832
AT2G36130	545	584	354	399	378	483
AT2G36140	0	0	0	0	0	0
AT2G36145	238	1719	210	390	1171	1258
AT2G36150	0	0	0	0	0	0
AT2G36160	2177	2901	1532	2171	2335	2168
AT2G36170	827	1325	580	818	961	833
AT2G36180	0	0	0	0	0	0
AT2G36190	0	0	0	2	3	0
AT2G36200	275	226	268	322	671	596
AT2G36210	2	2	1	7	3	1
AT2G36220	255	71	273	406	109	160
AT2G36230	383	302	248	272	325	344
AT2G36240	785	564	635	732	615	735
AT2G36250	1548	830	1234	1330	1312	1402
AT2G36255	0	0	0	0	0	0
AT2G36260	0	0	0	0	0	0
AT2G36270	246	17	153	61	10	25
AT2G36280	0	0	0	0	0	0
AT2G36290	256	191	237	218	228	212
AT2G36295	0	0	1	1	1	0
AT2G36300	223	122	233	178	184	182
AT2G36305	75	64	63	49	86	68
AT2G36307	44	29	38	39	64	40
AT2G36310	290	284	235	375	540	465
AT2G36320	930	1045	680	867	531	771
AT2G36325	0	0	0	2	0	0
AT2G36330	161	120	173	171	115	138
AT2G36340	203	106	126	168	143	164
AT2G36350	400	153	377	368	353	323
AT2G36355	40	24	35	23	25	24
AT2G36360	378	156	276	294	317	384
AT2G36370	192	60	147	129	95	123
AT2G36380	1618	241	1360	1120	1271	1173
AT2G36390	4494	552	3461	2467	921	1117
AT2G36400	899	674	711	785	858	1143
AT2G36410	991	698	756	888	624	794
AT2G36420	811	732	612	535	501	594
AT2G36430	370	386	261	331	343	427
AT2G36440	0	0	0	0	0	0
AT2G36450	0	0	0	0	0	0
AT2G36460	3210	3757	2439	3486	3304	3049
AT2G36470	296	91	239	281	155	155
AT2G36480	572	225	415	476	447	487
AT2G36490	1554	584	1331	1463	1466	1721
AT2G36500	44	25	42	45	48	44
AT2G36510	0	0	0	0	0	0
AT2G36520	0	0	0	0	0	0
AT2G36530	11779	8587	9871	8881	13027	9812
AT2G36540	11	37	14	12	32	23
AT2G36550	0	0	0	0	0	0
AT2G36560	0	0	0	0	0	0
AT2G36570	309	176	284	219	307	271
AT2G36580	1464	626	1127	927	1164	1035
AT2G36590	8	3	11	7	27	24
AT2G36600	0	0	0	0	0	0
AT2G36610	2	7	2	5	5	10
AT2G36620	2464	4099	1663	2578	3713	2917
AT2G36630	471	258	350	426	367	486
AT2G36640	21	0	21	0	2	5
AT2G36650	29	7	10	9	9	12
AT2G36660	8	13	8	9	36	28
AT2G36670	323	159	240	260	194	217
AT2G36680	697	451	537	567	515	580
AT2G36690	98	84	89	369	439	163
AT2G36695	2	2	1	1	2	0
AT2G36700	0	0	0	0	0	0
AT2G36710	0	0	2	0	2	0
AT2G36720	982	261	742	774	769	919
AT2G36724	6	0	2	2	0	0
AT2G36730	104	40	85	95	51	53
AT2G36740	746	974	583	591	508	588
AT2G36750	33	70	19	22	83	68
AT2G36760	4	3	0	1	1	0
AT2G36770	108	45	72	80	66	55
AT2G36780	62	17	45	44	27	30
AT2G36790	0	0	0	0	0	0
AT2G36792	3	11	4	7	6	12
AT2G36800	453	320	354	284	414	446
AT2G36810	1049	217	772	893	661	782
AT2G36815	0	4	0	2	0	1
AT2G36830	4198	6298	3421	6474	5119	4404
AT2G36835	462	610	335	399	490	473
AT2G36840	216	74	158	166	130	124
AT2G36850	1356	338	1271	1375	1922	1955
AT2G36854	0	0	0	0	0	0
AT2G36860	0	0	0	0	0	0
AT2G36870	326	337	280	233	569	465
AT2G36880	2854	1443	2298	2252	3611	2447
AT2G36885	168	486	131	109	415	385
AT2G36890	66	19	45	50	56	23
AT2G36895	460	781	328	292	441	735
AT2G36900	547	558	426	539	343	535
AT2G36910	2302	483	1914	1946	2219	2025
AT2G36920	1	0	1	0	0	0
AT2G36930	1233	1149	973	1180	850	1032
AT2G36950	1036	1870	777	1032	919	1084
AT2G36960	332	124	240	285	249	294
AT2G36970	808	126	691	349	210	211
AT2G36980	62	21	37	44	34	25
AT2G36985	11	38	7	11	12	12
AT2G36990	2009	1443	1601	1949	2675	2744
AT2G37000	6	2	4	4	7	0
AT2G37010	0	0	0	0	0	0
AT2G37020	234	265	186	197	280	234
AT2G37025	224	364	139	242	305	471
AT2G37030	15	18	22	29	5	21
AT2G37035	259	180	202	220	194	225
AT2G37040	713	384	551	482	2023	817
AT2G37050	872	279	713	721	815	771
AT2G37060	112	114	75	121	128	114
AT2G37070	20	10	15	20	37	27
AT2G37080	1251	752	907	929	1535	1281
AT2G37090	77	33	72	48	86	77
AT2G37100	69	81	41	52	100	77
AT2G37110	911	903	796	796	652	677
AT2G37120	306	317	224	246	154	185
AT2G37125	0	0	0	0	0	0
AT2G37130	1912	750	1526	1684	1057	1043
AT2G37140	0	0	1	0	0	0
AT2G37150	331	95	273	284	223	284
AT2G37160	382	220	307	313	311	347
AT2G37170	1023	921	875	1022	773	1008
AT2G37180	169	251	157	248	275	288
AT2G37190	2138	3661	1750	2734	2798	2499
AT2G37195	75	85	62	55	48	49
AT2G37200	805	403	616	514	257	362
AT2G37210	25	14	13	5	8	6
AT2G37220	7721	11206	6444	8017	10308	10024
AT2G37230	689	299	499	697	763	636
AT2G37240	352	761	277	207	490	612
AT2G37250	896	562	679	607	608	571
AT2G37260	78	80	59	62	63	98
AT2G37270	1582	1502	1333	1540	1725	1356
AT2G37280	64	24	46	75	87	94
AT2G37290	14	10	11	11	22	14
AT2G37300	153	98	102	73	87	110
AT2G37310	119	30	103	115	64	47
AT2G37320	54	18	59	63	32	37
AT2G37330	138	101	101	127	77	139
AT2G37340	1769	1117	1211	1339	1035	1162
AT2G37360	0	0	0	0	0	0
AT2G37362	7	8	5	0	5	1
AT2G37370	2	3	7	5	3	3
AT2G37380	59	28	40	49	66	68
AT2G37390	108	86	82	76	164	109
AT2G37400	530	333	408	539	448	371
AT2G37410	1455	871	1102	1411	851	1061
AT2G37420	249	137	230	237	499	368
AT2G37430	68	26	66	189	0	38
AT2G37435	0	0	0	0	2	0
AT2G37440	4	0	7	1	2	0
AT2G37450	692	333	557	504	520	642
AT2G37460	159	168	176	192	288	257
AT2G37470	274	725	190	354	386	486
AT2G37480	2626	1720	2106	2420	1665	2284
AT2G37500	596	396	476	527	585	525
AT2G37510	130	136	78	99	95	80
AT2G37520	533	157	510	573	425	471
AT2G37530	5	30	10	19	10	14
AT2G37540	162	184	125	138	224	247
AT2G37550	928	483	668	815	863	936
AT2G37555	2	2	0	4	0	2
AT2G37560	50	22	29	42	41	19
AT2G37570	1116	634	808	823	923	1041
AT2G37580	110	49	96	56	32	26
AT2G37585	241	121	225	254	227	260
AT2G37590	41	32	35	54	35	46
AT2G37600	438	656	312	481	484	399
AT2G37610	2	3	2	5	3	2
AT2G37620	257	249	218	284	476	415
AT2G37630	1688	781	1210	985	963	957
AT2G37640	2172	944	1508	1324	613	590
AT2G37650	225	90	164	141	97	141
AT2G37660	4979	7495	3807	5330	6780	6880
AT2G37670	15	4	12	13	7	13
AT2G37678	414	426	308	414	271	316
AT2G37680	229	217	173	205	199	245
AT2G37690	343	184	295	436	629	432
AT2G37700	3	0	1	4	2	0
AT2G37710	1149	320	938	824	541	503
AT2G37720	0	1	1	0	2	0
AT2G37730	0	0	0	0	0	0
AT2G37740	2	0	3	6	1	1
AT2G37750	29	14	14	20	4	5
AT2G37760	915	317	781	485	537	379
AT2G37770	168	50	150	87	97	62
AT2G37780	0	0	0	0	0	0
AT2G37790	229	286	149	221	268	244
AT2G37800	0	0	0	0	0	0
AT2G37805	0	0	0	1	0	0
AT2G37810	0	0	0	0	0	0
AT2G37820	0	0	2	1	0	0
AT2G37840	855	297	657	639	530	692
AT2G37860	526	244	362	387	398	355
AT2G37870	21	2	48	0	12	0
AT2G37880	14	5	9	5	8	6
AT2G37890	430	57	311	193	62	63
AT2G37900	14	8	18	17	13	21
AT2G37910	0	0	0	0	0	0
AT2G37920	454	916	365	477	646	735
AT2G37925	4	3	4	2	0	5
AT2G37930	262	80	227	197	110	154
AT2G37940	2390	731	1658	2111	656	719
AT2G37950	25	42	14	27	13	22
AT2G37960	22	17	23	32	50	31
AT2G37970	74	94	50	42	126	80
AT2G37975	308	347	213	250	238	250
AT2G37980	152	0	116	77	25	11
AT2G37990	1017	587	904	1058	983	840
AT2G38000	456	372	357	415	332	477
AT2G38010	150	53	132	105	162	123
AT2G38020	918	445	690	789	785	860
AT2G38025	365	626	284	367	529	608
AT2G38030	0	0	0	0	0	0
AT2G38040	5611	3688	4501	6281	5678	8045
AT2G38050	259	270	217	213	243	256
AT2G38060	5	2	3	9	11	4
AT2G38070	107	42	109	88	87	77
AT2G38080	183	75	142	126	224	203
AT2G38090	213	44	162	147	83	74
AT2G38100	1	2	2	0	0	2
AT2G38110	184	194	149	133	181	205
AT2G38120	1754	932	1590	1694	1614	2024
AT2G38130	351	340	283	347	295	337
AT2G38140	2841	6421	2399	2889	3729	3986
AT2G38150	0	0	0	0	0	0
AT2G38152	2	0	3	5	3	2
AT2G38160	71	35	49	52	86	66
AT2G38170	5652	2459	4684	4390	3351	4234
AT2G38180	460	187	335	319	169	199
AT2G38185	93	36	81	74	67	108
AT2G38195	0	1	0	0	0	1
AT2G38210	22	15	9	16	3	5
AT2G38220	1	0	0	1	0	1
AT2G38230	1348	2876	1068	1391	1638	2615
AT2G38240	3	11	1	59	4	10
AT2G38250	69	51	33	42	73	65
AT2G38255	4	4	7	7	5	0
AT2G38270	888	1457	713	988	1592	1485
AT2G38280	1486	493	1123	1261	1452	1338
AT2G38290	327	181	264	302	249	287
AT2G38300	130	157	124	146	120	163
AT2G38310	1949	5681	1718	2282	4514	4816
AT2G38320	36	67	51	61	96	62
AT2G38325	0	1	0	0	0	0
AT2G38330	455	370	314	422	423	533
AT2G38340	3	2	3	2	2	1
AT2G38350	1	0	0	3	0	0
AT2G38360	302	196	299	345	214	166
AT2G38365	0	0	0	0	0	0
AT2G38370	496	286	354	377	315	414
AT2G38380	110	26	101	34	76	37
AT2G38390	70	13	55	30	37	12
AT2G38400	625	636	475	880	305	910
AT2G38410	705	248	515	539	569	641
AT2G38420	120	56	91	79	100	107
AT2G38430	51	23	45	39	49	44
AT2G38440	1343	230	1142	1420	1555	1705
AT2G38450	248	267	199	222	206	224
AT2G38460	150	124	95	181	146	217
AT2G38465	364	94	295	251	35	47
AT2G38470	11278	844	8312	12590	730	2348
AT2G38480	80	112	69	66	79	114
AT2G38490	9	1	6	14	2	3
AT2G38500	18	45	12	15	38	30
AT2G38510	2	0	0	0	0	0
AT2G38530	1567	717	1396	1306	892	541
AT2G38540	11497	9018	9873	6927	10415	7986
AT2G38550	1065	608	832	845	845	821
AT2G38560	411	282	320	413	430	421
AT2G38570	111	107	68	89	85	95
AT2G38580	434	208	350	310	410	344
AT2G38590	0	0	0	0	0	0
AT2G38600	3	3	3	5	6	1
AT2G38610	547	271	382	444	435	532
AT2G38620	32	43	30	43	97	75
AT2G38630	278	173	197	243	227	238
AT2G38640	180	155	131	140	129	127
AT2G38646	0	0	0	0	0	0
AT2G38650	1244	661	902	1099	1102	1116
AT2G38660	233	144	182	193	217	222
AT2G38670	975	810	835	937	794	793
AT2G38680	186	183	125	134	179	193
AT2G38690	0	0	3	1	0	0
AT2G38695	117	131	77	84	90	97
AT2G38700	1059	818	821	1053	967	1175
AT2G38710	491	316	337	372	377	334
AT2G38720	48	30	23	51	81	64
AT2G38730	148	114	125	112	157	130
AT2G38740	1096	360	778	400	342	353
AT2G38750	212	226	185	154	599	273
AT2G38760	92	59	40	55	111	52
AT2G38770	1172	479	982	1275	1520	1381
AT2G38780	420	441	360	309	579	701
AT2G38790	0	0	0	0	0	0
AT2G38800	3194	1129	2503	2213	1498	2270
AT2G38810	85	150	47	89	133	114
AT2G38820	383	197	253	294	161	244
AT2G38823	64	64	43	52	47	66
AT2G38830	32	32	41	44	41	58
AT2G38840	363	124	265	302	249	339
AT2G38860	580	281	449	570	482	299
AT2G38870	507	414	374	529	669	382
AT2G38880	202	185	138	120	126	137
AT2G38890	4	0	1	1	0	1
AT2G38900	0	0	0	0	0	0
AT2G38905	0	1	0	0	0	0
AT2G38910	0	0	0	0	0	0
AT2G38920	2	1	6	0	2	2
AT2G38940	1520	51	1379	752	167	138
AT2G38950	915	543	623	793	815	881
AT2G38960	294	211	216	244	293	343
AT2G38970	239	147	195	198	243	296
AT2G38995	58	62	40	40	90	102
AT2G39000	1060	982	780	999	498	893
AT2G39010	7431	4876	6013	5736	3754	4880
AT2G39020	411	498	339	404	490	370
AT2G39030	0	0	0	156	17	0
AT2G39040	6	0	1	1	0	0
AT2G39050	165	57	146	73	109	118
AT2G39060	0	0	0	0	0	0
AT2G39080	958	1111	711	899	1427	1242
AT2G39090	318	155	281	257	237	281
AT2G39100	249	194	184	180	147	235
AT2G39110	43	11	26	21	6	13
AT2G39120	37	27	35	45	34	28
AT2G39130	587	159	535	527	338	356
AT2G39140	750	500	585	749	1070	1014
AT2G39160	0	0	0	0	0	0
AT2G39170	580	428	399	442	423	415
AT2G39175	0	0	0	0	0	0
AT2G39180	184	127	118	211	184	192
AT2G39190	1552	1350	1267	1552	2464	2615
AT2G39200	171	30	113	219	509	77
AT2G39210	459	202	373	589	719	364
AT2G39220	173	50	182	148	109	93
AT2G39230	39	8	22	52	44	50
AT2G39240	3	2	6	3	3	1
AT2G39250	215	84	150	93	201	104
AT2G39260	1382	718	1077	1344	1359	1400
AT2G39270	424	237	333	311	173	179
AT2G39280	1185	369	872	909	675	823
AT2G39290	413	314	329	367	535	420
AT2G39300	129	35	110	90	82	105
AT2G39310	1540	1226	1196	1208	1905	2182
AT2G39320	1	7	0	3	1	3
AT2G39330	29	97	19	60	74	110
AT2G39340	1621	400	1144	1352	943	1336
AT2G39350	131	18	111	120	118	67
AT2G39355	0	0	0	0	0	0
AT2G39360	486	228	431	483	405	492
AT2G39370	2	0	0	1	6	2
AT2G39375	4	1	4	2	1	0
AT2G39380	0	0	0	0	0	0
AT2G39390	1044	1548	804	1048	1334	1007
AT2G39400	1251	1226	952	1724	1287	1687
AT2G39410	2	1	5	0	6	8
AT2G39415	1	0	0	0	0	0
AT2G39420	122	69	72	75	53	100
AT2G39430	43	15	14	9	8	8
AT2G39435	137	14	90	105	48	35
AT2G39440	89	127	78	79	98	83
AT2G39445	65	60	56	60	58	71
AT2G39450	984	1249	710	808	828	1123
AT2G39460	4432	5586	3441	5016	7785	5750
AT2G39470	1215	2154	966	1403	1578	2464
AT2G39480	1295	444	964	1137	857	999
AT2G39490	0	0	0	0	0	0
AT2G39500	246	318	161	203	170	209
AT2G39510	119	40	54	85	36	25
AT2G39518	16	16	17	45	53	15
AT2G39520	0	0	0	0	0	0
AT2G39530	0	1	0	8	19	0
AT2G39540	0	0	0	0	0	0
AT2G39550	360	273	245	253	291	322
AT2G39560	38	62	17	25	39	45
AT2G39570	2520	2871	1967	5118	1944	3763
AT2G39580	2053	595	1370	1621	1818	2685
AT2G39590	0	0	0	0	1	0
AT2G39600	0	0	0	0	0	0
AT2G39610	0	0	0	0	0	0
AT2G39620	22	3	13	15	16	9
AT2G39630	509	332	393	413	385	425
AT2G39640	0	0	0	0	0	0
AT2G39650	411	96	312	503	31	100
AT2G39660	863	484	645	1076	474	724
AT2G39670	1261	1549	1129	1339	2498	2201
AT2G39675	101	142	69	70	72	61
AT2G39681	231	142	195	225	139	188
AT2G39690	145	28	119	95	49	50
AT2G39700	631	243	453	487	429	264
AT2G39705	239	198	205	237	167	150
AT2G39710	167	20	119	76	57	47
AT2G39720	545	399	474	467	490	541
AT2G39725	137	79	144	118	80	72
AT2G39730	32886	137820	27553	39338	128858	173457
AT2G39740	278	130	224	229	259	320
AT2G39750	599	186	597	555	618	654
AT2G39760	832	667	602	698	700	764
AT2G39770	2471	1643	1876	1585	1755	1961
AT2G39780	1424	864	1060	968	775	837
AT2G39782	0	0	0	0	0	0
AT2G39790	0	0	1	0	0	0
AT2G39795	269	210	226	238	247	209
AT2G39800	3794	379	2841	625	1275	800
AT2G39805	328	232	267	348	252	358
AT2G39810	1095	463	777	1043	912	995
AT2G39820	1	1	2	2	2	0
AT2G39830	104	38	55	85	83	67
AT2G39840	329	255	265	294	267	274
AT2G39850	1593	1025	1112	1502	893	1348
AT2G39851	0	0	1	0	0	0
AT2G39855	15	1	16	18	2	1
AT2G39860	0	0	0	0	0	0
AT2G39865	0	0	0	0	0	0
AT2G39870	950	557	783	1142	956	958
AT2G39880	56	38	30	37	56	65
AT2G39885	0	0	0	0	2	0
AT2G39890	577	252	480	449	384	462
AT2G39900	951	622	740	819	528	577
AT2G39910	119	83	92	95	80	91
AT2G39920	271	49	261	422	55	93
AT2G39930	734	158	656	803	780	889
AT2G39940	675	349	543	606	466	609
AT2G39950	843	319	661	935	616	848
AT2G39960	719	754	532	668	670	674
AT2G39970	1110	794	862	960	1124	1194
AT2G39975	0	0	0	0	0	0
AT2G39980	460	217	424	542	261	256
AT2G39990	1159	1000	1000	1132	1153	992
AT2G40000	6983	2658	5315	9458	1115	3556
AT2G40004	0	0	0	0	0	0
AT2G40008	0	0	0	0	0	0
AT2G40010	81	44	53	82	111	98
AT2G40020	301	329	202	231	255	382
AT2G40030	396	64	290	337	432	441
AT2G40050	2	2	4	3	7	3
AT2G40060	5043	4319	3604	3905	3462	3985
AT2G40070	1526	307	1133	1110	713	782
AT2G40080	1015	38	639	439	14	13
AT2G40085	119	37	73	50	19	23
AT2G40090	312	155	219	256	245	283
AT2G40095	325	130	269	391	92	119
AT2G40100	173	415	131	114	387	422
AT2G40110	294	172	189	255	131	130
AT2G40113	16	24	6	12	11	10
AT2G40116	0	0	0	0	0	1
AT2G40120	82	47	79	71	119	95
AT2G40130	160	5	90	81	50	46
AT2G40140	3367	483	2689	4448	322	990
AT2G40150	105	57	56	77	153	111
AT2G40160	32	15	16	14	22	26
AT2G40165	3	0	0	1	0	0
AT2G40170	18	1	23	0	0	2
AT2G40180	12	1	8	14	11	5
AT2G40190	306	214	243	247	213	220
AT2G40200	22	36	11	11	26	24
AT2G40205	49	106	36	41	65	36
AT2G40210	0	0	0	0	0	0
AT2G40220	1	0	5	0	1	0
AT2G40230	52	44	43	45	43	58
AT2G40240	63	53	38	51	55	58
AT2G40250	2	0	1	3	0	0
AT2G40260	136	109	91	96	145	193
AT2G40270	1465	375	1153	1117	552	683
AT2G40280	631	296	438	518	507	555
AT2G40290	1506	1568	1170	1412	2171	1775
AT2G40300	1432	940	1087	840	652	975
AT2G40310	0	0	0	0	0	0
AT2G40316	412	272	336	377	309	357
AT2G40320	104	65	46	40	67	65
AT2G40330	179	412	151	387	702	824
AT2G40340	89	17	79	118	12	16
AT2G40350	15	0	19	11	0	1
AT2G40360	2442	935	1910	2500	2603	2046
AT2G40370	18	13	22	21	10	11
AT2G40380	265	277	305	225	228	228
AT2G40390	46	13	30	21	22	34
AT2G40400	630	859	466	663	2207	1810
AT2G40410	646	615	533	585	557	588
AT2G40420	320	165	215	385	173	303
AT2G40430	1313	791	1058	1296	1329	1259
AT2G40435	49	16	32	21	36	29
AT2G40440	1	0	0	0	0	0
AT2G40450	0	0	0	0	0	0
AT2G40460	215	128	198	102	163	154
AT2G40470	25	9	9	13	9	6
AT2G40475	378	260	303	179	348	320
AT2G40480	358	148	262	247	248	202
AT2G40490	1952	2592	1521	2134	4444	4623
AT2G40500	0	0	0	0	0	0
AT2G40510	1112	1517	814	1044	1421	1240
AT2G40520	87	84	64	64	119	129
AT2G40530	73	15	46	52	15	20
AT2G40540	990	529	798	1063	838	864
AT2G40550	188	87	142	211	212	170
AT2G40560	0	0	0	0	0	0
AT2G40570	198	86	190	187	221	219
AT2G40580	1	0	0	0	0	0
AT2G40590	542	552	401	490	574	508
AT2G40600	518	450	415	481	353	437
AT2G40610	916	209	665	877	225	242
AT2G40620	361	257	260	288	304	350
AT2G40630	233	74	202	235	171	151
AT2G40640	205	68	150	175	125	159
AT2G40650	1199	1316	922	1043	887	974
AT2G40660	841	677	692	841	1085	929
AT2G40670	21	31	23	69	30	31
AT2G40690	185	169	133	208	258	248
AT2G40700	422	220	323	461	359	332
AT2G40710	5	2	6	3	2	4
AT2G40711	32	11	16	18	42	36
AT2G40715	1	0	8	1	2	1
AT2G40720	68	8	61	55	33	26
AT2G40730	1328	543	1122	1224	1348	1215
AT2G40740	10	5	1	5	3	3
AT2G40745	0	0	0	0	0	0
AT2G40750	81	13	76	91	17	22
AT2G40760	388	399	341	435	496	525
AT2G40765	774	1026	561	653	676	646
AT2G40770	564	157	466	521	514	619
AT2G40780	127	102	103	102	105	96
AT2G40790	2	0	3	2	3	2
AT2G40800	455	403	348	419	411	408
AT2G40805	0	0	1	0	0	0
AT2G40810	153	83	143	128	159	162
AT2G40815	156	130	117	118	183	137
AT2G40820	364	85	291	236	221	199
AT2G40830	664	338	510	657	484	578
AT2G40840	3117	1528	2542	2426	3253	3347
AT2G40850	45	26	34	46	42	40
AT2G40860	309	126	233	294	373	392
AT2G40880	2289	2006	1738	1752	1380	1819
AT2G40890	684	740	546	753	1166	1053
AT2G40900	131	54	107	101	73	78
AT2G40910	4	1	1	1	0	0
AT2G40920	463	320	432	406	447	523
AT2G40925	0	0	0	1	0	0
AT2G40930	621	166	499	596	561	684
AT2G40935	66	71	44	59	87	68
AT2G40940	2137	776	1634	2380	1339	1544
AT2G40950	711	215	551	625	466	465
AT2G40955	2	0	0	4	1	11
AT2G40960	283	279	212	212	387	478
AT2G40970	221	157	163	181	155	215
AT2G40980	284	176	246	262	269	303
AT2G40990	0	0	0	0	0	0
AT2G40995	0	0	0	0	0	0
AT2G41000	86	38	58	65	34	67
AT2G41010	637	353	551	448	248	328
AT2G41020	297	167	274	277	245	252
AT2G41040	146	160	136	115	152	165
AT2G41050	82	60	67	82	115	119
AT2G41060	718	281	619	674	679	960
AT2G41070	179	68	126	128	60	97
AT2G41080	141	24	116	153	102	125
AT2G41082	28	16	19	8	1	5
AT2G41090	1810	1017	1396	1413	978	944
AT2G41100	5797	3464	4525	8365	3083	4813
AT2G41105	47	12	30	52	3	27
AT2G41110	382	460	322	347	295	317
AT2G41120	97	186	35	87	222	208
AT2G41130	137	50	101	111	72	87
AT2G41140	700	319	559	510	596	705
AT2G41150	125	44	79	109	88	74
AT2G41160	375	307	300	329	377	383
AT2G41170	179	154	134	193	201	216
AT2G41178	4	2	4	1	0	0
AT2G41180	0	0	0	0	0	0
AT2G41190	607	65	453	92	151	78
AT2G41200	162	202	122	123	124	147
AT2G41210	204	55	145	152	182	197
AT2G41220	1075	433	761	1018	1136	978
AT2G41225	1	0	0	0	1	0
AT2G41230	79	50	47	93	60	43
AT2G41231	0	0	0	0	0	0
AT2G41240	0	73	0	1	127	86
AT2G41250	174	295	151	151	328	361
AT2G41260	24	3	10	20	20	13
AT2G41280	13	0	9	7	2	1
AT2G41290	26	95	23	33	112	73
AT2G41300	36	21	15	16	15	16
AT2G41310	359	306	264	267	414	491
AT2G41312	10	26	15	5	25	31
AT2G41330	54	75	53	46	65	96
AT2G41340	149	198	117	112	211	216
AT2G41342	0	0	0	0	0	0
AT2G41350	322	251	235	251	273	289
AT2G41355	0	0	0	0	0	0
AT2G41360	0	0	0	0	0	0
AT2G41370	203	119	145	141	194	233
AT2G41375	0	0	0	0	0	0
AT2G41380	477	249	343	331	187	220
AT2G41390	0	0	0	0	0	0
AT2G41400	0	0	0	0	0	0
AT2G41410	1838	1664	1589	1846	1298	1575
AT2G41415	0	0	0	0	0	0
AT2G41417	0	0	0	0	0	0
AT2G41420	1498	2270	1140	1243	1561	1754
AT2G41430	30465	34569	22609	27189	21760	32012
AT2G41440	168	111	125	141	171	204
AT2G41445	0	0	1	1	3	0
AT2G41450	13	12	15	19	35	27
AT2G41451	1	0	0	1	0	0
AT2G41460	253	131	185	218	271	258
AT2G41470	0	0	0	2	1	1
AT2G41473	0	0	0	0	0	0
AT2G41475	673	584	506	444	555	521
AT2G41480	25	17	11	19	25	9
AT2G41490	211	221	213	230	260	267
AT2G41500	606	197	441	551	487	563
AT2G41505	35	11	24	25	15	16
AT2G41510	26	3	28	27	19	25
AT2G41515	0	0	0	0	1	2
AT2G41520	730	198	527	524	620	590
AT2G41530	3179	2614	2517	2711	3100	2988
AT2G41540	658	234	539	692	612	588
AT2G41550	264	99	250	201	183	260
AT2G41560	4156	2135	3236	4397	4280	5549
AT2G41590	2	2	0	1	0	4
AT2G41600	398	234	244	270	227	206
AT2G41610	1	1	1	1	1	2
AT2G41616	0	0	0	0	0	0
AT2G41620	974	414	810	919	761	900
AT2G41630	792	576	663	806	719	919
AT2G41640	572	175	404	680	126	259
AT2G41650	475	459	345	383	350	271
AT2G41660	31	28	39	32	44	46
AT2G41670	173	118	127	125	124	92
AT2G41680	1897	3054	1415	2048	4827	5134
AT2G41690	5	1	0	3	1	1
AT2G41700	878	257	661	826	1011	1262
AT2G41705	262	132	185	200	274	266
AT2G41710	1181	445	804	947	485	786
AT2G41720	533	628	439	542	866	882
AT2G41730	89	214	73	129	146	199
AT2G41740	2072	762	1757	2021	1760	1947
AT2G41750	1	0	5	0	0	0
AT2G41760	477	293	355	342	208	228
AT2G41770	416	249	371	411	471	461
AT2G41780	38	31	35	27	14	17
AT2G41790	1689	864	1403	1695	2363	2330
AT2G41800	7	0	10	6	0	0
AT2G41810	4	2	4	1	0	2
AT2G41820	908	191	749	872	498	463
AT2G41830	234	86	205	207	293	328
AT2G41835	226	96	189	240	101	127
AT2G41840	5883	8156	4496	6158	6964	6514
AT2G41850	0	0	6	0	0	0
AT2G41860	0	0	0	0	1	0
AT2G41870	827	305	549	355	201	316
AT2G41880	257	230	240	283	225	296
AT2G41890	427	225	301	379	327	399
AT2G41900	1948	392	1553	1292	1064	1304
AT2G41905	12	50	23	15	13	36
AT2G41910	0	0	0	0	0	0
AT2G41920	0	0	0	0	0	0
AT2G41930	0	0	0	0	0	0
AT2G41940	900	469	723	532	655	790
AT2G41945	188	166	142	119	113	138
AT2G41950	283	335	197	204	413	339
AT2G41960	1213	1135	1044	1220	1262	1397
AT2G41970	8	0	4	2	1	0
AT2G41980	460	260	377	423	422	488
AT2G41990	113	437	77	122	320	521
AT2G41997	0	0	0	0	0	0
AT2G42000	0	0	0	0	0	0
AT2G42005	4	2	0	4	6	5
AT2G42010	780	219	641	697	637	683
AT2G42020	0	0	0	0	0	0
AT2G42030	605	383	467	518	495	690
AT2G42040	375	619	313	385	467	751
AT2G42060	1	0	0	1	2	0
AT2G42065	0	8	5	0	2	4
AT2G42070	344	492	349	431	616	571
AT2G42080	161	137	118	162	234	195
AT2G42090	1	0	0	0	1	0
AT2G42100	0	0	1	1	0	0
AT2G42110	50	52	30	40	66	63
AT2G42120	142	98	131	134	119	126
AT2G42130	642	983	544	660	964	941
AT2G42140	1	0	0	0	1	2
AT2G42150	3	3	2	2	5	11
AT2G42160	639	421	495	664	588	662
AT2G42170	384	455	238	367	305	571
AT2G42180	0	0	0	0	0	0
AT2G42190	976	1714	723	683	638	927
AT2G42200	88	60	73	56	67	95
AT2G42210	1396	2166	1118	1254	1160	1294
AT2G42220	6489	11809	5053	6790	9234	13477
AT2G42230	604	200	479	544	573	508
AT2G42240	207	94	136	127	110	111
AT2G42247	26	2	11	17	13	22
AT2G42250	0	0	0	1	1	0
AT2G42260	34	40	29	56	62	47
AT2G42270	935	132	743	691	612	843
AT2G42280	537	374	438	507	396	483
AT2G42290	186	141	160	200	195	278
AT2G42300	711	409	537	552	606	634
AT2G42310	650	842	461	519	348	461
AT2G42320	1000	649	817	963	1091	1417
AT2G42330	516	186	372	339	316	564
AT2G42340	3	5	0	3	6	5
AT2G42350	25	7	15	24	16	3
AT2G42360	0	0	0	0	0	0
AT2G42365	111	32	38	46	30	44
AT2G42370	0	0	0	0	0	0
AT2G42380	462	334	357	541	465	637
AT2G42388	14	5	1	6	1	5
AT2G42390	650	413	513	416	290	396
AT2G42395	29	28	23	16	23	20
AT2G42400	544	374	425	512	485	613
AT2G42410	0	0	0	0	0	0
AT2G42420	0	0	0	0	0	0
AT2G42425	1	0	0	0	0	0
AT2G42430	1	0	2	1	0	0
AT2G42440	3	0	0	0	0	0
AT2G42450	206	149	166	156	187	191
AT2G42455	0	0	0	0	0	0
AT2G42460	0	0	0	0	0	0
AT2G42465	0	0	0	0	0	0
AT2G42470	0	0	0	0	0	0
AT2G42475	0	0	0	0	0	0
AT2G42480	2	0	1	0	0	0
AT2G42485	73	104	38	44	92	57
AT2G42490	1376	760	1073	1222	1773	1722
AT2G42500	1876	1709	1380	1484	1755	1993
AT2G42510	65	38	35	40	54	73
AT2G42520	642	240	536	641	725	655
AT2G42530	585	10	523	76	15	12
AT2G42540	497	86	364	55	91	54
AT2G42550	0	0	0	0	0	0
AT2G42560	72	1	77	6	2	0
AT2G42570	166	120	109	123	131	114
AT2G42580	1168	1276	924	1665	1468	2370
AT2G42590	2915	3427	2230	2858	3041	3934
AT2G42600	5679	3596	4656	3776	7561	6738
AT2G42610	548	313	384	589	271	261
AT2G42620	863	551	707	943	713	946
AT2G42640	133	51	112	110	118	92
AT2G42650	103	101	96	124	149	89
AT2G42660	5	0	1	0	0	0
AT2G42670	330	288	250	297	245	286
AT2G42680	2520	1878	1998	2154	1747	1637
AT2G42690	1794	742	1403	1093	767	894
AT2G42700	482	218	341	350	441	423
AT2G42710	425	350	389	498	615	409
AT2G42720	3	1	0	1	0	0
AT2G42725	0	0	0	0	0	0
AT2G42730	58	25	41	50	23	38
AT2G42740	243	305	155	197	242	240
AT2G42750	2019	1964	1482	1719	2158	2975
AT2G42760	240	303	167	198	98	169
AT2G42770	234	453	228	307	487	486
AT2G42780	1001	676	683	888	790	922
AT2G42790	1578	610	1206	1093	704	874
AT2G42800	152	37	145	131	95	55
AT2G42810	1083	557	853	1037	1066	1139
AT2G42820	11	36	13	17	14	11
AT2G42830	0	2	0	1	1	2
AT2G42835	2	1	0	0	0	0
AT2G42840	3783	2663	3281	2656	5130	4131
AT2G42850	4	8	13	10	7	5
AT2G42860	9	7	20	13	4	4
AT2G42865	45	36	35	46	23	29
AT2G42870	181	379	153	277	98	183
AT2G42880	3063	1119	2286	3060	2230	2794
AT2G42885	1	5	1	7	1	1
AT2G42890	1158	236	846	1115	483	770
AT2G42900	105	91	80	120	60	105
AT2G42910	736	743	650	694	1086	888
AT2G42920	244	21	160	221	233	268
AT2G42930	0	0	0	0	0	0
AT2G42940	6	1	2	2	2	0
AT2G42950	105	57	82	113	88	116
AT2G42955	8	10	0	12	14	10
AT2G42960	210	115	154	178	188	181
AT2G42970	0	0	0	0	0	0
AT2G42975	100	253	88	63	272	256
AT2G42980	14	20	15	12	8	23
AT2G42990	5	8	17	20	4	3
AT2G43000	25	1	17	38	8	8
AT2G43010	3094	1128	2457	3058	1828	3119
AT2G43020	522	180	419	390	275	227
AT2G43030	5948	12098	5059	6652	9868	10775
AT2G43040	52	28	40	41	72	66
AT2G43050	128	23	119	41	47	39
AT2G43060	601	214	512	456	232	250
AT2G43070	705	356	572	524	534	549
AT2G43080	868	399	638	553	389	453
AT2G43090	1573	1501	1224	1581	2229	1866
AT2G43100	1232	1393	945	947	2522	1823
AT2G43110	287	149	218	300	270	200
AT2G43120	138	55	108	41	53	50
AT2G43130	410	349	282	319	319	356
AT2G43137	0	1	0	3	0	0
AT2G43138	5	0	1	1	0	0
AT2G43139	1	2	2	0	0	0
AT2G43140	74	253	62	221	429	391
AT2G43141	0	0	0	0	0	0
AT2G43150	4759	2187	3252	4270	3956	2579
AT2G43160	3288	1288	2888	3531	4101	5061
AT2G43180	338	335	262	344	324	370
AT2G43190	145	115	128	123	133	138
AT2G43200	116	100	87	134	177	193
AT2G43210	825	309	596	634	580	696
AT2G43220	1	0	0	0	0	0
AT2G43230	19	18	6	6	12	16
AT2G43235	200	95	156	189	216	189
AT2G43240	255	94	198	213	181	152
AT2G43250	163	69	137	135	147	154
AT2G43255	2	0	0	0	0	0
AT2G43260	194	126	126	129	127	187
AT2G43261	0	0	0	0	0	0
AT2G43270	3	0	0	0	0	1
AT2G43280	163	200	108	146	135	152
AT2G43290	976	393	756	523	255	391
AT2G43300	0	0	0	0	0	0
AT2G43310	16	20	17	16	16	18
AT2G43320	268	111	274	309	165	184
AT2G43330	303	330	285	346	407	564
AT2G43340	136	156	114	91	97	109
AT2G43350	762	590	563	683	546	591
AT2G43360	1038	973	811	1093	1189	1131
AT2G43370	233	126	165	186	133	177
AT2G43375	63	32	46	36	27	34
AT2G43386	0	0	0	0	0	0
AT2G43390	1	0	1	1	0	0
AT2G43400	1051	447	755	1599	799	1403
AT2G43410	824	320	762	689	939	893
AT2G43420	633	476	491	515	566	573
AT2G43430	567	372	409	465	487	606
AT2G43440	22	16	26	5	24	28
AT2G43445	121	129	122	121	200	196
AT2G43450	0	0	0	0	2	0
AT2G43460	1041	1929	834	1134	1352	1225
AT2G43465	95	66	61	71	45	53
AT2G43470	2	11	3	7	5	1
AT2G43480	0	0	5	1	1	1
AT2G43490	498	226	377	425	282	311
AT2G43500	277	69	204	159	189	232
AT2G43510	249	198	230	419	140	105
AT2G43520	110	87	78	115	38	90
AT2G43530	396	391	283	311	235	260
AT2G43535	1819	359	1417	582	214	286
AT2G43540	306	425	248	290	199	288
AT2G43550	253	398	208	364	284	323
AT2G43560	1209	2098	897	1249	1857	2439
AT2G43570	62	8	37	122	23	7
AT2G43580	2	0	0	8	1	0
AT2G43590	1342	129	1311	907	573	253
AT2G43600	2	0	0	0	0	0
AT2G43610	18	16	27	26	22	12
AT2G43620	124	72	123	276	542	71
AT2G43630	480	633	318	512	760	689
AT2G43640	460	575	310	418	333	370
AT2G43650	1427	993	1004	1483	1813	1362
AT2G43660	0	0	2	0	0	0
AT2G43670	3	1	1	0	2	0
AT2G43680	6793	1689	5050	4905	4027	5140
AT2G43690	60	13	39	45	37	42
AT2G43700	75	15	72	57	40	65
AT2G43710	3475	2697	2676	3255	4976	4857
AT2G43720	76	47	60	70	59	57
AT2G43730	0	0	0	0	0	0
AT2G43740	0	0	0	0	0	0
AT2G43745	10	4	7	2	1	4
AT2G43750	2949	2296	2302	2475	2605	3023
AT2G43760	655	842	516	576	617	672
AT2G43770	532	517	452	580	596	616
AT2G43780	285	213	182	251	271	199
AT2G43790	1446	1418	1155	1249	1093	1349
AT2G43795	0	0	1	3	0	1
AT2G43800	784	322	567	559	1174	935
AT2G43810	600	534	427	515	529	582
AT2G43820	1689	1886	1350	1544	1924	2605
AT2G43840	30	6	23	21	27	19
AT2G43850	250	115	208	214	187	159
AT2G43860	0	0	0	0	0	0
AT2G43865	0	0	0	0	0	0
AT2G43870	56	12	45	46	14	3
AT2G43880	6	0	5	1	1	0
AT2G43890	0	0	0	0	0	0
AT2G43900	411	38	309	331	421	551
AT2G43910	2397	3820	1989	1817	3887	3916
AT2G43920	336	303	217	179	199	279
AT2G43930	17	10	12	13	9	15
AT2G43940	129	85	98	72	68	59
AT2G43945	1266	1561	992	1221	2238	2352
AT2G43950	499	361	488	511	740	649
AT2G43960	0	0	0	0	1	0
AT2G43970	18447	6250	13614	16232	10188	11909
AT2G43980	352	195	255	230	238	284
AT2G43990	98	46	77	74	64	73
AT2G44000	4	0	10	4	2	3
AT2G44010	1	0	9	12	1	0
AT2G44020	166	133	139	169	153	183
AT2G44030	0	0	0	0	0	0
AT2G44040	266	535	194	406	690	490
AT2G44050	979	1725	815	1117	1687	1585
AT2G44060	2736	3072	2115	2432	2624	2693
AT2G44065	502	430	460	469	444	467
AT2G44070	11	2	4	18	6	0
AT2G44080	569	788	480	1128	685	725
AT2G44090	883	428	620	784	793	883
AT2G44100	2934	2387	2347	2817	2482	2596
AT2G44110	5	0	4	4	1	0
AT2G44120	2341	3473	1843	2697	3191	2694
AT2G44130	0	0	0	0	0	0
AT2G44140	623	439	435	520	497	611
AT2G44150	383	252	302	350	317	419
AT2G44160	1776	1567	1455	1704	2751	2708
AT2G44175	0	0	0	0	0	1
AT2G44180	746	400	579	743	552	717
AT2G44190	64	35	71	77	103	97
AT2G44195	2	3	2	2	2	3
AT2G44198	0	0	0	0	0	0
AT2G44200	962	555	774	746	595	620
AT2G44210	1330	1056	1028	1143	1594	1784
AT2G44220	0	0	0	0	0	1
AT2G44230	181	247	141	121	361	335
AT2G44240	0	0	0	5	0	0
AT2G44250	0	2	0	1	4	0
AT2G44255	2	2	0	1	0	0
AT2G44260	0	0	0	0	0	0
AT2G44270	278	174	223	267	242	254
AT2G44280	130	51	121	75	56	53
AT2G44290	300	170	261	226	132	131
AT2G44300	163	49	141	66	57	56
AT2G44310	634	759	476	529	329	392
AT2G44320	0	0	0	1	0	0
AT2G44330	0	0	0	0	0	0
AT2G44340	0	0	0	0	0	1
AT2G44350	1449	1197	1179	1276	1612	1422
AT2G44360	506	551	332	348	343	401
AT2G44370	2	4	0	12	104	2
AT2G44380	5	6	2	25	48	2
AT2G44390	0	0	0	0	0	0
AT2G44400	0	0	0	0	1	0
AT2G44410	1068	666	856	938	806	1117
AT2G44420	288	171	214	210	156	218
AT2G44430	1347	512	985	882	557	684
AT2G44440	278	131	210	222	208	235
AT2G44450	73	62	73	103	122	95
AT2G44460	42	13	67	2	9	57
AT2G44470	0	0	0	0	0	0
AT2G44480	27	5	27	51	8	9
AT2G44490	6067	3038	4932	7214	5120	5043
AT2G44500	792	250	719	1278	398	680
AT2G44510	236	155	165	232	172	141
AT2G44520	610	443	489	604	588	581
AT2G44525	297	391	243	249	243	279
AT2G44530	937	620	822	804	710	683
AT2G44540	0	0	0	0	0	0
AT2G44550	0	0	0	0	0	0
AT2G44560	0	0	0	0	0	0
AT2G44570	64	15	39	31	20	33
AT2G44578	0	1	2	1	1	0
AT2G44580	43	60	42	71	86	54
AT2G44581	0	0	0	0	0	0
AT2G44590	2	4	1	2	0	4
AT2G44600	102	62	81	76	76	100
AT2G44610	2042	1361	1564	2014	1586	1633
AT2G44620	561	1052	484	462	573	596
AT2G44630	42	28	28	20	33	34
AT2G44640	804	736	619	792	1196	1120
AT2G44650	1051	3084	793	1107	2085	2215
AT2G44660	113	73	93	136	155	159
AT2G44670	997	853	639	927	619	692
AT2G44680	507	429	433	399	446	473
AT2G44690	27	33	15	35	53	40
AT2G44700	18	13	13	9	21	23
AT2G44710	587	205	513	540	526	525
AT2G44730	801	775	630	618	591	730
AT2G44735	14	12	21	46	15	38
AT2G44740	132	127	141	116	70	89
AT2G44745	38	31	19	54	21	33
AT2G44750	298	111	204	244	160	201
AT2G44760	613	587	537	653	1021	913
AT2G44770	535	375	493	385	377	403
AT2G44790	74	129	57	124	135	128
AT2G44798	9	6	6	7	18	12
AT2G44800	0	0	0	0	0	0
AT2G44810	0	0	1	0	0	0
AT2G44820	406	481	300	326	273	325
AT2G44830	278	107	260	291	266	296
AT2G44840	43	14	48	98	2	10
AT2G44850	160	94	79	84	70	85
AT2G44860	1105	926	876	1138	1070	932
AT2G44870	1216	1457	1023	1242	1706	1763
AT2G44880	66	16	46	43	51	23
AT2G44890	0	0	0	0	0	0
AT2G44900	608	336	475	542	470	620
AT2G44910	28	55	27	25	41	53
AT2G44920	795	1990	605	942	1327	1773
AT2G44925	0	0	0	0	0	0
AT2G44930	32	13	23	32	25	40
AT2G44940	192	102	125	86	93	153
AT2G44950	622	211	504	553	501	603
AT2G44970	769	342	553	587	506	582
AT2G44980	275	129	197	260	245	287
AT2G44990	0	0	3	15	0	0
AT2G44993	0	0	0	0	1	0
AT2G44995	5	10	3	11	2	2
AT2G45000	471	303	336	455	496	544
AT2G45010	515	341	375	425	432	470
AT2G45020	0	0	0	0	0	0
AT2G45023	60	98	72	71	37	49
AT2G45030	477	210	390	467	707	534
AT2G45040	12	8	6	8	15	13
AT2G45050	334	263	259	297	243	326
AT2G45060	445	455	374	472	425	432
AT2G45070	1689	2013	1370	1601	1620	1476
AT2G45080	43	32	48	76	34	53
AT2G45100	249	218	192	251	268	269
AT2G45110	0	0	0	0	0	0
AT2G45120	54	28	43	38	24	51
AT2G45130	1212	9	994	704	2	9
AT2G45135	291	11	206	85	4	8
AT2G45140	929	612	693	762	613	695
AT2G45150	202	105	144	163	198	167
AT2G45160	771	720	668	660	847	1080
AT2G45170	1165	2706	842	1340	1350	2471
AT2G45180	20335	42368	19256	25684	27524	33413
AT2G45190	669	746	568	549	954	1021
AT2G45200	585	513	415	500	434	562
AT2G45210	268	124	166	234	119	168
AT2G45220	66	3	49	228	69	8
AT2G45240	592	381	420	571	625	573
AT2G45243	0	0	0	0	0	0
AT2G45245	15	7	14	9	15	11
AT2G45250	697	511	475	549	476	589
AT2G45260	296	140	255	285	328	342
AT2G45270	272	332	212	263	517	512
AT2G45280	131	65	109	104	105	78
AT2G45290	363	134	282	397	413	340
AT2G45300	532	611	458	565	1138	764
AT2G45310	0	0	0	0	0	0
AT2G45315	0	0	0	0	0	0
AT2G45320	75	42	47	64	40	63
AT2G45330	296	274	201	299	301	349
AT2G45340	1066	376	832	609	675	707
AT2G45350	32	26	14	18	31	28
AT2G45360	2	4	2	0	0	0
AT2G45380	1335	402	970	948	457	675
AT2G45390	0	0	0	0	0	0
AT2G45400	238	208	201	222	165	165
AT2G45403	0	0	0	0	1	0
AT2G45405	0	0	0	0	0	0
AT2G45406	0	0	0	0	0	0
AT2G45410	7	7	6	3	5	4
AT2G45420	3	8	8	3	3	1
AT2G45430	20	6	15	7	5	5
AT2G45440	617	378	507	654	632	515
AT2G45450	438	179	335	305	199	185
AT2G45460	425	223	283	340	340	377
AT2G45470	4063	2574	3471	4381	4896	4378
AT2G45480	85	30	34	28	60	59
AT2G45490	74	46	32	50	86	61
AT2G45500	280	125	201	196	189	216
AT2G45510	463	82	347	350	205	195
AT2G45520	722	669	482	516	378	406
AT2G45530	86	62	78	79	66	81
AT2G45540	1999	465	1677	2013	2025	2367
AT2G45550	0	0	0	0	0	0
AT2G45560	717	392	587	702	536	641
AT2G45570	20	20	14	63	21	14
AT2G45580	5	4	5	0	1	2
AT2G45590	1083	1293	776	794	732	839
AT2G45600	192	100	180	105	124	165
AT2G45610	9	0	6	9	0	5
AT2G45620	1872	798	1415	1853	1445	1905
AT2G45630	154	158	112	130	157	148
AT2G45640	588	715	444	516	494	535
AT2G45650	0	2	2	4	4	0
AT2G45660	792	1082	548	524	866	1286
AT2G45670	2188	1474	1770	1909	1627	2201
AT2G45680	0	0	0	0	0	0
AT2G45685	1	0	0	0	0	0
AT2G45690	291	151	186	210	207	284
AT2G45695	141	115	97	85	61	64
AT2G45700	579	256	546	501	581	630
AT2G45710	288	418	201	274	320	226
AT2G45720	220	120	206	135	121	120
AT2G45730	656	461	542	666	573	660
AT2G45740	2469	1957	1980	2268	1222	1891
AT2G45750	33	16	25	16	26	27
AT2G45760	1	1	3	3	2	0
AT2G45770	685	862	591	688	1103	1319
AT2G45780	4	3	3	5	3	7
AT2G45790	780	772	597	838	906	862
AT2G45800	0	3	1	1	0	3
AT2G45810	1599	864	1268	1371	1610	1748
AT2G45820	3478	2968	2688	2185	1736	2452
AT2G45830	122	61	108	112	99	79
AT2G45840	0	0	3	0	0	0
AT2G45850	701	466	612	634	570	831
AT2G45860	221	345	198	230	213	200
AT2G45870	54	26	51	32	45	38
AT2G45880	311	71	291	331	304	375
AT2G45890	25	17	27	29	33	36
AT2G45900	358	77	285	165	195	179
AT2G45910	993	138	778	855	599	752
AT2G45920	757	278	538	521	256	363
AT2G45930	11	0	5	8	0	3
AT2G45940	2	0	0	0	1	0
AT2G45950	583	732	444	466	552	589
AT2G45960	12062	11948	9560	9616	7395	8596
AT2G45970	458	325	365	350	568	559
AT2G45980	1109	923	939	1131	812	1208
AT2G45990	810	757	676	647	865	926
AT2G46000	138	56	112	125	72	76
AT2G46020	2674	615	2161	2791	2990	3376
AT2G46030	431	735	348	426	430	619
AT2G46040	96	54	83	104	109	108
AT2G46050	18	3	22	8	12	12
AT2G46060	422	137	385	406	399	429
AT2G46070	345	206	294	254	188	249
AT2G46080	450	290	404	332	363	393
AT2G46090	325	286	245	311	319	420
AT2G46100	598	933	489	539	668	799
AT2G46110	85	87	96	94	114	130
AT2G46120	0	0	0	0	0	0
AT2G46130	1	0	0	0	0	0
AT2G46140	75	55	48	29	42	25
AT2G46150	26	15	17	23	19	15
AT2G46160	97	163	102	56	96	150
AT2G46170	387	435	340	373	378	316
AT2G46180	671	301	582	643	579	688
AT2G46190	0	0	0	0	0	0
AT2G46192	5	22	1	3	11	3
AT2G46200	247	147	218	221	184	241
AT2G46210	0	0	0	0	0	0
AT2G46220	6628	4758	5311	4896	3024	4970
AT2G46225	837	572	610	646	764	808
AT2G46230	516	419	369	454	400	450
AT2G46240	475	203	331	486	351	437
AT2G46250	602	387	441	535	334	549
AT2G46255	0	0	0	0	0	0
AT2G46260	1194	707	903	938	1006	1167
AT2G46270	815	134	640	221	162	184
AT2G46280	1966	1890	1515	2038	1931	1973
AT2G46290	50	79	53	60	110	88
AT2G46300	7	5	11	7	9	8
AT2G46308	0	0	0	0	0	0
AT2G46310	336	202	294	251	155	251
AT2G46320	214	143	182	192	160	183
AT2G46330	1433	2912	1361	2027	1231	1619
AT2G46340	662	424	560	821	1337	1583
AT2G46360	0	0	0	0	0	0
AT2G46370	1089	439	874	769	840	820
AT2G46375	0	0	1	0	0	0
AT2G46380	156	51	119	91	151	129
AT2G46390	1371	1864	1072	1198	1032	1098
AT2G46400	243	34	208	297	16	45
AT2G46410	43	42	25	26	24	21
AT2G46420	569	191	442	440	464	433
AT2G46430	331	34	238	260	101	52
AT2G46440	327	46	271	264	78	53
AT2G46450	912	648	680	443	1137	1163
AT2G46455	11	1	12	11	12	6
AT2G46460	0	0	0	0	0	0
AT2G46470	506	365	398	455	463	496
AT2G46480	5	1	4	7	1	0
AT2G46490	561	745	428	645	360	485
AT2G46493	0	0	0	1	0	0
AT2G46494	1	0	0	0	0	0
AT2G46495	0	2	0	0	0	0
AT2G46500	1346	484	1182	1102	864	973
AT2G46505	1044	1260	861	964	1214	1005
AT2G46510	762	155	664	529	275	444
AT2G46520	757	407	610	784	889	770
AT2G46530	775	72	672	420	153	190
AT2G46535	98	43	92	47	53	53
AT2G46540	513	903	367	488	497	430
AT2G46550	2491	1822	1986	2250	2025	2506
AT2G46560	1268	340	965	1123	1215	1354
AT2G46567	0	0	0	0	0	0
AT2G46570	19	0	5	25	18	15
AT2G46572	4	9	2	10	3	10
AT2G46580	493	484	376	412	418	458
AT2G46590	571	148	406	399	374	414
AT2G46600	1263	1375	970	1421	424	713
AT2G46610	233	109	205	216	139	130
AT2G46620	416	147	311	456	169	183
AT2G46630	597	476	466	473	586	545
AT2G46640	281	113	164	142	166	109
AT2G46650	975	907	806	829	1045	802
AT2G46660	80	26	49	33	35	27
AT2G46670	7	0	0	0	1	3
AT2G46680	1677	280	1286	417	400	311
AT2G46685	1	4	0	0	1	5
AT2G46690	663	477	506	482	234	292
AT2G46700	264	144	182	206	286	309
AT2G46710	762	570	659	625	643	780
AT2G46720	64	38	76	57	56	82
AT2G46735	131	342	104	174	291	395
AT2G46740	12	5	28	13	4	9
AT2G46750	7	4	1	26	6	6
AT2G46760	27	12	19	26	12	12
AT2G46765	0	0	0	0	0	0
AT2G46770	1	0	0	0	1	0
AT2G46780	411	137	325	429	363	422
AT2G46790	43	47	22	32	100	174
AT2G46800	1129	684	873	990	914	1007
AT2G46810	424	370	336	390	645	648
AT2G46820	10648	20648	8464	10634	13719	20731
AT2G46830	71	644	48	84	954	1083
AT2G46840	4	9	3	6	2	5
AT2G46850	0	0	0	0	0	0
AT2G46860	4	0	1	0	0	0
AT2G46870	304	110	259	285	225	196
AT2G46880	1021	4	896	369	7	12
AT2G46890	130	55	88	66	54	53
AT2G46900	1209	916	882	1124	968	1339
AT2G46910	630	1073	558	695	1167	1214
AT2G46915	458	227	425	372	543	606
AT2G46920	513	194	451	410	350	375
AT2G46930	490	261	324	326	460	523
AT2G46940	63	9	48	29	17	2
AT2G46950	10	2	9	5	1	16
AT2G46960	0	0	0	0	0	0
AT2G46970	149	18	113	73	27	16
AT2G46980	265	75	200	258	277	226
AT2G46990	9	3	4	8	2	2
AT2G46995	0	0	0	1	0	0
AT2G47000	567	193	505	391	296	426
AT2G47010	301	169	224	148	315	274
AT2G47015	0	0	0	0	0	0
AT2G47020	350	162	303	237	232	234
AT2G47030	0	0	0	0	0	1
AT2G47040	0	0	0	0	0	0
AT2G47050	26	13	18	4	7	6
AT2G47060	2044	380	1469	1422	460	557
AT2G47070	2805	488	2294	2233	1819	2135
AT2G47090	294	122	239	215	283	328
AT2G47100	0	0	0	0	0	0
AT2G47110	2880	3980	2248	3399	4208	3277
AT2G47115	0	0	0	0	0	0
AT2G47120	0	0	0	0	0	0
AT2G47130	109	24	62	41	21	34
AT2G47140	16	0	7	16	1	0
AT2G47150	0	0	0	0	0	0
AT2G47160	641	112	472	490	345	437
AT2G47170	2974	3579	2420	2656	3316	3346
AT2G47180	91	87	79	126	85	121
AT2G47190	41	2	26	52	0	8
AT2G47200	0	0	0	0	0	0
AT2G47210	643	546	523	586	665	744
AT2G47220	278	225	211	293	244	270
AT2G47230	345	202	226	238	290	269
AT2G47240	1564	1242	1299	1247	2781	2563
AT2G47245	2	0	0	0	0	0
AT2G47250	932	468	710	887	1089	1037
AT2G47260	65	18	58	54	62	38
AT2G47270	104	96	61	113	24	66
AT2G47275	0	0	0	1	0	0
AT2G47280	0	0	0	0	0	0
AT2G47300	138	42	95	104	96	73
AT2G47310	282	135	178	251	233	216
AT2G47320	848	732	649	704	656	660
AT2G47330	601	308	469	536	605	637
AT2G47340	0	0	0	3	5	0
AT2G47350	302	139	260	242	206	278
AT2G47360	10	1	12	7	7	11
AT2G47370	10	38	8	13	26	25
AT2G47380	141	273	92	130	148	155
AT2G47390	2917	960	2369	2904	3248	2767
AT2G47400	6593	10190	5914	6130	4482	6278
AT2G47410	1279	237	978	1081	1020	1224
AT2G47420	1190	752	819	1149	881	935
AT2G47430	0	0	0	0	0	0
AT2G47440	1462	1244	1167	1197	1561	1833
AT2G47450	3104	6778	2480	2917	4279	5894
AT2G47460	1	6	7	1	4	3
AT2G47470	2567	1722	2023	2217	2761	2089
AT2G47480	5	2	1	2	7	3
AT2G47485	50	68	15	10	32	22
AT2G47490	159	179	142	140	271	279
AT2G47500	627	183	506	535	656	572
AT2G47510	1594	1263	1252	1614	1902	1658
AT2G47520	9	79	6	18	98	48
AT2G47530	2	0	3	1	0	0
AT2G47540	6	0	7	4	0	2
AT2G47550	3	2	4	7	8	2
AT2G47560	23	39	13	60	49	42
AT2G47570	0	0	0	0	0	0
AT2G47580	377	338	319	377	488	451
AT2G47585	0	0	0	0	0	0
AT2G47590	2358	2451	2056	2235	4019	3604
AT2G47600	774	208	701	620	438	523
AT2G47610	3751	5163	3043	4160	5910	4743
AT2G47620	368	203	266	330	418	372
AT2G47630	495	400	405	344	470	392
AT2G47640	345	429	291	297	321	360
AT2G47650	1488	680	1063	1119	864	938
AT2G47670	11	5	16	4	10	8
AT2G47680	314	130	286	291	575	417
AT2G47690	490	603	401	416	355	395
AT2G47700	1664	1291	1245	1649	1603	2152
AT2G47710	967	767	754	711	657	746
AT2G47720	0	0	0	0	0	0
AT2G47730	6122	6435	5150	5933	5714	6117
AT2G47740	0	0	0	0	0	0
AT2G47750	49	85	49	69	136	145
AT2G47760	370	325	313	295	245	322
AT2G47770	79	8	66	1	12	1
AT2G47780	95	7	59	22	7	7
AT2G47790	421	352	390	418	462	437
AT2G47800	328	84	278	198	423	321
AT2G47810	3	0	1	1	0	0
AT2G47820	120	46	111	95	87	123
AT2G47830	510	172	346	329	290	353
AT2G47840	680	732	496	606	681	639
AT2G47844	4	0	1	4	2	3
AT2G47850	826	179	649	587	363	386
AT2G47860	137	63	70	118	65	87
AT2G47870	2	1	3	4	2	4
AT2G47880	39	11	26	52	11	26
AT2G47885	0	0	0	0	0	0
AT2G47890	560	197	519	355	239	276
AT2G47895	22	16	8	9	13	16
AT2G47900	1044	514	744	878	707	770
AT2G47910	562	1103	443	558	811	926
AT2G47920	134	99	67	70	91	96
AT2G47930	178	147	153	150	81	96
AT2G47935	2	0	0	0	1	0
AT2G47940	2163	1272	1825	2967	4650	4926
AT2G47950	6	0	2	4	2	4
AT2G47960	1344	681	964	1207	962	1185
AT2G47970	845	637	710	732	853	844
AT2G47980	1254	512	1023	1216	1316	1459
AT2G47990	274	192	247	326	351	216
AT2G48000	281	122	192	265	179	249
AT2G48010	171	48	149	188	104	185
AT2G48020	455	422	329	399	555	757
AT2G48030	327	293	237	357	367	453
AT2G48060	1014	199	722	818	702	793
AT2G48070	1056	1657	813	1045	1468	1806
AT2G48075	33	27	22	8	9	18
AT2G48080	12	15	12	6	12	2
AT2G48090	64	49	51	32	58	48
AT2G48100	951	469	717	830	586	674
AT2G48110	566	158	447	489	562	512
AT2G48120	712	544	541	537	714	637
AT2G48121	22	10	7	9	11	13
AT2G48130	47	13	37	23	10	10
AT2G48140	42	4	29	15	9	9
AT2G48150	20	5	7	6	1	1
AT2G48160	1643	490	1373	1866	2293	2464
AT3G00970	1	5	1	6	0	2
AT3G00975	0	0	1	0	1	1
AT3G00980	0	0	0	0	0	0
AT3G00985	0	0	0	0	0	0
AT3G00995	0	0	0	0	0	0
AT3G01005	0	0	0	0	0	0
AT3G01010	0	0	0	0	0	0
AT3G01015	6	3	1	7	10	8
AT3G01020	0	0	0	0	0	0
AT3G01025	0	0	0	0	0	0
AT3G01030	0	0	0	0	0	1
AT3G01035	39	4	34	22	14	9
AT3G01040	430	183	331	491	420	481
AT3G01045	0	0	0	0	0	0
AT3G01050	428	339	288	367	262	352
AT3G01055	0	0	0	0	0	0
AT3G01060	213	936	152	209	1352	1283
AT3G01065	0	0	0	0	0	0
AT3G01070	5	3	4	5	6	7
AT3G01075	0	0	0	0	0	0
AT3G01080	7	8	4	2	5	7
AT3G01085	0	0	0	0	0	0
AT3G01090	1378	923	1121	1275	1099	1168
AT3G01095	0	0	0	0	0	0
AT3G01100	550	219	504	499	376	419
AT3G01105	0	0	0	0	0	0
AT3G01115	0	0	0	2	0	0
AT3G01120	3917	3614	3237	3658	6068	4665
AT3G01125	0	0	0	0	0	0
AT3G01130	1174	1824	904	1049	991	1008
AT3G01135	0	0	0	0	0	0
AT3G01140	4	2	0	2	4	1
AT3G01142	16	14	16	9	22	25
AT3G01145	0	0	0	0	0	0
AT3G01150	505	403	408	419	396	444
AT3G01155	0	0	0	0	0	0
AT3G01160	944	697	721	792	797	668
AT3G01165	0	0	0	0	0	0
AT3G01170	617	282	549	461	341	404
AT3G01175	3	0	4	10	1	0
AT3G01180	417	289	325	347	804	825
AT3G01185	0	0	0	0	0	0
AT3G01190	5	0	22	10	0	2
AT3G01195	0	0	0	0	0	0
AT3G01200	131	133	123	95	66	95
AT3G01202	0	0	0	4	3	0
AT3G01205	0	0	0	0	1	0
AT3G01210	161	159	154	137	138	172
AT3G01215	0	0	0	0	0	0
AT3G01220	78	42	50	68	49	56
AT3G01225	0	0	0	0	0	0
AT3G01230	0	0	0	0	0	0
AT3G01235	0	3	2	1	0	2
AT3G01240	0	0	0	0	0	0
AT3G01250	0	0	0	0	0	0
AT3G01255	0	0	0	0	0	0
AT3G01260	0	1	1	2	0	0
AT3G01270	0	0	0	1	0	1
AT3G01275	0	0	0	0	0	0
AT3G01280	2077	2518	1786	2094	2929	2425
AT3G01285	0	0	0	0	0	0
AT3G01290	2323	1831	1734	3978	1978	2548
AT3G01295	22	24	6	11	18	6
AT3G01300	365	231	318	330	237	286
AT3G01305	0	0	0	0	0	0
AT3G01310	3753	1290	2951	3617	2583	3370
AT3G01311	0	0	0	0	0	0
AT3G01313	0	0	1	1	1	0
AT3G01315	0	0	0	0	0	0
AT3G01316	0	1	1	0	0	0
AT3G01319	0	0	0	0	0	0
AT3G01320	1101	330	980	993	1083	1172
AT3G01322	0	0	0	0	0	0
AT3G01323	0	0	0	0	0	0
AT3G01324	0	0	0	0	0	0
AT3G01325	0	0	0	0	0	0
AT3G01326	0	0	0	0	0	0
AT3G01327	0	0	0	0	0	0
AT3G01328	0	0	0	0	0	0
AT3G01329	1	0	0	0	0	0
AT3G01330	80	116	72	109	154	142
AT3G01331	0	0	0	0	0	0
AT3G01340	912	919	725	838	783	1044
AT3G01345	3	6	4	11	16	8
AT3G01350	42	19	22	29	42	34
AT3G01360	209	155	177	186	158	213
AT3G01365	0	0	0	0	0	0
AT3G01370	1886	1415	1514	1937	3006	3282
AT3G01375	1	2	0	2	1	0
AT3G01380	471	165	427	467	393	418
AT3G01385	0	0	0	0	0	0
AT3G01390	2068	2648	1523	1750	1973	2033
AT3G01395	0	0	0	0	0	0
AT3G01400	382	289	263	340	205	273
AT3G01410	84	94	79	87	137	107
AT3G01415	0	0	0	0	0	0
AT3G01420	110	22	98	184	50	52
AT3G01425	19	10	11	7	8	13
AT3G01430	137	147	94	134	92	164
AT3G01435	132	135	107	110	80	81
AT3G01440	324	301	223	298	284	308
AT3G01445	0	0	0	0	0	0
AT3G01450	127	94	79	124	125	139
AT3G01460	804	201	600	760	715	862
AT3G01470	3503	909	2585	2276	965	1212
AT3G01475	6	0	2	5	0	1
AT3G01480	2296	2998	1880	2741	3872	4930
AT3G01485	0	0	0	0	0	0
AT3G01490	2729	2699	1882	2074	1410	1861
AT3G01495	2	0	0	1	0	0
AT3G01500	17416	47332	14483	20104	48254	67063
AT3G01505	0	0	0	0	0	0
AT3G01510	360	367	280	305	551	567
AT3G01513	5	1	10	0	0	0
AT3G01515	0	0	0	0	0	0
AT3G01516	24	1	5	3	1	1
AT3G01520	1743	1580	1235	1540	794	1225
AT3G01525	0	0	0	0	0	0
AT3G01530	1	2	0	1	0	1
AT3G01535	0	0	0	0	0	0
AT3G01540	6769	2784	4918	6248	5440	5824
AT3G01545	0	0	0	0	0	0
AT3G01550	37	153	34	37	327	274
AT3G01555	0	0	0	0	0	0
AT3G01560	1098	550	919	1002	1059	1394
AT3G01565	0	0	0	0	0	0
AT3G01570	51	7	31	12	11	10
AT3G01572	3	2	10	8	4	4
AT3G01575	0	0	0	0	0	0
AT3G01580	24	5	32	38	22	24
AT3G01585	0	0	0	0	0	0
AT3G01590	690	323	467	511	458	569
AT3G01595	0	0	0	0	0	0
AT3G01600	10	72	2	12	240	138
AT3G01605	1	0	0	0	0	2
AT3G01610	381	167	319	397	374	442
AT3G01615	1	0	1	0	0	0
AT3G01620	4	0	2	1	1	2
AT3G01625	0	0	0	0	0	0
AT3G01630	5	4	5	14	5	7
AT3G01635	1	0	4	0	4	0
AT3G01640	483	276	311	418	325	335
AT3G01645	0	0	0	0	0	0
AT3G01650	380	198	301	361	375	379
AT3G01655	0	0	0	0	0	0
AT3G01660	178	134	149	134	88	109
AT3G01665	0	0	0	0	0	0
AT3G01670	772	244	719	782	631	735
AT3G01675	0	0	0	0	0	0
AT3G01680	754	380	625	588	593	620
AT3G01690	4354	3107	3003	3575	2741	3836
AT3G01695	0	0	0	0	0	0
AT3G01700	1	0	4	1	4	2
AT3G01705	0	0	0	0	0	0
AT3G01710	135	90	120	100	141	178
AT3G01715	0	0	0	0	0	0
AT3G01720	608	210	520	608	488	536
AT3G01730	1	0	1	1	0	0
AT3G01735	0	0	0	0	0	0
AT3G01740	732	640	595	560	410	438
AT3G01745	5	1	1	0	1	0
AT3G01750	236	52	186	200	95	117
AT3G01755	0	0	0	0	0	0
AT3G01760	2	0	2	0	0	0
AT3G01765	0	0	0	0	0	0
AT3G01770	2082	861	1595	1876	1146	1560
AT3G01775	0	0	0	0	0	0
AT3G01780	1204	891	957	1012	1126	1274
AT3G01785	0	0	0	0	0	0
AT3G01790	952	805	676	773	715	632
AT3G01795	38	1	32	22	3	2
AT3G01800	188	178	182	192	201	155
AT3G01805	0	0	0	0	0	0
AT3G01810	641	401	440	549	842	855
AT3G01815	0	0	0	0	0	0
AT3G01820	628	204	442	423	207	199
AT3G01830	205	5	149	143	2	5
AT3G01835	6	63	11	1	6	7
AT3G01840	25	1	15	12	2	8
AT3G01845	1	13	10	0	6	12
AT3G01850	889	659	610	714	528	671
AT3G01855	0	0	0	0	0	0
AT3G01860	594	946	456	480	564	728
AT3G01865	0	0	0	0	0	0
AT3G01870	2	0	1	0	4	2
AT3G01880	0	0	0	0	0	0
AT3G01885	0	0	2	1	0	0
AT3G01890	222	130	167	185	290	283
AT3G01895	0	0	0	0	0	0
AT3G01900	5	0	1	1	0	0
AT3G01905	0	0	0	0	0	0
AT3G01910	2387	1295	1913	2132	2050	1983
AT3G01915	0	0	0	0	0	0
AT3G01920	340	329	254	282	264	350
AT3G01925	1	1	0	0	0	0
AT3G01930	439	149	303	337	268	291
AT3G01935	0	0	0	0	0	0
AT3G01940	17	8	12	18	10	17
AT3G01945	2	0	0	0	0	1
AT3G01950	0	0	0	0	0	0
AT3G01960	47	25	25	22	24	20
AT3G01961	0	0	0	0	0	0
AT3G01965	0	0	0	0	0	0
AT3G01970	666	332	494	708	211	233
AT3G01975	0	0	0	0	0	0
AT3G01980	501	310	350	450	390	345
AT3G01985	0	0	0	0	0	0
AT3G01990	41	10	25	48	9	19
AT3G01995	0	0	0	0	0	0
AT3G02000	0	0	0	0	0	0
AT3G02010	0	0	0	0	0	0
AT3G02015	2	0	0	4	0	3
AT3G02020	1269	412	1082	1132	853	1050
AT3G02025	0	0	0	0	0	0
AT3G02030	184	53	113	125	131	112
AT3G02035	1	2	0	0	1	0
AT3G02040	5379	229	4494	2436	183	370
AT3G02045	0	0	0	0	0	0
AT3G02050	996	284	856	667	826	718
AT3G02055	0	0	0	0	0	0
AT3G02060	904	330	731	884	1156	1009
AT3G02065	406	378	322	432	449	627
AT3G02070	682	498	505	582	442	689
AT3G02075	1	0	0	1	0	2
AT3G02080	2202	3720	1601	2586	2697	2758
AT3G02085	0	0	0	0	0	0
AT3G02090	3350	2039	2885	3268	5281	4459
AT3G02095	0	0	0	0	0	0
AT3G02100	1	0	1	1	0	0
AT3G02105	0	0	0	0	0	0
AT3G02110	1180	701	915	852	987	907
AT3G02115	0	0	0	0	0	0
AT3G02120	276	529	259	290	560	393
AT3G02125	2	3	0	0	1	0
AT3G02130	914	312	768	799	707	855
AT3G02135	0	0	0	0	0	0
AT3G02140	225	458	188	185	314	483
AT3G02145	0	2	0	1	0	0
AT3G02150	262	149	203	280	347	460
AT3G02155	0	0	0	0	0	0
AT3G02160	49	21	58	54	42	71
AT3G02165	0	0	0	0	0	0
AT3G02170	1920	479	1580	1937	1163	1560
AT3G02180	2035	2525	1577	1821	1902	2091
AT3G02190	195	205	146	159	121	128
AT3G02195	0	0	0	0	0	0
AT3G02200	1631	1480	1178	1704	1638	1825
AT3G02205	0	0	0	0	0	0
AT3G02210	124	109	113	82	184	125
AT3G02215	0	0	0	0	0	0
AT3G02220	820	671	510	671	677	651
AT3G02225	1	0	1	2	2	0
AT3G02230	1289	721	1052	1053	1390	856
AT3G02235	0	1	0	0	1	1
AT3G02240	4	1	3	17	15	0
AT3G02242	0	0	1	0	0	0
AT3G02245	0	0	0	1	0	0
AT3G02250	679	316	570	670	643	698
AT3G02255	0	0	0	0	0	0
AT3G02260	3979	787	3308	3890	3945	4826
AT3G02265	0	0	0	0	0	0
AT3G02270	0	0	1	1	1	0
AT3G02275	0	0	0	0	0	0
AT3G02280	353	206	229	291	291	286
AT3G02285	3	0	0	1	0	0
AT3G02290	295	195	204	257	227	234
AT3G02295	0	0	0	0	3	0
AT3G02300	1054	355	734	701	501	660
AT3G02305	0	0	0	0	0	0
AT3G02310	1	0	2	2	0	3
AT3G02315	0	0	0	0	0	0
AT3G02320	320	156	269	263	308	279
AT3G02325	0	0	0	0	0	0
AT3G02330	71	11	36	59	40	33
AT3G02335	0	0	0	0	0	0
AT3G02340	346	245	246	349	194	340
AT3G02345	0	0	0	0	0	0
AT3G02350	1123	679	896	1181	1022	1068
AT3G02360	1777	1117	1479	1582	1791	1901
AT3G02365	0	0	0	0	0	0
AT3G02370	95	21	74	96	45	65
AT3G02380	174	245	154	148	252	431
AT3G02385	0	0	0	0	0	0
AT3G02390	0	0	0	0	0	0
AT3G02395	0	0	0	0	0	0
AT3G02400	0	0	0	0	0	0
AT3G02405	0	0	0	0	0	0
AT3G02410	14	11	12	22	6	18
AT3G02415	0	0	0	0	0	0
AT3G02420	358	196	348	393	373	334
AT3G02425	0	0	0	0	0	0
AT3G02430	0	0	0	0	0	0
AT3G02435	0	5	2	2	1	3
AT3G02440	0	0	0	0	0	0
AT3G02445	0	4	6	7	2	5
AT3G02450	1251	927	997	1227	1534	1462
AT3G02455	4	0	12	3	2	6
AT3G02460	323	209	296	352	263	347
AT3G02465	2	0	5	2	0	3
AT3G02470	15392	14974	11846	17634	22428	29368
AT3G02475	0	0	0	0	0	0
AT3G02480	287	74	211	20	118	36
AT3G02485	1	0	1	0	0	0
AT3G02490	199	92	150	190	196	163
AT3G02493	4	2	1	0	4	2
AT3G02495	1	0	2	3	1	2
AT3G02500	36	80	36	49	74	86
AT3G02505	0	0	0	0	0	0
AT3G02510	397	230	328	328	240	315
AT3G02520	1121	1034	850	1037	1068	1110
AT3G02525	14	4	5	11	3	7
AT3G02530	1051	510	897	887	1348	1093
AT3G02535	0	0	0	0	0	0
AT3G02540	2243	1210	1725	2276	1763	2509
AT3G02545	1	1	6	0	0	4
AT3G02550	284	1036	192	463	1412	926
AT3G02555	243	208	155	150	223	198
AT3G02560	2225	3590	1696	2475	2846	2971
AT3G02565	0	0	0	0	0	0
AT3G02570	1288	710	1042	1119	1134	1129
AT3G02575	2	2	0	0	1	0
AT3G02580	584	445	500	548	595	541
AT3G02585	1	0	4	3	0	0
AT3G02590	0	0	0	0	1	0
AT3G02595	0	0	0	0	0	0
AT3G02600	884	572	660	695	624	692
AT3G02605	0	0	0	0	0	0
AT3G02610	18	9	20	17	5	10
AT3G02615	0	0	0	0	0	0
AT3G02620	41	36	12	18	22	9
AT3G02625	0	0	0	0	0	0
AT3G02630	1633	838	1418	1458	1244	1265
AT3G02635	0	0	0	0	0	0
AT3G02640	352	477	221	374	524	437
AT3G02645	6	6	2	0	0	1
AT3G02650	288	186	219	328	442	282
AT3G02655	0	0	0	0	0	0
AT3G02660	407	410	345	364	672	567
AT3G02665	0	0	0	0	0	0
AT3G02670	4	0	4	6	3	3
AT3G02673	0	0	0	0	0	0
AT3G02677	6	4	3	5	6	5
AT3G02680	116	79	75	105	132	123
AT3G02685	0	0	0	0	0	0
AT3G02690	835	608	646	684	626	867
AT3G02695	0	0	0	0	0	0
AT3G02700	565	430	405	543	310	430
AT3G02705	2	0	0	0	0	0
AT3G02710	511	419	381	471	587	510
AT3G02715	0	0	0	0	0	0
AT3G02720	953	1134	749	856	1022	1165
AT3G02725	0	0	0	0	2	0
AT3G02730	1418	2669	1064	1273	1671	2320
AT3G02735	0	0	0	0	0	0
AT3G02740	386	273	323	318	274	363
AT3G02745	0	0	0	0	0	0
AT3G02750	1269	655	912	1126	738	1076
AT3G02755	0	0	0	0	0	0
AT3G02760	1373	972	1131	1451	1654	1466
AT3G02765	0	0	0	0	0	0
AT3G02770	396	421	305	380	231	320
AT3G02775	0	0	0	0	0	0
AT3G02780	1117	1273	943	1089	1133	1078
AT3G02785	0	0	0	0	0	0
AT3G02790	0	0	0	0	0	0
AT3G02795	0	0	0	0	0	0
AT3G02800	149	47	132	149	16	53
AT3G02805	0	0	0	0	0	0
AT3G02810	1	0	0	1	1	1
AT3G02815	0	0	0	0	0	0
AT3G02820	156	109	88	170	152	102
AT3G02825	0	0	0	0	0	0
AT3G02830	774	457	622	530	889	889
AT3G02832	15	19	6	21	10	11
AT3G02835	0	0	0	0	0	0
AT3G02840	243	20	176	291	5	31
AT3G02845	0	0	0	0	0	0
AT3G02850	13	2	6	5	7	10
AT3G02855	0	0	0	0	0	0
AT3G02860	561	376	435	414	356	461
AT3G02870	1046	409	838	554	639	563
AT3G02875	191	127	159	182	132	145
AT3G02880	734	431	542	666	589	565
AT3G02885	8	9	10	3	8	15
AT3G02890	292	127	241	292	310	332
AT3G02895	0	2	0	0	0	2
AT3G02900	505	686	345	377	383	401
AT3G02905	0	0	0	0	0	0
AT3G02910	0	0	0	0	0	0
AT3G02915	0	0	0	0	0	0
AT3G02920	162	54	114	149	136	120
AT3G02925	0	0	0	0	0	0
AT3G02930	363	177	297	299	191	196
AT3G02935	0	0	0	0	0	0
AT3G02940	3	0	1	0	0	1
AT3G02945	0	0	1	0	0	0
AT3G02950	435	244	325	356	349	395
AT3G02955	0	0	0	0	0	0
AT3G02960	0	0	0	0	0	0
AT3G02970	0	0	0	0	0	0
AT3G02975	0	0	0	0	0	0
AT3G02980	111	5	93	64	9	14
AT3G02985	0	0	0	0	0	0
AT3G02990	230	34	157	99	67	64
AT3G02995	0	0	0	0	0	0
AT3G03000	156	175	100	142	119	126
AT3G03005	0	0	0	0	0	0
AT3G03010	262	262	206	276	223	263
AT3G03020	538	456	386	404	338	391
AT3G03025	17	16	20	24	23	19
AT3G03030	297	65	190	189	77	84
AT3G03035	0	0	0	0	0	0
AT3G03040	562	662	420	532	525	592
AT3G03045	0	0	0	0	0	0
AT3G03050	803	190	694	755	635	619
AT3G03055	0	0	0	0	0	0
AT3G03060	189	82	192	221	385	201
AT3G03065	0	0	0	0	0	0
AT3G03070	1599	2055	1295	1416	1449	1422
AT3G03075	0	0	0	0	0	0
AT3G03080	5	0	1	0	0	0
AT3G03085	1	0	0	1	1	0
AT3G03090	308	143	246	230	172	224
AT3G03095	0	0	0	0	0	0
AT3G03100	1676	1910	1323	1450	1388	1533
AT3G03105	17	13	15	14	8	28
AT3G03110	537	220	444	485	567	540
AT3G03115	0	0	0	0	0	0
AT3G03120	285	170	235	202	183	227
AT3G03125	2	0	3	0	0	1
AT3G03130	168	184	113	197	318	230
AT3G03135	8	1	9	15	4	9
AT3G03140	355	134	296	333	284	364
AT3G03145	0	0	0	0	0	0
AT3G03150	5364	4285	4347	4167	2458	3418
AT3G03155	2	0	0	0	0	0
AT3G03160	331	356	300	271	241	282
AT3G03165	0	4	1	1	1	5
AT3G03170	67	25	89	29	16	11
AT3G03175	0	0	0	0	0	0
AT3G03180	87	59	82	61	51	61
AT3G03190	0	0	0	0	0	0
AT3G03195	0	0	0	0	0	0
AT3G03200	16	13	15	15	27	26
AT3G03205	0	0	0	0	0	0
AT3G03210	89	63	73	98	71	87
AT3G03215	0	0	0	0	0	0
AT3G03220	249	181	216	216	210	203
AT3G03225	6	0	2	11	2	2
AT3G03230	1	0	0	0	0	0
AT3G03235	0	0	0	0	0	0
AT3G03240	5	4	1	1	1	1
AT3G03245	0	0	0	0	0	0
AT3G03250	3258	1207	2758	1986	3151	2163
AT3G03255	0	0	0	0	0	0
AT3G03260	279	3	159	38	4	10
AT3G03265	69	61	61	96	106	102
AT3G03270	360	495	219	375	554	497
AT3G03272	3	1	2	2	0	1
AT3G03275	0	1	0	0	2	2
AT3G03280	6	4	7	0	0	1
AT3G03285	0	0	0	0	1	0
AT3G03290	2	1	0	1	0	0
AT3G03295	0	0	0	0	0	0
AT3G03300	927	87	657	636	500	649
AT3G03305	272	81	222	240	312	273
AT3G03310	441	107	291	337	204	246
AT3G03320	157	96	124	110	122	118
AT3G03325	13	15	4	15	7	5
AT3G03330	383	315	286	370	232	267
AT3G03335	0	0	0	0	0	0
AT3G03340	851	478	647	760	666	755
AT3G03341	29	0	27	1	4	1
AT3G03345	0	0	0	0	0	1
AT3G03350	65	4	43	36	33	43
AT3G03355	0	0	0	0	0	0
AT3G03360	223	92	164	132	120	132
AT3G03365	0	0	0	0	0	0
AT3G03370	36	15	27	21	25	26
AT3G03375	0	0	0	0	0	0
AT3G03380	1886	742	1418	1841	1573	1917
AT3G03385	0	0	0	0	0	0
AT3G03400	0	0	0	0	0	0
AT3G03405	0	0	0	0	0	0
AT3G03410	0	0	0	0	0	0
AT3G03415	0	3	0	0	0	2
AT3G03420	358	323	251	294	244	296
AT3G03425	0	0	1	0	0	0
AT3G03430	1	1	0	4	5	0
AT3G03435	0	0	0	0	0	0
AT3G03440	171	37	103	109	79	53
AT3G03445	0	0	0	0	0	0
AT3G03450	75	16	35	21	18	26
AT3G03455	0	0	0	0	0	0
AT3G03460	122	100	80	82	105	101
AT3G03465	0	0	0	0	0	0
AT3G03470	2153	457	1755	2028	696	850
AT3G03475	1	1	4	2	6	5
AT3G03480	9	12	7	4	3	8
AT3G03490	581	453	396	507	427	471
AT3G03495	0	0	0	0	0	0
AT3G03500	0	0	1	0	0	2
AT3G03505	0	0	0	0	0	0
AT3G03510	0	0	0	0	0	0
AT3G03515	0	0	0	0	0	0
AT3G03520	241	142	166	226	226	166
AT3G03525	0	0	0	0	0	0
AT3G03530	523	9	424	487	16	4
AT3G03535	2	0	1	2	0	1
AT3G03540	0	0	1	0	0	0
AT3G03550	537	341	385	411	327	384
AT3G03555	0	0	0	0	0	0
AT3G03560	510	208	428	479	377	370
AT3G03570	352	140	266	336	406	457
AT3G03580	141	41	107	128	90	71
AT3G03585	0	0	0	0	0	0
AT3G03590	193	141	128	123	73	80
AT3G03595	0	0	0	0	0	0
AT3G03600	286	331	243	236	364	301
AT3G03605	7	3	3	10	9	2
AT3G03610	166	143	161	167	168	163
AT3G03615	0	0	0	0	0	0
AT3G03620	0	0	4	0	0	0
AT3G03625	3	10	0	3	0	3
AT3G03630	406	575	344	611	1183	898
AT3G03635	0	0	0	0	0	0
AT3G03640	315	112	308	201	295	220
AT3G03645	0	0	0	0	0	0
AT3G03650	0	0	7	1	0	0
AT3G03655	0	0	0	0	0	0
AT3G03660	3	1	4	1	2	2
AT3G03665	0	0	0	0	0	0
AT3G03670	0	0	0	0	0	0
AT3G03675	0	0	0	0	0	0
AT3G03680	252	118	227	220	345	268
AT3G03685	0	0	0	0	0	0
AT3G03690	273	125	164	179	252	209
AT3G03695	0	0	0	0	0	0
AT3G03700	0	0	0	0	0	0
AT3G03702	8	4	8	5	5	3
AT3G03705	0	0	0	0	0	0
AT3G03710	1225	764	1064	1330	2456	2289
AT3G03715	0	0	0	0	0	0
AT3G03720	504	366	387	490	527	638
AT3G03725	0	0	0	0	0	0
AT3G03726	2	0	0	0	0	0
AT3G03730	0	0	0	0	2	0
AT3G03735	0	0	0	0	0	0
AT3G03740	593	230	387	411	349	363
AT3G03745	0	0	0	0	0	0
AT3G03750	0	0	0	0	0	0
AT3G03755	0	0	0	0	0	0
AT3G03760	0	0	0	0	0	0
AT3G03765	0	0	0	1	0	1
AT3G03770	231	107	195	210	386	289
AT3G03773	123	88	96	77	96	68
AT3G03775	0	0	0	0	0	0
AT3G03776	6	1	2	8	14	3
AT3G03780	1788	1800	1671	1793	6777	3499
AT3G03785	0	0	0	0	0	0
AT3G03790	2973	253	2428	1675	714	799
AT3G03795	0	0	0	0	0	0
AT3G03800	0	1	1	0	3	1
AT3G03805	0	0	0	0	0	0
AT3G03810	317	98	237	291	222	240
AT3G03815	15	8	11	7	8	12
AT3G03820	36	115	34	85	54	43
AT3G03825	3	0	0	2	1	0
AT3G03826	0	0	0	0	0	0
AT3G03828	0	0	2	0	0	0
AT3G03830	20	23	16	12	21	14
AT3G03835	0	0	0	0	0	0
AT3G03840	35	49	30	49	38	30
AT3G03845	0	0	0	0	0	0
AT3G03847	0	0	0	1	0	2
AT3G03850	41	45	31	35	46	41
AT3G03852	0	0	0	0	0	0
AT3G03860	533	518	468	469	467	518
AT3G03865	2	2	1	0	0	2
AT3G03870	1485	337	1164	1025	247	437
AT3G03875	0	0	0	0	0	0
AT3G03880	238	235	206	227	190	241
AT3G03890	717	645	634	698	886	1026
AT3G03895	0	0	0	0	0	0
AT3G03900	163	104	121	92	108	85
AT3G03905	0	0	0	0	0	0
AT3G03910	10	8	8	6	9	9
AT3G03915	0	0	0	0	0	1
AT3G03920	922	1120	723	936	961	764
AT3G03925	0	0	0	0	0	0
AT3G03930	1	0	0	0	0	3
AT3G03935	0	0	0	0	0	0
AT3G03940	1588	615	1321	1504	1567	1602
AT3G03945	0	0	0	0	0	0
AT3G03950	751	517	631	641	904	798
AT3G03955	0	0	0	0	0	0
AT3G03960	1407	921	1216	1454	1488	1227
AT3G03965	60	17	37	67	73	78
AT3G03970	131	82	102	135	160	166
AT3G03975	0	0	0	0	0	0
AT3G03980	222	213	168	195	217	201
AT3G03985	0	0	0	0	0	0
AT3G03990	473	556	377	473	427	535
AT3G03995	0	0	0	0	0	0
AT3G04000	82	38	66	81	45	71
AT3G04005	0	0	0	0	0	0
AT3G04010	104	19	93	72	60	32
AT3G04015	0	0	0	0	0	0
AT3G04020	121	40	94	111	67	81
AT3G04025	0	0	0	0	0	0
AT3G04030	282	35	249	157	100	77
AT3G04035	2	0	0	0	1	1
AT3G04040	33	20	26	21	24	20
AT3G04045	0	0	0	0	0	0
AT3G04050	57	8	46	14	3	9
AT3G04055	0	1	2	1	0	0
AT3G04060	81	26	71	136	19	33
AT3G04065	3	0	0	6	2	3
AT3G04070	387	123	261	565	202	149
AT3G04080	487	211	451	450	416	442
AT3G04085	0	0	4	0	1	0
AT3G04090	1063	1124	821	928	962	976
AT3G04095	0	0	0	0	0	0
AT3G04100	0	0	0	0	0	0
AT3G04110	303	129	229	360	393	232
AT3G04115	0	1	0	1	0	0
AT3G04120	5153	8359	4372	5073	11589	7910
AT3G04125	0	0	0	0	0	0
AT3G04130	110	68	81	103	63	84
AT3G04135	0	0	0	0	0	0
AT3G04140	102	94	82	82	114	155
AT3G04145	0	0	0	0	0	0
AT3G04150	0	0	0	0	0	0
AT3G04155	11	8	7	7	3	9
AT3G04160	430	176	313	294	308	454
AT3G04165	17	11	14	11	16	11
AT3G04170	0	0	0	0	0	0
AT3G04175	3	3	3	5	7	9
AT3G04180	0	0	0	0	0	0
AT3G04181	15	4	18	14	8	23
AT3G04184	24	18	22	19	16	10
AT3G04185	0	0	0	0	0	0
AT3G04190	0	0	0	0	0	0
AT3G04195	0	0	0	0	0	0
AT3G04200	5	0	4	4	1	1
AT3G04205	0	0	0	0	0	0
AT3G04210	976	391	852	1556	375	861
AT3G04215	0	0	0	0	0	0
AT3G04220	6	0	3	17	0	5
AT3G04225	0	0	0	0	0	0
AT3G04230	73	100	57	71	65	51
AT3G04235	0	0	0	0	2	0
AT3G04240	2180	543	1709	1451	1621	1791
AT3G04245	0	0	0	0	0	0
AT3G04250	0	0	0	0	0	0
AT3G04255	2	0	2	0	2	1
AT3G04260	1645	1439	1417	1661	3633	3302
AT3G04265	0	0	0	0	0	0
AT3G04270	0	0	0	0	0	0
AT3G04275	1	0	2	3	3	0
AT3G04280	0	0	0	0	0	0
AT3G04285	4	0	2	2	0	8
AT3G04290	899	977	840	629	2639	1776
AT3G04295	0	0	0	0	0	0
AT3G04300	9	13	6	19	9	13
AT3G04305	0	0	0	0	0	0
AT3G04310	138	99	77	85	92	104
AT3G04315	0	0	0	0	0	0
AT3G04320	3	0	2	0	0	0
AT3G04325	0	0	0	0	0	0
AT3G04330	0	0	0	0	0	0
AT3G04335	0	0	0	0	0	0
AT3G04340	2243	1385	1888	2641	4348	4380
AT3G04345	0	0	0	0	0	0
AT3G04350	1254	332	993	755	527	781
AT3G04355	6	2	3	4	2	0
AT3G04360	23	8	22	14	4	9
AT3G04365	0	0	0	0	0	0
AT3G04370	4	3	16	3	2	0
AT3G04375	0	0	0	0	0	0
AT3G04380	85	30	81	72	97	93
AT3G04385	0	0	0	0	0	0
AT3G04390	0	0	0	0	0	0
AT3G04395	0	0	0	0	0	0
AT3G04400	4099	7459	3126	4451	5100	4810
AT3G04405	0	0	0	0	0	0
AT3G04410	3	0	1	1	0	4
AT3G04415	0	0	0	0	0	0
AT3G04420	14	8	4	19	7	8
AT3G04425	0	0	0	0	0	0
AT3G04430	2	0	0	0	0	0
AT3G04435	0	0	0	0	0	0
AT3G04440	0	0	0	0	0	0
AT3G04443	4	0	1	0	1	0
AT3G04450	210	145	188	209	176	221
AT3G04455	0	0	0	0	0	0
AT3G04460	318	236	254	296	312	391
AT3G04470	1540	913	1085	1468	1204	1605
AT3G04475	0	0	1	0	0	0
AT3G04480	485	226	383	445	400	437
AT3G04485	40	34	47	34	28	49
AT3G04490	683	314	512	628	643	706
AT3G04495	0	0	0	0	0	0
AT3G04500	661	399	522	444	388	418
AT3G04505	0	0	0	0	0	0
AT3G04510	51	14	31	23	23	27
AT3G04515	0	0	0	0	0	0
AT3G04520	464	359	380	351	431	422
AT3G04525	0	0	0	0	0	0
AT3G04530	200	6	177	57	2	5
AT3G04535	0	0	0	0	0	0
AT3G04540	0	0	0	0	0	0
AT3G04545	0	0	0	0	0	0
AT3G04550	2116	1389	1903	1818	2035	1595
AT3G04555	0	0	0	0	0	0
AT3G04560	375	257	301	336	274	414
AT3G04565	0	0	0	0	0	0
AT3G04570	11	1	10	13	6	4
AT3G04575	0	0	0	0	0	0
AT3G04580	371	103	280	332	370	363
AT3G04585	0	0	0	0	0	0
AT3G04590	793	686	680	593	678	684
AT3G04595	0	0	0	0	0	0
AT3G04600	698	615	479	676	946	903
AT3G04610	1432	565	1049	1176	1368	1354
AT3G04615	0	0	0	0	0	0
AT3G04620	62	62	59	57	49	28
AT3G04625	0	0	0	0	0	0
AT3G04630	863	1231	647	628	833	1019
AT3G04635	0	0	0	0	0	0
AT3G04640	604	143	462	684	100	177
AT3G04645	0	0	0	0	0	0
AT3G04650	273	173	255	283	533	430
AT3G04655	0	0	0	0	0	0
AT3G04660	1	0	0	1	0	2
AT3G04665	0	0	0	0	0	0
AT3G04670	959	607	758	677	774	815
AT3G04675	0	0	0	0	0	0
AT3G04680	257	170	272	269	309	274
AT3G04685	0	0	0	0	0	0
AT3G04690	168	50	163	92	122	156
AT3G04695	2	0	0	2	1	2
AT3G04700	3	5	8	2	2	2
AT3G04705	0	0	0	0	0	0
AT3G04710	214	100	192	259	234	184
AT3G04720	2548	1037	1984	3664	1158	972
AT3G04725	0	0	0	0	0	0
AT3G04730	3941	3441	3315	3458	3117	4620
AT3G04735	0	0	0	0	0	0
AT3G04740	1082	406	835	1072	1009	1270
AT3G04745	0	0	0	0	0	0
AT3G04750	316	120	235	238	207	235
AT3G04755	15	1	11	7	9	14
AT3G04760	1095	737	932	1158	1429	1551
AT3G04765	0	0	0	0	0	0
AT3G04770	181	100	117	173	166	100
AT3G04775	0	0	0	0	0	0
AT3G04780	376	450	277	343	378	342
AT3G04785	0	0	0	1	0	0
AT3G04790	663	1851	618	849	2016	1707
AT3G04795	0	0	0	0	0	0
AT3G04800	11	6	9	6	4	7
AT3G04805	0	0	0	0	0	0
AT3G04810	640	198	497	511	565	588
AT3G04815	1	0	0	0	0	0
AT3G04820	314	128	259	295	350	289
AT3G04825	0	0	0	0	0	0
AT3G04830	797	585	614	585	665	615
AT3G04835	0	0	0	0	0	0
AT3G04840	5295	7574	3995	5343	8471	6074
AT3G04845	0	0	1	0	0	1
AT3G04850	90	71	65	93	165	115
AT3G04854	12	4	18	16	8	13
AT3G04855	0	0	1	0	1	0
AT3G04860	89	49	60	77	60	58
AT3G04870	1499	1340	1196	1344	2818	2686
AT3G04875	0	0	0	0	0	0
AT3G04880	636	655	493	597	412	566
AT3G04890	373	351	279	290	163	308
AT3G04895	0	0	0	0	0	0
AT3G04900	0	0	0	0	0	0
AT3G04903	0	0	0	0	0	0
AT3G04905	0	0	0	0	0	0
AT3G04910	4022	1288	2976	3993	2103	2666
AT3G04915	0	0	0	0	0	0
AT3G04920	2435	3682	1934	2907	3074	2886
AT3G04925	0	0	0	0	0	0
AT3G04930	935	428	764	915	665	917
AT3G04935	0	0	0	0	0	0
AT3G04940	935	770	754	841	1036	982
AT3G04943	0	0	0	0	0	0
AT3G04945	0	0	0	0	0	0
AT3G04950	121	105	103	106	151	98
AT3G04955	0	0	0	0	0	0
AT3G04960	30	21	26	39	33	49
AT3G04965	0	1	0	0	0	0
AT3G04970	157	85	149	112	105	105
AT3G04975	1	1	1	0	2	0
AT3G04980	150	56	146	141	144	136
AT3G04985	0	0	0	0	0	0
AT3G04990	0	0	0	0	0	0
AT3G04995	0	0	0	0	0	0
AT3G05000	463	528	400	509	387	482
AT3G05005	0	0	0	0	0	0
AT3G05010	167	178	146	135	115	180
AT3G05015	0	0	0	0	0	0
AT3G05020	1083	1085	841	1056	834	786
AT3G05025	0	0	0	0	0	0
AT3G05030	322	80	292	230	132	160
AT3G05035	7	8	4	3	5	5
AT3G05040	490	164	368	458	533	461
AT3G05045	0	0	0	0	0	0
AT3G05050	539	218	472	482	483	433
AT3G05055	0	0	1	1	0	0
AT3G05060	2190	2266	1526	1915	1947	1304
AT3G05070	487	510	414	456	448	508
AT3G05075	0	0	0	0	0	0
AT3G05080	0	0	0	0	0	0
AT3G05085	1	0	0	0	0	0
AT3G05090	821	305	621	694	758	811
AT3G05095	0	0	0	3	0	0
AT3G05100	456	273	399	437	414	394
AT3G05105	1	2	3	3	0	3
AT3G05110	17	1	9	2	2	5
AT3G05115	0	0	0	0	0	0
AT3G05120	651	272	546	549	351	412
AT3G05125	0	0	0	0	0	0
AT3G05130	613	379	445	591	489	509
AT3G05135	0	0	0	0	0	0
AT3G05140	59	36	48	68	93	72
AT3G05145	0	0	0	0	0	0
AT3G05150	43	13	27	85	29	13
AT3G05152	3	1	2	2	1	0
AT3G05155	0	9	1	3	2	0
AT3G05160	970	800	735	613	515	768
AT3G05165	793	417	599	613	586	562
AT3G05170	131	79	57	95	80	87
AT3G05175	0	0	0	0	0	0
AT3G05180	237	151	204	194	448	352
AT3G05185	0	0	0	0	0	0
AT3G05190	62	29	65	60	69	64
AT3G05195	0	0	0	0	0	0
AT3G05200	563	538	417	619	355	479
AT3G05205	0	0	0	0	0	0
AT3G05210	647	391	507	501	370	483
AT3G05215	0	0	0	0	0	0
AT3G05220	3628	2068	2802	2716	1895	2256
AT3G05225	0	0	0	0	0	0
AT3G05230	285	289	241	280	293	266
AT3G05235	0	0	0	0	0	0
AT3G05240	0	0	0	0	0	0
AT3G05245	0	0	0	0	0	0
AT3G05250	301	242	232	293	185	238
AT3G05260	4	0	8	1	0	1
AT3G05265	0	0	0	0	0	0
AT3G05270	632	170	494	534	341	526
AT3G05275	0	0	0	0	0	0
AT3G05280	598	438	488	578	586	594
AT3G05285	3	5	1	4	5	1
AT3G05290	378	191	299	274	203	285
AT3G05295	0	0	0	0	0	0
AT3G05300	0	0	0	0	0	0
AT3G05305	0	0	0	0	0	0
AT3G05310	3	0	0	1	0	0
AT3G05315	0	0	0	0	0	0
AT3G05320	148	107	103	161	103	161
AT3G05325	6	0	3	4	3	2
AT3G05327	43	25	23	18	18	24
AT3G05330	197	103	183	181	290	220
AT3G05335	2	3	3	4	3	2
AT3G05340	95	3	64	70	78	63
AT3G05345	338	112	208	185	192	219
AT3G05350	1190	823	828	1146	1242	1401
AT3G05355	5	0	1	8	5	6
AT3G05360	109	63	113	114	113	122
AT3G05365	5	0	6	1	2	3
AT3G05370	827	185	706	797	333	447
AT3G05375	0	0	0	0	0	0
AT3G05380	721	129	580	578	471	478
AT3G05385	0	0	0	0	0	0
AT3G05390	10	1	12	3	4	6
AT3G05395	0	0	0	1	0	2
AT3G05400	34	10	28	12	19	13
AT3G05410	366	639	284	372	538	565
AT3G05420	957	410	780	908	1054	1012
AT3G05425	0	0	4	0	0	0
AT3G05430	113	33	101	82	112	111
AT3G05440	0	0	0	0	0	0
AT3G05445	1	0	2	3	2	2
AT3G05450	0	0	0	0	0	0
AT3G05455	0	0	0	0	0	0
AT3G05460	0	0	0	0	0	0
AT3G05465	0	0	0	0	0	0
AT3G05470	222	154	187	177	207	220
AT3G05475	0	0	0	0	0	0
AT3G05480	39	24	40	38	40	37
AT3G05485	0	0	0	0	0	0
AT3G05490	481	785	359	425	439	571
AT3G05495	0	0	0	0	0	0
AT3G05500	383	397	283	258	427	337
AT3G05505	0	0	0	0	0	0
AT3G05510	255	131	206	222	192	178
AT3G05515	0	0	0	0	0	0
AT3G05520	519	256	409	466	325	424
AT3G05525	0	0	0	0	0	0
AT3G05530	2555	1699	1885	2423	2467	2810
AT3G05535	0	0	0	0	0	0
AT3G05540	4	0	2	3	0	0
AT3G05545	1297	886	1033	1039	1071	1111
AT3G05550	17	8	8	15	10	9
AT3G05555	0	0	0	0	0	0
AT3G05560	1612	2679	1153	1724	2371	1962
AT3G05570	148	124	129	96	104	107
AT3G05575	0	0	0	0	0	0
AT3G05580	258	102	202	183	141	196
AT3G05585	0	0	0	0	0	0
AT3G05590	3391	5231	2528	3404	4435	3839
AT3G05595	1	0	0	0	0	0
AT3G05600	115	264	114	190	293	240
AT3G05605	0	0	0	0	0	0
AT3G05610	0	0	0	0	0	0
AT3G05620	17	3	20	26	38	36
AT3G05625	210	254	179	161	330	229
AT3G05630	1417	20	1129	548	61	83
AT3G05635	1	0	1	0	0	1
AT3G05640	479	40	386	158	83	82
AT3G05645	0	0	0	0	0	0
AT3G05650	191	27	142	111	92	93
AT3G05655	0	0	0	0	0	0
AT3G05660	126	39	92	87	128	109
AT3G05665	0	0	0	0	0	0
AT3G05670	1446	651	1103	1209	894	1035
AT3G05675	150	124	132	149	121	143
AT3G05680	1190	278	978	1571	1521	1554
AT3G05685	40	50	22	38	24	32
AT3G05690	222	131	191	76	253	227
AT3G05695	0	0	0	0	0	0
AT3G05700	222	179	166	196	141	167
AT3G05705	0	0	0	0	0	0
AT3G05710	435	273	310	400	304	376
AT3G05715	2	2	0	0	1	4
AT3G05720	4	1	2	2	6	5
AT3G05725	0	0	0	0	0	0
AT3G05727	2175	1057	2512	1556	663	772
AT3G05730	4380	2598	3934	2811	4711	3073
AT3G05735	0	0	0	0	0	0
AT3G05740	54	20	40	61	51	48
AT3G05741	0	0	0	0	0	0
AT3G05745	0	0	0	0	0	0
AT3G05746	2	1	1	2	4	3
AT3G05750	318	221	272	344	448	461
AT3G05755	0	0	0	0	0	0
AT3G05760	537	789	387	489	414	461
AT3G05765	0	0	0	0	0	0
AT3G05770	0	0	0	0	0	0
AT3G05775	0	0	0	0	0	0
AT3G05780	0	0	0	0	0	0
AT3G05785	0	0	0	0	0	0
AT3G05790	46	8	41	25	49	30
AT3G05795	0	0	0	0	0	0
AT3G05800	337	100	269	178	68	120
AT3G05805	0	0	0	0	0	0
AT3G05810	184	181	157	136	147	96
AT3G05815	0	0	0	0	0	0
AT3G05820	20	8	22	7	19	14
AT3G05825	0	0	0	0	0	0
AT3G05830	373	190	250	208	189	215
AT3G05835	0	0	0	0	0	0
AT3G05840	3054	1448	2382	1940	2218	2161
AT3G05845	0	0	0	0	0	0
AT3G05850	358	182	306	317	447	388
AT3G05855	0	0	0	0	0	0
AT3G05858	0	1	1	0	0	0
AT3G05860	0	0	0	0	0	0
AT3G05870	73	59	87	66	27	30
AT3G05880	3836	780	2993	2854	395	677
AT3G05885	0	0	0	0	0	0
AT3G05890	153	91	137	161	58	64
AT3G05895	0	0	0	0	0	0
AT3G05900	4	7	2	2	5	5
AT3G05905	9	0	5	4	4	10
AT3G05910	1252	951	1093	1183	1361	1563
AT3G05915	0	0	0	0	0	0
AT3G05920	9	3	9	1	4	0
AT3G05925	0	0	0	0	0	0
AT3G05930	0	1	1	1	0	2
AT3G05932	22	20	19	9	10	26
AT3G05935	0	0	0	0	0	0
AT3G05936	56	66	36	32	23	38
AT3G05937	142	78	155	132	55	67
AT3G05940	248	146	178	184	211	211
AT3G05945	659	619	484	478	250	351
AT3G05950	0	0	2	0	0	0
AT3G05955	0	2	0	3	4	4
AT3G05960	4	2	0	0	0	0
AT3G05965	0	0	0	0	0	0
AT3G05970	1770	567	1421	1351	1078	920
AT3G05975	1	0	1	0	1	0
AT3G05980	74	37	46	37	20	35
AT3G05985	0	0	0	0	0	0
AT3G05990	281	115	215	225	203	174
AT3G05995	1	0	2	2	1	0
AT3G06000	0	0	0	0	0	0
AT3G06010	865	680	665	672	761	853
AT3G06015	0	0	0	0	0	0
AT3G06019	0	0	0	0	0	0
AT3G06020	46	97	23	62	57	106
AT3G06025	0	0	0	0	0	0
AT3G06030	171	112	131	190	333	302
AT3G06035	152	116	152	141	189	118
AT3G06040	734	703	534	656	737	670
AT3G06045	0	0	0	0	0	0
AT3G06050	1738	1601	1305	1433	1538	1373
AT3G06055	0	0	0	0	0	0
AT3G06060	438	498	333	418	440	556
AT3G06065	0	0	0	0	0	0
AT3G06070	658	987	455	863	820	1425
AT3G06075	0	0	0	0	0	0
AT3G06080	1168	1144	922	1460	1067	1952
AT3G06085	0	0	0	0	0	0
AT3G06090	0	0	0	1	0	0
AT3G06095	0	2	1	0	0	2
AT3G06100	13	12	8	12	5	6
AT3G06105	0	0	0	0	0	0
AT3G06110	388	515	235	332	295	318
AT3G06115	0	0	0	0	0	0
AT3G06120	48	24	40	23	39	35
AT3G06125	75	200	91	65	101	111
AT3G06130	724	431	577	598	581	806
AT3G06135	0	0	0	0	0	0
AT3G06140	201	136	139	196	220	213
AT3G06145	25	88	13	35	68	69
AT3G06150	494	290	406	451	357	470
AT3G06155	0	0	0	0	0	0
AT3G06160	29	29	31	8	25	27
AT3G06165	0	0	0	0	0	0
AT3G06170	720	454	586	538	391	481
AT3G06180	77	93	78	62	76	86
AT3G06185	0	0	0	0	0	1
AT3G06190	1014	747	706	804	703	931
AT3G06200	487	336	393	399	435	498
AT3G06205	0	0	0	0	0	0
AT3G06210	308	99	214	254	140	256
AT3G06215	0	0	0	0	0	0
AT3G06220	22	16	8	14	11	4
AT3G06225	0	0	0	0	0	0
AT3G06230	0	0	0	0	0	0
AT3G06235	0	0	0	0	0	0
AT3G06240	203	120	161	176	139	175
AT3G06245	0	0	0	0	0	0
AT3G06250	431	103	406	408	392	427
AT3G06255	0	0	0	0	0	0
AT3G06260	6	3	7	6	3	8
AT3G06265	0	0	0	0	0	0
AT3G06270	269	150	169	218	201	291
AT3G06275	0	0	0	0	0	0
AT3G06280	0	0	0	0	0	0
AT3G06285	0	0	0	0	0	0
AT3G06290	1322	412	1071	1054	823	1121
AT3G06295	0	0	0	0	0	0
AT3G06300	323	317	271	278	276	275
AT3G06310	388	457	297	267	291	285
AT3G06315	0	0	0	0	0	0
AT3G06320	189	247	134	141	167	156
AT3G06325	0	0	0	0	0	0
AT3G06330	406	312	408	437	384	408
AT3G06335	0	0	0	0	0	0
AT3G06340	416	182	332	362	382	421
AT3G06345	0	0	0	0	0	0
AT3G06350	1248	796	1020	1170	1788	1708
AT3G06355	479	395	313	263	661	715
AT3G06360	21	20	19	13	21	10
AT3G06370	67	28	53	114	43	38
AT3G06375	0	0	0	0	0	0
AT3G06380	747	424	574	743	459	662
AT3G06385	0	0	0	0	0	0
AT3G06390	33	15	30	20	4	9
AT3G06395	0	0	0	0	0	0
AT3G06400	2786	1192	2292	2590	2304	2762
AT3G06405	0	0	0	0	0	0
AT3G06410	758	515	544	560	416	431
AT3G06415	0	0	0	0	0	0
AT3G06420	300	187	218	258	117	154
AT3G06425	5	0	8	4	3	8
AT3G06430	1208	1134	1016	1152	1307	1582
AT3G06435	24	47	21	17	39	28
AT3G06436	0	0	0	0	0	0
AT3G06440	480	247	380	445	390	436
AT3G06445	0	0	0	0	0	0
AT3G06450	900	436	773	634	603	621
AT3G06455	115	143	82	131	103	179
AT3G06460	0	0	3	0	2	0
AT3G06465	0	0	0	0	1	0
AT3G06470	315	437	280	284	411	408
AT3G06475	0	0	0	0	0	0
AT3G06480	601	151	523	559	570	584
AT3G06483	1055	832	814	1054	1078	1304
AT3G06485	0	0	0	0	0	0
AT3G06490	12	7	28	22	13	9
AT3G06495	7	12	5	1	21	11
AT3G06500	1736	655	1353	1294	644	1092
AT3G06510	1485	910	1183	902	1081	1090
AT3G06515	2	1	3	0	3	0
AT3G06520	34	7	28	16	16	26
AT3G06525	0	0	0	0	0	0
AT3G06530	804	217	704	919	1149	750
AT3G06535	0	0	0	0	0	0
AT3G06540	412	200	353	383	341	378
AT3G06545	0	0	2	0	0	0
AT3G06550	1076	509	846	861	976	776
AT3G06555	0	0	0	0	0	0
AT3G06560	0	0	0	0	0	0
AT3G06565	0	0	0	0	0	0
AT3G06570	143	195	105	154	143	176
AT3G06575	0	0	0	0	0	0
AT3G06580	1303	963	1071	1180	1176	1293
AT3G06585	0	0	0	0	0	0
AT3G06590	988	689	817	848	509	534
AT3G06595	1	0	0	0	0	0
AT3G06600	2	13	10	5	9	10
AT3G06605	0	1	0	0	0	0
AT3G06610	410	615	323	338	383	398
AT3G06615	0	0	0	0	0	0
AT3G06620	610	292	478	570	526	636
AT3G06625	0	0	0	0	0	0
AT3G06630	23	7	18	21	27	23
AT3G06635	0	0	0	0	0	0
AT3G06640	25	16	12	24	6	26
AT3G06645	0	0	0	0	0	0
AT3G06650	2636	1727	2088	2396	3127	3205
AT3G06655	0	0	0	1	0	0
AT3G06660	416	347	256	300	410	485
AT3G06665	0	0	0	0	0	0
AT3G06670	1566	743	1222	1558	1629	1858
AT3G06675	0	0	0	0	0	0
AT3G06680	395	708	432	522	622	409
AT3G06685	1	1	1	1	2	1
AT3G06690	15	7	11	7	6	2
AT3G06695	0	0	0	0	0	0
AT3G06700	2391	4312	1910	2373	3562	2437
AT3G06710	17	4	23	21	4	7
AT3G06715	0	0	0	0	0	0
AT3G06720	1565	1025	1249	1555	1419	1475
AT3G06725	0	0	0	0	0	0
AT3G06730	466	857	388	507	1108	825
AT3G06735	0	0	0	0	0	0
AT3G06740	285	297	240	239	217	194
AT3G06745	0	0	0	0	0	0
AT3G06750	605	800	523	615	615	687
AT3G06755	9	1	7	5	6	9
AT3G06760	372	338	229	275	243	313
AT3G06765	0	0	0	0	0	0
AT3G06770	527	347	388	467	398	503
AT3G06775	0	0	0	0	0	0
AT3G06778	56	47	49	58	47	50
AT3G06780	114	213	70	100	69	118
AT3G06785	0	0	0	0	0	0
AT3G06790	316	274	252	296	323	332
AT3G06795	0	0	0	1	0	0
AT3G06805	0	0	0	1	0	0
AT3G06810	714	317	700	713	968	971
AT3G06815	0	0	0	0	0	0
AT3G06820	454	319	385	373	325	426
AT3G06830	5	5	2	1	0	2
AT3G06835	0	0	0	0	0	2
AT3G06840	120	88	70	63	71	83
AT3G06845	0	0	0	0	0	0
AT3G06850	934	668	668	1343	765	1229
AT3G06855	0	0	0	0	0	0
AT3G06860	1528	483	1250	1331	1382	1199
AT3G06868	76	20	66	50	64	43
AT3G06870	0	0	0	0	0	0
AT3G06880	1413	315	1118	1206	1719	1776
AT3G06890	34	11	34	25	3	3
AT3G06895	0	0	0	0	0	0
AT3G06900	0	0	0	0	0	0
AT3G06905	0	0	0	0	0	0
AT3G06910	172	91	119	141	155	158
AT3G06915	0	0	0	0	0	0
AT3G06920	184	96	171	215	247	198
AT3G06925	0	0	0	0	0	2
AT3G06930	621	355	423	644	721	531
AT3G06935	0	0	0	0	0	0
AT3G06950	173	181	163	141	276	240
AT3G06955	3	6	1	2	4	6
AT3G06960	483	443	417	506	472	619
AT3G06962	2	3	0	0	0	0
AT3G06970	4	0	2	1	1	0
AT3G06975	0	0	0	0	0	0
AT3G06980	1691	1173	1406	2009	2811	2721
AT3G06985	1	3	0	1	0	1
AT3G06990	14	12	12	13	21	24
AT3G07000	5	13	15	18	34	21
AT3G07005	0	0	0	0	0	0
AT3G07010	1519	572	1302	1402	738	869
AT3G07020	826	462	675	690	706	754
AT3G07025	0	0	0	0	0	0
AT3G07030	428	226	325	341	399	350
AT3G07040	252	99	163	260	339	366
AT3G07045	8	1	0	0	1	0
AT3G07050	1411	1228	1159	1396	1485	1153
AT3G07055	0	0	0	0	0	0
AT3G07060	229	112	191	189	211	240
AT3G07065	0	0	0	0	0	0
AT3G07070	6	0	10	1	1	1
AT3G07075	0	2	0	0	0	0
AT3G07080	196	109	142	191	117	151
AT3G07085	0	0	0	0	0	0
AT3G07090	388	289	277	500	487	332
AT3G07095	0	0	0	0	0	0
AT3G07100	2000	728	1692	1942	2189	2190
AT3G07105	12	1	3	6	3	3
AT3G07110	2227	2743	1593	2222	2522	1873
AT3G07115	0	0	0	0	0	0
AT3G07120	3	5	4	1	1	3
AT3G07125	0	0	0	0	0	0
AT3G07130	57	27	50	59	61	56
AT3G07135	0	0	0	0	0	0
AT3G07140	797	345	563	765	725	742
AT3G07150	2	2	6	5	2	0
AT3G07155	0	0	0	1	0	0
AT3G07160	1755	754	1511	1778	2544	2587
AT3G07165	0	0	0	0	0	0
AT3G07170	424	388	339	405	530	445
AT3G07175	0	0	1	1	0	1
AT3G07180	896	460	650	661	697	781
AT3G07185	0	0	0	0	0	0
AT3G07190	201	147	152	149	154	152
AT3G07195	69	16	59	95	84	28
AT3G07200	265	131	161	172	107	184
AT3G07205	12	3	15	8	4	2
AT3G07210	305	178	272	288	338	388
AT3G07215	147	105	102	116	65	95
AT3G07220	480	449	383	500	324	458
AT3G07225	0	0	0	1	0	0
AT3G07230	1623	2462	1166	1472	1593	1307
AT3G07235	0	0	0	0	0	0
AT3G07245	0	0	0	0	0	0
AT3G07250	0	0	1	0	0	0
AT3G07255	3	0	3	2	2	0
AT3G07260	7	1	5	1	2	0
AT3G07265	0	0	0	0	0	0
AT3G07270	561	510	520	580	636	676
AT3G07273	171	89	125	111	69	69
AT3G07275	0	0	0	0	0	0
AT3G07290	65	32	40	56	52	60
AT3G07295	0	0	0	0	0	0
AT3G07300	523	402	411	495	510	516
AT3G07305	0	0	0	0	0	0
AT3G07310	847	903	679	867	841	1159
AT3G07315	0	0	0	0	0	0
AT3G07320	489	283	371	354	559	368
AT3G07325	0	0	0	0	0	0
AT3G07330	766	322	596	623	661	724
AT3G07335	0	0	0	0	0	0
AT3G07340	154	127	117	158	256	227
AT3G07345	0	0	0	0	0	0
AT3G07350	516	254	399	487	215	302
AT3G07355	0	0	1	1	0	0
AT3G07360	1266	818	895	938	793	1177
AT3G07365	0	0	0	0	0	0
AT3G07370	439	320	298	355	255	320
AT3G07375	0	0	0	0	0	0
AT3G07380	2	0	1	2	0	0
AT3G07385	0	0	0	0	0	0
AT3G07390	1059	532	942	757	353	420
AT3G07395	0	0	0	0	0	0
AT3G07400	1017	243	781	670	654	725
AT3G07405	0	0	0	0	0	0
AT3G07410	314	305	209	235	259	272
AT3G07415	0	0	0	0	0	0
AT3G07420	187	73	157	186	213	163
AT3G07425	5	0	1	2	0	0
AT3G07430	997	1668	829	1108	2462	1621
AT3G07435	0	0	0	0	0	0
AT3G07440	369	311	266	330	395	379
AT3G07450	1	0	0	0	0	0
AT3G07460	2219	3205	1802	2461	1697	2497
AT3G07465	7	2	3	0	2	0
AT3G07470	1470	2133	1151	1769	1293	1936
AT3G07475	0	0	0	0	0	0
AT3G07480	857	1202	738	721	808	880
AT3G07485	1	0	0	0	0	0
AT3G07490	1	0	1	0	0	0
AT3G07495	1	0	0	0	0	0
AT3G07500	80	88	72	64	72	83
AT3G07505	0	1	0	0	0	0
AT3G07510	2	7	9	6	4	6
AT3G07515	0	0	0	0	0	0
AT3G07520	204	56	128	144	164	173
AT3G07522	0	0	0	0	0	2
AT3G07525	135	83	87	104	95	110
AT3G07530	107	30	83	82	71	83
AT3G07540	571	296	495	550	634	779
AT3G07545	0	0	0	0	0	0
AT3G07550	191	148	174	172	109	178
AT3G07555	99	68	69	57	60	48
AT3G07560	2184	1367	1717	1944	1203	1605
AT3G07565	306	285	255	320	332	392
AT3G07568	143	259	114	159	133	145
AT3G07570	204	136	179	202	197	194
AT3G07580	104	49	92	94	60	42
AT3G07585	0	0	0	0	0	0
AT3G07590	93	79	70	88	68	58
AT3G07600	5	4	1	9	0	1
AT3G07605	0	0	0	0	0	0
AT3G07610	446	147	334	358	428	408
AT3G07615	0	0	0	0	0	0
AT3G07620	0	0	0	0	1	1
AT3G07625	0	0	0	0	0	0
AT3G07630	472	221	359	411	384	344
AT3G07635	3	0	2	0	1	1
AT3G07640	553	337	451	516	377	379
AT3G07645	0	0	0	0	0	0
AT3G07650	1492	75	1189	1152	146	153
AT3G07655	0	0	0	0	0	0
AT3G07660	1491	566	1213	1339	1335	1287
AT3G07665	0	0	0	0	0	0
AT3G07670	609	503	522	532	871	934
AT3G07675	56	40	63	53	10	25
AT3G07680	1211	1381	954	1215	1157	1150
AT3G07685	0	0	0	0	0	0
AT3G07690	282	192	232	278	240	265
AT3G07695	0	0	0	0	0	0
AT3G07700	1356	597	981	1030	1307	1600
AT3G07705	8	2	0	0	1	1
AT3G07710	0	0	0	0	0	0
AT3G07715	4	1	2	2	4	6
AT3G07720	421	332	354	234	280	296
AT3G07725	8	4	6	6	6	9
AT3G07730	166	41	114	133	71	84
AT3G07735	21	18	14	19	9	7
AT3G07740	392	163	280	279	224	285
AT3G07745	0	0	0	0	0	0
AT3G07750	201	136	154	185	215	179
AT3G07755	0	0	0	0	0	0
AT3G07760	612	402	399	399	263	294
AT3G07765	0	0	0	0	0	0
AT3G07770	1215	724	1028	1641	2440	1614
AT3G07775	0	0	0	0	0	0
AT3G07780	3076	2665	2121	2856	1846	2870
AT3G07785	0	0	0	0	0	0
AT3G07790	1588	779	1237	1619	1142	1590
AT3G07795	0	0	0	0	0	0
AT3G07800	112	121	117	121	156	115
AT3G07805	0	1	0	0	0	0
AT3G07810	827	269	657	832	763	701
AT3G07815	0	0	0	0	0	0
AT3G07820	0	0	0	1	0	0
AT3G07825	8	1	6	1	1	6
AT3G07830	0	0	0	0	0	0
AT3G07835	0	0	0	0	0	0
AT3G07840	0	0	0	0	0	0
AT3G07845	0	0	0	0	0	0
AT3G07850	2	0	0	0	0	0
AT3G07855	0	0	0	0	0	0
AT3G07860	253	127	190	250	181	148
AT3G07865	0	0	0	0	0	0
AT3G07870	495	379	404	542	338	469
AT3G07875	10	5	3	4	5	3
AT3G07880	1018	918	851	960	842	1130
AT3G07885	0	0	0	0	0	0
AT3G07890	688	408	516	618	557	584
AT3G07895	0	1	0	0	1	4
AT3G07900	1	0	3	0	0	1
AT3G07905	0	0	0	0	0	0
AT3G07910	272	425	228	228	293	239
AT3G07915	0	0	0	0	0	0
AT3G07920	0	2	0	0	0	2
AT3G07925	1	2	4	3	3	1
AT3G07930	242	88	158	183	130	207
AT3G07935	0	0	0	0	0	0
AT3G07940	462	343	312	322	422	446
AT3G07945	0	0	0	0	0	0
AT3G07950	600	469	492	489	494	493
AT3G07955	0	0	0	0	0	0
AT3G07960	53	47	49	55	74	46
AT3G07965	0	0	0	0	0	0
AT3G07970	11	5	6	4	3	2
AT3G07975	0	0	0	0	0	0
AT3G07980	440	95	336	314	308	326
AT3G07985	0	0	0	0	0	0
AT3G07990	273	79	214	191	109	121
AT3G07995	0	0	0	0	0	0
AT3G08000	86	56	64	82	44	42
AT3G08005	1	3	6	0	0	0
AT3G08010	992	1632	910	900	1235	1363
AT3G08020	523	289	411	418	475	546
AT3G08025	0	0	0	0	0	0
AT3G08030	3250	1173	2774	3340	1322	1622
AT3G08035	0	0	0	0	0	0
AT3G08040	87	14	106	32	83	25
AT3G08045	2	0	1	0	0	0
AT3G08050	0	0	0	0	0	0
AT3G08055	0	0	0	0	0	0
AT3G08065	160	53	107	92	47	62
AT3G08070	0	0	0	0	0	0
AT3G08075	0	0	3	0	0	0
AT3G08080	0	0	0	0	0	0
AT3G08085	0	0	0	0	0	0
AT3G08090	0	0	0	0	0	0
AT3G08100	0	0	0	2	0	0
AT3G08105	0	0	0	0	0	0
AT3G08110	0	0	0	0	0	0
AT3G08115	3	4	1	6	2	1
AT3G08120	0	0	0	0	0	0
AT3G08125	0	0	1	0	0	0
AT3G08130	0	0	0	0	0	0
AT3G08135	0	0	0	0	0	0
AT3G08140	0	0	0	0	0	0
AT3G08150	0	0	0	0	0	0
AT3G08155	0	0	0	0	0	0
AT3G08160	0	0	0	0	0	0
AT3G08165	10	4	14	11	8	6
AT3G08170	2	0	0	2	0	0
AT3G08175	0	0	0	0	0	0
AT3G08185	2	1	3	2	2	1
AT3G08190	0	0	0	0	0	0
AT3G08200	0	0	0	0	0	0
AT3G08205	0	0	0	0	0	0
AT3G08210	0	0	0	0	0	0
AT3G08215	0	0	0	0	0	0
AT3G08220	11	2	11	8	7	11
AT3G08225	0	0	1	0	0	1
AT3G08230	0	0	0	0	0	0
AT3G08235	0	0	0	0	0	0
AT3G08240	18	0	4	11	1	1
AT3G08245	0	0	0	1	0	0
AT3G08250	0	0	0	0	0	0
AT3G08255	0	0	0	0	0	0
AT3G08260	0	0	0	0	0	0
AT3G08265	0	0	0	0	0	0
AT3G08270	0	0	0	0	0	0
AT3G08275	0	1	1	2	1	2
AT3G08280	0	0	0	0	0	0
AT3G08285	0	0	0	0	0	0
AT3G08290	0	0	0	0	0	0
AT3G08295	0	0	0	0	0	0
AT3G08300	1	0	0	2	1	3
AT3G08310	0	0	0	0	0	0
AT3G08315	0	0	0	0	0	0
AT3G08325	0	0	0	0	0	0
AT3G08330	0	0	0	0	0	0
AT3G08335	0	0	0	0	0	0
AT3G08340	0	0	0	0	0	0
AT3G08345	0	0	0	0	0	0
AT3G08350	0	0	0	0	0	0
AT3G08355	0	0	0	0	0	0
AT3G08360	0	0	0	0	0	0
AT3G08365	0	0	0	0	0	0
AT3G08370	1	2	0	1	0	0
AT3G08380	0	0	0	0	0	0
AT3G08390	0	0	0	0	0	0
AT3G08395	0	0	0	0	0	0
AT3G08400	0	0	0	0	0	0
AT3G08405	0	0	0	0	0	1
AT3G08410	0	0	0	0	0	0
AT3G08415	0	0	0	0	0	0
AT3G08420	0	0	0	0	0	0
AT3G08425	1	0	0	1	2	1
AT3G08430	0	0	0	0	0	0
AT3G08435	8	0	2	0	3	0
AT3G08450	0	0	0	0	0	0
AT3G08455	0	0	0	0	1	0
AT3G08460	0	0	0	0	0	0
AT3G08465	0	0	0	0	0	0
AT3G08470	0	0	0	0	0	0
AT3G08475	0	0	0	0	0	0
AT3G08480	0	0	0	0	0	0
AT3G08485	0	0	0	0	0	0
AT3G08490	3	7	7	3	5	8
AT3G08495	0	0	0	0	0	0
AT3G08500	18	3	21	17	17	20
AT3G08505	177	82	112	122	122	106
AT3G08510	6636	2285	5612	4882	3860	5393
AT3G08515	0	0	0	0	0	0
AT3G08520	495	1028	449	591	640	487
AT3G08525	1	0	6	0	1	0
AT3G08530	4919	1544	4031	4868	5848	6236
AT3G08535	0	0	0	0	0	0
AT3G08545	0	0	0	0	0	0
AT3G08550	760	392	636	711	742	787
AT3G08560	0	1	0	0	0	0
AT3G08570	77	16	75	75	33	21
AT3G08575	0	0	0	0	0	0
AT3G08580	12293	11174	10119	11419	15658	12821
AT3G08585	2	1	2	3	0	0
AT3G08590	1613	2260	1354	1568	2619	2127
AT3G08595	3	1	1	1	3	5
AT3G08600	190	172	137	141	146	209
AT3G08605	0	0	0	0	0	0
AT3G08610	1800	2367	1230	1410	1414	1433
AT3G08615	0	0	0	0	0	0
AT3G08620	203	118	145	145	155	144
AT3G08630	202	253	161	147	231	208
AT3G08635	50	0	24	7	3	2
AT3G08636	0	0	0	0	0	0
AT3G08640	730	695	584	690	923	674
AT3G08645	0	0	2	0	0	0
AT3G08650	1264	754	963	864	744	894
AT3G08655	9	8	13	2	1	5
AT3G08660	83	29	86	98	23	28
AT3G08665	0	0	0	0	0	0
AT3G08670	1229	344	921	937	685	754
AT3G08675	0	0	0	0	0	0
AT3G08680	752	285	630	716	963	932
AT3G08685	0	0	0	1	0	0
AT3G08690	521	378	491	448	305	334
AT3G08695	0	0	0	0	0	0
AT3G08700	4	0	1	0	0	0
AT3G08705	0	0	0	0	0	0
AT3G08710	568	384	372	365	276	259
AT3G08715	0	0	0	0	0	0
AT3G08720	2528	123	1957	1437	157	221
AT3G08725	0	0	0	0	0	0
AT3G08730	1649	1068	1240	1096	1113	1448
AT3G08735	0	0	0	0	0	0
AT3G08740	3186	7268	2469	3794	6171	5880
AT3G08745	0	0	0	0	0	0
AT3G08750	3	0	2	0	0	0
AT3G08755	0	0	0	0	0	0
AT3G08760	1204	294	977	1003	449	526
AT3G08765	0	0	0	0	0	0
AT3G08770	1014	2691	610	637	1634	1488
AT3G08775	1	0	0	0	0	0
AT3G08780	309	321	270	306	313	399
AT3G08785	0	0	0	0	0	0
AT3G08790	3	0	0	3	0	0
AT3G08795	0	3	0	2	4	12
AT3G08800	163	42	127	120	98	124
AT3G08805	0	0	0	1	0	0
AT3G08810	2	0	2	4	1	0
AT3G08815	0	0	0	0	0	0
AT3G08820	52	17	52	46	29	29
AT3G08825	0	0	0	0	0	0
AT3G08835	0	0	0	0	0	0
AT3G08840	764	232	556	522	402	598
AT3G08845	0	0	0	0	0	0
AT3G08850	1823	398	1390	1687	1610	1881
AT3G08855	0	0	0	0	0	0
AT3G08860	116	14	103	26	15	15
AT3G08870	44	2	44	25	14	14
AT3G08875	0	0	0	0	0	0
AT3G08880	339	244	243	218	152	222
AT3G08890	180	195	156	165	158	217
AT3G08895	0	0	0	0	0	0
AT3G08900	1	0	3	3	6	2
AT3G08905	0	0	0	0	0	0
AT3G08910	294	216	192	229	265	286
AT3G08915	0	0	0	0	1	0
AT3G08920	337	849	243	371	525	732
AT3G08925	0	0	0	0	0	0
AT3G08930	1504	798	1228	1448	1201	1457
AT3G08935	0	0	0	0	0	0
AT3G08940	26344	39440	21197	20728	19500	35476
AT3G08943	520	255	424	559	563	500
AT3G08945	0	0	0	0	0	0
AT3G08947	91	51	96	83	145	105
AT3G08950	244	171	161	199	183	171
AT3G08960	909	251	709	821	865	802
AT3G08965	0	0	0	0	0	0
AT3G08970	46	10	33	63	68	26
AT3G08975	0	0	0	0	0	0
AT3G08980	58	33	44	71	71	42
AT3G08985	0	0	0	0	0	0
AT3G08990	94	52	56	85	51	59
AT3G09000	720	441	563	558	586	578
AT3G09005	23	5	11	10	16	19
AT3G09010	81	29	58	50	51	35
AT3G09015	0	0	0	0	0	0
AT3G09020	97	73	86	168	84	99
AT3G09025	0	0	0	0	0	0
AT3G09030	381	205	329	353	232	357
AT3G09032	33	19	42	31	20	15
AT3G09035	326	170	224	237	215	215
AT3G09040	124	29	57	82	85	90
AT3G09045	0	0	0	0	0	0
AT3G09050	502	827	368	460	747	875
AT3G09055	5	1	1	8	8	6
AT3G09060	52	6	54	67	36	27
AT3G09065	1	0	0	0	0	0
AT3G09070	278	130	254	214	254	184
AT3G09075	1	0	0	1	0	0
AT3G09080	15	2	15	15	25	12
AT3G09085	26	56	30	30	19	28
AT3G09090	1277	535	992	1141	1255	1258
AT3G09095	0	1	1	1	2	0
AT3G09100	1038	302	781	928	749	785
AT3G09105	1	0	2	0	0	0
AT3G09110	0	0	0	0	0	0
AT3G09115	0	0	0	0	0	0
AT3G09120	0	0	0	0	0	0
AT3G09125	0	0	0	0	0	0
AT3G09130	0	0	0	0	0	0
AT3G09135	0	0	0	0	0	0
AT3G09140	0	0	0	0	0	0
AT3G09145	7	1	0	5	6	7
AT3G09150	398	385	318	394	729	599
AT3G09155	0	0	0	1	0	0
AT3G09160	47	13	21	32	10	16
AT3G09162	20	9	13	12	7	8
AT3G09175	0	0	0	0	0	0
AT3G09180	259	211	286	247	293	321
AT3G09185	1	1	2	0	0	5
AT3G09190	69	50	45	46	55	76
AT3G09195	3	0	0	0	2	0
AT3G09200	6413	8081	5124	7107	10849	8476
AT3G09205	0	0	0	0	0	0
AT3G09210	1655	3239	1358	1927	3158	3047
AT3G09220	16	3	19	14	7	9
AT3G09225	0	0	0	0	0	0
AT3G09230	123	29	73	92	60	89
AT3G09240	0	3	1	3	3	11
AT3G09245	0	0	0	0	0	0
AT3G09250	348	255	262	303	350	309
AT3G09255	0	0	0	0	0	0
AT3G09260	8098	6872	6713	7071	20362	13070
AT3G09265	0	0	0	0	0	0
AT3G09270	225	155	183	96	232	113
AT3G09275	0	0	0	0	0	0
AT3G09280	1	0	0	0	0	0
AT3G09285	0	0	0	0	0	0
AT3G09290	44	0	35	12	0	0
AT3G09295	0	0	0	0	0	0
AT3G09300	1009	697	805	1050	1012	1058
AT3G09305	1	0	3	2	1	0
AT3G09310	42	44	24	44	40	40
AT3G09315	0	0	0	0	0	0
AT3G09320	430	324	355	329	300	391
AT3G09325	0	1	0	0	0	0
AT3G09330	4	0	2	1	4	3
AT3G09335	0	0	0	0	0	0
AT3G09340	0	0	0	0	0	0
AT3G09345	0	10	1	2	1	2
AT3G09350	235	288	192	291	324	343
AT3G09355	0	0	0	0	0	0
AT3G09360	560	502	409	432	409	468
AT3G09365	0	0	0	0	0	0
AT3G09370	248	106	172	189	150	162
AT3G09380	1	0	0	0	0	0
AT3G09390	14436	2979	11351	7796	2043	2519
AT3G09395	0	0	0	0	0	0
AT3G09400	4	0	0	6	2	6
AT3G09405	34	19	37	87	11	21
AT3G09410	704	320	592	526	421	431
AT3G09415	15	2	8	8	3	4
AT3G09425	0	0	0	0	0	0
AT3G09430	17	18	25	19	17	19
AT3G09435	0	0	0	0	0	0
AT3G09440	1701	1771	1338	3412	3187	2011
AT3G09445	0	0	0	0	0	0
AT3G09450	11	3	9	0	5	5
AT3G09455	75	68	63	62	41	62
AT3G09465	4	0	0	0	0	3
AT3G09470	688	421	488	596	365	477
AT3G09475	0	0	0	0	0	0
AT3G09480	61	64	50	62	63	36
AT3G09485	0	0	0	0	0	0
AT3G09490	29	26	17	40	35	27
AT3G09495	0	0	1	3	2	1
AT3G09500	4100	6887	3169	4559	4914	4596
AT3G09505	0	0	0	0	0	0
AT3G09510	0	0	0	0	0	0
AT3G09515	0	0	0	0	0	0
AT3G09520	22	12	11	36	23	21
AT3G09525	9	7	7	11	3	4
AT3G09530	0	0	0	0	0	0
AT3G09540	180	81	151	125	124	126
AT3G09545	13	7	11	21	2	8
AT3G09550	84	16	59	65	40	47
AT3G09555	7	3	3	8	5	5
AT3G09560	1079	141	831	615	509	460
AT3G09565	0	0	0	0	0	0
AT3G09570	429	361	346	433	407	459
AT3G09575	0	0	0	0	1	0
AT3G09580	287	450	219	329	596	526
AT3G09585	0	0	0	0	0	0
AT3G09590	0	0	0	0	0	0
AT3G09595	0	0	0	0	0	0
AT3G09600	35	116	24	45	151	205
AT3G09605	0	0	0	0	0	0
AT3G09615	0	0	0	0	0	0
AT3G09620	3	0	0	0	0	0
AT3G09625	0	0	0	0	0	0
AT3G09630	4571	4376	3815	5289	7433	5774
AT3G09635	0	0	0	0	0	0
AT3G09640	2	1	1	0	0	0
AT3G09645	1	0	0	0	0	0
AT3G09650	504	196	454	434	599	588
AT3G09655	0	0	0	0	0	0
AT3G09660	352	44	245	104	117	107
AT3G09665	0	0	0	1	0	0
AT3G09670	419	137	355	258	311	328
AT3G09675	0	0	0	0	0	0
AT3G09680	7	4	3	6	1	1
AT3G09685	0	0	0	0	0	0
AT3G09690	405	166	292	315	230	293
AT3G09695	0	0	0	0	0	0
AT3G09700	102	67	69	88	60	43
AT3G09705	0	0	0	0	0	0
AT3G09710	227	61	148	157	139	188
AT3G09720	323	140	244	307	358	264
AT3G09725	31	8	19	28	19	27
AT3G09730	92	52	67	66	54	78
AT3G09735	731	1013	596	648	490	519
AT3G09740	2191	2490	1646	2011	1650	1992
AT3G09745	13	4	9	3	5	6
AT3G09750	0	0	0	0	0	0
AT3G09755	0	0	0	0	0	0
AT3G09760	453	159	323	399	303	429
AT3G09765	0	0	0	0	0	0
AT3G09770	1044	715	869	886	847	1038
AT3G09775	8	13	10	7	2	5
AT3G09780	97	37	66	109	84	92
AT3G09785	0	1	0	2	2	0
AT3G09790	11	9	9	9	12	16
AT3G09795	0	0	2	0	1	0
AT3G09800	306	209	240	266	259	259
AT3G09810	266	176	213	238	350	277
AT3G09815	0	0	0	0	0	0
AT3G09820	3004	2865	2346	2624	4398	3490
AT3G09825	0	0	0	0	0	0
AT3G09830	955	140	633	872	209	209
AT3G09835	0	0	0	0	0	0
AT3G09840	6259	4208	4972	6350	8056	7854
AT3G09845	0	0	0	0	0	0
AT3G09850	1409	554	1122	1283	927	1275
AT3G09855	0	0	0	1	0	0
AT3G09860	1445	2432	1145	1246	1421	1644
AT3G09863	5	8	1	3	4	4
AT3G09865	0	0	0	0	0	0
AT3G09870	30	30	28	44	2	17
AT3G09875	0	0	0	0	0	0
AT3G09880	727	383	566	728	572	765
AT3G09890	201	145	160	169	173	173
AT3G09895	0	0	0	0	0	0
AT3G09900	856	654	642	546	562	717
AT3G09905	0	0	0	0	0	0
AT3G09910	55	19	41	29	15	19
AT3G09920	663	260	522	559	505	572
AT3G09922	3296	178	2654	320	43	146
AT3G09925	15	6	15	5	3	0
AT3G09930	0	0	0	0	0	0
AT3G09935	0	0	0	0	0	0
AT3G09940	18	13	24	32	70	15
AT3G09945	0	0	0	0	0	0
AT3G09950	5	0	3	0	0	0
AT3G09955	0	0	1	2	4	2
AT3G09960	2	0	1	1	0	0
AT3G09965	0	0	0	0	0	0
AT3G09970	493	323	398	403	324	399
AT3G09980	924	755	692	723	653	739
AT3G09985	8	0	6	0	1	8
AT3G09990	0	0	0	0	0	0
AT3G09995	0	0	0	0	0	0
AT3G10000	47	24	23	42	30	27
AT3G10010	509	148	447	511	553	622
AT3G10015	0	0	0	0	0	0
AT3G10020	2407	5914	1819	3175	1995	3449
AT3G10030	730	296	619	719	479	693
AT3G10035	0	0	0	1	0	0
AT3G10040	234	1034	184	345	1775	1074
AT3G10050	566	486	443	650	968	793
AT3G10060	795	1328	556	792	1207	1634
AT3G10070	256	109	229	216	275	244
AT3G10080	272	249	308	310	275	334
AT3G10090	181	249	144	152	181	135
AT3G10110	41	19	47	60	85	30
AT3G10113	1	0	0	1	0	0
AT3G10116	2	0	4	1	0	0
AT3G10120	0	0	0	0	0	0
AT3G10130	927	758	734	799	564	757
AT3G10140	257	114	184	206	268	290
AT3G10150	55	1	40	20	2	1
AT3G10160	1043	391	749	883	1050	1002
AT3G10180	86	26	51	87	160	155
AT3G10185	0	0	0	0	4	0
AT3G10190	126	65	98	89	46	78
AT3G10195	0	0	0	0	0	0
AT3G10200	107	35	74	83	70	81
AT3G10210	254	189	172	158	160	243
AT3G10220	298	206	219	250	202	240
AT3G10230	796	851	656	623	946	1143
AT3G10240	0	1	0	0	0	0
AT3G10250	601	223	462	435	320	385
AT3G10260	584	425	435	495	516	508
AT3G10270	628	353	497	619	1117	930
AT3G10280	10	0	3	0	2	0
AT3G10290	24	18	23	22	36	24
AT3G10300	850	354	696	563	361	362
AT3G10310	129	38	122	184	304	233
AT3G10320	50	17	38	63	15	29
AT3G10330	354	199	287	294	291	241
AT3G10340	87	39	102	52	106	82
AT3G10350	790	527	649	661	887	969
AT3G10360	638	130	567	609	609	792
AT3G10370	631	221	478	547	478	426
AT3G10380	1576	581	1262	1466	1723	1818
AT3G10390	408	108	314	355	441	396
AT3G10400	0	0	0	0	0	0
AT3G10405	1114	1441	853	1039	1052	1540
AT3G10410	2839	513	2248	1741	677	625
AT3G10415	0	0	0	0	0	0
AT3G10420	2526	738	1982	1586	1083	1585
AT3G10430	0	1	1	3	0	0
AT3G10439	0	0	0	0	0	0
AT3G10440	219	123	154	177	191	233
AT3G10450	278	171	220	152	196	204
AT3G10455	0	0	0	0	0	0
AT3G10460	0	0	0	0	0	0
AT3G10470	6	0	8	5	10	3
AT3G10480	784	349	582	678	475	564
AT3G10490	1215	448	854	867	883	846
AT3G10500	481	206	368	355	260	267
AT3G10510	1	3	0	1	1	0
AT3G10520	942	1351	784	954	1147	1448
AT3G10525	87	114	74	79	43	56
AT3G10527	0	0	0	0	0	0
AT3G10530	433	185	322	474	431	258
AT3G10540	467	178	353	389	387	429
AT3G10550	406	129	365	387	274	373
AT3G10560	2	0	1	1	3	1
AT3G10570	64	121	55	48	124	98
AT3G10572	332	324	246	334	303	382
AT3G10580	0	0	0	0	0	0
AT3G10585	0	0	0	0	0	0
AT3G10590	1	1	1	1	3	6
AT3G10595	0	0	0	0	0	0
AT3G10600	2	6	4	4	1	6
AT3G10605	1	5	3	6	5	3
AT3G10610	351	530	267	358	556	374
AT3G10620	141	257	115	121	131	138
AT3G10630	163	152	144	184	152	196
AT3G10640	795	557	621	925	652	597
AT3G10650	1671	359	1384	1574	1387	1430
AT3G10660	97	42	106	133	97	117
AT3G10670	1269	1212	995	1221	1563	1553
AT3G10680	61	58	41	45	51	76
AT3G10690	572	351	450	659	1390	968
AT3G10700	322	319	314	344	346	373
AT3G10710	4	0	8	1	0	1
AT3G10720	2318	697	2028	3472	1972	2001
AT3G10730	369	211	311	314	364	306
AT3G10740	1790	930	1463	1579	1851	2271
AT3G10745	0	1	0	0	0	1
AT3G10750	11	3	4	5	0	3
AT3G10760	876	888	649	710	962	1042
AT3G10770	2003	1322	1474	1691	1494	2215
AT3G10780	1	3	4	3	1	1
AT3G10790	0	0	0	0	0	0
AT3G10800	870	460	652	839	602	746
AT3G10810	948	315	776	727	716	727
AT3G10815	49	2	35	13	2	2
AT3G10820	234	91	201	177	121	172
AT3G10840	241	178	193	184	436	351
AT3G10845	0	5	1	2	2	1
AT3G10850	2802	2618	2193	2592	1930	2224
AT3G10860	1904	2458	1357	1448	1262	1417
AT3G10870	268	166	194	256	230	245
AT3G10880	37	31	14	21	34	17
AT3G10890	0	0	0	0	0	0
AT3G10900	0	0	0	0	0	0
AT3G10910	45	57	27	17	27	41
AT3G10915	499	386	345	435	253	343
AT3G10920	2430	2468	1922	2296	2350	2427
AT3G10930	120	51	107	144	7	35
AT3G10940	339	413	245	221	417	435
AT3G10950	0	0	0	0	0	0
AT3G10960	112	64	71	104	92	98
AT3G10970	1340	1335	1013	1276	1596	1668
AT3G10974	0	0	0	0	0	0
AT3G10980	433	279	324	351	357	349
AT3G10985	1863	2096	1613	2497	1128	1507
AT3G10986	2	2	2	0	2	0
AT3G10990	0	0	0	0	0	0
AT3G11000	25	10	6	16	27	10
AT3G11010	137	33	96	122	109	98
AT3G11020	47	8	52	42	9	11
AT3G11030	316	181	232	262	196	253
AT3G11040	124	62	98	122	146	143
AT3G11050	23	14	13	10	17	7
AT3G11060	0	0	0	0	0	0
AT3G11070	417	298	313	364	372	425
AT3G11080	86	33	68	74	46	38
AT3G11090	142	309	107	183	185	247
AT3G11100	494	449	395	470	383	532
AT3G11110	38	147	46	66	61	121
AT3G11120	395	1331	320	453	723	491
AT3G11130	3878	1696	3207	4061	5515	5417
AT3G11150	15	25	11	24	8	22
AT3G11160	2	2	1	0	0	1
AT3G11165	2	4	3	1	0	1
AT3G11170	3241	4476	2567	3265	6003	6966
AT3G11180	1	0	0	0	0	0
AT3G11200	1135	912	895	884	916	923
AT3G11210	470	409	352	348	391	354
AT3G11220	308	109	240	163	126	162
AT3G11230	718	370	424	411	204	220
AT3G11240	239	99	164	186	168	235
AT3G11250	553	442	508	512	573	449
AT3G11260	11	10	7	7	10	4
AT3G11270	328	372	297	333	457	352
AT3G11280	1017	820	776	705	858	993
AT3G11285	0	0	0	0	0	0
AT3G11290	444	247	370	412	380	465
AT3G11300	0	0	0	0	0	0
AT3G11310	0	0	0	0	0	0
AT3G11320	278	118	241	219	188	207
AT3G11325	0	0	0	0	0	0
AT3G11330	505	368	416	446	650	565
AT3G11340	26	13	22	50	33	18
AT3G11350	0	0	0	0	0	0
AT3G11370	1	1	2	1	0	0
AT3G11380	0	0	0	0	0	0
AT3G11385	0	0	1	0	0	0
AT3G11390	4	1	0	3	6	6
AT3G11395	0	0	0	0	0	0
AT3G11397	313	178	247	242	263	259
AT3G11400	1602	1587	1233	1583	1966	1861
AT3G11402	23	17	23	29	62	65
AT3G11405	0	1	0	0	0	0
AT3G11410	2532	278	1960	503	181	331
AT3G11415	0	1	2	0	2	1
AT3G11420	590	267	476	313	281	379
AT3G11430	12	0	13	8	3	4
AT3G11435	0	0	0	0	0	0
AT3G11440	119	42	69	78	69	100
AT3G11450	5008	6062	3542	4359	3772	4668
AT3G11460	46	10	32	38	37	25
AT3G11470	141	151	143	166	125	127
AT3G11480	0	0	0	0	0	0
AT3G11490	414	278	339	374	370	451
AT3G11500	574	1078	417	514	471	507
AT3G11505	0	0	0	0	0	0
AT3G11510	1820	3297	1420	1931	2527	2192
AT3G11520	48	61	40	64	123	104
AT3G11530	325	400	302	279	222	304
AT3G11540	947	338	757	851	852	998
AT3G11550	36	26	16	46	12	32
AT3G11560	2855	996	2177	3604	3452	4391
AT3G11570	18	7	9	17	11	11
AT3G11580	53	14	47	29	20	18
AT3G11590	892	400	750	846	705	871
AT3G11591	0	0	0	0	1	1
AT3G11600	432	521	344	307	249	296
AT3G11620	398	278	287	308	275	381
AT3G11630	9893	17840	7596	10202	14557	14618
AT3G11640	12	4	4	9	0	2
AT3G11650	210	237	206	197	113	184
AT3G11660	758	290	570	700	359	300
AT3G11670	2144	485	1674	1333	966	1199
AT3G11680	1	1	0	2	4	1
AT3G11690	173	261	124	209	171	248
AT3G11700	2598	3235	2147	2920	3187	3989
AT3G11710	1592	1088	1405	1835	3060	2442
AT3G11720	301	128	225	202	188	265
AT3G11730	714	622	570	573	513	622
AT3G11740	0	0	1	0	0	0
AT3G11745	22	40	18	34	20	19
AT3G11750	44	87	56	73	79	79
AT3G11760	396	287	331	363	349	441
AT3G11770	399	580	284	319	271	301
AT3G11773	9	5	7	2	3	2
AT3G11780	1501	2781	1120	1675	1483	1864
AT3G11800	863	848	619	798	651	836
AT3G11810	831	1049	594	668	558	684
AT3G11820	2153	735	1644	2143	720	937
AT3G11825	0	0	0	0	0	0
AT3G11830	2000	1151	1594	1901	2185	2012
AT3G11840	385	58	299	380	51	98
AT3G11850	231	149	194	263	176	285
AT3G11860	4	1	0	0	1	1
AT3G11870	0	1	0	0	0	0
AT3G11880	636	268	553	506	416	518
AT3G11890	441	259	269	361	302	364
AT3G11900	279	320	210	208	287	399
AT3G11910	2883	1709	2364	2718	3016	3260
AT3G11920	2	6	5	5	5	3
AT3G11930	3842	3743	3093	3081	2326	2879
AT3G11940	3843	4902	3056	4327	5013	4593
AT3G11945	681	726	563	673	1264	1358
AT3G11950	288	105	193	194	183	195
AT3G11960	1016	349	799	850	873	1008
AT3G11964	1490	510	1258	1502	1662	1158
AT3G11980	0	0	0	0	0	0
AT3G11990	0	0	0	0	0	0
AT3G12000	0	0	0	0	0	0
AT3G12010	888	410	684	712	933	883
AT3G12020	1458	950	1130	1333	1691	2055
AT3G12030	0	0	0	0	0	0
AT3G12040	42	26	30	19	18	39
AT3G12050	627	716	514	772	711	707
AT3G12060	8	4	5	2	6	16
AT3G12070	34	14	19	29	19	28
AT3G12080	2813	2114	2204	2682	3603	3755
AT3G12090	99	71	80	98	50	102
AT3G12100	270	236	205	251	187	230
AT3G12110	175	354	159	192	419	370
AT3G12120	19543	6040	15927	15240	8514	10150
AT3G12130	510	353	371	448	454	434
AT3G12140	1080	543	707	815	635	714
AT3G12145	508	534	443	534	739	592
AT3G12150	178	234	151	225	318	377
AT3G12160	1	3	0	2	2	1
AT3G12170	40	39	35	50	58	54
AT3G12180	165	78	90	128	100	84
AT3G12190	0	0	0	1	1	2
AT3G12200	629	303	457	503	554	607
AT3G12203	0	0	1	0	8	2
AT3G12210	302	247	221	242	283	308
AT3G12220	6	0	1	6	2	1
AT3G12230	0	0	0	1	0	0
AT3G12240	2	0	0	0	0	0
AT3G12250	213	79	107	100	117	128
AT3G12260	1095	1268	1011	982	1107	992
AT3G12270	304	129	249	304	389	265
AT3G12280	861	249	695	746	994	805
AT3G12290	2187	1701	1683	1953	1713	2193
AT3G12300	166	161	154	152	130	185
AT3G12320	105	554	76	51	299	501
AT3G12340	289	270	205	311	310	224
AT3G12345	1439	3989	1064	1562	3516	4398
AT3G12350	500	200	394	365	289	335
AT3G12360	1338	595	1049	1299	849	1190
AT3G12370	261	319	260	265	320	265
AT3G12380	355	157	272	359	378	404
AT3G12385	0	0	1	0	0	0
AT3G12390	1924	1639	1466	1877	2041	1900
AT3G12400	741	633	640	749	666	849
AT3G12410	1	2	0	2	4	2
AT3G12420	0	0	0	0	0	0
AT3G12430	0	0	0	0	0	0
AT3G12440	1	1	1	1	2	0
AT3G12460	5	6	2	5	13	4
AT3G12470	0	0	1	0	0	2
AT3G12480	704	406	561	603	546	661
AT3G12490	1615	1196	1285	1246	961	1027
AT3G12500	213	92	159	288	72	68
AT3G12502	0	0	1	0	0	0
AT3G12510	0	0	0	0	0	0
AT3G12520	301	57	201	85	113	104
AT3G12530	150	51	96	118	82	51
AT3G12540	1	0	5	0	0	0
AT3G12545	0	0	0	2	0	0
AT3G12550	440	117	319	348	196	253
AT3G12560	604	260	412	517	372	469
AT3G12570	1471	759	1195	1388	1000	1409
AT3G12580	259	549	256	990	782	803
AT3G12585	0	0	0	0	0	0
AT3G12587	129	182	128	136	104	112
AT3G12590	882	285	687	843	723	873
AT3G12600	776	982	655	832	701	775
AT3G12610	1207	478	934	1014	525	507
AT3G12620	797	564	570	713	616	786
AT3G12630	883	1428	740	841	679	993
AT3G12640	744	151	636	734	721	893
AT3G12650	71	117	56	74	61	63
AT3G12660	0	0	0	0	0	0
AT3G12670	1268	533	1044	1160	1119	973
AT3G12680	618	331	524	515	480	474
AT3G12685	207	276	135	183	237	237
AT3G12690	184	40	139	154	150	145
AT3G12700	272	238	222	270	311	285
AT3G12710	1048	294	880	833	334	410
AT3G12720	5	0	1	5	3	0
AT3G12730	268	233	193	179	232	261
AT3G12740	2124	818	1590	1770	1128	1474
AT3G12750	301	116	219	147	172	183
AT3G12760	1005	665	826	803	726	816
AT3G12770	13	1	10	7	7	3
AT3G12775	0	0	0	0	0	0
AT3G12780	17143	28431	13813	18199	23785	28383
AT3G12800	1180	1012	873	878	839	821
AT3G12810	873	159	674	803	875	937
AT3G12820	36	14	18	30	11	10
AT3G12830	200	164	176	195	48	110
AT3G12833	6	2	2	8	8	10
AT3G12835	0	0	0	0	0	0
AT3G12840	1	0	0	0	0	0
AT3G12850	0	0	0	0	0	0
AT3G12860	178	170	117	167	180	110
AT3G12870	87	138	59	75	110	77
AT3G12880	4	6	3	3	2	2
AT3G12890	9	10	6	15	11	18
AT3G12900	3	0	2	1	2	2
AT3G12910	31	2	19	39	0	1
AT3G12915	154	142	114	160	204	251
AT3G12920	603	485	470	557	454	542
AT3G12930	433	681	339	452	1067	921
AT3G12940	278	116	191	209	187	183
AT3G12950	608	270	472	433	356	427
AT3G12955	13	7	9	8	3	2
AT3G12960	1	0	1	0	1	0
AT3G12965	239	442	148	213	324	211
AT3G12970	103	53	65	57	82	88
AT3G12977	18	5	9	10	18	0
AT3G12980	1054	223	778	884	797	1013
AT3G12990	135	74	135	144	115	157
AT3G13000	872	452	604	518	739	803
AT3G13010	1	5	0	1	4	1
AT3G13020	46	20	25	35	33	26
AT3G13030	662	271	550	557	460	510
AT3G13040	1416	1213	1108	845	1434	1767
AT3G13050	138	64	112	125	78	92
AT3G13060	603	137	470	541	587	613
AT3G13061	0	0	0	0	0	0
AT3G13062	1144	804	821	1005	753	1073
AT3G13065	177	94	129	174	99	166
AT3G13070	955	817	789	1007	1247	1339
AT3G13075	0	0	0	0	0	0
AT3G13080	1644	432	1342	1231	1318	956
AT3G13090	25	10	13	20	31	17
AT3G13100	87	5	46	48	36	34
AT3G13110	1526	803	1323	1178	1023	798
AT3G13120	5782	9736	4837	6490	9425	9913
AT3G13130	4	3	3	7	10	0
AT3G13140	4	0	0	4	0	0
AT3G13150	119	52	94	105	117	72
AT3G13160	220	124	182	252	261	177
AT3G13170	5	1	6	6	21	17
AT3G13175	331	219	266	189	122	172
AT3G13180	527	527	396	430	878	720
AT3G13190	280	225	234	244	158	199
AT3G13200	1720	1771	1320	1468	1506	1761
AT3G13210	12	13	8	8	12	14
AT3G13220	0	0	0	0	0	0
AT3G13222	828	256	684	771	712	807
AT3G13223	0	0	0	0	0	0
AT3G13224	526	163	401	418	382	407
AT3G13225	1259	350	881	871	699	906
AT3G13226	482	192	323	359	343	412
AT3G13227	0	0	0	0	0	0
AT3G13228	0	0	0	0	0	0
AT3G13229	1	0	0	0	0	0
AT3G13230	549	450	371	556	485	416
AT3G13235	530	437	444	509	593	506
AT3G13240	48	18	47	28	40	49
AT3G13275	47	30	17	30	23	31
AT3G13276	12	12	8	6	1	3
AT3G13277	123	36	83	50	27	44
AT3G13280	2	0	1	0	0	0
AT3G13290	620	188	488	568	837	761
AT3G13300	2253	527	1758	1996	2157	2163
AT3G13310	241	351	204	316	463	290
AT3G13320	494	241	400	526	378	411
AT3G13330	820	341	656	699	1350	1196
AT3G13335	0	0	0	0	0	0
AT3G13340	1458	632	1144	1293	917	1226
AT3G13350	297	184	230	254	215	312
AT3G13360	832	659	615	858	640	838
AT3G13370	0	0	0	0	0	0
AT3G13380	270	50	204	260	126	119
AT3G13390	0	0	0	0	0	0
AT3G13400	4	0	1	0	2	0
AT3G13403	2	7	3	2	1	5
AT3G13404	6	2	2	6	6	6
AT3G13405	0	0	0	3	2	0
AT3G13410	2892	2952	2207	2643	2750	2888
AT3G13420	60	33	43	41	66	41
AT3G13430	241	140	186	289	152	221
AT3G13432	2	0	1	3	1	0
AT3G13433	9	1	1	6	0	0
AT3G13435	4	0	6	0	1	0
AT3G13437	84	95	38	65	58	78
AT3G13440	701	394	569	561	579	728
AT3G13445	491	393	364	408	405	404
AT3G13450	1335	912	940	1366	603	1068
AT3G13460	10975	4516	8207	11581	8534	9951
AT3G13470	1160	1731	940	1726	6153	3340
AT3G13480	227	288	160	180	142	186
AT3G13490	967	675	703	845	1509	1437
AT3G13500	0	0	0	0	0	0
AT3G13510	660	242	471	414	424	379
AT3G13520	1701	2130	1211	1500	1145	1216
AT3G13525	0	3	0	0	0	1
AT3G13530	832	348	684	690	908	1112
AT3G13540	0	0	0	0	0	0
AT3G13550	288	321	243	313	267	350
AT3G13560	367	142	268	296	290	251
AT3G13570	957	527	753	777	741	666
AT3G13580	2116	2103	1623	2334	1837	2114
AT3G13590	28	7	15	21	24	17
AT3G13600	69	43	52	73	26	56
AT3G13610	8	5	12	20	0	1
AT3G13620	95	51	68	58	82	69
AT3G13630	1	1	6	0	0	3
AT3G13640	5	1	9	5	5	8
AT3G13650	40	30	15	30	26	32
AT3G13660	0	0	0	1	0	0
AT3G13662	0	0	0	0	0	0
AT3G13670	1248	251	1062	1368	1572	1477
AT3G13672	107	95	66	25	65	94
AT3G13674	49	79	15	29	38	48
AT3G13677	61	117	68	55	84	70
AT3G13680	6	5	5	15	3	3
AT3G13682	94	46	67	64	73	113
AT3G13690	1599	519	1221	1219	1015	1299
AT3G13700	0	0	0	0	1	0
AT3G13710	0	0	0	0	0	1
AT3G13720	331	334	275	277	185	237
AT3G13724	0	0	0	0	0	0
AT3G13730	126	117	76	159	142	204
AT3G13740	771	839	602	862	909	1011
AT3G13750	11005	5475	8601	13808	7308	13359
AT3G13760	6	4	5	8	19	16
AT3G13770	29	2	25	32	22	13
AT3G13772	936	378	805	838	1088	1184
AT3G13780	201	351	135	170	110	168
AT3G13782	40	36	48	50	40	41
AT3G13784	1	0	2	2	2	0
AT3G13790	236	154	221	407	585	265
AT3G13800	351	239	261	293	263	335
AT3G13810	649	130	514	447	470	500
AT3G13820	1	0	1	1	0	0
AT3G13830	0	0	0	0	0	0
AT3G13840	3	1	2	7	2	0
AT3G13845	124	110	93	100	85	103
AT3G13850	7	0	10	2	7	1
AT3G13855	0	0	0	0	0	0
AT3G13857	0	0	1	2	1	1
AT3G13860	502	269	426	579	767	550
AT3G13870	2201	757	1745	2077	1941	2099
AT3G13880	133	21	81	126	79	55
AT3G13882	606	711	542	581	565	610
AT3G13890	0	0	0	0	0	0
AT3G13898	6	6	4	6	8	5
AT3G13900	6	15	3	10	7	10
AT3G13910	125	89	91	99	83	71
AT3G13920	8061	8666	6322	8410	9992	9804
AT3G13930	1635	1076	1265	1501	2440	1768
AT3G13940	476	271	334	458	527	380
AT3G13950	7	2	5	36	13	4
AT3G13960	389	109	341	273	227	265
AT3G13970	46	44	22	35	18	35
AT3G13980	220	141	172	258	218	264
AT3G13990	972	371	824	967	1158	1028
AT3G14000	269	123	242	170	210	223
AT3G14010	1866	670	1442	1418	1233	1514
AT3G14020	251	131	175	245	175	210
AT3G14030	0	0	0	0	0	0
AT3G14040	0	0	0	0	0	0
AT3G14050	2230	561	1805	2560	856	1199
AT3G14060	41	77	30	44	36	43
AT3G14067	2299	946	1867	2143	1673	1961
AT3G14070	48	28	40	30	40	49
AT3G14075	379	160	322	336	263	338
AT3G14080	201	207	150	159	133	142
AT3G14090	443	340	337	538	358	464
AT3G14100	3275	1647	2641	2574	1626	2051
AT3G14110	2324	2864	1973	2459	2877	3160
AT3G14120	649	356	543	599	724	676
AT3G14130	140	115	153	158	78	104
AT3G14140	8	14	8	5	11	15
AT3G14150	938	488	633	555	557	633
AT3G14160	139	71	96	120	157	130
AT3G14170	48	32	36	37	55	79
AT3G14172	1421	284	1019	1221	939	938
AT3G14180	704	462	557	573	473	642
AT3G14185	0	0	0	0	0	0
AT3G14190	99	142	89	97	147	118
AT3G14200	250	333	178	339	332	277
AT3G14205	1612	747	1190	1308	1074	1361
AT3G14210	33071	6713	27415	24879	14268	10743
AT3G14220	999	632	803	757	946	874
AT3G14225	3	2	2	2	0	1
AT3G14230	4215	2433	3404	3910	3212	3786
AT3G14240	2360	1272	1829	2263	2178	2555
AT3G14250	0	0	0	0	0	0
AT3G14260	2	0	2	0	0	0
AT3G14270	1231	338	954	1216	1033	1197
AT3G14280	158	31	136	90	35	16
AT3G14290	701	809	511	608	708	745
AT3G14300	0	0	0	0	0	0
AT3G14310	6973	3762	6022	5988	5712	5976
AT3G14320	1	7	1	0	2	4
AT3G14330	449	308	394	457	821	829
AT3G14340	0	0	0	0	0	0
AT3G14350	1923	796	1490	1522	2909	3135
AT3G14360	46	4	35	37	26	18
AT3G14362	0	0	0	0	0	0
AT3G14370	85	3	64	64	23	16
AT3G14380	5	0	8	0	0	2
AT3G14385	0	0	0	0	0	0
AT3G14390	708	547	557	759	1068	808
AT3G14395	2	2	2	2	1	0
AT3G14400	1348	551	981	1092	842	857
AT3G14410	322	262	248	235	219	239
AT3G14415	5936	10555	4752	5923	8750	11947
AT3G14420	14440	27471	10640	12711	19294	27254
AT3G14430	98	99	108	85	48	36
AT3G14440	742	9	582	262	14	18
AT3G14450	85	77	89	96	121	92
AT3G14452	0	8	3	0	0	5
AT3G14460	62	1	32	47	68	60
AT3G14463	0	0	0	0	0	0
AT3G14467	1	0	0	0	0	1
AT3G14470	181	32	137	112	114	125
AT3G14475	0	0	0	0	0	0
AT3G14480	0	0	0	0	0	0
AT3G14490	3	0	0	0	0	0
AT3G14510	0	0	0	0	0	0
AT3G14520	0	0	0	0	0	0
AT3G14530	3	1	1	0	1	0
AT3G14540	4	3	4	4	19	8
AT3G14550	24	22	19	32	29	40
AT3G14560	190	239	142	135	171	172
AT3G14570	140	40	137	163	199	187
AT3G14580	41	11	30	48	33	11
AT3G14590	421	109	251	202	107	132
AT3G14595	935	628	669	697	436	656
AT3G14600	3089	3381	2351	3061	2949	2904
AT3G14610	322	159	298	325	276	288
AT3G14620	944	364	727	956	677	561
AT3G14630	14	29	14	29	18	16
AT3G14640	8	0	8	16	3	14
AT3G14650	2247	1244	1600	1835	2124	2373
AT3G14660	6259	3488	4608	3516	3817	5057
AT3G14670	1	0	1	0	1	0
AT3G14680	51	24	37	62	48	44
AT3G14690	1419	1175	1149	1138	1875	2145
AT3G14700	58	26	59	34	21	20
AT3G14710	4	6	5	3	1	8
AT3G14720	795	336	593	482	653	702
AT3G14730	90	39	55	82	83	56
AT3G14735	0	0	0	0	0	0
AT3G14740	35	42	38	35	54	39
AT3G14750	230	212	185	211	232	302
AT3G14760	65	151	77	77	144	155
AT3G14770	82	295	65	103	205	272
AT3G14780	38	36	11	55	32	32
AT3G14790	595	451	494	586	799	693
AT3G14810	183	141	166	202	271	383
AT3G14820	0	0	0	1	0	0
AT3G14830	687	354	590	570	497	600
AT3G14840	3285	1274	2674	3427	3216	3287
AT3G14850	27	36	34	18	35	30
AT3G14855	0	0	0	0	0	0
AT3G14860	1064	535	866	945	957	963
AT3G14870	345	104	283	333	213	219
AT3G14880	1	0	6	0	0	0
AT3G14890	158	92	122	167	254	190
AT3G14900	292	419	243	387	884	522
AT3G14910	191	130	141	178	174	222
AT3G14920	776	421	566	729	707	706
AT3G14930	2003	3141	1649	2284	3027	3762
AT3G14940	181	48	178	63	102	112
AT3G14950	7	9	11	2	11	2
AT3G14960	333	170	269	278	213	245
AT3G14970	0	0	0	0	0	0
AT3G14980	848	348	557	596	581	778
AT3G14981	0	0	0	0	0	0
AT3G14990	7636	2856	6108	3854	2470	3699
AT3G15000	3345	1212	2641	2814	3348	2414
AT3G15010	704	377	501	630	610	745
AT3G15020	286	209	194	261	389	235
AT3G15030	1479	405	1217	1173	1150	952
AT3G15040	321	242	261	333	171	255
AT3G15050	6	3	11	6	7	7
AT3G15055	0	0	0	0	0	0
AT3G15060	211	318	188	254	246	311
AT3G15070	545	218	451	496	536	682
AT3G15080	308	170	267	252	254	215
AT3G15090	180	104	159	175	182	168
AT3G15095	2481	1278	1904	1841	1171	1522
AT3G15110	501	588	431	573	649	747
AT3G15111	0	0	0	0	0	0
AT3G15115	142	121	112	108	126	171
AT3G15120	662	295	575	650	638	798
AT3G15130	52	18	40	64	48	47
AT3G15140	209	88	123	215	204	110
AT3G15150	65	92	40	91	94	94
AT3G15160	858	573	719	719	676	793
AT3G15170	4	5	10	1	4	5
AT3G15180	398	188	333	298	394	263
AT3G15190	2540	4836	2048	2873	3891	4365
AT3G15200	61	10	54	59	51	47
AT3G15210	1551	548	1307	1224	184	422
AT3G15220	727	219	577	604	408	642
AT3G15240	12	2	5	3	2	1
AT3G15250	3	0	3	0	0	0
AT3G15251	0	0	0	0	0	0
AT3G15260	579	346	443	529	375	422
AT3G15270	13	3	5	4	3	7
AT3G15280	4	0	3	0	1	0
AT3G15290	601	448	502	541	433	527
AT3G15300	33	28	39	16	22	20
AT3G15340	30	20	13	26	34	15
AT3G15350	581	128	453	275	249	218
AT3G15351	170	162	152	132	143	165
AT3G15352	101	91	69	86	74	65
AT3G15353	17583	14840	13562	14900	9456	14246
AT3G15354	242	165	194	259	493	474
AT3G15355	407	215	333	377	332	383
AT3G15356	448	1422	359	2020	1995	1611
AT3G15357	30	22	15	31	15	18
AT3G15358	41	64	30	59	33	47
AT3G15359	0	0	0	0	0	0
AT3G15360	4453	7330	3441	4861	4403	5530
AT3G15370	1	0	2	3	0	0
AT3G15380	592	213	478	500	468	475
AT3G15390	130	86	109	156	122	144
AT3G15395	140	166	116	105	93	107
AT3G15400	114	48	63	57	46	67
AT3G15410	790	491	716	719	770	724
AT3G15420	33	42	21	31	20	29
AT3G15430	479	227	356	422	330	391
AT3G15440	37	4	19	60	1	0
AT3G15450	9132	16955	7449	18739	7016	14641
AT3G15460	255	133	174	134	147	119
AT3G15470	891	478	651	743	692	889
AT3G15480	1098	1309	818	915	1049	1188
AT3G15490	0	0	0	0	0	0
AT3G15500	204	96	140	252	85	127
AT3G15510	244	201	175	231	286	400
AT3G15518	11	2	19	22	3	2
AT3G15520	710	815	625	736	1118	1238
AT3G15530	1028	589	818	823	460	597
AT3G15534	3	1	3	0	0	0
AT3G15536	5	0	0	1	0	0
AT3G15540	168	78	140	347	81	61
AT3G15548	0	0	0	0	0	0
AT3G15550	284	173	236	293	516	525
AT3G15570	455	196	347	390	383	502
AT3G15578	0	0	0	0	0	0
AT3G15580	588	482	435	480	319	469
AT3G15585	2	0	0	0	0	0
AT3G15590	1067	519	858	1007	1046	961
AT3G15604	0	0	0	0	0	0
AT3G15605	0	0	0	0	0	1
AT3G15610	707	553	598	611	489	554
AT3G15620	249	157	205	331	145	209
AT3G15630	391	514	339	783	174	334
AT3G15635	0	0	0	0	0	0
AT3G15640	456	684	363	521	751	652
AT3G15650	33	16	37	8	34	22
AT3G15660	825	840	707	779	849	819
AT3G15670	83	9	124	4	0	8
AT3G15680	260	270	224	196	260	194
AT3G15690	835	808	748	944	987	1131
AT3G15700	0	0	0	0	0	0
AT3G15710	458	386	414	432	415	361
AT3G15720	43	12	25	34	29	31
AT3G15730	6326	3773	5328	5257	5920	6305
AT3G15740	1	3	6	4	4	5
AT3G15750	78	23	68	69	29	33
AT3G15760	138	88	97	156	88	93
AT3G15770	262	472	191	435	213	310
AT3G15780	201	96	176	113	90	116
AT3G15790	407	205	273	227	294	285
AT3G15800	9	14	16	14	28	22
AT3G15810	647	572	454	441	432	531
AT3G15820	390	650	308	451	347	471
AT3G15830	2	1	1	1	0	1
AT3G15840	4396	3026	3505	4033	2493	3730
AT3G15850	1300	2635	1115	1643	2950	3869
AT3G15860	0	0	0	0	0	0
AT3G15870	1	0	1	1	0	0
AT3G15880	1205	367	930	985	1340	1292
AT3G15890	130	75	111	109	100	105
AT3G15900	345	614	283	272	310	467
AT3G15909	0	0	0	0	0	0
AT3G15910	2	0	0	0	0	3
AT3G15920	699	321	562	649	661	734
AT3G15930	0	0	0	0	0	0
AT3G15940	712	335	541	573	510	609
AT3G15950	2789	3482	2296	3122	7697	6586
AT3G15960	0	0	0	0	0	0
AT3G15970	940	667	772	779	668	811
AT3G15980	1222	612	991	1170	1247	1296
AT3G15990	260	21	216	122	66	53
AT3G16000	3191	3321	2422	3401	4679	5045
AT3G16010	112	71	99	106	126	140
AT3G16020	9	3	2	2	3	1
AT3G16030	253	64	181	170	118	157
AT3G16040	1	0	0	2	0	0
AT3G16050	89	91	50	95	69	84
AT3G16060	918	589	807	810	1288	1331
AT3G16070	24	3	10	17	5	7
AT3G16080	744	1019	565	744	855	725
AT3G16090	389	275	321	309	234	349
AT3G16100	257	321	140	247	252	233
AT3G16110	520	343	430	418	357	409
AT3G16117	0	0	0	0	0	0
AT3G16120	22	17	15	11	5	16
AT3G16130	0	0	0	1	0	0
AT3G16140	9702	11953	8115	8927	8016	12376
AT3G16150	22	36	18	15	23	24
AT3G16160	8	5	1	6	3	6
AT3G16170	267	140	235	247	308	348
AT3G16175	15	60	16	9	55	49
AT3G16180	519	136	464	474	288	349
AT3G16190	1363	1018	1035	899	596	744
AT3G16200	416	211	290	352	300	304
AT3G16210	0	1	0	0	0	1
AT3G16220	539	413	490	480	412	505
AT3G16230	831	463	628	645	641	722
AT3G16240	13208	23159	10866	13721	11530	17255
AT3G16250	712	728	581	677	778	864
AT3G16260	790	362	638	795	1199	1170
AT3G16270	829	335	719	799	815	858
AT3G16280	22	29	21	35	32	46
AT3G16290	1173	821	894	1296	2277	1840
AT3G16300	0	1	1	0	5	1
AT3G16310	742	445	543	700	574	564
AT3G16320	53	19	38	59	80	76
AT3G16330	58	18	48	63	48	26
AT3G16340	308	74	225	219	347	305
AT3G16350	142	154	129	145	115	146
AT3G16360	212	48	166	52	150	51
AT3G16370	6401	6429	5296	5135	9060	8724
AT3G16380	6	1	9	3	1	1
AT3G16390	20	13	17	8	9	7
AT3G16400	1415	1440	1136	1218	2918	2162
AT3G16410	31	20	38	28	36	57
AT3G16420	4153	8327	3576	4388	14369	10862
AT3G16430	112	124	105	54	167	133
AT3G16432	0	0	0	0	0	0
AT3G16440	4	3	10	1	6	0
AT3G16450	722	1020	576	490	1356	1088
AT3G16460	1500	1222	1370	1617	5175	4342
AT3G16470	1327	1389	1136	1187	1938	1833
AT3G16480	819	593	642	690	940	801
AT3G16490	56	29	40	38	48	45
AT3G16500	638	531	542	655	764	813
AT3G16510	190	73	162	181	72	112
AT3G16520	3393	2332	2773	2317	3587	3774
AT3G16525	0	0	0	0	0	0
AT3G16530	609	911	492	1356	1023	894
AT3G16540	0	0	0	0	0	2
AT3G16550	0	0	0	0	0	0
AT3G16552	0	0	0	0	0	0
AT3G16555	0	0	0	0	0	0
AT3G16560	219	171	156	157	239	202
AT3G16565	313	132	233	217	142	138
AT3G16570	1157	2008	870	975	1226	1720
AT3G16580	0	0	1	0	0	0
AT3G16590	0	0	1	2	0	0
AT3G16600	0	0	0	0	0	0
AT3G16610	46	8	26	17	18	18
AT3G16620	240	80	215	261	372	283
AT3G16630	1849	698	1450	1759	1836	1862
AT3G16640	38594	32494	28023	30667	17066	24776
AT3G16650	93	28	53	62	50	31
AT3G16660	857	886	700	498	1015	797
AT3G16670	3747	1207	3154	2127	2843	1984
AT3G16680	2	0	2	2	1	0
AT3G16690	89	188	69	109	92	153
AT3G16700	142	71	90	109	97	84
AT3G16710	59	16	63	62	44	47
AT3G16712	9	11	11	10	2	10
AT3G16720	620	242	498	760	102	311
AT3G16730	168	62	144	135	241	147
AT3G16740	452	329	367	522	308	385
AT3G16750	250	175	171	135	174	218
AT3G16760	680	556	591	729	794	656
AT3G16770	12858	6100	9599	10786	4719	6228
AT3G16780	1004	1121	752	1008	1352	971
AT3G16785	913	291	716	819	654	764
AT3G16800	440	93	325	224	61	121
AT3G16810	489	188	395	492	546	359
AT3G16820	0	0	0	0	0	0
AT3G16830	1325	521	1184	1170	1479	1551
AT3G16840	1779	1638	1270	1435	1423	1320
AT3G16850	2063	1629	1474	1895	1548	2085
AT3G16857	1600	657	1095	1319	1278	1859
AT3G16860	387	60	302	213	101	117
AT3G16870	170	77	147	131	62	73
AT3G16880	0	0	0	0	0	0
AT3G16890	81	66	71	91	85	56
AT3G16895	0	0	0	0	0	0
AT3G16900	0	2	1	4	3	1
AT3G16910	619	314	492	443	592	574
AT3G16920	165	119	141	86	115	128
AT3G16930	0	0	0	0	0	0
AT3G16940	1039	203	773	703	600	634
AT3G16950	902	624	714	1137	918	1002
AT3G16960	0	0	0	0	0	0
AT3G16970	0	0	0	0	0	0
AT3G16980	8	4	4	3	2	1
AT3G16990	147	105	83	85	63	78
AT3G17000	841	459	672	675	558	616
AT3G17010	0	0	0	0	0	0
AT3G17020	4663	3097	3731	3485	1653	2302
AT3G17030	144	68	84	125	115	119
AT3G17040	1693	1804	1294	1517	2133	3192
AT3G17060	0	0	0	0	0	0
AT3G17070	367	145	315	233	194	200
AT3G17080	0	0	0	0	0	0
AT3G17090	1471	1066	1098	1478	1111	1419
AT3G17100	2055	1772	1574	2132	1410	2129
AT3G17120	253	114	231	224	162	195
AT3G17130	10	14	8	12	12	11
AT3G17140	0	0	0	0	0	0
AT3G17150	0	0	0	0	0	0
AT3G17152	2	0	4	0	0	0
AT3G17155	0	0	0	0	0	0
AT3G17160	715	952	548	641	673	722
AT3G17170	1561	2313	1177	1621	2406	1707
AT3G17180	0	0	0	0	1	1
AT3G17185	130	296	99	114	145	141
AT3G17190	1	0	5	0	0	0
AT3G17205	1127	389	837	1003	950	1050
AT3G17210	1717	2067	1131	1534	1392	1543
AT3G17220	23	1	11	10	7	1
AT3G17225	17	20	19	25	13	26
AT3G17227	1	0	0	0	0	0
AT3G17230	0	0	0	0	0	0
AT3G17240	1820	962	1389	1530	1750	1593
AT3G17250	168	77	138	153	120	130
AT3G17261	0	0	0	0	0	0
AT3G17265	0	0	0	0	0	0
AT3G17270	0	1	0	0	0	0
AT3G17280	54	23	27	52	28	38
AT3G17300	354	312	236	280	239	195
AT3G17310	560	221	423	453	373	432
AT3G17320	1	0	0	0	0	0
AT3G17330	240	132	189	375	273	348
AT3G17340	400	169	318	413	438	412
AT3G17350	137	189	129	138	223	234
AT3G17360	216	63	169	250	588	447
AT3G17365	231	73	156	140	79	138
AT3G17370	0	0	0	0	0	0
AT3G17380	31	23	26	33	53	52
AT3G17390	6651	5698	5469	5776	7011	6095
AT3G17400	0	0	0	0	0	0
AT3G17410	1281	937	1062	1084	1040	1146
AT3G17420	169	46	155	135	104	103
AT3G17430	453	266	400	359	338	367
AT3G17440	759	802	579	636	696	902
AT3G17450	509	191	383	446	432	520
AT3G17460	68	42	49	64	56	61
AT3G17465	735	495	560	760	699	585
AT3G17470	585	330	455	495	511	708
AT3G17480	0	0	0	0	0	0
AT3G17490	0	0	0	0	0	0
AT3G17500	0	0	0	0	0	0
AT3G17510	1590	2256	1125	1923	3740	5351
AT3G17520	149	20	113	5	11	6
AT3G17530	0	0	0	0	0	0
AT3G17540	0	0	0	0	0	0
AT3G17550	0	0	0	0	0	0
AT3G17560	0	0	0	0	0	0
AT3G17570	0	0	0	0	0	0
AT3G17580	37	44	33	29	14	39
AT3G17590	371	312	255	281	225	293
AT3G17600	1	3	2	2	7	3
AT3G17609	37	202	26	49	267	155
AT3G17611	51	53	48	74	75	65
AT3G17620	0	0	0	0	0	0
AT3G17626	45	61	48	40	29	40
AT3G17630	180	47	98	49	75	72
AT3G17640	140	94	135	94	170	142
AT3G17650	1197	569	1009	1007	841	1100
AT3G17655	0	0	0	0	0	4
AT3G17660	80	45	68	71	55	43
AT3G17668	130	200	99	86	103	127
AT3G17670	169	197	149	156	170	211
AT3G17675	0	0	0	3	1	2
AT3G17680	193	189	115	132	193	184
AT3G17690	40	2	20	19	10	13
AT3G17700	369	108	327	368	188	190
AT3G17710	33	40	23	46	54	58
AT3G17712	29	5	10	26	23	26
AT3G17717	66	57	58	48	40	71
AT3G17720	0	0	0	0	0	0
AT3G17730	21	14	17	35	22	20
AT3G17740	420	169	282	280	227	316
AT3G17750	768	322	550	657	765	823
AT3G17760	1	0	0	0	0	0
AT3G17765	0	0	0	0	0	0
AT3G17770	592	226	466	532	484	384
AT3G17780	338	465	272	291	336	286
AT3G17790	4168	72	3456	2279	129	170
AT3G17800	1078	694	847	540	856	991
AT3G17810	1544	718	1227	1529	1066	986
AT3G17820	1196	713	1015	831	870	796
AT3G17830	141	154	93	136	214	174
AT3G17840	405	211	325	360	361	319
AT3G17850	1786	699	1409	1796	1870	2366
AT3G17860	305	166	229	312	335	399
AT3G17880	802	486	575	582	576	597
AT3G17890	107	110	76	104	94	110
AT3G17900	1217	588	911	1126	1243	1431
AT3G17910	197	120	158	180	203	175
AT3G17920	348	117	275	343	297	388
AT3G17930	1580	1616	1122	1214	1343	1374
AT3G17940	623	367	522	459	518	559
AT3G17950	285	152	180	170	142	166
AT3G17970	1139	672	799	953	1249	1084
AT3G17980	6	5	2	5	2	0
AT3G18000	2171	419	1647	1128	1538	686
AT3G18010	127	64	89	63	115	100
AT3G18020	69	6	86	65	47	47
AT3G18030	268	235	188	259	170	198
AT3G18035	4493	3400	3415	3379	3304	3802
AT3G18040	827	531	689	719	766	816
AT3G18050	3424	2291	2830	2757	2012	2962
AT3G18060	946	642	824	1081	1056	1155
AT3G18070	97	29	42	67	36	58
AT3G18080	19762	3164	16382	12199	4946	4923
AT3G18090	342	63	295	283	169	208
AT3G18100	314	74	198	279	196	220
AT3G18110	618	299	534	795	1233	941
AT3G18120	0	0	0	0	0	0
AT3G18130	633	582	449	619	760	462
AT3G18140	1544	972	1106	1255	969	1169
AT3G18150	0	0	0	0	0	0
AT3G18160	298	207	243	298	373	309
AT3G18165	697	493	532	555	577	593
AT3G18170	64	45	41	46	35	68
AT3G18180	0	0	1	0	0	0
AT3G18190	1189	787	944	1115	1229	1067
AT3G18200	14	14	9	28	16	15
AT3G18210	648	349	591	584	604	519
AT3G18215	722	407	548	555	388	446
AT3G18217	23	4	30	23	44	41
AT3G18220	0	0	0	0	0	0
AT3G18230	825	199	643	641	524	696
AT3G18235	2	0	3	0	0	0
AT3G18240	291	118	269	266	286	236
AT3G18250	13	0	12	56	28	2
AT3G18260	28	31	52	24	36	24
AT3G18270	532	274	404	435	239	302
AT3G18280	409	245	368	224	326	342
AT3G18282	0	5	1	0	2	0
AT3G18290	1061	559	905	1124	2562	1645
AT3G18291	0	0	0	0	0	0
AT3G18295	338	278	299	340	225	241
AT3G18300	44	22	31	37	17	29
AT3G18310	179	71	186	193	142	169
AT3G18320	44	12	28	62	15	25
AT3G18330	5	3	0	3	1	1
AT3G18340	0	0	0	0	0	0
AT3G18350	289	132	218	265	291	354
AT3G18360	2	3	5	6	1	3
AT3G18362	0	0	2	0	0	0
AT3G18370	1375	437	1018	1108	948	1005
AT3G18380	358	262	309	280	318	340
AT3G18390	2652	1778	2097	2986	5441	5530
AT3G18400	54	12	34	13	10	26
AT3G18410	1221	1737	868	1069	1277	1197
AT3G18420	553	645	397	516	752	575
AT3G18430	426	502	298	361	356	340
AT3G18440	724	312	588	578	462	470
AT3G18450	0	0	0	0	0	0
AT3G18460	0	0	0	0	0	0
AT3G18470	0	0	0	0	0	0
AT3G18480	894	477	682	817	880	990
AT3G18485	17	4	5	20	11	12
AT3G18490	2594	1233	2238	1490	1932	1823
AT3G18500	441	318	359	375	271	346
AT3G18510	69	44	52	72	46	35
AT3G18518	0	0	0	0	0	0
AT3G18520	621	398	477	514	516	613
AT3G18524	205	113	147	171	229	219
AT3G18530	36	4	18	18	4	14
AT3G18535	584	439	448	495	470	515
AT3G18550	8	8	4	10	7	16
AT3G18560	94	75	80	100	73	113
AT3G18570	0	0	5	0	0	0
AT3G18580	121	122	120	117	147	101
AT3G18590	0	0	2	0	0	0
AT3G18600	811	428	633	1012	1031	613
AT3G18610	45	6	27	27	21	25
AT3G18620	104	36	121	92	64	110
AT3G18630	56	29	38	47	35	25
AT3G18640	585	187	518	505	489	590
AT3G18650	0	0	0	0	0	0
AT3G18660	96	53	48	62	78	73
AT3G18670	21	11	9	20	11	19
AT3G18680	1732	1146	1366	1820	2961	2477
AT3G18690	211	114	194	249	71	120
AT3G18700	0	0	0	0	0	0
AT3G18710	348	84	276	395	73	129
AT3G18715	2	4	9	1	5	5
AT3G18720	0	0	0	0	1	1
AT3G18730	67	38	54	113	157	119
AT3G18740	2481	5030	1804	2667	2869	2584
AT3G18750	382	270	267	327	482	421
AT3G18760	277	221	195	244	215	224
AT3G18770	223	109	182	171	166	202
AT3G18773	66	166	30	107	77	155
AT3G18775	3	0	0	0	2	1
AT3G18780	8054	7497	6397	9519	8148	10662
AT3G18790	505	467	418	489	501	525
AT3G18800	224	317	198	174	256	222
AT3G18810	0	1	0	0	0	0
AT3G18815	0	0	0	0	0	0
AT3G18820	1893	2009	1572	1804	1642	1882
AT3G18827	0	0	0	0	0	0
AT3G18830	1224	611	905	1008	639	651
AT3G18840	27	1	15	11	9	9
AT3G18850	398	310	293	353	298	362
AT3G18860	1218	779	998	1232	1391	1413
AT3G18870	97	167	73	77	148	136
AT3G18880	50	39	24	21	25	24
AT3G18890	2273	1779	1854	2443	4373	4845
AT3G18895	0	0	0	0	0	0
AT3G18900	55	32	53	46	50	47
AT3G18905	2	0	0	0	0	0
AT3G18910	168	172	163	170	135	130
AT3G18915	0	0	0	0	0	0
AT3G18930	383	250	261	340	209	264
AT3G18940	198	276	142	268	226	281
AT3G18950	59	9	47	29	25	19
AT3G18952	0	0	0	0	0	0
AT3G18957	0	0	0	0	0	0
AT3G18960	109	104	82	89	122	92
AT3G18970	97	41	58	86	49	59
AT3G18980	514	568	444	643	443	669
AT3G18990	687	357	558	469	541	518
AT3G19000	516	439	363	390	473	341
AT3G19002	24	1	17	15	0	1
AT3G19010	1345	588	1035	1356	759	670
AT3G19020	190	67	119	126	115	181
AT3G19030	2133	2380	1444	2365	1165	1528
AT3G19035	0	0	0	0	0	0
AT3G19040	14	47	22	51	18	56
AT3G19050	406	137	365	388	824	732
AT3G19055	0	0	0	0	0	0
AT3G19070	0	0	0	0	0	0
AT3G19080	248	175	173	188	172	202
AT3G19085	0	0	0	1	0	2
AT3G19090	6	1	1	3	0	1
AT3G19100	1697	529	1202	1265	1025	1148
AT3G19120	479	357	390	454	495	480
AT3G19130	1648	967	1294	1557	1717	1524
AT3G19140	0	0	0	0	0	0
AT3G19150	386	192	292	181	163	243
AT3G19160	0	0	0	0	0	0
AT3G19170	2729	3489	2441	3502	8578	8126
AT3G19180	467	233	346	364	480	529
AT3G19184	15	16	7	9	11	8
AT3G19190	1043	330	816	1058	910	1102
AT3G19200	25	11	19	31	11	6
AT3G19210	60	63	60	86	217	122
AT3G19220	244	323	206	201	225	272
AT3G19230	12	9	13	11	8	13
AT3G19235	0	0	0	0	0	0
AT3G19240	1331	398	1119	845	731	796
AT3G19250	45	6	47	61	36	25
AT3G19260	203	61	187	191	110	120
AT3G19270	16	20	17	18	40	41
AT3G19274	0	0	0	0	0	0
AT3G19280	149	85	109	123	103	143
AT3G19290	999	423	689	759	615	809
AT3G19300	98	56	79	77	60	78
AT3G19310	5	5	5	4	4	4
AT3G19320	4	2	3	2	11	2
AT3G19330	136	19	79	100	69	57
AT3G19340	826	522	597	757	914	961
AT3G19350	11	2	7	6	0	1
AT3G19360	114	94	108	98	102	102
AT3G19370	590	237	408	326	444	376
AT3G19380	412	271	369	463	227	301
AT3G19390	84	38	78	121	49	51
AT3G19400	273	200	190	177	216	217
AT3G19410	0	0	0	0	0	0
AT3G19420	2142	1031	1591	1991	1686	2234
AT3G19430	9	4	2	3	6	7
AT3G19440	132	53	91	127	117	73
AT3G19450	840	2312	675	603	2210	1646
AT3G19460	352	254	341	319	210	271
AT3G19470	57	52	41	52	76	82
AT3G19480	212	448	185	226	553	713
AT3G19490	809	533	678	834	842	883
AT3G19500	9	2	14	9	4	2
AT3G19508	110	81	69	65	77	43
AT3G19510	501	200	391	439	410	466
AT3G19515	1062	608	781	984	1104	1190
AT3G19520	728	504	552	598	444	523
AT3G19530	0	0	0	0	0	0
AT3G19540	876	374	678	789	519	647
AT3G19550	5	6	8	8	21	7
AT3G19552	0	0	0	0	0	0
AT3G19553	841	489	681	880	458	670
AT3G19560	0	0	0	0	1	0
AT3G19565	0	0	0	0	0	0
AT3G19570	325	134	278	315	323	381
AT3G19580	442	62	327	281	59	108
AT3G19590	159	191	162	149	320	241
AT3G19595	0	0	0	0	0	0
AT3G19600	0	0	0	0	0	0
AT3G19610	0	0	0	0	0	0
AT3G19613	0	0	1	0	0	0
AT3G19615	0	0	0	1	0	0
AT3G19620	181	15	160	43	103	96
AT3G19630	722	554	595	654	678	720
AT3G19640	521	233	403	480	412	491
AT3G19650	553	302	369	389	349	378
AT3G19660	75	74	62	63	42	39
AT3G19663	3	2	3	0	0	0
AT3G19670	1370	569	943	1042	853	1041
AT3G19680	407	881	325	473	664	1037
AT3G19690	1	0	0	0	0	0
AT3G19700	1	0	0	0	0	0
AT3G19710	1567	1830	1367	1664	2503	2710
AT3G19720	1099	789	933	994	1677	1889
AT3G19740	958	331	743	940	1134	1132
AT3G19760	1605	1351	1348	1534	2029	1771
AT3G19770	428	255	330	378	349	344
AT3G19780	504	122	361	471	427	516
AT3G19790	166	141	110	140	170	169
AT3G19800	647	819	503	637	833	1078
AT3G19810	971	837	771	959	1149	1124
AT3G19820	9589	5486	7793	9783	7622	9378
AT3G19830	472	173	341	427	453	395
AT3G19840	541	216	463	439	483	497
AT3G19850	1100	912	798	1584	1119	1889
AT3G19860	1606	954	1126	1496	1277	2159
AT3G19870	579	422	424	555	616	769
AT3G19880	0	0	0	0	0	0
AT3G19890	0	0	0	0	0	0
AT3G19895	294	103	236	211	155	212
AT3G19900	1126	793	794	1032	747	956
AT3G19910	737	599	582	774	672	761
AT3G19920	8	4	13	0	0	0
AT3G19930	1253	1321	941	1535	1624	1660
AT3G19940	0	0	0	0	0	0
AT3G19950	306	227	230	254	296	264
AT3G19960	2445	758	1980	1729	1158	1321
AT3G19970	291	38	217	144	61	78
AT3G19980	513	292	361	378	434	395
AT3G19990	759	432	617	707	408	524
AT3G20000	1010	662	839	1049	1150	924
AT3G20010	355	64	293	325	342	307
AT3G20015	218	91	218	154	155	156
AT3G20020	238	124	213	179	208	198
AT3G20030	0	0	0	0	0	0
AT3G20040	93	38	101	108	77	90
AT3G20050	2416	1371	2027	2461	3099	2301
AT3G20060	1372	1426	1127	1200	1464	1538
AT3G20070	268	184	211	235	190	257
AT3G20080	504	103	389	415	199	320
AT3G20090	139	54	99	103	79	93
AT3G20100	456	231	335	275	407	270
AT3G20110	7	2	0	11	6	8
AT3G20120	416	126	308	279	186	233
AT3G20130	104	29	67	72	48	48
AT3G20140	3	0	3	0	0	0
AT3G20150	232	160	194	267	587	458
AT3G20155	0	0	0	0	0	0
AT3G20160	0	0	0	0	0	0
AT3G20170	132	87	85	107	90	93
AT3G20180	3	3	2	3	3	2
AT3G20190	3	3	7	1	9	1
AT3G20200	72	28	59	76	91	77
AT3G20210	12	7	18	5	18	15
AT3G20220	0	0	0	0	0	0
AT3G20230	1616	1902	1336	1509	2011	2056
AT3G20240	255	159	193	216	204	147
AT3G20250	997	255	823	790	501	526
AT3G20260	444	293	295	315	402	343
AT3G20270	378	262	206	276	308	355
AT3G20280	222	95	199	193	237	248
AT3G20290	1441	806	1014	1089	990	1270
AT3G20300	359	225	250	261	234	416
AT3G20310	1101	834	800	886	636	798
AT3G20320	504	548	396	519	699	728
AT3G20330	682	387	564	659	730	514
AT3G20340	70	39	63	81	19	52
AT3G20350	389	212	329	502	596	711
AT3G20360	0	0	0	1	2	3
AT3G20362	1	7	0	3	3	0
AT3G20370	302	1052	238	306	2042	1447
AT3G20380	8	0	4	2	2	2
AT3G20390	4004	3950	2946	3592	3595	3634
AT3G20395	387	652	328	705	818	760
AT3G20400	2	1	5	7	4	1
AT3G20410	1036	439	782	1160	817	942
AT3G20420	87	56	40	44	42	73
AT3G20430	385	263	245	273	194	224
AT3G20440	407	236	309	518	1268	795
AT3G20450	12	11	12	12	10	6
AT3G20460	10	2	0	3	2	8
AT3G20470	353	422	253	344	408	206
AT3G20475	31	25	39	25	47	40
AT3G20480	50	14	28	48	23	25
AT3G20490	149	114	103	134	182	140
AT3G20500	892	226	681	345	261	291
AT3G20510	264	161	158	213	96	110
AT3G20520	15	17	21	13	16	14
AT3G20530	3	1	2	0	0	3
AT3G20540	796	376	716	891	1082	1157
AT3G20550	1033	831	771	827	571	739
AT3G20555	0	0	0	0	0	0
AT3G20557	0	0	0	0	0	0
AT3G20560	269	125	240	278	277	245
AT3G20570	381	293	338	243	286	301
AT3G20580	1	2	0	0	2	1
AT3G20590	0	0	0	0	1	0
AT3G20600	344	128	237	275	64	137
AT3G20610	0	0	0	0	0	0
AT3G20620	226	102	194	194	132	140
AT3G20630	869	366	667	780	921	801
AT3G20640	147	69	104	87	102	76
AT3G20650	332	198	269	251	210	224
AT3G20655	0	0	0	0	0	0
AT3G20660	267	80	225	161	116	116
AT3G20670	125	251	118	145	154	183
AT3G20680	455	576	386	484	851	898
AT3G20690	0	0	0	0	0	0
AT3G20700	0	0	0	0	0	0
AT3G20710	0	0	0	1	1	0
AT3G20720	758	196	578	632	574	541
AT3G20730	28	1	21	23	22	11
AT3G20740	298	268	238	273	297	248
AT3G20750	0	0	0	0	0	0
AT3G20760	33	203	39	41	80	48
AT3G20770	5389	1811	4318	5089	3549	4619
AT3G20780	306	142	292	317	285	284
AT3G20790	506	442	391	446	526	527
AT3G20800	462	189	369	363	236	249
AT3G20810	1021	40	912	395	29	37
AT3G20820	1527	945	1374	1551	1320	1227
AT3G20830	78	67	66	89	50	87
AT3G20840	3	0	1	1	0	0
AT3G20850	0	0	0	0	0	0
AT3G20860	175	93	119	124	132	102
AT3G20865	9	19	12	10	10	8
AT3G20870	437	269	306	350	372	304
AT3G20880	0	0	0	0	0	0
AT3G20885	0	0	0	0	0	0
AT3G20890	164	123	136	172	147	148
AT3G20898	60	34	66	60	47	50
AT3G20900	0	0	0	0	0	0
AT3G20910	252	119	202	165	129	172
AT3G20920	880	573	641	650	480	586
AT3G20930	550	436	422	461	605	689
AT3G20935	5	1	3	1	0	1
AT3G20940	4	0	8	1	0	0
AT3G20950	0	0	0	0	0	0
AT3G20960	45	11	34	48	26	39
AT3G20970	484	525	355	423	484	501
AT3G20978	2	1	2	5	9	6
AT3G20980	0	0	0	0	0	0
AT3G20993	0	0	0	0	0	0
AT3G20997	0	0	0	0	0	0
AT3G21000	0	0	0	0	0	1
AT3G21055	27470	47307	20595	25459	25186	35444
AT3G21060	450	232	339	429	331	363
AT3G21070	1306	234	1065	1305	473	518
AT3G21080	15	53	14	54	78	53
AT3G21090	81	103	91	89	128	120
AT3G21100	319	100	256	258	215	267
AT3G21110	266	256	194	245	530	412
AT3G21120	0	0	0	0	0	0
AT3G21130	0	0	0	0	0	0
AT3G21140	441	215	334	413	357	305
AT3G21150	52	9	41	44	3	16
AT3G21160	461	188	377	445	424	459
AT3G21165	0	0	0	0	0	0
AT3G21170	0	0	0	0	0	0
AT3G21175	425	218	297	334	250	308
AT3G21180	4	0	2	1	0	0
AT3G21190	541	236	422	365	365	273
AT3G21200	833	1249	682	954	2168	2084
AT3G21210	9	4	7	16	17	15
AT3G21215	1173	468	941	879	843	936
AT3G21220	508	260	355	490	348	335
AT3G21230	146	54	167	137	153	115
AT3G21240	156	36	167	151	127	113
AT3G21250	2667	510	2063	993	1366	1316
AT3G21260	383	351	272	148	182	316
AT3G21270	378	371	329	279	375	461
AT3G21280	215	132	183	217	172	221
AT3G21290	717	346	588	679	645	678
AT3G21295	374	99	313	277	199	246
AT3G21300	436	282	350	403	626	498
AT3G21305	0	0	0	0	0	0
AT3G21310	30	2	16	20	12	5
AT3G21320	13	0	20	26	3	0
AT3G21330	142	4	123	108	18	8
AT3G21340	1	1	0	0	2	1
AT3G21350	667	427	452	575	421	525
AT3G21351	22	32	14	42	97	24
AT3G21352	1	0	1	1	0	1
AT3G21360	163	76	109	95	106	118
AT3G21370	21	0	12	4	2	6
AT3G21371	0	0	0	0	0	0
AT3G21380	12	1	7	1	4	3
AT3G21390	147	160	141	156	159	198
AT3G21400	111	86	96	100	83	95
AT3G21405	0	0	0	0	0	0
AT3G21410	1	1	0	0	0	0
AT3G21420	130	56	103	173	63	88
AT3G21430	857	190	639	656	822	862
AT3G21450	0	0	0	0	0	0
AT3G21460	14	18	7	10	3	8
AT3G21465	288	173	196	284	244	198
AT3G21470	21	10	22	20	15	18
AT3G21473	0	0	0	0	1	0
AT3G21475	0	0	0	0	0	0
AT3G21480	210	66	213	220	182	195
AT3G21490	0	0	0	0	0	0
AT3G21500	9	0	1	23	7	2
AT3G21510	179	69	115	78	82	50
AT3G21520	3	0	3	0	1	0
AT3G21530	164	131	155	168	168	244
AT3G21540	405	166	372	449	512	402
AT3G21550	57	63	65	51	120	103
AT3G21560	386	216	434	223	488	278
AT3G21570	0	0	0	0	0	0
AT3G21580	278	197	232	256	306	260
AT3G21590	0	0	0	0	2	0
AT3G21600	108	60	72	67	138	124
AT3G21610	298	170	229	215	162	223
AT3G21620	43	0	41	0	3	4
AT3G21630	434	180	341	387	314	339
AT3G21640	530	467	412	485	437	485
AT3G21650	448	203	375	383	308	431
AT3G21660	8	1	4	2	3	0
AT3G21670	243	118	192	144	284	157
AT3G21680	5	0	1	9	3	3
AT3G21690	1370	1044	1005	737	1590	1391
AT3G21700	117	70	106	104	53	60
AT3G21710	61	3	45	39	3	10
AT3G21720	341	0	409	5	4	12
AT3G21730	0	0	0	0	0	0
AT3G21740	176	104	116	145	112	117
AT3G21750	873	240	684	398	416	361
AT3G21755	116	69	93	44	58	56
AT3G21760	0	0	0	0	0	0
AT3G21770	275	60	162	114	97	98
AT3G21780	0	0	0	0	0	0
AT3G21781	0	0	0	0	0	0
AT3G21790	735	524	582	687	668	871
AT3G21800	0	0	0	0	0	0
AT3G21805	2	13	10	3	4	2
AT3G21810	315	122	224	197	184	221
AT3G21820	311	172	212	264	295	236
AT3G21825	0	0	0	0	0	0
AT3G21830	0	0	0	0	0	0
AT3G21840	0	0	0	0	0	0
AT3G21850	0	0	0	2	0	0
AT3G21860	0	2	4	8	6	1
AT3G21865	933	687	760	860	688	914
AT3G21870	34	210	30	49	86	164
AT3G21880	0	0	0	0	0	0
AT3G21890	6	1	2	1	0	1
AT3G21900	0	0	0	0	0	0
AT3G21910	0	0	0	0	0	0
AT3G21920	0	0	0	0	0	1
AT3G21930	0	0	0	0	0	0
AT3G21940	0	0	0	0	0	0
AT3G21945	0	0	0	0	0	0
AT3G21950	144	141	104	108	161	120
AT3G21960	0	0	0	0	0	0
AT3G21970	0	0	0	0	0	0
AT3G21980	0	0	0	0	0	0
AT3G21990	0	0	0	0	0	0
AT3G22000	0	0	0	0	0	0
AT3G22010	0	0	0	0	0	0
AT3G22020	3	0	0	0	1	0
AT3G22022	0	0	0	0	0	0
AT3G22030	0	0	0	0	0	0
AT3G22040	0	0	0	0	0	0
AT3G22050	0	0	0	0	0	0
AT3G22053	0	0	0	0	0	0
AT3G22057	0	0	0	0	0	2
AT3G22060	360	1020	298	592	1117	978
AT3G22070	0	0	0	0	0	0
AT3G22072	9	2	0	1	4	3
AT3G22080	0	0	0	0	0	0
AT3G22085	0	0	0	0	0	0
AT3G22090	0	5	0	0	1	2
AT3G22100	17	17	7	9	13	7
AT3G22104	436	251	362	335	363	419
AT3G22110	1713	2148	1465	1724	2427	2425
AT3G22120	2	0	1	0	3	1
AT3G22121	0	0	0	0	0	0
AT3G22125	1	1	2	0	1	0
AT3G22142	0	0	0	0	0	0
AT3G22150	660	265	518	679	766	864
AT3G22160	145	87	119	184	101	99
AT3G22170	1435	568	1190	1483	1758	1921
AT3G22180	245	84	214	234	177	185
AT3G22183	0	0	0	0	0	0
AT3G22190	867	255	637	756	613	702
AT3G22200	2335	1464	1975	2934	2286	2692
AT3G22210	74	130	49	63	60	92
AT3G22220	417	256	327	411	401	415
AT3G22230	2038	3507	1558	2415	3167	2810
AT3G22231	100	11	55	185	3	4
AT3G22235	5	2	13	12	2	0
AT3G22240	44	52	42	85	14	29
AT3G22250	1	0	2	0	0	0
AT3G22260	213	64	167	165	112	111
AT3G22270	847	223	674	776	728	772
AT3G22275	3	6	8	3	2	5
AT3G22290	903	532	642	900	737	864
AT3G22300	625	421	497	593	648	492
AT3G22310	485	166	420	504	623	409
AT3G22320	1234	1110	853	1149	1051	1073
AT3G22330	640	287	535	601	764	562
AT3G22333	0	0	0	0	0	0
AT3G22337	0	0	0	0	0	0
AT3G22345	0	0	0	0	0	0
AT3G22350	0	0	0	0	0	0
AT3G22360	0	0	0	0	0	0
AT3G22370	732	565	570	414	542	623
AT3G22380	10590	5586	7980	7771	7896	9056
AT3G22400	143	25	89	111	83	76
AT3G22410	181	34	132	85	63	59
AT3G22415	39	26	20	26	15	19
AT3G22420	462	451	344	405	442	684
AT3G22421	0	0	0	0	0	0
AT3G22425	242	203	210	174	283	278
AT3G22430	179	86	179	214	158	159
AT3G22436	0	0	0	0	0	0
AT3G22440	8230	3061	6164	5664	4758	6090
AT3G22450	83	34	42	45	61	40
AT3G22460	336	120	231	264	115	142
AT3G22470	72	32	70	64	54	64
AT3G22480	610	527	472	500	421	408
AT3G22490	1	3	0	0	0	0
AT3G22500	1	0	0	0	0	0
AT3G22510	0	0	0	0	0	0
AT3G22520	926	524	757	870	879	855
AT3G22530	0	0	0	0	0	0
AT3G22540	3	7	4	0	9	8
AT3G22550	177	193	142	142	501	324
AT3G22560	9	7	7	8	10	7
AT3G22565	2	0	1	2	0	0
AT3G22570	1	0	0	0	0	0
AT3G22580	0	0	0	0	0	0
AT3G22590	270	204	266	286	312	302
AT3G22600	73	22	44	94	12	17
AT3G22620	72	24	44	21	42	47
AT3G22630	392	584	321	347	340	398
AT3G22640	49	23	60	8	12	27
AT3G22650	0	0	0	0	0	0
AT3G22660	681	362	477	631	570	446
AT3G22670	0	0	0	0	0	0
AT3G22680	158	223	131	144	128	124
AT3G22690	80	11	57	88	65	53
AT3G22700	0	0	1	1	1	1
AT3G22710	0	0	0	0	0	0
AT3G22720	0	0	0	0	0	0
AT3G22723	0	0	0	0	0	0
AT3G22730	0	0	0	0	0	0
AT3G22740	65	109	80	71	135	192
AT3G22750	553	409	363	390	226	342
AT3G22760	255	103	174	240	294	321
AT3G22770	0	0	0	2	0	0
AT3G22780	978	355	704	730	915	891
AT3G22790	948	195	757	993	1046	1009
AT3G22800	18	2	5	8	20	4
AT3G22810	155	44	113	86	118	122
AT3G22820	17	25	28	20	8	8
AT3G22830	392	1	271	27	3	5
AT3G22840	2	41	3	7	164	36
AT3G22845	916	747	786	806	693	766
AT3G22850	602	279	410	406	350	291
AT3G22860	2	5	3	4	5	7
AT3G22870	0	0	0	0	1	0
AT3G22880	166	154	165	160	386	307
AT3G22886	12	3	6	6	0	4
AT3G22890	4019	5233	3332	4396	6160	6211
AT3G22900	51	39	49	64	41	32
AT3G22910	22	6	19	24	8	13
AT3G22920	0	0	0	0	0	0
AT3G22930	64	28	53	36	34	28
AT3G22935	0	0	0	0	0	0
AT3G22940	0	0	0	0	0	0
AT3G22942	169	130	120	137	143	125
AT3G22950	375	374	242	294	246	318
AT3G22960	8185	5794	6841	8302	6060	7381
AT3G22961	13	28	12	14	9	20
AT3G22970	1703	775	1305	1284	902	973
AT3G22980	489	296	372	478	552	616
AT3G22990	334	215	244	348	308	361
AT3G23000	2105	1949	1422	1234	1362	1482
AT3G23010	29	14	23	42	11	14
AT3G23020	147	80	153	203	195	141
AT3G23030	2766	2541	2134	4149	1927	2348
AT3G23050	6078	3021	4550	5384	2509	3097
AT3G23060	1	0	0	1	0	0
AT3G23070	1041	783	810	1087	1800	1673
AT3G23080	885	893	659	919	557	941
AT3G23090	86	49	75	43	65	72
AT3G23100	191	143	146	179	134	132
AT3G23110	84	14	70	28	60	46
AT3G23120	10	0	8	15	5	2
AT3G23122	0	0	0	0	0	0
AT3G23123	0	0	0	2	0	0
AT3G23125	0	0	0	0	0	0
AT3G23130	0	0	0	0	0	0
AT3G23140	0	0	0	0	0	0
AT3G23145	0	0	0	0	0	0
AT3G23150	634	349	508	759	627	712
AT3G23160	157	70	142	123	141	120
AT3G23165	0	0	0	0	0	0
AT3G23167	0	0	0	0	0	0
AT3G23170	677	500	600	705	203	334
AT3G23172	0	0	0	0	0	0
AT3G23175	6	7	11	7	5	5
AT3G23180	8	0	3	3	1	2
AT3G23190	6	8	11	6	8	12
AT3G23200	30	26	24	27	16	25
AT3G23210	130	94	106	82	155	167
AT3G23220	0	0	0	0	0	0
AT3G23230	39	23	19	67	4	21
AT3G23240	34	5	24	31	2	0
AT3G23245	0	0	0	0	0	4
AT3G23250	47	4	42	69	25	3
AT3G23255	144	101	124	111	53	109
AT3G23260	44	14	38	39	25	23
AT3G23270	0	0	0	0	0	0
AT3G23280	2400	663	1865	1966	1236	1629
AT3G23290	253	150	145	190	207	171
AT3G23300	1201	478	935	1088	1101	905
AT3G23310	1116	447	953	1043	932	1118
AT3G23320	0	0	1	1	0	0
AT3G23325	208	372	161	161	180	185
AT3G23326	1	1	0	8	0	1
AT3G23330	78	23	88	87	62	71
AT3G23340	325	206	232	240	282	300
AT3G23350	0	0	0	0	0	0
AT3G23360	0	0	0	0	0	0
AT3G23370	95	23	37	70	74	59
AT3G23380	1	1	1	0	0	0
AT3G23390	893	1475	638	1003	1320	1052
AT3G23400	2061	2224	1705	1639	2483	2543
AT3G23410	326	305	265	347	547	610
AT3G23420	2	0	1	0	0	0
AT3G23430	775	154	585	385	305	477
AT3G23440	56	41	48	35	35	43
AT3G23450	508	561	389	426	1045	738
AT3G23460	1	0	0	0	2	0
AT3G23470	2	0	3	3	1	2
AT3G23480	224	60	167	236	66	165
AT3G23490	1940	1147	1467	1453	1004	1311
AT3G23510	4	28	8	6	83	35
AT3G23530	511	692	371	513	1285	1274
AT3G23540	587	250	485	618	446	537
AT3G23550	55	288	63	257	499	450
AT3G23560	374	176	303	182	307	333
AT3G23570	304	372	243	312	324	402
AT3G23580	309	306	237	269	387	287
AT3G23590	891	249	654	594	702	718
AT3G23600	2484	1873	1902	1911	1559	1584
AT3G23605	146	157	106	108	103	79
AT3G23610	63	50	59	74	55	63
AT3G23620	660	429	556	741	697	543
AT3G23630	1	1	0	1	3	3
AT3G23633	0	0	0	0	0	0
AT3G23635	3	5	5	10	8	7
AT3G23637	1	0	0	0	0	0
AT3G23640	1474	334	1251	1321	975	1220
AT3G23650	0	0	0	0	0	0
AT3G23660	627	250	529	627	671	572
AT3G23670	289	144	214	318	693	581
AT3G23680	0	0	0	0	0	0
AT3G23685	0	0	0	0	0	0
AT3G23690	1161	409	884	937	853	981
AT3G23700	2230	2245	1673	2091	2790	3732
AT3G23710	279	209	228	320	363	370
AT3G23715	0	0	0	0	0	0
AT3G23727	0	0	0	2	0	0
AT3G23730	738	853	628	848	1384	1044
AT3G23740	177	60	159	162	102	116
AT3G23750	1242	799	976	1179	1310	1610
AT3G23760	432	562	297	438	390	493
AT3G23770	0	0	0	0	0	0
AT3G23780	693	227	585	606	580	669
AT3G23790	612	149	402	429	240	282
AT3G23800	25	3	17	38	4	4
AT3G23805	74	194	100	94	147	147
AT3G23810	1799	1890	1440	1678	4002	2308
AT3G23820	6892	3383	5412	4973	5588	5567
AT3G23830	314	347	259	257	272	180
AT3G23840	138	122	105	80	102	88
AT3G23860	3	5	3	7	1	3
AT3G23870	124	6	93	41	2	14
AT3G23880	143	223	72	185	182	289
AT3G23890	695	421	553	816	1624	1428
AT3G23900	1078	504	867	1134	1301	1441
AT3G23910	157	150	117	107	150	162
AT3G23920	1477	607	1219	1197	999	988
AT3G23930	129	124	90	58	91	88
AT3G23940	1545	1205	1352	1798	2684	1976
AT3G23950	0	0	0	0	0	0
AT3G23955	4	2	2	4	0	3
AT3G23960	0	1	0	0	0	0
AT3G23970	0	0	0	0	0	0
AT3G23980	1193	371	946	1076	950	1082
AT3G23990	1756	1475	1284	2023	2808	1925
AT3G24000	165	33	120	137	106	100
AT3G24010	433	239	302	325	242	319
AT3G24020	12	0	3	7	6	3
AT3G24030	210	167	143	167	165	181
AT3G24040	681	459	560	548	665	707
AT3G24050	1252	665	968	947	760	927
AT3G24060	0	0	0	0	0	0
AT3G24065	5	2	2	1	4	0
AT3G24068	0	4	1	1	0	0
AT3G24070	207	147	151	193	148	227
AT3G24080	2549	3215	1792	2162	1854	1773
AT3G24090	80	35	73	111	99	66
AT3G24093	0	0	0	0	0	0
AT3G24100	613	867	445	557	462	480
AT3G24110	14	18	12	20	13	28
AT3G24120	611	505	431	512	535	662
AT3G24130	0	0	0	0	0	0
AT3G24140	693	284	597	595	502	597
AT3G24150	211	80	155	149	142	154
AT3G24160	2798	2162	2313	2352	2644	2599
AT3G24170	744	913	664	800	2254	1754
AT3G24180	922	293	772	927	1088	1111
AT3G24190	756	593	609	554	1475	1659
AT3G24200	510	244	400	421	414	438
AT3G24210	2	0	4	6	0	1
AT3G24220	0	0	0	0	0	0
AT3G24225	4	3	4	6	0	3
AT3G24230	16	6	6	10	15	9
AT3G24240	4	0	7	3	2	0
AT3G24250	0	0	0	1	0	0
AT3G24255	48	25	35	38	36	37
AT3G24260	0	0	0	0	0	0
AT3G24270	0	0	0	0	0	0
AT3G24280	0	0	0	0	0	0
AT3G24290	0	0	0	0	0	0
AT3G24300	2	3	14	3	3	3
AT3G24310	2	0	5	0	3	2
AT3G24315	341	234	280	264	210	290
AT3G24320	226	62	149	201	211	216
AT3G24330	0	0	0	0	0	0
AT3G24332	0	0	0	0	0	0
AT3G24340	25	16	12	19	27	37
AT3G24350	620	383	476	526	600	532
AT3G24360	21	1	8	8	6	13
AT3G24420	128	59	115	27	71	69
AT3G24430	1025	1508	831	1012	1985	2302
AT3G24440	252	140	236	316	330	296
AT3G24450	49	25	38	38	14	17
AT3G24460	24	25	16	23	39	42
AT3G24463	0	3	4	3	9	10
AT3G24465	0	0	0	0	0	0
AT3G24480	1602	551	1355	1433	2644	2210
AT3G24490	474	360	346	314	314	324
AT3G24495	133	53	85	154	238	163
AT3G24500	107	213	115	242	160	230
AT3G24503	2209	1771	1645	2048	2226	2122
AT3G24506	801	1051	485	624	800	762
AT3G24508	0	0	0	0	0	0
AT3G24510	0	0	0	0	0	0
AT3G24513	0	0	0	0	0	0
AT3G24514	0	0	0	0	0	0
AT3G24515	132	67	136	119	125	111
AT3G24516	0	0	0	0	0	0
AT3G24517	0	0	0	0	0	0
AT3G24518	5	12	20	3	9	9
AT3G24520	23	0	10	3	0	1
AT3G24530	554	303	460	567	478	486
AT3G24535	34	14	19	21	27	27
AT3G24540	0	0	1	0	0	1
AT3G24542	0	0	0	0	2	1
AT3G24550	2487	1098	2028	1968	1930	2272
AT3G24560	229	76	185	165	152	204
AT3G24570	331	396	236	267	271	331
AT3G24575	0	0	0	0	0	0
AT3G24580	1	0	0	0	0	0
AT3G24590	591	755	471	604	883	863
AT3G24600	0	4	0	0	0	1
AT3G24605	0	0	0	0	0	2
AT3G24610	0	0	0	0	0	0
AT3G24612	0	0	0	0	0	0
AT3G24614	0	0	0	0	0	0
AT3G24615	0	0	0	0	0	0
AT3G24620	0	0	0	0	0	0
AT3G24630	149	61	142	147	159	209
AT3G24640	2	1	0	1	0	0
AT3G24650	7	2	3	0	1	6
AT3G24660	213	145	144	146	153	137
AT3G24670	150	99	129	105	106	158
AT3G24690	0	0	0	0	0	0
AT3G24700	0	0	0	0	0	0
AT3G24710	0	0	0	0	0	0
AT3G24715	78	16	97	203	105	121
AT3G24730	85	58	55	56	35	36
AT3G24740	713	237	521	443	338	481
AT3G24750	4	0	0	1	0	1
AT3G24760	204	68	179	152	110	102
AT3G24770	379	174	301	258	305	258
AT3G24780	32	15	11	5	17	9
AT3G24790	0	0	0	0	0	0
AT3G24800	399	142	389	416	364	369
AT3G24810	41	18	44	22	26	35
AT3G24820	166	118	138	157	120	144
AT3G24830	3057	4816	2410	3413	3935	3566
AT3G24840	235	58	190	160	195	179
AT3G24850	0	0	0	0	0	0
AT3G24860	98	70	75	74	98	94
AT3G24870	177	16	152	187	158	156
AT3G24880	162	11	156	126	164	172
AT3G24890	86	38	48	51	29	41
AT3G24900	4	5	11	7	0	5
AT3G24929	70	29	83	68	62	71
AT3G24982	8	0	4	1	1	7
AT3G25010	88	7	59	87	46	53
AT3G25011	13	9	14	15	11	17
AT3G25012	0	0	0	0	0	0
AT3G25013	90	21	43	61	26	48
AT3G25014	6	0	1	0	2	0
AT3G25020	181	70	135	149	128	124
AT3G25030	97	71	89	68	70	79
AT3G25040	929	726	706	735	749	711
AT3G25050	0	2	0	0	0	0
AT3G25060	11	5	6	25	22	9
AT3G25070	782	594	539	711	602	673
AT3G25080	3	0	0	0	0	0
AT3G25090	0	0	0	0	0	0
AT3G25100	27	31	37	37	78	64
AT3G25110	139	71	127	142	124	104
AT3G25120	409	378	331	330	216	211
AT3G25130	147	66	89	73	61	71
AT3G25140	1611	624	1262	1332	1230	1302
AT3G25150	1963	951	1538	1949	1338	1609
AT3G25160	0	0	0	0	0	0
AT3G25165	0	0	3	0	0	0
AT3G25170	0	0	0	0	0	0
AT3G25180	2	2	0	3	1	0
AT3G25190	190	196	132	149	134	191
AT3G25200	0	0	0	0	0	0
AT3G25210	195	127	148	251	220	213
AT3G25220	925	740	674	670	642	595
AT3G25221	0	5	3	8	2	4
AT3G25230	1479	1220	1152	1840	2370	1780
AT3G25240	621	2	588	193	0	6
AT3G25250	68	4	61	48	7	26
AT3G25260	0	0	0	0	0	0
AT3G25265	0	0	0	0	0	0
AT3G25270	0	0	0	0	0	0
AT3G25280	0	0	0	0	0	0
AT3G25290	137	15	131	107	23	18
AT3G25400	188	99	153	96	50	46
AT3G25410	419	309	359	313	529	418
AT3G25420	0	0	0	0	0	0
AT3G25430	137	88	114	131	183	114
AT3G25440	188	128	135	215	144	233
AT3G25460	0	0	0	0	0	0
AT3G25470	1196	1252	906	1261	1495	1550
AT3G25480	450	754	387	428	982	815
AT3G25490	0	0	0	1	0	0
AT3G25493	0	0	0	0	0	0
AT3G25500	1258	501	1024	1414	1850	2377
AT3G25505	0	0	0	0	0	0
AT3G25510	38	8	25	75	12	12
AT3G25520	7284	9145	5442	8924	11218	9121
AT3G25530	2296	2971	1622	1777	2182	2308
AT3G25540	527	316	391	422	383	370
AT3G25545	309	271	228	268	337	305
AT3G25550	2	0	0	1	0	0
AT3G25560	408	112	306	215	184	215
AT3G25570	324	132	260	217	242	169
AT3G25573	0	0	0	0	0	0
AT3G25577	0	0	1	1	1	0
AT3G25580	198	218	177	240	281	223
AT3G25585	374	197	327	302	328	400
AT3G25590	127	53	78	75	76	88
AT3G25597	25	64	14	30	30	39
AT3G25600	348	328	291	416	131	163
AT3G25610	595	35	478	516	201	132
AT3G25620	76	28	48	66	50	44
AT3G25640	16	8	14	15	27	7
AT3G25650	0	0	0	0	0	0
AT3G25655	0	1	1	0	0	0
AT3G25660	1533	2278	1155	1740	3095	2986
AT3G25670	47	60	34	20	53	83
AT3G25680	442	326	326	390	423	551
AT3G25690	5449	1929	4311	6630	5882	8620
AT3G25700	118	77	114	91	95	63
AT3G25710	137	59	146	181	104	81
AT3G25715	0	0	0	0	0	0
AT3G25716	0	0	0	0	0	0
AT3G25717	279	546	222	400	251	356
AT3G25719	0	0	0	0	1	0
AT3G25720	0	0	0	0	0	0
AT3G25727	0	0	0	0	0	0
AT3G25730	109	34	85	76	55	48
AT3G25740	305	251	215	278	272	292
AT3G25750	0	0	0	0	0	0
AT3G25760	1135	378	1141	1241	737	490
AT3G25770	1758	1137	1542	2244	1730	1466
AT3G25780	202	41	165	160	66	32
AT3G25790	77	19	64	84	27	27
AT3G25795	0	0	7	0	0	0
AT3G25800	684	348	555	584	632	653
AT3G25805	263	374	212	306	448	455
AT3G25810	0	0	0	0	0	0
AT3G25820	0	0	0	0	0	0
AT3G25830	0	0	0	0	0	0
AT3G25840	2506	2054	1828	1802	1385	1780
AT3G25850	0	0	0	0	0	0
AT3G25855	16	22	8	12	9	17
AT3G25860	1328	1272	1170	1662	1762	1674
AT3G25870	89	47	79	65	32	60
AT3G25880	48	41	27	39	21	22
AT3G25882	18	41	30	38	17	15
AT3G25890	518	251	441	566	363	358
AT3G25900	150	84	90	212	85	100
AT3G25905	10	11	10	13	4	11
AT3G25910	1904	1715	1330	1702	1158	1690
AT3G25920	6650	9247	5411	7567	10159	10876
AT3G25930	18	0	16	11	1	8
AT3G25940	248	166	163	215	184	124
AT3G25950	1	0	1	0	1	0
AT3G25960	0	0	0	0	0	0
AT3G25970	32	14	45	34	35	24
AT3G25980	141	211	100	157	192	152
AT3G25990	30	9	36	24	21	25
AT3G26000	416	262	321	451	294	394
AT3G26010	0	0	0	0	0	0
AT3G26020	564	330	454	521	458	557
AT3G26030	1284	776	1052	1575	1606	2126
AT3G26040	37	37	27	27	28	61
AT3G26050	58	48	52	66	128	92
AT3G26060	4126	5622	3529	4355	6235	6051
AT3G26070	2976	2802	2277	2797	2447	2874
AT3G26080	353	229	200	243	226	305
AT3G26085	573	335	496	387	423	479
AT3G26090	390	202	348	317	311	326
AT3G26100	1108	387	803	851	615	869
AT3G26110	0	0	0	0	0	0
AT3G26115	150	59	106	108	100	125
AT3G26120	0	0	0	0	0	0
AT3G26125	0	0	0	0	0	0
AT3G26130	3	0	0	1	0	1
AT3G26135	22	10	5	4	11	7
AT3G26140	0	0	0	0	0	0
AT3G26147	0	0	0	0	0	0
AT3G26150	0	0	2	1	0	0
AT3G26160	3	0	0	0	0	0
AT3G26170	340	71	281	372	81	107
AT3G26180	1096	464	783	884	585	742
AT3G26190	0	0	0	1	0	0
AT3G26200	286	418	257	521	484	854
AT3G26210	758	467	645	857	734	495
AT3G26220	434	296	336	590	412	498
AT3G26230	176	134	143	251	262	181
AT3G26235	5	9	2	7	12	5
AT3G26237	0	0	3	1	0	0
AT3G26240	329	114	279	387	603	746
AT3G26250	0	0	0	1	0	0
AT3G26270	0	0	0	0	0	0
AT3G26280	671	623	536	865	746	983
AT3G26290	1018	767	814	1239	1274	1287
AT3G26300	1073	737	905	1047	937	1088
AT3G26310	199	128	140	178	247	282
AT3G26320	22	39	7	48	77	57
AT3G26330	60	50	58	33	95	43
AT3G26340	139	190	140	158	237	211
AT3G26350	29	15	29	39	41	26
AT3G26355	0	0	0	0	0	0
AT3G26360	240	244	195	159	178	219
AT3G26370	873	361	657	778	665	727
AT3G26380	886	300	737	652	572	642
AT3G26390	0	0	0	0	0	0
AT3G26395	220	384	161	189	122	164
AT3G26400	810	336	551	619	568	672
AT3G26410	127	85	115	164	131	145
AT3G26420	0	1	5	1	1	3
AT3G26430	20	3	17	15	20	14
AT3G26440	272	80	218	218	183	181
AT3G26445	0	0	0	0	0	0
AT3G26450	0	0	0	0	0	0
AT3G26460	77	26	62	14	17	32
AT3G26470	80	30	62	52	28	34
AT3G26480	29	6	41	19	13	23
AT3G26490	129	125	73	166	139	157
AT3G26500	109	43	56	178	68	56
AT3G26510	523	431	437	536	258	403
AT3G26512	0	0	0	0	0	0
AT3G26520	27710	33684	23808	26798	20093	27069
AT3G26539	22	11	8	15	10	16
AT3G26540	98	16	85	117	96	112
AT3G26550	18	8	21	18	18	18
AT3G26560	1289	600	1042	1156	1357	1429
AT3G26570	1044	1974	953	1187	4524	4115
AT3G26580	3636	1458	2722	3197	1394	2062
AT3G26590	137	96	109	120	160	105
AT3G26600	286	148	293	285	198	250
AT3G26610	1	1	1	0	1	0
AT3G26612	93	101	114	64	48	93
AT3G26616	0	0	1	1	0	2
AT3G26618	569	521	524	656	627	686
AT3G26620	0	0	0	0	0	0
AT3G26630	416	276	337	391	351	434
AT3G26640	260	228	166	217	223	338
AT3G26650	11618	17570	9574	12786	19209	27720
AT3G26660	0	0	0	0	0	0
AT3G26670	904	371	755	761	716	692
AT3G26680	235	118	175	210	212	257
AT3G26690	438	251	358	236	265	265
AT3G26700	336	242	258	258	380	453
AT3G26710	947	1858	656	971	1477	1422
AT3G26720	1527	864	1163	1336	1482	1517
AT3G26730	2713	936	2137	2109	1785	2281
AT3G26740	40218	18720	34363	32447	8872	14534
AT3G26742	2	6	0	2	3	4
AT3G26744	818	561	653	677	922	1080
AT3G26747	0	0	0	0	0	0
AT3G26750	54	36	55	56	29	55
AT3G26760	68	78	51	142	50	80
AT3G26770	28	8	14	18	16	17
AT3G26780	1235	700	967	1218	941	940
AT3G26782	123	26	103	138	61	52
AT3G26790	11	0	7	0	0	0
AT3G26800	0	0	0	0	0	0
AT3G26810	1190	663	912	908	716	831
AT3G26812	0	1	1	1	0	0
AT3G26813	0	0	0	0	0	0
AT3G26815	7	0	3	1	1	2
AT3G26816	0	0	0	1	0	0
AT3G26818	3	1	2	1	1	3
AT3G26819	0	0	0	0	0	0
AT3G26820	1	2	0	8	0	3
AT3G26830	103	3	58	409	28	9
AT3G26840	289	83	236	354	107	91
AT3G26850	215	104	160	178	148	165
AT3G26855	0	0	3	0	0	0
AT3G26860	0	0	0	0	0	0
AT3G26870	0	0	0	0	0	0
AT3G26880	0	0	0	0	0	0
AT3G26890	2116	1238	1685	1815	1541	2101
AT3G26900	1381	1680	1117	1496	1595	1945
AT3G26910	1095	161	813	910	451	406
AT3G26920	221	154	158	207	105	132
AT3G26922	76	35	58	56	37	49
AT3G26930	0	0	1	0	0	0
AT3G26932	721	261	519	404	359	419
AT3G26934	0	1	0	0	0	0
AT3G26935	1133	661	892	937	1006	958
AT3G26940	0	0	0	2	0	0
AT3G26950	484	249	341	391	366	515
AT3G26960	31	31	23	26	32	13
AT3G26980	874	503	613	794	418	462
AT3G26990	306	127	267	291	344	322
AT3G27000	175	118	137	136	128	144
AT3G27010	194	112	129	159	125	115
AT3G27020	1620	738	1272	1325	864	1088
AT3G27025	9	13	11	14	18	22
AT3G27027	30	57	28	39	32	26
AT3G27030	94	165	80	82	77	64
AT3G27040	1	3	2	0	1	3
AT3G27050	245	744	186	240	390	538
AT3G27060	517	595	465	617	1304	663
AT3G27070	0	0	0	0	0	0
AT3G27080	491	460	405	466	544	471
AT3G27090	3330	2583	2730	2993	3160	3733
AT3G27100	205	320	193	206	143	209
AT3G27110	513	438	399	378	395	492
AT3G27120	37	40	33	63	85	71
AT3G27140	0	0	0	0	0	0
AT3G27150	96	8	75	6	3	2
AT3G27160	3020	7487	2506	3740	5061	5610
AT3G27170	28	97	38	100	248	209
AT3G27180	468	307	309	385	666	512
AT3G27185	0	0	0	0	0	0
AT3G27190	513	142	404	425	216	232
AT3G27200	52	42	57	38	47	55
AT3G27210	960	99	764	440	91	109
AT3G27220	345	794	212	348	1185	853
AT3G27230	745	326	614	617	583	562
AT3G27240	885	862	719	896	1171	1026
AT3G27250	219	0	188	7	8	1
AT3G27260	2805	932	2121	2128	1655	2310
AT3G27270	42	47	60	44	43	22
AT3G27280	506	588	387	516	639	486
AT3G27290	27	10	24	18	11	11
AT3G27300	903	310	747	703	689	650
AT3G27310	601	461	492	497	556	535
AT3G27320	399	246	306	335	334	340
AT3G27325	572	132	477	553	438	396
AT3G27329	0	0	0	0	0	0
AT3G27330	119	122	71	118	185	147
AT3G27331	0	0	0	0	0	0
AT3G27340	363	448	279	312	257	324
AT3G27350	493	421	333	302	346	373
AT3G27355	0	0	0	0	0	0
AT3G27360	144	291	90	110	120	137
AT3G27380	725	903	598	661	731	739
AT3G27390	878	565	709	771	851	1046
AT3G27400	52	33	41	34	95	58
AT3G27410	1	2	0	0	0	0
AT3G27415	0	0	0	0	1	0
AT3G27416	0	0	0	0	0	0
AT3G27420	223	161	127	154	140	159
AT3G27425	0	0	0	0	0	0
AT3G27430	1360	1264	1197	1221	1772	1555
AT3G27440	3	0	2	4	0	0
AT3G27460	360	159	299	249	172	201
AT3G27470	331	187	227	302	238	251
AT3G27473	0	2	2	7	1	3
AT3G27475	4	1	0	2	0	0
AT3G27480	0	0	0	0	0	0
AT3G27490	0	0	0	1	0	0
AT3G27495	0	0	0	0	0	0
AT3G27500	26	11	17	43	57	57
AT3G27503	0	1	0	0	0	0
AT3G27510	16	14	3	12	25	25
AT3G27520	105	106	82	93	111	127
AT3G27530	1378	664	985	1183	1238	1399
AT3G27540	144	59	90	91	53	97
AT3G27550	278	90	182	283	263	174
AT3G27555	0	0	0	0	0	0
AT3G27560	581	260	375	469	278	352
AT3G27570	679	383	508	440	524	502
AT3G27580	271	79	201	221	236	224
AT3G27590	0	0	0	0	0	0
AT3G27600	0	0	0	0	0	0
AT3G27610	260	112	217	212	185	218
AT3G27620	8	11	6	7	10	8
AT3G27630	5	3	10	6	3	10
AT3G27640	25	45	28	59	63	59
AT3G27650	49	53	31	30	35	50
AT3G27660	31	29	17	12	30	42
AT3G27670	503	124	496	548	526	633
AT3G27680	0	0	0	0	0	0
AT3G27690	1950	14749	1679	2159	5982	11074
AT3G27700	692	150	579	734	622	662
AT3G27710	1	2	1	5	5	0
AT3G27720	0	0	1	0	0	0
AT3G27730	16	12	6	29	49	32
AT3G27740	1408	1174	1001	1284	1682	1301
AT3G27750	24	134	29	69	55	67
AT3G27770	1863	1454	1566	1831	1675	2525
AT3G27785	0	0	1	0	0	0
AT3G27809	0	0	0	0	0	0
AT3G27810	0	0	0	0	0	0
AT3G27820	2309	1518	1866	2093	2401	2347
AT3G27825	0	0	0	0	0	0
AT3G27830	4303	9866	3748	4824	10190	9559
AT3G27831	0	0	0	0	0	1
AT3G27835	1	0	1	0	0	0
AT3G27840	0	0	0	0	0	0
AT3G27845	0	0	0	0	0	0
AT3G27850	5445	9111	4243	5918	10416	10371
AT3G27860	55	27	26	33	37	31
AT3G27865	4	5	4	12	4	5
AT3G27870	428	89	331	258	317	294
AT3G27880	185	115	136	124	114	143
AT3G27884	7	0	5	0	0	0
AT3G27890	499	627	436	485	601	597
AT3G27900	14	0	7	13	5	10
AT3G27906	515	313	454	418	413	478
AT3G27910	0	0	0	0	0	0
AT3G27920	24	47	18	23	58	40
AT3G27925	1131	1209	1071	1181	1950	2453
AT3G27930	338	152	263	241	196	264
AT3G27940	25	128	24	54	127	159
AT3G27950	0	1	1	1	3	1
AT3G27960	387	349	297	313	436	425
AT3G27970	3	14	6	2	9	18
AT3G27980	0	0	0	0	0	0
AT3G27990	294	127	225	224	154	237
AT3G27999	0	0	0	0	0	0
AT3G28007	56	4	33	25	11	6
AT3G28020	0	0	0	0	0	0
AT3G28030	387	154	332	358	293	359
AT3G28040	1952	1091	1634	1938	2597	2861
AT3G28050	1425	500	1087	990	810	932
AT3G28060	0	2	0	2	0	0
AT3G28070	187	88	140	120	183	152
AT3G28080	308	157	311	292	234	254
AT3G28100	468	167	355	311	243	262
AT3G28120	0	0	0	0	0	0
AT3G28130	396	113	248	196	211	160
AT3G28140	92	83	87	84	117	122
AT3G28150	67	68	42	42	69	60
AT3G28155	16	8	4	16	6	6
AT3G28170	2	1	2	2	3	5
AT3G28180	1849	909	1564	2941	1571	1953
AT3G28190	0	0	0	0	0	0
AT3G28193	0	0	0	0	0	0
AT3G28200	678	814	615	838	1170	1040
AT3G28210	33	29	15	32	30	21
AT3G28216	0	0	0	0	0	0
AT3G28220	95	130	89	69	252	231
AT3G28223	0	0	0	0	0	0
AT3G28230	0	0	0	0	0	1
AT3G28243	0	0	0	0	0	0
AT3G28250	0	0	0	0	0	0
AT3G28270	93	48	74	25	116	56
AT3G28280	0	0	0	0	0	0
AT3G28290	0	0	0	0	0	0
AT3G28291	0	0	0	0	0	0
AT3G28300	0	0	0	0	0	0
AT3G28310	4	2	1	15	3	0
AT3G28320	0	0	1	0	0	0
AT3G28330	4	0	2	0	1	0
AT3G28335	3	1	1	1	0	0
AT3G28340	287	116	251	525	64	154
AT3G28345	179	68	136	182	161	221
AT3G28360	0	1	1	0	2	0
AT3G28370	220	110	149	176	110	148
AT3G28380	1	5	2	4	1	3
AT3G28390	0	0	0	0	0	0
AT3G28410	0	0	0	0	0	0
AT3G28415	0	0	0	0	0	0
AT3G28420	22	33	14	42	17	11
AT3G28430	498	96	368	414	263	424
AT3G28450	470	260	433	438	294	327
AT3G28455	34	28	34	34	31	35
AT3G28460	278	382	195	276	512	439
AT3G28470	0	0	1	0	0	0
AT3G28480	359	279	302	330	448	381
AT3G28490	0	0	0	0	0	0
AT3G28500	4	16	4	11	5	7
AT3G28510	11	1	9	17	0	0
AT3G28520	0	0	0	0	0	0
AT3G28530	0	0	0	0	0	0
AT3G28540	69	195	69	118	143	102
AT3G28550	95	0	140	28	0	8
AT3G28560	1	14	1	6	38	21
AT3G28570	4	17	1	11	44	28
AT3G28580	29	10	24	44	11	4
AT3G28590	0	0	1	1	0	0
AT3G28600	0	0	0	5	0	0
AT3G28610	1	1	0	1	1	5
AT3G28620	10	3	6	14	7	5
AT3G28630	15	1	9	17	10	3
AT3G28635	19	0	12	10	5	6
AT3G28640	39	3	30	42	18	12
AT3G28650	91	80	82	48	53	54
AT3G28660	95	25	62	76	19	31
AT3G28670	330	255	258	263	299	348
AT3G28674	0	0	0	0	0	0
AT3G28680	0	0	0	0	0	0
AT3G28685	0	0	0	0	0	0
AT3G28690	1226	488	1008	921	692	867
AT3G28695	0	0	0	0	0	0
AT3G28700	294	131	237	258	241	192
AT3G28710	2419	2093	1886	2375	1990	2426
AT3G28715	1119	1112	883	1020	1144	1237
AT3G28720	469	251	410	444	417	420
AT3G28730	1344	725	1059	1138	1059	1248
AT3G28740	1618	613	1414	620	853	1042
AT3G28750	30	8	10	10	16	8
AT3G28760	174	130	144	205	296	286
AT3G28770	23	21	19	31	15	58
AT3G28780	1	1	3	0	0	1
AT3G28785	0	0	0	0	0	0
AT3G28790	0	0	0	0	0	0
AT3G28810	0	0	0	0	0	0
AT3G28820	0	0	0	0	0	0
AT3G28830	0	0	0	0	0	0
AT3G28840	19	5	11	10	11	5
AT3G28850	179	48	123	121	33	67
AT3G28853	0	0	0	0	0	0
AT3G28857	4	4	5	12	3	2
AT3G28860	3767	633	2904	3642	2469	2543
AT3G28870	0	0	0	0	0	0
AT3G28875	7	0	3	5	0	2
AT3G28880	37	7	40	39	37	24
AT3G28890	2	7	5	10	20	13
AT3G28899	0	0	0	0	0	0
AT3G28900	1194	2290	961	1342	1591	1210
AT3G28910	875	468	698	745	730	748
AT3G28917	2	2	3	3	0	6
AT3G28918	0	0	0	0	0	0
AT3G28920	1201	704	985	836	863	894
AT3G28922	0	0	0	0	0	0
AT3G28925	3	0	0	1	1	0
AT3G28930	749	650	553	1271	644	459
AT3G28940	5593	3670	4298	4643	3430	3230
AT3G28950	371	398	261	386	327	331
AT3G28956	90	103	66	86	87	87
AT3G28958	2	4	3	0	0	0
AT3G28960	32	13	33	28	20	26
AT3G28970	553	386	389	457	352	369
AT3G28980	0	0	0	0	0	0
AT3G28990	0	0	0	0	0	0
AT3G29000	455	67	369	712	7	43
AT3G29010	73	57	57	58	39	51
AT3G29020	5	0	1	0	0	0
AT3G29030	352	208	304	245	206	205
AT3G29033	0	0	0	0	0	0
AT3G29034	54	41	35	87	70	28
AT3G29035	289	172	258	446	203	185
AT3G29040	0	0	0	0	0	0
AT3G29050	0	0	0	0	0	0
AT3G29060	0	0	0	2	0	2
AT3G29070	1	0	1	0	2	0
AT3G29075	1621	2051	1183	1089	904	997
AT3G29080	0	0	0	0	1	0
AT3G29090	283	223	225	212	262	198
AT3G29095	0	0	0	0	0	0
AT3G29100	152	95	147	119	75	109
AT3G29110	0	0	3	0	0	0
AT3G29130	474	333	338	281	251	282
AT3G29140	52	46	45	33	25	25
AT3G29152	0	0	0	0	0	0
AT3G29160	600	323	495	619	523	534
AT3G29170	173	140	103	125	82	90
AT3G29173	16	11	5	12	7	4
AT3G29180	1131	482	859	987	1150	1368
AT3G29185	1070	1044	837	967	1489	1660
AT3G29190	1	1	3	2	1	1
AT3G29200	361	294	354	376	466	473
AT3G29230	215	180	202	272	380	289
AT3G29240	1804	2753	1511	1917	1997	3140
AT3G29250	26	2	23	60	2	2
AT3G29255	0	0	0	0	0	0
AT3G29260	0	0	0	0	0	0
AT3G29270	481	165	341	350	164	290
AT3G29280	164	183	117	122	136	119
AT3G29290	498	357	396	477	588	720
AT3G29300	7	2	4	3	1	7
AT3G29305	0	0	1	0	0	0
AT3G29310	597	409	435	484	450	538
AT3G29320	6947	2391	5702	6412	5679	6467
AT3G29330	69	61	50	52	57	103
AT3G29340	0	0	0	0	0	0
AT3G29350	419	390	387	340	419	462
AT3G29360	1858	1040	1638	1875	1618	1672
AT3G29370	48	56	36	89	20	27
AT3G29375	348	162	243	301	250	311
AT3G29380	0	0	0	0	0	0
AT3G29385	0	0	0	0	0	0
AT3G29390	1946	562	1485	1519	1373	1640
AT3G29400	394	86	318	365	229	267
AT3G29410	19	11	33	21	12	16
AT3G29430	2	0	2	1	0	0
AT3G29450	0	0	0	0	0	0
AT3G29455	0	0	0	0	0	0
AT3G29560	0	0	0	0	0	0
AT3G29570	0	0	0	0	0	0
AT3G29575	555	67	368	266	74	40
AT3G29580	0	0	0	0	1	0
AT3G29590	4	3	6	2	26	13
AT3G29630	2	0	6	0	0	1
AT3G29631	0	0	0	0	0	1
AT3G29633	7	3	0	2	1	11
AT3G29635	0	0	0	0	1	0
AT3G29636	0	0	0	0	0	0
AT3G29637	0	0	0	0	0	0
AT3G29638	2	0	0	0	2	0
AT3G29639	2	3	1	1	8	4
AT3G29644	159	171	104	114	112	120
AT3G29645	0	0	0	0	0	0
AT3G29670	146	111	138	165	89	171
AT3G29680	49	27	32	30	26	39
AT3G29690	0	0	0	0	0	0
AT3G29720	0	0	0	0	0	0
AT3G29740	0	0	0	0	0	0
AT3G29750	0	0	0	0	0	0
AT3G29760	349	136	272	278	202	309
AT3G29763	0	0	0	0	0	0
AT3G29765	0	0	0	0	0	0
AT3G29770	150	139	120	120	174	211
AT3G29780	2	0	0	0	0	1
AT3G29785	0	0	0	0	0	0
AT3G29790	0	0	0	0	0	0
AT3G29791	0	1	0	0	0	0
AT3G29794	0	0	0	0	0	0
AT3G29796	0	0	0	0	0	0
AT3G29797	0	0	0	0	0	0
AT3G29800	0	0	0	0	0	0
AT3G29810	96	118	91	193	176	173
AT3G29830	0	0	0	0	0	0
AT3G29970	3	23	2	32	35	22
AT3G30160	0	0	0	0	0	0
AT3G30165	0	0	0	0	0	0
AT3G30180	726	262	572	573	345	417
AT3G30200	0	0	0	0	0	0
AT3G30210	1	0	0	0	1	0
AT3G30220	0	0	0	0	0	0
AT3G30222	0	0	0	0	0	0
AT3G30230	0	0	0	0	0	0
AT3G30235	0	0	0	0	0	0
AT3G30247	0	0	0	0	0	0
AT3G30260	1	0	1	1	0	1
AT3G30280	0	0	0	0	0	0
AT3G30290	0	0	0	0	0	0
AT3G30300	1425	424	983	856	754	874
AT3G30305	3	6	2	1	7	1
AT3G30320	0	0	0	0	0	0
AT3G30340	70	26	75	51	44	48
AT3G30345	0	0	1	0	1	1
AT3G30350	6	0	5	2	3	1
AT3G30370	0	0	0	0	0	0
AT3G30380	454	201	338	334	297	357
AT3G30383	0	0	0	0	0	0
AT3G30385	0	0	0	0	0	0
AT3G30387	0	0	0	0	0	0
AT3G30390	3627	2686	2973	3171	2871	3295
AT3G30430	0	0	0	0	0	0
AT3G30460	5	3	1	0	1	3
AT3G30520	0	0	0	0	0	0
AT3G30525	0	0	0	0	0	0
AT3G30530	0	9	3	2	5	12
AT3G30540	0	0	0	0	0	0
AT3G30580	0	0	0	0	0	0
AT3G30705	0	0	0	0	0	0
AT3G30720	339	76	232	262	17	64
AT3G30725	20	1	13	4	1	0
AT3G30730	8	2	1	2	9	5
AT3G30739	0	0	0	0	0	0
AT3G30770	0	0	0	4	3	0
AT3G30775	1229	2489	939	5003	2807	4993
AT3G30805	0	0	0	0	0	0
AT3G30820	0	0	0	0	0	0
AT3G30823	0	0	0	0	0	0
AT3G30840	0	0	0	0	0	0
AT3G30841	175	72	162	160	146	146
AT3G30842	0	0	1	0	1	0
AT3G30845	0	0	0	0	0	0
AT3G31350	0	0	0	0	0	0
AT3G31402	0	0	0	0	0	0
AT3G31430	0	0	0	0	0	0
AT3G31550	0	0	0	0	0	0
AT3G31560	0	0	0	0	0	0
AT3G31900	0	0	0	0	0	0
AT3G31910	0	0	0	0	0	0
AT3G31925	0	0	0	0	0	0
AT3G31950	0	0	0	0	0	0
AT3G32030	4	0	4	2	1	0
AT3G32040	6	0	1	1	0	0
AT3G32047	0	0	0	0	0	0
AT3G32050	0	0	0	0	0	0
AT3G32090	0	0	0	0	0	0
AT3G32130	0	0	0	0	0	0
AT3G32150	0	0	0	0	0	0
AT3G32160	0	0	0	0	0	0
AT3G32180	0	0	0	0	0	0
AT3G32190	0	0	0	0	0	0
AT3G32200	0	0	0	0	0	0
AT3G32260	0	0	0	0	0	0
AT3G32280	0	0	0	0	0	0
AT3G32330	0	0	0	0	0	0
AT3G32380	0	0	0	0	0	0
AT3G32400	4	1	2	4	0	1
AT3G32410	0	0	1	0	0	0
AT3G32420	0	0	0	0	0	0
AT3G32896	0	0	0	0	0	0
AT3G32904	0	0	0	0	0	0
AT3G32920	4	3	1	1	0	1
AT3G32930	1558	1755	1334	1587	1395	1620
AT3G32940	744	190	581	604	493	540
AT3G32960	0	0	0	0	0	0
AT3G32980	700	181	642	449	440	357
AT3G33187	0	0	0	0	0	0
AT3G33293	0	0	0	0	0	0
AT3G33393	0	0	0	0	0	0
AT3G33494	0	0	0	0	0	0
AT3G33520	398	312	405	390	422	449
AT3G33528	2	1	5	0	5	0
AT3G33530	1564	456	1155	1232	1213	1377
AT3G36659	0	1	0	1	5	3
AT3G41761	0	0	0	0	0	0
AT3G41762	35	9	16	9	4	6
AT3G41768	3507	1892	2642	2448	1325	1933
AT3G41979	0	0	0	0	0	0
AT3G42050	4687	4123	3645	4407	5960	5719
AT3G42060	0	0	0	0	0	0
AT3G42075	0	0	0	0	0	0
AT3G42130	0	0	0	0	0	0
AT3G42140	0	0	0	0	0	0
AT3G42148	0	0	0	0	0	0
AT3G42150	360	394	292	324	253	309
AT3G42153	0	0	0	0	0	0
AT3G42155	0	0	0	0	0	0
AT3G42160	0	0	0	0	0	0
AT3G42170	1048	787	827	812	1167	1162
AT3G42180	5	8	9	10	1	6
AT3G42310	0	0	0	0	0	0
AT3G42390	0	0	0	0	0	0
AT3G42473	0	0	0	0	0	0
AT3G42550	1	0	2	0	0	0
AT3G42560	0	0	0	0	0	0
AT3G42565	0	0	0	0	0	0
AT3G42570	0	2	0	0	0	0
AT3G42628	0	0	0	0	0	0
AT3G42630	287	186	258	293	213	286
AT3G42640	262	69	189	233	154	197
AT3G42660	327	155	223	292	382	288
AT3G42670	360	89	303	261	218	270
AT3G42723	0	0	0	0	0	0
AT3G42725	9	11	14	13	26	8
AT3G42770	0	0	0	0	0	0
AT3G42780	0	0	0	0	0	0
AT3G42786	0	0	0	0	0	0
AT3G42790	1342	281	1091	1143	284	330
AT3G42800	86	34	54	102	63	81
AT3G42830	0	0	0	0	0	0
AT3G42850	5	8	6	7	5	3
AT3G42860	118	29	79	126	56	44
AT3G42870	0	0	0	0	0	0
AT3G42880	0	0	0	0	0	0
AT3G42940	0	0	0	0	0	0
AT3G42950	355	116	262	273	255	229
AT3G42960	0	0	0	0	0	1
AT3G42990	0	0	0	0	0	0
AT3G42995	0	0	0	0	0	0
AT3G43083	0	0	0	0	0	0
AT3G43110	762	14	614	209	6	7
AT3G43120	0	0	0	0	0	0
AT3G43148	0	0	0	0	0	0
AT3G43150	0	0	0	0	0	0
AT3G43153	0	0	0	0	0	0
AT3G43160	0	0	0	0	0	0
AT3G43170	0	0	0	0	0	0
AT3G43180	0	0	0	0	0	0
AT3G43190	37	6	43	21	53	30
AT3G43210	280	127	228	248	259	255
AT3G43220	1106	421	823	1002	859	1204
AT3G43230	793	523	570	606	522	725
AT3G43240	647	245	482	536	518	536
AT3G43250	0	0	2	5	3	0
AT3G43260	0	0	0	0	0	0
AT3G43270	278	104	258	207	298	320
AT3G43280	0	0	0	0	0	0
AT3G43290	0	0	0	0	0	0
AT3G43291	0	0	0	0	0	0
AT3G43300	2111	1007	1862	2342	2721	3204
AT3G43340	0	3	0	0	0	0
AT3G43400	7	0	3	2	0	0
AT3G43410	0	0	0	0	0	0
AT3G43415	0	0	0	0	0	0
AT3G43420	0	0	1	0	0	0
AT3G43430	88	67	56	147	69	63
AT3G43432	0	0	0	0	0	0
AT3G43440	362	182	256	241	221	230
AT3G43470	0	0	0	0	0	0
AT3G43480	0	0	0	0	0	0
AT3G43490	0	0	0	0	0	0
AT3G43500	0	0	0	0	0	0
AT3G43503	0	0	0	0	0	0
AT3G43505	0	0	0	0	0	0
AT3G43520	878	830	743	749	672	676
AT3G43540	899	1030	722	790	1060	1199
AT3G43550	0	0	0	0	0	0
AT3G43570	0	0	0	0	0	0
AT3G43572	0	0	0	0	0	0
AT3G43574	0	0	0	0	0	0
AT3G43580	33	27	46	34	41	44
AT3G43583	0	0	0	0	0	0
AT3G43590	407	249	332	432	426	462
AT3G43600	698	432	544	632	1638	1264
AT3G43610	737	239	568	720	938	939
AT3G43630	0	0	0	0	0	0
AT3G43645	0	0	0	0	0	0
AT3G43660	0	0	0	0	0	0
AT3G43670	1212	294	984	914	544	800
AT3G43682	0	0	0	0	0	0
AT3G43700	280	135	201	222	157	202
AT3G43710	0	0	0	0	0	0
AT3G43720	771	1028	544	588	929	779
AT3G43740	558	385	472	443	374	380
AT3G43750	0	0	0	0	0	0
AT3G43790	55	38	59	48	75	61
AT3G43800	688	826	462	379	612	519
AT3G43810	1221	1787	1050	1200	1461	1324
AT3G43833	0	0	0	0	0	0
AT3G43837	0	0	0	0	0	0
AT3G43840	9	12	10	10	5	11
AT3G43850	51	152	36	72	30	98
AT3G43860	0	1	0	0	0	0
AT3G43870	0	0	0	0	0	0
AT3G43880	0	0	0	0	0	0
AT3G43890	0	0	0	0	0	0
AT3G43910	0	0	0	0	0	0
AT3G43920	240	76	231	231	267	328
AT3G43930	3	8	4	6	7	16
AT3G43940	0	0	0	0	0	0
AT3G43950	0	0	0	0	0	4
AT3G43960	181	103	151	161	131	114
AT3G43970	0	0	0	0	0	0
AT3G43980	151	238	129	155	185	167
AT3G43990	0	0	0	0	0	0
AT3G44006	0	0	0	0	4	1
AT3G44010	1484	2314	1096	1576	1675	1444
AT3G44020	138	198	122	140	153	155
AT3G44050	319	209	238	327	578	520
AT3G44060	0	1	0	0	1	0
AT3G44070	0	0	0	0	0	0
AT3G44080	0	0	0	0	0	0
AT3G44090	0	0	0	0	0	0
AT3G44100	842	927	607	492	663	636
AT3G44110	4342	3134	3617	4992	5025	4948
AT3G44115	0	0	0	0	0	0
AT3G44120	0	2	2	5	0	1
AT3G44130	0	0	0	0	0	0
AT3G44140	0	0	0	0	0	0
AT3G44150	296	203	251	260	296	253
AT3G44160	366	208	292	386	357	337
AT3G44170	0	0	0	0	0	0
AT3G44180	0	0	0	0	0	0
AT3G44190	728	365	514	400	375	417
AT3G44200	811	208	560	743	847	954
AT3G44210	0	0	0	0	0	0
AT3G44220	57	34	49	38	50	46
AT3G44230	0	0	0	0	0	0
AT3G44235	0	0	0	0	0	0
AT3G44240	0	0	0	0	0	0
AT3G44250	0	0	0	0	0	0
AT3G44260	2152	1398	1665	2390	174	1081
AT3G44261	0	0	0	0	0	0
AT3G44265	1	0	0	0	1	0
AT3G44280	386	355	298	326	290	291
AT3G44290	2	0	3	0	0	0
AT3G44300	56	105	51	244	66	83
AT3G44310	11551	4148	10075	8243	9454	6468
AT3G44320	137	61	118	87	138	62
AT3G44326	3	0	13	1	0	0
AT3G44330	1113	827	780	977	1043	1049
AT3G44340	1496	519	1215	1521	1837	1701
AT3G44350	15	0	5	8	1	1
AT3G44370	295	111	245	226	204	243
AT3G44380	123	153	96	80	198	167
AT3G44400	117	26	96	192	106	98
AT3G44405	0	0	0	1	0	0
AT3G44428	0	2	0	0	0	0
AT3G44430	393	296	321	372	357	350
AT3G44435	0	0	0	0	0	0
AT3G44440	7	5	4	1	5	3
AT3G44444	1	2	0	5	0	1
AT3G44450	46	104	47	39	67	77
AT3G44460	145	1	132	46	4	2
AT3G44480	1118	293	855	1037	747	856
AT3G44485	0	0	0	0	0	0
AT3G44490	3	0	0	1	0	0
AT3G44510	317	6	264	83	3	6
AT3G44530	266	98	244	258	281	228
AT3G44540	23	0	25	4	2	4
AT3G44550	15	6	30	19	14	6
AT3G44555	0	0	1	0	0	0
AT3G44560	0	0	1	0	0	0
AT3G44570	3	0	4	3	0	0
AT3G44580	6	0	3	5	0	0
AT3G44590	336	571	235	325	296	244
AT3G44600	739	330	550	618	596	592
AT3G44610	408	218	335	305	266	250
AT3G44620	486	686	443	519	709	753
AT3G44630	872	151	627	1004	382	469
AT3G44635	0	0	0	0	0	0
AT3G44660	0	0	0	0	0	0
AT3G44665	0	0	0	0	0	0
AT3G44670	1423	309	1032	1214	921	999
AT3G44680	266	130	195	219	266	279
AT3G44690	92	33	91	116	150	141
AT3G44695	8	2	0	0	4	4
AT3G44700	5	3	2	6	3	6
AT3G44703	0	0	0	0	0	0
AT3G44704	0	0	0	0	0	0
AT3G44710	0	0	1	0	0	1
AT3G44713	37	7	33	47	40	39
AT3G44716	47	57	37	46	40	26
AT3G44718	0	0	0	0	0	0
AT3G44720	508	240	421	539	426	355
AT3G44730	180	55	116	112	187	164
AT3G44735	330	395	237	261	265	277
AT3G44740	143	77	91	81	93	89
AT3G44750	1032	883	828	1044	1327	844
AT3G44753	4	4	2	7	0	4
AT3G44755	0	0	0	0	0	0
AT3G44760	0	0	0	0	0	0
AT3G44763	0	0	0	1	1	1
AT3G44765	5	0	2	4	10	4
AT3G44766	0	0	0	0	3	0
AT3G44769	2	0	6	9	2	8
AT3G44770	24	16	20	12	21	11
AT3G44780	0	0	0	0	0	0
AT3G44785	0	0	0	0	0	0
AT3G44790	13	2	7	6	1	3
AT3G44798	113	150	72	130	72	100
AT3G44800	3	4	5	3	5	3
AT3G44805	5	3	5	7	1	1
AT3G44810	0	0	0	0	0	0
AT3G44820	439	140	323	380	253	321
AT3G44830	9	0	7	4	0	0
AT3G44840	0	0	0	0	0	0
AT3G44850	328	167	260	280	232	176
AT3G44860	25	37	12	51	136	57
AT3G44870	0	0	0	0	0	0
AT3G44880	1900	828	1689	1669	1521	1718
AT3G44890	3521	6667	2828	3722	5857	6056
AT3G44900	9	6	6	7	8	8
AT3G44910	0	0	0	0	0	0
AT3G44920	0	0	0	0	0	0
AT3G44930	0	0	0	0	0	0
AT3G44935	0	0	0	0	0	0
AT3G44940	224	44	151	174	157	132
AT3G44950	0	0	0	2	0	1
AT3G44955	0	0	0	0	0	0
AT3G44960	51	45	52	48	54	39
AT3G44970	127	178	114	130	649	404
AT3G44980	0	0	0	0	0	0
AT3G44990	383	71	300	166	341	135
AT3G45000	0	1	0	2	1	3
AT3G45010	509	347	469	423	575	706
AT3G45020	84	55	63	65	34	49
AT3G45030	1141	2106	919	1428	1619	1317
AT3G45040	462	246	342	393	302	391
AT3G45050	299	522	261	385	448	461
AT3G45060	29	14	31	23	33	36
AT3G45070	23	5	35	3	5	5
AT3G45080	0	0	6	0	0	0
AT3G45090	500	239	368	340	436	430
AT3G45093	0	0	1	1	2	1
AT3G45100	365	260	340	354	261	381
AT3G45110	0	0	0	0	0	0
AT3G45130	2	4	0	4	9	3
AT3G45140	2306	967	2116	2276	4175	2660
AT3G45150	0	0	0	0	2	0
AT3G45160	585	596	431	491	340	429
AT3G45170	0	0	0	0	0	1
AT3G45180	0	0	0	0	1	0
AT3G45190	1481	630	1100	1273	1227	1245
AT3G45200	0	0	0	0	0	0
AT3G45210	479	325	355	201	218	238
AT3G45220	0	0	0	0	0	0
AT3G45230	246	303	186	245	247	223
AT3G45240	709	284	519	563	348	392
AT3G45243	0	0	0	0	0	0
AT3G45245	0	0	0	0	0	0
AT3G45248	0	0	0	0	0	0
AT3G45252	0	0	0	0	0	0
AT3G45260	1006	702	821	1207	1078	1469
AT3G45275	0	0	0	0	0	0
AT3G45280	0	7	6	10	9	1
AT3G45285	0	0	0	0	2	0
AT3G45290	424	72	298	346	105	131
AT3G45300	2149	1037	1696	2052	846	1273
AT3G45310	575	374	448	425	469	453
AT3G45320	2	0	0	0	0	0
AT3G45330	0	0	0	1	0	0
AT3G45390	34	21	24	21	30	40
AT3G45400	98	49	90	109	60	69
AT3G45410	10	6	15	20	22	16
AT3G45420	114	21	80	70	75	97
AT3G45430	20	26	31	28	40	52
AT3G45440	7	1	3	6	7	7
AT3G45443	228	166	145	153	103	165
AT3G45450	0	0	0	0	0	0
AT3G45460	0	0	0	0	0	0
AT3G45470	0	0	0	0	0	0
AT3G45480	0	0	0	0	0	0
AT3G45490	1	0	0	0	0	1
AT3G45500	0	0	0	0	0	0
AT3G45510	0	0	0	0	0	0
AT3G45525	0	0	0	0	0	0
AT3G45530	0	0	1	2	9	0
AT3G45540	0	0	0	0	0	0
AT3G45555	0	0	0	0	0	0
AT3G45560	0	0	0	0	0	0
AT3G45570	0	0	0	0	0	0
AT3G45577	0	0	0	0	0	0
AT3G45580	0	0	0	0	0	0
AT3G45590	43	28	56	46	30	41
AT3G45600	551	420	360	479	405	479
AT3G45610	105	58	63	53	39	50
AT3G45620	312	141	274	256	224	221
AT3G45630	797	390	720	805	807	967
AT3G45638	6	2	4	8	2	1
AT3G45640	5451	1552	4467	7337	1614	2425
AT3G45645	0	0	0	0	0	0
AT3G45650	227	49	169	211	108	88
AT3G45660	12	1	18	6	3	1
AT3G45670	0	0	0	0	0	2
AT3G45673	0	0	0	0	0	0
AT3G45680	33	23	21	9	38	21
AT3G45690	0	0	0	0	0	0
AT3G45700	5	2	8	1	2	4
AT3G45710	33	17	40	16	39	21
AT3G45720	0	1	0	0	1	1
AT3G45730	322	311	282	434	210	271
AT3G45740	288	183	199	259	235	264
AT3G45750	286	81	196	214	185	223
AT3G45760	0	0	0	0	0	0
AT3G45770	1106	466	898	953	563	804
AT3G45780	6353	2436	5275	6685	5757	6827
AT3G45790	0	0	0	0	0	0
AT3G45800	0	0	0	0	0	0
AT3G45810	0	0	0	0	0	0
AT3G45820	0	0	0	0	0	0
AT3G45830	772	219	592	699	584	757
AT3G45840	0	0	1	0	0	0
AT3G45850	1520	402	1264	1493	1535	1742
AT3G45851	0	0	0	0	0	0
AT3G45860	42	11	25	97	12	16
AT3G45870	22	17	24	7	15	20
AT3G45880	38	10	31	28	27	19
AT3G45890	212	71	203	204	206	236
AT3G45900	294	235	244	225	220	273
AT3G45910	0	0	0	0	0	0
AT3G45920	0	0	0	0	0	0
AT3G45930	202	406	162	204	202	182
AT3G45935	0	0	0	0	0	0
AT3G45940	11	1	1	5	1	3
AT3G45950	0	0	0	0	0	0
AT3G45955	0	0	0	0	0	0
AT3G45960	52	8	36	37	13	10
AT3G45965	0	0	0	0	0	0
AT3G45970	948	1490	825	1179	1084	1761
AT3G45980	1123	1498	851	976	778	1011
AT3G45990	0	0	0	0	0	0
AT3G46000	2281	1887	1684	1864	1432	1626
AT3G46010	2760	4574	2083	2653	2158	2843
AT3G46020	107	136	96	77	105	91
AT3G46030	1170	1721	949	1129	1256	1175
AT3G46040	1142	1565	851	1281	1176	1220
AT3G46050	0	0	0	0	0	0
AT3G46060	1656	1383	1312	1453	1120	1368
AT3G46070	0	0	0	1	0	0
AT3G46080	18	13	12	36	5	7
AT3G46086	0	0	0	0	0	0
AT3G46090	54	39	57	208	9	46
AT3G46100	457	516	383	500	716	803
AT3G46110	130	81	107	178	106	91
AT3G46120	12	0	8	1	0	0
AT3G46130	117	31	71	49	61	56
AT3G46140	0	0	0	1	0	0
AT3G46150	11	10	6	3	2	5
AT3G46160	0	0	0	0	0	0
AT3G46170	2	0	0	0	0	0
AT3G46180	284	114	186	175	172	179
AT3G46190	0	0	0	0	2	0
AT3G46200	160	96	135	104	107	128
AT3G46210	325	135	240	279	244	197
AT3G46220	487	213	442	482	461	534
AT3G46230	3	8	0	4	1	1
AT3G46240	0	0	0	0	0	0
AT3G46260	0	0	0	0	1	0
AT3G46270	0	0	0	0	1	0
AT3G46280	22	81	32	211	892	126
AT3G46290	411	108	402	385	482	501
AT3G46300	0	0	0	0	0	0
AT3G46310	0	1	0	0	0	0
AT3G46320	97	294	92	126	153	148
AT3G46330	0	0	0	0	0	1
AT3G46340	0	0	1	1	0	0
AT3G46350	0	0	0	0	0	0
AT3G46355	0	0	0	0	0	0
AT3G46360	0	0	0	0	0	0
AT3G46370	29	22	29	93	39	91
AT3G46380	0	0	0	0	0	0
AT3G46390	0	0	0	0	0	0
AT3G46400	0	0	0	0	0	0
AT3G46410	0	0	0	0	0	0
AT3G46420	0	0	0	0	0	0
AT3G46430	946	1089	776	747	802	730
AT3G46440	617	215	517	470	412	342
AT3G46450	861	249	651	442	470	509
AT3G46460	597	750	423	490	457	455
AT3G46470	0	0	0	0	0	0
AT3G46480	0	1	0	0	3	0
AT3G46490	225	179	199	188	212	197
AT3G46500	2	1	0	0	2	0
AT3G46510	1583	795	1160	1556	1291	1728
AT3G46520	0	0	0	0	2	0
AT3G46530	731	195	653	856	797	1011
AT3G46540	973	731	773	788	914	928
AT3G46550	465	357	374	364	484	514
AT3G46560	232	333	189	232	182	188
AT3G46565	0	0	0	0	0	0
AT3G46570	0	0	0	0	0	0
AT3G46580	99	66	83	85	72	97
AT3G46585	0	0	0	0	0	0
AT3G46590	1792	369	1358	1355	551	786
AT3G46600	2213	608	1856	3179	824	1302
AT3G46610	470	247	385	514	632	576
AT3G46613	0	0	0	0	0	0
AT3G46614	2	1	0	3	4	1
AT3G46616	0	1	3	4	3	1
AT3G46617	0	0	0	1	4	3
AT3G46620	1137	418	811	1127	151	595
AT3G46630	1039	1167	767	940	848	989
AT3G46640	2923	1004	2211	2465	674	919
AT3G46650	3	2	2	1	0	0
AT3G46658	0	7	3	3	0	2
AT3G46660	1	0	0	0	0	0
AT3G46666	0	0	1	0	0	0
AT3G46668	40	32	30	33	12	25
AT3G46670	0	0	0	0	0	0
AT3G46680	1	3	0	4	2	0
AT3G46690	20	11	5	40	29	8
AT3G46700	50	5	40	20	12	10
AT3G46710	0	0	0	0	0	0
AT3G46720	8	1	3	5	5	1
AT3G46730	14	1	7	8	2	11
AT3G46735	2	0	0	0	0	0
AT3G46740	1666	1277	1425	1876	3618	2815
AT3G46750	0	0	0	1	0	0
AT3G46760	0	0	0	0	0	0
AT3G46770	1	0	5	1	0	0
AT3G46780	12249	13516	9612	12447	11890	20177
AT3G46790	312	136	260	303	332	285
AT3G46800	0	0	0	0	0	0
AT3G46810	1	0	0	0	0	0
AT3G46820	415	371	370	492	493	566
AT3G46830	734	586	616	652	531	594
AT3G46840	1	0	0	0	0	0
AT3G46845	65	51	40	40	31	26
AT3G46850	0	0	0	0	0	0
AT3G46860	0	0	0	0	0	0
AT3G46870	106	45	96	108	102	70
AT3G46875	0	0	0	0	0	0
AT3G46880	13	23	14	4	22	13
AT3G46890	7	5	8	10	8	5
AT3G46900	70	108	37	35	114	94
AT3G46910	1	0	1	0	0	0
AT3G46920	284	99	224	258	254	301
AT3G46930	352	105	271	374	129	141
AT3G46940	136	146	136	176	220	118
AT3G46950	61	32	43	72	49	52
AT3G46960	767	222	568	664	908	915
AT3G46970	8185	949	6749	5288	2707	2673
AT3G46980	422	240	357	365	311	423
AT3G46990	23	12	21	21	34	32
AT3G47000	608	435	502	483	617	760
AT3G47010	147	136	130	132	123	235
AT3G47020	0	0	0	0	0	0
AT3G47030	4	6	2	2	10	4
AT3G47040	1	0	0	0	0	0
AT3G47050	0	0	0	3	0	0
AT3G47060	262	104	235	235	252	314
AT3G47070	2374	7603	1924	2048	3392	4969
AT3G47080	692	298	621	495	337	449
AT3G47090	44	4	28	23	26	15
AT3G47100	4	3	1	9	4	6
AT3G47110	42	21	27	36	27	47
AT3G47120	442	382	302	327	306	372
AT3G47130	1	5	2	3	2	9
AT3G47140	0	0	0	0	0	0
AT3G47150	2	0	0	0	0	0
AT3G47160	1003	556	827	1091	499	709
AT3G47170	0	0	0	0	0	0
AT3G47180	16	16	17	8	29	18
AT3G47190	0	0	0	0	0	0
AT3G47200	2	1	5	6	1	5
AT3G47210	1	0	6	1	2	2
AT3G47220	37	3	26	7	5	6
AT3G47250	2347	1455	1802	2446	2257	3170
AT3G47290	667	401	492	630	1001	908
AT3G47295	356	458	264	179	230	275
AT3G47300	140	135	93	123	98	111
AT3G47340	7202	5839	6316	10079	2387	10168
AT3G47341	0	0	0	0	0	0
AT3G47342	1	2	0	2	2	4
AT3G47347	27	18	12	17	8	10
AT3G47348	79	52	46	84	56	61
AT3G47350	1271	1401	986	1018	885	955
AT3G47360	248	80	168	165	104	139
AT3G47370	929	1052	638	880	976	724
AT3G47380	43	38	52	33	38	33
AT3G47390	341	152	272	309	406	349
AT3G47400	23	16	38	9	29	67
AT3G47410	0	0	0	0	0	0
AT3G47420	1855	168	1553	871	151	256
AT3G47430	251	292	223	203	235	248
AT3G47440	0	0	0	0	0	0
AT3G47450	812	734	632	774	1378	1474
AT3G47460	215	94	183	210	314	253
AT3G47470	60294	124423	49066	62627	72556	129836
AT3G47480	45	18	33	52	36	29
AT3G47490	359	457	276	360	402	565
AT3G47500	1099	1027	847	824	1322	1895
AT3G47510	132	56	105	126	66	62
AT3G47520	1440	1452	1397	1416	2308	1878
AT3G47530	80	54	46	88	89	93
AT3G47540	81	78	60	115	74	77
AT3G47550	810	392	558	663	544	566
AT3G47560	394	482	302	437	449	566
AT3G47570	520	122	336	582	367	486
AT3G47580	31	11	14	15	28	29
AT3G47590	342	281	268	292	317	259
AT3G47600	512	220	410	323	339	390
AT3G47610	871	731	633	868	655	961
AT3G47620	1765	1193	1361	1819	1609	2069
AT3G47630	368	287	260	269	235	290
AT3G47640	353	174	263	186	406	204
AT3G47650	2211	4914	1683	2292	3652	3913
AT3G47660	3	1	3	8	2	3
AT3G47670	230	189	211	183	257	237
AT3G47675	304	252	198	227	186	260
AT3G47680	975	245	656	631	447	552
AT3G47690	150	98	91	99	127	84
AT3G47700	215	88	169	186	196	235
AT3G47710	2	0	0	0	0	2
AT3G47720	0	8	0	6	52	17
AT3G47730	754	215	590	726	693	809
AT3G47740	2	0	8	0	0	0
AT3G47750	110	39	90	125	115	105
AT3G47760	0	1	0	0	0	0
AT3G47770	3	0	1	0	0	0
AT3G47780	46	59	57	41	109	76
AT3G47790	18	0	12	10	2	2
AT3G47800	2817	1858	2123	2248	1968	2364
AT3G47810	1916	1245	1509	1516	1132	1287
AT3G47820	324	86	292	328	92	133
AT3G47830	18	29	18	13	25	26
AT3G47833	221	322	188	179	166	182
AT3G47836	512	486	357	392	357	383
AT3G47840	60	10	44	57	33	34
AT3G47850	437	325	406	416	470	504
AT3G47860	2036	637	1524	1740	592	729
AT3G47870	10	4	1	4	1	3
AT3G47890	811	286	681	913	917	1125
AT3G47910	1297	388	1112	1542	1661	1711
AT3G47920	0	0	0	0	0	0
AT3G47930	559	261	493	580	828	673
AT3G47940	111	116	98	128	81	74
AT3G47950	52	21	27	36	29	37
AT3G47960	587	174	479	529	467	371
AT3G47965	55	46	33	40	37	41
AT3G47980	40	13	20	19	29	23
AT3G47990	615	381	425	383	320	352
AT3G48000	3849	2778	3133	4017	5406	5735
AT3G48010	3	0	2	1	1	0
AT3G48020	54	5	35	20	2	8
AT3G48030	164	284	144	154	159	162
AT3G48040	193	223	130	163	175	179
AT3G48050	1170	495	996	1195	948	1192
AT3G48057	0	0	0	0	0	0
AT3G48060	535	178	432	512	457	529
AT3G48070	548	475	505	556	484	624
AT3G48080	12	2	15	15	2	1
AT3G48090	727	305	575	977	468	537
AT3G48100	266	287	184	455	89	238
AT3G48110	1114	741	889	1072	2058	1827
AT3G48115	364	384	300	296	131	215
AT3G48120	280	103	180	183	158	219
AT3G48131	4	0	2	1	0	1
AT3G48140	4779	8535	3530	5127	4258	5085
AT3G48150	169	122	133	148	190	175
AT3G48160	50	26	49	84	83	51
AT3G48170	1175	755	1002	1165	937	919
AT3G48180	14	13	20	17	8	9
AT3G48185	91	55	64	74	60	52
AT3G48187	18	0	6	9	26	30
AT3G48190	1030	215	714	736	717	749
AT3G48195	501	196	366	424	340	395
AT3G48200	1321	613	1065	1571	2152	2091
AT3G48201	0	2	0	1	0	1
AT3G48205	0	0	0	0	0	0
AT3G48208	0	0	0	0	0	0
AT3G48209	0	0	0	0	0	0
AT3G48210	168	126	135	178	263	202
AT3G48220	0	0	0	0	0	0
AT3G48230	0	0	0	0	0	0
AT3G48231	0	0	0	0	0	0
AT3G48240	24	2	27	9	1	1
AT3G48250	144	58	116	138	179	118
AT3G48260	95	9	93	95	29	30
AT3G48270	0	0	0	0	0	0
AT3G48275	0	0	0	0	0	0
AT3G48280	33	13	17	31	23	36
AT3G48290	3	0	14	3	6	8
AT3G48298	0	0	0	0	0	0
AT3G48300	9	5	10	10	10	8
AT3G48310	280	203	229	360	385	454
AT3G48320	156	69	88	127	189	136
AT3G48330	293	271	237	266	192	227
AT3G48340	29	3	70	5	3	5
AT3G48343	0	0	2	0	1	0
AT3G48344	2	0	0	0	0	0
AT3G48346	2	0	3	0	0	0
AT3G48350	129	210	113	95	328	260
AT3G48360	5001	3205	3735	8014	2906	4608
AT3G48380	723	392	620	655	640	846
AT3G48390	138	119	102	215	83	202
AT3G48400	0	0	0	0	0	0
AT3G48410	159	71	120	89	94	108
AT3G48420	1206	2402	976	1285	2748	3275
AT3G48425	98	68	60	87	156	103
AT3G48430	857	510	664	679	844	926
AT3G48440	249	65	217	199	168	127
AT3G48450	15	1	8	7	7	1
AT3G48460	132	152	105	66	193	155
AT3G48470	84	41	74	56	74	95
AT3G48475	0	0	0	0	0	0
AT3G48480	22	18	7	19	14	7
AT3G48490	61	45	58	94	36	54
AT3G48500	1700	1376	1323	1721	3471	2704
AT3G48510	30	0	33	7	4	2
AT3G48515	0	0	0	0	0	0
AT3G48520	272	3	219	84	9	6
AT3G48530	2054	1714	1630	1892	1507	2071
AT3G48540	53	51	27	53	75	44
AT3G48550	78	70	64	46	35	58
AT3G48560	4961	4516	4405	5967	7894	8291
AT3G48570	133	149	130	118	121	151
AT3G48580	61	24	28	51	47	51
AT3G48590	333	346	277	282	256	330
AT3G48600	46	77	35	48	49	50
AT3G48610	657	601	547	628	995	868
AT3G48620	2	0	2	0	0	1
AT3G48630	0	0	2	1	0	0
AT3G48640	9	0	6	8	1	2
AT3G48660	6	14	12	6	11	10
AT3G48670	747	369	633	736	792	840
AT3G48675	0	0	0	0	0	0
AT3G48680	1037	1068	787	938	642	817
AT3G48690	1695	1693	1392	1325	1594	1542
AT3G48700	11	20	3	7	31	11
AT3G48710	865	461	622	659	680	654
AT3G48720	328	462	248	277	725	744
AT3G48730	1704	3235	1352	2021	4145	3926
AT3G48740	4530	3068	3904	3357	3438	3727
AT3G48745	0	0	0	0	0	0
AT3G48750	1123	693	798	988	844	989
AT3G48760	1584	648	1137	1227	949	1042
AT3G48770	6	1	6	9	12	10
AT3G48780	1540	719	1061	1429	1119	1333
AT3G48790	13	9	18	13	3	10
AT3G48800	250	214	168	219	210	209
AT3G48810	78	43	68	62	80	96
AT3G48820	394	193	325	348	314	315
AT3G48830	144	37	104	122	86	72
AT3G48835	6	2	2	9	5	8
AT3G48840	9	1	10	11	0	3
AT3G48850	29	4	23	53	3	10
AT3G48860	677	297	502	663	527	611
AT3G48870	2177	922	1968	2851	6658	5248
AT3G48880	479	371	369	418	372	440
AT3G48890	1343	957	1023	1163	904	951
AT3G48900	71	35	51	56	59	60
AT3G48920	31	7	15	9	6	1
AT3G48930	2075	3997	1748	2271	2950	2459
AT3G48940	1	2	2	4	0	0
AT3G48950	0	0	0	0	0	0
AT3G48960	0	0	0	0	1	0
AT3G48970	93	36	42	64	17	26
AT3G48980	118	54	113	108	100	106
AT3G48990	10254	6823	8362	10541	9540	10064
AT3G49000	321	175	260	248	272	267
AT3G49010	4806	6318	3829	4979	7170	5512
AT3G49020	0	0	0	0	0	0
AT3G49030	0	0	0	0	0	0
AT3G49040	0	0	0	0	0	0
AT3G49045	0	0	0	0	0	0
AT3G49050	392	227	308	269	293	322
AT3G49055	3	7	4	6	0	10
AT3G49060	478	208	356	400	329	485
AT3G49070	9	6	2	3	19	18
AT3G49080	453	485	303	479	416	394
AT3G49100	240	310	186	227	205	186
AT3G49110	1856	910	1299	1814	1911	1152
AT3G49115	0	0	0	0	0	0
AT3G49120	2630	828	2261	2473	1681	1363
AT3G49130	21	1	12	6	0	0
AT3G49140	2623	1783	1909	2347	2858	3626
AT3G49142	59	10	34	45	40	19
AT3G49150	0	1	0	0	0	0
AT3G49155	0	0	0	0	1	0
AT3G49160	373	178	316	207	139	334
AT3G49170	127	62	99	174	165	108
AT3G49180	213	170	132	195	261	216
AT3G49190	6	3	2	2	0	0
AT3G49200	0	0	0	1	0	0
AT3G49210	174	111	121	216	137	109
AT3G49220	3015	906	2416	3052	3397	3375
AT3G49230	1	0	1	0	0	0
AT3G49240	0	0	0	0	0	0
AT3G49250	200	126	121	179	165	158
AT3G49260	1392	765	1106	1050	1361	1568
AT3G49270	0	0	0	0	0	0
AT3G49290	534	308	336	422	435	515
AT3G49300	3	2	0	1	0	2
AT3G49305	0	0	0	0	0	0
AT3G49307	0	0	0	0	0	0
AT3G49310	400	292	388	441	348	413
AT3G49320	119	80	72	88	144	74
AT3G49330	27	10	20	11	18	16
AT3G49340	2	0	0	4	0	0
AT3G49350	622	149	426	515	294	320
AT3G49360	297	252	229	246	214	243
AT3G49370	54	26	40	48	62	62
AT3G49380	12	1	12	3	2	0
AT3G49390	450	267	459	449	350	364
AT3G49400	134	44	88	111	93	98
AT3G49410	71	23	43	53	44	40
AT3G49420	31	23	42	35	22	24
AT3G49430	1237	1068	890	1112	1200	1074
AT3G49440	0	0	0	0	0	0
AT3G49450	0	0	0	0	0	0
AT3G49460	0	0	0	0	0	0
AT3G49470	974	1384	766	1005	1338	1293
AT3G49480	4	5	5	1	2	4
AT3G49490	1877	721	1470	1560	1570	1888
AT3G49500	866	283	626	791	754	825
AT3G49510	26	16	12	23	17	21
AT3G49520	3	0	2	0	0	0
AT3G49530	1830	279	1488	1661	303	596
AT3G49540	0	0	0	1	2	0
AT3G49550	112	19	87	95	51	68
AT3G49551	9	6	2	5	5	2
AT3G49560	1284	1574	1021	1153	1459	1386
AT3G49570	106	0	90	10	3	4
AT3G49580	293	5	173	15	4	5
AT3G49590	655	362	494	583	415	640
AT3G49600	665	410	503	577	617	664
AT3G49601	2626	2541	2082	2283	2116	2491
AT3G49610	0	0	0	0	0	0
AT3G49620	54	90	37	909	172	109
AT3G49630	31	0	17	3	0	0
AT3G49640	270	166	198	249	244	255
AT3G49645	501	441	339	401	242	345
AT3G49650	297	119	260	236	300	309
AT3G49660	131	61	113	98	90	68
AT3G49668	0	0	0	0	0	0
AT3G49670	1513	811	1298	1307	1236	1230
AT3G49680	1635	1647	1284	1569	2913	2229
AT3G49690	20	2	12	5	3	2
AT3G49700	0	0	0	0	0	0
AT3G49710	109	9	71	74	54	28
AT3G49720	2487	1439	1857	2115	1757	1732
AT3G49725	222	126	183	238	196	154
AT3G49730	179	151	123	150	138	175
AT3G49740	0	0	0	0	0	0
AT3G49744	0	0	0	0	0	0
AT3G49750	42	54	41	40	43	38
AT3G49760	2	1	1	0	0	0
AT3G49770	0	0	0	0	0	0
AT3G49780	376	216	271	279	139	178
AT3G49790	323	491	293	507	256	408
AT3G49796	0	0	0	0	0	1
AT3G49800	954	724	678	743	688	885
AT3G49810	390	193	290	275	184	212
AT3G49820	3	3	1	3	1	4
AT3G49830	13	3	6	6	12	13
AT3G49840	148	66	89	117	95	123
AT3G49845	2	2	1	1	0	1
AT3G49850	355	233	265	274	306	380
AT3G49860	7	3	5	3	1	0
AT3G49870	953	1220	731	858	700	1033
AT3G49880	472	115	350	470	334	409
AT3G49890	143	105	93	110	156	122
AT3G49900	133	77	84	70	95	119
AT3G49910	3676	6418	2878	4362	4680	4027
AT3G49920	113	83	119	106	66	73
AT3G49925	0	0	0	0	0	0
AT3G49930	14	6	19	15	2	10
AT3G49940	794	919	528	1114	685	753
AT3G49950	44	25	47	29	25	28
AT3G49960	14	6	33	28	9	9
AT3G49970	76	38	36	25	48	35
AT3G49980	6	2	4	5	4	3
AT3G49990	993	879	766	1138	906	963
AT3G50000	1871	947	1440	1665	1338	1663
AT3G50010	21	24	21	32	86	46
AT3G50020	0	0	0	0	0	0
AT3G50030	1	0	0	0	0	0
AT3G50040	32	17	46	54	45	38
AT3G50050	228	102	165	139	132	157
AT3G50060	357	435	293	713	211	473
AT3G50070	219	215	180	184	323	252
AT3G50080	195	125	171	171	123	167
AT3G50090	0	0	0	0	0	0
AT3G50100	91	52	75	69	73	88
AT3G50110	177	84	137	175	246	230
AT3G50120	54	17	42	72	34	30
AT3G50123	0	0	0	0	0	0
AT3G50130	3	0	5	4	0	5
AT3G50140	45	47	41	52	55	61
AT3G50150	0	0	1	0	0	0
AT3G50160	0	0	0	1	0	0
AT3G50170	11	1	5	2	8	3
AT3G50180	0	0	0	0	0	0
AT3G50190	27	21	13	24	25	47
AT3G50200	3	4	5	3	4	4
AT3G50210	492	234	456	430	367	387
AT3G50220	26	14	35	21	20	13
AT3G50230	8	5	9	1	8	2
AT3G50240	1296	471	1006	1174	801	987
AT3G50250	0	0	0	0	0	0
AT3G50260	92	37	76	144	42	34
AT3G50270	294	254	225	373	383	382
AT3G50280	11	4	2	6	2	2
AT3G50290	1	0	1	0	0	1
AT3G50300	7	0	5	2	5	3
AT3G50310	34	21	26	38	11	23
AT3G50320	0	0	0	0	0	0
AT3G50330	5	0	4	2	0	1
AT3G50340	363	248	337	388	214	204
AT3G50350	195	91	154	165	58	75
AT3G50360	811	790	650	687	688	695
AT3G50370	5058	1041	3982	4838	4502	5534
AT3G50373	0	0	0	0	0	0
AT3G50380	984	289	787	901	1244	1311
AT3G50390	1	2	5	1	5	4
AT3G50400	16	6	8	2	4	3
AT3G50410	53	45	43	59	41	40
AT3G50420	84	21	74	82	45	45
AT3G50430	335	135	229	261	195	211
AT3G50440	764	547	606	385	499	473
AT3G50450	5	9	6	6	2	6
AT3G50460	1	3	1	11	3	4
AT3G50470	8	29	18	28	31	29
AT3G50480	1394	1534	1040	2890	1374	1453
AT3G50500	3894	2022	3031	3278	1753	2281
AT3G50505	0	0	0	0	0	0
AT3G50510	1	0	0	2	0	0
AT3G50520	475	414	336	336	430	447
AT3G50530	676	405	600	621	794	818
AT3G50540	0	1	1	0	0	0
AT3G50550	188	194	156	156	162	155
AT3G50560	58	385	34	117	306	495
AT3G50570	65	98	54	92	69	74
AT3G50580	0	0	0	0	0	0
AT3G50590	1674	524	1401	1820	2179	2315
AT3G50610	3	0	1	0	0	1
AT3G50620	116	96	82	122	103	102
AT3G50630	210	139	130	126	109	136
AT3G50640	4	3	8	3	1	3
AT3G50650	299	171	229	299	294	356
AT3G50660	329	223	312	244	334	435
AT3G50665	0	0	0	0	0	0
AT3G50670	3182	1516	2437	2879	2421	2748
AT3G50685	585	1192	537	541	685	925
AT3G50690	1293	1076	919	997	749	952
AT3G50700	827	390	716	914	557	720
AT3G50710	0	0	0	0	0	0
AT3G50720	0	0	0	0	0	0
AT3G50730	0	0	0	0	0	0
AT3G50740	2265	1994	1943	2486	1917	1807
AT3G50750	457	521	368	456	388	518
AT3G50760	205	35	194	100	59	47
AT3G50770	112	8	85	105	23	13
AT3G50780	204	85	174	199	152	150
AT3G50790	430	480	298	370	578	631
AT3G50800	129	167	105	292	24	135
AT3G50808	0	0	0	0	0	0
AT3G50810	28	29	35	27	22	13
AT3G50820	9127	20104	7592	7955	17422	24242
AT3G50825	5	5	7	6	5	8
AT3G50830	1025	1349	819	867	967	1165
AT3G50835	2	1	0	0	0	3
AT3G50840	295	181	210	245	208	242
AT3G50845	91	80	74	74	46	61
AT3G50850	11	6	16	14	16	15
AT3G50860	157	116	124	116	91	114
AT3G50870	15	9	11	22	26	11
AT3G50880	327	247	264	341	296	299
AT3G50890	200	141	148	235	123	157
AT3G50895	0	0	0	0	0	0
AT3G50900	290	179	227	211	121	120
AT3G50910	376	163	303	336	359	363
AT3G50920	200	158	144	187	186	170
AT3G50925	0	0	0	0	0	0
AT3G50930	740	69	490	782	93	161
AT3G50940	8	0	3	1	5	1
AT3G50950	2710	548	2100	3061	1327	1459
AT3G50960	125	59	85	98	115	81
AT3G50970	213	29	227	63	37	36
AT3G50980	17	1	14	0	0	1
AT3G50990	0	0	0	0	0	0
AT3G51000	1002	442	663	946	394	616
AT3G51010	502	808	430	474	505	428
AT3G51020	7	0	1	0	0	0
AT3G51030	35	48	29	25	33	22
AT3G51040	363	300	292	290	277	317
AT3G51050	1335	464	1060	1096	996	1111
AT3G51060	30	17	21	27	35	27
AT3G51070	0	0	0	0	0	0
AT3G51075	32	34	19	11	25	12
AT3G51080	149	95	128	149	138	133
AT3G51090	110	56	104	98	74	91
AT3G51100	548	475	522	545	476	455
AT3G51110	338	223	274	342	250	401
AT3G51120	937	177	810	950	858	955
AT3G51130	973	447	721	732	485	600
AT3G51135	0	0	0	0	0	0
AT3G51140	824	1295	701	867	1492	1339
AT3G51150	1053	662	753	700	726	721
AT3G51160	1093	584	921	924	953	768
AT3G51171	0	0	0	0	0	0
AT3G51180	81	51	79	76	49	67
AT3G51190	0	1	1	1	0	0
AT3G51200	0	1	1	0	0	0
AT3G51210	0	0	0	0	0	0
AT3G51220	68	22	23	29	38	53
AT3G51230	55	66	50	50	78	55
AT3G51238	0	0	0	0	0	0
AT3G51240	0	4	0	0	3	3
AT3G51250	529	321	388	486	655	622
AT3G51260	1500	1367	1220	1434	1822	1643
AT3G51265	0	0	0	0	0	0
AT3G51270	1402	1116	1054	1308	1327	1356
AT3G51280	193	145	169	200	375	301
AT3G51290	330	160	247	271	356	337
AT3G51300	1	0	1	1	6	3
AT3G51310	1462	570	1219	1277	1337	1441
AT3G51320	108	48	94	142	89	92
AT3G51325	14	16	14	16	5	6
AT3G51330	97	132	90	178	78	101
AT3G51340	50	37	35	51	61	50
AT3G51350	26	15	15	11	20	9
AT3G51360	0	0	2	0	0	0
AT3G51370	2546	1492	2019	2035	1376	1879
AT3G51375	1	0	1	0	0	2
AT3G51380	26	10	16	15	32	13
AT3G51390	366	177	310	332	255	287
AT3G51400	115	57	104	140	106	86
AT3G51410	13	4	9	20	8	7
AT3G51420	2009	1342	1675	1721	1328	1634
AT3G51430	1032	321	878	758	336	315
AT3G51440	80	42	89	84	53	46
AT3G51450	93	114	74	150	192	160
AT3G51460	905	509	718	723	794	656
AT3G51470	115	77	83	123	94	93
AT3G51480	193	47	158	160	132	126
AT3G51490	18	6	16	7	9	19
AT3G51500	306	465	249	269	253	336
AT3G51510	1515	2887	1078	1397	1345	1699
AT3G51520	372	249	314	334	253	283
AT3G51530	144	115	119	122	121	115
AT3G51540	15	3	4	17	2	0
AT3G51550	5144	2516	4136	5290	5728	7049
AT3G51560	0	0	0	0	0	0
AT3G51570	2	0	2	1	1	0
AT3G51580	557	275	466	608	472	521
AT3G51590	0	0	1	0	0	0
AT3G51600	9916	13879	8225	6770	8213	7966
AT3G51610	557	458	411	465	411	457
AT3G51620	660	278	511	574	540	620
AT3G51630	1134	389	868	1000	689	906
AT3G51640	455	178	296	388	338	373
AT3G51642	1	1	0	0	0	0
AT3G51644	2	0	0	0	0	0
AT3G51650	314	226	280	283	261	289
AT3G51660	803	251	599	674	280	196
AT3G51670	1184	915	1031	1006	1271	1221
AT3G51680	2	0	2	5	0	0
AT3G51690	0	0	0	0	0	0
AT3G51700	0	0	0	0	0	0
AT3G51710	57	33	51	54	32	57
AT3G51720	322	282	260	353	445	389
AT3G51730	3417	2613	2533	3148	1675	2478
AT3G51740	764	346	603	627	930	770
AT3G51750	61	111	61	33	58	51
AT3G51760	180	57	87	95	74	123
AT3G51770	663	364	540	617	610	718
AT3G51780	336	352	300	325	330	407
AT3G51790	257	180	188	255	241	198
AT3G51800	2044	1937	1627	2160	3248	2448
AT3G51810	46	0	43	0	0	0
AT3G51820	1507	1781	1267	1275	2444	2325
AT3G51830	1123	512	798	800	522	647
AT3G51840	4291	4210	3314	4603	3732	5629
AT3G51850	1000	568	780	922	865	953
AT3G51860	654	39	507	337	57	55
AT3G51870	553	363	373	456	667	468
AT3G51880	2748	2781	2125	2110	1691	2034
AT3G51890	584	318	542	508	265	294
AT3G51895	324	106	273	186	151	209
AT3G51910	125	295	88	377	190	368
AT3G51920	1298	1983	892	1367	1271	1416
AT3G51930	44	41	36	44	79	62
AT3G51940	115	32	82	94	91	92
AT3G51950	4957	1804	3968	3317	2746	3181
AT3G51960	45	77	46	59	51	68
AT3G51970	87	57	70	47	27	39
AT3G51980	384	187	323	348	270	282
AT3G51990	133	77	104	114	121	152
AT3G52000	0	0	0	0	0	0
AT3G52010	0	0	0	0	0	0
AT3G52020	0	0	0	0	0	0
AT3G52030	282	158	267	263	218	252
AT3G52040	29	39	22	23	30	35
AT3G52050	450	348	324	382	469	507
AT3G52060	2403	1695	2004	2140	1638	1755
AT3G52070	0	0	0	0	0	0
AT3G52072	32	58	20	27	25	46
AT3G52075	0	0	0	0	0	0
AT3G52080	0	0	0	0	0	0
AT3G52090	1174	1030	891	958	824	985
AT3G52100	320	207	239	286	292	281
AT3G52105	22	10	10	17	7	8
AT3G52110	250	284	217	247	418	312
AT3G52115	24	36	17	43	70	58
AT3G52120	1182	478	871	898	883	908
AT3G52130	2	5	0	0	0	0
AT3G52140	4094	2076	3136	4313	6113	5134
AT3G52150	1773	4088	1482	2113	3867	4023
AT3G52155	370	362	324	349	377	495
AT3G52160	6	9	3	0	10	5
AT3G52170	426	188	388	396	514	405
AT3G52180	2660	610	2151	1597	907	1017
AT3G52190	448	125	404	294	173	159
AT3G52200	1203	649	926	1022	1593	1537
AT3G52210	246	198	166	188	207	234
AT3G52220	1115	1367	848	944	779	799
AT3G52230	1586	3031	1247	1448	1902	2227
AT3G52240	1291	540	956	1006	861	1201
AT3G52250	1292	229	1021	1232	1130	1421
AT3G52260	257	80	152	185	161	169
AT3G52270	8	2	2	3	6	3
AT3G52280	513	594	421	349	422	510
AT3G52285	0	0	0	0	0	0
AT3G52290	273	112	222	204	251	220
AT3G52300	4566	5909	3227	3858	4135	4119
AT3G52310	60	2	52	9	15	2
AT3G52320	0	0	0	0	0	0
AT3G52330	0	0	0	0	0	0
AT3G52340	933	598	825	688	785	782
AT3G52345	0	0	0	0	0	0
AT3G52350	2	0	0	0	0	0
AT3G52360	99	133	94	89	82	109
AT3G52370	178	125	136	83	285	143
AT3G52380	2794	3332	2317	3031	5280	4351
AT3G52390	180	117	129	139	178	123
AT3G52400	1227	377	930	1599	315	539
AT3G52420	212	266	177	154	157	185
AT3G52430	277	123	188	281	150	190
AT3G52440	1	1	0	0	5	1
AT3G52450	237	126	244	390	89	268
AT3G52460	18	28	21	22	23	16
AT3G52470	631	313	536	400	421	306
AT3G52480	86	121	66	88	96	115
AT3G52490	166	46	121	128	108	101
AT3G52500	2268	2079	2149	2078	2808	2584
AT3G52510	12	6	9	12	0	7
AT3G52520	167	78	134	185	31	60
AT3G52525	57	51	43	60	67	65
AT3G52526	13	13	8	20	16	13
AT3G52530	76	7	54	57	42	62
AT3G52535	48	88	47	61	51	65
AT3G52540	67	68	39	50	74	82
AT3G52550	33	52	31	30	39	61
AT3G52560	958	1219	703	867	738	793
AT3G52561	0	0	1	0	0	0
AT3G52565	0	0	0	0	0	0
AT3G52570	303	199	182	219	207	199
AT3G52580	1030	1246	725	880	1172	1097
AT3G52590	4138	6179	3094	4151	5195	4852
AT3G52600	0	0	0	0	0	0
AT3G52605	0	0	0	0	0	1
AT3G52610	135	173	128	97	131	152
AT3G52620	0	0	2	1	2	0
AT3G52630	62	56	17	37	51	31
AT3G52640	667	337	548	644	686	699
AT3G52660	720	322	511	555	606	595
AT3G52680	63	43	56	50	48	42
AT3G52690	0	0	0	0	0	0
AT3G52700	0	2	0	1	0	0
AT3G52710	386	157	289	275	144	191
AT3G52720	2773	491	2135	943	744	609
AT3G52730	1140	1653	877	1018	1173	1017
AT3G52740	34	56	27	26	61	32
AT3G52742	0	0	0	0	0	0
AT3G52748	13	5	11	7	3	0
AT3G52750	610	477	471	547	916	913
AT3G52760	215	225	180	214	223	200
AT3G52765	0	0	0	0	0	0
AT3G52770	71	45	62	72	21	64
AT3G52780	1	0	1	5	1	0
AT3G52790	21	15	14	11	10	5
AT3G52800	3440	1553	2691	2558	940	1563
AT3G52810	0	0	0	0	0	0
AT3G52820	55	3	43	16	7	6
AT3G52830	1	0	0	0	0	0
AT3G52840	1836	1396	1549	2350	2422	3124
AT3G52850	2979	1323	2386	2476	2058	2347
AT3G52860	174	159	135	141	141	161
AT3G52870	1466	630	1075	1422	778	906
AT3G52880	3553	3880	2762	3010	4866	4534
AT3G52890	1022	271	815	781	846	961
AT3G52900	261	232	154	155	215	184
AT3G52905	135	131	121	125	105	141
AT3G52910	241	137	138	157	256	224
AT3G52920	659	536	545	502	602	528
AT3G52930	4221	4040	3420	4007	5647	4204
AT3G52940	208	174	159	217	260	249
AT3G52941	0	0	0	0	0	0
AT3G52950	326	222	267	343	357	378
AT3G52955	0	0	0	0	0	0
AT3G52960	1938	3851	1866	2254	4692	3385
AT3G52970	0	0	1	0	0	0
AT3G52980	0	0	0	0	0	0
AT3G52990	1942	789	1656	1487	1815	1650
AT3G53000	192	117	141	185	116	149
AT3G53010	20	13	13	35	5	7
AT3G53015	0	0	0	0	0	0
AT3G53016	0	0	0	0	0	0
AT3G53020	3438	4168	2442	3441	4561	3463
AT3G53030	413	320	298	399	355	487
AT3G53040	37	6	32	3	1	10
AT3G53050	0	0	0	0	0	0
AT3G53060	0	0	0	0	0	0
AT3G53065	0	0	0	0	0	0
AT3G53070	0	0	0	0	0	0
AT3G53075	0	0	0	0	0	0
AT3G53080	0	0	0	0	0	0
AT3G53090	302	70	294	330	266	351
AT3G53100	439	163	330	315	278	375
AT3G53110	1458	1066	1195	1480	1691	1823
AT3G53120	425	339	326	308	293	355
AT3G53130	627	587	514	597	1127	1080
AT3G53140	0	0	0	0	0	0
AT3G53150	5	2	3	6	1	1
AT3G53160	35	26	33	41	32	35
AT3G53170	98	33	63	97	91	102
AT3G53180	746	442	572	939	988	985
AT3G53190	611	407	401	441	852	747
AT3G53200	1	0	0	0	0	0
AT3G53210	65	39	43	33	58	93
AT3G53220	96	55	70	85	69	49
AT3G53230	165	121	122	222	233	184
AT3G53232	32	25	24	28	7	12
AT3G53235	36	23	16	15	18	17
AT3G53240	277	122	229	301	288	332
AT3G53250	47	26	25	26	18	14
AT3G53260	592	876	615	785	2260	2089
AT3G53270	425	156	306	330	273	241
AT3G53280	617	510	567	563	757	762
AT3G53290	0	0	0	0	0	0
AT3G53294	0	0	0	0	0	0
AT3G53300	0	0	0	0	0	0
AT3G53305	0	0	0	0	0	0
AT3G53310	145	98	79	100	124	130
AT3G53320	198	97	165	168	249	220
AT3G53330	0	0	0	0	0	0
AT3G53340	216	359	177	226	229	281
AT3G53342	0	0	0	0	0	0
AT3G53350	161	100	88	118	142	112
AT3G53360	90	1	82	81	49	41
AT3G53365	24	15	5	19	8	9
AT3G53370	65	100	47	69	63	68
AT3G53380	264	127	214	308	323	315
AT3G53390	467	223	368	371	407	420
AT3G53400	508	167	375	326	159	203
AT3G53410	218	166	209	193	149	222
AT3G53420	5326	9482	4479	6503	7877	9496
AT3G53430	1784	3668	1470	2171	2594	2205
AT3G53440	266	191	168	183	167	180
AT3G53450	6	2	1	9	5	6
AT3G53460	17080	11820	13978	17088	14495	14411
AT3G53470	656	1084	506	593	671	992
AT3G53480	76	19	66	92	74	73
AT3G53490	118	102	116	100	83	87
AT3G53500	1617	1274	1210	1222	1199	1314
AT3G53510	275	102	200	245	149	200
AT3G53520	960	521	799	838	897	825
AT3G53530	340	251	225	272	173	172
AT3G53540	972	441	780	1189	1101	1544
AT3G53550	0	0	0	0	0	1
AT3G53560	1693	1241	1558	1277	2053	1631
AT3G53570	895	389	692	583	447	556
AT3G53580	1037	998	867	1068	1302	1282
AT3G53590	0	0	0	4	0	0
AT3G53600	0	0	1	0	0	0
AT3G53610	737	560	523	526	446	585
AT3G53611	0	0	0	0	0	0
AT3G53620	1729	313	1421	714	389	381
AT3G53630	752	578	595	787	681	682
AT3G53640	0	0	0	0	0	0
AT3G53650	42	76	30	55	82	58
AT3G53670	577	456	485	554	375	423
AT3G53680	118	81	88	148	140	184
AT3G53690	17	2	13	18	14	20
AT3G53700	384	236	358	421	648	562
AT3G53710	1267	864	985	1204	1264	1430
AT3G53720	451	155	372	394	205	246
AT3G53730	1212	1692	923	1011	968	984
AT3G53740	2228	4023	1600	2426	2314	2207
AT3G53750	377	492	345	318	503	423
AT3G53760	359	135	249	222	231	254
AT3G53770	0	0	0	0	0	0
AT3G53775	0	0	0	0	0	0
AT3G53780	232	147	205	175	165	202
AT3G53790	0	0	0	0	0	0
AT3G53800	967	714	830	1012	429	787
AT3G53810	279	85	216	264	165	181
AT3G53820	0	0	0	0	0	0
AT3G53830	93	159	61	82	157	176
AT3G53840	17	14	17	12	12	7
AT3G53850	172	186	133	167	125	152
AT3G53860	95	47	80	67	64	108
AT3G53870	2986	4651	2268	3049	4159	3510
AT3G53880	118	102	99	106	108	99
AT3G53890	886	1910	730	1087	1596	1253
AT3G53900	339	571	270	424	598	505
AT3G53910	0	0	0	0	0	0
AT3G53920	1074	594	820	887	944	1128
AT3G53930	395	187	291	356	365	358
AT3G53940	116	40	108	133	107	47
AT3G53950	244	251	205	288	235	347
AT3G53960	245	66	210	195	150	156
AT3G53965	0	0	0	0	0	0
AT3G53970	666	295	450	472	428	429
AT3G53980	226	34	240	18	42	29
AT3G53990	5019	3825	3717	4978	1723	2533
AT3G54000	187	61	150	105	51	42
AT3G54010	1375	905	1051	1129	1020	1190
AT3G54020	575	150	372	208	138	165
AT3G54030	606	204	453	515	420	430
AT3G54040	36	23	17	28	14	14
AT3G54050	4223	5680	3488	4049	6662	9233
AT3G54060	2	11	1	8	12	7
AT3G54065	4	4	4	7	1	1
AT3G54070	0	0	0	0	0	0
AT3G54080	203	98	166	177	110	141
AT3G54085	52	39	42	46	39	51
AT3G54090	757	937	681	894	1808	1358
AT3G54100	386	161	295	451	276	319
AT3G54110	1049	949	760	948	1040	997
AT3G54120	74	57	29	59	54	59
AT3G54130	201	213	178	174	135	132
AT3G54140	711	438	642	507	579	682
AT3G54150	134	31	108	172	14	25
AT3G54160	22	6	6	29	15	19
AT3G54170	487	402	372	394	322	420
AT3G54180	66	77	64	63	134	71
AT3G54190	1444	861	1261	1346	1249	1460
AT3G54200	511	270	441	361	308	231
AT3G54210	4210	8950	3531	4526	6631	7101
AT3G54220	611	325	532	537	725	639
AT3G54230	1307	373	1002	1142	855	1034
AT3G54240	0	0	0	0	0	0
AT3G54250	235	108	176	162	187	148
AT3G54260	219	103	152	97	96	137
AT3G54270	34	18	10	20	34	27
AT3G54280	801	237	619	797	858	869
AT3G54290	377	177	261	263	215	255
AT3G54300	657	440	452	505	488	584
AT3G54310	4	0	4	0	0	0
AT3G54320	208	147	112	193	177	178
AT3G54340	11	4	4	6	3	3
AT3G54350	849	374	636	825	839	921
AT3G54360	2775	2772	2277	2588	2350	2732
AT3G54363	41	58	41	37	33	30
AT3G54366	594	686	449	500	284	423
AT3G54380	339	191	222	303	198	293
AT3G54390	169	124	96	114	135	118
AT3G54400	3229	1920	2748	3401	3966	3197
AT3G54410	4	0	0	1	1	0
AT3G54420	22	5	15	24	30	13
AT3G54430	0	0	0	0	0	0
AT3G54440	1713	603	1407	1481	1696	1814
AT3G54450	2	0	1	1	0	1
AT3G54460	612	337	481	717	800	997
AT3G54470	756	797	587	780	1596	1109
AT3G54480	725	517	579	646	515	642
AT3G54490	0	0	0	0	1	4
AT3G54500	1101	3553	833	1290	5041	8139
AT3G54510	20	9	17	13	26	34
AT3G54520	0	0	0	0	0	0
AT3G54530	0	0	0	0	1	3
AT3G54540	1869	775	1444	1828	1663	2017
AT3G54550	0	0	2	0	0	0
AT3G54560	240	612	203	264	447	378
AT3G54570	1	0	0	0	0	0
AT3G54580	224	6	223	61	0	13
AT3G54590	95	4	85	25	0	3
AT3G54600	650	600	563	530	865	591
AT3G54610	249	67	223	206	196	211
AT3G54620	2153	1347	1526	1814	1637	2007
AT3G54625	1	3	0	2	1	3
AT3G54630	0	0	0	0	0	0
AT3G54640	876	781	694	1314	1197	840
AT3G54650	570	286	456	703	614	611
AT3G54660	2064	2942	1558	2309	4589	5077
AT3G54670	982	619	891	931	1206	1223
AT3G54680	479	143	363	235	231	228
AT3G54690	705	610	529	688	628	767
AT3G54700	16	0	9	3	0	0
AT3G54710	109	80	93	125	180	149
AT3G54720	436	292	329	382	504	548
AT3G54730	2	1	2	5	3	2
AT3G54740	293	108	242	237	173	234
AT3G54750	211	193	167	266	446	312
AT3G54760	1637	590	1327	1478	1569	1488
AT3G54770	12	1	10	10	0	3
AT3G54780	65	20	55	35	26	31
AT3G54790	695	172	514	513	458	546
AT3G54800	0	0	0	0	0	0
AT3G54810	1304	635	1032	1258	664	872
AT3G54820	142	102	113	68	131	77
AT3G54826	355	315	282	256	268	277
AT3G54830	424	383	316	507	781	724
AT3G54840	640	595	485	512	431	532
AT3G54850	508	149	383	417	292	413
AT3G54860	476	287	373	448	502	537
AT3G54870	9	5	15	7	14	14
AT3G54880	311	532	249	772	384	590
AT3G54890	58703	132841	47308	63751	65944	110994
AT3G54900	1067	3664	855	1357	2170	2396
AT3G54910	348	207	285	225	146	209
AT3G54920	2345	1829	1861	2665	2190	3139
AT3G54925	0	0	0	0	0	0
AT3G54930	105	52	104	96	121	114
AT3G54940	27	2	51	0	0	8
AT3G54950	204	121	160	209	170	132
AT3G54960	530	249	520	484	407	307
AT3G54970	203	149	178	166	172	164
AT3G54980	329	105	228	259	319	320
AT3G54990	30	10	32	31	36	27
AT3G55000	428	353	350	386	404	450
AT3G55005	412	279	315	343	281	315
AT3G55010	420	319	229	397	480	305
AT3G55020	1778	827	1385	1697	1371	1804
AT3G55030	243	161	172	190	113	152
AT3G55040	679	835	536	639	967	1155
AT3G55050	519	334	468	524	313	424
AT3G55060	131	104	104	156	216	185
AT3G55070	749	452	574	586	594	684
AT3G55080	368	264	300	320	332	345
AT3G55090	54	37	36	46	27	53
AT3G55100	0	0	0	0	0	0
AT3G55110	104	66	80	64	213	140
AT3G55120	224	242	203	180	342	195
AT3G55130	373	212	370	298	636	516
AT3G55140	390	307	308	383	346	427
AT3G55150	2	3	7	5	15	2
AT3G55160	347	39	305	463	478	389
AT3G55170	821	937	640	694	664	700
AT3G55180	0	0	0	0	0	0
AT3G55190	0	0	0	0	0	0
AT3G55200	25	5	36	42	81	49
AT3G55210	1	0	4	3	1	0
AT3G55220	20	3	21	44	51	38
AT3G55230	30	30	32	35	51	49
AT3G55240	2163	460	1664	2130	274	394
AT3G55250	968	1442	875	1061	1170	1406
AT3G55252	0	0	0	0	0	0
AT3G55254	0	0	0	0	0	0
AT3G55260	808	555	600	653	679	778
AT3G55270	1202	353	958	1077	979	1059
AT3G55280	1045	1091	760	1096	1420	1062
AT3G55290	57	64	64	41	40	58
AT3G55310	1	0	1	0	0	3
AT3G55320	520	94	411	400	386	441
AT3G55330	1828	3491	1370	1781	2642	3221
AT3G55340	609	549	387	413	341	304
AT3G55350	193	174	145	178	227	240
AT3G55360	960	769	856	848	1235	975
AT3G55370	125	41	99	118	91	86
AT3G55380	426	543	314	422	432	385
AT3G55390	117	71	77	68	49	61
AT3G55400	983	740	746	939	1631	1535
AT3G55410	2125	1024	1820	2121	3162	2733
AT3G55420	416	289	328	358	204	291
AT3G55430	2742	1162	2193	2233	2055	2195
AT3G55440	7384	6157	6017	5520	6147	5447
AT3G55450	1007	180	788	871	275	297
AT3G55460	1288	974	975	983	722	861
AT3G55470	206	161	147	178	176	163
AT3G55480	730	282	624	715	728	884
AT3G55485	0	0	0	0	0	0
AT3G55490	64	47	42	62	37	35
AT3G55500	378	151	341	175	115	141
AT3G55510	336	88	263	392	413	247
AT3G55512	0	0	0	0	0	0
AT3G55513	0	0	0	0	0	0
AT3G55515	4	2	1	1	3	2
AT3G55520	506	357	334	330	299	355
AT3G55530	186	125	156	149	99	113
AT3G55540	0	0	0	0	0	0
AT3G55550	2	0	0	0	0	0
AT3G55560	439	477	346	390	536	756
AT3G55566	0	2	0	2	4	0
AT3G55570	0	0	0	0	0	0
AT3G55580	11	2	1	4	5	5
AT3G55590	0	0	0	0	0	0
AT3G55600	263	204	192	182	177	216
AT3G55605	132	138	102	150	147	128
AT3G55610	1979	1591	1627	2140	2429	3279
AT3G55620	867	875	636	825	981	841
AT3G55630	545	334	420	464	421	460
AT3G55640	235	133	180	181	187	155
AT3G55646	43	28	50	41	26	18
AT3G55650	0	1	1	0	0	0
AT3G55660	159	146	84	155	291	186
AT3G55665	0	0	0	0	0	0
AT3G55670	0	0	0	0	0	0
AT3G55672	0	0	0	0	0	0
AT3G55677	0	0	0	0	0	0
AT3G55680	0	0	0	0	0	0
AT3G55690	86	27	41	42	59	67
AT3G55700	6	3	2	10	7	7
AT3G55710	95	93	73	60	122	207
AT3G55720	18	4	12	7	12	9
AT3G55730	84	70	77	107	93	86
AT3G55734	5	5	0	1	3	3
AT3G55735	0	0	0	0	0	0
AT3G55740	178	88	173	185	178	193
AT3G55750	1269	1955	934	1439	2356	1646
AT3G55760	799	205	663	594	452	423
AT3G55770	3752	2790	2995	3258	2071	2907
AT3G55780	1	2	1	3	6	0
AT3G55790	0	0	0	0	0	0
AT3G55795	0	0	1	0	0	0
AT3G55800	5050	13364	4325	5872	13158	16294
AT3G55810	0	0	0	0	0	0
AT3G55820	48	20	28	35	28	41
AT3G55830	664	234	541	552	543	701
AT3G55840	228	31	136	254	39	66
AT3G55850	556	174	383	431	385	414
AT3G55860	0	0	0	0	0	0
AT3G55870	0	0	0	0	1	1
AT3G55880	650	147	485	350	125	188
AT3G55890	30	2	28	24	9	3
AT3G55900	2	0	4	7	6	0
AT3G55910	24	8	15	22	3	0
AT3G55920	369	239	282	278	234	309
AT3G55930	0	0	1	0	0	0
AT3G55935	0	0	0	0	0	0
AT3G55940	23	2	15	21	8	13
AT3G55950	87	35	82	111	63	91
AT3G55960	871	874	679	885	806	867
AT3G55970	23	20	20	182	23	20
AT3G55980	6782	1214	5279	7376	639	2021
AT3G55990	124	63	113	82	95	95
AT3G56000	74	50	54	36	86	92
AT3G56010	1139	1498	879	1107	1543	1640
AT3G56020	708	1950	446	774	893	786
AT3G56030	51	51	33	59	74	48
AT3G56040	8188	1128	6528	3750	2300	2594
AT3G56050	3064	955	2378	2680	1633	1865
AT3G56060	587	375	485	496	515	556
AT3G56070	453	350	384	463	521	338
AT3G56080	147	41	95	64	78	84
AT3G56085	0	0	0	0	0	0
AT3G56090	1486	835	1262	754	611	814
AT3G56100	70	59	75	99	136	113
AT3G56110	337	311	311	315	377	322
AT3G56120	357	205	309	342	307	298
AT3G56130	2626	1760	1966	2070	1542	1734
AT3G56140	1510	618	1264	1710	1530	2189
AT3G56150	4051	2448	3374	4455	6102	5080
AT3G56160	643	409	470	553	848	957
AT3G56170	374	217	261	285	279	273
AT3G56180	0	0	1	0	0	0
AT3G56190	2563	1620	1824	2342	1840	2280
AT3G56200	317	120	274	194	138	115
AT3G56210	297	231	285	283	260	214
AT3G56220	12	33	11	15	34	31
AT3G56230	3	1	5	8	2	3
AT3G56240	4303	4201	3494	3193	2950	3510
AT3G56250	71	30	55	41	44	48
AT3G56260	74	41	54	24	95	63
AT3G56270	273	70	177	154	168	175
AT3G56290	100	637	55	83	671	652
AT3G56300	59	26	44	47	39	47
AT3G56310	1992	1334	1510	1598	1135	1418
AT3G56320	57	48	68	83	85	69
AT3G56330	102	120	95	114	211	128
AT3G56340	2596	4781	1902	2628	3640	3134
AT3G56350	0	0	1	0	0	0
AT3G56360	638	1192	458	886	1685	1290
AT3G56370	726	254	576	551	839	729
AT3G56380	0	0	0	0	0	0
AT3G56390	0	0	0	0	0	0
AT3G56400	641	105	529	1163	62	183
AT3G56408	20	12	16	10	10	9
AT3G56410	0	0	0	0	0	0
AT3G56420	1	0	1	0	0	0
AT3G56430	467	391	288	358	500	414
AT3G56440	77	46	68	88	89	69
AT3G56450	160	76	156	118	97	120
AT3G56460	1109	1181	988	1001	929	1059
AT3G56470	61	20	56	58	38	65
AT3G56480	684	183	525	476	343	382
AT3G56490	595	584	540	569	657	551
AT3G56500	2	0	0	1	0	0
AT3G56510	586	485	422	592	547	525
AT3G56520	0	0	0	0	0	0
AT3G56530	0	0	0	0	0	0
AT3G56540	0	0	1	0	0	0
AT3G56550	35	13	35	49	23	18
AT3G56560	0	0	0	0	0	0
AT3G56570	92	102	71	103	75	101
AT3G56580	598	242	434	447	484	487
AT3G56590	1726	421	1294	1404	954	1122
AT3G56600	8	5	5	9	6	6
AT3G56610	0	0	0	0	0	0
AT3G56620	69	24	59	63	40	50
AT3G56630	437	394	385	425	549	488
AT3G56640	229	145	236	274	307	312
AT3G56650	606	1293	555	710	957	1203
AT3G56660	0	1	2	7	1	1
AT3G56670	0	0	0	0	0	0
AT3G56680	1635	1181	1327	1494	1549	1721
AT3G56690	535	256	461	529	500	526
AT3G56700	0	0	0	0	0	0
AT3G56705	1	3	0	0	0	0
AT3G56710	394	114	343	522	30	107
AT3G56720	1245	645	1000	1178	768	1042
AT3G56730	13	14	13	8	8	11
AT3G56740	284	135	181	220	138	154
AT3G56750	802	491	558	674	615	745
AT3G56760	576	294	513	488	482	517
AT3G56770	18	9	12	15	8	10
AT3G56780	4	1	3	3	6	2
AT3G56790	65	3	61	20	1	1
AT3G56800	3287	2385	2588	2504	1697	1894
AT3G56810	238	114	196	182	179	187
AT3G56820	104	83	68	98	60	91
AT3G56825	0	0	0	0	0	1
AT3G56830	112	77	116	83	86	95
AT3G56840	282	132	204	240	258	235
AT3G56850	399	305	374	340	302	322
AT3G56860	3092	1586	2385	2636	2728	3624
AT3G56870	56	22	67	91	99	79
AT3G56880	3881	1320	3280	3149	841	1430
AT3G56890	5	13	6	8	22	16
AT3G56891	0	0	0	1	1	1
AT3G56900	227	198	150	219	287	240
AT3G56910	2166	6329	1728	2306	3161	3615
AT3G56920	0	0	0	0	1	1
AT3G56930	276	143	242	280	225	358
AT3G56940	14015	41458	11547	17591	32495	43228
AT3G56950	285	219	258	259	240	237
AT3G56960	274	54	210	225	109	135
AT3G56970	0	37	1	0	87	41
AT3G56980	0	14	0	0	119	29
AT3G56990	695	275	593	649	859	483
AT3G57000	655	463	516	579	668	555
AT3G57010	42	20	50	33	51	47
AT3G57020	103	420	80	91	552	411
AT3G57030	218	365	158	240	401	411
AT3G57040	390	861	277	395	604	910
AT3G57050	1603	1006	1361	1643	1772	1963
AT3G57060	212	86	185	233	336	325
AT3G57062	139	117	105	78	55	96
AT3G57070	546	327	394	497	486	568
AT3G57072	0	0	0	0	0	0
AT3G57080	481	464	315	392	437	490
AT3G57090	693	687	515	490	533	598
AT3G57100	3	0	0	0	0	1
AT3G57110	5	3	3	3	5	8
AT3G57120	298	155	233	253	213	285
AT3G57130	34	23	41	38	74	39
AT3G57140	177	147	111	138	167	173
AT3G57150	2372	2757	1559	2197	2330	1547
AT3G57157	109	12	107	75	7	7
AT3G57160	32	13	41	21	17	19
AT3G57170	910	219	698	551	440	617
AT3G57180	306	299	277	337	719	562
AT3G57190	416	228	277	341	292	332
AT3G57200	37	9	27	23	15	22
AT3G57210	8	4	6	5	9	10
AT3G57220	307	175	220	234	297	268
AT3G57230	607	349	408	469	360	476
AT3G57240	18	0	16	21	11	1
AT3G57250	0	0	0	0	0	0
AT3G57260	90	12	65	114	17	32
AT3G57270	2	1	0	1	0	0
AT3G57280	437	284	395	394	302	284
AT3G57290	2263	2031	1858	2348	2772	2378
AT3G57300	2870	568	2217	2446	2022	2766
AT3G57310	0	0	0	0	0	0
AT3G57320	247	263	165	204	110	177
AT3G57330	1662	1086	1324	1788	1847	2146
AT3G57340	876	687	630	722	622	750
AT3G57350	489	281	356	423	527	454
AT3G57360	32	35	22	34	16	21
AT3G57370	2	0	0	0	0	0
AT3G57380	34	16	14	37	22	12
AT3G57390	275	282	217	254	266	250
AT3G57400	570	638	425	589	770	907
AT3G57410	4146	1388	3209	4050	3481	4504
AT3G57420	426	244	368	490	454	505
AT3G57430	170	68	158	181	243	166
AT3G57440	5	11	14	8	8	11
AT3G57450	732	653	629	957	281	344
AT3G57460	5	4	5	20	7	0
AT3G57465	0	0	0	0	0	0
AT3G57470	3265	902	2177	2247	2144	3010
AT3G57480	136	120	107	114	113	103
AT3G57490	293	214	233	327	274	213
AT3G57500	26	21	15	30	19	15
AT3G57510	0	0	0	0	0	0
AT3G57520	2671	1343	2125	5659	3001	3465
AT3G57530	3411	685	2741	3354	699	1245
AT3G57540	185	27	118	49	30	27
AT3G57550	1343	881	1055	1684	1098	1234
AT3G57560	626	784	511	655	1015	873
AT3G57570	387	200	321	326	332	411
AT3G57580	86	64	81	64	66	87
AT3G57587	1	1	4	1	2	5
AT3G57590	149	98	103	111	72	94
AT3G57600	131	72	99	96	72	109
AT3G57610	812	728	732	915	1292	1140
AT3G57620	0	0	0	0	0	0
AT3G57630	307	57	206	209	157	153
AT3G57640	48	7	45	76	26	19
AT3G57645	2	5	1	6	0	0
AT3G57650	1366	695	971	1045	1128	1115
AT3G57660	982	217	755	1064	1084	788
AT3G57670	64	14	42	41	35	46
AT3G57680	51	6	46	29	25	20
AT3G57690	1	0	0	0	2	0
AT3G57700	0	0	0	0	0	0
AT3G57710	299	142	206	231	159	223
AT3G57720	84	51	77	73	65	95
AT3G57730	0	0	0	0	0	0
AT3G57740	23	18	19	53	9	28
AT3G57750	143	131	139	203	157	202
AT3G57760	169	51	129	140	87	99
AT3G57765	1	1	0	2	1	0
AT3G57770	120	75	73	94	45	62
AT3G57780	342	172	238	212	280	310
AT3G57785	207	248	132	139	72	88
AT3G57787	0	0	0	0	0	0
AT3G57790	257	183	206	212	235	258
AT3G57800	1189	611	1015	907	747	1113
AT3G57810	268	255	256	261	249	274
AT3G57830	139	100	124	109	154	159
AT3G57840	0	0	0	0	0	0
AT3G57850	0	0	0	0	0	0
AT3G57860	109	76	55	121	138	140
AT3G57870	1341	1841	1113	1358	1457	1491
AT3G57880	836	317	631	651	734	793
AT3G57890	1556	1352	1314	1549	1608	1741
AT3G57900	0	0	1	1	0	0
AT3G57910	178	173	136	142	71	118
AT3G57920	0	0	0	0	0	0
AT3G57930	1146	1235	871	995	602	857
AT3G57940	305	98	263	317	333	239
AT3G57950	3	0	4	6	4	1
AT3G57960	0	0	0	0	0	0
AT3G57965	149	104	105	167	141	156
AT3G57970	0	0	0	0	2	1
AT3G57980	319	58	310	347	468	528
AT3G57990	815	614	572	677	716	831
AT3G58000	17	27	30	10	22	30
AT3G58010	729	625	579	530	458	488
AT3G58020	324	248	230	340	240	386
AT3G58030	793	438	643	773	788	920
AT3G58035	0	0	0	0	0	0
AT3G58040	499	304	348	399	437	504
AT3G58050	972	600	806	972	926	1011
AT3G58060	3	0	1	0	0	0
AT3G58070	17	19	21	8	27	14
AT3G58090	157	98	89	122	112	137
AT3G58100	84	79	86	98	64	68
AT3G58110	1187	804	905	1002	825	997
AT3G58120	1198	1179	1081	1633	1534	1997
AT3G58130	149	119	143	160	102	114
AT3G58140	1146	1596	973	1529	2293	2188
AT3G58150	9	24	13	7	17	14
AT3G58160	405	100	269	283	341	389
AT3G58165	0	0	0	0	0	0
AT3G58170	552	465	441	406	343	414
AT3G58180	288	261	231	258	268	265
AT3G58190	0	0	3	0	0	0
AT3G58193	2	0	0	0	0	0
AT3G58196	0	0	0	0	0	0
AT3G58200	49	18	53	47	17	24
AT3G58210	0	0	0	0	0	0
AT3G58220	764	369	610	644	469	640
AT3G58230	0	0	0	0	0	0
AT3G58240	0	0	0	0	0	0
AT3G58250	0	1	0	0	1	0
AT3G58260	0	0	0	0	0	0
AT3G58270	52	40	47	26	118	51
AT3G58280	0	0	0	0	0	0
AT3G58290	2	0	0	0	0	0
AT3G58300	0	0	0	0	0	0
AT3G58310	0	0	0	0	0	0
AT3G58320	0	0	0	0	0	0
AT3G58330	0	0	0	0	0	0
AT3G58340	0	0	0	0	0	0
AT3G58350	8	17	15	10	12	11
AT3G58360	1	0	0	0	0	0
AT3G58370	0	0	0	0	0	0
AT3G58380	1	4	1	0	0	0
AT3G58390	0	0	0	0	0	0
AT3G58400	0	0	0	0	0	0
AT3G58410	0	0	0	0	0	0
AT3G58415	0	0	0	0	0	0
AT3G58420	0	2	0	1	1	2
AT3G58430	92	51	78	73	77	82
AT3G58440	0	1	0	0	0	0
AT3G58450	10	2	4	2	0	2
AT3G58460	688	303	552	546	447	456
AT3G58470	386	307	235	358	350	369
AT3G58480	4	2	0	4	1	5
AT3G58490	787	675	531	723	551	878
AT3G58500	3112	2278	2526	2939	2452	2871
AT3G58510	975	322	842	861	1003	1017
AT3G58520	156	65	95	103	64	62
AT3G58530	358	177	235	271	219	227
AT3G58540	0	0	0	0	2	0
AT3G58550	59	8	43	25	19	12
AT3G58560	1221	466	942	1073	1208	1072
AT3G58570	758	318	632	639	538	504
AT3G58580	687	373	551	597	585	584
AT3G58585	0	0	0	0	0	0
AT3G58590	88	10	70	86	36	33
AT3G58600	990	781	728	876	719	829
AT3G58610	6371	5380	5116	6832	11073	9199
AT3G58620	512	575	436	583	706	885
AT3G58630	238	215	195	170	190	265
AT3G58640	1348	597	1046	1332	1064	1190
AT3G58650	237	143	172	224	361	318
AT3G58660	689	739	586	793	717	534
AT3G58670	815	501	625	757	632	794
AT3G58680	5825	3794	4707	4534	2835	3446
AT3G58690	171	88	138	154	121	165
AT3G58700	565	650	441	590	615	445
AT3G58710	154	114	113	126	86	109
AT3G58720	429	177	321	268	248	285
AT3G58730	2248	2461	1795	2059	1753	1945
AT3G58740	0	0	0	0	0	0
AT3G58750	1019	756	814	1113	1087	1282
AT3G58760	710	314	610	549	498	611
AT3G58770	12	16	14	13	17	26
AT3G58780	43	27	40	34	22	24
AT3G58790	493	60	330	346	251	262
AT3G58795	2	2	0	0	0	0
AT3G58800	76	63	73	67	87	72
AT3G58810	57	32	35	32	37	31
AT3G58820	89	67	57	53	53	62
AT3G58830	277	197	221	237	263	233
AT3G58840	447	459	291	381	305	345
AT3G58850	56	78	63	77	29	50
AT3G58860	1	0	0	1	0	0
AT3G58875	17	5	16	11	12	6
AT3G58877	0	0	0	0	0	0
AT3G58880	0	0	0	0	0	0
AT3G58890	0	0	0	0	0	0
AT3G58900	386	108	298	172	119	136
AT3G58910	0	0	0	0	0	0
AT3G58920	0	0	0	0	0	0
AT3G58930	105	78	64	87	76	78
AT3G58940	105	91	101	96	91	121
AT3G58950	2	0	0	0	0	0
AT3G58960	0	0	0	0	0	0
AT3G58970	734	325	570	629	489	629
AT3G58980	45	37	34	46	50	35
AT3G58990	629	380	622	498	915	637
AT3G59000	101	78	59	80	68	89
AT3G59010	85	35	85	25	92	98
AT3G59020	2111	756	1650	2186	2570	2372
AT3G59030	1	3	0	1	0	0
AT3G59040	1042	712	784	1050	1779	1530
AT3G59050	579	189	466	464	367	321
AT3G59060	2802	1584	2271	2949	3308	5015
AT3G59068	5	11	9	5	7	3
AT3G59070	0	0	0	0	0	0
AT3G59080	715	256	581	920	451	622
AT3G59090	718	614	560	663	566	787
AT3G59100	378	71	253	338	365	338
AT3G59110	575	270	508	555	546	730
AT3G59120	0	0	3	1	0	0
AT3G59130	0	0	0	0	0	0
AT3G59140	528	55	451	200	263	174
AT3G59150	93	52	75	64	62	67
AT3G59160	0	0	0	0	0	0
AT3G59170	1	0	0	0	0	0
AT3G59180	0	0	0	0	0	0
AT3G59190	19	2	3	8	5	6
AT3G59200	18	7	10	14	10	9
AT3G59210	313	112	302	296	220	194
AT3G59220	32	20	36	42	36	14
AT3G59230	4	1	2	0	1	1
AT3G59240	0	0	0	0	0	0
AT3G59245	0	0	0	0	0	0
AT3G59250	15	50	9	24	33	42
AT3G59260	0	0	0	1	0	0
AT3G59270	4	0	1	0	5	5
AT3G59280	743	629	610	531	403	433
AT3G59290	689	114	512	537	521	513
AT3G59295	0	0	0	0	0	0
AT3G59300	949	160	777	624	440	498
AT3G59310	291	72	186	251	129	129
AT3G59320	233	110	130	166	118	127
AT3G59330	163	41	124	136	82	114
AT3G59340	3	14	4	8	27	26
AT3G59350	2563	585	2067	2493	686	964
AT3G59360	877	341	645	608	627	661
AT3G59370	12	0	25	12	0	2
AT3G59380	610	567	472	476	575	722
AT3G59390	111	60	76	83	68	86
AT3G59400	17	35	4	7	7	13
AT3G59410	796	264	558	673	602	829
AT3G59415	0	0	0	0	0	0
AT3G59420	312	104	244	217	230	244
AT3G59430	196	41	142	113	116	139
AT3G59435	22	9	23	10	3	5
AT3G59440	0	0	0	0	0	0
AT3G59450	4	13	2	1	6	4
AT3G59455	0	0	0	0	0	0
AT3G59460	0	0	0	0	0	0
AT3G59470	294	221	226	259	182	256
AT3G59480	13	10	17	9	16	17
AT3G59490	255	219	207	175	209	243
AT3G59500	347	299	290	258	298	242
AT3G59510	6	9	10	11	11	13
AT3G59520	102	142	82	94	83	102
AT3G59530	74	30	51	52	36	32
AT3G59540	1061	1606	854	1006	1111	968
AT3G59550	90	58	70	125	97	84
AT3G59570	147	52	95	106	130	79
AT3G59580	91	29	77	42	34	60
AT3G59590	0	0	0	0	0	0
AT3G59600	528	607	367	449	460	512
AT3G59610	0	0	1	0	0	0
AT3G59620	1	0	0	1	0	0
AT3G59630	333	185	236	234	235	257
AT3G59640	208	184	148	193	197	186
AT3G59650	194	227	129	170	189	148
AT3G59660	1044	429	701	786	512	640
AT3G59670	442	98	277	373	222	177
AT3G59680	84	60	82	54	69	74
AT3G59690	38	5	15	18	18	25
AT3G59695	0	0	0	1	1	0
AT3G59700	224	51	158	196	96	72
AT3G59710	56	23	36	32	31	23
AT3G59730	1	0	1	0	0	4
AT3G59740	1	0	1	0	0	2
AT3G59750	42	8	26	25	40	37
AT3G59760	483	332	400	479	706	602
AT3G59765	222	171	163	164	162	166
AT3G59770	1199	307	1060	1065	1078	1264
AT3G59780	2171	2468	1788	2077	3263	4766
AT3G59790	0	1	9	2	0	0
AT3G59800	316	325	253	280	229	264
AT3G59810	374	322	289	304	247	278
AT3G59820	1201	256	974	1119	629	485
AT3G59830	6	7	9	4	8	10
AT3G59840	259	429	182	218	223	201
AT3G59845	0	0	0	0	0	0
AT3G59850	0	0	1	0	0	0
AT3G59870	355	431	308	409	579	541
AT3G59880	153	113	111	106	47	46
AT3G59884	16	0	17	2	0	0
AT3G59890	135	155	96	172	217	196
AT3G59900	182	152	159	410	199	206
AT3G59910	635	268	467	469	529	517
AT3G59920	2604	2038	2303	2455	2706	2553
AT3G59923	0	0	0	0	0	0
AT3G59926	0	0	0	0	0	0
AT3G59930	13	2	12	24	0	0
AT3G59940	1	0	0	0	0	0
AT3G59950	829	407	588	610	477	582
AT3G59960	0	0	0	0	0	0
AT3G59970	2713	2855	2179	3151	6065	4791
AT3G59980	437	552	354	460	504	561
AT3G59990	1920	1377	1527	1583	1571	1777
AT3G60000	2	0	1	1	0	1
AT3G60010	2	0	0	0	0	0
AT3G60020	1	0	0	0	3	0
AT3G60030	1933	931	1560	1765	1709	2349
AT3G60040	100	45	58	60	52	82
AT3G60050	180	69	132	153	91	114
AT3G60060	0	0	0	0	0	0
AT3G60070	75	22	65	59	31	51
AT3G60075	0	0	0	0	0	0
AT3G60080	251	250	208	176	204	265
AT3G60090	2	0	0	0	0	0
AT3G60100	0	0	0	0	0	1
AT3G60110	305	214	222	257	225	228
AT3G60120	1	0	0	5	0	0
AT3G60130	859	804	717	1111	784	1065
AT3G60140	12	29	2	21	0	99
AT3G60150	52	45	55	43	35	49
AT3G60160	49	14	60	85	64	58
AT3G60176	1	0	0	0	0	1
AT3G60180	128	76	85	88	63	90
AT3G60190	1433	729	1157	1379	1307	1390
AT3G60200	223	219	184	291	209	231
AT3G60210	770	1174	576	792	1000	1090
AT3G60220	99	110	79	91	75	114
AT3G60238	0	0	0	0	0	0
AT3G60240	2020	676	1908	2382	3394	3073
AT3G60245	3785	6049	2829	3815	5058	3862
AT3G60250	646	777	532	686	571	761
AT3G60260	378	336	231	317	244	371
AT3G60270	0	0	0	0	0	0
AT3G60280	0	0	2	2	0	0
AT3G60286	15	22	13	22	11	10
AT3G60290	202	72	126	171	43	129
AT3G60300	3577	1797	2618	3217	1188	1997
AT3G60310	210	93	169	173	184	233
AT3G60320	2620	1309	2064	3010	3310	4989
AT3G60328	0	0	0	0	0	0
AT3G60330	62	9	56	46	31	28
AT3G60340	921	754	704	808	684	951
AT3G60350	569	192	515	551	526	698
AT3G60360	506	428	331	510	460	434
AT3G60370	285	399	226	348	472	569
AT3G60380	656	384	451	572	624	675
AT3G60390	361	239	278	326	255	321
AT3G60400	179	66	156	158	143	204
AT3G60410	457	297	348	386	371	443
AT3G60415	123	34	109	117	28	28
AT3G60420	0	0	0	0	0	0
AT3G60440	187	191	140	193	267	220
AT3G60450	261	173	195	215	193	208
AT3G60460	0	0	0	0	0	0
AT3G60470	1	0	0	0	0	0
AT3G60480	148	169	95	110	87	93
AT3G60490	27	6	27	18	15	25
AT3G60500	425	314	278	348	374	353
AT3G60510	178	138	125	197	173	182
AT3G60520	337	188	278	244	183	181
AT3G60530	1954	1663	1466	1909	1255	1490
AT3G60540	14	6	9	18	13	12
AT3G60550	21	12	25	41	14	5
AT3G60560	0	0	0	0	0	0
AT3G60570	0	0	0	0	0	0
AT3G60580	36	19	43	41	32	34
AT3G60590	332	245	278	292	303	360
AT3G60600	3048	2977	2207	2660	2092	2756
AT3G60620	291	230	197	259	356	294
AT3G60630	528	352	439	580	583	593
AT3G60640	172	124	113	115	67	94
AT3G60650	45	27	14	44	41	22
AT3G60660	47	37	38	52	79	53
AT3G60670	39	17	17	19	16	20
AT3G60680	87	76	75	88	71	108
AT3G60690	318	275	276	316	169	241
AT3G60700	5	13	1	7	2	7
AT3G60710	3	2	1	0	3	3
AT3G60720	65	55	47	42	59	59
AT3G60730	17	5	12	6	5	5
AT3G60740	540	200	477	516	545	565
AT3G60750	21936	20288	18974	21361	32232	31298
AT3G60760	0	0	0	0	0	0
AT3G60770	3139	4287	2433	3459	4014	3301
AT3G60780	0	0	0	0	0	1
AT3G60790	0	0	0	0	0	0
AT3G60800	485	242	387	372	285	314
AT3G60805	0	0	0	0	0	0
AT3G60810	425	359	366	312	294	346
AT3G60820	1431	1386	1153	1321	1510	1403
AT3G60830	223	176	238	204	272	276
AT3G60840	170	114	123	158	206	185
AT3G60850	431	168	301	328	322	349
AT3G60860	1389	716	1175	1654	1800	2095
AT3G60870	1	0	2	0	1	0
AT3G60880	349	265	322	350	476	422
AT3G60890	21	57	10	16	45	28
AT3G60900	41	66	48	67	120	59
AT3G60910	316	317	255	321	241	277
AT3G60920	0	0	4	0	0	0
AT3G60940	5	7	1	3	4	8
AT3G60950	0	0	0	0	0	0
AT3G60960	116	113	92	135	168	144
AT3G60961	2	2	4	2	3	0
AT3G60966	2	3	2	10	6	0
AT3G60970	0	0	0	0	0	4
AT3G60972	0	1	1	1	0	1
AT3G60975	0	0	0	0	0	0
AT3G60980	234	270	232	307	362	432
AT3G60990	0	0	0	0	0	0
AT3G61010	1430	375	1131	1221	819	1206
AT3G61028	1	10	2	10	7	14
AT3G61030	1	0	1	1	1	4
AT3G61035	0	0	0	0	0	0
AT3G61040	0	0	0	0	0	0
AT3G61050	1435	1493	1142	1505	1702	1880
AT3G61060	696	214	459	955	196	406
AT3G61070	668	567	550	646	448	549
AT3G61080	402	413	330	411	339	560
AT3G61090	8	10	2	5	3	6
AT3G61100	276	354	176	303	318	267
AT3G61105	0	0	0	0	0	0
AT3G61110	1259	2578	1034	1297	1514	1317
AT3G61111	0	1	0	0	0	0
AT3G61113	31	52	20	22	33	43
AT3G61117	0	0	0	0	0	0
AT3G61118	0	0	0	1	0	0
AT3G61120	5	0	2	3	2	0
AT3G61130	1980	928	1629	1767	2251	2067
AT3G61140	642	403	636	585	757	656
AT3G61150	569	295	420	523	509	501
AT3G61160	445	105	312	217	156	223
AT3G61170	41	1	14	26	19	13
AT3G61172	0	0	0	0	0	0
AT3G61175	0	0	0	0	0	0
AT3G61177	0	0	0	0	0	0
AT3G61180	640	494	517	621	479	677
AT3G61182	0	0	0	0	0	0
AT3G61190	147	104	145	274	25	102
AT3G61198	75	147	38	53	64	123
AT3G61200	667	565	491	590	396	478
AT3G61210	753	616	610	786	546	846
AT3G61220	210	324	157	136	478	290
AT3G61230	0	0	0	0	0	0
AT3G61240	1023	506	886	937	1035	978
AT3G61250	76	64	65	46	113	122
AT3G61260	4576	6320	3738	5246	2815	5632
AT3G61270	12	1	10	6	2	1
AT3G61280	58	5	51	58	19	8
AT3G61290	0	0	0	0	0	0
AT3G61300	0	0	0	0	0	0
AT3G61310	714	800	601	558	1331	1285
AT3G61320	207	77	158	187	191	159
AT3G61340	2	0	2	0	1	0
AT3G61350	77	68	48	50	37	77
AT3G61360	89	61	96	72	86	73
AT3G61370	217	146	159	175	154	134
AT3G61380	221	118	204	130	213	217
AT3G61390	2	0	1	3	0	1
AT3G61400	0	0	0	0	0	0
AT3G61410	267	10	224	95	9	12
AT3G61415	346	370	274	320	298	377
AT3G61420	814	366	572	588	540	764
AT3G61430	3248	3929	2692	3299	3168	4023
AT3G61440	10046	8593	8539	10610	12917	12639
AT3G61450	13	4	4	15	0	5
AT3G61460	1939	1670	1454	1771	1069	1228
AT3G61470	51284	58738	42065	45475	33998	58512
AT3G61480	312	62	252	288	286	302
AT3G61490	291	155	253	208	153	149
AT3G61500	0	0	0	0	0	0
AT3G61510	0	2	2	0	0	1
AT3G61520	35	7	33	45	60	34
AT3G61530	230	142	136	167	207	207
AT3G61540	245	326	248	237	334	303
AT3G61545	0	0	0	0	0	0
AT3G61550	263	355	211	209	281	294
AT3G61560	79	72	60	69	93	68
AT3G61570	357	141	245	325	282	351
AT3G61571	0	1	0	1	0	1
AT3G61580	4032	4761	3520	5166	6631	9241
AT3G61590	136	186	88	111	179	202
AT3G61600	1663	1358	1392	1829	1680	2451
AT3G61610	243	166	186	176	240	199
AT3G61620	205	217	171	173	180	213
AT3G61630	268	336	221	258	289	421
AT3G61640	467	416	440	397	328	336
AT3G61650	197	75	139	157	207	185
AT3G61660	0	8	1	4	6	1
AT3G61670	706	300	594	669	696	670
AT3G61680	41	13	31	66	34	21
AT3G61690	1289	527	929	1169	1097	1223
AT3G61700	1424	415	1083	1067	518	788
AT3G61710	611	342	466	497	577	694
AT3G61715	0	0	0	0	0	0
AT3G61720	0	0	0	0	0	0
AT3G61723	0	0	0	0	0	0
AT3G61730	0	0	0	0	0	1
AT3G61740	235	125	168	214	226	328
AT3G61750	90	114	82	64	114	104
AT3G61755	0	0	0	0	0	0
AT3G61760	24	7	18	26	47	38
AT3G61770	268	196	235	218	285	179
AT3G61780	849	510	629	834	1081	897
AT3G61790	538	270	469	519	361	497
AT3G61800	433	177	332	345	265	341
AT3G61810	0	0	0	0	0	0
AT3G61820	1016	353	887	644	658	513
AT3G61825	0	0	0	0	0	0
AT3G61826	0	0	0	0	0	0
AT3G61829	0	0	0	0	0	0
AT3G61830	728	214	569	427	308	395
AT3G61840	17	49	23	26	18	34
AT3G61850	343	70	280	302	202	195
AT3G61860	1284	807	1008	1093	806	872
AT3G61870	1655	2748	1496	1675	2868	3445
AT3G61880	50	43	55	25	70	43
AT3G61890	926	543	614	358	320	405
AT3G61897	0	0	0	0	1	0
AT3G61898	14	18	7	8	16	19
AT3G61900	28	38	27	20	9	11
AT3G61910	0	0	0	0	0	0
AT3G61920	2	2	2	1	5	0
AT3G61930	3	0	0	12	1	0
AT3G61940	3	0	0	3	0	3
AT3G61950	215	51	129	119	110	90
AT3G61960	780	299	643	672	502	578
AT3G61962	0	0	0	0	0	0
AT3G61970	58	47	66	55	75	79
AT3G61980	138	158	100	111	68	84
AT3G61990	177	101	115	115	98	81
AT3G62000	154	214	123	137	206	213
AT3G62010	1711	683	1407	1632	2039	2484
AT3G62020	124	108	99	100	132	124
AT3G62030	4685	12850	3876	5852	11133	11121
AT3G62040	69	63	60	68	83	80
AT3G62050	41	43	24	29	26	14
AT3G62060	180	139	120	178	232	204
AT3G62070	94	58	36	56	55	55
AT3G62080	302	124	192	276	211	255
AT3G62090	52	0	39	16	0	5
AT3G62100	19	6	11	21	6	9
AT3G62110	777	601	573	961	666	746
AT3G62120	2032	2936	1640	2274	3298	3371
AT3G62130	560	301	351	472	336	423
AT3G62140	490	278	384	367	274	322
AT3G62150	1083	866	857	1332	2294	2977
AT3G62160	43	43	36	18	40	30
AT3G62170	0	0	0	0	0	0
AT3G62180	0	0	0	0	0	0
AT3G62190	355	474	282	313	314	348
AT3G62200	468	163	381	395	358	402
AT3G62210	1	0	0	0	0	4
AT3G62220	316	176	247	272	239	253
AT3G62230	0	0	0	0	0	0
AT3G62240	911	311	673	811	792	972
AT3G62245	0	0	0	0	0	0
AT3G62250	3975	5551	2987	4190	5613	4845
AT3G62260	412	80	339	165	45	74
AT3G62270	180	17	152	109	110	58
AT3G62280	2	3	3	4	1	1
AT3G62285	0	0	0	0	0	0
AT3G62290	10058	7379	7508	8875	4105	6288
AT3G62300	716	292	542	535	639	602
AT3G62310	1124	491	797	931	870	869
AT3G62320	5	4	1	0	0	0
AT3G62330	580	259	457	577	378	513
AT3G62340	0	0	0	0	0	0
AT3G62350	0	0	0	0	0	0
AT3G62360	1546	519	1281	1548	1760	1666
AT3G62370	489	446	360	453	458	565
AT3G62380	0	0	3	0	0	0
AT3G62390	331	261	272	280	303	389
AT3G62400	370	912	287	428	399	399
AT3G62410	1853	2435	1419	1071	1266	1799
AT3G62420	1115	1010	828	1201	749	985
AT3G62430	9	14	10	14	5	11
AT3G62440	0	0	0	0	0	0
AT3G62450	429	356	338	362	314	306
AT3G62460	43	41	47	62	38	25
AT3G62470	87	65	71	77	82	81
AT3G62499	3	0	0	4	2	4
AT3G62500	45	43	44	32	57	57
AT3G62510	22	11	14	7	12	10
AT3G62528	0	0	0	0	0	0
AT3G62530	1965	3229	1626	2190	3432	2926
AT3G62540	1	0	0	4	2	3
AT3G62550	4638	2081	3647	3574	1572	1972
AT3G62560	562	609	452	493	436	523
AT3G62570	145	45	92	109	67	71
AT3G62580	524	355	366	441	400	406
AT3G62590	129	40	116	151	42	51
AT3G62600	1099	773	907	1216	1149	909
AT3G62610	0	0	1	0	0	2
AT3G62615	0	0	0	0	0	0
AT3G62620	190	140	138	166	159	151
AT3G62630	653	427	569	587	535	713
AT3G62640	0	0	0	1	0	0
AT3G62650	1329	1076	988	1295	522	927
AT3G62660	872	751	651	923	634	955
AT3G62670	0	0	0	0	0	0
AT3G62680	48	8	74	32	2	5
AT3G62690	232	84	166	178	87	117
AT3G62695	0	0	0	0	0	0
AT3G62700	1883	598	1645	1656	2306	2333
AT3G62710	0	0	0	0	0	0
AT3G62720	938	816	677	1071	628	1062
AT3G62730	4	0	3	0	1	2
AT3G62735	0	0	0	0	0	0
AT3G62740	46	18	28	16	31	20
AT3G62750	3117	762	2134	2305	1486	1942
AT3G62760	4	0	3	1	0	0
AT3G62770	504	362	385	480	459	496
AT3G62780	10	6	3	9	8	3
AT3G62790	707	845	607	566	493	583
AT3G62800	318	166	271	292	232	271
AT3G62810	316	439	279	274	227	251
AT3G62820	1097	462	891	631	314	359
AT3G62830	739	452	557	590	448	459
AT3G62840	1814	1978	1290	1440	1224	1220
AT3G62850	0	0	1	0	2	0
AT3G62860	293	320	252	326	255	376
AT3G62870	5390	5117	4146	5888	7359	5724
AT3G62880	166	175	124	138	113	155
AT3G62890	76	24	52	46	39	24
AT3G62900	1220	282	926	1156	1023	1260
AT3G62910	705	847	559	721	1235	1344
AT3G62920	36	54	50	51	38	45
AT3G62930	78	85	39	114	66	109
AT3G62940	723	403	627	674	758	770
AT3G62950	64	49	41	185	16	79
AT3G62960	26	28	11	36	13	36
AT3G62970	390	374	258	276	268	298
AT3G62980	1564	902	1326	1405	1236	1630
AT3G62990	2	0	2	0	0	0
AT3G63000	699	558	559	689	641	791
AT3G63003	0	0	0	0	0	0
AT3G63006	0	0	0	0	0	0
AT3G63010	297	87	226	229	149	155
AT3G63020	1	0	0	0	0	0
AT3G63030	202	100	172	147	83	81
AT3G63040	0	0	0	0	0	1
AT3G63050	35	8	27	12	4	6
AT3G63052	2	3	3	1	0	0
AT3G63060	116	8	112	12	7	8
AT3G63070	1071	274	857	1016	1050	1169
AT3G63080	872	916	681	662	655	693
AT3G63088	13	8	16	23	13	5
AT3G63090	192	104	125	155	194	190
AT3G63093	0	0	2	1	3	1
AT3G63095	0	0	0	0	0	0
AT3G63110	313	311	291	244	449	486
AT3G63120	670	460	510	507	497	585
AT3G63130	486	402	385	495	552	503
AT3G63140	3315	6251	2454	3474	4057	5526
AT3G63150	949	445	718	817	762	835
AT3G63160	9480	4564	7016	7675	2469	3022
AT3G63170	934	1028	775	848	981	889
AT3G63180	875	326	675	698	868	962
AT3G63190	2838	5098	2271	3167	5089	5346
AT3G63200	376	276	257	288	370	290
AT3G63210	773	179	616	501	253	300
AT3G63215	0	0	0	0	0	0
AT3G63220	133	144	108	96	95	108
AT3G63230	2	0	1	0	0	0
AT3G63240	277	129	227	195	179	298
AT3G63250	651	320	496	427	463	449
AT3G63255	0	0	0	0	0	0
AT3G63260	554	152	442	349	314	365
AT3G63270	289	178	207	244	188	197
AT3G63280	117	20	69	43	59	51
AT3G63290	86	53	71	64	43	56
AT3G63300	202	94	148	136	129	116
AT3G63310	558	632	468	662	564	622
AT3G63320	1	1	1	1	1	0
AT3G63340	1091	237	795	858	633	841
AT3G63350	0	0	0	0	0	0
AT3G63360	1	0	0	0	0	0
AT3G63370	202	58	166	185	262	261
AT3G63375	14	18	11	29	19	21
AT3G63380	157	36	114	266	95	111
AT3G63390	254	227	205	218	142	169
AT3G63400	2067	1090	1518	1713	1714	1748
AT3G63410	5574	8530	4420	5414	8320	8749
AT3G63420	320	329	249	271	202	277
AT3G63430	98	52	101	77	80	77
AT3G63440	7	8	2	8	5	9
AT3G63445	144	82	92	79	88	93
AT3G63450	388	160	319	221	199	201
AT3G63460	2790	894	2304	2823	3293	2908
AT3G63470	26	17	37	19	21	18
AT3G63480	62	50	47	47	102	78
AT3G63490	9161	12001	7188	10042	14730	15927
AT3G63500	2327	1032	1803	2059	1366	2097
AT3G63510	340	374	254	321	556	449
AT3G63520	6000	3673	4706	5419	6964	8703
AT3G63530	189	131	133	169	150	152
AT3G63540	3592	6778	2624	3218	3816	4560
AT3G66652	231	83	155	210	236	213
AT3G66654	894	799	631	779	677	819
AT3G66656	0	0	0	0	0	0
AT3G66658	347	185	278	310	326	356
AT4G00005	0	0	0	0	0	0
AT4G00020	190	82	110	181	208	156
AT4G00026	492	446	421	477	576	394
AT4G00030	546	480	411	464	523	720
AT4G00040	820	606	661	566	547	748
AT4G00050	369	160	279	183	431	418
AT4G00060	841	263	665	766	745	753
AT4G00070	9	5	7	13	7	8
AT4G00080	4	3	3	2	1	1
AT4G00085	0	0	0	0	0	0
AT4G00090	532	430	490	496	535	537
AT4G00100	3497	5392	2667	3359	3868	3270
AT4G00110	197	172	138	171	187	187
AT4G00120	0	1	0	1	0	0
AT4G00130	0	0	0	0	0	0
AT4G00140	4	4	0	5	4	7
AT4G00150	594	220	501	457	387	459
AT4G00155	0	0	0	0	0	0
AT4G00160	0	0	0	0	0	0
AT4G00163	0	0	0	0	0	0
AT4G00165	19	21	19	26	16	18
AT4G00170	382	260	290	355	291	282
AT4G00180	1081	1067	937	902	1158	1228
AT4G00190	0	0	0	0	0	0
AT4G00200	73	19	43	36	29	29
AT4G00210	2	5	2	5	3	2
AT4G00220	19	5	9	7	11	9
AT4G00230	277	190	191	248	349	340
AT4G00231	260	197	204	316	258	320
AT4G00232	0	0	0	0	0	0
AT4G00234	0	0	0	0	0	4
AT4G00238	364	256	327	322	241	258
AT4G00240	59	29	48	45	64	101
AT4G00250	11	8	5	7	5	7
AT4G00260	0	0	0	0	2	0
AT4G00270	710	262	521	527	396	453
AT4G00280	1	0	0	0	0	0
AT4G00290	148	101	113	144	164	197
AT4G00295	0	0	0	0	0	0
AT4G00300	916	862	752	957	940	1228
AT4G00305	1	0	3	4	3	1
AT4G00310	73	74	64	73	47	58
AT4G00315	0	0	0	0	0	0
AT4G00320	0	0	0	0	0	0
AT4G00330	1270	701	995	1178	1132	1460
AT4G00335	388	255	321	291	209	244
AT4G00340	797	297	667	795	693	754
AT4G00342	0	0	0	0	0	0
AT4G00350	0	0	0	0	0	0
AT4G00355	1306	991	1039	1041	760	942
AT4G00360	440	351	472	422	1372	991
AT4G00370	658	485	490	656	1381	1069
AT4G00380	205	52	158	151	99	118
AT4G00390	24	19	41	44	30	31
AT4G00400	668	690	598	697	1300	1198
AT4G00416	1	5	2	5	3	5
AT4G00420	372	270	286	353	324	361
AT4G00430	3302	3579	2668	2646	4572	4286
AT4G00440	891	175	714	736	703	726
AT4G00450	1437	360	1232	1384	1293	1540
AT4G00460	39	4	10	12	17	31
AT4G00467	0	0	0	0	0	0
AT4G00480	201	163	143	168	268	266
AT4G00490	380	276	328	249	518	522
AT4G00500	528	90	377	253	142	155
AT4G00520	339	146	310	236	150	169
AT4G00525	31	34	19	23	24	18
AT4G00530	63	97	68	50	57	49
AT4G00540	2	0	1	0	0	0
AT4G00550	497	139	335	319	248	304
AT4G00560	729	413	597	600	374	513
AT4G00570	1481	604	1300	1302	1502	1554
AT4G00580	7	2	3	1	0	2
AT4G00585	684	997	595	621	640	657
AT4G00590	104	66	76	97	62	74
AT4G00600	0	0	0	1	0	0
AT4G00610	0	0	0	0	0	0
AT4G00620	332	252	309	412	644	420
AT4G00630	2002	667	1561	1394	1414	1356
AT4G00650	147	49	105	148	105	163
AT4G00651	0	0	0	2	0	0
AT4G00660	886	337	772	789	889	854
AT4G00670	79	20	34	30	46	28
AT4G00680	17	2	7	3	3	6
AT4G00690	30	15	19	32	26	25
AT4G00695	6	2	9	10	9	4
AT4G00700	17	6	11	25	9	6
AT4G00710	1442	874	1040	1315	1174	1404
AT4G00720	2605	1154	1936	2086	1402	2090
AT4G00730	1562	538	1215	1556	1309	1532
AT4G00740	1340	692	1058	1050	871	944
AT4G00750	668	532	549	551	580	756
AT4G00752	512	227	390	381	336	500
AT4G00755	386	343	253	334	261	356
AT4G00760	399	221	324	424	313	444
AT4G00770	4	4	2	0	1	1
AT4G00780	2659	1684	2176	1892	1512	2067
AT4G00800	1554	325	1310	1448	1329	1743
AT4G00810	1001	2215	698	998	1534	1322
AT4G00820	491	85	377	418	231	241
AT4G00830	1550	1011	1147	1466	1431	1600
AT4G00840	235	221	187	195	168	225
AT4G00850	122	50	99	101	97	81
AT4G00860	918	1557	723	845	924	807
AT4G00870	36	9	16	11	5	12
AT4G00872	1	0	0	0	0	0
AT4G00880	121	48	71	46	49	69
AT4G00883	0	0	0	0	0	0
AT4G00885	0	0	0	0	0	0
AT4G00889	0	0	0	0	0	0
AT4G00890	12	8	8	11	11	9
AT4G00893	0	0	0	1	2	0
AT4G00895	1116	1698	1013	1054	1283	1201
AT4G00900	503	103	459	346	415	313
AT4G00905	0	0	0	0	0	0
AT4G00910	9	2	5	9	1	4
AT4G00920	0	0	0	0	0	0
AT4G00925	0	0	0	0	0	0
AT4G00930	323	100	269	296	290	271
AT4G00940	112	48	80	79	66	105
AT4G00950	674	492	495	502	477	614
AT4G00953	0	0	0	0	0	0
AT4G00955	15	28	24	35	46	52
AT4G00960	5	10	6	4	10	11
AT4G00970	525	176	376	589	282	261
AT4G00975	4	2	0	0	3	0
AT4G00980	47	12	26	46	70	60
AT4G00985	0	0	0	0	0	0
AT4G00990	796	242	655	692	618	737
AT4G01000	2527	2147	1843	2230	1634	2137
AT4G01010	373	92	258	386	106	127
AT4G01020	257	78	221	230	213	287
AT4G01023	1	1	0	2	5	1
AT4G01026	156	90	127	154	100	140
AT4G01030	72	15	56	77	116	132
AT4G01037	740	1004	639	795	1663	1164
AT4G01040	451	402	351	494	425	581
AT4G01050	10977	13130	8458	10647	14601	17915
AT4G01060	26	36	16	10	13	19
AT4G01070	1334	888	932	572	809	729
AT4G01080	26	15	29	26	73	45
AT4G01090	780	225	578	764	510	726
AT4G01100	1653	1068	1270	1363	1670	1882
AT4G01110	6	5	5	5	5	6
AT4G01120	1192	711	933	1030	703	906
AT4G01130	668	298	533	565	355	467
AT4G01140	4	0	3	3	4	4
AT4G01150	15024	24419	11688	14485	14409	19600
AT4G01160	4	0	0	0	0	0
AT4G01170	0	0	0	0	0	0
AT4G01180	0	0	0	1	0	0
AT4G01190	21	3	13	15	3	3
AT4G01200	45	27	32	37	23	29
AT4G01210	1149	786	828	1118	1057	1251
AT4G01220	218	150	189	202	189	158
AT4G01230	4	2	1	1	6	7
AT4G01240	1	0	0	0	0	0
AT4G01245	0	0	0	0	0	0
AT4G01250	604	378	456	937	301	478
AT4G01260	0	0	0	0	0	0
AT4G01270	30	16	33	58	46	31
AT4G01280	302	146	195	192	164	201
AT4G01290	4239	719	3311	3555	3260	3376
AT4G01310	6610	11698	5193	7528	9846	10435
AT4G01320	791	664	689	806	897	849
AT4G01330	1212	1632	1035	1619	1251	2117
AT4G01335	74	27	48	89	11	17
AT4G01340	2	0	0	0	0	0
AT4G01350	11	6	6	24	25	6
AT4G01355	0	0	0	0	0	0
AT4G01360	153	14	123	60	29	22
AT4G01370	1109	613	846	934	968	976
AT4G01380	0	0	0	0	0	0
AT4G01390	190	14	131	63	29	51
AT4G01395	933	611	701	910	770	945
AT4G01400	25	4	26	40	34	30
AT4G01410	310	128	245	230	261	224
AT4G01420	2	2	3	4	8	2
AT4G01430	148	111	107	227	225	158
AT4G01435	5	1	4	1	1	7
AT4G01440	119	51	77	54	93	99
AT4G01450	265	156	254	187	254	281
AT4G01460	468	188	333	292	162	245
AT4G01470	0	0	1	0	0	0
AT4G01480	567	165	516	293	101	99
AT4G01500	11	4	6	6	6	9
AT4G01510	93	42	48	57	38	53
AT4G01516	0	0	0	0	0	0
AT4G01520	0	0	0	0	0	0
AT4G01533	0	0	0	0	0	0
AT4G01535	3	0	2	0	0	0
AT4G01540	131	54	94	100	83	86
AT4G01550	323	163	279	232	209	290
AT4G01560	833	499	642	886	760	604
AT4G01570	446	157	335	343	312	339
AT4G01575	0	0	0	0	0	0
AT4G01580	414	618	255	292	359	433
AT4G01590	799	938	622	818	781	719
AT4G01593	254	130	179	183	98	137
AT4G01595	0	0	0	0	0	0
AT4G01600	169	182	164	124	161	136
AT4G01610	2571	773	2190	1592	984	1048
AT4G01630	6	0	0	0	3	0
AT4G01640	0	0	1	0	0	0
AT4G01650	246	180	206	209	190	213
AT4G01660	399	231	323	354	446	409
AT4G01670	81	39	73	68	38	42
AT4G01671	0	0	0	0	0	0
AT4G01680	173	37	144	221	116	131
AT4G01690	1786	2188	1447	1910	3235	3540
AT4G01700	94	59	77	126	144	78
AT4G01703	0	0	0	0	0	0
AT4G01710	125	172	98	137	116	144
AT4G01720	428	173	345	513	509	437
AT4G01730	157	153	120	141	246	249
AT4G01735	0	0	0	0	0	0
AT4G01740	57	17	50	54	27	26
AT4G01750	144	151	138	277	242	217
AT4G01760	0	0	0	0	0	0
AT4G01770	3	1	4	1	4	3
AT4G01780	0	0	0	0	0	0
AT4G01790	59	32	52	68	37	24
AT4G01800	3182	2374	2513	3645	5229	6911
AT4G01810	801	400	654	797	929	880
AT4G01820	5	0	6	4	0	1
AT4G01830	5	5	12	6	1	0
AT4G01840	85	45	75	122	119	143
AT4G01850	6457	7102	5237	6390	7432	7632
AT4G01860	484	177	357	454	483	477
AT4G01865	0	0	0	0	2	1
AT4G01870	2020	1145	1856	1622	2391	2076
AT4G01880	241	138	174	190	169	202
AT4G01883	215	569	164	226	619	640
AT4G01890	1	0	0	0	0	0
AT4G01895	45	53	33	49	38	17
AT4G01897	195	167	125	170	103	149
AT4G01900	992	1026	783	1013	855	863
AT4G01910	41	17	18	22	30	19
AT4G01915	141	105	92	103	65	124
AT4G01920	38	9	34	32	37	26
AT4G01925	0	0	0	2	0	0
AT4G01930	0	0	0	5	4	4
AT4G01935	174	176	169	141	214	207
AT4G01940	907	1037	751	835	872	1045
AT4G01950	950	260	867	642	299	420
AT4G01960	695	534	481	468	443	528
AT4G01970	1	3	0	2	0	1
AT4G01985	6	1	13	2	3	2
AT4G01990	128	95	111	97	115	76
AT4G01995	341	362	201	261	315	389
AT4G02000	21	2	17	12	10	23
AT4G02005	74	34	69	43	35	37
AT4G02010	572	232	536	601	631	618
AT4G02020	983	365	731	771	699	867
AT4G02030	779	341	616	690	754	818
AT4G02040	2	0	0	0	0	0
AT4G02050	952	209	744	605	295	346
AT4G02055	0	0	0	0	0	0
AT4G02060	345	242	268	410	544	396
AT4G02070	259	71	223	238	276	232
AT4G02075	94	83	86	131	64	62
AT4G02080	1237	1049	930	1013	808	1011
AT4G02090	4	11	5	8	5	6
AT4G02100	260	186	240	246	251	313
AT4G02110	112	64	108	134	320	232
AT4G02120	938	325	681	780	741	807
AT4G02130	718	1023	548	842	816	1176
AT4G02140	15	13	19	8	7	7
AT4G02150	612	311	525	575	868	665
AT4G02160	0	0	1	0	1	0
AT4G02170	14	12	7	13	31	20
AT4G02180	1	0	1	7	8	11
AT4G02190	0	0	0	0	0	0
AT4G02195	262	211	229	234	175	180
AT4G02200	288	122	220	387	117	146
AT4G02210	142	57	130	154	113	199
AT4G02220	324	129	224	286	196	231
AT4G02230	2514	2473	1823	2611	2214	2109
AT4G02235	0	0	0	0	0	0
AT4G02250	0	0	0	0	0	0
AT4G02260	1600	462	1263	1657	1481	1729
AT4G02270	23	0	26	4	0	2
AT4G02280	216	43	154	75	60	85
AT4G02290	560	156	406	283	332	409
AT4G02300	0	0	0	0	0	0
AT4G02310	0	0	0	0	0	0
AT4G02320	2	0	1	2	1	0
AT4G02330	402	174	382	488	900	292
AT4G02340	1000	479	767	702	665	695
AT4G02350	1079	962	882	1141	1035	1294
AT4G02360	78	37	35	24	29	20
AT4G02370	1284	1001	991	1089	820	924
AT4G02380	7494	14008	5702	6594	7460	9451
AT4G02390	174	109	131	134	349	236
AT4G02400	861	328	725	958	945	731
AT4G02405	178	106	155	178	128	146
AT4G02410	1011	84	799	860	142	178
AT4G02420	110	52	120	62	110	89
AT4G02425	143	76	96	101	94	120
AT4G02430	552	287	416	404	289	388
AT4G02440	572	655	483	648	584	813
AT4G02450	1686	1904	1442	1697	2332	2018
AT4G02460	258	61	200	194	197	217
AT4G02465	2	1	0	0	0	1
AT4G02480	5466	2711	4490	5781	5864	7496
AT4G02482	23	6	36	28	21	26
AT4G02485	74	61	59	58	48	55
AT4G02489	0	0	0	0	0	0
AT4G02500	1636	809	1345	1599	1265	1356
AT4G02510	7627	4368	6147	8240	11209	11724
AT4G02520	552	612	384	950	345	271
AT4G02530	2010	3357	1661	2081	3229	3756
AT4G02540	759	358	588	707	837	1061
AT4G02541	1	0	0	0	0	0
AT4G02550	407	203	272	369	193	241
AT4G02555	0	0	0	0	0	0
AT4G02560	970	241	710	914	745	835
AT4G02570	3371	1803	2624	3470	3902	3766
AT4G02580	1606	1797	1291	1500	2005	1873
AT4G02590	688	389	510	508	569	650
AT4G02600	524	267	432	424	438	427
AT4G02610	341	217	246	293	234	269
AT4G02620	1080	1193	776	848	929	912
AT4G02630	193	58	109	108	107	134
AT4G02640	1402	443	1055	1075	908	1123
AT4G02650	4	0	2	0	0	1
AT4G02655	0	0	0	0	0	0
AT4G02660	72	34	55	92	132	89
AT4G02670	14	6	8	11	17	11
AT4G02680	1343	544	1081	1271	1065	991
AT4G02690	5	0	2	2	2	0
AT4G02700	85	42	81	56	73	65
AT4G02710	413	110	315	256	307	271
AT4G02715	1305	395	1130	1101	564	768
AT4G02720	0	0	0	0	0	0
AT4G02725	380	691	322	382	496	565
AT4G02730	71	41	39	75	46	51
AT4G02733	0	0	0	0	0	0
AT4G02735	0	0	0	0	0	0
AT4G02740	436	234	269	358	297	313
AT4G02750	104	35	84	101	61	66
AT4G02760	211	77	140	131	120	108
AT4G02770	44305	55047	36614	36898	41734	59952
AT4G02780	15	5	6	14	17	9
AT4G02790	935	1132	807	970	1621	1519
AT4G02800	252	327	194	289	504	343
AT4G02810	10	43	10	19	20	13
AT4G02820	280	205	228	287	249	284
AT4G02830	12	11	10	4	2	4
AT4G02840	583	689	394	523	488	525
AT4G02850	28	93	13	49	95	87
AT4G02860	450	336	339	332	300	309
AT4G02870	0	0	0	0	0	0
AT4G02880	595	317	500	546	379	504
AT4G02890	1963	1465	1550	1412	1395	1405
AT4G02900	272	68	194	186	206	225
AT4G02910	0	0	0	0	0	0
AT4G02920	2918	4209	2248	3635	4789	6196
AT4G02930	1105	865	924	1221	1687	982
AT4G02940	1636	436	1412	1077	1170	1019
AT4G02950	0	0	0	0	0	0
AT4G02970	320	861	222	382	411	489
AT4G02980	279	157	271	255	196	213
AT4G02990	836	729	700	946	1535	1098
AT4G03000	1069	533	772	966	862	1026
AT4G03010	118	67	101	81	75	64
AT4G03020	1349	717	1110	1179	1184	1356
AT4G03030	1197	708	816	1111	563	865
AT4G03038	0	0	1	0	0	0
AT4G03039	0	0	0	0	0	0
AT4G03040	0	0	0	0	0	0
AT4G03050	0	0	0	1	0	0
AT4G03070	102	104	100	63	113	124
AT4G03080	946	369	817	882	1149	1221
AT4G03090	361	167	280	329	443	389
AT4G03100	187	215	144	176	379	253
AT4G03110	654	725	431	613	1046	1205
AT4G03113	0	0	0	0	0	0
AT4G03115	118	69	64	121	70	102
AT4G03120	258	289	253	243	325	310
AT4G03130	19	2	7	17	27	22
AT4G03135	0	0	0	0	0	0
AT4G03140	14	2	15	19	16	26
AT4G03150	226	236	196	218	239	288
AT4G03153	0	0	0	0	0	0
AT4G03156	0	0	0	0	0	0
AT4G03157	0	0	0	0	0	0
AT4G03160	0	0	0	0	0	0
AT4G03165	0	0	0	0	0	0
AT4G03170	0	0	0	0	0	0
AT4G03175	8	1	2	4	0	0
AT4G03180	383	296	283	348	284	281
AT4G03190	425	147	354	397	308	504
AT4G03200	710	313	541	593	923	915
AT4G03205	631	324	494	377	419	567
AT4G03210	2558	3276	1983	2094	3059	3694
AT4G03220	2	3	2	6	4	2
AT4G03230	238	78	192	196	135	176
AT4G03240	275	272	218	284	244	254
AT4G03250	193	104	162	173	147	136
AT4G03260	2211	906	1681	2205	2128	2341
AT4G03270	60	42	64	61	101	80
AT4G03280	10088	19737	7945	10437	11321	16458
AT4G03285	0	0	0	0	0	0
AT4G03290	0	0	0	0	1	0
AT4G03292	3	2	2	3	10	3
AT4G03295	0	0	1	2	0	1
AT4G03298	0	0	0	0	0	0
AT4G03320	67	69	79	104	85	48
AT4G03330	7	4	2	5	12	16
AT4G03340	34	39	22	40	22	22
AT4G03350	0	0	0	0	0	0
AT4G03360	0	0	0	0	0	0
AT4G03370	0	0	0	0	0	0
AT4G03380	19	1	19	1	0	1
AT4G03390	1233	594	958	1308	1339	1551
AT4G03400	591	252	467	450	492	644
AT4G03405	0	0	0	0	0	0
AT4G03410	381	235	313	323	318	484
AT4G03415	1093	556	991	1052	869	1000
AT4G03420	317	303	239	429	335	570
AT4G03430	1139	519	902	1057	1084	1286
AT4G03435	0	0	0	0	0	0
AT4G03438	0	0	0	0	0	0
AT4G03440	141	50	102	110	80	134
AT4G03443	4	1	8	7	7	9
AT4G03445	12	0	7	8	8	10
AT4G03450	4	2	5	18	0	1
AT4G03455	0	0	0	0	0	0
AT4G03460	0	4	6	13	32	3
AT4G03470	0	0	0	0	0	0
AT4G03480	0	0	0	1	0	5
AT4G03490	21	8	15	14	16	11
AT4G03495	0	0	0	0	0	0
AT4G03500	0	5	3	4	1	1
AT4G03505	0	1	0	1	0	0
AT4G03510	237	498	190	466	265	392
AT4G03520	5329	5327	4361	5230	3884	4707
AT4G03525	0	0	0	0	0	0
AT4G03535	0	0	0	0	0	0
AT4G03540	2	0	0	0	0	0
AT4G03545	0	0	0	0	0	0
AT4G03550	1086	379	785	1097	1541	1424
AT4G03555	0	0	0	0	0	0
AT4G03560	2338	1058	2078	1956	2356	2573
AT4G03565	0	0	0	0	0	0
AT4G03566	0	0	0	0	0	0
AT4G03570	0	0	0	0	0	0
AT4G03575	0	0	0	0	0	0
AT4G03580	0	0	0	0	0	0
AT4G03585	0	0	0	0	0	0
AT4G03590	0	0	0	0	0	0
AT4G03595	11	7	3	9	10	14
AT4G03600	12	27	28	17	26	25
AT4G03605	0	0	0	0	1	0
AT4G03610	16	1	19	9	8	6
AT4G03620	0	0	0	0	0	0
AT4G03625	0	0	0	0	0	0
AT4G03630	0	0	0	0	0	0
AT4G03635	134	105	74	108	61	83
AT4G03645	0	0	0	0	0	0
AT4G03655	0	0	0	0	0	0
AT4G03665	0	0	0	0	0	0
AT4G03675	0	0	0	0	0	0
AT4G03685	0	0	0	0	0	0
AT4G03705	3	0	1	3	2	0
AT4G03715	0	0	0	0	0	0
AT4G03725	9	0	0	3	0	5
AT4G03728	0	0	0	0	0	0
AT4G03740	0	0	0	0	0	0
AT4G03755	8	3	3	14	2	7
AT4G03765	0	0	0	0	0	0
AT4G03785	0	0	0	0	0	0
AT4G03805	0	0	0	0	0	0
AT4G03811	5	6	3	1	3	0
AT4G03815	0	0	0	0	0	0
AT4G03820	198	71	185	160	252	152
AT4G03830	0	0	0	0	0	0
AT4G03845	2	8	2	3	1	1
AT4G03855	0	0	0	0	0	0
AT4G03875	0	1	2	0	0	0
AT4G03895	0	0	0	0	0	0
AT4G03905	1	1	0	0	0	0
AT4G03915	0	0	0	0	0	0
AT4G03925	0	0	1	0	3	0
AT4G03930	2	5	5	14	16	11
AT4G03935	66	78	65	53	73	82
AT4G03940	52	43	41	62	50	56
AT4G03945	0	0	0	0	0	0
AT4G03950	0	0	0	0	0	0
AT4G03955	0	0	0	0	0	0
AT4G03960	380	66	314	144	45	41
AT4G03965	5	7	9	10	9	3
AT4G03985	0	0	0	0	0	0
AT4G03995	0	0	0	0	0	0
AT4G04005	2	0	2	1	0	1
AT4G04015	7	1	3	9	2	2
AT4G04020	1765	1656	1375	1068	2096	1923
AT4G04025	4	0	6	0	0	0
AT4G04030	0	0	0	0	0	0
AT4G04035	0	0	0	1	0	0
AT4G04040	3076	1015	2480	2383	1737	2239
AT4G04055	0	0	0	0	0	0
AT4G04065	0	0	0	0	0	0
AT4G04075	12	3	10	13	3	3
AT4G04077	0	0	0	0	0	0
AT4G04078	0	0	0	0	0	0
AT4G04080	0	0	0	0	0	0
AT4G04085	0	0	0	0	0	0
AT4G04090	0	0	0	0	0	0
AT4G04095	0	0	0	0	0	0
AT4G04110	0	0	0	0	0	0
AT4G04115	0	0	0	0	0	0
AT4G04125	0	0	0	0	0	0
AT4G04135	2	1	0	2	1	0
AT4G04180	198	66	134	129	150	130
AT4G04185	0	0	0	0	0	0
AT4G04190	55	26	39	89	35	36
AT4G04195	0	0	0	0	0	0
AT4G04200	188	215	112	143	147	162
AT4G04205	1	0	0	1	1	0
AT4G04210	648	377	518	490	459	459
AT4G04215	0	0	0	0	0	0
AT4G04220	0	0	0	4	0	0
AT4G04221	8	1	2	1	3	1
AT4G04223	63	48	57	58	28	33
AT4G04225	5	10	6	5	5	10
AT4G04235	0	0	0	0	0	0
AT4G04260	5	2	0	0	4	0
AT4G04265	0	0	0	0	0	0
AT4G04275	0	0	0	0	0	0
AT4G04285	0	0	0	0	0	0
AT4G04295	0	0	0	0	0	0
AT4G04305	0	0	0	0	0	0
AT4G04315	0	0	0	0	0	0
AT4G04320	473	183	410	425	384	412
AT4G04325	0	0	1	0	0	0
AT4G04330	1097	317	833	1088	174	317
AT4G04335	0	0	0	0	0	0
AT4G04340	3546	1360	2904	2845	2078	2765
AT4G04345	0	0	0	0	0	0
AT4G04350	1082	598	866	1047	2027	1984
AT4G04355	0	0	0	0	0	0
AT4G04360	124	73	90	82	56	69
AT4G04365	0	0	0	0	0	0
AT4G04370	140	21	127	162	127	153
AT4G04385	0	0	0	0	0	0
AT4G04402	0	0	0	0	0	0
AT4G04404	0	0	0	0	0	0
AT4G04415	2	0	4	0	1	1
AT4G04423	13	3	9	3	11	11
AT4G04425	2	0	0	0	1	0
AT4G04435	38	35	18	28	22	25
AT4G04445	0	0	1	1	1	3
AT4G04450	47	14	53	35	20	26
AT4G04455	0	0	0	0	0	0
AT4G04460	40	16	44	25	28	22
AT4G04465	0	2	0	0	1	1
AT4G04470	350	231	296	249	181	210
AT4G04475	0	0	0	0	2	2
AT4G04480	2	1	3	0	0	2
AT4G04485	2	0	0	1	1	3
AT4G04490	22	3	15	20	11	18
AT4G04500	1	0	1	14	2	3
AT4G04505	0	0	0	0	0	0
AT4G04510	0	0	0	1	0	1
AT4G04515	0	0	0	0	0	0
AT4G04535	0	0	0	0	0	1
AT4G04540	3	0	7	16	3	3
AT4G04555	0	0	0	0	0	0
AT4G04565	0	12	0	5	3	4
AT4G04570	1192	599	1025	1042	1054	1263
AT4G04580	0	0	0	0	0	0
AT4G04585	0	0	0	0	0	0
AT4G04601	0	0	0	0	0	0
AT4G04605	1	0	0	0	0	0
AT4G04610	1035	204	869	485	375	271
AT4G04614	489	502	383	419	279	336
AT4G04615	0	0	0	0	1	0
AT4G04620	783	458	562	540	332	356
AT4G04625	0	0	0	0	0	1
AT4G04630	190	133	175	157	128	192
AT4G04632	0	0	0	0	0	0
AT4G04640	13165	15591	11403	13426	22803	28633
AT4G04645	0	0	0	0	0	0
AT4G04650	0	0	0	0	0	0
AT4G04665	0	0	0	0	0	0
AT4G04670	243	66	207	295	281	222
AT4G04675	0	0	1	2	0	0
AT4G04680	1	3	0	1	0	4
AT4G04690	0	0	0	0	0	0
AT4G04695	150	76	89	114	154	157
AT4G04700	122	120	92	100	225	130
AT4G04710	8	4	3	7	8	6
AT4G04720	948	451	806	850	967	979
AT4G04730	0	0	0	0	0	0
AT4G04740	805	190	661	753	626	742
AT4G04745	25	14	22	15	11	10
AT4G04750	85	16	74	33	49	34
AT4G04755	0	0	0	0	0	0
AT4G04760	4	0	5	2	0	3
AT4G04765	0	0	0	0	0	0
AT4G04770	2304	1941	1878	2127	2241	2994
AT4G04775	0	0	0	0	0	0
AT4G04780	171	241	149	166	171	180
AT4G04785	0	0	0	0	0	0
AT4G04790	98	41	90	97	121	82
AT4G04795	0	0	0	0	0	0
AT4G04800	415	333	319	319	196	308
AT4G04805	0	0	0	0	0	0
AT4G04810	67	42	42	42	41	51
AT4G04815	0	0	0	0	0	0
AT4G04825	0	0	0	0	0	0
AT4G04830	590	316	393	142	288	258
AT4G04835	13	0	7	8	5	8
AT4G04840	128	530	92	226	657	604
AT4G04850	470	698	328	472	1258	1249
AT4G04855	2	0	0	3	1	1
AT4G04860	455	327	319	339	245	333
AT4G04865	13	1	6	6	1	5
AT4G04870	131	107	110	122	170	148
AT4G04875	0	0	1	0	0	1
AT4G04880	198	190	169	167	229	229
AT4G04885	660	283	515	664	656	828
AT4G04890	1940	1333	1601	1734	2647	2572
AT4G04895	1	0	0	2	0	3
AT4G04900	12	2	9	8	7	9
AT4G04905	0	0	0	0	0	0
AT4G04910	724	433	636	692	848	900
AT4G04920	643	182	457	501	601	619
AT4G04925	202	227	128	146	102	137
AT4G04930	0	0	0	0	0	0
AT4G04940	283	76	240	313	326	194
AT4G04945	0	0	0	0	0	0
AT4G04950	526	310	434	488	612	527
AT4G04955	427	319	388	366	327	586
AT4G04957	0	0	0	0	0	0
AT4G04960	352	135	287	431	172	227
AT4G04965	0	0	0	0	0	0
AT4G04970	478	279	394	508	581	619
AT4G04972	5	1	1	2	1	6
AT4G04975	0	0	0	0	0	0
AT4G04980	0	0	0	0	0	0
AT4G04985	0	0	0	0	0	0
AT4G04990	3	0	2	3	0	0
AT4G04995	4	2	1	0	0	0
AT4G05000	271	171	198	225	233	207
AT4G05005	0	0	0	0	0	0
AT4G05010	161	68	138	106	45	61
AT4G05015	0	0	0	1	1	0
AT4G05018	5	0	0	3	3	4
AT4G05020	273	110	243	158	199	178
AT4G05025	0	0	0	0	0	0
AT4G05030	4	1	3	1	0	0
AT4G05040	346	106	226	285	231	304
AT4G05045	0	0	0	0	0	0
AT4G05048	0	0	0	0	0	0
AT4G05050	7109	3206	5589	4040	3018	3022
AT4G05055	2	0	0	0	0	0
AT4G05060	375	525	305	386	370	416
AT4G05065	0	0	0	0	0	0
AT4G05070	1055	2381	865	1291	837	1406
AT4G05071	3	2	2	1	0	0
AT4G05075	0	0	0	0	0	0
AT4G05080	0	0	0	0	0	0
AT4G05085	0	0	0	1	0	0
AT4G05090	301	330	272	288	404	471
AT4G05091	3	0	0	2	0	5
AT4G05095	0	0	0	0	0	1
AT4G05097	1	0	2	0	0	0
AT4G05100	179	3	134	23	5	6
AT4G05105	4	0	2	0	0	1
AT4G05110	14	5	3	4	27	22
AT4G05115	0	0	0	0	0	0
AT4G05120	136	116	139	153	216	171
AT4G05125	0	0	0	0	0	0
AT4G05130	35	28	35	43	34	67
AT4G05135	0	0	0	0	0	0
AT4G05140	0	0	0	0	0	0
AT4G05150	3367	1778	2620	3244	1775	2740
AT4G05155	3	0	0	4	0	1
AT4G05160	1066	649	777	881	1004	992
AT4G05170	9	3	8	7	0	8
AT4G05180	33065	32488	26611	28844	18558	31887
AT4G05190	250	146	204	312	597	444
AT4G05200	6	0	17	9	4	6
AT4G05205	0	0	0	0	0	0
AT4G05210	19	12	20	11	14	17
AT4G05215	0	0	0	0	0	0
AT4G05220	0	0	0	0	0	0
AT4G05225	0	0	0	0	0	0
AT4G05230	0	0	0	0	0	0
AT4G05235	0	0	0	0	0	0
AT4G05240	0	0	0	0	0	0
AT4G05245	0	0	0	0	0	0
AT4G05250	0	0	0	0	0	0
AT4G05255	0	0	0	0	0	0
AT4G05260	0	0	0	0	0	0
AT4G05270	0	0	0	0	0	0
AT4G05275	2	0	0	1	1	0
AT4G05285	0	0	0	0	0	0
AT4G05295	0	0	0	0	0	0
AT4G05305	0	0	0	0	0	0
AT4G05310	0	0	0	0	0	0
AT4G05315	0	0	0	1	2	0
AT4G05320	19643	15374	16213	17848	21445	20674
AT4G05330	220	233	220	320	223	345
AT4G05335	0	2	0	2	0	1
AT4G05340	0	0	0	0	0	0
AT4G05350	0	0	0	0	0	0
AT4G05355	0	0	0	0	0	0
AT4G05360	1	0	0	0	0	0
AT4G05365	0	0	0	0	0	0
AT4G05375	0	0	0	0	0	0
AT4G05380	0	7	3	2	40	15
AT4G05385	0	0	0	0	0	0
AT4G05390	933	607	797	813	872	652
AT4G05395	0	0	0	0	0	0
AT4G05400	387	285	338	325	357	291
AT4G05405	1	0	0	0	0	0
AT4G05410	267	151	229	308	335	239
AT4G05415	0	0	0	0	0	0
AT4G05420	1299	445	1028	1385	1481	1637
AT4G05425	1	0	0	5	0	1
AT4G05430	13	8	10	7	7	11
AT4G05435	0	0	0	0	0	0
AT4G05440	199	139	155	198	194	149
AT4G05445	0	1	0	1	0	0
AT4G05450	109	57	88	77	69	110
AT4G05455	0	0	0	0	0	0
AT4G05460	201	217	172	160	137	175
AT4G05465	0	0	0	0	0	0
AT4G05470	0	2	0	1	4	1
AT4G05475	0	1	0	0	0	1
AT4G05485	0	0	0	0	0	0
AT4G05490	0	0	0	0	0	0
AT4G05497	3	2	1	2	4	3
AT4G05508	0	0	0	0	0	0
AT4G05520	180	184	163	215	483	346
AT4G05523	1	0	0	0	0	0
AT4G05525	0	0	0	0	0	0
AT4G05530	1064	642	830	757	675	637
AT4G05535	1	0	1	1	0	0
AT4G05540	0	0	0	0	0	0
AT4G05545	0	0	0	0	0	0
AT4G05553	1	0	0	0	0	0
AT4G05555	0	0	0	0	0	0
AT4G05565	0	0	0	0	0	1
AT4G05590	146	61	116	117	82	59
AT4G05605	0	0	0	0	0	0
AT4G05612	0	0	0	0	0	0
AT4G05615	0	0	0	0	0	0
AT4G05620	0	0	0	0	0	0
AT4G05625	0	0	0	0	0	0
AT4G05630	0	0	0	0	0	0
AT4G05631	107	15	78	88	63	105
AT4G05632	0	0	0	0	0	0
AT4G05645	0	0	0	0	0	0
AT4G05650	4	21	4	5	11	18
AT4G05655	0	0	0	0	0	0
AT4G05660	0	0	0	0	0	0
AT4G05665	0	0	0	0	0	0
AT4G05670	0	0	0	0	0	0
AT4G05675	0	0	0	0	0	0
AT4G05680	0	0	0	0	0	0
AT4G05685	23	18	22	31	16	9
AT4G05690	1	0	1	1	0	5
AT4G05695	0	0	0	0	0	0
AT4G05700	0	0	0	0	0	0
AT4G05705	0	0	0	0	0	0
AT4G05710	0	0	0	0	0	0
AT4G05715	1	0	1	0	1	1
AT4G05720	0	0	0	0	0	0
AT4G05730	0	0	0	0	0	0
AT4G05735	0	0	0	0	0	0
AT4G05740	0	0	0	0	0	0
AT4G05745	0	0	0	0	0	0
AT4G05750	0	0	0	0	0	0
AT4G05755	0	0	0	0	0	0
AT4G05760	0	0	0	0	1	0
AT4G05765	0	0	0	0	0	0
AT4G05770	0	0	0	0	0	0
AT4G05775	0	0	0	0	1	0
AT4G05780	1	1	0	0	0	0
AT4G05785	1	0	2	0	0	5
AT4G05790	0	0	0	0	0	0
AT4G05795	0	0	0	0	0	0
AT4G05800	0	0	0	0	0	0
AT4G05805	0	0	0	0	0	0
AT4G05810	0	0	1	0	0	0
AT4G05815	0	0	0	0	0	0
AT4G05840	2	0	0	0	0	2
AT4G05845	0	0	0	0	0	0
AT4G05850	0	0	0	0	0	3
AT4G05855	0	0	0	0	0	0
AT4G05860	0	0	0	0	0	0
AT4G05865	0	0	0	0	0	0
AT4G05870	0	0	0	0	0	0
AT4G05875	0	0	0	0	0	0
AT4G05880	0	0	0	1	0	0
AT4G05885	0	0	0	0	0	0
AT4G05890	3	0	2	0	0	0
AT4G05895	1	0	0	0	0	0
AT4G05900	0	0	0	2	0	0
AT4G05905	0	0	0	0	0	0
AT4G05910	0	0	0	0	0	0
AT4G05915	0	0	0	0	0	0
AT4G05920	0	0	0	0	0	0
AT4G05925	0	0	0	0	0	0
AT4G05930	0	0	0	0	0	0
AT4G05935	0	0	0	0	0	0
AT4G05940	0	0	0	0	0	0
AT4G05945	0	0	0	0	0	0
AT4G05950	0	0	0	0	0	0
AT4G05965	0	0	0	0	0	0
AT4G05970	0	0	0	0	0	0
AT4G05975	0	0	0	0	0	0
AT4G05980	0	0	0	0	0	0
AT4G05985	0	0	0	0	0	0
AT4G05990	0	0	0	0	0	0
AT4G05995	0	0	0	0	0	0
AT4G06000	0	0	0	0	0	0
AT4G06005	0	0	0	0	0	0
AT4G06010	0	3	0	0	0	0
AT4G06015	1	1	0	0	2	0
AT4G06045	0	0	0	0	0	0
AT4G06050	0	0	0	0	0	0
AT4G06055	0	0	0	0	0	0
AT4G06060	8	2	8	4	2	5
AT4G06065	2	0	1	1	0	0
AT4G06070	0	0	0	0	0	0
AT4G06075	19	4	13	26	18	6
AT4G06080	7	4	8	8	5	1
AT4G06085	1	0	2	0	0	0
AT4G06090	0	0	0	0	0	0
AT4G06095	0	0	0	0	0	0
AT4G06105	0	0	0	0	0	0
AT4G06110	0	0	0	0	0	0
AT4G06115	8	0	17	17	0	1
AT4G06130	0	0	0	0	0	0
AT4G06135	0	0	0	0	0	0
AT4G06140	0	1	0	1	0	0
AT4G06145	0	0	0	0	0	0
AT4G06155	0	0	0	0	0	0
AT4G06160	1	0	0	4	0	1
AT4G06165	0	0	0	0	0	0
AT4G06170	0	0	0	0	0	0
AT4G06175	0	0	0	0	0	0
AT4G06185	0	0	0	0	0	0
AT4G06195	28	78	12	32	38	35
AT4G06200	0	0	0	0	0	0
AT4G06205	0	0	0	0	0	0
AT4G06210	0	0	0	0	0	0
AT4G06215	0	0	0	0	0	0
AT4G06225	1	2	3	5	5	0
AT4G06235	1	0	0	5	0	0
AT4G06240	0	0	0	0	0	0
AT4G06245	0	0	0	0	0	0
AT4G06250	0	0	0	0	0	0
AT4G06255	1	0	0	0	0	0
AT4G06260	0	0	0	0	0	0
AT4G06265	3	12	3	3	6	4
AT4G06280	0	0	0	0	0	0
AT4G06285	0	0	0	0	0	0
AT4G06290	0	0	0	0	0	0
AT4G06295	0	0	0	0	0	0
AT4G06300	0	0	0	0	0	0
AT4G06305	1	0	0	0	0	0
AT4G06310	0	1	0	3	1	0
AT4G06315	1	0	0	0	0	1
AT4G06320	1	0	0	1	0	0
AT4G06330	0	0	0	0	1	2
AT4G06335	0	0	0	0	0	0
AT4G06340	2	0	8	0	0	1
AT4G06345	0	0	0	0	0	0
AT4G06365	0	0	0	0	0	0
AT4G06370	0	0	0	0	0	0
AT4G06375	2	3	4	2	3	2
AT4G06380	0	0	0	0	0	0
AT4G06385	0	0	0	0	0	0
AT4G06390	0	0	0	0	0	0
AT4G06395	0	1	1	0	0	0
AT4G06400	0	0	0	0	0	0
AT4G06405	0	0	0	0	0	0
AT4G06410	18	23	20	9	7	17
AT4G06415	0	0	0	0	0	0
AT4G06425	0	0	0	0	0	0
AT4G06440	0	0	0	0	0	0
AT4G06445	0	0	0	0	0	0
AT4G06450	0	0	0	0	0	0
AT4G06455	0	0	0	0	0	0
AT4G06460	0	0	0	0	0	0
AT4G06479	0	0	0	0	0	0
AT4G06490	0	0	0	0	0	0
AT4G06526	0	0	0	0	0	0
AT4G06534	31	7	22	21	23	30
AT4G06536	35	14	9	18	6	22
AT4G06583	0	0	0	0	0	0
AT4G06598	79	31	88	88	91	138
AT4G06599	517	282	435	476	415	434
AT4G06634	541	403	445	461	420	487
AT4G06639	0	0	0	0	0	0
AT4G06643	0	0	0	0	0	0
AT4G06655	0	0	0	0	0	0
AT4G06665	0	0	0	0	0	0
AT4G06675	0	0	0	0	0	0
AT4G06676	197	98	132	118	93	107
AT4G06685	0	0	0	0	0	0
AT4G06688	0	0	0	0	0	0
AT4G06695	2	0	0	0	0	0
AT4G06701	172	66	85	114	58	61
AT4G06705	0	0	0	0	0	0
AT4G06715	0	0	0	0	0	0
AT4G06725	0	0	0	0	0	0
AT4G06744	103	58	122	99	132	78
AT4G06745	0	0	0	0	0	0
AT4G06746	38	59	38	80	49	59
AT4G06755	0	0	1	0	0	0
AT4G06760	0	0	0	0	0	0
AT4G06765	0	0	0	0	0	0
AT4G06770	8	3	4	6	7	3
AT4G06775	5	1	19	10	7	5
AT4G06780	0	0	0	0	0	0
AT4G06785	0	0	0	0	0	0
AT4G06795	0	1	0	0	1	0
AT4G06800	0	0	0	0	0	0
AT4G06805	0	0	0	0	0	0
AT4G06810	2	1	0	0	0	2
AT4G06815	0	0	0	4	0	2
AT4G06820	1	1	0	2	0	0
AT4G06825	0	0	0	0	0	0
AT4G06830	0	0	0	0	0	0
AT4G06835	2	7	2	1	4	2
AT4G06845	0	0	0	0	0	0
AT4G06850	2	0	0	0	0	0
AT4G06855	0	0	0	0	0	0
AT4G06860	0	0	2	0	0	0
AT4G06865	0	0	0	0	0	0
AT4G06870	0	0	0	0	0	0
AT4G06875	0	0	0	0	0	0
AT4G06880	23	20	19	13	10	11
AT4G06885	0	0	0	0	0	0
AT4G06890	0	0	0	0	0	0
AT4G06895	0	0	0	0	0	0
AT4G06900	0	0	1	0	0	0
AT4G06905	0	0	0	0	0	0
AT4G06910	0	0	0	0	0	0
AT4G06915	0	0	0	0	0	0
AT4G06920	0	0	0	0	0	0
AT4G06925	0	0	0	0	0	0
AT4G06930	0	0	0	0	0	0
AT4G06935	13	1	6	4	0	0
AT4G06945	0	0	0	0	0	0
AT4G06950	0	0	0	0	0	0
AT4G06955	7	2	4	4	2	0
AT4G06960	0	0	0	0	0	0
AT4G06965	0	0	0	0	0	0
AT4G06970	0	0	0	0	0	0
AT4G06975	0	0	0	0	0	0
AT4G06980	25	15	7	14	24	7
AT4G06985	0	0	0	0	0	0
AT4G06990	0	0	0	0	0	0
AT4G06995	0	1	1	2	1	0
AT4G07000	0	0	0	0	0	0
AT4G07005	0	0	0	0	0	0
AT4G07010	0	0	0	0	0	0
AT4G07015	0	0	0	0	0	0
AT4G07020	0	0	0	0	0	2
AT4G07025	0	0	0	0	0	0
AT4G07030	0	0	0	0	0	0
AT4G07040	0	0	0	0	0	0
AT4G07045	0	0	0	0	0	0
AT4G07050	0	0	0	0	0	0
AT4G07055	0	0	0	0	0	0
AT4G07060	0	0	0	0	0	0
AT4G07065	0	0	0	0	0	0
AT4G07070	1	0	0	1	0	0
AT4G07075	0	0	0	0	0	0
AT4G07080	0	0	0	0	0	0
AT4G07085	1	0	0	0	0	1
AT4G07090	0	0	0	0	0	0
AT4G07095	0	0	0	0	0	1
AT4G07100	0	0	0	0	0	0
AT4G07105	0	0	0	0	0	0
AT4G07110	0	0	0	0	0	0
AT4G07115	0	0	0	0	0	0
AT4G07120	0	0	0	0	0	0
AT4G07125	0	0	0	0	0	0
AT4G07130	0	0	0	0	0	0
AT4G07135	1	0	0	0	0	0
AT4G07145	0	0	0	0	0	0
AT4G07150	0	0	0	0	0	0
AT4G07160	0	0	0	0	0	0
AT4G07165	0	0	0	0	0	0
AT4G07170	4	10	2	1	3	3
AT4G07175	0	0	0	0	0	0
AT4G07180	0	0	0	0	0	0
AT4G07185	0	0	0	0	0	0
AT4G07190	0	1	0	0	0	0
AT4G07195	4	10	3	7	5	7
AT4G07200	0	0	2	1	1	4
AT4G07205	8	1	3	1	5	5
AT4G07210	3	0	0	2	0	0
AT4G07215	0	0	0	0	0	0
AT4G07220	0	0	0	0	0	0
AT4G07225	0	0	0	0	0	0
AT4G07230	0	0	0	0	0	0
AT4G07235	0	0	0	2	0	0
AT4G07240	0	0	0	0	0	0
AT4G07245	0	0	0	0	0	0
AT4G07250	0	0	0	1	0	0
AT4G07255	0	0	0	0	0	0
AT4G07260	0	0	0	0	0	0
AT4G07265	0	0	0	0	0	0
AT4G07270	0	0	0	0	0	0
AT4G07275	0	0	0	0	0	0
AT4G07280	0	0	0	0	0	0
AT4G07285	0	0	0	0	0	0
AT4G07290	2	0	1	2	12	3
AT4G07295	0	0	0	0	0	0
AT4G07300	0	0	0	0	0	0
AT4G07305	0	0	0	0	0	0
AT4G07325	0	0	0	0	0	0
AT4G07335	0	0	0	0	0	0
AT4G07345	0	0	0	0	0	0
AT4G07350	0	0	0	0	0	0
AT4G07365	9	0	2	5	6	1
AT4G07375	0	0	0	0	0	0
AT4G07380	0	0	0	0	0	0
AT4G07385	4	0	2	0	0	0
AT4G07390	679	601	518	546	459	493
AT4G07395	4	0	10	2	0	0
AT4G07400	69	78	46	68	73	114
AT4G07405	0	0	0	0	0	0
AT4G07408	0	0	0	0	0	0
AT4G07410	1491	1024	1168	1592	1414	1487
AT4G07445	0	0	0	0	0	0
AT4G07455	134	134	132	133	104	116
AT4G07465	2	1	1	0	0	2
AT4G07505	0	0	0	0	0	0
AT4G07515	0	0	0	0	0	0
AT4G07524	0	0	0	0	0	0
AT4G07526	0	0	0	0	0	0
AT4G07535	0	0	0	0	0	0
AT4G07545	0	0	0	0	0	0
AT4G07565	0	0	0	0	0	0
AT4G07575	0	0	0	0	0	0
AT4G07625	5	9	5	6	2	5
AT4G07635	0	0	1	0	0	0
AT4G07645	0	0	0	0	0	0
AT4G07655	0	0	0	0	0	0
AT4G07665	0	0	0	0	0	0
AT4G07666	0	0	0	0	0	0
AT4G07670	0	0	0	0	0	0
AT4G07675	0	0	0	0	0	0
AT4G07715	0	0	0	0	0	0
AT4G07735	1	1	2	1	1	3
AT4G07740	0	0	0	0	0	0
AT4G07745	0	0	0	0	0	0
AT4G07765	0	0	0	0	0	0
AT4G07775	0	0	0	0	0	0
AT4G07785	0	0	0	0	0	0
AT4G07805	0	0	0	0	0	0
AT4G07815	1	5	3	1	1	5
AT4G07820	1	0	2	1	5	4
AT4G07825	1716	1405	1348	1563	1386	1522
AT4G07835	0	0	0	0	0	0
AT4G07845	0	0	0	0	0	0
AT4G07855	2	0	1	0	0	1
AT4G07865	0	0	0	0	0	0
AT4G07868	0	0	0	0	0	0
AT4G07875	0	0	0	0	0	0
AT4G07895	0	0	0	0	0	0
AT4G07905	0	0	0	0	0	0
AT4G07925	0	0	0	0	0	0
AT4G07932	0	0	0	0	0	0
AT4G07940	4	0	0	3	1	0
AT4G07950	281	158	197	200	136	148
AT4G07955	0	0	0	0	0	0
AT4G07960	73	30	49	66	47	37
AT4G07965	0	0	0	0	0	0
AT4G07975	0	0	0	2	3	8
AT4G07985	0	0	0	0	0	0
AT4G07990	533	309	439	428	403	380
AT4G07995	25	22	15	9	22	28
AT4G08005	0	0	0	0	0	1
AT4G08015	0	0	0	0	0	0
AT4G08025	0	0	0	0	0	0
AT4G08028	0	0	0	0	0	0
AT4G08035	613	322	449	420	348	448
AT4G08039	0	0	0	0	0	0
AT4G08040	77	144	76	150	68	233
AT4G08045	0	0	0	0	1	0
AT4G08055	0	0	0	0	0	0
AT4G08065	0	0	0	0	0	0
AT4G08075	0	0	0	0	0	0
AT4G08085	0	0	0	0	0	0
AT4G08097	0	0	0	0	0	0
AT4G08116	0	0	0	0	0	0
AT4G08125	3	2	4	4	1	3
AT4G08140	0	0	0	0	0	1
AT4G08150	437	158	286	244	253	218
AT4G08155	4	0	1	3	5	3
AT4G08160	41	26	29	43	65	48
AT4G08165	1	1	2	4	1	4
AT4G08170	250	153	181	204	238	202
AT4G08175	0	0	1	1	0	0
AT4G08180	594	223	480	549	545	532
AT4G08185	0	0	0	0	0	0
AT4G08190	0	0	0	0	0	1
AT4G08195	0	0	0	0	0	0
AT4G08205	0	0	0	0	0	0
AT4G08210	24	12	19	25	21	17
AT4G08215	0	0	0	0	0	0
AT4G08225	1	1	2	0	2	3
AT4G08230	231	234	235	243	229	220
AT4G08235	0	0	2	2	0	0
AT4G08240	179	112	124	129	139	133
AT4G08245	3	1	1	1	2	1
AT4G08250	12	13	23	18	13	13
AT4G08255	0	0	0	0	0	0
AT4G08260	0	0	0	0	0	0
AT4G08263	0	0	0	2	0	0
AT4G08265	0	0	0	0	0	0
AT4G08267	0	0	0	0	0	0
AT4G08270	0	0	0	0	0	0
AT4G08280	774	847	554	800	713	854
AT4G08285	0	0	0	0	0	0
AT4G08290	547	392	479	552	457	574
AT4G08295	0	0	2	1	2	2
AT4G08300	101	80	134	119	129	102
AT4G08305	10	3	6	1	2	0
AT4G08310	1275	1243	878	1048	1072	1183
AT4G08315	0	0	0	0	0	0
AT4G08320	225	79	188	219	209	233
AT4G08325	0	0	0	0	0	1
AT4G08330	236	135	158	161	109	148
AT4G08335	0	0	0	0	0	0
AT4G08345	0	0	0	0	0	0
AT4G08350	1250	489	1041	1090	1258	1410
AT4G08355	0	0	0	0	0	0
AT4G08360	0	0	1	1	0	0
AT4G08365	0	0	0	0	0	0
AT4G08370	0	0	0	0	0	0
AT4G08380	0	0	0	0	0	0
AT4G08385	0	0	0	0	0	0
AT4G08390	1577	1191	1292	1250	1642	1367
AT4G08395	1	0	0	1	0	0
AT4G08400	4	0	10	2	0	0
AT4G08406	0	0	0	0	0	0
AT4G08410	13	0	12	1	0	0
AT4G08415	0	0	0	0	2	2
AT4G08425	0	0	0	0	0	0
AT4G08430	0	0	0	0	0	0
AT4G08435	0	0	0	0	0	0
AT4G08445	0	0	0	0	0	0
AT4G08450	2	0	1	0	0	1
AT4G08455	184	103	122	125	113	123
AT4G08460	1018	728	730	911	769	815
AT4G08465	0	0	0	0	0	0
AT4G08470	552	308	415	509	415	402
AT4G08475	0	0	0	0	0	0
AT4G08480	284	41	292	306	228	258
AT4G08485	0	0	0	0	0	0
AT4G08495	0	0	0	0	0	0
AT4G08500	782	211	571	669	415	468
AT4G08505	35	10	30	23	5	23
AT4G08510	273	77	224	235	216	195
AT4G08515	0	0	0	0	0	0
AT4G08520	986	946	717	814	929	828
AT4G08525	0	0	0	0	0	0
AT4G08530	0	0	0	0	0	0
AT4G08535	1	0	1	1	0	2
AT4G08540	696	366	576	638	509	558
AT4G08545	0	2	0	0	1	0
AT4G08550	2	4	2	0	1	0
AT4G08555	108	54	93	37	23	25
AT4G08560	0	0	0	0	0	0
AT4G08565	0	0	0	0	0	0
AT4G08570	10	0	7	0	1	0
AT4G08575	0	0	0	0	0	0
AT4G08580	390	321	260	295	250	301
AT4G08585	0	0	0	0	0	0
AT4G08590	41	35	26	24	50	58
AT4G08593	0	0	0	0	0	0
AT4G08595	0	0	1	2	0	2
AT4G08615	3	0	4	2	1	0
AT4G08620	1	0	5	0	0	0
AT4G08625	4	3	1	4	4	3
AT4G08630	0	0	0	0	0	0
AT4G08635	0	0	0	0	0	0
AT4G08640	0	0	0	0	0	0
AT4G08665	0	0	0	0	0	0
AT4G08670	0	0	0	0	0	0
AT4G08685	600	592	448	488	458	424
AT4G08690	287	272	225	218	228	289
AT4G08691	0	0	0	0	0	0
AT4G08700	179	142	148	157	101	155
AT4G08705	17	0	12	10	5	13
AT4G08715	0	0	0	0	0	0
AT4G08725	0	0	0	0	0	0
AT4G08730	0	0	0	0	0	0
AT4G08740	0	0	0	0	0	0
AT4G08755	5	28	1	4	13	9
AT4G08760	0	0	0	0	0	0
AT4G08770	49	67	21	275	144	81
AT4G08775	0	0	0	0	0	0
AT4G08780	12	4	9	31	25	6
AT4G08785	14	15	10	7	8	8
AT4G08790	126	44	102	89	83	105
AT4G08795	0	0	0	0	0	0
AT4G08800	0	0	0	0	0	0
AT4G08805	5	4	2	2	3	2
AT4G08810	1106	685	968	1125	931	996
AT4G08815	0	0	0	0	0	0
AT4G08825	1	2	1	0	5	5
AT4G08835	2	0	6	0	0	2
AT4G08840	0	0	0	0	0	0
AT4G08845	0	0	0	0	0	0
AT4G08850	4307	1039	3492	4970	4057	2897
AT4G08855	0	0	0	0	0	0
AT4G08865	0	0	0	0	0	0
AT4G08867	0	0	0	0	0	0
AT4G08868	0	0	1	1	0	3
AT4G08869	0	0	0	0	0	0
AT4G08870	412	915	292	292	1528	1176
AT4G08874	6	10	2	2	5	9
AT4G08875	0	0	0	1	0	0
AT4G08876	0	0	0	0	0	0
AT4G08878	0	0	0	0	0	0
AT4G08885	0	0	0	0	0	0
AT4G08895	0	0	0	0	0	0
AT4G08900	351	210	261	224	259	300
AT4G08910	28	15	16	18	27	15
AT4G08915	2	1	1	3	2	4
AT4G08920	3291	2072	2507	2990	2883	4396
AT4G08925	1	3	2	7	2	3
AT4G08930	299	371	211	284	337	488
AT4G08935	0	0	0	0	0	0
AT4G08940	76	69	73	65	78	66
AT4G08950	1472	1524	1371	2706	2262	2840
AT4G08955	0	0	0	0	0	0
AT4G08960	299	199	293	294	287	275
AT4G08965	0	0	0	0	0	0
AT4G08975	0	0	0	0	0	0
AT4G08980	1066	647	686	613	496	632
AT4G08985	0	0	0	0	0	0
AT4G08990	14	8	3	7	1	7
AT4G09000	4771	5261	4005	4560	4959	4824
AT4G09005	0	0	0	0	0	0
AT4G09010	2931	5276	2505	3381	5555	7410
AT4G09012	40	39	39	52	42	28
AT4G09015	0	0	0	0	0	0
AT4G09020	2120	222	1702	1302	433	562
AT4G09025	0	0	0	0	0	0
AT4G09030	197	100	120	94	174	91
AT4G09035	0	0	0	0	0	0
AT4G09040	1264	1239	1166	1327	2077	2021
AT4G09045	0	0	0	0	0	0
AT4G09055	0	0	0	0	0	0
AT4G09060	79	65	47	69	96	76
AT4G09065	0	0	0	0	0	0
AT4G09070	0	0	0	0	0	0
AT4G09075	0	0	0	0	0	0
AT4G09080	19	4	24	16	13	13
AT4G09085	0	0	0	0	0	0
AT4G09090	0	0	0	0	0	0
AT4G09100	0	4	0	0	0	0
AT4G09105	2	0	0	0	2	1
AT4G09110	0	0	0	0	0	0
AT4G09115	0	0	0	0	0	0
AT4G09120	0	0	0	0	0	0
AT4G09125	0	0	0	0	0	0
AT4G09130	0	4	1	4	4	2
AT4G09135	0	1	0	0	0	1
AT4G09140	334	128	239	258	293	252
AT4G09145	0	0	0	0	0	0
AT4G09150	1592	836	1358	1485	1814	2310
AT4G09153	0	0	0	0	0	0
AT4G09155	0	0	0	0	0	0
AT4G09160	862	393	731	862	742	955
AT4G09165	0	0	0	0	0	0
AT4G09170	10	6	2	7	6	3
AT4G09175	1	0	0	0	0	0
AT4G09180	426	225	288	246	186	196
AT4G09185	0	0	0	0	0	0
AT4G09190	0	0	0	0	0	0
AT4G09195	0	0	0	0	0	0
AT4G09200	0	0	0	0	0	0
AT4G09210	0	0	0	0	0	0
AT4G09225	0	0	0	0	0	0
AT4G09235	0	0	0	0	0	0
AT4G09240	1	10	5	2	4	17
AT4G09250	0	0	0	0	0	0
AT4G09260	4	1	0	0	0	0
AT4G09265	0	0	0	0	0	0
AT4G09275	2	0	1	0	0	0
AT4G09285	0	0	0	0	0	0
AT4G09295	0	0	0	0	0	0
AT4G09300	0	2	3	1	0	0
AT4G09305	0	0	0	0	0	0
AT4G09310	0	0	0	0	0	0
AT4G09315	0	1	0	0	0	0
AT4G09320	3418	6127	2484	3195	4076	3656
AT4G09325	0	0	0	0	0	0
AT4G09335	1	0	3	0	0	0
AT4G09340	455	276	363	407	332	369
AT4G09350	110	218	88	60	254	309
AT4G09355	0	0	0	0	0	0
AT4G09360	0	0	0	0	0	0
AT4G09365	0	0	4	2	1	0
AT4G09375	35	2	22	19	15	24
AT4G09385	0	0	0	0	0	0
AT4G09395	0	0	0	0	0	1
AT4G09405	1	0	2	10	1	5
AT4G09415	2	0	5	4	0	4
AT4G09420	83	144	54	112	201	169
AT4G09430	0	1	1	2	16	6
AT4G09432	32	70	31	28	30	49
AT4G09435	0	0	0	0	0	0
AT4G09440	0	0	0	0	0	0
AT4G09445	6	4	1	0	1	0
AT4G09450	0	0	0	0	0	0
AT4G09460	86	258	62	128	105	177
AT4G09462	0	0	0	0	0	0
AT4G09464	0	0	0	0	0	0
AT4G09465	0	0	0	0	0	0
AT4G09466	0	0	0	0	0	0
AT4G09467	0	0	0	0	0	0
AT4G09475	0	0	2	0	2	0
AT4G09485	0	0	0	0	0	0
AT4G09490	117	94	89	70	52	69
AT4G09495	0	0	0	0	0	0
AT4G09500	316	46	195	127	128	85
AT4G09510	379	242	250	304	467	386
AT4G09515	0	0	0	0	0	0
AT4G09520	197	100	125	146	233	206
AT4G09525	0	0	0	0	0	0
AT4G09530	1	0	0	0	0	0
AT4G09535	2	0	0	0	0	0
AT4G09545	0	0	0	0	0	0
AT4G09550	203	276	174	152	117	183
AT4G09555	0	0	0	0	0	0
AT4G09560	160	79	165	153	160	150
AT4G09570	731	410	711	938	596	540
AT4G09575	2	1	3	0	0	0
AT4G09580	394	279	285	274	262	327
AT4G09585	0	0	0	0	0	0
AT4G09589	0	0	0	0	0	0
AT4G09590	0	0	0	0	0	0
AT4G09600	3	0	5	0	0	0
AT4G09605	6	1	3	0	6	1
AT4G09610	0	0	0	0	0	0
AT4G09620	468	458	339	406	481	492
AT4G09630	602	182	458	652	630	673
AT4G09635	0	0	0	0	0	0
AT4G09640	387	184	280	313	286	283
AT4G09645	0	0	0	0	0	0
AT4G09647	0	0	0	0	0	0
AT4G09649	0	0	1	0	4	0
AT4G09650	6242	13813	5882	6979	15114	16850
AT4G09655	0	0	0	0	0	0
AT4G09660	0	0	0	0	0	0
AT4G09665	0	0	0	0	0	0
AT4G09670	1089	1166	898	1092	1275	1148
AT4G09675	0	0	0	0	0	0
AT4G09680	692	135	539	705	559	661
AT4G09685	0	0	0	0	0	0
AT4G09690	0	0	0	1	0	1
AT4G09695	0	0	0	0	0	0
AT4G09705	0	0	0	0	0	0
AT4G09715	0	0	0	0	0	0
AT4G09720	510	510	430	463	467	463
AT4G09725	0	0	0	0	0	0
AT4G09730	1394	1090	1102	1395	2285	1934
AT4G09731	0	0	0	1	0	0
AT4G09735	0	0	0	0	0	0
AT4G09740	0	0	0	0	0	0
AT4G09750	97	86	90	43	153	123
AT4G09755	0	0	0	0	0	0
AT4G09760	847	742	640	649	923	1160
AT4G09765	1	2	1	0	1	1
AT4G09770	1	0	0	1	0	0
AT4G09775	0	0	0	0	0	0
AT4G09780	0	0	0	0	0	0
AT4G09784	0	0	0	0	0	0
AT4G09785	5	9	8	8	2	2
AT4G09795	0	0	0	0	0	0
AT4G09800	3826	5753	2751	4135	3455	3683
AT4G09810	95	56	76	83	71	67
AT4G09815	0	0	0	0	0	0
AT4G09820	18	5	11	16	30	14
AT4G09825	0	0	0	0	0	0
AT4G09830	1863	1190	1485	1624	1120	1530
AT4G09840	31	8	10	10	8	7
AT4G09845	7	3	7	3	12	11
AT4G09850	0	0	0	0	0	2
AT4G09855	0	0	0	0	1	0
AT4G09860	0	0	0	0	0	0
AT4G09865	0	0	0	2	0	1
AT4G09870	0	0	0	0	0	0
AT4G09880	0	0	0	0	0	0
AT4G09885	1	0	0	0	0	0
AT4G09890	509	363	404	456	232	240
AT4G09895	0	0	0	0	0	0
AT4G09900	296	220	240	277	272	278
AT4G09905	0	0	0	0	0	0
AT4G09915	0	0	0	0	0	0
AT4G09920	9	6	11	12	13	12
AT4G09925	0	0	0	0	0	0
AT4G09930	0	0	0	0	0	0
AT4G09935	0	0	0	0	0	0
AT4G09940	0	0	0	0	0	0
AT4G09945	0	0	0	0	0	0
AT4G09950	85	39	50	58	81	89
AT4G09955	0	0	1	1	0	0
AT4G09960	0	0	0	1	0	0
AT4G09965	0	0	0	0	0	0
AT4G09970	202	77	161	116	123	105
AT4G09975	0	0	0	0	0	0
AT4G09980	729	352	576	623	631	542
AT4G09984	0	0	0	0	0	0
AT4G09985	0	0	0	0	0	0
AT4G09990	16	11	26	12	28	22
AT4G09995	0	0	0	0	0	0
AT4G10000	392	215	280	357	239	323
AT4G10010	1	0	0	4	0	0
AT4G10020	1	0	2	4	0	0
AT4G10030	541	330	432	510	337	491
AT4G10040	271	408	220	239	354	257
AT4G10050	338	191	297	293	227	265
AT4G10060	1507	915	1161	1475	2341	2566
AT4G10070	553	165	437	451	470	453
AT4G10080	1473	1109	1115	1293	958	1437
AT4G10090	163	84	111	134	102	118
AT4G10100	114	166	104	113	92	104
AT4G10110	291	253	246	313	211	260
AT4G10115	0	0	0	0	0	0
AT4G10120	2370	433	2066	2213	1345	1509
AT4G10130	128	204	94	121	99	118
AT4G10140	260	254	230	206	173	198
AT4G10150	23	14	16	37	9	14
AT4G10160	23	2	7	15	3	1
AT4G10170	230	263	161	250	208	245
AT4G10180	1133	457	855	836	860	906
AT4G10190	0	0	0	0	0	0
AT4G10200	3	3	6	12	11	3
AT4G10210	0	0	0	0	0	0
AT4G10220	0	0	0	0	0	0
AT4G10230	0	0	0	0	0	0
AT4G10240	0	0	0	1	0	0
AT4G10250	4	0	2	2	4	1
AT4G10260	0	1	0	1	4	2
AT4G10265	11	52	4	17	63	23
AT4G10270	0	0	0	0	0	0
AT4G10280	153	163	113	106	113	95
AT4G10290	0	0	0	0	0	0
AT4G10300	946	1506	808	892	887	1024
AT4G10305	0	0	0	0	0	0
AT4G10310	57	5	58	56	37	21
AT4G10320	1513	882	1269	1659	2664	2389
AT4G10330	120	149	105	88	94	117
AT4G10340	45593	99410	36550	48943	46297	79180
AT4G10345	0	0	0	0	0	0
AT4G10350	0	0	0	0	0	0
AT4G10360	255	238	184	186	200	234
AT4G10370	1	0	4	1	1	1
AT4G10380	87	79	80	70	71	54
AT4G10390	42	13	29	25	19	19
AT4G10400	129	59	84	75	67	78
AT4G10410	0	0	0	0	1	0
AT4G10420	75	39	56	42	36	30
AT4G10430	352	238	310	308	365	335
AT4G10440	0	0	0	0	0	0
AT4G10450	339	404	221	345	391	243
AT4G10457	0	0	0	0	0	0
AT4G10465	0	0	0	0	0	0
AT4G10470	323	129	204	234	231	258
AT4G10480	1967	3063	1497	1906	2980	2201
AT4G10490	0	0	0	0	0	0
AT4G10500	2	2	2	10	4	0
AT4G10507	0	0	0	0	0	1
AT4G10510	0	1	1	5	0	2
AT4G10520	0	0	0	0	0	0
AT4G10530	0	0	0	0	0	0
AT4G10540	0	0	0	0	0	0
AT4G10550	156	29	134	130	97	110
AT4G10560	13	3	12	13	6	3
AT4G10570	345	119	241	292	252	251
AT4G10590	382	129	288	345	253	348
AT4G10595	0	0	0	0	0	0
AT4G10600	24	35	16	20	41	41
AT4G10603	0	0	0	0	0	0
AT4G10610	826	722	657	714	520	712
AT4G10613	0	0	0	0	0	0
AT4G10620	213	126	164	196	207	173
AT4G10630	50	69	31	36	59	55
AT4G10640	3	0	2	3	4	4
AT4G10650	59	14	47	45	27	18
AT4G10660	0	0	0	0	0	0
AT4G10670	0	1	0	0	0	1
AT4G10680	0	0	0	0	0	0
AT4G10695	14	5	11	14	2	14
AT4G10700	0	0	0	0	0	0
AT4G10710	1514	634	1176	1375	1537	1715
AT4G10720	0	0	1	1	1	0
AT4G10730	1118	378	876	983	842	976
AT4G10740	0	0	1	0	0	0
AT4G10750	205	227	236	216	278	296
AT4G10760	486	237	384	437	483	412
AT4G10767	0	0	0	0	0	0
AT4G10770	303	199	259	299	460	456
AT4G10780	2	1	2	2	0	3
AT4G10790	1121	1143	846	1067	1171	1312
AT4G10800	129	85	67	79	62	75
AT4G10810	602	736	462	524	518	530
AT4G10815	0	0	0	0	0	0
AT4G10820	0	0	0	0	0	0
AT4G10840	1668	1498	1381	1678	1929	2368
AT4G10843	12	1	10	8	9	6
AT4G10850	1	0	0	0	0	0
AT4G10860	0	0	0	3	0	0
AT4G10870	0	0	0	0	0	0
AT4G10880	0	0	0	0	0	0
AT4G10890	341	159	269	272	258	314
AT4G10895	0	0	0	0	0	0
AT4G10910	5	16	2	6	10	5
AT4G10920	900	1102	665	847	802	1010
AT4G10925	187	206	152	212	177	242
AT4G10930	760	244	626	688	628	770
AT4G10950	2	1	2	2	3	1
AT4G10955	113	46	102	82	84	115
AT4G10960	140	51	93	75	65	35
AT4G10970	867	729	673	742	748	831
AT4G11000	127	29	89	129	53	27
AT4G11010	2485	2380	1968	2063	2475	1928
AT4G11020	0	0	0	0	0	0
AT4G11030	0	0	0	0	0	0
AT4G11040	5	0	0	2	0	0
AT4G11050	11	3	6	9	8	6
AT4G11060	169	160	150	185	153	155
AT4G11070	1	0	0	4	0	0
AT4G11080	590	863	429	562	754	699
AT4G11090	170	161	143	162	186	182
AT4G11100	473	721	365	450	803	724
AT4G11110	611	142	459	581	618	679
AT4G11120	322	291	261	313	402	278
AT4G11130	123	53	124	125	171	179
AT4G11140	44	37	29	44	56	48
AT4G11150	3496	5101	2800	3507	4291	4282
AT4G11160	819	459	595	789	766	784
AT4G11170	7	0	3	29	7	0
AT4G11175	631	1407	493	701	1208	1023
AT4G11177	0	0	0	0	0	0
AT4G11180	0	0	0	0	0	0
AT4G11190	42	23	32	14	39	32
AT4G11210	15	4	24	6	9	3
AT4G11211	363	519	340	300	252	380
AT4G11213	0	0	0	0	0	0
AT4G11216	0	0	0	0	0	0
AT4G11220	455	389	387	409	359	405
AT4G11230	14	1	8	7	21	12
AT4G11240	873	656	750	865	482	593
AT4G11250	0	0	0	0	0	0
AT4G11260	2209	2371	1710	2144	2083	2425
AT4G11270	807	210	743	748	765	931
AT4G11280	1702	366	1384	891	127	469
AT4G11290	113	114	81	146	138	111
AT4G11300	159	91	166	190	91	84
AT4G11310	3	0	1	1	0	0
AT4G11320	1076	339	772	525	522	368
AT4G11330	653	311	506	602	387	430
AT4G11340	0	0	0	0	0	0
AT4G11350	13	11	7	4	18	14
AT4G11355	0	0	0	0	0	0
AT4G11360	278	219	244	347	147	173
AT4G11370	32	7	19	19	13	19
AT4G11373	0	0	0	1	0	0
AT4G11380	1778	1048	1488	1744	2275	2206
AT4G11385	0	0	0	0	0	0
AT4G11390	0	0	0	0	0	0
AT4G11393	1	0	1	0	0	0
AT4G11400	10	0	4	11	10	8
AT4G11402	0	0	0	0	0	0
AT4G11405	0	0	0	0	0	0
AT4G11410	289	176	206	219	186	190
AT4G11420	5584	3486	4352	5564	6209	6352
AT4G11430	0	0	0	0	0	0
AT4G11440	113	25	95	115	86	79
AT4G11450	326	56	257	293	189	215
AT4G11460	256	221	191	303	511	543
AT4G11470	8	4	4	34	5	1
AT4G11480	4	0	1	2	0	0
AT4G11485	0	0	0	0	0	0
AT4G11490	0	0	0	0	0	0
AT4G11510	0	0	0	0	0	0
AT4G11521	122	68	122	201	40	69
AT4G11530	75	31	63	81	50	66
AT4G11540	0	0	0	0	0	0
AT4G11543	0	6	2	0	1	1
AT4G11547	5	4	4	4	2	4
AT4G11550	16	2	11	8	15	12
AT4G11560	1169	768	875	853	799	912
AT4G11570	1011	1461	826	958	1244	1683
AT4G11580	0	0	0	0	0	0
AT4G11590	11	2	7	2	0	0
AT4G11600	3524	1294	2756	2013	1232	1127
AT4G11610	5	0	2	13	0	0
AT4G11630	262	230	228	264	286	212
AT4G11640	91	73	85	73	71	78
AT4G11650	124	27	172	928	24	21
AT4G11653	0	0	0	0	0	0
AT4G11655	1	0	0	0	0	0
AT4G11660	86	85	53	74	73	72
AT4G11670	307	76	243	299	305	284
AT4G11680	231	101	197	181	193	174
AT4G11690	32	4	36	37	19	20
AT4G11700	3	8	3	3	8	1
AT4G11720	2	3	3	1	14	3
AT4G11730	0	0	0	0	0	0
AT4G11740	573	233	484	503	557	576
AT4G11745	0	0	0	0	0	0
AT4G11750	0	0	0	0	0	0
AT4G11760	0	0	0	0	0	0
AT4G11770	0	0	0	0	0	0
AT4G11780	3	5	2	11	8	5
AT4G11790	959	463	754	883	790	790
AT4G11800	795	181	590	612	423	450
AT4G11810	6	1	1	1	0	2
AT4G11820	834	918	693	884	1229	1181
AT4G11830	1432	551	1042	1388	962	1529
AT4G11840	243	63	206	244	144	170
AT4G11845	91	21	52	95	54	63
AT4G11850	601	130	533	745	456	397
AT4G11860	704	304	490	588	631	738
AT4G11870	0	0	0	0	0	0
AT4G11880	14	3	10	1	4	2
AT4G11890	68	19	54	128	91	12
AT4G11900	299	98	229	264	138	159
AT4G11910	129	16	106	175	10	22
AT4G11911	1	0	0	0	0	0
AT4G11920	180	76	125	109	75	76
AT4G11930	0	0	0	0	0	0
AT4G11940	0	0	0	0	0	0
AT4G11950	1	3	2	9	10	3
AT4G11960	952	558	748	732	627	709
AT4G11970	204	106	183	204	161	206
AT4G11980	260	213	157	222	223	220
AT4G11985	0	0	0	0	0	0
AT4G11990	62	19	49	50	61	43
AT4G12000	129	35	102	50	64	58
AT4G12005	0	0	1	1	5	3
AT4G12010	276	100	212	273	208	336
AT4G12020	474	131	406	426	380	525
AT4G12030	539	292	401	461	629	473
AT4G12040	1622	1001	1255	1228	714	826
AT4G12050	6	2	4	2	0	2
AT4G12060	1220	1500	998	1151	1662	1506
AT4G12065	4	0	1	2	1	1
AT4G12070	256	153	212	244	202	232
AT4G12080	179	112	132	189	128	162
AT4G12090	253	21	213	135	33	27
AT4G12100	2	0	0	0	0	0
AT4G12110	413	285	351	397	416	430
AT4G12115	0	0	0	0	0	0
AT4G12120	179	61	149	155	166	140
AT4G12130	172	61	124	92	98	85
AT4G12140	0	0	0	1	0	1
AT4G12150	0	0	0	0	0	0
AT4G12170	0	0	0	0	0	0
AT4G12190	0	0	0	0	0	0
AT4G12210	0	0	0	0	0	0
AT4G12220	0	0	0	0	0	0
AT4G12230	786	480	603	715	609	736
AT4G12240	58	65	57	64	84	62
AT4G12250	201	100	162	174	164	164
AT4G12270	1	0	4	1	3	1
AT4G12280	0	0	0	0	0	1
AT4G12290	1684	170	1567	1006	374	370
AT4G12300	364	244	351	293	366	349
AT4G12310	345	87	293	300	254	191
AT4G12320	216	162	182	401	308	300
AT4G12330	2	3	0	9	4	0
AT4G12334	0	0	0	0	0	0
AT4G12340	1190	1251	895	1089	904	1056
AT4G12350	6	3	4	11	8	5
AT4G12360	0	0	0	0	0	0
AT4G12370	0	0	1	2	1	0
AT4G12380	0	0	0	0	0	0
AT4G12382	11	15	5	16	4	6
AT4G12390	534	189	412	274	139	186
AT4G12400	133	145	95	317	281	206
AT4G12405	0	0	0	0	0	0
AT4G12410	7	3	13	12	4	5
AT4G12420	2964	3122	2202	4245	4471	5554
AT4G12430	84	26	71	66	27	30
AT4G12440	2	1	7	0	7	4
AT4G12450	18	7	10	7	7	12
AT4G12460	618	374	470	404	518	531
AT4G12470	7484	1574	6122	5482	5164	2174
AT4G12480	1184	1452	1027	1969	5094	1475
AT4G12485	0	0	0	0	0	0
AT4G12490	10	27	4	52	295	27
AT4G12495	0	0	0	0	0	0
AT4G12500	2	5	0	19	406	4
AT4G12510	0	0	5	0	0	0
AT4G12520	5	0	10	2	0	1
AT4G12530	4	0	0	1	0	0
AT4G12540	27	32	15	28	62	42
AT4G12543	0	0	0	0	0	0
AT4G12545	7	0	2	0	0	0
AT4G12550	2	0	7	1	1	0
AT4G12555	0	0	0	0	0	0
AT4G12560	900	565	745	745	623	815
AT4G12570	803	286	641	745	618	871
AT4G12580	6	9	12	4	5	6
AT4G12590	1037	1078	735	850	812	877
AT4G12600	1020	1322	904	1256	1233	956
AT4G12610	758	483	546	653	654	653
AT4G12617	0	0	0	0	0	0
AT4G12620	63	37	60	90	128	87
AT4G12640	605	164	440	532	464	549
AT4G12650	1556	954	1382	1560	1754	1586
AT4G12670	434	283	307	428	377	454
AT4G12680	232	73	145	118	99	139
AT4G12690	152	363	113	219	153	262
AT4G12700	287	151	220	243	353	388
AT4G12710	269	105	186	241	150	223
AT4G12720	1912	533	1423	2362	368	515
AT4G12730	1852	2005	1631	2917	3262	3082
AT4G12731	0	0	0	0	0	0
AT4G12735	9	28	7	13	15	22
AT4G12740	37	50	34	33	51	40
AT4G12750	462	106	315	457	350	324
AT4G12760	358	203	213	221	201	221
AT4G12770	897	702	683	830	881	1068
AT4G12780	1277	926	954	1152	1188	1283
AT4G12790	688	604	482	567	603	595
AT4G12800	44257	49243	35692	40268	39163	62206
AT4G12810	0	1	0	0	0	0
AT4G12820	0	0	0	0	0	0
AT4G12825	0	0	0	0	0	0
AT4G12830	89	227	93	136	317	316
AT4G12840	89	23	86	71	49	78
AT4G12850	21	42	25	23	14	28
AT4G12860	0	0	0	0	0	0
AT4G12870	46	71	54	80	137	108
AT4G12880	1697	900	1369	1210	1004	800
AT4G12890	3	2	8	4	4	2
AT4G12900	264	140	218	189	191	148
AT4G12910	222	71	182	95	104	97
AT4G12917	69	93	38	51	47	58
AT4G12920	0	0	0	0	0	0
AT4G12930	0	0	0	0	0	0
AT4G12940	0	0	0	0	0	0
AT4G12950	0	0	0	0	0	0
AT4G12960	1	6	2	0	0	8
AT4G12970	451	499	334	319	420	571
AT4G12980	173	116	132	164	161	207
AT4G12990	170	120	110	101	100	117
AT4G13000	63	8	39	29	8	12
AT4G13010	850	1360	708	725	1086	1361
AT4G13020	1200	408	944	965	793	829
AT4G13030	219	28	149	112	66	94
AT4G13040	726	327	538	752	399	464
AT4G13050	535	367	415	505	670	614
AT4G13060	0	0	0	0	0	0
AT4G13070	192	86	128	173	159	157
AT4G13075	0	0	0	0	0	0
AT4G13080	0	0	0	0	0	0
AT4G13090	0	0	0	1	0	0
AT4G13095	0	0	0	0	0	0
AT4G13100	355	176	253	230	237	256
AT4G13110	183	84	176	176	77	99
AT4G13130	6	0	8	1	0	1
AT4G13150	382	138	271	289	213	280
AT4G13160	0	0	0	0	0	0
AT4G13170	993	1436	725	1113	1637	1355
AT4G13180	1033	834	915	494	816	721
AT4G13190	68	11	39	11	4	4
AT4G13195	77	45	72	41	37	40
AT4G13200	1152	1200	779	963	892	998
AT4G13210	23	23	21	17	22	27
AT4G13220	235	380	195	263	289	276
AT4G13230	6	0	2	2	0	5
AT4G13235	6	9	7	0	12	14
AT4G13240	0	0	0	0	0	0
AT4G13245	0	2	2	0	1	0
AT4G13250	4554	1574	3578	4360	1563	2287
AT4G13260	27	13	32	23	28	27
AT4G13261	0	0	0	0	0	0
AT4G13263	0	0	0	0	0	0
AT4G13265	0	0	0	0	0	0
AT4G13266	0	0	0	0	0	0
AT4G13270	466	294	324	342	304	340
AT4G13280	65	0	24	4	9	2
AT4G13290	33	3	27	4	11	13
AT4G13300	0	0	0	0	0	0
AT4G13310	0	1	1	0	0	0
AT4G13320	0	0	0	0	0	0
AT4G13330	103	33	65	108	99	117
AT4G13340	2729	3207	2417	3162	5610	5424
AT4G13345	330	99	283	236	217	244
AT4G13350	1864	788	1584	1734	2013	2333
AT4G13360	1329	1043	1005	1115	1199	1238
AT4G13370	125	57	102	118	212	165
AT4G13380	0	0	0	0	0	0
AT4G13390	27	0	35	8	3	6
AT4G13395	183	119	192	277	24	68
AT4G13400	147	56	98	149	91	103
AT4G13410	16	62	8	40	107	81
AT4G13420	2	1	3	10	0	2
AT4G13430	3748	3842	3134	3390	5881	5913
AT4G13440	0	0	1	0	0	0
AT4G13445	0	0	0	0	0	0
AT4G13450	2	3	6	1	3	5
AT4G13460	607	344	464	595	583	609
AT4G13480	1	0	0	0	0	0
AT4G13490	0	0	0	0	0	0
AT4G13493	260	26	185	292	113	145
AT4G13494	59	2	45	50	10	15
AT4G13495	7417	1455	5070	6628	1857	2339
AT4G13500	505	994	462	519	604	714
AT4G13505	1	8	1	3	1	1
AT4G13510	0	0	0	0	0	0
AT4G13520	877	1186	726	770	611	648
AT4G13530	990	827	786	797	606	900
AT4G13540	386	253	265	216	124	173
AT4G13550	716	423	475	514	749	866
AT4G13554	9	12	16	10	6	5
AT4G13555	5	2	1	0	0	2
AT4G13560	307	4	228	203	17	20
AT4G13564	2	0	8	5	0	0
AT4G13570	118	0	93	71	4	4
AT4G13572	88	1	66	74	0	5
AT4G13575	253	7	195	285	9	21
AT4G13577	8	0	1	8	0	0
AT4G13580	14	13	10	6	3	14
AT4G13590	1150	1043	883	1068	1531	1465
AT4G13600	33	22	18	19	6	5
AT4G13610	0	0	0	0	0	0
AT4G13615	347	862	285	379	399	392
AT4G13620	3	3	5	2	5	0
AT4G13630	440	242	355	350	379	420
AT4G13640	985	584	716	681	668	841
AT4G13650	134	38	93	105	108	93
AT4G13660	150	60	126	176	102	56
AT4G13670	988	880	739	863	1250	1240
AT4G13680	10	3	13	8	12	12
AT4G13690	28	51	36	47	48	37
AT4G13700	33	0	26	2	0	0
AT4G13710	122	33	89	58	54	61
AT4G13720	304	274	225	252	223	290
AT4G13730	562	358	472	485	595	650
AT4G13750	364	43	285	422	318	224
AT4G13760	0	0	0	0	0	0
AT4G13770	3163	2621	2607	2996	5033	4627
AT4G13780	1734	911	1380	1775	2329	2282
AT4G13790	3	0	1	11	0	0
AT4G13800	86	18	80	23	21	20
AT4G13810	177	56	125	96	91	92
AT4G13820	53	3	24	22	10	10
AT4G13830	2965	2648	2260	2930	1854	2996
AT4G13840	1645	1476	1342	1313	2248	1914
AT4G13850	1728	1550	1317	1403	1219	1029
AT4G13860	10	8	18	3	2	0
AT4G13870	86	54	76	78	73	70
AT4G13880	99	49	62	51	89	91
AT4G13885	21	3	12	9	5	8
AT4G13890	0	0	0	0	0	0
AT4G13918	13	1	16	9	2	9
AT4G13920	0	0	0	0	0	0
AT4G13930	1343	831	1120	1089	1702	1108
AT4G13940	19495	11909	15755	18793	21021	18058
AT4G13950	186	123	131	119	157	121
AT4G13955	0	0	0	0	0	0
AT4G13960	0	0	0	0	0	0
AT4G13965	0	0	0	0	0	0
AT4G13968	0	0	0	0	0	0
AT4G13970	423	251	298	355	433	414
AT4G13980	334	226	289	328	288	415
AT4G13985	0	0	0	0	0	0
AT4G13990	68	39	57	64	45	29
AT4G13992	11	9	6	12	23	24
AT4G14000	184	243	176	188	240	182
AT4G14010	0	0	0	0	0	0
AT4G14020	1315	1050	934	754	806	935
AT4G14030	2265	1327	1888	2254	1981	1902
AT4G14040	3839	4599	3432	3748	6304	6357
AT4G14050	135	15	68	102	55	84
AT4G14060	51	0	20	6	10	2
AT4G14070	2235	738	1791	1856	1699	1801
AT4G14080	21	0	3	0	0	0
AT4G14090	17	17	13	12	21	17
AT4G14096	106	31	82	68	53	74
AT4G14100	216	224	161	194	215	223
AT4G14103	32	1	31	23	17	8
AT4G14104	2	0	3	1	0	0
AT4G14105	0	0	0	1	0	0
AT4G14110	334	472	228	303	281	310
AT4G14120	26	3	17	35	34	20
AT4G14130	2311	237	1894	2178	261	412
AT4G14140	9	3	16	12	16	24
AT4G14145	425	391	314	380	255	330
AT4G14147	194	130	137	133	131	129
AT4G14150	92	56	95	133	208	190
AT4G14160	1489	732	1185	1186	1460	1574
AT4G14165	0	0	0	1	1	0
AT4G14170	37	14	25	46	37	35
AT4G14180	7	5	12	10	17	29
AT4G14190	89	28	68	89	106	112
AT4G14200	336	245	232	270	362	280
AT4G14210	1204	1228	976	1174	2123	2485
AT4G14220	621	210	523	546	321	294
AT4G14225	0	0	0	0	0	0
AT4G14226	0	0	0	0	0	1
AT4G14230	953	408	696	859	451	728
AT4G14240	428	287	321	394	450	432
AT4G14245	0	0	0	0	0	2
AT4G14250	0	0	0	1	0	0
AT4G14260	0	0	0	0	0	0
AT4G14270	1177	704	892	829	323	401
AT4G14272	0	0	0	0	0	0
AT4G14276	0	0	0	0	0	0
AT4G14280	0	0	0	0	0	0
AT4G14290	90	24	85	62	67	49
AT4G14300	568	420	422	572	733	839
AT4G14301	0	0	0	0	0	0
AT4G14305	23	1	10	6	3	11
AT4G14310	184	127	140	214	470	339
AT4G14315	0	0	0	0	0	0
AT4G14320	1801	3472	1253	1775	2376	2131
AT4G14330	251	200	199	261	510	404
AT4G14340	628	348	499	655	488	555
AT4G14342	349	620	298	386	395	405
AT4G14345	0	0	0	0	0	0
AT4G14350	1118	486	890	999	1018	1047
AT4G14358	0	0	0	0	0	0
AT4G14360	1029	534	945	1129	1152	1199
AT4G14365	787	44	580	949	117	60
AT4G14368	6	0	1	4	1	5
AT4G14370	205	7	147	208	51	54
AT4G14380	59	8	25	36	17	6
AT4G14385	668	532	453	500	394	506
AT4G14390	2	0	0	0	0	0
AT4G14400	370	9	313	310	34	17
AT4G14410	905	639	741	784	548	681
AT4G14415	0	0	0	0	0	0
AT4G14420	1046	1107	814	949	898	718
AT4G14430	742	1123	680	733	878	854
AT4G14440	779	840	591	556	688	520
AT4G14450	45	29	49	147	0	18
AT4G14455	233	255	174	199	195	191
AT4G14465	153	32	89	56	71	77
AT4G14480	275	202	219	210	166	176
AT4G14490	72	39	50	87	85	96
AT4G14500	605	227	448	627	489	792
AT4G14504	4	1	2	3	2	1
AT4G14510	675	255	539	666	723	705
AT4G14520	417	201	334	311	173	200
AT4G14530	0	0	0	0	0	0
AT4G14540	389	436	316	442	316	441
AT4G14548	36	36	49	32	31	30
AT4G14550	152	115	117	149	137	168
AT4G14560	218	131	214	407	111	125
AT4G14570	541	346	452	491	681	659
AT4G14580	125	63	75	131	102	97
AT4G14590	94	56	72	80	92	119
AT4G14600	204	223	196	173	113	173
AT4G14605	386	347	308	266	439	463
AT4G14615	840	743	683	685	495	516
AT4G14620	300	160	193	255	181	203
AT4G14630	11	0	3	7	3	2
AT4G14640	11	5	13	15	1	2
AT4G14650	40	17	17	22	53	26
AT4G14660	126	74	100	106	75	67
AT4G14670	0	0	0	0	0	0
AT4G14675	0	0	0	0	0	0
AT4G14680	338	249	292	343	355	284
AT4G14690	7	139	2	1	353	97
AT4G14695	2	3	1	1	0	2
AT4G14700	7	7	6	10	18	5
AT4G14710	1133	801	871	982	722	866
AT4G14713	127	91	121	164	115	108
AT4G14716	949	549	721	798	551	619
AT4G14720	658	395	476	508	421	567
AT4G14723	7	18	20	12	13	8
AT4G14730	1	1	3	3	0	5
AT4G14740	414	203	297	240	371	390
AT4G14746	195	182	132	145	300	165
AT4G14750	295	100	257	254	188	174
AT4G14760	812	101	647	686	762	849
AT4G14770	251	123	225	236	325	287
AT4G14780	1	2	0	2	3	2
AT4G14785	0	0	0	0	0	0
AT4G14790	175	77	129	180	174	144
AT4G14800	840	887	592	700	664	607
AT4G14805	3	0	0	0	0	0
AT4G14810	0	0	0	0	0	0
AT4G14811	0	0	0	0	0	0
AT4G14815	0	0	0	0	0	0
AT4G14819	0	0	0	0	0	0
AT4G14820	67	23	51	83	56	42
AT4G14830	31	58	28	35	30	21
AT4G14840	100	31	94	114	117	116
AT4G14850	76	30	91	99	67	68
AT4G14860	19	11	9	12	15	17
AT4G14870	684	1890	531	720	885	1109
AT4G14880	6402	6604	5191	5989	5962	6888
AT4G14890	0	0	0	0	0	0
AT4G14900	1609	535	1226	1073	1007	1121
AT4G14905	283	176	233	236	205	197
AT4G14910	353	527	363	396	493	483
AT4G14920	816	297	690	805	673	829
AT4G14930	744	523	623	742	576	605
AT4G14940	48	20	43	37	65	71
AT4G14950	449	221	379	364	295	333
AT4G14960	6589	4294	5182	5741	4615	4483
AT4G14965	482	439	407	430	349	394
AT4G14970	114	33	87	153	187	187
AT4G14980	5	14	3	16	16	29
AT4G14990	1073	290	783	898	664	806
AT4G15000	2557	4348	1913	2957	4323	3382
AT4G15010	414	216	297	349	298	340
AT4G15020	258	102	232	263	331	360
AT4G15025	0	0	0	0	0	0
AT4G15030	727	1047	576	600	506	524
AT4G15040	0	0	6	0	0	1
AT4G15050	0	0	0	0	0	0
AT4G15053	0	0	0	0	0	0
AT4G15056	0	0	0	0	0	0
AT4G15060	0	0	0	0	0	0
AT4G15070	28	21	20	37	88	72
AT4G15075	0	0	0	0	0	0
AT4G15080	1085	316	892	910	627	690
AT4G15090	609	212	537	603	506	596
AT4G15093	110	91	112	117	145	95
AT4G15096	0	0	0	0	1	0
AT4G15100	2	1	1	2	0	0
AT4G15110	1491	1611	1128	1493	2039	2171
AT4G15120	7	4	6	8	5	7
AT4G15130	286	222	191	241	268	252
AT4G15140	191	163	162	136	150	142
AT4G15150	30	0	11	14	0	1
AT4G15160	82	27	75	80	30	37
AT4G15165	21	20	24	17	18	20
AT4G15180	1232	309	1022	1161	1230	1447
AT4G15200	4	0	6	0	0	0
AT4G15210	333	39	297	135	66	65
AT4G15215	127	11	87	101	76	57
AT4G15230	44	16	51	44	56	51
AT4G15233	236	62	189	320	357	274
AT4G15236	11	2	9	18	14	5
AT4G15240	242	109	176	196	145	188
AT4G15242	0	0	0	0	0	0
AT4G15245	0	0	0	0	0	0
AT4G15248	1	7	2	1	0	3
AT4G15250	0	0	0	0	0	0
AT4G15258	1	0	0	0	2	0
AT4G15260	545	317	462	394	362	509
AT4G15270	0	1	0	7	0	0
AT4G15280	6	0	6	11	4	3
AT4G15290	1	0	1	0	0	1
AT4G15300	1	0	0	1	1	0
AT4G15310	0	0	0	0	0	0
AT4G15320	14	0	27	6	3	5
AT4G15330	3	0	4	2	1	0
AT4G15340	12	5	4	6	5	6
AT4G15350	1	0	0	0	0	0
AT4G15360	0	0	0	0	0	0
AT4G15370	1	0	0	0	0	0
AT4G15380	3	5	0	3	2	6
AT4G15390	56	6	55	25	15	9
AT4G15393	8	0	1	2	0	0
AT4G15396	3	0	6	5	2	0
AT4G15400	1	0	0	0	0	0
AT4G15410	389	238	320	347	443	434
AT4G15415	764	389	632	740	574	660
AT4G15417	0	0	5	3	9	3
AT4G15420	346	318	239	292	436	422
AT4G15430	14	42	25	31	165	124
AT4G15440	22	6	19	11	8	14
AT4G15450	174	90	130	135	95	124
AT4G15460	0	0	0	1	1	0
AT4G15470	2094	1424	1659	1600	1447	1547
AT4G15475	446	266	395	398	394	531
AT4G15480	6	6	9	3	4	3
AT4G15490	1310	732	1076	735	921	920
AT4G15500	50	37	45	29	65	61
AT4G15510	343	824	309	413	680	716
AT4G15520	145	154	113	133	167	162
AT4G15530	1819	732	1379	2271	1705	1997
AT4G15540	2886	442	2201	1653	512	677
AT4G15545	6050	4571	4587	6918	5851	7924
AT4G15550	1429	761	1170	1072	1092	877
AT4G15560	6696	4942	5682	6193	9307	12786
AT4G15562	0	0	0	0	0	0
AT4G15563	24	13	37	22	18	12
AT4G15570	389	138	249	395	357	350
AT4G15610	157	66	98	179	116	59
AT4G15620	99	152	84	71	147	141
AT4G15630	281	555	224	171	409	383
AT4G15640	387	283	336	459	478	314
AT4G15650	0	0	0	1	1	1
AT4G15660	85	34	74	56	26	37
AT4G15670	137	45	105	102	40	70
AT4G15680	189	93	205	172	82	119
AT4G15690	131	133	108	116	94	122
AT4G15700	114	140	105	149	85	172
AT4G15710	8	20	4	15	14	14
AT4G15715	0	0	0	0	0	0
AT4G15720	19	7	14	23	8	8
AT4G15730	86	29	61	82	54	50
AT4G15733	0	0	0	0	0	0
AT4G15735	0	0	0	0	0	0
AT4G15740	4	0	0	0	0	0
AT4G15750	9	3	6	0	1	3
AT4G15755	0	0	0	0	0	0
AT4G15760	1798	1863	1494	1073	2013	2303
AT4G15765	181	119	110	100	87	92
AT4G15770	569	565	512	582	693	528
AT4G15775	0	0	0	0	0	0
AT4G15780	3022	2003	2286	2688	1514	2262
AT4G15790	344	386	204	247	238	218
AT4G15800	604	711	423	467	389	474
AT4G15802	1078	1473	780	879	941	924
AT4G15810	213	111	170	227	292	315
AT4G15820	163	91	139	127	143	127
AT4G15830	103	174	109	126	187	183
AT4G15840	609	352	504	556	576	612
AT4G15850	172	87	117	110	155	112
AT4G15870	0	0	0	0	0	0
AT4G15880	552	214	465	484	406	418
AT4G15885	2	0	0	0	0	0
AT4G15890	75	38	44	96	136	109
AT4G15900	1480	855	1114	1213	1390	1307
AT4G15910	361	563	253	300	463	463
AT4G15920	170	351	136	243	438	381
AT4G15930	555	685	405	438	493	491
AT4G15940	475	386	390	387	569	570
AT4G15950	132	148	106	102	127	125
AT4G15953	10	12	7	12	18	12
AT4G15955	123	94	107	130	78	111
AT4G15960	39	46	36	29	34	47
AT4G15970	0	0	1	0	0	0
AT4G15975	106	47	79	175	47	45
AT4G15980	0	0	0	0	0	0
AT4G15990	34	37	29	41	30	40
AT4G16000	51	44	49	101	14	36
AT4G16008	134	107	124	225	86	155
AT4G16015	1	0	7	2	3	3
AT4G16024	0	0	0	2	0	0
AT4G16030	0	0	0	0	0	0
AT4G16040	0	0	0	0	0	0
AT4G16045	0	0	0	0	0	0
AT4G16050	0	0	0	3	1	0
AT4G16060	507	265	405	348	236	304
AT4G16070	404	127	316	322	290	346
AT4G16080	0	0	0	0	0	0
AT4G16090	0	0	0	0	0	0
AT4G16095	0	0	0	0	0	0
AT4G16100	226	125	183	181	224	179
AT4G16105	0	0	0	0	0	0
AT4G16110	356	98	261	384	281	403
AT4G16120	348	139	289	318	488	341
AT4G16130	761	279	558	635	796	974
AT4G16140	229	218	206	168	385	332
AT4G16141	579	488	413	502	482	497
AT4G16143	1971	1355	1496	1892	2028	2113
AT4G16144	477	203	385	392	456	432
AT4G16146	854	107	668	740	87	79
AT4G16150	2083	657	1698	2145	1537	1867
AT4G16155	1345	963	1197	1768	2069	2181
AT4G16160	10	5	7	5	0	1
AT4G16162	10	4	11	7	1	13
AT4G16165	0	0	0	0	0	0
AT4G16180	1327	555	1036	1209	950	1118
AT4G16190	11521	2694	9523	6242	2927	4203
AT4G16195	0	0	0	0	0	0
AT4G16200	0	0	0	2	0	0
AT4G16210	328	262	263	268	278	285
AT4G16215	0	0	0	0	0	0
AT4G16220	0	0	0	4	2	0
AT4G16230	0	0	2	0	0	0
AT4G16233	1	0	0	0	0	0
AT4G16235	0	0	0	0	0	0
AT4G16240	10	23	10	9	24	8
AT4G16250	349	113	262	327	418	356
AT4G16260	141	90	108	1191	151	72
AT4G16265	78	127	61	51	119	123
AT4G16270	1	3	3	6	2	1
AT4G16280	965	423	730	661	669	910
AT4G16295	0	0	0	0	0	0
AT4G16310	697	210	573	666	638	677
AT4G16330	620	559	495	523	438	532
AT4G16340	1384	355	1052	1229	1350	1371
AT4G16350	9	4	15	19	10	7
AT4G16355	0	0	1	2	3	0
AT4G16360	842	455	625	689	603	647
AT4G16370	1144	863	892	977	3284	2073
AT4G16380	1606	1297	1267	1499	1790	2031
AT4G16390	682	496	546	669	1202	896
AT4G16400	43	47	35	19	15	23
AT4G16410	75	129	47	49	43	67
AT4G16420	883	405	719	772	734	825
AT4G16430	628	271	509	542	500	515
AT4G16440	266	154	200	216	232	256
AT4G16442	291	204	230	190	176	217
AT4G16444	170	111	128	146	132	148
AT4G16447	121	50	94	53	80	48
AT4G16450	1141	1865	870	1106	1412	1312
AT4G16451	0	0	0	0	0	0
AT4G16460	1	0	1	1	1	0
AT4G16465	0	0	0	0	0	0
AT4G16470	83	42	58	61	75	83
AT4G16475	0	0	0	0	0	0
AT4G16480	324	321	264	313	277	362
AT4G16490	1543	1078	1103	1126	1126	1478
AT4G16500	619	654	470	604	308	383
AT4G16510	113	148	87	128	112	160
AT4G16515	0	0	0	0	1	0
AT4G16520	5150	5235	3954	4067	2481	4471
AT4G16530	0	1	0	0	0	0
AT4G16535	11	10	4	5	7	8
AT4G16540	325	21	245	93	13	21
AT4G16545	0	0	0	0	0	0
AT4G16550	0	0	0	0	0	0
AT4G16555	0	0	0	0	0	0
AT4G16560	0	0	0	0	0	0
AT4G16563	212	297	153	205	336	447
AT4G16566	194	263	149	156	176	205
AT4G16570	140	79	89	120	192	203
AT4G16580	423	195	320	340	239	298
AT4G16590	3	0	0	0	1	0
AT4G16600	2	1	8	5	9	1
AT4G16610	11	4	7	5	9	12
AT4G16620	9	3	9	4	9	3
AT4G16630	1365	1203	1066	1348	1431	1101
AT4G16640	4	3	2	0	5	0
AT4G16650	943	402	679	739	649	767
AT4G16660	2636	801	2177	2544	2354	1945
AT4G16670	99	37	84	110	87	91
AT4G16680	153	130	141	136	163	298
AT4G16690	138	166	107	80	195	247
AT4G16695	266	314	220	268	171	193
AT4G16700	52	22	46	51	57	40
AT4G16710	620	312	484	469	267	370
AT4G16720	4368	4392	3200	4160	4982	4065
AT4G16730	0	0	0	0	0	0
AT4G16740	2	0	0	2	0	0
AT4G16745	161	66	96	107	72	136
AT4G16748	0	0	0	0	0	0
AT4G16750	102	20	82	35	21	18
AT4G16760	2428	1284	1939	2031	2221	2172
AT4G16765	414	248	260	264	214	271
AT4G16770	204	133	163	212	148	133
AT4G16780	564	178	390	370	177	316
AT4G16790	434	190	334	348	333	329
AT4G16800	269	237	179	215	267	257
AT4G16807	45	42	21	46	72	51
AT4G16810	0	0	0	0	0	0
AT4G16820	4	0	0	2	1	5
AT4G16830	1732	1216	1310	1503	1302	1627
AT4G16835	71	10	62	49	50	39
AT4G16840	62	76	51	71	58	50
AT4G16845	759	413	594	637	595	609
AT4G16850	137	67	118	91	109	97
AT4G16855	2	0	0	1	1	0
AT4G16857	175	78	79	76	111	85
AT4G16860	1689	691	1311	1851	1951	2820
AT4G16880	104	313	67	183	271	395
AT4G16890	2282	958	1717	2492	2009	2570
AT4G16892	112	38	86	37	27	47
AT4G16900	433	126	371	438	311	469
AT4G16915	0	0	0	0	0	0
AT4G16920	88	29	70	79	41	64
AT4G16930	0	0	0	0	0	0
AT4G16940	20	11	26	30	17	30
AT4G16950	1453	1151	1193	1885	1745	2460
AT4G16955	0	0	0	0	0	0
AT4G16957	213	132	155	160	110	141
AT4G16960	130	12	88	93	69	78
AT4G16970	149	52	99	154	155	150
AT4G16980	5	23	13	26	38	38
AT4G16983	0	0	0	0	0	0
AT4G16990	5324	2894	4294	6271	6485	8738
AT4G17000	97	41	53	91	182	146
AT4G17010	236	233	148	171	181	228
AT4G17020	298	232	251	281	280	312
AT4G17030	197	18	177	82	45	36
AT4G17040	3943	4062	3079	4330	3949	4840
AT4G17050	857	605	757	905	854	960
AT4G17060	394	317	306	355	298	306
AT4G17070	359	369	310	478	287	380
AT4G17080	649	432	531	684	582	868
AT4G17085	131	223	96	118	95	106
AT4G17090	2270	294	1896	1148	356	514
AT4G17098	6	0	5	5	2	6
AT4G17100	139	14	153	136	210	150
AT4G17140	2574	190	2042	2830	1314	1685
AT4G17150	975	557	667	760	548	649
AT4G17160	1	0	0	1	1	3
AT4G17170	1867	1808	1519	2011	1497	2267
AT4G17180	101	85	89	99	97	96
AT4G17190	428	413	408	386	385	490
AT4G17200	0	0	0	0	0	0
AT4G17210	0	0	0	0	0	0
AT4G17215	18	9	8	4	2	5
AT4G17220	24	4	10	5	5	7
AT4G17230	2347	411	1745	2122	526	685
AT4G17240	303	168	230	249	288	261
AT4G17243	3	15	8	7	4	9
AT4G17245	473	1314	389	559	738	875
AT4G17250	699	292	474	754	349	562
AT4G17260	232	270	221	242	432	373
AT4G17270	840	495	636	767	707	764
AT4G17280	27	5	5	10	7	1
AT4G17300	803	820	540	777	1431	1392
AT4G17310	91	72	85	96	97	91
AT4G17330	4054	1171	3290	3751	4033	4147
AT4G17340	664	1113	603	777	908	1030
AT4G17350	90	24	75	68	50	60
AT4G17360	239	199	116	165	182	246
AT4G17370	592	355	401	442	415	441
AT4G17380	8	4	13	12	25	10
AT4G17390	2976	4727	2236	2984	3953	3092
AT4G17410	326	187	277	268	260	278
AT4G17420	205	142	167	206	104	136
AT4G17430	192	83	160	147	135	125
AT4G17440	142	51	90	82	54	66
AT4G17460	411	688	296	719	576	914
AT4G17470	31	47	44	35	57	60
AT4G17480	23	22	14	29	41	25
AT4G17483	44	18	23	14	26	19
AT4G17486	809	815	560	821	629	812
AT4G17490	1097	792	864	2266	124	703
AT4G17500	408	692	324	989	228	456
AT4G17505	0	0	0	0	0	0
AT4G17510	608	796	436	516	645	642
AT4G17520	4358	4689	3296	4324	5615	4739
AT4G17530	1090	1002	767	776	1092	958
AT4G17540	262	300	204	238	352	303
AT4G17550	245	88	208	179	208	190
AT4G17560	2887	5685	2140	3117	4714	5104
AT4G17565	2	6	1	0	0	0
AT4G17570	521	172	410	452	402	413
AT4G17580	0	0	0	0	0	0
AT4G17585	0	0	0	0	0	0
AT4G17590	0	0	0	0	0	0
AT4G17600	2075	4251	1744	2262	4394	4505
AT4G17610	349	154	232	296	449	403
AT4G17612	0	0	0	0	0	0
AT4G17615	869	118	744	397	130	107
AT4G17616	292	129	202	191	152	184
AT4G17620	620	468	465	541	530	628
AT4G17640	1285	1183	1076	1229	1186	1470
AT4G17650	375	184	260	247	225	221
AT4G17660	9	4	1	5	3	0
AT4G17670	110	103	109	75	60	96
AT4G17680	278	53	154	111	79	94
AT4G17690	0	0	0	0	2	0
AT4G17695	360	99	233	215	197	160
AT4G17700	0	0	0	0	0	0
AT4G17710	0	0	1	0	9	5
AT4G17713	0	0	0	0	0	0
AT4G17718	0	0	0	0	0	0
AT4G17720	573	485	433	478	488	488
AT4G17730	1620	656	1159	1205	536	911
AT4G17740	749	698	630	679	888	917
AT4G17750	254	79	164	220	194	228
AT4G17760	17	12	11	31	22	11
AT4G17765	0	0	0	0	0	0
AT4G17770	504	193	429	297	456	337
AT4G17780	1	0	0	0	0	0
AT4G17785	2	0	0	0	0	0
AT4G17788	1	0	3	6	0	0
AT4G17790	777	260	529	366	221	304
AT4G17800	15	12	7	8	28	9
AT4G17810	164	327	151	172	252	341
AT4G17830	626	309	574	580	664	596
AT4G17840	993	590	776	658	699	929
AT4G17850	0	0	0	0	0	0
AT4G17860	2	4	5	0	10	10
AT4G17870	1518	5559	1138	1473	2029	2995
AT4G17880	379	155	333	286	246	378
AT4G17890	763	416	613	707	691	847
AT4G17895	224	111	171	176	175	164
AT4G17900	1281	574	938	1379	541	755
AT4G17905	41	14	50	34	33	19
AT4G17910	270	119	234	230	199	173
AT4G17920	2	11	2	4	23	15
AT4G17940	822	690	639	605	678	624
AT4G17950	730	362	597	686	867	867
AT4G17960	201	114	116	140	125	116
AT4G17970	286	262	218	166	203	299
AT4G17975	0	0	0	0	0	0
AT4G17980	0	0	2	2	0	0
AT4G17990	0	0	0	0	0	0
AT4G18010	1970	977	1600	1759	1406	1788
AT4G18020	1188	393	889	790	764	855
AT4G18030	2065	831	1652	1803	2197	2146
AT4G18040	670	562	519	643	685	577
AT4G18050	71	6	47	59	68	70
AT4G18060	994	739	740	896	813	889
AT4G18070	1298	397	951	744	495	545
AT4G18080	0	0	0	0	0	0
AT4G18090	0	0	0	0	0	0
AT4G18100	3310	4579	2516	3451	3997	3111
AT4G18110	0	0	0	0	0	0
AT4G18130	897	301	750	746	663	689
AT4G18140	400	184	356	375	314	499
AT4G18150	0	1	0	5	5	0
AT4G18160	168	106	142	121	186	195
AT4G18170	140	77	131	158	97	143
AT4G18180	0	0	0	0	0	0
AT4G18190	2	1	2	0	0	0
AT4G18195	99	25	59	109	23	40
AT4G18197	1083	255	808	1141	356	547
AT4G18203	0	0	0	0	0	0
AT4G18205	1947	620	1484	2159	576	945
AT4G18210	202	73	153	146	88	150
AT4G18215	1	0	2	0	0	6
AT4G18220	87	41	67	47	106	143
AT4G18230	256	242	212	241	164	199
AT4G18240	1843	460	1556	2121	1684	1903
AT4G18250	19	17	6	62	73	29
AT4G18253	36	29	28	72	52	32
AT4G18255	0	0	0	0	0	0
AT4G18260	58	41	52	75	52	42
AT4G18270	123	32	116	86	84	67
AT4G18280	489	249	350	231	149	146
AT4G18290	379	108	309	272	323	254
AT4G18300	159	63	136	140	141	162
AT4G18310	0	0	1	2	0	0
AT4G18320	0	0	0	0	0	0
AT4G18330	0	0	0	0	0	0
AT4G18335	0	0	0	0	0	1
AT4G18340	94	89	56	235	220	236
AT4G18350	2	1	0	1	7	0
AT4G18360	79	19	71	65	32	31
AT4G18370	438	514	300	461	603	808
AT4G18372	59	41	41	38	34	40
AT4G18375	57	38	42	40	82	56
AT4G18380	168	131	159	189	149	191
AT4G18390	986	379	732	821	769	798
AT4G18395	2	0	0	0	0	0
AT4G18400	32	52	34	36	21	44
AT4G18422	13	4	9	6	0	2
AT4G18425	4	3	3	3	17	14
AT4G18430	3	1	6	14	4	6
AT4G18440	570	345	431	511	978	583
AT4G18450	0	0	0	0	0	0
AT4G18460	109	125	77	102	132	145
AT4G18465	344	109	300	272	272	271
AT4G18470	30	19	15	25	34	23
AT4G18480	5108	12495	4024	5487	13617	14001
AT4G18490	37	14	39	73	92	84
AT4G18500	0	0	0	0	0	0
AT4G18501	4	14	6	5	9	6
AT4G18510	1	9	3	2	1	3
AT4G18520	234	180	233	236	289	246
AT4G18530	262	68	195	177	120	153
AT4G18540	0	0	0	7	0	0
AT4G18550	10	4	3	11	8	5
AT4G18570	874	605	708	633	1123	1138
AT4G18580	143	121	127	121	81	105
AT4G18590	134	267	107	165	155	181
AT4G18593	276	265	245	228	228	217
AT4G18596	1	0	0	0	0	0
AT4G18600	262	13	268	377	406	522
AT4G18610	9	2	6	8	8	5
AT4G18620	0	0	0	0	0	0
AT4G18630	36	4	27	22	21	20
AT4G18640	176	71	120	150	126	139
AT4G18650	1	0	2	0	9	0
AT4G18660	1	0	0	2	0	0
AT4G18670	2305	621	2102	2331	1940	2068
AT4G18680	1	0	0	1	2	0
AT4G18690	2	0	0	0	0	0
AT4G18692	0	0	0	0	0	0
AT4G18700	2549	1205	1958	1739	1471	1856
AT4G18710	5954	4443	4418	5245	4407	5778
AT4G18720	0	0	0	0	0	0
AT4G18725	0	0	0	0	0	0
AT4G18730	1390	1930	1113	1508	1693	1538
AT4G18740	349	1100	278	371	632	1012
AT4G18750	78	37	60	56	100	54
AT4G18760	261	201	247	326	327	304
AT4G18770	1	0	2	0	0	0
AT4G18780	152	55	147	116	187	194
AT4G18790	0	0	1	1	0	0
AT4G18800	159	119	150	155	119	130
AT4G18810	802	495	643	711	1304	1185
AT4G18815	0	0	0	0	0	0
AT4G18820	835	273	656	615	656	777
AT4G18823	0	0	1	0	0	0
AT4G18830	70	25	48	30	26	34
AT4G18840	58	11	46	52	35	26
AT4G18860	0	0	0	0	0	0
AT4G18870	0	0	0	0	0	0
AT4G18880	1015	145	763	801	186	301
AT4G18890	179	92	151	121	140	101
AT4G18900	0	0	0	0	1	2
AT4G18905	700	291	618	681	631	591
AT4G18910	142	115	106	112	203	158
AT4G18920	2	0	0	0	0	2
AT4G18930	839	743	677	800	570	593
AT4G18940	1	4	0	0	12	1
AT4G18950	580	287	424	704	462	491
AT4G18960	4	4	3	2	18	5
AT4G18970	1106	844	1016	1051	1163	1144
AT4G18975	548	502	456	497	482	482
AT4G18980	10	1	8	2	3	2
AT4G18990	14	3	5	12	4	5
AT4G19000	0	0	0	0	0	0
AT4G19003	574	544	382	475	429	462
AT4G19006	508	444	389	503	547	469
AT4G19010	173	92	155	124	151	142
AT4G19020	531	130	434	533	554	655
AT4G19030	16	5	24	13	7	6
AT4G19035	0	0	0	0	0	0
AT4G19038	0	0	0	0	0	0
AT4G19040	473	138	377	442	398	463
AT4G19045	215	173	158	161	185	206
AT4G19050	61	9	52	55	27	42
AT4G19060	477	197	315	312	298	389
AT4G19070	252	62	173	220	180	236
AT4G19080	19	16	21	32	40	37
AT4G19090	79	32	74	74	110	122
AT4G19095	12	5	13	10	18	12
AT4G19100	364	611	340	367	516	546
AT4G19110	4446	1248	3332	3874	2067	2355
AT4G19120	2058	296	1553	1634	657	505
AT4G19130	40	17	37	47	94	72
AT4G19140	288	181	211	292	232	222
AT4G19150	398	402	295	368	308	370
AT4G19160	2738	1772	2266	3065	1386	2422
AT4G19170	1251	722	1074	839	850	1311
AT4G19180	312	111	220	291	275	318
AT4G19185	235	142	165	154	112	148
AT4G19190	1088	636	818	960	759	1099
AT4G19191	45	10	35	50	22	16
AT4G19200	4147	2924	3168	2739	1843	2482
AT4G19210	2270	1291	1920	2143	2603	2682
AT4G19220	31	16	34	34	20	30
AT4G19230	145	35	121	148	83	75
AT4G19240	0	0	0	0	0	0
AT4G19250	0	0	0	0	0	0
AT4G19260	0	0	0	0	0	0
AT4G19270	0	0	0	0	0	0
AT4G19275	0	0	0	0	0	0
AT4G19330	0	0	0	0	0	0
AT4G19340	0	0	0	0	0	0
AT4G19350	663	646	415	498	495	574
AT4G19360	0	0	0	0	0	0
AT4G19370	95	61	71	143	55	77
AT4G19380	107	141	76	115	274	283
AT4G19390	492	182	365	293	127	207
AT4G19395	2	0	8	0	2	3
AT4G19400	9	8	10	13	5	13
AT4G19410	4982	3770	3889	5021	3625	4485
AT4G19420	1899	1090	1431	1505	1471	1949
AT4G19430	31	74	41	105	54	81
AT4G19440	244	43	206	271	256	223
AT4G19450	754	373	607	500	629	605
AT4G19460	24	20	15	23	43	38
AT4G19470	0	0	0	0	0	0
AT4G19480	0	0	0	0	0	0
AT4G19485	0	0	0	0	0	0
AT4G19490	1162	472	975	1141	1064	1263
AT4G19500	1237	455	1077	1120	1180	1411
AT4G19510	1234	282	925	1138	674	1000
AT4G19520	1304	172	971	1595	398	694
AT4G19530	1687	1811	1276	2258	3062	5068
AT4G19540	284	293	190	233	231	305
AT4G19550	86	50	57	75	68	65
AT4G19560	37	13	22	27	20	44
AT4G19570	1	8	3	3	5	8
AT4G19580	0	0	0	0	0	0
AT4G19590	26	14	26	18	21	21
AT4G19600	1014	551	787	838	605	762
AT4G19610	575	273	476	653	586	633
AT4G19620	0	0	0	0	0	0
AT4G19630	0	1	0	1	1	1
AT4G19640	1401	1258	1101	1112	954	1223
AT4G19645	67	53	66	70	69	52
AT4G19650	113	43	91	100	91	104
AT4G19660	418	149	330	339	251	323
AT4G19670	666	251	506	573	349	433
AT4G19680	2	0	4	0	0	1
AT4G19690	0	2	0	0	1	1
AT4G19700	358	225	265	280	197	266
AT4G19710	1105	818	889	1069	1943	1771
AT4G19720	6	0	2	3	1	1
AT4G19730	0	0	0	0	0	0
AT4G19740	9	6	4	1	2	1
AT4G19750	0	0	0	0	0	0
AT4G19760	0	0	0	0	0	0
AT4G19770	0	0	0	0	0	0
AT4G19800	0	0	0	0	0	0
AT4G19810	174	35	168	171	73	74
AT4G19820	19	46	22	24	92	115
AT4G19830	288	521	188	223	290	466
AT4G19840	3411	2518	2724	2601	2870	3423
AT4G19850	17	13	13	7	6	8
AT4G19860	2002	910	1631	1902	1162	1698
AT4G19865	69	50	81	61	42	71
AT4G19870	84	66	64	78	97	131
AT4G19880	3645	1379	2775	1832	1506	1743
AT4G19890	153	31	107	115	144	146
AT4G19900	228	125	195	200	180	197
AT4G19905	0	0	0	0	0	0
AT4G19910	0	0	0	0	0	0
AT4G19920	0	0	0	0	0	0
AT4G19925	0	0	0	0	0	0
AT4G19930	0	0	0	0	0	0
AT4G19940	0	0	0	0	0	0
AT4G19950	102	17	87	55	26	23
AT4G19960	871	91	705	530	186	250
AT4G19970	14	2	7	6	10	5
AT4G19975	24	2	14	7	4	3
AT4G19980	0	1	0	0	2	0
AT4G19985	424	687	270	426	394	477
AT4G19990	376	102	314	290	264	307
AT4G20000	14	1	16	36	32	4
AT4G20010	726	574	639	761	804	744
AT4G20020	724	334	584	791	976	666
AT4G20030	191	196	149	133	130	164
AT4G20040	6	7	3	3	5	4
AT4G20050	27	6	16	24	8	9
AT4G20060	106	45	105	103	105	99
AT4G20070	446	469	347	565	619	1117
AT4G20080	0	0	0	1	0	0
AT4G20090	87	44	94	115	116	109
AT4G20095	3	4	1	4	7	10
AT4G20100	0	0	0	0	0	0
AT4G20110	181	39	114	216	75	65
AT4G20115	0	0	0	0	0	0
AT4G20130	1269	1207	990	1267	2240	2115
AT4G20140	90	64	63	104	164	259
AT4G20150	1053	1905	841	888	897	852
AT4G20160	3	0	0	0	1	0
AT4G20170	426	202	312	313	338	309
AT4G20190	0	0	0	0	0	0
AT4G20200	0	0	0	0	0	0
AT4G20210	0	0	7	1	0	0
AT4G20220	0	0	0	0	0	0
AT4G20230	21	13	12	33	18	11
AT4G20235	1	0	6	1	0	1
AT4G20240	24	11	26	13	22	20
AT4G20250	0	0	0	0	0	0
AT4G20260	10230	13243	7540	9226	5992	9957
AT4G20270	1163	237	1004	795	827	661
AT4G20280	406	330	338	413	341	416
AT4G20290	0	0	0	0	0	0
AT4G20300	1132	664	840	923	869	1105
AT4G20310	147	135	140	135	151	182
AT4G20320	247	30	178	118	87	75
AT4G20325	133	49	86	101	109	88
AT4G20330	727	573	556	676	705	818
AT4G20340	253	204	185	219	186	278
AT4G20350	67	65	55	50	46	56
AT4G20360	0	0	0	0	0	0
AT4G20362	24	135	12	24	25	77
AT4G20370	0	2	1	0	0	0
AT4G20380	645	783	502	526	440	621
AT4G20390	79	32	53	32	10	31
AT4G20400	1402	627	1095	1240	1173	1221
AT4G20410	625	462	506	551	470	588
AT4G20420	0	0	0	0	0	0
AT4G20430	329	83	271	350	439	372
AT4G20440	624	655	472	563	667	542
AT4G20450	1	0	1	6	1	2
AT4G20460	38	7	21	35	32	8
AT4G20470	0	0	0	0	0	0
AT4G20480	633	379	531	513	479	475
AT4G20520	0	0	0	0	0	0
AT4G20530	0	0	0	0	0	0
AT4G20535	0	0	0	0	0	0
AT4G20540	0	0	0	0	0	0
AT4G20545	0	0	0	0	0	0
AT4G20550	0	0	0	0	0	0
AT4G20555	0	0	0	0	0	0
AT4G20560	0	0	0	0	0	0
AT4G20565	0	0	0	0	0	0
AT4G20570	0	0	0	0	0	0
AT4G20575	0	0	0	0	0	0
AT4G20580	0	0	0	0	0	0
AT4G20590	0	0	0	0	0	0
AT4G20600	0	0	0	0	0	0
AT4G20610	0	0	0	0	0	0
AT4G20620	0	0	0	0	0	0
AT4G20630	0	0	0	0	0	0
AT4G20640	0	0	0	0	0	0
AT4G20645	0	0	0	0	0	0
AT4G20650	0	0	0	0	0	0
AT4G20670	0	0	0	0	0	0
AT4G20680	0	0	0	0	0	0
AT4G20690	14	24	9	16	7	15
AT4G20700	0	0	0	0	0	0
AT4G20703	0	0	0	0	0	0
AT4G20707	0	0	0	0	0	0
AT4G20720	27	23	20	14	13	21
AT4G20735	0	0	0	0	0	0
AT4G20740	153	65	112	164	169	172
AT4G20760	307	353	232	239	349	293
AT4G20770	15	3	9	21	16	6
AT4G20780	218	157	181	281	101	157
AT4G20790	0	0	0	0	0	0
AT4G20800	0	0	0	0	0	0
AT4G20810	0	0	0	0	0	0
AT4G20820	41	52	30	31	62	49
AT4G20830	1374	527	1077	1522	667	568
AT4G20835	0	0	0	0	0	0
AT4G20840	265	188	230	234	279	219
AT4G20850	4646	2536	3705	4764	5325	6478
AT4G20860	639	519	530	1014	1393	877
AT4G20870	707	721	617	663	635	861
AT4G20880	752	540	575	561	301	408
AT4G20890	2704	1081	2229	2178	1327	1241
AT4G20900	0	0	0	0	0	0
AT4G20910	200	84	182	176	235	195
AT4G20920	5	0	3	1	5	1
AT4G20930	433	225	345	255	208	214
AT4G20935	5	0	3	11	12	6
AT4G20940	321	75	242	325	452	401
AT4G20947	0	0	0	0	0	0
AT4G20953	1	7	4	6	2	2
AT4G20960	448	526	377	508	753	660
AT4G20970	0	1	0	12	2	1
AT4G20980	1175	792	1113	1302	1691	1245
AT4G20990	4	0	0	3	0	2
AT4G21000	0	0	0	0	0	0
AT4G21010	0	0	0	0	0	0
AT4G21020	42	4	27	0	1	2
AT4G21030	0	0	0	1	0	0
AT4G21040	1	0	0	0	0	0
AT4G21050	0	0	0	0	0	0
AT4G21060	223	41	161	151	118	104
AT4G21063	14	17	13	16	14	7
AT4G21065	31	14	41	33	35	16
AT4G21070	109	79	68	141	246	152
AT4G21080	0	0	0	0	0	0
AT4G21090	261	196	231	230	239	230
AT4G21100	533	207	420	509	729	645
AT4G21105	1185	1708	979	1085	1265	1031
AT4G21110	556	738	431	466	522	537
AT4G21120	12	1	11	24	16	12
AT4G21130	0	0	0	0	0	0
AT4G21140	195	163	159	251	263	169
AT4G21150	1309	547	1184	1348	1521	1363
AT4G21160	800	546	649	712	524	616
AT4G21170	97	57	52	104	96	121
AT4G21180	367	154	321	432	663	691
AT4G21190	533	409	388	424	596	555
AT4G21192	283	484	213	227	213	241
AT4G21200	28	16	19	31	18	14
AT4G21210	2131	3283	1560	1881	2402	2793
AT4G21213	0	4	0	0	0	1
AT4G21215	431	48	344	504	92	164
AT4G21220	61	17	41	42	30	32
AT4G21230	22	4	15	29	25	8
AT4G21240	0	0	0	0	0	0
AT4G21250	0	0	0	0	2	2
AT4G21260	0	0	0	0	0	0
AT4G21270	145	81	111	166	350	217
AT4G21280	11350	20292	9402	11999	12888	17578
AT4G21300	25	8	34	22	31	53
AT4G21310	55	36	26	26	43	30
AT4G21320	42	65	33	44	58	103
AT4G21323	20	31	13	30	17	37
AT4G21326	352	134	254	248	176	218
AT4G21330	0	0	0	0	0	0
AT4G21340	3	0	0	1	0	0
AT4G21350	143	119	130	121	134	175
AT4G21362	0	0	0	0	0	0
AT4G21366	0	0	0	0	0	0
AT4G21380	79	20	49	82	75	39
AT4G21390	116	16	82	198	49	48
AT4G21400	353	249	253	402	367	534
AT4G21410	1152	720	804	1401	1739	1807
AT4G21430	424	153	311	343	310	373
AT4G21440	83	0	56	11	1	0
AT4G21445	342	662	288	441	427	502
AT4G21450	1692	1601	1421	1578	1242	1680
AT4G21460	513	367	381	353	428	445
AT4G21470	1176	361	949	529	396	372
AT4G21480	61	29	39	40	24	42
AT4G21490	0	1	4	1	0	4
AT4G21500	61	27	55	84	34	44
AT4G21510	160	147	92	93	94	106
AT4G21515	0	0	0	0	0	0
AT4G21520	164	88	138	173	158	137
AT4G21530	136	56	122	134	152	155
AT4G21534	344	182	257	269	190	275
AT4G21540	493	275	373	369	340	430
AT4G21550	162	13	90	74	62	77
AT4G21560	558	280	483	346	255	379
AT4G21570	2234	597	1721	1166	803	782
AT4G21580	1044	406	835	713	577	606
AT4G21585	143	103	115	120	101	88
AT4G21590	9	27	13	15	26	20
AT4G21595	0	0	0	0	0	0
AT4G21600	28	25	20	21	46	16
AT4G21610	210	152	182	154	141	194
AT4G21620	776	733	642	544	587	504
AT4G21630	0	0	0	1	0	0
AT4G21640	0	0	0	0	0	0
AT4G21650	937	211	762	439	600	844
AT4G21660	3166	2488	2535	3049	2877	3349
AT4G21670	451	156	344	419	525	485
AT4G21680	108	32	101	102	80	42
AT4G21690	0	0	0	0	0	1
AT4G21700	146	35	132	159	108	110
AT4G21705	198	104	140	120	128	142
AT4G21710	1619	474	1323	1537	1437	1783
AT4G21720	111	83	89	101	94	87
AT4G21740	184	182	154	170	143	135
AT4G21745	4	9	2	5	5	0
AT4G21750	1309	838	1091	1521	2465	2540
AT4G21760	25	11	15	6	30	22
AT4G21770	342	296	253	397	679	588
AT4G21780	18	14	14	12	9	11
AT4G21790	1139	846	901	1060	839	1036
AT4G21800	466	449	322	498	539	424
AT4G21810	905	1077	707	874	594	861
AT4G21820	86	57	69	117	238	199
AT4G21830	12	6	8	12	13	1
AT4G21840	0	0	4	5	1	0
AT4G21850	554	782	466	918	1064	766
AT4G21860	3533	5503	2884	3194	3795	4215
AT4G21865	63	34	41	53	49	54
AT4G21870	715	3969	482	717	1644	2390
AT4G21880	200	142	182	248	294	291
AT4G21890	134	53	89	83	96	110
AT4G21895	0	0	0	0	0	0
AT4G21900	187	133	172	150	173	205
AT4G21902	0	0	0	0	0	0
AT4G21903	12	5	11	16	13	6
AT4G21910	380	196	338	178	397	337
AT4G21920	15	7	3	10	7	9
AT4G21926	1	12	3	1	0	0
AT4G21930	14	4	11	2	0	1
AT4G21940	65	34	51	41	50	40
AT4G21950	0	0	0	0	0	0
AT4G21960	50615	17237	40251	32121	23798	24464
AT4G21970	29	19	32	42	5	36
AT4G21980	499	626	382	499	254	354
AT4G21990	2149	381	1709	413	581	412
AT4G22000	609	883	503	520	553	487
AT4G22010	1455	775	1121	1241	1482	1192
AT4G22030	0	0	0	3	0	0
AT4G22035	0	0	0	0	0	0
AT4G22050	3	0	1	0	0	0
AT4G22060	0	0	0	0	0	0
AT4G22070	5	1	13	6	2	0
AT4G22080	1	0	6	1	0	0
AT4G22090	0	0	0	0	0	0
AT4G22100	0	0	0	0	0	0
AT4G22105	0	1	0	0	0	0
AT4G22110	1	0	0	1	0	0
AT4G22115	0	0	0	0	0	0
AT4G22120	505	166	390	310	404	405
AT4G22130	497	125	378	441	378	307
AT4G22140	547	421	389	382	387	458
AT4G22150	602	379	474	484	429	481
AT4G22160	252	153	165	156	97	99
AT4G22165	0	0	0	0	0	0
AT4G22170	2	2	1	2	0	0
AT4G22180	0	0	0	0	0	0
AT4G22190	1035	465	799	735	449	593
AT4G22200	448	169	399	297	276	217
AT4G22210	1	0	0	0	0	0
AT4G22212	25	9	27	17	20	5
AT4G22214	10	0	10	1	0	0
AT4G22217	2	0	3	0	0	0
AT4G22220	2241	2017	1827	1811	1458	1658
AT4G22230	0	0	0	1	0	0
AT4G22233	1	0	2	0	0	0
AT4G22235	0	0	0	0	0	0
AT4G22240	3294	2116	2896	2341	2651	2765
AT4G22250	83	75	72	61	64	53
AT4G22260	648	411	522	584	492	564
AT4G22265	1	0	1	0	0	0
AT4G22270	47	17	38	49	20	33
AT4G22280	32	8	20	37	15	26
AT4G22285	360	163	310	303	336	329
AT4G22290	483	511	379	526	559	664
AT4G22300	303	225	215	300	267	256
AT4G22305	50	51	51	61	54	55
AT4G22310	694	1045	580	692	826	758
AT4G22320	118	88	102	123	130	91
AT4G22330	804	556	593	668	620	743
AT4G22340	164	95	121	168	163	170
AT4G22350	215	102	155	177	155	203
AT4G22360	410	259	341	358	338	431
AT4G22370	9	2	17	6	3	9
AT4G22380	242	195	193	208	164	152
AT4G22390	20	0	16	9	2	4
AT4G22400	0	0	0	0	0	0
AT4G22410	1	0	0	0	0	0
AT4G22430	0	0	0	0	0	0
AT4G22440	0	0	0	0	0	0
AT4G22460	0	0	0	0	0	0
AT4G22463	0	0	0	0	0	0
AT4G22467	2	0	1	2	11	3
AT4G22470	11	4	11	28	121	22
AT4G22475	455	201	480	256	141	111
AT4G22485	168	7	323	196	165	132
AT4G22490	2930	1221	3353	1802	1077	1234
AT4G22495	0	0	0	0	0	0
AT4G22505	121	17	130	76	75	54
AT4G22510	0	0	0	0	0	0
AT4G22513	61	55	72	65	71	32
AT4G22517	1034	642	1301	993	687	531
AT4G22520	0	0	0	0	0	0
AT4G22530	213	103	167	172	141	93
AT4G22540	2129	717	1619	2037	1416	1653
AT4G22550	94	125	66	81	124	106
AT4G22560	75	72	47	47	52	57
AT4G22570	337	757	226	276	682	691
AT4G22580	244	80	248	193	172	187
AT4G22590	554	60	402	272	90	83
AT4G22600	0	0	0	0	0	0
AT4G22610	7	0	7	1	0	0
AT4G22620	0	0	1	2	0	0
AT4G22630	0	0	0	0	0	0
AT4G22635	0	0	0	0	0	0
AT4G22640	1	0	2	0	0	0
AT4G22650	0	0	0	1	0	0
AT4G22660	0	0	0	0	0	0
AT4G22666	31	0	29	6	0	1
AT4G22670	1750	1763	1524	1987	2175	2004
AT4G22680	15	5	0	5	11	6
AT4G22690	1627	1243	1444	2189	2116	1998
AT4G22700	0	0	0	0	0	0
AT4G22710	76	14	40	61	8	20
AT4G22720	257	242	214	254	238	308
AT4G22730	92	50	86	63	92	62
AT4G22740	964	534	725	772	683	797
AT4G22745	289	346	194	218	254	257
AT4G22750	758	536	601	657	482	644
AT4G22754	0	0	0	0	0	0
AT4G22755	87	191	66	119	302	244
AT4G22756	253	188	204	229	238	224
AT4G22758	33	11	17	9	17	21
AT4G22760	96	26	53	61	55	73
AT4G22770	128	30	81	78	80	73
AT4G22780	787	270	572	701	318	401
AT4G22790	43	45	40	61	36	49
AT4G22810	4	0	2	5	0	1
AT4G22820	686	437	502	363	326	312
AT4G22830	171	382	150	206	279	346
AT4G22840	54	41	33	75	68	65
AT4G22850	144	125	103	116	105	132
AT4G22860	178	102	112	134	244	262
AT4G22870	0	0	0	2	0	0
AT4G22880	4	36	3	5	77	41
AT4G22890	2810	6693	2293	2919	6477	9087
AT4G22900	18	9	8	13	17	11
AT4G22910	338	185	296	314	313	346
AT4G22920	378	184	320	338	179	190
AT4G22930	747	805	580	622	1041	923
AT4G22940	16	3	12	6	12	10
AT4G22950	11	8	15	3	1	3
AT4G22960	3	3	2	2	14	5
AT4G22970	80	22	83	109	197	150
AT4G22980	88	34	76	58	47	46
AT4G22990	324	141	243	301	269	376
AT4G23000	610	15	512	203	48	73
AT4G23010	406	179	349	430	413	363
AT4G23015	0	1	0	1	0	0
AT4G23020	91	111	87	92	110	122
AT4G23030	46	19	36	58	16	25
AT4G23040	320	183	244	280	229	258
AT4G23050	579	96	426	290	258	307
AT4G23060	664	174	532	417	264	343
AT4G23070	2	1	0	3	0	2
AT4G23080	0	0	0	0	0	0
AT4G23090	0	0	0	0	0	0
AT4G23100	4195	4085	3604	4850	5901	5645
AT4G23110	0	0	0	0	0	0
AT4G23120	0	0	0	0	0	0
AT4G23130	68	41	54	105	134	88
AT4G23140	15	1	33	20	5	2
AT4G23150	11	0	7	27	2	0
AT4G23160	12	1	6	16	9	1
AT4G23170	513	98	421	456	145	91
AT4G23180	3440	424	2524	3330	838	882
AT4G23190	1171	144	916	1358	693	470
AT4G23200	207	33	128	213	96	129
AT4G23205	8	0	0	1	7	6
AT4G23210	47	8	39	73	119	69
AT4G23220	240	13	192	288	102	34
AT4G23230	37	4	13	37	22	5
AT4G23240	83	37	49	66	27	35
AT4G23250	535	129	325	278	274	225
AT4G23260	371	566	269	400	941	1119
AT4G23270	1163	301	910	1209	725	923
AT4G23271	0	0	0	0	0	0
AT4G23280	2	1	3	14	8	3
AT4G23290	199	457	152	301	923	1001
AT4G23300	488	308	353	543	682	787
AT4G23310	1	0	1	7	0	0
AT4G23320	4	0	0	6	5	0
AT4G23330	310	238	207	222	190	248
AT4G23340	7	8	4	1	4	11
AT4G23350	0	1	0	1	0	4
AT4G23355	0	0	0	0	2	0
AT4G23360	0	0	0	0	0	0
AT4G23365	0	0	0	0	0	0
AT4G23370	0	0	0	0	0	0
AT4G23373	0	0	0	0	0	0
AT4G23375	0	0	0	0	0	0
AT4G23380	0	0	0	0	0	0
AT4G23387	0	0	0	0	0	0
AT4G23390	0	0	0	0	1	0
AT4G23400	3301	2105	2832	2941	2358	3695
AT4G23410	29	33	36	36	39	43
AT4G23420	30	25	29	29	22	29
AT4G23430	602	324	511	394	469	557
AT4G23440	377	147	329	328	284	274
AT4G23450	55	8	41	45	3	12
AT4G23460	1493	665	1247	1382	1297	1358
AT4G23470	2258	1939	1639	2175	1767	1930
AT4G23490	214	111	166	163	163	163
AT4G23493	19	15	4	14	13	8
AT4G23496	9	1	1	2	0	2
AT4G23500	224	155	209	145	313	205
AT4G23510	10	1	10	12	3	0
AT4G23515	0	0	1	1	0	0
AT4G23520	0	0	0	0	0	0
AT4G23530	210	153	153	164	119	167
AT4G23540	372	32	312	412	474	415
AT4G23550	98	100	110	110	182	132
AT4G23560	1	1	5	1	0	1
AT4G23570	527	860	447	867	723	850
AT4G23580	0	0	0	0	0	0
AT4G23590	5	0	6	1	0	0
AT4G23600	881	273	729	559	503	386
AT4G23610	1	0	0	0	0	0
AT4G23620	217	109	179	177	233	162
AT4G23630	1893	1263	1514	1005	1328	1315
AT4G23635	0	0	0	0	0	0
AT4G23640	729	329	631	663	648	610
AT4G23650	2191	2138	1732	2177	2368	2600
AT4G23660	187	137	137	137	196	219
AT4G23670	23735	22180	18522	10276	25018	21420
AT4G23680	1355	1466	1086	1307	2108	1315
AT4G23690	47	36	54	42	46	23
AT4G23700	113	22	60	253	31	20
AT4G23710	981	1160	755	1021	792	814
AT4G23713	0	0	0	1	0	1
AT4G23720	2	7	2	5	7	7
AT4G23730	418	253	358	353	271	373
AT4G23740	722	503	597	625	851	800
AT4G23750	584	333	410	436	330	505
AT4G23760	131	202	113	102	103	120
AT4G23770	45	78	45	40	58	71
AT4G23780	1	0	0	2	3	3
AT4G23790	372	168	241	254	262	281
AT4G23800	1429	1518	1190	1388	2458	2030
AT4G23810	1995	70	1667	2711	72	135
AT4G23820	2319	1321	1897	2626	1972	2509
AT4G23840	270	83	179	234	140	229
AT4G23850	3657	2519	2930	3358	4040	4899
AT4G23860	555	421	494	476	467	452
AT4G23870	365	261	300	294	145	213
AT4G23880	151	80	108	71	44	68
AT4G23882	2	0	0	1	2	0
AT4G23885	89	95	89	101	73	86
AT4G23890	1271	1171	1016	1045	818	1181
AT4G23895	307	153	252	253	189	265
AT4G23900	4	0	3	1	0	5
AT4G23910	309	175	250	244	184	222
AT4G23915	0	0	0	0	0	0
AT4G23920	306	116	234	135	121	143
AT4G23930	39	41	48	43	34	38
AT4G23940	628	532	472	599	1532	1317
AT4G23950	101	31	79	77	68	62
AT4G23960	0	0	1	1	0	0
AT4G23970	0	0	0	0	0	0
AT4G23980	811	337	569	661	513	658
AT4G23990	38	35	48	36	114	71
AT4G24000	18	1	10	11	2	1
AT4G24010	11	5	10	2	23	5
AT4G24015	136	155	72	108	93	94
AT4G24020	1502	938	1233	1517	1609	2366
AT4G24025	0	0	0	0	0	0
AT4G24026	3	6	0	1	0	1
AT4G24030	0	0	0	0	0	0
AT4G24040	278	151	217	266	228	345
AT4G24050	243	93	197	196	124	166
AT4G24060	831	312	646	694	638	690
AT4G24070	1	0	0	0	0	0
AT4G24080	16	7	10	8	4	4
AT4G24090	358	545	263	345	554	667
AT4G24100	564	210	465	509	476	514
AT4G24110	433	660	365	642	627	463
AT4G24120	721	356	673	501	674	729
AT4G24130	70	132	68	51	184	101
AT4G24140	65	43	42	45	77	77
AT4G24150	32	17	17	21	38	36
AT4G24160	690	244	557	569	344	378
AT4G24170	5	2	2	3	6	2
AT4G24175	178	135	121	165	281	137
AT4G24180	8	4	7	22	13	20
AT4G24190	7509	4007	6088	8183	10087	7594
AT4G24200	489	84	376	444	392	485
AT4G24204	0	0	0	0	0	0
AT4G24210	429	351	397	369	317	321
AT4G24220	4922	3972	3859	4563	2779	3749
AT4G24230	1854	1191	1160	1961	759	1436
AT4G24231	0	0	0	0	0	0
AT4G24240	841	422	609	786	514	602
AT4G24250	17	4	17	31	22	28
AT4G24260	15	5	8	10	11	9
AT4G24265	17	20	17	20	30	21
AT4G24270	783	354	646	753	725	725
AT4G24275	379	372	286	494	288	292
AT4G24280	5900	5761	5066	6472	13007	10715
AT4G24290	1473	568	1239	1315	1025	1187
AT4G24300	0	0	0	0	0	0
AT4G24310	1	0	2	0	1	1
AT4G24320	63	30	53	53	41	33
AT4G24330	1353	1100	1095	1227	1502	1435
AT4G24340	24	14	23	12	16	12
AT4G24350	334	699	209	674	1161	743
AT4G24370	283	337	219	215	175	256
AT4G24380	168	40	123	128	44	55
AT4G24390	391	135	293	308	275	320
AT4G24400	722	369	609	567	594	623
AT4G24410	0	0	1	0	0	1
AT4G24413	1	0	0	0	0	2
AT4G24415	18	0	19	7	0	5
AT4G24420	2	0	0	0	1	0
AT4G24430	16	8	9	6	32	17
AT4G24440	533	475	305	342	277	307
AT4G24450	935	97	697	470	310	414
AT4G24460	322	250	231	239	285	298
AT4G24470	338	213	255	220	205	199
AT4G24480	326	47	238	199	102	147
AT4G24490	408	223	349	427	450	444
AT4G24500	407	266	313	374	443	454
AT4G24510	542	498	451	517	673	629
AT4G24520	3718	1485	2865	3739	2665	3195
AT4G24530	301	153	242	244	218	248
AT4G24540	273	274	232	225	195	243
AT4G24550	1067	575	885	979	1145	1084
AT4G24560	779	205	597	671	501	569
AT4G24565	0	0	0	0	0	0
AT4G24570	3375	1039	2695	4246	133	912
AT4G24580	33	7	24	16	21	16
AT4G24590	336	208	210	210	176	234
AT4G24600	1	0	0	4	1	1
AT4G24610	468	109	392	413	715	562
AT4G24615	0	0	0	0	0	0
AT4G24620	2207	1801	1804	1924	2765	2592
AT4G24630	477	304	359	382	318	469
AT4G24640	0	0	0	1	0	0
AT4G24644	0	0	0	0	0	0
AT4G24650	0	0	0	0	0	0
AT4G24660	210	222	192	158	212	213
AT4G24670	174	172	100	132	315	288
AT4G24680	1912	415	1434	1813	1942	2265
AT4G24690	4485	1917	3701	4218	2672	3088
AT4G24700	44	209	28	20	68	115
AT4G24710	57	24	40	77	64	55
AT4G24715	1	0	0	0	0	0
AT4G24730	295	229	218	203	223	250
AT4G24740	2038	719	1475	1131	687	846
AT4G24750	1396	1693	1232	1338	2068	2121
AT4G24760	404	287	311	314	365	405
AT4G24770	7132	11997	5804	8331	11524	12315
AT4G24780	710	302	662	458	530	482
AT4G24790	208	66	127	121	139	178
AT4G24800	1860	1195	1516	1839	1537	2121
AT4G24805	276	219	207	254	200	269
AT4G24810	339	172	226	276	265	261
AT4G24820	1649	1680	1414	1725	1895	1866
AT4G24830	837	683	757	996	1354	932
AT4G24840	667	281	557	685	608	682
AT4G24860	22	10	12	12	18	20
AT4G24880	162	130	141	156	150	161
AT4G24890	221	1	213	38	3	7
AT4G24900	378	146	250	212	195	215
AT4G24910	32	34	23	17	19	18
AT4G24920	1550	1804	1206	1549	878	883
AT4G24930	835	1695	620	887	1747	1656
AT4G24940	393	236	322	345	361	347
AT4G24950	0	0	0	2	0	0
AT4G24960	528	244	409	235	257	199
AT4G24970	194	64	126	131	170	150
AT4G24972	283	379	180	197	260	380
AT4G24973	0	0	1	0	0	0
AT4G24974	0	0	0	0	0	0
AT4G24975	0	0	0	0	0	0
AT4G24980	0	0	0	0	0	0
AT4G24990	658	437	554	613	418	541
AT4G25000	11	7	10	27	6	8
AT4G25010	0	0	0	0	0	0
AT4G25020	46	15	32	41	30	32
AT4G25030	1939	1088	1509	2007	1658	1719
AT4G25040	0	0	0	0	1	0
AT4G25050	2720	12396	2017	3266	7939	8249
AT4G25070	7	13	14	19	22	22
AT4G25080	4023	8961	3243	4272	6153	8867
AT4G25090	8	0	4	6	2	3
AT4G25100	23422	29028	19283	19276	20020	25684
AT4G25110	22	70	19	80	170	143
AT4G25120	265	64	181	251	233	204
AT4G25130	2923	3354	2419	2936	4446	4070
AT4G25140	5	0	10	0	0	1
AT4G25150	195	61	147	92	91	86
AT4G25160	48	6	43	29	9	13
AT4G25170	1699	1391	1333	1526	758	1363
AT4G25180	321	210	252	250	156	197
AT4G25190	0	0	0	0	0	0
AT4G25200	0	48	3	2	10	19
AT4G25210	970	860	840	962	869	949
AT4G25220	3	0	4	2	0	0
AT4G25225	105	147	72	100	58	67
AT4G25230	798	343	677	629	631	657
AT4G25240	114	79	93	105	210	150
AT4G25250	4	0	4	0	0	0
AT4G25260	814	249	734	1099	233	304
AT4G25270	161	37	130	147	115	130
AT4G25280	463	268	369	420	342	410
AT4G25290	213	215	199	201	594	595
AT4G25300	120	129	82	77	85	98
AT4G25310	1	1	0	2	2	2
AT4G25315	56	36	32	57	34	29
AT4G25320	252	124	259	240	243	198
AT4G25330	0	0	0	0	2	0
AT4G25340	1129	1070	785	1036	1089	612
AT4G25350	51	3	31	55	9	15
AT4G25360	527	214	402	427	345	371
AT4G25370	2319	3829	1661	2327	2696	2910
AT4G25380	3	0	2	5	0	1
AT4G25390	338	204	246	264	100	137
AT4G25400	8	0	5	0	0	0
AT4G25410	17	4	18	16	13	16
AT4G25420	44	10	14	22	22	25
AT4G25430	2	2	0	0	3	2
AT4G25433	0	0	6	0	0	0
AT4G25434	44	12	27	14	17	23
AT4G25435	0	0	0	0	0	0
AT4G25440	288	125	206	234	232	231
AT4G25450	767	437	589	584	800	880
AT4G25470	455	236	323	160	21	203
AT4G25480	219	9	165	35	6	7
AT4G25490	627	27	549	150	2	16
AT4G25500	2207	895	1646	1423	1009	1366
AT4G25510	0	0	0	0	0	0
AT4G25515	301	73	217	208	158	150
AT4G25520	1063	241	762	770	569	732
AT4G25530	0	0	0	0	3	0
AT4G25540	40	21	33	29	68	35
AT4G25550	717	671	597	713	712	651
AT4G25560	0	0	0	0	0	0
AT4G25570	1914	2652	1528	1761	1721	1979
AT4G25580	65	21	35	82	16	15
AT4G25585	0	0	0	0	0	0
AT4G25590	0	0	0	0	0	0
AT4G25600	153	98	129	105	97	103
AT4G25610	391	108	242	286	238	242
AT4G25620	1318	554	1004	1130	811	1134
AT4G25630	577	430	486	694	854	339
AT4G25631	0	0	0	1	0	3
AT4G25635	0	0	0	0	0	0
AT4G25640	764	440	711	648	727	605
AT4G25650	1137	836	1009	1149	1449	1838
AT4G25660	475	437	368	390	372	392
AT4G25670	807	295	704	653	443	491
AT4G25680	511	424	436	444	384	478
AT4G25690	629	436	466	434	315	398
AT4G25700	361	805	302	398	808	796
AT4G25707	64	83	31	72	42	55
AT4G25710	152	90	133	166	155	146
AT4G25719	5	6	7	12	4	2
AT4G25720	231	118	203	234	191	200
AT4G25730	2122	1016	1632	2180	2255	1872
AT4G25740	1166	1740	938	1141	1309	1037
AT4G25750	107	106	99	131	191	161
AT4G25760	66	28	46	58	18	29
AT4G25770	508	270	412	477	468	547
AT4G25780	39	25	19	21	23	54
AT4G25790	7	1	1	2	2	1
AT4G25800	108	31	112	78	45	57
AT4G25810	116	275	62	262	388	442
AT4G25820	33	3	24	4	0	2
AT4G25830	201	374	174	199	281	284
AT4G25835	257	315	160	278	336	369
AT4G25840	312	190	261	259	262	275
AT4G25845	0	0	0	0	0	0
AT4G25850	8	5	6	0	6	4
AT4G25860	0	0	0	1	0	0
AT4G25870	532	450	393	433	430	537
AT4G25880	1231	422	867	1040	942	919
AT4G25885	3	0	0	3	5	5
AT4G25890	378	684	294	392	406	352
AT4G25900	760	361	585	598	499	451
AT4G25910	642	723	513	538	455	721
AT4G25920	1	0	0	0	0	0
AT4G25930	0	0	2	0	0	0
AT4G25940	581	395	475	529	525	813
AT4G25950	9	7	10	3	8	7
AT4G25960	1037	782	857	1001	2508	2375
AT4G25970	2001	1019	1596	1799	1186	1631
AT4G25980	17	21	13	15	15	14
AT4G25990	560	572	499	588	605	534
AT4G26000	661	353	556	575	611	692
AT4G26010	26	4	35	9	3	5
AT4G26020	1	3	3	2	2	2
AT4G26030	0	0	1	0	3	0
AT4G26040	0	0	0	0	0	0
AT4G26050	3	0	3	1	0	0
AT4G26055	23	15	23	11	11	9
AT4G26060	189	98	167	176	94	111
AT4G26070	421	176	343	319	207	199
AT4G26080	2161	378	1708	1405	456	559
AT4G26090	0	0	0	0	0	0
AT4G26095	0	0	0	0	0	0
AT4G26100	939	568	710	767	814	929
AT4G26110	2573	1851	1966	2545	2443	2099
AT4G26120	93	17	66	112	31	38
AT4G26130	1909	1342	1500	1694	1518	1508
AT4G26140	316	145	225	270	192	272
AT4G26145	0	0	0	0	0	0
AT4G26150	191	91	136	176	126	217
AT4G26160	226	112	157	167	113	161
AT4G26170	19	9	11	20	12	14
AT4G26180	133	90	94	113	96	102
AT4G26190	3402	3498	2363	2801	2435	2437
AT4G26200	117	73	77	229	175	87
AT4G26210	453	339	321	376	359	384
AT4G26220	13	1	11	14	6	3
AT4G26225	0	0	0	0	0	0
AT4G26230	1780	2721	1271	1942	2228	2036
AT4G26240	137	110	91	131	89	97
AT4G26250	1	0	0	0	0	0
AT4G26255	41	17	32	32	21	28
AT4G26260	4	15	2	49	23	32
AT4G26270	373	113	262	211	218	235
AT4G26280	0	0	0	0	0	0
AT4G26288	3	3	4	8	4	8
AT4G26290	0	0	0	0	0	0
AT4G26300	1192	895	1062	1264	1769	1550
AT4G26310	311	195	206	262	255	253
AT4G26320	7	5	6	5	1	0
AT4G26330	5	0	0	6	7	4
AT4G26340	0	0	0	0	0	0
AT4G26350	1	0	0	0	0	0
AT4G26365	3	3	2	0	0	0
AT4G26370	1536	1265	1128	1331	2065	1878
AT4G26375	0	0	0	0	0	0
AT4G26380	1	0	0	1	2	2
AT4G26385	0	0	0	0	0	0
AT4G26390	1	2	3	5	2	0
AT4G26400	894	540	659	1115	474	764
AT4G26410	766	847	586	724	655	733
AT4G26415	51	22	29	45	28	32
AT4G26420	0	0	0	0	0	0
AT4G26430	213	129	147	172	150	145
AT4G26440	0	0	0	0	0	1
AT4G26450	851	304	655	907	720	940
AT4G26455	585	213	460	483	297	374
AT4G26460	6	5	4	2	9	4
AT4G26466	2	3	0	0	1	1
AT4G26470	51	26	51	29	20	6
AT4G26480	981	738	771	926	775	1015
AT4G26483	0	0	0	0	0	0
AT4G26485	0	0	0	0	0	0
AT4G26488	9	22	2	6	4	6
AT4G26490	0	0	0	0	0	0
AT4G26500	0	0	0	0	0	0
AT4G26510	1013	571	763	904	1067	1025
AT4G26520	360	266	264	329	276	376
AT4G26530	3015	2772	2537	2906	1918	3490
AT4G26540	331	188	254	204	122	158
AT4G26542	0	0	0	0	0	0
AT4G26550	125	210	112	179	118	167
AT4G26555	726	1034	594	742	671	897
AT4G26560	0	0	0	0	0	0
AT4G26570	718	586	660	646	668	685
AT4G26580	26	17	23	21	17	19
AT4G26582	7	5	4	0	2	6
AT4G26590	1	0	0	1	0	1
AT4G26600	520	381	437	535	773	603
AT4G26610	745	348	586	792	720	969
AT4G26620	792	340	600	554	385	489
AT4G26630	12587	14875	8858	8601	6769	7804
AT4G26640	1122	419	928	756	875	928
AT4G26650	728	476	501	611	763	931
AT4G26660	229	171	185	267	532	436
AT4G26670	1677	1059	1291	1395	632	667
AT4G26675	0	0	0	0	0	0
AT4G26680	31	10	21	27	42	42
AT4G26690	1928	1480	1530	2048	3084	3681
AT4G26700	1522	826	1156	1359	1437	1957
AT4G26701	3	0	5	2	0	0
AT4G26710	2264	2669	1614	1889	1535	1788
AT4G26720	559	343	403	484	453	440
AT4G26730	0	0	0	0	0	0
AT4G26740	0	0	0	0	1	0
AT4G26750	452	172	369	362	489	452
AT4G26760	616	200	459	499	433	358
AT4G26770	4	0	1	0	1	1
AT4G26780	358	213	280	392	532	312
AT4G26790	16	26	9	16	16	15
AT4G26795	16	6	10	11	12	14
AT4G26800	39	11	28	62	37	28
AT4G26810	43	27	23	37	34	22
AT4G26820	0	1	0	0	1	4
AT4G26830	33	42	25	31	38	37
AT4G26840	1065	1319	804	914	982	934
AT4G26850	1517	756	1225	1068	1124	1279
AT4G26860	450	1050	329	363	784	1084
AT4G26870	1262	964	1050	1231	1478	1566
AT4G26880	0	0	0	0	0	0
AT4G26890	67	11	52	21	5	11
AT4G26900	864	555	687	809	1101	915
AT4G26910	970	475	737	922	1085	945
AT4G26920	0	0	0	0	0	0
AT4G26930	0	0	2	3	1	3
AT4G26940	651	249	506	633	471	501
AT4G26950	17	5	2	5	5	6
AT4G26960	68	51	48	70	88	44
AT4G26965	204	166	113	157	173	219
AT4G26970	2897	1230	2205	3099	3583	3238
AT4G26980	171	99	137	130	126	169
AT4G26990	114	44	97	101	61	64
AT4G27000	2596	1699	1894	2578	2279	2688
AT4G27010	311	61	296	416	453	337
AT4G27020	441	248	352	305	257	373
AT4G27030	94	253	60	41	430	456
AT4G27040	800	288	600	620	468	584
AT4G27050	387	219	314	288	278	305
AT4G27060	592	287	557	676	740	833
AT4G27070	108	85	111	121	243	145
AT4G27080	756	428	633	748	862	765
AT4G27090	3748	5719	2781	3849	3916	3916
AT4G27100	287	211	235	347	195	323
AT4G27110	1	0	0	0	0	0
AT4G27120	897	536	702	629	507	614
AT4G27130	4128	854	3007	3187	843	966
AT4G27140	0	0	3	2	2	0
AT4G27150	0	0	0	0	1	2
AT4G27160	0	0	0	0	0	0
AT4G27170	0	0	0	0	0	0
AT4G27180	1130	492	873	877	971	1084
AT4G27190	1	0	0	0	0	0
AT4G27220	2	0	0	3	0	1
AT4G27230	395	472	287	338	314	307
AT4G27240	360	324	255	305	355	376
AT4G27250	11	2	2	4	8	6
AT4G27260	1715	355	1318	1791	737	754
AT4G27270	89	104	74	66	94	81
AT4G27280	1095	941	906	2117	147	912
AT4G27290	2	0	1	6	1	13
AT4G27300	1163	549	835	1098	1004	1204
AT4G27310	323	1488	261	482	690	1220
AT4G27320	891	1078	771	966	1286	1359
AT4G27330	0	0	0	0	0	0
AT4G27340	392	204	344	389	613	431
AT4G27350	174	185	153	175	195	191
AT4G27360	0	0	0	0	1	5
AT4G27370	360	198	297	343	399	444
AT4G27380	554	507	404	482	395	409
AT4G27390	433	415	312	306	377	395
AT4G27395	0	0	0	0	0	0
AT4G27400	1	0	0	0	0	0
AT4G27410	839	244	642	305	138	278
AT4G27415	0	0	0	0	0	0
AT4G27420	0	0	0	0	0	0
AT4G27430	2378	2308	1939	2366	2883	3480
AT4G27435	162	82	105	89	76	106
AT4G27440	20322	11675	17009	21093	7522	13451
AT4G27450	2398	3575	1823	2571	3289	4334
AT4G27460	45	16	36	42	17	30
AT4G27470	320	236	251	272	300	348
AT4G27480	59	22	44	74	38	51
AT4G27490	122	120	119	141	105	82
AT4G27500	4180	1979	3456	4045	4110	4466
AT4G27510	13	13	15	21	24	28
AT4G27520	5113	2994	4204	2755	5021	3726
AT4G27530	4	3	4	2	1	1
AT4G27540	367	213	272	225	205	234
AT4G27550	0	0	0	0	0	0
AT4G27560	237	129	175	153	278	121
AT4G27565	0	0	0	0	0	0
AT4G27570	0	1	0	1	29	1
AT4G27580	3	8	1	4	7	6
AT4G27585	607	479	488	556	851	546
AT4G27590	6	4	6	10	11	2
AT4G27595	370	123	294	299	362	342
AT4G27600	1382	1288	1153	1514	2478	2441
AT4G27610	582	282	393	480	384	480
AT4G27620	325	184	278	303	295	272
AT4G27630	200	103	138	151	135	151
AT4G27640	1741	480	1232	1596	1620	1707
AT4G27650	559	331	414	513	514	608
AT4G27652	102	58	67	44	12	32
AT4G27654	30	14	37	13	1	5
AT4G27657	247	85	182	93	12	37
AT4G27660	36	43	33	23	33	33
AT4G27670	0	0	0	2	0	3
AT4G27680	414	280	304	341	292	361
AT4G27690	273	222	235	244	235	249
AT4G27700	1748	3370	1340	1749	2396	3017
AT4G27710	1130	915	843	961	1209	1488
AT4G27720	1162	576	967	1061	993	924
AT4G27730	263	230	195	219	467	383
AT4G27740	134	221	110	156	160	163
AT4G27745	264	226	177	244	145	195
AT4G27750	494	373	352	388	360	441
AT4G27760	474	420	409	479	512	522
AT4G27765	0	0	0	0	0	0
AT4G27780	236	117	187	171	108	132
AT4G27790	1	0	1	1	0	0
AT4G27800	3489	1881	2584	2875	1607	2591
AT4G27810	5	4	0	3	7	4
AT4G27820	564	176	372	358	295	305
AT4G27830	956	309	746	560	634	526
AT4G27840	246	158	133	187	133	148
AT4G27845	0	0	0	0	0	0
AT4G27850	7	3	4	2	1	2
AT4G27852	47	14	32	38	19	22
AT4G27860	445	462	346	494	807	693
AT4G27870	1972	898	1522	1602	1564	1889
AT4G27875	0	0	0	0	0	0
AT4G27880	342	327	287	282	277	350
AT4G27885	0	0	0	0	0	0
AT4G27890	1	0	0	0	0	0
AT4G27900	1026	204	751	614	274	326
AT4G27910	323	97	255	271	309	404
AT4G27920	2	4	2	0	0	0
AT4G27940	122	111	79	89	102	118
AT4G27950	113	109	98	238	101	121
AT4G27960	2664	2215	2108	2054	1855	2190
AT4G27970	49	28	32	58	31	50
AT4G27980	31	8	19	22	17	7
AT4G27990	1196	628	1055	922	592	761
AT4G28000	0	0	0	2	0	1
AT4G28005	6	1	0	3	2	3
AT4G28010	104	52	78	113	108	128
AT4G28020	146	48	78	104	68	76
AT4G28025	1600	2405	1186	1467	1509	2030
AT4G28030	1695	2472	1293	1680	1265	1866
AT4G28040	828	151	689	301	68	169
AT4G28050	485	465	359	448	433	546
AT4G28060	573	847	517	599	583	576
AT4G28068	0	0	0	0	0	0
AT4G28070	153	107	115	100	119	127
AT4G28080	9417	4125	7906	10608	12692	17710
AT4G28085	76	88	52	103	36	84
AT4G28088	0	0	0	0	0	0
AT4G28090	0	0	0	0	0	0
AT4G28100	381	314	276	347	372	404
AT4G28110	1	0	1	0	0	0
AT4G28130	0	0	0	0	0	0
AT4G28140	77	1	59	43	7	4
AT4G28150	51	27	59	36	33	32
AT4G28160	0	0	0	0	0	0
AT4G28162	26	31	14	34	18	23
AT4G28170	0	6	0	1	3	3
AT4G28180	95	65	97	105	89	139
AT4G28190	229	232	163	231	198	299
AT4G28200	581	276	501	666	625	596
AT4G28210	317	416	238	292	456	377
AT4G28220	468	269	351	384	443	470
AT4G28230	166	148	155	180	198	184
AT4G28240	2050	1841	1581	1726	994	1257
AT4G28250	179	116	132	100	217	185
AT4G28260	1918	675	1429	1334	662	1079
AT4G28270	202	185	188	291	218	291
AT4G28280	0	1	3	1	0	2
AT4G28290	0	0	0	0	0	0
AT4G28300	1506	572	1195	1430	1273	1671
AT4G28310	74	102	65	61	76	57
AT4G28320	129	28	107	87	53	54
AT4G28330	19	15	27	12	11	19
AT4G28340	1	0	0	0	0	0
AT4G28350	113	31	88	153	27	55
AT4G28360	390	305	323	349	644	455
AT4G28362	0	0	0	0	0	0
AT4G28365	0	1	0	1	0	0
AT4G28370	358	219	311	300	266	285
AT4G28380	45	9	22	23	19	11
AT4G28390	314	138	250	204	152	165
AT4G28395	0	0	0	0	0	0
AT4G28397	0	0	0	0	0	0
AT4G28400	723	274	597	584	308	375
AT4G28405	7	0	1	0	0	0
AT4G28410	7	0	4	0	2	0
AT4G28420	1	0	0	7	8	0
AT4G28430	35	30	45	47	70	64
AT4G28440	427	449	361	359	414	384
AT4G28450	464	244	381	456	482	372
AT4G28460	2	1	2	10	0	0
AT4G28470	874	485	705	783	1105	1027
AT4G28480	640	415	469	634	725	695
AT4G28485	5	1	3	1	2	2
AT4G28490	666	82	544	503	242	301
AT4G28500	30	11	18	14	14	12
AT4G28510	560	502	403	485	605	426
AT4G28520	21	0	32	0	0	0
AT4G28530	5	3	4	5	7	3
AT4G28540	869	377	660	787	750	744
AT4G28550	81	73	70	78	71	92
AT4G28556	6	1	1	2	0	4
AT4G28560	26	9	14	14	9	15
AT4G28570	600	314	493	478	529	567
AT4G28580	0	0	0	0	0	0
AT4G28590	226	163	149	154	252	178
AT4G28600	766	258	652	694	566	646
AT4G28610	1499	1110	1219	1327	1587	1999
AT4G28620	0	0	0	0	0	0
AT4G28630	445	177	362	430	399	429
AT4G28640	234	169	168	204	116	183
AT4G28650	9	7	14	11	3	4
AT4G28652	0	0	0	0	0	0
AT4G28660	543	2877	517	740	2366	1897
AT4G28670	10	0	5	2	1	0
AT4G28680	37	35	16	24	115	64
AT4G28690	78	36	61	71	72	72
AT4G28700	3	2	1	1	2	4
AT4G28703	224	64	146	132	17	56
AT4G28706	906	772	723	770	899	971
AT4G28710	1142	331	945	1142	1230	1433
AT4G28720	68	15	67	56	16	18
AT4G28730	290	331	239	198	288	290
AT4G28740	278	311	216	200	550	523
AT4G28750	14683	35336	10972	13303	10248	16060
AT4G28755	0	0	0	0	1	1
AT4G28760	1535	510	1266	1541	1441	1583
AT4G28770	743	662	587	762	679	761
AT4G28775	0	0	0	0	0	0
AT4G28780	475	725	382	410	1219	926
AT4G28790	50	27	42	35	38	46
AT4G28800	0	0	0	1	0	0
AT4G28811	2	0	0	0	0	0
AT4G28815	4	0	0	2	0	0
AT4G28820	110	95	81	96	68	88
AT4G28830	223	222	216	189	138	210
AT4G28840	7	5	4	4	1	0
AT4G28850	6	0	9	0	0	1
AT4G28860	1160	1228	788	937	1031	1279
AT4G28870	0	0	0	0	0	0
AT4G28880	1872	1652	1331	1658	1473	2061
AT4G28890	3	2	4	2	6	6
AT4G28910	1367	560	1149	1229	837	996
AT4G28915	0	0	0	0	0	0
AT4G28920	0	0	0	0	0	0
AT4G28930	2	0	0	0	0	0
AT4G28940	21	2	21	9	14	2
AT4G28950	32	22	27	22	48	49
AT4G28980	576	441	460	536	445	589
AT4G28990	256	223	150	245	263	262
AT4G29000	409	138	331	363	368	354
AT4G29010	2909	1398	2479	2713	2466	2632
AT4G29020	545	350	392	405	329	274
AT4G29030	348	723	225	275	547	551
AT4G29033	0	0	0	0	0	0
AT4G29035	0	0	0	0	0	0
AT4G29037	0	0	0	0	0	0
AT4G29040	1831	1833	1450	1723	2101	1947
AT4G29050	171	74	137	141	127	165
AT4G29060	8104	8494	6788	9453	17418	17873
AT4G29070	592	317	472	472	331	494
AT4G29080	418	185	262	267	167	185
AT4G29090	0	0	0	0	0	0
AT4G29100	573	239	473	400	550	528
AT4G29103	0	0	0	0	0	0
AT4G29110	103	116	87	85	71	118
AT4G29120	177	251	184	188	288	238
AT4G29130	772	440	656	692	764	716
AT4G29140	230	85	221	313	275	158
AT4G29150	35	18	29	35	67	51
AT4G29160	1998	1383	1516	1607	1368	1611
AT4G29170	139	63	99	107	123	98
AT4G29180	5	0	9	5	2	3
AT4G29190	1292	524	1036	926	301	635
AT4G29200	0	0	2	0	6	0
AT4G29210	473	123	364	300	243	250
AT4G29220	1471	883	1029	1293	1429	1458
AT4G29230	82	27	61	80	55	48
AT4G29240	76	55	97	66	109	90
AT4G29250	0	0	1	0	0	1
AT4G29260	465	448	382	341	404	453
AT4G29270	120	63	94	41	74	40
AT4G29273	0	0	0	0	0	0
AT4G29280	0	0	0	0	0	0
AT4G29283	0	0	0	0	0	0
AT4G29285	0	0	0	0	0	0
AT4G29290	0	0	0	0	0	0
AT4G29300	0	0	0	0	0	0
AT4G29305	0	3	0	0	0	0
AT4G29310	407	359	268	480	531	597
AT4G29330	561	348	407	511	469	479
AT4G29340	0	1	0	2	0	3
AT4G29350	4786	5629	3711	4096	4195	4655
AT4G29360	355	264	339	361	368	349
AT4G29370	0	0	2	0	0	0
AT4G29380	862	240	723	783	659	943
AT4G29390	436	589	333	414	551	436
AT4G29400	287	419	217	297	684	534
AT4G29410	2478	3027	1837	2630	2924	2577
AT4G29415	0	0	0	0	0	0
AT4G29420	179	131	167	178	121	187
AT4G29430	151	158	109	139	154	126
AT4G29440	809	225	670	621	598	661
AT4G29450	1	0	0	0	0	0
AT4G29460	0	0	0	0	0	0
AT4G29470	0	1	1	1	1	2
AT4G29480	1467	2027	1188	1330	1601	1453
AT4G29490	590	351	533	505	520	455
AT4G29510	799	423	607	762	962	661
AT4G29520	509	415	440	603	509	372
AT4G29530	108	100	83	70	60	90
AT4G29540	62	30	43	50	17	29
AT4G29548	0	0	0	0	0	0
AT4G29550	6	1	5	10	2	4
AT4G29560	75	16	45	71	49	41
AT4G29570	0	1	0	3	1	0
AT4G29580	0	0	1	0	0	0
AT4G29590	552	619	473	490	758	748
AT4G29600	0	0	1	1	0	0
AT4G29610	80	29	55	129	15	29
AT4G29620	0	0	0	0	0	0
AT4G29630	0	0	0	0	0	0
AT4G29640	0	0	0	3	0	0
AT4G29650	2	0	0	0	1	1
AT4G29654	0	0	0	0	0	0
AT4G29658	1	0	0	0	0	0
AT4G29660	151	163	101	119	99	109
AT4G29670	1528	912	1207	1175	1129	1215
AT4G29680	544	239	399	412	631	498
AT4G29690	13	3	13	9	4	6
AT4G29700	194	48	162	132	119	106
AT4G29710	4	2	9	7	7	1
AT4G29720	252	180	214	270	284	320
AT4G29730	108	54	114	84	122	106
AT4G29735	720	1009	533	551	492	574
AT4G29740	90	36	85	200	84	94
AT4G29750	926	495	776	1024	1275	1243
AT4G29760	2	0	1	3	0	0
AT4G29770	4	0	6	3	0	0
AT4G29780	2652	422	2367	3083	102	795
AT4G29790	883	173	641	848	650	847
AT4G29800	7	6	3	1	3	4
AT4G29810	827	359	616	748	719	650
AT4G29820	267	158	181	204	160	167
AT4G29830	194	187	132	105	124	126
AT4G29840	1177	814	1054	1075	1214	1074
AT4G29850	2	0	2	1	0	1
AT4G29860	146	112	108	115	126	89
AT4G29870	336	342	300	338	255	282
AT4G29880	27	14	13	14	10	11
AT4G29890	444	213	302	339	215	295
AT4G29900	1925	577	1498	1847	1338	1784
AT4G29905	572	1453	477	720	615	1013
AT4G29910	226	132	187	200	219	230
AT4G29920	130	39	131	141	90	128
AT4G29930	25	2	15	3	9	3
AT4G29940	863	451	590	703	622	728
AT4G29950	1520	918	1256	2458	1234	2095
AT4G29960	580	467	475	521	428	457
AT4G29970	0	0	0	0	0	0
AT4G29980	0	0	0	0	0	0
AT4G29990	118	31	97	50	56	61
AT4G30000	157	77	139	140	130	123
AT4G30010	1272	2217	1020	1023	1263	1374
AT4G30020	2058	293	1576	1314	1117	1061
AT4G30030	0	0	0	0	0	0
AT4G30040	0	0	0	0	0	0
AT4G30050	0	0	0	0	0	0
AT4G30060	201	93	118	218	152	172
AT4G30064	0	0	0	0	0	0
AT4G30067	0	0	0	0	0	0
AT4G30070	0	0	0	0	0	0
AT4G30074	0	0	0	0	0	0
AT4G30080	291	110	215	290	240	247
AT4G30090	53	17	52	39	34	38
AT4G30097	0	0	0	0	0	0
AT4G30100	1814	393	1365	1627	1402	1528
AT4G30110	354	102	201	151	211	227
AT4G30120	5	1	3	7	1	5
AT4G30130	92	35	73	82	87	105
AT4G30140	1500	415	1832	924	637	743
AT4G30150	319	64	259	381	618	413
AT4G30160	1763	422	1363	1506	1390	1530
AT4G30170	87	15	121	50	11	30
AT4G30180	53	13	53	60	9	13
AT4G30190	5768	2358	4626	6235	5606	4118
AT4G30200	1414	699	1066	1395	1497	1846
AT4G30210	5850	1786	4324	5416	3803	4522
AT4G30220	663	1013	480	597	631	508
AT4G30230	13	9	10	11	17	7
AT4G30240	382	194	345	322	206	206
AT4G30250	52	177	32	39	126	145
AT4G30260	688	549	547	659	553	603
AT4G30270	9545	14641	7878	13050	13846	20502
AT4G30280	607	239	505	910	292	253
AT4G30290	885	85	639	479	140	121
AT4G30300	4	0	0	2	0	0
AT4G30310	1757	1116	1398	1410	1609	1917
AT4G30320	3	1	5	0	0	0
AT4G30330	284	372	232	287	299	271
AT4G30340	392	168	314	284	367	296
AT4G30350	1293	176	1066	917	380	454
AT4G30360	431	245	386	401	350	382
AT4G30370	154	66	159	106	38	54
AT4G30380	0	2	0	0	1	0
AT4G30390	413	433	314	320	228	321
AT4G30400	180	151	153	142	219	199
AT4G30410	127	34	116	95	34	33
AT4G30420	1	0	1	4	0	0
AT4G30430	5	0	2	7	0	1
AT4G30440	3561	2584	2759	3037	2568	3252
AT4G30450	16	17	9	17	21	18
AT4G30460	30	16	25	19	19	23
AT4G30470	523	490	435	448	675	465
AT4G30480	560	550	419	532	582	627
AT4G30490	677	438	532	753	583	672
AT4G30500	97	72	97	77	51	49
AT4G30510	215	222	204	238	214	276
AT4G30520	196	60	176	119	175	153
AT4G30530	2497	2148	1946	2021	2492	1904
AT4G30540	0	0	1	0	0	0
AT4G30550	759	608	571	731	490	602
AT4G30560	146	32	122	83	109	108
AT4G30570	86	55	61	62	61	85
AT4G30580	1619	1357	1131	1530	1710	1831
AT4G30590	0	0	0	0	0	0
AT4G30600	3108	1198	2362	2451	1749	1882
AT4G30610	144	188	139	133	498	380
AT4G30620	696	807	614	711	768	840
AT4G30630	471	192	370	311	179	209
AT4G30640	2	0	1	4	1	0
AT4G30650	878	211	655	288	157	103
AT4G30660	314	234	242	195	106	135
AT4G30662	5	0	5	1	2	2
AT4G30670	92	36	79	118	25	33
AT4G30680	110	116	77	98	105	100
AT4G30690	2723	2750	2060	2621	1466	2437
AT4G30700	119	17	96	100	81	56
AT4G30710	642	164	552	531	227	300
AT4G30720	1211	785	857	972	1419	1418
AT4G30730	0	0	0	0	0	0
AT4G30740	0	2	1	0	2	1
AT4G30750	822	726	550	708	630	674
AT4G30760	537	540	410	393	341	416
AT4G30770	0	0	0	0	0	0
AT4G30780	221	38	233	202	289	311
AT4G30790	1165	592	924	1072	962	1413
AT4G30800	162	102	126	153	188	105
AT4G30810	788	406	582	526	722	630
AT4G30820	275	219	248	223	177	192
AT4G30825	473	263	360	457	811	850
AT4G30830	12	5	22	9	5	5
AT4G30840	199	98	120	180	147	135
AT4G30845	71	95	56	44	72	68
AT4G30850	182	154	142	220	137	190
AT4G30860	88	71	65	97	92	88
AT4G30870	95	57	87	106	121	101
AT4G30872	0	0	0	0	0	0
AT4G30880	1	0	0	0	0	0
AT4G30890	1168	453	890	1044	1032	1048
AT4G30900	569	218	359	394	337	340
AT4G30910	669	469	523	694	437	565
AT4G30920	1535	1460	1259	1587	2061	1997
AT4G30930	337	441	250	335	340	260
AT4G30935	457	171	357	341	229	297
AT4G30940	53	52	43	56	47	67
AT4G30950	7189	8617	5429	6745	9675	11578
AT4G30960	6989	4016	5224	5015	3634	4579
AT4G30970	0	0	0	0	0	0
AT4G30972	0	0	0	0	0	0
AT4G30975	27	35	16	32	47	61
AT4G30980	68	53	68	60	89	53
AT4G30990	1548	447	1251	1563	1411	1248
AT4G30993	1225	1191	906	1012	1035	1357
AT4G30996	520	572	368	474	349	438
AT4G31000	473	227	354	598	361	538
AT4G31010	156	93	137	172	180	215
AT4G31020	38	58	27	48	135	88
AT4G31030	0	0	0	0	0	0
AT4G31040	1536	1001	1088	1461	1360	1659
AT4G31050	250	109	189	249	119	203
AT4G31060	268	178	181	199	99	136
AT4G31070	61	5	75	59	31	34
AT4G31073	0	0	0	1	0	0
AT4G31075	0	0	0	0	0	0
AT4G31080	1321	716	1122	1442	1021	1272
AT4G31100	17	5	19	12	22	6
AT4G31110	10	2	12	6	8	7
AT4G31115	408	290	307	297	208	277
AT4G31120	712	349	591	689	826	672
AT4G31130	337	560	289	332	471	427
AT4G31140	237	121	214	253	267	269
AT4G31150	350	175	216	227	202	306
AT4G31160	894	290	728	833	725	752
AT4G31170	1687	1704	1299	1350	1238	1564
AT4G31180	1730	1010	1221	1566	1573	1611
AT4G31196	0	0	0	0	0	0
AT4G31200	575	152	451	449	525	512
AT4G31210	784	212	646	906	1710	1137
AT4G31230	10	2	4	6	3	9
AT4G31240	695	63	488	401	66	164
AT4G31248	20	3	15	15	5	3
AT4G31250	5	6	5	5	0	12
AT4G31260	0	0	0	0	0	0
AT4G31265	0	0	0	0	0	0
AT4G31270	220	191	158	172	154	221
AT4G31280	0	0	0	0	0	0
AT4G31290	2999	1587	2338	3168	1249	1973
AT4G31300	1437	1894	1221	1441	2012	1787
AT4G31310	397	623	345	347	462	455
AT4G31320	1	0	2	1	0	0
AT4G31330	22	13	37	19	9	6
AT4G31340	2644	1334	2093	2612	2455	2740
AT4G31350	387	169	283	309	254	229
AT4G31351	16	4	17	10	7	6
AT4G31354	25	12	16	19	3	7
AT4G31355	89	10	66	35	20	34
AT4G31360	197	226	135	142	218	208
AT4G31370	4	8	9	7	14	7
AT4G31380	16	0	6	34	0	0
AT4G31390	612	464	437	424	724	893
AT4G31398	40	21	34	16	14	11
AT4G31400	41	10	23	27	21	25
AT4G31405	70	8	30	38	25	32
AT4G31408	93	28	63	40	31	38
AT4G31410	478	368	353	399	305	415
AT4G31420	850	512	619	609	607	734
AT4G31430	1119	392	843	854	714	913
AT4G31440	106	22	93	129	98	116
AT4G31441	9	5	13	15	4	11
AT4G31450	479	382	324	361	368	460
AT4G31460	453	391	327	374	319	380
AT4G31470	5	0	4	1	0	0
AT4G31480	1835	632	1470	1700	2240	2164
AT4G31490	1377	558	1048	1325	1582	1429
AT4G31500	5082	1555	4459	4461	4357	2903
AT4G31510	433	395	357	447	268	414
AT4G31520	17	8	18	24	5	7
AT4G31530	1061	954	824	972	1090	1275
AT4G31540	0	0	0	0	0	0
AT4G31550	1810	447	1338	1694	522	597
AT4G31560	749	1025	548	671	544	715
AT4G31570	1346	157	1024	1216	1361	1465
AT4G31580	677	585	540	548	619	541
AT4G31590	1001	348	866	1013	868	780
AT4G31600	153	85	112	96	125	82
AT4G31610	5	8	3	1	6	6
AT4G31615	14	19	6	3	4	5
AT4G31620	51	21	37	48	27	50
AT4G31630	1	0	0	0	0	1
AT4G31640	4	1	0	1	1	1
AT4G31650	478	72	408	330	161	141
AT4G31660	0	0	0	0	0	0
AT4G31670	484	204	342	383	324	366
AT4G31680	0	1	10	1	4	2
AT4G31685	0	1	0	1	0	0
AT4G31690	0	0	1	0	0	0
AT4G31695	0	0	0	0	0	0
AT4G31700	4635	7320	3478	5605	8576	6087
AT4G31710	0	0	3	0	1	0
AT4G31715	0	0	0	0	0	0
AT4G31720	641	515	526	517	323	443
AT4G31730	34	95	36	50	62	50
AT4G31740	0	0	0	0	0	0
AT4G31750	241	126	242	186	170	186
AT4G31760	3	7	2	9	21	21
AT4G31770	221	111	156	162	198	223
AT4G31780	1517	781	1198	1127	1364	1679
AT4G31790	310	204	234	316	308	210
AT4G31800	1298	567	1034	1987	589	876
AT4G31805	107	132	80	116	217	191
AT4G31810	326	268	265	294	382	229
AT4G31820	891	393	669	623	392	573
AT4G31830	3	0	0	0	2	0
AT4G31840	471	584	379	380	600	415
AT4G31850	574	175	429	679	1212	1181
AT4G31860	1363	513	973	856	529	644
AT4G31870	8	156	14	18	206	177
AT4G31875	0	0	0	0	0	0
AT4G31877	19	12	13	11	2	7
AT4G31880	1555	723	1226	1447	1634	1767
AT4G31890	209	77	128	122	132	169
AT4G31895	0	0	0	0	0	0
AT4G31900	0	3	0	1	2	0
AT4G31910	125	58	106	68	75	100
AT4G31920	295	202	294	268	310	360
AT4G31930	76	93	63	80	97	86
AT4G31940	0	0	0	0	0	0
AT4G31950	0	0	0	2	0	0
AT4G31960	0	0	0	0	2	3
AT4G31970	0	0	0	3	5	0
AT4G31980	277	242	218	258	227	271
AT4G31985	778	1479	591	776	992	853
AT4G31990	2790	2406	2283	2689	4219	3497
AT4G32000	127	47	97	92	81	82
AT4G32010	827	170	741	685	729	720
AT4G32020	6758	1819	5550	6457	1914	3558
AT4G32030	834	917	683	788	473	692
AT4G32040	698	487	561	581	656	814
AT4G32050	182	92	156	140	126	164
AT4G32060	5964	4313	4338	5095	3280	5446
AT4G32070	750	883	586	713	603	688
AT4G32080	0	0	0	0	0	0
AT4G32090	0	0	0	0	0	0
AT4G32100	0	0	0	0	0	0
AT4G32105	0	0	0	0	0	0
AT4G32110	0	0	0	0	0	0
AT4G32120	320	195	248	319	274	288
AT4G32130	519	474	430	417	387	460
AT4G32140	248	176	187	183	203	212
AT4G32150	3171	1773	2359	2685	1247	1852
AT4G32160	823	272	641	726	608	781
AT4G32170	0	0	0	0	1	0
AT4G32175	84	84	54	85	89	113
AT4G32180	1188	488	981	1046	1165	1310
AT4G32190	609	426	481	614	1455	1795
AT4G32200	92	27	77	68	35	55
AT4G32208	1	0	0	2	0	0
AT4G32210	26	17	14	15	14	21
AT4G32230	0	0	0	0	0	0
AT4G32240	650	377	511	546	258	311
AT4G32250	596	257	458	429	348	479
AT4G32260	13416	19262	11117	13174	15489	20375
AT4G32265	0	0	0	0	0	0
AT4G32270	373	150	356	270	146	91
AT4G32272	166	77	143	140	114	110
AT4G32280	244	77	216	408	65	71
AT4G32285	1869	1087	1499	1831	1799	1815
AT4G32290	388	168	288	238	157	195
AT4G32295	248	84	148	111	68	100
AT4G32300	886	362	684	879	757	920
AT4G32320	452	411	345	359	397	401
AT4G32330	2964	1894	2260	2624	3248	3643
AT4G32340	2111	1103	1566	1788	525	788
AT4G32342	0	0	3	1	1	0
AT4G32350	586	272	438	513	494	609
AT4G32360	245	110	218	208	171	188
AT4G32370	0	0	0	0	0	0
AT4G32375	0	0	0	0	0	0
AT4G32380	0	0	0	0	0	0
AT4G32390	650	480	551	714	650	576
AT4G32400	528	456	393	483	731	611
AT4G32410	6533	2118	5383	6526	7456	8843
AT4G32420	1298	549	1087	1151	1201	1241
AT4G32430	66	16	48	47	32	24
AT4G32440	482	176	344	311	286	447
AT4G32445	0	0	1	1	0	2
AT4G32450	191	110	149	143	172	204
AT4G32460	1324	430	1216	890	573	484
AT4G32470	2669	3183	1977	2025	2199	2231
AT4G32475	0	0	0	0	0	0
AT4G32480	984	503	745	882	528	672
AT4G32490	0	0	0	0	3	1
AT4G32500	0	0	0	0	0	0
AT4G32510	23	7	7	16	42	19
AT4G32520	1334	975	992	1287	1678	1439
AT4G32530	1280	1215	1010	1077	757	873
AT4G32535	14	5	16	12	9	12
AT4G32540	7	4	4	4	16	3
AT4G32551	1274	337	1032	1121	1338	1325
AT4G32560	219	146	144	213	159	231
AT4G32570	1034	698	800	910	1133	1206
AT4G32580	0	0	1	1	0	0
AT4G32590	407	925	326	425	608	768
AT4G32600	643	434	474	494	534	533
AT4G32605	207	260	196	210	201	156
AT4G32610	1110	1355	840	943	761	894
AT4G32620	1435	431	1071	1150	1081	1177
AT4G32630	0	0	1	3	4	4
AT4G32640	1485	482	1173	1300	1437	1473
AT4G32650	173	136	131	241	277	158
AT4G32660	836	333	661	672	496	612
AT4G32670	236	71	240	203	264	243
AT4G32680	258	201	211	233	251	220
AT4G32690	497	451	400	312	336	361
AT4G32700	164	35	151	180	206	188
AT4G32710	311	200	231	267	355	331
AT4G32714	0	0	0	0	0	0
AT4G32717	0	0	0	0	0	0
AT4G32720	894	618	724	910	1011	830
AT4G32730	761	216	644	662	660	533
AT4G32750	171	116	123	147	75	95
AT4G32760	3462	1828	2536	2901	2445	3338
AT4G32765	0	0	0	0	0	0
AT4G32770	125	282	106	104	328	394
AT4G32780	15	11	8	13	6	5
AT4G32790	224	131	196	235	244	259
AT4G32800	276	189	180	251	107	173
AT4G32810	21	3	12	148	4	6
AT4G32820	618	154	504	549	678	727
AT4G32830	131	156	105	165	302	235
AT4G32840	200	271	166	194	403	392
AT4G32850	1806	1041	1414	1508	1230	1664
AT4G32860	12	5	5	2	1	3
AT4G32870	19	16	12	11	6	13
AT4G32880	411	148	395	445	396	387
AT4G32890	144	136	148	148	151	178
AT4G32900	414	516	346	390	452	423
AT4G32910	827	405	633	763	646	688
AT4G32915	625	1104	428	535	890	757
AT4G32920	454	128	386	382	386	321
AT4G32930	314	467	271	256	244	313
AT4G32940	4344	1284	3561	3083	1425	2238
AT4G32950	25	19	24	10	14	19
AT4G32960	246	231	184	296	212	224
AT4G32970	264	105	195	176	195	212
AT4G32980	515	257	362	344	570	513
AT4G32990	19	19	24	13	13	20
AT4G33000	698	876	510	619	587	947
AT4G33010	5619	10399	4767	6002	21719	25985
AT4G33020	0	0	0	0	0	0
AT4G33030	8475	1262	7175	3089	3327	3038
AT4G33040	146	46	124	59	30	20
AT4G33050	3471	457	2452	3854	655	706
AT4G33060	653	365	449	531	417	470
AT4G33070	42	281	30	52	850	456
AT4G33080	1415	799	1064	1017	802	1007
AT4G33090	2975	2241	2293	2911	3605	3375
AT4G33100	94	97	76	88	68	61
AT4G33110	382	550	278	410	716	674
AT4G33120	0	0	3	3	0	2
AT4G33130	53	20	40	36	39	29
AT4G33140	223	70	145	175	165	157
AT4G33145	0	0	0	0	0	0
AT4G33150	2875	881	2098	2579	1036	1481
AT4G33160	107	25	109	104	56	87
AT4G33170	58	18	59	64	48	32
AT4G33180	458	328	325	285	358	439
AT4G33200	864	431	694	826	1219	1225
AT4G33210	1039	271	956	915	820	912
AT4G33220	1402	1512	1270	1329	3254	2626
AT4G33230	0	0	0	0	0	0
AT4G33240	1050	219	920	1162	992	1256
AT4G33250	2489	3250	1812	2100	2383	2210
AT4G33260	185	72	127	145	160	147
AT4G33270	476	323	311	429	701	446
AT4G33280	12	10	9	11	11	4
AT4G33290	1	0	0	0	0	0
AT4G33300	1540	718	1256	1949	1014	1404
AT4G33310	0	0	0	0	0	0
AT4G33320	0	0	0	0	1	0
AT4G33330	22	7	24	5	16	18
AT4G33350	816	948	646	805	921	894
AT4G33355	0	2	0	4	0	0
AT4G33360	308	307	250	244	364	319
AT4G33370	0	1	0	1	1	1
AT4G33380	1458	928	1153	1402	940	1339
AT4G33390	1	6	0	1	2	0
AT4G33400	231	219	219	239	528	420
AT4G33410	368	249	306	296	283	309
AT4G33420	150	317	136	225	442	345
AT4G33430	1455	751	1139	1331	1075	1165
AT4G33440	157	53	116	88	94	99
AT4G33450	0	0	0	0	0	0
AT4G33460	235	167	191	253	220	207
AT4G33465	13	0	6	4	0	0
AT4G33467	247	5	194	66	8	10
AT4G33470	600	530	524	552	660	788
AT4G33480	1054	560	846	916	627	600
AT4G33490	1246	134	929	1047	212	279
AT4G33495	367	205	266	327	318	292
AT4G33500	1561	1032	1070	1267	1299	1468
AT4G33510	2863	2214	2541	2685	2852	2940
AT4G33520	1019	1231	757	899	1339	1358
AT4G33530	1087	520	795	1099	1245	1417
AT4G33540	1849	930	1404	931	728	920
AT4G33550	62	24	65	4	51	21
AT4G33560	177	994	103	283	904	616
AT4G33565	692	479	499	654	453	553
AT4G33580	1018	604	897	1144	762	981
AT4G33585	1	0	0	0	0	0
AT4G33590	0	0	0	0	0	0
AT4G33600	0	0	0	0	0	0
AT4G33610	49	12	32	14	15	18
AT4G33620	248	124	131	212	172	227
AT4G33625	1985	1820	1435	1657	1030	1524
AT4G33630	966	525	791	878	1117	1231
AT4G33640	735	1069	504	645	470	608
AT4G33650	724	318	562	740	758	742
AT4G33660	140	188	92	114	159	158
AT4G33666	65	162	68	63	101	97
AT4G33670	647	613	527	603	506	609
AT4G33680	1457	1659	1323	1693	2966	2287
AT4G33690	229	188	210	216	162	216
AT4G33700	1001	274	674	675	325	322
AT4G33710	0	0	0	0	0	0
AT4G33720	0	0	0	0	0	0
AT4G33730	6	2	7	1	0	1
AT4G33735	0	0	0	0	0	0
AT4G33740	2273	1917	1848	2308	1472	2058
AT4G33760	814	712	647	765	1222	1192
AT4G33770	432	94	327	174	111	132
AT4G33780	568	280	390	429	327	416
AT4G33790	8	2	13	1	1	0
AT4G33800	7	3	2	10	4	7
AT4G33810	15	8	10	10	59	23
AT4G33820	0	0	0	0	0	0
AT4G33830	0	0	0	0	0	0
AT4G33840	0	1	0	0	0	0
AT4G33860	0	0	0	0	0	0
AT4G33865	1170	2759	960	1335	1616	1367
AT4G33870	0	3	1	2	0	2
AT4G33880	4	0	1	6	1	0
AT4G33885	0	1	0	0	0	0
AT4G33890	398	176	351	336	262	323
AT4G33900	0	0	0	0	0	0
AT4G33905	20	0	19	9	5	0
AT4G33910	769	339	633	578	322	422
AT4G33920	1623	479	1302	1520	454	696
AT4G33925	41	43	23	23	17	28
AT4G33930	5	10	4	3	5	4
AT4G33940	440	314	308	375	230	321
AT4G33945	533	321	366	366	429	427
AT4G33950	643	402	521	374	524	472
AT4G33960	258	271	217	189	131	131
AT4G33970	21	8	10	17	8	9
AT4G33980	1099	34	850	1004	20	24
AT4G33985	128	21	110	123	9	11
AT4G33990	86	25	64	100	90	62
AT4G34000	1383	399	1029	467	575	691
AT4G34020	957	653	675	858	861	1021
AT4G34030	2090	1110	1548	2190	1224	1750
AT4G34035	0	0	0	0	0	0
AT4G34040	826	409	664	595	693	692
AT4G34050	4734	3060	3999	3357	4894	3272
AT4G34060	36	45	19	28	77	91
AT4G34070	294	215	215	250	181	250
AT4G34071	2	0	1	0	0	1
AT4G34080	0	0	0	0	0	0
AT4G34090	560	924	404	454	811	947
AT4G34100	1688	570	1322	1574	1663	2055
AT4G34110	10206	5760	7790	9967	10362	10234
AT4G34120	1185	691	968	1079	1049	898
AT4G34131	301	25	233	110	161	109
AT4G34135	2550	338	2039	881	792	605
AT4G34138	742	223	674	617	832	861
AT4G34139	0	0	0	0	0	0
AT4G34140	894	228	590	528	372	469
AT4G34150	3483	695	2937	3681	760	1056
AT4G34160	762	441	507	524	640	609
AT4G34170	1	0	0	0	0	0
AT4G34180	1783	888	1304	1734	735	796
AT4G34190	2092	4174	1573	1957	3469	3885
AT4G34200	3112	1866	2605	3146	2903	2030
AT4G34210	1	0	0	3	1	2
AT4G34215	541	492	472	517	545	622
AT4G34220	1401	461	1158	1295	1276	1569
AT4G34230	815	350	692	707	539	412
AT4G34240	870	664	730	850	1402	1265
AT4G34250	218	199	206	213	444	386
AT4G34260	1242	917	1157	1689	2886	3618
AT4G34265	682	795	584	768	854	825
AT4G34270	590	567	475	549	522	508
AT4G34280	348	146	280	303	408	445
AT4G34290	629	903	551	633	1383	954
AT4G34300	0	0	1	0	1	1
AT4G34310	762	109	589	483	298	403
AT4G34320	6	4	0	1	3	3
AT4G34330	0	0	1	0	0	0
AT4G34332	0	0	0	0	0	0
AT4G34340	36	25	34	35	44	48
AT4G34345	0	0	0	0	0	0
AT4G34350	4126	6032	3383	4396	7810	10710
AT4G34360	59	50	60	59	79	84
AT4G34370	807	435	576	650	665	792
AT4G34380	7	0	5	24	2	0
AT4G34390	1237	208	1008	1369	431	554
AT4G34400	39	26	22	29	32	52
AT4G34410	105	5	56	29	0	1
AT4G34412	158	158	173	170	185	170
AT4G34415	0	0	0	0	0	0
AT4G34419	3	0	5	6	2	4
AT4G34420	33	20	33	25	27	23
AT4G34430	863	274	758	802	794	840
AT4G34440	0	0	0	0	0	0
AT4G34450	4915	2340	4040	5090	5840	6273
AT4G34460	1445	958	1167	1226	867	1041
AT4G34470	1	0	1	2	0	0
AT4G34480	920	330	709	756	573	744
AT4G34490	617	394	578	571	653	527
AT4G34500	332	184	279	218	210	246
AT4G34510	7	10	20	13	23	20
AT4G34520	0	0	0	0	0	0
AT4G34530	0	0	0	0	0	0
AT4G34540	287	187	172	190	163	207
AT4G34550	1	4	1	2	1	4
AT4G34555	315	338	255	291	339	241
AT4G34560	310	320	270	376	262	317
AT4G34570	243	162	175	223	295	220
AT4G34580	57	29	50	39	38	59
AT4G34590	300	283	234	285	490	398
AT4G34600	142	97	89	97	62	86
AT4G34610	322	175	284	399	446	441
AT4G34620	7103	15581	5414	7894	8548	10247
AT4G34630	198	163	175	167	165	147
AT4G34640	1565	1020	1151	1390	1452	1556
AT4G34650	96	53	82	88	78	57
AT4G34660	605	504	408	516	596	610
AT4G34670	5764	6320	4323	6230	6257	6124
AT4G34680	150	144	113	127	119	148
AT4G34690	0	0	0	0	0	0
AT4G34695	0	0	0	0	0	0
AT4G34700	2554	2753	1786	2077	2072	2006
AT4G34710	9398	4034	7435	9326	6674	6630
AT4G34720	1362	1972	1051	1236	1351	1411
AT4G34730	317	1013	224	455	1435	1254
AT4G34740	493	571	335	468	725	700
AT4G34750	157	336	92	143	121	187
AT4G34760	318	590	216	291	342	464
AT4G34770	111	190	72	189	141	154
AT4G34780	0	0	0	0	0	1
AT4G34790	59	159	53	100	106	125
AT4G34800	18	12	8	25	21	19
AT4G34810	13	50	11	25	33	43
AT4G34830	1502	644	1322	1603	2912	2589
AT4G34840	148	171	122	150	160	161
AT4G34850	6	0	8	2	0	1
AT4G34860	173	82	141	128	156	137
AT4G34870	4244	4912	3908	3619	4584	3510
AT4G34880	3	2	5	5	4	5
AT4G34881	138	80	80	80	93	138
AT4G34890	1511	466	1336	1492	1293	1488
AT4G34900	644	189	508	493	511	535
AT4G34910	522	171	404	465	430	417
AT4G34920	994	670	778	824	674	762
AT4G34930	6	27	10	27	68	44
AT4G34940	2	5	1	2	7	10
AT4G34950	2013	254	1852	1051	640	546
AT4G34960	423	254	382	398	351	375
AT4G34970	125	129	80	121	86	125
AT4G34975	0	0	0	0	0	0
AT4G34980	1896	650	1662	1443	1197	1314
AT4G34990	51	18	34	34	40	24
AT4G35000	1978	2607	1645	1714	2330	2517
AT4G35010	4	5	3	6	5	0
AT4G35020	486	458	353	385	229	380
AT4G35025	0	0	0	0	0	0
AT4G35030	107	40	48	44	33	46
AT4G35040	483	297	338	384	302	351
AT4G35050	301	87	199	284	249	190
AT4G35060	53	43	32	44	36	24
AT4G35070	166	72	110	151	57	57
AT4G35080	419	268	276	360	502	453
AT4G35090	3355	10330	2853	3923	15384	18333
AT4G35100	7817	12567	6670	7953	10033	12151
AT4G35110	99	85	87	102	87	83
AT4G35120	0	0	0	0	0	0
AT4G35130	138	27	92	97	68	46
AT4G35140	237	119	168	214	220	254
AT4G35150	0	0	0	0	0	0
AT4G35160	86	35	68	31	51	46
AT4G35165	0	0	0	0	1	0
AT4G35170	0	0	1	0	0	0
AT4G35180	30	10	23	7	21	15
AT4G35190	107	23	75	32	30	26
AT4G35200	0	4	2	5	2	0
AT4G35210	0	0	0	0	0	0
AT4G35220	590	373	474	466	359	411
AT4G35230	1765	1393	1460	1745	1653	2078
AT4G35240	724	335	522	704	495	716
AT4G35250	733	2703	591	837	2743	3282
AT4G35260	949	692	813	868	1060	961
AT4G35270	467	78	409	349	295	362
AT4G35280	0	0	0	0	0	0
AT4G35290	89	33	56	54	52	63
AT4G35295	7	3	2	4	4	1
AT4G35300	929	379	735	434	696	637
AT4G35310	2065	1592	1758	2209	2169	2449
AT4G35320	219	218	177	204	229	251
AT4G35335	360	161	278	276	265	292
AT4G35350	155	146	101	152	277	251
AT4G35360	645	355	469	537	372	492
AT4G35370	0	0	0	1	0	0
AT4G35375	0	0	0	0	0	0
AT4G35380	18	4	28	34	18	19
AT4G35390	4	2	3	3	6	5
AT4G35410	191	99	109	136	129	122
AT4G35420	200	159	147	140	122	151
AT4G35430	0	0	0	0	0	0
AT4G35440	408	136	313	415	389	535
AT4G35450	3094	4340	2521	3001	3987	4594
AT4G35460	310	316	223	300	397	336
AT4G35470	1182	727	943	1139	954	1342
AT4G35480	276	80	264	227	64	107
AT4G35485	0	0	0	0	0	0
AT4G35490	703	757	598	739	642	726
AT4G35500	229	61	158	157	78	69
AT4G35510	270	137	260	255	194	221
AT4G35519	0	0	0	0	0	0
AT4G35520	23	1	23	33	33	30
AT4G35530	218	173	132	177	128	119
AT4G35540	103	73	77	109	102	93
AT4G35550	206	107	184	159	179	171
AT4G35560	351	105	299	287	301	282
AT4G35570	1030	1200	797	932	933	920
AT4G35580	890	412	685	648	495	567
AT4G35590	23	1	14	12	9	6
AT4G35600	561	311	387	419	421	527
AT4G35610	0	0	0	0	0	0
AT4G35620	111	75	90	108	163	150
AT4G35630	588	240	581	709	760	409
AT4G35640	17	5	22	3	20	3
AT4G35650	0	1	1	0	4	0
AT4G35655	13	0	7	2	0	0
AT4G35660	0	0	0	0	1	0
AT4G35670	0	0	0	0	0	0
AT4G35680	0	0	0	0	0	0
AT4G35685	18	20	14	18	14	29
AT4G35690	1	0	0	0	0	1
AT4G35700	0	0	0	0	0	0
AT4G35710	0	0	0	0	0	0
AT4G35720	162	11	121	81	13	15
AT4G35725	0	0	0	0	0	0
AT4G35730	428	267	380	448	523	490
AT4G35733	0	0	0	0	0	0
AT4G35740	279	147	211	194	197	244
AT4G35750	9298	2673	7266	6467	1585	2738
AT4G35760	960	676	746	777	711	868
AT4G35770	20664	9465	15251	24265	3328	12085
AT4G35780	774	754	639	768	851	1113
AT4G35783	4	41	8	3	16	18
AT4G35785	1157	675	910	943	711	771
AT4G35790	2839	1100	2346	2505	1895	2221
AT4G35800	3175	1112	2852	3220	3676	3912
AT4G35810	74	18	78	36	31	29
AT4G35820	0	0	0	0	0	2
AT4G35830	8236	6958	6615	9590	11427	12714
AT4G35840	174	194	105	133	139	130
AT4G35850	880	669	757	875	1148	946
AT4G35860	720	581	575	495	508	593
AT4G35870	325	115	257	262	199	281
AT4G35880	493	163	339	389	295	289
AT4G35890	1666	595	1237	1213	1095	1054
AT4G35900	222	46	154	107	67	86
AT4G35905	116	122	98	77	74	89
AT4G35910	149	73	132	152	123	141
AT4G35920	882	542	724	689	930	976
AT4G35930	190	61	118	170	144	145
AT4G35940	563	364	417	420	220	355
AT4G35950	238	221	165	192	239	249
AT4G35970	31	56	31	33	68	32
AT4G35980	336	287	220	210	226	201
AT4G35985	289	45	229	101	51	84
AT4G35987	239	135	162	162	153	197
AT4G36000	11	0	11	4	5	4
AT4G36010	260	66	204	136	85	95
AT4G36020	317	189	300	273	252	193
AT4G36030	0	0	0	0	0	0
AT4G36032	0	0	0	0	0	0
AT4G36040	2386	5292	1995	3589	3020	4783
AT4G36050	193	74	145	204	160	253
AT4G36052	0	1	2	0	0	3
AT4G36060	59	55	50	60	46	60
AT4G36070	0	0	0	2	0	0
AT4G36080	716	144	495	607	932	813
AT4G36090	327	162	249	248	224	221
AT4G36100	0	0	0	0	1	0
AT4G36105	11	17	3	10	7	14
AT4G36110	17	4	11	30	9	1
AT4G36120	151	72	95	128	206	206
AT4G36130	1336	1615	1080	1534	1986	1665
AT4G36140	470	185	357	425	436	568
AT4G36150	206	50	141	167	120	169
AT4G36160	47	21	34	16	32	40
AT4G36170	0	0	0	0	0	0
AT4G36180	959	197	722	737	705	519
AT4G36190	735	419	584	542	617	691
AT4G36195	1276	729	978	994	832	893
AT4G36197	0	0	0	0	0	0
AT4G36210	1615	705	1278	1327	1050	1294
AT4G36220	674	695	581	800	1803	1222
AT4G36230	42	19	36	36	36	34
AT4G36240	128	63	100	89	92	69
AT4G36245	0	0	0	0	0	0
AT4G36250	2352	1408	1949	1957	2804	2027
AT4G36260	71	28	64	49	65	65
AT4G36270	153	21	118	75	69	78
AT4G36280	51	38	23	27	80	89
AT4G36290	378	166	270	328	298	381
AT4G36350	134	0	113	21	0	2
AT4G36360	1724	657	1368	1294	1901	1572
AT4G36370	0	0	0	0	0	0
AT4G36380	234	182	162	183	407	437
AT4G36390	1201	1111	1029	1651	2639	2616
AT4G36400	556	265	376	507	498	572
AT4G36410	316	321	239	431	219	353
AT4G36420	434	426	349	416	492	379
AT4G36430	35	3	18	12	95	7
AT4G36440	644	359	497	496	385	500
AT4G36450	57	29	29	26	13	26
AT4G36460	0	0	0	0	0	0
AT4G36470	214	99	145	151	129	189
AT4G36480	656	427	476	681	528	611
AT4G36490	0	0	0	1	5	0
AT4G36500	3116	1406	2427	3525	737	1463
AT4G36510	0	0	0	0	0	0
AT4G36515	146	164	120	161	96	90
AT4G36520	3791	3310	2396	2809	1594	2191
AT4G36530	452	832	372	444	792	941
AT4G36540	1192	938	918	1319	865	1183
AT4G36550	712	140	559	935	230	303
AT4G36560	0	0	0	0	0	0
AT4G36570	262	92	214	161	88	112
AT4G36580	174	58	122	148	153	110
AT4G36590	1	0	0	0	1	5
AT4G36600	24	1	19	0	2	2
AT4G36610	21	5	12	7	8	7
AT4G36620	20	11	18	22	7	16
AT4G36630	808	362	661	866	921	1029
AT4G36635	0	0	0	0	0	0
AT4G36640	329	134	280	238	253	170
AT4G36648	2815	1154	2297	2252	1292	1691
AT4G36650	724	363	584	658	468	586
AT4G36660	300	194	243	223	226	218
AT4G36670	855	1522	684	2089	1682	1728
AT4G36680	383	181	288	352	440	301
AT4G36690	4342	2202	3003	3451	3113	4452
AT4G36700	9	43	9	2	49	19
AT4G36710	276	120	224	127	150	138
AT4G36720	192	117	123	140	115	108
AT4G36730	1588	1207	1173	1595	1186	1995
AT4G36740	5	0	6	4	0	3
AT4G36750	432	453	410	420	513	600
AT4G36760	1859	748	1499	1453	1219	1222
AT4G36770	11	3	4	7	6	2
AT4G36780	1352	937	1140	1248	1016	1469
AT4G36790	231	217	199	214	190	213
AT4G36791	3	0	0	1	2	1
AT4G36795	2	0	1	0	0	0
AT4G36800	2474	2976	1880	2179	1657	2086
AT4G36808	0	4	0	0	0	1
AT4G36810	1	0	0	3	0	0
AT4G36820	10	14	3	12	5	13
AT4G36830	14	23	11	17	20	10
AT4G36840	169	102	114	141	94	161
AT4G36850	2064	4276	1653	2464	4864	7201
AT4G36860	785	380	586	746	742	931
AT4G36870	1336	674	989	1174	929	1121
AT4G36880	41	4	42	25	41	22
AT4G36890	636	284	454	649	445	581
AT4G36900	292	262	205	262	119	180
AT4G36910	543	454	422	381	519	461
AT4G36920	700	523	535	384	528	620
AT4G36925	1	0	0	0	1	0
AT4G36930	326	98	224	203	146	146
AT4G36940	447	237	324	361	314	318
AT4G36945	167	90	110	131	150	167
AT4G36950	3	0	2	3	0	0
AT4G36960	781	407	532	575	554	647
AT4G36970	1035	636	797	974	654	691
AT4G36980	5753	1605	3922	3905	2628	3699
AT4G36990	516	231	364	725	332	261
AT4G37000	711	874	622	716	891	911
AT4G37010	22	4	16	36	2	2
AT4G37020	275	299	207	232	258	277
AT4G37022	13	24	11	10	15	8
AT4G37030	54	22	62	37	28	24
AT4G37040	591	825	476	601	986	1063
AT4G37050	1	8	6	5	1	0
AT4G37060	1	0	0	0	0	0
AT4G37070	29	4	26	16	4	8
AT4G37080	728	285	648	584	636	772
AT4G37090	470	352	301	356	334	333
AT4G37095	34	37	28	38	15	20
AT4G37100	417	69	324	335	232	274
AT4G37110	380	274	272	342	347	387
AT4G37120	2774	2357	2053	2434	2942	2896
AT4G37130	384	203	251	319	421	360
AT4G37140	1	15	5	5	4	3
AT4G37150	20	34	12	15	45	24
AT4G37160	6	0	5	0	0	0
AT4G37170	61	26	37	65	45	37
AT4G37175	0	0	0	0	0	0
AT4G37180	1039	787	789	795	814	1082
AT4G37190	236	194	201	263	468	401
AT4G37200	773	1012	594	748	803	1012
AT4G37210	437	282	294	345	399	382
AT4G37220	74	93	42	63	15	72
AT4G37225	9	0	4	3	2	4
AT4G37230	0	2	0	1	1	1
AT4G37235	8	2	3	4	5	6
AT4G37240	100	240	69	150	98	121
AT4G37250	418	259	345	334	378	432
AT4G37260	1272	1184	993	1747	523	1131
AT4G37270	1095	524	804	823	1169	1353
AT4G37280	782	875	597	714	715	858
AT4G37290	15	7	19	36	1	21
AT4G37295	14	21	13	13	23	16
AT4G37300	9186	13768	6793	8722	7543	10742
AT4G37310	527	196	395	535	441	366
AT4G37320	254	101	197	171	164	131
AT4G37330	605	408	518	526	548	645
AT4G37340	0	3	0	0	1	0
AT4G37360	0	0	0	0	0	0
AT4G37370	479	90	368	345	178	156
AT4G37380	219	170	137	257	209	297
AT4G37390	105	36	84	174	92	58
AT4G37400	38	12	20	23	9	17
AT4G37409	0	0	0	0	0	0
AT4G37410	44	13	49	25	40	9
AT4G37420	0	0	0	0	0	1
AT4G37430	0	0	0	0	0	0
AT4G37432	0	1	0	0	0	0
AT4G37435	0	0	0	0	0	0
AT4G37440	1191	729	944	1229	1363	1662
AT4G37445	21	22	26	14	13	15
AT4G37450	927	1086	737	1047	1316	922
AT4G37460	1084	414	860	1028	1341	1751
AT4G37470	876	1026	743	694	721	920
AT4G37480	321	119	222	271	284	383
AT4G37483	74	96	44	46	43	70
AT4G37490	99	120	95	102	203	108
AT4G37500	0	0	0	0	0	0
AT4G37510	1864	1505	1438	1841	3417	3158
AT4G37520	1148	750	891	1495	1073	1132
AT4G37530	236	183	194	264	237	249
AT4G37540	1105	1338	823	903	760	993
AT4G37550	1100	979	877	847	1024	1703
AT4G37553	11	1	12	18	7	13
AT4G37560	75	61	70	89	91	163
AT4G37580	86	55	70	76	29	54
AT4G37590	1381	692	1213	1511	1110	1654
AT4G37608	83	40	65	49	21	34
AT4G37610	380	630	311	1369	442	1075
AT4G37630	125	98	122	108	93	131
AT4G37640	1056	244	836	641	482	541
AT4G37650	184	107	174	187	172	157
AT4G37660	105	172	86	77	103	91
AT4G37670	186	53	154	150	153	173
AT4G37680	430	68	395	240	142	167
AT4G37682	18	4	16	13	13	13
AT4G37685	19	2	19	21	5	16
AT4G37690	20	6	7	9	6	7
AT4G37700	7	2	4	4	4	4
AT4G37710	0	0	0	7	0	0
AT4G37720	0	0	0	0	0	0
AT4G37730	75	43	54	41	23	46
AT4G37740	364	149	280	313	330	319
AT4G37750	371	211	279	288	495	483
AT4G37760	354	625	333	374	1140	1098
AT4G37770	75	13	82	191	19	12
AT4G37780	0	0	3	1	3	0
AT4G37790	705	360	555	608	370	583
AT4G37800	2351	2817	2198	1592	4226	3566
AT4G37810	41	35	32	34	46	40
AT4G37820	1506	1264	1129	1206	1196	1483
AT4G37830	2768	3927	2193	2553	2354	2453
AT4G37840	0	0	0	0	0	0
AT4G37850	1	0	0	0	0	0
AT4G37860	0	0	0	0	0	0
AT4G37870	4943	2407	3947	4190	3019	3947
AT4G37880	791	852	617	830	724	875
AT4G37890	43	9	34	34	20	16
AT4G37895	0	0	0	0	0	0
AT4G37900	40	14	39	33	44	34
AT4G37910	2172	1519	1730	2348	4219	2610
AT4G37920	871	1169	754	960	1710	1587
AT4G37925	591	873	446	506	901	1124
AT4G37930	18474	36421	14192	19252	33166	45332
AT4G37940	8	0	1	0	0	0
AT4G37950	0	0	1	0	1	0
AT4G37970	39	9	28	13	7	14
AT4G37980	1597	1449	1328	954	1014	1191
AT4G37990	2	3	5	79	14	2
AT4G38000	5	3	2	3	0	0
AT4G38005	0	0	0	0	0	0
AT4G38010	49	12	31	35	37	24
AT4G38020	200	187	164	187	315	303
AT4G38030	0	0	0	0	0	0
AT4G38040	605	319	470	487	545	589
AT4G38050	158	41	92	129	80	105
AT4G38060	272	394	184	238	143	270
AT4G38062	157	133	100	174	242	234
AT4G38065	0	1	0	0	0	0
AT4G38070	4	1	0	6	1	1
AT4G38080	241	62	167	61	74	51
AT4G38090	297	273	227	247	200	260
AT4G38092	0	0	2	2	0	7
AT4G38100	358	224	283	270	246	194
AT4G38120	608	203	484	545	496	503
AT4G38130	1886	1404	1478	1727	1882	2072
AT4G38140	0	0	0	0	0	0
AT4G38150	257	203	194	239	284	236
AT4G38160	1160	1662	994	1288	1881	1955
AT4G38170	223	103	181	174	189	216
AT4G38180	76	20	67	71	45	49
AT4G38190	0	1	0	0	0	0
AT4G38200	935	333	788	971	987	1039
AT4G38210	7	16	15	6	2	4
AT4G38213	1	6	1	2	0	2
AT4G38215	0	5	7	5	4	7
AT4G38220	1080	1021	917	1005	1455	1469
AT4G38225	984	680	764	804	1036	1158
AT4G38230	176	48	125	137	115	101
AT4G38240	718	267	553	552	399	488
AT4G38250	0	0	0	0	1	0
AT4G38260	326	247	206	309	182	282
AT4G38270	839	264	601	699	557	593
AT4G38280	433	335	326	334	373	493
AT4G38290	0	5	1	0	0	1
AT4G38300	23	17	30	24	14	37
AT4G38310	4	0	0	2	0	7
AT4G38320	145	39	100	99	63	71
AT4G38330	108	73	83	59	67	68
AT4G38340	30	10	24	11	16	9
AT4G38350	1784	507	1459	1375	1300	1463
AT4G38360	947	595	724	808	679	751
AT4G38370	213	144	165	169	194	188
AT4G38380	176	26	124	128	165	101
AT4G38390	4	1	13	6	3	3
AT4G38400	219	196	166	283	181	158
AT4G38401	0	0	0	0	0	0
AT4G38405	0	0	0	0	0	0
AT4G38410	5	12	8	15	6	3
AT4G38420	448	269	357	354	622	598
AT4G38430	1626	1149	1168	1306	1422	1840
AT4G38440	509	220	367	529	565	605
AT4G38460	1524	1185	1258	1175	1041	1106
AT4G38470	2500	1835	1824	4093	2157	2561
AT4G38480	152	59	107	65	114	86
AT4G38490	248	452	196	228	219	253
AT4G38495	173	170	132	125	90	136
AT4G38500	730	339	549	652	635	634
AT4G38510	2279	1412	1845	2008	2470	2439
AT4G38520	2897	1270	2081	2108	1679	1793
AT4G38530	102	36	88	54	81	60
AT4G38540	478	207	330	336	150	196
AT4G38545	75	50	53	54	26	32
AT4G38550	3	0	1	7	0	0
AT4G38552	44	9	38	66	17	28
AT4G38560	101	8	96	103	29	18
AT4G38570	228	218	183	165	173	208
AT4G38580	651	291	500	410	263	246
AT4G38590	3	3	1	0	2	0
AT4G38600	2713	683	2203	2620	2892	3096
AT4G38620	249	228	214	241	304	256
AT4G38630	1020	902	831	1021	1396	1254
AT4G38640	658	343	584	654	487	621
AT4G38650	174	58	138	102	58	73
AT4G38660	320	222	290	253	395	300
AT4G38670	130	111	88	117	190	143
AT4G38680	1396	1979	1056	1530	1524	1637
AT4G38690	862	1485	623	718	1026	1704
AT4G38700	35	76	19	27	35	53
AT4G38710	2139	2086	1747	1935	2258	1825
AT4G38730	236	141	178	173	117	173
AT4G38740	4312	2547	3447	2110	1965	1946
AT4G38760	1150	268	984	1192	1224	1351
AT4G38770	11025	9885	9420	10672	18347	16444
AT4G38775	0	0	0	0	0	0
AT4G38780	61	20	40	48	73	69
AT4G38781	0	0	0	0	0	0
AT4G38790	401	321	303	332	296	293
AT4G38800	2186	1460	1738	1928	1268	1733
AT4G38810	1001	800	805	838	759	920
AT4G38820	0	0	0	0	0	0
AT4G38825	0	0	0	0	0	1
AT4G38830	6	10	0	5	25	18
AT4G38840	244	654	242	223	296	406
AT4G38850	49	40	30	59	51	61
AT4G38860	274	525	253	354	236	402
AT4G38870	5	1	0	6	3	5
AT4G38880	0	0	0	0	0	0
AT4G38890	654	360	571	731	911	805
AT4G38900	810	360	707	754	786	910
AT4G38905	2	0	0	1	0	0
AT4G38910	167	62	107	113	70	106
AT4G38920	2748	2551	2142	2194	1791	1919
AT4G38930	404	338	343	391	388	404
AT4G38932	931	963	617	703	333	562
AT4G38940	200	135	128	193	79	137
AT4G38950	804	410	599	595	948	1197
AT4G38960	38	84	35	27	71	91
AT4G38970	15788	45804	13295	16987	55372	65101
AT4G38980	243	275	163	199	226	238
AT4G38990	0	0	0	0	0	0
AT4G39000	0	0	0	0	1	1
AT4G39010	49	10	48	40	20	23
AT4G39020	0	0	0	0	0	0
AT4G39030	102	10	54	76	52	36
AT4G39040	1619	2117	1212	1649	2340	2530
AT4G39050	2179	882	1690	1905	1614	2037
AT4G39060	1	1	0	0	0	0
AT4G39070	121	49	94	246	49	76
AT4G39080	3024	2042	2671	3217	4080	4091
AT4G39090	22098	9578	17024	16881	6862	9794
AT4G39100	1024	722	810	847	610	855
AT4G39110	36	9	41	24	21	32
AT4G39120	218	109	191	203	270	281
AT4G39130	1	0	0	0	0	0
AT4G39140	806	240	631	645	432	483
AT4G39150	797	762	657	659	933	795
AT4G39160	614	315	486	612	486	492
AT4G39170	748	411	547	685	578	615
AT4G39180	298	73	202	187	115	144
AT4G39190	234	75	167	148	95	101
AT4G39195	0	0	0	0	0	0
AT4G39200	3362	6272	2386	3604	3874	3783
AT4G39210	403	91	300	175	179	177
AT4G39220	528	474	415	386	394	368
AT4G39230	233	149	162	209	199	148
AT4G39235	165	290	107	137	225	218
AT4G39240	485	259	388	441	371	328
AT4G39250	1	21	1	6	25	31
AT4G39260	4918	2112	4191	3221	1464	1440
AT4G39270	675	198	536	582	354	432
AT4G39280	775	638	702	826	1243	1060
AT4G39290	0	0	0	0	0	0
AT4G39300	311	319	197	297	293	240
AT4G39320	43	50	29	38	56	42
AT4G39330	1386	1719	1218	1080	2694	1640
AT4G39340	11	14	4	9	14	3
AT4G39345	0	0	0	0	0	0
AT4G39350	2149	1224	1716	2555	2207	2717
AT4G39360	3	1	2	9	0	4
AT4G39361	8	12	6	7	5	2
AT4G39363	31	44	20	25	17	30
AT4G39364	39	50	23	32	39	16
AT4G39366	26	35	26	26	25	33
AT4G39370	150	147	109	142	148	118
AT4G39380	100	54	67	111	116	95
AT4G39390	305	205	247	314	194	237
AT4G39400	3372	1170	2706	3574	3312	4023
AT4G39403	9	9	4	11	2	8
AT4G39404	5	8	2	4	4	3
AT4G39410	58	21	33	38	60	47
AT4G39420	1360	203	986	1243	950	1171
AT4G39460	949	1210	765	1043	1520	1617
AT4G39470	287	361	246	317	487	386
AT4G39480	27	50	32	50	115	75
AT4G39490	0	0	0	0	0	0
AT4G39500	2	2	1	0	5	8
AT4G39510	214	103	205	137	197	202
AT4G39520	1446	1088	998	1408	1370	1355
AT4G39530	54	17	45	71	49	47
AT4G39540	919	863	709	888	791	901
AT4G39550	134	63	77	113	63	78
AT4G39560	149	53	106	121	93	93
AT4G39570	227	95	180	190	116	113
AT4G39580	79	33	42	95	33	54
AT4G39590	0	0	0	0	0	0
AT4G39600	56	72	38	36	53	56
AT4G39610	0	0	0	1	0	0
AT4G39615	0	0	0	0	0	0
AT4G39620	368	303	383	417	654	577
AT4G39630	56	57	41	52	89	74
AT4G39640	1071	361	846	966	577	712
AT4G39650	1	0	0	0	0	1
AT4G39660	1026	964	784	1025	989	995
AT4G39670	63	4	55	66	2	14
AT4G39672	0	0	0	0	0	0
AT4G39675	8	28	6	6	1	19
AT4G39680	3672	1444	2742	2814	2836	3077
AT4G39690	776	468	573	784	1000	1003
AT4G39700	16	15	5	5	7	2
AT4G39710	607	1289	498	614	1005	1388
AT4G39720	55	21	26	30	64	41
AT4G39730	1155	1041	1044	807	991	757
AT4G39740	121	105	100	112	152	113
AT4G39745	0	0	0	0	0	0
AT4G39750	0	0	0	0	0	0
AT4G39753	0	0	0	0	0	0
AT4G39756	0	0	0	0	0	0
AT4G39760	0	0	0	0	0	0
AT4G39770	189	89	142	179	146	125
AT4G39780	295	189	242	454	259	201
AT4G39790	17	10	15	20	36	25
AT4G39795	29	20	16	8	11	14
AT4G39800	1212	629	984	656	1350	1073
AT4G39810	14	14	13	12	10	15
AT4G39820	415	290	331	372	329	310
AT4G39830	63	8	43	103	68	26
AT4G39838	0	0	0	0	0	0
AT4G39840	0	0	0	0	0	0
AT4G39850	1188	322	924	1118	1012	1087
AT4G39860	485	488	415	437	713	583
AT4G39865	0	0	0	0	0	0
AT4G39870	518	233	397	390	330	378
AT4G39880	416	550	299	405	436	367
AT4G39890	195	61	162	146	58	67
AT4G39900	1359	1091	1017	997	950	1161
AT4G39910	1210	599	875	1068	937	1142
AT4G39917	0	0	0	0	0	0
AT4G39920	154	116	102	114	116	131
AT4G39925	21	27	34	21	10	11
AT4G39930	20	13	30	17	10	17
AT4G39940	1375	583	1019	1016	1461	874
AT4G39950	1333	183	1017	1189	775	311
AT4G39952	80	23	52	74	40	31
AT4G39955	319	187	270	235	183	193
AT4G39960	995	582	869	949	1154	1044
AT4G39970	562	1230	476	600	801	1012
AT4G39980	1694	1242	1418	1526	2036	1374
AT4G39985	0	0	0	0	0	0
AT4G39990	596	758	414	521	612	655
AT4G40000	137	59	85	115	154	86
AT4G40010	23	8	15	17	9	22
AT4G40011	0	0	0	0	0	0
AT4G40020	32	25	17	26	20	21
AT4G40030	3730	3115	2908	2375	2358	2663
AT4G40040	7904	5799	6309	5494	4725	5740
AT4G40042	123	150	83	93	76	99
AT4G40045	298	462	281	303	345	376
AT4G40050	827	401	706	694	740	823
AT4G40060	2876	1738	2010	1904	1462	1758
AT4G40063	0	0	0	0	0	0
AT4G40065	48	50	35	55	35	52
AT4G40070	73	34	52	66	32	62
AT4G40080	0	0	0	0	0	0
AT4G40085	1	0	0	0	0	0
AT4G40090	44	7	47	11	2	8
AT4G40100	0	0	0	0	0	0
AT5G00730	0	0	0	1	0	0
AT5G00735	0	0	0	0	0	0
AT5G00740	0	0	0	0	0	0
AT5G00745	0	0	0	0	1	0
AT5G00750	0	1	0	0	1	2
AT5G00755	0	0	0	0	2	0
AT5G00760	6	0	0	1	0	2
AT5G00765	3	0	1	1	0	1
AT5G00770	0	0	0	0	0	0
AT5G00775	0	0	0	0	0	0
AT5G00780	8	1	1	4	3	3
AT5G00785	0	0	0	0	0	0
AT5G00790	2	1	3	5	0	2
AT5G00795	0	0	0	0	0	0
AT5G00800	0	0	0	0	0	0
AT5G00805	0	0	0	0	0	0
AT5G00810	0	0	0	0	0	0
AT5G00815	0	0	0	0	0	0
AT5G00820	0	0	0	0	0	0
AT5G00825	4	0	0	1	0	0
AT5G00835	0	0	0	0	0	0
AT5G00840	0	0	0	0	0	0
AT5G00845	0	0	0	0	0	0
AT5G00850	0	0	0	0	0	0
AT5G00855	0	0	0	0	0	0
AT5G00860	0	0	0	0	0	0
AT5G00865	3	0	1	6	0	4
AT5G00870	0	0	0	0	0	0
AT5G00875	3	25	11	20	18	10
AT5G00880	0	0	0	0	0	0
AT5G00885	0	0	0	0	0	0
AT5G00895	0	0	0	0	0	0
AT5G00900	0	0	0	0	0	0
AT5G00905	0	0	0	0	0	0
AT5G00910	0	1	0	1	0	3
AT5G00920	0	0	0	0	0	0
AT5G00925	2	0	0	2	0	3
AT5G00930	0	0	0	0	0	0
AT5G00935	0	0	0	0	0	0
AT5G00940	0	0	0	0	0	0
AT5G00950	1	0	0	0	0	0
AT5G00955	0	0	0	0	0	0
AT5G00960	0	0	0	0	0	0
AT5G00965	1	0	1	0	0	0
AT5G00970	1	0	1	1	0	0
AT5G00975	0	0	0	0	0	0
AT5G00980	56	36	41	50	10	28
AT5G00985	14	2	10	9	8	10
AT5G00990	5	0	1	2	0	0
AT5G00995	0	0	0	0	0	0
AT5G01005	0	0	0	0	0	0
AT5G01010	1742	1083	1481	1810	1580	1852
AT5G01015	12	20	8	11	12	21
AT5G01017	0	0	0	0	0	0
AT5G01020	1586	896	1264	1473	993	1437
AT5G01030	510	158	363	469	424	541
AT5G01040	126	139	126	154	546	442
AT5G01045	2	0	0	0	0	0
AT5G01050	0	0	8	1	9	1
AT5G01055	0	0	0	1	0	1
AT5G01060	0	0	0	0	0	1
AT5G01065	0	0	0	0	0	0
AT5G01070	0	5	0	1	2	0
AT5G01075	237	389	223	150	215	231
AT5G01080	0	0	0	0	0	0
AT5G01090	710	296	586	411	417	448
AT5G01095	0	0	0	0	0	0
AT5G01100	779	45	581	569	63	93
AT5G01105	0	0	0	0	0	0
AT5G01110	68	24	49	74	72	78
AT5G01115	0	0	0	0	0	0
AT5G01120	3	8	6	11	9	9
AT5G01125	0	0	2	2	0	1
AT5G01130	0	0	0	0	0	0
AT5G01135	0	0	0	0	0	1
AT5G01140	0	0	0	0	0	0
AT5G01145	0	0	0	0	0	0
AT5G01150	0	0	0	2	0	0
AT5G01155	0	0	0	0	0	0
AT5G01160	826	466	618	712	495	603
AT5G01165	0	0	0	0	0	0
AT5G01170	247	160	212	168	170	210
AT5G01175	37	27	53	24	23	34
AT5G01180	77	31	65	76	91	73
AT5G01190	31	15	18	18	46	31
AT5G01195	0	0	0	0	0	0
AT5G01200	146	56	121	79	52	85
AT5G01205	0	1	1	0	0	0
AT5G01210	0	0	0	0	0	1
AT5G01215	0	0	0	0	0	0
AT5G01220	6527	735	5474	2657	1144	1260
AT5G01225	0	0	0	0	0	0
AT5G01230	232	157	194	209	213	181
AT5G01235	2	0	0	0	0	3
AT5G01240	1135	989	914	855	978	1283
AT5G01245	4	5	3	3	0	0
AT5G01250	12	4	20	16	4	4
AT5G01255	0	0	0	0	0	0
AT5G01260	276	103	230	176	166	185
AT5G01265	0	0	0	0	1	2
AT5G01270	705	229	506	590	378	468
AT5G01275	0	0	0	0	2	0
AT5G01280	0	0	0	0	0	0
AT5G01285	0	0	0	0	0	0
AT5G01290	468	187	368	446	430	422
AT5G01295	0	0	0	0	0	0
AT5G01300	9	3	17	1	0	0
AT5G01305	9	4	7	2	7	0
AT5G01310	232	101	196	184	179	199
AT5G01315	0	0	0	0	0	0
AT5G01320	11	13	20	19	14	5
AT5G01325	0	0	0	0	0	0
AT5G01330	4	7	6	10	5	6
AT5G01340	114	140	97	107	152	182
AT5G01345	0	0	0	1	6	0
AT5G01350	1665	1570	1171	1313	676	996
AT5G01360	35	12	15	10	9	24
AT5G01365	0	0	0	0	0	0
AT5G01370	209	147	177	144	195	201
AT5G01375	0	0	0	0	0	0
AT5G01380	9	20	12	18	15	15
AT5G01385	0	0	0	0	0	0
AT5G01390	318	231	222	340	263	351
AT5G01395	0	0	0	0	0	0
AT5G01400	1185	377	909	1017	1006	1103
AT5G01405	0	0	0	0	0	0
AT5G01410	1094	2191	866	1162	2250	2028
AT5G01415	0	0	0	0	0	0
AT5G01420	24	9	15	24	45	25
AT5G01425	0	0	0	0	0	0
AT5G01430	169	141	169	128	141	128
AT5G01435	0	0	0	0	0	0
AT5G01440	0	0	0	0	0	0
AT5G01445	42	47	32	49	27	28
AT5G01450	300	135	187	213	207	281
AT5G01455	0	0	0	0	0	0
AT5G01460	581	420	541	617	724	746
AT5G01465	0	0	0	0	0	0
AT5G01470	189	206	136	171	247	258
AT5G01475	0	0	0	0	0	0
AT5G01480	14	21	9	14	9	9
AT5G01485	0	0	0	0	0	0
AT5G01490	1	0	2	0	1	0
AT5G01495	0	1	0	3	1	5
AT5G01500	233	185	183	207	320	252
AT5G01505	1	5	2	0	5	1
AT5G01510	139	93	104	125	169	164
AT5G01515	1	0	3	0	0	1
AT5G01520	282	128	221	111	94	164
AT5G01530	46963	68257	36586	41730	34136	54199
AT5G01535	0	0	0	0	0	0
AT5G01540	0	0	0	0	0	0
AT5G01542	4	5	0	4	3	0
AT5G01545	9	0	4	13	8	5
AT5G01550	15	1	15	16	10	6
AT5G01555	0	0	0	0	0	0
AT5G01560	420	317	363	430	410	465
AT5G01565	0	0	0	0	0	0
AT5G01570	15	2	8	21	30	17
AT5G01575	0	0	0	0	0	0
AT5G01580	0	0	0	0	0	0
AT5G01585	0	0	0	0	0	0
AT5G01590	1655	1994	1349	2032	3692	3696
AT5G01595	10	4	5	5	9	5
AT5G01600	5341	5788	4184	3274	3333	6095
AT5G01605	0	0	0	0	0	0
AT5G01610	48	41	58	48	34	57
AT5G01615	0	0	0	0	0	0
AT5G01620	221	212	138	156	187	219
AT5G01630	126	64	90	121	211	178
AT5G01635	0	0	0	0	0	0
AT5G01640	30	19	31	21	12	9
AT5G01645	0	0	0	0	0	0
AT5G01650	543	969	405	465	651	686
AT5G01655	0	0	3	0	0	0
AT5G01660	54	43	26	39	61	54
AT5G01665	0	0	0	0	0	0
AT5G01670	395	185	263	233	160	199
AT5G01675	0	0	0	0	0	0
AT5G01680	1	0	0	1	0	0
AT5G01685	0	0	0	0	0	0
AT5G01690	0	2	0	0	0	1
AT5G01695	0	0	0	0	0	0
AT5G01700	49	15	64	29	18	13
AT5G01705	0	0	0	0	0	0
AT5G01710	2088	905	1701	1666	912	1279
AT5G01720	1488	632	1149	917	885	1217
AT5G01725	0	0	0	0	0	0
AT5G01730	42	7	32	40	78	76
AT5G01732	5	4	3	3	0	2
AT5G01735	0	0	0	0	0	0
AT5G01740	378	554	294	272	610	560
AT5G01745	0	0	0	0	0	0
AT5G01747	2	0	1	0	1	1
AT5G01750	7256	8412	5613	5914	4474	6302
AT5G01755	0	0	0	0	0	0
AT5G01760	18	4	7	11	16	11
AT5G01765	0	0	0	0	0	0
AT5G01770	275	65	186	185	355	292
AT5G01775	11	4	7	6	3	4
AT5G01780	421	184	311	340	270	409
AT5G01785	0	0	0	0	0	0
AT5G01790	107	47	112	119	91	51
AT5G01795	0	0	0	0	0	0
AT5G01800	1721	1259	1319	1377	1153	1369
AT5G01805	0	0	0	0	0	0
AT5G01810	978	864	731	966	1026	1307
AT5G01815	0	0	0	0	0	0
AT5G01820	538	155	428	260	185	186
AT5G01825	0	0	0	0	0	0
AT5G01830	234	135	167	197	117	164
AT5G01835	0	0	0	0	0	0
AT5G01840	68	37	27	32	72	71
AT5G01845	0	0	0	0	0	0
AT5G01850	129	44	101	117	121	103
AT5G01855	0	0	0	0	0	0
AT5G01860	0	0	0	0	0	0
AT5G01865	0	0	0	0	0	0
AT5G01870	172	98	220	92	67	75
AT5G01875	0	0	0	0	0	0
AT5G01880	64	40	62	45	17	46
AT5G01881	0	0	0	1	0	1
AT5G01885	0	0	0	0	0	0
AT5G01890	401	88	335	342	350	279
AT5G01895	0	0	0	0	0	0
AT5G01900	7	1	2	7	0	1
AT5G01910	95	132	64	60	106	109
AT5G01915	0	0	0	0	0	0
AT5G01920	1429	1383	1163	1254	1753	2249
AT5G01925	0	0	0	0	0	0
AT5G01930	431	287	325	342	384	437
AT5G01935	6	3	3	4	3	0
AT5G01940	59	39	44	44	27	36
AT5G01945	1	0	1	1	0	0
AT5G01950	1247	288	894	1069	617	758
AT5G01955	0	0	0	0	0	0
AT5G01960	705	317	559	554	425	557
AT5G01965	0	0	0	0	0	0
AT5G01970	338	191	219	276	210	234
AT5G01975	0	0	0	0	0	0
AT5G01980	465	455	358	474	513	616
AT5G01985	0	0	0	0	0	0
AT5G01990	253	128	264	216	180	249
AT5G01995	0	0	1	0	0	0
AT5G02000	0	0	0	0	0	0
AT5G02010	346	158	257	287	273	251
AT5G02015	1	0	0	0	0	0
AT5G02020	1234	254	790	540	185	232
AT5G02025	0	0	0	0	0	0
AT5G02030	423	205	359	339	328	326
AT5G02035	0	0	0	0	0	0
AT5G02040	322	217	288	207	196	200
AT5G02045	0	0	0	0	0	0
AT5G02050	442	344	361	435	498	324
AT5G02055	0	0	0	0	2	0
AT5G02060	25	16	25	28	36	29
AT5G02065	1	3	3	2	1	4
AT5G02070	0	0	0	0	0	1
AT5G02075	1	0	0	1	0	0
AT5G02080	56	36	52	54	33	30
AT5G02085	0	0	0	0	0	0
AT5G02090	22	31	5	15	34	18
AT5G02095	1	4	1	3	7	8
AT5G02100	262	222	207	328	256	292
AT5G02105	0	0	0	0	0	0
AT5G02110	1	0	3	5	3	2
AT5G02115	0	0	0	1	0	1
AT5G02120	608	2719	434	618	1425	1879
AT5G02125	0	0	0	0	0	0
AT5G02130	280	175	237	221	204	235
AT5G02135	0	0	0	0	0	0
AT5G02140	6	2	10	3	6	8
AT5G02145	0	0	0	0	0	0
AT5G02150	245	122	178	267	124	190
AT5G02155	0	0	0	3	0	7
AT5G02160	6600	7999	5162	8167	2820	6218
AT5G02170	23	7	21	33	11	30
AT5G02175	0	0	0	0	0	0
AT5G02180	273	91	197	262	241	357
AT5G02185	0	0	0	0	0	0
AT5G02190	200	43	169	124	69	69
AT5G02195	0	0	0	0	0	0
AT5G02200	620	37	444	211	38	86
AT5G02205	0	0	0	0	0	0
AT5G02210	6	2	1	2	6	3
AT5G02215	0	0	0	0	0	0
AT5G02220	4	2	3	12	7	6
AT5G02225	3	6	3	2	6	0
AT5G02230	127	117	115	59	92	112
AT5G02240	3782	3192	3024	2939	2454	2570
AT5G02245	0	0	0	3	0	0
AT5G02250	859	427	650	845	1262	1378
AT5G02255	0	0	0	0	0	0
AT5G02260	268	157	221	269	167	177
AT5G02265	0	0	0	0	0	0
AT5G02270	189	187	140	83	208	172
AT5G02275	0	0	0	0	0	0
AT5G02280	79	127	55	61	91	96
AT5G02290	1485	450	1114	1454	654	753
AT5G02295	0	0	0	0	0	0
AT5G02305	0	0	0	0	0	0
AT5G02310	1128	319	942	1253	1541	1693
AT5G02315	0	0	0	0	0	0
AT5G02320	119	76	76	82	94	124
AT5G02325	0	0	0	0	0	0
AT5G02330	0	2	2	1	3	7
AT5G02335	0	0	0	0	0	0
AT5G02340	0	0	0	0	0	0
AT5G02345	0	0	0	0	0	0
AT5G02350	6	0	3	7	3	11
AT5G02355	0	0	0	0	0	0
AT5G02360	3	0	1	2	0	0
AT5G02365	0	0	0	0	0	0
AT5G02370	126	81	112	128	251	223
AT5G02375	0	0	0	0	0	0
AT5G02380	15995	20873	12925	11237	10933	12651
AT5G02385	0	0	0	0	0	0
AT5G02390	6	5	5	5	3	6
AT5G02395	0	0	0	0	0	0
AT5G02400	21	15	20	32	33	38
AT5G02405	0	0	0	0	0	0
AT5G02410	171	45	124	108	118	133
AT5G02415	1	2	3	11	4	6
AT5G02420	10	10	12	14	6	2
AT5G02425	21	5	16	14	25	14
AT5G02430	97	44	75	137	149	133
AT5G02435	0	0	0	0	0	0
AT5G02440	101	134	48	68	129	110
AT5G02445	0	0	0	0	0	0
AT5G02450	3252	6739	2334	3827	3959	3641
AT5G02455	0	0	0	0	0	0
AT5G02460	54	38	72	65	88	96
AT5G02465	0	0	0	0	0	0
AT5G02470	310	231	226	270	259	204
AT5G02480	5325	2239	4098	4913	2615	3704
AT5G02485	1	0	1	0	0	0
AT5G02490	187	143	153	294	296	183
AT5G02495	0	0	0	0	0	0
AT5G02500	40473	22610	30915	52444	39219	40262
AT5G02502	80	103	56	70	47	49
AT5G02505	0	0	0	0	0	0
AT5G02510	3	0	2	2	1	2
AT5G02515	142	140	72	48	121	139
AT5G02520	27	14	27	50	42	31
AT5G02525	2	0	1	0	4	1
AT5G02530	887	710	693	840	810	892
AT5G02535	5	1	2	2	6	3
AT5G02540	936	299	749	2030	230	308
AT5G02550	92	55	91	41	48	52
AT5G02555	0	0	0	0	0	0
AT5G02560	264	92	155	145	85	95
AT5G02565	55	103	33	36	32	52
AT5G02570	0	0	0	0	0	0
AT5G02575	17	62	12	24	26	13
AT5G02580	64	2	48	55	0	5
AT5G02590	130	149	108	124	242	106
AT5G02595	0	0	0	0	0	0
AT5G02600	663	423	539	448	472	541
AT5G02605	2	0	6	1	0	2
AT5G02610	1723	1593	1176	1589	1447	1266
AT5G02615	0	0	0	0	0	0
AT5G02620	591	177	426	426	384	382
AT5G02630	99	53	100	101	60	73
AT5G02635	0	0	0	0	0	0
AT5G02640	12	3	6	10	1	1
AT5G02645	1	0	1	0	0	0
AT5G02650	86	66	62	87	57	100
AT5G02655	0	0	0	0	0	0
AT5G02660	0	0	2	0	0	0
AT5G02665	0	1	1	3	0	0
AT5G02670	199	43	163	101	105	173
AT5G02675	3	1	0	2	1	2
AT5G02680	193	104	131	125	79	95
AT5G02685	0	0	0	0	0	0
AT5G02690	72	25	62	64	33	45
AT5G02695	0	0	0	0	0	0
AT5G02700	1	0	0	0	0	1
AT5G02705	2	0	1	4	0	1
AT5G02710	322	322	259	328	499	505
AT5G02715	1	0	0	0	0	0
AT5G02720	3	0	0	0	0	0
AT5G02725	0	0	0	0	0	0
AT5G02730	0	1	0	0	0	1
AT5G02735	0	0	0	0	0	0
AT5G02740	459	378	343	381	469	441
AT5G02745	0	0	0	1	0	2
AT5G02750	94	30	103	88	80	67
AT5G02755	0	0	0	0	0	0
AT5G02760	1931	792	1545	2815	1599	1636
AT5G02765	0	0	0	0	0	0
AT5G02770	2586	1846	2002	2302	2132	2434
AT5G02775	0	0	0	0	0	0
AT5G02780	13	2	8	18	4	0
AT5G02785	0	0	0	0	0	0
AT5G02790	3753	2548	3091	2893	2535	2975
AT5G02795	0	0	0	0	0	0
AT5G02800	531	303	396	466	380	512
AT5G02805	0	0	0	0	2	0
AT5G02810	4599	2714	3361	5402	4288	7639
AT5G02815	0	0	0	0	0	0
AT5G02820	283	226	160	343	326	352
AT5G02825	0	0	0	0	0	0
AT5G02830	453	247	364	408	731	676
AT5G02835	0	0	0	0	0	0
AT5G02840	1209	1477	921	1336	1538	2565
AT5G02850	360	244	370	384	515	505
AT5G02855	0	0	0	0	0	0
AT5G02860	662	262	560	605	510	555
AT5G02865	6	0	2	6	2	1
AT5G02870	4555	5202	3613	5127	7947	6073
AT5G02875	14	1	13	2	11	8
AT5G02880	1345	268	983	1023	823	1136
AT5G02885	4	0	1	0	0	0
AT5G02890	183	177	165	153	249	178
AT5G02895	0	0	0	0	0	0
AT5G02900	0	0	1	0	0	0
AT5G02905	0	3	0	1	1	2
AT5G02910	126	139	108	112	90	140
AT5G02915	0	0	0	0	0	0
AT5G02920	0	0	0	0	0	0
AT5G02925	0	0	0	0	0	0
AT5G02930	0	0	1	0	0	0
AT5G02935	0	0	0	0	0	0
AT5G02940	946	855	721	1081	2510	2140
AT5G02945	0	0	0	0	0	0
AT5G02950	64	39	46	51	52	52
AT5G02955	0	0	2	1	0	0
AT5G02960	2793	4772	2410	3122	3983	3234
AT5G02965	0	0	0	0	0	0
AT5G02970	800	381	633	657	436	584
AT5G02975	0	0	0	0	0	0
AT5G02980	0	0	0	0	0	0
AT5G02985	0	0	1	0	0	0
AT5G02990	0	0	0	0	0	0
AT5G02995	0	0	0	0	0	0
AT5G03000	0	0	0	0	0	0
AT5G03005	0	0	0	0	0	0
AT5G03010	2	2	2	1	0	0
AT5G03015	0	0	0	0	0	0
AT5G03020	5	9	2	11	6	14
AT5G03025	0	0	0	0	0	0
AT5G03030	258	326	193	211	208	188
AT5G03035	0	0	0	0	0	1
AT5G03040	2983	1661	2393	3000	3174	3793
AT5G03045	0	0	1	0	0	0
AT5G03050	257	190	188	224	133	214
AT5G03055	0	0	0	0	0	0
AT5G03060	12	3	3	6	9	1
AT5G03065	0	0	0	0	0	0
AT5G03070	212	80	156	140	198	175
AT5G03075	0	0	0	0	0	0
AT5G03080	271	171	215	179	227	235
AT5G03085	0	3	4	1	1	6
AT5G03090	4	4	2	0	30	5
AT5G03095	0	0	0	0	0	0
AT5G03100	129	76	97	94	85	96
AT5G03105	0	0	0	0	0	0
AT5G03110	67	75	70	37	53	75
AT5G03115	0	6	0	1	1	0
AT5G03120	607	1038	431	521	549	754
AT5G03125	0	0	0	1	0	0
AT5G03130	5	15	8	7	6	5
AT5G03135	0	0	0	0	0	0
AT5G03140	439	112	350	332	251	339
AT5G03145	1	0	0	0	0	0
AT5G03150	411	198	378	457	339	353
AT5G03155	0	0	0	0	0	0
AT5G03160	334	187	263	359	331	258
AT5G03165	9	6	5	13	5	2
AT5G03170	206	125	172	142	184	163
AT5G03175	11	9	11	9	1	3
AT5G03180	235	95	182	162	153	162
AT5G03185	0	0	0	0	0	0
AT5G03190	361	111	246	183	176	232
AT5G03195	0	0	0	0	1	0
AT5G03200	352	275	301	353	311	314
AT5G03204	0	0	0	0	0	0
AT5G03205	0	0	0	0	0	0
AT5G03210	418	3	265	49	2	2
AT5G03215	0	0	0	0	0	0
AT5G03220	178	156	139	130	124	129
AT5G03225	0	0	0	0	0	0
AT5G03230	487	295	381	312	199	215
AT5G03235	5	0	4	3	3	0
AT5G03240	11307	3703	9048	8481	4006	5022
AT5G03245	0	0	0	0	0	0
AT5G03250	60	21	34	32	32	39
AT5G03255	3	0	0	1	2	2
AT5G03260	31	40	28	40	148	89
AT5G03265	0	0	0	0	0	0
AT5G03270	8	5	6	3	7	11
AT5G03275	0	0	0	0	0	0
AT5G03280	2369	599	1899	2472	1836	2026
AT5G03285	55	47	40	57	35	25
AT5G03290	1488	1219	1199	1248	1222	1254
AT5G03295	0	0	0	0	0	0
AT5G03300	1481	1265	1226	1214	1880	1495
AT5G03305	2	3	0	0	1	0
AT5G03310	0	0	0	0	0	0
AT5G03315	6	1	8	1	4	3
AT5G03320	439	329	322	539	311	493
AT5G03325	0	0	0	0	0	2
AT5G03330	536	209	394	328	230	278
AT5G03335	0	0	0	0	0	0
AT5G03340	583	192	498	589	675	745
AT5G03345	412	666	331	364	345	392
AT5G03350	117	84	70	114	70	56
AT5G03355	120	144	95	215	241	358
AT5G03360	0	0	0	0	0	0
AT5G03370	161	211	125	147	149	146
AT5G03375	0	0	0	0	0	0
AT5G03380	2110	3087	1558	2310	1815	2129
AT5G03385	0	0	0	0	0	0
AT5G03390	71	113	49	79	175	113
AT5G03395	1	9	1	0	6	1
AT5G03400	0	0	0	0	0	0
AT5G03405	0	0	0	0	0	0
AT5G03406	175	121	120	143	101	141
AT5G03415	527	315	393	398	466	474
AT5G03420	771	459	595	835	952	1008
AT5G03425	0	0	0	0	0	0
AT5G03430	866	452	745	675	636	736
AT5G03435	4	0	4	7	1	1
AT5G03440	60	70	45	58	45	59
AT5G03445	0	0	0	0	0	0
AT5G03450	326	177	241	258	234	358
AT5G03452	0	0	0	0	0	0
AT5G03455	1353	1244	1032	1250	753	1029
AT5G03460	928	768	738	797	388	466
AT5G03465	0	0	0	0	0	0
AT5G03470	626	353	520	763	484	635
AT5G03475	12	0	10	4	5	10
AT5G03480	0	0	0	0	0	0
AT5G03485	11	0	13	15	8	12
AT5G03490	229	197	192	136	168	208
AT5G03495	87	85	63	46	47	69
AT5G03500	329	262	244	230	194	299
AT5G03510	31	43	39	33	51	68
AT5G03515	0	0	0	0	0	0
AT5G03520	1061	1486	947	1072	1166	1475
AT5G03525	0	0	1	0	0	0
AT5G03530	416	278	317	273	187	212
AT5G03535	0	1	0	0	1	0
AT5G03540	1429	736	1226	1427	1350	1723
AT5G03545	6106	310	4466	781	208	281
AT5G03550	6	0	4	5	0	0
AT5G03552	128	44	123	79	36	50
AT5G03553	155	65	104	124	50	72
AT5G03555	187	253	210	174	514	563
AT5G03560	323	243	245	311	250	291
AT5G03565	0	0	0	0	0	0
AT5G03570	0	0	0	0	0	0
AT5G03575	0	0	0	0	0	0
AT5G03580	0	0	0	0	0	0
AT5G03585	2	0	3	1	0	3
AT5G03590	0	0	0	0	0	0
AT5G03595	0	0	0	0	0	0
AT5G03600	0	0	0	0	0	0
AT5G03605	0	0	0	0	0	0
AT5G03610	729	448	636	581	706	614
AT5G03615	62	323	31	134	50	218
AT5G03620	21	24	15	15	32	21
AT5G03625	0	0	0	0	0	0
AT5G03630	2101	1784	1675	1670	1801	1661
AT5G03635	0	0	0	0	0	0
AT5G03640	9	0	9	5	5	7
AT5G03645	0	0	0	0	0	0
AT5G03650	1539	1436	1312	1547	2752	2993
AT5G03660	1970	1333	1348	1658	1247	1415
AT5G03668	0	0	0	0	0	0
AT5G03670	90	49	70	49	42	62
AT5G03680	100	30	76	59	65	63
AT5G03685	0	0	0	0	0	0
AT5G03690	200	138	179	219	200	246
AT5G03695	0	9	0	1	2	1
AT5G03700	159	101	103	140	110	84
AT5G03705	0	0	0	0	0	0
AT5G03710	0	0	1	0	0	0
AT5G03715	0	0	0	0	0	0
AT5G03720	302	182	234	468	158	259
AT5G03730	2591	815	2046	2789	1700	2069
AT5G03735	0	0	0	0	0	0
AT5G03740	1599	994	1247	1531	1157	1050
AT5G03745	0	0	0	0	0	0
AT5G03750	0	0	0	0	0	0
AT5G03755	0	0	0	0	0	0
AT5G03760	647	354	518	546	659	528
AT5G03765	0	0	0	0	0	0
AT5G03770	122	76	97	102	60	105
AT5G03775	0	0	0	0	0	0
AT5G03780	181	81	136	119	163	198
AT5G03785	0	0	0	0	0	0
AT5G03790	19	18	17	12	18	7
AT5G03795	11	6	18	11	2	14
AT5G03800	199	74	160	216	306	243
AT5G03805	0	0	0	0	0	0
AT5G03810	0	0	0	0	0	0
AT5G03815	0	0	0	0	0	0
AT5G03820	0	0	0	0	0	0
AT5G03825	1	0	0	3	2	3
AT5G03830	378	281	282	262	189	306
AT5G03835	0	0	0	0	0	0
AT5G03840	3	18	9	10	12	11
AT5G03845	0	0	0	0	0	0
AT5G03850	765	1647	655	933	977	763
AT5G03860	69	13	87	16	8	12
AT5G03870	115	106	111	98	161	110
AT5G03875	3	0	6	5	0	4
AT5G03880	2285	2224	1840	1961	1740	2372
AT5G03885	35	20	23	11	20	25
AT5G03890	43	30	41	35	22	30
AT5G03900	861	506	681	745	1071	1170
AT5G03905	206	158	123	160	136	142
AT5G03910	626	353	515	690	832	878
AT5G03915	0	0	0	0	0	0
AT5G03920	0	0	0	0	0	0
AT5G03925	0	0	0	0	0	0
AT5G03930	0	0	0	0	0	1
AT5G03935	0	0	0	0	0	0
AT5G03940	3887	3709	2941	3583	4095	5082
AT5G03944	0	0	0	0	0	0
AT5G03945	0	0	0	0	0	0
AT5G03955	0	0	0	0	0	0
AT5G03960	92	7	72	39	7	14
AT5G03965	0	0	0	0	0	0
AT5G03970	178	85	159	157	134	156
AT5G03975	0	0	0	0	0	0
AT5G03980	0	0	0	0	0	0
AT5G03985	2	1	2	5	3	4
AT5G03990	166	89	147	137	108	96
AT5G03995	95	158	78	49	124	171
AT5G04000	11	5	5	4	4	9
AT5G04005	0	0	0	0	0	0
AT5G04010	2	0	2	3	1	2
AT5G04015	0	0	0	0	0	0
AT5G04020	878	494	805	995	863	1066
AT5G04025	0	0	0	0	0	0
AT5G04030	0	0	0	0	0	0
AT5G04035	0	0	0	0	0	0
AT5G04040	1053	674	834	1389	1184	1510
AT5G04045	0	0	0	0	0	0
AT5G04047	0	0	0	0	0	0
AT5G04050	141	52	108	132	134	166
AT5G04055	1	1	1	2	1	1
AT5G04060	481	267	354	453	382	516
AT5G04065	2	1	2	1	1	0
AT5G04070	141	78	100	110	140	108
AT5G04075	2	0	1	2	2	1
AT5G04080	105	79	89	90	72	46
AT5G04085	0	0	0	1	0	0
AT5G04090	645	254	495	469	381	431
AT5G04105	2	10	3	5	2	3
AT5G04110	316	114	205	193	200	203
AT5G04115	0	0	0	0	0	0
AT5G04120	27	0	30	0	0	8
AT5G04125	0	0	0	0	0	0
AT5G04130	659	493	518	619	1145	771
AT5G04135	0	0	0	0	0	0
AT5G04140	9709	7318	8218	9970	24370	29238
AT5G04145	0	0	0	0	0	0
AT5G04150	4	35	2	8	37	22
AT5G04160	220	178	218	244	237	201
AT5G04165	0	0	0	0	3	0
AT5G04170	782	603	686	930	620	683
AT5G04175	0	0	0	0	0	0
AT5G04180	6	4	9	11	2	10
AT5G04185	4	7	6	12	2	1
AT5G04190	63	176	67	221	122	247
AT5G04195	0	0	0	0	0	0
AT5G04200	41	31	17	29	71	61
AT5G04205	13	8	12	6	5	11
AT5G04210	8	3	0	1	2	3
AT5G04215	0	0	0	0	0	0
AT5G04220	453	317	361	425	406	713
AT5G04225	0	0	0	0	0	0
AT5G04230	322	374	294	414	668	550
AT5G04238	0	0	0	0	0	0
AT5G04240	856	382	774	879	803	1084
AT5G04245	0	0	0	0	0	0
AT5G04250	143	56	105	115	83	92
AT5G04255	0	0	0	0	0	0
AT5G04260	291	187	212	230	171	175
AT5G04267	0	0	0	0	0	0
AT5G04270	121	167	90	106	92	109
AT5G04275	0	0	0	2	0	0
AT5G04280	515	277	428	457	420	398
AT5G04290	1009	339	816	792	808	927
AT5G04305	0	0	0	0	0	0
AT5G04310	117	58	85	155	178	155
AT5G04315	0	0	0	0	0	0
AT5G04320	377	263	308	381	481	507
AT5G04325	0	0	0	0	0	0
AT5G04330	61	41	41	50	39	25
AT5G04335	0	0	0	0	0	0
AT5G04340	635	266	446	878	66	243
AT5G04345	0	0	0	0	0	0
AT5G04347	0	0	0	0	0	0
AT5G04350	0	0	0	0	0	0
AT5G04355	0	1	1	0	0	1
AT5G04360	1115	289	844	929	694	953
AT5G04365	0	0	0	0	0	0
AT5G04370	22	14	10	9	13	20
AT5G04375	0	0	0	0	0	0
AT5G04380	2	0	0	0	0	1
AT5G04385	0	0	0	0	0	0
AT5G04390	14	9	10	33	27	41
AT5G04395	0	0	0	0	0	0
AT5G04400	0	0	1	2	0	0
AT5G04405	2	0	1	0	0	2
AT5G04410	1107	480	896	1001	837	911
AT5G04415	0	0	0	0	0	0
AT5G04420	850	483	672	750	754	762
AT5G04425	16	4	5	7	2	4
AT5G04430	2592	1904	1937	2547	2764	2850
AT5G04435	0	2	0	0	1	0
AT5G04440	803	765	669	711	757	856
AT5G04445	2	0	1	0	0	0
AT5G04455	0	0	0	0	0	0
AT5G04460	538	156	391	471	422	543
AT5G04465	0	0	0	0	0	0
AT5G04470	145	139	81	111	77	77
AT5G04475	0	0	0	0	0	0
AT5G04480	974	370	742	687	784	882
AT5G04490	753	1092	543	666	665	908
AT5G04495	0	0	0	0	0	0
AT5G04500	1	0	0	0	1	3
AT5G04505	0	0	1	0	2	1
AT5G04510	1043	572	765	881	933	992
AT5G04515	0	0	0	0	0	0
AT5G04520	187	178	172	171	163	237
AT5G04525	0	0	0	0	0	0
AT5G04530	598	694	449	527	996	873
AT5G04540	753	347	623	656	726	760
AT5G04545	0	0	0	0	0	0
AT5G04550	1913	713	1555	1763	1401	1627
AT5G04560	1834	662	1524	1821	2287	2612
AT5G04575	0	0	0	0	0	0
AT5G04585	0	1	0	2	0	0
AT5G04590	6151	5763	5018	4867	8714	8476
AT5G04595	0	0	0	0	0	0
AT5G04600	1213	1556	982	1260	1365	1285
AT5G04605	0	0	0	0	0	0
AT5G04610	0	0	0	0	0	0
AT5G04615	0	0	0	0	0	0
AT5G04620	276	192	215	237	326	286
AT5G04625	0	0	0	0	0	0
AT5G04630	3	1	1	2	1	4
AT5G04635	0	0	0	0	0	0
AT5G04640	0	0	0	0	0	0
AT5G04660	0	0	0	0	0	0
AT5G04665	0	1	0	0	0	1
AT5G04670	637	246	472	623	509	621
AT5G04675	0	0	0	0	0	0
AT5G04680	55	34	41	44	58	74
AT5G04685	0	0	0	0	0	0
AT5G04690	40	18	24	25	36	39
AT5G04695	0	0	0	0	0	0
AT5G04700	36	18	30	40	39	37
AT5G04705	1	0	0	0	0	0
AT5G04710	839	499	626	745	842	959
AT5G04715	0	0	0	0	0	0
AT5G04720	1602	465	1287	1749	695	943
AT5G04725	1	0	0	0	0	0
AT5G04730	0	0	0	0	0	0
AT5G04740	1604	1451	1316	1396	1495	1496
AT5G04745	0	0	0	0	0	0
AT5G04750	1373	878	1093	1022	542	723
AT5G04755	0	0	0	0	0	0
AT5G04760	154	79	118	107	84	101
AT5G04765	0	0	0	0	0	0
AT5G04770	92	121	80	98	133	175
AT5G04775	0	0	0	0	0	0
AT5G04780	81	40	49	70	67	65
AT5G04785	0	1	0	0	1	0
AT5G04790	0	0	0	0	0	0
AT5G04795	0	0	0	0	3	0
AT5G04800	1254	1693	925	1198	1540	1242
AT5G04810	2585	1052	2185	2740	3033	3882
AT5G04815	0	0	0	0	0	0
AT5G04820	102	130	84	58	81	120
AT5G04825	0	1	0	0	1	0
AT5G04830	587	591	454	499	749	635
AT5G04840	43	25	31	23	74	47
AT5G04845	0	0	0	0	0	1
AT5G04850	755	480	545	619	491	549
AT5G04853	0	0	0	0	0	0
AT5G04855	0	0	0	0	0	0
AT5G04860	140	65	94	145	179	144
AT5G04865	0	0	0	0	0	0
AT5G04870	1837	854	1386	1808	1599	1562
AT5G04885	518	239	437	384	463	340
AT5G04890	105	158	84	122	95	134
AT5G04895	252	41	171	214	245	174
AT5G04900	486	417	363	435	415	493
AT5G04905	0	0	0	0	0	0
AT5G04910	367	386	308	321	291	363
AT5G04915	0	0	0	0	0	0
AT5G04920	653	353	501	641	501	584
AT5G04925	0	0	0	0	0	0
AT5G04930	1288	416	949	1134	1054	1177
AT5G04933	0	0	0	0	0	0
AT5G04935	0	0	0	0	0	0
AT5G04937	0	0	0	0	0	0
AT5G04940	348	107	262	298	262	297
AT5G04945	0	0	0	0	0	0
AT5G04950	218	220	238	264	645	316
AT5G04955	0	0	0	0	0	0
AT5G04960	9	0	36	4	0	0
AT5G04965	0	0	0	0	0	0
AT5G04970	2	1	0	9	3	3
AT5G04975	0	0	0	0	0	0
AT5G04980	148	69	119	160	81	106
AT5G04985	0	0	0	0	0	0
AT5G04990	522	371	431	455	489	474
AT5G04995	0	0	0	0	0	0
AT5G05000	917	568	703	637	496	476
AT5G05005	0	0	0	0	0	0
AT5G05010	2136	1343	1798	2110	2689	2551
AT5G05015	0	0	0	0	0	0
AT5G05020	0	1	1	0	0	2
AT5G05030	0	0	0	0	0	0
AT5G05035	0	0	0	0	0	0
AT5G05040	0	0	1	3	0	0
AT5G05045	0	0	0	0	0	0
AT5G05050	0	0	0	0	0	0
AT5G05055	0	0	0	0	0	0
AT5G05060	780	938	566	637	631	730
AT5G05065	0	0	0	0	0	0
AT5G05070	2	0	1	0	0	0
AT5G05075	0	0	0	0	0	0
AT5G05080	2060	1479	1605	1922	1800	1768
AT5G05085	2	1	0	2	0	0
AT5G05090	1	7	10	9	6	8
AT5G05095	0	0	0	0	0	0
AT5G05100	1371	1209	1001	1271	1338	1742
AT5G05105	0	0	0	0	0	0
AT5G05110	607	237	413	433	211	270
AT5G05113	0	0	0	0	0	0
AT5G05120	0	0	0	0	0	0
AT5G05125	0	0	1	0	0	0
AT5G05130	123	95	101	129	157	180
AT5G05135	0	0	0	0	0	0
AT5G05140	834	325	711	982	551	720
AT5G05150	0	0	2	0	0	0
AT5G05155	0	0	0	0	0	0
AT5G05160	302	113	269	276	229	235
AT5G05170	6261	2618	5485	7067	8415	10056
AT5G05175	0	0	0	0	0	0
AT5G05180	398	288	300	475	406	397
AT5G05185	0	0	0	0	0	0
AT5G05190	239	75	184	338	183	170
AT5G05195	0	0	0	0	0	0
AT5G05200	2336	1243	1919	2254	2536	2861
AT5G05205	0	0	0	0	0	0
AT5G05210	1253	1117	937	1317	1300	1241
AT5G05215	0	0	0	0	0	0
AT5G05220	22	0	21	0	0	0
AT5G05230	442	268	375	411	382	412
AT5G05235	1	0	0	0	0	0
AT5G05240	58	36	38	53	112	71
AT5G05250	44	143	24	70	407	165
AT5G05255	0	0	0	0	0	0
AT5G05260	0	0	0	0	0	0
AT5G05265	5	0	7	2	0	0
AT5G05270	73	188	84	71	308	144
AT5G05275	0	0	1	2	0	0
AT5G05280	2	1	1	1	0	0
AT5G05285	0	0	0	0	0	0
AT5G05290	5	0	1	3	0	0
AT5G05295	0	0	0	0	0	0
AT5G05300	29	4	12	51	1	4
AT5G05310	248	121	176	204	179	174
AT5G05315	0	0	0	0	0	0
AT5G05320	92	52	65	102	49	39
AT5G05325	0	0	0	0	0	0
AT5G05330	66	56	54	49	44	68
AT5G05335	0	0	0	0	0	0
AT5G05340	9	1	8	12	1	3
AT5G05350	12	1	22	20	16	19
AT5G05360	257	352	206	190	206	271
AT5G05365	81	85	54	39	92	74
AT5G05370	115	187	91	114	102	138
AT5G05375	0	0	0	0	0	0
AT5G05380	85	77	75	57	53	59
AT5G05385	0	0	0	0	0	0
AT5G05390	0	0	0	0	2	3
AT5G05395	0	0	0	2	1	0
AT5G05400	36	21	27	25	29	26
AT5G05410	785	64	599	204	57	90
AT5G05415	0	0	0	0	0	0
AT5G05420	9	8	5	9	8	14
AT5G05425	1	0	0	1	0	1
AT5G05430	14	13	17	15	26	53
AT5G05435	85	197	60	111	78	180
AT5G05440	397	1594	347	808	1352	1733
AT5G05445	0	0	0	0	0	0
AT5G05450	824	1058	602	783	1146	1257
AT5G05455	0	0	0	0	0	0
AT5G05460	133	104	128	144	240	297
AT5G05465	0	0	0	1	1	0
AT5G05470	338	278	246	330	307	271
AT5G05475	0	0	0	0	0	0
AT5G05480	398	190	290	371	326	421
AT5G05485	0	0	0	0	0	0
AT5G05490	19	3	11	5	11	13
AT5G05495	0	0	0	0	0	0
AT5G05500	23	1	17	8	0	1
AT5G05505	0	0	0	0	0	0
AT5G05510	73	58	51	60	117	89
AT5G05515	0	0	0	0	0	0
AT5G05520	503	363	430	482	529	489
AT5G05525	0	0	0	0	0	0
AT5G05530	3	7	1	3	0	1
AT5G05535	0	0	0	0	0	0
AT5G05540	703	382	466	563	418	429
AT5G05545	20	3	4	2	7	5
AT5G05550	295	357	243	218	208	295
AT5G05555	0	0	0	0	0	0
AT5G05560	235	67	232	327	274	216
AT5G05565	0	0	0	0	0	0
AT5G05570	482	228	361	421	629	579
AT5G05580	286	428	244	344	1722	1231
AT5G05585	0	0	0	0	0	0
AT5G05590	16	19	34	30	32	39
AT5G05598	0	0	0	0	0	0
AT5G05600	279	347	222	499	541	558
AT5G05605	0	0	0	0	0	0
AT5G05610	983	978	724	819	940	995
AT5G05620	241	137	231	228	272	216
AT5G05625	0	1	0	0	0	0
AT5G05630	46	27	40	45	72	51
AT5G05635	0	0	0	0	0	0
AT5G05640	8	10	15	13	10	10
AT5G05645	0	0	0	0	0	0
AT5G05650	0	0	0	0	0	0
AT5G05653	0	0	0	0	0	0
AT5G05657	0	0	0	0	0	0
AT5G05660	632	277	509	740	644	767
AT5G05665	0	0	0	0	0	0
AT5G05670	299	240	244	223	315	272
AT5G05675	0	0	0	0	0	0
AT5G05680	452	203	347	421	478	426
AT5G05685	0	0	0	0	0	0
AT5G05690	4672	2408	3466	3975	2400	3592
AT5G05695	0	0	0	0	0	0
AT5G05700	651	241	526	718	662	844
AT5G05705	0	0	0	0	0	0
AT5G05710	161	232	122	162	123	169
AT5G05720	0	0	0	0	0	0
AT5G05725	0	0	0	0	0	0
AT5G05730	750	464	606	973	958	793
AT5G05735	1	0	0	0	0	0
AT5G05740	1091	975	880	1088	1654	1669
AT5G05745	0	0	0	0	0	0
AT5G05750	642	572	473	609	490	748
AT5G05755	0	0	0	0	0	0
AT5G05760	397	152	316	298	182	210
AT5G05765	3	0	2	0	2	0
AT5G05770	0	0	0	0	0	0
AT5G05780	1310	1211	1060	1324	1707	1712
AT5G05785	0	0	0	0	1	0
AT5G05790	85	77	71	96	120	116
AT5G05795	0	0	0	0	0	0
AT5G05800	770	447	558	616	506	783
AT5G05805	0	0	0	3	0	1
AT5G05810	30	28	37	29	49	32
AT5G05815	0	0	0	0	0	0
AT5G05820	437	239	377	428	396	347
AT5G05825	0	0	0	0	0	0
AT5G05830	121	132	123	132	101	149
AT5G05835	0	0	0	0	0	0
AT5G05840	5	6	0	3	5	2
AT5G05845	0	0	0	0	0	0
AT5G05850	171	47	150	245	112	112
AT5G05855	0	0	0	0	0	0
AT5G05860	212	266	149	253	244	301
AT5G05865	0	0	0	0	0	0
AT5G05870	379	188	296	256	260	316
AT5G05875	0	0	0	0	0	0
AT5G05880	59	32	62	39	36	29
AT5G05885	0	0	0	0	0	0
AT5G05890	226	152	172	186	171	234
AT5G05895	0	0	0	0	0	0
AT5G05900	0	0	0	3	1	1
AT5G05905	0	0	0	0	0	0
AT5G05910	0	0	0	0	0	0
AT5G05915	0	0	0	0	0	0
AT5G05920	249	132	194	174	171	158
AT5G05925	0	0	0	0	0	0
AT5G05930	541	491	430	487	359	516
AT5G05935	0	0	0	0	0	0
AT5G05940	128	76	84	127	157	144
AT5G05945	0	0	0	0	0	0
AT5G05950	197	162	153	172	155	131
AT5G05955	0	0	0	0	0	0
AT5G05960	87	77	57	48	62	67
AT5G05965	8	0	5	9	1	1
AT5G05970	332	136	275	298	295	331
AT5G05975	0	0	2	0	0	1
AT5G05980	697	374	523	520	549	690
AT5G05985	0	0	0	0	0	0
AT5G05987	181	116	134	194	166	163
AT5G05990	290	195	231	266	271	193
AT5G05995	0	0	0	0	0	0
AT5G06000	66	22	47	75	35	44
AT5G06005	0	0	0	0	0	0
AT5G06010	0	0	0	0	0	0
AT5G06015	0	0	0	0	0	0
AT5G06020	0	0	0	0	0	0
AT5G06025	0	0	0	0	0	0
AT5G06030	0	0	0	0	0	0
AT5G06035	0	0	0	0	0	0
AT5G06040	0	0	0	0	0	0
AT5G06043	0	0	0	0	0	0
AT5G06045	0	0	0	0	0	0
AT5G06050	514	426	394	482	465	510
AT5G06055	0	0	0	0	0	0
AT5G06060	733	845	584	553	817	775
AT5G06065	0	0	0	0	0	0
AT5G06070	1	0	3	1	0	0
AT5G06075	0	0	0	0	0	0
AT5G06080	0	0	0	0	0	0
AT5G06085	1	0	0	0	0	2
AT5G06090	2	2	1	0	0	0
AT5G06095	0	0	0	0	0	0
AT5G06100	560	151	420	378	293	362
AT5G06105	0	0	0	0	0	0
AT5G06110	3176	2123	2447	2828	1977	2360
AT5G06115	0	0	0	0	0	0
AT5G06120	842	261	611	705	669	710
AT5G06125	0	0	0	0	0	0
AT5G06130	2022	1260	1569	1761	1858	1943
AT5G06140	1719	1077	1248	1549	1230	1485
AT5G06145	0	0	0	0	0	0
AT5G06150	187	181	176	202	384	288
AT5G06155	0	0	0	0	0	0
AT5G06160	595	311	443	527	671	690
AT5G06165	1	0	3	0	1	0
AT5G06170	0	0	0	0	0	0
AT5G06175	0	0	0	0	0	0
AT5G06180	173	103	98	103	100	99
AT5G06185	0	0	0	0	0	0
AT5G06190	26	11	16	11	8	2
AT5G06200	8	2	4	2	3	0
AT5G06205	0	0	0	0	0	0
AT5G06210	226	266	198	221	135	178
AT5G06220	1067	339	947	1209	1888	1972
AT5G06230	18	10	14	31	9	7
AT5G06235	0	0	0	0	0	0
AT5G06240	235	207	164	147	152	160
AT5G06245	0	0	0	0	0	0
AT5G06250	18	15	16	14	26	30
AT5G06255	0	0	0	0	0	0
AT5G06260	683	374	589	600	608	631
AT5G06265	346	193	232	250	202	232
AT5G06270	226	500	220	224	510	485
AT5G06275	1	0	1	1	0	0
AT5G06280	440	383	344	415	224	313
AT5G06285	0	0	0	0	0	0
AT5G06290	2718	3916	2247	2992	4600	4861
AT5G06295	0	2	0	2	0	0
AT5G06300	134	62	106	53	44	64
AT5G06305	0	0	0	0	0	0
AT5G06310	112	39	48	59	62	57
AT5G06320	2424	605	1936	2329	477	701
AT5G06325	0	0	0	0	0	0
AT5G06330	13	5	15	15	11	10
AT5G06335	0	0	0	0	0	0
AT5G06340	1372	1593	1020	1318	1338	1611
AT5G06345	0	0	0	0	0	0
AT5G06350	379	108	337	364	361	354
AT5G06360	1609	1500	1235	1590	1626	1496
AT5G06365	0	0	0	0	0	0
AT5G06370	684	395	537	498	358	503
AT5G06380	1	2	3	3	4	0
AT5G06385	0	0	0	0	0	0
AT5G06390	931	450	725	921	835	797
AT5G06395	0	0	0	0	0	0
AT5G06400	61	8	60	61	32	42
AT5G06405	0	0	1	0	0	0
AT5G06410	206	167	203	189	162	184
AT5G06415	0	0	0	0	0	0
AT5G06420	60	53	72	56	98	92
AT5G06425	0	0	0	0	0	0
AT5G06430	125	63	78	99	93	125
AT5G06435	0	0	0	0	0	0
AT5G06440	1055	792	725	877	823	1033
AT5G06445	0	0	0	0	0	0
AT5G06450	143	154	113	149	94	132
AT5G06455	0	0	0	0	0	0
AT5G06460	815	268	651	725	830	679
AT5G06465	0	0	0	0	0	0
AT5G06470	34	33	19	40	19	26
AT5G06475	0	0	2	0	0	0
AT5G06480	18	18	27	21	3	8
AT5G06490	0	0	0	0	0	0
AT5G06495	0	0	0	0	0	0
AT5G06500	0	0	0	0	0	0
AT5G06505	0	0	0	0	0	0
AT5G06510	64	15	40	12	10	15
AT5G06515	0	0	0	0	0	0
AT5G06520	0	0	0	0	0	0
AT5G06525	0	0	0	0	0	0
AT5G06530	852	335	719	321	577	765
AT5G06535	0	0	0	0	0	0
AT5G06540	63	5	25	55	30	23
AT5G06545	0	1	0	0	0	0
AT5G06550	161	95	110	204	202	150
AT5G06560	743	446	570	821	479	666
AT5G06565	0	0	0	0	0	0
AT5G06570	35	11	27	49	9	16
AT5G06575	0	0	0	0	0	0
AT5G06580	564	452	381	510	516	548
AT5G06585	2	0	0	1	1	0
AT5G06590	48	50	34	55	75	58
AT5G06595	0	0	0	0	0	0
AT5G06600	2422	1048	2007	2410	3297	3199
AT5G06605	0	0	0	0	0	0
AT5G06610	243	48	162	158	70	64
AT5G06615	0	0	0	0	0	0
AT5G06620	109	35	76	68	53	51
AT5G06630	19	2	19	2	0	0
AT5G06635	0	0	0	0	0	0
AT5G06640	50	4	38	10	0	3
AT5G06645	0	0	0	0	0	0
AT5G06650	0	1	0	0	6	4
AT5G06655	1	2	0	0	0	2
AT5G06660	295	348	219	268	289	305
AT5G06665	0	0	0	0	0	0
AT5G06670	544	251	454	369	520	612
AT5G06675	0	0	0	0	0	0
AT5G06680	235	129	192	212	245	250
AT5G06685	0	0	0	0	0	0
AT5G06690	1631	1148	1361	1964	590	1096
AT5G06695	0	0	0	0	0	0
AT5G06700	2583	1709	1944	2635	2145	2587
AT5G06705	0	0	0	1	0	0
AT5G06710	150	95	132	133	100	144
AT5G06715	0	0	0	0	0	0
AT5G06720	37	41	42	46	73	57
AT5G06730	10	2	3	6	4	6
AT5G06735	0	0	0	0	0	0
AT5G06740	10	1	4	19	3	8
AT5G06745	1	0	0	0	0	0
AT5G06750	272	95	164	168	106	113
AT5G06755	0	0	2	1	0	0
AT5G06760	388	2	269	8	7	10
AT5G06765	0	0	0	0	0	0
AT5G06770	228	199	148	151	177	196
AT5G06775	1	0	0	0	0	0
AT5G06780	699	471	526	576	402	548
AT5G06785	0	0	0	0	0	0
AT5G06790	45	44	41	26	47	40
AT5G06795	4	2	2	3	0	2
AT5G06800	61	41	46	63	67	80
AT5G06810	75	40	65	74	59	102
AT5G06811	90	38	98	80	58	79
AT5G06815	0	0	0	0	0	0
AT5G06820	33	2	23	25	3	5
AT5G06825	1	0	0	1	1	0
AT5G06830	680	392	563	606	574	626
AT5G06835	3	0	1	1	1	0
AT5G06839	9	1	2	5	0	1
AT5G06845	11	65	14	33	18	21
AT5G06850	217	52	217	182	180	215
AT5G06855	0	0	0	0	0	0
AT5G06860	116	46	53	83	25	27
AT5G06865	19	18	5	16	5	15
AT5G06870	929	1029	797	930	1221	1255
AT5G06875	0	0	0	0	0	0
AT5G06880	0	0	0	1	0	0
AT5G06885	0	0	1	0	0	0
AT5G06890	0	0	0	0	0	0
AT5G06900	0	1	1	3	0	1
AT5G06905	1	0	0	0	0	0
AT5G06910	422	311	323	434	361	415
AT5G06915	0	0	0	0	0	0
AT5G06920	0	0	0	2	0	0
AT5G06925	0	0	0	0	0	0
AT5G06930	289	82	191	303	129	187
AT5G06935	0	0	0	0	0	0
AT5G06940	62	4	54	50	73	42
AT5G06945	0	0	0	0	0	0
AT5G06950	337	133	276	257	266	316
AT5G06955	0	0	0	0	0	0
AT5G06960	473	147	319	242	239	291
AT5G06965	0	0	0	0	0	0
AT5G06970	1165	790	931	1408	1696	2114
AT5G06975	0	0	0	0	0	0
AT5G06980	206	1205	162	283	756	1246
AT5G06985	0	0	0	0	0	0
AT5G06990	9	17	20	14	9	20
AT5G06995	0	0	0	0	0	0
AT5G07000	319	225	251	432	440	383
AT5G07005	0	0	0	0	0	0
AT5G07010	330	14	264	431	11	16
AT5G07015	0	0	0	0	0	0
AT5G07020	1764	2326	1416	1553	2684	3080
AT5G07025	0	0	0	0	0	0
AT5G07030	1264	486	1038	748	786	697
AT5G07035	0	0	0	0	0	0
AT5G07040	2	3	1	2	0	0
AT5G07050	0	0	0	0	0	0
AT5G07055	0	0	0	0	0	0
AT5G07060	52	8	27	30	14	29
AT5G07065	0	0	0	0	0	0
AT5G07070	104	35	70	98	58	47
AT5G07075	0	0	0	0	0	0
AT5G07080	76	51	68	96	117	123
AT5G07090	5114	6517	3685	5781	7536	6418
AT5G07095	6	6	4	2	5	8
AT5G07100	997	580	759	1403	823	1077
AT5G07105	0	0	3	0	0	1
AT5G07110	100	81	77	124	92	70
AT5G07115	2	0	0	2	0	1
AT5G07120	350	243	234	306	399	422
AT5G07125	0	0	0	0	0	0
AT5G07130	83	24	87	52	56	74
AT5G07135	0	0	0	0	0	0
AT5G07140	76	46	62	97	76	74
AT5G07145	0	0	0	0	0	0
AT5G07150	0	0	0	0	0	0
AT5G07152	18	8	19	15	5	22
AT5G07155	0	0	0	0	0	0
AT5G07160	0	0	0	0	0	0
AT5G07165	0	0	2	0	0	0
AT5G07170	0	0	0	1	1	0
AT5G07175	0	1	0	0	0	0
AT5G07180	383	144	303	209	431	341
AT5G07185	0	0	0	0	0	0
AT5G07190	0	0	0	0	0	0
AT5G07195	0	0	0	0	0	0
AT5G07200	1	1	3	0	0	0
AT5G07205	0	0	0	0	0	0
AT5G07210	0	0	0	0	0	0
AT5G07220	1316	1188	955	1031	1104	1531
AT5G07225	0	0	0	0	0	0
AT5G07230	0	0	0	0	0	0
AT5G07240	964	705	682	585	662	942
AT5G07250	234	156	189	219	167	179
AT5G07255	0	0	0	0	0	0
AT5G07260	0	0	0	0	0	0
AT5G07265	0	0	0	0	0	0
AT5G07270	822	379	608	669	466	616
AT5G07275	0	0	0	0	0	0
AT5G07280	88	32	80	91	136	152
AT5G07285	15	3	16	7	6	6
AT5G07290	968	237	735	737	618	709
AT5G07295	0	0	0	0	0	0
AT5G07300	1163	489	902	1048	948	1256
AT5G07310	0	0	0	1	0	0
AT5G07315	0	0	0	0	0	0
AT5G07320	232	121	197	203	187	199
AT5G07322	56	49	43	47	26	25
AT5G07325	4	7	3	2	2	0
AT5G07330	20	5	16	1	2	1
AT5G07335	0	0	0	0	0	0
AT5G07340	1248	754	974	1036	1172	1151
AT5G07345	0	0	0	0	0	0
AT5G07350	2364	1033	1899	2313	2912	2513
AT5G07355	0	0	0	0	0	0
AT5G07360	369	180	274	390	299	373
AT5G07365	0	0	0	0	0	0
AT5G07370	846	690	599	681	579	705
AT5G07380	31	4	16	9	9	23
AT5G07385	0	0	0	0	0	0
AT5G07390	3	0	3	1	0	0
AT5G07395	0	0	0	0	0	0
AT5G07400	62	44	59	80	90	87
AT5G07405	0	0	0	0	0	0
AT5G07410	0	0	0	0	0	0
AT5G07415	0	0	0	0	0	0
AT5G07420	0	0	0	0	0	0
AT5G07425	0	0	0	0	0	0
AT5G07430	0	1	0	4	4	2
AT5G07435	0	0	0	0	1	0
AT5G07440	6761	9757	5259	12257	7110	8905
AT5G07445	0	0	0	0	0	0
AT5G07450	1	0	0	2	0	2
AT5G07455	1	4	1	2	0	2
AT5G07460	417	552	333	376	759	531
AT5G07465	0	0	0	0	0	0
AT5G07470	1083	852	884	844	744	863
AT5G07475	21	4	14	2	4	9
AT5G07480	0	0	0	0	0	1
AT5G07485	0	0	0	0	0	0
AT5G07490	0	0	0	0	0	2
AT5G07495	0	0	0	0	0	0
AT5G07500	1	5	2	6	3	4
AT5G07510	0	2	2	1	0	0
AT5G07515	0	0	0	0	0	0
AT5G07520	0	0	1	0	0	0
AT5G07525	3	0	0	1	1	1
AT5G07530	0	0	0	0	0	0
AT5G07535	0	0	0	0	0	0
AT5G07540	0	0	0	0	0	0
AT5G07545	0	0	0	0	0	0
AT5G07550	2	0	0	4	1	0
AT5G07555	4	1	2	3	0	0
AT5G07560	17	15	11	14	16	22
AT5G07565	0	4	0	0	0	0
AT5G07570	23	8	29	39	64	101
AT5G07571	2	2	0	0	0	3
AT5G07572	0	0	0	1	1	0
AT5G07575	0	0	0	0	0	0
AT5G07580	687	1373	486	702	1018	1329
AT5G07585	0	0	0	0	0	0
AT5G07590	213	233	183	207	301	271
AT5G07595	0	0	0	0	0	0
AT5G07600	1	0	2	0	0	0
AT5G07605	0	0	0	0	0	0
AT5G07610	169	113	133	184	137	204
AT5G07615	0	0	0	0	0	0
AT5G07620	54	2	81	59	83	76
AT5G07625	0	0	0	0	0	0
AT5G07630	407	177	303	323	272	295
AT5G07635	0	0	0	0	0	0
AT5G07640	16	2	13	5	6	9
AT5G07650	1	1	4	1	1	0
AT5G07655	0	0	0	0	0	0
AT5G07660	74	19	55	90	93	108
AT5G07665	0	0	0	0	0	0
AT5G07670	274	183	153	265	215	255
AT5G07675	0	0	0	0	0	0
AT5G07680	38	24	36	52	66	51
AT5G07690	285	316	186	250	463	478
AT5G07695	0	0	0	0	0	0
AT5G07700	14	11	12	23	44	37
AT5G07705	0	0	0	0	0	0
AT5G07710	88	121	79	79	102	119
AT5G07715	0	0	0	0	0	0
AT5G07720	43	19	39	27	64	45
AT5G07725	0	12	4	9	6	11
AT5G07730	99	97	91	119	72	94
AT5G07735	1	1	5	0	2	0
AT5G07740	2089	492	1565	1765	1660	1847
AT5G07745	6	2	7	1	3	3
AT5G07760	2	6	10	12	21	14
AT5G07770	370	95	288	273	250	279
AT5G07775	0	0	0	0	0	0
AT5G07780	2	0	0	0	1	0
AT5G07785	0	0	0	0	0	0
AT5G07790	225	99	184	202	170	175
AT5G07795	0	0	0	0	0	0
AT5G07800	57	44	43	42	87	55
AT5G07805	0	0	0	0	0	0
AT5G07810	58	26	66	51	176	75
AT5G07815	0	0	0	0	0	0
AT5G07820	509	168	389	595	197	271
AT5G07825	0	0	0	0	0	0
AT5G07830	750	507	644	779	640	768
AT5G07835	0	0	0	0	0	0
AT5G07840	404	306	297	368	238	387
AT5G07845	0	0	0	0	0	0
AT5G07850	0	0	0	0	0	0
AT5G07855	0	0	0	0	0	0
AT5G07860	351	280	315	327	462	505
AT5G07865	0	0	0	0	0	0
AT5G07870	281	180	242	268	439	400
AT5G07875	0	0	0	0	0	0
AT5G07880	8	4	4	6	2	5
AT5G07885	9	5	4	0	3	2
AT5G07890	442	253	316	365	301	346
AT5G07895	8	1	6	2	2	0
AT5G07900	171	101	146	162	306	213
AT5G07905	0	0	0	0	0	0
AT5G07910	244	194	203	191	173	202
AT5G07915	0	0	0	0	0	0
AT5G07920	631	88	459	333	263	268
AT5G07925	0	0	0	0	0	0
AT5G07930	0	0	0	0	0	1
AT5G07935	0	0	0	0	0	0
AT5G07940	931	169	686	801	959	966
AT5G07945	0	0	0	0	0	0
AT5G07950	242	127	174	183	136	176
AT5G07955	2	2	1	0	0	0
AT5G07960	466	534	382	395	322	316
AT5G07965	0	0	0	0	0	0
AT5G07970	837	220	619	775	732	762
AT5G07975	0	0	0	0	0	0
AT5G07980	631	167	544	563	576	617
AT5G07985	0	0	0	0	0	0
AT5G07990	63	57	45	38	53	57
AT5G07995	0	0	0	0	0	0
AT5G08000	838	406	657	544	465	414
AT5G08005	0	0	0	0	1	1
AT5G08010	489	292	336	461	451	489
AT5G08015	0	0	0	0	0	0
AT5G08020	103	56	64	144	125	81
AT5G08025	0	0	0	0	0	0
AT5G08030	184	8	211	39	11	17
AT5G08035	0	0	0	0	0	0
AT5G08040	385	763	304	336	369	316
AT5G08045	0	0	0	0	0	0
AT5G08050	1300	3451	1057	1263	2268	2859
AT5G08055	0	0	0	0	0	0
AT5G08060	1467	1749	1245	1333	1478	1358
AT5G08065	0	0	0	0	0	0
AT5G08070	49	31	61	31	46	49
AT5G08075	0	0	0	0	0	0
AT5G08080	869	742	707	860	804	952
AT5G08085	0	0	0	0	0	0
AT5G08090	1	0	0	0	0	0
AT5G08095	0	0	0	0	0	0
AT5G08100	472	307	356	394	224	295
AT5G08105	0	0	0	0	0	0
AT5G08110	158	55	133	143	184	157
AT5G08115	0	0	0	0	0	0
AT5G08120	774	398	634	667	554	664
AT5G08125	0	0	0	0	0	0
AT5G08130	2793	629	2072	2154	1694	1825
AT5G08135	14	4	8	4	9	10
AT5G08139	180	107	151	167	153	174
AT5G08141	0	0	0	1	2	5
AT5G08150	56	123	28	38	35	99
AT5G08160	515	349	375	453	547	526
AT5G08165	0	0	0	0	0	0
AT5G08170	303	289	286	278	501	456
AT5G08175	0	0	0	0	0	0
AT5G08180	690	763	491	663	717	480
AT5G08185	35	4	9	9	1	4
AT5G08190	396	281	272	297	268	334
AT5G08195	0	0	0	0	0	0
AT5G08200	379	182	336	349	303	277
AT5G08205	0	0	0	0	0	0
AT5G08210	6	6	2	7	6	14
AT5G08215	0	0	0	0	0	0
AT5G08225	0	0	0	0	0	0
AT5G08230	606	103	415	470	531	665
AT5G08235	5	0	6	1	0	1
AT5G08240	192	43	114	187	32	41
AT5G08250	1	0	0	0	0	0
AT5G08255	0	0	0	0	0	0
AT5G08260	1705	413	1453	1158	854	802
AT5G08265	0	0	0	0	0	0
AT5G08270	105	78	87	89	120	93
AT5G08275	0	0	0	0	3	0
AT5G08280	4512	7118	3931	5644	8330	8967
AT5G08285	0	0	0	0	0	0
AT5G08290	1445	1748	993	1223	1066	1371
AT5G08300	740	765	682	755	1140	849
AT5G08305	63	19	53	47	35	34
AT5G08310	60	18	45	67	59	42
AT5G08315	0	0	0	0	0	0
AT5G08320	141	256	98	142	147	162
AT5G08330	1027	1382	795	997	846	1486
AT5G08335	126	96	111	120	118	127
AT5G08340	178	134	124	137	154	186
AT5G08350	0	0	0	0	0	0
AT5G08360	24	18	18	23	48	21
AT5G08370	527	337	432	393	491	488
AT5G08375	0	0	0	0	0	0
AT5G08380	792	259	696	478	362	323
AT5G08385	0	0	0	0	0	0
AT5G08390	377	54	310	366	325	365
AT5G08391	3	3	13	5	4	2
AT5G08395	0	0	0	0	0	0
AT5G08400	254	94	210	195	177	156
AT5G08410	721	918	540	618	337	504
AT5G08415	418	275	393	418	415	391
AT5G08420	1857	2104	1490	1854	2251	2271
AT5G08425	0	0	0	0	0	0
AT5G08430	530	294	391	401	326	468
AT5G08435	0	0	0	0	0	0
AT5G08440	412	87	323	369	363	373
AT5G08445	0	0	0	0	0	0
AT5G08450	3075	2841	2358	2336	2333	2635
AT5G08455	0	0	0	0	0	0
AT5G08460	2	0	6	4	3	2
AT5G08465	0	0	0	0	0	0
AT5G08470	714	344	576	725	830	884
AT5G08475	0	0	0	0	0	0
AT5G08480	0	0	0	0	0	0
AT5G08485	0	0	0	0	0	0
AT5G08490	34	4	31	34	24	14
AT5G08495	2	1	1	1	0	1
AT5G08500	857	164	705	507	486	516
AT5G08505	0	0	0	0	0	0
AT5G08510	143	49	97	109	67	79
AT5G08515	3	1	7	10	2	0
AT5G08520	1317	355	986	1208	953	1262
AT5G08525	6	8	3	4	2	1
AT5G08530	2892	2589	2308	2596	3278	3223
AT5G08535	154	157	95	121	103	136
AT5G08540	1435	1850	1170	1416	1746	1729
AT5G08550	411	108	341	472	488	474
AT5G08560	1414	584	1174	1344	1210	1197
AT5G08565	93	80	62	47	67	50
AT5G08570	1863	843	1662	1264	1744	1308
AT5G08575	0	0	0	0	0	0
AT5G08580	465	229	410	400	395	384
AT5G08585	0	0	0	0	0	0
AT5G08590	1845	1252	1367	1525	1194	1467
AT5G08595	0	0	0	0	0	0
AT5G08600	190	61	112	165	160	159
AT5G08605	0	0	0	0	0	0
AT5G08610	1543	673	1161	1506	2585	1843
AT5G08615	0	0	0	0	0	0
AT5G08620	478	280	367	525	556	565
AT5G08630	594	270	509	531	439	492
AT5G08635	0	0	0	0	0	0
AT5G08640	60	89	56	35	249	70
AT5G08645	0	0	0	0	0	0
AT5G08650	1701	1623	1365	1954	4110	4636
AT5G08655	0	0	0	0	1	0
AT5G08660	680	240	541	647	498	713
AT5G08665	0	1	1	0	0	0
AT5G08670	4936	3483	4289	4744	6284	5739
AT5G08675	0	0	0	0	0	0
AT5G08680	2519	1735	2109	2065	2795	2274
AT5G08685	0	0	0	0	0	0
AT5G08690	3164	2779	2499	2998	4429	3576
AT5G08695	0	0	0	0	0	0
AT5G08705	0	0	0	0	0	0
AT5G08710	218	92	154	168	193	174
AT5G08712	0	0	1	0	0	0
AT5G08715	0	0	0	0	0	0
AT5G08717	0	0	0	0	0	0
AT5G08720	512	499	425	535	1062	1143
AT5G08725	6	0	4	9	3	2
AT5G08730	0	2	0	0	1	0
AT5G08735	0	0	0	0	0	0
AT5G08740	586	551	447	568	871	928
AT5G08745	0	0	0	0	0	0
AT5G08750	364	195	286	314	258	304
AT5G08755	0	0	0	0	0	0
AT5G08760	1018	846	698	1059	652	730
AT5G08765	0	0	0	0	0	0
AT5G08770	239	212	199	215	179	249
AT5G08775	0	0	0	0	0	0
AT5G08780	280	117	195	258	187	237
AT5G08785	0	0	0	0	0	0
AT5G08790	1620	494	1270	1605	603	743
AT5G08800	0	0	0	0	0	0
AT5G08805	1	3	0	1	0	1
AT5G08810	0	0	0	2	2	0
AT5G08815	0	0	0	0	0	0
AT5G08820	0	0	0	0	0	0
AT5G08825	0	0	0	0	1	0
AT5G08830	0	0	0	0	0	0
AT5G08835	0	0	0	0	0	0
AT5G08840	0	1	0	1	2	0
AT5G08845	0	0	0	0	0	0
AT5G08850	0	0	0	0	0	0
AT5G08855	0	0	0	0	0	0
AT5G08860	0	0	0	0	0	0
AT5G08865	0	0	0	0	0	0
AT5G08870	0	0	0	0	0	0
AT5G08875	1	11	3	4	0	3
AT5G08880	0	0	0	0	0	0
AT5G08885	0	0	0	0	0	0
AT5G08890	0	0	0	0	0	0
AT5G08895	0	0	0	0	0	0
AT5G08900	0	0	0	0	0	0
AT5G08905	0	0	0	0	0	0
AT5G08910	0	0	0	0	0	0
AT5G08915	1	0	0	0	0	0
AT5G08920	0	0	0	0	0	0
AT5G08925	0	0	0	0	0	0
AT5G08930	0	2	0	0	0	0
AT5G08935	0	0	0	0	0	0
AT5G08940	0	0	0	0	0	0
AT5G08945	0	0	0	0	0	0
AT5G08950	0	0	0	0	0	0
AT5G08955	0	0	0	0	0	0
AT5G08960	0	0	0	0	0	0
AT5G08965	5	0	0	0	0	0
AT5G08970	0	0	0	0	0	0
AT5G08975	1	0	1	0	0	1
AT5G08980	0	0	0	0	0	0
AT5G08985	0	0	0	0	0	0
AT5G08990	15	2	10	19	1	2
AT5G08995	0	0	0	0	0	0
AT5G09000	0	0	0	0	0	0
AT5G09005	0	0	0	0	0	0
AT5G09010	0	0	0	0	0	0
AT5G09015	0	0	0	0	0	0
AT5G09020	0	0	0	0	1	0
AT5G09025	0	0	0	0	0	0
AT5G09030	0	0	0	0	0	0
AT5G09035	0	0	0	0	0	0
AT5G09040	0	0	0	0	0	0
AT5G09045	0	0	0	0	0	0
AT5G09050	0	0	0	0	0	0
AT5G09055	0	0	0	0	0	0
AT5G09060	0	0	0	0	1	0
AT5G09065	1	5	0	0	1	2
AT5G09070	0	0	0	0	0	0
AT5G09080	0	0	0	0	0	0
AT5G09085	0	0	0	0	0	0
AT5G09090	0	0	0	1	0	0
AT5G09095	0	0	0	0	0	0
AT5G09100	0	0	0	0	0	0
AT5G09105	0	0	0	0	0	0
AT5G09110	0	0	0	0	0	0
AT5G09120	0	0	0	0	0	0
AT5G09125	0	4	1	0	0	1
AT5G09130	0	0	0	0	0	0
AT5G09135	0	0	0	0	2	0
AT5G09140	0	0	0	0	0	0
AT5G09145	0	0	0	0	0	0
AT5G09150	0	0	0	0	0	0
AT5G09155	0	0	0	0	0	0
AT5G09160	0	0	0	0	0	1
AT5G09165	0	0	0	0	0	0
AT5G09170	0	0	0	0	0	0
AT5G09175	53	10	25	17	13	20
AT5G09185	0	0	0	0	0	0
AT5G09190	1	0	1	3	0	0
AT5G09195	0	0	3	1	0	1
AT5G09200	0	0	0	0	0	0
AT5G09205	0	0	0	0	0	0
AT5G09210	0	0	0	1	0	0
AT5G09215	0	0	0	0	0	0
AT5G09220	3907	1081	2930	3019	1953	2566
AT5G09225	281	333	229	215	167	210
AT5G09230	197	74	145	150	203	206
AT5G09235	2	0	0	0	0	0
AT5G09240	100	97	64	114	109	137
AT5G09245	0	0	0	0	0	0
AT5G09250	188	178	125	134	176	172
AT5G09255	0	0	0	0	0	0
AT5G09260	320	299	222	300	233	300
AT5G09265	0	0	0	0	0	0
AT5G09270	168	136	170	188	144	120
AT5G09275	0	0	4	0	0	1
AT5G09280	0	0	0	0	0	0
AT5G09285	0	0	0	0	0	0
AT5G09290	7	0	1	8	2	0
AT5G09295	22	19	12	20	10	10
AT5G09300	120	106	100	76	170	136
AT5G09305	0	0	0	0	0	0
AT5G09310	156	207	147	141	131	120
AT5G09315	104	101	61	100	104	123
AT5G09320	3	0	1	1	1	2
AT5G09325	3	0	2	2	0	1
AT5G09330	1625	494	1203	1886	1297	1342
AT5G09335	0	0	1	1	1	1
AT5G09340	0	0	0	0	0	0
AT5G09345	0	0	0	0	0	0
AT5G09350	267	144	193	258	233	280
AT5G09360	0	1	2	1	0	0
AT5G09365	0	0	0	0	0	0
AT5G09370	0	0	0	0	0	0
AT5G09375	0	0	0	0	0	0
AT5G09380	103	76	85	104	78	69
AT5G09385	3	7	5	6	2	6
AT5G09390	556	394	408	514	462	457
AT5G09395	0	0	0	0	0	0
AT5G09400	624	351	489	607	614	699
AT5G09405	0	0	0	0	0	0
AT5G09410	1385	513	1015	1096	1133	1395
AT5G09415	0	0	0	0	0	0
AT5G09420	290	101	184	208	205	184
AT5G09425	0	0	0	0	0	0
AT5G09430	6	3	5	4	3	0
AT5G09435	0	0	0	0	0	0
AT5G09440	1310	945	936	1174	690	933
AT5G09443	8	2	4	7	4	4
AT5G09445	0	0	0	0	0	0
AT5G09450	352	199	268	313	279	302
AT5G09455	0	0	0	0	0	0
AT5G09460	2392	656	1880	1796	1470	1555
AT5G09465	1	0	0	0	1	0
AT5G09470	136	0	84	24	1	3
AT5G09475	2	0	2	1	3	1
AT5G09480	66	0	56	13	9	14
AT5G09490	0	0	0	0	0	0
AT5G09495	0	0	0	0	0	0
AT5G09500	6	1	0	2	0	0
AT5G09505	2	0	0	0	0	0
AT5G09510	1750	2233	1380	1719	2045	1692
AT5G09515	0	0	0	0	0	0
AT5G09520	20	8	14	13	5	13
AT5G09530	240	48	176	64	54	71
AT5G09535	1	0	0	1	0	0
AT5G09540	52	40	38	48	36	59
AT5G09545	0	0	0	0	0	0
AT5G09550	0	0	0	0	0	0
AT5G09555	0	0	0	0	0	0
AT5G09560	0	0	0	0	0	0
AT5G09565	0	0	0	0	0	0
AT5G09570	201	36	161	42	26	22
AT5G09580	72	45	56	55	54	41
AT5G09585	1	2	0	1	2	4
AT5G09590	737	346	693	876	1400	896
AT5G09595	0	0	0	0	0	0
AT5G09600	19	16	12	26	24	11
AT5G09605	0	0	0	0	0	0
AT5G09610	3	0	0	0	0	0
AT5G09615	0	0	0	0	0	0
AT5G09620	2076	475	1619	1443	2129	1910
AT5G09630	116	64	90	99	93	113
AT5G09635	3	0	7	4	2	3
AT5G09640	1	0	0	0	0	0
AT5G09645	0	0	0	0	0	0
AT5G09650	2464	4947	1876	2763	5247	4953
AT5G09655	0	0	0	0	0	0
AT5G09660	6975	11983	5769	6640	9421	15393
AT5G09665	0	0	0	0	0	0
AT5G09670	770	395	551	653	641	962
AT5G09675	3	0	0	5	0	2
AT5G09680	262	311	286	310	291	361
AT5G09685	0	0	0	0	0	0
AT5G09690	124	88	109	90	92	93
AT5G09695	0	0	0	0	0	0
AT5G09700	1	2	2	3	7	1
AT5G09705	0	0	0	0	0	0
AT5G09711	1	0	0	3	0	5
AT5G09715	0	0	0	0	0	0
AT5G09720	1	0	0	0	1	0
AT5G09730	6	25	11	11	26	12
AT5G09735	0	0	0	0	0	0
AT5G09740	432	286	318	322	362	456
AT5G09750	0	0	0	0	2	1
AT5G09755	0	0	0	0	0	0
AT5G09760	360	302	289	312	580	423
AT5G09765	0	0	0	0	0	0
AT5G09770	456	384	376	444	371	389
AT5G09775	0	0	0	0	0	0
AT5G09780	1	0	0	2	0	0
AT5G09785	1	4	5	5	2	4
AT5G09790	198	103	109	125	208	201
AT5G09800	160	17	130	130	28	13
AT5G09805	25	32	21	18	19	22
AT5G09810	3647	2231	3016	3408	3653	3339
AT5G09815	0	0	0	0	0	0
AT5G09820	270	253	231	239	241	268
AT5G09825	0	0	0	0	0	0
AT5G09830	360	553	248	244	209	237
AT5G09835	0	0	0	0	0	0
AT5G09840	173	45	143	212	189	112
AT5G09845	0	0	0	0	0	0
AT5G09850	1567	816	1104	1153	1060	1220
AT5G09855	0	0	0	0	0	0
AT5G09860	661	450	472	614	676	675
AT5G09865	0	0	0	0	0	0
AT5G09870	1145	440	997	972	1665	1357
AT5G09875	0	0	0	0	0	0
AT5G09876	31	16	25	38	5	16
AT5G09880	2088	1196	1445	1412	1415	1559
AT5G09885	0	0	0	0	0	0
AT5G09890	858	472	642	799	907	941
AT5G09895	0	0	0	0	0	0
AT5G09900	1484	1427	1196	1355	2076	1948
AT5G09910	0	0	2	0	2	0
AT5G09915	0	0	0	0	0	0
AT5G09920	594	765	459	562	472	500
AT5G09925	0	0	0	0	0	0
AT5G09930	9	0	0	0	3	2
AT5G09940	0	0	0	0	0	0
AT5G09945	0	0	0	0	0	0
AT5G09950	25	6	35	19	27	17
AT5G09955	0	0	0	0	0	0
AT5G09960	612	687	439	550	514	586
AT5G09965	0	0	0	0	0	0
AT5G09970	63	48	59	78	73	57
AT5G09975	0	0	0	0	0	0
AT5G09976	20	10	9	13	1	4
AT5G09978	4	0	3	1	0	0
AT5G09980	6	3	7	6	2	6
AT5G09990	21	21	12	30	24	20
AT5G09995	194	219	125	221	190	201
AT5G10000	0	0	0	0	0	0
AT5G10010	1057	1045	846	972	1319	1165
AT5G10020	561	238	503	579	611	563
AT5G10030	574	252	363	477	505	619
AT5G10040	0	27	0	8	13	14
AT5G10050	325	298	253	266	245	299
AT5G10060	1628	462	1193	1230	1149	1154
AT5G10070	352	168	254	229	239	214
AT5G10080	192	67	145	143	133	92
AT5G10090	1	2	3	1	3	1
AT5G10100	96	27	80	39	77	41
AT5G10110	239	190	215	238	185	188
AT5G10120	4	0	7	0	0	1
AT5G10130	2	0	7	0	3	0
AT5G10140	35	18	21	20	9	14
AT5G10150	311	612	194	349	481	758
AT5G10160	502	683	426	731	780	681
AT5G10170	652	462	518	621	866	825
AT5G10180	1282	708	1051	1628	1487	1808
AT5G10190	436	191	333	347	269	295
AT5G10200	254	129	187	212	257	199
AT5G10210	6	13	7	14	7	11
AT5G10220	0	0	0	0	0	0
AT5G10230	7	0	3	4	1	0
AT5G10235	0	0	0	0	0	0
AT5G10240	365	236	267	386	586	487
AT5G10250	22	72	8	14	71	105
AT5G10260	28	28	24	38	35	18
AT5G10270	425	151	336	400	423	381
AT5G10278	1	0	2	0	2	3
AT5G10280	42	12	19	6	13	12
AT5G10290	660	513	506	584	578	681
AT5G10300	144	164	97	141	151	140
AT5G10310	101	82	82	60	83	73
AT5G10320	163	135	120	125	119	152
AT5G10330	98	135	85	84	140	142
AT5G10336	3	0	3	2	2	1
AT5G10340	7	4	5	7	0	5
AT5G10350	1005	1000	721	811	826	856
AT5G10360	6328	7454	4514	6807	7088	6725
AT5G10370	188	89	203	204	178	209
AT5G10380	353	133	233	505	175	204
AT5G10390	184	311	140	196	245	165
AT5G10400	245	605	234	340	528	450
AT5G10410	17	9	11	20	9	13
AT5G10420	0	0	0	0	0	0
AT5G10430	393	200	292	381	145	146
AT5G10435	0	0	0	0	0	0
AT5G10440	45	26	24	10	35	26
AT5G10450	7121	11187	5488	7750	5323	8053
AT5G10455	0	0	0	0	0	0
AT5G10460	391	486	327	365	356	511
AT5G10470	855	334	729	808	1529	1426
AT5G10480	1036	1174	891	828	1059	938
AT5G10490	1021	411	758	781	792	768
AT5G10500	0	0	0	0	0	0
AT5G10510	109	20	72	74	74	74
AT5G10520	68	67	57	88	82	78
AT5G10525	0	0	0	0	0	0
AT5G10530	0	0	0	0	0	0
AT5G10540	1414	882	1307	1570	1786	1929
AT5G10550	1609	420	1218	1230	965	1098
AT5G10560	994	610	890	1089	1116	1337
AT5G10570	37	40	35	43	39	67
AT5G10572	2	4	2	6	6	1
AT5G10580	20	8	14	15	4	8
AT5G10590	0	0	0	0	0	0
AT5G10600	8	7	4	2	0	0
AT5G10605	9	9	4	12	12	11
AT5G10610	300	172	208	234	225	297
AT5G10620	55	123	38	62	91	83
AT5G10625	47	53	48	29	43	55
AT5G10630	375	137	252	346	354	375
AT5G10650	394	108	326	294	204	186
AT5G10660	3	3	2	5	5	7
AT5G10680	3	6	0	5	3	11
AT5G10690	648	530	509	709	942	1048
AT5G10695	4	11	8	8	5	5
AT5G10700	83	130	72	113	135	105
AT5G10710	297	195	246	265	178	261
AT5G10720	1	3	12	2	0	3
AT5G10730	283	244	256	200	159	178
AT5G10740	430	94	377	297	170	221
AT5G10745	438	280	316	300	186	262
AT5G10750	458	219	345	284	241	296
AT5G10760	56	5	47	93	25	10
AT5G10770	461	144	367	249	250	341
AT5G10780	1630	1299	1209	1382	1223	1166
AT5G10790	283	190	243	269	195	235
AT5G10800	185	62	158	174	133	174
AT5G10810	226	211	198	231	174	211
AT5G10820	207	80	163	110	138	127
AT5G10830	157	96	134	108	86	105
AT5G10840	562	121	489	600	715	809
AT5G10860	6787	3472	5466	5796	2505	3520
AT5G10870	235	176	167	186	155	188
AT5G10880	5	4	2	12	14	9
AT5G10890	31	39	21	21	29	39
AT5G10900	100	95	80	120	202	190
AT5G10910	437	356	341	449	670	576
AT5G10920	686	618	555	696	1251	1088
AT5G10930	280	67	218	84	101	78
AT5G10940	867	316	722	728	673	798
AT5G10945	8	0	2	0	0	1
AT5G10946	90	29	104	53	28	19
AT5G10950	654	865	520	576	526	566
AT5G10960	1454	1211	1070	1175	884	1076
AT5G10965	50	32	29	33	36	36
AT5G10970	0	0	0	0	0	0
AT5G10980	2763	2393	2336	2195	2443	2420
AT5G10990	2	0	2	1	0	0
AT5G11000	494	526	321	517	390	481
AT5G11010	321	154	230	254	231	228
AT5G11020	141	93	98	79	100	161
AT5G11030	328	129	236	265	197	236
AT5G11040	761	278	615	725	687	783
AT5G11050	1	0	0	1	0	0
AT5G11060	1494	507	1138	914	723	962
AT5G11070	1311	1000	1080	852	535	986
AT5G11080	0	0	0	1	0	0
AT5G11090	2926	2126	2278	1922	1176	1374
AT5G11100	53	22	38	67	34	25
AT5G11110	259	89	203	244	204	225
AT5G11130	0	0	0	0	0	0
AT5G11140	18	7	23	62	0	3
AT5G11150	501	182	447	458	192	158
AT5G11160	79	267	75	88	280	226
AT5G11170	2270	1421	1664	1949	1897	1817
AT5G11180	3	0	2	0	0	0
AT5G11190	29	33	32	29	22	27
AT5G11200	1782	1361	1298	1561	1808	1468
AT5G11210	4	0	5	21	1	0
AT5G11220	0	0	0	0	0	0
AT5G11225	0	0	0	0	0	0
AT5G11230	48	45	29	35	40	49
AT5G11240	451	208	331	434	476	355
AT5G11250	376	111	260	479	293	425
AT5G11260	74	116	65	101	123	87
AT5G11270	537	664	395	555	756	798
AT5G11280	330	443	269	337	266	371
AT5G11290	1	0	2	0	5	1
AT5G11300	109	54	89	105	111	99
AT5G11310	213	102	152	190	145	152
AT5G11320	7	13	10	13	42	16
AT5G11325	0	0	0	0	0	0
AT5G11330	1284	813	875	958	1004	1122
AT5G11340	457	545	355	475	573	493
AT5G11350	535	165	419	488	388	442
AT5G11360	12	6	4	7	10	13
AT5G11370	0	0	0	0	0	0
AT5G11380	351	228	275	347	411	413
AT5G11390	497	265	426	402	384	425
AT5G11400	1	0	0	0	0	0
AT5G11410	31	56	12	27	55	45
AT5G11412	5	0	2	2	5	4
AT5G11416	3	3	3	4	2	7
AT5G11420	3377	2254	2910	2762	1879	2480
AT5G11425	0	0	0	0	0	0
AT5G11430	355	213	304	335	372	365
AT5G11440	1	0	0	0	0	0
AT5G11450	1071	1788	825	1112	2233	2125
AT5G11460	116	55	100	74	113	86
AT5G11470	89	42	74	86	85	101
AT5G11475	0	0	0	0	0	0
AT5G11480	1430	1797	1133	1451	2138	2193
AT5G11490	1473	642	1247	1444	1621	1754
AT5G11500	3026	3167	2254	3021	2664	3034
AT5G11510	192	60	140	191	363	294
AT5G11520	1746	1525	1429	1671	1771	1667
AT5G11530	670	223	572	615	702	813
AT5G11540	14	5	24	36	14	20
AT5G11550	765	423	554	432	374	345
AT5G11560	2536	1101	2160	2659	3190	2887
AT5G11565	0	0	0	0	0	0
AT5G11570	4	1	0	0	0	0
AT5G11580	1723	1353	1439	1657	1530	1850
AT5G11590	43	40	22	29	26	27
AT5G11600	424	266	367	327	190	289
AT5G11610	324	156	265	369	254	350
AT5G11620	11	8	3	11	11	20
AT5G11630	105	160	86	105	98	97
AT5G11640	377	482	292	412	393	404
AT5G11650	425	148	328	329	170	234
AT5G11660	0	0	0	0	0	0
AT5G11670	4139	2288	3351	4385	3822	3516
AT5G11680	786	622	620	665	827	890
AT5G11690	94	97	87	82	74	108
AT5G11700	1895	600	1463	1935	1654	2294
AT5G11710	1854	1229	1315	1780	2108	2350
AT5G11720	1130	779	886	1012	1377	1543
AT5G11730	337	168	287	237	172	193
AT5G11740	4522	3534	3615	3361	2476	2753
AT5G11750	118	105	99	132	127	102
AT5G11760	569	575	458	518	417	477
AT5G11770	2728	2388	2188	2239	2614	2391
AT5G11780	49	20	40	43	48	38
AT5G11790	929	396	656	639	628	540
AT5G11800	524	325	402	462	353	455
AT5G11810	467	538	392	439	477	547
AT5G11820	0	0	0	0	0	0
AT5G11830	0	0	0	0	0	0
AT5G11840	750	790	575	640	502	642
AT5G11850	1020	513	754	993	868	1045
AT5G11860	536	330	466	440	365	377
AT5G11870	7	7	5	6	5	12
AT5G11880	1204	805	1052	1167	1810	1621
AT5G11890	607	476	446	494	540	594
AT5G11900	868	493	612	632	535	455
AT5G11910	295	232	241	273	219	253
AT5G11920	5	14	4	11	28	14
AT5G11930	3	2	6	4	9	4
AT5G11940	0	0	0	0	0	0
AT5G11950	594	517	511	479	435	461
AT5G11960	605	535	510	583	477	548
AT5G11970	34	21	18	18	15	12
AT5G11975	0	0	0	0	0	0
AT5G11977	0	0	0	0	0	0
AT5G11980	557	382	469	548	573	579
AT5G11990	7	14	14	14	14	12
AT5G12000	0	0	0	0	0	0
AT5G12010	412	219	334	277	276	308
AT5G12020	4	17	2	23	4	4
AT5G12030	5	31	15	15	9	14
AT5G12040	1123	637	889	1031	1127	1016
AT5G12043	0	0	0	0	0	0
AT5G12050	519	493	453	566	636	815
AT5G12060	0	0	0	0	0	0
AT5G12070	0	0	0	0	0	0
AT5G12080	378	194	295	307	462	294
AT5G12090	0	0	0	0	0	0
AT5G12100	321	75	206	246	155	195
AT5G12110	189	212	184	266	295	230
AT5G12120	1117	235	960	1194	1377	1733
AT5G12130	624	723	518	578	939	840
AT5G12140	2139	1967	1486	1496	1312	1487
AT5G12150	3153	1588	2382	2946	3449	3774
AT5G12170	588	292	501	481	384	452
AT5G12180	3	2	3	5	8	2
AT5G12190	340	400	239	258	283	215
AT5G12200	946	362	854	882	554	648
AT5G12210	730	386	602	642	465	514
AT5G12220	270	168	228	282	268	200
AT5G12230	1110	717	757	888	760	1037
AT5G12235	10	5	6	9	3	3
AT5G12236	0	0	0	0	0	0
AT5G12240	347	409	284	271	282	306
AT5G12250	5646	3092	4482	5210	3458	3792
AT5G12260	303	117	249	291	242	238
AT5G12270	9	4	6	6	5	4
AT5G12280	12	4	13	1	4	7
AT5G12290	519	305	358	398	403	457
AT5G12300	96	58	72	96	115	80
AT5G12310	621	423	411	448	442	518
AT5G12320	214	229	142	181	140	176
AT5G12330	58	22	41	38	36	25
AT5G12340	6	3	1	7	1	0
AT5G12350	1227	354	854	964	942	1092
AT5G12360	50	65	31	45	62	65
AT5G12370	2030	1058	1534	1802	1832	2185
AT5G12380	1	0	0	0	0	0
AT5G12390	173	188	118	154	105	153
AT5G12400	964	343	759	808	858	1060
AT5G12410	812	619	592	705	725	729
AT5G12420	116	65	68	52	90	77
AT5G12430	830	276	708	972	1031	1244
AT5G12440	929	344	642	678	665	884
AT5G12450	8	11	3	4	7	1
AT5G12460	2	0	0	0	0	0
AT5G12470	634	1429	574	854	1761	1820
AT5G12480	1200	633	794	1015	886	988
AT5G12840	731	356	554	461	416	494
AT5G12850	794	402	695	859	1002	1015
AT5G12860	2449	2445	2019	2448	3980	3408
AT5G12870	28	13	30	38	26	17
AT5G12880	18	12	21	27	15	7
AT5G12890	381	267	327	298	322	321
AT5G12900	397	110	286	252	277	310
AT5G12910	0	0	0	0	0	0
AT5G12920	38	20	22	37	42	31
AT5G12930	144	58	142	166	186	147
AT5G12940	378	96	252	306	77	83
AT5G12950	1572	821	1335	1257	1621	1700
AT5G12960	3	1	2	2	2	8
AT5G12970	34	7	20	25	40	18
AT5G12980	160	199	146	143	173	206
AT5G12990	0	0	0	0	0	0
AT5G13000	1815	398	1617	1905	2776	2741
AT5G13010	2593	1181	2059	2475	2149	2561
AT5G13020	1860	1019	1381	1570	1243	1576
AT5G13030	1274	880	1071	1410	1783	1764
AT5G13050	448	254	357	350	303	302
AT5G13060	106	69	69	144	150	129
AT5G13070	425	269	333	382	256	243
AT5G13080	20	12	11	101	8	13
AT5G13090	394	685	280	392	370	470
AT5G13100	956	596	712	760	469	629
AT5G13110	701	276	589	542	665	625
AT5G13120	1497	2651	1188	1556	2568	2429
AT5G13130	5	4	1	1	1	2
AT5G13140	1600	1573	1268	1369	1643	1899
AT5G13150	2	0	4	0	2	0
AT5G13160	740	576	542	608	504	651
AT5G13170	32	71	22	22	96	46
AT5G13180	1829	1716	1369	1447	1410	1779
AT5G13181	1	3	2	1	3	2
AT5G13190	737	484	562	607	260	364
AT5G13200	237	54	180	124	92	74
AT5G13210	64	25	50	35	53	43
AT5G13220	60	33	33	89	50	61
AT5G13225	0	0	0	0	0	0
AT5G13230	18	2	23	29	14	20
AT5G13240	1002	728	824	903	632	741
AT5G13250	10	3	9	16	8	12
AT5G13260	951	605	785	776	930	920
AT5G13270	187	78	138	140	165	175
AT5G13280	1023	761	804	1023	1068	1120
AT5G13290	140	29	85	72	54	46
AT5G13295	0	0	0	0	0	0
AT5G13300	1508	446	1045	1220	1075	1138
AT5G13310	240	139	203	197	133	214
AT5G13320	15	4	12	26	12	13
AT5G13330	228	67	188	172	91	122
AT5G13340	494	429	302	322	211	282
AT5G13350	0	0	0	0	0	0
AT5G13360	234	162	216	222	317	271
AT5G13370	669	346	550	402	570	579
AT5G13380	0	0	0	0	0	0
AT5G13390	1252	419	1038	958	903	909
AT5G13400	266	373	214	283	642	551
AT5G13410	962	858	724	882	686	964
AT5G13420	897	938	751	1004	1991	1282
AT5G13430	1047	1050	862	917	1116	1038
AT5G13440	1530	1029	1350	1252	1467	1322
AT5G13450	4696	5444	3505	3944	4811	4376
AT5G13460	686	243	470	567	440	516
AT5G13470	161	182	124	108	88	116
AT5G13480	570	177	437	481	623	468
AT5G13490	458	335	367	431	515	375
AT5G13500	490	330	356	488	374	384
AT5G13510	1098	2815	916	1155	1855	1894
AT5G13520	385	194	295	309	459	325
AT5G13530	859	123	760	826	720	811
AT5G13550	595	222	468	376	496	474
AT5G13560	1441	957	1208	1392	1631	1530
AT5G13565	0	0	0	0	0	0
AT5G13570	516	271	408	486	412	535
AT5G13580	41	4	18	2	8	4
AT5G13590	1342	418	997	1286	1383	1746
AT5G13600	0	0	1	4	0	1
AT5G13610	213	111	148	207	214	205
AT5G13620	0	0	0	0	0	0
AT5G13630	10108	18535	8573	11533	40551	54126
AT5G13640	956	548	800	794	950	1241
AT5G13650	3739	3127	3028	4118	6918	7832
AT5G13660	287	60	193	210	171	197
AT5G13670	0	0	0	0	0	0
AT5G13680	724	265	546	695	635	648
AT5G13690	892	236	781	777	702	824
AT5G13700	45	16	18	32	17	19
AT5G13710	2614	3197	2080	3060	2825	3965
AT5G13720	689	849	554	550	613	723
AT5G13730	786	697	589	805	750	1031
AT5G13740	427	373	340	378	855	482
AT5G13750	357	112	292	197	161	194
AT5G13760	393	292	339	449	375	537
AT5G13770	1003	2402	852	1091	2512	4325
AT5G13780	1093	1052	772	1119	1167	1170
AT5G13790	78	23	54	60	64	37
AT5G13800	1524	495	1246	1243	683	831
AT5G13810	705	347	528	611	410	520
AT5G13820	388	52	275	289	107	82
AT5G13825	0	0	0	0	0	0
AT5G13830	43	26	21	43	45	38
AT5G13840	403	211	297	344	440	357
AT5G13845	0	0	0	0	0	0
AT5G13850	1305	1246	996	1312	1172	1238
AT5G13860	126	70	117	120	126	124
AT5G13870	192	67	165	123	62	83
AT5G13880	87	31	40	44	31	29
AT5G13887	0	5	4	0	1	1
AT5G13890	279	169	208	215	273	221
AT5G13900	8	2	1	1	4	1
AT5G13910	6	2	5	0	1	1
AT5G13920	64	60	42	40	43	49
AT5G13930	431	620	306	145	1929	799
AT5G13940	0	0	2	2	1	0
AT5G13950	1445	585	1169	1595	1536	2263
AT5G13960	183	100	151	230	182	187
AT5G13970	349	236	312	308	340	389
AT5G13980	3413	1980	2576	2951	3044	3538
AT5G13990	17	17	16	12	7	2
AT5G14000	64	69	72	112	100	43
AT5G14010	0	0	0	0	0	0
AT5G14020	0	0	0	0	0	1
AT5G14030	1882	2003	1514	1730	2010	1582
AT5G14035	0	0	0	0	0	0
AT5G14040	3396	2099	2804	2958	3922	3050
AT5G14050	731	541	550	803	867	707
AT5G14060	1528	1279	1406	1377	1764	2334
AT5G14070	5	12	6	14	11	8
AT5G14080	310	180	276	359	305	404
AT5G14090	498	185	339	276	341	393
AT5G14100	137	121	112	142	189	166
AT5G14105	133	202	128	154	146	108
AT5G14110	13	49	10	26	22	39
AT5G14120	2827	3683	2272	4831	4528	6648
AT5G14130	4	0	1	1	2	1
AT5G14140	86	83	101	103	121	121
AT5G14150	2	2	3	1	0	1
AT5G14160	0	1	0	0	0	0
AT5G14170	1338	807	1064	1372	1215	1438
AT5G14180	60	85	45	107	18	95
AT5G14200	1600	3059	1267	1598	3894	3737
AT5G14210	852	417	671	806	785	902
AT5G14220	1047	655	748	794	975	1050
AT5G14230	166	22	139	144	104	100
AT5G14240	690	735	604	734	597	761
AT5G14250	708	521	542	611	511	547
AT5G14260	2166	2791	1690	2340	3157	3888
AT5G14270	1425	398	1135	1246	723	951
AT5G14275	0	0	0	0	0	0
AT5G14280	37	45	29	41	45	44
AT5G14285	195	94	164	154	143	106
AT5G14290	0	0	0	0	0	0
AT5G14300	0	0	0	0	0	0
AT5G14310	351	97	239	310	252	284
AT5G14320	6593	12911	5169	7040	8510	9596
AT5G14330	414	34	274	76	63	50
AT5G14340	0	0	2	0	0	0
AT5G14345	0	0	0	0	0	0
AT5G14350	61	36	22	33	34	47
AT5G14360	36	19	12	25	21	19
AT5G14370	1328	866	1053	977	822	894
AT5G14380	9	9	5	1	10	11
AT5G14390	800	566	669	650	468	673
AT5G14400	16	13	11	4	4	4
AT5G14410	204	404	179	174	203	280
AT5G14420	685	475	549	596	655	692
AT5G14430	1819	1592	1422	1643	1799	2483
AT5G14440	808	1422	616	631	563	585
AT5G14450	385	287	310	244	360	388
AT5G14460	793	764	667	807	1389	1308
AT5G14470	13	40	8	47	30	51
AT5G14480	194	91	137	179	122	149
AT5G14490	0	0	0	0	10	8
AT5G14495	0	0	0	0	0	0
AT5G14500	373	202	231	257	231	220
AT5G14510	19	4	14	29	15	9
AT5G14515	0	0	0	0	0	0
AT5G14520	1637	814	1326	1783	2014	1581
AT5G14530	202	151	162	181	165	165
AT5G14540	1372	672	1073	1366	1741	1861
AT5G14545	0	0	0	0	0	0
AT5G14550	1330	588	1057	752	376	476
AT5G14560	1	0	1	0	0	0
AT5G14565	28	4	19	16	12	37
AT5G14570	1623	1172	1240	783	1179	1374
AT5G14580	212	72	181	264	351	213
AT5G14590	1273	689	878	1013	1142	1059
AT5G14600	147	134	105	132	141	123
AT5G14602	0	0	1	0	0	0
AT5G14610	349	154	286	298	326	320
AT5G14620	376	152	323	318	276	405
AT5G14640	737	224	549	344	643	413
AT5G14650	73	33	50	32	50	29
AT5G14660	403	1130	358	449	1134	1055
AT5G14670	0	0	0	0	0	0
AT5G14680	432	259	313	320	233	327
AT5G14690	66	56	46	45	54	50
AT5G14700	140	70	126	123	75	56
AT5G14710	199	158	197	172	163	170
AT5G14720	2424	905	2008	2556	2283	2708
AT5G14730	120	170	96	167	165	191
AT5G14740	13794	25812	10848	15832	24863	34537
AT5G14750	18	19	23	14	23	16
AT5G14760	111	77	88	65	181	151
AT5G14770	193	49	150	189	194	198
AT5G14780	12350	4083	9790	10853	4964	6643
AT5G14790	341	231	292	305	335	371
AT5G14800	1594	1002	1282	1548	1388	1263
AT5G14820	0	0	0	1	1	1
AT5G14850	312	107	210	226	184	223
AT5G14860	1	1	7	3	1	3
AT5G14870	18	0	11	8	10	13
AT5G14880	568	187	507	378	319	459
AT5G14890	31	25	37	17	28	32
AT5G14895	10	7	4	9	6	7
AT5G14900	1	0	0	2	2	0
AT5G14910	2631	4882	2291	3149	3131	3385
AT5G14920	11850	2281	10904	10059	3355	3739
AT5G14930	568	318	373	636	405	436
AT5G14940	155	76	110	108	130	164
AT5G14950	924	341	776	906	1116	1192
AT5G14960	92	45	77	77	56	42
AT5G14970	1746	2073	1255	1842	1740	2387
AT5G14980	0	0	0	0	0	0
AT5G14990	0	0	0	0	0	0
AT5G14995	0	0	0	0	0	0
AT5G15000	0	0	0	0	0	0
AT5G15008	0	0	1	0	0	0
AT5G15010	95	52	69	93	70	96
AT5G15020	1635	331	1208	1397	1513	1614
AT5G15022	8	9	9	3	2	8
AT5G15025	67	112	75	61	90	66
AT5G15030	0	0	0	0	0	0
AT5G15040	0	0	0	0	0	0
AT5G15050	240	187	223	242	316	249
AT5G15060	1	0	0	2	1	0
AT5G15070	598	61	422	142	139	147
AT5G15080	587	319	401	448	336	469
AT5G15090	1472	2068	1225	1373	2309	1755
AT5G15100	0	4	3	1	1	3
AT5G15110	0	0	0	0	0	0
AT5G15120	224	358	173	216	630	481
AT5G15130	11	1	10	7	1	0
AT5G15140	4	2	5	1	4	6
AT5G15150	275	83	181	257	123	172
AT5G15160	124	94	78	139	82	57
AT5G15170	331	154	211	286	188	282
AT5G15175	0	0	0	0	0	0
AT5G15180	23	3	13	4	5	8
AT5G15190	131	20	105	41	7	13
AT5G15200	3211	5086	2644	3603	3936	3771
AT5G15210	469	558	425	432	521	547
AT5G15220	290	314	246	213	216	237
AT5G15230	5334	1124	4456	2938	959	1013
AT5G15240	41	30	36	42	33	18
AT5G15250	1	1	1	2	0	4
AT5G15260	425	177	321	335	200	261
AT5G15265	26	2	13	16	3	3
AT5G15270	899	378	675	748	639	849
AT5G15280	281	219	274	345	329	455
AT5G15290	3	0	1	0	0	4
AT5G15300	54	20	49	37	39	36
AT5G15310	545	633	375	317	481	671
AT5G15320	760	1171	584	651	747	693
AT5G15330	217	280	159	258	261	372
AT5G15340	14	4	23	17	24	32
AT5G15350	1580	2677	1223	1823	2470	2480
AT5G15360	1	10	0	0	9	11
AT5G15380	1	3	1	2	3	5
AT5G15390	351	392	288	336	435	434
AT5G15400	1133	461	969	1107	1197	1196
AT5G15410	1871	987	1528	1777	1286	1933
AT5G15420	0	0	0	0	0	0
AT5G15430	6	3	2	0	1	8
AT5G15440	273	251	211	256	246	285
AT5G15450	1050	924	930	953	2892	2561
AT5G15460	304	217	216	199	141	203
AT5G15470	506	234	391	456	417	423
AT5G15480	0	0	0	0	0	0
AT5G15490	741	315	662	658	854	621
AT5G15500	234	3	161	18	6	6
AT5G15510	163	151	115	159	238	211
AT5G15520	143	188	128	157	148	103
AT5G15530	445	459	402	491	506	530
AT5G15533	0	0	0	0	0	0
AT5G15537	97	28	90	71	50	88
AT5G15540	903	306	809	849	804	867
AT5G15550	493	294	409	494	545	373
AT5G15560	0	0	0	0	0	0
AT5G15570	347	243	275	266	241	300
AT5G15580	1610	403	1283	1550	983	1200
AT5G15581	0	0	0	0	0	0
AT5G15600	17	90	26	13	49	51
AT5G15610	1101	853	900	1109	1147	1130
AT5G15620	0	0	0	0	0	0
AT5G15630	121	51	91	46	68	89
AT5G15640	305	105	194	233	268	191
AT5G15650	2760	1217	2110	2156	1735	1447
AT5G15660	10	1	7	2	0	0
AT5G15670	0	0	0	0	0	0
AT5G15680	1166	263	973	1184	1184	1247
AT5G15685	0	0	0	0	0	0
AT5G15690	0	0	0	0	0	0
AT5G15700	362	130	244	364	336	255
AT5G15710	205	118	148	181	92	164
AT5G15720	33	28	19	28	44	59
AT5G15725	0	0	0	0	0	0
AT5G15730	679	283	531	606	405	489
AT5G15740	553	216	404	357	419	424
AT5G15745	0	0	0	0	0	0
AT5G15750	304	283	297	307	304	292
AT5G15760	99	111	71	88	112	111
AT5G15770	0	0	0	0	0	0
AT5G15780	4085	3623	3481	3406	6716	6055
AT5G15790	178	99	139	110	138	131
AT5G15800	0	4	1	0	2	2
AT5G15802	151	314	133	166	180	185
AT5G15805	0	0	0	0	0	0
AT5G15810	880	434	654	812	925	727
AT5G15815	0	0	0	0	0	0
AT5G15820	45	40	46	37	53	50
AT5G15830	26	119	31	72	107	123
AT5G15833	0	0	0	0	0	0
AT5G15840	49	2	38	38	19	21
AT5G15843	0	0	0	0	0	0
AT5G15845	14	2	1	6	4	7
AT5G15850	0	0	0	0	0	0
AT5G15853	0	0	0	0	0	0
AT5G15860	372	271	292	247	278	362
AT5G15870	411	130	396	529	279	268
AT5G15880	558	369	441	538	460	597
AT5G15890	7	1	3	3	1	3
AT5G15900	14	3	12	3	15	8
AT5G15910	137	200	142	118	236	230
AT5G15920	327	157	248	303	372	329
AT5G15930	387	244	319	346	304	367
AT5G15940	3	5	2	4	12	5
AT5G15950	396	132	318	219	354	328
AT5G15960	105	23	52	19	17	17
AT5G15970	2546	184	1920	689	116	148
AT5G15980	286	114	254	317	445	240
AT5G16000	760	353	601	473	408	533
AT5G16010	1007	1080	768	1088	1284	1471
AT5G16020	2	0	0	0	0	0
AT5G16023	1	0	3	12	0	0
AT5G16030	4797	9134	3733	5350	3903	6412
AT5G16040	293	200	260	244	298	216
AT5G16050	1609	1591	1260	1409	1422	1476
AT5G16060	286	235	192	267	213	206
AT5G16070	1196	928	903	1150	1255	1123
AT5G16080	51	19	42	22	28	41
AT5G16090	0	0	0	0	2	2
AT5G16100	0	0	0	0	0	0
AT5G16110	4239	3127	3204	4023	1891	3656
AT5G16120	801	574	650	734	630	846
AT5G16130	3295	4395	2510	3354	4672	3805
AT5G16140	192	300	163	173	265	330
AT5G16150	2664	1780	2137	2431	1799	2395
AT5G16160	43	66	32	40	45	41
AT5G16170	33	12	12	47	26	17
AT5G16180	681	526	521	661	933	1003
AT5G16190	52	41	51	78	115	107
AT5G16200	277	163	148	137	69	82
AT5G16210	1235	386	973	1082	1146	1372
AT5G16220	960	258	790	948	795	906
AT5G16230	21	3	18	15	13	20
AT5G16235	3	0	1	3	0	0
AT5G16240	246	212	220	230	264	285
AT5G16250	654	752	551	621	916	778
AT5G16260	755	506	579	690	621	747
AT5G16270	1196	320	1031	1139	1159	1351
AT5G16280	1142	270	967	1089	1161	1194
AT5G16285	0	0	0	0	0	0
AT5G16290	645	394	537	594	716	741
AT5G16300	913	326	798	1006	978	911
AT5G16310	250	183	205	203	196	231
AT5G16320	184	125	147	130	145	146
AT5G16330	0	0	0	0	0	0
AT5G16340	42	38	34	35	51	56
AT5G16350	47	34	21	32	97	86
AT5G16360	69	14	75	36	24	24
AT5G16370	978	1336	798	1285	1015	1449
AT5G16375	0	0	0	0	0	0
AT5G16380	278	124	236	206	88	113
AT5G16390	2168	2423	1819	2201	3039	3390
AT5G16400	930	2652	796	1146	1892	2788
AT5G16410	28	59	45	68	30	103
AT5G16420	99	38	78	94	54	57
AT5G16430	0	0	0	1	0	0
AT5G16440	897	1147	639	779	861	934
AT5G16450	281	230	250	193	161	183
AT5G16453	0	0	0	0	0	0
AT5G16460	0	0	2	0	0	0
AT5G16470	1366	1820	1077	1283	1094	1248
AT5G16480	278	429	187	287	197	345
AT5G16486	6	2	5	1	3	6
AT5G16490	43	28	51	26	27	40
AT5G16500	0	0	0	0	0	0
AT5G16510	347	317	369	345	426	347
AT5G16520	375	234	277	304	248	322
AT5G16530	44	13	39	6	8	16
AT5G16540	515	562	356	412	454	646
AT5G16550	466	382	403	364	311	414
AT5G16560	579	290	445	391	618	751
AT5G16570	33	17	22	22	8	26
AT5G16580	0	1	0	0	0	0
AT5G16590	531	383	389	546	692	812
AT5G16600	80	7	40	33	23	29
AT5G16610	526	206	391	417	379	400
AT5G16620	2346	1972	1938	2577	3714	3343
AT5G16630	572	305	449	458	438	597
AT5G16640	26	9	28	32	34	35
AT5G16650	608	722	419	663	535	748
AT5G16660	1992	1902	1688	1853	1256	1483
AT5G16680	1221	298	894	1007	975	1161
AT5G16690	90	59	68	92	91	94
AT5G16700	0	0	0	0	0	0
AT5G16710	2167	3105	1817	2076	2948	3259
AT5G16715	1722	1091	1301	1567	2932	2706
AT5G16720	413	577	371	498	450	657
AT5G16730	3176	1972	2415	2771	2488	3136
AT5G16740	0	0	1	0	0	0
AT5G16750	548	331	423	631	638	557
AT5G16760	588	414	458	465	547	619
AT5G16770	2	0	0	0	0	2
AT5G16780	3059	2844	2212	2433	2004	2497
AT5G16790	41	44	50	68	51	44
AT5G16800	429	364	337	457	383	470
AT5G16810	329	400	236	390	486	631
AT5G16820	478	214	408	442	380	428
AT5G16830	1110	723	853	926	832	1024
AT5G16840	623	451	554	533	599	562
AT5G16850	12	4	14	6	11	13
AT5G16860	45	28	48	56	31	47
AT5G16870	147	196	118	136	151	190
AT5G16880	2496	1879	1996	2243	1812	2268
AT5G16890	224	76	156	175	163	162
AT5G16900	0	0	1	2	1	0
AT5G16910	721	210	615	765	665	703
AT5G16920	1	0	1	0	0	0
AT5G16930	209	52	195	173	283	199
AT5G16940	68	49	41	54	47	56
AT5G16950	135	106	89	122	81	71
AT5G16960	31	4	18	8	8	9
AT5G16970	1498	1494	1285	943	1869	1650
AT5G16980	139	146	126	62	179	180
AT5G16990	364	253	314	259	301	289
AT5G17000	409	210	337	198	271	263
AT5G17010	267	136	224	218	264	242
AT5G17020	1691	567	1421	1659	1947	1846
AT5G17030	0	1	0	0	0	1
AT5G17040	3	3	6	2	4	6
AT5G17050	151	232	132	108	229	205
AT5G17060	210	91	173	158	154	114
AT5G17070	316	242	222	254	314	357
AT5G17080	0	0	0	0	0	0
AT5G17090	0	0	0	0	1	0
AT5G17100	0	0	0	0	0	0
AT5G17110	0	0	0	0	0	0
AT5G17120	0	0	0	0	0	0
AT5G17130	0	0	0	0	0	0
AT5G17140	0	0	0	0	0	0
AT5G17150	6	2	5	2	4	6
AT5G17160	331	359	283	362	886	547
AT5G17165	41	32	17	10	9	12
AT5G17167	1	0	0	0	0	1
AT5G17170	1516	1915	1235	1302	1552	2119
AT5G17180	0	0	0	0	0	0
AT5G17190	521	489	417	369	267	276
AT5G17200	0	0	0	0	0	0
AT5G17210	72	26	57	43	48	30
AT5G17220	2	23	6	0	31	24
AT5G17230	3015	3337	2392	2414	3498	4340
AT5G17240	139	48	125	106	108	94
AT5G17250	164	62	130	129	157	142
AT5G17260	13	10	8	15	11	27
AT5G17270	422	170	358	388	422	404
AT5G17280	0	0	0	0	0	0
AT5G17290	271	353	248	306	296	430
AT5G17300	32	171	41	68	199	336
AT5G17305	0	0	0	0	0	0
AT5G17310	552	680	433	512	947	970
AT5G17320	0	0	0	0	1	0
AT5G17330	239	98	211	274	163	177
AT5G17340	20	0	35	2	0	0
AT5G17345	0	0	0	0	0	0
AT5G17350	211	102	188	174	24	75
AT5G17360	23	8	11	14	5	14
AT5G17370	124	50	71	84	77	55
AT5G17380	857	585	701	858	863	745
AT5G17390	7	2	8	6	7	7
AT5G17400	409	317	309	366	304	473
AT5G17410	457	220	279	335	374	351
AT5G17420	181	37	131	140	172	163
AT5G17430	1	0	0	0	0	0
AT5G17440	934	487	708	714	558	675
AT5G17450	248	165	183	150	140	184
AT5G17460	442	23	366	122	62	69
AT5G17470	0	0	0	0	0	0
AT5G17480	0	0	0	0	0	0
AT5G17490	46	48	43	52	43	61
AT5G17500	0	0	0	0	0	0
AT5G17510	775	176	683	701	689	703
AT5G17520	446	206	346	257	196	206
AT5G17522	0	0	0	0	0	0
AT5G17523	0	0	0	0	0	0
AT5G17530	543	313	460	435	719	623
AT5G17540	24	9	14	18	22	18
AT5G17550	397	610	339	354	410	473
AT5G17560	494	723	366	471	531	587
AT5G17570	74	31	63	36	56	70
AT5G17580	121	81	69	55	57	102
AT5G17590	0	0	0	0	0	0
AT5G17600	199	191	148	135	182	177
AT5G17610	283	281	223	257	151	201
AT5G17620	286	238	215	202	206	236
AT5G17630	265	212	256	278	422	306
AT5G17640	378	334	284	362	354	504
AT5G17650	214	199	172	159	188	128
AT5G17660	242	248	167	140	277	274
AT5G17670	319	779	212	309	592	778
AT5G17680	34	9	34	36	14	11
AT5G17690	532	258	402	408	324	437
AT5G17700	124	117	145	95	268	224
AT5G17710	1392	1779	1109	1599	2415	2276
AT5G17720	0	0	0	0	0	0
AT5G17730	0	0	0	0	0	0
AT5G17740	0	0	0	0	0	0
AT5G17750	0	0	0	0	0	0
AT5G17760	532	135	428	415	247	236
AT5G17770	2212	2433	1681	2131	2231	1982
AT5G17780	57	51	54	64	82	76
AT5G17790	491	279	456	403	801	577
AT5G17800	5	2	12	0	8	9
AT5G17810	0	2	0	0	5	0
AT5G17820	41	5	46	16	3	4
AT5G17830	13	3	18	9	12	2
AT5G17840	349	404	297	296	333	347
AT5G17847	0	0	1	0	1	0
AT5G17850	232	25	189	81	31	43
AT5G17860	881	165	715	562	246	302
AT5G17870	1052	3661	819	1136	1426	1664
AT5G17880	478	252	318	411	616	715
AT5G17890	1609	1235	1159	1321	1462	1643
AT5G17900	829	762	754	767	568	727
AT5G17910	1126	489	850	1092	793	954
AT5G17920	18133	13187	16255	18208	33894	25105
AT5G17930	699	398	619	767	632	616
AT5G17950	0	0	0	0	0	0
AT5G17960	0	0	0	1	0	0
AT5G17970	1	0	0	2	0	1
AT5G17980	90	55	77	70	148	114
AT5G17990	896	699	738	952	1185	1002
AT5G18000	3	0	0	0	1	0
AT5G18005	0	0	0	0	0	0
AT5G18010	18	4	18	34	12	11
AT5G18015	0	0	0	0	0	0
AT5G18020	89	73	79	100	73	75
AT5G18030	70	46	50	66	42	37
AT5G18037	0	0	1	0	0	0
AT5G18040	118	98	95	96	105	136
AT5G18050	57	46	44	77	26	34
AT5G18060	23	47	22	39	16	25
AT5G18065	53	47	50	47	36	40
AT5G18070	140	91	119	145	128	126
AT5G18080	88	100	75	98	59	62
AT5G18085	0	0	0	0	0	0
AT5G18090	9	4	4	11	5	4
AT5G18100	763	617	529	565	480	569
AT5G18110	1316	958	983	1151	927	1267
AT5G18120	305	239	217	233	188	226
AT5G18130	1366	366	1112	1235	282	494
AT5G18140	700	676	522	663	738	1113
AT5G18150	0	0	0	0	0	0
AT5G18160	0	0	0	0	0	0
AT5G18170	1822	1726	1333	2007	1198	2272
AT5G18180	11	6	6	9	7	7
AT5G18190	1418	753	1078	1254	1231	1414
AT5G18200	367	187	316	234	291	335
AT5G18210	139	134	149	126	81	100
AT5G18220	19	7	14	19	11	6
AT5G18230	2425	1195	1973	2323	2889	2977
AT5G18240	18	1	9	12	7	18
AT5G18245	161	109	126	100	69	97
AT5G18250	159	149	142	159	121	130
AT5G18255	124	93	94	129	96	89
AT5G18260	58	58	64	54	31	54
AT5G18270	44	21	40	36	41	35
AT5G18280	662	374	498	559	476	609
AT5G18290	137	52	101	56	47	53
AT5G18300	51	9	40	19	13	17
AT5G18310	1222	807	991	1167	797	878
AT5G18320	7	13	5	6	6	5
AT5G18330	0	0	0	0	0	0
AT5G18340	29	36	22	52	35	45
AT5G18350	0	0	0	3	0	0
AT5G18360	113	36	74	88	107	91
AT5G18370	155	40	118	113	109	96
AT5G18380	1907	2773	1400	1959	1926	1890
AT5G18390	105	89	95	106	95	144
AT5G18400	893	583	632	771	653	478
AT5G18403	0	0	0	0	0	0
AT5G18404	2	4	1	0	3	8
AT5G18407	0	0	0	0	0	0
AT5G18410	842	391	655	779	1147	1174
AT5G18420	419	308	332	392	439	402
AT5G18430	105	109	112	70	93	92
AT5G18440	393	151	330	488	433	368
AT5G18450	0	0	0	0	0	0
AT5G18460	779	376	605	535	677	737
AT5G18470	144	34	103	163	21	23
AT5G18475	85	34	70	65	92	125
AT5G18480	656	369	508	623	500	546
AT5G18490	616	216	494	653	361	461
AT5G18500	1185	994	873	1257	1189	1510
AT5G18510	2	0	0	2	0	2
AT5G18520	1131	706	1035	1072	1148	1021
AT5G18525	878	185	787	804	450	623
AT5G18540	364	235	224	263	116	102
AT5G18550	627	209	391	369	359	360
AT5G18560	4	1	0	0	1	3
AT5G18570	746	835	649	769	1902	1717
AT5G18580	960	661	678	766	765	907
AT5G18590	1666	874	1199	1332	1319	1611
AT5G18600	731	1077	546	915	638	1016
AT5G18610	785	424	520	553	438	565
AT5G18620	1106	580	845	1137	1168	1226
AT5G18630	1083	674	861	1179	705	1080
AT5G18636	2	0	2	1	0	3
AT5G18640	1003	336	761	884	445	651
AT5G18650	2313	1901	1798	2450	1679	2525
AT5G18660	933	2269	738	1126	2961	2852
AT5G18661	0	0	1	0	0	0
AT5G18670	223	384	138	378	429	566
AT5G18680	961	566	756	779	837	1009
AT5G18690	249	138	160	125	148	140
AT5G18700	246	143	245	294	659	478
AT5G18705	0	0	0	0	0	0
AT5G18710	13	2	4	9	8	10
AT5G18720	2	0	0	3	2	0
AT5G18730	5	6	5	7	2	3
AT5G18735	0	0	0	0	0	0
AT5G18740	9	1	5	6	9	5
AT5G18748	0	0	0	0	0	0
AT5G18750	272	98	225	282	257	257
AT5G18755	0	0	0	0	0	0
AT5G18760	492	263	450	498	444	473
AT5G18770	178	64	146	130	56	106
AT5G18780	100	39	94	77	54	43
AT5G18790	93	149	76	84	71	67
AT5G18800	678	993	539	605	508	605
AT5G18810	20	18	20	20	22	22
AT5G18820	230	182	166	226	379	269
AT5G18830	603	189	450	433	484	481
AT5G18840	23	24	16	36	27	43
AT5G18850	168	177	111	186	113	135
AT5G18860	266	61	215	252	210	222
AT5G18870	0	0	0	0	0	0
AT5G18880	0	0	0	0	0	0
AT5G18890	0	0	0	0	1	0
AT5G18900	526	278	439	347	280	270
AT5G18910	2	0	1	0	0	0
AT5G18920	70	81	41	55	58	51
AT5G18930	43	45	47	73	57	41
AT5G18933	0	0	0	0	0	0
AT5G18937	0	0	0	0	0	0
AT5G18940	665	503	470	497	381	448
AT5G18950	150	103	122	123	109	137
AT5G18960	509	210	465	586	642	752
AT5G18970	104	84	77	63	81	76
AT5G18980	374	114	300	355	323	390
AT5G18990	0	0	0	0	0	0
AT5G19000	512	457	482	433	416	567
AT5G19010	1263	351	1051	1169	1149	1231
AT5G19020	180	24	120	142	94	63
AT5G19025	47	29	67	43	45	44
AT5G19030	151	208	128	150	119	133
AT5G19040	22	2	16	3	8	7
AT5G19050	303	155	249	234	234	291
AT5G19060	45	21	25	42	32	40
AT5G19070	270	155	205	195	170	189
AT5G19080	243	116	177	226	136	207
AT5G19090	2094	545	1633	1405	1333	1369
AT5G19095	0	0	0	0	0	0
AT5G19100	6	10	3	7	13	17
AT5G19110	39	13	27	21	15	18
AT5G19120	1529	2236	1306	2231	1228	1885
AT5G19130	418	175	293	341	370	354
AT5G19140	8033	7750	6388	5947	4754	7997
AT5G19150	468	366	374	408	352	437
AT5G19151	53	41	60	60	43	60
AT5G19160	150	31	108	108	43	53
AT5G19170	47	97	56	45	55	56
AT5G19172	0	0	0	0	0	0
AT5G19175	0	0	0	0	0	0
AT5G19180	1015	617	734	907	887	1032
AT5G19190	1004	2661	735	1163	2441	3414
AT5G19200	139	108	98	122	102	150
AT5G19210	239	154	195	185	298	320
AT5G19220	2403	3165	1976	2315	3628	4940
AT5G19221	25	2	23	12	10	14
AT5G19230	651	559	522	1124	456	486
AT5G19240	3041	555	2398	2814	442	567
AT5G19250	3081	2462	2622	2730	3763	3365
AT5G19260	101	174	92	116	111	158
AT5G19270	0	0	0	0	0	0
AT5G19280	491	256	370	415	414	479
AT5G19290	1053	1075	791	734	1088	951
AT5G19300	365	308	265	332	360	252
AT5G19310	511	399	417	447	551	480
AT5G19315	0	0	0	0	0	0
AT5G19320	353	238	352	406	344	296
AT5G19330	2761	1163	2120	2552	1675	2282
AT5G19340	199	280	155	204	240	248
AT5G19350	800	433	576	707	774	807
AT5G19360	2	0	0	0	0	3
AT5G19370	934	793	745	945	1172	1112
AT5G19380	221	87	182	182	165	155
AT5G19390	1365	634	1014	1228	1391	1689
AT5G19400	1648	449	1333	1669	1584	1665
AT5G19410	13	4	7	4	2	1
AT5G19420	477	97	316	353	346	395
AT5G19430	1036	338	826	550	344	446
AT5G19440	1280	710	1038	975	1146	965
AT5G19450	1484	821	1089	1216	1235	1302
AT5G19460	277	276	221	240	265	257
AT5G19470	1	0	0	0	0	0
AT5G19473	5	0	1	0	0	0
AT5G19480	644	633	459	582	428	480
AT5G19485	421	252	342	340	369	367
AT5G19490	19	8	16	11	17	17
AT5G19500	169	164	137	94	234	264
AT5G19510	3732	4096	3099	3783	3644	3315
AT5G19520	18	2	21	21	13	8
AT5G19530	644	479	484	894	598	723
AT5G19540	1748	1310	1489	1957	2059	1989
AT5G19550	1839	2175	1502	2034	3698	2692
AT5G19560	1	4	3	2	3	3
AT5G19570	213	353	180	147	138	168
AT5G19580	134	61	93	88	73	90
AT5G19590	1693	1488	1328	1292	1120	1182
AT5G19595	0	0	0	0	0	0
AT5G19600	278	139	154	262	265	267
AT5G19610	0	0	0	0	0	0
AT5G19620	565	319	526	586	952	792
AT5G19630	200	205	161	133	140	151
AT5G19633	0	0	0	0	0	0
AT5G19640	0	0	0	0	0	0
AT5G19650	24	18	26	10	16	9
AT5G19660	611	249	447	575	526	623
AT5G19670	145	106	99	124	105	160
AT5G19675	0	0	0	0	0	0
AT5G19680	370	249	327	377	282	335
AT5G19690	1355	690	1174	1383	1426	1273
AT5G19700	0	1	0	1	0	0
AT5G19710	0	0	0	0	0	0
AT5G19720	0	1	0	0	0	0
AT5G19730	185	67	136	119	188	121
AT5G19740	217	115	156	133	179	208
AT5G19750	278	369	243	271	567	379
AT5G19760	2782	4610	2310	2921	4142	4573
AT5G19770	1907	2533	1591	2048	2348	2800
AT5G19780	1794	1465	1469	2000	1844	2070
AT5G19790	7	0	11	6	0	0
AT5G19800	13	3	14	2	0	1
AT5G19810	10	7	7	8	3	0
AT5G19820	2197	985	1826	2460	2607	2823
AT5G19830	76	54	54	48	76	84
AT5G19840	190	40	134	158	102	96
AT5G19850	181	221	154	147	282	251
AT5G19855	750	1535	594	709	1099	1363
AT5G19860	1809	1587	1420	1744	987	1273
AT5G19870	13	7	8	13	11	12
AT5G19875	36	23	47	14	29	18
AT5G19880	3	0	1	3	0	0
AT5G19890	1	0	0	0	0	0
AT5G19900	882	325	711	639	689	754
AT5G19910	342	262	206	222	233	233
AT5G19920	156	51	125	161	156	136
AT5G19930	141	86	93	141	84	102
AT5G19940	4558	6443	3676	4395	4004	6343
AT5G19950	313	146	270	256	203	277
AT5G19960	282	188	200	233	257	279
AT5G19970	33	20	23	19	20	26
AT5G19980	254	137	265	263	226	246
AT5G19990	826	1054	676	944	1216	1131
AT5G20000	382	359	335	339	552	394
AT5G20010	6657	6011	5056	5026	5356	4912
AT5G20020	2730	3537	2037	2551	2994	2537
AT5G20030	105	64	61	81	49	99
AT5G20040	434	588	279	383	644	547
AT5G20045	4	0	1	0	0	0
AT5G20050	567	706	407	637	748	819
AT5G20060	388	700	349	364	549	564
AT5G20070	440	357	295	360	684	592
AT5G20080	1347	1207	1128	1286	1581	1266
AT5G20090	546	884	442	516	553	568
AT5G20100	0	0	0	0	1	0
AT5G20110	181	191	142	169	126	169
AT5G20120	197	221	185	171	163	242
AT5G20130	471	578	349	382	521	493
AT5G20140	714	719	550	606	968	1019
AT5G20150	8956	368	6914	4329	265	479
AT5G20160	541	634	438	681	589	481
AT5G20165	234	256	201	188	147	147
AT5G20170	333	176	251	310	318	365
AT5G20180	192	282	171	166	178	171
AT5G20190	2200	1383	1936	1532	1326	1507
AT5G20200	711	296	572	663	848	816
AT5G20220	61	29	48	49	106	72
AT5G20225	5	2	10	10	11	10
AT5G20230	888	744	556	1599	619	780
AT5G20240	4	15	1	31	12	24
AT5G20250	6363	7523	5216	17723	11174	20961
AT5G20260	1	0	3	3	2	0
AT5G20270	437	358	332	343	543	559
AT5G20280	4220	1027	3489	3176	2542	2868
AT5G20290	7289	10867	5801	8737	11056	9178
AT5G20300	793	504	705	837	736	891
AT5G20310	0	0	0	1	0	0
AT5G20320	650	158	571	446	354	504
AT5G20330	0	0	0	0	0	0
AT5G20340	0	0	0	0	0	0
AT5G20350	1437	815	1130	1329	1047	1430
AT5G20360	446	191	360	361	385	424
AT5G20370	0	0	3	0	0	0
AT5G20380	594	523	445	462	637	629
AT5G20390	0	0	0	0	0	0
AT5G20400	573	220	404	324	279	255
AT5G20410	1053	55	798	285	71	105
AT5G20420	52	4	48	25	24	44
AT5G20430	1	4	0	0	2	0
AT5G20440	0	0	0	0	0	0
AT5G20447	0	0	0	0	0	0
AT5G20450	217	69	121	151	121	163
AT5G20460	0	0	0	0	0	0
AT5G20470	1	0	2	3	0	0
AT5G20480	210	98	167	218	263	267
AT5G20490	1483	216	1152	1463	1699	1866
AT5G20500	1409	1932	1047	1271	1227	1385
AT5G20510	276	164	188	176	215	178
AT5G20520	800	604	671	842	536	747
AT5G20540	214	147	149	134	235	165
AT5G20550	3	0	0	2	4	1
AT5G20560	0	0	0	0	0	0
AT5G20570	706	840	542	719	590	665
AT5G20580	312	124	248	246	205	238
AT5G20590	647	272	476	542	518	485
AT5G20600	497	489	380	589	557	629
AT5G20610	901	420	810	874	756	891
AT5G20620	1259	610	1023	1142	1067	920
AT5G20630	16199	3635	13983	11972	5333	4188
AT5G20635	120	101	75	67	61	75
AT5G20640	10	7	4	5	5	5
AT5G20650	149	221	154	136	117	131
AT5G20660	1849	1286	1458	1737	1333	1633
AT5G20670	5	0	6	10	7	0
AT5G20680	498	175	400	409	410	391
AT5G20690	0	0	0	0	0	0
AT5G20700	13199	3398	9748	7671	5840	4806
AT5G20710	13	0	8	6	2	1
AT5G20720	5081	13328	3964	6083	13448	10467
AT5G20730	1289	248	1080	1212	1155	1178
AT5G20740	157	178	128	132	201	152
AT5G20790	3259	123	2599	1194	24	109
AT5G20810	2	4	4	2	1	3
AT5G20820	4	12	1	10	17	15
AT5G20830	280	350	216	264	673	576
AT5G20840	1274	703	1018	1138	1314	1553
AT5G20850	27	29	28	26	54	47
AT5G20852	0	0	0	0	0	0
AT5G20854	0	0	0	0	0	0
AT5G20856	0	0	0	0	0	0
AT5G20858	0	0	0	0	0	0
AT5G20860	6	2	7	2	4	4
AT5G20870	23	15	14	18	11	16
AT5G20885	150	118	98	99	75	63
AT5G20890	2134	1363	1655	2256	2629	2204
AT5G20900	1393	652	1104	1040	961	1138
AT5G20910	307	210	208	268	258	275
AT5G20920	882	880	749	935	1107	974
AT5G20930	394	157	355	392	360	359
AT5G20935	103	177	113	105	119	146
AT5G20940	5	5	3	5	2	3
AT5G20950	2144	933	1779	1826	1638	1688
AT5G20960	332	271	262	390	846	671
AT5G20970	48	94	71	77	111	88
AT5G20980	227	170	206	268	453	366
AT5G20990	1602	855	1184	1345	1439	1567
AT5G20995	0	0	0	0	0	0
AT5G21010	291	180	274	247	253	285
AT5G21020	3518	3181	2843	2908	1557	2257
AT5G21030	1	0	0	1	3	1
AT5G21040	533	383	350	445	387	412
AT5G21050	5	1	4	8	3	8
AT5G21060	475	367	312	409	466	460
AT5G21070	275	181	213	226	142	150
AT5G21080	2	0	1	1	0	0
AT5G21090	5198	3595	4179	4366	3845	3791
AT5G21100	689	427	593	463	875	638
AT5G21105	1685	1024	1440	1719	2073	2144
AT5G21120	5	3	1	1	1	0
AT5G21125	0	0	0	0	0	0
AT5G21130	0	2	3	0	0	0
AT5G21140	55	42	35	64	55	54
AT5G21150	4	4	3	10	10	4
AT5G21160	2301	1272	1889	2942	2439	3175
AT5G21170	2257	2496	1806	2647	1561	3012
AT5G21222	879	552	703	974	1123	1444
AT5G21274	1115	1364	944	1122	976	997
AT5G21280	72	67	49	42	127	101
AT5G21326	729	832	547	759	1125	1184
AT5G21378	0	0	0	0	0	0
AT5G21430	661	1143	517	611	814	1127
AT5G21482	168	110	135	92	138	138
AT5G21900	64	40	34	50	61	34
AT5G21910	20	21	26	14	12	17
AT5G21920	842	1364	724	855	1599	1696
AT5G21930	1367	888	1112	1805	1776	2905
AT5G21940	650	1029	445	963	510	674
AT5G21950	44	45	22	40	24	36
AT5G21960	1	6	2	11	1	0
AT5G21970	200	91	157	153	114	122
AT5G21990	1016	648	743	974	890	1093
AT5G22000	2709	1001	2176	2558	1817	2205
AT5G22010	583	341	526	604	704	695
AT5G22020	459	247	331	257	256	254
AT5G22030	771	267	487	573	521	533
AT5G22040	428	266	327	380	400	503
AT5G22050	660	451	549	624	481	661
AT5G22060	909	662	723	1308	1472	1251
AT5G22070	480	189	395	403	334	340
AT5G22080	1703	1521	1305	1520	1101	1422
AT5G22090	2368	1386	1952	1911	2598	2978
AT5G22100	288	118	210	254	276	194
AT5G22110	87	36	58	87	70	80
AT5G22120	428	306	326	293	251	357
AT5G22130	125	59	82	125	145	88
AT5G22140	43	28	18	30	48	47
AT5G22145	0	0	0	0	0	0
AT5G22150	0	0	0	0	0	0
AT5G22160	0	0	0	0	0	0
AT5G22170	0	0	0	0	0	0
AT5G22180	0	0	0	0	0	0
AT5G22190	0	0	0	0	0	0
AT5G22200	5	4	3	3	2	7
AT5G22210	178	280	135	165	132	164
AT5G22220	181	81	129	146	147	114
AT5G22240	11	7	6	3	8	5
AT5G22250	363	159	323	409	51	117
AT5G22260	0	0	0	0	0	0
AT5G22270	393	519	342	373	235	327
AT5G22280	596	550	533	483	477	560
AT5G22290	535	182	390	280	193	233
AT5G22300	89	111	54	139	116	153
AT5G22310	299	346	253	499	226	371
AT5G22315	0	0	0	2	0	0
AT5G22320	698	519	563	616	600	462
AT5G22330	418	308	354	449	511	531
AT5G22340	1113	1426	841	1175	1624	1765
AT5G22350	691	504	575	669	587	630
AT5G22355	3	0	4	2	1	1
AT5G22360	461	575	360	453	378	531
AT5G22370	271	173	175	209	204	200
AT5G22380	13	0	8	16	2	0
AT5G22390	49	363	42	60	190	275
AT5G22400	219	167	165	215	229	246
AT5G22410	7	0	10	0	0	2
AT5G22420	0	0	0	0	0	0
AT5G22430	1	8	1	0	8	2
AT5G22440	993	1139	679	1108	1399	1095
AT5G22450	1971	647	1495	1616	1392	1644
AT5G22460	116	36	99	95	42	66
AT5G22470	6	0	12	0	0	1
AT5G22480	287	167	218	286	339	267
AT5G22490	3	0	1	0	0	0
AT5G22500	1607	123	1600	2090	470	389
AT5G22505	0	0	0	0	0	0
AT5G22510	1385	847	1048	1194	1454	1723
AT5G22520	30	4	24	79	5	5
AT5G22530	9	5	8	15	2	0
AT5G22540	4	0	5	11	1	0
AT5G22545	0	1	0	1	0	0
AT5G22550	10	2	5	8	3	3
AT5G22555	0	0	0	0	0	0
AT5G22560	0	0	1	0	0	0
AT5G22570	4	0	7	10	1	0
AT5G22580	2695	1544	2046	2061	957	1020
AT5G22590	0	0	0	0	0	0
AT5G22600	0	0	0	0	0	0
AT5G22608	12	15	12	8	9	11
AT5G22610	0	0	0	0	0	0
AT5G22620	827	697	646	689	928	1074
AT5G22630	473	163	377	270	185	201
AT5G22640	5291	7632	3984	5225	7598	7834
AT5G22650	3965	2097	3178	3864	4052	2973
AT5G22660	0	0	2	0	0	2
AT5G22670	0	0	0	1	0	0
AT5G22680	0	1	1	1	0	0
AT5G22690	863	155	599	787	209	323
AT5G22700	558	184	437	451	347	461
AT5G22720	0	0	2	0	0	0
AT5G22730	157	164	142	151	134	192
AT5G22740	881	362	637	748	622	670
AT5G22750	119	42	140	126	141	162
AT5G22760	994	234	854	949	885	905
AT5G22765	0	0	0	0	0	0
AT5G22770	795	333	659	718	776	880
AT5G22780	713	389	666	660	820	824
AT5G22785	0	0	0	0	0	0
AT5G22788	20	3	5	9	4	3
AT5G22790	211	108	197	213	233	198
AT5G22791	0	0	1	1	0	0
AT5G22794	72	4	61	69	62	57
AT5G22796	77	16	49	84	48	52
AT5G22799	43	0	18	23	18	22
AT5G22800	1175	948	1003	1249	3458	3212
AT5G22810	0	2	0	0	0	0
AT5G22820	194	112	174	153	157	185
AT5G22830	767	513	696	803	1163	1088
AT5G22840	266	148	232	278	266	221
AT5G22850	627	337	428	509	370	531
AT5G22860	394	108	317	364	239	228
AT5G22870	12	21	12	13	19	15
AT5G22875	388	422	272	358	280	310
AT5G22880	1499	2338	1183	1668	1846	1827
AT5G22890	29	11	21	29	31	22
AT5G22900	0	0	0	0	0	0
AT5G22910	0	0	0	0	0	0
AT5G22920	1131	1842	888	3501	1338	2229
AT5G22930	62	20	52	47	49	42
AT5G22940	407	284	341	401	309	372
AT5G22950	673	523	515	506	457	461
AT5G22960	0	0	0	0	0	0
AT5G22970	0	0	0	0	0	0
AT5G22980	0	0	0	0	0	0
AT5G22990	0	0	0	0	0	0
AT5G23000	9	4	2	9	13	7
AT5G23010	4529	5549	3756	4714	8362	8920
AT5G23020	908	268	880	740	616	533
AT5G23030	3	0	0	0	0	1
AT5G23035	0	0	0	0	0	0
AT5G23040	2494	3676	1966	2630	2604	2856
AT5G23050	1710	342	1273	1219	443	566
AT5G23060	4226	8073	3326	3576	9803	12269
AT5G23065	0	0	0	2	0	1
AT5G23070	305	254	225	252	575	372
AT5G23080	1014	369	828	1006	746	934
AT5G23090	304	211	183	260	194	254
AT5G23100	177	168	130	109	162	150
AT5G23110	1218	214	950	1070	1108	1392
AT5G23115	0	1	0	0	0	0
AT5G23120	4217	5171	3486	5257	7117	9227
AT5G23130	228	123	166	276	182	231
AT5G23140	390	431	365	422	479	457
AT5G23150	1003	168	816	891	883	1029
AT5G23155	18	11	23	23	14	13
AT5G23160	3	1	1	0	0	0
AT5G23170	51	13	23	30	22	18
AT5G23180	0	0	0	0	0	0
AT5G23190	11	3	19	2	13	8
AT5G23200	249	188	231	289	285	262
AT5G23210	1613	956	1357	1296	1628	1921
AT5G23212	0	0	0	0	0	0
AT5G23220	18	0	11	9	0	1
AT5G23230	0	0	0	0	0	0
AT5G23240	2655	34	2002	2114	37	76
AT5G23250	426	277	352	383	434	365
AT5G23260	1	0	1	0	1	1
AT5G23270	11	8	12	12	19	21
AT5G23280	868	382	714	632	745	1021
AT5G23290	377	432	227	379	345	357
AT5G23300	418	294	279	313	429	276
AT5G23310	939	977	720	790	1430	1034
AT5G23320	28	17	32	40	24	33
AT5G23330	291	253	193	260	280	328
AT5G23340	374	283	284	307	284	396
AT5G23350	26	34	25	119	40	53
AT5G23360	51	74	32	93	54	65
AT5G23370	13	20	16	20	30	21
AT5G23380	302	175	215	237	132	194
AT5G23390	633	186	542	584	541	599
AT5G23395	357	351	228	382	277	300
AT5G23400	285	106	234	225	326	280
AT5G23405	310	229	179	242	223	194
AT5G23410	99	64	67	73	52	77
AT5G23411	0	0	0	0	0	0
AT5G23420	404	550	322	525	447	381
AT5G23430	482	134	425	448	325	371
AT5G23440	385	514	356	381	317	373
AT5G23450	1811	846	1408	1614	1460	1822
AT5G23460	102	90	106	80	45	60
AT5G23470	0	0	0	0	0	0
AT5G23480	50	33	41	59	74	73
AT5G23490	347	104	288	279	240	285
AT5G23510	366	189	291	375	238	272
AT5G23520	391	139	253	242	196	228
AT5G23530	76	99	82	73	143	145
AT5G23535	374	439	282	341	416	270
AT5G23540	1398	1744	1070	1244	1695	1469
AT5G23550	286	170	224	216	173	179
AT5G23570	515	159	368	389	288	299
AT5G23575	1741	474	1500	1496	867	897
AT5G23580	199	173	199	192	263	268
AT5G23590	504	410	395	470	272	481
AT5G23600	0	0	0	0	0	0
AT5G23610	1074	722	860	1022	741	959
AT5G23630	1378	414	1238	1267	1308	1361
AT5G23650	0	0	0	0	0	0
AT5G23660	1268	444	1119	926	449	509
AT5G23665	0	0	0	0	0	0
AT5G23670	1659	862	1171	1556	1267	1575
AT5G23680	217	182	174	134	145	152
AT5G23690	264	117	200	209	161	187
AT5G23700	25	34	15	25	28	36
AT5G23710	0	0	0	0	0	0
AT5G23720	309	143	271	250	269	278
AT5G23730	29	82	28	21	108	103
AT5G23740	2399	4139	1819	2425	3044	2500
AT5G23750	249	203	195	176	184	197
AT5G23760	245	809	162	194	247	278
AT5G23770	45	42	32	45	65	66
AT5G23780	29	22	12	16	17	25
AT5G23790	0	1	5	0	1	0
AT5G23800	84	29	55	72	64	59
AT5G23810	133	52	117	113	97	122
AT5G23820	1163	2927	982	1358	3062	2323
AT5G23830	15	2	22	5	4	1
AT5G23840	8	0	4	0	0	0
AT5G23850	234	80	177	181	137	130
AT5G23860	1260	1081	1044	1326	1336	1261
AT5G23870	527	171	385	439	184	275
AT5G23880	386	191	332	436	516	444
AT5G23890	2276	1240	1911	2066	2615	2944
AT5G23900	1977	2620	1477	2434	2360	2214
AT5G23903	0	0	0	0	0	0
AT5G23908	0	0	0	0	0	0
AT5G23910	162	115	141	185	411	308
AT5G23920	658	462	514	477	583	513
AT5G23930	27	19	16	25	28	13
AT5G23940	435	638	430	447	1185	1163
AT5G23950	19	0	9	18	3	5
AT5G23960	0	0	0	0	0	0
AT5G23970	0	0	0	0	0	0
AT5G23980	90	13	79	59	29	29
AT5G23990	6	3	21	10	12	8
AT5G24000	205	158	148	165	227	233
AT5G24010	308	195	285	254	364	389
AT5G24020	391	519	316	426	496	402
AT5G24030	742	506	567	638	911	959
AT5G24040	1	0	0	1	0	0
AT5G24050	0	0	0	0	0	0
AT5G24060	1515	503	1067	1376	1129	1197
AT5G24070	3	0	1	0	0	0
AT5G24080	1	0	2	1	0	0
AT5G24090	15	20	16	14	22	10
AT5G24100	0	0	0	2	0	0
AT5G24105	19	20	11	23	19	22
AT5G24110	252	0	158	225	6	2
AT5G24120	151	366	150	140	397	538
AT5G24130	2	2	4	0	0	4
AT5G24140	9	8	15	8	7	9
AT5G24150	61	81	52	27	310	235
AT5G24155	14	16	6	13	17	14
AT5G24160	398	234	349	564	545	406
AT5G24165	2207	4215	1688	1828	2213	2571
AT5G24170	100	103	64	72	63	73
AT5G24180	0	0	3	0	0	0
AT5G24190	0	0	0	0	0	0
AT5G24200	18	7	21	26	16	11
AT5G24205	44	25	22	49	56	69
AT5G24206	9	10	10	21	31	18
AT5G24210	489	398	451	1047	534	729
AT5G24215	10	22	1	4	8	22
AT5G24220	2	1	2	4	4	3
AT5G24230	13	7	1	24	22	12
AT5G24240	6	0	6	6	4	3
AT5G24260	407	327	330	465	718	642
AT5G24270	130	113	88	108	65	124
AT5G24275	1	1	0	1	1	0
AT5G24280	158	107	132	142	523	349
AT5G24290	121	60	93	79	137	101
AT5G24300	1260	1456	939	1316	2043	2363
AT5G24310	128	36	108	87	94	110
AT5G24313	5	0	6	0	0	0
AT5G24314	1219	2747	949	1199	1892	1947
AT5G24316	1	0	0	0	0	0
AT5G24318	94	73	60	93	76	92
AT5G24320	353	153	267	322	283	363
AT5G24330	38	16	19	34	36	19
AT5G24340	321	98	242	246	248	276
AT5G24350	874	108	689	823	780	830
AT5G24352	46	29	28	41	27	34
AT5G24355	4	5	12	7	1	2
AT5G24360	458	197	378	424	441	542
AT5G24370	0	0	0	0	0	0
AT5G24380	934	231	682	518	468	476
AT5G24390	59	12	70	66	34	25
AT5G24400	818	617	710	724	762	680
AT5G24410	0	0	3	0	0	1
AT5G24420	51	214	33	87	188	254
AT5G24430	398	214	317	300	338	464
AT5G24440	0	0	0	0	0	0
AT5G24450	906	401	726	815	757	965
AT5G24460	648	528	589	654	489	560
AT5G24470	1744	343	1282	2151	442	587
AT5G24480	0	0	0	0	0	0
AT5G24490	13440	12312	10818	17514	7467	13777
AT5G24500	531	663	415	437	440	499
AT5G24510	8	3	5	11	2	7
AT5G24520	535	481	415	533	526	696
AT5G24530	209	53	136	182	91	77
AT5G24540	0	0	0	0	0	0
AT5G24550	0	0	0	0	0	0
AT5G24560	0	0	0	0	0	0
AT5G24570	670	720	481	560	657	580
AT5G24575	4	2	0	0	0	1
AT5G24580	255	115	169	473	83	101
AT5G24590	2160	459	1669	1436	525	809
AT5G24600	35	3	27	17	4	1
AT5G24610	635	357	545	510	372	392
AT5G24620	1160	263	765	1026	708	806
AT5G24630	273	140	191	271	280	270
AT5G24640	8	15	2	8	13	17
AT5G24650	774	1029	560	590	928	925
AT5G24655	80	5	73	29	5	4
AT5G24660	335	23	211	27	20	18
AT5G24670	2122	642	1468	1391	1044	1122
AT5G24680	121	52	79	62	57	61
AT5G24690	3608	2829	2759	3558	4177	4535
AT5G24710	1515	600	1165	1401	1610	1926
AT5G24735	792	897	612	640	315	448
AT5G24740	1088	244	828	1027	982	1050
AT5G24750	169	49	108	100	109	132
AT5G24760	134	82	97	106	171	154
AT5G24770	477	282	327	199	319	326
AT5G24780	78	76	74	53	52	78
AT5G24790	0	0	0	0	0	0
AT5G24800	997	958	762	1113	619	1147
AT5G24810	666	272	529	701	981	992
AT5G24820	0	0	0	0	0	0
AT5G24825	0	0	0	0	0	0
AT5G24830	228	152	170	178	212	306
AT5G24840	227	163	171	204	226	189
AT5G24850	113	174	59	90	284	279
AT5G24860	2	1	0	0	0	0
AT5G24870	172	58	111	209	148	211
AT5G24879	0	0	0	0	0	0
AT5G24880	7	0	9	2	0	0
AT5G24890	769	1312	561	903	877	1255
AT5G24900	2	1	3	4	1	0
AT5G24910	5	0	13	6	1	1
AT5G24920	82	79	55	85	29	52
AT5G24930	5366	5332	4004	4040	3821	5698
AT5G24940	6	10	8	8	3	11
AT5G24950	0	0	0	0	0	0
AT5G24960	3	0	2	7	1	3
AT5G24970	192	129	159	218	205	180
AT5G24980	66	126	54	64	66	36
AT5G24990	50	30	43	24	66	44
AT5G25000	0	0	1	0	0	0
AT5G25010	34	39	15	25	26	23
AT5G25020	2	3	4	3	9	3
AT5G25030	0	0	0	0	0	0
AT5G25040	179	87	221	194	122	109
AT5G25050	89	31	92	108	82	73
AT5G25060	2013	1206	1537	1871	1797	2132
AT5G25070	829	469	619	831	734	879
AT5G25080	355	316	271	318	401	334
AT5G25090	98	209	77	99	237	158
AT5G25100	1654	787	1353	1679	2031	1875
AT5G25110	65	10	59	39	13	10
AT5G25120	128	122	128	148	168	159
AT5G25130	18	43	16	24	76	95
AT5G25140	46	113	41	109	146	200
AT5G25150	476	205	386	395	393	411
AT5G25160	9	23	9	8	23	15
AT5G25170	160	86	150	161	81	88
AT5G25180	1	0	4	7	0	0
AT5G25190	168	92	107	196	70	76
AT5G25195	0	0	0	0	0	0
AT5G25200	0	0	0	0	0	0
AT5G25210	216	114	157	203	85	151
AT5G25220	1688	726	1226	849	912	912
AT5G25230	13	4	14	5	10	3
AT5G25240	77	129	58	68	59	78
AT5G25250	170	28	92	237	118	74
AT5G25260	9	5	14	9	26	7
AT5G25265	2301	2229	1833	2387	2120	3012
AT5G25270	1735	701	1311	1352	972	1257
AT5G25280	2156	2135	1629	1900	1718	2639
AT5G25290	0	0	0	0	0	0
AT5G25300	0	0	0	0	1	0
AT5G25310	2	1	1	1	1	2
AT5G25320	0	0	0	0	0	0
AT5G25330	0	0	0	0	0	0
AT5G25340	9	5	4	8	1	0
AT5G25350	2508	968	2022	3554	1973	2487
AT5G25360	857	601	579	603	407	399
AT5G25370	28	7	15	21	41	32
AT5G25380	32	9	16	28	26	13
AT5G25390	11	3	7	1	1	3
AT5G25400	0	0	0	0	0	0
AT5G25410	0	0	0	0	0	0
AT5G25415	1	0	0	0	0	0
AT5G25420	0	0	0	0	0	0
AT5G25425	0	0	0	0	0	0
AT5G25430	0	0	0	0	0	0
AT5G25440	190	133	156	247	219	211
AT5G25450	16	29	8	33	27	17
AT5G25460	7854	4393	6315	7093	3692	4516
AT5G25470	13	7	4	6	8	3
AT5G25475	222	142	179	186	98	135
AT5G25480	142	90	121	104	102	84
AT5G25490	74	79	68	79	65	73
AT5G25500	74	26	40	67	42	19
AT5G25510	615	335	513	462	476	467
AT5G25520	889	242	758	857	770	976
AT5G25530	0	0	0	1	3	0
AT5G25540	728	476	596	564	401	428
AT5G25550	1	3	0	3	0	1
AT5G25560	3170	987	2346	2261	1610	2184
AT5G25570	50	45	45	42	45	45
AT5G25580	112	77	67	89	114	100
AT5G25585	0	0	0	0	0	0
AT5G25590	515	321	362	335	578	497
AT5G25600	4	0	1	0	0	0
AT5G25610	3411	1863	2850	1467	3842	2779
AT5G25620	83	52	66	50	62	50
AT5G25625	0	0	0	0	0	0
AT5G25630	1545	699	1319	1377	1438	1925
AT5G25640	7	1	10	1	2	7
AT5G25750	0	0	0	0	0	0
AT5G25754	283	252	185	253	224	243
AT5G25755	26	6	20	10	12	15
AT5G25756	0	0	0	0	0	0
AT5G25757	260	278	193	219	223	237
AT5G25760	551	504	447	464	417	381
AT5G25770	350	139	249	280	224	248
AT5G25780	821	506	646	795	729	690
AT5G25790	103	49	79	76	70	66
AT5G25800	261	173	200	260	278	292
AT5G25810	28	10	19	7	12	13
AT5G25820	61	13	47	67	61	26
AT5G25830	27	39	34	17	21	31
AT5G25840	556	438	427	417	202	315
AT5G25850	0	0	0	0	0	0
AT5G25860	0	0	0	0	0	0
AT5G25870	0	0	0	0	0	0
AT5G25880	12	16	15	15	15	30
AT5G25890	273	94	224	127	99	78
AT5G25900	699	344	554	595	472	577
AT5G25910	22	5	13	29	18	19
AT5G25920	0	0	3	3	0	0
AT5G25930	538	42	416	651	202	163
AT5G25940	549	424	362	395	360	393
AT5G25950	0	0	0	0	0	0
AT5G25960	0	0	0	1	0	0
AT5G25970	33	3	25	17	12	9
AT5G25980	16470	8072	14836	14878	13428	18933
AT5G25990	3	1	5	1	4	5
AT5G25995	15	27	12	12	10	13
AT5G26000	49881	21206	42012	35600	38603	43755
AT5G26010	21	44	19	22	166	88
AT5G26030	1478	242	1188	1107	466	397
AT5G26038	0	0	0	0	0	0
AT5G26040	267	153	181	224	117	179
AT5G26050	1	0	0	0	0	0
AT5G26060	0	0	0	0	0	0
AT5G26070	0	0	0	0	0	1
AT5G26080	1	0	3	0	0	0
AT5G26090	1	6	0	3	1	7
AT5G26100	0	0	0	0	0	0
AT5G26110	258	201	201	236	248	218
AT5G26120	0	0	0	0	1	0
AT5G26130	0	0	0	0	0	0
AT5G26140	0	0	0	0	1	0
AT5G26146	0	0	1	0	1	0
AT5G26147	0	0	0	0	0	0
AT5G26150	0	0	0	0	0	0
AT5G26160	342	64	207	258	338	421
AT5G26170	107	99	64	82	56	91
AT5G26180	476	148	372	449	340	287
AT5G26190	14	5	5	7	11	15
AT5G26200	238	452	183	212	427	460
AT5G26210	464	537	420	429	367	460
AT5G26220	88	4	64	17	2	2
AT5G26230	296	56	226	198	101	121
AT5G26240	1009	365	833	802	504	692
AT5G26250	2	0	0	0	1	0
AT5G26260	196	47	220	70	61	60
AT5G26262	0	0	0	0	0	0
AT5G26270	159	334	114	146	278	318
AT5G26280	404	1383	266	574	2705	1869
AT5G26290	15	1	11	4	0	3
AT5G26300	0	0	0	0	1	0
AT5G26310	5	2	8	2	2	0
AT5G26320	0	0	2	1	0	0
AT5G26330	70	83	63	61	75	71
AT5G26340	1214	202	953	822	388	320
AT5G26360	2661	1332	1978	2496	2452	2537
AT5G26570	3952	429	3522	3884	1789	1946
AT5G26580	1	0	0	0	0	0
AT5G26594	0	0	0	0	0	0
AT5G26600	716	367	569	600	598	551
AT5G26610	795	408	566	589	391	602
AT5G26617	1	0	0	0	0	0
AT5G26620	5	4	3	0	2	10
AT5G26622	565	328	401	383	344	446
AT5G26630	5	11	5	2	5	3
AT5G26640	0	0	0	0	0	0
AT5G26650	0	0	0	0	0	0
AT5G26660	13	15	17	10	9	18
AT5G26667	996	979	793	859	1083	931
AT5G26670	99	79	65	78	103	113
AT5G26673	0	0	0	0	0	0
AT5G26680	271	116	223	282	369	253
AT5G26690	10	0	4	5	2	1
AT5G26692	0	0	0	0	0	0
AT5G26700	2	4	9	2	1	2
AT5G26710	737	623	639	841	1557	1253
AT5G26717	0	0	0	0	0	0
AT5G26720	55	60	25	48	43	45
AT5G26730	4	4	3	4	9	1
AT5G26731	37	40	19	33	26	15
AT5G26740	540	576	438	645	526	775
AT5G26742	8413	4201	7140	8819	14207	12606
AT5G26749	66	42	46	40	38	45
AT5G26751	2427	1280	1947	1845	1614	1554
AT5G26760	607	368	511	565	535	650
AT5G26770	518	154	388	397	205	267
AT5G26780	647	335	553	648	911	681
AT5G26790	9	11	12	5	12	4
AT5G26800	330	363	254	343	348	232
AT5G26805	0	0	0	0	0	0
AT5G26810	0	0	0	0	0	0
AT5G26820	901	1362	731	766	1225	1412
AT5G26830	1400	752	1138	1431	2050	1731
AT5G26840	0	0	0	0	0	0
AT5G26850	1340	457	1094	1169	1413	1399
AT5G26860	714	290	567	739	1325	801
AT5G26865	10	3	6	1	5	8
AT5G26880	898	578	697	947	591	619
AT5G26890	0	0	0	0	0	0
AT5G26900	0	0	0	0	1	0
AT5G26910	887	438	699	797	759	1076
AT5G26920	950	126	757	1123	100	282
AT5G26930	0	0	0	0	0	0
AT5G26940	198	181	182	188	226	196
AT5G26950	0	0	0	0	0	0
AT5G26955	0	0	0	0	0	0
AT5G26960	348	199	240	231	167	236
AT5G26970	1	4	0	1	2	2
AT5G26980	434	185	272	285	210	264
AT5G26990	272	249	185	208	201	215
AT5G27000	96	48	84	139	140	98
AT5G27010	0	0	0	0	0	0
AT5G27020	2	2	0	1	0	4
AT5G27030	234	85	192	177	467	369
AT5G27050	0	0	0	0	0	0
AT5G27060	0	2	3	7	4	10
AT5G27065	0	0	0	0	0	0
AT5G27070	0	0	0	0	0	0
AT5G27080	0	0	0	0	0	0
AT5G27090	0	0	0	0	0	0
AT5G27093	5	0	5	4	3	14
AT5G27100	129	51	109	99	79	116
AT5G27110	83	11	44	49	36	33
AT5G27120	1926	1850	1433	1812	1933	1318
AT5G27130	2	2	0	1	0	2
AT5G27140	0	0	0	0	0	0
AT5G27150	1061	506	812	866	813	785
AT5G27170	0	0	0	0	0	0
AT5G27200	0	0	0	0	1	0
AT5G27210	74	32	40	50	43	38
AT5G27220	144	18	117	69	47	43
AT5G27230	49	27	53	68	88	60
AT5G27238	0	0	0	0	0	0
AT5G27240	246	26	188	295	247	317
AT5G27247	5	0	3	4	4	2
AT5G27260	0	0	0	0	0	0
AT5G27270	616	233	507	601	689	689
AT5G27280	452	208	406	454	240	312
AT5G27290	287	561	246	345	391	592
AT5G27300	160	67	136	180	103	145
AT5G27310	0	0	0	0	0	0
AT5G27320	346	161	276	339	242	261
AT5G27330	541	358	415	537	598	388
AT5G27340	0	0	0	0	0	0
AT5G27350	766	569	623	620	938	773
AT5G27360	212	170	123	172	319	339
AT5G27370	0	0	0	0	0	0
AT5G27380	2965	2435	2280	3231	3177	3728
AT5G27390	420	685	325	359	658	676
AT5G27395	386	194	296	364	410	319
AT5G27400	33	26	25	24	18	12
AT5G27410	521	120	432	390	262	263
AT5G27420	801	127	612	1118	49	187
AT5G27430	664	555	519	640	519	529
AT5G27440	0	0	0	1	0	0
AT5G27450	282	274	227	252	453	388
AT5G27460	210	167	124	169	127	169
AT5G27470	1205	1617	979	1307	1882	1682
AT5G27490	119	70	105	88	85	84
AT5G27493	1	0	0	0	0	0
AT5G27495	0	0	0	0	0	0
AT5G27510	0	0	0	0	0	0
AT5G27520	455	152	372	384	277	280
AT5G27530	0	0	0	0	0	0
AT5G27540	1075	528	860	1081	1175	1098
AT5G27550	217	136	183	258	505	376
AT5G27560	651	806	513	591	838	897
AT5G27570	0	0	0	0	0	0
AT5G27580	1	0	0	0	0	1
AT5G27600	890	318	774	623	640	563
AT5G27606	0	0	0	0	0	0
AT5G27607	0	0	0	0	0	0
AT5G27610	139	56	124	143	202	179
AT5G27620	314	131	232	268	270	196
AT5G27630	52	12	43	56	69	55
AT5G27640	2052	1632	1717	2110	2560	2204
AT5G27650	771	493	677	720	851	985
AT5G27660	55	186	75	89	119	95
AT5G27670	870	649	723	570	494	513
AT5G27680	96	40	68	95	92	76
AT5G27690	397	377	325	274	233	344
AT5G27700	1029	1987	813	927	937	864
AT5G27710	386	227	324	337	275	370
AT5G27715	0	0	0	0	0	0
AT5G27720	900	777	662	795	621	651
AT5G27730	674	355	532	489	389	526
AT5G27740	521	375	383	504	561	510
AT5G27750	70	63	60	75	71	73
AT5G27760	474	398	367	372	316	360
AT5G27765	3	0	3	1	0	0
AT5G27770	826	1454	728	914	1086	908
AT5G27780	0	0	3	2	0	0
AT5G27790	0	0	0	0	0	0
AT5G27800	0	0	0	0	0	0
AT5G27807	0	0	0	1	0	0
AT5G27810	0	0	2	0	0	3
AT5G27820	322	316	247	257	274	248
AT5G27830	442	290	301	329	294	310
AT5G27840	476	298	469	526	462	510
AT5G27850	3661	6510	2699	3807	4705	4102
AT5G27860	1095	651	873	845	399	574
AT5G27870	0	0	0	0	0	0
AT5G27880	0	0	0	0	0	0
AT5G27889	11	2	13	14	13	23
AT5G27890	145	157	97	99	193	255
AT5G27893	3	11	4	5	8	17
AT5G27910	3	3	0	1	1	0
AT5G27920	305	249	217	340	341	427
AT5G27930	512	147	411	328	167	215
AT5G27940	0	1	6	5	1	3
AT5G27944	0	0	0	0	0	0
AT5G27945	0	0	0	0	0	0
AT5G27950	1301	519	874	1158	826	1150
AT5G27960	0	0	0	0	0	0
AT5G27970	999	333	707	936	967	867
AT5G27980	2	0	5	1	1	2
AT5G27990	586	446	437	483	354	369
AT5G28000	0	0	0	0	0	0
AT5G28010	48	18	32	30	25	26
AT5G28020	708	388	536	567	386	483
AT5G28030	96	31	75	51	72	64
AT5G28040	545	229	395	439	373	424
AT5G28050	1142	1279	894	1336	1243	1405
AT5G28060	4157	6033	3095	4738	4459	4441
AT5G28080	11	6	5	2	1	2
AT5G28090	0	0	0	2	0	0
AT5G28150	166	113	126	118	121	101
AT5G28160	0	0	0	0	0	0
AT5G28180	1	0	0	0	0	0
AT5G28190	0	0	0	0	0	0
AT5G28210	0	0	0	0	1	0
AT5G28220	297	173	219	224	229	159
AT5G28235	0	0	0	0	0	0
AT5G28237	3	0	5	3	2	1
AT5G28262	19	14	14	27	25	20
AT5G28288	0	0	0	0	0	0
AT5G28290	678	284	531	578	456	543
AT5G28295	1	0	0	0	0	0
AT5G28300	6885	2669	5338	5118	3027	3414
AT5G28310	2	0	1	2	6	5
AT5G28320	23	0	36	27	18	30
AT5G28340	15	8	8	9	2	1
AT5G28345	0	1	0	0	0	0
AT5G28350	332	91	280	299	264	360
AT5G28370	0	0	0	0	0	0
AT5G28380	0	1	0	1	0	1
AT5G28390	101	28	74	78	40	79
AT5G28400	26	0	18	35	25	21
AT5G28410	3	0	1	0	0	0
AT5G28420	15	0	5	6	12	6
AT5G28442	18	11	11	10	19	7
AT5G28450	70	44	53	45	31	37
AT5G28460	0	0	2	0	0	0
AT5G28462	0	0	0	0	0	0
AT5G28463	0	0	0	0	0	0
AT5G28470	0	0	0	0	0	0
AT5G28490	320	137	222	224	265	178
AT5G28491	0	0	0	0	0	0
AT5G28500	1813	3782	1575	2087	4090	3619
AT5G28510	5	1	0	0	1	0
AT5G28520	1	0	0	0	1	0
AT5G28530	178	85	157	198	173	211
AT5G28540	3014	1715	2263	3689	3408	2202
AT5G28550	0	0	0	0	0	0
AT5G28560	0	0	0	0	0	0
AT5G28590	0	0	0	0	0	0
AT5G28610	34	79	18	51	19	54
AT5G28615	0	0	0	0	0	0
AT5G28620	0	0	0	0	0	0
AT5G28630	263	840	162	336	245	355
AT5G28640	332	184	196	162	159	148
AT5G28646	3	3	3	1	0	2
AT5G28650	7	8	1	3	10	5
AT5G28660	0	0	0	0	1	1
AT5G28680	0	0	0	0	0	0
AT5G28690	0	0	0	0	0	0
AT5G28720	0	0	0	0	0	0
AT5G28730	0	0	0	0	0	0
AT5G28740	1197	735	932	1166	1206	1199
AT5G28750	1075	3640	873	1184	2449	2486
AT5G28770	620	2326	529	1301	1654	2780
AT5G28780	0	0	0	0	0	0
AT5G28810	0	0	0	0	0	0
AT5G28820	0	0	0	0	0	0
AT5G28823	0	0	0	0	0	0
AT5G28824	0	0	0	0	0	0
AT5G28830	309	188	224	307	230	267
AT5G28840	2510	3129	2331	2973	3154	3899
AT5G28850	431	309	347	462	440	438
AT5G28885	0	0	0	0	0	0
AT5G28900	474	306	329	404	487	509
AT5G28910	26	26	28	24	29	26
AT5G28919	0	0	0	0	0	0
AT5G28920	0	1	2	0	0	0
AT5G28950	0	0	0	0	0	0
AT5G28960	0	0	0	0	0	0
AT5G29000	526	286	402	379	418	422
AT5G29050	0	0	0	0	0	0
AT5G29054	0	0	0	0	0	0
AT5G29070	0	0	0	0	0	0
AT5G29210	0	0	0	0	0	0
AT5G29560	1	0	0	1	0	0
AT5G29613	0	0	0	0	0	0
AT5G29624	0	0	0	0	0	0
AT5G30341	0	0	0	0	0	0
AT5G30360	0	0	0	0	0	0
AT5G30490	390	512	320	366	415	424
AT5G30495	272	180	226	245	163	179
AT5G30500	0	0	0	0	0	0
AT5G30510	4717	7277	3914	4856	6689	7584
AT5G30520	0	0	0	0	0	0
AT5G31412	0	0	0	0	0	0
AT5G32017	0	0	0	0	0	0
AT5G32440	2032	1417	1406	1777	1297	1654
AT5G32450	1259	1313	1019	1439	1299	1812
AT5G32460	0	3	1	1	2	0
AT5G32470	541	219	402	517	522	606
AT5G32590	0	0	0	0	0	0
AT5G32613	0	0	0	0	0	0
AT5G32619	0	0	0	0	0	0
AT5G32670	0	0	0	0	0	0
AT5G33210	0	0	0	0	0	1
AT5G33280	505	191	390	364	355	400
AT5G33290	383	91	328	258	282	245
AT5G33300	92	88	91	97	194	159
AT5G33320	1376	1177	1187	1415	2034	1504
AT5G33330	0	0	1	0	0	0
AT5G33340	0	0	0	0	0	0
AT5G33355	0	0	0	0	0	0
AT5G33370	59	234	66	67	269	359
AT5G33390	0	0	0	0	0	0
AT5G33393	0	0	0	0	0	0
AT5G33399	7	1	2	1	2	0
AT5G33406	0	2	0	0	0	0
AT5G33439	0	0	0	0	0	0
AT5G33806	0	0	0	0	0	0
AT5G33898	0	0	0	0	0	0
AT5G34581	0	0	0	0	0	0
AT5G34780	0	0	0	0	0	0
AT5G34828	0	0	0	0	0	0
AT5G34829	0	0	0	0	0	0
AT5G34830	6	16	1	1	5	14
AT5G34850	3585	2602	2878	2947	4081	4061
AT5G34869	0	0	0	0	0	0
AT5G34870	0	0	0	0	0	0
AT5G34871	0	4	0	2	0	1
AT5G34881	0	0	0	0	0	0
AT5G34882	0	0	0	0	0	0
AT5G34883	0	0	0	0	0	0
AT5G34885	0	0	0	0	0	0
AT5G34887	0	0	0	0	0	0
AT5G34905	0	0	0	0	0	0
AT5G34908	0	0	0	0	0	0
AT5G34930	246	114	192	196	244	232
AT5G34940	112	99	112	119	223	169
AT5G35050	4	0	0	4	0	1
AT5G35067	0	0	0	0	0	0
AT5G35069	0	0	0	0	0	0
AT5G35080	484	247	423	372	378	448
AT5G35090	0	0	0	0	0	0
AT5G35100	762	779	657	783	1089	1298
AT5G35110	10	3	4	1	0	0
AT5G35120	0	0	0	0	0	1
AT5G35160	695	391	670	777	766	724
AT5G35170	3228	2282	2595	3266	3206	4549
AT5G35180	1379	464	1022	1143	1382	1364
AT5G35190	14	0	44	1	0	3
AT5G35195	0	0	0	0	0	0
AT5G35200	1297	526	1083	1196	1146	1285
AT5G35210	2905	571	2188	2632	2195	3001
AT5G35220	562	407	516	598	1080	820
AT5G35230	0	0	0	0	0	0
AT5G35300	0	0	0	0	0	0
AT5G35320	276	223	193	278	170	235
AT5G35330	540	423	423	403	281	420
AT5G35338	0	0	0	0	0	0
AT5G35360	4234	3382	3388	5153	5001	5501
AT5G35370	256	89	204	212	155	161
AT5G35375	0	1	0	0	1	6
AT5G35380	4	0	3	0	0	1
AT5G35390	1	0	0	0	0	0
AT5G35400	91	47	61	52	88	88
AT5G35405	0	0	0	0	0	0
AT5G35407	0	0	0	4	0	0
AT5G35410	181	120	185	171	170	198
AT5G35430	745	263	598	585	620	591
AT5G35450	269	87	182	245	209	249
AT5G35460	456	287	376	290	382	435
AT5G35475	0	0	0	0	0	0
AT5G35480	120	264	89	146	112	199
AT5G35490	99	163	53	101	96	175
AT5G35510	1	4	0	2	0	0
AT5G35520	111	126	114	76	89	105
AT5G35525	20	13	10	46	13	10
AT5G35530	3760	3534	2830	3748	3625	3375
AT5G35540	2	0	0	0	0	0
AT5G35550	0	0	0	0	0	4
AT5G35560	946	364	786	869	721	973
AT5G35570	651	304	496	656	661	666
AT5G35580	39	8	18	13	18	22
AT5G35590	2058	2272	1552	1636	1729	1698
AT5G35600	0	1	0	0	1	3
AT5G35603	0	0	0	0	0	0
AT5G35604	0	0	0	0	0	0
AT5G35605	0	0	0	0	0	1
AT5G35610	0	0	0	0	0	0
AT5G35620	829	1044	691	797	843	883
AT5G35630	14954	20653	12990	15913	23833	28812
AT5G35640	0	0	0	0	0	0
AT5G35660	11	0	8	1	0	0
AT5G35670	396	116	272	220	230	219
AT5G35680	797	897	638	734	891	800
AT5G35688	1	0	1	1	0	0
AT5G35690	1266	709	984	1055	1090	1306
AT5G35695	0	0	0	0	0	0
AT5G35698	0	0	0	0	0	0
AT5G35700	539	241	483	550	521	412
AT5G35715	0	0	0	0	0	0
AT5G35730	543	242	445	514	467	469
AT5G35732	51	66	39	34	61	76
AT5G35735	3299	560	2639	2913	558	788
AT5G35737	0	0	0	0	0	0
AT5G35740	169	468	166	189	447	379
AT5G35750	840	288	656	818	791	1228
AT5G35753	244	63	200	219	143	215
AT5G35760	9	5	12	14	4	14
AT5G35770	0	1	4	1	1	0
AT5G35790	1768	1579	1399	1866	2161	2894
AT5G35810	0	0	0	0	0	0
AT5G35830	0	0	0	0	0	0
AT5G35840	725	247	613	636	573	720
AT5G35870	5	0	2	1	5	0
AT5G35890	0	0	0	0	0	0
AT5G35900	0	0	0	0	0	0
AT5G35910	1354	482	997	1230	1126	1065
AT5G35913	0	0	0	0	0	0
AT5G35917	0	0	1	0	0	0
AT5G35920	0	0	0	0	0	0
AT5G35926	84	74	81	109	55	76
AT5G35927	0	0	0	0	0	0
AT5G35930	330	142	262	299	239	262
AT5G35940	11	6	6	9	8	8
AT5G35945	1	0	0	0	0	0
AT5G35950	0	0	0	0	0	0
AT5G35960	10	5	8	2	5	4
AT5G35970	593	1783	525	822	3046	5196
AT5G35980	1758	491	1517	1769	1829	2209
AT5G35995	232	146	170	199	188	196
AT5G36000	73	80	45	66	51	78
AT5G36001	0	0	0	0	0	0
AT5G36002	16	14	10	20	11	20
AT5G36080	0	0	0	0	0	0
AT5G36100	6	2	1	3	7	8
AT5G36110	7	1	3	0	3	0
AT5G36120	425	699	336	488	668	634
AT5G36130	2	0	1	0	0	0
AT5G36140	1	0	3	0	0	0
AT5G36150	3	0	3	0	0	0
AT5G36160	1214	1048	905	959	1141	1107
AT5G36170	1702	1173	1422	1778	1775	2108
AT5G36180	27	0	26	9	2	1
AT5G36190	0	0	0	0	0	0
AT5G36200	0	0	0	0	0	0
AT5G36210	807	559	722	851	1198	1057
AT5G36220	277	116	205	371	264	254
AT5G36225	0	0	0	0	0	0
AT5G36228	0	0	0	0	0	0
AT5G36230	3090	2104	2335	2670	2825	2735
AT5G36240	0	2	0	0	0	0
AT5G36250	614	501	552	569	579	761
AT5G36260	7	3	1	3	5	2
AT5G36280	2	0	0	0	1	0
AT5G36290	895	573	722	762	610	738
AT5G36300	0	0	0	0	0	0
AT5G36310	0	0	0	0	0	0
AT5G36320	0	0	0	0	0	0
AT5G36330	0	0	0	0	0	0
AT5G36340	0	0	0	0	0	0
AT5G36350	0	0	0	0	0	0
AT5G36360	0	0	0	0	0	0
AT5G36370	0	0	0	0	0	0
AT5G36380	0	0	0	0	0	0
AT5G36390	0	0	0	0	0	0
AT5G36400	0	0	0	0	0	0
AT5G36410	0	0	0	0	0	0
AT5G36420	0	0	0	0	0	0
AT5G36430	0	0	0	0	0	0
AT5G36440	0	0	0	0	0	0
AT5G36450	0	0	0	0	0	0
AT5G36460	0	0	0	0	0	0
AT5G36470	0	0	0	0	0	0
AT5G36480	0	0	0	0	0	0
AT5G36490	0	0	0	0	0	0
AT5G36500	0	0	0	0	0	0
AT5G36520	0	0	0	0	0	0
AT5G36540	0	0	0	0	0	0
AT5G36550	0	0	0	0	0	0
AT5G36657	0	0	0	0	0	0
AT5G36658	0	0	0	0	0	0
AT5G36659	0	0	0	0	0	0
AT5G36661	0	0	0	0	0	0
AT5G36662	0	0	0	0	0	0
AT5G36670	0	0	0	0	0	0
AT5G36680	0	0	0	0	0	0
AT5G36690	0	0	0	0	0	0
AT5G36700	10	32	7	8	10	15
AT5G36710	0	0	0	0	0	0
AT5G36720	0	0	0	0	0	0
AT5G36722	0	0	0	0	0	0
AT5G36730	0	0	0	0	0	0
AT5G36738	0	0	0	0	0	0
AT5G36739	0	0	0	0	0	0
AT5G36740	6	0	1	3	0	3
AT5G36770	0	0	0	0	0	0
AT5G36780	0	0	0	0	0	0
AT5G36790	1	11	1	1	6	3
AT5G36800	0	0	0	0	0	0
AT5G36805	0	0	0	0	0	0
AT5G36810	0	0	0	0	0	0
AT5G36820	0	0	0	0	0	0
AT5G36870	3	0	1	4	6	2
AT5G36880	2177	1602	1699	1995	2288	2021
AT5G36890	365	198	248	332	399	397
AT5G36900	0	0	1	0	0	0
AT5G36907	2	7	7	6	33	5
AT5G36910	145	777	119	100	566	636
AT5G36920	36	34	9	27	31	39
AT5G36925	182	51	115	269	58	44
AT5G36930	405	127	313	327	327	370
AT5G36940	400	94	321	293	197	258
AT5G36950	366	152	252	368	357	394
AT5G36960	2	5	1	0	6	3
AT5G36970	7	0	0	10	0	1
AT5G36980	1	0	0	0	0	3
AT5G37000	105	45	85	95	94	79
AT5G37010	166	138	128	139	269	216
AT5G37020	873	180	677	583	580	608
AT5G37030	0	0	0	0	0	0
AT5G37040	0	0	0	0	0	0
AT5G37050	3	6	0	1	1	4
AT5G37055	172	177	119	119	113	129
AT5G37060	0	0	0	0	0	0
AT5G37070	251	208	174	198	173	174
AT5G37130	858	462	687	747	737	775
AT5G37140	0	0	0	0	0	0
AT5G37150	0	0	0	0	0	0
AT5G37160	0	0	0	0	0	0
AT5G37165	0	0	2	0	0	0
AT5G37170	0	0	0	0	0	0
AT5G37180	74	19	53	52	68	55
AT5G37190	493	196	362	453	499	584
AT5G37200	0	0	0	0	0	0
AT5G37210	2	0	1	0	1	0
AT5G37220	0	0	0	0	0	0
AT5G37230	0	0	0	0	0	0
AT5G37240	15	2	1	13	10	8
AT5G37247	6	14	5	2	7	4
AT5G37250	1	0	0	0	1	0
AT5G37260	146	33	104	129	65	67
AT5G37270	0	0	0	0	0	0
AT5G37280	0	0	0	0	0	0
AT5G37290	162	166	114	140	159	161
AT5G37300	9	14	6	2	19	24
AT5G37310	611	187	542	538	496	468
AT5G37320	0	0	0	0	0	0
AT5G37340	167	119	129	156	116	161
AT5G37350	934	844	665	802	638	766
AT5G37360	1105	1267	1057	1065	1434	1755
AT5G37370	1893	1054	1444	1516	1145	1430
AT5G37380	603	304	467	494	510	661
AT5G37400	33	37	19	44	52	55
AT5G37410	20	34	35	47	52	54
AT5G37415	0	0	0	0	0	0
AT5G37420	12	5	16	4	3	3
AT5G37430	0	0	0	0	0	0
AT5G37440	74	29	51	54	54	49
AT5G37450	6	5	1	8	11	10
AT5G37460	0	0	0	1	1	0
AT5G37470	0	0	0	0	0	0
AT5G37473	0	0	0	0	0	0
AT5G37474	0	0	1	1	0	0
AT5G37475	557	603	405	466	443	428
AT5G37478	21	6	4	4	5	6
AT5G37480	183	133	150	183	132	141
AT5G37485	10	4	3	1	0	1
AT5G37490	6	3	6	9	3	13
AT5G37500	224	109	160	143	154	189
AT5G37510	2194	1316	1820	2041	3392	3041
AT5G37520	0	0	0	0	0	0
AT5G37530	156	86	136	146	121	111
AT5G37540	351	84	283	158	108	123
AT5G37550	7	3	7	0	8	1
AT5G37560	0	0	0	0	0	0
AT5G37570	80	28	53	65	45	35
AT5G37590	283	70	188	203	225	145
AT5G37600	1680	747	1428	1519	1314	948
AT5G37610	0	1	0	0	1	0
AT5G37620	0	0	0	0	0	0
AT5G37630	149	80	128	174	280	253
AT5G37640	0	0	0	0	0	0
AT5G37650	0	0	0	0	0	0
AT5G37660	62	48	61	73	64	57
AT5G37670	39	41	40	40	27	37
AT5G37680	148	142	93	112	101	91
AT5G37690	76	6	69	27	31	23
AT5G37710	267	402	219	275	310	412
AT5G37715	0	0	0	0	0	0
AT5G37720	598	450	442	482	347	395
AT5G37730	0	0	0	0	0	0
AT5G37740	217	206	159	207	208	194
AT5G37750	20	12	22	27	17	22
AT5G37760	1	0	0	0	0	1
AT5G37770	1792	1321	1466	1325	521	894
AT5G37780	2619	2139	2080	2098	1498	1499
AT5G37790	263	122	161	145	184	187
AT5G37793	2	0	2	1	1	1
AT5G37795	0	0	0	0	0	0
AT5G37800	0	0	0	0	0	1
AT5G37810	0	0	0	0	0	0
AT5G37820	0	0	0	0	0	0
AT5G37830	1423	574	1210	1364	1813	1837
AT5G37840	0	0	0	0	0	0
AT5G37850	895	827	668	756	769	933
AT5G37860	0	0	1	0	0	0
AT5G37870	0	0	0	0	0	0
AT5G37890	206	172	185	177	178	185
AT5G37900	0	0	0	0	0	0
AT5G37910	0	0	0	0	0	0
AT5G37920	0	0	0	0	0	0
AT5G37930	357	218	257	327	208	315
AT5G37940	6	0	1	0	2	0
AT5G37950	14	0	16	7	0	0
AT5G37960	0	0	0	1	0	0
AT5G37970	1	0	0	0	0	0
AT5G37980	3	0	6	0	0	1
AT5G37990	78	0	85	3	16	2
AT5G38000	11	2	14	0	3	5
AT5G38005	41	13	21	19	6	6
AT5G38010	21	19	13	16	14	5
AT5G38020	55	9	26	3	31	9
AT5G38030	17	2	10	2	5	3
AT5G38040	62	17	41	46	30	34
AT5G38050	149	89	124	134	75	88
AT5G38060	96	90	79	106	122	115
AT5G38070	17	15	15	13	12	22
AT5G38080	1	0	0	0	1	0
AT5G38090	0	0	0	0	0	0
AT5G38100	3	4	8	2	5	2
AT5G38110	102	168	88	94	112	139
AT5G38120	2	5	7	0	9	2
AT5G38130	0	0	0	0	0	0
AT5G38140	285	215	214	205	125	285
AT5G38150	694	449	473	601	376	837
AT5G38155	0	0	0	0	0	0
AT5G38160	0	0	0	0	0	0
AT5G38170	0	0	0	0	0	0
AT5G38180	0	0	0	0	0	0
AT5G38190	0	0	0	0	0	0
AT5G38195	0	0	0	0	0	0
AT5G38197	2	0	0	0	0	0
AT5G38200	348	237	293	498	291	330
AT5G38210	6	0	0	2	0	1
AT5G38212	76	4	75	133	31	63
AT5G38220	274	109	211	194	203	196
AT5G38240	43	1	12	9	11	3
AT5G38250	1	0	1	3	2	0
AT5G38260	0	0	0	0	0	0
AT5G38270	0	0	0	0	0	0
AT5G38280	34	1	29	20	4	8
AT5G38290	449	458	338	445	741	663
AT5G38300	39	64	38	45	70	55
AT5G38310	4	4	6	14	4	2
AT5G38317	0	0	0	0	0	0
AT5G38320	15	9	17	19	14	4
AT5G38330	0	0	0	0	0	0
AT5G38340	33	17	19	25	61	55
AT5G38344	0	0	0	0	1	0
AT5G38350	4	0	6	5	1	0
AT5G38360	323	380	253	281	297	310
AT5G38378	0	0	0	0	0	0
AT5G38380	333	279	263	282	295	344
AT5G38386	0	3	2	0	0	1
AT5G38390	0	0	0	0	0	0
AT5G38391	0	0	0	0	0	0
AT5G38392	0	0	0	0	0	0
AT5G38396	0	0	0	0	0	0
AT5G38397	0	0	0	0	0	0
AT5G38400	0	0	0	0	0	0
AT5G38410	66014	117912	52024	61610	113289	159054
AT5G38420	24237	20380	18272	22574	10195	26011
AT5G38430	6599	9290	5237	5955	13540	12450
AT5G38435	0	0	0	0	0	0
AT5G38440	0	0	0	0	0	0
AT5G38450	0	0	1	0	2	2
AT5G38460	269	126	210	228	247	246
AT5G38470	2138	1572	1772	1805	2227	2051
AT5G38480	2910	3918	2381	3075	4506	4088
AT5G38490	0	0	1	0	0	0
AT5G38500	1	0	0	0	0	0
AT5G38510	595	519	435	575	597	710
AT5G38520	901	2467	696	806	2051	2840
AT5G38530	567	324	514	423	672	490
AT5G38540	0	0	0	0	0	0
AT5G38550	3	4	9	5	6	0
AT5G38560	728	241	577	562	591	625
AT5G38565	18	16	24	20	16	18
AT5G38570	0	0	0	0	0	0
AT5G38580	0	0	0	0	0	0
AT5G38590	121	95	97	100	95	96
AT5G38600	461	149	341	443	388	398
AT5G38610	16	21	17	12	40	29
AT5G38620	0	0	0	0	0	0
AT5G38630	264	218	195	251	241	196
AT5G38640	387	103	340	390	374	422
AT5G38650	0	0	0	0	0	0
AT5G38660	1557	2719	1281	1571	2196	2612
AT5G38670	0	0	0	0	0	0
AT5G38680	0	0	0	0	0	0
AT5G38690	219	163	210	300	363	275
AT5G38700	43	8	38	4	2	5
AT5G38710	85	23	73	197	25	40
AT5G38720	712	784	562	680	537	412
AT5G38730	71	22	47	53	40	51
AT5G38740	1	0	0	0	0	0
AT5G38743	0	0	1	3	2	5
AT5G38747	16	11	11	24	10	26
AT5G38750	9	5	6	3	0	1
AT5G38760	0	0	0	0	0	0
AT5G38770	1	3	4	1	6	6
AT5G38780	78	35	71	102	58	58
AT5G38790	0	0	0	0	0	0
AT5G38800	0	0	3	0	0	0
AT5G38810	0	0	0	0	0	0
AT5G38820	4	0	0	1	1	0
AT5G38830	873	507	642	853	1059	921
AT5G38840	870	483	589	829	840	980
AT5G38850	270	295	225	249	404	554
AT5G38860	250	133	205	220	186	242
AT5G38865	480	84	409	369	395	472
AT5G38880	914	282	777	846	876	974
AT5G38890	193	62	155	123	165	107
AT5G38895	211	83	168	144	65	84
AT5G38900	19	3	7	79	15	11
AT5G38905	0	0	0	0	0	0
AT5G38910	0	1	0	1	0	0
AT5G38920	0	0	0	0	0	0
AT5G38930	37	21	44	39	31	31
AT5G38940	262	63	362	175	137	97
AT5G38950	0	0	0	0	0	0
AT5G38960	0	0	0	0	0	0
AT5G38970	42	16	38	37	18	34
AT5G38980	966	923	694	561	660	663
AT5G38990	435	152	432	530	379	349
AT5G39000	0	0	0	0	2	0
AT5G39010	0	0	0	0	0	0
AT5G39020	389	181	274	445	190	222
AT5G39024	0	0	0	0	0	0
AT5G39030	226	90	204	276	131	142
AT5G39040	609	330	553	542	594	567
AT5G39050	807	438	740	748	903	706
AT5G39080	445	592	319	366	854	813
AT5G39090	25	21	11	7	17	25
AT5G39100	0	4	1	0	1	0
AT5G39110	1	1	0	1	2	2
AT5G39120	0	1	1	2	1	1
AT5G39130	0	0	0	0	0	1
AT5G39140	0	0	0	0	0	0
AT5G39150	1	0	0	0	0	1
AT5G39160	11	2	4	8	1	6
AT5G39170	0	0	0	0	0	0
AT5G39180	0	0	1	0	1	0
AT5G39190	2	0	4	3	1	0
AT5G39200	0	0	0	0	0	0
AT5G39210	251	335	224	307	289	209
AT5G39220	9	3	2	3	1	7
AT5G39230	0	0	0	0	0	0
AT5G39240	69	5	56	71	2	4
AT5G39250	81	42	64	73	47	46
AT5G39260	6	2	6	7	3	1
AT5G39270	0	0	0	0	0	0
AT5G39280	0	0	0	0	0	0
AT5G39290	0	0	0	0	0	0
AT5G39300	0	0	0	0	0	0
AT5G39310	0	0	0	0	0	0
AT5G39320	529	331	481	674	669	582
AT5G39330	10	6	8	17	8	16
AT5G39340	370	378	295	304	259	327
AT5G39350	121	16	89	114	67	60
AT5G39360	346	397	314	338	324	416
AT5G39365	0	0	0	0	0	0
AT5G39370	0	0	0	0	0	0
AT5G39380	115	49	133	97	94	106
AT5G39390	0	0	0	1	1	0
AT5G39400	0	0	0	2	0	1
AT5G39410	971	174	824	805	359	264
AT5G39420	20	3	26	10	15	11
AT5G39430	0	0	0	0	0	0
AT5G39440	0	0	0	0	0	0
AT5G39450	119	79	70	112	80	105
AT5G39460	0	0	0	0	0	0
AT5G39470	0	0	0	0	0	0
AT5G39471	9	12	14	5	24	25
AT5G39480	0	0	0	0	0	0
AT5G39490	0	0	0	0	0	0
AT5G39493	0	0	0	0	0	1
AT5G39500	862	355	744	853	895	969
AT5G39510	1764	1514	1257	1416	1214	1293
AT5G39520	260	11	182	362	6	6
AT5G39530	1232	1659	953	1342	1375	2277
AT5G39535	0	0	0	1	0	0
AT5G39540	0	0	0	0	0	0
AT5G39550	95	92	55	104	201	147
AT5G39560	0	0	0	0	0	0
AT5G39570	5995	2574	4806	5292	4660	5000
AT5G39580	190	437	152	796	1201	609
AT5G39590	2670	2078	2151	2677	2296	2853
AT5G39600	360	479	264	398	301	335
AT5G39610	333	236	306	546	307	307
AT5G39620	0	0	0	0	0	3
AT5G39630	2	0	0	0	0	0
AT5G39635	0	0	0	0	0	0
AT5G39640	0	0	0	0	0	0
AT5G39645	0	0	0	0	0	0
AT5G39650	0	0	0	0	0	0
AT5G39660	141	93	104	111	148	237
AT5G39670	80	12	40	97	7	10
AT5G39680	27	5	33	19	17	17
AT5G39690	0	0	0	0	0	0
AT5G39693	0	0	0	0	0	0
AT5G39700	0	0	0	0	0	0
AT5G39710	203	30	153	187	185	163
AT5G39715	0	0	1	0	0	0
AT5G39720	20	0	13	2	0	0
AT5G39730	562	589	462	452	421	451
AT5G39740	4866	5328	3911	5544	7626	6003
AT5G39750	0	0	0	1	0	0
AT5G39760	721	235	625	541	414	425
AT5G39770	1	4	3	0	2	1
AT5G39775	0	0	0	0	0	0
AT5G39785	273	52	226	168	89	113
AT5G39790	296	278	191	264	279	204
AT5G39800	134	118	107	121	106	135
AT5G39810	0	0	1	1	0	0
AT5G39820	4	0	4	3	8	0
AT5G39830	627	591	504	595	896	984
AT5G39840	196	63	141	219	258	162
AT5G39850	239	111	195	229	112	91
AT5G39860	46	62	40	35	41	68
AT5G39865	45	27	36	38	36	26
AT5G39870	0	0	0	0	0	0
AT5G39880	0	0	0	0	0	0
AT5G39890	49	324	50	66	509	328
AT5G39895	0	0	0	0	0	0
AT5G39900	167	68	122	149	128	124
AT5G39910	0	0	0	0	0	0
AT5G39920	0	0	0	0	0	0
AT5G39930	0	0	0	0	0	0
AT5G39940	295	145	270	279	309	258
AT5G39950	819	977	662	680	619	624
AT5G39960	242	103	167	223	219	180
AT5G39970	53	17	16	36	34	30
AT5G39980	247	130	187	252	330	225
AT5G39990	416	147	326	354	299	321
AT5G40000	2	0	1	3	0	3
AT5G40010	1	3	5	8	4	3
AT5G40020	27	8	13	10	23	13
AT5G40030	42	29	25	41	36	21
AT5G40040	2	6	0	1	3	0
AT5G40050	1	0	0	0	0	0
AT5G40060	287	84	188	220	131	218
AT5G40070	0	0	0	1	0	1
AT5G40080	104	100	111	103	98	86
AT5G40090	31	25	20	33	17	44
AT5G40100	44	25	43	60	46	58
AT5G40120	0	0	0	0	0	0
AT5G40140	167	99	109	113	116	110
AT5G40150	131	110	159	104	143	126
AT5G40153	0	0	0	0	0	0
AT5G40155	0	0	0	0	0	0
AT5G40160	518	401	372	538	703	726
AT5G40170	1461	579	1130	1403	1347	1370
AT5G40180	12	3	9	21	7	2
AT5G40190	335	386	272	331	267	265
AT5G40200	692	586	596	739	807	821
AT5G40210	3	4	0	1	8	3
AT5G40220	0	0	0	0	0	0
AT5G40230	14	0	9	9	4	1
AT5G40240	368	93	281	372	183	217
AT5G40250	395	255	326	346	270	330
AT5G40260	0	0	0	0	0	0
AT5G40270	177	116	173	144	185	150
AT5G40275	0	0	0	0	0	0
AT5G40280	247	143	236	221	227	249
AT5G40290	0	0	0	0	0	0
AT5G40300	347	101	263	295	234	236
AT5G40310	20	1	10	3	2	12
AT5G40315	0	0	0	0	0	0
AT5G40316	0	0	0	0	0	0
AT5G40320	1	0	0	0	0	0
AT5G40330	99	87	74	64	74	97
AT5G40340	4272	6438	2960	3089	2649	3689
AT5G40348	0	0	0	0	0	0
AT5G40350	3	0	0	1	0	1
AT5G40360	0	0	0	0	0	0
AT5G40370	2034	1946	1709	1721	1346	1376
AT5G40380	218	114	165	191	316	248
AT5G40382	2	3	1	0	0	2
AT5G40384	0	0	0	0	0	0
AT5G40390	166	50	114	87	150	92
AT5G40395	0	0	0	0	0	0
AT5G40400	70	63	52	78	46	47
AT5G40405	62	20	49	56	36	43
AT5G40410	33	6	10	16	23	9
AT5G40420	10	5	6	0	0	1
AT5G40430	0	0	0	0	0	0
AT5G40440	200	74	157	105	112	180
AT5G40450	24009	20935	19408	35168	24457	42723
AT5G40460	47	38	31	42	16	23
AT5G40470	95	63	98	94	136	138
AT5G40480	1801	521	1376	1609	2033	1336
AT5G40490	488	165	384	526	568	524
AT5G40500	282	486	252	333	253	317
AT5G40510	10	1	8	2	1	4
AT5G40520	360	155	258	301	311	305
AT5G40530	304	250	220	346	246	248
AT5G40540	313	56	228	228	87	66
AT5G40545	0	0	0	0	0	0
AT5G40550	252	180	208	239	146	174
AT5G40560	0	0	0	0	0	0
AT5G40570	30	34	17	33	16	30
AT5G40580	726	787	601	686	878	782
AT5G40590	0	1	0	1	0	1
AT5G40595	0	0	0	0	0	0
AT5G40600	84	57	84	64	66	83
AT5G40610	355	421	272	395	491	509
AT5G40620	0	1	0	0	0	1
AT5G40630	13	1	33	16	9	7
AT5G40640	181	77	137	90	143	152
AT5G40645	0	0	0	0	0	0
AT5G40650	251	167	191	269	262	288
AT5G40660	423	317	344	423	454	444
AT5G40670	673	417	509	495	531	556
AT5G40680	0	0	0	0	0	0
AT5G40690	394	169	341	414	81	123
AT5G40700	140	83	109	80	78	62
AT5G40710	157	97	137	159	119	150
AT5G40720	407	114	304	293	121	173
AT5G40730	111	74	118	77	16	25
AT5G40740	546	266	459	513	570	702
AT5G40750	0	0	0	0	0	0
AT5G40760	796	369	693	700	652	569
AT5G40770	1012	1276	798	1037	1344	939
AT5G40780	122	37	147	218	122	58
AT5G40790	9	0	5	0	0	0
AT5G40800	24	0	16	0	2	1
AT5G40810	957	904	714	879	1075	1014
AT5G40820	70	20	67	54	115	89
AT5G40830	289	116	232	288	185	173
AT5G40840	102	28	76	61	77	67
AT5G40850	3184	2034	2549	2780	3368	3116
AT5G40855	0	0	0	0	0	0
AT5G40860	3	1	2	1	0	1
AT5G40870	716	477	505	579	697	755
AT5G40880	135	32	104	130	62	85
AT5G40890	2439	1170	1952	2344	2180	2443
AT5G40900	5	5	3	1	12	2
AT5G40910	2043	467	1365	1743	980	1213
AT5G40930	517	435	410	408	448	374
AT5G40940	3	0	0	0	1	1
AT5G40945	0	0	0	0	0	0
AT5G40950	4607	10585	3621	5162	7936	7957
AT5G40960	21	18	23	11	8	15
AT5G40970	151	166	111	91	86	86
AT5G40980	0	0	0	0	0	0
AT5G40981	0	0	0	0	0	0
AT5G40990	2	0	8	18	0	0
AT5G41000	206	96	121	136	150	122
AT5G41010	132	172	110	147	107	102
AT5G41020	1005	1320	706	808	714	843
AT5G41025	0	0	0	0	0	0
AT5G41030	8	2	2	3	0	8
AT5G41040	75	23	67	33	31	26
AT5G41050	199	210	168	209	222	199
AT5G41060	305	209	278	245	302	351
AT5G41070	557	154	413	330	340	331
AT5G41071	2	0	0	0	1	2
AT5G41080	688	207	498	1062	147	423
AT5G41090	0	0	1	0	0	0
AT5G41100	961	167	688	1004	327	424
AT5G41109	0	0	0	0	0	0
AT5G41110	334	109	249	269	153	238
AT5G41120	137	52	91	98	104	95
AT5G41130	168	65	125	149	101	100
AT5G41140	1216	356	1018	1318	1000	1175
AT5G41150	401	130	315	379	423	427
AT5G41160	12	12	2	7	6	5
AT5G41170	20	17	28	21	28	45
AT5G41180	274	81	213	270	185	165
AT5G41190	848	525	748	931	872	898
AT5G41200	0	0	0	0	0	0
AT5G41210	1493	1083	1111	1235	1195	1079
AT5G41220	339	293	253	286	352	391
AT5G41240	294	170	226	244	223	265
AT5G41250	0	0	0	0	0	0
AT5G41260	1660	571	1261	1647	972	1299
AT5G41265	0	0	0	0	0	0
AT5G41270	163	245	126	160	157	179
AT5G41280	0	0	0	0	0	0
AT5G41290	0	2	1	2	0	1
AT5G41300	0	2	0	1	1	2
AT5G41310	0	0	0	0	1	1
AT5G41315	12	2	3	7	6	8
AT5G41320	0	3	0	0	0	0
AT5G41330	225	144	174	198	181	242
AT5G41340	509	716	374	461	400	508
AT5G41350	609	419	432	438	351	413
AT5G41360	317	140	226	261	302	252
AT5G41370	1708	510	1237	1161	756	1111
AT5G41380	9	0	3	0	0	3
AT5G41390	0	2	0	1	0	4
AT5G41400	184	106	152	139	57	70
AT5G41401	0	0	0	0	0	0
AT5G41410	706	240	573	535	566	643
AT5G41420	0	0	0	0	0	0
AT5G41430	0	0	0	0	3	0
AT5G41440	0	0	0	0	0	0
AT5G41450	0	0	0	0	0	0
AT5G41460	158	62	147	84	178	112
AT5G41470	17	5	27	14	8	17
AT5G41471	2	31	3	4	6	3
AT5G41480	267	163	232	233	268	293
AT5G41490	0	0	0	0	0	0
AT5G41500	0	0	0	0	0	0
AT5G41510	0	0	0	0	0	0
AT5G41520	2717	3748	2106	2724	2923	2691
AT5G41530	0	0	0	0	0	0
AT5G41540	0	0	2	4	1	2
AT5G41550	17	0	14	10	1	6
AT5G41560	505	399	393	496	506	478
AT5G41570	7	1	4	1	0	2
AT5G41580	301	114	269	251	253	263
AT5G41590	6	4	1	10	7	3
AT5G41600	617	420	487	475	434	445
AT5G41605	0	0	0	0	0	0
AT5G41610	0	0	0	0	2	0
AT5G41612	2	1	1	1	2	2
AT5G41620	137	43	89	98	73	79
AT5G41630	0	0	0	0	0	0
AT5G41640	0	0	0	0	0	0
AT5G41650	34	29	26	36	20	21
AT5G41660	0	0	0	0	0	0
AT5G41663	1	0	0	0	0	0
AT5G41670	1194	809	991	1171	1607	1042
AT5G41675	0	0	0	0	0	0
AT5G41680	4	11	2	15	9	4
AT5G41685	396	453	256	352	314	312
AT5G41690	74	55	67	95	61	107
AT5G41700	7409	4832	5508	7285	3175	5021
AT5G41720	0	0	0	0	0	0
AT5G41730	2	0	0	1	0	1
AT5G41740	992	123	717	1548	250	441
AT5G41750	534	34	446	897	53	71
AT5G41760	361	240	220	375	371	386
AT5G41761	146	339	98	139	186	255
AT5G41763	1	2	0	0	7	2
AT5G41765	1	3	0	0	11	4
AT5G41770	1174	773	977	1176	1447	1418
AT5G41780	0	22	0	0	23	26
AT5G41790	5645	4648	4217	5038	6042	7264
AT5G41800	177	162	129	129	160	209
AT5G41810	570	399	470	345	340	442
AT5G41820	6	2	2	5	1	5
AT5G41830	0	3	0	1	1	0
AT5G41840	0	0	0	0	0	0
AT5G41850	80	30	59	39	33	39
AT5G41860	18	2	7	7	2	7
AT5G41870	334	56	214	213	250	251
AT5G41880	102	52	98	127	134	93
AT5G41890	1	0	2	1	1	2
AT5G41900	63	23	44	46	59	41
AT5G41905	1	0	1	0	2	2
AT5G41908	1	2	0	0	0	0
AT5G41910	87	104	64	85	83	79
AT5G41920	422	369	318	445	291	322
AT5G41940	1004	585	717	1006	736	908
AT5G41950	892	491	743	876	1048	1037
AT5G41960	274	255	244	265	191	218
AT5G41970	710	737	545	634	815	770
AT5G41980	102	55	71	62	71	51
AT5G41990	1302	490	1024	1262	1144	1283
AT5G42000	531	444	430	491	470	502
AT5G42010	42	22	37	57	56	50
AT5G42020	2737	1262	2072	3337	3239	1886
AT5G42030	2427	2014	1914	1865	2099	2246
AT5G42040	21	9	19	24	15	13
AT5G42050	10622	1819	8362	7739	2959	3551
AT5G42053	0	0	0	0	0	0
AT5G42060	200	167	128	159	125	129
AT5G42070	281	889	226	250	683	868
AT5G42080	3416	2014	2687	3143	3267	3330
AT5G42090	17	30	9	8	1	2
AT5G42092	0	0	0	0	0	0
AT5G42100	1577	1305	1160	1190	1785	1907
AT5G42110	108	278	83	108	163	166
AT5G42120	2	3	5	7	2	3
AT5G42130	462	280	366	448	457	455
AT5G42140	469	135	325	353	407	483
AT5G42146	96	94	107	62	100	98
AT5G42150	329	178	292	302	424	311
AT5G42170	0	0	0	0	0	0
AT5G42180	40	8	26	11	14	13
AT5G42190	2401	2101	1880	2086	1388	1899
AT5G42200	72	70	76	100	87	68
AT5G42210	53	10	22	18	35	27
AT5G42220	1025	369	838	1122	1174	1248
AT5G42223	0	0	0	0	0	0
AT5G42230	6	0	5	0	5	0
AT5G42232	0	0	0	0	0	0
AT5G42235	0	0	0	2	3	0
AT5G42240	657	463	514	607	940	907
AT5G42242	0	0	0	0	0	0
AT5G42250	202	221	130	228	184	281
AT5G42260	0	0	0	0	0	0
AT5G42270	3777	5328	3402	4417	8763	9187
AT5G42280	89	27	69	87	78	68
AT5G42290	0	0	0	0	0	0
AT5G42300	4678	4075	3385	3830	2911	3302
AT5G42310	1065	1203	796	828	1214	1327
AT5G42320	530	265	450	544	491	536
AT5G42325	2	0	0	1	0	0
AT5G42330	69	99	48	77	98	95
AT5G42340	0	0	0	0	0	0
AT5G42350	60	27	45	51	64	64
AT5G42360	139	67	125	153	112	119
AT5G42370	100	40	101	92	75	75
AT5G42380	96	9	97	72	1	4
AT5G42390	3308	2863	2691	3502	7151	7276
AT5G42400	663	193	538	593	594	658
AT5G42410	0	0	0	0	0	0
AT5G42420	712	370	596	581	354	377
AT5G42430	0	0	0	4	0	0
AT5G42440	150	53	115	116	64	104
AT5G42450	45	14	23	45	41	15
AT5G42460	69	44	44	98	54	63
AT5G42470	272	216	263	242	230	286
AT5G42480	592	254	534	660	753	739
AT5G42490	9	5	7	6	6	5
AT5G42500	13	5	9	2	11	2
AT5G42504	0	0	0	0	0	0
AT5G42510	4	0	5	1	0	0
AT5G42520	1677	784	1193	1448	1142	1526
AT5G42530	2001	2390	1376	3332	1714	1535
AT5G42540	1450	812	1105	1698	1827	1919
AT5G42560	864	725	682	711	725	793
AT5G42567	0	0	0	0	0	0
AT5G42570	819	339	674	422	305	314
AT5G42580	17	0	17	4	0	0
AT5G42590	19	0	26	4	0	2
AT5G42600	9	0	18	4	0	0
AT5G42610	0	1	1	1	0	2
AT5G42620	1022	492	757	995	790	889
AT5G42630	38	8	25	9	12	13
AT5G42635	0	0	0	0	0	0
AT5G42640	0	0	0	0	0	0
AT5G42650	1315	1022	1121	1435	1460	1330
AT5G42655	0	2	0	0	0	0
AT5G42660	331	166	274	328	293	348
AT5G42670	230	185	136	203	240	197
AT5G42680	273	183	224	181	239	183
AT5G42690	92	24	63	38	31	53
AT5G42700	32	16	11	29	38	30
AT5G42710	43	31	39	48	33	50
AT5G42720	410	378	314	274	781	550
AT5G42740	1147	1150	891	890	1548	1331
AT5G42750	357	270	248	334	296	322
AT5G42760	34	31	24	6	42	42
AT5G42765	470	636	340	492	562	590
AT5G42770	150	165	169	134	172	166
AT5G42780	116	121	66	109	112	117
AT5G42785	1	0	0	0	0	0
AT5G42790	1229	1310	883	1081	1096	1069
AT5G42797	0	0	0	0	0	0
AT5G42800	7	61	6	17	151	137
AT5G42810	285	235	205	218	342	419
AT5G42820	143	48	112	104	92	113
AT5G42825	0	0	0	0	0	0
AT5G42830	19	31	28	66	108	30
AT5G42840	23	10	12	14	47	41
AT5G42850	1235	952	888	965	800	930
AT5G42860	117	10	75	105	41	12
AT5G42870	846	260	681	813	598	695
AT5G42880	232	126	159	179	172	136
AT5G42890	779	716	646	690	494	534
AT5G42895	0	0	0	0	0	0
AT5G42900	1750	26	1355	1175	14	23
AT5G42905	0	0	0	0	0	0
AT5G42910	0	0	0	0	0	0
AT5G42920	1098	413	779	1040	907	952
AT5G42930	16	1	16	1	1	2
AT5G42940	899	384	633	890	807	849
AT5G42950	2578	956	2071	2572	2347	3170
AT5G42955	0	0	0	0	0	0
AT5G42957	0	0	0	0	0	0
AT5G42960	309	345	234	251	324	303
AT5G42965	5	1	10	1	0	3
AT5G42970	543	388	488	514	545	545
AT5G42980	15617	17713	11631	12159	10739	10543
AT5G42990	464	420	401	314	457	481
AT5G43000	0	0	0	0	1	0
AT5G43010	592	455	473	544	917	815
AT5G43020	432	232	440	328	407	304
AT5G43030	0	0	6	2	3	0
AT5G43040	5	12	10	11	7	15
AT5G43050	222	304	182	251	243	219
AT5G43060	844	698	784	1040	1025	1265
AT5G43064	0	0	0	0	0	0
AT5G43066	0	0	0	0	0	0
AT5G43068	0	0	0	0	0	0
AT5G43070	162	194	123	111	185	115
AT5G43080	64	52	36	53	73	44
AT5G43090	0	0	0	0	0	0
AT5G43100	911	542	773	902	685	778
AT5G43110	0	0	0	0	0	0
AT5G43120	2	4	1	2	5	3
AT5G43130	1214	602	950	1091	1329	1616
AT5G43140	170	110	139	129	195	185
AT5G43150	413	199	344	147	147	150
AT5G43155	39	4	25	42	28	31
AT5G43160	61	9	36	45	65	39
AT5G43170	60	63	57	54	52	54
AT5G43175	0	0	1	0	0	0
AT5G43180	45	61	29	35	72	52
AT5G43185	0	0	0	0	0	0
AT5G43190	326	326	256	425	380	391
AT5G43200	1	0	1	1	1	0
AT5G43210	114	101	54	62	82	86
AT5G43211	0	0	0	0	0	0
AT5G43230	0	0	4	2	1	0
AT5G43240	7	3	5	5	2	5
AT5G43250	47	67	38	70	59	38
AT5G43260	199	261	176	148	138	168
AT5G43270	824	654	587	601	524	760
AT5G43280	363	232	321	353	413	334
AT5G43285	0	0	0	4	0	1
AT5G43290	65	30	51	143	119	50
AT5G43300	156	11	132	99	13	10
AT5G43310	1762	804	1352	1614	1993	2286
AT5G43320	2533	1769	2070	2141	2212	2642
AT5G43330	623	651	538	531	657	598
AT5G43340	0	0	0	0	0	0
AT5G43350	71	23	89	90	65	36
AT5G43360	0	0	0	1	0	0
AT5G43370	5	0	3	1	1	0
AT5G43380	110	58	74	59	71	60
AT5G43390	0	0	0	0	0	3
AT5G43400	100	62	65	90	111	78
AT5G43401	0	0	0	0	0	0
AT5G43403	103	99	63	81	52	84
AT5G43410	0	0	0	0	0	0
AT5G43420	70	11	51	58	29	19
AT5G43430	353	293	262	322	208	268
AT5G43440	1180	657	925	1162	590	851
AT5G43450	568	737	466	616	800	793
AT5G43455	0	0	0	0	0	0
AT5G43460	1921	2326	1417	1685	1031	1337
AT5G43470	1585	746	1270	1658	1738	2250
AT5G43480	3	0	0	3	0	0
AT5G43490	2	0	0	1	1	0
AT5G43500	310	154	252	278	351	339
AT5G43510	0	0	1	0	0	0
AT5G43513	0	0	0	0	0	0
AT5G43518	0	0	0	0	0	0
AT5G43520	1	0	0	0	0	3
AT5G43525	0	0	0	0	0	0
AT5G43530	3	1	3	7	12	6
AT5G43535	0	0	0	0	0	0
AT5G43540	1	2	1	2	0	0
AT5G43550	0	0	0	0	0	0
AT5G43560	1757	1336	1374	1517	1369	1643
AT5G43570	0	0	1	2	0	0
AT5G43580	52	43	51	60	71	27
AT5G43590	0	0	0	0	0	0
AT5G43600	651	408	546	591	698	814
AT5G43603	0	1	1	0	1	0
AT5G43610	0	0	0	1	0	0
AT5G43620	216	56	200	111	33	42
AT5G43630	180	195	151	174	445	416
AT5G43640	0	0	0	0	1	0
AT5G43650	1	2	2	1	0	1
AT5G43660	12	6	10	22	13	20
AT5G43670	343	143	254	370	316	373
AT5G43680	315	234	230	282	222	271
AT5G43690	2	13	1	2	2	2
AT5G43695	0	0	0	0	0	0
AT5G43700	955	818	689	1170	637	865
AT5G43710	382	130	308	316	277	309
AT5G43720	510	358	382	492	516	524
AT5G43725	17	26	21	18	24	27
AT5G43730	134	57	106	112	113	116
AT5G43740	290	88	267	205	151	221
AT5G43745	751	347	600	610	1004	810
AT5G43750	1069	2634	785	994	2008	2419
AT5G43755	0	0	0	0	0	0
AT5G43760	2134	1285	1920	2029	2432	2333
AT5G43770	1	0	0	0	0	0
AT5G43780	1007	651	773	987	814	879
AT5G43790	134	67	98	97	77	93
AT5G43810	1493	340	1288	1196	1289	1337
AT5G43820	46	12	43	45	39	42
AT5G43822	160	92	101	95	98	113
AT5G43830	1560	2368	1362	1760	1721	2081
AT5G43840	222	0	136	4	0	1
AT5G43850	916	776	700	602	712	754
AT5G43860	18	35	17	11	25	23
AT5G43870	191	225	146	137	328	380
AT5G43880	636	288	585	574	676	681
AT5G43890	27	22	12	18	24	24
AT5G43900	1936	778	1382	1662	1507	1579
AT5G43910	68	48	45	69	68	102
AT5G43920	416	344	323	448	362	434
AT5G43930	576	151	421	478	344	454
AT5G43935	2	1	0	0	0	2
AT5G43940	3808	3474	2968	3182	3500	3486
AT5G43950	185	70	91	117	74	108
AT5G43960	1161	521	995	1090	1142	917
AT5G43970	499	678	365	393	432	459
AT5G43980	26	17	16	14	22	22
AT5G43990	161	24	106	109	138	115
AT5G44000	507	542	484	519	616	758
AT5G44005	372	89	301	170	46	62
AT5G44010	124	70	98	123	73	94
AT5G44020	7083	12758	5981	6929	11286	15221
AT5G44030	314	145	239	205	301	324
AT5G44040	312	200	277	269	329	311
AT5G44050	26	59	9	50	118	80
AT5G44060	516	232	403	506	282	315
AT5G44063	25	30	26	37	13	32
AT5G44065	3	3	6	1	1	1
AT5G44070	2922	640	2194	2976	842	887
AT5G44080	549	343	352	358	326	383
AT5G44090	1097	488	870	988	739	964
AT5G44100	1622	666	1200	1439	1370	1400
AT5G44110	84	58	58	52	80	73
AT5G44120	126	6	110	13	0	3
AT5G44130	1357	2667	1274	2442	3407	3409
AT5G44140	4	0	0	1	2	0
AT5G44150	217	185	177	154	132	203
AT5G44160	59	18	58	70	71	65
AT5G44170	176	155	129	192	150	161
AT5G44180	1370	630	1113	1222	1152	1352
AT5G44190	903	1040	727	884	1142	1899
AT5G44200	718	736	475	690	639	727
AT5G44210	68	64	72	124	34	41
AT5G44220	0	0	0	0	0	0
AT5G44230	133	32	103	114	104	101
AT5G44240	1786	328	1499	1345	929	927
AT5G44250	819	556	604	837	604	806
AT5G44260	820	499	740	1446	541	784
AT5G44265	0	0	0	0	0	0
AT5G44270	1	6	0	0	0	1
AT5G44280	514	638	367	404	327	454
AT5G44283	0	0	0	0	0	0
AT5G44286	0	0	0	0	0	0
AT5G44290	2469	590	1801	2137	1609	1837
AT5G44300	0	0	0	0	0	0
AT5G44306	0	0	0	0	2	1
AT5G44310	45	0	36	1	0	3
AT5G44316	1	0	0	0	0	0
AT5G44320	1079	865	960	1182	1332	1369
AT5G44330	0	0	0	0	0	0
AT5G44340	6215	4570	5035	8061	5294	6363
AT5G44345	0	0	0	0	0	0
AT5G44350	27	9	10	20	0	3
AT5G44360	0	0	0	0	1	0
AT5G44370	248	81	155	160	153	145
AT5G44375	0	0	0	0	0	0
AT5G44380	212	87	192	310	179	116
AT5G44390	38	63	52	69	330	126
AT5G44400	400	125	367	191	332	300
AT5G44410	198	171	137	133	180	177
AT5G44420	8	34	2	139	49	20
AT5G44430	2	11	0	29	23	3
AT5G44440	9	1	9	12	0	2
AT5G44450	588	463	389	462	388	436
AT5G44460	71	0	53	11	0	0
AT5G44470	0	0	0	0	0	0
AT5G44480	52	19	70	59	25	12
AT5G44490	126	92	77	96	138	95
AT5G44495	0	0	0	0	0	0
AT5G44500	217	176	136	161	210	157
AT5G44510	516	117	361	420	391	527
AT5G44520	346	290	334	345	424	529
AT5G44530	299	92	206	288	268	278
AT5G44540	0	2	0	3	0	1
AT5G44550	116	76	83	47	79	77
AT5G44560	117	108	95	100	126	108
AT5G44562	23	6	4	7	4	7
AT5G44563	0	2	3	3	0	0
AT5G44565	53	16	53	24	26	14
AT5G44566	0	0	0	0	0	0
AT5G44567	4	5	5	13	8	2
AT5G44568	105	186	89	258	333	170
AT5G44569	32	32	22	13	19	27
AT5G44570	7	15	16	12	14	8
AT5G44572	377	680	289	360	777	668
AT5G44574	8	29	7	8	38	24
AT5G44575	19	97	16	44	310	77
AT5G44578	14	11	12	9	19	7
AT5G44580	4152	2072	3105	3746	2750	2859
AT5G44582	97	69	74	66	42	31
AT5G44585	22	15	14	59	76	34
AT5G44590	0	0	1	2	0	1
AT5G44600	142	125	120	121	152	157
AT5G44610	41	5	41	42	2	12
AT5G44620	24	20	7	11	9	13
AT5G44630	0	0	0	0	3	2
AT5G44635	197	88	182	233	264	191
AT5G44640	0	0	0	0	0	0
AT5G44650	2019	1714	1446	1906	2537	2258
AT5G44660	1031	344	694	628	560	715
AT5G44670	225	79	200	163	138	166
AT5G44680	923	839	752	636	1249	1448
AT5G44690	0	0	0	0	1	0
AT5G44700	11	4	4	8	7	2
AT5G44705	0	0	0	0	0	0
AT5G44710	145	168	119	131	109	97
AT5G44720	665	734	452	672	882	792
AT5G44730	410	351	311	371	484	361
AT5G44740	267	77	156	193	148	139
AT5G44750	2192	485	1564	1578	1225	1527
AT5G44760	0	0	0	0	0	0
AT5G44770	0	0	0	0	0	0
AT5G44780	54	10	37	66	98	74
AT5G44785	986	726	741	990	1285	1230
AT5G44790	1508	479	1183	1292	1085	1311
AT5G44800	2401	971	1922	2065	2201	2439
AT5G44820	40	22	34	32	50	24
AT5G44830	0	0	0	0	0	0
AT5G44840	0	0	0	0	0	0
AT5G44850	0	0	0	0	0	0
AT5G44860	252	144	198	247	197	211
AT5G44870	693	260	489	592	500	690
AT5G44900	5	0	3	2	0	0
AT5G44910	69	51	64	187	120	49
AT5G44920	31	14	32	16	18	17
AT5G44930	174	38	157	178	125	156
AT5G44940	1	0	0	0	0	0
AT5G44950	0	0	0	0	0	0
AT5G44960	0	0	0	0	0	0
AT5G44970	0	0	0	0	0	0
AT5G44973	14	15	22	16	5	12
AT5G44980	8	6	13	9	1	9
AT5G44990	2	0	0	6	0	0
AT5G45000	2	1	6	2	6	0
AT5G45010	25	30	23	21	17	15
AT5G45020	321	154	233	225	207	275
AT5G45030	0	0	0	0	0	0
AT5G45040	111	228	105	114	169	213
AT5G45050	746	171	553	691	606	806
AT5G45060	739	305	567	758	860	1004
AT5G45070	10	3	5	4	7	3
AT5G45080	0	0	0	1	0	2
AT5G45090	1	0	0	2	0	0
AT5G45095	6	1	1	1	2	2
AT5G45100	440	253	382	427	245	304
AT5G45110	1164	442	922	1056	361	635
AT5G45113	0	0	1	0	1	0
AT5G45115	51	58	20	37	18	38
AT5G45120	0	0	0	0	0	0
AT5G45130	1238	808	997	1061	770	1118
AT5G45140	587	189	503	729	999	734
AT5G45150	56	11	33	33	29	34
AT5G45160	567	201	460	502	468	488
AT5G45170	503	551	382	431	623	738
AT5G45180	0	0	0	0	0	0
AT5G45190	1226	900	1023	1120	907	1131
AT5G45200	0	0	0	1	2	0
AT5G45210	4	0	0	1	0	0
AT5G45220	15	7	13	9	11	17
AT5G45230	0	0	0	0	0	0
AT5G45240	4	14	2	4	9	9
AT5G45250	889	416	658	807	596	755
AT5G45260	583	150	379	459	408	474
AT5G45275	128	46	102	92	72	61
AT5G45277	0	0	0	0	0	0
AT5G45280	569	322	442	456	558	402
AT5G45290	600	247	432	442	505	511
AT5G45300	257	128	250	174	207	233
AT5G45307	1	0	0	0	0	0
AT5G45310	178	100	129	106	73	126
AT5G45320	2	4	8	2	3	5
AT5G45330	231	85	154	175	270	218
AT5G45340	1142	297	993	1243	126	674
AT5G45350	2829	1509	2099	1687	1352	1454
AT5G45360	794	652	651	744	564	784
AT5G45370	91	62	73	73	70	91
AT5G45380	51	35	48	51	60	62
AT5G45390	2629	3532	2248	2755	4108	3823
AT5G45400	100	28	72	103	136	113
AT5G45410	650	285	502	549	522	604
AT5G45420	925	692	705	783	746	724
AT5G45430	2632	1201	2027	2332	1701	2247
AT5G45440	23	25	25	19	20	34
AT5G45450	2	0	1	5	0	0
AT5G45455	3	0	9	1	5	3
AT5G45460	107	72	90	99	100	129
AT5G45469	0	0	0	0	0	0
AT5G45470	0	0	0	0	0	0
AT5G45472	1	0	3	4	2	3
AT5G45475	0	0	0	0	0	0
AT5G45480	0	0	0	0	0	0
AT5G45490	1203	1512	889	1400	1266	1564
AT5G45500	1107	596	806	1144	910	1148
AT5G45510	2316	1857	1931	2664	3105	3140
AT5G45520	182	157	128	91	134	136
AT5G45530	51	16	41	44	40	30
AT5G45540	51	10	46	57	62	56
AT5G45550	820	799	656	795	604	766
AT5G45560	177	29	152	146	141	140
AT5G45570	2	1	0	0	0	1
AT5G45573	0	0	0	0	0	0
AT5G45580	12	5	14	8	3	10
AT5G45590	203	263	188	198	237	198
AT5G45600	270	147	246	294	361	345
AT5G45610	435	155	295	312	262	300
AT5G45620	719	568	625	749	870	775
AT5G45630	284	48	216	51	4	41
AT5G45640	0	0	0	0	0	0
AT5G45650	126	65	100	149	286	209
AT5G45660	129	106	89	131	99	89
AT5G45670	902	790	755	1017	1023	832
AT5G45680	503	1502	432	594	792	1028
AT5G45690	2	0	0	1	0	0
AT5G45700	53	94	68	61	108	85
AT5G45710	380	157	307	335	184	246
AT5G45715	0	0	0	0	0	0
AT5G45720	55	15	46	47	37	34
AT5G45730	31	19	22	22	21	30
AT5G45740	31	30	16	25	20	39
AT5G45745	0	0	0	0	0	0
AT5G45750	800	691	703	806	658	725
AT5G45760	203	107	173	142	144	165
AT5G45770	9	5	10	7	5	7
AT5G45775	994	1290	712	993	1225	1007
AT5G45780	204	52	104	134	110	104
AT5G45790	65	44	57	49	36	61
AT5G45800	540	362	503	503	748	616
AT5G45810	5	3	5	3	2	3
AT5G45820	223	2415	181	786	1922	3130
AT5G45830	58	129	61	92	39	132
AT5G45840	116	57	64	97	51	124
AT5G45850	8	7	10	0	26	17
AT5G45860	2	1	5	2	1	0
AT5G45870	0	0	0	0	0	0
AT5G45875	0	0	0	0	0	0
AT5G45880	0	0	0	0	0	0
AT5G45890	0	0	0	0	0	0
AT5G45900	249	115	206	177	235	203
AT5G45910	0	0	0	0	0	0
AT5G45920	27	4	9	8	9	10
AT5G45930	864	1563	738	862	2235	2437
AT5G45940	216	210	141	158	181	202
AT5G45950	392	329	360	269	693	510
AT5G45960	17	37	18	21	71	52
AT5G45970	20	18	17	10	19	23
AT5G45980	0	0	0	0	0	0
AT5G45990	21	1	26	24	33	48
AT5G46000	0	0	0	0	0	0
AT5G46010	0	0	0	0	0	0
AT5G46020	3540	3138	2719	3191	2004	2368
AT5G46025	0	0	0	0	0	0
AT5G46030	905	886	683	752	571	626
AT5G46040	1	0	0	0	0	0
AT5G46050	177	84	138	162	171	81
AT5G46060	1	0	0	4	0	1
AT5G46070	1342	650	1033	1237	1371	1437
AT5G46080	120	49	75	115	40	54
AT5G46085	0	3	0	0	0	0
AT5G46090	46	28	53	60	54	31
AT5G46100	23	6	25	52	18	36
AT5G46105	3	0	0	0	0	0
AT5G46110	11914	15909	10175	12850	14991	21752
AT5G46115	9	4	10	4	4	4
AT5G46130	1	0	0	0	3	0
AT5G46140	4	15	7	6	8	9
AT5G46150	748	378	549	666	520	745
AT5G46160	482	625	346	406	343	349
AT5G46170	262	149	202	279	230	265
AT5G46180	1090	399	883	956	552	592
AT5G46190	812	398	653	736	710	804
AT5G46200	0	0	1	0	0	0
AT5G46210	2179	1482	1762	2084	2634	2746
AT5G46220	14	5	16	15	17	15
AT5G46230	22	35	41	32	23	24
AT5G46240	610	229	490	509	498	532
AT5G46250	3713	1381	2599	3389	1683	2340
AT5G46260	74	15	56	82	46	23
AT5G46270	519	156	397	485	389	594
AT5G46280	327	118	311	383	492	292
AT5G46290	2734	2696	2326	2946	3805	3543
AT5G46295	13	22	11	15	6	12
AT5G46297	0	0	0	0	0	0
AT5G46300	0	0	0	0	0	0
AT5G46310	0	0	0	0	0	0
AT5G46315	0	0	0	0	1	0
AT5G46320	0	0	0	0	0	0
AT5G46325	0	0	0	0	0	0
AT5G46330	1948	889	1485	1968	1580	1986
AT5G46340	686	206	555	556	465	572
AT5G46350	31	9	12	17	14	17
AT5G46360	0	1	0	2	0	0
AT5G46370	2	2	1	9	12	11
AT5G46380	1	2	0	2	2	1
AT5G46390	315	414	287	405	460	493
AT5G46395	4	11	1	4	6	7
AT5G46400	573	105	475	486	478	485
AT5G46410	815	392	646	757	581	968
AT5G46420	2392	2706	1737	2458	3633	3863
AT5G46430	2777	3740	1955	2592	2816	2733
AT5G46440	58	73	54	53	52	54
AT5G46450	729	663	563	825	1242	1627
AT5G46460	63	10	26	46	37	31
AT5G46470	1204	219	996	1219	749	889
AT5G46490	169	63	125	164	121	159
AT5G46500	70	22	52	53	27	32
AT5G46510	1007	362	692	788	409	454
AT5G46520	89	28	46	99	31	29
AT5G46530	22	20	31	21	11	25
AT5G46540	0	0	2	0	0	0
AT5G46550	486	294	327	381	386	405
AT5G46560	264	146	199	202	164	177
AT5G46570	339	182	267	288	309	222
AT5G46580	1400	1129	1099	1481	3116	2426
AT5G46590	10	3	16	6	6	3
AT5G46595	0	0	0	0	0	0
AT5G46600	12	5	16	22	7	19
AT5G46610	0	0	0	1	0	0
AT5G46620	250	183	208	182	165	188
AT5G46630	1091	826	899	1021	968	1182
AT5G46640	92	52	80	82	103	136
AT5G46650	1	0	1	1	0	0
AT5G46660	0	0	0	0	0	1
AT5G46670	0	0	0	0	0	0
AT5G46680	83	55	52	56	44	51
AT5G46690	431	147	319	191	275	365
AT5G46700	270	236	207	219	252	239
AT5G46710	251	78	254	516	163	182
AT5G46720	40	24	15	24	19	24
AT5G46730	147	90	111	93	147	109
AT5G46740	253	71	186	191	240	148
AT5G46750	896	776	673	806	915	947
AT5G46760	1564	710	1179	1368	1195	1465
AT5G46770	0	0	0	1	0	1
AT5G46780	478	388	392	574	461	573
AT5G46790	318	530	228	304	363	379
AT5G46795	1	0	0	0	0	0
AT5G46800	302	702	225	339	687	714
AT5G46810	0	0	0	0	0	0
AT5G46820	0	0	0	0	0	0
AT5G46825	0	0	0	0	0	0
AT5G46830	5	0	7	1	1	0
AT5G46840	1391	964	1075	1191	822	1053
AT5G46845	0	0	1	1	0	2
AT5G46850	148	191	130	115	120	133
AT5G46860	1597	831	1261	1366	1070	1112
AT5G46870	34	41	42	50	51	67
AT5G46871	20	15	10	10	1	3
AT5G46873	0	0	0	0	0	0
AT5G46874	0	0	0	0	0	0
AT5G46877	0	0	0	0	0	0
AT5G46880	181	91	175	160	235	245
AT5G46890	30	0	45	18	0	1
AT5G46900	25	0	20	8	0	2
AT5G46910	253	131	184	209	135	143
AT5G46915	16	15	10	6	4	16
AT5G46920	375	234	300	393	441	392
AT5G46930	0	0	0	0	0	0
AT5G46940	0	0	1	0	0	0
AT5G46950	0	0	2	0	0	0
AT5G46960	1	0	3	0	0	0
AT5G46970	0	0	0	0	0	0
AT5G46980	0	0	0	0	0	0
AT5G46990	0	0	0	0	0	0
AT5G47000	5	2	5	4	0	2
AT5G47010	2028	872	1741	1932	2082	2083
AT5G47020	2170	660	1700	1717	1387	1915
AT5G47030	3141	3806	2567	2966	3622	3141
AT5G47040	1912	1837	1523	1951	2359	3369
AT5G47050	290	125	209	232	174	174
AT5G47060	472	300	409	340	369	316
AT5G47070	602	156	516	589	278	319
AT5G47075	0	0	0	0	0	0
AT5G47077	0	0	0	0	0	0
AT5G47080	717	450	519	690	568	611
AT5G47090	533	429	378	449	363	529
AT5G47100	253	202	162	191	182	214
AT5G47110	4097	4321	3514	3943	4439	5651
AT5G47120	726	439	579	541	418	424
AT5G47130	15	5	4	12	14	11
AT5G47140	221	128	185	230	162	159
AT5G47150	3	0	0	0	1	4
AT5G47160	30	13	25	18	30	44
AT5G47170	1	7	2	9	6	6
AT5G47175	0	0	0	0	0	0
AT5G47180	778	446	507	506	445	537
AT5G47190	2696	5028	2085	2968	4842	5064
AT5G47200	1395	1192	1172	1196	1211	1136
AT5G47210	6965	7333	5420	7427	9944	7734
AT5G47220	400	601	322	1026	280	440
AT5G47229	0	0	0	0	0	0
AT5G47230	806	437	697	2002	59	412
AT5G47240	446	358	403	952	303	393
AT5G47250	70	41	37	60	82	75
AT5G47260	0	0	0	0	0	0
AT5G47280	0	0	0	1	0	0
AT5G47290	0	0	0	0	0	0
AT5G47300	0	0	0	0	0	0
AT5G47310	934	697	717	777	636	787
AT5G47320	651	712	510	560	499	496
AT5G47330	54	29	31	31	27	19
AT5G47340	0	0	0	0	0	0
AT5G47350	7	3	2	4	1	2
AT5G47360	38	32	27	62	45	72
AT5G47370	612	501	436	934	726	686
AT5G47380	308	103	211	287	250	260
AT5G47390	815	662	635	847	754	902
AT5G47400	130	83	101	129	156	116
AT5G47420	218	156	176	221	181	115
AT5G47430	1485	851	1105	1182	996	1156
AT5G47435	1517	1492	1085	1411	1252	1576
AT5G47440	27	17	24	31	24	28
AT5G47450	3	5	7	2	0	0
AT5G47455	169	193	130	155	208	127
AT5G47460	45	13	31	32	33	27
AT5G47470	1	0	0	3	1	1
AT5G47480	2127	502	1619	1762	1579	1753
AT5G47490	610	142	486	573	486	555
AT5G47500	656	367	530	491	790	640
AT5G47510	137	36	97	83	36	44
AT5G47520	390	253	304	314	253	344
AT5G47530	8	0	5	2	8	3
AT5G47540	775	356	611	643	526	568
AT5G47550	876	474	644	419	310	295
AT5G47560	3624	3475	2737	3767	3574	4709
AT5G47570	641	1214	506	536	590	623
AT5G47580	267	155	235	296	225	264
AT5G47590	231	268	178	225	132	237
AT5G47600	13	9	3	7	9	4
AT5G47610	253	480	237	120	210	314
AT5G47620	966	716	776	679	686	861
AT5G47630	186	213	170	182	172	142
AT5G47635	24	2	10	5	1	1
AT5G47640	776	151	604	183	116	104
AT5G47650	385	253	272	216	255	293
AT5G47660	341	304	255	283	276	283
AT5G47670	3	0	0	4	1	0
AT5G47680	726	908	548	778	574	732
AT5G47690	3683	1498	2972	3397	4001	4084
AT5G47700	1293	2592	1016	1316	1617	1299
AT5G47710	205	162	145	163	110	130
AT5G47720	347	164	260	245	179	267
AT5G47730	425	201	266	253	328	261
AT5G47740	36	2	26	27	1	0
AT5G47750	903	302	738	635	690	737
AT5G47760	308	244	283	254	276	327
AT5G47770	960	1185	822	1015	1182	1401
AT5G47780	3181	1881	2449	3012	3373	3949
AT5G47790	354	215	253	319	266	307
AT5G47800	297	95	209	176	177	254
AT5G47810	286	115	179	197	109	122
AT5G47820	1672	467	1381	1657	1494	1899
AT5G47830	159	194	148	153	148	188
AT5G47840	2138	3925	1543	2134	2728	3386
AT5G47850	33	1	12	39	0	4
AT5G47860	1625	661	1178	1276	915	1070
AT5G47870	462	427	345	334	424	423
AT5G47880	696	451	573	594	635	595
AT5G47890	1615	2201	1187	1450	1222	1286
AT5G47900	149	70	121	112	100	127
AT5G47910	2159	452	1621	1929	1802	1276
AT5G47920	25	20	31	32	40	37
AT5G47930	1636	2489	1270	1785	2148	1682
AT5G47940	342	161	252	253	305	315
AT5G47950	6	0	10	1	1	2
AT5G47960	59	17	56	69	12	10
AT5G47970	327	202	230	267	237	256
AT5G47980	7	0	3	1	0	1
AT5G47990	95	0	97	9	3	2
AT5G48000	88	5	84	16	6	9
AT5G48010	78	4	97	7	5	3
AT5G48020	782	488	598	603	511	619
AT5G48030	455	274	322	402	502	394
AT5G48040	85	45	102	87	93	101
AT5G48050	11	3	14	4	12	5
AT5G48060	71	8	49	61	85	74
AT5G48070	2	1	2	2	2	0
AT5G48090	3	1	9	10	5	10
AT5G48100	0	0	0	0	0	0
AT5G48110	23	3	7	8	4	5
AT5G48120	657	291	520	656	636	670
AT5G48130	0	0	1	0	0	0
AT5G48140	0	0	0	0	0	0
AT5G48150	1207	554	798	1069	659	823
AT5G48160	2625	1636	2084	2897	1940	2916
AT5G48170	27	38	32	33	23	12
AT5G48175	2	2	1	1	0	0
AT5G48180	1325	615	1139	1049	540	604
AT5G48190	0	0	0	0	0	0
AT5G48200	0	0	0	0	0	0
AT5G48205	0	0	0	0	0	0
AT5G48210	0	0	0	0	0	0
AT5G48220	445	571	335	494	640	722
AT5G48230	659	457	573	795	807	741
AT5G48240	540	433	448	675	617	498
AT5G48250	1465	78	1200	1107	180	150
AT5G48270	0	0	0	0	0	0
AT5G48280	0	0	0	0	0	0
AT5G48290	25	4	15	19	3	6
AT5G48300	4088	3199	3749	3892	5694	5749
AT5G48310	132	108	99	179	389	254
AT5G48320	32	28	22	46	55	71
AT5G48330	226	119	176	204	148	164
AT5G48335	396	482	342	357	337	397
AT5G48340	270	219	203	224	187	253
AT5G48350	1	12	0	8	11	8
AT5G48360	627	332	487	624	904	845
AT5G48370	258	82	247	178	115	124
AT5G48375	0	0	0	1	0	0
AT5G48380	2665	497	2134	2723	1040	1069
AT5G48385	3636	1491	2714	3119	2369	2506
AT5G48390	11	1	3	7	4	6
AT5G48400	16	0	3	14	4	0
AT5G48410	20	0	18	27	3	2
AT5G48412	555	328	474	430	162	174
AT5G48420	0	0	0	0	0	0
AT5G48430	3	8	5	23	88	22
AT5G48440	346	133	279	241	181	196
AT5G48450	311	107	268	365	343	364
AT5G48460	447	221	336	505	588	608
AT5G48465	0	0	0	0	0	0
AT5G48470	645	551	456	567	1165	755
AT5G48480	763	1021	614	535	554	520
AT5G48485	0	0	0	0	0	0
AT5G48490	288	2882	182	238	743	1401
AT5G48500	475	235	366	223	213	196
AT5G48510	1	0	0	0	0	0
AT5G48515	0	0	0	0	0	0
AT5G48520	379	187	290	342	383	386
AT5G48530	265	113	197	205	154	171
AT5G48540	319	146	219	388	329	204
AT5G48543	0	0	0	0	0	0
AT5G48545	522	567	421	446	520	550
AT5G48550	2	0	0	2	0	6
AT5G48560	102	46	107	79	103	73
AT5G48570	258	312	171	550	572	442
AT5G48575	0	0	1	0	4	1
AT5G48580	815	769	667	744	658	680
AT5G48590	775	701	583	638	590	760
AT5G48595	0	0	0	0	0	0
AT5G48600	300	224	264	365	583	497
AT5G48605	0	0	0	0	0	0
AT5G48610	835	802	636	603	432	539
AT5G48620	1866	580	1504	1545	1554	2212
AT5G48630	522	586	375	436	532	534
AT5G48640	380	286	302	298	281	302
AT5G48650	40	24	37	48	34	37
AT5G48655	577	262	434	479	254	278
AT5G48657	108	8	87	157	77	25
AT5G48660	178	101	145	159	89	98
AT5G48670	26	10	20	28	23	19
AT5G48675	0	0	0	0	0	0
AT5G48680	379	295	299	331	331	327
AT5G48690	34	34	17	20	29	28
AT5G48700	0	0	0	0	0	0
AT5G48710	1	2	1	1	2	0
AT5G48720	274	151	207	202	201	199
AT5G48730	237	99	185	227	203	204
AT5G48740	36	15	30	17	27	27
AT5G48750	1	0	0	0	0	0
AT5G48760	766	878	592	757	803	684
AT5G48770	0	0	0	1	0	0
AT5G48775	21	11	17	16	22	28
AT5G48780	18	19	14	23	25	39
AT5G48790	1304	1664	911	1167	1137	1794
AT5G48800	136	65	125	116	141	97
AT5G48810	1525	1622	1202	1204	885	986
AT5G48820	43	42	34	20	78	39
AT5G48830	383	270	313	369	430	444
AT5G48835	0	0	0	0	0	0
AT5G48840	229	137	150	181	215	186
AT5G48850	195	8	119	3	2	11
AT5G48860	0	0	0	0	0	0
AT5G48870	209	287	171	201	195	189
AT5G48880	214	197	182	204	324	239
AT5G48890	1	1	2	0	2	1
AT5G48900	1112	374	799	1051	506	511
AT5G48905	0	0	0	0	0	0
AT5G48910	275	202	186	268	337	313
AT5G48920	27	79	28	44	142	75
AT5G48930	1689	1112	1483	1346	2049	2127
AT5G48940	23	4	16	8	21	7
AT5G48945	0	0	0	0	0	0
AT5G48950	16	22	17	13	17	13
AT5G48953	0	0	0	0	0	0
AT5G48960	705	267	657	532	480	466
AT5G48970	252	101	179	243	277	243
AT5G48980	2	9	5	2	11	20
AT5G48990	149	196	133	157	135	168
AT5G49000	64	58	77	80	90	77
AT5G49010	56	76	64	88	51	40
AT5G49015	272	168	198	254	95	107
AT5G49020	500	287	429	385	434	398
AT5G49030	1123	884	848	1273	3607	3097
AT5G49040	0	1	2	0	2	0
AT5G49050	0	0	0	0	0	0
AT5G49060	221	127	163	219	158	170
AT5G49070	17	2	7	11	3	16
AT5G49100	537	262	412	406	431	470
AT5G49110	139	35	102	128	117	93
AT5G49120	51	21	36	13	22	18
AT5G49130	0	0	0	0	0	0
AT5G49138	0	0	0	0	0	0
AT5G49140	0	0	0	0	0	0
AT5G49150	0	0	0	0	0	0
AT5G49152	3	0	0	0	0	0
AT5G49160	771	520	610	820	1227	1119
AT5G49170	139	48	107	138	61	62
AT5G49180	0	0	0	0	0	0
AT5G49190	66	10	35	52	20	22
AT5G49200	2	1	1	2	0	2
AT5G49210	349	420	273	304	276	283
AT5G49215	202	158	174	157	124	203
AT5G49220	341	260	295	255	263	287
AT5G49230	333	241	234	230	281	274
AT5G49240	0	0	0	0	0	0
AT5G49250	0	0	0	0	0	0
AT5G49260	0	0	0	0	0	0
AT5G49270	3	2	1	4	3	0
AT5G49280	430	171	378	162	133	116
AT5G49290	83	37	45	51	59	80
AT5G49300	65	83	73	69	46	53
AT5G49305	0	0	2	3	0	0
AT5G49310	2	0	0	0	2	2
AT5G49320	43	6	35	30	14	17
AT5G49330	143	32	116	46	65	34
AT5G49340	1	0	2	1	0	0
AT5G49350	11	4	11	2	5	1
AT5G49360	8538	7740	6725	10191	10327	16730
AT5G49390	141	51	102	128	86	115
AT5G49400	758	1025	612	844	719	933
AT5G49410	171	74	119	150	86	69
AT5G49420	1	1	0	2	1	0
AT5G49430	559	187	483	508	614	624
AT5G49435	0	0	0	0	0	0
AT5G49440	2252	1348	1547	1761	948	1248
AT5G49450	392	814	313	696	460	738
AT5G49460	1169	940	998	1160	1416	1496
AT5G49470	313	178	267	284	373	476
AT5G49480	1671	1382	1398	566	985	880
AT5G49490	0	0	0	0	0	0
AT5G49500	112	76	110	82	85	105
AT5G49510	718	646	527	669	674	623
AT5G49520	384	66	282	291	151	117
AT5G49525	15	4	15	4	3	4
AT5G49530	634	163	531	544	465	463
AT5G49540	477	399	378	376	353	309
AT5G49550	125	160	107	119	87	97
AT5G49555	615	292	499	419	454	483
AT5G49560	66	56	31	46	69	44
AT5G49570	313	125	271	324	313	348
AT5G49580	733	491	573	642	598	675
AT5G49590	0	0	0	0	0	0
AT5G49600	13	1	7	8	0	1
AT5G49610	54	36	42	50	40	45
AT5G49615	1	0	2	0	1	1
AT5G49620	3	0	8	3	0	1
AT5G49630	336	99	296	242	108	136
AT5G49640	0	0	0	0	0	0
AT5G49645	9	18	15	8	1	9
AT5G49650	1097	830	902	1033	902	1071
AT5G49660	1155	335	940	800	892	928
AT5G49665	296	140	222	275	226	275
AT5G49680	44	13	45	58	96	71
AT5G49690	16	7	18	29	24	25
AT5G49700	136	224	106	131	262	267
AT5G49710	300	280	218	271	199	339
AT5G49720	6538	3761	5235	5612	5912	7350
AT5G49730	633	519	518	649	983	1857
AT5G49740	210	198	160	155	366	496
AT5G49750	0	0	0	0	0	0
AT5G49760	1835	1238	1471	1623	2554	2495
AT5G49770	3	4	1	5	0	1
AT5G49780	5	3	7	13	4	3
AT5G49800	66	117	63	53	52	75
AT5G49810	873	422	708	837	1038	893
AT5G49820	681	469	549	675	714	833
AT5G49830	896	466	669	834	895	1094
AT5G49840	685	314	493	583	611	774
AT5G49850	26	9	11	17	17	2
AT5G49860	0	0	0	0	0	0
AT5G49870	2	0	1	1	0	0
AT5G49880	566	320	429	535	574	676
AT5G49890	943	396	779	930	668	644
AT5G49900	165	39	151	146	127	102
AT5G49910	2915	4433	2361	4193	10428	6632
AT5G49920	4	0	0	0	2	2
AT5G49930	907	449	706	760	779	887
AT5G49940	1105	1166	809	1048	992	1164
AT5G49945	434	366	368	448	400	488
AT5G49950	415	120	310	306	211	218
AT5G49960	415	110	268	314	172	191
AT5G49970	1223	834	922	1086	1368	1548
AT5G49980	1037	412	760	903	724	816
AT5G49990	379	199	292	215	237	232
AT5G50000	1397	919	1082	1390	1223	1417
AT5G50010	81	31	61	69	61	51
AT5G50020	647	297	518	565	433	461
AT5G50030	1	0	0	0	1	0
AT5G50040	0	0	0	0	0	0
AT5G50050	0	0	3	0	0	0
AT5G50060	1	3	2	0	0	1
AT5G50070	0	0	0	0	0	0
AT5G50080	0	0	0	1	0	0
AT5G50090	49	20	38	45	28	44
AT5G50100	240	445	236	203	413	484
AT5G50110	169	91	135	123	183	102
AT5G50115	0	0	0	0	0	0
AT5G50120	15	10	9	16	14	5
AT5G50130	202	83	180	243	133	166
AT5G50140	0	1	0	1	0	0
AT5G50150	591	243	527	480	397	409
AT5G50160	1758	267	1396	1027	674	673
AT5G50170	192	72	167	175	216	239
AT5G50175	1	2	3	0	0	1
AT5G50180	813	392	606	684	543	613
AT5G50190	0	0	0	0	0	0
AT5G50200	303	89	208	187	310	127
AT5G50210	596	300	467	469	750	726
AT5G50220	0	0	0	0	0	0
AT5G50230	324	205	312	304	270	354
AT5G50240	83	55	59	33	40	44
AT5G50250	1102	1450	924	1061	1702	1581
AT5G50260	18	4	6	1	8	3
AT5G50270	0	0	0	0	0	0
AT5G50280	441	253	341	500	635	578
AT5G50290	17	3	4	9	9	9
AT5G50300	2	0	0	0	1	0
AT5G50310	1215	560	954	1092	1054	1048
AT5G50320	521	233	413	457	397	423
AT5G50330	164	57	132	119	91	121
AT5G50335	544	130	371	466	53	80
AT5G50340	259	111	190	203	218	187
AT5G50345	0	0	0	0	0	0
AT5G50350	211	105	170	175	218	208
AT5G50360	280	0	210	6	1	0
AT5G50361	0	0	1	1	0	0
AT5G50365	0	0	0	0	0	0
AT5G50370	420	603	323	389	471	367
AT5G50375	209	168	173	222	170	200
AT5G50380	758	376	540	653	606	673
AT5G50390	142	70	115	174	146	165
AT5G50400	525	151	319	337	330	350
AT5G50410	323	252	250	287	269	282
AT5G50420	388	138	340	377	295	338
AT5G50423	0	0	0	0	0	0
AT5G50430	1005	542	743	776	480	602
AT5G50440	109	89	96	111	83	114
AT5G50443	2	0	6	4	3	7
AT5G50450	226	163	229	278	107	180
AT5G50460	803	1185	624	846	910	678
AT5G50470	0	0	0	1	0	0
AT5G50480	0	0	0	0	0	0
AT5G50490	0	0	0	0	0	0
AT5G50500	0	0	0	0	0	0
AT5G50510	0	0	0	0	0	0
AT5G50520	0	0	0	0	0	0
AT5G50530	0	0	0	3	0	0
AT5G50540	0	0	0	0	0	0
AT5G50550	0	0	0	0	0	0
AT5G50560	0	0	0	0	0	0
AT5G50562	0	0	0	0	0	0
AT5G50565	0	0	0	0	0	0
AT5G50570	0	0	0	0	0	0
AT5G50580	0	0	0	0	0	0
AT5G50590	0	0	0	0	0	0
AT5G50600	0	0	0	0	0	0
AT5G50610	0	0	0	0	0	0
AT5G50620	0	0	0	0	0	0
AT5G50630	0	0	0	0	0	0
AT5G50640	0	0	0	1	1	6
AT5G50650	0	0	0	0	0	0
AT5G50660	0	0	0	0	0	0
AT5G50665	0	0	0	0	0	0
AT5G50670	0	0	0	0	0	0
AT5G50680	0	0	0	0	0	0
AT5G50690	0	0	0	0	0	0
AT5G50700	0	0	0	0	0	0
AT5G50710	0	0	0	0	0	0
AT5G50717	0	0	0	0	0	0
AT5G50720	36	32	27	48	15	17
AT5G50740	576	898	416	348	540	451
AT5G50750	4	3	0	1	13	8
AT5G50760	5	15	10	18	8	9
AT5G50770	0	1	0	0	1	0
AT5G50780	407	192	351	366	319	408
AT5G50790	23	43	18	80	17	39
AT5G50800	18	1	21	4	4	0
AT5G50805	0	0	0	0	0	0
AT5G50810	242	314	235	253	311	196
AT5G50820	34	26	20	21	18	18
AT5G50830	0	0	1	0	0	0
AT5G50840	375	175	301	319	320	262
AT5G50850	2267	2689	1868	2152	2988	2694
AT5G50860	528	254	452	496	530	534
AT5G50870	666	634	483	587	724	710
AT5G50890	116	74	112	120	169	127
AT5G50900	253	218	270	261	208	229
AT5G50910	0	0	0	0	0	0
AT5G50915	63	161	58	103	181	225
AT5G50920	26303	18586	21963	27574	34557	41596
AT5G50930	27	23	22	45	64	54
AT5G50940	25	11	11	17	7	11
AT5G50950	661	263	533	584	376	595
AT5G50960	612	406	492	582	553	561
AT5G50970	330	102	247	233	182	215
AT5G50990	58	33	36	35	29	38
AT5G50995	0	0	0	0	0	0
AT5G51000	0	0	0	2	0	0
AT5G51010	977	1957	848	938	993	1363
AT5G51020	641	799	503	668	742	1008
AT5G51030	8	3	2	3	10	10
AT5G51040	595	652	466	419	626	575
AT5G51050	336	69	297	212	141	154
AT5G51055	0	0	0	0	0	0
AT5G51060	15	4	17	15	2	1
AT5G51070	4864	1424	4176	5481	2610	3727
AT5G51080	106	78	108	74	68	80
AT5G51090	0	0	0	0	0	0
AT5G51100	481	637	394	505	795	666
AT5G51105	0	0	0	0	0	0
AT5G51110	1987	4540	1434	2188	3367	3770
AT5G51120	543	497	420	490	495	456
AT5G51130	119	63	95	84	84	93
AT5G51140	834	633	691	812	875	1080
AT5G51150	814	576	555	737	552	797
AT5G51160	3	0	4	3	1	1
AT5G51170	141	64	95	88	54	86
AT5G51174	4	3	0	11	6	1
AT5G51180	740	338	615	601	582	729
AT5G51190	0	0	0	0	0	0
AT5G51195	0	0	0	0	0	0
AT5G51200	1588	744	1248	1920	2194	2440
AT5G51210	1	0	0	1	1	2
AT5G51220	272	204	230	266	369	259
AT5G51230	671	304	506	534	651	635
AT5G51250	0	0	0	0	0	0
AT5G51260	140	52	100	88	81	57
AT5G51270	4	1	6	4	3	2
AT5G51280	399	252	335	378	378	379
AT5G51290	791	262	576	542	374	552
AT5G51300	1491	633	1187	1305	1406	1571
AT5G51310	12	5	7	6	12	7
AT5G51330	6	6	2	5	5	8
AT5G51340	641	203	564	591	563	564
AT5G51350	343	62	252	255	162	158
AT5G51360	0	0	0	0	0	0
AT5G51370	114	60	91	87	78	86
AT5G51380	107	93	82	84	114	128
AT5G51390	73	172	36	116	71	106
AT5G51400	1077	1092	867	1026	918	1273
AT5G51410	997	882	721	765	604	851
AT5G51420	0	0	1	0	0	0
AT5G51430	890	456	745	821	911	1007
AT5G51440	28	299	24	124	194	241
AT5G51450	371	121	341	315	225	307
AT5G51451	17	31	30	20	14	22
AT5G51460	412	342	295	357	647	607
AT5G51465	7	0	1	20	3	1
AT5G51470	11	0	2	8	2	13
AT5G51480	7	9	7	7	4	9
AT5G51490	4	0	2	0	0	0
AT5G51500	0	0	0	0	0	0
AT5G51510	356	292	239	297	190	181
AT5G51520	1	0	0	0	0	0
AT5G51530	9	2	8	6	4	8
AT5G51540	231	79	203	237	230	163
AT5G51545	464	902	377	472	684	789
AT5G51550	1159	2186	964	1180	1906	2548
AT5G51560	387	186	316	347	389	413
AT5G51570	654	296	470	556	223	255
AT5G51580	1	5	1	1	1	0
AT5G51585	0	0	0	0	0	0
AT5G51590	85	46	63	93	110	76
AT5G51600	305	226	260	300	579	419
AT5G51610	2	2	4	0	0	1
AT5G51620	359	380	238	288	186	222
AT5G51630	177	39	131	174	88	145
AT5G51640	114	18	120	122	73	63
AT5G51650	0	0	0	0	0	0
AT5G51660	781	254	653	769	825	850
AT5G51670	153	119	118	201	155	206
AT5G51680	5	1	0	3	4	0
AT5G51690	167	15	169	269	248	296
AT5G51700	343	235	229	294	319	335
AT5G51710	230	66	165	131	116	121
AT5G51720	174	1356	131	175	414	760
AT5G51730	409	311	235	306	345	357
AT5G51740	117	124	77	143	140	154
AT5G51750	1695	1134	1385	1468	2582	2305
AT5G51760	0	0	0	0	0	0
AT5G51770	315	243	212	181	160	160
AT5G51780	5	3	6	5	2	8
AT5G51790	74	123	64	172	58	150
AT5G51795	92	134	85	119	98	167
AT5G51800	10	3	2	4	4	7
AT5G51810	35	38	39	57	33	46
AT5G51820	2499	1099	2196	2111	2018	2245
AT5G51830	245	212	188	163	251	238
AT5G51840	476	343	328	419	478	476
AT5G51845	0	0	0	0	0	0
AT5G51850	79	34	67	47	84	111
AT5G51860	0	0	0	0	0	0
AT5G51870	0	1	0	1	0	0
AT5G51880	418	380	310	422	366	427
AT5G51890	590	307	616	389	505	480
AT5G51900	0	0	0	0	0	0
AT5G51910	44	53	37	46	51	56
AT5G51915	0	0	0	0	0	0
AT5G51920	31	6	32	27	19	23
AT5G51930	2	0	0	3	0	2
AT5G51940	426	454	338	379	372	328
AT5G51950	4	4	6	5	5	7
AT5G51960	229	402	219	265	216	280
AT5G51970	2091	1712	1582	2157	1374	2267
AT5G51980	420	192	365	330	305	294
AT5G51990	57	0	33	3	0	0
AT5G52000	2	1	2	1	1	2
AT5G52010	390	412	304	362	531	483
AT5G52020	31	1	31	10	0	1
AT5G52030	163	106	129	111	112	167
AT5G52040	2011	1219	1427	1718	1902	1833
AT5G52045	0	0	0	0	0	0
AT5G52050	392	71	284	329	113	122
AT5G52060	860	1014	693	899	1259	1269
AT5G52070	162	35	116	104	24	54
AT5G52080	0	0	0	0	0	0
AT5G52090	0	0	0	0	0	0
AT5G52100	275	517	209	293	391	492
AT5G52110	125	198	136	149	229	229
AT5G52115	0	0	0	0	0	0
AT5G52120	127	91	113	126	81	112
AT5G52130	0	0	0	0	0	0
AT5G52140	0	0	0	0	0	0
AT5G52150	0	0	0	0	0	0
AT5G52155	0	0	0	0	0	0
AT5G52160	0	0	0	0	0	0
AT5G52170	21	11	22	18	7	5
AT5G52180	0	0	0	0	0	0
AT5G52190	0	0	0	0	0	0
AT5G52200	762	560	528	531	484	566
AT5G52210	391	293	355	360	324	411
AT5G52220	18	13	14	17	8	17
AT5G52230	421	144	335	341	271	335
AT5G52240	1971	1803	1510	1519	1095	1431
AT5G52250	73	169	84	104	145	200
AT5G52260	3	0	3	2	0	0
AT5G52270	3	2	3	4	5	5
AT5G52280	984	457	766	828	780	969
AT5G52290	13	5	7	13	33	20
AT5G52300	899	19	632	25	72	15
AT5G52310	4799	255	3788	1161	566	329
AT5G52320	148	20	101	61	93	38
AT5G52330	5	0	1	0	1	1
AT5G52340	13	12	12	6	15	10
AT5G52350	2	1	0	0	0	0
AT5G52355	0	0	0	0	0	0
AT5G52360	0	0	0	0	0	0
AT5G52370	256	295	216	244	148	202
AT5G52380	233	155	191	176	155	157
AT5G52390	2	0	0	5	0	0
AT5G52400	0	0	1	3	0	0
AT5G52410	282	138	244	199	238	222
AT5G52420	349	365	290	253	411	398
AT5G52430	614	251	474	466	368	452
AT5G52440	2382	2787	1762	2545	3161	3471
AT5G52450	329	68	293	213	117	139
AT5G52460	0	0	0	0	0	0
AT5G52470	2386	1891	1850	2149	2592	2205
AT5G52471	1	3	2	0	1	0
AT5G52480	0	0	0	0	0	0
AT5G52490	0	0	0	0	0	0
AT5G52495	0	0	0	0	0	0
AT5G52500	0	0	0	0	0	0
AT5G52510	568	283	447	419	480	478
AT5G52520	1351	1187	970	1346	2515	2320
AT5G52530	1422	320	1169	1425	1091	1244
AT5G52540	262	162	210	230	270	270
AT5G52545	126	91	76	61	63	82
AT5G52547	8	14	5	9	6	15
AT5G52550	1039	447	754	654	531	682
AT5G52560	592	221	550	482	635	539
AT5G52570	72	337	41	47	397	467
AT5G52580	1223	763	928	941	964	1150
AT5G52600	17	21	14	7	13	15
AT5G52605	0	0	0	0	0	0
AT5G52610	0	0	0	0	0	0
AT5G52620	0	0	0	1	0	0
AT5G52630	89	39	91	89	62	64
AT5G52640	260	587	191	716	495	634
AT5G52650	1671	2847	1290	1797	2216	1958
AT5G52655	0	0	0	0	0	0
AT5G52660	292	117	233	218	178	183
AT5G52670	0	0	0	0	0	0
AT5G52680	0	0	0	0	0	0
AT5G52690	0	0	0	0	0	0
AT5G52700	0	0	0	0	0	0
AT5G52710	0	0	0	1	0	0
AT5G52720	8	8	3	6	1	5
AT5G52730	0	0	0	1	0	0
AT5G52740	12	2	8	7	1	0
AT5G52750	1154	171	918	949	97	178
AT5G52760	118	15	92	180	5	8
AT5G52770	9	3	2	0	1	1
AT5G52780	859	1056	667	858	649	740
AT5G52790	29	5	9	17	8	6
AT5G52797	0	0	0	0	0	0
AT5G52800	15	1	19	22	33	24
AT5G52810	188	240	139	171	295	220
AT5G52815	0	0	0	0	0	0
AT5G52820	676	427	538	699	644	613
AT5G52830	121	47	87	140	115	110
AT5G52840	1375	1481	1058	1291	1144	1167
AT5G52850	97	31	70	97	76	53
AT5G52860	227	140	176	234	280	227
AT5G52870	210	142	176	274	213	223
AT5G52880	286	173	220	237	166	182
AT5G52882	2115	2014	1714	3208	4088	5291
AT5G52890	66	67	56	108	114	98
AT5G52900	300	393	195	570	312	481
AT5G52910	447	144	321	579	332	318
AT5G52920	3756	2127	3317	4888	4253	4806
AT5G52930	20	54	17	39	23	35
AT5G52940	8	23	6	3	27	20
AT5G52950	90	38	75	114	110	105
AT5G52960	793	1556	622	920	1055	1299
AT5G52965	1	0	0	0	0	0
AT5G52970	1107	2149	796	1106	1395	1663
AT5G52975	0	0	1	0	0	0
AT5G52980	267	166	200	204	158	154
AT5G52990	80	37	92	97	42	32
AT5G53000	824	622	701	700	736	805
AT5G53010	439	89	317	326	283	266
AT5G53020	636	213	438	472	351	457
AT5G53030	51	41	52	60	55	60
AT5G53040	0	0	0	0	0	0
AT5G53045	123	124	81	105	105	112
AT5G53048	651	11	464	180	14	36
AT5G53050	502	206	416	455	391	561
AT5G53060	272	115	236	239	287	333
AT5G53070	273	211	208	241	281	238
AT5G53080	174	104	132	168	160	180
AT5G53090	134	86	78	96	70	64
AT5G53100	2	3	0	4	0	2
AT5G53110	20	3	13	14	28	3
AT5G53120	325	216	242	213	284	274
AT5G53130	1698	508	1293	1767	1035	1271
AT5G53140	2658	1581	2002	2156	1991	1950
AT5G53150	941	304	699	748	604	796
AT5G53160	2324	2108	1756	2644	1775	2606
AT5G53170	1742	1026	1404	1718	2590	2805
AT5G53180	628	309	517	588	546	558
AT5G53190	0	0	0	0	0	0
AT5G53200	12	21	7	13	12	11
AT5G53210	200	120	158	190	325	347
AT5G53220	216	80	139	159	95	135
AT5G53230	0	0	7	7	30	8
AT5G53240	0	1	0	0	16	2
AT5G53250	38	7	17	53	4	2
AT5G53260	0	0	0	0	0	0
AT5G53270	0	0	0	0	0	0
AT5G53280	218	147	175	178	177	203
AT5G53290	48	56	57	72	59	82
AT5G53300	9852	9129	8010	8690	5876	7938
AT5G53310	585	627	446	567	527	728
AT5G53320	25	7	18	6	4	3
AT5G53330	501	407	383	399	418	414
AT5G53340	319	144	281	296	357	331
AT5G53350	2658	1357	1997	2362	2212	2635
AT5G53360	132	80	65	78	66	60
AT5G53370	824	787	605	540	1398	1334
AT5G53380	0	0	0	0	0	0
AT5G53390	0	0	0	0	2	2
AT5G53400	429	410	357	488	441	465
AT5G53410	0	0	0	0	0	0
AT5G53420	1648	314	1229	750	517	411
AT5G53430	407	82	231	257	339	309
AT5G53440	1144	654	984	1215	1247	1585
AT5G53450	1122	401	861	974	2046	937
AT5G53460	8045	2859	6434	8079	12245	11292
AT5G53470	271	213	222	214	229	284
AT5G53480	2265	885	1859	2386	2204	2342
AT5G53486	49	66	45	35	58	66
AT5G53487	0	0	0	0	0	0
AT5G53490	2284	5009	1841	2863	3224	4639
AT5G53500	756	275	593	531	393	757
AT5G53510	0	0	0	0	0	0
AT5G53520	0	0	0	0	0	0
AT5G53530	736	578	541	725	523	636
AT5G53540	961	790	795	865	941	923
AT5G53550	1730	690	1323	1548	1443	1747
AT5G53560	3577	4402	2688	3515	3131	3230
AT5G53570	1274	388	1028	1049	609	843
AT5G53580	910	744	759	787	1050	1164
AT5G53590	151	51	144	106	58	66
AT5G53592	10	5	8	10	12	3
AT5G53600	1	0	0	1	0	0
AT5G53610	0	0	0	0	0	0
AT5G53620	1201	572	870	1062	1459	1395
AT5G53635	0	0	0	0	0	0
AT5G53637	0	0	0	0	0	0
AT5G53640	0	0	0	0	0	0
AT5G53650	241	394	217	213	196	237
AT5G53660	57	15	39	34	10	2
AT5G53670	0	0	0	0	0	0
AT5G53680	0	0	0	0	0	0
AT5G53700	8	1	2	5	0	1
AT5G53710	2	0	3	0	0	0
AT5G53720	0	0	0	0	0	0
AT5G53730	355	158	336	279	186	219
AT5G53740	3	23	6	2	5	6
AT5G53742	0	0	0	0	0	0
AT5G53750	287	137	209	368	145	143
AT5G53760	246	66	177	130	115	109
AT5G53770	462	189	351	410	373	397
AT5G53780	0	0	0	0	0	0
AT5G53790	0	0	0	0	0	0
AT5G53800	1045	1489	694	692	537	638
AT5G53810	12	21	0	4	5	3
AT5G53820	43	8	24	16	16	11
AT5G53830	370	109	327	411	200	217
AT5G53840	3	0	0	0	0	0
AT5G53850	2241	1147	1708	1972	1826	2223
AT5G53860	1772	1967	1308	1695	2516	2508
AT5G53870	55	19	67	42	30	22
AT5G53880	2221	5138	1622	1655	1636	1773
AT5G53890	403	130	355	298	278	353
AT5G53895	20	27	11	13	11	12
AT5G53900	486	265	338	366	389	397
AT5G53902	6	9	3	4	6	5
AT5G53905	3	0	0	0	0	0
AT5G53910	0	0	0	0	0	0
AT5G53920	81	20	61	63	76	55
AT5G53930	384	307	282	346	282	362
AT5G53940	366	395	289	292	324	362
AT5G53950	5	4	3	6	13	8
AT5G53960	0	0	0	0	0	0
AT5G53970	254	283	203	252	425	506
AT5G53980	47	37	39	54	27	15
AT5G53990	7	0	2	1	0	1
AT5G54000	0	0	0	1	0	0
AT5G54010	0	0	0	0	0	0
AT5G54020	3	0	2	0	0	0
AT5G54030	0	0	0	0	0	0
AT5G54035	0	0	0	0	0	0
AT5G54040	0	2	3	0	1	1
AT5G54043	0	0	0	0	0	0
AT5G54050	0	0	0	0	0	0
AT5G54060	0	1	0	0	22	7
AT5G54062	0	0	0	0	0	0
AT5G54067	2	2	2	1	1	3
AT5G54070	2	0	0	0	0	0
AT5G54075	0	0	0	0	0	0
AT5G54080	1423	608	985	1337	480	987
AT5G54090	164	34	123	125	146	184
AT5G54095	6	9	2	4	1	3
AT5G54100	163	110	103	122	311	218
AT5G54110	634	718	489	543	692	859
AT5G54130	91	80	62	97	147	146
AT5G54140	60	48	33	52	48	48
AT5G54145	78	145	56	85	88	116
AT5G54148	15	17	3	8	20	26
AT5G54150	0	0	0	0	1	1
AT5G54160	2280	3313	1984	2315	5839	4181
AT5G54165	4	15	6	8	4	5
AT5G54170	673	478	402	751	753	754
AT5G54180	193	158	190	238	326	284
AT5G54190	169	24	169	118	13	40
AT5G54200	437	165	372	425	361	509
AT5G54210	0	0	0	0	0	0
AT5G54215	0	0	0	0	0	0
AT5G54220	0	0	0	0	0	0
AT5G54225	0	0	0	0	0	0
AT5G54230	12	0	7	2	12	2
AT5G54240	28	6	15	35	10	13
AT5G54250	746	196	534	654	282	286
AT5G54260	226	167	142	233	217	268
AT5G54270	48492	116239	40788	52323	69150	120300
AT5G54280	793	244	748	757	538	731
AT5G54290	1099	749	876	935	1035	1290
AT5G54300	146	233	121	192	169	238
AT5G54310	2363	1428	1843	2321	2168	2734
AT5G54320	0	0	0	0	0	0
AT5G54330	0	0	0	0	0	0
AT5G54340	0	0	0	0	0	0
AT5G54350	0	0	0	0	0	0
AT5G54360	0	0	0	0	0	0
AT5G54365	0	0	0	0	0	0
AT5G54370	2	0	4	0	0	0
AT5G54375	0	0	0	0	0	0
AT5G54380	1530	741	1306	1572	1531	1817
AT5G54390	1627	932	1124	1221	1107	1348
AT5G54400	8	6	18	4	1	14
AT5G54410	0	0	0	0	0	0
AT5G54420	0	0	0	0	1	0
AT5G54430	1102	715	850	860	844	855
AT5G54440	823	350	716	868	1036	1029
AT5G54450	3	1	0	0	3	1
AT5G54460	0	0	0	0	0	0
AT5G54470	77	100	45	86	97	98
AT5G54480	0	0	0	0	0	0
AT5G54490	167	144	97	188	18	81
AT5G54500	2892	2713	2282	2778	2645	2536
AT5G54510	1302	523	1092	1652	1286	1321
AT5G54520	177	120	143	156	131	163
AT5G54530	75	93	59	61	51	68
AT5G54540	1712	2037	1438	1612	1292	1724
AT5G54550	5	1	2	0	4	2
AT5G54560	1	0	0	0	1	0
AT5G54569	32	42	28	27	17	29
AT5G54570	2	0	3	2	4	2
AT5G54580	397	332	325	367	427	366
AT5G54585	56	28	37	22	13	30
AT5G54590	115	73	92	115	115	103
AT5G54600	10075	17605	7624	10501	14607	15916
AT5G54610	11	1	4	11	4	0
AT5G54620	0	0	0	2	0	2
AT5G54630	825	1160	653	825	1060	1307
AT5G54640	394	400	338	249	187	310
AT5G54650	338	93	249	335	306	325
AT5G54660	198	118	144	130	122	96
AT5G54670	184	90	196	163	264	224
AT5G54680	2224	1513	1635	1624	1319	1506
AT5G54690	46	13	43	22	40	50
AT5G54700	0	0	2	0	3	3
AT5G54710	918	294	677	1229	615	590
AT5G54720	102	9	89	238	134	115
AT5G54730	848	215	622	826	421	599
AT5G54740	0	0	3	0	0	0
AT5G54745	0	0	0	0	0	0
AT5G54750	483	522	365	378	364	368
AT5G54760	1904	1653	1538	1850	1729	1774
AT5G54770	40117	49358	33808	42406	34495	43297
AT5G54780	267	185	192	208	195	250
AT5G54790	0	0	0	0	0	0
AT5G54800	702	446	579	485	473	476
AT5G54810	3814	1677	3161	4342	3389	3049
AT5G54820	0	0	0	0	0	0
AT5G54830	455	163	401	389	350	372
AT5G54840	168	61	161	83	92	108
AT5G54850	159	72	162	174	101	125
AT5G54855	456	525	341	302	263	348
AT5G54860	325	55	254	265	104	108
AT5G54865	0	0	0	0	0	0
AT5G54870	661	400	548	634	580	666
AT5G54880	110	64	85	87	104	111
AT5G54890	145	111	99	111	128	117
AT5G54900	802	528	629	675	1029	835
AT5G54910	484	333	424	450	381	374
AT5G54920	165	117	181	186	257	223
AT5G54930	186	49	198	127	65	76
AT5G54940	5207	6556	4131	5520	5010	6877
AT5G54950	1	4	2	4	1	1
AT5G54960	1724	669	1398	1848	1132	944
AT5G54970	158	119	120	174	144	67
AT5G54980	460	711	307	366	354	469
AT5G54990	1	0	0	0	2	0
AT5G55000	293	288	245	211	173	220
AT5G55010	9	4	12	9	8	9
AT5G55020	6	3	6	3	2	1
AT5G55040	2503	1886	1868	1909	1837	2474
AT5G55045	1	0	0	0	0	0
AT5G55050	114	74	93	105	86	98
AT5G55055	0	0	0	0	0	0
AT5G55060	661	271	527	565	500	604
AT5G55070	1195	404	882	929	1262	915
AT5G55080	1	0	0	0	0	0
AT5G55090	42	13	18	15	9	4
AT5G55100	1619	387	1147	1281	1071	1292
AT5G55110	2	0	0	0	1	0
AT5G55120	870	544	658	823	695	659
AT5G55125	284	236	212	198	206	146
AT5G55130	492	225	374	448	338	366
AT5G55131	0	0	0	0	0	0
AT5G55132	0	0	0	0	0	0
AT5G55135	1	0	0	0	0	0
AT5G55140	427	415	304	372	300	289
AT5G55150	2	4	0	2	10	5
AT5G55160	1241	1809	989	1045	869	970
AT5G55170	22	6	6	11	8	5
AT5G55180	404	518	354	524	1072	893
AT5G55190	2671	3058	2159	2359	2232	2171
AT5G55200	177	109	135	150	262	171
AT5G55210	496	405	343	337	318	377
AT5G55220	2697	3649	2275	3048	6944	6512
AT5G55230	2128	1322	1732	1959	2104	2383
AT5G55240	0	0	0	0	0	0
AT5G55250	50	29	29	98	61	59
AT5G55260	324	170	236	245	133	208
AT5G55270	3	1	0	0	11	0
AT5G55280	1428	1606	1152	1512	1952	1715
AT5G55290	615	740	430	531	413	443
AT5G55300	1853	933	1469	1804	1824	2123
AT5G55310	1245	381	967	998	1011	1078
AT5G55320	0	0	0	0	0	0
AT5G55330	0	2	0	2	2	2
AT5G55340	25	15	21	15	32	32
AT5G55350	3	3	4	1	3	1
AT5G55360	1	0	0	0	1	0
AT5G55370	0	2	1	0	3	1
AT5G55380	45	40	46	29	28	28
AT5G55390	1273	263	1014	932	922	955
AT5G55400	223	89	159	161	184	194
AT5G55410	25	0	10	3	0	2
AT5G55430	0	0	0	0	0	0
AT5G55440	0	0	1	0	0	0
AT5G55450	3	5	4	0	1	3
AT5G55460	34	8	24	43	17	22
AT5G55470	113	19	72	66	68	92
AT5G55480	597	276	477	540	954	852
AT5G55490	43	22	34	35	22	29
AT5G55500	512	225	387	437	353	414
AT5G55505	0	0	0	0	0	0
AT5G55507	4	2	1	1	1	0
AT5G55508	0	0	0	0	0	0
AT5G55510	189	374	170	206	300	214
AT5G55520	223	138	177	240	544	464
AT5G55530	1077	593	752	763	591	616
AT5G55540	679	236	563	737	1121	1179
AT5G55550	405	210	265	262	299	307
AT5G55560	40	12	31	31	7	6
AT5G55565	0	0	0	0	0	0
AT5G55570	29	33	18	4	46	25
AT5G55580	512	138	427	331	401	388
AT5G55590	9	2	12	5	2	1
AT5G55600	1009	300	744	855	639	901
AT5G55610	527	470	454	488	525	430
AT5G55620	383	532	375	335	620	623
AT5G55630	589	689	392	565	520	653
AT5G55640	246	258	196	194	143	187
AT5G55650	3	0	1	1	1	0
AT5G55660	5943	6539	4197	4383	4011	4133
AT5G55670	978	528	721	795	912	883
AT5G55680	23	13	21	22	15	22
AT5G55690	44	2	30	2	1	1
AT5G55700	454	513	380	481	355	755
AT5G55710	753	1196	648	618	1301	1355
AT5G55720	14	48	6	5	42	45
AT5G55730	535	353	473	618	907	605
AT5G55740	282	171	249	262	519	494
AT5G55750	7	0	0	0	0	0
AT5G55760	169	68	121	108	109	104
AT5G55770	0	0	0	0	0	0
AT5G55780	1	0	0	1	1	0
AT5G55790	341	244	262	298	265	314
AT5G55800	2	0	0	0	2	0
AT5G55810	133	103	107	106	102	102
AT5G55820	408	610	246	332	583	602
AT5G55830	15	13	31	36	60	53
AT5G55835	0	0	1	0	0	0
AT5G55840	142	37	121	135	140	133
AT5G55850	1362	1841	1077	1315	998	1235
AT5G55855	0	0	0	0	0	0
AT5G55856	0	0	0	0	0	0
AT5G55860	667	292	397	517	401	467
AT5G55870	0	0	0	0	0	0
AT5G55880	0	0	0	0	0	0
AT5G55890	0	0	0	0	0	0
AT5G55893	0	5	2	1	1	0
AT5G55900	77	37	45	71	62	69
AT5G55910	1125	955	865	959	983	1339
AT5G55920	1312	1151	1040	1322	1296	876
AT5G55930	255	143	245	391	433	626
AT5G55940	727	807	504	617	530	600
AT5G55950	15	5	11	6	13	15
AT5G55960	317	186	284	251	217	262
AT5G55970	256	88	187	247	67	161
AT5G55980	0	0	0	0	0	0
AT5G55990	503	408	344	435	339	404
AT5G56000	439	348	415	496	440	352
AT5G56010	1662	2028	1322	2592	3034	1867
AT5G56020	225	106	129	176	130	221
AT5G56030	2293	2642	1849	3484	4146	2884
AT5G56040	1162	176	983	817	487	597
AT5G56050	23	20	25	31	13	26
AT5G56060	0	0	0	2	0	0
AT5G56070	0	0	0	0	0	0
AT5G56075	0	0	0	0	0	0
AT5G56080	3	1	0	0	0	1
AT5G56090	207	167	135	156	285	177
AT5G56100	154	363	106	204	108	232
AT5G56110	0	0	0	0	0	0
AT5G56120	161	136	117	141	188	111
AT5G56130	231	128	189	203	249	193
AT5G56140	1091	849	861	1071	702	1079
AT5G56150	832	558	657	579	538	493
AT5G56160	61	30	62	56	41	43
AT5G56170	1502	1928	1188	1316	1373	1649
AT5G56180	538	191	405	430	308	406
AT5G56190	651	254	458	525	360	377
AT5G56200	12	2	12	8	3	5
AT5G56210	480	354	372	375	282	425
AT5G56220	791	267	657	797	532	687
AT5G56230	29	29	30	42	23	24
AT5G56240	1770	458	1362	1753	1469	2051
AT5G56250	747	262	628	666	653	736
AT5G56260	439	489	386	464	470	539
AT5G56270	431	97	324	414	385	384
AT5G56280	707	399	484	669	643	680
AT5G56290	1070	609	978	1053	1241	1404
AT5G56300	14	11	9	9	26	23
AT5G56310	69	12	36	57	36	29
AT5G56320	31	9	19	28	13	16
AT5G56325	0	0	0	0	0	0
AT5G56330	0	0	0	0	0	0
AT5G56340	330	301	263	362	260	302
AT5G56350	868	434	656	679	982	735
AT5G56360	2693	1997	2024	2515	2464	2351
AT5G56365	0	0	0	0	0	0
AT5G56368	1	0	2	0	0	0
AT5G56369	0	0	0	0	0	0
AT5G56370	55	22	21	22	6	15
AT5G56380	254	123	193	212	217	197
AT5G56390	0	0	0	0	0	0
AT5G56400	0	0	0	0	0	0
AT5G56410	0	0	0	0	0	0
AT5G56420	127	92	94	120	81	105
AT5G56430	0	0	0	0	0	0
AT5G56440	0	0	0	0	0	0
AT5G56450	85	61	60	75	102	108
AT5G56452	0	0	0	0	0	0
AT5G56460	124	98	82	95	112	113
AT5G56470	0	0	0	0	0	0
AT5G56480	0	0	0	0	0	0
AT5G56490	27	27	23	24	20	20
AT5G56500	526	308	392	488	850	547
AT5G56510	1	0	3	1	2	2
AT5G56520	228	170	165	146	137	217
AT5G56530	342	226	276	344	319	393
AT5G56540	36	29	63	36	27	35
AT5G56550	167	315	129	335	167	303
AT5G56555	1	2	3	5	0	1
AT5G56560	0	0	1	0	0	0
AT5G56570	0	0	2	0	0	0
AT5G56580	85	76	90	110	186	117
AT5G56590	337	260	270	301	321	389
AT5G56600	594	654	464	415	523	511
AT5G56610	45	16	34	35	17	27
AT5G56620	9	1	3	5	6	10
AT5G56630	837	243	835	671	458	396
AT5G56640	0	0	0	0	0	0
AT5G56650	588	248	428	441	385	449
AT5G56660	315	105	243	228	153	211
AT5G56670	2725	5089	1990	2789	3608	2950
AT5G56680	995	967	788	1046	1129	1059
AT5G56690	0	0	0	0	0	0
AT5G56700	12	4	7	7	2	1
AT5G56710	3836	6506	2985	4467	5755	4809
AT5G56720	19	20	19	25	25	26
AT5G56730	258	99	234	199	263	234
AT5G56740	357	270	257	309	409	368
AT5G56745	0	0	0	0	0	0
AT5G56750	894	930	656	901	842	1273
AT5G56760	872	923	591	775	912	896
AT5G56770	1	0	0	0	0	0
AT5G56780	150	113	147	179	196	278
AT5G56790	515	123	378	327	345	379
AT5G56795	39	28	20	36	9	9
AT5G56800	0	0	0	0	0	0
AT5G56810	38	4	24	42	10	17
AT5G56820	0	0	0	0	0	0
AT5G56840	26	24	18	16	13	15
AT5G56850	739	607	561	734	986	1036
AT5G56860	846	298	744	701	742	902
AT5G56870	3615	1668	2483	5603	2950	4878
AT5G56880	0	0	0	0	0	0
AT5G56890	1082	424	959	1169	1303	1223
AT5G56900	653	298	529	574	476	670
AT5G56910	202	205	171	188	190	171
AT5G56920	0	0	0	0	0	0
AT5G56930	266	171	171	198	268	325
AT5G56940	515	538	396	451	424	398
AT5G56950	1157	650	867	1257	915	919
AT5G56960	8	0	2	5	0	1
AT5G56970	8	5	14	11	6	4
AT5G56975	0	0	0	0	0	0
AT5G56980	411	117	337	303	198	285
AT5G56985	0	0	0	0	0	0
AT5G56990	51	40	25	22	14	29
AT5G57000	163	253	105	146	157	222
AT5G57010	45	4	29	50	8	11
AT5G57015	679	283	567	527	507	478
AT5G57020	1198	1254	1012	1319	1402	1581
AT5G57030	958	817	809	758	1191	1401
AT5G57035	831	246	588	602	446	537
AT5G57040	1824	2237	1255	1481	1618	2292
AT5G57050	281	58	211	92	34	65
AT5G57060	225	172	149	195	143	165
AT5G57070	305	100	205	196	187	218
AT5G57080	59	58	47	50	35	27
AT5G57090	29	2	25	20	14	9
AT5G57100	230	135	204	208	158	207
AT5G57110	1598	132	1406	1122	364	396
AT5G57120	2408	2779	1709	1848	1373	1279
AT5G57123	5	1	8	5	1	0
AT5G57130	689	119	545	462	365	459
AT5G57140	121	30	97	130	133	129
AT5G57150	343	242	301	263	232	212
AT5G57160	540	192	390	460	511	501
AT5G57170	305	651	247	241	405	394
AT5G57180	1296	1083	959	1175	1225	1354
AT5G57190	77	46	55	74	50	65
AT5G57200	0	0	0	0	0	0
AT5G57210	312	147	285	343	292	334
AT5G57220	775	199	592	1402	213	238
AT5G57230	197	96	160	169	131	112
AT5G57240	202	70	171	142	135	126
AT5G57250	224	39	195	255	274	292
AT5G57260	4	0	2	1	0	2
AT5G57270	503	147	497	383	364	346
AT5G57280	274	169	176	263	201	151
AT5G57290	1238	2564	1015	1250	1524	1166
AT5G57300	258	242	194	218	261	277
AT5G57320	66	22	45	46	52	50
AT5G57330	1507	1294	1244	1309	1428	1280
AT5G57340	695	304	509	565	224	437
AT5G57345	1211	3571	924	1022	2409	3026
AT5G57350	3132	1025	2785	3511	3583	4166
AT5G57360	647	368	524	600	445	668
AT5G57370	562	537	458	522	447	480
AT5G57380	0	1	0	0	0	0
AT5G57390	115	40	97	81	89	90
AT5G57400	0	0	0	1	0	0
AT5G57410	262	161	199	213	240	221
AT5G57420	0	0	0	0	0	0
AT5G57440	436	438	296	330	416	479
AT5G57450	10	9	12	19	4	9
AT5G57460	731	465	628	745	937	936
AT5G57480	68	37	61	82	54	40
AT5G57490	1335	1153	1027	1184	1337	1359
AT5G57500	25	17	24	20	14	10
AT5G57510	4	3	5	6	0	1
AT5G57520	4	3	12	4	10	3
AT5G57530	3	0	8	0	0	4
AT5G57535	0	0	0	0	0	0
AT5G57540	1	0	0	0	0	1
AT5G57550	34	55	18	84	15	74
AT5G57560	3433	3313	2791	7224	1467	4434
AT5G57565	141	112	126	157	80	135
AT5G57567	8	9	17	14	1	2
AT5G57569	0	0	0	0	0	0
AT5G57570	49	16	37	22	12	26
AT5G57580	1383	623	1083	1141	1092	1343
AT5G57590	246	124	180	186	287	247
AT5G57610	646	94	510	396	264	312
AT5G57620	12	3	10	5	6	9
AT5G57625	24	2	15	6	0	2
AT5G57630	2130	493	1485	2449	723	967
AT5G57640	51	35	44	86	32	38
AT5G57650	1	2	0	0	0	2
AT5G57655	6264	4163	4977	6767	2560	4782
AT5G57660	5284	3818	4045	5146	4129	5645
AT5G57670	14	0	20	10	19	8
AT5G57685	145	136	140	134	116	98
AT5G57690	6	0	5	4	6	6
AT5G57700	388	184	294	299	239	250
AT5G57710	2924	715	2432	2768	2673	2726
AT5G57720	0	0	0	0	0	0
AT5G57735	3	0	0	0	0	0
AT5G57740	172	69	125	135	112	108
AT5G57750	0	0	0	0	0	0
AT5G57760	97	64	77	152	76	68
AT5G57770	18	19	27	32	22	21
AT5G57780	363	398	290	273	347	426
AT5G57785	274	542	207	152	324	300
AT5G57790	113	78	68	77	92	100
AT5G57800	773	1068	615	682	1828	1699
AT5G57810	2	0	1	1	0	0
AT5G57815	337	365	345	340	272	287
AT5G57820	2	1	1	3	1	0
AT5G57830	145	122	80	134	117	168
AT5G57840	97	57	76	84	67	77
AT5G57850	1297	869	994	1174	892	1018
AT5G57860	213	330	161	172	168	194
AT5G57870	2442	1178	1993	2521	2524	2610
AT5G57880	65	34	54	61	51	75
AT5G57885	1	0	0	0	0	0
AT5G57887	89	196	85	134	170	235
AT5G57890	110	164	90	123	107	142
AT5G57900	409	270	302	314	177	249
AT5G57910	212	118	151	192	85	118
AT5G57920	3	0	1	0	1	2
AT5G57930	1883	1764	1433	1759	2047	2175
AT5G57940	1235	637	1014	1125	954	1253
AT5G57950	167	129	137	141	149	140
AT5G57960	777	624	595	611	940	914
AT5G57970	135	56	104	94	66	92
AT5G57980	4	7	5	8	12	5
AT5G57990	2990	1565	2287	2951	2851	2471
AT5G58000	161	58	140	115	126	115
AT5G58003	324	142	238	219	245	278
AT5G58005	285	311	161	180	185	178
AT5G58010	10	0	4	5	1	4
AT5G58020	556	671	465	531	540	530
AT5G58030	537	444	455	480	433	504
AT5G58040	2404	845	1924	2311	1881	2376
AT5G58050	2	0	2	1	2	2
AT5G58060	694	519	594	593	596	556
AT5G58070	2779	5840	2005	1972	3122	3379
AT5G58080	2	0	0	0	3	0
AT5G58090	895	696	719	1128	927	1272
AT5G58100	1268	720	1079	1190	1297	1341
AT5G58110	1106	1022	848	947	826	952
AT5G58120	378	112	288	559	266	284
AT5G58130	359	40	314	431	398	471
AT5G58140	3374	1717	2584	2448	3984	4268
AT5G58150	0	0	0	0	0	0
AT5G58160	428	111	284	322	393	431
AT5G58170	2	0	0	0	0	0
AT5G58180	0	0	0	0	0	0
AT5G58190	297	146	238	277	248	256
AT5G58200	2649	1538	1962	2018	1127	1605
AT5G58210	330	120	216	228	180	199
AT5G58220	826	710	678	753	743	831
AT5G58230	433	249	378	381	522	480
AT5G58240	479	565	420	501	468	530
AT5G58250	2554	4786	2129	2652	3963	3545
AT5G58260	637	916	478	453	751	949
AT5G58270	859	491	713	843	932	1031
AT5G58280	7	13	7	11	12	6
AT5G58290	2456	1787	1990	2205	2770	2646
AT5G58300	617	279	491	544	572	600
AT5G58310	11	40	10	10	17	52
AT5G58320	196	138	134	141	136	144
AT5G58330	2283	2954	2018	2321	5300	5639
AT5G58340	153	62	138	143	146	176
AT5G58350	710	295	547	919	590	594
AT5G58360	7	11	8	17	16	17
AT5G58370	320	201	241	359	449	411
AT5G58375	856	975	707	778	543	632
AT5G58380	537	215	346	336	405	393
AT5G58390	726	431	494	382	676	488
AT5G58400	2	0	1	3	5	2
AT5G58410	951	257	695	850	821	997
AT5G58412	0	0	0	0	0	0
AT5G58420	2755	2406	2247	2952	3609	2735
AT5G58430	2638	1005	2043	2865	1045	1729
AT5G58440	936	522	764	856	899	913
AT5G58450	723	454	543	674	863	922
AT5G58460	0	0	0	0	0	0
AT5G58465	1	1	0	1	0	0
AT5G58470	737	581	534	600	639	646
AT5G58480	339	364	316	372	418	528
AT5G58490	1263	1031	1019	1049	1314	1217
AT5G58495	0	0	0	0	0	0
AT5G58500	29	11	21	15	11	12
AT5G58510	665	288	575	604	462	632
AT5G58520	247	184	165	220	246	274
AT5G58530	168	94	136	99	117	110
AT5G58540	447	129	325	403	207	240
AT5G58550	314	45	298	362	317	445
AT5G58560	599	364	526	533	580	567
AT5G58570	246	63	186	190	49	56
AT5G58575	406	334	317	371	236	380
AT5G58580	150	75	145	137	71	149
AT5G58590	1117	1074	799	1086	802	792
AT5G58595	0	1	0	0	0	1
AT5G58600	482	195	346	406	235	228
AT5G58610	17	23	16	9	105	67
AT5G58620	611	185	503	475	295	257
AT5G58630	6	5	11	10	11	10
AT5G58640	667	519	578	558	559	569
AT5G58650	295	532	233	463	263	404
AT5G58660	99	144	105	227	96	136
AT5G58670	159	42	98	194	61	86
AT5G58680	31	43	22	54	53	56
AT5G58690	64	23	50	30	36	62
AT5G58700	110	48	115	84	98	83
AT5G58710	1655	1669	1288	1661	1851	1613
AT5G58720	1197	551	873	1071	653	1021
AT5G58730	141	147	127	160	114	145
AT5G58740	1014	924	785	683	585	689
AT5G58750	0	0	0	0	2	0
AT5G58760	118	59	90	104	102	111
AT5G58770	41	115	46	32	86	103
AT5G58780	5	7	6	1	3	0
AT5G58782	0	0	0	0	0	0
AT5G58784	3	0	1	2	0	1
AT5G58787	494	328	380	491	351	402
AT5G58790	87	92	77	60	55	85
AT5G58800	628	504	487	515	484	563
AT5G58820	1	0	0	0	0	0
AT5G58830	0	0	0	0	0	0
AT5G58840	11	21	7	16	12	22
AT5G58850	0	0	0	0	0	0
AT5G58860	54	7	57	22	25	27
AT5G58870	699	666	609	741	1316	1420
AT5G58880	0	0	0	0	0	0
AT5G58890	0	0	0	0	0	0
AT5G58900	1074	521	813	907	1009	967
AT5G58910	4	1	3	0	2	0
AT5G58920	545	404	367	391	289	287
AT5G58930	946	443	771	796	678	708
AT5G58940	103	50	134	154	79	80
AT5G58950	3096	1222	2516	2639	1907	2415
AT5G58960	581	505	503	567	580	611
AT5G58970	170	102	171	146	167	160
AT5G58980	602	175	358	301	234	266
AT5G58990	246	305	161	193	203	208
AT5G59000	210	198	186	163	54	107
AT5G59010	445	153	373	506	269	241
AT5G59020	130	34	97	68	85	96
AT5G59030	610	1376	526	682	861	1167
AT5G59040	0	1	0	0	1	0
AT5G59050	60	38	43	56	76	74
AT5G59055	0	0	0	0	0	0
AT5G59060	0	4	4	0	0	0
AT5G59070	0	0	0	0	0	0
AT5G59080	496	664	384	699	356	719
AT5G59090	12	4	29	32	45	12
AT5G59100	0	0	0	0	0	0
AT5G59105	0	0	0	0	0	0
AT5G59110	0	0	0	0	0	0
AT5G59120	0	0	0	0	0	0
AT5G59130	95	28	82	55	89	72
AT5G59140	565	580	414	474	486	521
AT5G59150	469	415	353	440	430	513
AT5G59160	916	786	645	855	855	933
AT5G59170	1	0	4	3	5	2
AT5G59180	175	86	112	96	102	74
AT5G59190	23	1	12	12	7	6
AT5G59200	27	8	27	30	25	16
AT5G59210	637	324	510	539	540	630
AT5G59220	790	18	607	57	26	25
AT5G59230	0	0	0	0	1	2
AT5G59240	10	3	13	12	14	3
AT5G59250	822	889	693	905	1008	1449
AT5G59260	0	1	1	5	5	3
AT5G59270	2	0	0	0	0	0
AT5G59280	0	0	0	0	0	0
AT5G59290	1387	981	1125	1383	1374	1252
AT5G59300	206	224	167	195	230	187
AT5G59305	1	2	1	1	1	3
AT5G59310	166	4	126	15	71	6
AT5G59320	106	13	100	8	195	25
AT5G59330	25	9	14	13	11	9
AT5G59340	5	12	2	8	5	15
AT5G59350	185	126	186	149	177	135
AT5G59360	26	8	17	21	19	11
AT5G59370	5	1	2	1	0	3
AT5G59380	132	129	161	128	127	152
AT5G59385	0	1	0	0	1	0
AT5G59390	10	11	7	13	37	9
AT5G59395	0	0	0	0	0	0
AT5G59400	105	89	103	115	87	123
AT5G59410	139	122	90	138	103	86
AT5G59420	1791	1002	1443	1619	1393	1591
AT5G59430	566	225	467	478	502	561
AT5G59440	721	540	563	699	423	491
AT5G59450	277	143	194	326	107	133
AT5G59460	177	147	148	187	129	149
AT5G59470	51	69	37	38	66	51
AT5G59480	408	217	359	318	306	215
AT5G59490	8	1	5	1	0	1
AT5G59500	197	278	180	234	420	358
AT5G59505	0	0	0	0	0	0
AT5G59510	24	6	8	12	6	6
AT5G59520	41	8	35	27	38	11
AT5G59530	25	2	17	19	8	5
AT5G59540	1863	1021	1567	1465	1765	1541
AT5G59550	998	245	863	1034	154	372
AT5G59560	269	148	211	228	191	226
AT5G59570	265	4	219	261	7	6
AT5G59580	0	0	0	0	0	0
AT5G59590	1	1	1	4	11	5
AT5G59600	0	0	0	0	0	0
AT5G59610	309	328	268	303	404	338
AT5G59613	2291	3831	1636	1899	1864	1981
AT5G59616	0	0	0	0	0	0
AT5G59650	84	18	53	87	76	95
AT5G59660	46	5	28	36	37	28
AT5G59662	11	12	10	9	9	10
AT5G59670	14	3	2	16	14	13
AT5G59680	4	7	2	17	22	18
AT5G59690	606	1285	487	702	857	802
AT5G59700	90	47	70	71	58	103
AT5G59710	760	316	561	721	752	737
AT5G59720	33	59	23	39	69	63
AT5G59730	0	0	0	0	0	0
AT5G59732	0	0	0	0	0	0
AT5G59740	49	34	24	51	58	41
AT5G59750	369	504	253	357	498	643
AT5G59760	8	4	6	2	2	6
AT5G59770	298	357	222	206	255	302
AT5G59780	371	612	296	320	361	533
AT5G59790	430	201	323	276	249	272
AT5G59800	258	154	202	162	122	189
AT5G59810	0	0	0	0	0	0
AT5G59820	134	108	190	279	29	109
AT5G59830	457	276	334	419	332	434
AT5G59840	601	554	520	567	543	544
AT5G59845	4	4	5	3	10	8
AT5G59850	1176	1602	954	1305	1464	1036
AT5G59860	1	1	1	0	0	1
AT5G59865	5	7	1	3	6	4
AT5G59870	588	1345	449	623	1048	803
AT5G59880	4815	5938	3607	4797	4987	5524
AT5G59890	1527	1307	1189	1461	1331	1557
AT5G59895	0	0	0	0	0	2
AT5G59900	108	42	94	92	117	108
AT5G59910	2385	3679	2006	2057	2563	2477
AT5G59920	94	126	104	94	295	336
AT5G59930	0	0	0	0	0	0
AT5G59940	1	0	3	8	1	2
AT5G59945	0	0	0	0	0	0
AT5G59950	1177	904	868	1036	772	844
AT5G59960	738	601	634	838	512	652
AT5G59970	234	400	202	247	318	333
AT5G59980	259	81	198	218	192	182
AT5G59990	24	22	30	16	17	20
AT5G60000	0	1	0	0	0	0
AT5G60010	0	0	0	0	0	0
AT5G60020	100	43	114	93	156	149
AT5G60022	13	5	10	10	4	0
AT5G60030	1201	1737	800	936	673	658
AT5G60040	437	147	356	465	612	445
AT5G60050	173	146	108	107	123	129
AT5G60060	1	6	0	2	0	0
AT5G60070	0	0	0	0	0	0
AT5G60080	0	0	0	0	0	0
AT5G60090	0	0	0	0	0	0
AT5G60100	1535	18	1087	1239	78	89
AT5G60110	0	0	0	0	0	0
AT5G60120	494	275	362	372	428	412
AT5G60130	3	5	4	2	2	4
AT5G60140	4	1	1	0	4	7
AT5G60142	15	10	5	16	7	15
AT5G60150	34	40	63	74	156	128
AT5G60160	864	584	644	705	848	844
AT5G60170	1414	375	1133	1272	1263	1443
AT5G60180	4	0	2	1	1	0
AT5G60190	161	155	137	121	167	182
AT5G60200	194	104	134	194	156	161
AT5G60210	797	383	663	527	741	800
AT5G60215	0	0	0	0	0	0
AT5G60220	8	4	3	4	6	7
AT5G60230	31	51	27	31	40	50
AT5G60240	0	0	0	0	0	0
AT5G60250	44	118	47	40	254	141
AT5G60260	1	0	1	3	0	2
AT5G60265	0	0	0	4	3	11
AT5G60270	505	166	330	392	294	367
AT5G60280	144	77	124	157	116	163
AT5G60285	3	0	1	0	1	0
AT5G60290	5	0	10	3	6	11
AT5G60300	320	121	255	322	363	377
AT5G60310	21	9	12	18	9	8
AT5G60320	1	0	1	0	0	0
AT5G60335	16	9	16	20	12	14
AT5G60340	1055	1109	853	937	842	987
AT5G60350	4	0	0	0	0	0
AT5G60360	10539	3723	8367	6829	4714	5824
AT5G60370	160	132	143	147	191	170
AT5G60380	0	0	0	0	0	0
AT5G60390	20057	26047	15552	22430	31751	25021
AT5G60400	410	734	254	352	391	494
AT5G60408	0	0	0	0	2	1
AT5G60410	1531	584	1223	1482	1382	1692
AT5G60430	43	22	43	46	37	39
AT5G60440	31	6	28	12	9	7
AT5G60450	917	202	698	676	559	689
AT5G60460	178	203	128	109	66	86
AT5G60470	10	2	8	2	3	2
AT5G60480	0	0	0	0	0	0
AT5G60490	92	65	78	101	116	97
AT5G60500	0	0	0	0	0	0
AT5G60510	0	0	0	0	0	0
AT5G60520	0	0	2	0	0	0
AT5G60530	19	2	22	12	0	3
AT5G60540	973	368	727	958	576	556
AT5G60550	697	307	544	649	484	505
AT5G60553	0	0	0	0	0	0
AT5G60560	0	0	0	0	0	0
AT5G60570	641	546	484	517	559	523
AT5G60580	283	113	198	197	161	215
AT5G60590	146	104	112	125	107	131
AT5G60600	6059	6051	5231	6328	10016	11468
AT5G60610	12	6	19	1	2	7
AT5G60615	0	0	0	0	0	0
AT5G60620	574	430	501	521	537	599
AT5G60630	10	8	2	5	5	11
AT5G60640	3252	1507	2517	2769	2407	2657
AT5G60650	25	7	23	12	25	26
AT5G60660	32	17	39	14	34	33
AT5G60670	1028	1342	786	1158	1339	1111
AT5G60680	1753	1864	1365	1719	1385	1733
AT5G60690	367	175	326	332	341	358
AT5G60700	514	282	371	477	404	495
AT5G60710	1136	521	941	1125	968	1262
AT5G60720	52	19	43	24	60	64
AT5G60730	23	10	21	32	49	29
AT5G60740	0	0	0	0	0	0
AT5G60750	407	255	359	420	437	510
AT5G60760	31	4	23	10	10	16
AT5G60770	0	0	0	0	0	0
AT5G60780	20	1	11	15	10	7
AT5G60790	3266	1134	2547	2276	1980	1936
AT5G60800	214	335	177	218	109	151
AT5G60805	0	0	0	0	0	0
AT5G60810	0	0	0	0	0	0
AT5G60820	195	101	150	189	126	148
AT5G60830	1	2	0	0	0	1
AT5G60840	700	707	492	620	448	519
AT5G60850	525	460	454	428	326	556
AT5G60860	249	407	153	247	181	256
AT5G60870	107	69	75	91	129	136
AT5G60880	57	88	54	48	113	76
AT5G60890	608	82	427	254	188	221
AT5G60900	14	2	14	36	13	3
AT5G60910	30	20	23	19	31	35
AT5G60920	3799	3468	3063	4565	4560	5321
AT5G60930	403	233	281	422	807	616
AT5G60940	455	232	318	363	385	491
AT5G60945	0	0	0	0	0	0
AT5G60950	26	16	20	21	10	16
AT5G60960	836	586	591	841	891	713
AT5G60963	0	0	0	0	0	0
AT5G60964	0	0	0	0	0	0
AT5G60966	0	0	0	0	0	0
AT5G60970	258	131	235	220	296	347
AT5G60980	1675	698	1307	1397	1000	1070
AT5G60990	455	228	385	401	443	394
AT5G61000	207	105	150	242	340	209
AT5G61010	491	133	431	626	231	318
AT5G61020	1909	1108	1597	1904	1646	1583
AT5G61030	296	178	246	270	399	186
AT5G61040	219	110	165	212	268	304
AT5G61050	0	0	0	0	0	0
AT5G61060	625	296	450	548	432	534
AT5G61070	25	23	15	21	57	58
AT5G61090	0	4	8	5	9	10
AT5G61100	0	0	2	0	0	1
AT5G61110	0	0	0	0	0	0
AT5G61120	4	3	2	6	4	2
AT5G61130	1028	817	824	760	962	875
AT5G61140	1315	298	1046	1205	1461	1499
AT5G61150	1452	822	1253	1450	1382	1465
AT5G61160	153	124	131	484	188	117
AT5G61170	1195	1707	838	1223	1412	1254
AT5G61180	0	0	0	0	0	0
AT5G61190	771	332	571	630	583	642
AT5G61200	177	121	91	152	156	169
AT5G61210	1333	662	1074	1508	1104	1111
AT5G61220	199	165	114	147	154	96
AT5G61230	1229	1041	1076	1184	950	1095
AT5G61240	998	467	715	809	765	634
AT5G61250	97	38	66	63	37	64
AT5G61260	21	8	7	15	7	14
AT5G61270	435	535	310	296	656	899
AT5G61280	6	10	6	0	11	9
AT5G61290	80	52	67	34	93	71
AT5G61300	221	66	176	173	160	165
AT5G61310	289	305	244	289	236	200
AT5G61320	0	0	0	0	0	0
AT5G61330	1024	721	713	909	687	889
AT5G61340	199	121	191	146	137	154
AT5G61345	0	0	0	0	0	0
AT5G61350	3	3	4	9	13	14
AT5G61360	64	31	46	48	34	40
AT5G61370	155	28	114	124	51	44
AT5G61380	5202	439	3808	4153	793	907
AT5G61390	118	34	90	96	96	87
AT5G61400	49	27	34	64	37	41
AT5G61410	10010	10251	7719	8884	9499	13831
AT5G61412	4	6	0	2	14	3
AT5G61420	2079	580	1416	1272	1323	1154
AT5G61430	71	16	46	70	42	45
AT5G61440	227	226	188	675	328	252
AT5G61445	0	0	0	0	0	0
AT5G61450	644	190	466	574	422	484
AT5G61455	0	3	0	0	0	1
AT5G61460	390	81	281	319	419	315
AT5G61470	0	0	0	0	0	0
AT5G61480	643	225	523	507	594	606
AT5G61490	3	1	1	0	0	3
AT5G61495	0	0	1	0	0	0
AT5G61500	727	419	627	693	568	723
AT5G61510	940	707	787	513	481	513
AT5G61520	777	263	631	588	396	361
AT5G61530	1496	628	1179	1147	868	1103
AT5G61540	105	56	68	73	50	70
AT5G61550	22	0	13	16	0	1
AT5G61560	331	154	252	319	253	304
AT5G61570	164	63	119	113	104	118
AT5G61580	549	245	523	583	589	807
AT5G61590	1678	3996	1345	2009	2923	3802
AT5G61600	1254	731	1063	2468	303	1205
AT5G61605	0	0	0	0	0	0
AT5G61610	39	46	36	33	29	49
AT5G61620	0	0	0	0	0	0
AT5G61630	0	0	0	0	0	0
AT5G61640	177	133	152	155	119	136
AT5G61650	4	0	4	0	1	0
AT5G61660	0	0	0	0	0	0
AT5G61670	1039	1028	830	749	1051	1336
AT5G61680	0	0	0	0	1	0
AT5G61690	0	0	0	0	0	0
AT5G61700	0	0	0	0	0	0
AT5G61710	0	0	0	0	0	0
AT5G61720	0	0	0	0	0	0
AT5G61730	2	2	1	1	4	0
AT5G61740	39	10	36	28	47	49
AT5G61750	1	0	1	1	0	0
AT5G61760	340	251	254	273	227	246
AT5G61770	714	651	586	644	648	484
AT5G61780	1850	877	1495	1828	2303	1841
AT5G61790	5345	3155	4242	6061	5839	3966
AT5G61800	55	16	41	56	40	17
AT5G61810	391	180	339	292	313	327
AT5G61820	2359	617	1859	886	1061	982
AT5G61830	262	209	217	205	200	232
AT5G61835	0	0	0	0	0	0
AT5G61840	507	350	425	502	525	561
AT5G61850	6	11	2	3	8	10
AT5G61865	61	33	44	44	61	61
AT5G61880	234	242	148	226	189	153
AT5G61890	3	2	1	8	7	2
AT5G61900	6	2	4	6	1	3
AT5G61910	345	52	352	376	463	501
AT5G61920	63	56	57	65	47	61
AT5G61930	124	77	107	109	83	95
AT5G61940	95	14	85	94	51	52
AT5G61950	82	43	63	64	101	78
AT5G61960	2840	750	2233	2036	1448	1721
AT5G61970	854	578	693	816	911	919
AT5G61980	73	16	29	26	52	45
AT5G61990	128	54	76	117	123	133
AT5G61997	0	0	0	0	0	0
AT5G62000	7368	2175	6072	6358	5038	6600
AT5G62020	174	120	130	230	70	140
AT5G62030	325	342	227	325	283	378
AT5G62040	12	2	5	3	10	4
AT5G62050	915	391	703	744	723	627
AT5G62060	0	0	0	0	0	0
AT5G62065	0	0	0	0	0	0
AT5G62070	358	271	241	300	399	330
AT5G62080	2	3	4	0	0	1
AT5G62090	1615	516	1160	964	856	1106
AT5G62100	259	180	164	148	231	250
AT5G62110	0	0	0	0	0	0
AT5G62120	0	0	0	0	0	0
AT5G62130	179	110	140	89	122	151
AT5G62140	172	304	145	114	357	289
AT5G62150	13	6	9	20	10	7
AT5G62160	81	0	75	7	0	1
AT5G62162	19	1	21	0	0	1
AT5G62165	29	3	14	7	5	4
AT5G62170	484	120	347	377	288	360
AT5G62180	143	105	90	106	103	66
AT5G62190	4029	1240	3242	3985	2521	2631
AT5G62200	617	304	538	417	315	326
AT5G62210	45	131	32	20	186	107
AT5G62220	401	187	325	296	332	311
AT5G62230	101	54	89	85	134	94
AT5G62240	2	3	5	3	7	11
AT5G62250	9	2	1	2	4	2
AT5G62260	24	15	28	25	21	23
AT5G62270	694	504	563	778	788	721
AT5G62280	709	550	674	1016	644	867
AT5G62290	186	169	142	175	147	148
AT5G62300	2739	4247	2155	2791	3120	2969
AT5G62310	11	0	3	3	7	2
AT5G62320	0	0	1	1	1	0
AT5G62330	0	0	1	0	0	0
AT5G62340	10	0	17	3	0	1
AT5G62350	4112	3211	3697	2914	2639	2945
AT5G62360	610	283	606	668	275	371
AT5G62370	82	21	58	126	134	84
AT5G62380	42	27	45	30	35	36
AT5G62390	5285	9112	3715	4427	4175	5207
AT5G62400	1	1	0	0	0	0
AT5G62410	308	219	276	452	788	568
AT5G62420	1	7	0	0	0	1
AT5G62430	206	381	180	109	303	427
AT5G62440	364	285	265	328	394	261
AT5G62460	669	424	502	512	504	534
AT5G62470	2566	467	2017	1829	547	995
AT5G62480	9	42	8	18	45	46
AT5G62490	12	0	15	0	0	0
AT5G62500	158	130	129	116	166	140
AT5G62510	0	0	1	2	0	0
AT5G62520	169	25	142	57	124	54
AT5G62530	829	197	612	758	908	782
AT5G62540	515	555	406	516	375	420
AT5G62550	266	206	222	253	432	336
AT5G62560	339	269	255	326	226	293
AT5G62570	1447	244	1066	1188	351	530
AT5G62573	0	0	0	0	0	0
AT5G62575	184	233	145	130	90	93
AT5G62580	493	186	341	469	368	363
AT5G62600	466	215	386	412	390	403
AT5G62610	612	400	492	438	461	548
AT5G62620	345	52	222	184	178	167
AT5G62623	0	0	0	0	0	0
AT5G62627	0	0	0	0	0	0
AT5G62630	265	306	211	207	650	479
AT5G62640	1156	660	909	1019	1507	1392
AT5G62650	470	336	422	523	632	588
AT5G62660	0	0	0	0	0	0
AT5G62670	1821	610	1528	1532	1631	1823
AT5G62680	1513	482	1351	1294	1166	1019
AT5G62690	4013	2840	3436	3510	3531	3435
AT5G62700	3131	2287	2714	3036	3380	3061
AT5G62710	253	226	174	258	333	276
AT5G62720	2329	1728	1885	2179	2073	2058
AT5G62730	53	10	24	39	20	28
AT5G62740	397	492	370	453	570	519
AT5G62750	4	0	0	1	0	0
AT5G62760	447	229	320	322	305	360
AT5G62770	129	82	98	80	48	57
AT5G62780	1	0	0	0	0	0
AT5G62790	1590	2536	1199	1313	2711	2936
AT5G62800	0	0	0	0	0	0
AT5G62810	2416	1370	1943	2370	2581	2698
AT5G62820	37	7	27	16	18	29
AT5G62830	0	0	0	0	2	0
AT5G62840	235	239	186	233	364	315
AT5G62848	0	0	0	0	0	0
AT5G62850	41	24	33	17	7	14
AT5G62860	0	0	0	0	0	0
AT5G62865	139	249	99	140	88	149
AT5G62880	711	613	567	620	428	510
AT5G62890	1489	1161	1166	1128	1774	1730
AT5G62900	643	391	430	409	319	415
AT5G62910	356	353	267	331	327	467
AT5G62920	355	434	262	414	130	418
AT5G62930	843	611	670	803	446	512
AT5G62940	157	68	141	109	136	165
AT5G62950	326	264	220	263	195	237
AT5G62960	103	56	71	83	102	99
AT5G62970	0	0	0	0	0	0
AT5G62980	221	296	147	168	161	212
AT5G62990	218	76	160	216	127	91
AT5G62998	1	1	0	0	1	1
AT5G63000	293	241	238	275	244	210
AT5G63010	86	124	69	99	121	116
AT5G63020	481	371	380	565	479	696
AT5G63030	633	341	495	503	250	256
AT5G63040	445	218	319	452	482	401
AT5G63050	783	734	696	905	1410	1177
AT5G63060	98	144	89	121	193	174
AT5G63063	0	0	0	0	0	0
AT5G63070	2	0	0	1	0	1
AT5G63080	297	142	210	207	164	243
AT5G63085	0	0	2	0	0	0
AT5G63087	0	2	1	1	6	1
AT5G63090	79	76	68	67	74	126
AT5G63100	61	71	46	65	138	99
AT5G63110	527	383	415	348	491	376
AT5G63120	412	150	245	234	374	321
AT5G63130	586	34	465	200	20	32
AT5G63135	173	197	99	106	105	134
AT5G63140	277	261	225	230	349	333
AT5G63145	0	0	0	0	0	0
AT5G63150	312	426	292	285	320	314
AT5G63160	1710	6635	1215	4068	3728	6823
AT5G63170	0	0	0	0	0	0
AT5G63180	1129	516	931	679	934	839
AT5G63190	898	479	664	842	546	981
AT5G63195	0	0	0	1	1	4
AT5G63200	447	247	336	334	306	389
AT5G63220	306	217	284	284	310	259
AT5G63225	0	0	1	0	1	0
AT5G63230	0	0	0	0	0	0
AT5G63240	0	0	0	0	1	0
AT5G63250	1	1	0	6	2	0
AT5G63260	528	196	386	400	412	451
AT5G63270	3	0	3	0	0	0
AT5G63280	276	177	248	257	203	271
AT5G63290	83	20	80	63	55	37
AT5G63300	28	19	11	23	16	9
AT5G63310	1571	2558	1221	1735	2997	2548
AT5G63320	860	465	725	810	776	1062
AT5G63340	0	0	0	0	0	0
AT5G63350	71	0	79	5	5	1
AT5G63370	2232	531	1636	1885	1459	1863
AT5G63375	0	0	0	0	0	0
AT5G63380	263	259	198	267	478	494
AT5G63390	12	5	2	4	5	3
AT5G63400	2314	2117	1835	2201	2452	2506
AT5G63410	693	368	513	554	543	559
AT5G63420	1408	454	1223	1370	1394	1255
AT5G63440	278	197	225	217	212	206
AT5G63450	24	9	11	16	33	22
AT5G63460	521	481	393	451	343	394
AT5G63470	282	375	177	253	229	313
AT5G63480	48	115	56	61	69	68
AT5G63490	480	241	353	404	426	546
AT5G63500	60	206	64	96	73	85
AT5G63510	881	1124	682	878	935	935
AT5G63520	228	138	172	208	234	270
AT5G63530	1812	2675	1265	1394	1446	1386
AT5G63540	8	7	15	15	25	30
AT5G63550	691	856	427	647	770	658
AT5G63560	37	2	44	17	17	6
AT5G63570	1740	2048	1375	1748	3012	2665
AT5G63580	7	7	13	8	11	9
AT5G63590	28	9	20	6	11	15
AT5G63595	17	0	11	0	1	0
AT5G63600	37	6	43	35	17	12
AT5G63610	635	288	500	483	477	655
AT5G63620	531	479	405	542	480	676
AT5G63625	27	4	20	37	4	8
AT5G63630	274	157	247	303	331	342
AT5G63640	638	296	545	622	499	643
AT5G63650	359	96	301	318	87	80
AT5G63660	4	0	5	4	1	1
AT5G63670	646	707	478	460	481	494
AT5G63680	950	309	709	923	719	615
AT5G63690	45	37	25	31	10	16
AT5G63700	336	174	248	289	303	416
AT5G63710	701	432	547	546	634	775
AT5G63715	0	0	0	0	0	0
AT5G63720	0	0	0	0	0	1
AT5G63730	0	0	0	0	0	0
AT5G63740	0	0	0	0	0	0
AT5G63750	5	2	1	3	1	1
AT5G63760	241	122	216	329	190	230
AT5G63770	735	140	523	533	254	330
AT5G63780	502	417	465	752	544	613
AT5G63790	2910	948	2199	1487	1018	1174
AT5G63800	2765	1022	2208	2031	1632	2019
AT5G63810	2419	598	1855	2448	942	1240
AT5G63820	88	22	31	77	20	21
AT5G63830	110	94	96	110	108	108
AT5G63840	1830	752	1488	1673	1944	1911
AT5G63850	1227	493	1051	814	577	883
AT5G63860	2231	1257	1689	1733	1310	1506
AT5G63870	842	586	710	815	931	906
AT5G63880	469	329	375	407	290	346
AT5G63890	880	876	701	970	1295	1233
AT5G63900	0	3	0	0	1	0
AT5G63905	186	203	105	104	99	132
AT5G63910	792	505	619	596	545	603
AT5G63920	172	63	125	154	232	181
AT5G63930	357	141	242	276	308	355
AT5G63940	545	254	407	417	396	396
AT5G63950	286	155	231	276	568	472
AT5G63960	362	93	270	282	422	331
AT5G63970	156	79	155	173	121	117
AT5G63980	660	718	643	724	1016	748
AT5G63990	146	69	105	90	74	55
AT5G64000	0	0	1	0	1	1
AT5G64010	113	94	94	125	76	75
AT5G64020	535	202	360	442	233	301
AT5G64030	1586	1153	1317	1494	1917	1801
AT5G64040	16688	53194	12974	19105	19568	36877
AT5G64050	1209	1285	922	1141	2258	1906
AT5G64060	23	14	22	36	88	38
AT5G64070	1696	511	1404	1692	1544	2004
AT5G64080	106	180	94	92	298	211
AT5G64090	414	226	369	423	387	431
AT5G64100	32	26	29	40	108	18
AT5G64110	318	106	341	333	157	133
AT5G64120	781	627	715	1749	3790	1092
AT5G64130	2268	3193	1621	2039	2302	2429
AT5G64140	921	1713	683	848	1145	838
AT5G64150	185	272	128	192	211	161
AT5G64160	404	458	298	301	255	343
AT5G64170	624	300	495	867	1223	1314
AT5G64180	478	557	371	455	252	402
AT5G64190	43	30	47	83	21	47
AT5G64200	912	592	680	800	763	715
AT5G64210	3	0	2	0	0	0
AT5G64220	963	350	696	813	699	799
AT5G64230	137	95	104	87	68	87
AT5G64240	1116	826	783	1137	891	1374
AT5G64250	816	415	655	653	457	484
AT5G64260	4766	4205	3844	4097	3215	4752
AT5G64270	1896	990	1563	2155	2479	2821
AT5G64280	581	224	524	629	473	636
AT5G64290	816	994	837	986	1960	1760
AT5G64300	1603	1099	1345	1497	2011	1930
AT5G64310	3275	842	2594	1982	774	762
AT5G64320	127	71	90	94	115	108
AT5G64330	1779	1184	1384	1685	1527	1883
AT5G64340	1690	808	1413	1507	1190	1389
AT5G64350	2081	2630	1550	1557	1469	1453
AT5G64360	491	298	380	420	421	559
AT5G64370	780	377	589	729	495	540
AT5G64380	379	450	319	427	512	599
AT5G64390	661	264	551	553	623	834
AT5G64395	0	0	0	0	0	0
AT5G64400	1434	1882	1192	1461	1527	1350
AT5G64401	0	0	0	0	0	0
AT5G64410	498	329	432	535	542	677
AT5G64420	1457	645	1172	1694	1744	1591
AT5G64430	1306	323	1038	1069	869	1034
AT5G64440	856	388	727	827	1063	977
AT5G64450	10	9	10	14	1	6
AT5G64460	640	1102	481	587	883	1099
AT5G64470	244	152	173	248	171	219
AT5G64480	214	371	189	209	252	265
AT5G64490	15	15	16	11	8	12
AT5G64500	902	641	696	760	649	782
AT5G64505	0	0	0	0	0	0
AT5G64510	34	30	32	62	38	33
AT5G64520	119	93	104	110	79	111
AT5G64530	24	15	19	18	12	10
AT5G64540	4	0	0	0	0	0
AT5G64550	222	79	183	94	132	131
AT5G64560	503	274	392	428	388	397
AT5G64570	1464	338	1230	2324	3125	3725
AT5G64572	0	0	0	0	0	0
AT5G64580	700	609	597	914	2326	1742
AT5G64590	1	0	1	0	0	0
AT5G64600	383	167	266	285	227	284
AT5G64610	734	524	615	589	686	779
AT5G64620	830	810	845	823	776	799
AT5G64630	158	47	110	165	136	129
AT5G64640	219	113	168	203	214	214
AT5G64650	395	372	376	356	379	338
AT5G64660	544	198	425	593	129	223
AT5G64667	31	30	35	12	15	22
AT5G64670	660	482	549	660	809	647
AT5G64680	414	326	296	369	322	313
AT5G64687	31	10	23	23	10	7
AT5G64690	9	6	8	6	8	9
AT5G64700	57	20	62	22	33	19
AT5G64710	87	38	61	74	145	100
AT5G64720	0	1	0	0	0	0
AT5G64730	145	109	90	129	88	105
AT5G64735	0	0	0	0	0	0
AT5G64740	3336	1509	2672	3464	4376	4746
AT5G64750	43	10	43	53	31	29
AT5G64760	286	229	278	297	381	362
AT5G64770	999	967	795	722	862	855
AT5G64780	81	121	58	79	120	118
AT5G64790	0	1	0	1	1	4
AT5G64800	24	7	7	11	11	6
AT5G64810	19	4	5	14	11	4
AT5G64813	883	402	588	735	621	712
AT5G64816	20	20	18	22	25	25
AT5G64820	0	1	0	1	0	0
AT5G64830	364	283	274	329	409	438
AT5G64840	1741	4418	1551	2159	6705	10049
AT5G64850	229	847	190	148	627	800
AT5G64855	0	0	0	0	0	0
AT5G64860	1673	907	1428	1540	991	1152
AT5G64870	138	14	101	103	43	43
AT5G64880	206	206	169	205	112	159
AT5G64890	2	0	0	6	2	0
AT5G64900	52	32	25	44	29	26
AT5G64905	4	1	14	23	2	3
AT5G64910	72	39	55	38	56	46
AT5G64920	923	1355	714	1026	1017	1362
AT5G64930	283	211	202	250	345	446
AT5G64940	1775	3313	1557	1898	6345	7170
AT5G64950	56	44	56	60	53	51
AT5G64960	1584	367	1294	1343	1596	1515
AT5G64970	65	25	55	60	43	51
AT5G64980	77	37	60	91	88	47
AT5G64990	23	12	22	20	15	11
AT5G65000	251	146	254	235	238	228
AT5G65005	0	0	0	0	0	0
AT5G65010	5020	4435	4096	3943	8348	7403
AT5G65015	0	0	2	1	0	0
AT5G65020	820	859	667	660	1234	1016
AT5G65030	10	13	7	11	12	18
AT5G65040	75	33	33	45	23	44
AT5G65050	1429	1301	1003	946	719	909
AT5G65060	368	314	294	272	213	303
AT5G65070	70	41	47	48	42	51
AT5G65080	192	45	152	161	110	64
AT5G65090	7	5	12	12	8	9
AT5G65100	0	0	0	0	2	0
AT5G65110	1508	804	1168	1824	1268	1643
AT5G65120	92	63	98	86	92	89
AT5G65130	3	2	1	1	3	3
AT5G65140	99	18	81	64	72	42
AT5G65158	0	0	0	0	0	0
AT5G65160	23	20	11	14	18	23
AT5G65165	4	0	4	0	0	0
AT5G65170	122	83	114	127	106	129
AT5G65180	474	123	314	332	379	359
AT5G65200	179	77	180	182	155	166
AT5G65205	148	79	113	118	106	69
AT5G65207	104	353	85	127	141	174
AT5G65210	550	294	426	470	405	411
AT5G65220	9714	24879	6982	10772	10507	13508
AT5G65225	2	0	4	1	2	2
AT5G65230	18	2	17	12	7	14
AT5G65240	445	133	280	270	191	239
AT5G65250	573	546	409	509	586	587
AT5G65260	740	734	479	647	676	740
AT5G65270	646	480	475	515	442	392
AT5G65274	0	0	0	0	0	0
AT5G65280	123	35	93	56	44	36
AT5G65290	427	131	371	370	358	404
AT5G65300	546	145	339	200	24	76
AT5G65305	0	0	0	0	0	0
AT5G65310	4953	1437	3726	3409	2033	2460
AT5G65320	11	1	5	6	9	3
AT5G65330	0	0	0	0	0	0
AT5G65340	7	2	0	6	2	0
AT5G65350	34	21	21	8	17	17
AT5G65360	1188	2012	907	1403	2408	1709
AT5G65370	0	0	0	0	0	0
AT5G65380	1098	1327	880	979	1217	1831
AT5G65390	1368	744	1046	1198	618	595
AT5G65400	200	115	173	134	134	152
AT5G65410	571	628	441	444	734	747
AT5G65420	58	76	73	74	66	54
AT5G65430	2138	3306	1683	2579	1615	2754
AT5G65440	1437	826	1158	1372	1623	1972
AT5G65445	0	2	0	0	0	1
AT5G65450	291	137	234	233	190	273
AT5G65460	518	216	384	458	736	761
AT5G65470	1097	469	848	621	994	934
AT5G65480	855	1739	635	669	714	909
AT5G65490	682	775	555	743	986	1101
AT5G65495	113	179	110	107	71	107
AT5G65500	1	0	2	0	0	0
AT5G65510	43	17	29	31	46	44
AT5G65520	288	338	198	226	196	263
AT5G65530	17	12	21	10	19	24
AT5G65535	0	0	0	0	0	0
AT5G65540	489	137	386	421	394	419
AT5G65550	1	1	1	1	0	2
AT5G65560	257	104	181	240	242	298
AT5G65570	99	43	75	87	88	84
AT5G65575	247	221	159	173	130	160
AT5G65580	0	0	0	0	0	0
AT5G65590	117	72	84	106	99	145
AT5G65600	37	11	24	70	16	14
AT5G65609	33	20	29	40	24	34
AT5G65610	15	20	15	12	8	23
AT5G65613	20	17	8	27	9	8
AT5G65615	0	0	0	1	0	0
AT5G65620	3100	2255	2524	3059	3099	3260
AT5G65630	4665	786	3548	3068	1729	1765
AT5G65640	837	257	623	653	479	393
AT5G65650	211	176	183	225	170	177
AT5G65660	1029	1657	865	1106	1434	1564
AT5G65670	3868	1981	2956	3571	2667	2728
AT5G65683	222	133	201	166	240	260
AT5G65685	588	382	447	536	547	695
AT5G65687	207	106	198	217	226	254
AT5G65690	0	1	2	5	0	1
AT5G65700	1255	585	1109	1130	1215	1278
AT5G65710	315	111	223	247	223	333
AT5G65720	1054	696	865	1051	1543	1348
AT5G65730	887	1349	833	812	1554	2293
AT5G65740	444	260	291	306	270	389
AT5G65750	1759	596	1395	1408	1452	1380
AT5G65760	722	339	547	523	475	567
AT5G65770	1	0	0	0	0	0
AT5G65780	880	586	792	791	703	756
AT5G65790	30	10	18	15	6	13
AT5G65800	6	2	7	25	1	1
AT5G65810	814	461	517	627	530	524
AT5G65820	94	8	60	75	81	96
AT5G65830	123	106	81	106	137	124
AT5G65840	741	1042	592	609	948	1126
AT5G65850	32	27	33	34	31	37
AT5G65860	249	151	205	233	181	187
AT5G65870	194	66	154	100	107	70
AT5G65880	118	130	98	103	95	88
AT5G65890	143	59	107	95	104	121
AT5G65900	1112	1465	774	975	845	795
AT5G65910	1292	982	927	1069	967	1262
AT5G65920	320	130	214	303	121	145
AT5G65925	99	116	78	102	87	109
AT5G65930	1189	622	953	1157	1330	1453
AT5G65940	1217	1191	1004	998	988	1021
AT5G65950	1917	732	1514	2031	1762	1978
AT5G65960	702	459	502	608	495	701
AT5G65970	159	74	87	108	113	132
AT5G65980	1	1	0	0	0	1
AT5G65990	555	303	459	333	469	399
AT5G66000	121	73	93	88	50	70
AT5G66005	170	197	106	138	136	175
AT5G66010	232	147	195	216	115	158
AT5G66020	0	0	0	0	0	0
AT5G66030	3369	1104	2439	2860	2039	2674
AT5G66040	5068	4127	3552	3447	2329	3158
AT5G66045	1	1	0	0	0	2
AT5G66050	720	521	518	675	490	655
AT5G66052	353	277	233	267	128	163
AT5G66053	0	0	0	0	0	0
AT5G66055	1304	1030	1057	1369	1382	1690
AT5G66060	452	295	365	380	430	459
AT5G66070	607	209	540	699	119	267
AT5G66080	371	139	294	240	95	165
AT5G66090	808	835	645	692	621	627
AT5G66100	469	297	407	435	418	457
AT5G66110	64	63	56	39	33	35
AT5G66120	1239	911	1044	1146	1826	1492
AT5G66130	169	83	122	166	181	199
AT5G66140	1311	1650	1019	1147	1051	1021
AT5G66150	2	0	0	0	13	2
AT5G66160	523	202	430	531	448	563
AT5G66170	232	134	141	181	91	118
AT5G66180	482	285	323	353	241	329
AT5G66190	10361	14922	8112	10516	11793	16101
AT5G66200	1160	836	869	981	1145	1424
AT5G66210	3602	560	2655	4267	642	970
AT5G66220	0	0	0	0	0	0
AT5G66230	205	274	209	257	430	317
AT5G66240	1093	668	821	931	685	811
AT5G66250	473	272	391	392	236	361
AT5G66260	1	0	0	0	0	1
AT5G66270	49	35	30	28	71	61
AT5G66280	0	0	0	0	0	0
AT5G66290	354	305	302	356	289	364
AT5G66300	49	17	42	48	18	29
AT5G66310	1267	310	925	1011	731	665
AT5G66320	532	209	366	432	255	304
AT5G66330	95	98	62	79	96	103
AT5G66335	0	0	0	0	0	0
AT5G66340	2	0	0	0	0	0
AT5G66350	107	26	82	80	80	64
AT5G66360	287	211	227	279	172	213
AT5G66370	0	0	0	0	0	0
AT5G66380	262	231	194	242	156	216
AT5G66390	30	16	14	12	35	38
AT5G66400	1649	117	1374	95	155	103
AT5G66410	454	657	390	431	603	513
AT5G66420	948	167	699	697	610	584
AT5G66430	0	0	0	0	0	1
AT5G66440	281	188	203	217	147	167
AT5G66450	153	105	131	158	170	196
AT5G66460	516	156	394	267	230	259
AT5G66470	892	1122	647	900	1866	1637
AT5G66480	103	54	67	102	81	101
AT5G66490	306	361	261	233	184	243
AT5G66500	84	24	61	53	50	41
AT5G66510	921	1314	807	888	1182	1107
AT5G66520	0	0	0	0	0	0
AT5G66530	1894	1473	1482	1345	1333	1494
AT5G66535	0	0	0	0	0	0
AT5G66540	784	632	655	805	867	667
AT5G66550	260	279	208	190	310	365
AT5G66558	33	30	15	20	24	28
AT5G66560	0	0	0	0	0	0
AT5G66562	2	1	2	0	1	0
AT5G66564	0	0	0	0	0	0
AT5G66567	0	1	0	0	2	0
AT5G66568	0	0	0	0	0	0
AT5G66570	70192	91472	56417	63666	59600	92218
AT5G66580	59	72	34	50	70	76
AT5G66590	246	245	201	285	168	246
AT5G66595	0	1	1	4	2	2
AT5G66600	73	50	74	75	107	98
AT5G66607	11	0	6	18	0	4
AT5G66610	244	81	192	131	66	70
AT5G66620	136	25	84	77	38	74
AT5G66630	68	10	43	43	38	31
AT5G66631	74	5	53	67	44	26
AT5G66640	225	16	160	163	26	33
AT5G66650	577	165	462	724	63	176
AT5G66658	33	20	28	37	31	49
AT5G66660	5	4	0	6	7	7
AT5G66670	16	1	13	4	1	3
AT5G66675	1078	232	991	1339	390	545
AT5G66680	1698	1088	1339	1479	1469	1255
AT5G66690	18	3	16	11	2	1
AT5G66700	12	7	12	3	3	8
AT5G66710	1	6	3	4	12	4
AT5G66720	955	1108	759	909	937	1123
AT5G66730	1461	421	1028	959	648	893
AT5G66740	6	12	0	3	14	18
AT5G66750	168	133	128	141	245	198
AT5G66755	0	0	0	0	0	0
AT5G66760	1965	1519	1455	1758	2586	2104
AT5G66770	412	250	315	347	417	485
AT5G66780	19	0	18	0	2	2
AT5G66790	443	159	368	420	177	284
AT5G66800	144	51	101	90	52	51
AT5G66810	624	352	537	550	537	736
AT5G66815	0	0	0	0	0	0
AT5G66816	0	0	0	0	0	0
AT5G66817	0	0	0	0	0	0
AT5G66820	496	377	394	457	452	541
AT5G66830	9	3	11	6	7	7
AT5G66840	36	25	30	39	82	52
AT5G66850	867	256	688	798	526	582
AT5G66860	783	609	608	587	512	444
AT5G66870	10	5	3	21	4	1
AT5G66880	1289	580	1048	1014	519	757
AT5G66890	0	0	0	0	0	0
AT5G66900	598	306	426	522	343	519
AT5G66910	291	72	193	237	132	141
AT5G66920	570	345	462	551	817	737
AT5G66930	677	495	464	474	383	538
AT5G66940	9	7	12	12	18	8
AT5G66950	690	308	600	570	588	608
AT5G66960	157	32	99	132	113	100
AT5G66970	0	0	0	0	0	0
AT5G66980	1	0	0	0	0	1
AT5G66985	17	261	10	78	398	152
AT5G66990	0	0	0	0	0	0
AT5G67000	0	0	0	0	0	0
AT5G67010	0	0	0	0	1	1
AT5G67020	36	6	26	26	22	22
AT5G67030	1464	3440	1129	1632	5391	7227
AT5G67040	0	0	0	0	0	0
AT5G67050	5	8	4	8	19	31
AT5G67060	56	52	64	143	62	66
AT5G67070	984	864	779	814	770	650
AT5G67080	64	6	39	59	9	11
AT5G67090	31	5	11	13	15	8
AT5G67100	318	45	252	397	493	456
AT5G67110	4	6	7	4	3	1
AT5G67120	0	2	0	0	0	0
AT5G67130	1344	747	1028	1049	1027	1072
AT5G67140	74	67	59	49	45	68
AT5G67150	127	137	92	116	187	136
AT5G67160	88	60	64	86	89	76
AT5G67170	258	148	160	166	147	237
AT5G67180	108	62	81	59	50	38
AT5G67190	65	244	64	122	84	146
AT5G67200	251	104	228	166	254	226
AT5G67210	55	34	34	28	48	22
AT5G67220	728	624	596	846	881	857
AT5G67230	95	55	90	79	76	83
AT5G67240	971	303	764	890	735	882
AT5G67245	36	29	29	30	17	18
AT5G67250	982	794	812	789	515	721
AT5G67260	914	937	689	947	965	1109
AT5G67265	1	1	0	0	1	1
AT5G67270	217	219	180	190	423	356
AT5G67280	466	170	358	268	433	317
AT5G67290	347	341	273	329	323	350
AT5G67300	1919	2389	1428	1736	1108	1600
AT5G67310	9	0	7	15	5	0
AT5G67320	1916	1919	1325	1470	1202	1251
AT5G67330	480	267	429	425	598	508
AT5G67340	92	14	87	93	89	42
AT5G67350	168	93	113	100	112	121
AT5G67360	3996	2316	3349	3393	3756	4183
AT5G67370	290	494	220	266	789	641
AT5G67380	1763	1148	1416	1790	1324	1777
AT5G67385	1858	1348	1382	1895	2020	2840
AT5G67390	63	172	49	80	140	204
AT5G67400	34	1	33	5	0	0
AT5G67410	18	16	6	9	7	23
AT5G67411	11	8	8	11	7	9
AT5G67420	3494	3500	2581	2840	2991	3102
AT5G67430	2	0	0	1	2	0
AT5G67440	701	518	535	709	675	846
AT5G67450	77	7	57	100	13	6
AT5G67455	0	0	0	0	0	0
AT5G67460	106	68	99	85	166	129
AT5G67470	1070	428	891	998	1229	1256
AT5G67480	2698	1989	2144	2593	1380	1927
AT5G67488	7	1	8	10	8	15
AT5G67490	3	1	4	4	0	13
AT5G67500	1852	1594	1521	1750	2356	2009
AT5G67510	611	874	455	648	825	604
AT5G67520	37	28	13	18	24	27
AT5G67530	637	404	475	544	462	609
AT5G67540	564	391	378	455	409	439
AT5G67550	21	4	25	12	19	15
AT5G67560	826	1039	721	775	585	720
AT5G67570	797	382	565	688	689	850
AT5G67580	834	339	627	620	586	631
AT5G67590	1121	1194	915	907	861	917
AT5G67600	960	890	654	484	443	589
AT5G67610	294	195	243	279	197	229
AT5G67620	15	13	13	9	11	7
AT5G67630	633	344	498	579	655	586
AT5G67640	275	217	240	239	150	176
ATCG00010	3300	15729	2300	2496	981	607
ATCG00020	884	7304	593	795	803	965
ATCG00030	64	761	69	44	63	100
ATCG00040	274	1267	241	294	575	704
ATCG00050	31	351	25	24	53	56
ATCG00060	5	3	1	2	3	0
ATCG00065	332	860	291	395	615	906
ATCG00070	186	2393	175	272	405	521
ATCG00080	483	2355	426	462	394	520
ATCG00090	351	2185	311	325	239	435
ATCG00100	24	437	19	25	53	79
ATCG00110	8	13	4	5	4	6
ATCG00120	352	347	275	396	718	1035
ATCG00130	206	1060	166	174	263	349
ATCG00140	95	206	63	79	126	144
ATCG00150	749	3632	641	429	445	520
ATCG00160	188	1488	167	136	234	253
ATCG00170	449	4710	403	327	896	1076
ATCG00180	91	284	93	170	896	885
ATCG00190	381	1782	287	543	2430	2527
ATCG00200	6	16	4	10	9	10
ATCG00210	52	757	46	49	124	141
ATCG00220	3199	5607	2989	3207	1192	2324
ATCG00230	3	22	1	7	7	13
ATCG00240	0	3	0	0	0	0
ATCG00250	0	15	1	3	2	5
ATCG00260	6	22	3	4	12	6
ATCG00270	8393	8096	7980	6440	2537	4104
ATCG00280	3282	590	3837	4415	2528	3767
ATCG00290	221	534	225	239	173	231
ATCG00300	230	893	168	199	181	284
ATCG00310	1	17	2	7	7	10
ATCG00320	47	109	17	29	25	18
ATCG00330	4259	32845	3181	2024	1207	2002
ATCG00340	383	1328	317	427	481	780
ATCG00350	377	849	342	346	505	763
ATCG00360	110	854	81	110	245	226
ATCG00370	44	172	37	25	87	82
ATCG00380	493	2063	365	405	897	850
ATCG00390	1031	2301	1099	1244	1328	1776
ATCG00400	1069	4801	903	1287	1655	2274
ATCG00410	10	6	10	13	36	37
ATCG00420	3051	1178	2789	3683	1731	3077
ATCG00430	9235	19113	7527	7290	3219	5396
ATCG00440	1890	6928	1745	1304	616	970
ATCG00450	115	188	144	74	76	111
ATCG00460	150	669	147	79	60	92
ATCG00470	17945	60191	20790	14753	7383	11673
ATCG00480	21893	17495	27726	25373	15768	23208
ATCG00490	275	279	242	219	328	482
ATCG00500	73	165	63	62	84	105
ATCG00510	50	112	48	49	21	36
ATCG00520	50	307	61	40	40	73
ATCG00530	539	584	366	433	243	426
ATCG00540	365	957	290	400	344	442
ATCG00550	307	1069	246	254	123	173
ATCG00560	69	158	54	75	38	72
ATCG00570	77	117	59	63	23	53
ATCG00580	316	249	286	302	194	214
ATCG00590	21	94	19	23	22	24
ATCG00600	24	165	28	23	38	46
ATCG00610	7	45	1	5	8	21
ATCG00620	99	730	52	97	162	247
ATCG00630	663	1213	472	662	403	536
ATCG00640	458	1915	331	405	470	536
ATCG00650	797	4648	633	588	806	896
ATCG00660	263	1113	274	315	682	878
ATCG00670	3401	7856	2754	4197	3895	5729
ATCG00680	700	1292	612	651	629	837
ATCG00690	108	332	126	94	99	111
ATCG00700	78	200	86	87	107	135
ATCG00710	39	32	29	41	58	107
ATCG00720	103	309	103	110	406	434
ATCG00730	176	857	161	171	532	487
ATCG00740	5446	23004	4269	6686	18534	21143
ATCG00750	2219	3722	1859	3236	9059	10302
ATCG00760	1040	1102	1059	1961	5657	6116
ATCG00770	4568	3665	3704	6533	17973	19274
ATCG00780	8913	7090	7072	10943	25671	29320
ATCG00790	19047	28678	14688	20074	43587	49193
ATCG00800	12543	28571	9475	15098	31961	34212
ATCG00810	5228	7846	4350	7120	15191	16532
ATCG00820	2479	6613	2081	3305	7262	8219
ATCG00830	30	32	19	15	32	17
ATCG00840	2	0	3	7	5	4
ATCG00850	0	0	0	0	0	0
ATCG00860	1	0	0	0	1	0
ATCG00870	0	0	0	0	0	0
ATCG00880	0	0	0	0	0	0
ATCG00890	0	1	1	0	2	7
ATCG00900	27	7	15	9	18	16
ATCG00905	13	92	10	4	4	8
ATCG00910	0	0	0	0	0	0
ATCG00920	4	0	2	3	4	3
ATCG00930	0	0	0	0	0	0
ATCG00940	0	0	0	0	0	0
ATCG00950	13	21	22	14	13	18
ATCG00960	0	0	0	0	0	0
ATCG00970	0	0	0	0	0	0
ATCG00980	0	0	0	0	0	0
ATCG00990	0	0	0	0	0	0
ATCG01000	0	1	0	0	2	5
ATCG01010	502	1205	563	536	647	902
ATCG01020	6540	14968	8178	5305	2990	3803
ATCG01030	2	3	0	0	0	0
ATCG01040	78	294	54	42	54	69
ATCG01050	166	1855	167	211	753	855
ATCG01060	25	45	27	24	107	155
ATCG01070	48	137	45	45	223	223
ATCG01080	126	758	91	126	400	414
ATCG01090	200	1785	176	291	754	806
ATCG01100	464	197	469	807	2539	2522
ATCG01110	1724	428	1389	2259	7092	6931
ATCG01120	847	888	741	1112	2915	2907
ATCG01130	31925	121521	24340	35848	82266	79261
ATCG01140	0	0	0	0	0	0
ATCG01150	0	0	0	0	0	0
ATCG01160	0	0	0	0	0	0
ATCG01170	0	0	0	0	0	1
ATCG01180	57	79	56	32	26	64
ATCG01190	0	0	0	0	0	0
ATCG01200	0	0	0	0	0	0
ATCG01210	7	0	17	4	4	4
ATCG01220	0	0	0	0	0	0
ATCG01230	6	7	3	0	4	5
ATCG01240	10	2	1	4	6	12
ATCG01250	1	1	0	0	2	2
ATCG01260	0	0	0	0	0	0
ATCG01270	0	1	0	0	0	0
ATCG01280	0	1	0	0	0	1
ATCG01290	0	0	0	0	0	0
ATCG01300	2	0	2	0	1	2
ATCG01310	5	16	6	9	21	15
ATMG00010	0	2	0	4	0	1
ATMG00020	5665	1465	4487	2441	1718	2408
ATMG00030	709	430	579	334	199	232
ATMG00040	2	1	3	2	3	5
ATMG00050	0	0	0	0	0	0
ATMG00060	11	11	4	7	2	11
ATMG00070	32	17	18	31	30	26
ATMG00080	54	105	41	51	30	42
ATMG00090	167	306	135	142	77	104
ATMG00100	0	0	0	0	0	0
ATMG00110	26	25	17	24	16	39
ATMG00120	0	1	1	2	0	2
ATMG00130	2	12	4	6	1	3
ATMG00140	5	20	5	3	2	4
ATMG00150	4	0	1	2	2	4
ATMG00160	17	8	16	21	19	18
ATMG00170	0	0	0	0	0	0
ATMG00180	0	0	0	0	0	0
ATMG00190	0	0	0	0	0	0
ATMG00200	0	0	0	0	0	0
ATMG00210	0	0	0	0	0	0
ATMG00220	0	0	0	0	0	0
ATMG00230	0	0	0	0	0	0
ATMG00240	0	0	0	0	0	0
ATMG00250	0	0	0	0	0	0
ATMG00260	0	0	0	0	0	0
ATMG00270	0	0	0	0	0	0
ATMG00280	0	0	0	0	0	0
ATMG00285	0	0	0	0	0	0
ATMG00290	0	0	0	0	0	0
ATMG00300	0	0	0	0	0	0
ATMG00310	0	0	0	0	0	0
ATMG00320	0	0	0	0	0	0
ATMG00330	0	0	0	0	0	0
ATMG00340	0	0	0	0	0	0
ATMG00350	0	0	0	0	0	0
ATMG00360	0	0	0	0	0	0
ATMG00370	0	0	0	0	0	0
ATMG00380	0	0	0	0	0	0
ATMG00390	0	0	0	0	0	0
ATMG00400	0	0	0	0	0	0
ATMG00410	0	0	0	0	0	0
ATMG00420	0	0	0	0	0	0
ATMG00430	0	0	0	0	0	0
ATMG00440	0	0	0	0	0	0
ATMG00450	1	0	0	0	0	0
ATMG00460	0	0	0	0	0	0
ATMG00470	0	0	0	0	0	0
ATMG00480	0	0	0	0	0	0
ATMG00490	0	0	0	0	0	0
ATMG00500	0	0	0	0	0	0
ATMG00510	5	0	3	5	0	4
ATMG00513	1	5	0	0	0	2
ATMG00516	1	1	0	0	0	0
ATMG00520	3	0	2	1	1	6
ATMG00530	0	0	0	0	0	0
ATMG00540	0	0	0	0	0	0
ATMG00550	0	0	0	0	0	0
ATMG00560	0	0	3	3	4	1
ATMG00570	0	0	0	0	0	1
ATMG00580	0	0	0	0	0	0
ATMG00590	0	0	0	0	0	0
ATMG00600	0	0	0	0	0	0
ATMG00610	0	0	0	0	0	0
ATMG00620	0	0	0	0	0	0
ATMG00630	9	3	3	2	2	5
ATMG00640	37	17	21	25	6	26
ATMG00650	10	12	6	7	5	9
ATMG00660	95	133	78	75	87	74
ATMG00665	0	1	2	0	0	1
ATMG00670	13	13	10	16	15	11
ATMG00680	1	3	0	1	0	3
ATMG00690	46	38	29	42	35	37
ATMG00700	0	0	0	0	0	0
ATMG00710	2	0	1	1	1	4
ATMG00720	0	5	0	0	1	2
ATMG00730	0	0	0	0	0	0
ATMG00740	0	0	0	0	0	0
ATMG00750	0	0	0	0	0	0
ATMG00760	0	0	0	0	0	0
ATMG00770	0	0	0	0	0	0
ATMG00780	0	0	0	0	0	0
ATMG00790	0	0	0	0	0	0
ATMG00800	0	0	0	0	0	0
ATMG00810	0	0	2	1	0	0
ATMG00820	0	0	0	0	0	0
ATMG00830	8	1	3	9	4	13
ATMG00840	0	0	0	0	0	0
ATMG00850	0	0	0	0	0	0
ATMG00860	0	0	0	0	0	0
ATMG00870	0	0	0	0	0	0
ATMG00880	0	0	0	0	0	0
ATMG00890	0	0	0	0	0	0
ATMG00900	0	0	0	0	0	0
ATMG00910	0	0	0	0	0	0
ATMG00920	0	0	0	0	0	0
ATMG00930	0	0	0	0	0	0
ATMG00940	0	0	0	0	0	0
ATMG00950	0	0	0	0	0	0
ATMG00960	0	0	0	0	0	0
ATMG00970	0	0	3	1	0	0
ATMG00980	0	4	1	0	0	0
ATMG00990	0	0	0	0	0	0
ATMG01000	0	0	1	0	0	0
ATMG01010	0	0	0	0	0	0
ATMG01020	0	0	0	1	0	0
ATMG01030	0	0	0	0	0	1
ATMG01040	0	0	0	0	0	0
ATMG01050	1	0	0	0	0	0
ATMG01060	0	0	0	0	0	0
ATMG01070	0	0	0	0	0	0
ATMG01080	0	0	0	0	0	0
ATMG01090	1	1	9	1	1	3
ATMG01100	0	0	0	0	0	0
ATMG01110	0	0	0	0	0	0
ATMG01120	2	4	0	5	1	5
ATMG01130	13	4	3	16	10	3
ATMG01140	0	0	0	0	0	0
ATMG01150	0	0	0	0	0	0
ATMG01160	0	0	0	0	0	0
ATMG01170	35	31	23	17	11	17
ATMG01180	0	0	0	0	0	0
ATMG01190	0	0	1	0	1	0
ATMG01200	2	2	3	2	1	2
ATMG01210	0	0	0	0	0	0
ATMG01220	6	2	5	6	5	8
ATMG01230	0	0	0	0	0	0
ATMG01240	0	0	0	0	0	0
ATMG01250	0	0	0	0	0	0
ATMG01260	0	0	1	0	0	0
ATMG01270	0	0	0	0	0	0
ATMG01275	0	0	0	0	0	0
ATMG01280	0	0	0	0	0	0
ATMG01290	0	0	0	0	0	0
ATMG01300	0	0	0	0	0	0
ATMG01310	0	0	0	0	0	0
ATMG01320	0	0	0	0	0	0
ATMG01330	5	3	4	1	4	1
ATMG01340	0	0	0	0	0	0
ATMG01350	5	4	6	4	5	10
ATMG01360	80	35	71	92	43	58
ATMG01370	35	67	43	37	32	41
ATMG01380	15	35	11	16	19	15
ATMG01390	1849	875	1777	1476	1087	1334
ATMG01400	0	1	0	1	0	0
ATMG01410	2	4	0	1	1	0
ATMG09450	0	0	0	0	0	0
ATMG09730	0	0	0	0	0	0
ATMG09740	1	3	0	0	0	0
ATMG09950	0	0	0	0	0	0
ATMG09960	1	1	1	0	2	0
ATMG09980	4	5	1	0	1	0
