gene_id	ERR2618237	ERR2618240	ERR2618236	ERR2618238	ERR2618241	ERR2618239
AT1G01046	5	0	19	7	7	7
AT1G01060	30	217	12	33	469	473
AT1G01070	200	128	130	139	196	146
AT1G01130	49	45	45	41	29	29
AT1G01225	47	36	30	32	44	51
AT1G01250	32	1	48	11	8	9
AT1G01270	0	0	0	0	0	0
AT1G01280	0	0	0	0	0	0
AT1G01305	0	0	0	0	0	0
AT1G01335	0	0	0	0	0	0
AT1G01350	459	360	322	416	382	494
AT1G01390	26	28	22	40	56	56
AT1G01410	0	0	0	0	0	0
AT1G01460	0	0	0	0	0	0
AT1G01560	134	4	127	125	6	5
AT1G01640	69	22	53	35	25	33
AT1G01680	9	4	9	3	13	15
AT1G01760	51	10	43	73	62	88
AT1G01870	0	0	0	0	0	0
AT1G02010	314	73	285	206	182	216
AT1G02067	0	0	0	0	0	0
AT1G02210	0	0	0	0	0	0
AT1G02230	21	0	8	8	2	0
AT1G02310	64	0	55	3	0	0
AT1G02320	0	0	0	0	0	0
AT1G02350	54	52	37	41	34	35
AT1G02380	50	137	59	65	103	145
AT1G02390	101	1	91	18	6	6
AT1G02400	647	27	493	345	40	36
AT1G02450	11	0	6	8	0	0
AT1G02470	92	12	87	131	9	21
AT1G02480	0	0	0	0	0	0
AT1G02500	9423	7095	7747	9063	8740	8917
AT1G02510	0	0	0	0	0	0
AT1G02540	0	0	0	0	0	0
AT1G02550	0	0	0	0	0	0
AT1G02590	0	0	0	0	0	0
AT1G02600	0	0	0	0	0	0
AT1G02620	42	41	27	67	24	67
AT1G02650	35	53	21	58	43	76
AT1G02700	50	33	51	23	28	37
AT1G02705	51	37	33	22	50	53
AT1G02710	0	0	0	0	0	0
AT1G02760	0	0	0	0	0	0
AT1G02830	0	0	0	0	0	0
AT1G02850	2203	187	1627	696	367	334
AT1G02950	46	37	39	54	41	47
AT1G02952	0	0	0	0	0	0
AT1G02965	0	0	0	0	0	0
AT1G02970	23	29	21	33	62	45
AT1G03020	160	13	111	30	19	13
AT1G03055	20	79	17	15	74	80
AT1G03100	65	24	23	49	43	28
AT1G03106	14	0	26	0	1	0
AT1G03120	13	11	0	9	4	13
AT1G03180	37	68	25	38	75	36
AT1G03300	0	0	0	0	0	0
AT1G03310	866	433	643	729	815	839
AT1G03325	0	0	0	0	0	0
AT1G03395	0	0	0	0	0	0
AT1G03490	0	0	0	0	0	0
AT1G03502	0	0	0	0	0	0
AT1G03510	33	34	40	41	40	40
AT1G03515	0	0	0	0	0	0
AT1G03570	0	0	0	0	0	0
AT1G03640	0	0	0	0	0	0
AT1G03650	54	40	42	48	41	34
AT1G03720	0	0	0	0	0	0
AT1G03746	0	0	0	0	0	0
AT1G03810	0	0	0	0	0	0
AT1G03820	88	49	83	87	72	53
AT1G03880	0	0	0	0	0	0
AT1G03890	0	0	0	0	0	0
AT1G03905	68	22	48	51	35	25
AT1G03982	0	0	0	0	0	0
AT1G03993	0	0	0	0	0	0
AT1G03997	0	0	0	0	0	0
AT1G04003	0	0	0	0	0	0
AT1G04017	0	0	0	0	0	0
AT1G04023	0	0	0	0	0	0
AT1G04027	14	0	11	7	0	5
AT1G04033	0	0	0	0	0	0
AT1G04043	0	0	0	0	0	0
AT1G04047	41	3	46	15	4	19
AT1G04057	0	0	0	0	0	0
AT1G04077	0	0	0	0	0	0
AT1G04087	0	0	0	0	0	0
AT1G04100	34	41	43	28	22	41
AT1G04103	0	0	0	0	0	0
AT1G04105	0	0	0	0	0	0
AT1G04137	0	0	0	0	0	0
AT1G04143	0	0	0	0	0	0
AT1G04163	0	0	0	0	0	0
AT1G04167	0	0	0	0	0	0
AT1G04177	0	0	0	0	0	0
AT1G04183	0	0	0	0	0	0
AT1G04203	0	0	0	0	0	0
AT1G04207	0	0	0	0	0	0
AT1G04213	0	0	0	0	0	0
AT1G04227	0	0	0	0	0	0
AT1G04233	0	0	0	0	0	0
AT1G04243	0	0	0	0	0	0
AT1G04253	0	0	0	0	0	0
AT1G04257	0	0	0	0	0	0
AT1G04263	0	0	0	0	0	0
AT1G04283	0	0	0	0	0	0
AT1G04287	0	0	0	0	0	0
AT1G04293	0	0	0	0	0	0
AT1G04295	0	0	0	0	0	0
AT1G04307	0	0	0	0	0	0
AT1G04320	0	0	0	0	0	0
AT1G04323	27	0	17	11	10	14
AT1G04327	0	0	0	0	0	0
AT1G04333	0	0	0	0	0	0
AT1G04337	0	0	0	0	0	0
AT1G04343	0	0	0	0	0	0
AT1G04353	0	0	0	0	0	0
AT1G04363	0	0	0	0	0	0
AT1G04373	0	0	0	0	0	0
AT1G04377	0	0	0	0	0	0
AT1G04383	0	0	0	0	0	0
AT1G04387	0	0	0	0	0	0
AT1G04393	0	0	0	0	0	0
AT1G04403	0	0	0	0	0	0
AT1G04407	0	0	0	0	0	0
AT1G04425	111	72	73	58	32	39
AT1G04437	0	0	0	0	0	0
AT1G04443	0	0	0	0	0	0
AT1G04447	0	0	0	0	0	0
AT1G04450	0	0	0	0	0	0
AT1G04463	0	0	0	0	0	0
AT1G04487	0	0	0	0	0	0
AT1G04497	0	0	0	0	0	0
AT1G04503	0	0	0	0	0	0
AT1G04507	0	0	0	0	0	0
AT1G04517	0	0	0	0	0	0
AT1G04523	0	0	0	0	0	0
AT1G04527	0	0	0	0	0	0
AT1G04537	0	0	0	0	0	0
AT1G04540	39	41	44	42	61	62
AT1G04557	0	0	0	0	0	0
AT1G04560	26	0	22	0	0	0
AT1G04573	0	0	0	0	0	0
AT1G04583	0	0	0	0	0	0
AT1G04593	0	0	0	0	0	0
AT1G04597	0	0	0	0	0	0
AT1G04603	0	0	0	0	0	0
AT1G04607	0	0	0	0	0	0
AT1G04623	0	0	0	0	0	0
AT1G04625	0	0	0	0	0	0
AT1G04635	57	76	53	45	29	53
AT1G04640	450	930	355	433	722	801
AT1G04643	0	0	0	0	0	0
AT1G04653	0	0	0	0	0	0
AT1G04657	0	0	0	0	0	0
AT1G04660	15	33	7	28	10	21
AT1G04667	0	0	0	0	0	0
AT1G04670	0	0	0	0	0	0
AT1G04673	0	0	0	0	0	0
AT1G04677	0	0	0	0	0	0
AT1G04683	0	0	0	0	0	0
AT1G04687	0	0	0	0	0	0
AT1G04693	0	0	0	0	0	0
AT1G04700	32	15	25	41	56	64
AT1G04703	0	0	0	0	0	0
AT1G04707	0	0	0	0	0	0
AT1G04713	0	0	0	0	0	0
AT1G04717	0	0	0	0	0	0
AT1G04720	0	0	0	0	0	0
AT1G04733	0	0	0	0	0	0
AT1G04743	0	0	0	0	0	0
AT1G04747	0	0	0	0	0	0
AT1G04753	0	0	0	0	0	0
AT1G04760	46	48	32	53	67	48
AT1G04763	0	0	0	0	0	0
AT1G04767	0	0	0	0	0	0
AT1G04773	0	0	0	0	0	0
AT1G04783	0	0	0	0	0	0
AT1G04787	0	0	0	0	0	0
AT1G04803	0	0	0	0	0	0
AT1G04807	0	0	0	0	0	0
AT1G04813	0	0	0	0	0	0
AT1G04823	0	0	0	0	0	0
AT1G04833	0	0	0	0	0	0
AT1G04837	0	0	0	0	0	0
AT1G04840	79	8	72	66	63	24
AT1G04847	0	0	0	0	0	0
AT1G04857	0	0	0	0	0	0
AT1G04863	0	0	0	0	0	0
AT1G04867	0	0	0	0	0	0
AT1G04873	0	0	0	0	0	0
AT1G04887	0	0	0	0	0	0
AT1G04890	0	0	0	0	0	0
AT1G04895	0	0	0	0	0	0
AT1G04897	0	0	0	0	0	0
AT1G04907	0	0	0	0	0	0
AT1G04917	0	0	0	0	0	0
AT1G04920	50	7	42	38	53	44
AT1G04923	0	0	0	0	0	0
AT1G04937	0	0	0	0	0	0
AT1G04943	0	0	0	0	0	0
AT1G04947	0	0	0	0	0	0
AT1G04953	0	0	0	0	0	0
AT1G04963	0	0	0	0	0	0
AT1G04967	0	0	0	0	0	0
AT1G04977	0	0	0	0	0	0
AT1G04987	0	0	0	0	0	0
AT1G04993	0	0	0	0	0	0
AT1G05003	0	0	0	0	0	0
AT1G05005	0	0	0	0	0	0
AT1G05007	0	0	0	0	0	0
AT1G05013	0	0	0	0	0	0
AT1G05023	0	12	1	4	4	19
AT1G05027	0	0	0	0	0	0
AT1G05037	0	0	0	0	0	0
AT1G05047	0	0	0	0	0	0
AT1G05053	0	0	0	0	0	0
AT1G05067	0	0	0	0	0	0
AT1G05073	0	0	0	0	0	0
AT1G05077	8	0	12	10	2	2
AT1G05080	0	0	0	0	0	0
AT1G05085	0	0	0	0	0	0
AT1G05093	0	0	0	0	0	0
AT1G05107	0	8	0	2	0	6
AT1G05113	0	0	0	0	0	0
AT1G05117	0	0	0	0	0	0
AT1G05127	0	0	0	0	0	0
AT1G05137	0	0	0	0	0	0
AT1G05147	0	0	0	0	0	0
AT1G05173	0	0	0	0	0	0
AT1G05177	0	0	0	0	0	0
AT1G05183	0	0	0	0	0	0
AT1G05187	0	0	0	0	0	0
AT1G05193	0	0	0	0	0	0
AT1G05197	0	0	0	0	0	0
AT1G05217	0	0	0	0	0	0
AT1G05223	0	0	0	0	0	0
AT1G05227	0	0	0	0	0	0
AT1G05233	0	0	0	0	0	0
AT1G05237	0	0	0	0	0	0
AT1G05243	0	0	0	0	0	0
AT1G05247	0	0	0	0	0	0
AT1G05250	0	0	0	0	0	0
AT1G05253	0	0	0	0	0	0
AT1G05257	0	0	0	0	0	0
AT1G05263	0	0	0	0	0	0
AT1G05267	0	0	0	0	0	0
AT1G05273	0	0	0	0	0	0
AT1G05283	0	0	0	0	0	0
AT1G05287	0	0	0	0	0	0
AT1G05290	0	0	0	0	0	0
AT1G05291	0	0	0	0	0	0
AT1G05303	0	0	0	0	0	0
AT1G05307	0	0	0	0	0	0
AT1G05313	0	0	0	0	0	0
AT1G05317	0	0	1	1	0	0
AT1G05323	0	0	0	0	0	0
AT1G05327	0	0	0	0	0	0
AT1G05330	9	0	10	6	2	0
AT1G05333	0	0	0	0	0	0
AT1G05337	0	0	0	0	0	0
AT1G05347	0	0	0	0	0	0
AT1G05353	0	0	0	0	0	0
AT1G05357	0	0	0	0	0	0
AT1G05367	0	0	0	0	0	0
AT1G05370	53	26	49	48	42	36
AT1G05373	0	0	0	0	0	0
AT1G05377	0	0	0	0	0	0
AT1G05383	0	0	0	0	0	0
AT1G05387	0	0	0	0	0	0
AT1G05390	0	0	0	0	0	0
AT1G05407	0	0	0	0	0	0
AT1G05417	0	0	0	0	0	0
AT1G05423	0	0	0	0	0	0
AT1G05427	0	0	0	0	0	0
AT1G05433	0	0	0	0	0	0
AT1G05440	38	28	53	25	64	53
AT1G05443	0	0	0	0	0	0
AT1G05447	0	0	0	0	0	0
AT1G05453	0	0	0	0	0	0
AT1G05473	0	0	0	0	0	0
AT1G05477	0	0	0	0	0	0
AT1G05483	0	0	0	0	0	0
AT1G05487	0	0	0	0	0	0
AT1G05490	31	27	25	39	74	40
AT1G05497	0	0	0	0	0	0
AT1G05507	0	0	0	0	0	0
AT1G05523	0	0	0	0	0	0
AT1G05527	0	0	0	0	0	0
AT1G05537	0	0	0	0	0	0
AT1G05543	0	0	0	0	0	0
AT1G05547	0	0	0	0	0	0
AT1G05550	2	2	0	1	4	3
AT1G05553	0	0	0	0	0	0
AT1G05560	0	0	0	0	0	0
AT1G05562	0	0	0	0	0	0
AT1G05563	0	0	0	0	0	0
AT1G05567	0	0	0	0	0	0
AT1G05580	0	0	0	0	0	0
AT1G05583	0	0	0	0	0	0
AT1G05587	0	0	0	0	0	0
AT1G05593	0	0	0	0	0	0
AT1G05597	0	0	0	0	0	0
AT1G05603	0	0	0	0	0	0
AT1G05607	0	0	0	0	0	0
AT1G05610	113	3	64	20	13	13
AT1G05615	0	0	0	0	0	0
AT1G05617	0	0	0	0	0	0
AT1G05623	0	0	0	0	0	0
AT1G05627	0	0	0	0	0	0
AT1G05633	0	0	0	0	0	0
AT1G05637	0	0	0	0	0	0
AT1G05643	0	0	0	0	0	0
AT1G05647	0	0	0	0	0	0
AT1G05650	0	0	0	0	0	0
AT1G05653	0	0	0	0	0	0
AT1G05657	0	0	0	0	0	0
AT1G05663	0	0	0	0	0	0
AT1G05667	0	0	0	0	0	0
AT1G05673	0	0	0	0	0	0
AT1G05675	402	75	332	699	17	103
AT1G05683	0	0	0	0	0	0
AT1G05690	80	33	59	51	43	55
AT1G05697	0	0	0	0	0	0
AT1G05700	1	0	1	3	29	2
AT1G05703	0	0	0	0	0	0
AT1G05713	0	0	0	0	0	0
AT1G05717	0	0	0	0	0	0
AT1G05723	0	0	0	0	0	0
AT1G05727	0	0	0	0	0	0
AT1G05737	0	0	0	0	0	0
AT1G05747	0	0	0	0	0	0
AT1G05753	0	0	0	0	0	0
AT1G05757	0	0	0	0	0	0
AT1G05760	0	0	0	0	0	0
AT1G05767	0	0	0	0	0	0
AT1G05787	0	0	0	0	0	0
AT1G05793	0	0	0	0	0	0
AT1G05797	0	0	0	0	0	0
AT1G05803	0	0	0	0	0	0
AT1G05807	0	0	0	0	0	0
AT1G05813	0	0	0	0	0	0
AT1G05817	0	0	0	0	0	0
AT1G05823	0	0	0	0	0	0
AT1G05827	0	0	0	0	0	0
AT1G05837	0	0	0	0	0	0
AT1G05843	0	0	0	0	0	0
AT1G05847	0	0	0	0	0	0
AT1G05853	0	0	0	0	0	0
AT1G05863	0	0	0	0	0	0
AT1G05873	0	0	0	0	0	0
AT1G05887	0	0	0	0	0	0
AT1G05893	0	0	0	0	0	0
AT1G05903	0	0	0	0	0	0
AT1G05907	0	0	0	0	0	0
AT1G05917	0	0	0	0	0	0
AT1G05927	0	0	0	0	0	0
AT1G05930	0	0	0	0	0	0
AT1G05943	0	0	0	0	0	0
AT1G05947	0	0	0	0	0	0
AT1G05953	0	0	0	0	0	0
AT1G05957	0	0	0	0	0	0
AT1G05963	0	0	0	0	0	0
AT1G05967	0	0	0	0	0	0
AT1G05973	0	0	0	0	0	0
AT1G05980	0	0	0	0	0	0
AT1G05983	0	0	0	0	0	0
AT1G05997	0	0	0	0	0	0
AT1G06000	0	0	0	0	0	0
AT1G06002	0	0	0	0	0	0
AT1G06003	0	0	0	0	0	0
AT1G06007	0	0	0	0	0	0
AT1G06013	0	0	0	0	0	0
AT1G06023	0	0	0	0	0	0
AT1G06037	0	0	0	0	0	0
AT1G06043	0	0	0	0	0	0
AT1G06045	0	0	0	0	0	0
AT1G06047	0	0	0	0	0	0
AT1G06053	0	0	0	0	0	0
AT1G06057	0	0	0	0	0	0
AT1G06063	0	0	0	0	0	0
AT1G06067	0	0	0	0	0	0
AT1G06073	0	0	0	0	0	0
AT1G06090	33	1	31	10	15	13
AT1G06093	0	0	0	0	0	0
AT1G06100	2	9	6	0	8	8
AT1G06103	0	0	0	0	0	0
AT1G06117	0	0	0	0	0	0
AT1G06123	0	0	0	0	0	2
AT1G06127	0	0	0	0	0	0
AT1G06130	585	360	464	441	452	444
AT1G06133	0	0	0	0	0	0
AT1G06147	0	0	0	0	0	0
AT1G06153	0	0	0	0	0	0
AT1G06157	0	0	0	0	0	0
AT1G06163	0	0	0	0	0	0
AT1G06177	0	0	0	0	0	0
AT1G06187	0	0	0	0	0	0
AT1G06197	0	0	0	0	0	0
AT1G06203	0	0	0	0	0	0
AT1G06213	0	0	0	0	0	0
AT1G06217	0	0	0	0	0	0
AT1G06225	0	0	0	0	0	0
AT1G06233	0	0	0	0	0	0
AT1G06237	0	0	0	0	0	0
AT1G06243	0	0	0	0	0	0
AT1G06247	0	0	0	0	0	0
AT1G06250	72	34	65	51	41	61
AT1G06253	0	0	0	0	0	0
AT1G06257	0	0	0	0	0	0
AT1G06280	0	0	0	0	0	0
AT1G06287	0	0	0	0	0	0
AT1G06297	0	0	0	0	0	0
AT1G06303	0	0	0	0	0	0
AT1G06313	0	0	0	0	0	0
AT1G06317	0	0	0	0	0	0
AT1G06320	0	0	0	0	0	0
AT1G06323	0	0	0	0	0	0
AT1G06327	0	0	0	0	0	0
AT1G06330	0	0	0	0	0	0
AT1G06333	0	0	0	0	0	0
AT1G06337	0	0	0	0	0	0
AT1G06343	0	0	0	0	0	0
AT1G06347	0	0	0	0	0	0
AT1G06353	0	0	0	0	0	0
AT1G06357	0	0	0	0	0	0
AT1G06363	0	0	0	0	0	0
AT1G06373	0	0	0	0	0	0
AT1G06377	0	0	0	0	0	0
AT1G06383	0	0	0	0	0	0
AT1G06387	0	0	0	0	0	0
AT1G06393	0	0	0	0	0	0
AT1G06397	0	0	0	0	0	0
AT1G06403	0	0	0	0	0	0
AT1G06407	0	0	0	0	0	0
AT1G06423	0	0	0	0	0	0
AT1G06427	0	0	0	0	0	0
AT1G06433	0	0	0	0	0	0
AT1G06437	0	0	0	0	0	0
AT1G06440	59	24	47	64	31	32
AT1G06443	0	0	0	0	0	0
AT1G06447	0	0	0	0	0	0
AT1G06453	0	0	0	0	0	0
AT1G06467	0	0	0	0	0	0
AT1G06473	64	53	49	48	28	35
AT1G06475	0	0	0	0	0	0
AT1G06480	0	0	0	0	0	0
AT1G06483	0	0	0	0	0	0
AT1G06487	2	2	2	4	3	8
AT1G06493	0	0	0	0	0	0
AT1G06497	0	0	0	0	0	0
AT1G06507	0	0	0	0	0	0
AT1G06513	0	0	0	0	0	0
AT1G06517	0	0	0	0	0	0
AT1G06523	0	0	0	0	0	0
AT1G06530	0	0	0	0	0	0
AT1G06543	0	0	0	0	0	0
AT1G06557	0	0	0	0	0	0
AT1G06580	75	44	46	52	36	46
AT1G06587	0	0	0	0	0	0
AT1G06597	0	0	0	0	0	0
AT1G06603	0	0	0	0	0	0
AT1G06610	0	0	0	0	0	0
AT1G06613	0	0	0	0	0	0
AT1G06617	0	0	0	0	0	0
AT1G06623	0	0	0	0	0	0
AT1G06627	0	0	0	0	0	0
AT1G06633	0	0	0	0	0	0
AT1G06637	0	0	0	0	0	0
AT1G06643	0	0	0	0	0	0
AT1G06647	0	0	0	0	0	0
AT1G06653	0	0	0	0	0	0
AT1G06657	0	0	0	0	0	0
AT1G06663	0	0	0	0	0	0
AT1G06673	0	0	0	0	0	0
AT1G06677	0	0	0	0	0	0
AT1G06683	0	0	0	0	0	0
AT1G06687	37	52	30	29	31	24
AT1G06697	0	0	0	0	0	0
AT1G06703	0	0	0	0	0	0
AT1G06707	0	0	0	0	0	0
AT1G06723	0	0	0	0	0	0
AT1G06747	0	0	0	0	0	0
AT1G06777	0	0	0	0	0	0
AT1G06783	0	0	0	0	0	0
AT1G06787	0	0	0	0	0	0
AT1G06797	0	0	0	0	0	0
AT1G06800	49	27	35	49	49	35
AT1G06810	0	0	0	0	0	0
AT1G06823	0	0	0	0	0	0
AT1G06827	0	0	0	0	0	0
AT1G06837	55	23	32	38	40	55
AT1G06853	0	0	0	0	0	0
AT1G06857	0	0	0	0	0	0
AT1G06860	0	0	0	0	0	0
AT1G06863	0	0	0	0	0	0
AT1G06867	0	0	0	0	0	0
AT1G06873	0	0	0	0	0	0
AT1G06880	0	0	0	0	0	0
AT1G06883	8	0	9	6	0	0
AT1G06897	0	0	0	0	0	0
AT1G06903	0	0	0	0	0	0
AT1G06907	0	0	0	0	0	0
AT1G06913	0	0	0	0	0	0
AT1G06920	0	0	0	0	0	0
AT1G06925	0	0	0	0	0	0
AT1G06927	0	0	0	0	0	0
AT1G06937	0	0	0	0	0	0
AT1G06943	0	0	0	0	0	0
AT1G06947	0	0	0	0	0	0
AT1G06953	0	0	0	0	0	0
AT1G06957	0	0	0	0	0	0
AT1G06967	0	0	0	0	0	0
AT1G06973	0	0	0	0	0	0
AT1G06980	87	38	63	46	20	41
AT1G06990	0	0	0	0	0	0
AT1G06997	0	0	0	0	0	0
AT1G07003	0	0	0	0	0	0
AT1G07007	0	0	0	0	0	0
AT1G07013	0	0	0	0	0	0
AT1G07017	0	0	0	0	0	0
AT1G07025	0	0	0	0	0	0
AT1G07050	1144	20	872	988	19	18
AT1G07051	0	0	0	0	0	0
AT1G07100	0	0	0	0	0	0
AT1G07117	0	0	0	0	0	0
AT1G07119	1	0	5	5	12	9
AT1G07120	6	2	2	0	1	1
AT1G07130	0	0	0	0	0	0
AT1G07135	2667	775	2204	3907	197	1130
AT1G07137	0	0	0	0	0	0
AT1G07147	0	0	0	0	0	0
AT1G07157	0	0	0	0	0	0
AT1G07160	49	3	33	156	5	7
AT1G07163	0	0	0	0	0	0
AT1G07173	0	0	0	0	0	0
AT1G07175	0	0	0	0	0	0
AT1G07177	0	0	0	0	0	0
AT1G07180	61	1132	61	94	944	1243
AT1G07183	0	0	0	0	0	0
AT1G07190	0	0	0	0	0	0
AT1G07193	0	0	0	0	0	0
AT1G07197	0	0	0	0	0	0
AT1G07233	0	0	0	0	0	0
AT1G07237	0	0	0	0	0	0
AT1G07247	0	0	0	0	0	0
AT1G07253	0	0	0	0	0	0
AT1G07257	0	0	0	0	0	0
AT1G07260	53	37	31	30	39	47
AT1G07263	0	0	0	0	0	0
AT1G07267	0	0	0	0	0	0
AT1G07273	0	0	0	0	0	0
AT1G07277	0	0	0	0	0	0
AT1G07283	0	0	0	0	0	0
AT1G07287	0	0	0	0	0	0
AT1G07293	0	0	0	0	0	0
AT1G07297	0	0	0	0	0	0
AT1G07303	0	0	0	0	0	0
AT1G07317	0	0	0	0	0	0
AT1G07327	0	0	0	0	0	0
AT1G07333	0	0	0	0	0	0
AT1G07337	0	0	0	0	0	0
AT1G07343	0	0	0	0	0	0
AT1G07347	0	0	0	0	0	0
AT1G07353	0	0	0	0	0	0
AT1G07357	0	0	0	0	0	0
AT1G07367	0	17	0	0	36	15
AT1G07373	1	72	2	1	72	31
AT1G07383	0	0	0	0	0	0
AT1G07393	0	0	0	0	0	0
AT1G07407	0	0	0	0	0	0
AT1G07430	593	7	432	44	4	6
AT1G07433	0	0	0	0	0	0
AT1G07447	0	0	0	0	0	0
AT1G07450	2	63	4	7	49	73
AT1G07453	0	0	0	0	0	0
AT1G07460	0	0	0	0	0	0
AT1G07463	0	0	0	0	0	0
AT1G07467	0	0	0	0	0	0
AT1G07476	0	0	0	0	0	0
AT1G07483	0	0	0	0	0	0
AT1G07487	0	0	0	0	0	0
AT1G07497	0	0	0	0	0	0
AT1G07500	0	0	0	0	0	0
AT1G07503	0	0	0	0	0	0
AT1G07507	0	0	0	0	0	0
AT1G07513	0	1	0	1	1	4
AT1G07520	0	0	0	0	0	0
AT1G07523	0	0	0	0	0	0
AT1G07527	0	0	0	0	0	0
AT1G07533	0	0	0	0	0	0
AT1G07537	0	0	0	0	0	0
AT1G07540	0	0	0	0	0	0
AT1G07550	0	0	0	0	0	0
AT1G07553	0	0	0	0	0	0
AT1G07557	0	0	0	0	0	0
AT1G07563	0	0	0	0	0	0
AT1G07567	0	0	0	0	0	0
AT1G07573	0	0	0	0	0	0
AT1G07580	0	0	0	0	0	0
AT1G07583	0	0	0	0	0	0
AT1G07597	0	0	0	0	0	0
AT1G07600	0	0	0	0	0	0
AT1G07613	0	0	0	0	0	0
AT1G07615	235	186	174	189	202	236
AT1G07617	0	0	0	0	0	0
AT1G07620	100	6	58	123	26	27
AT1G07623	0	0	0	0	0	0
AT1G07627	0	0	0	0	0	0
AT1G07633	0	0	0	0	0	0
AT1G07647	0	0	0	0	0	0
AT1G07657	0	0	0	0	0	0
AT1G07667	0	0	0	0	0	0
AT1G07673	0	0	0	0	0	0
AT1G07680	0	0	0	0	0	0
AT1G07700	622	890	449	483	715	718
AT1G07702	0	0	0	0	0	0
AT1G07707	0	0	0	0	0	0
AT1G07717	0	0	0	0	0	0
AT1G07723	0	0	0	0	0	0
AT1G07725	0	0	0	0	0	0
AT1G07727	0	0	0	0	0	0
AT1G07730	0	0	0	0	0	0
AT1G07733	0	0	0	0	0	0
AT1G07737	0	0	0	0	0	0
AT1G07747	0	0	0	0	0	0
AT1G07753	0	0	0	0	0	0
AT1G07757	0	0	0	0	0	0
AT1G07760	0	0	0	0	0	0
AT1G07763	0	0	0	0	0	0
AT1G07767	0	0	0	0	0	0
AT1G07773	0	0	0	0	0	0
AT1G07777	0	0	0	0	0	0
AT1G07787	0	0	0	0	0	0
AT1G07803	0	0	0	0	0	0
AT1G07813	0	0	0	0	0	0
AT1G07827	0	0	0	0	0	0
AT1G07833	0	0	0	0	0	0
AT1G07837	0	0	0	0	0	0
AT1G07843	0	0	0	0	0	0
AT1G07847	0	0	0	0	0	0
AT1G07853	0	0	0	0	0	0
AT1G07857	0	0	0	0	0	0
AT1G07860	0	0	0	0	0	0
AT1G07863	0	0	0	0	0	0
AT1G07867	0	0	0	0	0	0
AT1G07883	0	0	0	0	0	0
AT1G07887	0	0	0	0	0	0
AT1G07893	0	0	0	0	0	0
AT1G07900	106	3	61	8	11	3
AT1G07901	14	16	14	7	15	11
AT1G07903	0	0	0	0	0	0
AT1G07907	0	0	0	0	0	0
AT1G07923	0	0	0	0	0	0
AT1G07927	0	0	0	0	0	0
AT1G07933	0	0	0	0	0	0
AT1G07973	0	0	0	0	0	0
AT1G07977	0	0	0	0	0	0
AT1G07983	0	0	0	0	0	0
AT1G07985	113	25	69	33	12	19
AT1G08003	0	0	0	0	0	0
AT1G08005	0	0	0	0	0	0
AT1G08007	0	0	0	0	0	0
AT1G08013	0	0	0	0	0	0
AT1G08017	0	0	0	0	0	0
AT1G08023	0	0	0	0	0	0
AT1G08027	0	0	0	0	0	0
AT1G08037	0	0	0	0	0	0
AT1G08043	0	0	0	0	0	0
AT1G08053	0	0	0	0	0	0
AT1G08057	0	0	0	0	0	0
AT1G08063	0	0	0	0	0	0
AT1G08065	0	0	0	0	0	0
AT1G08070	65	11	58	62	42	31
AT1G08073	0	0	0	0	0	0
AT1G08077	0	0	0	0	0	0
AT1G08087	0	0	0	0	0	0
AT1G08093	0	0	0	0	0	0
AT1G08097	0	0	0	0	0	0
AT1G08100	0	0	0	0	0	0
AT1G08107	0	0	0	0	0	0
AT1G08113	0	0	0	0	0	0
AT1G08120	0	0	0	0	0	0
AT1G08123	0	0	0	0	0	0
AT1G08127	0	0	0	0	0	0
AT1G08133	0	0	0	0	0	0
AT1G08135	0	0	0	0	0	0
AT1G08137	0	0	0	0	0	0
AT1G08143	0	0	0	0	0	0
AT1G08147	0	0	0	0	0	0
AT1G08150	0	0	0	0	0	0
AT1G08153	0	0	0	0	0	0
AT1G08157	0	0	0	0	0	0
AT1G08163	0	0	0	0	0	0
AT1G08165	277	19	181	29	7	6
AT1G08170	8	0	8	0	0	0
AT1G08177	0	0	0	0	0	0
AT1G08183	0	0	0	0	0	0
AT1G08193	0	0	0	0	0	0
AT1G08207	0	0	0	0	0	0
AT1G08223	0	0	0	0	0	0
AT1G08227	0	0	0	0	0	0
AT1G08240	0	0	0	0	0	0
AT1G08247	0	0	0	0	0	0
AT1G08250	0	0	0	0	0	0
AT1G08253	0	0	0	0	0	0
AT1G08257	0	0	0	0	0	0
AT1G08263	0	0	0	0	0	0
AT1G08273	1	3	0	0	0	1
AT1G08277	0	0	0	0	0	0
AT1G08287	0	0	0	0	0	0
AT1G08297	0	0	0	0	0	0
AT1G08303	0	0	0	0	0	0
AT1G08307	0	0	0	0	0	0
AT1G08310	1488	39	1157	831	40	88
AT1G08313	0	0	0	0	0	0
AT1G08315	0	0	0	0	0	0
AT1G08317	0	0	0	0	0	0
AT1G08323	0	0	0	0	0	0
AT1G08327	0	0	0	0	0	0
AT1G08337	0	0	0	0	0	0
AT1G08340	76	61	59	40	41	47
AT1G08343	0	0	0	0	0	0
AT1G08347	0	0	0	0	0	0
AT1G08353	0	0	0	0	0	0
AT1G08357	0	0	0	0	0	0
AT1G08363	0	0	0	0	0	0
AT1G08367	0	0	0	0	0	0
AT1G08377	0	0	0	0	0	0
AT1G08383	0	0	0	0	0	0
AT1G08387	0	0	0	0	0	0
AT1G08397	0	0	0	0	0	0
AT1G08403	0	0	0	0	0	0
AT1G08413	0	0	0	0	0	0
AT1G08417	0	0	0	0	0	0
AT1G08433	0	0	0	0	0	0
AT1G08437	0	0	0	0	0	0
AT1G08440	0	0	0	0	0	0
AT1G08447	0	0	0	0	0	0
AT1G08463	0	0	0	0	0	0
AT1G08470	230	153	176	195	236	225
AT1G08473	0	0	0	0	0	0
AT1G08477	0	0	0	0	0	0
AT1G08483	0	0	0	0	0	0
AT1G08487	0	0	0	0	0	0
AT1G08493	0	0	0	0	0	0
AT1G08497	0	0	0	0	0	0
AT1G08503	0	0	0	0	0	0
AT1G08507	78	38	49	26	23	24
AT1G08513	0	0	0	0	0	0
AT1G08517	0	0	0	0	0	0
AT1G08523	0	0	0	0	0	0
AT1G08533	0	0	0	0	0	0
AT1G08537	0	0	0	0	0	0
AT1G08543	0	0	0	0	0	0
AT1G08547	0	0	0	0	0	0
AT1G08553	0	0	0	0	0	0
AT1G08557	0	0	0	0	0	0
AT1G08567	0	0	0	0	0	0
AT1G08577	0	0	0	0	0	0
AT1G08583	0	0	0	0	0	0
AT1G08587	0	0	0	0	0	0
AT1G08592	0	0	0	0	0	0
AT1G08597	0	0	0	0	0	0
AT1G08603	0	0	0	0	0	0
AT1G08613	0	0	0	0	0	0
AT1G08623	0	0	0	0	0	0
AT1G08627	0	0	0	0	0	0
AT1G08637	0	0	0	0	0	0
AT1G08645	0	0	0	0	0	0
AT1G08647	0	0	0	0	0	0
AT1G08650	2393	72	1816	610	40	85
AT1G08653	0	0	0	0	0	0
AT1G08657	0	0	0	0	0	0
AT1G08663	0	0	0	0	0	0
AT1G08667	0	0	0	0	0	0
AT1G08673	0	0	0	0	0	0
AT1G08677	0	0	0	0	0	0
AT1G08683	0	0	0	0	0	0
AT1G08695	0	0	0	0	0	0
AT1G08703	0	0	0	0	0	0
AT1G08707	0	0	0	0	0	0
AT1G08713	0	0	0	0	0	0
AT1G08717	0	0	0	0	0	0
AT1G08723	0	0	0	0	0	0
AT1G08727	0	0	0	0	0	0
AT1G08737	0	0	0	0	0	0
AT1G08753	0	0	0	0	0	0
AT1G08767	0	0	0	0	0	0
AT1G08773	0	0	0	0	0	0
AT1G08777	0	0	0	0	0	0
AT1G08783	0	0	0	0	0	0
AT1G08787	0	0	0	0	0	0
AT1G08790	0	0	0	0	0	0
AT1G08793	0	0	0	0	0	0
AT1G08797	0	0	0	0	0	0
AT1G08803	0	0	0	0	0	0
AT1G08807	0	0	0	0	0	0
AT1G08813	0	0	0	0	0	0
AT1G08817	0	0	0	0	0	0
AT1G08823	0	0	0	0	0	0
AT1G08827	0	0	0	0	0	0
AT1G08843	0	0	0	0	0	0
AT1G08853	0	0	0	0	0	0
AT1G08863	0	0	0	0	0	0
AT1G08867	0	0	0	0	0	0
AT1G08870	0	0	0	0	0	0
AT1G08877	0	0	0	0	0	0
AT1G08883	0	0	0	0	0	0
AT1G08887	0	0	0	0	0	0
AT1G08893	0	0	0	0	0	0
AT1G08897	0	0	0	0	0	0
AT1G08907	0	0	0	0	0	0
AT1G08913	0	0	0	0	0	0
AT1G08927	0	0	0	0	0	0
AT1G08933	0	0	0	0	0	0
AT1G08947	20	0	19	7	0	0
AT1G08950	0	0	0	0	0	0
AT1G08953	0	0	0	0	0	0
AT1G08963	0	0	0	0	0	0
AT1G08977	0	0	0	0	0	0
AT1G08983	0	0	0	0	0	0
AT1G08993	0	0	0	0	0	0
AT1G08997	0	0	0	0	0	0
AT1G09000	56	28	63	46	62	59
AT1G09003	0	0	0	0	0	0
AT1G09007	0	0	0	0	0	0
AT1G09013	0	0	0	0	0	0
AT1G09017	0	0	0	0	0	0
AT1G09027	0	0	0	0	0	0
AT1G09030	0	0	0	0	0	0
AT1G09033	0	0	0	0	0	0
AT1G09047	0	0	0	0	0	0
AT1G09053	0	0	0	0	0	0
AT1G09063	0	0	0	0	0	0
AT1G09067	0	0	0	0	0	0
AT1G09073	0	0	0	0	0	0
AT1G09077	0	0	0	0	0	0
AT1G09080	10	1	3	25	24	9
AT1G09083	20	3	6	10	10	7
AT1G09097	0	0	0	0	0	0
AT1G09103	8	0	7	5	0	3
AT1G09107	0	0	0	0	0	0
AT1G09113	0	0	0	0	0	0
AT1G09117	0	0	0	0	0	0
AT1G09123	0	0	0	0	0	0
AT1G09127	0	0	0	0	0	0
AT1G09133	0	0	0	0	0	0
AT1G09137	0	0	0	0	0	0
AT1G09143	0	0	0	0	0	0
AT1G09147	0	0	0	0	0	0
AT1G09153	0	0	0	0	0	0
AT1G09167	0	0	0	0	0	0
AT1G09173	0	0	0	0	0	0
AT1G09176	0	0	0	0	0	0
AT1G09177	0	0	0	0	0	0
AT1G09183	0	0	0	0	0	0
AT1G09187	0	0	0	0	0	0
AT1G09197	0	0	0	0	0	0
AT1G09207	0	0	0	0	0	0
AT1G09213	0	0	0	0	0	0
AT1G09227	0	0	0	0	0	0
AT1G09233	0	0	0	0	0	0
AT1G09237	0	0	0	0	0	0
AT1G09243	0	0	0	0	0	0
AT1G09245	0	0	0	0	0	0
AT1G09257	0	0	0	0	0	0
AT1G09260	0	0	0	0	0	0
AT1G09277	0	0	0	0	0	0
AT1G09283	0	0	0	0	0	0
AT1G09293	0	0	0	0	0	0
AT1G09297	14	1	16	1	1	0
AT1G09303	0	0	0	0	0	0
AT1G09307	0	0	0	0	0	0
AT1G09313	0	0	0	0	0	0
AT1G09317	0	0	0	0	0	0
AT1G09323	0	0	0	0	0	0
AT1G09327	0	0	0	0	0	0
AT1G09333	0	0	0	0	0	0
AT1G09337	0	0	0	0	0	0
AT1G09343	3	0	0	0	0	0
AT1G09353	0	0	0	0	0	0
AT1G09360	0	0	0	0	0	0
AT1G09373	0	0	0	0	0	0
AT1G09377	0	0	0	0	0	0
AT1G09383	0	0	0	0	0	0
AT1G09387	0	0	0	0	0	0
AT1G09393	0	0	0	0	0	0
AT1G09397	0	0	0	0	0	0
AT1G09407	0	0	0	0	0	0
AT1G09423	0	0	0	0	0	0
AT1G09433	0	0	0	0	0	0
AT1G09443	0	0	0	0	0	0
AT1G09453	0	0	0	0	0	0
AT1G09457	0	0	0	0	0	0
AT1G09473	0	0	0	0	0	0
AT1G09477	0	0	0	0	0	0
AT1G09483	0	0	0	0	0	0
AT1G09487	0	0	0	0	0	0
AT1G09493	0	0	0	0	0	0
AT1G09503	0	0	0	0	0	0
AT1G09507	0	0	0	0	0	0
AT1G09523	0	0	0	0	0	0
AT1G09547	0	0	0	0	0	0
AT1G09550	0	0	0	0	0	0
AT1G09557	0	0	0	0	0	0
AT1G09563	0	0	0	0	0	0
AT1G09567	0	0	0	0	0	0
AT1G09575	130	109	82	129	67	91
AT1G09583	0	0	0	0	0	0
AT1G09587	0	0	0	0	0	0
AT1G09593	0	0	0	0	0	0
AT1G09597	0	0	0	0	0	0
AT1G09603	0	0	0	0	0	0
AT1G09613	0	0	0	0	0	0
AT1G09617	0	0	0	0	0	0
AT1G09623	0	0	0	0	0	0
AT1G09625	0	0	0	0	0	0
AT1G09627	0	0	0	0	0	0
AT1G09633	0	0	0	0	0	0
AT1G09657	0	0	0	0	0	0
AT1G09663	0	0	0	0	0	0
AT1G09667	0	0	0	0	0	0
AT1G09673	0	0	0	0	0	0
AT1G09680	65	24	51	82	47	33
AT1G09683	0	0	0	0	0	0
AT1G09687	58	100	49	36	29	33
AT1G09697	0	0	0	0	0	0
AT1G09703	0	0	0	0	0	0
AT1G09713	0	0	0	0	0	0
AT1G09717	0	0	0	0	0	0
AT1G09723	0	0	0	0	0	0
AT1G09733	0	0	0	0	0	0
AT1G09743	0	0	0	0	0	0
AT1G09747	0	0	0	0	0	0
AT1G09763	0	0	0	0	0	0
AT1G09767	0	0	0	0	0	0
AT1G09773	0	0	0	0	0	0
AT1G09793	0	0	0	0	0	0
AT1G09803	0	0	0	0	0	0
AT1G09807	0	0	0	0	0	0
AT1G09812	62	36	33	27	56	57
AT1G09813	0	0	0	0	0	0
AT1G09817	0	0	0	0	0	0
AT1G09827	0	0	0	0	0	0
AT1G09833	0	0	0	0	0	0
AT1G09843	0	0	0	0	0	0
AT1G09847	0	0	0	0	0	0
AT1G09853	0	0	0	0	0	0
AT1G09857	0	0	0	0	0	0
AT1G09873	0	0	0	0	0	0
AT1G09877	0	0	0	0	0	0
AT1G09883	0	0	0	0	0	0
AT1G09887	0	0	0	0	0	0
AT1G09893	0	0	0	0	0	0
AT1G09903	0	0	0	0	0	0
AT1G09923	0	0	0	0	0	0
AT1G09927	0	0	0	0	0	0
AT1G09930	11	0	4	8	1	1
AT1G09932	76	18	51	112	39	34
AT1G09947	0	0	0	0	0	0
AT1G09950	144	24	115	37	6	17
AT1G09953	0	0	0	0	0	0
AT1G09957	0	0	0	0	0	0
AT1G09963	0	0	0	0	0	0
AT1G09967	0	0	0	0	0	0
AT1G09973	0	0	0	0	0	0
AT1G09977	0	0	0	0	0	0
AT1G09980	681	176	523	651	497	527
AT1G09983	0	0	0	0	0	0
AT1G09997	0	0	0	0	0	0
AT1G10100	0	0	0	0	0	0
AT1G10150	0	0	0	0	0	0
AT1G10190	0	0	0	0	0	0
AT1G10240	226	111	164	187	234	245
AT1G10250	0	0	0	0	0	0
AT1G10330	26	13	26	35	45	31
AT1G10340	47	10	50	122	39	14
AT1G10370	43	372	37	73	517	314
AT1G10395	0	0	0	0	0	0
AT1G10440	0	0	0	0	0	0
AT1G10455	0	0	0	0	0	0
AT1G10520	54	11	39	32	46	25
AT1G10550	45	57	33	75	42	68
AT1G10560	149	7	136	139	7	33
AT1G10586	0	0	0	0	0	0
AT1G10588	0	0	0	0	0	0
AT1G10690	51	29	43	31	29	37
AT1G10715	0	0	0	0	0	0
AT1G10717	0	0	0	0	0	0
AT1G10745	0	0	0	0	0	0
AT1G10747	0	0	0	0	0	0
AT1G10750	52	22	43	60	45	29
AT1G10875	0	0	0	0	0	0
AT1G10880	0	0	0	0	0	0
AT1G11010	0	0	0	0	0	0
AT1G11030	0	0	0	0	0	0
AT1G11040	0	0	0	0	0	0
AT1G11090	0	0	0	0	0	0
AT1G11112	14	10	9	14	15	9
AT1G11120	73	39	41	66	34	26
AT1G11145	0	0	0	0	0	0
AT1G11160	50	8	38	53	54	55
AT1G11210	2246	60	1731	851	61	78
AT1G11220	56	35	29	31	49	35
AT1G11230	0	0	0	0	0	0
AT1G11300	60	23	44	51	60	68
AT1G11470	0	0	0	0	0	0
AT1G11475	580	500	469	427	466	384
AT1G11510	0	0	0	0	0	0
AT1G11520	0	0	0	0	0	0
AT1G11550	0	0	0	0	0	0
AT1G11593	0	0	0	0	0	0
AT1G11620	0	0	0	0	0	0
AT1G11640	0	0	0	0	0	0
AT1G11730	40	21	48	57	48	30
AT1G11765	0	0	0	0	0	0
AT1G11770	0	0	0	0	0	0
AT1G11810	0	0	0	0	0	0
AT1G11870	593	533	430	554	932	830
AT1G11920	0	0	0	0	0	0
AT1G11960	1916	142	1446	587	267	323
AT1G11970	0	0	0	0	0	0
AT1G11980	0	0	0	0	0	0
AT1G12015	0	0	0	0	0	0
AT1G12040	9	3	29	14	0	1
AT1G12130	4	1	2	0	1	2
AT1G12170	0	0	0	0	0	0
AT1G12180	0	0	0	0	0	0
AT1G12190	0	0	0	0	0	0
AT1G12211	0	0	0	0	0	0
AT1G12250	413	686	345	378	475	637
AT1G12260	67	13	59	42	55	42
AT1G12294	0	0	0	0	0	0
AT1G12310	0	0	0	0	0	0
AT1G12370	10	24	14	33	109	52
AT1G12400	152	108	94	86	84	89
AT1G12411	0	0	0	0	0	0
AT1G12480	71	12	62	41	31	34
AT1G12510	0	0	0	0	0	0
AT1G12540	0	0	0	0	0	0
AT1G12560	12	1	8	0	1	1
AT1G12570	29	29	32	24	67	62
AT1G12590	0	0	0	0	0	0
AT1G12610	70	6	42	27	0	2
AT1G12615	0	0	0	0	0	0
AT1G12660	0	0	0	0	0	0
AT1G12663	0	0	0	0	0	0
AT1G12665	0	0	0	0	0	0
AT1G12672	1	0	0	0	0	0
AT1G12805	17	124	8	94	135	144
AT1G12830	0	0	0	0	0	0
AT1G12960	0	0	0	0	0	0
AT1G12980	1	0	1	2	1	1
AT1G13010	0	0	0	0	0	0
AT1G13040	114	8	88	110	71	69
AT1G13120	614	253	456	481	437	474
AT1G13130	1	0	0	0	5	2
AT1G13140	21	14	15	18	14	26
AT1G13143	0	0	0	0	0	0
AT1G13150	71	29	40	49	36	41
AT1G13210	2226	186	1686	2580	991	1091
AT1G13240	0	0	0	0	0	0
AT1G13330	35	27	27	38	85	52
AT1G13340	73	26	69	106	28	23
AT1G13400	3	17	1	11	27	8
AT1G13410	87	16	48	62	34	37
AT1G13420	20	0	25	5	5	4
AT1G13430	32	0	25	6	10	1
AT1G13470	8	1	2	24	10	2
AT1G13485	0	0	0	0	0	0
AT1G13490	0	0	0	0	0	0
AT1G13520	16	0	6	25	0	2
AT1G13600	33	52	36	46	51	53
AT1G13605	0	0	0	0	0	0
AT1G13608	0	8	0	0	9	3
AT1G13609	3	148	3	9	501	148
AT1G13630	133	64	101	102	118	114
AT1G13650	25	486	24	19	315	525
AT1G13720	0	0	0	0	0	0
AT1G13740	217	101	152	133	76	165
AT1G13750	758	54	683	285	89	97
AT1G13755	0	0	0	0	0	0
AT1G13805	0	0	0	0	0	0
AT1G13840	0	0	0	0	0	0
AT1G13850	0	0	0	0	0	0
AT1G14048	0	0	0	0	0	0
AT1G14110	0	0	0	0	0	0
AT1G14180	158	86	105	126	127	136
AT1G14200	58	137	46	64	110	113
AT1G14250	26	152	26	56	178	229
AT1G14380	1005	455	765	831	914	973
AT1G14450	45	75	38	55	50	25
AT1G14453	0	0	0	0	0	0
AT1G14470	33	0	38	48	38	26
AT1G14540	68	3	33	90	12	2
AT1G14550	0	0	0	0	0	0
AT1G14680	48	41	40	59	43	41
AT1G14687	61	61	33	41	41	52
AT1G14688	0	0	0	0	0	0
AT1G14700	401	315	367	361	315	306
AT1G14730	82	19	59	46	32	29
AT1G14755	0	0	0	0	0	0
AT1G14760	60	31	53	19	16	27
AT1G14800	0	0	0	0	0	0
AT1G14860	29	49	33	52	36	30
AT1G14880	13	0	5	95	0	0
AT1G14940	0	0	0	0	0	0
AT1G14950	0	0	0	0	0	0
AT1G14960	24	0	30	8	0	1
AT1G14990	302	176	250	241	215	143
AT1G15000	0	0	0	0	0	0
AT1G15015	0	0	0	0	0	0
AT1G15040	266	45	167	392	23	39
AT1G15090	0	1	1	0	1	1
AT1G15180	600	498	476	594	735	957
AT1G15210	77	9	68	53	68	48
AT1G15330	36	1	15	15	1	6
AT1G15405	0	0	0	0	0	0
AT1G15450	0	0	0	0	0	0
AT1G15590	0	0	0	0	0	0
AT1G15600	0	0	0	0	0	0
AT1G15610	0	0	0	0	0	0
AT1G15650	0	0	0	0	0	0
AT1G15680	0	0	0	0	0	0
AT1G15690	10155	9638	9027	10329	10393	11457
AT1G15700	0	0	0	0	0	0
AT1G15757	0	0	0	0	0	0
AT1G15850	0	0	0	0	0	0
AT1G15870	41	53	41	42	62	50
AT1G16070	41	30	46	41	47	34
AT1G16100	0	0	0	0	0	0
AT1G16150	6	1	1	11	20	0
AT1G16230	0	0	0	0	0	0
AT1G16380	0	0	0	0	0	0
AT1G16410	1447	995	1222	1453	2753	2051
AT1G16450	0	0	0	0	0	0
AT1G16490	0	0	0	0	0	0
AT1G16515	43	60	34	14	28	31
AT1G16730	43	75	28	25	68	74
AT1G16760	0	0	0	0	0	0
AT1G16820	50	36	42	34	24	27
AT1G16830	52	41	48	73	47	30
AT1G16850	194	11	138	38	11	7
AT1G16940	0	0	0	0	0	0
AT1G16945	0	0	0	0	0	0
AT1G16950	0	0	0	0	0	0
AT1G16980	0	0	0	0	0	0
AT1G17010	0	0	0	0	0	0
AT1G17030	0	2	0	2	16	2
AT1G17150	0	0	0	0	0	0
AT1G17180	13	45	3	6	26	37
AT1G17230	0	0	0	0	0	0
AT1G17232	0	0	0	0	0	0
AT1G17250	0	0	0	0	0	0
AT1G17260	35	1	23	19	22	17
AT1G17570	0	0	0	0	0	0
AT1G17600	46	22	24	56	43	34
AT1G17615	0	0	0	0	0	0
AT1G17660	0	0	0	0	0	0
AT1G17665	463	46	327	396	46	37
AT1G17670	0	0	0	0	0	0
AT1G17710	3320	66	2800	1586	47	89
AT1G17750	97	8	52	56	31	19
AT1G17770	0	0	0	0	0	0
AT1G17800	0	0	0	0	0	0
AT1G17820	0	0	0	0	0	0
AT1G17830	406	35	325	87	45	51
AT1G17870	72	20	54	62	62	56
AT1G17910	0	0	0	0	0	0
AT1G17960	20	38	24	29	132	49
AT1G17970	277	353	236	297	369	426
AT1G18000	0	0	0	0	0	0
AT1G18040	220	87	197	224	259	210
AT1G18050	14	0	7	0	0	0
AT1G18130	0	0	0	0	0	0
AT1G18200	90	14	90	55	17	31
AT1G18220	0	0	0	0	0	0
AT1G18265	30	81	23	44	62	68
AT1G18270	1204	495	970	1682	1196	1642
AT1G18310	0	0	0	0	0	0
AT1G18370	377	267	326	462	996	764
AT1G18415	42	37	26	43	31	48
AT1G18420	0	0	0	0	0	0
AT1G18430	0	0	0	0	0	0
AT1G18520	0	0	0	0	0	0
AT1G18530	0	0	0	0	0	0
AT1G18690	257	147	197	253	173	243
AT1G18710	184	12	92	55	12	9
AT1G18760	0	0	0	0	0	0
AT1G18770	0	0	0	0	0	0
AT1G18780	0	0	0	0	0	0
AT1G18790	0	0	0	0	0	0
AT1G18820	0	0	0	0	0	0
AT1G18860	16	0	10	11	6	1
AT1G18871	0	0	0	0	0	0
AT1G18879	0	0	0	0	0	0
AT1G18970	0	2	0	2	2	2
AT1G18975	0	0	0	0	0	0
AT1G19040	27	2	24	21	0	0
AT1G19060	0	0	0	0	0	0
AT1G19070	20	0	5	12	4	7
AT1G19086	0	0	0	0	0	0
AT1G19090	0	0	0	0	0	0
AT1G19160	3	1	2	7	5	1
AT1G19200	667	26	541	491	33	28
AT1G19210	33	0	26	5	0	3
AT1G19250	25	2	29	9	9	1
AT1G19260	0	0	0	0	0	0
AT1G19396	46	37	41	49	46	52
AT1G19460	0	0	0	0	0	0
AT1G19470	0	0	0	0	0	0
AT1G19500	0	0	0	0	0	0
AT1G19510	15	7	9	13	0	4
AT1G19520	571	423	438	624	831	697
AT1G19550	0	0	0	0	0	0
AT1G19610	25	76	14	77	77	29
AT1G19620	0	0	0	0	0	0
AT1G19710	242	91	214	228	180	191
AT1G19890	0	0	0	0	0	0
AT1G19930	0	0	0	0	0	0
AT1G19960	106	47	56	42	19	44
AT1G20000	0	0	0	0	0	0
AT1G20015	0	0	0	0	0	0
AT1G20040	0	0	0	0	0	0
AT1G20070	0	0	0	0	0	0
AT1G20132	0	0	0	0	0	0
AT1G20135	0	0	0	0	0	0
AT1G20170	0	0	0	0	0	0
AT1G20180	0	0	0	0	0	0
AT1G20210	0	0	0	0	0	0
AT1G20240	0	0	0	0	0	0
AT1G20250	0	0	0	0	0	0
AT1G20280	0	0	0	0	0	0
AT1G20290	0	2	1	0	1	1
AT1G20350	33	57	14	36	26	57
AT1G20360	0	0	0	0	0	0
AT1G20400	70	38	40	31	54	65
AT1G20420	0	0	0	0	0	0
AT1G20500	0	0	0	0	0	0
AT1G20520	0	0	0	0	0	0
AT1G20683	0	0	0	0	0	0
AT1G20687	0	0	0	0	0	0
AT1G20690	0	0	0	0	0	0
AT1G20710	0	0	0	0	0	0
AT1G20730	0	0	0	0	0	0
AT1G20735	65	0	34	9	0	0
AT1G20790	0	0	0	0	0	0
AT1G20795	0	0	0	0	0	0
AT1G20800	0	0	0	0	0	0
AT1G20803	0	0	0	0	0	0
AT1G20820	0	0	0	0	0	0
AT1G20850	880	545	823	759	1028	1095
AT1G20860	20	0	13	10	0	0
AT1G20875	0	0	0	0	0	0
AT1G20880	383	105	332	264	182	313
AT1G20940	0	0	0	0	0	0
AT1G20970	3603	4551	2585	3200	3306	4407
AT1G21110	128	19	86	133	17	22
AT1G21120	84	6	75	145	6	6
AT1G21202	0	0	0	0	0	0
AT1G21230	0	0	0	0	0	0
AT1G21240	6	1	9	24	2	1
AT1G21245	0	0	0	0	0	0
AT1G21280	0	0	0	0	0	0
AT1G21313	0	0	0	0	0	0
AT1G21323	0	0	0	0	0	0
AT1G21395	0	0	0	0	0	0
AT1G21420	0	0	0	0	0	0
AT1G21430	0	0	0	0	0	0
AT1G21475	0	0	0	0	0	0
AT1G21528	0	1	0	0	0	2
AT1G21529	51	0	35	3	0	0
AT1G21550	42	41	21	47	28	28
AT1G21620	0	0	0	0	0	0
AT1G21722	0	0	0	0	0	0
AT1G21840	89	41	63	74	49	58
AT1G22050	74	71	66	53	90	93
AT1G22130	19	0	1	5	0	0
AT1G22150	90	1	66	40	28	11
AT1G22230	61	48	45	37	35	36
AT1G22320	0	0	0	0	0	0
AT1G22990	218	3	176	118	2	2
AT1G23070	18	0	8	2	0	0
AT1G23110	1037	20	814	202	10	38
AT1G23200	65	18	76	44	23	26
AT1G23340	46	12	33	107	54	49
AT1G23400	1374	1603	1125	1449	2086	2435
AT1G23530	59	33	43	24	30	30
AT1G23560	9	5	6	4	1	1
AT1G23720	44	0	72	21	2	3
AT1G23840	40	40	24	51	30	44
AT1G23850	18	34	15	41	67	63
AT1G23890	166	71	173	137	119	108
AT1G23935	60	13	38	24	71	68
AT1G23965	3	0	6	13	0	3
AT1G23980	42	27	47	32	34	32
AT1G24030	56	34	44	60	50	52
AT1G24095	35	55	28	41	79	39
AT1G24100	1487	1186	1234	1256	1505	1055
AT1G24140	120	2	99	128	5	6
AT1G24148	231	111	185	198	85	136
AT1G24450	319	255	259	235	186	267
AT1G24540	0	1	0	4	11	8
AT1G24560	972	627	692	967	799	1018
AT1G24577	65	41	63	54	22	34
AT1G24580	126	18	123	12	29	19
AT1G25097	0	0	0	0	0	0
AT1G25180	0	0	0	0	0	0
AT1G25277	70	42	50	33	36	39
AT1G25360	82	23	43	53	35	24
AT1G25530	59	15	53	26	30	27
AT1G26100	53	58	30	23	24	39
AT1G26218	37	100	22	40	47	37
AT1G26300	246	230	195	221	193	229
AT1G26330	37	9	45	52	77	48
AT1G26355	0	0	0	0	0	0
AT1G26380	91	5	62	241	20	3
AT1G26390	33	0	7	71	1	0
AT1G26410	5	0	3	22	15	0
AT1G26420	32	12	26	70	60	5
AT1G26450	148	81	142	193	112	117
AT1G26460	569	395	477	576	906	724
AT1G26530	8	13	11	10	9	12
AT1G26600	42	37	25	51	31	26
AT1G26760	47	23	45	51	66	50
AT1G26840	58	45	34	55	58	44
AT1G26945	478	251	403	758	295	285
AT1G27060	49	33	32	44	45	44
AT1G27170	49	4	43	41	35	45
AT1G27461	7	0	11	0	0	0
AT1G27480	679	465	493	572	523	499
AT1G27720	56	24	45	27	53	56
AT1G27730	2156	868	1714	2925	138	1071
AT1G27740	2	0	9	3	0	0
AT1G27880	40	19	30	48	52	39
AT1G27960	244	190	184	180	237	260
AT1G27990	5	0	7	5	0	0
AT1G28040	3	0	2	0	0	0
AT1G28100	134	108	128	155	150	250
AT1G28360	78	17	73	28	17	15
AT1G28370	652	130	551	576	29	108
AT1G28480	19	2	33	17	1	3
AT1G28870	0	1	0	0	0	0
AT1G29000	7	6	6	2	2	2
AT1G29025	0	0	10	2	0	0
AT1G29090	18	0	24	3	0	3
AT1G29270	168	26	107	37	16	13
AT1G29290	10	0	6	20	3	1
AT1G29395	1897	155	1650	930	52	121
AT1G29460	47	35	27	34	34	42
AT1G29510	42	74	25	34	57	60
AT1G29520	151	140	108	130	124	120
AT1G29600	56	54	40	25	49	59
AT1G29680	14	0	6	7	0	0
AT1G29730	71	3	49	40	33	33
AT1G29920	10022	95983	8555	13413	44419	69998
AT1G30220	111	19	53	24	17	19
AT1G30250	66	6	45	2	2	0
AT1G30280	87	25	78	72	24	28
AT1G30290	194	75	157	161	120	161
AT1G30370	33	1	25	43	0	0
AT1G30550	30	0	16	1	0	0
AT1G30570	519	281	392	550	439	523
AT1G30700	17	4	11	63	28	2
AT1G30730	26	13	23	51	105	19
AT1G30820	971	750	849	1791	1271	1312
AT1G30870	9	1	23	6	0	1
AT1G30900	54	25	42	47	70	35
AT1G31040	64	47	53	64	49	52
AT1G31173	72	14	51	36	31	100
AT1G31290	46	45	20	55	48	60
AT1G31430	55	14	38	47	32	26
AT1G31470	71	12	63	47	34	36
AT1G31600	946	321	722	647	466	516
AT1G31760	39	55	37	37	26	27
AT1G32240	259	56	192	156	192	176
AT1G32510	0	0	0	0	1	4
AT1G32560	46	8	45	12	0	6
AT1G32690	56	39	26	47	36	43
AT1G32780	29	40	26	35	88	88
AT1G32910	0	4	0	3	8	11
AT1G32960	38	2	20	55	5	12
AT1G33030	37	18	35	50	13	26
AT1G33055	157	807	87	187	506	526
AT1G33070	0	0	0	0	0	0
AT1G33260	39	24	41	44	43	26
AT1G33475	37	35	38	52	45	72
AT1G33480	146	78	113	111	96	92
AT1G33750	17	0	3	4	1	4
AT1G33800	52	41	57	68	58	38
AT1G33960	39	20	32	102	25	37
AT1G34060	110	32	59	78	14	32
AT1G34420	59	14	43	59	27	55
AT1G34550	989	326	647	842	776	783
AT1G34770	51	44	44	57	52	38
AT1G35353	0	0	0	0	0	0
AT1G35530	54	15	28	42	86	64
AT1G35660	320	101	259	382	331	367
AT1G35670	365	469	268	470	632	791
AT1G35750	0	0	0	0	0	0
AT1G36622	47	20	16	61	65	10
AT1G36920	1	0	2	2	1	0
AT1G38131	38	1	40	29	65	47
AT1G40086	0	0	0	0	0	0
AT1G42480	505	361	361	448	368	359
AT1G42980	47	4	30	16	2	2
AT1G43260	0	0	0	0	0	0
AT1G43650	47	52	27	36	70	81
AT1G43790	45	58	28	29	50	59
AT1G43850	790	22	742	834	887	996
AT1G44130	6	0	4	12	3	2
AT1G44890	51	34	47	59	37	49
AT1G47270	540	233	415	453	303	349
AT1G47300	0	0	0	0	0	0
AT1G47395	7	131	3	5	195	63
AT1G47400	5	43	3	4	67	25
AT1G47840	43	21	33	52	63	59
AT1G47890	17	4	16	25	5	0
AT1G47990	11	0	8	10	3	1
AT1G48000	39	8	39	24	2	8
AT1G48130	26	2	22	1	1	6
AT1G48330	388	41	278	176	30	49
AT1G48370	273	17	176	149	74	64
AT1G48580	65	26	52	60	47	44
AT1G48870	55	18	44	47	21	35
AT1G48930	18	2	16	1	0	3
AT1G49000	54	34	33	100	42	44
AT1G49200	64	51	46	52	39	52
AT1G49210	21	21	11	84	20	27
AT1G49270	0	0	0	0	0	0
AT1G49340	1218	469	1121	1299	1734	1667
AT1G49350	159	70	124	130	112	132
AT1G49450	179	4	105	17	9	6
AT1G49900	51	1	40	32	0	4
AT1G49910	35	45	41	46	46	52
AT1G49940	48	18	50	56	30	41
AT1G49952	9	0	18	13	16	11
AT1G49990	45	32	42	35	30	43
AT1G50190	0	6	1	5	14	18
AT1G50240	229	170	173	181	512	377
AT1G50430	1265	1562	1006	1290	1411	1520
AT1G50570	949	428	760	720	626	690
AT1G50580	0	0	0	0	0	0
AT1G50590	81	16	43	12	24	35
AT1G50745	213	7	147	196	6	27
AT1G50750	305	12	206	257	13	29
AT1G51090	269	11	183	43	7	20
AT1G51110	1334	1445	992	1244	1755	2224
AT1G51355	26	8	31	14	13	22
AT1G51570	2359	1291	1907	2343	2876	3164
AT1G51610	900	302	665	806	492	485
AT1G51620	57	19	38	56	71	25
AT1G51645	10	0	4	4	4	0
AT1G51800	86	180	51	302	1244	422
AT1G51820	13	49	22	132	336	125
AT1G51850	24	33	16	164	428	66
AT1G51860	5	5	5	27	82	10
AT1G51890	24	5	12	108	112	10
AT1G52240	42	122	19	17	47	58
AT1G52570	69	22	53	49	53	53
AT1G52618	28	78	34	37	22	35
AT1G52690	614	11	521	6	37	8
AT1G52700	81	37	60	46	43	49
AT1G52800	70	4	78	47	4	2
AT1G52820	48	69	31	58	45	69
AT1G52890	584	18	502	213	31	18
AT1G52940	467	0	319	24	0	2
AT1G53010	0	0	0	0	0	0
AT1G53080	28	0	19	28	4	1
AT1G53100	44	1	44	18	0	1
AT1G53110	470	89	299	320	138	190
AT1G53160	50	66	34	48	48	64
AT1G53165	649	211	457	557	552	679
AT1G53340	37	26	33	32	31	29
AT1G53345	51	32	42	71	32	53
AT1G53420	3	0	0	0	0	0
AT1G53440	2044	191	1640	2350	1810	2028
AT1G53600	37	1	26	43	19	19
AT1G53610	9	0	7	6	0	0
AT1G53620	2	0	7	7	0	0
AT1G53660	0	4	13	0	1	1
AT1G53700	57	22	55	49	64	54
AT1G53790	71	29	43	53	38	63
AT1G53950	0	0	0	1	1	0
AT1G54070	2	2	1	1	0	0
AT1G54095	22	1	9	0	1	0
AT1G54355	6	0	7	5	3	9
AT1G54490	1601	518	1209	1441	1650	1873
AT1G54530	5	0	8	1	11	12
AT1G54560	3	0	0	2	6	9
AT1G54870	9	0	18	5	1	0
AT1G54970	4	0	17	1	0	3
AT1G55060	0	0	0	0	0	0
AT1G55205	34	35	39	41	37	38
AT1G55440	20	1	7	2	0	2
AT1G55520	646	376	546	590	441	493
AT1G55550	71	15	64	41	56	72
AT1G55650	1	0	0	0	3	0
AT1G55740	55	23	68	46	26	19
AT1G55915	48	35	45	80	60	52
AT1G55980	2	2	5	9	3	21
AT1G56060	21	7	25	58	2	3
AT1G56080	42	21	42	42	50	21
AT1G56165	12	22	14	23	7	13
AT1G56240	23	7	20	46	0	6
AT1G56250	154	66	102	380	12	71
AT1G56345	63	78	64	77	66	37
AT1G56550	47	4	29	23	3	0
AT1G56600	1314	4	979	92	13	9
AT1G56650	18	0	17	2	10	11
AT1G56660	11962	2769	7615	1629	412	1183
AT1G56690	49	15	44	34	37	24
AT1G56710	108	3	60	36	7	7
AT1G57480	0	0	0	0	0	0
AT1G57590	14	2	10	0	18	3
AT1G58150	49	54	46	57	34	65
AT1G58170	31	12	19	24	17	14
AT1G58265	0	0	0	0	0	0
AT1G58400	29	25	22	37	85	56
AT1G58420	102	13	63	70	4	12
AT1G58684	0	0	0	0	0	0
AT1G59510	43	31	33	42	31	42
AT1G59640	97	16	64	51	46	31
AT1G60190	1166	4	937	70	5	2
AT1G60250	0	0	0	0	0	0
AT1G60280	0	0	0	0	0	0
AT1G60440	455	217	387	407	347	345
AT1G60450	38	2	32	11	0	2
AT1G60620	212	108	197	171	167	160
AT1G60787	0	0	1	0	0	1
AT1G60995	658	284	472	547	527	531
AT1G61010	886	398	655	808	810	939
AT1G61040	904	462	710	873	688	952
AT1G61050	5	0	11	7	1	0
AT1G61065	62	65	52	57	47	47
AT1G61110	0	0	1	0	0	0
AT1G61120	9	0	6	27	19	1
AT1G61150	897	841	741	842	819	945
AT1G61170	103	77	72	84	76	83
AT1G61340	824	116	641	678	36	125
AT1G61370	142	33	110	115	109	84
AT1G61400	60	15	57	61	57	76
AT1G61450	50	95	26	33	42	49
AT1G61480	6	0	0	2	1	0
AT1G61490	128	7	95	100	43	41
AT1G61560	50	14	36	89	24	8
AT1G61580	446	223	309	546	260	254
AT1G61800	640	10	557	168	34	16
AT1G61890	1103	227	1019	717	269	275
AT1G61930	15	5	12	0	12	8
AT1G62045	56	51	47	26	29	25
AT1G62110	58	35	48	65	61	42
AT1G62160	0	0	0	0	0	0
AT1G62220	1	0	0	0	0	0
AT1G62225	18	7	21	2	1	4
AT1G62260	73	2	79	77	39	50
AT1G62660	299	339	264	418	773	589
AT1G62670	50	22	37	47	48	56
AT1G62700	45	27	20	53	31	37
AT1G62770	475	12	396	157	20	27
AT1G62870	63	19	33	28	30	42
AT1G62880	239	191	192	188	116	155
AT1G62914	66	2	45	76	45	57
AT1G62915	36	19	41	33	42	34
AT1G62930	45	74	30	42	44	45
AT1G62970	384	105	272	335	324	389
AT1G62980	8	1	12	1	0	0
AT1G63030	12	0	8	3	0	0
AT1G63080	52	27	35	52	61	75
AT1G63100	329	235	253	327	526	425
AT1G63230	46	12	36	31	26	53
AT1G63295	26	48	30	34	55	51
AT1G63340	0	0	0	0	0	0
AT1G63360	451	241	425	534	377	512
AT1G63580	0	5	3	3	14	11
AT1G63730	56	7	36	68	53	69
AT1G63990	0	10	0	1	6	3
AT1G64030	0	0	0	0	0	0
AT1G64110	350	10	238	9	17	10
AT1G64150	252	304	250	257	507	629
AT1G64185	50	41	45	34	42	25
AT1G64310	16	0	12	21	9	7
AT1G64320	91	23	58	63	36	36
AT1G64380	524	47	349	270	45	62
AT1G64450	58	53	54	40	53	44
AT1G64570	748	118	623	704	716	799
AT1G64590	13	0	12	3	4	0
AT1G64625	63	39	34	59	35	45
AT1G64660	1102	70	838	896	85	116
AT1G64700	46	22	43	44	36	31
AT1G64770	523	1173	455	420	1612	1583
AT1G64830	0	0	0	0	0	0
AT1G65070	820	336	570	676	706	841
AT1G65090	5	0	17	0	0	0
AT1G65120	61	4	56	37	42	17
AT1G65250	60	33	54	79	37	48
AT1G65330	8	0	3	8	0	0
AT1G65450	29	35	22	23	71	47
AT1G65480	12	72	8	52	86	68
AT1G65481	7	7	3	9	19	8
AT1G65510	52	25	21	49	37	19
AT1G65690	60	5	41	46	28	7
AT1G65790	67	0	36	74	21	6
AT1G65870	1	17	0	0	29	6
AT1G65910	42	21	33	32	43	44
AT1G66050	7	4	0	6	15	9
AT1G66060	5	2	13	8	0	1
AT1G66080	44	66	50	52	53	39
AT1G66090	658	161	571	1179	49	296
AT1G66270	126	3	157	40	8	24
AT1G66280	83	2	108	17	14	2
AT1G66340	606	221	486	528	500	573
AT1G66390	12	0	9	0	1	0
AT1G66400	44	56	50	60	11	20
AT1G66500	496	66	356	233	47	84
AT1G66540	21	38	14	31	42	72
AT1G66570	2	8	0	21	6	6
AT1G66590	50	30	43	45	35	30
AT1G66620	31	58	27	48	88	48
AT1G66700	23	16	8	120	4	2
AT1G66930	67	66	41	55	66	34
AT1G67000	5	0	9	7	0	5
AT1G67070	42	56	49	58	62	55
AT1G67100	5	17	2	0	32	12
AT1G67105	39	368	32	35	190	289
AT1G67110	1	1	1	3	10	17
AT1G67265	121	44	48	138	3	36
AT1G67310	1337	326	1052	1350	905	1151
AT1G67520	48	13	42	69	63	38
AT1G67570	65	33	48	47	51	70
AT1G67623	0	0	0	0	0	0
AT1G67650	85	20	48	58	41	49
AT1G67710	87	30	65	58	24	43
AT1G67810	514	45	445	347	44	33
AT1G67820	74	43	43	38	52	42
AT1G67920	225	18	164	75	15	20
AT1G67960	321	187	239	306	310	334
AT1G67980	4	1	8	35	1	0
AT1G68040	0	0	1	0	0	0
AT1G68050	1441	13	1125	1059	30	38
AT1G68220	466	350	301	334	210	236
AT1G68250	236	0	248	1	1	0
AT1G68470	63	38	48	38	61	57
AT1G68500	76	17	47	41	20	17
AT1G68530	5340	6296	4910	4776	11144	10407
AT1G68610	3	0	5	2	0	0
AT1G68620	98	22	60	157	11	20
AT1G68680	242	306	155	200	207	161
AT1G68930	54	5	33	60	61	24
AT1G69230	117	53	74	59	54	53
AT1G69270	88	25	82	35	24	26
AT1G69290	55	0	43	59	47	64
AT1G69400	41	50	38	44	65	44
AT1G69470	5	0	3	0	0	0
AT1G69480	75	1	59	34	15	14
AT1G69490	792	97	599	500	44	97
AT1G69526	48	29	32	41	42	26
AT1G69550	459	192	323	364	465	426
AT1G69710	16	0	1	11	12	8
AT1G69850	820	840	679	1054	1260	1609
AT1G69880	16	45	17	148	60	34
AT1G69970	73	34	70	53	32	36
AT1G70350	94	110	66	98	99	112
AT1G70360	35	41	39	38	42	38
AT1G70440	0	3	0	2	26	12
AT1G70505	66	49	48	50	42	61
AT1G70510	51	45	27	27	29	38
AT1G70580	441	532	414	386	829	830
AT1G70640	100	2	62	4	0	1
AT1G70650	63	21	65	78	38	33
AT1G70800	89	20	67	39	20	19
AT1G70950	68	12	51	47	42	55
AT1G70985	31	54	12	33	61	54
AT1G71040	1211	835	917	1082	1676	1542
AT1G71100	554	471	439	505	370	367
AT1G71200	38	39	37	24	41	55
AT1G71235	0	0	0	0	0	0
AT1G71310	244	160	198	240	172	157
AT1G71520	43	3	27	18	3	5
AT1G71528	13	2	7	9	18	13
AT1G71690	0	0	0	0	3	1
AT1G71692	15	0	5	6	0	0
AT1G71930	15	4	6	5	21	7
AT1G72070	32	4	28	16	4	3
AT1G72100	11	1	11	0	1	0
AT1G72120	48	26	33	51	33	37
AT1G72240	20	15	20	21	0	4
AT1G72490	7	0	16	13	3	6
AT1G72500	747	422	551	680	838	892
AT1G72520	1025	72	802	1425	108	156
AT1G72530	51	33	34	37	33	40
AT1G72580	0	0	0	0	0	0
AT1G72800	55	30	45	43	77	65
AT1G72910	383	30	368	794	8	86
AT1G72920	272	131	242	546	25	130
AT1G73010	6920	32	5596	2059	15	88
AT1G73060	1548	1845	1358	1668	2206	2368
AT1G73220	30	5	60	89	1	5
AT1G73260	77	16	49	499	21	19
AT1G73510	38	0	27	3	1	0
AT1G73600	437	1051	303	673	4298	1823
AT1G73630	47	66	33	27	64	58
AT1G73690	51	37	44	60	66	63
AT1G73770	52	63	46	39	61	56
AT1G73805	117	6	120	228	52	40
AT1G73810	51	1	25	44	8	2
AT1G73870	102	733	88	101	363	600
AT1G73900	0	0	0	0	0	0
AT1G74010	41	18	23	40	13	8
AT1G74080	6	0	3	15	1	0
AT1G74200	69	12	64	38	24	26
AT1G74300	66	47	41	74	45	34
AT1G74350	35	6	33	39	46	53
AT1G74453	47	39	41	45	27	35
AT1G74456	47	47	32	43	49	33
AT1G74458	64	65	56	47	35	45
AT1G74460	38	1	46	19	18	10
AT1G74660	56	49	28	47	20	27
AT1G74700	77	26	44	42	49	41
AT1G74750	127	18	107	130	119	108
AT1G74830	16	0	7	1	0	2
AT1G75060	134	42	94	64	45	50
AT1G75090	77	60	36	43	63	43
AT1G75110	75	39	62	39	32	33
AT1G75125	42	17	33	60	49	57
AT1G75150	95	32	87	138	125	124
AT1G75260	27	19	10	27	40	35
AT1G75290	68	32	23	41	19	25
AT1G75295	46	38	41	39	35	42
AT1G75300	5	0	10	1	0	1
AT1G75335	52	61	53	56	26	31
AT1G75450	50	22	30	67	42	45
AT1G75490	54	104	49	139	72	106
AT1G75520	77	19	54	46	52	67
AT1G75550	58	62	59	55	37	40
AT1G75600	0	0	0	0	0	0
AT1G75810	90	55	50	62	25	33
AT1G76065	28	43	41	29	42	36
AT1G76410	81	73	77	141	45	73
AT1G76430	65	0	56	24	0	0
AT1G76470	12	0	1	7	2	0
AT1G76590	755	88	639	453	106	148
AT1G76610	58	33	52	48	12	19
AT1G76640	16	1	4	5	0	0
AT1G76900	717	474	591	599	594	722
AT1G77110	64	20	35	56	39	60
AT1G77138	47	38	34	40	26	47
AT1G77230	111	7	88	141	46	72
AT1G77280	200	54	152	111	130	124
AT1G77360	52	21	63	53	27	22
AT1G77400	50	40	48	51	46	41
AT1G77530	16	0	4	2	1	0
AT1G77560	0	0	0	0	0	0
AT1G77690	247	75	192	205	141	166
AT1G77765	17	74	22	9	49	39
AT1G77870	67	15	45	51	14	17
AT1G78070	2480	96	1969	312	144	162
AT1G78090	25	39	34	86	86	49
AT1G78120	41	26	47	33	80	76
AT1G78190	67	78	55	48	39	38
AT1G78410	142	28	125	242	5	27
AT1G78450	26	86	12	42	45	75
AT1G78476	11	0	12	9	3	6
AT1G78560	412	325	303	388	338	436
AT1G78750	18	53	16	41	53	89
AT1G78780	64	25	54	57	27	27
AT1G78940	75	18	58	53	44	33
AT1G79090	1180	382	970	1049	1122	1021
AT1G79210	792	934	546	684	820	820
AT1G79270	662	211	503	301	319	391
AT1G79320	2	0	7	1	2	3
AT1G79680	158	9	111	211	24	36
AT1G79740	699	135	473	513	403	563
AT1G79890	37	5	29	38	54	54
AT1G79950	581	221	426	508	521	500
AT1G79980	0	1	0	0	1	0
AT1G80130	702	65	458	89	80	104
AT1G80160	184	62	84	187	12	48
AT1G80300	1302	924	1070	1357	1710	1580
AT1G80430	0	0	1	0	0	0
AT1G80710	49	11	38	47	64	32
AT1G80840	2652	405	1979	3278	66	646
AT1G80940	1457	814	1169	1067	715	891
AT1G80960	103	66	96	101	73	106
AT2G01021	0	0	0	0	0	0
AT2G01200	38	0	38	49	3	3
AT2G01210	75	9	48	44	53	60
AT2G01240	0	0	0	0	0	0
AT2G01300	42	74	18	32	39	68
AT2G01350	1505	768	1125	1141	1174	1166
AT2G01520	296	14	206	29	22	17
AT2G01530	79	12	54	26	5	8
AT2G01710	609	477	519	594	613	736
AT2G01730	63	12	54	59	37	37
AT2G01740	60	34	80	54	63	55
AT2G01818	38	27	24	69	41	28
AT2G01880	25	0	20	18	0	0
AT2G01890	32	24	48	146	29	29
AT2G01913	51	78	51	31	57	31
AT2G02090	953	344	757	873	728	847
AT2G02120	14	2	20	0	0	1
AT2G02240	3	12	8	15	6	4
AT2G02340	0	0	0	2	0	0
AT2G02350	35	39	38	41	31	39
AT2G02525	0	0	1	0	0	0
AT2G02990	160	11	174	98	5	14
AT2G03180	0	0	0	0	0	0
AT2G03410	6	3	6	8	5	2
AT2G03500	180	52	125	117	123	90
AT2G03550	516	301	458	367	321	368
AT2G03730	538	330	362	502	388	649
AT2G03955	0	0	0	0	0	0
AT2G04039	218	1311	211	272	1355	1536
AT2G04066	0	0	0	0	0	0
AT2G04170	44	32	31	31	50	43
AT2G04175	0	0	0	0	0	0
AT2G04230	328	200	240	253	244	339
AT2G04265	0	0	0	0	0	0
AT2G04280	18	1	18	26	31	18
AT2G04495	8	0	3	11	2	0
AT2G04860	34	0	47	44	40	24
AT2G04915	0	0	0	0	0	0
AT2G05180	1	2	3	2	0	1
AT2G05185	7	18	8	2	6	6
AT2G05210	547	224	420	446	313	355
AT2G05335	0	0	0	0	0	0
AT2G05510	66	2	45	6	8	1
AT2G05518	75	57	52	65	27	28
AT2G05632	74	41	53	42	29	49
AT2G05825	3	0	2	6	16	12
AT2G06355	19	0	19	44	10	8
AT2G06805	0	0	0	0	0	0
AT2G06990	663	361	530	727	888	929
AT2G07235	0	0	0	0	0	0
AT2G07642	0	0	0	0	0	0
AT2G07678	1	0	0	0	0	0
AT2G07718	0	0	1	1	0	0
AT2G07830	0	0	0	0	0	0
AT2G07840	0	0	0	0	0	0
AT2G07960	0	0	0	0	0	0
AT2G08180	0	0	0	0	0	0
AT2G08240	0	0	0	0	0	0
AT2G08535	0	0	0	0	0	0
AT2G08575	14	2	11	4	3	0
AT2G08690	0	0	0	0	0	0
AT2G08820	431	13	346	54	3	3
AT2G08825	315	9	224	36	1	4
AT2G08865	30	1	26	19	12	31
AT2G08895	35	0	29	8	0	0
AT2G09095	0	0	0	0	0	0
AT2G09225	13	3	14	25	0	9
AT2G09300	0	0	0	0	0	0
AT2G09310	0	0	0	0	0	0
AT2G09395	0	0	0	0	0	0
AT2G09670	0	0	0	0	0	0
AT2G09680	0	0	0	0	0	0
AT2G09710	5	0	7	9	12	11
AT2G10615	0	0	0	0	0	0
AT2G10931	31	34	52	49	58	49
AT2G10970	0	0	0	0	0	0
AT2G11035	38	18	35	42	44	63
AT2G11215	118	0	113	102	78	134
AT2G11810	1648	14	1393	562	10	36
AT2G12170	57	43	39	45	47	59
AT2G12190	50	32	42	31	58	58
AT2G13540	815	354	642	785	739	675
AT2G13600	76	27	62	72	42	41
AT2G13810	5	0	3	8	5	0
AT2G14247	6	75	4	21	173	38
AT2G14440	0	0	0	0	0	0
AT2G14560	174	11	189	248	4	1
AT2G14610	33	0	0	229	0	1
AT2G15020	8	62	7	4	39	72
AT2G15042	276	26	172	352	57	78
AT2G15128	40	27	28	61	65	72
AT2G15130	0	2	0	2	1	1
AT2G15220	8	4	16	32	1	2
AT2G15390	550	59	433	527	100	93
AT2G15480	666	284	578	342	386	458
AT2G15490	134	25	98	92	91	57
AT2G15630	50	22	56	44	53	40
AT2G16005	54	0	57	4	3	6
AT2G16016	0	0	0	0	0	0
AT2G16385	15	1	4	5	5	0
AT2G16530	52	37	50	34	50	40
AT2G16580	13	17	11	18	17	9
AT2G16960	0	0	0	0	0	0
AT2G16980	18	0	14	10	7	3
AT2G17040	464	52	351	609	51	71
AT2G17050	2	3	0	0	11	5
AT2G17060	4	1	0	11	13	13
AT2G17210	22	1	29	26	17	30
AT2G17265	575	562	464	465	598	582
AT2G17270	65	35	60	55	46	24
AT2G17280	207	31	206	72	14	31
AT2G17430	68	12	33	48	19	28
AT2G17525	148	12	109	142	148	171
AT2G17620	28	32	30	45	64	53
AT2G17660	130	12	115	20	1	9
AT2G17680	3	0	3	0	0	0
AT2G17740	14	16	9	91	161	10
AT2G17840	4719	345	3897	1639	358	571
AT2G17845	0	10	0	7	23	20
AT2G17850	8	137	15	54	247	183
AT2G18050	1775	111	1420	465	44	96
AT2G18100	79	20	44	36	32	38
AT2G18360	32	71	26	37	85	54
AT2G18370	61	5	74	29	31	11
AT2G18380	63	19	36	54	53	53
AT2G18450	2	37	3	7	43	28
AT2G18470	24	1	26	10	12	3
AT2G18530	58	2	49	6	0	0
AT2G18540	51	7	42	1	2	1
AT2G18760	276	50	255	318	244	248
AT2G18969	21	3	15	13	9	0
AT2G19060	1	0	2	0	0	0
AT2G19146	0	0	0	0	0	0
AT2G19190	18	5	11	89	310	13
AT2G19290	0	0	0	0	1	0
AT2G19385	258	195	214	249	296	234
AT2G19430	256	198	190	211	227	266
AT2G19480	4148	4253	3214	4144	4500	4139
AT2G19530	64	26	50	65	43	45
AT2G19660	57	8	42	74	24	33
AT2G19690	32	49	28	34	40	31
AT2G19920	48	24	42	51	66	61
AT2G19980	5	4	5	1	2	1
AT2G20142	157	11	136	310	14	17
AT2G20150	7	3	2	16	0	0
AT2G20562	57	47	44	57	29	21
AT2G20570	2240	421	1829	1344	491	883
AT2G20710	16	1	10	18	31	21
AT2G20723	2	4	2	9	5	6
AT2G20770	60	41	55	30	43	46
AT2G20815	94	18	74	58	36	42
AT2G20980	38	25	41	70	66	40
AT2G21100	31	2	21	2	6	8
AT2G21200	45	54	25	32	31	36
AT2G21210	592	901	481	558	530	682
AT2G21320	21	40	26	19	81	61
AT2G21490	27	1	40	6	0	3
AT2G21660	40082	3674	33030	24305	2240	2596
AT2G21820	38	4	31	5	1	1
AT2G21910	15	0	5	37	0	0
AT2G22070	65	12	53	62	42	26
AT2G22090	46	38	43	43	21	47
AT2G22140	46	54	36	33	77	66
AT2G22200	34	27	34	21	55	40
AT2G22241	0	0	0	0	0	0
AT2G22250	259	194	198	239	416	326
AT2G22400	1597	575	1268	1626	1327	1468
AT2G22410	61	16	47	45	39	29
AT2G22482	0	0	0	0	0	0
AT2G22500	2512	383	2092	1964	304	438
AT2G22510	82	8	48	13	31	21
AT2G22590	0	0	0	2	1	0
AT2G22620	51	29	25	55	39	45
AT2G22790	53	48	36	44	41	50
AT2G22920	83	5	33	8	16	11
AT2G23000	38	63	16	25	271	141
AT2G23030	77	19	66	56	22	20
AT2G23093	38	30	53	40	37	35
AT2G23240	2	0	14	1	0	0
AT2G23300	61	42	37	25	48	66
AT2G23530	42	16	21	43	49	50
AT2G23540	134	34	89	32	39	40
AT2G23650	0	0	0	0	0	0
AT2G23690	31	130	16	28	52	67
AT2G23910	120	7	114	54	6	10
AT2G23950	641	131	532	317	342	335
AT2G24000	30	0	15	0	0	0
AT2G24100	224	219	136	112	198	262
AT2G24190	38	60	17	31	69	54
AT2G24380	0	0	0	0	0	0
AT2G24395	187	256	145	188	265	258
AT2G24535	11	15	3	13	0	7
AT2G24600	3256	270	2530	3862	730	904
AT2G24850	5	0	4	101	38	2
AT2G24980	30	0	30	1	0	2
AT2G25090	34	46	30	35	31	45
AT2G25095	18	2	13	7	0	5
AT2G25120	0	0	0	0	0	0
AT2G25160	13	0	19	3	0	0
AT2G25297	36	1	22	62	0	4
AT2G25460	290	40	210	156	28	32
AT2G25470	3	9	5	15	57	22
AT2G25530	61	41	43	37	84	57
AT2G25660	978	267	720	904	1158	1358
AT2G25680	27	17	26	65	59	39
AT2G25710	357	244	241	281	262	280
AT2G25980	39	0	34	8	2	0
AT2G26000	278	121	207	216	214	226
AT2G26010	8	110	5	88	55	63
AT2G26020	2	11	0	41	6	12
AT2G26040	17	74	20	30	97	66
AT2G26130	0	2	0	0	5	1
AT2G26200	584	262	414	622	460	492
AT2G26290	5	1	8	12	3	0
AT2G26310	146	9	78	53	21	24
AT2G26480	7	0	12	7	2	1
AT2G26530	2126	664	1543	3100	213	796
AT2G26620	40	0	28	6	0	0
AT2G26700	51	28	70	58	66	50
AT2G26970	220	165	144	157	159	160
AT2G27010	11	0	4	3	1	0
AT2G27270	2	0	1	0	0	0
AT2G27420	0	12	1	0	16	7
AT2G27430	33	75	27	26	34	57
AT2G27550	27	1	23	11	2	3
AT2G27610	53	9	35	50	38	40
AT2G27660	13	7	10	85	168	21
AT2G27690	26	96	25	44	54	67
AT2G27740	58	37	34	39	25	29
AT2G27780	0	0	0	0	0	0
AT2G27930	43	30	26	44	23	42
AT2G27990	87	27	46	40	65	63
AT2G28050	57	22	36	69	51	56
AT2G28056	1	0	0	0	0	0
AT2G28085	9	2	12	6	0	1
AT2G28140	64	39	54	39	52	52
AT2G28170	0	0	0	0	0	0
AT2G28400	578	83	425	303	23	45
AT2G28440	83	69	55	64	45	34
AT2G28490	15	0	19	2	0	1
AT2G28580	45	6	70	31	20	34
AT2G28780	20	19	11	36	48	52
AT2G28815	77	49	39	64	40	40
AT2G28860	5	0	2	0	0	2
AT2G29100	4	0	6	10	0	0
AT2G29125	59	44	42	44	46	35
AT2G29170	24	58	13	36	26	64
AT2G29370	2	12	1	2	16	16
AT2G29380	7	1	11	2	0	0
AT2G29470	9	1	1	47	0	0
AT2G29740	12	128	10	22	133	100
AT2G29800	0	0	0	0	0	0
AT2G30000	209	188	119	120	105	99
AT2G30040	210	125	129	132	88	137
AT2G30080	45	55	48	50	48	55
AT2G30370	82	42	69	36	21	37
AT2G30432	28	13	15	2	8	5
AT2G30470	937	717	772	801	647	857
AT2G30505	46	24	49	39	24	22
AT2G30520	1273	3360	1225	1696	3739	4972
AT2G30650	1	0	3	1	1	0
AT2G30750	10	3	5	209	26	4
AT2G30766	11	148	12	16	455	158
AT2G30770	12	1	9	210	0	0
AT2G30820	37	10	27	31	59	56
AT2G31020	31	28	24	41	48	40
AT2G31081	0	0	0	0	0	0
AT2G31100	0	0	0	1	0	2
AT2G31160	66	50	33	43	63	53
AT2G31180	13	0	10	3	3	0
AT2G31260	553	203	511	604	434	475
AT2G31335	0	0	0	0	1	0
AT2G31380	104	490	81	81	522	536
AT2G31880	2806	256	2324	3519	859	1040
AT2G31930	2	0	0	0	0	0
AT2G31945	56	38	33	94	8	25
AT2G31980	214	17	173	89	20	36
AT2G32120	61	41	53	71	64	76
AT2G32140	37	2	31	61	2	6
AT2G32160	28	38	37	47	47	91
AT2G32190	34	45	29	72	35	29
AT2G32235	48	28	39	25	32	34
AT2G32430	81	26	53	52	42	43
AT2G32550	0	24	2	6	18	23
AT2G32660	35	21	14	87	56	37
AT2G32830	60	10	50	75	7	10
AT2G32940	56	19	39	37	50	57
AT2G33110	79	29	66	63	35	38
AT2G33330	587	572	426	531	747	801
AT2G33580	724	70	579	727	76	199
AT2G33640	36	11	22	40	53	41
AT2G33680	126	17	109	114	52	48
AT2G33735	73	52	33	39	57	69
AT2G33760	32	1	13	25	10	15
AT2G33790	6	0	5	0	0	0
AT2G33830	26471	7375	20924	21759	1910	5316
AT2G33855	167	298	165	184	182	205
AT2G34010	38	59	21	66	63	77
AT2G34090	551	210	489	473	313	388
AT2G34100	0	0	0	0	0	0
AT2G34202	160	0	113	8	2	5
AT2G34210	477	2	324	115	18	22
AT2G34360	21	7	39	13	5	1
AT2G34410	452	189	331	274	262	339
AT2G34500	20	24	27	59	15	40
AT2G34600	39	92	26	30	17	52
AT2G34655	15	2	11	10	0	9
AT2G34670	104	46	84	98	96	86
AT2G34770	838	1276	664	824	739	1274
AT2G34940	2	0	0	3	2	1
AT2G34985	0	0	0	0	0	0
AT2G35070	50	2	41	1	0	2
AT2G35200	4	0	1	2	1	0
AT2G35300	85	12	77	3	8	8
AT2G35550	34	2	32	33	4	9
AT2G35658	72	12	45	43	5	11
AT2G35800	866	663	705	1081	878	1269
AT2G35860	59	62	35	29	37	41
AT2G35980	23	0	14	44	0	1
AT2G36270	246	17	153	61	10	25
AT2G36307	44	29	38	39	64	40
AT2G36500	44	25	42	45	48	44
AT2G36640	21	0	21	0	2	5
AT2G36750	33	70	19	22	83	68
AT2G36780	62	17	45	44	27	30
AT2G36890	66	19	45	50	56	23
AT2G36980	62	21	37	44	34	25
AT2G37080	1251	752	907	929	1535	1281
AT2G37100	69	81	41	52	100	77
AT2G37280	64	24	46	75	87	94
AT2G37320	54	18	59	63	32	37
AT2G37380	59	28	40	49	66	68
AT2G37400	530	333	408	539	448	371
AT2G37430	68	26	66	189	0	38
AT2G37435	0	0	0	0	2	0
AT2G37560	50	22	29	42	41	19
AT2G37590	41	32	35	54	35	46
AT2G37870	21	2	48	0	12	0
AT2G37980	152	0	116	77	25	11
AT2G38050	259	270	217	213	243	256
AT2G38240	3	11	1	59	4	10
AT2G38320	36	67	51	61	96	62
AT2G38390	70	13	55	30	37	12
AT2G38430	51	23	45	39	49	44
AT2G38465	364	94	295	251	35	47
AT2G38470	11278	844	8312	12590	730	2348
AT2G38620	32	43	30	43	97	75
AT2G38695	117	131	77	84	90	97
AT2G38720	48	30	23	51	81	64
AT2G38830	32	32	41	44	41	58
AT2G38940	1520	51	1379	752	167	138
AT2G38950	915	543	623	793	815	881
AT2G39030	0	0	0	156	17	0
AT2G39120	37	27	35	45	34	28
AT2G39130	587	159	535	527	338	356
AT2G39230	39	8	22	52	44	50
AT2G39530	0	1	0	8	19	0
AT2G39560	38	62	17	25	39	45
AT2G39650	411	96	312	503	31	100
AT2G39855	15	1	16	18	2	1
AT2G39880	56	38	30	37	56	65
AT2G40080	1015	38	639	439	14	13
AT2G40085	119	37	73	50	19	23
AT2G40130	160	5	90	81	50	46
AT2G40140	3367	483	2689	4448	322	990
AT2G40170	18	1	23	0	0	2
AT2G40230	52	44	43	45	43	58
AT2G40240	63	53	38	51	55	58
AT2G40340	89	17	79	118	12	16
AT2G40350	15	0	19	11	0	1
AT2G40530	73	15	46	52	15	20
AT2G40620	361	257	260	288	304	350
AT2G40670	21	31	23	69	30	31
AT2G40720	68	8	61	55	33	26
AT2G40750	81	13	76	91	17	22
AT2G40850	45	26	34	46	42	40
AT2G40955	2	0	0	4	1	11
AT2G40970	221	157	163	181	155	215
AT2G41070	179	68	126	128	60	97
AT2G41082	28	16	19	8	1	5
AT2G41105	47	12	30	52	3	27
AT2G41178	4	2	4	1	0	0
AT2G41240	0	73	0	1	127	86
AT2G41280	13	0	9	7	2	1
AT2G41660	31	28	39	32	44	46
AT2G41800	7	0	10	6	0	0
AT2G41880	257	230	240	283	225	296
AT2G41945	188	166	142	119	113	138
AT2G42110	50	52	30	40	66	63
AT2G42260	34	40	29	56	62	47
AT2G42365	111	32	38	46	30	44
AT2G42430	1	0	2	1	0	0
AT2G42510	65	38	35	40	54	73
AT2G42530	585	10	523	76	15	12
AT2G42540	497	86	364	55	91	54
AT2G42560	72	1	77	6	2	0
AT2G42730	58	25	41	50	23	38
AT2G42780	1001	676	683	888	790	922
AT2G42840	3783	2663	3281	2656	5130	4131
AT2G42865	45	36	35	46	23	29
AT2G42885	1	5	1	7	1	1
AT2G42920	244	21	160	221	233	268
AT2G42955	8	10	0	12	14	10
AT2G43000	25	1	17	38	8	8
AT2G43040	52	28	40	41	72	66
AT2G43190	145	115	128	123	133	138
AT2G43200	116	100	87	134	177	193
AT2G43375	63	32	46	36	27	34
AT2G43500	277	69	204	159	189	232
AT2G43570	62	8	37	122	23	7
AT2G43690	60	13	39	45	37	42
AT2G43700	75	15	72	57	40	65
AT2G43870	56	12	45	46	14	3
AT2G43900	411	38	309	331	421	551
AT2G44010	1	0	9	12	1	0
AT2G44070	11	2	4	18	6	0
AT2G44255	2	2	0	1	0	0
AT2G44370	2	4	0	12	104	2
AT2G44380	5	6	2	25	48	2
AT2G44460	42	13	67	2	9	57
AT2G44690	27	33	15	35	53	40
AT2G44730	801	775	630	618	591	730
AT2G44840	43	14	48	98	2	10
AT2G44880	66	16	46	43	51	23
AT2G44910	28	55	27	25	41	53
AT2G44990	0	0	3	15	0	0
AT2G45000	471	303	336	455	496	544
AT2G45080	43	32	48	76	34	53
AT2G45120	54	28	43	38	24	51
AT2G45130	1212	9	994	704	2	9
AT2G45135	291	11	206	85	4	8
AT2G45220	66	3	49	228	69	8
AT2G45260	296	140	255	285	328	342
AT2G45480	85	30	34	28	60	59
AT2G45610	9	0	6	9	0	5
AT2G45670	2188	1474	1770	1909	1627	2201
AT2G45800	0	3	1	1	0	3
AT2G45870	54	26	51	32	45	38
AT2G45910	993	138	778	855	599	752
AT2G45930	11	0	5	8	0	3
AT2G46140	75	55	48	29	42	25
AT2G46400	243	34	208	297	16	45
AT2G46535	98	43	92	47	53	53
AT2G46570	19	0	5	25	18	15
AT2G46660	80	26	49	33	35	27
AT2G46750	7	4	1	26	6	6
AT2G46830	71	644	48	84	954	1083
AT2G46850	0	0	0	0	0	0
AT2G46880	1021	4	896	369	7	12
AT2G46940	63	9	48	29	17	2
AT2G47130	109	24	62	41	21	34
AT2G47140	16	0	7	16	1	0
AT2G47180	91	87	79	126	85	121
AT2G47190	41	2	26	52	0	8
AT2G47260	65	18	58	54	62	38
AT2G47520	9	79	6	18	98	48
AT2G47560	23	39	13	60	49	42
AT2G47770	79	8	66	1	12	1
AT2G47780	95	7	59	22	7	7
AT2G48090	64	49	51	32	58	48
AT3G01005	0	0	0	0	0	0
AT3G01060	213	936	152	209	1352	1283
AT3G01175	3	0	4	10	1	0
AT3G01190	5	0	22	10	0	2
AT3G01435	132	135	107	110	80	81
AT3G01513	5	1	10	0	0	0
AT3G01516	24	1	5	3	1	1
AT3G01545	0	0	0	0	0	0
AT3G01550	37	153	34	37	327	274
AT3G01600	10	72	2	12	240	138
AT3G01670	772	244	719	782	631	735
AT3G01780	1204	891	957	1012	1126	1274
AT3G01795	38	1	32	22	3	2
AT3G01830	205	5	149	143	2	5
AT3G01835	6	63	11	1	6	7
AT3G01840	25	1	15	12	2	8
AT3G01845	1	13	10	0	6	12
AT3G01885	0	0	2	1	0	0
AT3G02040	5379	229	4494	2436	183	370
AT3G02130	914	312	768	799	707	855
AT3G02160	49	21	58	54	42	71
AT3G02235	0	1	0	0	1	1
AT3G02240	4	1	3	17	15	0
AT3G02242	0	0	1	0	0	0
AT3G02330	71	11	36	59	40	33
AT3G02360	1777	1117	1479	1582	1791	1901
AT3G02465	2	0	5	2	0	3
AT3G02470	15392	14974	11846	17634	22428	29368
AT3G02480	287	74	211	20	118	36
AT3G02510	397	230	328	328	240	315
AT3G02660	407	410	345	364	672	567
AT3G02825	0	0	0	0	0	0
AT3G02840	243	20	176	291	5	31
AT3G02980	111	5	93	64	9	14
AT3G02985	0	0	0	0	0	0
AT3G03170	67	25	89	29	16	11
AT3G03215	0	0	0	0	0	0
AT3G03260	279	3	159	38	4	10
AT3G03275	0	1	0	0	2	2
AT3G03341	29	0	27	1	4	1
AT3G03350	65	4	43	36	33	43
AT3G03380	1886	742	1418	1841	1573	1917
AT3G03440	171	37	103	109	79	53
AT3G03495	0	0	0	0	0	0
AT3G03530	523	9	424	487	16	4
AT3G03570	352	140	266	336	406	457
AT3G03665	0	0	0	0	0	0
AT3G03840	35	49	30	49	38	30
AT3G03850	41	45	31	35	46	41
AT3G03875	0	0	0	0	0	0
AT3G04050	57	8	46	14	3	9
AT3G04065	3	0	0	6	2	3
AT3G04150	0	0	0	0	0	0
AT3G04200	5	0	4	4	1	1
AT3G04220	6	0	3	17	0	5
AT3G04485	40	34	47	34	28	49
AT3G04530	200	6	177	57	2	5
AT3G04620	62	62	59	57	49	28
AT3G04825	0	0	0	0	0	0
AT3G05150	43	13	27	85	29	13
AT3G05340	95	3	64	70	78	63
AT3G05410	366	639	284	372	538	565
AT3G05480	39	24	40	38	40	37
AT3G05595	1	0	0	0	0	0
AT3G05605	0	0	0	0	0	0
AT3G05630	1417	20	1129	548	61	83
AT3G05640	479	40	386	158	83	82
AT3G05685	40	50	22	38	24	32
AT3G05715	2	2	0	0	1	4
AT3G05740	54	20	40	61	51	48
AT3G05815	0	0	0	0	0	0
AT3G05825	0	0	0	0	0	0
AT3G05936	56	66	36	32	23	38
AT3G05955	0	2	0	3	4	4
AT3G05980	74	37	46	37	20	35
AT3G06040	734	703	534	656	737	670
AT3G06090	0	0	0	1	0	0
AT3G06095	0	2	1	0	0	2
AT3G06120	48	24	40	23	39	35
AT3G06145	25	88	13	35	68	69
AT3G06280	0	0	0	0	0	0
AT3G06425	5	0	8	4	3	8
AT3G06465	0	0	0	0	1	0
AT3G06540	412	200	353	383	341	378
AT3G06585	0	0	0	0	0	0
AT3G06695	0	0	0	0	0	0
AT3G06778	56	47	49	58	47	50
AT3G06868	76	20	66	50	64	43
AT3G06870	0	0	0	0	0	0
AT3G06890	34	11	34	25	3	3
AT3G06935	0	0	0	0	0	0
AT3G07080	196	109	142	191	117	151
AT3G07130	57	27	50	59	61	56
AT3G07180	896	460	650	661	697	781
AT3G07290	65	32	40	56	52	60
AT3G07625	0	0	0	0	0	0
AT3G07650	1492	75	1189	1152	146	153
AT3G07675	56	40	63	53	10	25
AT3G07840	0	0	0	0	0	0
AT3G07960	53	47	49	55	74	46
AT3G08085	0	0	0	0	0	0
AT3G08240	18	0	4	11	1	1
AT3G08295	0	0	0	0	0	0
AT3G08315	0	0	0	0	0	0
AT3G08570	77	16	75	75	33	21
AT3G08595	3	1	1	1	3	5
AT3G08635	50	0	24	7	3	2
AT3G08720	2528	123	1957	1437	157	221
AT3G08765	0	0	0	0	0	0
AT3G08795	0	3	0	2	4	12
AT3G08820	52	17	52	46	29	29
AT3G08860	116	14	103	26	15	15
AT3G08870	44	2	44	25	14	14
AT3G08970	46	10	33	63	68	26
AT3G08980	58	33	44	71	71	42
AT3G09010	81	29	58	50	51	35
AT3G09015	0	0	0	0	0	0
AT3G09045	0	0	0	0	0	0
AT3G09060	52	6	54	67	36	27
AT3G09230	123	29	73	92	60	89
AT3G09290	44	0	35	12	0	0
AT3G09310	42	44	24	44	40	40
AT3G09315	0	0	0	0	0	0
AT3G09405	34	19	37	87	11	21
AT3G09550	84	16	59	65	40	47
AT3G09675	0	0	0	0	0	0
AT3G09870	30	30	28	44	2	17
AT3G09922	3296	178	2654	320	43	146
AT3G09925	15	6	15	5	3	0
AT3G09955	0	0	1	2	4	2
AT3G09965	0	0	0	0	0	0
AT3G09985	8	0	6	0	1	8
AT3G10110	41	19	47	60	85	30
AT3G10150	55	1	40	20	2	1
AT3G10280	10	0	3	0	2	0
AT3G10320	50	17	38	63	15	29
AT3G10690	572	351	450	659	1390	968
AT3G10815	49	2	35	13	2	2
AT3G10890	0	0	0	0	0	0
AT3G10910	45	57	27	17	27	41
AT3G10930	120	51	107	144	7	35
AT3G11402	23	17	23	29	62	65
AT3G11410	2532	278	1960	503	181	331
AT3G11430	12	0	13	8	3	4
AT3G11550	36	26	16	46	12	32
AT3G11910	2883	1709	2364	2718	3016	3260
AT3G12120	19543	6040	15927	15240	8514	10150
AT3G12170	40	39	35	50	58	54
AT3G12320	105	554	76	51	299	501
AT3G12570	1471	759	1195	1388	1000	1409
AT3G12910	31	2	19	39	0	1
AT3G12977	18	5	9	10	18	0
AT3G13100	87	5	46	48	36	34
AT3G13225	1259	350	881	871	699	906
AT3G13240	48	18	47	28	40	49
AT3G13310	241	351	204	316	463	290
AT3G13420	60	33	43	41	66	41
AT3G13433	9	1	1	6	0	0
AT3G13600	69	43	52	73	26	56
AT3G13610	8	5	12	20	0	1
AT3G13674	49	79	15	29	38	48
AT3G13782	40	36	48	50	40	41
AT3G14060	41	77	30	44	36	43
AT3G14070	48	28	40	30	40	49
AT3G14170	48	32	36	37	55	79
AT3G14370	85	3	64	64	23	16
AT3G14380	5	0	8	0	0	2
AT3G14440	742	9	582	262	14	18
AT3G14452	0	8	3	0	0	5
AT3G14460	62	1	32	47	68	60
AT3G14640	8	0	8	16	3	14
AT3G14680	51	24	37	62	48	44
AT3G14700	58	26	59	34	21	20
AT3G14740	35	42	38	35	54	39
AT3G14780	38	36	11	55	32	32
AT3G15095	2481	1278	1904	1841	1171	1522
AT3G15130	52	18	40	64	48	47
AT3G15170	4	5	10	1	4	5
AT3G15200	61	10	54	59	51	47
AT3G15358	41	64	30	59	33	47
AT3G15390	130	86	109	156	122	144
AT3G15440	37	4	19	60	1	0
AT3G15640	456	684	363	521	751	652
AT3G15670	83	9	124	4	0	8
AT3G15700	0	0	0	0	0	0
AT3G15750	78	23	68	69	29	33
AT3G15960	0	0	0	0	0	0
AT3G16175	15	60	16	9	55	49
AT3G16200	416	211	290	352	300	304
AT3G16320	53	19	38	59	80	76
AT3G16330	58	18	48	63	48	26
AT3G16410	31	20	38	28	36	57
AT3G16480	819	593	642	690	940	801
AT3G16490	56	29	40	38	48	45
AT3G16500	638	531	542	655	764	813
AT3G16650	93	28	53	62	50	31
AT3G16710	59	16	63	62	44	47
AT3G17170	1561	2313	1177	1621	2406	1707
AT3G17220	23	1	11	10	7	1
AT3G17240	1820	962	1389	1530	1750	1593
AT3G17280	54	23	27	52	28	38
AT3G17380	31	23	26	33	53	52
AT3G17520	149	20	113	5	11	6
AT3G17609	37	202	26	49	267	155
AT3G17626	45	61	48	40	29	40
AT3G17710	33	40	23	46	54	58
AT3G17790	4168	72	3456	2279	129	170
AT3G17850	1786	699	1409	1796	1870	2366
AT3G17910	197	120	158	180	203	175
AT3G18020	69	6	86	65	47	47
AT3G18070	97	29	42	67	36	58
AT3G18170	64	45	41	46	35	68
AT3G18250	13	0	12	56	28	2
AT3G18330	5	3	0	3	1	1
AT3G18510	69	44	52	72	46	35
AT3G18630	56	29	38	47	35	25
AT3G18700	0	0	0	0	0	0
AT3G18780	8054	7497	6397	9519	8148	10662
AT3G18830	1224	611	905	1008	639	651
AT3G18900	55	32	53	46	50	47
AT3G19002	24	1	17	15	0	1
AT3G19040	14	47	22	51	18	56
AT3G19050	406	137	365	388	824	732
AT3G19070	0	0	0	0	0	0
AT3G19250	45	6	47	61	36	25
AT3G19300	98	56	79	77	60	78
AT3G19870	579	422	424	555	616	769
AT3G19920	8	4	13	0	0	0
AT3G20340	70	39	63	81	19	52
AT3G20360	0	0	0	1	2	3
AT3G20370	302	1052	238	306	2042	1447
AT3G20475	31	25	39	25	47	40
AT3G20510	264	161	158	213	96	110
AT3G20730	28	1	21	23	22	11
AT3G20810	1021	40	912	395	29	37
AT3G20898	60	34	66	60	47	50
AT3G20960	45	11	34	48	26	39
AT3G21080	15	53	14	54	78	53
AT3G21150	52	9	41	44	3	16
AT3G21320	13	0	20	26	3	0
AT3G21330	142	4	123	108	18	8
AT3G21351	22	32	14	42	97	24
AT3G21370	21	0	12	4	2	6
AT3G21500	9	0	1	23	7	2
AT3G21620	43	0	41	0	3	4
AT3G21710	61	3	45	39	3	10
AT3G21720	341	0	409	5	4	12
AT3G21810	315	122	224	197	184	221
AT3G21945	0	0	0	0	0	0
AT3G22142	0	0	0	0	0	0
AT3G22231	100	11	55	185	3	4
AT3G22235	5	2	13	12	2	0
AT3G22240	44	52	42	85	14	29
AT3G22380	10590	5586	7980	7771	7896	9056
AT3G22450	83	34	42	45	61	40
AT3G22460	336	120	231	264	115	142
AT3G22600	73	22	44	94	12	17
AT3G22620	72	24	44	21	42	47
AT3G22810	155	44	113	86	118	122
AT3G22830	392	1	271	27	3	5
AT3G22840	2	41	3	7	164	36
AT3G22900	51	39	49	64	41	32
AT3G22930	64	28	53	36	34	28
AT3G23060	1	0	0	1	0	0
AT3G23110	84	14	70	28	60	46
AT3G23120	10	0	8	15	5	2
AT3G23240	34	5	24	31	2	0
AT3G23250	47	4	42	69	25	3
AT3G23326	1	1	0	8	0	1
AT3G23440	56	41	48	35	35	43
AT3G23510	4	28	8	6	83	35
AT3G23550	55	288	63	257	499	450
AT3G23730	738	853	628	848	1384	1044
AT3G23800	25	3	17	38	4	4
AT3G23840	138	122	105	80	102	88
AT3G23870	124	6	93	41	2	14
AT3G24100	613	867	445	557	462	480
AT3G24255	48	25	35	38	36	37
AT3G24460	24	25	16	23	39	42
AT3G24480	1602	551	1355	1433	2644	2210
AT3G24520	23	0	10	3	0	1
AT3G24730	85	58	55	56	35	36
AT3G24790	0	0	0	0	0	0
AT3G24880	162	11	156	126	164	172
AT3G24890	86	38	48	51	29	41
AT3G25013	90	21	43	61	26	48
AT3G25100	27	31	37	37	78	64
AT3G25240	621	2	588	193	0	6
AT3G25250	68	4	61	48	7	26
AT3G25270	0	0	0	0	0	0
AT3G25290	137	15	131	107	23	18
AT3G25610	595	35	478	516	201	132
AT3G25620	76	28	48	66	50	44
AT3G25670	47	60	34	20	53	83
AT3G25790	77	19	64	84	27	27
AT3G25820	0	0	0	0	0	0
AT3G25900	150	84	90	212	85	100
AT3G25930	18	0	16	11	1	8
AT3G26010	0	0	0	0	0	0
AT3G26040	37	37	27	27	28	61
AT3G26320	22	39	7	48	77	57
AT3G26445	0	0	0	0	0	0
AT3G26460	77	26	62	14	17	32
AT3G26470	80	30	62	52	28	34
AT3G26500	109	43	56	178	68	56
AT3G26750	54	36	55	56	29	55
AT3G26790	11	0	7	0	0	0
AT3G26830	103	3	58	409	28	9
AT3G26870	0	0	0	0	0	0
AT3G26880	0	0	0	0	0	0
AT3G26922	76	35	58	56	37	49
AT3G27027	30	57	28	39	32	26
AT3G27120	37	40	33	63	85	71
AT3G27150	96	8	75	6	3	2
AT3G27170	28	97	38	100	248	209
AT3G27200	52	42	57	38	47	55
AT3G27210	960	99	764	440	91	109
AT3G27250	219	0	188	7	8	1
AT3G27260	2805	932	2121	2128	1655	2310
AT3G27270	42	47	60	44	43	22
AT3G27320	399	246	306	335	334	340
AT3G27350	493	421	333	302	346	373
AT3G27400	52	33	41	34	95	58
AT3G27416	0	0	0	0	0	0
AT3G27460	360	159	299	249	172	201
AT3G27500	26	11	17	43	57	57
AT3G27503	0	1	0	0	0	0
AT3G27640	25	45	28	59	63	59
AT3G27650	49	53	31	30	35	50
AT3G27860	55	27	26	33	37	31
AT3G27884	7	0	5	0	0	0
AT3G27900	14	0	7	13	5	10
AT3G27920	24	47	18	23	58	40
AT3G28210	33	29	15	32	30	21
AT3G28420	22	33	14	42	17	11
AT3G28510	11	1	9	17	0	0
AT3G28550	95	0	140	28	0	8
AT3G28560	1	14	1	6	38	21
AT3G28570	4	17	1	11	44	28
AT3G28635	19	0	12	10	5	6
AT3G28660	95	25	62	76	19	31
AT3G29000	455	67	369	712	7	43
AT3G29034	54	41	35	87	70	28
AT3G29050	0	0	0	0	0	0
AT3G29140	52	46	45	33	25	25
AT3G29250	26	2	23	60	2	2
AT3G29255	0	0	0	0	0	0
AT3G29370	48	56	36	89	20	27
AT3G29575	555	67	368	266	74	40
AT3G29680	49	27	32	30	26	39
AT3G29770	150	139	120	120	174	211
AT3G29970	3	23	2	32	35	22
AT3G30340	70	26	75	51	44	48
AT3G30370	0	0	0	0	0	0
AT3G30525	0	0	0	0	0	0
AT3G30720	339	76	232	262	17	64
AT3G30725	20	1	13	4	1	0
AT3G30841	175	72	162	160	146	146
AT3G30845	0	0	0	0	0	0
AT3G32400	4	1	2	4	0	1
AT3G33494	0	0	0	0	0	0
AT3G33530	1564	456	1155	1232	1213	1377
AT3G41768	3507	1892	2642	2448	1325	1933
AT3G42150	360	394	292	324	253	309
AT3G42790	1342	281	1091	1143	284	330
AT3G43110	762	14	614	209	6	7
AT3G43153	0	0	0	0	0	0
AT3G43580	33	27	46	34	41	44
AT3G43670	1212	294	984	914	544	800
AT3G44010	1484	2314	1096	1576	1675	1444
AT3G44220	57	34	49	38	50	46
AT3G44260	2152	1398	1665	2390	174	1081
AT3G44326	3	0	13	1	0	0
AT3G44350	15	0	5	8	1	1
AT3G44460	145	1	132	46	4	2
AT3G44510	317	6	264	83	3	6
AT3G44540	23	0	25	4	2	4
AT3G44710	0	0	1	0	0	1
AT3G44713	37	7	33	47	40	39
AT3G44716	47	57	37	46	40	26
AT3G44769	2	0	6	9	2	8
AT3G44798	113	150	72	130	72	100
AT3G44830	9	0	7	4	0	0
AT3G44860	25	37	12	51	136	57
AT3G44960	51	45	52	48	54	39
AT3G45280	0	7	6	10	9	1
AT3G45300	2149	1037	1696	2052	846	1273
AT3G45590	43	28	56	46	30	41
AT3G45840	0	0	1	0	0	0
AT3G45860	42	11	25	97	12	16
AT3G46090	54	39	57	208	9	46
AT3G46100	457	516	383	500	716	803
AT3G46120	12	0	8	1	0	0
AT3G46180	284	114	186	175	172	179
AT3G46280	22	81	32	211	892	126
AT3G46360	0	0	0	0	0	0
AT3G46370	29	22	29	93	39	91
AT3G46780	12249	13516	9612	12447	11890	20177
AT3G46845	65	51	40	40	31	26
AT3G46950	61	32	43	72	49	52
AT3G47380	43	38	52	33	38	33
AT3G47420	1855	168	1553	871	151	256
AT3G47480	45	18	33	52	36	29
AT3G47550	810	392	558	663	544	566
AT3G47720	0	8	0	6	52	17
AT3G47790	18	0	12	10	2	2
AT3G47840	60	10	44	57	33	34
AT3G47965	55	46	33	40	37	41
AT3G48020	54	5	35	20	2	8
AT3G48080	12	2	15	15	2	1
AT3G48187	18	0	6	9	26	30
AT3G48240	24	2	27	9	1	1
AT3G48330	293	271	237	266	192	227
AT3G48340	29	3	70	5	3	5
AT3G48510	30	0	33	7	4	2
AT3G48520	272	3	219	84	9	6
AT3G48530	2054	1714	1630	1892	1507	2071
AT3G48540	53	51	27	53	75	44
AT3G48580	61	24	28	51	47	51
AT3G48600	46	77	35	48	49	50
AT3G48750	1123	693	798	988	844	989
AT3G48840	9	1	10	11	0	3
AT3G48850	29	4	23	53	3	10
AT3G48970	93	36	42	64	17	26
AT3G49120	2630	828	2261	2473	1681	1363
AT3G49130	21	1	12	6	0	0
AT3G49142	59	10	34	45	40	19
AT3G49370	54	26	40	48	62	62
AT3G49380	12	1	12	3	2	0
AT3G49410	71	23	43	53	44	40
AT3G49570	106	0	90	10	3	4
AT3G49580	293	5	173	15	4	5
AT3G49620	54	90	37	909	172	109
AT3G49630	31	0	17	3	0	0
AT3G49744	0	0	0	0	0	0
AT3G49750	42	54	41	40	43	38
AT3G49820	3	3	1	3	1	4
AT3G49920	113	83	119	106	66	73
AT3G49970	76	38	36	25	48	35
AT3G50010	21	24	21	32	86	46
AT3G50040	32	17	46	54	45	38
AT3G50120	54	17	42	72	34	30
AT3G50140	45	47	41	52	55	61
AT3G50270	294	254	225	373	383	382
AT3G50410	53	45	43	59	41	40
AT3G50560	58	385	34	117	306	495
AT3G50650	299	171	229	299	294	356
AT3G50770	112	8	85	105	23	13
AT3G50930	740	69	490	782	93	161
AT3G50980	17	1	14	0	0	1
AT3G51220	68	22	23	29	38	53
AT3G51330	97	132	90	178	78	101
AT3G51340	50	37	35	51	61	50
AT3G51540	15	3	4	17	2	0
AT3G51590	0	0	1	0	0	0
AT3G51610	557	458	411	465	411	457
AT3G51690	0	0	0	0	0	0
AT3G51710	57	33	51	54	32	57
AT3G51800	2044	1937	1627	2160	3248	2448
AT3G51810	46	0	43	0	0	0
AT3G51860	654	39	507	337	57	55
AT3G51930	44	41	36	44	79	62
AT3G51970	87	57	70	47	27	39
AT3G52072	32	58	20	27	25	46
AT3G52115	24	36	17	43	70	58
AT3G52180	2660	610	2151	1597	907	1017
AT3G52310	60	2	52	9	15	2
AT3G52460	18	28	21	22	23	16
AT3G52510	12	6	9	12	0	7
AT3G52530	76	7	54	57	42	62
AT3G52550	33	52	31	30	39	61
AT3G52630	62	56	17	37	51	31
AT3G52680	63	43	56	50	48	42
AT3G52740	34	56	27	26	61	32
AT3G52748	13	5	11	7	3	0
AT3G52820	55	3	43	16	7	6
AT3G53040	37	6	32	3	1	10
AT3G53360	90	1	82	81	49	41
AT3G53650	42	76	30	55	82	58
AT3G53980	226	34	240	18	42	29
AT3G54085	52	39	42	46	39	51
AT3G54090	757	937	681	894	1808	1358
AT3G54150	134	31	108	172	14	25
AT3G54363	41	58	41	37	33	30
AT3G54460	612	337	481	717	800	997
AT3G54550	0	0	2	0	0	0
AT3G54580	224	6	223	61	0	13
AT3G54590	95	4	85	25	0	3
AT3G54630	0	0	0	0	0	0
AT3G54660	2064	2942	1558	2309	4589	5077
AT3G54700	16	0	9	3	0	0
AT3G54770	12	1	10	10	0	3
AT3G54780	65	20	55	35	26	31
AT3G54925	0	0	0	0	0	0
AT3G54940	27	2	51	0	0	8
AT3G55010	420	319	229	397	480	305
AT3G55090	54	37	36	46	27	53
AT3G55200	25	5	36	42	81	49
AT3G55230	30	30	32	35	51	49
AT3G55290	57	64	64	41	40	58
AT3G55490	64	47	42	62	37	35
AT3G55646	43	28	50	41	26	18
AT3G55690	86	27	41	42	59	67
AT3G55890	30	2	28	24	9	3
AT3G55910	24	8	15	22	3	0
AT3G55950	87	35	82	111	63	91
AT3G55970	23	20	20	182	23	20
AT3G55980	6782	1214	5279	7376	639	2021
AT3G56030	51	51	33	59	74	48
AT3G56150	4051	2448	3374	4455	6102	5080
AT3G56250	71	30	55	41	44	48
AT3G56270	273	70	177	154	168	175
AT3G56290	100	637	55	83	671	652
AT3G56300	59	26	44	47	39	47
AT3G56390	0	0	0	0	0	0
AT3G56400	641	105	529	1163	62	183
AT3G56470	61	20	56	58	38	65
AT3G56620	69	24	59	63	40	50
AT3G56710	394	114	343	522	30	107
AT3G56790	65	3	61	20	1	1
AT3G56800	3287	2385	2588	2504	1697	1894
AT3G56970	0	37	1	0	87	41
AT3G56980	0	14	0	0	119	29
AT3G57010	42	20	50	33	51	47
AT3G57130	34	23	41	38	74	39
AT3G57157	109	12	107	75	7	7
AT3G57240	18	0	16	21	11	1
AT3G57460	5	4	5	20	7	0
AT3G57640	48	7	45	76	26	19
AT3G57670	64	14	42	41	35	46
AT3G57970	0	0	0	0	2	1
AT3G58200	49	18	53	47	17	24
AT3G58510	975	322	842	861	1003	1017
AT3G58585	0	0	0	0	0	0
AT3G58590	88	10	70	86	36	33
AT3G58800	76	63	73	67	87	72
AT3G58810	57	32	35	32	37	31
AT3G58980	45	37	34	46	50	35
AT3G59370	12	0	25	12	0	2
AT3G59530	74	30	51	52	36	32
AT3G59884	16	0	17	2	0	0
AT3G59930	13	2	12	24	0	0
AT3G60040	100	45	58	60	52	82
AT3G60070	75	22	65	59	31	51
AT3G60140	12	29	2	21	0	99
AT3G60150	52	45	55	43	35	49
AT3G60330	62	9	56	46	31	28
AT3G60410	457	297	348	386	371	443
AT3G60580	36	19	43	41	32	34
AT3G60660	47	37	38	52	79	53
AT3G60670	39	17	17	19	16	20
AT3G60720	65	55	47	42	59	59
AT3G60900	41	66	48	67	120	59
AT3G61028	1	10	2	10	7	14
AT3G61060	696	214	459	955	196	406
AT3G61170	41	1	14	26	19	13
AT3G61280	58	5	51	58	19	8
AT3G61410	267	10	224	95	9	12
AT3G61450	13	4	4	15	0	5
AT3G61520	35	7	33	45	60	34
AT3G61570	357	141	245	325	282	351
AT3G61630	268	336	221	258	289	421
AT3G61680	41	13	31	66	34	21
AT3G61880	50	43	55	25	70	43
AT3G61930	3	0	0	12	1	0
AT3G62010	1711	683	1407	1632	2039	2484
AT3G62020	124	108	99	100	132	124
AT3G62090	52	0	39	16	0	5
AT3G62160	43	43	36	18	40	30
AT3G62460	43	41	47	62	38	25
AT3G62500	45	43	44	32	57	57
AT3G62680	48	8	74	32	2	5
AT3G62890	76	24	52	46	39	24
AT3G62920	36	54	50	51	38	45
AT3G63060	116	8	112	12	7	8
AT3G63170	934	1028	775	848	981	889
AT3G63260	554	152	442	349	314	365
AT3G63490	9161	12001	7188	10042	14730	15927
AT4G00200	73	19	43	36	29	29
AT4G00350	0	0	0	0	0	0
AT4G00370	658	485	490	656	1381	1069
AT4G00600	0	0	0	1	0	0
AT4G00610	0	0	0	0	0	0
AT4G00670	79	20	34	30	46	28
AT4G00780	2659	1684	2176	1892	1512	2067
AT4G00840	235	221	187	195	168	225
AT4G00975	4	2	0	0	3	0
AT4G00980	47	12	26	46	70	60
AT4G01030	72	15	56	77	116	132
AT4G01080	26	15	29	26	73	45
AT4G01270	30	16	33	58	46	31
AT4G01335	74	27	48	89	11	17
AT4G01740	57	17	50	54	27	26
AT4G01790	59	32	52	68	37	24
AT4G01895	45	53	33	49	38	17
AT4G01935	174	176	169	141	214	207
AT4G02005	74	34	69	43	35	37
AT4G02020	983	365	731	771	699	867
AT4G02180	1	0	1	7	8	11
AT4G02210	142	57	130	154	113	199
AT4G02270	23	0	26	4	0	2
AT4G02340	1000	479	767	702	665	695
AT4G02360	78	37	35	24	29	20
AT4G02410	1011	84	799	860	142	178
AT4G02710	413	110	315	256	307	271
AT4G02730	71	41	39	75	46	51
AT4G03070	102	104	100	63	113	124
AT4G03380	19	1	19	1	0	1
AT4G03405	0	0	0	0	0	0
AT4G03450	4	2	5	18	0	1
AT4G03460	0	4	6	13	32	3
AT4G03505	0	1	0	1	0	0
AT4G03535	0	0	0	0	0	0
AT4G03725	9	0	0	3	0	5
AT4G03895	0	0	0	0	0	0
AT4G03940	52	43	41	62	50	56
AT4G03960	380	66	314	144	45	41
AT4G04190	55	26	39	89	35	36
AT4G04223	63	48	57	58	28	33
AT4G04370	140	21	127	162	127	153
AT4G04500	1	0	1	14	2	3
AT4G04565	0	12	0	5	3	4
AT4G04650	0	0	0	0	0	0
AT4G04750	85	16	74	33	49	34
AT4G04810	67	42	42	42	41	51
AT4G05100	179	3	134	23	5	6
AT4G05130	35	28	35	43	34	67
AT4G05160	1066	649	777	881	1004	992
AT4G05200	6	0	17	9	4	6
AT4G05380	0	7	3	2	40	15
AT4G05415	0	0	0	0	0	0
AT4G05497	3	2	1	2	4	3
AT4G05860	0	0	0	0	0	0
AT4G05930	0	0	0	0	0	0
AT4G06085	1	0	2	0	0	0
AT4G06115	8	0	17	17	0	1
AT4G06195	28	78	12	32	38	35
AT4G06265	3	12	3	3	6	4
AT4G06746	38	59	38	80	49	59
AT4G06760	0	0	0	0	0	0
AT4G06855	0	0	0	0	0	0
AT4G06875	0	0	0	0	0	0
AT4G06935	13	1	6	4	0	0
AT4G07080	0	0	0	0	0	0
AT4G07160	0	0	0	0	0	0
AT4G07200	0	0	2	1	1	4
AT4G07295	0	0	0	0	0	0
AT4G07395	4	0	10	2	0	0
AT4G07565	0	0	0	0	0	0
AT4G07745	0	0	0	0	0	0
AT4G07960	73	30	49	66	47	37
AT4G08160	41	26	29	43	65	48
AT4G08263	0	0	0	2	0	0
AT4G08400	4	0	10	2	0	0
AT4G08410	13	0	12	1	0	0
AT4G08430	0	0	0	0	0	0
AT4G08570	10	0	7	0	1	0
AT4G08590	41	35	26	24	50	58
AT4G08625	4	3	1	4	4	3
AT4G08705	17	0	12	10	5	13
AT4G08770	49	67	21	275	144	81
AT4G08980	1066	647	686	613	496	632
AT4G08990	14	8	3	7	1	7
AT4G09012	40	39	39	52	42	28
AT4G09055	0	0	0	0	0	0
AT4G09135	0	1	0	0	0	1
AT4G09185	0	0	0	0	0	0
AT4G09320	3418	6127	2484	3195	4076	3656
AT4G09430	0	1	1	2	16	6
AT4G09432	32	70	31	28	30	49
AT4G09435	0	0	0	0	0	0
AT4G10160	23	2	7	15	3	1
AT4G10310	57	5	58	56	37	21
AT4G10330	120	149	105	88	94	117
AT4G10350	0	0	0	0	0	0
AT4G10420	75	39	56	42	36	30
AT4G10610	826	722	657	714	520	712
AT4G10630	50	69	31	36	59	55
AT4G10650	59	14	47	45	27	18
AT4G10840	1668	1498	1381	1678	1929	2368
AT4G10860	0	0	0	3	0	0
AT4G10910	5	16	2	6	10	5
AT4G11140	44	37	29	44	56	48
AT4G11150	3496	5101	2800	3507	4291	4282
AT4G11170	7	0	3	29	7	0
AT4G11280	1702	366	1384	891	127	469
AT4G11400	10	0	4	11	10	8
AT4G11590	11	2	7	2	0	0
AT4G11610	5	0	2	13	0	0
AT4G11650	124	27	172	928	24	21
AT4G11790	959	463	754	883	790	790
AT4G11910	129	16	106	175	10	22
AT4G11990	62	19	49	50	61	43
AT4G12090	253	21	213	135	33	27
AT4G12110	413	285	351	397	416	430
AT4G12150	0	0	0	0	0	0
AT4G12280	0	0	0	0	0	1
AT4G12430	84	26	71	66	27	30
AT4G12490	10	27	4	52	295	27
AT4G12500	2	5	0	19	406	4
AT4G12520	5	0	10	2	0	1
AT4G12540	27	32	15	28	62	42
AT4G12730	1852	2005	1631	2917	3262	3082
AT4G12740	37	50	34	33	51	40
AT4G12880	1697	900	1369	1210	1004	800
AT4G13090	0	0	0	1	0	0
AT4G13190	68	11	39	11	4	4
AT4G13195	77	45	72	41	37	40
AT4G13235	6	9	7	0	12	14
AT4G13280	65	0	24	4	9	2
AT4G13390	27	0	35	8	3	6
AT4G13410	16	62	8	40	107	81
AT4G13430	3748	3842	3134	3390	5881	5913
AT4G13494	59	2	45	50	10	15
AT4G13560	307	4	228	203	17	20
AT4G13564	2	0	8	5	0	0
AT4G13570	118	0	93	71	4	4
AT4G13572	88	1	66	74	0	5
AT4G13575	253	7	195	285	9	21
AT4G13577	8	0	1	8	0	0
AT4G13690	28	51	36	47	48	37
AT4G13700	33	0	26	2	0	0
AT4G13790	3	0	1	11	0	0
AT4G13800	86	18	80	23	21	20
AT4G13860	10	8	18	3	2	0
AT4G13990	68	39	57	64	45	29
AT4G14060	51	0	20	6	10	2
AT4G14080	21	0	3	0	0	0
AT4G14103	32	1	31	23	17	8
AT4G14130	2311	237	1894	2178	261	412
AT4G14365	787	44	580	949	117	60
AT4G14370	205	7	147	208	51	54
AT4G14400	370	9	313	310	34	17
AT4G14450	45	29	49	147	0	18
AT4G14548	36	36	49	32	31	30
AT4G14550	152	115	117	149	137	168
AT4G14570	541	346	452	491	681	659
AT4G14690	7	139	2	1	353	97
AT4G14820	67	23	51	83	56	42
AT4G14830	31	58	28	35	30	21
AT4G14870	684	1890	531	720	885	1109
AT4G14940	48	20	43	37	65	71
AT4G15070	28	21	20	37	88	72
AT4G15150	30	0	11	14	0	1
AT4G15230	44	16	51	44	56	51
AT4G15310	0	0	0	0	0	0
AT4G15320	14	0	27	6	3	5
AT4G15415	764	389	632	740	574	660
AT4G15500	50	37	45	29	65	61
AT4G15660	85	34	74	56	26	37
AT4G15960	39	46	36	29	34	47
AT4G15990	34	37	29	41	30	40
AT4G16000	51	44	49	101	14	36
AT4G16146	854	107	668	740	87	79
AT4G16260	141	90	108	1191	151	72
AT4G16310	697	210	573	666	638	677
AT4G16540	325	21	245	93	13	21
AT4G16700	52	22	46	51	57	40
AT4G16750	102	20	82	35	21	18
AT4G16807	45	42	21	46	72	51
AT4G16835	71	10	62	49	50	39
AT4G16957	213	132	155	160	110	141
AT4G17030	197	18	177	82	45	36
AT4G17070	359	369	310	478	287	380
AT4G17100	139	14	153	136	210	150
AT4G17140	2574	190	2042	2830	1314	1685
AT4G17340	664	1113	603	777	908	1030
AT4G17470	31	47	44	35	57	60
AT4G17490	1097	792	864	2266	124	703
AT4G17550	245	88	208	179	208	190
AT4G17615	869	118	744	397	130	107
AT4G17616	292	129	202	191	152	184
AT4G17620	620	468	465	541	530	628
AT4G17680	278	53	154	111	79	94
AT4G17710	0	0	1	0	9	5
AT4G17740	749	698	630	679	888	917
AT4G18050	71	6	47	59	68	70
AT4G18250	19	17	6	62	73	29
AT4G18253	36	29	28	72	52	32
AT4G18260	58	41	52	75	52	42
AT4G18360	79	19	71	65	32	31
AT4G18372	59	41	41	38	34	40
AT4G18375	57	38	42	40	82	56
AT4G18400	32	52	34	36	21	44
AT4G18600	262	13	268	377	406	522
AT4G18830	70	25	48	30	26	34
AT4G18840	58	11	46	52	35	26
AT4G18880	1015	145	763	801	186	301
AT4G18940	1	4	0	0	12	1
AT4G19050	61	9	52	55	27	42
AT4G19130	40	17	37	47	94	72
AT4G19240	0	0	0	0	0	0
AT4G19450	754	373	607	500	629	605
AT4G19820	19	46	22	24	92	115
AT4G19890	153	31	107	115	144	146
AT4G19950	102	17	87	55	26	23
AT4G19990	376	102	314	290	264	307
AT4G20000	14	1	16	36	32	4
AT4G20340	253	204	185	219	186	278
AT4G20362	24	135	12	24	25	77
AT4G20390	79	32	53	32	10	31
AT4G20400	1402	627	1095	1240	1173	1221
AT4G20820	41	52	30	31	62	49
AT4G20840	265	188	230	234	279	219
AT4G21020	42	4	27	0	1	2
AT4G21070	109	79	68	141	246	152
AT4G21170	97	57	52	104	96	121
AT4G21220	61	17	41	42	30	32
AT4G21310	55	36	26	26	43	30
AT4G21440	83	0	56	11	1	0
AT4G21480	61	29	39	40	24	42
AT4G21500	61	27	55	84	34	44
AT4G21530	136	56	122	134	152	155
AT4G21590	9	27	13	15	26	20
AT4G21600	28	25	20	21	46	16
AT4G21865	63	34	41	53	49	54
AT4G21926	1	12	3	1	0	0
AT4G21930	14	4	11	2	0	1
AT4G21940	65	34	51	41	50	40
AT4G22035	0	0	0	0	0	0
AT4G22214	10	0	10	1	0	0
AT4G22270	47	17	38	49	20	33
AT4G22305	50	51	51	61	54	55
AT4G22390	20	0	16	9	2	4
AT4G22470	11	4	11	28	121	22
AT4G22485	168	7	323	196	165	132
AT4G22610	7	0	7	1	0	0
AT4G22666	31	0	29	6	0	1
AT4G22680	15	5	0	5	11	6
AT4G22710	76	14	40	61	8	20
AT4G22790	43	45	40	61	36	49
AT4G22880	4	36	3	5	77	41
AT4G22980	88	34	76	58	47	46
AT4G23000	610	15	512	203	48	73
AT4G23080	0	0	0	0	0	0
AT4G23140	15	1	33	20	5	2
AT4G23150	11	0	7	27	2	0
AT4G23160	12	1	6	16	9	1
AT4G23205	8	0	0	1	7	6
AT4G23210	47	8	39	73	119	69
AT4G23220	240	13	192	288	102	34
AT4G23240	83	37	49	66	27	35
AT4G23320	4	0	0	6	5	0
AT4G23410	29	33	36	36	39	43
AT4G23450	55	8	41	45	3	12
AT4G23510	10	1	10	12	3	0
AT4G23540	372	32	312	412	474	415
AT4G23690	47	36	54	42	46	23
AT4G23700	113	22	60	253	31	20
AT4G23810	1995	70	1667	2711	72	135
AT4G23930	39	41	48	43	34	38
AT4G24000	18	1	10	11	2	1
AT4G24290	1473	568	1239	1315	1025	1187
AT4G24320	63	30	53	53	41	33
AT4G24415	18	0	19	7	0	5
AT4G24570	3375	1039	2695	4246	133	912
AT4G24600	1	0	0	4	1	1
AT4G24660	210	222	192	158	212	213
AT4G24710	57	24	40	77	64	55
AT4G24820	1649	1680	1414	1725	1895	1866
AT4G24890	221	1	213	38	3	7
AT4G24910	32	34	23	17	19	18
AT4G25140	5	0	10	0	0	1
AT4G25170	1699	1391	1333	1526	758	1363
AT4G25200	0	48	3	2	10	19
AT4G25310	1	1	0	2	2	2
AT4G25315	56	36	32	57	34	29
AT4G25350	51	3	31	55	9	15
AT4G25400	8	0	5	0	0	0
AT4G25470	455	236	323	160	21	203
AT4G25480	219	9	165	35	6	7
AT4G25490	627	27	549	150	2	16
AT4G25500	2207	895	1646	1423	1009	1366
AT4G25540	40	21	33	29	68	35
AT4G25570	1914	2652	1528	1761	1721	1979
AT4G25580	65	21	35	82	16	15
AT4G25670	807	295	704	653	443	491
AT4G25760	66	28	46	58	18	29
AT4G25810	116	275	62	262	388	442
AT4G25820	33	3	24	4	0	2
AT4G26050	3	0	3	1	0	0
AT4G26140	316	145	225	270	192	272
AT4G26260	4	15	2	49	23	32
AT4G26320	7	5	6	5	1	0
AT4G26330	5	0	0	6	7	4
AT4G26415	51	22	29	45	28	32
AT4G26800	39	11	28	62	37	28
AT4G26830	33	42	25	31	38	37
AT4G26940	651	249	506	633	471	501
AT4G26980	171	99	137	130	126	169
AT4G27030	94	253	60	41	430	456
AT4G27270	89	104	74	66	94	81
AT4G27290	2	0	1	6	1	13
AT4G27480	59	22	44	74	38	51
AT4G27490	122	120	119	141	105	82
AT4G27570	0	1	0	1	29	1
AT4G27595	370	123	294	299	362	342
AT4G27650	559	331	414	513	514	608
AT4G27652	102	58	67	44	12	32
AT4G27654	30	14	37	13	1	5
AT4G27657	247	85	182	93	12	37
AT4G27845	0	0	0	0	0	0
AT4G27970	49	28	32	58	31	50
AT4G28060	573	847	517	599	583	576
AT4G28140	77	1	59	43	7	4
AT4G28150	51	27	59	36	33	32
AT4G28420	1	0	0	7	8	0
AT4G28430	35	30	45	47	70	64
AT4G28520	21	0	32	0	0	0
AT4G28670	10	0	5	2	1	0
AT4G28680	37	35	16	24	115	64
AT4G28720	68	15	67	56	16	18
AT4G28750	14683	35336	10972	13303	10248	16060
AT4G28790	50	27	42	35	38	46
AT4G28850	6	0	9	0	0	1
AT4G28880	1872	1652	1331	1658	1473	2061
AT4G29150	35	18	29	35	67	51
AT4G29360	355	264	339	361	368	349
AT4G29540	62	30	43	50	17	29
AT4G29560	75	16	45	71	49	41
AT4G29600	0	0	1	1	0	0
AT4G29780	2652	422	2367	3083	102	795
AT4G29990	118	31	97	50	56	61
AT4G30090	53	17	52	39	34	38
AT4G30170	87	15	121	50	11	30
AT4G30290	885	85	639	479	140	121
AT4G30670	92	36	79	118	25	33
AT4G30710	642	164	552	531	227	300
AT4G30940	53	52	43	56	47	67
AT4G30960	6989	4016	5224	5015	3634	4579
AT4G30975	27	35	16	32	47	61
AT4G31040	1536	1001	1088	1461	1360	1659
AT4G31070	61	5	75	59	31	34
AT4G31240	695	63	488	401	66	164
AT4G31351	16	4	17	10	7	6
AT4G31355	89	10	66	35	20	34
AT4G31380	16	0	6	34	0	0
AT4G31405	70	8	30	38	25	32
AT4G31408	93	28	63	40	31	38
AT4G31530	1061	954	824	972	1090	1275
AT4G31620	51	21	37	48	27	50
AT4G31730	34	95	36	50	62	50
AT4G31870	8	156	14	18	206	177
AT4G32070	750	883	586	713	603	688
AT4G32300	886	362	684	879	757	920
AT4G32430	66	16	48	47	32	24
AT4G32780	15	11	8	13	6	5
AT4G32800	276	189	180	251	107	173
AT4G32810	21	3	12	148	4	6
AT4G33070	42	281	30	52	850	456
AT4G33130	53	20	40	36	39	29
AT4G33170	58	18	59	64	48	32
AT4G33465	13	0	6	4	0	0
AT4G33467	247	5	194	66	8	10
AT4G33550	62	24	65	4	51	21
AT4G33710	0	0	0	0	0	0
AT4G33790	8	2	13	1	1	0
AT4G33905	20	0	19	9	5	0
AT4G33980	1099	34	850	1004	20	24
AT4G33985	128	21	110	123	9	11
AT4G34060	36	45	19	28	77	91
AT4G34180	1783	888	1304	1734	735	796
AT4G34340	36	25	34	35	44	48
AT4G34360	59	50	60	59	79	84
AT4G34380	7	0	5	24	2	0
AT4G34410	105	5	56	29	0	1
AT4G34580	57	29	50	39	38	59
AT4G34650	96	53	82	88	78	57
AT4G34910	522	171	404	465	430	417
AT4G35030	107	40	48	44	33	46
AT4G35060	53	43	32	44	36	24
AT4G35160	86	35	68	31	51	46
AT4G35190	107	23	75	32	30	26
AT4G35260	949	692	813	868	1060	961
AT4G35370	0	0	0	1	0	0
AT4G35420	200	159	147	140	122	151
AT4G35520	23	1	23	33	33	30
AT4G35655	13	0	7	2	0	0
AT4G35720	162	11	121	81	13	15
AT4G35750	9298	2673	7266	6467	1585	2738
AT4G35790	2839	1100	2346	2505	1895	2221
AT4G35810	74	18	78	36	31	29
AT4G35880	493	163	339	389	295	289
AT4G35970	31	56	31	33	68	32
AT4G36110	17	4	11	30	9	1
AT4G36195	1276	729	978	994	832	893
AT4G36230	42	19	36	36	36	34
AT4G36280	51	38	23	27	80	89
AT4G36350	134	0	113	21	0	2
AT4G36430	35	3	18	12	95	7
AT4G36600	24	1	19	0	2	2
AT4G36700	9	43	9	2	49	19
AT4G36830	14	23	11	17	20	10
AT4G37010	22	4	16	36	2	2
AT4G37030	54	22	62	37	28	24
AT4G37160	6	0	5	0	0	0
AT4G37170	61	26	37	65	45	37
AT4G37290	15	7	19	36	1	21
AT4G37380	219	170	137	257	209	297
AT4G37490	99	120	95	102	203	108
AT4G37608	83	40	65	49	21	34
AT4G37730	75	43	54	41	23	46
AT4G37770	75	13	82	191	19	12
AT4G37810	41	35	32	34	46	40
AT4G37900	40	14	39	33	44	34
AT4G37950	0	0	1	0	1	0
AT4G37990	2	3	5	79	14	2
AT4G38060	272	394	184	238	143	270
AT4G38150	257	203	194	239	284	236
AT4G38180	76	20	67	71	45	49
AT4G38405	0	0	0	0	0	0
AT4G38530	102	36	88	54	81	60
AT4G38545	75	50	53	54	26	32
AT4G38560	101	8	96	103	29	18
AT4G38700	35	76	19	27	35	53
AT4G38780	61	20	40	48	73	69
AT4G38830	6	10	0	5	25	18
AT4G38850	49	40	30	59	51	61
AT4G39070	121	49	94	246	49	76
AT4G39250	1	21	1	6	25	31
AT4G39320	43	50	29	38	56	42
AT4G39400	3372	1170	2706	3574	3312	4023
AT4G39410	58	21	33	38	60	47
AT4G39530	54	17	45	71	49	47
AT4G39600	56	72	38	36	53	56
AT4G39670	63	4	55	66	2	14
AT4G39672	0	0	0	0	0	0
AT4G39720	55	21	26	30	64	41
AT4G39750	0	0	0	0	0	0
AT4G39795	29	20	16	8	11	14
AT4G39830	63	8	43	103	68	26
AT4G39860	485	488	415	437	713	583
AT4G39952	80	23	52	74	40	31
AT4G40011	0	0	0	0	0	0
AT4G40065	48	50	35	55	35	52
AT4G40070	73	34	52	66	32	62
AT4G40090	44	7	47	11	2	8
AT5G00960	0	0	0	0	0	0
AT5G00965	1	0	1	0	0	0
AT5G00980	56	36	41	50	10	28
AT5G01030	510	158	363	469	424	541
AT5G01050	0	0	8	1	9	1
AT5G01100	779	45	581	569	63	93
AT5G01300	9	3	17	1	0	0
AT5G01435	0	0	0	0	0	0
AT5G01445	42	47	32	49	27	28
AT5G01570	15	2	8	21	30	17
AT5G01580	0	0	0	0	0	0
AT5G01610	48	41	58	48	34	57
AT5G01660	54	43	26	39	61	54
AT5G01730	42	7	32	40	78	76
AT5G01750	7256	8412	5613	5914	4474	6302
AT5G01790	107	47	112	119	91	51
AT5G01840	68	37	27	32	72	71
AT5G01855	0	0	0	0	0	0
AT5G01880	64	40	62	45	17	46
AT5G01940	59	39	44	44	27	36
AT5G02080	56	36	52	54	33	30
AT5G02200	620	37	444	211	38	86
AT5G02525	2	0	1	0	4	1
AT5G02565	55	103	33	36	32	52
AT5G02580	64	2	48	55	0	5
AT5G02615	0	0	0	0	0	0
AT5G02690	72	25	62	64	33	45
AT5G02780	13	2	8	18	4	0
AT5G02950	64	39	46	51	52	52
AT5G03090	4	4	2	0	30	5
AT5G03120	607	1038	431	521	549	754
AT5G03210	418	3	265	49	2	2
AT5G03250	60	21	34	32	32	39
AT5G03285	55	47	40	57	35	25
AT5G03450	326	177	241	258	234	358
AT5G03475	12	0	10	4	5	10
AT5G03485	11	0	13	15	8	12
AT5G03510	31	43	39	33	51	68
AT5G03545	6106	310	4466	781	208	281
AT5G03550	6	0	4	5	0	0
AT5G03555	187	253	210	174	514	563
AT5G03668	0	0	0	0	0	0
AT5G03710	0	0	1	0	0	0
AT5G03860	69	13	87	16	8	12
AT5G03960	92	7	72	39	7	14
AT5G03975	0	0	0	0	0	0
AT5G04060	481	267	354	453	382	516
AT5G04120	27	0	30	0	0	8
AT5G04135	0	0	0	0	0	0
AT5G04150	4	35	2	8	37	22
AT5G04200	41	31	17	29	71	61
AT5G04238	0	0	0	0	0	0
AT5G04330	61	41	41	50	39	25
AT5G04335	0	0	0	0	0	0
AT5G04375	0	0	0	0	0	0
AT5G04520	187	178	172	171	163	237
AT5G04680	55	34	41	44	58	74
AT5G04730	0	0	0	0	0	0
AT5G04840	43	25	31	23	74	47
AT5G04930	1288	416	949	1134	1054	1177
AT5G04960	9	0	36	4	0	0
AT5G05135	0	0	0	0	0	0
AT5G05180	398	288	300	475	406	397
AT5G05220	22	0	21	0	0	0
AT5G05250	44	143	24	70	407	165
AT5G05265	5	0	7	2	0	0
AT5G05300	29	4	12	51	1	4
AT5G05410	785	64	599	204	57	90
AT5G05500	23	1	17	8	0	1
AT5G05520	503	363	430	482	529	489
AT5G05565	0	0	0	0	0	0
AT5G05630	46	27	40	45	72	51
AT5G05810	30	28	37	29	49	32
AT5G05880	59	32	62	39	36	29
AT5G05965	8	0	5	9	1	1
AT5G06000	66	22	47	75	35	44
AT5G06235	0	0	0	0	0	0
AT5G06400	61	8	60	61	32	42
AT5G06590	48	50	34	55	75	58
AT5G06610	243	48	162	158	70	64
AT5G06615	0	0	0	0	0	0
AT5G06630	19	2	19	2	0	0
AT5G06640	50	4	38	10	0	3
AT5G06720	37	41	42	46	73	57
AT5G06760	388	2	269	8	7	10
AT5G06790	45	44	41	26	47	40
AT5G06820	33	2	23	25	3	5
AT5G06830	680	392	563	606	574	626
AT5G06835	3	0	1	1	1	0
AT5G06905	1	0	0	0	0	0
AT5G06940	62	4	54	50	73	42
AT5G06970	1165	790	931	1408	1696	2114
AT5G07010	330	14	264	431	11	16
AT5G07180	383	144	303	209	431	341
AT5G07195	0	0	0	0	0	0
AT5G07265	0	0	0	0	0	0
AT5G07320	232	121	197	203	187	199
AT5G07322	56	49	43	47	26	25
AT5G07330	20	5	16	1	2	1
AT5G07465	0	0	0	0	0	0
AT5G07520	0	0	1	0	0	0
AT5G07570	23	8	29	39	64	101
AT5G07585	0	0	0	0	0	0
AT5G07620	54	2	81	59	83	76
AT5G07680	38	24	36	52	66	51
AT5G07720	43	19	39	27	64	45
AT5G07725	0	12	4	9	6	11
AT5G07800	57	44	43	42	87	55
AT5G07990	63	57	45	38	53	57
AT5G08030	184	8	211	39	11	17
AT5G08070	49	31	61	31	46	49
AT5G08139	180	107	151	167	153	174
AT5G08185	35	4	9	9	1	4
AT5G08305	63	19	53	47	35	34
AT5G08310	60	18	45	67	59	42
AT5G08485	0	0	0	0	0	0
AT5G08640	60	89	56	35	249	70
AT5G08725	6	0	4	9	3	2
AT5G08860	0	0	0	0	0	0
AT5G08890	0	0	0	0	0	0
AT5G08990	15	2	10	19	1	2
AT5G09290	7	0	1	8	2	0
AT5G09325	3	0	2	2	0	1
AT5G09470	136	0	84	24	1	3
AT5G09480	66	0	56	13	9	14
AT5G09540	52	40	38	48	36	59
AT5G09580	72	45	56	55	54	41
AT5G09585	1	2	0	1	2	4
AT5G09800	160	17	130	130	28	13
AT5G09925	0	0	0	0	0	0
AT5G09930	9	0	0	0	3	2
AT5G10040	0	27	0	8	13	14
AT5G10250	22	72	8	14	71	105
AT5G10280	42	12	19	6	13	12
AT5G10340	7	4	5	7	0	5
AT5G10570	37	40	35	43	39	67
AT5G10600	8	7	4	2	0	0
AT5G10625	47	53	48	29	43	55
AT5G10760	56	5	47	93	25	10
AT5G10946	90	29	104	53	28	19
AT5G10965	50	32	29	33	36	36
AT5G11100	53	22	38	67	34	25
AT5G11140	18	7	23	62	0	3
AT5G11180	3	0	2	0	0	0
AT5G11210	4	0	5	21	1	0
AT5G11230	48	45	29	35	40	49
AT5G11410	31	56	12	27	55	45
AT5G11710	1854	1229	1315	1780	2108	2350
AT5G11780	49	20	40	43	48	38
AT5G12330	58	22	41	38	36	25
AT5G12360	50	65	31	45	62	65
AT5G13170	32	71	22	22	96	46
AT5G13210	64	25	50	35	53	43
AT5G13220	60	33	33	89	50	61
AT5G13410	962	858	724	882	686	964
AT5G13580	41	4	18	2	8	4
AT5G13790	78	23	54	60	64	37
AT5G13820	388	52	275	289	107	82
AT5G13830	43	26	21	43	45	38
AT5G13880	87	31	40	44	31	29
AT5G13920	64	60	42	40	43	49
AT5G13970	349	236	312	308	340	389
AT5G14280	37	45	29	41	45	44
AT5G14330	414	34	274	76	63	50
AT5G14350	61	36	22	33	34	47
AT5G14490	0	0	0	0	10	8
AT5G14650	73	33	50	32	50	29
AT5G14660	403	1130	358	449	1134	1055
AT5G14690	66	56	46	45	54	50
AT5G14720	2424	905	2008	2556	2283	2708
AT5G14870	18	0	11	8	10	13
AT5G14890	31	25	37	17	28	32
AT5G14990	0	0	0	0	0	0
AT5G15130	11	1	10	7	1	0
AT5G15190	131	20	105	41	7	13
AT5G15220	290	314	246	213	216	237
AT5G15300	54	20	49	37	39	36
AT5G15360	1	10	0	0	9	11
AT5G15470	506	234	391	456	417	423
AT5G15500	234	3	161	18	6	6
AT5G15600	17	90	26	13	49	51
AT5G15610	1101	853	900	1109	1147	1130
AT5G15660	10	1	7	2	0	0
AT5G15720	33	28	19	28	44	59
AT5G15770	0	0	0	0	0	0
AT5G15820	45	40	46	37	53	50
AT5G15840	49	2	38	38	19	21
AT5G15930	387	244	319	346	304	367
AT5G15960	105	23	52	19	17	17
AT5G15970	2546	184	1920	689	116	148
AT5G16023	1	0	3	12	0	0
AT5G16080	51	19	42	22	28	41
AT5G16160	43	66	32	40	45	41
AT5G16280	1142	270	967	1089	1161	1194
AT5G16340	42	38	34	35	51	56
AT5G16350	47	34	21	32	97	86
AT5G16360	69	14	75	36	24	24
AT5G16375	0	0	0	0	0	0
AT5G16490	43	28	51	26	27	40
AT5G16600	80	7	40	33	23	29
AT5G16740	0	0	1	0	0	0
AT5G16790	41	44	50	68	51	44
AT5G16860	45	28	48	56	31	47
AT5G16940	68	49	41	54	47	56
AT5G16960	31	4	18	8	8	9
AT5G17100	0	0	0	0	0	0
AT5G17210	72	26	57	43	48	30
AT5G17220	2	23	6	0	31	24
AT5G17250	164	62	130	129	157	142
AT5G17340	20	0	35	2	0	0
AT5G17460	442	23	366	122	62	69
AT5G17490	46	48	43	52	43	61
AT5G17620	286	238	215	202	206	236
AT5G17680	34	9	34	36	14	11
AT5G17730	0	0	0	0	0	0
AT5G17800	5	2	12	0	8	9
AT5G17820	41	5	46	16	3	4
AT5G18030	70	46	50	66	42	37
AT5G18050	57	46	44	77	26	34
AT5G18065	53	47	50	47	36	40
AT5G18260	58	58	64	54	31	54
AT5G18270	44	21	40	36	41	35
AT5G18340	29	36	22	52	35	45
AT5G18403	0	0	0	0	0	0
AT5G18705	0	0	0	0	0	0
AT5G18720	2	0	0	3	2	0
AT5G18748	0	0	0	0	0	0
AT5G18900	526	278	439	347	280	270
AT5G18930	43	45	47	73	57	41
AT5G19025	47	29	67	43	45	44
AT5G19060	45	21	25	42	32	40
AT5G19151	53	41	60	60	43	60
AT5G19410	13	4	7	4	2	1
AT5G19790	7	0	11	6	0	0
AT5G19800	13	3	14	2	0	1
AT5G20150	8956	368	6914	4329	265	479
AT5G20230	888	744	556	1599	619	780
AT5G20240	4	15	1	31	12	24
AT5G20290	7289	10867	5801	8737	11056	9178
AT5G20410	1053	55	798	285	71	105
AT5G20650	149	221	154	136	117	131
AT5G20670	5	0	6	10	7	0
AT5G20710	13	0	8	6	2	1
AT5G20790	3259	123	2599	1194	24	109
AT5G20850	27	29	28	26	54	47
AT5G20856	0	0	0	0	0	0
AT5G21140	55	42	35	64	55	54
AT5G21900	64	40	34	50	61	34
AT5G21950	44	45	22	40	24	36
AT5G22090	2368	1386	1952	1911	2598	2978
AT5G22140	43	28	18	30	48	47
AT5G22380	13	0	8	16	2	0
AT5G22410	7	0	10	0	0	2
AT5G22440	993	1139	679	1108	1399	1095
AT5G22470	6	0	12	0	0	1
AT5G22500	1607	123	1600	2090	470	389
AT5G22520	30	4	24	79	5	5
AT5G22530	9	5	8	15	2	0
AT5G22540	4	0	5	11	1	0
AT5G22545	0	1	0	1	0	0
AT5G22570	4	0	7	10	1	0
AT5G22620	827	697	646	689	928	1074
AT5G22794	72	4	61	69	62	57
AT5G22796	77	16	49	84	48	52
AT5G22799	43	0	18	23	18	22
AT5G22910	0	0	0	0	0	0
AT5G22930	62	20	52	47	49	42
AT5G23220	18	0	11	9	0	1
AT5G23240	2655	34	2002	2114	37	76
AT5G23270	11	8	12	12	19	21
AT5G23350	26	34	25	119	40	53
AT5G23770	45	42	32	45	65	66
AT5G23840	8	0	4	0	0	0
AT5G23950	19	0	9	18	3	5
AT5G23980	90	13	79	59	29	29
AT5G24090	15	20	16	14	22	10
AT5G24110	252	0	158	225	6	2
AT5G24205	44	25	22	49	56	69
AT5G24260	407	327	330	465	718	642
AT5G24290	121	60	93	79	137	101
AT5G24313	5	0	6	0	0	0
AT5G24352	46	29	28	41	27	34
AT5G24390	59	12	70	66	34	25
AT5G24570	670	720	481	560	657	580
AT5G24600	35	3	27	17	4	1
AT5G24655	80	5	73	29	5	4
AT5G24660	335	23	211	27	20	18
AT5G24790	0	0	0	0	0	0
AT5G24880	7	0	9	2	0	0
AT5G24910	5	0	13	6	1	1
AT5G24960	3	0	2	7	1	3
AT5G24990	50	30	43	24	66	44
AT5G25020	2	3	4	3	9	3
AT5G25130	18	43	16	24	76	95
AT5G25390	11	3	7	1	1	3
AT5G25430	0	0	0	0	0	0
AT5G25500	74	26	40	67	42	19
AT5G25570	50	45	45	42	45	45
AT5G25820	61	13	47	67	61	26
AT5G25930	538	42	416	651	202	163
AT5G25950	0	0	0	0	0	0
AT5G26038	0	0	0	0	0	0
AT5G26040	267	153	181	224	117	179
AT5G26150	0	0	0	0	0	0
AT5G26180	476	148	372	449	340	287
AT5G26220	88	4	64	17	2	2
AT5G26290	15	1	11	4	0	3
AT5G26620	5	4	3	0	2	10
AT5G26720	55	60	25	48	43	45
AT5G26749	66	42	46	40	38	45
AT5G26920	950	126	757	1123	100	282
AT5G27050	0	0	0	0	0	0
AT5G27110	83	11	44	49	36	33
AT5G27210	74	32	40	50	43	38
AT5G27220	144	18	117	69	47	43
AT5G27240	246	26	188	295	247	317
AT5G27420	801	127	612	1118	49	187
AT5G27460	210	167	124	169	127	169
AT5G27630	52	12	43	56	69	55
AT5G27893	3	11	4	5	8	17
AT5G28000	0	0	0	0	0	0
AT5G28320	23	0	36	27	18	30
AT5G28400	26	0	18	35	25	21
AT5G28420	15	0	5	6	12	6
AT5G28450	70	44	53	45	31	37
AT5G28610	34	79	18	51	19	54
AT5G28830	309	188	224	307	230	267
AT5G30520	0	0	0	0	0	0
AT5G33806	0	0	0	0	0	0
AT5G35090	0	0	0	0	0	0
AT5G35110	10	3	4	1	0	0
AT5G35160	695	391	670	777	766	724
AT5G35190	14	0	44	1	0	3
AT5G35407	0	0	0	4	0	0
AT5G35660	11	0	8	1	0	0
AT5G35732	51	66	39	34	61	76
AT5G35900	0	0	0	0	0	0
AT5G35940	11	6	6	9	8	8
AT5G36170	1702	1173	1422	1778	1775	2108
AT5G36180	27	0	26	9	2	1
AT5G36380	0	0	0	0	0	0
AT5G36500	0	0	0	0	0	0
AT5G36970	7	0	0	10	0	1
AT5G37180	74	19	53	52	68	55
AT5G37400	33	37	19	44	52	55
AT5G37410	20	34	35	47	52	54
AT5G37440	74	29	51	54	54	49
AT5G37480	183	133	150	183	132	141
AT5G37570	80	28	53	65	45	35
AT5G37670	39	41	40	40	27	37
AT5G37690	76	6	69	27	31	23
AT5G37910	0	0	0	0	0	0
AT5G37950	14	0	16	7	0	0
AT5G37990	78	0	85	3	16	2
AT5G38000	11	2	14	0	3	5
AT5G38020	55	9	26	3	31	9
AT5G38040	62	17	41	46	30	34
AT5G38212	76	4	75	133	31	63
AT5G38240	43	1	12	9	11	3
AT5G38280	34	1	29	20	4	8
AT5G38300	39	64	38	45	70	55
AT5G38340	33	17	19	25	61	55
AT5G38590	121	95	97	100	95	96
AT5G38700	43	8	38	4	2	5
AT5G38730	71	22	47	53	40	51
AT5G38747	16	11	11	24	10	26
AT5G38900	19	3	7	79	15	11
AT5G38905	0	0	0	0	0	0
AT5G38930	37	21	44	39	31	31
AT5G38950	0	0	0	0	0	0
AT5G39190	2	0	4	3	1	0
AT5G39240	69	5	56	71	2	4
AT5G39493	0	0	0	0	0	1
AT5G39520	260	11	182	362	6	6
AT5G39670	80	12	40	97	7	10
AT5G39690	0	0	0	0	0	0
AT5G39720	20	0	13	2	0	0
AT5G39830	627	591	504	595	896	984
AT5G39860	46	62	40	35	41	68
AT5G39865	45	27	36	38	36	26
AT5G39870	0	0	0	0	0	0
AT5G39890	49	324	50	66	509	328
AT5G39895	0	0	0	0	0	0
AT5G40100	44	25	43	60	46	58
AT5G40190	335	386	272	331	267	265
AT5G40230	14	0	9	9	4	1
AT5G40405	62	20	49	56	36	43
AT5G40420	10	5	6	0	0	1
AT5G40690	394	169	341	414	81	123
AT5G40790	9	0	5	0	0	0
AT5G40800	24	0	16	0	2	1
AT5G40900	5	5	3	1	12	2
AT5G40990	2	0	8	18	0	0
AT5G41040	75	23	67	33	31	26
AT5G41260	1660	571	1261	1647	972	1299
AT5G41380	9	0	3	0	0	3
AT5G41550	17	0	14	10	1	6
AT5G41750	534	34	446	897	53	71
AT5G41765	1	3	0	0	11	4
AT5G41780	0	22	0	0	23	26
AT5G41850	80	30	59	39	33	39
AT5G41900	63	23	44	46	59	41
AT5G42010	42	22	37	57	56	50
AT5G42080	3416	2014	2687	3143	3267	3330
AT5G42090	17	30	9	8	1	2
AT5G42230	6	0	5	0	5	0
AT5G42340	0	0	0	0	0	0
AT5G42350	60	27	45	51	64	64
AT5G42380	96	9	97	72	1	4
AT5G42580	17	0	17	4	0	0
AT5G42590	19	0	26	4	0	2
AT5G42600	9	0	18	4	0	0
AT5G42690	92	24	63	38	31	53
AT5G42710	43	31	39	48	33	50
AT5G42800	7	61	6	17	151	137
AT5G42830	19	31	28	66	108	30
AT5G42860	117	10	75	105	41	12
AT5G42900	1750	26	1355	1175	14	23
AT5G42930	16	1	16	1	1	2
AT5G43040	5	12	10	11	7	15
AT5G43080	64	52	36	53	73	44
AT5G43160	61	9	36	45	65	39
AT5G43180	45	61	29	35	72	52
AT5G43250	47	67	38	70	59	38
AT5G43300	156	11	132	99	13	10
AT5G43420	70	11	51	58	29	19
AT5G43580	52	43	51	60	71	27
AT5G43820	46	12	43	45	39	42
AT5G43840	222	0	136	4	0	1
AT5G44020	7083	12758	5981	6929	11286	15221
AT5G44120	126	6	110	13	0	3
AT5G44310	45	0	36	1	0	3
AT5G44350	27	9	10	20	0	3
AT5G44420	8	34	2	139	49	20
AT5G44430	2	11	0	29	23	3
AT5G44440	9	1	9	12	0	2
AT5G44460	71	0	53	11	0	0
AT5G44480	52	19	70	59	25	12
AT5G44520	346	290	334	345	424	529
AT5G44574	8	29	7	8	38	24
AT5G44575	19	97	16	44	310	77
AT5G44585	22	15	14	59	76	34
AT5G44610	41	5	41	42	2	12
AT5G44640	0	0	0	0	0	0
AT5G44705	0	0	0	0	0	0
AT5G45115	51	58	20	37	18	38
AT5G45275	128	46	102	92	72	61
AT5G45380	51	35	48	51	60	62
AT5G45450	2	0	1	5	0	0
AT5G45530	51	16	41	44	40	30
AT5G45540	51	10	46	57	62	56
AT5G45630	284	48	216	51	4	41
AT5G45720	55	15	46	47	37	34
AT5G45790	65	44	57	49	36	61
AT5G45820	223	2415	181	786	1922	3130
AT5G45850	8	7	10	0	26	17
AT5G45870	0	0	0	0	0	0
AT5G45960	17	37	18	21	71	52
AT5G45990	21	1	26	24	33	48
AT5G46090	46	28	53	60	54	31
AT5G46250	3713	1381	2599	3389	1683	2340
AT5G46260	74	15	56	82	46	23
AT5G46460	63	10	26	46	37	31
AT5G46500	70	22	52	53	27	32
AT5G46520	89	28	46	99	31	29
AT5G46730	147	90	111	93	147	109
AT5G46770	0	0	0	1	0	1
AT5G46870	34	41	42	50	51	67
AT5G46890	30	0	45	18	0	1
AT5G46900	25	0	20	8	0	2
AT5G46980	0	0	0	0	0	0
AT5G47075	0	0	0	0	0	0
AT5G47230	806	437	697	2002	59	412
AT5G47360	38	32	27	62	45	72
AT5G47635	24	2	10	5	1	1
AT5G47740	36	2	26	27	1	0
AT5G47810	286	115	179	197	109	122
AT5G47850	33	1	12	39	0	4
AT5G47960	59	17	56	69	12	10
AT5G47990	95	0	97	9	3	2
AT5G48000	88	5	84	16	6	9
AT5G48010	78	4	97	7	5	3
AT5G48250	1465	78	1200	1107	180	150
AT5G48320	32	28	22	46	55	71
AT5G48330	226	119	176	204	148	164
AT5G48350	1	12	0	8	11	8
AT5G48380	2665	497	2134	2723	1040	1069
AT5G48400	16	0	3	14	4	0
AT5G48410	20	0	18	27	3	2
AT5G48420	0	0	0	0	0	0
AT5G48430	3	8	5	23	88	22
AT5G48490	288	2882	182	238	743	1401
AT5G48650	40	24	37	48	34	37
AT5G48657	108	8	87	157	77	25
AT5G48730	237	99	185	227	203	204
AT5G48820	43	42	34	20	78	39
AT5G48850	195	8	119	3	2	11
AT5G48960	705	267	657	532	480	466
AT5G49000	64	58	77	80	90	77
AT5G49190	66	10	35	52	20	22
AT5G49560	66	56	31	46	69	44
AT5G49600	13	1	7	8	0	1
AT5G49610	54	36	42	50	40	45
AT5G49680	44	13	45	58	96	71
AT5G49940	1105	1166	809	1048	992	1164
AT5G49960	415	110	268	314	172	191
AT5G49980	1037	412	760	903	724	816
AT5G50090	49	20	38	45	28	44
AT5G50240	83	55	59	33	40	44
AT5G50335	544	130	371	466	53	80
AT5G50360	280	0	210	6	1	0
AT5G50520	0	0	0	0	0	0
AT5G50650	0	0	0	0	0	0
AT5G50750	4	3	0	1	13	8
AT5G50790	23	43	18	80	17	39
AT5G50800	18	1	21	4	4	0
AT5G50930	27	23	22	45	64	54
AT5G50970	330	102	247	233	182	215
AT5G50990	58	33	36	35	29	38
AT5G51060	15	4	17	15	2	1
AT5G51150	814	576	555	737	552	797
AT5G51440	28	299	24	124	194	241
AT5G51465	7	0	1	20	3	1
AT5G51470	11	0	2	8	2	13
AT5G51690	167	15	169	269	248	296
AT5G51810	35	38	39	57	33	46
AT5G51910	44	53	37	46	51	56
AT5G51990	57	0	33	3	0	0
AT5G52020	31	1	31	10	0	1
AT5G52040	2011	1219	1427	1718	1902	1833
AT5G52300	899	19	632	25	72	15
AT5G52310	4799	255	3788	1161	566	329
AT5G52570	72	337	41	47	397	467
AT5G52580	1223	763	928	941	964	1150
AT5G52740	12	2	8	7	1	0
AT5G52750	1154	171	918	949	97	178
AT5G52760	118	15	92	180	5	8
AT5G52800	15	1	19	22	33	24
AT5G52830	121	47	87	140	115	110
AT5G53030	51	41	52	60	55	60
AT5G53048	651	11	464	180	14	36
AT5G53230	0	0	7	7	30	8
AT5G53240	0	1	0	0	16	2
AT5G53250	38	7	17	53	4	2
AT5G53486	49	66	45	35	58	66
AT5G53660	57	15	39	34	10	2
AT5G53810	12	21	0	4	5	3
AT5G53870	55	19	67	42	30	22
AT5G53980	47	37	39	54	27	15
AT5G54060	0	1	0	0	22	7
AT5G54140	60	48	33	52	48	48
AT5G54190	169	24	169	118	13	40
AT5G54230	12	0	7	2	12	2
AT5G54610	11	1	4	11	4	0
AT5G54690	46	13	43	22	40	50
AT5G54720	102	9	89	238	134	115
AT5G54880	110	64	85	87	104	111
AT5G55250	50	29	29	98	61	59
AT5G55270	3	1	0	0	11	0
AT5G55330	0	2	0	2	2	2
AT5G55380	45	40	46	29	28	28
AT5G55410	25	0	10	3	0	2
AT5G55690	44	2	30	2	1	1
AT5G55720	14	48	6	5	42	45
AT5G55830	15	13	31	36	60	53
AT5G56160	61	30	62	56	41	43
AT5G56310	69	12	36	57	36	29
AT5G56540	36	29	63	36	27	35
AT5G56690	0	0	0	0	0	0
AT5G56890	1082	424	959	1169	1303	1223
AT5G56960	8	0	2	5	0	1
AT5G57080	59	58	47	50	35	27
AT5G57110	1598	132	1406	1122	364	396
AT5G57320	66	22	45	46	52	50
AT5G57530	3	0	8	0	0	4
AT5G57550	34	55	18	84	15	74
AT5G57625	24	2	15	6	0	2
AT5G57640	51	35	44	86	32	38
AT5G57670	14	0	20	10	19	8
AT5G58080	2	0	0	0	3	0
AT5G58190	297	146	238	277	248	256
AT5G58460	0	0	0	0	0	0
AT5G58560	599	364	526	533	580	567
AT5G58610	17	23	16	9	105	67
AT5G58680	31	43	22	54	53	56
AT5G58690	64	23	50	30	36	62
AT5G58890	0	0	0	0	0	0
AT5G59030	610	1376	526	682	861	1167
AT5G59070	0	0	0	0	0	0
AT5G59220	790	18	607	57	26	25
AT5G59260	0	1	1	5	5	3
AT5G59310	166	4	126	15	71	6
AT5G59320	106	13	100	8	195	25
AT5G59470	51	69	37	38	66	51
AT5G59570	265	4	219	261	7	6
AT5G59720	33	59	23	39	69	63
AT5G59740	49	34	24	51	58	41
AT5G59890	1527	1307	1189	1461	1331	1557
AT5G60022	13	5	10	10	4	0
AT5G60100	1535	18	1087	1239	78	89
AT5G60130	3	5	4	2	2	4
AT5G60230	31	51	27	31	40	50
AT5G60265	0	0	0	4	3	11
AT5G60430	43	22	43	46	37	39
AT5G60530	19	2	22	12	0	3
AT5G60710	1136	521	941	1125	968	1262
AT5G60720	52	19	43	24	60	64
AT5G60740	0	0	0	0	0	0
AT5G60800	214	335	177	218	109	151
AT5G60900	14	2	14	36	13	3
AT5G61220	199	165	114	147	154	96
AT5G61320	0	0	0	0	0	0
AT5G61350	3	3	4	9	13	14
AT5G61360	64	31	46	48	34	40
AT5G61380	5202	439	3808	4153	793	907
AT5G61400	49	27	34	64	37	41
AT5G61430	71	16	46	70	42	45
AT5G61550	22	0	13	16	0	1
AT5G61610	39	46	36	33	29	49
AT5G61740	39	10	36	28	47	49
AT5G61800	55	16	41	56	40	17
AT5G61865	61	33	44	44	61	61
AT5G61980	73	16	29	26	52	45
AT5G62160	81	0	75	7	0	1
AT5G62162	19	1	21	0	0	1
AT5G62340	10	0	17	3	0	1
AT5G62380	42	27	45	30	35	36
AT5G62490	12	0	15	0	0	0
AT5G63087	0	2	1	1	6	1
AT5G63130	586	34	465	200	20	32
AT5G63350	71	0	79	5	5	1
AT5G63400	2314	2117	1835	2201	2452	2506
AT5G63560	37	2	44	17	17	6
AT5G63595	17	0	11	0	1	0
AT5G63800	2765	1022	2208	2031	1632	2019
AT5G63820	88	22	31	77	20	21
AT5G63905	186	203	105	104	99	132
AT5G64060	23	14	22	36	88	38
AT5G64100	32	26	29	40	108	18
AT5G64190	43	30	47	83	21	47
AT5G64260	4766	4205	3844	4097	3215	4752
AT5G64510	34	30	32	62	38	33
AT5G64540	4	0	0	0	0	0
AT5G64700	57	20	62	22	33	19
AT5G64750	43	10	43	53	31	29
AT5G64850	229	847	190	148	627	800
AT5G64900	52	32	25	44	29	26
AT5G64905	4	1	14	23	2	3
AT5G64910	72	39	55	38	56	46
AT5G64950	56	44	56	60	53	51
AT5G64970	65	25	55	60	43	51
AT5G65040	75	33	33	45	23	44
AT5G65070	70	41	47	48	42	51
AT5G65110	1508	804	1168	1824	1268	1643
AT5G65300	546	145	339	200	24	76
AT5G65400	200	115	173	134	134	152
AT5G65510	43	17	29	31	46	44
AT5G65530	17	12	21	10	19	24
AT5G65800	6	2	7	25	1	1
AT5G65890	143	59	107	95	104	121
AT5G66010	232	147	195	216	115	158
AT5G66052	353	277	233	267	128	163
AT5G66110	64	63	56	39	33	35
AT5G66150	2	0	0	0	13	2
AT5G66200	1160	836	869	981	1145	1424
AT5G66270	49	35	30	28	71	61
AT5G66290	354	305	302	356	289	364
AT5G66300	49	17	42	48	18	29
AT5G66380	262	231	194	242	156	216
AT5G66400	1649	117	1374	95	155	103
AT5G66450	153	105	131	158	170	196
AT5G66500	84	24	61	53	50	41
AT5G66595	0	1	1	4	2	2
AT5G66607	11	0	6	18	0	4
AT5G66630	68	10	43	43	38	31
AT5G66631	74	5	53	67	44	26
AT5G66640	225	16	160	163	26	33
AT5G66690	18	3	16	11	2	1
AT5G66740	6	12	0	3	14	18
AT5G66780	19	0	18	0	2	2
AT5G66840	36	25	30	39	82	52
AT5G66985	17	261	10	78	398	152
AT5G67080	64	6	39	59	9	11
AT5G67210	55	34	34	28	48	22
AT5G67310	9	0	7	15	5	0
AT5G67400	34	1	33	5	0	0
AT5G67450	77	7	57	100	13	6
AT5G67590	1121	1194	915	907	861	917
ATCG00010	3300	15729	2300	2496	981	607
ATCG00030	64	761	69	44	63	100
ATCG00050	31	351	25	24	53	56
ATCG00070	186	2393	175	272	405	521
ATCG00100	24	437	19	25	53	79
ATCG00170	449	4710	403	327	896	1076
ATCG00180	91	284	93	170	896	885
ATCG00190	381	1782	287	543	2430	2527
ATCG00210	52	757	46	49	124	141
ATCG00260	6	22	3	4	12	6
ATCG00320	47	109	17	29	25	18
ATCG00330	4259	32845	3181	2024	1207	2002
ATCG00450	115	188	144	74	76	111
ATCG00510	50	112	48	49	21	36
ATCG00590	21	94	19	23	22	24
ATCG00600	24	165	28	23	38	46
ATCG00610	7	45	1	5	8	21
ATCG00710	39	32	29	41	58	107
ATCG00760	1040	1102	1059	1961	5657	6116
ATCG00905	13	92	10	4	4	8
ATCG01010	502	1205	563	536	647	902
ATCG01050	166	1855	167	211	753	855
ATCG01100	464	197	469	807	2539	2522
ATCG01110	1724	428	1389	2259	7092	6931
ATCG01180	57	79	56	32	26	64
ATMG00080	54	105	41	51	30	42
ATMG00690	46	38	29	42	35	37
ATMG00980	0	4	1	0	0	0
ATMG01260	0	0	1	0	0	0
ATMG01370	35	67	43	37	32	41
