gene_id	ERR3971857	ERR3971858	ERR3971859	ERR3971860	ERR3971861	ERR3971862
AT1G01010	145	202	218	151	116	118
AT1G01020	248	260	252	210	225	240
AT1G01030	27	39	36	47	24	38
AT1G01040	710	963	745	913	740	866
AT1G01046	13	14	11	18	22	13
AT1G01050	421	576	504	534	548	468
AT1G01060	11	5	9	13	9	4
AT1G01070	51	34	34	58	38	56
AT1G01080	742	683	714	823	817	808
AT1G01090	3017	3292	3158	3429	3505	3222
AT1G01100	2152	2542	2402	2063	2778	2405
AT1G01110	36	32	35	41	47	66
AT1G01120	541	470	657	453	351	346
AT1G01130	25	37	43	21	43	47
AT1G01140	1690	2171	1987	1136	1169	1048
AT1G01150	0	3	1	0	0	2
AT1G01160	318	390	338	315	373	344
AT1G01170	567	785	598	709	837	594
AT1G01180	431	618	497	275	350	296
AT1G01183	0	0	0	0	1	0
AT1G01190	6	7	7	55	44	100
AT1G01200	1	5	2	12	7	13
AT1G01210	173	212	185	193	230	178
AT1G01220	391	476	467	467	448	466
AT1G01225	17	13	25	21	15	18
AT1G01230	395	465	420	370	344	324
AT1G01240	357	502	377	377	419	309
AT1G01250	5	5	2	14	6	12
AT1G01260	242	338	385	211	193	211
AT1G01270	0	0	0	0	0	0
AT1G01280	0	0	0	0	0	0
AT1G01290	129	171	158	149	180	144
AT1G01300	642	643	592	919	969	1034
AT1G01305	0	0	0	0	0	0
AT1G01310	0	0	3	0	5	0
AT1G01320	4283	4718	4001	5834	4688	5603
AT1G01335	0	0	0	0	0	0
AT1G01340	519	780	786	289	281	268
AT1G01350	343	435	424	354	326	298
AT1G01355	6	2	4	0	3	4
AT1G01360	106	153	107	164	134	127
AT1G01370	21	38	35	30	31	39
AT1G01380	4	9	12	1	12	6
AT1G01390	36	34	38	45	30	28
AT1G01400	0	0	0	0	0	0
AT1G01410	0	0	0	0	0	0
AT1G01420	58	78	48	112	89	100
AT1G01430	770	831	626	965	1057	956
AT1G01440	382	472	435	336	268	340
AT1G01448	98	139	107	130	152	143
AT1G01450	0	0	0	0	0	0
AT1G01453	5	2	3	1	3	1
AT1G01460	0	0	1	0	0	0
AT1G01470	491	580	626	562	455	415
AT1G01480	305	472	499	12	6	15
AT1G01490	1650	2409	2080	1258	1693	1331
AT1G01500	234	267	238	247	261	232
AT1G01510	505	640	562	619	511	611
AT1G01520	4	4	3	6	6	2
AT1G01530	0	0	1	0	1	1
AT1G01540	938	1124	937	1002	1134	986
AT1G01550	2392	2916	2816	2243	1893	2122
AT1G01560	99	158	187	8	13	16
AT1G01570	9	9	3	7	10	12
AT1G01580	3	5	24	10	39	4
AT1G01590	1	0	0	0	0	1
AT1G01600	33	30	44	38	50	34
AT1G01610	727	882	818	929	817	793
AT1G01620	3431	3896	2940	3911	3959	3986
AT1G01630	440	591	510	530	431	443
AT1G01640	23	24	20	41	28	42
AT1G01650	570	727	740	488	460	469
AT1G01660	8	24	11	12	22	11
AT1G01670	22	24	15	24	18	24
AT1G01680	37	117	188	14	25	6
AT1G01690	49	65	53	85	65	76
AT1G01695	4	3	1	4	1	2
AT1G01700	9	15	11	27	16	19
AT1G01710	468	612	512	470	466	374
AT1G01715	50	67	58	44	71	47
AT1G01720	1004	1250	1340	628	830	726
AT1G01725	101	131	95	125	116	101
AT1G01730	439	569	545	421	503	406
AT1G01740	110	132	125	96	121	69
AT1G01750	2	7	8	15	17	10
AT1G01760	44	60	42	56	39	58
AT1G01770	694	901	820	637	587	577
AT1G01780	139	186	180	169	182	163
AT1G01790	992	1062	1028	1303	1227	1178
AT1G01800	637	811	684	650	694	593
AT1G01810	4	5	6	10	17	6
AT1G01820	1062	1484	1250	1047	1176	987
AT1G01830	221	296	227	217	208	186
AT1G01840	0	1	1	1	0	1
AT1G01860	102	107	99	145	154	151
AT1G01870	0	0	0	0	0	0
AT1G01880	29	34	28	53	32	45
AT1G01890	0	0	0	0	0	0
AT1G01900	11	12	6	13	8	7
AT1G01910	848	899	914	715	673	664
AT1G01920	237	268	251	302	238	292
AT1G01930	205	249	242	222	208	229
AT1G01940	147	202	178	148	155	176
AT1G01950	366	331	331	352	266	337
AT1G01960	1879	1891	1940	1939	1395	1822
AT1G01970	279	333	299	360	396	332
AT1G01980	0	0	0	1	0	1
AT1G01990	325	379	326	278	340	309
AT1G02000	140	175	150	135	156	109
AT1G02010	105	149	113	187	169	173
AT1G02020	206	190	178	217	211	206
AT1G02030	8	4	4	1	6	5
AT1G02040	0	0	0	0	0	0
AT1G02050	107	114	115	129	140	116
AT1G02060	159	142	146	197	143	185
AT1G02065	20	30	24	38	27	33
AT1G02067	0	0	0	0	0	0
AT1G02070	5	9	5	8	9	3
AT1G02080	1657	2006	1983	2055	1254	1826
AT1G02090	393	501	437	429	445	425
AT1G02100	657	825	776	690	820	675
AT1G02110	367	388	384	378	400	433
AT1G02120	1719	2260	2044	1676	1578	1554
AT1G02130	358	554	364	394	451	445
AT1G02140	1098	1284	1158	1199	1274	1172
AT1G02145	276	397	305	340	328	346
AT1G02150	1248	1236	1295	1424	1673	1431
AT1G02160	286	347	288	267	354	321
AT1G02170	657	866	924	439	503	397
AT1G02180	19	27	18	21	21	29
AT1G02190	2	0	2	0	0	3
AT1G02205	30	34	36	47	38	82
AT1G02210	0	0	0	0	0	0
AT1G02220	316	441	519	132	162	161
AT1G02230	15	18	30	15	15	10
AT1G02250	1	1	0	2	2	0
AT1G02260	349	435	405	373	411	408
AT1G02270	231	275	296	234	208	218
AT1G02280	842	974	901	881	1004	972
AT1G02290	90	129	66	117	75	99
AT1G02300	386	549	427	525	667	517
AT1G02305	1108	1419	1126	1324	1381	1239
AT1G02310	21	23	31	11	10	7
AT1G02320	0	0	0	0	0	0
AT1G02330	310	390	405	335	340	319
AT1G02335	28	21	36	25	12	11
AT1G02340	17	33	20	51	46	79
AT1G02350	9	11	10	11	14	8
AT1G02360	526	551	710	266	236	246
AT1G02370	94	98	88	143	117	146
AT1G02380	27	33	29	27	14	12
AT1G02390	11	28	26	5	7	9
AT1G02400	312	381	410	172	119	137
AT1G02405	8	6	8	0	1	1
AT1G02410	184	198	178	167	175	165
AT1G02420	13	13	11	12	9	9
AT1G02430	4	1	8	6	1	2
AT1G02440	5	1	2	11	1	1
AT1G02450	1	5	6	0	6	2
AT1G02460	17	29	39	11	4	14
AT1G02470	159	286	188	125	70	105
AT1G02475	662	840	667	693	593	588
AT1G02480	0	0	0	0	0	0
AT1G02490	2	2	1	2	5	2
AT1G02500	5373	7213	6783	4649	4690	4386
AT1G02510	0	0	0	0	0	0
AT1G02520	441	415	503	301	347	440
AT1G02530	4	4	0	3	2	0
AT1G02540	0	0	0	0	0	0
AT1G02550	0	0	0	0	0	0
AT1G02560	2750	2979	2942	2822	2664	2613
AT1G02570	13	22	16	4	0	2
AT1G02575	0	1	0	1	0	1
AT1G02580	32	45	45	5	9	13
AT1G02590	0	0	0	0	0	0
AT1G02600	0	0	0	0	0	0
AT1G02610	575	795	586	414	426	458
AT1G02620	148	142	120	83	122	82
AT1G02630	1	2	3	5	2	5
AT1G02640	1321	1473	1310	657	815	919
AT1G02650	32	36	41	35	34	30
AT1G02660	1965	2382	2288	1084	1450	1212
AT1G02670	55	69	64	32	50	35
AT1G02680	148	200	195	136	202	179
AT1G02690	111	119	115	178	142	174
AT1G02700	10	8	4	13	9	15
AT1G02705	3	1	3	4	2	4
AT1G02710	0	0	0	0	0	0
AT1G02720	78	81	84	96	116	121
AT1G02730	129	145	205	294	148	282
AT1G02740	124	173	159	137	163	139
AT1G02750	153	261	186	192	222	157
AT1G02760	0	0	0	0	0	0
AT1G02770	20	23	36	27	18	11
AT1G02780	5490	6184	5842	4836	6060	5791
AT1G02790	0	0	0	0	0	0
AT1G02800	0	1	1	0	1	10
AT1G02810	49	29	58	108	64	139
AT1G02813	0	0	0	0	0	0
AT1G02816	374	488	421	233	308	226
AT1G02820	17	10	15	13	11	2
AT1G02830	0	0	0	0	0	1
AT1G02840	2091	2603	2284	2286	2576	2416
AT1G02850	4565	6077	5619	1545	1945	1264
AT1G02860	333	416	355	298	318	305
AT1G02870	223	200	163	245	273	247
AT1G02880	242	381	362	155	173	163
AT1G02890	2038	2526	2432	1945	1393	1752
AT1G02900	235	315	354	262	262	209
AT1G02910	728	708	654	723	717	664
AT1G02920	12296	16940	18611	6217	4519	6050
AT1G02930	15310	20388	21566	4673	3124	4730
AT1G02940	11	9	12	2	1	4
AT1G02950	3	7	6	22	11	12
AT1G02952	0	1	0	0	0	1
AT1G02960	316	461	336	380	357	402
AT1G02965	0	0	0	0	0	0
AT1G02970	54	51	42	45	36	59
AT1G02980	0	6	4	0	2	1
AT1G02990	335	404	385	385	267	347
AT1G03000	444	483	490	541	448	485
AT1G03010	11	17	26	15	20	21
AT1G03020	2	0	1	2	1	0
AT1G03030	284	316	288	306	252	259
AT1G03040	717	923	909	554	567	568
AT1G03050	1	0	1	0	1	0
AT1G03055	2	1	1	1	0	3
AT1G03060	1082	1326	1355	1159	778	1063
AT1G03070	4	4	6	6	1	1
AT1G03080	1392	1664	1726	1308	935	1207
AT1G03090	4338	5702	5058	2671	3593	2449
AT1G03100	20	19	20	19	28	19
AT1G03103	0	0	0	0	0	0
AT1G03106	7	1	2	0	1	7
AT1G03110	115	126	142	155	175	173
AT1G03120	1	1	2	2	4	2
AT1G03130	868	1068	881	1296	1505	1269
AT1G03140	810	1072	982	809	859	762
AT1G03150	166	238	171	147	199	161
AT1G03160	591	704	650	856	725	724
AT1G03165	0	2	0	0	1	0
AT1G03170	5	8	5	8	10	13
AT1G03180	30	23	42	31	32	28
AT1G03190	178	240	226	212	184	178
AT1G03200	2	4	10	7	5	7
AT1G03210	370	503	437	402	358	365
AT1G03220	7032	8469	10748	2300	1917	1977
AT1G03230	1038	1110	1497	549	392	540
AT1G03240	1	0	1	1	0	0
AT1G03250	427	544	489	348	366	373
AT1G03260	155	189	187	146	186	164
AT1G03270	27	34	20	29	25	35
AT1G03280	591	761	720	708	681	688
AT1G03290	617	835	853	547	652	448
AT1G03300	0	0	0	0	0	0
AT1G03310	234	222	192	419	283	391
AT1G03320	3	0	2	1	2	0
AT1G03325	0	0	0	0	0	0
AT1G03330	296	457	356	298	431	362
AT1G03340	12	21	15	24	29	29
AT1G03350	449	610	558	473	417	433
AT1G03360	90	94	104	110	105	117
AT1G03365	282	267	294	322	249	249
AT1G03370	1095	1387	1571	552	566	596
AT1G03380	915	981	962	968	719	832
AT1G03390	1	0	2	0	3	0
AT1G03395	0	0	0	0	0	0
AT1G03400	260	371	262	204	243	187
AT1G03410	18	18	14	26	24	24
AT1G03430	155	231	175	190	172	179
AT1G03440	123	120	121	165	145	108
AT1G03445	1	3	4	0	0	1
AT1G03457	131	166	160	133	146	145
AT1G03470	117	180	140	98	153	114
AT1G03475	2052	2141	2270	2200	2244	2043
AT1G03490	0	0	1	0	0	0
AT1G03495	62	85	88	51	66	49
AT1G03502	0	0	0	0	0	0
AT1G03506	0	1	0	1	1	0
AT1G03510	20	25	27	36	30	25
AT1G03515	0	0	0	0	0	0
AT1G03520	228	253	192	181	227	183
AT1G03530	220	226	279	341	279	353
AT1G03540	33	33	35	55	32	48
AT1G03545	2	2	3	2	7	3
AT1G03550	42	66	42	55	71	31
AT1G03560	216	244	232	201	169	189
AT1G03570	0	0	0	0	0	0
AT1G03590	826	967	838	684	644	596
AT1G03600	1320	1427	1301	1779	2234	1596
AT1G03610	824	1141	1043	524	636	529
AT1G03620	29	41	31	49	41	32
AT1G03630	217	238	214	435	398	485
AT1G03640	0	0	0	0	0	0
AT1G03650	47	83	51	62	89	72
AT1G03660	8	7	9	25	18	13
AT1G03670	1	2	1	2	0	0
AT1G03680	1296	1460	1333	1610	1855	1493
AT1G03687	115	130	121	131	157	138
AT1G03700	4	6	7	8	6	6
AT1G03710	1	8	5	1	7	4
AT1G03720	0	0	0	0	0	0
AT1G03730	198	230	207	130	159	155
AT1G03740	1613	2226	2247	985	816	980
AT1G03743	0	0	0	0	0	0
AT1G03746	0	0	0	0	0	0
AT1G03750	139	174	163	147	140	149
AT1G03760	173	184	178	198	196	176
AT1G03770	102	137	130	52	89	85
AT1G03780	45	60	73	84	66	92
AT1G03790	40	40	40	23	29	36
AT1G03800	11	20	19	10	12	10
AT1G03810	0	0	0	0	0	0
AT1G03820	7	9	9	9	5	9
AT1G03830	169	182	170	270	235	307
AT1G03840	11	11	18	10	16	15
AT1G03850	436	671	678	376	438	415
AT1G03860	907	946	930	813	863	839
AT1G03870	1383	1347	1179	1196	1643	1135
AT1G03880	0	0	8	0	13	2
AT1G03890	0	0	0	0	0	0
AT1G03900	1341	1768	1642	1381	1368	1296
AT1G03905	219	259	313	106	128	103
AT1G03910	802	935	891	866	764	782
AT1G03920	7	13	14	28	10	14
AT1G03930	503	626	601	559	603	491
AT1G03935	2	2	2	6	4	3
AT1G03940	43	46	43	28	60	34
AT1G03950	167	242	189	175	228	149
AT1G03960	194	229	200	229	212	202
AT1G03970	184	235	229	177	197	154
AT1G03980	5	5	0	8	10	4
AT1G03982	0	0	0	0	0	0
AT1G03987	1	0	0	1	1	0
AT1G03990	64	70	40	58	98	73
AT1G03993	0	0	0	0	0	0
AT1G03997	0	0	0	0	0	0
AT1G04000	102	117	96	90	100	106
AT1G04003	0	0	0	0	0	0
AT1G04007	29	29	20	15	8	14
AT1G04010	148	208	180	139	145	132
AT1G04013	14	16	12	8	11	11
AT1G04017	0	0	0	0	0	0
AT1G04020	129	130	103	102	95	106
AT1G04023	0	0	0	0	0	0
AT1G04027	5	8	3	1	10	5
AT1G04030	31	44	50	60	46	35
AT1G04033	0	0	0	0	0	0
AT1G04037	8	18	16	10	10	8
AT1G04040	609	900	721	923	1026	734
AT1G04043	0	0	0	0	0	0
AT1G04047	3	5	1	8	6	8
AT1G04050	59	51	75	83	77	90
AT1G04053	0	0	0	0	1	0
AT1G04057	0	0	0	0	0	0
AT1G04063	0	0	0	0	0	0
AT1G04067	0	0	0	0	0	0
AT1G04070	73	114	90	92	106	105
AT1G04073	0	0	0	0	0	0
AT1G04077	0	0	0	0	0	0
AT1G04080	1557	1656	1557	1860	1519	1709
AT1G04083	4	1	1	2	1	2
AT1G04087	0	0	0	0	0	0
AT1G04090	5	10	10	15	12	7
AT1G04093	0	0	0	0	0	0
AT1G04097	2	2	0	2	1	0
AT1G04100	134	212	209	49	77	37
AT1G04103	0	0	0	0	0	1
AT1G04105	0	0	0	0	0	0
AT1G04110	33	27	43	42	30	26
AT1G04117	0	0	0	0	0	0
AT1G04120	1166	1322	1371	1068	829	1101
AT1G04123	0	0	0	0	0	0
AT1G04127	3	1	0	1	1	1
AT1G04130	50	61	59	61	53	72
AT1G04133	0	0	0	0	0	0
AT1G04137	1	0	0	1	0	0
AT1G04140	1775	2075	1971	1976	1410	1680
AT1G04143	0	0	0	0	0	0
AT1G04147	1	2	0	2	4	4
AT1G04150	0	0	2	2	3	3
AT1G04153	1	0	4	5	4	6
AT1G04157	1	1	0	5	1	1
AT1G04160	112	109	136	86	99	104
AT1G04163	0	0	0	0	0	0
AT1G04167	0	0	0	0	0	0
AT1G04170	1124	1315	1323	1275	1096	1225
AT1G04173	0	2	1	1	4	2
AT1G04177	0	0	0	0	0	0
AT1G04180	6	2	3	7	7	13
AT1G04183	0	0	0	2	0	0
AT1G04187	6	13	5	4	5	11
AT1G04190	320	328	320	340	369	325
AT1G04193	0	1	1	0	0	1
AT1G04197	2	5	2	7	4	8
AT1G04200	518	523	576	455	365	413
AT1G04203	0	0	0	0	0	0
AT1G04207	0	0	0	0	0	0
AT1G04210	721	724	807	782	554	790
AT1G04213	0	0	0	0	0	0
AT1G04217	3	12	9	7	8	5
AT1G04220	18	17	13	21	29	33
AT1G04223	1	0	4	2	3	2
AT1G04227	0	0	0	0	0	0
AT1G04230	143	176	154	198	193	131
AT1G04233	0	0	0	0	0	0
AT1G04237	3	1	3	4	1	2
AT1G04240	145	187	130	255	274	203
AT1G04243	0	0	0	0	0	0
AT1G04247	3	12	15	19	12	8
AT1G04250	209	253	210	245	297	259
AT1G04253	0	0	0	0	0	0
AT1G04257	0	0	1	0	1	0
AT1G04260	145	164	174	163	215	134
AT1G04263	0	0	0	0	0	0
AT1G04267	4	8	2	3	4	4
AT1G04270	3190	3639	3467	2930	3350	3275
AT1G04273	4	0	5	4	4	5
AT1G04277	11	10	5	4	8	7
AT1G04280	1183	1614	1484	995	923	943
AT1G04283	0	0	0	0	0	0
AT1G04287	0	0	0	0	0	0
AT1G04290	13	28	24	20	22	9
AT1G04293	0	0	0	0	0	0
AT1G04295	0	0	0	0	0	0
AT1G04297	3	2	3	7	10	4
AT1G04300	1764	2252	2019	1727	1541	1651
AT1G04303	0	2	1	4	6	1
AT1G04307	0	0	0	0	0	0
AT1G04310	318	372	347	367	257	387
AT1G04313	5	6	3	4	5	2
AT1G04320	0	0	0	0	0	0
AT1G04323	2	3	6	11	0	5
AT1G04327	0	0	0	0	0	0
AT1G04330	2	4	8	4	9	7
AT1G04333	0	0	0	0	0	0
AT1G04337	0	0	0	0	0	0
AT1G04340	220	280	251	211	219	223
AT1G04343	0	0	0	0	0	0
AT1G04347	7	4	8	4	4	8
AT1G04350	115	177	135	236	213	164
AT1G04353	0	0	0	0	0	0
AT1G04357	4	2	4	1	2	2
AT1G04360	41	46	64	51	60	52
AT1G04363	0	0	0	0	0	0
AT1G04367	1	0	0	0	2	0
AT1G04370	22	41	51	0	1	0
AT1G04373	0	0	0	0	0	0
AT1G04377	0	0	0	0	0	0
AT1G04380	3	3	5	2	1	3
AT1G04383	0	0	0	0	0	0
AT1G04387	0	0	0	0	0	0
AT1G04390	150	228	169	208	167	214
AT1G04393	0	1	0	1	0	0
AT1G04397	0	0	0	0	0	1
AT1G04400	2305	2854	2580	2476	2022	2317
AT1G04403	0	0	0	0	0	0
AT1G04407	0	0	0	0	1	0
AT1G04410	13306	15201	14542	14081	13538	11897
AT1G04413	0	0	0	2	0	1
AT1G04417	0	2	1	0	1	0
AT1G04420	857	831	803	938	902	889
AT1G04423	9	9	4	7	9	8
AT1G04425	13	21	13	41	19	25
AT1G04427	0	1	1	7	1	2
AT1G04430	1784	1944	1706	1927	1989	1890
AT1G04433	0	0	0	0	0	0
AT1G04437	0	1	1	0	0	0
AT1G04440	1183	1446	1381	1202	1026	1064
AT1G04443	0	0	0	0	0	0
AT1G04445	9	12	15	1	7	3
AT1G04447	0	0	0	0	0	0
AT1G04450	0	0	0	0	0	0
AT1G04453	0	0	0	0	0	0
AT1G04455	0	0	0	0	0	0
AT1G04463	0	0	0	0	0	0
AT1G04467	0	0	0	4	2	2
AT1G04470	0	0	0	0	6	1
AT1G04473	3	4	2	3	4	3
AT1G04477	13	12	11	4	11	18
AT1G04480	1672	2011	2081	1513	2074	1779
AT1G04483	0	0	2	0	0	0
AT1G04487	0	0	0	0	0	0
AT1G04490	11	15	9	4	6	6
AT1G04493	0	0	0	0	0	0
AT1G04497	0	0	0	0	0	0
AT1G04500	3	3	15	5	3	3
AT1G04503	0	0	0	0	0	0
AT1G04507	0	0	0	0	0	0
AT1G04510	736	849	808	843	709	834
AT1G04513	0	0	0	0	0	0
AT1G04517	0	2	0	0	0	0
AT1G04520	56	68	54	110	89	129
AT1G04523	0	2	4	0	0	0
AT1G04527	0	0	0	0	0	0
AT1G04530	423	462	414	464	409	397
AT1G04533	0	0	0	0	0	0
AT1G04537	0	0	0	0	0	0
AT1G04540	7	15	16	14	14	25
AT1G04547	0	2	2	0	1	0
AT1G04550	122	125	146	223	191	218
AT1G04555	67	83	67	55	67	60
AT1G04557	0	0	0	0	0	0
AT1G04560	2	0	10	0	5	5
AT1G04563	0	1	1	4	2	0
AT1G04567	1	3	1	2	1	1
AT1G04570	2	0	5	3	1	5
AT1G04573	0	0	0	0	0	0
AT1G04577	1	0	5	0	1	2
AT1G04580	0	0	0	0	0	0
AT1G04583	0	0	0	0	0	0
AT1G04587	2	5	4	1	6	3
AT1G04590	214	215	193	233	281	235
AT1G04593	0	0	0	0	0	0
AT1G04597	0	0	0	0	0	0
AT1G04600	3	6	4	7	0	4
AT1G04603	0	0	0	0	0	0
AT1G04607	0	0	0	0	0	0
AT1G04610	1	2	1	22	14	9
AT1G04620	575	687	531	733	632	661
AT1G04623	0	0	0	0	0	0
AT1G04625	0	0	0	0	0	0
AT1G04630	344	408	350	395	454	388
AT1G04635	27	20	29	28	26	25
AT1G04640	287	299	256	309	342	313
AT1G04643	0	0	0	0	0	0
AT1G04645	0	0	0	0	0	0
AT1G04647	0	0	0	0	0	0
AT1G04650	41	30	29	48	35	50
AT1G04653	0	0	0	0	0	0
AT1G04657	0	0	0	0	0	0
AT1G04660	0	0	0	0	2	0
AT1G04667	0	0	0	0	0	0
AT1G04670	0	0	0	0	0	0
AT1G04673	0	0	0	0	0	0
AT1G04677	0	0	0	1	1	3
AT1G04680	185	180	203	313	220	322
AT1G04683	0	0	0	0	1	0
AT1G04687	0	0	0	0	0	0
AT1G04690	874	1001	908	1011	825	912
AT1G04693	0	0	0	0	0	0
AT1G04697	0	1	0	1	0	1
AT1G04700	26	23	25	28	17	19
AT1G04703	0	0	0	0	0	0
AT1G04707	0	0	0	0	0	0
AT1G04710	203	236	221	223	195	236
AT1G04713	0	0	0	0	0	0
AT1G04717	0	0	0	0	0	0
AT1G04720	0	0	0	0	0	0
AT1G04723	0	0	0	0	0	0
AT1G04730	139	169	155	128	100	123
AT1G04733	0	0	0	0	0	0
AT1G04737	0	0	0	0	0	0
AT1G04743	0	0	0	0	0	0
AT1G04747	0	0	0	0	0	0
AT1G04750	1136	1312	1268	1159	1039	1102
AT1G04753	0	0	0	0	0	0
AT1G04760	8	9	14	25	18	19
AT1G04763	0	0	0	1	0	0
AT1G04767	0	0	0	0	0	0
AT1G04770	71	151	151	60	122	147
AT1G04773	0	0	0	0	0	0
AT1G04778	1	4	0	1	0	3
AT1G04780	1250	1449	1516	883	744	865
AT1G04783	0	0	0	0	0	2
AT1G04787	0	0	0	0	0	0
AT1G04790	408	460	416	416	334	436
AT1G04793	0	0	0	0	0	0
AT1G04797	2	0	3	3	5	4
AT1G04800	328	357	389	302	168	196
AT1G04803	0	0	0	0	0	0
AT1G04807	0	0	0	0	0	0
AT1G04810	1206	1343	1306	1313	1064	1098
AT1G04813	0	0	0	0	0	0
AT1G04817	0	0	1	1	0	0
AT1G04820	4010	4035	3619	4234	3554	4675
AT1G04823	0	0	0	0	0	0
AT1G04827	8	12	14	7	1	4
AT1G04830	256	325	309	297	274	268
AT1G04833	0	0	0	0	0	0
AT1G04837	0	0	0	0	0	0
AT1G04840	29	33	18	31	16	33
AT1G04847	0	0	0	0	0	0
AT1G04850	1226	1560	1297	1235	1208	1167
AT1G04853	10	5	3	9	14	8
AT1G04857	0	0	0	0	0	0
AT1G04860	638	723	767	613	550	553
AT1G04863	0	0	0	0	0	0
AT1G04867	0	0	0	0	0	0
AT1G04870	430	477	457	470	490	481
AT1G04873	0	0	0	0	0	0
AT1G04877	1	8	2	8	13	11
AT1G04880	0	8	2	10	6	5
AT1G04883	0	0	0	0	0	0
AT1G04887	0	0	0	0	0	0
AT1G04890	0	0	0	0	0	0
AT1G04893	6	4	1	4	2	2
AT1G04895	0	0	0	0	0	0
AT1G04897	0	0	0	0	0	0
AT1G04900	160	147	118	171	181	191
AT1G04907	1	0	1	1	2	0
AT1G04910	466	554	471	510	511	519
AT1G04913	2	1	0	2	2	1
AT1G04917	0	0	0	0	0	0
AT1G04920	17	14	19	14	19	14
AT1G04923	0	0	0	0	0	0
AT1G04927	2	1	1	0	3	0
AT1G04930	48	47	75	50	41	54
AT1G04933	0	0	0	0	0	0
AT1G04937	0	0	0	0	0	0
AT1G04940	30	24	16	35	46	41
AT1G04943	0	0	0	0	0	0
AT1G04945	102	101	127	137	133	132
AT1G04947	0	0	0	0	0	0
AT1G04950	275	340	305	354	336	334
AT1G04953	0	0	0	0	0	0
AT1G04957	0	0	0	0	0	0
AT1G04960	411	541	511	300	307	254
AT1G04963	0	0	0	0	0	0
AT1G04967	0	0	0	0	0	0
AT1G04970	478	754	623	534	485	483
AT1G04973	8	13	5	14	14	16
AT1G04977	0	0	0	0	0	0
AT1G04980	387	352	330	135	113	184
AT1G04983	0	0	0	0	0	0
AT1G04985	446	625	513	474	549	432
AT1G04987	0	0	0	0	0	0
AT1G04990	456	600	618	476	393	342
AT1G04993	0	0	0	0	0	0
AT1G04997	0	0	1	0	0	0
AT1G05000	288	325	296	352	252	321
AT1G05003	0	0	0	0	0	0
AT1G05005	0	0	0	0	0	0
AT1G05007	0	0	0	0	0	0
AT1G05010	7402	9878	8864	6844	5743	5776
AT1G05013	0	0	0	0	0	0
AT1G05017	0	0	0	0	0	0
AT1G05020	98	104	105	106	98	104
AT1G05023	5	8	6	6	7	17
AT1G05027	0	0	0	0	1	0
AT1G05030	159	218	184	269	247	236
AT1G05033	0	0	0	0	0	0
AT1G05035	7	11	8	12	7	14
AT1G05037	0	0	0	0	0	0
AT1G05040	0	0	0	2	3	0
AT1G05043	6	8	4	3	5	3
AT1G05047	0	0	0	0	0	0
AT1G05053	0	0	0	0	0	0
AT1G05055	148	164	154	185	164	144
AT1G05057	0	2	0	3	0	0
AT1G05060	241	323	325	233	294	241
AT1G05065	6	8	11	14	10	20
AT1G05067	0	0	0	0	0	0
AT1G05070	195	245	207	192	243	223
AT1G05073	0	0	0	0	0	0
AT1G05077	0	2	3	0	1	0
AT1G05080	0	0	0	0	1	0
AT1G05083	0	0	1	2	0	3
AT1G05085	0	0	0	0	0	0
AT1G05087	16	23	16	13	9	13
AT1G05090	4	4	2	4	2	2
AT1G05093	0	0	0	0	0	0
AT1G05097	0	0	0	0	0	0
AT1G05100	8	8	1	5	6	2
AT1G05103	0	0	0	0	0	0
AT1G05107	0	0	0	0	0	0
AT1G05113	0	0	0	0	0	0
AT1G05117	0	0	0	0	1	0
AT1G05120	483	517	546	577	446	468
AT1G05123	0	0	0	2	0	1
AT1G05127	0	0	0	0	0	0
AT1G05133	0	0	0	0	0	0
AT1G05136	5	9	12	13	7	7
AT1G05137	0	0	0	0	0	0
AT1G05140	293	289	244	344	363	355
AT1G05143	6	9	12	3	8	8
AT1G05147	0	0	0	0	0	0
AT1G05150	478	492	490	523	409	489
AT1G05153	0	0	0	0	0	0
AT1G05160	202	193	213	249	217	266
AT1G05163	0	1	1	0	0	1
AT1G05170	72	102	96	91	67	81
AT1G05173	0	0	0	0	0	0
AT1G05177	0	1	0	0	0	0
AT1G05180	567	673	611	635	494	533
AT1G05183	0	0	1	0	0	0
AT1G05187	0	0	0	0	0	0
AT1G05190	3156	3526	3176	3455	4116	3401
AT1G05193	0	0	0	0	0	0
AT1G05197	0	0	0	0	0	1
AT1G05200	259	387	297	347	236	289
AT1G05203	0	1	0	0	1	0
AT1G05205	112	157	147	159	175	155
AT1G05207	5	5	0	5	5	6
AT1G05210	27	22	24	30	44	39
AT1G05213	12	25	24	14	19	21
AT1G05217	2	0	0	0	0	0
AT1G05220	1	3	4	5	7	2
AT1G05223	0	0	0	0	0	0
AT1G05227	0	0	0	0	0	0
AT1G05230	206	227	229	187	117	183
AT1G05233	0	0	0	0	0	0
AT1G05237	0	0	0	0	0	0
AT1G05240	1	2	1	0	1	1
AT1G05243	0	0	0	0	0	0
AT1G05247	0	0	0	0	0	0
AT1G05250	0	0	0	0	0	0
AT1G05253	0	0	0	0	0	0
AT1G05257	0	0	0	0	0	0
AT1G05260	197	186	196	244	335	219
AT1G05263	0	0	0	0	0	0
AT1G05267	0	0	0	0	0	0
AT1G05270	697	768	768	607	644	549
AT1G05273	0	0	0	0	0	0
AT1G05277	24	35	38	20	29	30
AT1G05280	5	4	1	2	5	4
AT1G05283	0	0	0	0	0	0
AT1G05287	0	0	0	0	0	0
AT1G05290	0	0	0	0	0	0
AT1G05291	0	0	0	0	0	0
AT1G05293	0	0	2	0	0	0
AT1G05297	1	5	2	3	1	2
AT1G05300	335	312	351	283	230	256
AT1G05303	0	0	0	0	0	0
AT1G05307	0	0	0	0	0	0
AT1G05310	6	8	9	13	8	15
AT1G05313	1	0	0	1	0	0
AT1G05317	0	7	8	0	0	0
AT1G05320	248	296	286	302	197	246
AT1G05323	0	0	0	0	0	0
AT1G05327	0	0	0	0	0	0
AT1G05330	0	1	0	0	1	2
AT1G05333	0	0	0	0	0	0
AT1G05337	0	0	0	0	0	0
AT1G05340	142	218	233	95	92	89
AT1G05343	0	0	0	0	0	0
AT1G05347	0	0	0	0	0	0
AT1G05350	520	594	612	457	396	435
AT1G05353	0	0	0	0	0	0
AT1G05357	0	0	0	0	0	0
AT1G05360	127	160	129	202	190	219
AT1G05363	0	0	1	1	0	0
AT1G05367	0	0	0	0	0	1
AT1G05370	11	17	14	17	10	20
AT1G05373	0	0	0	0	0	0
AT1G05377	0	0	0	0	0	0
AT1G05380	895	952	917	847	619	780
AT1G05383	0	0	1	0	2	0
AT1G05385	149	186	135	214	274	198
AT1G05387	0	0	0	0	0	0
AT1G05390	0	0	0	0	0	0
AT1G05397	2	3	1	1	4	5
AT1G05400	15	21	35	11	21	26
AT1G05407	0	0	0	0	0	0
AT1G05410	294	342	294	289	298	283
AT1G05413	0	0	0	0	0	0
AT1G05417	0	0	0	0	0	0
AT1G05420	3	3	4	8	4	10
AT1G05423	0	0	0	0	0	0
AT1G05427	0	0	0	0	0	0
AT1G05430	368	447	378	369	339	334
AT1G05433	0	0	0	0	0	0
AT1G05440	1	13	14	16	11	17
AT1G05443	0	0	0	0	0	0
AT1G05447	0	0	0	0	0	0
AT1G05450	11	17	18	4	4	6
AT1G05453	0	0	0	0	0	0
AT1G05460	140	139	147	194	148	193
AT1G05463	0	0	0	0	0	0
AT1G05467	70	90	90	52	50	60
AT1G05470	101	112	104	162	99	172
AT1G05473	0	0	3	0	0	0
AT1G05477	0	0	0	0	0	0
AT1G05483	0	0	0	0	0	0
AT1G05487	0	0	0	0	0	0
AT1G05490	13	22	16	31	23	22
AT1G05493	0	0	0	1	0	1
AT1G05497	0	0	0	0	0	0
AT1G05500	485	605	525	573	552	558
AT1G05507	0	0	0	0	0	0
AT1G05510	0	0	2	0	3	1
AT1G05517	1	1	4	0	2	1
AT1G05520	980	1036	981	956	644	773
AT1G05523	0	0	0	0	0	0
AT1G05527	0	0	0	0	0	0
AT1G05530	6	2	2	6	4	5
AT1G05533	0	1	0	0	0	0
AT1G05537	0	0	0	0	0	0
AT1G05540	9	4	2	3	9	6
AT1G05543	0	0	0	0	0	0
AT1G05547	0	0	0	0	0	0
AT1G05550	0	0	0	0	1	0
AT1G05553	1	1	0	0	0	0
AT1G05557	1	2	1	1	1	1
AT1G05560	0	0	0	0	0	0
AT1G05562	0	0	0	0	0	0
AT1G05563	0	0	0	0	0	0
AT1G05567	0	0	0	0	0	0
AT1G05570	1030	1507	1223	1623	1143	1681
AT1G05575	198	281	285	67	67	68
AT1G05577	0	0	0	0	1	0
AT1G05580	0	0	0	0	0	0
AT1G05583	0	0	0	0	0	0
AT1G05587	0	0	0	0	0	0
AT1G05590	112	146	133	180	190	167
AT1G05593	0	0	0	0	0	0
AT1G05597	0	0	0	0	0	0
AT1G05600	94	81	69	104	107	111
AT1G05603	0	0	0	0	0	0
AT1G05607	0	0	0	0	0	0
AT1G05610	1	2	1	1	0	1
AT1G05613	0	0	0	0	0	0
AT1G05615	0	0	0	0	0	0
AT1G05617	0	0	0	0	0	0
AT1G05620	164	227	230	195	189	189
AT1G05623	0	0	0	0	0	0
AT1G05627	0	0	0	0	0	0
AT1G05630	179	171	175	200	171	209
AT1G05633	0	0	0	0	0	0
AT1G05637	0	0	0	0	0	0
AT1G05640	27	24	26	29	24	29
AT1G05643	0	0	0	0	0	0
AT1G05647	0	0	0	0	0	1
AT1G05650	7	8	2	8	1	5
AT1G05653	0	0	0	0	0	0
AT1G05657	0	0	0	0	0	0
AT1G05660	3	1	3	9	4	6
AT1G05663	0	0	0	0	0	0
AT1G05667	0	0	0	0	0	0
AT1G05670	148	143	165	138	99	128
AT1G05673	0	0	0	0	0	0
AT1G05675	346	442	542	31	30	14
AT1G05680	884	1144	1439	318	379	151
AT1G05683	0	0	0	0	0	0
AT1G05687	1	1	1	2	1	1
AT1G05690	26	32	33	42	31	38
AT1G05693	0	0	0	0	0	0
AT1G05697	0	0	0	0	0	0
AT1G05700	170	110	140	278	192	435
AT1G05703	0	0	0	0	4	1
AT1G05707	0	0	0	0	0	0
AT1G05710	69	113	98	82	67	102
AT1G05713	0	0	0	0	0	0
AT1G05717	0	0	0	0	0	0
AT1G05720	129	169	138	176	191	153
AT1G05723	0	0	0	0	0	0
AT1G05727	0	0	0	0	0	0
AT1G05730	18	19	15	26	26	20
AT1G05733	0	0	0	0	0	0
AT1G05737	0	0	0	0	0	0
AT1G05740	0	1	0	0	0	0
AT1G05747	0	0	0	0	0	0
AT1G05750	83	102	91	105	121	124
AT1G05753	0	0	0	0	0	0
AT1G05757	0	2	2	0	0	2
AT1G05760	0	0	0	0	0	0
AT1G05763	0	2	0	0	0	0
AT1G05767	0	0	0	0	0	0
AT1G05770	5	6	7	4	5	5
AT1G05773	13	13	21	20	10	7
AT1G05777	0	0	0	0	0	0
AT1G05780	97	122	115	103	140	95
AT1G05783	3	5	7	2	3	3
AT1G05785	104	100	127	99	95	116
AT1G05787	0	0	0	0	0	0
AT1G05790	526	731	583	513	478	500
AT1G05793	0	0	0	0	0	0
AT1G05797	0	0	0	0	0	0
AT1G05800	0	0	1	0	0	0
AT1G05803	0	0	0	0	0	0
AT1G05805	661	890	674	743	766	769
AT1G05807	0	0	0	0	0	0
AT1G05810	242	335	264	252	367	239
AT1G05813	0	0	0	0	0	0
AT1G05817	0	0	0	0	0	0
AT1G05820	54	51	77	62	43	61
AT1G05823	0	0	0	0	0	0
AT1G05827	0	0	0	0	0	0
AT1G05830	1026	1408	1268	1289	935	1252
AT1G05833	3	3	7	3	2	7
AT1G05835	2	0	2	3	0	2
AT1G05837	0	0	0	0	0	0
AT1G05840	651	828	696	610	642	577
AT1G05843	0	0	0	0	1	0
AT1G05847	0	0	0	0	0	0
AT1G05850	4959	5903	4872	5197	5282	4892
AT1G05853	0	0	0	0	0	0
AT1G05857	0	0	0	0	0	0
AT1G05860	90	116	111	111	142	117
AT1G05863	0	0	0	0	0	0
AT1G05867	0	0	0	1	0	3
AT1G05870	133	167	146	204	168	221
AT1G05873	0	0	0	0	0	0
AT1G05880	59	141	128	24	44	32
AT1G05887	0	0	0	0	0	0
AT1G05890	1813	2272	2189	1893	1807	1787
AT1G05893	0	0	0	0	0	0
AT1G05894	10	12	22	4	6	6
AT1G05897	0	0	0	0	0	0
AT1G05900	116	118	133	161	207	144
AT1G05903	0	0	0	0	0	0
AT1G05907	0	0	0	0	0	0
AT1G05910	411	478	496	502	344	496
AT1G05913	0	0	0	0	0	0
AT1G05917	0	0	0	0	0	0
AT1G05920	0	0	0	0	0	0
AT1G05927	0	0	0	0	0	0
AT1G05930	0	0	2	0	0	0
AT1G05933	6	12	17	3	3	4
AT1G05937	2	1	2	1	1	1
AT1G05940	450	632	508	575	487	501
AT1G05943	0	0	0	0	0	0
AT1G05947	0	0	0	0	0	0
AT1G05950	98	115	117	147	120	134
AT1G05953	0	0	0	0	0	0
AT1G05957	0	0	0	1	1	0
AT1G05960	1527	1734	1785	1354	1042	1166
AT1G05963	0	0	0	0	0	0
AT1G05967	0	0	0	0	0	0
AT1G05970	54	76	82	66	89	70
AT1G05973	0	0	0	0	0	0
AT1G05977	0	0	0	1	0	3
AT1G05980	0	0	0	0	0	0
AT1G05983	0	0	0	0	0	0
AT1G05987	0	0	0	1	0	0
AT1G05990	0	1	1	1	0	1
AT1G05993	0	0	0	0	2	0
AT1G05997	0	1	0	1	0	2
AT1G06000	0	0	0	0	0	0
AT1G06002	0	0	0	0	0	0
AT1G06003	0	0	0	0	0	0
AT1G06007	0	0	0	0	0	0
AT1G06010	114	152	96	102	130	109
AT1G06013	0	0	0	0	0	0
AT1G06017	0	1	1	1	2	2
AT1G06020	4	5	4	8	2	2
AT1G06023	0	0	0	0	0	0
AT1G06027	0	1	0	0	0	0
AT1G06030	2	5	3	2	1	1
AT1G06033	11	7	7	11	15	9
AT1G06037	0	1	0	0	0	0
AT1G06040	209	228	169	273	365	304
AT1G06043	0	0	0	0	0	0
AT1G06045	0	0	0	0	0	0
AT1G06047	0	0	0	0	0	0
AT1G06050	52	82	70	53	69	43
AT1G06053	0	0	0	0	0	0
AT1G06057	0	0	0	0	0	0
AT1G06060	232	322	304	309	279	267
AT1G06063	0	0	0	0	0	0
AT1G06067	0	0	0	0	0	0
AT1G06070	236	242	258	231	235	222
AT1G06073	0	0	0	0	0	0
AT1G06080	7	16	15	69	38	89
AT1G06083	12	15	12	9	11	13
AT1G06087	2	1	1	2	2	5
AT1G06090	23	34	37	29	16	19
AT1G06093	0	0	0	0	0	0
AT1G06097	0	0	0	0	0	0
AT1G06100	0	0	0	0	0	2
AT1G06103	0	0	0	0	0	0
AT1G06110	391	460	487	530	470	501
AT1G06113	2	1	1	0	1	1
AT1G06117	0	0	0	1	1	0
AT1G06120	0	0	0	8	0	8
AT1G06123	1	0	1	1	3	1
AT1G06127	0	1	1	0	0	1
AT1G06130	445	515	485	456	398	450
AT1G06133	0	0	0	0	0	0
AT1G06135	2	8	7	0	1	1
AT1G06137	16	36	28	2	1	2
AT1G06140	32	21	32	30	18	32
AT1G06143	34	30	34	44	30	30
AT1G06147	0	0	0	0	0	0
AT1G06148	14	13	21	0	7	3
AT1G06150	503	611	714	517	445	517
AT1G06153	0	0	0	0	0	0
AT1G06157	0	0	0	0	0	0
AT1G06160	67	127	105	55	56	48
AT1G06163	0	1	2	0	0	0
AT1G06170	0	0	1	0	0	0
AT1G06173	5	4	8	6	0	5
AT1G06177	0	0	0	0	0	0
AT1G06180	282	393	319	135	123	121
AT1G06187	0	0	0	0	0	0
AT1G06190	827	763	795	915	937	971
AT1G06197	0	0	0	0	0	0
AT1G06200	599	800	759	706	815	610
AT1G06203	0	0	0	0	0	0
AT1G06207	2	1	3	0	1	0
AT1G06210	287	318	316	294	202	272
AT1G06213	0	0	0	0	0	0
AT1G06217	0	0	0	2	0	0
AT1G06220	984	955	1049	1142	814	1066
AT1G06225	0	0	0	0	0	0
AT1G06227	12	11	11	22	18	22
AT1G06230	961	1151	1085	998	825	1029
AT1G06233	0	0	0	0	0	0
AT1G06237	0	0	0	0	0	0
AT1G06240	91	102	90	122	122	101
AT1G06243	0	0	0	0	0	0
AT1G06247	0	0	0	0	0	0
AT1G06250	16	22	28	15	25	19
AT1G06253	0	0	0	0	0	0
AT1G06257	0	0	0	0	0	0
AT1G06260	0	0	0	0	0	0
AT1G06263	0	1	0	0	0	0
AT1G06265	48	55	63	65	76	67
AT1G06267	1	0	1	1	0	1
AT1G06270	26	28	26	41	33	38
AT1G06273	0	0	2	0	0	0
AT1G06277	0	2	1	3	0	3
AT1G06280	0	0	0	0	0	0
AT1G06283	5	7	8	16	11	8
AT1G06287	0	0	0	0	0	0
AT1G06290	889	1060	1142	817	561	721
AT1G06293	0	0	0	0	0	0
AT1G06297	0	0	0	0	0	0
AT1G06303	0	0	0	0	0	0
AT1G06307	0	0	0	0	0	0
AT1G06310	1	4	0	3	4	1
AT1G06313	0	0	0	0	0	0
AT1G06317	0	0	0	0	0	0
AT1G06320	0	0	0	0	0	0
AT1G06323	0	0	0	0	0	0
AT1G06327	0	0	0	0	0	0
AT1G06330	0	0	0	0	2	3
AT1G06333	0	0	0	0	0	0
AT1G06337	0	0	0	0	0	0
AT1G06340	0	0	0	0	1	1
AT1G06343	0	0	0	0	0	0
AT1G06347	0	0	0	0	0	0
AT1G06350	23	46	40	39	56	48
AT1G06353	0	0	0	0	0	0
AT1G06357	0	0	0	0	0	0
AT1G06360	129	212	184	307	272	335
AT1G06363	0	0	0	0	0	0
AT1G06373	0	0	0	0	0	0
AT1G06377	0	0	0	0	0	0
AT1G06380	125	123	130	142	163	138
AT1G06383	0	0	0	0	0	0
AT1G06387	0	0	0	0	0	0
AT1G06390	1161	1441	1336	1079	995	1055
AT1G06393	0	0	0	0	0	0
AT1G06397	0	0	0	0	0	0
AT1G06400	742	926	771	672	738	577
AT1G06403	0	0	0	0	0	0
AT1G06407	1	0	0	0	0	0
AT1G06410	2634	2972	2820	2230	2000	2023
AT1G06413	0	0	0	0	0	0
AT1G06417	0	0	0	0	2	0
AT1G06420	0	5	3	6	9	11
AT1G06423	0	0	0	0	0	0
AT1G06427	0	0	0	0	0	0
AT1G06430	554	701	675	621	563	591
AT1G06433	0	0	0	0	0	0
AT1G06437	0	0	0	0	0	0
AT1G06440	32	44	39	43	28	41
AT1G06443	0	0	0	0	0	0
AT1G06447	0	0	0	0	0	0
AT1G06450	13	12	6	11	10	18
AT1G06453	0	0	0	0	0	0
AT1G06457	1	0	0	0	0	0
AT1G06460	638	869	691	1272	1362	1071
AT1G06463	0	0	0	0	0	3
AT1G06467	0	0	0	0	0	0
AT1G06470	380	512	405	368	388	365
AT1G06473	35	36	31	57	48	53
AT1G06475	0	0	0	0	0	0
AT1G06480	0	0	0	0	0	0
AT1G06483	2	0	0	0	0	0
AT1G06487	0	0	1	1	0	1
AT1G06490	32	30	31	50	27	39
AT1G06493	0	0	0	0	0	0
AT1G06497	1	0	0	0	0	0
AT1G06500	89	104	92	137	144	155
AT1G06507	0	0	0	0	0	0
AT1G06510	242	257	219	235	266	232
AT1G06513	0	0	0	0	0	0
AT1G06515	191	179	154	150	183	152
AT1G06517	0	0	0	0	0	0
AT1G06520	28	38	22	22	16	20
AT1G06523	0	0	0	0	0	0
AT1G06527	0	0	0	0	0	0
AT1G06530	0	0	0	0	0	0
AT1G06533	0	0	0	0	1	0
AT1G06537	1	0	0	1	0	0
AT1G06540	2	5	8	2	1	2
AT1G06543	0	0	0	0	0	0
AT1G06547	2	8	7	8	5	5
AT1G06550	427	539	576	493	477	475
AT1G06553	8	7	4	6	13	7
AT1G06557	0	0	0	0	0	0
AT1G06560	248	295	289	295	293	282
AT1G06567	0	1	0	0	0	0
AT1G06570	1830	2317	2268	761	1006	749
AT1G06573	190	230	216	148	167	134
AT1G06577	9	3	4	7	11	10
AT1G06580	40	69	38	40	43	38
AT1G06583	2	4	8	4	2	11
AT1G06587	0	0	0	0	0	0
AT1G06590	210	220	256	216	153	201
AT1G06593	0	1	1	1	0	1
AT1G06597	0	0	0	0	0	0
AT1G06603	0	0	0	0	0	0
AT1G06607	0	0	0	0	0	0
AT1G06610	0	0	0	0	0	0
AT1G06613	0	0	0	0	0	0
AT1G06617	0	0	0	0	0	0
AT1G06620	83	125	125	75	88	68
AT1G06623	0	0	0	0	0	0
AT1G06627	0	0	1	0	0	0
AT1G06630	353	475	369	394	350	376
AT1G06633	0	0	0	0	0	0
AT1G06637	0	0	0	0	0	0
AT1G06640	357	443	424	438	561	434
AT1G06643	0	0	0	0	0	0
AT1G06645	206	228	166	241	209	234
AT1G06647	0	0	0	0	0	0
AT1G06650	369	497	432	408	449	408
AT1G06653	0	0	0	0	0	0
AT1G06657	0	0	0	0	0	0
AT1G06660	16	18	21	33	20	17
AT1G06663	0	0	0	0	0	0
AT1G06667	0	0	1	0	0	0
AT1G06670	820	905	951	986	758	955
AT1G06673	0	0	0	0	0	0
AT1G06677	0	0	0	0	0	0
AT1G06680	7860	8243	7945	12446	14040	10526
AT1G06683	0	0	0	0	0	0
AT1G06687	4	9	7	3	6	6
AT1G06690	194	191	203	319	319	297
AT1G06693	5	4	3	7	5	2
AT1G06697	0	0	0	0	0	0
AT1G06700	1197	1541	1258	1428	1444	1299
AT1G06703	0	0	0	0	0	0
AT1G06707	0	0	0	0	0	0
AT1G06710	127	149	136	170	146	204
AT1G06713	0	0	0	0	0	0
AT1G06717	0	0	1	2	4	3
AT1G06720	783	741	779	905	726	880
AT1G06723	0	0	0	0	0	0
AT1G06727	8	9	1	1	6	4
AT1G06730	169	179	192	199	200	196
AT1G06733	1	3	3	0	3	4
AT1G06737	1	2	2	4	2	1
AT1G06740	40	47	46	67	48	76
AT1G06743	0	3	3	4	1	5
AT1G06747	0	0	0	0	0	0
AT1G06750	4	1	2	1	0	2
AT1G06753	14	28	26	41	17	28
AT1G06757	0	0	2	0	0	0
AT1G06760	929	1225	1122	1084	924	963
AT1G06770	163	155	191	126	125	118
AT1G06773	2	2	0	1	2	0
AT1G06777	0	0	0	0	0	0
AT1G06780	255	309	309	258	234	221
AT1G06783	0	0	0	0	0	0
AT1G06787	0	0	0	0	0	0
AT1G06790	70	60	71	85	114	96
AT1G06797	0	0	0	0	0	0
AT1G06800	170	216	196	101	63	87
AT1G06810	1	0	0	2	0	0
AT1G06817	0	0	0	0	0	0
AT1G06820	489	582	495	553	511	521
AT1G06823	0	0	0	0	0	0
AT1G06827	0	0	0	0	0	0
AT1G06830	19	27	24	25	24	10
AT1G06837	4	6	8	5	4	7
AT1G06840	961	1234	1265	725	598	736
AT1G06850	115	132	118	126	114	105
AT1G06853	0	0	0	0	0	1
AT1G06857	0	0	0	0	0	0
AT1G06860	0	1	0	0	0	0
AT1G06863	0	0	0	0	0	0
AT1G06867	2	0	0	0	1	0
AT1G06870	379	451	483	235	239	294
AT1G06873	0	0	0	0	0	0
AT1G06877	0	2	5	0	0	0
AT1G06880	0	0	0	0	0	0
AT1G06883	0	0	0	0	0	0
AT1G06890	971	1232	1094	864	879	891
AT1G06897	0	0	0	0	0	0
AT1G06900	922	1001	950	1040	837	1041
AT1G06903	0	0	0	0	0	0
AT1G06907	0	0	0	0	0	0
AT1G06910	72	74	91	79	70	79
AT1G06913	0	0	0	0	0	0
AT1G06917	0	0	1	0	0	1
AT1G06920	0	0	0	0	1	0
AT1G06923	2	2	1	1	2	1
AT1G06925	0	0	0	0	0	0
AT1G06927	0	0	0	0	0	0
AT1G06930	2	2	3	2	1	5
AT1G06933	0	0	2	0	1	0
AT1G06937	0	0	0	0	0	0
AT1G06943	0	0	0	0	0	0
AT1G06947	0	0	0	0	0	0
AT1G06950	2959	2854	3127	3371	2596	3283
AT1G06953	0	0	0	0	0	0
AT1G06957	0	0	0	0	0	0
AT1G06960	214	220	204	262	299	251
AT1G06963	0	0	2	0	0	0
AT1G06967	0	0	0	0	0	0
AT1G06970	0	1	2	0	0	2
AT1G06973	0	0	0	0	0	0
AT1G06977	15	30	6	22	14	19
AT1G06980	26	26	17	38	42	45
AT1G06983	41	43	51	16	18	19
AT1G06987	0	0	0	0	0	0
AT1G06990	0	0	0	0	0	0
AT1G06993	0	2	1	0	0	0
AT1G06997	0	0	0	0	0	0
AT1G07000	742	1057	1111	255	250	191
AT1G07003	0	0	0	0	0	0
AT1G07007	0	0	0	0	1	0
AT1G07010	78	100	75	109	139	83
AT1G07013	0	0	0	0	0	0
AT1G07017	0	0	0	0	0	0
AT1G07020	75	97	116	83	86	102
AT1G07023	0	1	0	0	1	1
AT1G07025	0	0	0	0	1	0
AT1G07027	0	0	1	0	0	2
AT1G07030	472	587	541	360	453	371
AT1G07040	1269	1675	1541	986	1115	800
AT1G07050	72	69	50	230	203	227
AT1G07051	0	0	0	0	0	1
AT1G07060	3	5	2	2	1	4
AT1G07070	133	121	127	145	166	187
AT1G07080	757	935	877	737	673	701
AT1G07090	254	308	245	370	334	344
AT1G07100	0	0	0	0	0	0
AT1G07110	2188	2535	2403	2591	2476	2308
AT1G07117	0	0	0	0	0	0
AT1G07119	9	9	1	2	6	11
AT1G07120	0	0	0	3	2	1
AT1G07123	0	0	0	0	0	0
AT1G07127	0	0	0	0	0	0
AT1G07128	2	3	4	4	3	1
AT1G07130	0	0	0	0	0	0
AT1G07133	0	0	0	0	0	0
AT1G07135	1301	1830	1788	161	256	197
AT1G07137	0	0	0	0	0	0
AT1G07140	2263	2726	2711	1917	2094	2036
AT1G07143	0	2	3	0	2	0
AT1G07147	0	0	0	0	0	0
AT1G07150	98	112	103	117	105	88
AT1G07157	0	0	0	0	0	0
AT1G07160	50	59	124	10	8	10
AT1G07163	0	0	0	0	0	0
AT1G07167	0	0	1	7	1	2
AT1G07170	234	339	300	251	298	279
AT1G07173	0	0	0	0	0	0
AT1G07175	2	4	0	0	1	3
AT1G07177	0	0	0	0	0	0
AT1G07180	32	27	23	41	38	24
AT1G07183	0	0	0	0	0	0
AT1G07187	21	37	38	8	22	20
AT1G07190	0	0	0	0	0	0
AT1G07193	0	0	0	0	0	0
AT1G07197	0	0	0	0	0	0
AT1G07200	497	583	505	540	435	526
AT1G07210	299	346	367	392	408	435
AT1G07220	128	155	140	89	129	118
AT1G07230	367	491	489	488	450	464
AT1G07233	0	0	0	0	0	0
AT1G07237	0	0	0	0	0	0
AT1G07240	1401	1747	1813	1034	1148	966
AT1G07243	0	0	1	0	2	0
AT1G07247	0	0	0	0	0	0
AT1G07250	402	488	441	398	439	359
AT1G07253	0	0	0	0	0	0
AT1G07257	0	0	0	0	0	0
AT1G07260	74	104	69	71	71	49
AT1G07263	0	0	0	0	0	0
AT1G07267	0	0	0	0	0	0
AT1G07270	16	11	14	17	17	18
AT1G07273	0	0	0	0	0	0
AT1G07277	0	0	0	0	0	0
AT1G07280	847	1005	834	988	984	951
AT1G07283	0	0	0	0	0	0
AT1G07287	0	0	0	0	0	0
AT1G07290	33	31	30	45	48	42
AT1G07293	0	0	0	0	0	0
AT1G07297	0	0	0	0	0	0
AT1G07300	30	63	70	60	63	56
AT1G07303	0	0	0	0	0	0
AT1G07310	575	693	632	580	612	527
AT1G07313	5	9	5	15	3	10
AT1G07317	0	0	0	0	0	0
AT1G07320	3176	3151	3234	3669	4005	3811
AT1G07323	272	331	258	278	296	325
AT1G07327	0	0	0	0	0	0
AT1G07330	2	0	2	1	0	0
AT1G07333	0	0	0	0	0	0
AT1G07337	0	0	0	0	0	0
AT1G07340	0	0	0	0	0	0
AT1G07343	0	0	0	0	0	0
AT1G07347	0	0	0	0	0	0
AT1G07350	256	339	339	205	285	251
AT1G07353	0	0	0	0	0	0
AT1G07357	0	0	0	0	0	0
AT1G07360	569	552	638	700	528	587
AT1G07367	3	18	14	9	9	6
AT1G07370	110	122	158	130	143	157
AT1G07373	0	12	4	2	14	2
AT1G07380	169	285	217	230	185	211
AT1G07383	0	0	0	0	0	0
AT1G07390	109	116	130	117	67	77
AT1G07393	1	1	0	7	0	7
AT1G07397	0	0	1	0	0	0
AT1G07400	22	32	19	10	17	9
AT1G07407	1	0	0	1	1	1
AT1G07410	26	14	19	22	13	16
AT1G07413	0	0	0	0	0	0
AT1G07417	0	0	0	0	0	0
AT1G07420	293	348	297	335	375	302
AT1G07423	1	1	0	0	0	0
AT1G07430	2	2	1	1	0	4
AT1G07433	0	0	0	0	0	0
AT1G07437	0	0	0	0	0	0
AT1G07440	253	412	284	349	421	304
AT1G07447	0	0	0	0	0	0
AT1G07450	2	2	2	1	2	5
AT1G07453	0	0	0	0	0	0
AT1G07457	0	0	0	0	0	0
AT1G07460	0	0	0	0	0	0
AT1G07463	0	0	0	0	0	0
AT1G07467	0	0	0	0	0	0
AT1G07470	155	189	190	174	212	188
AT1G07473	0	1	0	0	0	0
AT1G07476	0	0	0	0	1	0
AT1G07477	0	0	0	0	0	0
AT1G07480	133	188	161	159	174	116
AT1G07483	0	0	0	0	0	0
AT1G07485	0	0	0	0	0	1
AT1G07487	0	0	0	0	0	0
AT1G07490	0	0	0	0	0	0
AT1G07493	3	1	0	1	0	0
AT1G07497	0	0	0	0	0	0
AT1G07500	0	0	0	0	0	0
AT1G07503	0	0	0	0	0	0
AT1G07507	0	0	0	0	0	0
AT1G07510	426	489	482	466	384	446
AT1G07513	0	0	0	0	0	0
AT1G07517	2	4	4	4	5	4
AT1G07520	0	0	0	0	0	0
AT1G07523	0	0	0	0	0	0
AT1G07527	0	0	0	0	0	0
AT1G07530	612	732	690	553	581	620
AT1G07533	0	0	0	0	0	0
AT1G07537	0	0	0	0	0	0
AT1G07540	0	0	0	0	0	0
AT1G07543	1	1	2	1	0	2
AT1G07547	0	1	0	2	0	3
AT1G07550	5	1	0	15	11	14
AT1G07553	0	0	0	0	0	0
AT1G07557	0	0	0	0	0	0
AT1G07560	20	26	20	62	71	101
AT1G07563	0	0	0	0	0	0
AT1G07567	0	0	0	0	0	0
AT1G07570	246	335	274	229	281	231
AT1G07573	0	0	0	0	0	0
AT1G07580	0	1	0	0	0	0
AT1G07583	0	0	0	0	1	0
AT1G07587	2	10	4	9	1	12
AT1G07590	2292	3583	2393	3796	5699	3625
AT1G07593	0	1	0	0	0	0
AT1G07597	0	0	0	0	0	0
AT1G07600	0	0	0	0	0	0
AT1G07603	2	0	0	4	0	1
AT1G07607	4	4	7	10	14	6
AT1G07610	422	498	503	451	966	449
AT1G07613	0	0	0	0	0	0
AT1G07615	142	200	191	204	195	190
AT1G07617	0	0	0	0	0	0
AT1G07620	113	161	200	61	30	65
AT1G07623	0	0	0	0	0	0
AT1G07627	0	0	0	0	0	0
AT1G07630	662	729	803	546	422	522
AT1G07633	0	1	0	2	1	0
AT1G07637	0	0	7	0	1	3
AT1G07640	225	284	270	283	181	269
AT1G07645	1	1	0	1	0	3
AT1G07647	0	0	0	0	0	0
AT1G07650	1376	1687	1417	1038	929	1017
AT1G07653	9	1	7	8	1	7
AT1G07657	0	0	1	0	0	0
AT1G07660	214	270	281	228	259	239
AT1G07663	0	0	0	0	1	1
AT1G07667	0	0	0	0	0	0
AT1G07670	784	976	979	677	571	637
AT1G07673	0	0	0	0	0	0
AT1G07680	0	0	0	0	0	0
AT1G07683	0	0	2	0	1	0
AT1G07690	2	3	6	0	3	0
AT1G07693	1	0	0	0	1	1
AT1G07697	1	0	2	1	1	0
AT1G07700	198	228	194	252	241	190
AT1G07702	0	0	0	0	0	0
AT1G07703	0	2	3	5	5	5
AT1G07705	350	397	382	411	311	356
AT1G07707	0	0	0	0	1	0
AT1G07710	10	8	13	11	13	13
AT1G07717	0	0	0	0	0	0
AT1G07720	441	479	421	323	361	344
AT1G07723	0	0	0	0	0	0
AT1G07725	0	0	0	0	0	0
AT1G07727	0	0	0	0	0	0
AT1G07728	0	0	0	0	0	0
AT1G07730	0	0	0	0	0	0
AT1G07733	0	0	0	0	0	0
AT1G07737	0	0	0	0	0	0
AT1G07740	51	47	51	44	32	54
AT1G07743	0	5	2	1	3	4
AT1G07745	104	140	115	116	144	126
AT1G07747	0	0	0	0	0	0
AT1G07750	342	352	388	433	377	409
AT1G07753	0	0	0	0	0	0
AT1G07757	0	0	0	0	0	0
AT1G07760	0	0	0	0	0	0
AT1G07763	0	0	0	0	0	0
AT1G07767	0	0	0	0	0	0
AT1G07770	2360	2950	3173	2606	2818	2606
AT1G07773	0	0	0	0	0	0
AT1G07777	0	0	0	0	0	0
AT1G07780	62	60	72	63	45	52
AT1G07783	0	0	0	0	0	2
AT1G07787	0	0	0	0	0	0
AT1G07790	352	415	383	373	378	401
AT1G07793	0	0	0	0	0	0
AT1G07795	2	0	2	0	0	0
AT1G07803	0	0	0	0	0	0
AT1G07807	0	0	0	0	0	0
AT1G07810	1101	1282	1218	1059	833	974
AT1G07813	0	0	0	0	0	0
AT1G07820	682	687	670	694	808	751
AT1G07823	0	0	0	0	0	0
AT1G07827	0	0	0	0	0	0
AT1G07830	245	288	239	284	360	272
AT1G07833	0	0	0	0	0	0
AT1G07837	0	0	0	0	0	0
AT1G07840	308	367	324	354	350	342
AT1G07843	0	0	0	0	0	0
AT1G07847	0	0	0	0	0	0
AT1G07850	1	0	1	0	0	1
AT1G07853	0	0	0	0	0	0
AT1G07857	0	0	0	0	0	0
AT1G07860	0	0	0	0	0	0
AT1G07863	0	0	0	0	0	0
AT1G07867	0	0	0	0	0	0
AT1G07870	103	112	100	101	73	105
AT1G07873	0	0	0	0	0	0
AT1G07877	12	11	6	9	9	12
AT1G07880	9	25	16	30	20	30
AT1G07883	0	0	0	0	0	0
AT1G07885	1	4	1	1	0	0
AT1G07887	0	0	0	0	0	0
AT1G07890	4444	5289	5110	3719	3446	3543
AT1G07893	0	0	0	0	0	0
AT1G07897	4	3	0	5	7	8
AT1G07900	12	8	8	7	5	4
AT1G07901	2	17	5	5	10	11
AT1G07902	17	15	17	23	37	21
AT1G07903	0	0	0	0	0	0
AT1G07907	0	0	0	0	0	0
AT1G07910	327	410	381	371	321	380
AT1G07913	4	6	3	7	2	1
AT1G07917	0	0	0	1	0	0
AT1G07920	1994	2159	2078	1777	2502	1924
AT1G07923	0	0	0	0	0	0
AT1G07927	0	0	0	0	0	0
AT1G07930	3782	3897	4204	3303	3449	3662
AT1G07933	0	0	0	0	0	0
AT1G07937	4	4	5	2	1	1
AT1G07940	1673	1948	1799	1548	2094	1716
AT1G07943	0	0	0	0	0	0
AT1G07947	0	0	0	0	0	0
AT1G07950	184	286	194	233	251	238
AT1G07957	0	2	2	4	1	4
AT1G07960	316	413	373	336	365	351
AT1G07963	0	2	1	0	1	0
AT1G07967	2	3	0	0	0	0
AT1G07970	209	206	204	226	229	248
AT1G07973	0	0	0	0	0	0
AT1G07977	0	0	0	0	0	0
AT1G07980	172	238	234	199	231	169
AT1G07983	0	0	0	0	0	0
AT1G07985	40	52	36	28	29	26
AT1G07987	0	0	0	0	0	0
AT1G07990	809	960	921	802	777	738
AT1G07993	0	0	0	3	6	1
AT1G07997	0	0	0	0	0	0
AT1G08000	91	82	92	93	87	108
AT1G08003	0	0	0	0	0	0
AT1G08005	0	0	0	0	0	0
AT1G08007	0	0	0	0	0	0
AT1G08010	134	169	131	195	190	236
AT1G08013	0	0	0	0	0	0
AT1G08017	0	0	0	0	0	0
AT1G08023	0	0	0	0	0	0
AT1G08027	1	0	1	0	0	0
AT1G08030	277	310	305	244	245	270
AT1G08033	0	0	1	1	3	1
AT1G08035	4	0	3	3	2	4
AT1G08037	0	0	0	0	0	0
AT1G08040	177	200	154	180	163	170
AT1G08043	0	0	0	1	0	0
AT1G08047	0	1	0	4	0	0
AT1G08050	356	459	670	112	110	118
AT1G08053	0	0	0	0	0	0
AT1G08057	0	0	0	0	0	0
AT1G08060	300	344	309	380	243	343
AT1G08063	0	0	0	0	0	0
AT1G08065	0	0	0	0	0	0
AT1G08070	32	37	26	40	39	37
AT1G08073	0	0	0	0	0	0
AT1G08077	0	0	0	0	0	0
AT1G08080	0	1	3	0	0	0
AT1G08087	0	0	0	0	0	0
AT1G08090	21	17	10	1	33	4
AT1G08093	0	0	0	0	0	0
AT1G08097	0	0	0	0	0	0
AT1G08100	0	0	0	0	0	0
AT1G08103	0	1	1	1	0	0
AT1G08107	0	0	0	0	0	0
AT1G08110	757	992	830	1004	1088	991
AT1G08113	0	0	0	0	0	0
AT1G08115	0	0	0	0	0	0
AT1G08117	0	0	0	0	0	2
AT1G08120	0	0	0	0	0	0
AT1G08123	0	0	0	0	0	0
AT1G08125	237	282	239	340	287	272
AT1G08127	0	0	0	0	0	0
AT1G08130	325	356	372	430	302	416
AT1G08133	0	0	0	0	0	0
AT1G08135	0	0	0	0	0	0
AT1G08137	0	0	0	0	0	0
AT1G08140	0	0	0	0	0	0
AT1G08143	0	0	0	0	0	0
AT1G08147	0	0	0	0	0	0
AT1G08150	0	0	0	0	0	0
AT1G08153	0	0	0	0	0	0
AT1G08157	0	0	0	0	0	0
AT1G08160	25	25	21	42	27	36
AT1G08163	0	0	0	0	0	0
AT1G08165	15	19	23	12	32	27
AT1G08170	0	0	0	0	0	0
AT1G08173	1	3	6	1	1	0
AT1G08177	0	0	0	0	0	0
AT1G08180	50	80	62	44	68	49
AT1G08183	0	0	0	0	0	0
AT1G08190	1447	1669	1643	1523	1243	1447
AT1G08193	0	0	0	0	0	0
AT1G08200	1415	1501	1429	1612	1496	1554
AT1G08207	0	0	0	0	0	0
AT1G08210	371	436	408	365	334	392
AT1G08213	2	2	2	3	4	2
AT1G08217	0	0	1	0	0	0
AT1G08220	89	92	90	88	119	127
AT1G08223	0	0	0	0	0	0
AT1G08227	0	0	0	0	0	0
AT1G08230	977	1371	1057	716	637	682
AT1G08237	0	2	0	0	0	0
AT1G08240	0	0	0	0	0	0
AT1G08247	0	0	0	0	0	0
AT1G08250	0	0	0	0	0	0
AT1G08253	0	0	0	0	0	0
AT1G08257	0	0	0	0	0	1
AT1G08260	300	325	291	359	181	372
AT1G08263	0	0	0	0	0	0
AT1G08267	0	0	2	1	1	0
AT1G08270	12	22	8	10	13	21
AT1G08273	1	1	0	0	3	5
AT1G08277	0	0	0	0	0	0
AT1G08280	115	90	82	112	131	140
AT1G08283	2	2	3	6	0	4
AT1G08287	0	0	0	0	0	0
AT1G08290	23	40	49	9	9	7
AT1G08293	2	2	2	1	2	3
AT1G08297	0	0	0	0	0	0
AT1G08300	72	93	98	114	109	100
AT1G08303	0	0	0	0	0	0
AT1G08307	0	0	0	0	0	0
AT1G08310	8	14	9	10	14	13
AT1G08313	0	0	0	0	0	0
AT1G08315	0	0	0	0	0	0
AT1G08317	0	0	0	0	0	0
AT1G08320	193	239	210	230	217	204
AT1G08323	0	0	0	0	0	0
AT1G08327	0	0	0	0	0	0
AT1G08333	2	2	0	4	1	1
AT1G08337	0	0	0	0	0	0
AT1G08340	22	20	24	20	24	10
AT1G08343	0	0	0	0	0	0
AT1G08347	0	0	0	0	0	0
AT1G08350	108	120	112	139	143	116
AT1G08353	0	0	0	0	0	0
AT1G08357	0	0	0	0	0	0
AT1G08360	2439	2794	2609	2092	2630	2397
AT1G08363	0	0	0	0	0	0
AT1G08367	0	0	0	0	0	0
AT1G08370	386	422	434	422	339	370
AT1G08377	0	0	0	0	0	0
AT1G08380	5998	6981	6307	9292	11366	7680
AT1G08383	0	0	0	0	0	0
AT1G08387	0	1	0	0	0	0
AT1G08390	25	34	34	38	53	51
AT1G08393	2	0	2	2	0	1
AT1G08397	0	0	0	0	0	0
AT1G08400	66	81	74	91	75	70
AT1G08403	0	0	0	0	0	0
AT1G08410	266	251	279	280	311	281
AT1G08413	0	1	0	0	0	0
AT1G08417	0	0	0	0	0	0
AT1G08420	1342	1549	1537	1353	1143	1313
AT1G08427	1	0	0	0	0	0
AT1G08430	92	69	73	100	56	84
AT1G08433	0	1	1	0	0	0
AT1G08437	0	0	0	0	0	0
AT1G08440	0	0	0	0	1	1
AT1G08443	0	0	1	3	0	1
AT1G08447	0	0	0	0	0	0
AT1G08450	809	1042	852	531	533	486
AT1G08453	0	0	0	0	0	0
AT1G08457	0	0	0	0	1	0
AT1G08460	369	444	377	552	472	466
AT1G08463	0	0	0	0	0	0
AT1G08465	138	160	133	156	152	157
AT1G08470	153	203	165	168	179	184
AT1G08473	0	0	0	0	0	1
AT1G08477	0	0	0	0	0	0
AT1G08480	609	839	685	710	798	681
AT1G08483	0	0	0	0	0	0
AT1G08487	0	0	0	0	1	0
AT1G08490	613	725	647	572	579	546
AT1G08493	0	0	0	0	0	0
AT1G08497	0	0	0	0	0	0
AT1G08500	54	41	35	74	82	60
AT1G08503	0	0	0	0	0	0
AT1G08507	12	22	15	12	24	17
AT1G08510	1182	1500	1439	1400	1342	1295
AT1G08513	0	0	0	0	0	0
AT1G08517	0	0	0	0	0	0
AT1G08520	2571	2795	2782	2956	2617	2794
AT1G08523	0	0	0	0	0	0
AT1G08530	115	160	160	151	170	147
AT1G08533	0	0	0	0	0	0
AT1G08537	0	0	0	0	0	0
AT1G08540	819	812	760	966	1039	961
AT1G08543	0	0	0	0	0	0
AT1G08547	0	0	0	0	0	0
AT1G08550	887	1038	892	1193	1210	1037
AT1G08553	0	0	0	0	0	0
AT1G08557	0	0	0	0	0	0
AT1G08560	80	80	100	131	86	124
AT1G08563	2	5	9	5	9	6
AT1G08567	0	0	0	1	1	0
AT1G08570	965	1368	1156	1081	1126	1003
AT1G08573	0	0	0	1	0	1
AT1G08577	0	0	0	0	0	1
AT1G08580	355	455	365	384	516	400
AT1G08583	0	0	0	0	0	0
AT1G08587	0	0	0	0	0	0
AT1G08590	1	0	1	3	5	2
AT1G08592	0	0	0	0	0	0
AT1G08597	0	0	0	0	0	0
AT1G08600	517	624	621	597	490	543
AT1G08603	0	0	0	0	0	0
AT1G08607	0	0	0	0	1	0
AT1G08610	117	97	81	151	139	136
AT1G08613	0	0	0	0	0	0
AT1G08620	528	600	567	577	439	526
AT1G08623	0	0	0	0	0	0
AT1G08627	0	0	0	0	0	0
AT1G08630	1385	1889	1873	340	605	316
AT1G08633	1	0	4	1	1	2
AT1G08637	0	0	0	0	0	0
AT1G08640	957	1031	956	964	1054	1016
AT1G08643	0	0	0	0	0	0
AT1G08645	0	0	0	0	0	0
AT1G08647	0	0	0	0	0	0
AT1G08650	33	37	48	53	57	66
AT1G08653	0	0	0	0	0	0
AT1G08657	0	0	0	0	0	0
AT1G08660	533	655	552	695	702	709
AT1G08663	0	0	0	0	0	0
AT1G08667	0	0	0	0	0	0
AT1G08670	12	4	10	9	24	14
AT1G08673	0	0	0	0	0	0
AT1G08677	0	0	0	0	0	1
AT1G08680	535	632	614	573	504	563
AT1G08683	0	0	0	0	0	0
AT1G08695	0	0	0	0	0	0
AT1G08697	5	1	0	5	2	3
AT1G08700	303	316	307	323	350	296
AT1G08703	0	0	0	0	0	0
AT1G08707	0	0	0	0	0	0
AT1G08710	142	173	149	138	166	152
AT1G08713	0	0	0	0	0	0
AT1G08717	0	0	0	0	0	0
AT1G08720	518	570	590	477	376	426
AT1G08723	0	0	0	0	0	0
AT1G08727	0	0	0	0	0	0
AT1G08730	12	30	27	18	10	16
AT1G08733	0	0	0	0	0	0
AT1G08737	0	0	0	0	0	0
AT1G08743	1	0	0	1	0	0
AT1G08747	1	2	1	3	0	2
AT1G08750	165	203	177	205	161	163
AT1G08753	0	0	0	0	0	0
AT1G08757	35	42	33	38	45	29
AT1G08760	302	389	374	310	289	292
AT1G08763	15	22	12	32	13	32
AT1G08767	0	0	0	0	0	0
AT1G08770	181	220	206	229	232	214
AT1G08773	0	0	0	0	0	0
AT1G08777	0	0	0	0	0	0
AT1G08780	251	316	290	275	297	261
AT1G08783	0	0	0	0	0	0
AT1G08787	0	0	0	0	0	0
AT1G08790	0	0	0	0	0	0
AT1G08793	0	0	0	0	0	0
AT1G08797	0	0	0	0	0	0
AT1G08800	820	1181	1118	561	443	548
AT1G08803	0	0	0	0	0	0
AT1G08807	0	0	0	0	0	0
AT1G08810	209	290	228	280	241	255
AT1G08813	0	0	0	0	0	0
AT1G08817	0	0	0	0	0	0
AT1G08820	601	700	605	595	468	558
AT1G08823	0	0	0	0	0	0
AT1G08827	0	0	0	0	0	0
AT1G08830	2569	2643	3436	1758	1742	1246
AT1G08833	1	0	0	2	1	1
AT1G08840	183	196	169	218	168	195
AT1G08843	0	0	0	0	0	0
AT1G08845	54	78	60	61	70	79
AT1G08847	296	461	348	326	303	292
AT1G08853	0	0	0	0	0	0
AT1G08857	1	6	6	2	6	4
AT1G08860	47	90	98	5	0	1
AT1G08863	0	0	0	0	0	0
AT1G08867	0	0	0	0	0	0
AT1G08870	0	0	0	0	0	0
AT1G08877	0	0	0	0	0	0
AT1G08880	918	1103	949	948	1006	876
AT1G08883	0	0	0	0	0	0
AT1G08887	0	0	0	0	0	0
AT1G08890	354	409	327	479	378	432
AT1G08893	0	0	0	0	0	0
AT1G08897	0	0	0	0	0	0
AT1G08900	377	551	451	291	300	314
AT1G08903	4	2	5	13	16	10
AT1G08907	0	0	0	0	0	0
AT1G08910	381	447	434	473	417	491
AT1G08913	1	0	0	0	0	0
AT1G08920	146	198	229	139	152	185
AT1G08923	5	0	2	0	0	0
AT1G08927	0	0	0	0	0	0
AT1G08930	7600	9474	10012	3800	4010	3539
AT1G08933	0	0	0	0	0	0
AT1G08937	6	13	12	12	15	9
AT1G08940	721	998	1067	316	266	285
AT1G08947	0	0	0	0	0	0
AT1G08950	0	0	0	0	0	0
AT1G08953	0	0	0	0	0	0
AT1G08960	113	122	124	167	104	166
AT1G08963	0	0	0	0	0	0
AT1G08967	0	1	0	0	0	0
AT1G08970	445	532	461	484	487	474
AT1G08973	0	0	0	0	0	0
AT1G08977	0	0	1	0	0	0
AT1G08980	987	1308	1042	1204	1343	1181
AT1G08983	0	0	0	0	0	0
AT1G08985	0	0	1	0	0	0
AT1G08987	1	0	1	0	2	3
AT1G08990	11	15	18	41	44	33
AT1G08993	0	0	0	0	0	0
AT1G08997	0	0	0	0	1	0
AT1G09000	43	28	43	58	35	51
AT1G09003	0	0	0	0	0	0
AT1G09007	0	0	0	0	0	0
AT1G09010	1268	1544	1357	1567	1214	1384
AT1G09013	0	0	0	0	0	0
AT1G09017	0	0	0	0	0	0
AT1G09020	647	723	790	668	538	585
AT1G09023	1	1	0	3	3	1
AT1G09027	0	0	0	0	0	0
AT1G09030	0	0	0	0	0	0
AT1G09033	0	0	0	0	0	0
AT1G09037	0	0	0	0	0	0
AT1G09040	67	89	80	77	69	82
AT1G09043	0	0	0	0	1	0
AT1G09047	0	0	0	0	0	0
AT1G09050	37	54	65	53	50	51
AT1G09053	0	0	0	0	0	0
AT1G09057	0	0	0	0	0	0
AT1G09060	563	630	635	547	475	526
AT1G09063	0	0	0	0	0	0
AT1G09067	0	0	0	0	0	0
AT1G09070	2666	3333	3491	1327	1319	1279
AT1G09073	0	0	0	0	0	0
AT1G09077	0	0	0	0	0	0
AT1G09080	212	107	136	8	12	20
AT1G09083	16	27	19	21	25	18
AT1G09087	14	10	7	15	5	10
AT1G09090	75	59	86	46	54	41
AT1G09097	0	0	0	0	0	0
AT1G09100	383	515	433	467	436	417
AT1G09103	0	0	1	0	0	1
AT1G09107	0	0	0	0	0	0
AT1G09110	0	0	0	0	0	0
AT1G09113	0	0	0	0	0	0
AT1G09117	0	0	0	0	0	0
AT1G09123	0	0	0	0	0	0
AT1G09127	0	0	0	0	0	0
AT1G09130	2005	2156	2202	1875	2007	1749
AT1G09133	0	0	0	0	0	0
AT1G09137	0	0	0	0	0	0
AT1G09140	804	1075	967	1040	1139	1044
AT1G09143	0	0	0	0	0	0
AT1G09147	0	0	0	0	0	0
AT1G09150	320	411	340	436	429	404
AT1G09153	0	0	0	0	0	0
AT1G09155	10	6	7	2	5	6
AT1G09157	0	1	0	0	0	0
AT1G09160	311	298	307	327	272	324
AT1G09163	0	0	0	0	0	0
AT1G09167	0	0	0	0	0	0
AT1G09170	2	10	17	15	11	8
AT1G09173	0	0	0	0	0	0
AT1G09176	1	0	0	3	0	1
AT1G09177	0	0	0	0	0	0
AT1G09180	1	0	1	0	1	2
AT1G09183	0	0	0	0	0	0
AT1G09187	0	0	0	0	0	0
AT1G09190	41	35	45	65	59	88
AT1G09193	0	0	0	0	0	0
AT1G09195	192	246	219	247	228	222
AT1G09197	0	0	0	0	0	0
AT1G09200	810	857	839	770	836	776
AT1G09207	0	0	0	0	0	0
AT1G09210	1797	1712	1823	1181	1119	1248
AT1G09213	0	0	0	0	0	0
AT1G09217	7	16	6	1	8	3
AT1G09220	15	14	20	25	21	17
AT1G09223	0	0	0	0	0	0
AT1G09227	0	0	0	0	0	0
AT1G09230	257	301	281	297	261	299
AT1G09233	0	0	0	0	0	0
AT1G09237	0	0	0	0	0	0
AT1G09240	40	21	25	33	30	30
AT1G09243	0	0	0	0	0	0
AT1G09245	0	0	0	0	0	0
AT1G09247	0	0	0	0	0	0
AT1G09250	184	249	193	315	277	297
AT1G09253	0	0	0	0	0	0
AT1G09257	0	0	0	0	0	0
AT1G09260	0	3	1	0	0	0
AT1G09263	0	0	0	0	0	0
AT1G09267	1	1	2	4	1	2
AT1G09270	1199	1378	1258	1240	882	1133
AT1G09273	0	0	0	0	0	0
AT1G09277	0	0	0	0	0	0
AT1G09280	368	481	413	483	417	470
AT1G09283	0	0	0	0	0	0
AT1G09287	8	2	8	2	5	3
AT1G09290	128	125	126	132	161	147
AT1G09293	0	1	0	0	0	0
AT1G09297	2	1	1	1	1	0
AT1G09300	121	163	136	154	148	135
AT1G09303	0	0	0	0	0	0
AT1G09307	0	0	0	0	0	2
AT1G09310	3791	4848	4052	4980	5149	3627
AT1G09313	0	0	0	0	0	0
AT1G09317	0	0	0	0	0	0
AT1G09320	170	229	159	181	169	184
AT1G09323	0	0	0	0	0	0
AT1G09327	0	0	0	0	0	0
AT1G09330	480	587	555	477	460	440
AT1G09333	0	0	0	0	0	0
AT1G09337	0	0	0	0	0	0
AT1G09340	1423	1485	1459	2238	2517	1776
AT1G09343	0	0	1	0	0	0
AT1G09350	1	1	0	1	4	1
AT1G09353	0	0	0	0	0	0
AT1G09357	0	1	0	0	0	0
AT1G09360	0	0	0	0	0	0
AT1G09363	0	1	1	1	1	0
AT1G09367	7	6	11	13	13	12
AT1G09370	0	0	0	0	0	0
AT1G09373	0	0	0	0	0	0
AT1G09377	0	0	0	0	0	0
AT1G09380	3	1	2	1	5	3
AT1G09383	0	0	0	0	0	0
AT1G09387	0	0	0	0	0	0
AT1G09390	64	91	70	157	78	111
AT1G09393	0	0	0	0	0	0
AT1G09397	0	0	0	0	0	0
AT1G09400	2	2	6	8	6	1
AT1G09407	0	0	0	0	0	0
AT1G09410	13	16	23	31	21	24
AT1G09415	228	351	275	252	315	231
AT1G09417	0	0	0	0	0	0
AT1G09420	226	300	262	267	240	266
AT1G09421	0	0	0	0	0	0
AT1G09423	0	0	0	0	0	0
AT1G09427	2	1	2	3	2	0
AT1G09430	2732	3403	3049	2696	2529	2101
AT1G09433	0	0	0	0	0	0
AT1G09437	0	0	1	0	0	0
AT1G09440	77	86	73	83	71	94
AT1G09443	0	0	0	0	0	0
AT1G09447	1	8	2	2	3	2
AT1G09450	25	26	29	34	36	46
AT1G09453	0	0	0	0	0	0
AT1G09457	0	0	0	0	1	0
AT1G09460	189	192	197	218	186	248
AT1G09463	0	2	1	0	0	0
AT1G09467	51	109	85	61	62	68
AT1G09470	27	17	26	50	34	43
AT1G09473	0	0	0	0	0	0
AT1G09477	0	0	0	0	0	0
AT1G09480	152	215	209	53	67	44
AT1G09483	0	0	0	0	0	0
AT1G09487	0	0	0	0	0	0
AT1G09490	311	429	439	216	261	228
AT1G09493	2	0	0	1	0	0
AT1G09497	0	0	0	0	0	0
AT1G09500	29	12	41	5	6	3
AT1G09503	0	0	0	0	0	0
AT1G09507	0	0	0	0	0	0
AT1G09510	2	1	1	0	0	0
AT1G09513	1	0	0	2	3	3
AT1G09517	0	0	0	0	0	0
AT1G09520	179	210	222	164	188	190
AT1G09523	0	0	0	0	0	0
AT1G09527	0	1	0	0	0	4
AT1G09530	593	764	665	945	683	848
AT1G09533	12	16	17	30	40	23
AT1G09537	7	19	10	4	4	5
AT1G09540	4	8	3	8	10	10
AT1G09543	21	29	21	23	34	45
AT1G09547	0	0	0	0	0	0
AT1G09550	0	0	2	0	0	0
AT1G09553	1	4	0	0	2	1
AT1G09557	0	0	0	0	0	0
AT1G09560	1647	2104	2381	1196	1148	1256
AT1G09563	0	0	0	0	0	0
AT1G09567	0	0	0	0	0	0
AT1G09570	2588	2949	2836	3164	2284	2727
AT1G09573	1	1	0	0	0	1
AT1G09575	84	103	117	72	71	57
AT1G09577	0	0	0	0	0	0
AT1G09580	82	89	81	89	115	100
AT1G09583	0	0	0	0	0	0
AT1G09587	0	0	0	0	0	0
AT1G09590	1833	2025	2015	1645	2071	2066
AT1G09593	0	0	0	0	0	0
AT1G09597	0	0	0	0	0	0
AT1G09600	4	4	8	8	7	12
AT1G09603	0	0	0	0	0	0
AT1G09607	1	0	0	2	0	1
AT1G09610	0	0	0	1	0	0
AT1G09613	0	0	0	0	0	1
AT1G09617	0	0	0	0	0	0
AT1G09620	2271	2275	2293	2740	2144	2526
AT1G09623	0	0	0	0	0	0
AT1G09625	0	0	1	0	0	0
AT1G09627	0	0	0	0	0	0
AT1G09630	506	623	570	292	237	272
AT1G09633	0	0	0	0	0	0
AT1G09637	0	0	0	1	0	0
AT1G09640	3077	3322	3297	2811	2955	2795
AT1G09645	333	504	457	248	314	262
AT1G09647	13	24	26	10	14	15
AT1G09650	4	3	7	9	3	5
AT1G09653	0	0	0	0	1	0
AT1G09657	0	0	0	0	0	0
AT1G09660	329	358	324	415	434	433
AT1G09663	3	2	1	0	1	0
AT1G09665	0	0	0	0	0	0
AT1G09667	0	0	0	0	0	0
AT1G09673	0	0	0	0	0	0
AT1G09677	8	7	7	8	3	2
AT1G09680	31	30	35	38	31	29
AT1G09683	0	0	0	0	0	0
AT1G09687	7	31	22	30	31	23
AT1G09690	3918	4285	4046	3410	4241	4351
AT1G09693	1	2	1	0	0	0
AT1G09697	0	0	0	0	0	0
AT1G09700	143	158	175	149	136	174
AT1G09703	0	0	0	0	0	0
AT1G09710	124	145	129	157	177	146
AT1G09713	0	0	0	0	0	0
AT1G09717	0	0	0	0	0	0
AT1G09720	0	1	1	0	0	0
AT1G09723	1	0	0	0	0	0
AT1G09730	657	690	631	673	510	621
AT1G09733	0	0	0	0	2	0
AT1G09737	0	0	0	0	0	0
AT1G09740	555	730	774	565	589	479
AT1G09743	0	0	0	0	0	0
AT1G09747	0	0	0	0	0	0
AT1G09750	871	764	863	1239	1428	1372
AT1G09753	3	4	12	5	8	9
AT1G09757	0	0	0	0	0	0
AT1G09760	381	440	402	462	479	494
AT1G09763	0	0	0	0	0	0
AT1G09767	0	0	0	0	0	0
AT1G09770	2152	2632	2317	2200	2169	2174
AT1G09773	0	0	0	0	0	0
AT1G09777	0	0	0	0	0	1
AT1G09780	3450	3534	3572	3319	2716	3063
AT1G09783	0	0	0	0	0	0
AT1G09787	1	1	0	2	0	0
AT1G09790	0	0	1	0	0	0
AT1G09793	0	0	0	0	0	0
AT1G09794	73	130	128	67	85	62
AT1G09795	783	875	794	899	836	952
AT1G09797	0	0	0	0	0	0
AT1G09800	57	63	50	68	65	85
AT1G09803	0	0	1	1	0	0
AT1G09807	0	0	0	0	0	0
AT1G09810	159	179	217	187	156	161
AT1G09812	14	21	10	28	19	28
AT1G09813	0	0	0	0	0	0
AT1G09815	351	444	426	348	427	330
AT1G09817	0	0	0	0	0	0
AT1G09820	45	48	35	57	40	57
AT1G09823	0	1	0	0	0	0
AT1G09827	0	0	0	0	0	0
AT1G09830	402	355	352	390	393	399
AT1G09833	0	0	0	0	0	0
AT1G09837	0	0	0	0	0	0
AT1G09840	519	598	561	643	559	593
AT1G09843	0	0	0	0	0	0
AT1G09847	0	0	0	0	0	0
AT1G09850	183	179	170	208	151	212
AT1G09853	0	0	0	0	0	0
AT1G09857	0	0	0	0	0	0
AT1G09860	0	0	0	0	0	0
AT1G09863	16	21	23	31	18	20
AT1G09867	1	8	2	2	1	4
AT1G09870	413	441	424	461	371	397
AT1G09873	0	0	0	0	0	0
AT1G09877	0	0	0	0	0	0
AT1G09880	1	2	4	1	1	3
AT1G09883	0	0	0	0	0	0
AT1G09887	0	0	0	0	0	0
AT1G09890	7	9	4	17	1	6
AT1G09893	0	0	0	0	0	0
AT1G09897	5	7	5	12	6	3
AT1G09900	199	189	183	252	264	246
AT1G09903	0	0	0	0	0	0
AT1G09907	0	1	0	1	1	0
AT1G09910	381	520	421	512	394	406
AT1G09913	1	0	0	1	1	2
AT1G09917	5	7	3	7	7	3
AT1G09920	524	574	569	416	478	392
AT1G09923	0	0	0	0	0	1
AT1G09927	0	0	0	0	0	0
AT1G09930	20	49	38	8	4	5
AT1G09932	303	514	572	48	61	69
AT1G09935	3	4	11	0	2	0
AT1G09937	2	0	5	1	1	0
AT1G09940	944	1163	1349	683	650	560
AT1G09947	1	0	0	0	0	0
AT1G09950	3	3	5	4	2	2
AT1G09953	0	0	0	0	0	0
AT1G09957	0	0	0	0	0	0
AT1G09960	117	126	118	93	68	95
AT1G09963	0	0	1	0	1	0
AT1G09967	0	0	0	0	0	0
AT1G09970	6804	8692	9210	3222	3465	3199
AT1G09973	0	0	0	0	0	0
AT1G09977	0	0	0	0	0	0
AT1G09980	488	591	528	515	428	557
AT1G09983	0	0	0	0	0	0
AT1G09987	0	0	0	1	0	2
AT1G09993	2	6	0	14	6	13
AT1G09995	54	92	63	60	69	70
AT1G09997	0	0	0	0	0	0
AT1G10000	13	7	12	12	19	8
AT1G10010	0	0	0	0	0	0
AT1G10020	441	482	444	361	467	332
AT1G10030	155	144	179	164	157	160
AT1G10040	58	106	99	39	51	58
AT1G10050	309	363	355	194	138	176
AT1G10060	502	685	636	386	307	348
AT1G10070	4632	6658	5534	2001	3241	1816
AT1G10090	355	442	431	427	393	414
AT1G10095	68	87	74	95	93	87
AT1G10100	0	0	2	0	0	0
AT1G10110	0	1	0	5	1	0
AT1G10120	180	193	179	219	219	253
AT1G10130	834	984	855	851	614	842
AT1G10140	501	722	737	335	298	330
AT1G10150	0	0	0	0	0	0
AT1G10155	13	13	6	8	15	12
AT1G10170	1172	1360	1505	1191	983	1012
AT1G10180	233	260	271	279	238	323
AT1G10190	0	0	0	0	0	0
AT1G10200	1262	1525	1320	1718	1788	1561
AT1G10210	119	147	131	170	136	138
AT1G10220	9	15	12	7	10	5
AT1G10225	2	3	3	2	2	1
AT1G10230	84	76	85	82	98	86
AT1G10240	99	93	104	117	121	111
AT1G10250	0	0	0	0	0	0
AT1G10270	241	195	234	300	241	293
AT1G10280	47	53	59	57	33	56
AT1G10290	1316	1529	1589	1168	974	1142
AT1G10300	4	5	5	5	9	11
AT1G10310	222	250	186	219	277	241
AT1G10320	391	521	449	516	424	488
AT1G10330	19	23	16	19	28	32
AT1G10340	103	136	140	125	94	102
AT1G10350	170	184	178	210	174	168
AT1G10360	52	49	43	104	89	100
AT1G10370	41	53	41	27	13	31
AT1G10380	27	40	39	76	47	59
AT1G10385	0	0	0	0	2	1
AT1G10390	1610	1842	1770	1674	1386	1596
AT1G10395	0	0	0	0	0	0
AT1G10400	1	6	7	3	1	2
AT1G10410	822	1032	967	626	553	585
AT1G10417	22	28	20	23	23	28
AT1G10430	456	506	452	377	394	405
AT1G10440	0	0	0	0	0	0
AT1G10450	628	646	656	651	510	585
AT1G10455	0	0	0	0	0	0
AT1G10460	2	3	0	4	5	3
AT1G10470	290	289	397	673	830	634
AT1G10480	46	30	38	65	85	44
AT1G10490	297	328	332	421	394	455
AT1G10500	634	816	749	566	571	616
AT1G10510	520	540	556	585	529	617
AT1G10520	49	49	60	61	55	45
AT1G10522	167	147	148	237	264	274
AT1G10530	4	5	4	6	1	4
AT1G10540	10	5	5	14	2	8
AT1G10550	42	44	38	43	62	44
AT1G10560	7	7	9	2	13	6
AT1G10570	754	764	689	738	643	704
AT1G10580	764	715	922	650	540	610
AT1G10585	190	282	395	34	18	20
AT1G10586	0	0	0	0	0	0
AT1G10588	0	0	0	0	0	0
AT1G10590	1474	1756	1584	1399	1620	1468
AT1G10600	248	302	193	264	251	257
AT1G10610	92	117	98	135	122	137
AT1G10620	0	0	0	0	0	0
AT1G10630	825	917	850	678	759	798
AT1G10640	16	12	23	40	26	48
AT1G10650	177	296	237	108	110	124
AT1G10657	14	16	7	16	12	27
AT1G10660	504	565	457	552	537	525
AT1G10670	2822	3259	3189	2804	2444	2579
AT1G10680	0	0	2	0	1	1
AT1G10682	562	790	563	820	719	891
AT1G10690	30	47	36	32	23	29
AT1G10700	784	1068	1206	404	377	360
AT1G10710	3	2	2	1	1	4
AT1G10715	0	0	0	0	0	0
AT1G10717	0	0	0	0	0	0
AT1G10720	317	413	425	331	343	309
AT1G10730	174	236	149	191	176	164
AT1G10740	281	313	331	239	250	231
AT1G10745	0	0	0	0	0	0
AT1G10747	1	0	0	0	0	0
AT1G10750	19	9	16	27	11	32
AT1G10760	3334	3869	3654	6085	4654	5051
AT1G10770	12	15	7	13	22	15
AT1G10780	26	36	33	56	60	45
AT1G10790	6	1	4	3	2	1
AT1G10800	1	3	0	0	1	0
AT1G10810	7	9	11	12	12	10
AT1G10820	164	242	214	241	252	283
AT1G10830	253	267	272	284	271	242
AT1G10840	1582	1738	1562	1532	1562	1602
AT1G10850	110	131	121	179	172	188
AT1G10865	206	327	270	263	319	227
AT1G10870	373	431	337	498	366	461
AT1G10875	0	0	0	0	0	0
AT1G10880	0	1	0	0	0	0
AT1G10890	977	1262	1064	1131	1153	1100
AT1G10900	305	323	332	259	169	233
AT1G10910	352	436	422	499	401	487
AT1G10920	111	157	138	120	133	110
AT1G10930	285	280	242	350	233	335
AT1G10940	996	1172	1035	988	1106	972
AT1G10950	2048	2225	2075	2252	1897	2071
AT1G10960	489	553	540	620	529	561
AT1G10970	87	89	103	140	139	131
AT1G10980	1	0	1	0	0	0
AT1G10990	166	242	198	78	121	113
AT1G11000	130	178	149	176	136	179
AT1G11010	0	0	0	0	0	0
AT1G11020	200	266	210	182	196	175
AT1G11030	0	0	0	0	0	0
AT1G11040	0	1	0	0	0	1
AT1G11050	0	0	0	0	0	0
AT1G11060	292	346	348	347	266	337
AT1G11070	17	7	14	28	34	22
AT1G11080	134	211	134	57	65	60
AT1G11090	0	0	0	0	0	0
AT1G11100	59	85	100	59	30	46
AT1G11110	0	0	1	0	1	0
AT1G11112	2	3	4	6	4	6
AT1G11120	16	20	22	20	30	37
AT1G11125	14	4	6	8	3	10
AT1G11130	49	66	42	160	111	185
AT1G11145	0	0	0	0	0	0
AT1G11160	13	13	20	21	22	30
AT1G11170	25	27	31	26	31	31
AT1G11175	215	316	202	268	297	230
AT1G11180	190	271	216	219	242	184
AT1G11185	20	20	16	23	25	30
AT1G11190	20	17	26	12	6	11
AT1G11200	330	399	436	236	211	269
AT1G11210	109	144	97	154	119	144
AT1G11220	7	9	16	21	10	23
AT1G11230	0	3	0	0	0	0
AT1G11240	436	568	530	500	517	546
AT1G11250	0	0	0	0	0	0
AT1G11260	7479	9000	8280	5654	6253	6137
AT1G11270	59	50	46	61	53	57
AT1G11280	330	336	306	404	355	439
AT1G11290	42	75	84	97	68	102
AT1G11300	54	75	93	133	99	136
AT1G11303	88	115	123	124	97	104
AT1G11310	2817	3516	3705	2162	1691	2021
AT1G11320	69	57	44	53	59	42
AT1G11330	539	731	724	342	342	370
AT1G11340	107	145	86	88	71	97
AT1G11350	869	1137	882	930	916	781
AT1G11360	515	699	510	562	619	570
AT1G11362	30	33	19	13	13	21
AT1G11370	4	3	10	0	0	3
AT1G11380	328	394	367	315	444	278
AT1G11390	305	326	298	316	279	299
AT1G11400	340	415	408	322	348	305
AT1G11410	58	105	77	94	87	100
AT1G11420	23	43	22	53	29	54
AT1G11430	797	771	805	931	877	874
AT1G11440	90	113	101	85	120	111
AT1G11450	30	35	33	48	52	62
AT1G11460	4	2	0	6	8	8
AT1G11470	0	0	0	0	0	0
AT1G11475	321	389	320	348	383	358
AT1G11480	1180	1334	1389	1173	1057	1093
AT1G11490	0	0	0	3	0	0
AT1G11500	2	1	2	1	3	0
AT1G11510	0	0	0	0	0	0
AT1G11520	0	0	0	0	0	0
AT1G11530	386	503	355	433	448	422
AT1G11540	13	18	20	19	19	31
AT1G11545	307	338	262	387	522	421
AT1G11550	0	0	0	0	0	0
AT1G11560	0	2	1	0	0	0
AT1G11570	5	2	3	15	3	3
AT1G11572	0	0	0	0	0	0
AT1G11580	498	480	607	432	566	582
AT1G11590	0	0	0	0	0	0
AT1G11591	0	0	0	0	0	0
AT1G11592	48	64	54	69	63	70
AT1G11593	0	0	0	0	0	0
AT1G11600	56	70	44	185	99	199
AT1G11608	0	0	0	0	0	0
AT1G11610	2	0	0	0	0	0
AT1G11620	0	0	0	0	0	0
AT1G11630	90	118	94	89	93	100
AT1G11640	0	0	0	0	0	0
AT1G11650	4919	5493	5349	4094	4209	3856
AT1G11655	1	5	2	4	4	1
AT1G11660	596	638	639	585	506	548
AT1G11670	154	197	210	251	243	268
AT1G11680	1143	1388	1306	1181	1164	1162
AT1G11684	0	0	0	0	0	0
AT1G11690	0	0	0	0	0	0
AT1G11700	75	97	81	129	132	111
AT1G11710	35	40	53	59	49	51
AT1G11720	343	388	361	479	441	472
AT1G11730	13	12	12	20	13	16
AT1G11735	4	4	4	2	6	3
AT1G11740	33	27	18	26	54	24
AT1G11750	900	986	946	947	1025	965
AT1G11755	149	197	174	181	169	140
AT1G11760	91	98	99	83	128	98
AT1G11765	0	0	0	0	0	0
AT1G11770	0	0	0	0	0	0
AT1G11780	188	167	166	201	187	176
AT1G11785	0	1	3	0	3	0
AT1G11790	240	266	286	177	163	159
AT1G11800	103	132	106	112	106	92
AT1G11810	0	0	0	0	0	1
AT1G11820	615	707	601	728	762	675
AT1G11840	855	1090	1089	1316	1309	1245
AT1G11850	60	91	101	103	117	92
AT1G11860	3864	4190	3964	5862	5871	5242
AT1G11870	384	330	390	404	390	394
AT1G11880	64	73	78	91	93	97
AT1G11890	466	459	457	371	378	348
AT1G11900	12	24	18	13	16	11
AT1G11905	206	299	279	158	169	157
AT1G11910	6385	7951	6784	8035	6696	6878
AT1G11915	2	0	2	7	2	4
AT1G11920	0	0	0	0	0	0
AT1G11925	75	167	161	0	0	1
AT1G11930	701	931	889	930	934	849
AT1G11940	66	74	72	58	53	59
AT1G11950	181	162	142	167	138	183
AT1G11960	141	148	171	151	133	131
AT1G11970	0	0	0	0	0	0
AT1G11980	0	0	0	0	0	0
AT1G11990	0	2	0	5	1	1
AT1G12000	902	1047	1046	879	764	859
AT1G12010	51	44	76	63	72	113
AT1G12013	0	1	0	0	2	2
AT1G12015	0	0	0	0	0	0
AT1G12020	57	114	78	109	135	102
AT1G12030	0	51	28	0	31	3
AT1G12040	44	25	88	18	27	20
AT1G12050	744	950	761	694	646	657
AT1G12060	31	50	45	39	40	39
AT1G12064	0	0	0	0	1	1
AT1G12070	4	3	7	10	3	3
AT1G12080	751	633	479	653	670	844
AT1G12090	2883	3506	2908	3823	5413	3915
AT1G12100	1	8	6	4	6	6
AT1G12110	3540	4296	3585	5066	3287	3994
AT1G12120	643	847	753	799	911	805
AT1G12130	1	2	1	4	2	5
AT1G12140	409	431	410	404	345	293
AT1G12150	0	0	0	0	0	0
AT1G12160	22	17	27	35	28	35
AT1G12170	0	0	0	0	0	0
AT1G12180	0	0	1	0	0	0
AT1G12190	0	0	0	0	0	0
AT1G12200	1182	1500	1775	684	459	661
AT1G12210	13	17	7	19	18	14
AT1G12211	0	0	0	0	0	0
AT1G12220	225	260	255	203	147	179
AT1G12230	1710	1951	1795	1978	1799	1769
AT1G12240	1340	1657	1544	768	900	954
AT1G12244	37	44	45	41	40	45
AT1G12250	232	264	271	346	404	316
AT1G12260	10	11	21	20	6	7
AT1G12270	653	839	712	770	650	690
AT1G12280	48	63	39	51	55	77
AT1G12290	54	64	65	91	69	79
AT1G12294	0	0	0	0	0	0
AT1G12300	36	49	45	85	62	52
AT1G12310	0	0	0	0	0	0
AT1G12320	58	92	82	42	44	38
AT1G12330	142	154	143	195	191	208
AT1G12340	0	1	5	0	2	5
AT1G12350	245	355	270	310	292	302
AT1G12360	1228	1449	1445	985	885	898
AT1G12370	37	54	53	44	55	44
AT1G12380	27	35	35	41	34	34
AT1G12390	179	228	209	179	206	170
AT1G12400	64	82	65	63	55	54
AT1G12410	1727	2042	1880	1806	1954	1767
AT1G12411	0	0	0	0	0	0
AT1G12420	52	55	47	77	64	60
AT1G12430	397	468	410	509	385	485
AT1G12440	1679	2090	1533	1673	2103	1715
AT1G12450	98	115	102	109	112	119
AT1G12460	145	133	117	185	174	188
AT1G12470	583	703	668	636	509	596
AT1G12480	22	12	27	18	22	26
AT1G12490	1	0	3	0	3	1
AT1G12500	464	520	434	474	583	457
AT1G12510	0	0	0	0	0	0
AT1G12520	1288	1260	1315	1088	1379	974
AT1G12530	180	191	133	176	162	155
AT1G12540	0	0	0	0	0	0
AT1G12550	46	45	32	30	24	33
AT1G12560	14	14	37	24	21	11
AT1G12570	2	5	1	3	7	7
AT1G12580	747	952	912	734	733	741
AT1G12590	0	0	0	0	0	0
AT1G12600	1	2	3	3	4	1
AT1G12610	0	0	0	0	0	2
AT1G12615	0	0	0	0	0	0
AT1G12620	69	56	59	80	74	86
AT1G12630	2	1	0	4	1	6
AT1G12640	509	662	553	408	353	436
AT1G12650	320	391	353	259	286	301
AT1G12660	0	0	0	0	0	0
AT1G12663	0	0	0	0	0	0
AT1G12665	0	0	1	0	0	0
AT1G12672	0	0	0	0	0	0
AT1G12680	289	367	315	303	246	296
AT1G12700	43	62	33	89	70	74
AT1G12710	128	193	141	138	178	132
AT1G12730	111	157	99	166	158	180
AT1G12740	14	13	37	37	30	19
AT1G12750	382	521	439	391	401	363
AT1G12760	1063	1231	1207	774	740	790
AT1G12770	614	521	557	658	563	664
AT1G12775	27	19	18	29	33	46
AT1G12780	2608	3260	2432	2291	2374	1965
AT1G12790	206	219	211	115	116	132
AT1G12800	1288	1128	1216	1541	1226	1437
AT1G12805	2	0	5	0	1	2
AT1G12810	277	322	320	248	339	273
AT1G12820	308	344	313	484	341	424
AT1G12830	0	0	0	0	0	0
AT1G12840	1634	2002	1684	1648	1516	1661
AT1G12845	31	59	57	51	44	70
AT1G12850	496	536	480	548	512	519
AT1G12855	1	2	0	4	0	0
AT1G12860	207	253	227	299	287	319
AT1G12870	0	0	0	0	0	0
AT1G12880	74	98	95	52	47	45
AT1G12890	0	1	0	2	1	4
AT1G12900	2856	2838	2538	4009	4510	3974
AT1G12910	383	417	399	347	426	356
AT1G12920	1420	1669	1524	1432	1536	1486
AT1G12930	387	455	438	465	387	457
AT1G12940	2	7	7	7	6	8
AT1G12950	32	25	28	20	39	28
AT1G12960	0	0	0	0	0	0
AT1G12970	170	181	150	174	171	191
AT1G12980	0	2	2	0	1	8
AT1G12990	118	130	125	139	153	160
AT1G13000	445	541	541	378	334	355
AT1G13010	0	0	0	0	0	0
AT1G13020	658	681	712	590	524	624
AT1G13030	132	121	97	198	183	171
AT1G13040	84	95	78	139	93	104
AT1G13050	52	67	30	59	71	57
AT1G13060	1182	1283	1254	1305	1408	1300
AT1G13080	88	87	84	164	120	155
AT1G13090	146	249	167	245	245	217
AT1G13100	389	505	431	364	335	431
AT1G13110	3080	4508	3643	3204	3213	3249
AT1G13120	437	512	471	528	450	534
AT1G13130	2	0	1	4	0	0
AT1G13140	6	14	14	15	17	16
AT1G13143	0	0	0	0	0	0
AT1G13150	8	19	14	11	21	21
AT1G13160	473	509	559	495	402	563
AT1G13170	393	419	372	524	373	500
AT1G13180	224	282	279	177	185	211
AT1G13190	595	747	699	537	472	553
AT1G13195	221	338	308	166	158	142
AT1G13200	0	0	0	0	0	0
AT1G13210	2267	3094	3413	730	591	690
AT1G13220	296	371	368	354	310	347
AT1G13230	0	2	1	0	1	1
AT1G13240	0	0	0	0	0	0
AT1G13245	1411	1861	1148	1376	1142	1292
AT1G13250	133	120	105	156	159	167
AT1G13260	2192	2452	1985	1760	1716	1703
AT1G13270	792	858	826	793	823	784
AT1G13280	159	249	173	220	170	207
AT1G13290	0	0	0	0	0	0
AT1G13300	260	273	231	571	348	514
AT1G13310	3	1	1	4	2	5
AT1G13320	881	965	897	897	656	736
AT1G13330	24	26	39	55	50	43
AT1G13340	188	255	381	49	55	51
AT1G13350	754	879	794	703	576	711
AT1G13360	507	655	588	446	419	451
AT1G13370	4	0	0	1	3	1
AT1G13380	312	411	354	405	402	396
AT1G13390	483	724	514	361	463	362
AT1G13400	1	7	2	12	11	11
AT1G13410	29	43	21	37	43	42
AT1G13420	22	29	26	36	56	36
AT1G13430	15	41	21	42	37	29
AT1G13440	5437	6665	5990	6843	6520	6393
AT1G13448	9	17	8	20	22	20
AT1G13450	453	584	520	430	431	504
AT1G13460	231	291	304	232	225	227
AT1G13470	3	6	1	1	8	0
AT1G13480	174	195	242	179	142	219
AT1G13485	0	0	0	0	0	0
AT1G13490	11	14	16	15	10	9
AT1G13500	4	4	4	6	14	11
AT1G13510	36	16	28	14	21	31
AT1G13520	741	1113	1148	206	153	169
AT1G13530	67	95	119	60	54	60
AT1G13540	37	39	45	27	22	71
AT1G13550	28	32	44	31	10	25
AT1G13560	722	797	686	773	738	798
AT1G13570	250	305	249	267	311	260
AT1G13580	137	137	154	111	114	111
AT1G13590	43	32	44	36	50	30
AT1G13600	2	3	1	2	1	5
AT1G13605	0	0	0	0	0	0
AT1G13607	0	0	0	0	3	0
AT1G13608	0	9	7	1	8	2
AT1G13609	29	299	170	83	430	54
AT1G13610	0	1	0	0	0	1
AT1G13620	0	0	0	0	5	2
AT1G13630	70	65	78	93	69	54
AT1G13635	1	4	1	6	6	4
AT1G13640	1103	1343	1131	1277	1437	1124
AT1G13650	3	1	3	1	6	10
AT1G13670	75	59	56	97	78	132
AT1G13680	0	0	0	0	1	1
AT1G13690	149	198	191	195	213	155
AT1G13700	226	226	211	208	230	266
AT1G13710	142	162	150	261	178	259
AT1G13720	0	0	0	0	0	0
AT1G13730	191	196	208	238	258	298
AT1G13740	52	55	64	101	89	112
AT1G13750	54	87	75	75	54	75
AT1G13755	0	0	0	0	0	0
AT1G13760	0	0	0	0	0	0
AT1G13770	204	201	186	197	175	207
AT1G13780	84	92	94	87	97	100
AT1G13790	43	66	54	80	73	66
AT1G13800	25	16	18	43	27	30
AT1G13805	0	0	0	0	0	0
AT1G13810	108	104	110	98	132	93
AT1G13820	233	273	213	332	313	282
AT1G13825	0	0	2	0	0	0
AT1G13830	34	36	36	33	32	34
AT1G13840	0	0	0	0	0	0
AT1G13850	0	0	0	0	0	0
AT1G13860	177	194	199	274	169	206
AT1G13870	179	171	191	172	186	160
AT1G13880	266	386	356	303	278	261
AT1G13890	0	0	0	0	0	0
AT1G13900	245	316	361	286	253	286
AT1G13910	84	93	103	68	89	74
AT1G13920	47	85	59	140	120	124
AT1G13930	2958	3720	2936	5900	5218	5314
AT1G13940	261	269	260	318	252	299
AT1G13950	44	49	32	54	76	70
AT1G13960	575	640	604	481	459	431
AT1G13970	20	11	17	31	28	30
AT1G13980	661	801	741	807	722	779
AT1G13990	720	1186	1084	535	521	446
AT1G14000	801	1064	1065	677	517	566
AT1G14010	348	370	380	282	276	273
AT1G14020	288	362	331	276	250	278
AT1G14030	232	194	222	316	272	295
AT1G14040	678	847	1026	143	130	178
AT1G14048	0	0	0	0	0	0
AT1G14060	275	343	289	227	248	245
AT1G14071	8	11	8	12	11	11
AT1G14080	14	6	16	40	23	37
AT1G14100	0	0	0	0	0	0
AT1G14110	0	0	0	0	0	0
AT1G14120	71	99	78	75	103	81
AT1G14130	188	221	232	170	165	138
AT1G14140	185	178	166	174	181	179
AT1G14150	171	189	159	275	355	248
AT1G14160	13	22	18	18	30	23
AT1G14170	489	721	649	381	356	328
AT1G14180	31	52	57	55	40	64
AT1G14185	1	3	8	10	7	5
AT1G14190	3	4	3	8	2	5
AT1G14200	173	236	236	107	170	127
AT1G14205	23	27	23	42	38	46
AT1G14210	666	796	645	699	600	648
AT1G14220	4	3	6	9	1	1
AT1G14230	373	526	400	435	361	370
AT1G14240	17	12	9	17	10	21
AT1G14250	0	1	0	0	0	0
AT1G14260	53	134	86	14	15	10
AT1G14270	459	453	497	558	582	534
AT1G14280	235	271	208	334	322	300
AT1G14290	283	333	296	263	351	302
AT1G14300	229	276	261	228	237	221
AT1G14310	114	110	136	110	134	95
AT1G14315	0	0	1	0	2	0
AT1G14320	6794	6984	7384	5324	6027	6141
AT1G14330	433	568	628	237	261	295
AT1G14340	112	153	111	149	157	137
AT1G14345	120	137	100	215	225	197
AT1G14350	65	87	77	98	73	106
AT1G14360	373	406	389	191	165	235
AT1G14370	487	690	688	307	267	252
AT1G14380	361	400	361	567	398	477
AT1G14390	15	21	17	21	9	21
AT1G14400	1541	1952	1656	1616	1767	1459
AT1G14410	146	155	159	206	215	208
AT1G14420	5	8	5	4	2	2
AT1G14430	38	35	34	29	44	48
AT1G14440	56	74	62	87	57	108
AT1G14450	89	89	98	72	135	103
AT1G14453	0	0	3	1	0	0
AT1G14455	1	2	2	4	2	0
AT1G14460	187	187	177	220	141	209
AT1G14470	23	30	38	51	24	40
AT1G14480	37	36	52	46	56	43
AT1G14490	7	5	7	19	9	9
AT1G14500	0	0	0	0	0	1
AT1G14510	841	1003	954	731	743	712
AT1G14518	0	0	0	0	0	0
AT1G14520	23	22	15	18	42	20
AT1G14530	102	154	169	95	99	96
AT1G14540	1237	1574	2012	393	188	328
AT1G14550	621	1032	1062	117	51	78
AT1G14560	194	196	226	220	195	226
AT1G14570	760	888	879	847	753	717
AT1G14580	197	196	205	211	217	198
AT1G14590	90	126	93	165	165	132
AT1G14600	34	38	31	38	31	33
AT1G14610	1538	1692	1723	1880	1481	1714
AT1G14620	212	198	197	209	250	243
AT1G14630	8	9	14	18	14	18
AT1G14640	327	486	462	155	135	151
AT1G14642	18	31	31	24	16	17
AT1G14650	1046	1324	1352	1105	1004	1173
AT1G14660	133	158	177	169	145	175
AT1G14670	1463	1658	1576	1410	1062	1327
AT1G14680	29	26	31	30	21	40
AT1G14685	574	732	574	721	772	813
AT1G14686	1	0	0	0	0	0
AT1G14687	51	30	33	25	29	54
AT1G14688	0	0	0	0	0	0
AT1G14690	459	543	448	461	400	503
AT1G14700	80	75	65	111	88	106
AT1G14710	945	1030	1075	1305	1130	1376
AT1G14720	669	831	736	910	881	895
AT1G14730	49	48	43	90	64	98
AT1G14740	1837	2290	2076	1777	1654	1621
AT1G14750	6	7	2	5	4	10
AT1G14755	1	0	0	0	0	0
AT1G14760	10	20	11	10	15	23
AT1G14770	79	123	95	91	83	99
AT1G14780	159	184	193	133	97	122
AT1G14790	145	244	208	225	171	182
AT1G14800	0	0	0	0	0	0
AT1G14810	973	1125	1085	860	892	869
AT1G14820	276	354	286	277	278	252
AT1G14830	1073	1129	1284	1054	774	941
AT1G14840	259	280	225	400	323	329
AT1G14850	730	765	742	792	630	796
AT1G14860	248	390	333	211	242	177
AT1G14870	5551	8110	8522	2118	1922	1902
AT1G14880	19	101	84	7	40	2
AT1G14890	449	540	438	418	371	446
AT1G14900	401	461	371	465	572	599
AT1G14910	490	627	554	646	579	615
AT1G14920	310	398	305	510	501	538
AT1G14930	8	1	10	5	14	7
AT1G14940	0	0	0	0	11	0
AT1G14950	0	0	3	0	12	1
AT1G14960	11	2	4	17	14	9
AT1G14970	135	132	157	203	190	197
AT1G14980	500	586	507	464	602	557
AT1G14990	115	148	122	147	143	113
AT1G15000	0	0	0	0	0	0
AT1G15002	0	1	0	0	1	0
AT1G15010	52	91	141	14	28	19
AT1G15015	0	0	0	0	0	0
AT1G15020	388	485	407	451	419	370
AT1G15030	647	742	646	477	428	484
AT1G15040	412	475	514	159	180	147
AT1G15050	2	5	4	5	3	3
AT1G15060	243	331	297	284	214	292
AT1G15080	25	26	21	30	29	35
AT1G15085	0	8	1	1	3	3
AT1G15090	0	1	2	0	0	0
AT1G15100	116	173	133	179	178	191
AT1G15110	306	438	417	202	163	219
AT1G15120	1147	1550	1223	937	1328	985
AT1G15125	2656	4096	3495	1069	1062	1076
AT1G15130	1462	1668	1725	1331	1110	1215
AT1G15140	725	799	841	550	584	599
AT1G15150	0	0	0	1	0	0
AT1G15160	51	57	48	51	57	44
AT1G15165	53	53	43	53	51	60
AT1G15170	216	292	354	165	176	136
AT1G15175	14	15	13	24	30	14
AT1G15180	393	423	367	373	502	403
AT1G15190	10	15	15	13	9	13
AT1G15200	1043	1196	1156	1242	1312	1275
AT1G15210	78	87	146	214	129	196
AT1G15215	119	123	101	91	110	99
AT1G15220	90	96	79	93	118	109
AT1G15230	267	376	333	331	479	355
AT1G15240	911	1132	1035	956	870	937
AT1G15250	169	181	144	188	254	258
AT1G15260	238	276	206	382	431	339
AT1G15270	1218	1795	1484	1331	1621	1204
AT1G15280	1370	1658	1503	1650	1387	1571
AT1G15290	621	670	640	860	778	867
AT1G15310	168	209	168	193	170	171
AT1G15320	0	1	0	1	0	0
AT1G15330	18	21	11	4	6	8
AT1G15340	1168	1200	1101	1304	1172	1345
AT1G15350	744	1161	870	829	856	743
AT1G15360	0	0	0	1	0	0
AT1G15370	355	447	409	362	368	371
AT1G15380	565	784	807	380	379	345
AT1G15385	33	64	49	5	0	7
AT1G15390	353	341	330	305	368	335
AT1G15400	848	1282	1085	839	929	754
AT1G15405	0	0	0	0	0	0
AT1G15410	278	326	295	296	294	239
AT1G15415	126	176	172	11	19	13
AT1G15420	342	371	367	336	350	420
AT1G15430	306	452	450	121	165	145
AT1G15440	507	538	559	724	653	737
AT1G15450	0	0	0	0	0	0
AT1G15460	2	0	0	2	10	5
AT1G15470	190	184	199	199	207	162
AT1G15480	154	182	147	218	237	200
AT1G15490	197	193	231	239	171	209
AT1G15500	2535	2808	2799	3284	3347	3273
AT1G15510	116	115	115	190	155	179
AT1G15520	917	1707	3225	42	77	44
AT1G15530	444	605	590	343	362	329
AT1G15540	0	2	3	0	0	0
AT1G15550	32	38	33	60	48	48
AT1G15570	65	54	67	77	51	105
AT1G15580	0	1	0	1	1	2
AT1G15590	0	0	0	0	0	0
AT1G15600	0	0	0	0	0	0
AT1G15610	0	0	0	0	0	1
AT1G15620	0	0	0	1	1	0
AT1G15625	284	422	382	34	26	23
AT1G15630	3	0	4	4	4	6
AT1G15640	1	2	6	11	13	16
AT1G15650	0	0	0	0	0	0
AT1G15660	234	254	241	281	224	242
AT1G15670	2015	2648	2139	1381	1491	1382
AT1G15680	0	0	0	0	0	0
AT1G15690	9703	10507	10151	9364	8118	9299
AT1G15700	0	0	0	0	0	0
AT1G15710	141	171	183	167	144	149
AT1G15720	0	1	0	0	0	0
AT1G15730	566	615	550	618	693	592
AT1G15740	1142	1689	1353	1465	1127	1252
AT1G15750	3230	3904	3762	2502	2082	2407
AT1G15757	0	0	0	0	0	0
AT1G15760	3	3	3	4	5	10
AT1G15770	0	0	1	0	0	0
AT1G15772	1	1	4	7	5	3
AT1G15780	753	926	1034	790	547	672
AT1G15790	39	58	55	41	43	39
AT1G15800	212	279	275	195	210	179
AT1G15810	332	353	329	433	352	391
AT1G15820	4041	4402	4068	6734	8686	5903
AT1G15825	1	3	4	1	3	2
AT1G15830	41	43	39	36	56	57
AT1G15840	13	12	12	17	14	11
AT1G15850	0	0	0	0	0	0
AT1G15860	375	483	452	345	377	337
AT1G15870	11	17	12	20	28	24
AT1G15880	455	633	473	457	516	513
AT1G15885	43	65	48	44	49	45
AT1G15890	97	127	132	106	68	83
AT1G15900	28	32	41	23	16	20
AT1G15910	278	365	321	348	331	356
AT1G15920	203	301	238	241	281	237
AT1G15930	1626	1738	1915	1521	2044	1867
AT1G15940	336	396	380	413	390	421
AT1G15950	187	220	238	187	136	145
AT1G15960	90	139	120	83	70	89
AT1G15970	111	131	114	140	150	136
AT1G15980	229	200	193	444	416	381
AT1G15990	0	0	0	0	0	1
AT1G16000	160	206	207	215	251	202
AT1G16010	534	698	627	574	627	619
AT1G16020	172	179	159	218	231	273
AT1G16022	1	0	0	3	3	0
AT1G16025	0	0	0	0	0	0
AT1G16030	182	149	187	104	114	129
AT1G16040	136	218	138	154	173	151
AT1G16060	5	9	9	16	14	18
AT1G16070	10	10	4	21	8	17
AT1G16080	370	421	390	419	477	436
AT1G16090	41	92	83	50	62	43
AT1G16100	0	0	0	0	0	0
AT1G16110	212	267	252	244	198	221
AT1G16120	7	14	11	18	16	30
AT1G16130	338	308	326	129	123	149
AT1G16150	28	19	35	56	23	21
AT1G16160	8	5	4	20	7	11
AT1G16170	202	233	191	308	304	271
AT1G16180	2228	2648	2696	2128	1701	1734
AT1G16190	240	225	236	275	268	312
AT1G16210	1059	1242	1091	866	963	741
AT1G16220	48	68	50	68	52	59
AT1G16225	0	3	0	1	1	2
AT1G16230	0	1	0	1	0	0
AT1G16240	973	1391	1062	1021	1009	914
AT1G16250	247	302	254	313	275	255
AT1G16260	149	198	184	126	128	127
AT1G16270	365	400	414	396	283	431
AT1G16280	173	175	174	226	180	210
AT1G16290	1	2	0	1	0	0
AT1G16300	253	321	371	98	120	133
AT1G16310	31	40	44	26	21	22
AT1G16320	307	348	261	348	354	355
AT1G16330	17	20	22	35	17	39
AT1G16340	172	225	192	233	225	230
AT1G16350	472	561	509	656	646	686
AT1G16360	11	11	6	11	9	9
AT1G16370	69	85	73	61	45	63
AT1G16380	0	0	0	0	0	0
AT1G16390	97	120	87	69	153	86
AT1G16400	39	43	42	44	71	67
AT1G16410	13	11	5	13	7	30
AT1G16420	36	100	109	2	1	1
AT1G16430	51	57	63	62	68	68
AT1G16440	6	10	4	6	3	7
AT1G16445	71	87	101	77	74	71
AT1G16450	0	0	0	0	0	0
AT1G16460	555	676	564	651	727	649
AT1G16470	831	1134	881	849	989	807
AT1G16480	66	60	61	76	55	92
AT1G16489	1	0	0	0	0	0
AT1G16490	0	0	0	0	0	0
AT1G16500	55	94	67	49	61	47
AT1G16510	89	118	97	51	89	57
AT1G16515	3	5	4	7	12	8
AT1G16520	132	127	143	126	119	158
AT1G16530	0	3	4	7	7	4
AT1G16540	394	608	553	344	301	304
AT1G16560	624	704	678	642	661	680
AT1G16570	262	313	252	261	240	260
AT1G16590	39	60	59	71	79	57
AT1G16610	655	743	727	698	725	646
AT1G16630	26	27	36	58	47	70
AT1G16635	1	0	2	6	0	2
AT1G16640	13	11	14	9	2	7
AT1G16650	190	252	214	175	211	188
AT1G16670	401	555	529	220	205	218
AT1G16680	287	342	289	380	371	381
AT1G16690	117	145	115	175	112	139
AT1G16700	671	822	763	639	703	589
AT1G16705	0	5	4	1	2	2
AT1G16710	698	897	776	874	494	706
AT1G16720	501	591	462	912	910	666
AT1G16730	13	19	18	33	31	22
AT1G16740	410	472	469	423	429	426
AT1G16750	125	150	128	202	161	163
AT1G16760	0	0	0	0	0	0
AT1G16770	3	2	4	3	8	1
AT1G16780	218	239	178	263	224	281
AT1G16790	0	0	0	1	0	1
AT1G16800	189	189	177	232	166	223
AT1G16810	726	919	741	752	868	718
AT1G16820	35	44	25	31	51	33
AT1G16825	67	79	60	81	84	90
AT1G16830	28	31	26	49	50	33
AT1G16840	452	578	544	498	499	420
AT1G16850	6	2	3	12	18	13
AT1G16860	423	494	458	517	438	513
AT1G16870	405	455	480	432	340	458
AT1G16880	2438	2825	2356	3353	3463	3077
AT1G16890	893	1185	1150	876	892	874
AT1G16900	215	233	229	232	202	242
AT1G16905	0	0	1	1	0	0
AT1G16910	1	2	4	0	4	2
AT1G16916	149	202	162	160	201	181
AT1G16920	319	398	312	375	409	403
AT1G16930	69	90	91	107	85	108
AT1G16940	0	0	0	0	0	0
AT1G16945	0	0	0	0	0	0
AT1G16950	0	0	0	0	0	0
AT1G16960	106	160	107	131	148	111
AT1G16970	176	180	180	196	174	212
AT1G16980	0	0	0	0	0	0
AT1G17000	0	0	0	0	0	0
AT1G17010	0	0	0	0	0	1
AT1G17020	125	267	291	77	101	99
AT1G17030	1	2	4	1	2	2
AT1G17040	103	90	78	91	77	95
AT1G17050	150	120	135	129	119	110
AT1G17060	60	67	59	48	35	58
AT1G17065	2	2	4	2	3	4
AT1G17070	160	148	183	158	127	152
AT1G17080	683	939	725	592	706	510
AT1G17090	31	57	33	29	53	32
AT1G17100	264	269	243	387	409	369
AT1G17110	732	819	755	807	662	793
AT1G17120	373	467	405	464	377	401
AT1G17130	538	556	565	553	516	502
AT1G17140	280	371	300	445	366	383
AT1G17145	365	484	376	299	380	367
AT1G17147	273	392	371	58	74	44
AT1G17150	2	2	3	0	0	1
AT1G17160	453	579	489	383	406	423
AT1G17170	3796	5084	5952	646	797	429
AT1G17180	900	1053	1494	275	281	203
AT1G17190	36	48	39	71	60	51
AT1G17200	764	1001	879	1148	1037	1035
AT1G17210	991	1112	983	1073	757	1021
AT1G17220	2631	2621	2462	3405	2982	3184
AT1G17230	0	0	0	0	0	0
AT1G17232	0	0	0	0	0	0
AT1G17235	2	3	5	6	2	4
AT1G17240	28	37	38	15	14	22
AT1G17250	0	0	0	0	0	0
AT1G17255	13	17	15	22	13	20
AT1G17260	19	26	24	23	21	18
AT1G17270	89	87	87	84	100	83
AT1G17280	418	452	477	403	461	397
AT1G17285	3	5	10	7	3	8
AT1G17290	3970	4974	5477	2199	2244	1899
AT1G17300	3	6	21	4	0	2
AT1G17310	6	10	4	2	4	2
AT1G17330	463	740	638	350	362	291
AT1G17340	472	611	559	439	360	393
AT1G17345	16	15	9	12	21	25
AT1G17350	114	119	111	129	140	126
AT1G17360	92	107	83	123	81	127
AT1G17370	524	650	572	790	734	750
AT1G17380	50	88	101	2	5	9
AT1G17400	9	20	16	17	22	12
AT1G17410	117	148	114	118	151	117
AT1G17420	105	137	153	42	26	21
AT1G17430	51	58	37	56	54	57
AT1G17440	446	528	549	526	326	457
AT1G17450	349	344	344	417	317	381
AT1G17455	77	158	98	121	131	123
AT1G17460	36	55	37	70	51	65
AT1G17470	1063	1331	1134	1171	1217	1213
AT1G17480	23	23	31	47	29	44
AT1G17490	153	187	138	165	122	144
AT1G17500	812	1063	1134	669	482	594
AT1G17510	121	165	130	168	175	166
AT1G17520	242	319	308	254	295	286
AT1G17530	389	485	416	391	433	415
AT1G17540	1	0	0	2	0	0
AT1G17545	0	0	0	0	0	0
AT1G17550	495	643	585	412	333	446
AT1G17560	58	72	61	116	75	74
AT1G17570	0	0	0	0	0	0
AT1G17580	916	992	1023	850	631	892
AT1G17590	34	45	50	38	44	68
AT1G17600	12	15	19	15	15	22
AT1G17610	0	0	0	0	0	0
AT1G17615	0	2	1	0	2	0
AT1G17620	251	269	279	290	299	281
AT1G17630	40	39	35	48	47	54
AT1G17640	79	78	97	79	100	77
AT1G17650	250	279	260	298	336	365
AT1G17660	0	0	0	0	0	0
AT1G17665	214	256	176	250	294	227
AT1G17670	0	0	0	0	0	0
AT1G17680	472	555	461	480	410	441
AT1G17690	407	463	448	409	345	436
AT1G17700	65	65	64	81	75	64
AT1G17710	2	2	3	1	1	3
AT1G17720	1294	1416	1410	1152	1004	1122
AT1G17730	309	375	393	291	289	278
AT1G17744	5	8	2	1	0	1
AT1G17745	1478	2361	2101	357	583	420
AT1G17750	61	100	112	22	15	30
AT1G17760	261	349	366	404	328	388
AT1G17770	0	0	0	0	0	0
AT1G17780	198	250	186	213	266	190
AT1G17790	87	105	97	124	104	107
AT1G17800	0	0	0	0	0	0
AT1G17810	15	15	13	6	14	14
AT1G17820	0	0	0	0	0	0
AT1G17830	15	30	32	21	20	20
AT1G17840	1048	1171	1016	1265	850	994
AT1G17850	143	155	139	180	169	212
AT1G17860	0	0	0	0	0	0
AT1G17870	25	43	28	37	40	48
AT1G17880	1414	1651	1567	1637	1726	1634
AT1G17890	451	482	504	435	404	383
AT1G17910	0	0	0	0	0	0
AT1G17920	39	62	59	88	71	79
AT1G17930	106	133	115	148	102	120
AT1G17940	190	267	186	214	248	194
AT1G17950	13	23	18	21	18	12
AT1G17960	96	111	117	168	183	204
AT1G17970	152	227	168	170	230	189
AT1G17980	537	616	630	621	401	535
AT1G17990	1	3	1	1	1	0
AT1G18000	1	1	0	1	1	0
AT1G18010	0	1	0	1	0	1
AT1G18020	0	1	3	1	0	2
AT1G18030	236	333	311	214	185	186
AT1G18040	63	103	83	120	95	112
AT1G18050	0	0	0	0	0	0
AT1G18060	200	272	196	286	435	222
AT1G18070	1761	1946	1940	1684	1498	1614
AT1G18075	14	5	12	17	15	17
AT1G18080	3821	3775	4138	3251	3464	3928
AT1G18090	76	56	77	106	48	82
AT1G18100	5	8	8	9	18	13
AT1G18130	0	0	0	1	0	0
AT1G18140	243	281	418	10	9	13
AT1G18150	461	527	504	569	482	526
AT1G18160	1291	1572	1422	1082	1016	1058
AT1G18170	285	305	241	358	344	310
AT1G18180	48	54	30	59	50	59
AT1G18190	285	361	347	304	275	351
AT1G18193	0	0	0	0	0	0
AT1G18197	2	3	9	5	9	7
AT1G18200	112	142	129	139	123	123
AT1G18210	1589	1802	1871	980	1099	965
AT1G18220	0	0	0	0	0	0
AT1G18250	39	50	43	123	68	118
AT1G18260	908	1030	1017	867	675	819
AT1G18265	23	17	35	50	51	46
AT1G18270	2788	3571	3424	2079	1693	1679
AT1G18280	12	15	15	8	17	6
AT1G18290	28	38	47	25	34	43
AT1G18300	170	235	264	82	92	124
AT1G18310	0	1	0	0	1	0
AT1G18320	14	24	15	23	22	27
AT1G18330	27	18	18	15	30	17
AT1G18335	87	79	87	88	96	90
AT1G18340	133	155	126	167	160	166
AT1G18350	0	6	4	7	6	8
AT1G18360	128	169	154	119	132	137
AT1G18370	60	65	83	114	81	155
AT1G18382	3	0	5	4	5	2
AT1G18390	496	640	680	322	308	282
AT1G18400	102	135	122	247	183	210
AT1G18410	4	2	6	3	4	1
AT1G18415	4	6	9	8	16	5
AT1G18420	0	0	0	0	0	0
AT1G18430	0	0	0	0	0	0
AT1G18440	131	160	163	193	162	183
AT1G18450	532	607	559	629	624	625
AT1G18460	220	281	235	238	180	201
AT1G18470	724	893	788	688	708	700
AT1G18480	397	471	480	267	281	286
AT1G18485	226	188	181	191	234	186
AT1G18486	0	1	0	0	1	0
AT1G18490	134	126	136	163	137	164
AT1G18500	1623	1824	1870	1447	1177	1243
AT1G18510	2	1	1	0	0	0
AT1G18520	0	0	0	0	0	0
AT1G18530	0	0	0	0	0	0
AT1G18540	2426	2667	2793	2244	2611	2548
AT1G18550	50	52	44	66	42	56
AT1G18560	53	60	72	55	58	47
AT1G18570	1268	1856	1911	253	207	241
AT1G18580	245	230	286	240	223	207
AT1G18590	222	346	379	71	82	108
AT1G18600	249	296	271	211	204	223
AT1G18610	114	137	131	184	137	190
AT1G18620	632	768	569	799	840	793
AT1G18630	157	206	146	183	157	182
AT1G18640	380	455	411	382	376	374
AT1G18650	76	98	61	114	106	162
AT1G18660	555	723	581	663	723	624
AT1G18670	135	148	147	152	144	175
AT1G18680	75	90	77	65	79	66
AT1G18690	163	203	162	183	159	183
AT1G18700	491	589	528	555	554	576
AT1G18710	6	8	2	7	7	9
AT1G18720	798	1046	916	943	902	846
AT1G18730	302	372	264	438	462	411
AT1G18735	0	0	0	0	0	0
AT1G18740	279	415	342	165	172	194
AT1G18745	38	40	39	36	39	46
AT1G18750	14	36	46	36	39	32
AT1G18760	0	0	0	0	0	0
AT1G18770	0	0	0	0	0	0
AT1G18773	46	67	48	59	86	64
AT1G18780	0	0	0	0	0	0
AT1G18790	0	0	0	0	0	0
AT1G18800	462	440	411	530	525	506
AT1G18810	60	90	42	96	80	66
AT1G18820	0	0	0	0	0	0
AT1G18830	33	23	23	1	2	31
AT1G18835	23	32	24	14	11	13
AT1G18840	235	266	278	337	270	328
AT1G18850	152	166	191	261	218	246
AT1G18860	70	67	95	63	39	69
AT1G18870	40	43	47	49	72	58
AT1G18871	0	0	0	0	0	0
AT1G18879	0	0	0	0	0	0
AT1G18880	58	51	80	144	56	163
AT1G18890	548	663	713	364	360	328
AT1G18900	267	275	342	200	188	188
AT1G18910	234	281	270	161	177	214
AT1G18940	28	35	24	25	17	16
AT1G18950	508	683	614	622	551	616
AT1G18960	0	2	1	1	2	0
AT1G18970	373	396	437	320	260	309
AT1G18975	0	0	0	0	0	0
AT1G18980	14	14	20	28	42	31
AT1G18990	2	1	3	3	2	2
AT1G19000	1221	1457	1240	1533	1323	1417
AT1G19010	87	111	98	76	84	79
AT1G19020	1349	1928	2001	230	271	210
AT1G19025	81	89	98	69	46	68
AT1G19040	0	1	0	0	0	1
AT1G19050	43	43	47	154	174	172
AT1G19060	0	0	0	0	0	0
AT1G19070	31	26	24	32	29	31
AT1G19080	46	79	71	90	87	95
AT1G19086	0	0	0	0	0	0
AT1G19090	0	0	0	0	0	0
AT1G19100	199	263	229	252	187	221
AT1G19110	682	796	775	729	671	661
AT1G19115	1	1	0	0	1	1
AT1G19120	243	334	260	271	318	309
AT1G19130	558	690	694	425	452	380
AT1G19140	210	197	210	193	199	177
AT1G19150	75	84	88	184	219	211
AT1G19160	6	13	5	14	4	5
AT1G19170	165	185	148	162	160	181
AT1G19180	1222	1684	1782	269	272	317
AT1G19190	15	24	19	23	13	13
AT1G19200	43	91	65	39	33	30
AT1G19210	2	7	3	0	1	0
AT1G19220	187	232	229	280	193	275
AT1G19230	61	105	113	101	97	102
AT1G19240	151	169	135	144	159	147
AT1G19250	31	126	233	5	20	17
AT1G19260	0	0	0	0	0	0
AT1G19270	256	356	370	211	223	239
AT1G19290	119	141	142	193	132	175
AT1G19300	124	139	108	112	78	97
AT1G19310	305	406	350	237	248	261
AT1G19320	1	3	1	0	2	1
AT1G19330	125	194	149	203	209	229
AT1G19340	50	76	56	90	103	96
AT1G19350	1522	1926	1470	2828	2309	2539
AT1G19360	546	657	656	397	263	365
AT1G19370	303	337	381	372	306	315
AT1G19371	0	1	1	2	1	0
AT1G19373	0	0	1	0	0	1
AT1G19376	0	1	0	2	2	1
AT1G19380	659	763	671	199	341	288
AT1G19390	0	0	0	1	1	1
AT1G19394	15	19	18	15	24	30
AT1G19396	40	62	43	67	60	82
AT1G19397	69	69	69	99	125	103
AT1G19400	655	833	760	652	766	721
AT1G19410	0	0	0	0	0	0
AT1G19430	347	382	357	425	333	329
AT1G19440	216	235	228	193	227	199
AT1G19450	200	208	230	230	224	241
AT1G19460	0	0	0	0	0	0
AT1G19464	0	0	0	0	0	1
AT1G19470	0	0	0	0	0	0
AT1G19480	82	70	78	88	91	93
AT1G19485	455	562	503	593	558	632
AT1G19490	19	19	21	11	12	17
AT1G19500	0	0	0	0	0	0
AT1G19510	3	8	9	6	12	12
AT1G19520	457	415	476	502	441	475
AT1G19530	1038	1540	1448	1162	1459	788
AT1G19540	164	204	172	122	172	81
AT1G19550	0	0	0	0	0	0
AT1G19565	0	0	4	0	1	0
AT1G19570	1048	1477	1265	1660	1403	1356
AT1G19580	300	309	305	302	326	274
AT1G19600	710	879	830	982	1070	1004
AT1G19610	200	299	269	174	130	146
AT1G19620	0	0	0	0	0	0
AT1G19630	1	3	0	4	2	3
AT1G19640	0	1	1	0	0	0
AT1G19650	148	208	173	150	159	150
AT1G19660	1578	2383	1872	1789	1652	1438
AT1G19670	89	148	129	70	88	93
AT1G19680	451	603	521	655	561	607
AT1G19690	99	99	120	143	132	169
AT1G19700	250	313	267	296	255	276
AT1G19710	180	204	167	196	167	206
AT1G19715	288	424	342	453	506	460
AT1G19720	472	462	479	555	343	568
AT1G19730	151	188	131	138	157	182
AT1G19740	402	440	389	462	545	541
AT1G19750	26	30	21	25	34	30
AT1G19770	1709	2079	2128	1183	1034	1098
AT1G19780	0	1	1	1	3	0
AT1G19790	4	15	8	11	4	10
AT1G19800	248	238	239	238	202	250
AT1G19830	2	1	1	3	4	1
AT1G19835	409	405	416	639	505	615
AT1G19840	14	22	22	13	18	25
AT1G19850	157	153	171	162	95	213
AT1G19860	140	185	156	191	150	173
AT1G19870	1102	1269	1188	1195	1148	1239
AT1G19880	830	1017	920	899	809	869
AT1G19890	0	0	0	0	0	0
AT1G19900	19	6	26	39	9	19
AT1G19910	2908	3670	3314	3104	3247	2819
AT1G19920	732	821	774	886	666	823
AT1G19930	0	0	0	0	0	0
AT1G19940	6	1	3	8	4	5
AT1G19950	61	67	67	77	51	73
AT1G19960	5	11	9	22	71	37
AT1G19968	0	0	0	0	0	0
AT1G19970	41	38	32	35	41	23
AT1G19980	44	65	56	54	71	54
AT1G19990	105	124	109	100	127	98
AT1G20000	0	0	0	0	0	0
AT1G20010	2182	2601	2100	3464	3315	3133
AT1G20015	3	2	0	4	4	2
AT1G20020	2859	3162	3002	5144	5561	4383
AT1G20030	15	20	14	46	38	27
AT1G20040	0	0	0	0	0	0
AT1G20050	660	827	681	750	764	794
AT1G20060	31	37	37	54	39	49
AT1G20065	0	1	5	3	2	4
AT1G20070	0	0	0	0	0	0
AT1G20080	0	2	0	2	0	1
AT1G20090	522	679	551	508	691	549
AT1G20100	949	1325	1208	1007	974	1016
AT1G20110	1401	1526	1585	1233	1068	1115
AT1G20120	16	19	15	13	8	10
AT1G20130	0	0	0	0	0	0
AT1G20132	0	0	0	0	0	0
AT1G20135	0	0	0	0	0	0
AT1G20140	89	81	89	129	133	110
AT1G20150	0	0	0	0	0	0
AT1G20160	40	38	57	57	31	42
AT1G20170	0	0	0	0	0	0
AT1G20180	2	3	3	1	0	0
AT1G20190	568	721	536	1483	962	1117
AT1G20200	753	914	840	859	671	707
AT1G20210	0	0	0	0	0	0
AT1G20220	707	785	775	780	811	907
AT1G20225	312	412	387	381	384	315
AT1G20230	26	31	40	52	30	35
AT1G20240	0	2	0	0	0	0
AT1G20250	0	0	0	0	0	0
AT1G20260	1749	2007	1826	2224	1729	1843
AT1G20270	131	130	111	125	138	149
AT1G20280	0	0	0	0	0	0
AT1G20290	0	1	0	0	1	0
AT1G20300	166	159	156	128	136	162
AT1G20310	6	4	13	2	0	1
AT1G20320	0	0	0	0	1	0
AT1G20330	1333	1332	1328	1199	1451	1211
AT1G20340	6432	6656	5992	8411	9755	7779
AT1G20350	15	29	9	8	6	7
AT1G20360	0	0	0	0	0	0
AT1G20370	175	209	203	245	212	267
AT1G20375	1	0	0	0	0	0
AT1G20380	85	99	87	104	72	94
AT1G20400	8	9	17	16	14	18
AT1G20405	0	1	0	0	0	0
AT1G20410	254	257	215	246	227	285
AT1G20420	0	0	0	0	0	0
AT1G20430	248	356	282	309	396	303
AT1G20440	3303	3993	2881	4824	4782	3930
AT1G20450	553	624	524	945	976	781
AT1G20460	121	180	164	93	152	126
AT1G20470	1	1	4	10	5	13
AT1G20480	170	195	179	226	171	179
AT1G20490	52	68	55	73	86	85
AT1G20500	0	0	0	0	1	0
AT1G20510	265	311	370	101	97	87
AT1G20515	1	2	1	1	11	2
AT1G20520	0	0	0	0	0	0
AT1G20530	16	19	14	7	14	9
AT1G20540	240	298	265	327	268	336
AT1G20550	64	74	60	63	97	79
AT1G20560	599	699	594	495	475	416
AT1G20570	27	18	26	37	34	29
AT1G20575	243	326	275	253	242	199
AT1G20580	446	628	517	511	639	608
AT1G20590	0	0	0	0	0	0
AT1G20600	0	0	0	0	0	0
AT1G20610	43	53	41	46	43	50
AT1G20620	28140	37039	30289	37951	27660	34815
AT1G20630	1199	1336	1468	957	827	772
AT1G20640	160	197	209	193	158	165
AT1G20650	317	319	252	391	384	393
AT1G20670	374	402	426	296	287	394
AT1G20680	5	1	4	8	3	5
AT1G20683	0	0	0	0	0	0
AT1G20687	0	0	0	0	0	0
AT1G20690	0	0	0	0	0	0
AT1G20691	0	0	0	1	1	0
AT1G20693	3793	5349	3929	5050	6174	4555
AT1G20696	2081	2698	2155	2412	2766	2413
AT1G20700	5	7	8	16	26	28
AT1G20710	0	0	0	0	0	0
AT1G20720	111	114	94	84	73	94
AT1G20730	0	0	0	0	0	0
AT1G20735	0	0	0	0	0	0
AT1G20740	1	0	0	0	0	0
AT1G20750	4	0	2	3	1	0
AT1G20760	1093	1219	1153	1066	845	997
AT1G20770	429	475	455	408	437	408
AT1G20780	638	811	833	380	411	376
AT1G20790	0	0	0	0	0	0
AT1G20795	0	0	0	0	0	0
AT1G20800	0	0	0	0	0	0
AT1G20803	0	0	0	0	0	0
AT1G20810	306	349	317	391	455	361
AT1G20816	63	69	48	45	82	69
AT1G20820	0	0	0	0	0	0
AT1G20823	11	14	16	30	16	17
AT1G20830	169	178	155	187	206	216
AT1G20840	1956	2130	1880	2038	1894	1785
AT1G20850	114	138	155	184	63	104
AT1G20860	1	0	0	0	0	1
AT1G20870	7	10	16	11	9	5
AT1G20875	0	0	0	0	0	0
AT1G20880	375	401	346	305	292	307
AT1G20890	113	165	117	156	146	153
AT1G20900	377	526	486	275	284	328
AT1G20910	192	253	214	182	194	208
AT1G20920	1082	1383	1180	1442	1205	1352
AT1G20923	0	0	0	0	0	0
AT1G20925	0	1	1	1	0	0
AT1G20930	51	58	83	80	66	73
AT1G20940	0	0	0	0	0	0
AT1G20950	584	609	639	672	515	592
AT1G20960	2460	2571	2741	3062	1888	2691
AT1G20970	1856	2145	1967	1266	1256	1352
AT1G20980	1733	1984	2171	1582	901	1407
AT1G20990	2	0	1	4	1	6
AT1G21000	1182	1643	1335	819	823	936
AT1G21010	204	231	232	134	109	146
AT1G21050	180	199	169	141	108	131
AT1G21060	294	367	289	265	260	264
AT1G21065	700	783	628	704	749	700
AT1G21070	80	99	83	72	86	82
AT1G21080	639	800	728	459	414	471
AT1G21090	25	20	19	31	34	40
AT1G21100	1389	1656	1763	835	513	792
AT1G21110	732	928	1160	263	199	227
AT1G21120	1020	1518	1751	279	171	232
AT1G21130	6815	8885	9147	2344	2605	2252
AT1G21140	76	123	92	9	22	14
AT1G21150	19	23	16	28	21	22
AT1G21160	558	782	659	637	539	572
AT1G21170	379	470	416	391	260	323
AT1G21190	218	329	234	280	362	304
AT1G21200	224	223	207	167	163	202
AT1G21202	0	0	0	0	0	0
AT1G21210	11	20	17	2	21	5
AT1G21230	10	17	23	2	3	0
AT1G21240	22	45	86	4	11	1
AT1G21245	0	0	0	0	0	0
AT1G21250	429	987	696	133	353	78
AT1G21270	227	343	289	279	292	208
AT1G21280	0	0	0	0	0	0
AT1G21310	6740	6788	10350	7243	5196	5644
AT1G21313	0	0	0	0	0	0
AT1G21320	61	116	88	56	49	44
AT1G21323	0	0	0	0	0	0
AT1G21326	99	144	121	58	76	57
AT1G21340	1	0	1	1	0	4
AT1G21350	167	175	196	200	215	219
AT1G21360	81	115	93	116	154	142
AT1G21370	213	309	272	223	201	203
AT1G21380	938	1076	1170	762	739	760
AT1G21390	98	105	111	93	98	95
AT1G21395	0	0	0	0	0	0
AT1G21400	5152	6877	6016	2876	3815	2990
AT1G21410	86	144	110	60	63	85
AT1G21420	0	0	0	0	0	0
AT1G21430	0	0	0	0	0	0
AT1G21440	220	216	230	240	207	259
AT1G21450	762	890	947	499	431	529
AT1G21460	277	400	347	370	275	360
AT1G21470	6	8	2	6	4	3
AT1G21475	0	0	0	0	0	0
AT1G21480	177	171	154	147	152	175
AT1G21500	204	176	225	346	493	341
AT1G21510	3	5	6	9	9	9
AT1G21520	117	193	140	107	111	90
AT1G21528	0	0	0	1	2	3
AT1G21529	0	0	0	0	0	0
AT1G21530	0	0	0	0	0	1
AT1G21540	303	307	329	255	215	209
AT1G21550	13	20	5	8	7	8
AT1G21560	143	183	163	221	234	252
AT1G21580	1145	1372	1371	1404	965	1361
AT1G21590	688	896	872	624	459	575
AT1G21600	1413	1449	1361	1491	1564	1583
AT1G21610	681	813	762	702	673	640
AT1G21620	1	0	0	0	2	1
AT1G21630	1677	1960	1915	1719	1095	1445
AT1G21640	727	903	799	897	552	728
AT1G21650	331	294	326	322	228	359
AT1G21651	3	11	7	6	13	11
AT1G21660	477	543	548	514	444	484
AT1G21670	1621	1600	1676	922	838	1022
AT1G21680	4922	5823	5095	3600	4057	3508
AT1G21690	300	291	320	276	274	290
AT1G21695	15	38	20	12	24	24
AT1G21700	407	499	489	432	343	407
AT1G21710	128	151	132	156	156	153
AT1G21720	548	730	668	662	678	614
AT1G21722	0	0	0	0	0	0
AT1G21730	337	417	333	392	354	388
AT1G21738	0	0	0	0	0	0
AT1G21740	72	92	88	104	89	150
AT1G21750	2633	2616	2582	1745	1353	1733
AT1G21760	245	367	290	309	286	265
AT1G21770	67	119	79	111	120	105
AT1G21780	431	585	488	524	518	480
AT1G21790	89	103	81	91	99	85
AT1G21800	0	0	0	0	0	0
AT1G21810	18	23	16	32	21	21
AT1G21830	422	566	372	582	439	501
AT1G21835	0	0	0	0	0	0
AT1G21840	41	51	35	56	46	65
AT1G21850	0	1	1	0	0	1
AT1G21860	0	0	1	1	1	2
AT1G21864	0	0	0	0	0	0
AT1G21866	0	0	0	0	0	0
AT1G21870	1	0	0	0	0	0
AT1G21880	99	78	116	133	119	117
AT1G21890	0	0	0	0	3	2
AT1G21900	562	728	668	354	367	408
AT1G21910	303	415	338	142	222	185
AT1G21920	742	1064	797	875	823	849
AT1G21925	0	0	0	0	0	0
AT1G21928	0	0	0	0	0	0
AT1G21930	139	215	185	145	189	131
AT1G21940	0	0	0	0	0	1
AT1G21950	0	0	0	0	1	0
AT1G21960	0	0	0	0	0	0
AT1G21970	0	0	0	0	0	0
AT1G21980	688	859	735	648	547	647
AT1G21990	0	0	0	0	0	0
AT1G22000	0	0	0	0	1	0
AT1G22010	0	0	0	0	0	0
AT1G22015	0	0	0	0	0	0
AT1G22020	496	604	592	443	411	434
AT1G22030	16	19	23	56	51	43
AT1G22040	232	245	253	277	222	263
AT1G22050	59	77	92	68	79	60
AT1G22060	729	781	725	912	598	810
AT1G22065	13	11	14	34	55	50
AT1G22070	298	363	286	279	323	340
AT1G22080	0	0	0	0	0	0
AT1G22090	0	0	1	0	0	0
AT1G22100	0	0	0	0	0	0
AT1G22110	46	60	45	8	17	4
AT1G22120	3	4	0	0	0	0
AT1G22130	0	0	0	0	0	0
AT1G22140	159	220	170	149	205	205
AT1G22150	0	2	0	1	7	1
AT1G22160	18	36	16	30	47	31
AT1G22170	39	62	52	79	76	87
AT1G22180	270	416	364	260	231	197
AT1G22190	554	704	619	620	715	674
AT1G22200	632	682	602	561	550	528
AT1G22210	1	3	2	2	5	0
AT1G22220	7	5	7	3	17	7
AT1G22230	28	21	32	28	31	32
AT1G22240	0	1	0	1	1	0
AT1G22250	5	2	2	6	14	13
AT1G22260	5	8	6	21	18	22
AT1G22270	275	337	300	324	399	325
AT1G22275	14	28	19	20	23	25
AT1G22280	1306	1806	1764	724	728	657
AT1G22290	0	0	0	1	2	1
AT1G22300	2989	3607	3269	2722	2528	2576
AT1G22310	153	201	167	185	221	184
AT1G22320	0	0	0	0	0	0
AT1G22330	154	163	129	212	335	259
AT1G22340	1	3	0	0	2	1
AT1G22360	1924	2423	2397	1496	1427	1424
AT1G22370	172	246	167	194	251	188
AT1G22380	18	23	22	16	39	13
AT1G22400	1740	2150	3529	365	445	311
AT1G22403	155	220	216	119	171	95
AT1G22410	4519	5609	6896	1202	851	1081
AT1G22420	3	1	2	1	1	1
AT1G22430	568	609	612	637	685	676
AT1G22440	144	118	210	243	274	230
AT1G22450	773	924	875	785	826	812
AT1G22460	2	3	2	3	3	4
AT1G22470	10	18	11	6	7	8
AT1G22480	0	0	0	0	0	0
AT1G22490	13	24	12	19	20	19
AT1G22500	360	361	238	620	568	434
AT1G22510	122	190	172	81	119	94
AT1G22520	249	296	263	269	266	263
AT1G22530	2374	2475	2288	1985	2145	1749
AT1G22540	218	277	256	148	161	174
AT1G22550	142	153	132	193	211	194
AT1G22570	574	712	525	427	565	412
AT1G22590	172	182	118	170	207	189
AT1G22600	4	2	4	5	2	6
AT1G22610	0	0	0	0	0	0
AT1G22620	578	669	558	701	527	586
AT1G22630	138	221	149	237	275	243
AT1G22640	269	332	285	436	418	488
AT1G22650	103	155	93	120	84	133
AT1G22660	170	203	156	206	169	200
AT1G22670	0	0	1	0	0	0
AT1G22680	0	0	0	0	0	2
AT1G22690	771	896	765	954	1200	645
AT1G22700	676	713	678	809	873	823
AT1G22710	714	1037	970	886	585	867
AT1G22720	0	0	0	0	0	1
AT1G22730	586	709	595	639	640	607
AT1G22740	344	491	359	486	715	413
AT1G22750	315	355	331	242	279	226
AT1G22760	2	1	0	0	0	0
AT1G22770	619	744	735	1146	969	1006
AT1G22780	1579	1853	1773	1447	1660	1594
AT1G22790	239	345	289	331	330	316
AT1G22800	0	0	0	0	0	0
AT1G22810	0	0	0	0	0	0
AT1G22830	60	64	61	65	83	76
AT1G22840	1667	2253	2101	1172	1573	1221
AT1G22850	494	568	541	606	602	585
AT1G22860	355	459	405	381	318	342
AT1G22870	363	386	397	312	244	298
AT1G22880	204	189	129	218	236	205
AT1G22882	435	494	505	403	477	353
AT1G22885	348	584	387	244	234	215
AT1G22890	891	1268	1031	351	382	300
AT1G22900	139	142	136	141	83	125
AT1G22910	372	471	423	373	320	364
AT1G22920	408	461	459	375	411	370
AT1G22930	3617	5274	4810	2908	2377	2401
AT1G22940	329	367	375	463	341	378
AT1G22950	167	170	158	177	216	218
AT1G22960	142	131	137	98	111	140
AT1G22970	173	222	195	215	214	201
AT1G22980	7	7	5	2	2	3
AT1G22985	60	90	78	60	51	49
AT1G22990	3	5	6	6	15	16
AT1G23000	37	82	62	87	68	81
AT1G23010	49	37	39	37	32	39
AT1G23020	752	1338	1042	1070	1107	902
AT1G23030	434	491	438	463	487	476
AT1G23037	0	0	0	0	0	0
AT1G23040	67	113	103	89	94	117
AT1G23050	0	0	0	0	0	0
AT1G23052	0	0	0	0	0	0
AT1G23060	33	41	20	59	43	82
AT1G23070	1	0	0	1	0	0
AT1G23080	1144	1264	1135	2514	1705	2175
AT1G23090	922	1085	1047	796	624	756
AT1G23100	75	44	57	87	112	65
AT1G23110	0	0	0	0	0	1
AT1G23120	51	78	66	52	50	64
AT1G23130	2704	3373	3178	3184	2064	3013
AT1G23140	47	88	59	51	57	60
AT1G23145	0	0	0	0	0	0
AT1G23147	0	0	0	0	0	0
AT1G23150	114	128	102	60	55	63
AT1G23160	0	2	1	3	0	0
AT1G23170	39	52	77	38	44	47
AT1G23180	204	215	232	296	227	257
AT1G23190	1040	1025	1039	1084	828	963
AT1G23200	18	20	9	9	3	6
AT1G23201	1	1	1	0	0	0
AT1G23205	8	18	8	11	11	6
AT1G23210	2	0	3	4	1	1
AT1G23220	168	252	193	165	163	155
AT1G23230	589	702	696	651	435	607
AT1G23240	0	0	0	0	0	0
AT1G23250	0	0	0	0	0	0
AT1G23260	400	576	474	439	456	407
AT1G23270	0	0	0	0	0	0
AT1G23280	331	322	321	362	365	353
AT1G23290	0	0	0	0	0	0
AT1G23300	0	0	0	0	0	0
AT1G23310	7412	9064	8125	9955	11188	8049
AT1G23320	0	0	1	1	0	0
AT1G23330	151	198	183	161	140	153
AT1G23340	6	2	7	3	4	4
AT1G23350	0	0	0	0	0	0
AT1G23360	317	421	310	413	451	374
AT1G23380	128	141	126	139	141	136
AT1G23390	4286	5052	4352	3338	3932	3588
AT1G23400	635	739	553	649	710	683
AT1G23410	0	0	0	0	0	0
AT1G23420	0	0	0	0	0	0
AT1G23440	1351	1816	1728	743	899	589
AT1G23450	15	31	28	23	9	19
AT1G23460	48	70	85	49	32	27
AT1G23465	11	15	10	18	14	18
AT1G23480	325	426	302	365	368	321
AT1G23490	2518	2962	2684	2037	2675	2166
AT1G23500	0	0	0	0	0	0
AT1G23510	0	0	0	1	2	6
AT1G23520	0	0	1	1	0	0
AT1G23530	7	10	13	20	11	20
AT1G23540	1	2	1	3	5	1
AT1G23550	69	95	102	22	31	33
AT1G23560	48	36	49	30	32	54
AT1G23570	0	0	0	0	0	0
AT1G23580	0	0	0	0	0	1
AT1G23590	0	0	0	0	0	0
AT1G23600	0	1	0	0	0	0
AT1G23610	0	0	0	0	0	0
AT1G23640	0	0	0	0	0	0
AT1G23645	0	0	0	0	0	0
AT1G23650	0	0	0	0	0	0
AT1G23660	0	0	0	0	0	0
AT1G23670	0	0	0	0	0	0
AT1G23680	0	0	0	0	0	0
AT1G23690	0	0	0	0	0	0
AT1G23700	1	1	1	0	3	0
AT1G23710	643	745	752	361	355	374
AT1G23720	321	135	482	505	137	300
AT1G23730	46	69	72	42	44	54
AT1G23740	140	188	172	230	216	206
AT1G23750	24	27	26	29	34	32
AT1G23760	24	31	10	52	14	36
AT1G23770	1	0	2	0	1	0
AT1G23780	456	571	530	527	483	532
AT1G23790	15	18	21	44	16	31
AT1G23800	101	136	129	87	60	73
AT1G23810	0	0	0	0	0	0
AT1G23820	1005	1156	1054	1227	1196	1212
AT1G23830	1	2	0	0	0	0
AT1G23840	55	46	60	37	25	14
AT1G23850	31	41	67	39	32	47
AT1G23860	500	665	601	667	741	645
AT1G23870	2682	3095	3157	2325	2183	2423
AT1G23880	59	80	57	71	45	72
AT1G23890	104	101	104	135	118	113
AT1G23900	1022	1190	1126	951	818	875
AT1G23910	0	0	0	0	0	0
AT1G23915	0	0	0	0	0	0
AT1G23935	12	9	5	22	11	23
AT1G23950	402	426	460	339	371	363
AT1G23960	638	851	653	802	717	675
AT1G23965	1	6	1	10	8	5
AT1G23970	96	131	118	93	80	84
AT1G23980	12	18	19	21	29	21
AT1G23985	0	0	0	0	0	0
AT1G23995	0	0	0	0	0	0
AT1G24000	0	0	0	0	0	0
AT1G24010	0	0	1	1	0	0
AT1G24020	224	417	330	423	524	480
AT1G24030	12	16	17	25	16	18
AT1G24040	256	302	260	285	243	267
AT1G24050	780	983	904	809	924	822
AT1G24060	0	0	0	0	0	0
AT1G24062	0	0	0	0	0	0
AT1G24068	0	0	0	0	0	0
AT1G24070	8	10	8	11	7	9
AT1G24080	0	0	0	0	0	0
AT1G24090	19	24	28	37	38	46
AT1G24095	37	56	35	29	61	27
AT1G24100	606	868	877	341	249	310
AT1G24110	0	0	0	0	0	0
AT1G24120	259	284	233	257	198	247
AT1G24130	4	1	1	4	2	5
AT1G24140	78	93	128	20	5	10
AT1G24145	50	86	70	6	12	9
AT1G24147	5	36	29	3	15	2
AT1G24148	44	46	44	39	51	54
AT1G24150	450	554	547	169	155	169
AT1G24159	0	1	12	0	0	0
AT1G24160	1952	2250	1967	1730	1711	1677
AT1G24170	472	558	515	391	519	393
AT1G24180	1672	1930	2002	1306	1201	1198
AT1G24190	829	925	967	835	534	774
AT1G24200	0	0	0	0	0	0
AT1G24210	27	24	18	13	23	18
AT1G24220	0	0	0	0	0	0
AT1G24230	0	0	0	0	1	0
AT1G24240	112	147	107	143	155	150
AT1G24250	0	0	0	0	0	0
AT1G24256	0	0	0	0	0	0
AT1G24260	41	42	52	82	22	48
AT1G24265	73	52	72	80	94	82
AT1G24267	584	715	654	547	488	497
AT1G24270	10	4	5	3	0	0
AT1G24280	353	379	330	282	176	322
AT1G24290	15	14	30	46	41	20
AT1G24300	824	872	916	962	643	845
AT1G24310	235	280	240	252	283	286
AT1G24320	3	0	4	9	1	8
AT1G24330	24	21	25	17	25	25
AT1G24340	231	288	232	295	203	274
AT1G24350	399	461	547	278	304	295
AT1G24360	1835	2052	1965	1655	1689	1688
AT1G24380	0	0	0	0	0	0
AT1G24388	0	0	1	0	0	0
AT1G24390	0	0	0	0	0	0
AT1G24400	45	55	48	51	31	40
AT1G24405	6	10	1	8	12	5
AT1G24420	0	2	1	6	3	6
AT1G24430	9	21	13	40	39	24
AT1G24440	202	296	233	152	183	145
AT1G24450	136	156	149	174	153	165
AT1G24460	860	905	928	842	513	826
AT1G24470	15	10	9	8	8	8
AT1G24475	0	0	0	0	0	0
AT1G24480	0	0	1	4	0	0
AT1G24485	0	0	0	0	0	0
AT1G24490	382	446	415	380	385	384
AT1G24510	2135	2283	2207	2488	2346	2716
AT1G24520	0	0	1	0	0	0
AT1G24530	635	644	638	426	407	426
AT1G24540	0	0	1	1	0	0
AT1G24545	0	0	0	0	0	0
AT1G24560	667	860	775	716	623	658
AT1G24570	2	6	5	4	5	3
AT1G24575	35	80	65	54	26	60
AT1G24577	12	17	20	31	23	19
AT1G24580	1	4	1	0	5	1
AT1G24590	1	1	1	3	1	0
AT1G24600	11	7	11	13	12	11
AT1G24610	296	360	324	338	367	360
AT1G24620	3	0	4	0	2	0
AT1G24625	53	97	68	89	74	107
AT1G24650	0	1	0	0	0	0
AT1G24660	0	0	1	0	0	0
AT1G24706	912	973	944	929	762	876
AT1G24735	9	11	9	19	13	18
AT1G24764	305	366	332	404	350	414
AT1G24793	0	1	1	0	1	0
AT1G24800	2	3	2	2	0	0
AT1G24807	0	0	0	0	0	0
AT1G24822	0	0	0	0	0	0
AT1G24851	1	1	0	0	0	0
AT1G24880	0	0	2	1	0	0
AT1G24881	0	0	0	0	0	0
AT1G24909	0	0	0	0	0	0
AT1G24996	16	6	16	12	25	9
AT1G25025	0	0	0	0	0	1
AT1G25054	1	4	0	0	8	0
AT1G25055	0	0	0	0	0	0
AT1G25083	0	0	0	0	0	0
AT1G25097	0	0	0	0	0	0
AT1G25098	19	61	8	31	16	16
AT1G25112	0	0	0	0	0	0
AT1G25141	0	0	0	0	0	0
AT1G25145	0	0	0	0	0	0
AT1G25150	0	0	0	0	0	0
AT1G25155	0	0	0	0	0	0
AT1G25175	1	0	0	1	0	0
AT1G25180	0	0	0	4	0	1
AT1G25210	0	0	0	0	0	0
AT1G25211	0	0	0	0	0	0
AT1G25220	1262	1902	2080	298	337	295
AT1G25230	877	1035	867	1163	1326	1223
AT1G25240	1	0	1	0	1	1
AT1G25250	11	13	16	17	20	12
AT1G25260	694	803	745	806	933	824
AT1G25270	0	0	0	0	0	0
AT1G25275	8174	13386	10116	4697	5698	4510
AT1G25277	18	46	48	39	44	20
AT1G25280	532	598	651	502	511	519
AT1G25290	171	220	186	218	270	219
AT1G25300	0	0	0	0	0	0
AT1G25310	0	0	0	0	0	0
AT1G25320	155	132	148	181	141	160
AT1G25330	0	0	0	0	0	0
AT1G25340	0	0	0	0	0	1
AT1G25350	1003	1157	1102	1079	863	1028
AT1G25360	35	29	28	33	48	42
AT1G25370	223	288	308	76	88	55
AT1G25375	192	208	228	214	165	212
AT1G25380	489	539	578	527	459	483
AT1G25390	731	881	823	516	456	584
AT1G25400	2609	3275	2903	1234	1688	1280
AT1G25410	0	0	0	0	0	0
AT1G25420	352	417	400	400	392	332
AT1G25422	0	0	1	0	5	2
AT1G25425	11	21	15	27	29	26
AT1G25440	1152	1307	1052	1801	1490	1651
AT1G25450	393	412	350	408	339	342
AT1G25460	3	7	6	7	3	15
AT1G25470	220	259	232	245	256	230
AT1G25480	184	254	201	185	192	243
AT1G25490	1514	1633	1552	1448	1154	1352
AT1G25500	105	128	98	151	128	122
AT1G25510	40	45	35	38	35	46
AT1G25520	506	665	541	368	539	398
AT1G25530	79	55	58	84	84	124
AT1G25540	544	633	659	526	406	473
AT1G25550	2947	3281	2997	2456	2241	2432
AT1G25560	3371	3962	2885	3505	3549	3245
AT1G25570	681	718	693	614	530	629
AT1G25580	166	159	168	159	155	149
AT1G25682	335	489	458	319	336	267
AT1G25988	0	0	0	0	0	0
AT1G26090	164	210	223	185	180	157
AT1G26100	27	25	23	44	38	50
AT1G26110	2447	3001	2819	2766	2552	2658
AT1G26120	352	315	350	319	315	300
AT1G26130	122	156	157	180	125	175
AT1G26140	0	0	1	0	0	1
AT1G26150	736	938	810	1243	929	1169
AT1G26160	379	453	408	389	446	370
AT1G26170	393	410	394	435	352	406
AT1G26180	235	254	237	271	312	329
AT1G26190	123	147	150	209	146	197
AT1G26200	10	14	8	3	7	4
AT1G26208	21	34	24	47	37	40
AT1G26210	0	0	0	0	0	0
AT1G26218	16	16	18	25	25	16
AT1G26220	0	0	0	0	0	0
AT1G26225	0	0	0	0	0	0
AT1G26230	109	110	115	195	220	201
AT1G26233	2	5	1	9	0	3
AT1G26235	0	0	0	0	0	0
AT1G26240	1037	1598	1484	592	320	372
AT1G26250	28	43	44	58	17	58
AT1G26255	0	1	0	1	0	0
AT1G26260	88	146	116	141	136	159
AT1G26270	2084	2576	2483	1689	1970	1782
AT1G26290	0	0	0	0	0	0
AT1G26300	255	319	287	250	260	266
AT1G26310	0	1	0	0	0	1
AT1G26320	0	0	0	0	0	0
AT1G26330	46	45	49	49	32	35
AT1G26340	155	202	168	129	143	126
AT1G26350	0	0	0	0	0	0
AT1G26355	0	0	0	0	0	0
AT1G26360	2	2	2	3	4	3
AT1G26370	285	319	297	313	246	323
AT1G26380	2723	3783	4618	523	304	471
AT1G26390	890	1214	1417	457	227	341
AT1G26400	2	0	6	0	0	2
AT1G26410	171	162	202	175	113	189
AT1G26420	546	708	810	146	92	162
AT1G26430	0	0	0	0	0	0
AT1G26440	177	303	255	346	348	347
AT1G26450	46	56	60	75	40	77
AT1G26460	505	531	518	545	463	539
AT1G26470	171	293	208	191	258	196
AT1G26480	0	0	0	0	0	0
AT1G26490	0	0	0	0	0	0
AT1G26500	13	18	15	13	10	13
AT1G26510	0	0	1	2	0	0
AT1G26515	0	1	0	1	0	0
AT1G26520	110	119	101	91	114	121
AT1G26530	8	16	9	10	25	14
AT1G26540	37	25	36	61	56	59
AT1G26550	1111	1430	1163	1145	1161	1122
AT1G26558	0	0	0	0	0	0
AT1G26560	41	57	48	40	48	45
AT1G26570	102	133	106	105	96	117
AT1G26580	1768	2333	2040	2041	2047	1984
AT1G26590	1	3	5	5	5	3
AT1G26600	7	10	12	16	14	13
AT1G26610	2	2	3	1	3	1
AT1G26620	232	269	284	253	190	221
AT1G26630	5796	6798	6299	5415	6164	5556
AT1G26640	256	292	243	284	258	275
AT1G26650	138	173	138	232	206	188
AT1G26660	123	137	131	113	97	119
AT1G26665	514	691	569	623	568	609
AT1G26670	750	1139	842	852	1032	795
AT1G26680	5	5	2	8	6	13
AT1G26690	192	237	229	157	136	126
AT1G26700	1	0	0	0	0	0
AT1G26710	0	0	0	0	0	0
AT1G26720	2	5	3	0	0	0
AT1G26730	53	106	127	9	14	6
AT1G26740	136	141	143	155	168	166
AT1G26750	198	214	217	194	194	229
AT1G26760	10	19	17	33	12	38
AT1G26761	25	15	18	30	18	44
AT1G26762	0	0	0	3	0	0
AT1G26770	193	286	313	331	228	341
AT1G26773	0	0	0	0	0	0
AT1G26780	1	6	9	8	2	7
AT1G26790	0	1	1	0	1	0
AT1G26795	0	0	0	0	0	0
AT1G26796	0	0	0	0	0	0
AT1G26797	0	0	0	0	0	0
AT1G26798	0	0	0	0	0	0
AT1G26799	0	0	0	0	0	0
AT1G26800	151	217	165	199	231	193
AT1G26810	67	60	49	57	63	57
AT1G26815	0	0	0	0	0	0
AT1G26820	13	11	16	21	3	10
AT1G26830	883	978	997	845	678	704
AT1G26840	75	58	73	53	47	57
AT1G26850	2348	2536	2398	2599	2156	2515
AT1G26870	1	3	2	1	3	0
AT1G26880	1014	1222	1160	899	1107	1093
AT1G26890	4	0	2	6	1	5
AT1G26900	81	89	118	100	80	70
AT1G26910	113	125	128	120	146	161
AT1G26920	176	234	195	247	273	270
AT1G26921	0	0	0	0	0	0
AT1G26930	359	397	429	225	223	257
AT1G26940	117	132	124	154	154	148
AT1G26945	70	75	59	112	64	115
AT1G26960	58	67	59	88	84	79
AT1G26970	0	6	10	12	4	3
AT1G26973	0	0	0	0	0	0
AT1G26975	0	0	0	0	0	0
AT1G26976	0	0	0	0	0	0
AT1G26985	0	0	0	0	0	0
AT1G27000	1267	1585	1485	1131	1082	1012
AT1G27008	0	5	2	1	0	0
AT1G27020	9851	15800	12762	8425	8210	6979
AT1G27030	209	294	316	261	343	271
AT1G27040	0	6	0	1	2	1
AT1G27045	0	0	0	1	2	1
AT1G27050	113	134	143	125	156	125
AT1G27060	42	67	44	53	45	38
AT1G27070	163	184	150	208	177	198
AT1G27080	1	0	1	0	0	1
AT1G27090	1531	1885	1709	1573	1641	1459
AT1G27100	1703	2165	1977	1138	1227	1205
AT1G27110	11	10	19	13	12	15
AT1G27120	54	53	37	60	60	87
AT1G27130	1173	1671	1547	571	578	552
AT1G27135	0	0	0	0	0	0
AT1G27140	4	5	6	2	5	9
AT1G27150	506	738	632	536	492	492
AT1G27160	0	0	0	0	0	0
AT1G27170	42	45	45	53	22	46
AT1G27180	100	140	133	137	85	141
AT1G27190	474	538	464	541	441	518
AT1G27200	276	380	332	272	240	265
AT1G27210	240	286	352	471	410	486
AT1G27220	0	0	0	0	0	0
AT1G27240	0	0	0	0	0	0
AT1G27250	0	0	0	0	0	0
AT1G27260	0	0	0	0	0	0
AT1G27270	0	0	0	0	0	0
AT1G27280	0	0	0	0	1	0
AT1G27290	1915	2485	1975	1686	1776	1728
AT1G27300	648	924	757	484	546	525
AT1G27310	833	1104	939	847	1058	840
AT1G27320	2139	2618	2453	2111	1519	1850
AT1G27330	579	668	697	404	378	415
AT1G27340	450	571	498	550	504	513
AT1G27350	599	600	618	355	391	398
AT1G27360	50	50	49	51	45	59
AT1G27370	131	195	133	242	194	190
AT1G27380	2	5	1	9	4	6
AT1G27385	227	264	228	196	225	204
AT1G27390	518	593	630	535	548	524
AT1G27400	1214	1327	1338	1179	1485	1375
AT1G27410	76	82	89	98	76	89
AT1G27420	27	53	55	60	48	52
AT1G27430	776	923	823	899	625	819
AT1G27435	374	489	405	353	518	411
AT1G27440	69	108	77	117	92	123
AT1G27450	1611	2024	1666	1696	2061	1738
AT1G27460	300	373	265	348	374	385
AT1G27461	8	0	2	0	1	2
AT1G27470	539	545	575	591	458	581
AT1G27480	188	233	202	386	429	373
AT1G27490	0	0	0	0	0	0
AT1G27500	150	133	146	129	126	104
AT1G27510	947	1163	997	1088	1011	1036
AT1G27520	825	1063	834	930	975	959
AT1G27530	690	823	727	726	796	631
AT1G27535	0	0	0	0	0	0
AT1G27540	185	178	231	197	148	170
AT1G27550	0	0	0	0	0	0
AT1G27555	0	0	0	0	0	0
AT1G27565	0	0	0	1	0	0
AT1G27570	0	0	0	0	0	0
AT1G27580	0	0	1	0	0	0
AT1G27595	712	895	855	803	608	743
AT1G27600	537	646	522	561	616	567
AT1G27610	0	0	0	0	2	1
AT1G27620	13	11	22	21	16	27
AT1G27630	514	669	585	780	771	818
AT1G27640	4	2	1	4	4	6
AT1G27650	1026	1218	1043	1013	1145	975
AT1G27660	28	37	41	65	30	50
AT1G27670	91	86	69	81	79	97
AT1G27680	149	170	132	239	228	219
AT1G27690	133	131	125	146	143	191
AT1G27695	46	50	61	63	62	49
AT1G27700	102	118	99	117	107	127
AT1G27710	0	0	0	0	0	0
AT1G27720	64	62	76	26	30	32
AT1G27730	898	999	999	252	259	319
AT1G27740	4	1	11	4	7	4
AT1G27750	455	495	477	425	369	389
AT1G27752	557	644	652	589	518	550
AT1G27760	967	1130	1170	618	655	638
AT1G27770	1532	1742	1683	967	894	865
AT1G27820	0	0	0	0	0	0
AT1G27840	267	355	292	276	265	256
AT1G27850	525	675	553	605	472	574
AT1G27860	0	1	0	0	3	1
AT1G27870	0	0	0	0	0	0
AT1G27880	41	64	58	60	54	50
AT1G27890	2	2	1	1	1	0
AT1G27900	363	352	378	342	360	357
AT1G27910	159	182	176	169	138	136
AT1G27920	0	1	1	3	1	3
AT1G27921	48	58	41	70	38	74
AT1G27930	378	439	372	500	507	443
AT1G27940	2	6	6	12	9	7
AT1G27950	1517	1618	1379	1369	1521	1253
AT1G27960	168	206	192	141	155	131
AT1G27970	1487	1896	1757	1145	1169	1066
AT1G27980	1370	1938	1644	1212	915	1041
AT1G27990	1	0	1	0	1	3
AT1G28000	0	0	0	0	1	0
AT1G28005	0	0	0	0	0	0
AT1G28010	464	496	497	400	290	284
AT1G28020	0	0	0	0	0	0
AT1G28030	0	0	0	0	0	0
AT1G28040	0	0	0	2	2	0
AT1G28050	573	778	684	635	566	605
AT1G28060	724	802	854	848	691	750
AT1G28070	28	41	39	50	38	36
AT1G28080	3	1	2	9	3	6
AT1G28090	280	269	281	322	287	287
AT1G28100	110	107	92	211	159	209
AT1G28110	71	76	67	85	53	82
AT1G28120	476	581	495	514	476	507
AT1G28130	137	181	156	220	208	260
AT1G28135	0	0	0	1	0	0
AT1G28140	606	696	568	691	724	631
AT1G28150	425	511	418	525	647	554
AT1G28160	0	0	0	0	1	1
AT1G28170	1	1	1	0	0	2
AT1G28180	1	3	2	0	0	0
AT1G28190	720	1059	1026	196	173	213
AT1G28200	907	1078	1015	786	682	760
AT1G28210	83	108	103	97	95	110
AT1G28220	0	0	0	1	0	0
AT1G28230	49	68	66	43	42	38
AT1G28240	799	998	1050	542	457	494
AT1G28250	200	205	195	166	166	177
AT1G28260	600	644	581	557	565	556
AT1G28265	0	0	0	0	0	0
AT1G28270	0	0	0	0	0	0
AT1G28280	760	877	894	507	416	524
AT1G28290	455	587	609	860	948	1135
AT1G28300	0	0	0	0	0	0
AT1G28305	0	0	0	0	0	0
AT1G28306	0	0	0	0	0	0
AT1G28310	118	93	91	119	104	147
AT1G28320	888	1202	1084	944	951	888
AT1G28327	0	0	0	0	0	0
AT1G28330	5637	7895	5895	5926	7724	6778
AT1G28335	0	0	0	0	0	0
AT1G28340	459	470	390	440	378	402
AT1G28350	557	546	503	567	461	528
AT1G28360	52	70	79	22	22	40
AT1G28370	27	27	41	19	12	13
AT1G28375	0	0	0	0	0	0
AT1G28380	1248	1553	1632	693	535	602
AT1G28390	152	173	176	84	86	118
AT1G28395	119	104	110	166	165	174
AT1G28400	211	226	199	371	245	356
AT1G28410	211	262	212	281	266	277
AT1G28420	821	914	878	903	621	871
AT1G28430	0	0	0	0	0	0
AT1G28440	972	1021	1029	1547	1153	1402
AT1G28450	0	0	0	0	0	0
AT1G28460	0	0	0	0	0	0
AT1G28470	25	20	30	22	27	33
AT1G28480	56	151	135	12	13	12
AT1G28490	364	445	390	401	428	396
AT1G28500	0	0	0	0	0	0
AT1G28510	249	347	294	242	277	235
AT1G28520	1406	1867	1787	1273	998	1080
AT1G28530	48	47	41	56	72	75
AT1G28540	180	208	176	165	168	143
AT1G28550	3	1	0	1	1	2
AT1G28560	25	28	42	39	56	41
AT1G28570	78	125	76	136	97	144
AT1G28580	1937	2530	2034	2185	2145	2224
AT1G28590	0	2	0	0	1	1
AT1G28600	1867	2299	2480	590	520	545
AT1G28610	74	142	95	34	43	34
AT1G28630	0	0	0	0	0	0
AT1G28640	0	0	0	0	0	0
AT1G28650	1	0	1	0	0	1
AT1G28660	618	982	664	763	1042	730
AT1G28670	319	385	300	446	540	491
AT1G28680	117	137	185	76	140	103
AT1G28685	3	2	1	2	2	1
AT1G28690	12	36	25	37	26	26
AT1G28695	0	2	0	0	0	0
AT1G28700	0	0	0	0	0	0
AT1G28710	122	159	140	189	183	201
AT1G28715	69	70	46	87	96	83
AT1G28720	0	0	0	0	0	0
AT1G28730	0	0	0	1	0	0
AT1G28740	0	1	1	0	0	0
AT1G28750	1	1	1	2	1	1
AT1G28760	77	79	87	65	69	80
AT1G28765	27	25	20	16	21	19
AT1G28770	0	1	0	0	0	0
AT1G28780	0	0	0	0	0	0
AT1G28790	0	0	0	0	0	1
AT1G28800	0	0	0	0	0	0
AT1G28810	0	0	0	1	0	1
AT1G28815	0	0	0	1	0	1
AT1G28820	1	0	0	2	2	3
AT1G28830	1	1	0	2	3	3
AT1G28840	0	3	4	3	1	0
AT1G28850	0	0	0	0	2	2
AT1G28860	0	0	1	1	0	0
AT1G28870	0	0	0	0	0	0
AT1G28880	0	0	0	0	0	0
AT1G28890	1	0	5	0	1	2
AT1G28900	0	0	0	0	0	0
AT1G28910	0	0	0	0	0	0
AT1G28920	2	2	2	6	1	2
AT1G28930	5	3	4	2	5	6
AT1G28940	0	2	2	1	1	2
AT1G28950	3	6	5	1	0	1
AT1G28960	331	425	356	343	346	354
AT1G28970	0	0	3	0	1	3
AT1G28980	0	2	3	4	2	3
AT1G28990	0	2	1	4	2	3
AT1G29000	6	11	6	14	7	6
AT1G29005	0	0	0	0	0	0
AT1G29010	0	0	0	0	0	0
AT1G29020	15	15	25	40	34	73
AT1G29025	14	12	21	22	25	21
AT1G29030	136	162	150	201	209	204
AT1G29040	334	447	373	312	350	320
AT1G29041	0	0	1	0	0	0
AT1G29050	189	266	231	217	130	286
AT1G29060	167	163	153	116	97	112
AT1G29070	1873	1883	1988	2005	2510	2105
AT1G29071	1	2	4	0	1	0
AT1G29080	0	0	0	0	0	0
AT1G29090	2	2	19	6	10	17
AT1G29100	0	4	11	1	5	8
AT1G29110	8	4	7	6	12	11
AT1G29120	1127	1249	1265	907	675	910
AT1G29140	0	0	1	0	0	0
AT1G29150	970	1058	1131	897	831	880
AT1G29160	54	60	58	56	64	65
AT1G29170	231	256	224	292	201	270
AT1G29179	3	3	9	7	5	5
AT1G29180	3	4	1	2	7	5
AT1G29195	44	53	46	43	22	19
AT1G29200	0	0	1	10	1	0
AT1G29210	0	0	0	0	0	0
AT1G29220	283	334	299	250	251	246
AT1G29230	5	10	9	2	5	3
AT1G29240	47	52	57	49	45	71
AT1G29250	346	390	338	368	428	403
AT1G29260	273	330	284	311	336	309
AT1G29265	0	0	0	0	0	0
AT1G29270	7	16	13	19	22	20
AT1G29280	253	296	306	459	593	613
AT1G29290	56	61	65	28	26	27
AT1G29300	119	173	142	103	96	89
AT1G29310	765	700	728	404	338	473
AT1G29320	339	267	258	339	313	348
AT1G29330	228	255	296	124	147	149
AT1G29340	872	1108	999	753	795	788
AT1G29350	282	347	356	317	215	287
AT1G29355	0	0	0	0	0	0
AT1G29357	119	107	131	97	115	75
AT1G29370	312	342	326	287	175	285
AT1G29380	26	20	19	37	15	21
AT1G29390	532	595	531	579	669	536
AT1G29395	890	1248	935	1459	1772	1153
AT1G29400	2862	3825	3353	2655	2264	2793
AT1G29410	74	106	69	84	103	98
AT1G29418	67	74	72	72	72	77
AT1G29420	0	1	0	0	1	0
AT1G29430	13	35	23	43	55	40
AT1G29435	0	0	0	0	0	0
AT1G29440	8	16	7	9	26	17
AT1G29450	24	29	13	38	49	41
AT1G29460	11	11	7	20	32	18
AT1G29465	12	19	14	26	25	25
AT1G29470	3308	3559	3444	3614	3013	3395
AT1G29480	0	0	0	0	0	0
AT1G29490	9	5	13	12	13	5
AT1G29500	38	57	30	73	46	52
AT1G29510	18	25	15	24	43	35
AT1G29520	56	59	49	71	58	64
AT1G29530	102	108	96	112	133	109
AT1G29535	2	4	3	5	2	6
AT1G29540	0	0	0	0	0	0
AT1G29550	86	97	76	80	109	83
AT1G29560	51	63	38	59	71	65
AT1G29570	0	0	0	0	0	0
AT1G29580	0	0	0	0	0	0
AT1G29590	32	29	22	13	20	25
AT1G29600	15	14	26	17	25	20
AT1G29620	0	0	0	0	0	0
AT1G29630	120	103	113	95	111	116
AT1G29640	32	81	70	15	22	18
AT1G29660	461	439	405	580	527	560
AT1G29670	2688	2645	2524	2358	2353	1947
AT1G29680	0	4	5	0	0	1
AT1G29690	658	792	853	235	217	277
AT1G29700	138	100	101	166	149	139
AT1G29710	57	76	61	63	55	53
AT1G29720	24	31	35	22	28	30
AT1G29730	20	51	42	48	39	45
AT1G29740	4	8	9	5	7	12
AT1G29750	303	430	378	387	284	323
AT1G29760	398	483	441	307	349	298
AT1G29770	13	14	9	17	14	8
AT1G29775	0	0	0	0	0	0
AT1G29780	0	0	0	0	0	0
AT1G29785	107	102	89	107	96	129
AT1G29790	260	300	277	278	284	304
AT1G29800	232	273	242	202	169	156
AT1G29810	122	191	174	152	162	157
AT1G29820	283	315	348	272	257	291
AT1G29830	4	4	2	2	6	13
AT1G29840	61	78	52	77	74	68
AT1G29850	795	979	880	704	756	736
AT1G29860	26	24	38	13	1	6
AT1G29870	0	0	0	0	0	0
AT1G29880	1245	1232	1233	1368	1153	1262
AT1G29890	301	342	311	309	210	286
AT1G29900	1656	1612	1666	1998	1740	2023
AT1G29910	8810	10088	10068	15634	24630	14546
AT1G29920	8114	9051	9548	10239	15560	6408
AT1G29930	83616	96663	89189	140108	162317	133317
AT1G29940	702	735	807	768	676	813
AT1G29950	416	527	436	533	397	471
AT1G29960	35	53	36	57	42	38
AT1G29962	0	0	0	0	0	1
AT1G29965	2	2	4	5	1	1
AT1G29970	514	637	599	437	432	416
AT1G29980	132	92	115	117	70	142
AT1G29990	398	459	381	407	447	412
AT1G30000	479	511	505	441	383	449
AT1G30010	84	74	69	92	72	90
AT1G30020	0	0	1	0	2	0
AT1G30040	25	30	37	22	26	20
AT1G30050	0	0	0	0	1	0
AT1G30060	0	0	0	0	0	0
AT1G30070	94	66	107	66	73	65
AT1G30080	7	10	3	13	7	15
AT1G30090	386	444	457	387	315	307
AT1G30100	0	0	0	0	0	0
AT1G30110	157	159	185	228	254	243
AT1G30120	1192	1369	1116	1401	1328	1354
AT1G30130	317	409	344	362	362	321
AT1G30135	5	7	14	0	2	0
AT1G30140	0	0	0	0	2	0
AT1G30160	6	5	5	9	4	16
AT1G30170	1	0	0	2	0	2
AT1G30190	1	5	7	1	2	0
AT1G30200	652	813	703	628	686	712
AT1G30210	458	524	447	546	481	493
AT1G30220	18	32	40	21	18	27
AT1G30230	4322	5543	4779	4818	5128	4946
AT1G30240	137	134	161	228	166	178
AT1G30250	5	2	5	6	1	6
AT1G30260	39	38	27	62	55	57
AT1G30270	1766	2423	2247	1644	1629	1592
AT1G30280	51	61	52	83	154	100
AT1G30282	0	0	0	0	0	0
AT1G30290	121	109	95	144	123	164
AT1G30300	113	120	105	133	100	127
AT1G30320	687	777	775	417	397	329
AT1G30330	1754	1947	1930	2337	1414	2020
AT1G30350	0	0	0	0	0	0
AT1G30360	2392	2487	2230	2868	2654	2643
AT1G30370	273	375	358	30	18	22
AT1G30380	4749	5405	4699	6097	8143	5157
AT1G30400	3915	4418	4830	2629	1852	2309
AT1G30410	1888	2399	2063	1552	1495	1254
AT1G30420	1341	1823	2350	350	262	322
AT1G30430	0	0	0	0	0	0
AT1G30440	537	607	495	598	546	630
AT1G30450	667	683	720	642	417	592
AT1G30455	9	3	3	0	0	2
AT1G30460	350	312	341	362	314	314
AT1G30470	724	766	793	768	696	692
AT1G30473	1	0	0	0	1	1
AT1G30475	55	52	39	53	55	54
AT1G30480	239	293	278	278	231	234
AT1G30490	407	465	410	493	462	476
AT1G30500	64	62	70	78	88	91
AT1G30510	277	360	293	417	328	411
AT1G30515	1	1	1	1	2	0
AT1G30520	176	172	151	208	269	200
AT1G30530	134	187	132	156	132	129
AT1G30540	262	286	251	247	252	184
AT1G30545	57	48	45	42	59	49
AT1G30550	1	1	8	5	4	7
AT1G30560	1	2	6	1	1	2
AT1G30570	248	284	292	414	291	354
AT1G30580	2182	2402	2443	2224	2090	2127
AT1G30590	611	796	627	773	814	770
AT1G30600	97	89	136	139	102	126
AT1G30610	394	392	369	433	399	487
AT1G30620	392	543	589	156	121	159
AT1G30630	993	1062	1119	906	775	845
AT1G30640	267	430	358	249	208	214
AT1G30650	124	120	138	192	193	211
AT1G30660	17	18	38	27	28	19
AT1G30670	0	0	0	0	0	0
AT1G30680	523	526	575	535	432	515
AT1G30690	670	768	795	835	629	773
AT1G30700	2016	2328	3101	845	487	675
AT1G30710	0	0	0	0	0	0
AT1G30720	1584	1393	1786	886	562	745
AT1G30730	965	873	1054	475	244	462
AT1G30740	7	3	10	3	1	1
AT1G30750	22	21	14	66	23	27
AT1G30755	739	950	1009	281	251	267
AT1G30757	0	0	0	0	0	0
AT1G30760	48	28	38	38	30	25
AT1G30780	0	0	0	0	0	1
AT1G30790	0	0	0	0	0	0
AT1G30795	0	0	0	0	0	0
AT1G30800	0	0	0	0	0	0
AT1G30810	308	354	362	293	266	242
AT1G30814	0	1	1	0	0	0
AT1G30820	1011	1017	1129	683	708	729
AT1G30825	199	205	171	144	152	151
AT1G30830	0	0	0	0	0	0
AT1G30840	9	3	7	27	18	22
AT1G30845	23	52	28	41	32	32
AT1G30850	2	5	7	1	1	2
AT1G30860	22	34	39	8	10	11
AT1G30870	48	31	97	49	52	26
AT1G30880	955	1213	982	1040	1210	1128
AT1G30890	187	231	189	210	175	201
AT1G30900	88	90	116	130	82	112
AT1G30910	239	268	265	306	310	289
AT1G30920	1	0	0	3	3	0
AT1G30925	0	0	0	0	0	0
AT1G30930	0	0	0	0	0	0
AT1G30950	1	1	2	0	1	6
AT1G30960	65	58	74	108	105	113
AT1G30970	658	788	673	851	747	819
AT1G30972	0	0	0	0	0	0
AT1G30974	0	0	0	0	0	0
AT1G30990	22	39	31	13	11	6
AT1G31000	0	0	0	0	0	0
AT1G31010	84	77	67	75	108	87
AT1G31020	148	173	143	137	173	155
AT1G31040	52	65	60	65	63	56
AT1G31050	38	22	50	82	63	120
AT1G31070	175	180	200	279	185	262
AT1G31080	0	0	0	0	0	0
AT1G31090	0	0	0	0	0	0
AT1G31095	0	0	0	0	0	0
AT1G31110	0	0	0	0	0	0
AT1G31120	359	437	425	527	371	565
AT1G31130	1214	1332	1641	575	482	523
AT1G31140	0	0	0	0	0	0
AT1G31150	109	134	113	124	118	145
AT1G31160	228	257	233	271	273	261
AT1G31163	0	0	0	0	0	0
AT1G31170	196	259	223	230	270	185
AT1G31173	5	6	7	18	14	12
AT1G31175	101	131	100	111	155	156
AT1G31180	641	647	717	626	541	661
AT1G31190	314	318	315	358	368	325
AT1G31200	6	2	3	8	4	4
AT1G31220	79	95	92	101	103	115
AT1G31230	783	840	872	937	719	933
AT1G31240	6	8	2	8	8	9
AT1G31243	0	0	0	0	0	0
AT1G31250	0	1	3	0	0	0
AT1G31255	0	0	0	0	0	0
AT1G31258	84	127	110	91	124	84
AT1G31260	0	0	0	0	0	0
AT1G31270	0	0	0	0	0	0
AT1G31280	197	250	249	240	167	177
AT1G31290	39	41	37	35	34	36
AT1G31300	243	319	304	291	301	313
AT1G31310	41	45	38	58	38	77
AT1G31320	11	19	23	29	24	25
AT1G31330	7764	7796	7154	10450	11885	9434
AT1G31335	29	47	31	40	24	34
AT1G31340	510	629	589	442	524	433
AT1G31350	227	277	255	169	228	184
AT1G31358	0	0	0	0	0	0
AT1G31360	150	187	155	169	181	175
AT1G31370	0	0	0	0	0	0
AT1G31380	1	0	0	0	0	0
AT1G31390	0	0	0	0	0	0
AT1G31400	1	0	1	0	0	2
AT1G31410	217	277	257	286	353	290
AT1G31420	1395	1652	1359	1529	1816	1513
AT1G31430	21	17	12	21	14	23
AT1G31440	446	484	554	442	386	413
AT1G31450	0	0	0	0	0	0
AT1G31460	41	41	43	34	30	26
AT1G31470	74	101	104	85	47	79
AT1G31480	313	358	373	240	228	239
AT1G31485	0	0	0	0	0	0
AT1G31490	2	0	1	0	1	2
AT1G31500	228	249	250	241	226	234
AT1G31510	0	0	0	0	0	0
AT1G31520	0	0	0	0	0	0
AT1G31530	0	0	0	0	0	0
AT1G31540	354	474	446	253	190	223
AT1G31550	31	58	37	14	26	25
AT1G31555	0	0	0	0	0	0
AT1G31580	118	455	306	103	879	54
AT1G31600	528	725	607	669	633	676
AT1G31620	0	0	0	0	0	0
AT1G31630	0	0	0	0	0	0
AT1G31640	0	0	0	0	0	0
AT1G31650	212	268	277	304	219	263
AT1G31660	384	397	408	460	439	467
AT1G31670	0	0	0	0	0	0
AT1G31690	0	0	1	0	0	1
AT1G31710	245	258	248	346	239	329
AT1G31720	2	4	5	4	8	4
AT1G31730	1161	1251	1286	1158	904	1086
AT1G31740	0	0	0	0	0	0
AT1G31750	2	8	7	8	8	10
AT1G31760	24	35	37	52	46	56
AT1G31770	136	186	214	415	340	470
AT1G31772	0	0	1	0	2	1
AT1G31780	765	799	775	781	498	677
AT1G31790	27	27	37	49	48	44
AT1G31800	596	587	550	788	672	705
AT1G31810	598	619	679	596	404	612
AT1G31812	3385	4626	3429	4298	5255	3864
AT1G31814	101	105	113	143	124	124
AT1G31817	258	248	253	273	249	238
AT1G31820	204	357	263	149	127	113
AT1G31830	340	398	299	373	309	358
AT1G31835	23	24	26	25	59	33
AT1G31840	21	26	17	30	24	23
AT1G31850	856	923	933	1129	904	1163
AT1G31860	192	152	168	225	186	223
AT1G31870	363	415	352	354	306	306
AT1G31880	34	27	29	25	15	35
AT1G31885	29	46	59	51	36	46
AT1G31910	2400	3020	2871	2604	2477	2424
AT1G31920	0	0	0	0	0	0
AT1G31930	1086	1427	1558	637	431	590
AT1G31935	39	53	32	50	42	41
AT1G31940	133	185	132	143	173	141
AT1G31950	34	24	41	63	72	79
AT1G31960	0	0	0	0	0	0
AT1G31970	999	1091	984	970	874	1148
AT1G31990	1	0	0	0	0	0
AT1G32000	0	1	0	0	0	0
AT1G32010	0	0	0	0	0	0
AT1G32020	0	0	0	0	0	0
AT1G32030	0	0	0	0	0	0
AT1G32050	1589	2054	1634	1619	1757	1568
AT1G32060	2394	2712	2394	3893	4484	3582
AT1G32070	344	464	385	488	516	449
AT1G32080	605	742	705	996	1101	819
AT1G32090	464	596	566	506	412	554
AT1G32100	82	92	116	74	28	30
AT1G32120	52	68	50	74	75	85
AT1G32127	90	157	162	86	100	107
AT1G32130	1224	1492	1467	1240	1083	1046
AT1G32140	0	0	0	0	0	0
AT1G32150	202	236	230	200	216	204
AT1G32160	341	412	335	490	423	389
AT1G32170	743	902	938	353	342	323
AT1G32172	3	0	2	5	5	5
AT1G32180	0	0	1	1	0	0
AT1G32190	184	253	190	189	203	183
AT1G32200	482	643	569	592	591	586
AT1G32210	378	494	445	373	444	408
AT1G32220	344	376	324	337	353	359
AT1G32225	0	0	0	0	0	0
AT1G32230	5173	6815	6018	6329	6510	5498
AT1G32240	72	44	66	73	63	72
AT1G32250	0	0	0	0	0	0
AT1G32260	153	173	127	137	166	131
AT1G32270	0	1	1	1	3	3
AT1G32280	0	0	1	0	0	0
AT1G32300	0	1	0	0	0	0
AT1G32310	134	170	163	139	144	131
AT1G32320	0	0	0	0	0	1
AT1G32330	143	170	177	174	137	160
AT1G32337	0	0	0	0	0	0
AT1G32340	380	456	429	377	328	282
AT1G32350	220	311	390	13	15	9
AT1G32360	413	485	520	389	381	416
AT1G32361	0	0	0	0	0	0
AT1G32370	163	212	145	179	204	163
AT1G32375	1	5	4	1	2	0
AT1G32380	131	137	129	101	114	103
AT1G32385	0	1	1	1	2	0
AT1G32400	1197	1429	1241	1028	1035	941
AT1G32410	283	368	320	307	351	300
AT1G32415	36	38	31	46	37	46
AT1G32420	0	0	0	0	0	0
AT1G32430	0	0	0	0	0	0
AT1G32440	456	541	492	543	406	480
AT1G32450	60	67	68	1141	826	1331
AT1G32460	0	2	1	0	0	0
AT1G32470	1343	1580	1412	1976	2448	1935
AT1G32480	0	0	0	0	0	0
AT1G32490	789	857	843	866	668	782
AT1G32500	1050	1098	1039	1019	923	1024
AT1G32510	0	1	3	1	3	0
AT1G32520	55	81	64	75	90	62
AT1G32530	839	1030	1032	751	593	691
AT1G32540	170	179	191	238	154	225
AT1G32550	273	306	320	328	425	317
AT1G32560	6	3	9	0	0	16
AT1G32570	2	3	4	2	7	9
AT1G32575	0	3	1	0	3	3
AT1G32580	472	487	452	504	590	569
AT1G32582	0	0	1	0	0	0
AT1G32583	10	11	5	11	23	15
AT1G32585	0	0	0	0	1	0
AT1G32600	0	0	0	0	0	0
AT1G32610	24	15	31	26	19	26
AT1G32620	0	0	0	0	0	0
AT1G32630	28	37	33	19	20	20
AT1G32640	0	0	0	0	0	0
AT1G32650	0	0	0	0	0	0
AT1G32660	0	0	0	0	0	0
AT1G32690	49	57	49	62	57	53
AT1G32700	669	921	791	829	789	778
AT1G32710	0	0	0	0	0	0
AT1G32713	0	0	0	0	0	0
AT1G32720	0	0	0	0	0	0
AT1G32730	40	50	40	57	57	76
AT1G32740	29	51	29	40	30	38
AT1G32750	919	1052	1018	883	686	935
AT1G32760	77	65	70	79	63	84
AT1G32763	0	0	0	0	0	0
AT1G32770	0	0	0	0	0	0
AT1G32780	4	5	2	4	5	4
AT1G32790	2589	3128	3130	2344	2253	2028
AT1G32810	453	516	538	526	365	509
AT1G32850	0	0	0	1	0	0
AT1G32860	42	48	37	55	52	50
AT1G32870	119	133	158	124	158	116
AT1G32880	1	0	1	0	1	1
AT1G32900	17	42	25	32	36	29
AT1G32910	6	15	9	7	6	8
AT1G32920	1329	1623	1443	695	718	675
AT1G32928	211	301	212	109	114	128
AT1G32930	50	80	56	57	47	70
AT1G32940	315	409	553	181	175	171
AT1G32950	53	43	89	16	18	12
AT1G32960	45	57	90	1	15	4
AT1G32970	0	1	1	0	0	0
AT1G32975	0	0	0	0	0	0
AT1G32980	0	0	0	0	0	0
AT1G32990	1512	1289	1443	1708	1703	1650
AT1G32992	0	0	0	0	0	0
AT1G33010	0	0	0	0	0	0
AT1G33020	0	0	1	0	0	1
AT1G33030	219	335	377	42	45	46
AT1G33040	371	393	357	458	461	523
AT1G33050	1351	1922	1700	1512	1295	1438
AT1G33055	251	508	368	102	182	124
AT1G33060	199	271	243	265	256	263
AT1G33070	0	0	0	0	0	0
AT1G33080	42	35	31	26	45	42
AT1G33090	7	19	14	12	4	5
AT1G33100	0	0	1	0	2	2
AT1G33102	23	28	22	14	30	18
AT1G33110	1442	1969	2089	456	483	456
AT1G33120	812	872	820	716	1016	850
AT1G33140	1107	1212	1191	930	1548	1156
AT1G33170	62	87	77	126	96	168
AT1G33220	1	0	0	0	0	0
AT1G33230	356	449	365	418	356	412
AT1G33240	677	824	651	918	841	829
AT1G33250	351	428	395	374	351	299
AT1G33260	14	15	20	34	17	34
AT1G33265	173	233	218	227	248	218
AT1G33270	247	305	257	254	258	248
AT1G33280	1	1	2	8	1	2
AT1G33290	464	518	487	541	541	535
AT1G33320	0	0	0	0	0	0
AT1G33330	151	161	174	198	188	164
AT1G33340	3	7	1	8	16	10
AT1G33350	26	34	28	34	31	39
AT1G33355	0	0	0	0	0	0
AT1G33360	363	421	395	424	341	386
AT1G33370	0	0	0	0	0	0
AT1G33390	284	355	349	308	274	271
AT1G33400	214	285	267	305	288	305
AT1G33410	725	729	729	939	614	938
AT1G33415	97	114	81	133	84	96
AT1G33420	0	0	0	0	0	0
AT1G33430	0	0	0	0	0	0
AT1G33440	12	10	10	12	8	7
AT1G33470	476	617	514	561	548	602
AT1G33475	34	45	38	31	19	22
AT1G33480	18	30	25	30	35	39
AT1G33490	311	420	360	315	301	300
AT1G33500	0	3	0	4	2	3
AT1G33520	583	626	555	557	614	545
AT1G33530	0	0	0	0	0	0
AT1G33540	1	0	0	1	1	5
AT1G33560	413	480	439	267	268	260
AT1G33590	4103	4790	5580	2133	1706	1908
AT1G33600	1422	1701	1844	679	655	687
AT1G33607	0	0	0	0	0	1
AT1G33610	356	351	329	187	160	223
AT1G33612	12	6	7	8	12	13
AT1G33615	57	58	63	88	62	64
AT1G33640	0	0	0	0	0	0
AT1G33670	0	0	1	0	0	1
AT1G33680	1075	1179	1170	1193	847	1148
AT1G33700	106	86	114	104	107	128
AT1G33710	0	0	0	0	0	0
AT1G33720	10	27	21	11	13	6
AT1G33730	0	13	10	0	4	0
AT1G33750	6	7	10	17	28	26
AT1G33760	3	10	8	0	4	1
AT1G33770	4	4	8	4	5	5
AT1G33780	173	198	173	202	176	177
AT1G33790	532	665	717	1102	738	1224
AT1G33800	39	52	68	55	52	57
AT1G33810	434	504	466	582	706	566
AT1G33811	139	170	142	123	116	88
AT1G33820	0	0	0	0	0	0
AT1G33830	0	0	0	0	0	0
AT1G33840	0	0	1	1	1	2
AT1G33850	0	0	0	0	0	0
AT1G33860	0	0	0	0	0	0
AT1G33870	0	0	1	0	5	0
AT1G33880	0	0	0	0	1	0
AT1G33890	2	9	4	5	5	4
AT1G33900	4	5	4	9	2	17
AT1G33910	0	0	0	2	0	4
AT1G33920	0	1	0	1	0	0
AT1G33930	14	13	16	11	8	16
AT1G33940	0	0	0	0	1	0
AT1G33945	0	0	0	0	0	0
AT1G33950	3	2	8	3	12	0
AT1G33960	182	565	1053	10	137	16
AT1G33970	563	663	603	715	754	571
AT1G33980	872	1101	1025	836	806	856
AT1G33990	950	1131	963	917	955	839
AT1G34000	527	596	513	701	708	607
AT1G34010	121	153	146	166	166	166
AT1G34015	0	0	0	0	0	0
AT1G34020	194	280	224	256	243	244
AT1G34030	1298	1447	1290	1122	1254	1303
AT1G34040	6	13	10	39	35	31
AT1G34042	0	0	2	0	0	0
AT1G34046	0	1	2	0	0	0
AT1G34047	0	0	2	0	1	0
AT1G34049	0	0	0	0	0	0
AT1G34050	12	6	10	9	6	10
AT1G34060	13	22	16	14	17	20
AT1G34065	40	39	35	77	67	85
AT1G34070	0	0	0	0	0	0
AT1G34095	0	0	0	0	0	0
AT1G34110	270	287	251	337	333	345
AT1G34120	123	198	160	153	161	128
AT1G34130	477	491	487	516	402	506
AT1G34140	0	0	0	0	0	0
AT1G34150	214	263	253	213	194	203
AT1G34160	59	37	54	74	77	68
AT1G34170	0	1	0	0	0	0
AT1G34180	85	147	131	49	68	64
AT1G34190	940	1136	1102	902	772	833
AT1G34200	504	590	593	359	414	343
AT1G34210	508	621	474	436	446	430
AT1G34220	490	524	554	480	367	403
AT1G34245	18	36	23	39	50	36
AT1G34260	337	457	525	306	269	301
AT1G34270	106	128	134	109	132	153
AT1G34290	0	0	0	0	0	0
AT1G34300	565	745	726	483	444	482
AT1G34310	0	0	0	0	0	0
AT1G34315	149	215	174	118	131	159
AT1G34317	17	18	32	10	13	16
AT1G34320	1083	1372	1228	1104	943	1110
AT1G34340	494	651	508	546	538	520
AT1G34350	133	179	158	113	135	148
AT1G34355	38	36	48	55	34	49
AT1G34360	221	253	247	211	223	219
AT1G34370	1935	2401	2521	1561	1386	1407
AT1G34380	73	62	86	83	72	83
AT1G34390	0	0	0	0	0	0
AT1G34392	0	0	0	0	0	0
AT1G34400	0	0	0	0	0	0
AT1G34403	0	0	0	0	0	0
AT1G34410	0	0	0	0	0	0
AT1G34418	197	271	270	215	256	260
AT1G34420	46	87	99	50	52	51
AT1G34430	1886	1914	1829	2111	1759	1875
AT1G34440	0	0	0	0	0	0
AT1G34460	59	47	47	74	57	76
AT1G34470	178	209	193	253	219	259
AT1G34480	1	1	3	0	0	0
AT1G34490	0	0	0	1	0	0
AT1G34500	0	0	0	0	0	0
AT1G34510	9	9	24	5	10	8
AT1G34520	0	0	1	0	1	0
AT1G34540	2	0	0	1	1	1
AT1G34550	552	614	579	621	557	586
AT1G34560	0	0	0	0	0	0
AT1G34570	74	100	80	101	108	107
AT1G34575	0	0	0	0	0	0
AT1G34580	10	11	8	3	14	7
AT1G34630	301	358	325	207	182	185
AT1G34640	38	66	37	82	49	70
AT1G34650	0	0	0	0	0	0
AT1G34670	40	50	45	65	60	58
AT1G34750	205	224	221	122	164	161
AT1G34760	223	344	285	206	247	201
AT1G34770	54	77	79	65	71	74
AT1G34780	182	206	193	220	220	173
AT1G34790	0	0	0	0	0	0
AT1G34792	0	0	0	0	0	0
AT1G34795	0	0	0	0	0	0
AT1G34800	0	0	0	0	0	0
AT1G34805	0	0	0	0	0	0
AT1G34807	0	0	0	0	0	0
AT1G34810	0	0	0	0	0	0
AT1G34812	0	0	0	0	0	0
AT1G34815	0	0	0	0	0	0
AT1G34817	0	0	0	0	0	0
AT1G34820	0	0	0	0	0	0
AT1G34822	0	0	0	0	0	0
AT1G34825	0	0	0	0	0	0
AT1G34827	0	0	0	0	0	0
AT1G34830	0	0	0	0	0	0
AT1G34840	0	0	0	0	0	0
AT1G34844	31	54	45	68	69	75
AT1G34850	0	0	0	0	0	0
AT1G34855	0	0	0	0	0	0
AT1G34860	0	0	0	0	0	0
AT1G34910	0	0	0	0	0	0
AT1G34930	0	0	0	0	0	0
AT1G35030	0	0	0	0	0	0
AT1G35035	0	0	0	0	0	0
AT1G35040	0	0	0	0	0	0
AT1G35140	437	474	429	78	204	85
AT1G35150	0	0	0	0	0	0
AT1G35160	1195	1341	1351	1261	1207	1303
AT1G35170	0	0	0	0	0	0
AT1G35180	16	13	20	29	20	14
AT1G35181	0	0	0	0	0	0
AT1G35183	4	0	2	1	1	0
AT1G35190	616	835	786	537	507	464
AT1G35210	67	146	146	6	5	4
AT1G35215	0	0	0	0	0	0
AT1G35220	430	483	480	486	396	494
AT1G35230	225	350	407	12	55	60
AT1G35240	10	15	8	15	14	12
AT1G35242	0	0	3	2	0	5
AT1G35250	21	32	35	55	83	62
AT1G35255	3	8	2	11	9	9
AT1G35260	139	283	169	144	169	149
AT1G35290	1	3	1	4	4	5
AT1G35310	3	9	8	4	11	2
AT1G35320	135	169	213	177	216	213
AT1G35330	1	6	2	6	10	7
AT1G35340	389	444	402	501	474	470
AT1G35350	719	852	887	359	386	332
AT1G35353	0	0	0	0	0	0
AT1G35365	0	0	0	0	0	0
AT1G35375	0	0	0	0	0	0
AT1G35400	0	0	0	0	0	0
AT1G35410	0	0	0	0	0	0
AT1G35420	404	543	452	636	659	579
AT1G35430	53	91	73	64	62	49
AT1G35435	0	0	0	0	0	0
AT1G35440	0	0	0	0	0	0
AT1G35460	87	122	106	144	132	127
AT1G35467	0	0	0	0	0	0
AT1G35470	280	244	305	323	262	265
AT1G35490	0	0	0	0	0	0
AT1G35500	0	0	0	0	0	0
AT1G35501	0	0	0	0	0	0
AT1G35510	266	368	286	265	272	307
AT1G35515	6	11	10	16	11	9
AT1G35516	536	727	641	616	657	628
AT1G35520	0	0	0	0	0	0
AT1G35530	36	39	57	80	46	47
AT1G35537	0	0	0	0	0	0
AT1G35540	0	0	0	0	0	0
AT1G35545	0	0	0	0	0	0
AT1G35550	0	0	0	0	0	0
AT1G35560	77	95	67	72	74	70
AT1G35580	2988	3701	3791	2021	2494	1940
AT1G35610	0	0	0	0	1	1
AT1G35614	0	0	0	0	0	0
AT1G35617	0	1	0	0	0	0
AT1G35620	534	554	506	606	579	576
AT1G35625	1	0	0	2	1	2
AT1G35630	1	0	2	0	0	0
AT1G35660	179	267	225	198	154	168
AT1G35670	1497	1994	2257	814	813	627
AT1G35680	2007	1862	1980	2134	2383	2236
AT1G35710	290	569	423	98	183	93
AT1G35720	1036	1364	1233	1367	1234	1288
AT1G35730	1	4	2	0	1	0
AT1G35750	0	0	0	0	0	0
AT1G35780	148	179	165	197	158	188
AT1G35820	0	0	0	0	0	0
AT1G35830	12	18	18	30	19	17
AT1G35850	0	0	0	0	0	0
AT1G35860	0	0	0	0	0	0
AT1G35880	0	2	0	0	3	1
AT1G35890	0	0	0	0	0	0
AT1G35895	0	0	0	0	0	0
AT1G35910	12	14	24	8	7	10
AT1G36000	0	0	0	0	0	0
AT1G36005	0	0	0	0	0	0
AT1G36020	0	0	0	0	0	0
AT1G36030	0	0	0	0	0	0
AT1G36050	1150	1350	1119	975	1050	928
AT1G36060	332	394	384	358	272	309
AT1G36070	367	467	405	522	533	510
AT1G36078	0	0	0	0	0	0
AT1G36085	0	0	0	0	0	0
AT1G36095	0	0	0	0	0	0
AT1G36100	0	0	0	0	0	0
AT1G36150	0	0	0	0	0	0
AT1G36160	2346	2448	2561	2703	1606	2290
AT1G36180	240	245	212	375	308	332
AT1G36230	0	0	0	0	0	0
AT1G36240	0	0	0	0	0	0
AT1G36272	0	0	0	0	0	0
AT1G36280	114	120	138	140	111	154
AT1G36310	373	393	405	408	454	413
AT1G36320	798	808	793	881	871	865
AT1G36325	0	0	0	0	0	0
AT1G36340	0	0	0	0	0	0
AT1G36350	0	0	0	0	0	0
AT1G36370	298	465	430	332	292	319
AT1G36380	68	92	59	92	116	87
AT1G36390	199	164	178	200	164	214
AT1G36510	0	0	0	0	0	0
AT1G36580	0	0	0	1	0	0
AT1G36622	147	198	198	92	66	111
AT1G36623	0	0	0	0	0	0
AT1G36627	0	0	0	0	0	0
AT1G36640	46	60	60	32	24	40
AT1G36675	1	2	0	0	2	1
AT1G36730	1717	2051	2060	1773	1865	1701
AT1G36745	0	0	0	0	0	0
AT1G36756	0	0	0	0	0	0
AT1G36920	0	0	0	0	0	0
AT1G36922	0	0	0	0	0	0
AT1G36925	0	0	0	0	0	0
AT1G36940	48	41	42	45	39	54
AT1G36942	0	0	0	0	0	0
AT1G36950	0	0	0	0	0	0
AT1G36960	0	0	0	0	0	0
AT1G36970	0	0	0	0	0	0
AT1G36980	850	1073	861	938	1115	867
AT1G36990	283	304	269	281	286	277
AT1G36992	0	0	0	0	0	0
AT1G37000	0	0	0	0	0	0
AT1G37010	0	0	0	0	0	0
AT1G37020	0	0	0	0	0	0
AT1G37113	0	0	0	0	0	0
AT1G37130	32095	31279	33476	26879	18020	22468
AT1G37140	0	0	0	0	1	0
AT1G37150	8	23	16	22	17	26
AT1G38065	0	0	0	0	0	0
AT1G38131	12	13	16	33	7	22
AT1G38790	0	0	0	0	0	0
AT1G39060	0	0	0	0	0	0
AT1G39070	0	0	0	0	0	0
AT1G40083	0	0	0	0	0	0
AT1G40086	0	0	0	0	0	0
AT1G40087	0	0	0	0	0	0
AT1G40090	0	0	0	0	0	0
AT1G40104	0	0	0	0	0	0
AT1G40129	0	0	0	0	0	0
AT1G40390	0	0	0	0	0	0
AT1G41820	0	0	0	0	0	0
AT1G41830	171	143	176	246	188	256
AT1G41880	1274	1476	1360	1178	1285	1320
AT1G41920	0	0	0	0	0	0
AT1G42080	0	0	0	0	0	0
AT1G42120	0	0	0	0	0	0
AT1G42190	0	0	0	0	0	0
AT1G42430	298	404	299	341	381	358
AT1G42440	728	837	745	906	703	859
AT1G42470	310	387	356	380	234	342
AT1G42480	194	262	202	201	225	245
AT1G42525	0	0	0	0	0	0
AT1G42540	164	196	181	208	151	217
AT1G42550	1311	1536	1313	1361	1467	1500
AT1G42560	3	8	2	0	2	2
AT1G42615	0	0	0	0	0	0
AT1G42680	0	0	0	0	0	0
AT1G42700	0	0	0	0	0	0
AT1G42710	0	0	0	0	0	0
AT1G42960	1206	1489	1342	1391	1368	1346
AT1G42970	3773	4016	3927	5821	6312	5129
AT1G42980	19	22	30	1	0	4
AT1G42990	1515	1764	1592	577	604	609
AT1G43000	7	9	11	1	1	0
AT1G43005	0	0	0	0	0	0
AT1G43010	3	0	1	4	1	3
AT1G43020	3	8	5	22	10	13
AT1G43040	0	0	0	0	0	1
AT1G43080	0	0	0	0	0	0
AT1G43090	0	0	0	0	0	0
AT1G43100	0	0	0	0	0	0
AT1G43130	429	511	491	445	395	363
AT1G43140	3	0	1	10	7	3
AT1G43145	0	0	0	0	0	0
AT1G43160	166	270	401	27	52	20
AT1G43170	6153	6391	6762	5611	5339	6151
AT1G43171	0	0	0	0	0	0
AT1G43190	579	683	645	720	639	721
AT1G43245	97	98	99	132	105	118
AT1G43260	0	1	0	0	0	0
AT1G43310	0	0	1	0	0	0
AT1G43320	0	0	0	0	0	0
AT1G43330	0	0	0	0	0	0
AT1G43415	0	0	0	0	0	0
AT1G43560	345	420	359	402	414	362
AT1G43580	309	381	324	329	333	354
AT1G43600	0	0	0	0	1	0
AT1G43605	2	0	0	6	9	4
AT1G43610	0	0	0	0	0	0
AT1G43620	267	315	254	387	307	333
AT1G43630	0	0	0	0	0	0
AT1G43640	0	0	1	0	0	0
AT1G43650	11	16	23	21	24	23
AT1G43665	0	0	0	0	0	0
AT1G43666	0	0	0	0	0	0
AT1G43667	0	0	0	0	0	0
AT1G43670	1339	1644	1513	1555	1809	1334
AT1G43680	0	0	1	1	0	0
AT1G43690	748	773	823	702	629	642
AT1G43700	947	1138	985	923	883	841
AT1G43710	1247	1397	1315	1538	1369	1339
AT1G43720	0	0	0	0	0	0
AT1G43722	0	0	0	0	0	0
AT1G43730	0	0	0	0	0	0
AT1G43760	0	0	0	0	0	0
AT1G43765	5	10	7	10	10	8
AT1G43770	23	70	48	67	62	51
AT1G43780	1	0	1	0	0	2
AT1G43790	46	26	42	45	2	18
AT1G43800	29	41	76	12	93	26
AT1G43810	0	0	0	0	0	0
AT1G43815	0	0	0	0	0	0
AT1G43820	0	0	0	0	0	0
AT1G43825	0	0	0	0	0	0
AT1G43850	573	620	593	633	368	587
AT1G43860	403	446	417	391	388	369
AT1G43890	809	1056	890	747	845	685
AT1G43900	285	370	316	306	307	309
AT1G43910	107	177	178	35	55	36
AT1G43950	0	0	0	0	0	0
AT1G43970	0	0	0	0	0	0
AT1G43980	11	11	21	20	19	27
AT1G44000	130	138	157	163	182	188
AT1G44010	0	3	2	1	0	0
AT1G44020	0	0	0	1	1	2
AT1G44030	0	0	0	0	0	0
AT1G44050	4	0	3	4	11	3
AT1G44080	0	0	0	0	0	0
AT1G44085	0	0	0	0	0	0
AT1G44090	2	0	2	0	1	0
AT1G44100	533	682	619	416	339	387
AT1G44110	27	29	36	50	46	56
AT1G44120	0	1	1	0	2	0
AT1G44125	0	0	0	0	0	0
AT1G44130	36	29	40	24	18	22
AT1G44160	41	48	35	89	78	70
AT1G44170	603	902	833	580	498	545
AT1G44180	6	5	14	10	23	34
AT1G44191	0	0	0	0	0	0
AT1G44224	0	0	0	0	0	0
AT1G44318	0	0	0	0	1	0
AT1G44350	187	243	230	122	131	110
AT1G44414	8	2	8	7	3	2
AT1G44446	175	185	185	244	230	276
AT1G44478	0	0	0	0	0	0
AT1G44542	3	2	3	1	0	1
AT1G44575	2311	2156	2190	2609	3080	2368
AT1G44608	41	55	47	24	26	20
AT1G44740	10	10	13	16	18	22
AT1G44750	244	299	317	349	307	357
AT1G44760	202	238	215	286	284	267
AT1G44770	700	905	758	618	691	585
AT1G44780	81	102	91	156	113	148
AT1G44790	232	335	300	246	230	220
AT1G44800	207	204	205	374	456	506
AT1G44810	251	309	272	319	354	414
AT1G44820	283	330	300	336	253	289
AT1G44830	19	8	17	28	28	29
AT1G44835	230	194	189	207	209	214
AT1G44890	65	81	84	68	78	82
AT1G44895	0	0	0	0	0	0
AT1G44900	304	316	320	318	213	277
AT1G44910	524	640	536	592	534	558
AT1G44920	509	543	475	688	801	693
AT1G44940	0	0	0	0	0	0
AT1G44941	0	0	0	0	0	0
AT1G44960	132	165	136	187	147	159
AT1G44970	8	7	12	27	26	18
AT1G44980	0	0	0	0	0	0
AT1G44990	0	0	0	0	0	0
AT1G45000	1615	1720	1697	1747	1589	1544
AT1G45010	33	82	75	82	66	60
AT1G45015	2	1	0	3	3	0
AT1G45050	244	326	241	222	265	246
AT1G45063	0	0	0	0	0	0
AT1G45100	0	0	0	0	0	0
AT1G45110	47	40	48	64	78	76
AT1G45130	165	160	153	258	243	247
AT1G45145	658	1292	1281	407	337	265
AT1G45150	278	309	299	292	243	263
AT1G45160	536	678	617	601	463	549
AT1G45163	0	0	0	1	0	1
AT1G45165	0	0	0	0	0	0
AT1G45170	114	142	123	136	174	133
AT1G45180	144	196	184	132	99	133
AT1G45190	0	0	0	0	0	0
AT1G45191	7	7	6	2	6	5
AT1G45201	140	165	165	366	245	286
AT1G45207	85	85	121	122	116	133
AT1G45215	0	0	0	0	0	0
AT1G45221	0	0	0	0	0	0
AT1G45223	0	0	0	0	0	0
AT1G45229	26	67	38	42	67	59
AT1G45230	405	451	338	507	576	506
AT1G45231	115	145	130	132	124	144
AT1G45233	143	192	170	159	156	156
AT1G45234	7	8	1	14	19	8
AT1G45238	1	1	0	2	0	5
AT1G45240	0	4	3	2	3	2
AT1G45242	0	0	0	0	2	0
AT1G45243	0	0	0	0	0	0
AT1G45244	1	0	0	0	0	0
AT1G45246	0	0	0	2	0	0
AT1G45248	49	83	65	123	73	90
AT1G45249	295	343	345	356	337	341
AT1G45332	459	528	548	578	458	563
AT1G45403	0	0	0	0	0	0
AT1G45474	580	591	537	615	804	627
AT1G45545	2	3	6	3	10	4
AT1G45616	2	1	1	1	3	1
AT1G45688	798	737	859	600	613	657
AT1G45976	296	394	377	260	291	306
AT1G46264	37	45	50	46	42	53
AT1G46336	0	0	0	0	0	0
AT1G46408	0	0	0	0	0	0
AT1G46480	13	22	29	27	7	20
AT1G46554	65	76	60	84	88	72
AT1G46696	0	0	0	0	0	0
AT1G46768	94	144	83	114	149	120
AT1G46840	0	0	0	0	0	0
AT1G46912	0	0	0	0	0	0
AT1G46984	0	1	0	0	0	0
AT1G47056	259	372	335	223	197	223
AT1G47128	5692	8104	6587	5697	5189	4979
AT1G47130	94	178	167	8	9	9
AT1G47200	389	421	420	436	374	415
AT1G47210	285	302	291	247	255	240
AT1G47220	0	0	0	0	0	0
AT1G47230	141	156	135	182	144	179
AT1G47240	233	213	219	238	198	198
AT1G47250	129	128	130	117	82	91
AT1G47260	971	1186	1115	1027	1151	1089
AT1G47265	0	0	0	0	0	0
AT1G47270	516	624	522	516	555	476
AT1G47271	3	3	4	9	3	5
AT1G47278	181	229	207	160	206	195
AT1G47280	0	0	0	0	0	0
AT1G47290	197	271	228	217	187	200
AT1G47300	0	0	0	0	0	0
AT1G47310	250	321	255	282	297	277
AT1G47317	0	0	0	0	0	0
AT1G47330	215	280	229	284	266	257
AT1G47340	48	79	68	86	75	77
AT1G47350	0	0	0	0	0	0
AT1G47370	0	3	1	0	1	2
AT1G47380	281	313	331	248	224	229
AT1G47389	0	0	0	0	0	0
AT1G47390	0	0	0	0	0	0
AT1G47395	13	97	53	36	117	31
AT1G47400	5	36	16	37	77	20
AT1G47410	37	49	54	59	44	28
AT1G47420	1530	1850	1794	1618	1575	1516
AT1G47450	0	0	0	0	0	0
AT1G47470	0	0	0	0	0	0
AT1G47480	161	209	229	157	151	133
AT1G47485	0	0	0	0	0	0
AT1G47490	815	941	851	886	851	926
AT1G47495	0	0	0	0	0	0
AT1G47497	0	0	0	0	1	0
AT1G47500	496	553	564	612	552	594
AT1G47510	43	101	131	9	5	5
AT1G47530	1725	2086	2202	1093	1136	1185
AT1G47540	1	2	1	1	0	0
AT1G47550	929	1101	1063	930	796	843
AT1G47560	45	51	49	53	38	56
AT1G47570	205	227	262	253	247	284
AT1G47578	20	30	36	43	30	41
AT1G47580	91	131	89	155	170	150
AT1G47600	33	30	88	31	4	10
AT1G47603	0	4	4	4	1	1
AT1G47610	1	2	1	1	0	1
AT1G47620	0	0	0	1	0	1
AT1G47640	410	406	433	391	395	381
AT1G47655	8	14	10	12	17	19
AT1G47657	0	0	0	0	0	2
AT1G47660	0	0	0	1	0	0
AT1G47670	56	54	67	146	79	133
AT1G47680	0	0	0	0	0	0
AT1G47690	0	0	0	0	0	0
AT1G47695	0	0	0	0	0	0
AT1G47700	0	0	0	0	0	0
AT1G47710	342	440	414	443	366	384
AT1G47720	69	83	70	74	106	89
AT1G47730	0	0	0	0	0	0
AT1G47740	428	469	418	462	438	478
AT1G47750	184	185	156	135	127	120
AT1G47760	8	7	3	5	13	5
AT1G47765	0	0	0	0	0	0
AT1G47770	0	0	0	0	0	1
AT1G47780	0	0	0	0	0	0
AT1G47786	0	0	0	0	0	0
AT1G47790	0	0	0	0	0	0
AT1G47800	0	0	0	0	0	0
AT1G47810	0	0	0	0	0	0
AT1G47813	0	0	0	0	0	0
AT1G47820	50	53	62	65	63	56
AT1G47830	387	515	449	353	366	348
AT1G47840	109	118	121	91	101	122
AT1G47845	0	0	1	3	0	1
AT1G47870	165	187	200	139	132	152
AT1G47885	0	0	1	0	0	0
AT1G47890	78	94	91	39	32	27
AT1G47900	205	223	198	306	183	291
AT1G47915	0	0	0	0	0	0
AT1G47920	0	0	0	1	0	0
AT1G47940	0	0	0	0	0	0
AT1G47960	108	146	94	137	90	151
AT1G47970	1160	1476	1217	1447	1746	1392
AT1G47980	2	2	3	1	11	5
AT1G47990	8	6	10	4	10	10
AT1G48000	22	19	23	13	11	7
AT1G48010	0	0	0	0	0	0
AT1G48020	0	1	2	0	0	0
AT1G48030	1392	1582	1645	1690	1592	1500
AT1G48040	105	90	111	98	73	81
AT1G48050	223	268	228	300	244	265
AT1G48060	3	1	7	2	2	2
AT1G48070	0	0	0	1	0	0
AT1G48080	0	0	0	0	0	0
AT1G48090	1052	1320	1272	1243	711	1051
AT1G48095	0	0	0	0	0	0
AT1G48100	1	1	1	4	1	2
AT1G48110	416	517	486	499	446	408
AT1G48120	134	122	145	241	122	198
AT1G48130	5	1	12	2	43	9
AT1G48140	158	214	186	157	204	133
AT1G48145	0	0	0	0	0	0
AT1G48150	0	0	0	0	0	0
AT1G48160	323	375	322	299	332	284
AT1G48170	111	123	130	104	112	99
AT1G48175	108	155	107	187	165	134
AT1G48180	0	0	0	1	1	0
AT1G48190	0	0	0	0	0	0
AT1G48195	2	0	2	0	3	0
AT1G48200	70	109	81	84	77	91
AT1G48210	698	901	844	671	629	557
AT1G48220	0	1	1	0	0	0
AT1G48230	453	517	409	551	492	527
AT1G48240	142	178	132	192	180	190
AT1G48260	125	229	140	54	71	77
AT1G48267	0	0	0	3	1	4
AT1G48270	70	76	68	69	56	75
AT1G48280	78	101	90	100	93	99
AT1G48285	0	0	0	0	0	0
AT1G48300	2924	5461	3596	4822	5623	3889
AT1G48310	112	149	133	153	111	125
AT1G48315	5	9	1	11	15	8
AT1G48320	0	0	0	0	0	0
AT1G48325	4	5	6	2	3	3
AT1G48330	11	14	14	21	40	26
AT1G48350	2068	2059	2146	2283	2526	2301
AT1G48355	0	0	0	0	0	0
AT1G48360	258	285	225	221	264	231
AT1G48370	83	106	113	104	66	112
AT1G48380	107	131	132	136	110	125
AT1G48390	23	25	15	36	28	21
AT1G48400	3	7	2	10	7	1
AT1G48405	1	0	1	1	3	1
AT1G48410	2656	2988	2918	2964	2052	2672
AT1G48420	439	565	511	645	588	559
AT1G48430	775	1027	879	902	951	789
AT1G48440	537	649	538	590	696	632
AT1G48450	1058	1147	1036	1187	1287	1136
AT1G48460	131	113	84	155	177	212
AT1G48470	0	0	0	0	2	0
AT1G48480	215	213	220	329	300	332
AT1G48490	1025	1321	1311	940	664	845
AT1G48500	3	15	14	20	35	39
AT1G48510	2	3	7	4	9	15
AT1G48520	706	631	683	752	753	770
AT1G48530	5	0	2	3	2	3
AT1G48540	616	785	667	848	582	761
AT1G48550	145	200	139	176	203	192
AT1G48560	29	33	21	26	13	30
AT1G48570	317	257	337	497	462	495
AT1G48580	18	19	21	25	18	38
AT1G48590	0	0	0	0	0	0
AT1G48600	349	378	406	472	483	518
AT1G48605	36	56	61	30	32	31
AT1G48610	107	98	92	136	139	158
AT1G48620	1023	1201	1093	1133	1139	1069
AT1G48630	912	795	905	787	825	1017
AT1G48635	302	309	347	325	321	366
AT1G48640	12	11	12	2	3	5
AT1G48650	762	823	822	962	755	878
AT1G48660	1	0	3	0	2	6
AT1G48670	2	6	3	8	10	7
AT1G48690	3	4	7	16	15	7
AT1G48698	0	0	1	2	0	2
AT1G48700	0	0	0	0	0	0
AT1G48720	0	0	0	0	0	0
AT1G48725	0	0	0	0	0	0
AT1G48730	0	0	0	0	0	1
AT1G48740	3	5	7	10	6	10
AT1G48742	0	0	0	0	0	0
AT1G48745	24	23	23	10	24	12
AT1G48750	0	0	0	0	0	0
AT1G48760	343	396	387	309	283	297
AT1G48770	120	221	152	115	98	104
AT1G48780	61	79	79	44	63	61
AT1G48790	686	922	858	760	608	623
AT1G48800	0	0	0	0	0	0
AT1G48820	0	2	0	0	0	3
AT1G48830	1026	1136	1127	1121	1119	1078
AT1G48840	242	271	247	335	300	262
AT1G48850	2335	2708	2967	942	913	993
AT1G48860	842	810	918	830	717	826
AT1G48870	19	35	16	43	26	43
AT1G48880	38	46	47	47	58	64
AT1G48900	864	995	996	828	825	750
AT1G48910	0	0	0	0	0	0
AT1G48912	0	0	0	0	0	0
AT1G48920	4457	4739	4641	5293	5342	5603
AT1G48930	33	20	48	24	22	23
AT1G48940	0	0	0	0	0	0
AT1G48950	273	284	239	279	275	309
AT1G48953	0	0	0	1	0	0
AT1G48960	94	129	78	76	116	79
AT1G48970	390	448	485	384	280	358
AT1G48980	0	1	0	3	2	4
AT1G48990	0	0	0	0	0	0
AT1G49000	146	148	135	53	34	47
AT1G49005	0	0	0	0	0	0
AT1G49010	118	141	106	153	173	164
AT1G49015	0	0	0	0	0	0
AT1G49020	0	0	0	0	0	0
AT1G49030	4	2	11	14	10	26
AT1G49032	625	857	632	761	828	694
AT1G49040	1093	1331	1280	1047	771	973
AT1G49050	523	685	595	337	338	341
AT1G49100	3	2	1	2	0	0
AT1G49110	0	0	0	0	0	1
AT1G49120	0	0	0	0	0	0
AT1G49130	224	281	209	307	248	284
AT1G49140	961	1155	1057	1080	1119	977
AT1G49150	0	0	0	0	0	0
AT1G49160	322	342	324	282	319	314
AT1G49170	154	214	136	159	143	148
AT1G49180	158	240	169	212	217	165
AT1G49190	0	0	0	0	0	0
AT1G49200	12	26	14	30	44	32
AT1G49205	0	0	0	0	0	1
AT1G49210	45	49	21	82	40	65
AT1G49220	1	2	1	2	4	2
AT1G49225	2	1	0	1	2	1
AT1G49230	19	18	19	57	48	53
AT1G49240	3943	5110	4331	4291	4052	3840
AT1G49245	53	106	77	76	109	85
AT1G49250	0	0	1	0	0	0
AT1G49260	0	0	0	0	0	0
AT1G49270	0	0	0	0	0	0
AT1G49280	0	0	0	0	0	0
AT1G49290	0	0	0	0	0	0
AT1G49300	771	1114	896	911	1034	764
AT1G49310	93	72	94	158	202	183
AT1G49320	35	22	26	43	43	53
AT1G49330	0	2	0	0	1	1
AT1G49340	1274	1425	1341	1337	867	1197
AT1G49350	112	156	132	122	181	145
AT1G49360	145	240	195	201	216	206
AT1G49380	241	237	202	385	341	374
AT1G49390	2	6	11	13	12	12
AT1G49400	118	150	151	171	194	159
AT1G49405	4	3	1	1	1	0
AT1G49410	409	481	394	391	502	453
AT1G49420	0	0	0	0	0	0
AT1G49430	321	323	368	463	287	407
AT1G49435	0	0	0	0	0	0
AT1G49450	9	6	3	13	17	20
AT1G49460	0	0	0	0	0	0
AT1G49470	71	78	86	126	70	104
AT1G49475	3	3	4	8	2	7
AT1G49480	463	540	458	612	567	553
AT1G49490	13	13	25	37	20	26
AT1G49500	1218	1375	911	1649	1913	1601
AT1G49510	258	277	254	257	321	340
AT1G49520	82	122	102	110	95	101
AT1G49530	24	41	26	30	52	34
AT1G49540	290	275	292	388	328	412
AT1G49560	55	75	67	76	65	78
AT1G49570	206	134	202	104	325	96
AT1G49580	173	195	186	277	230	226
AT1G49590	159	210	224	208	210	223
AT1G49600	1696	1803	1840	2194	2080	2170
AT1G49610	2	4	4	5	5	7
AT1G49620	17	12	11	31	27	24
AT1G49630	324	327	356	411	316	381
AT1G49640	1	2	2	1	3	0
AT1G49650	220	240	227	260	260	283
AT1G49660	385	533	428	616	573	488
AT1G49670	1293	1685	1576	1397	1046	1199
AT1G49680	0	0	0	0	0	0
AT1G49690	0	0	0	0	0	0
AT1G49700	46	96	60	57	134	55
AT1G49710	259	352	283	278	278	299
AT1G49715	0	0	0	0	0	0
AT1G49720	353	432	382	557	532	601
AT1G49730	476	407	388	500	465	488
AT1G49740	105	128	80	112	117	125
AT1G49750	483	598	547	535	555	467
AT1G49760	1990	2062	2278	2196	2122	2303
AT1G49770	0	0	0	0	0	0
AT1G49780	140	160	138	144	123	109
AT1G49790	3	1	4	5	10	13
AT1G49800	0	1	0	0	0	0
AT1G49810	0	0	0	1	0	0
AT1G49820	268	311	312	317	305	300
AT1G49830	3	1	4	11	5	6
AT1G49832	24	32	20	25	28	18
AT1G49840	172	193	167	135	151	155
AT1G49850	202	247	195	220	247	220
AT1G49860	16	22	20	63	151	104
AT1G49870	24	36	30	56	47	69
AT1G49880	33	59	45	48	47	42
AT1G49890	300	327	308	323	262	398
AT1G49900	8	4	4	6	4	12
AT1G49910	19	16	23	38	27	25
AT1G49920	8	3	6	16	12	9
AT1G49930	0	0	0	0	0	0
AT1G49938	1	5	6	4	1	2
AT1G49940	35	33	34	45	59	50
AT1G49950	485	534	498	502	467	458
AT1G49952	6	16	3	11	4	13
AT1G49960	40	47	55	79	68	38
AT1G49970	2380	2744	2460	2697	2468	2323
AT1G49975	219	237	197	272	313	264
AT1G49980	186	253	256	277	250	291
AT1G49990	19	18	12	24	20	9
AT1G50000	111	103	110	99	141	134
AT1G50010	2922	2952	2641	3157	2964	3543
AT1G50020	319	445	347	343	354	316
AT1G50030	1223	1414	1326	1300	841	1141
AT1G50040	101	104	93	74	153	50
AT1G50050	1	2	2	1	3	3
AT1G50055	61	86	61	58	106	92
AT1G50060	4	1	17	5	6	2
AT1G50070	0	0	0	0	0	0
AT1G50080	0	0	0	0	0	0
AT1G50090	0	4	4	1	2	0
AT1G50100	0	0	0	0	0	0
AT1G50110	11	19	21	33	27	37
AT1G50120	312	348	374	363	257	367
AT1G50140	594	644	601	687	581	655
AT1G50160	0	0	0	0	0	0
AT1G50170	315	404	365	283	336	308
AT1G50180	24	31	25	24	14	26
AT1G50190	5	11	9	5	7	11
AT1G50200	3205	3778	3600	3546	3209	3347
AT1G50220	0	0	0	0	0	0
AT1G50240	92	81	83	110	87	121
AT1G50250	1160	1292	1178	1561	1450	1429
AT1G50260	555	665	669	364	358	328
AT1G50270	40	48	32	58	45	50
AT1G50280	24	17	25	42	34	53
AT1G50290	39	43	39	66	82	44
AT1G50300	251	295	283	281	314	314
AT1G50310	5	0	6	3	3	1
AT1G50320	644	718	663	680	819	623
AT1G50325	0	0	0	0	0	0
AT1G50340	0	0	0	0	0	0
AT1G50350	0	0	0	0	0	0
AT1G50360	692	836	802	501	433	484
AT1G50370	623	701	674	568	574	557
AT1G50380	352	327	346	417	320	399
AT1G50390	0	3	4	5	4	3
AT1G50400	17	11	11	16	12	18
AT1G50410	631	801	711	776	557	649
AT1G50420	270	458	320	296	241	244
AT1G50430	1127	1358	1304	907	969	913
AT1G50440	338	511	425	309	356	278
AT1G50450	356	391	364	349	475	432
AT1G50460	484	625	568	366	430	376
AT1G50470	0	0	0	0	0	0
AT1G50480	3142	4259	3695	3481	3187	2970
AT1G50490	129	162	159	208	181	182
AT1G50500	769	981	876	822	692	718
AT1G50510	263	329	249	280	291	328
AT1G50520	23	27	34	36	36	33
AT1G50530	0	0	0	0	0	0
AT1G50560	33	40	45	43	56	57
AT1G50570	451	505	449	401	364	448
AT1G50575	163	147	152	183	141	182
AT1G50580	10	2	6	5	8	3
AT1G50590	13	9	12	8	7	5
AT1G50600	684	867	847	651	550	582
AT1G50610	0	0	0	0	0	1
AT1G50620	163	215	189	229	181	209
AT1G50630	130	134	139	137	109	104
AT1G50640	661	779	805	609	631	572
AT1G50650	0	0	0	0	0	0
AT1G50659	0	3	0	0	0	0
AT1G50660	400	425	460	490	487	425
AT1G50670	403	468	390	380	422	375
AT1G50680	0	0	0	0	0	0
AT1G50690	0	0	0	0	0	0
AT1G50700	52	75	61	68	83	52
AT1G50710	196	216	198	221	170	211
AT1G50720	0	0	0	0	0	0
AT1G50730	412	421	408	420	350	369
AT1G50732	51	46	35	63	101	55
AT1G50740	306	432	462	131	176	142
AT1G50745	10	21	46	2	2	4
AT1G50750	16	29	28	6	3	3
AT1G50760	0	0	0	0	0	0
AT1G50770	0	0	0	0	0	0
AT1G50780	0	0	0	0	0	0
AT1G50790	22	34	30	29	33	37
AT1G50820	0	0	0	0	1	0
AT1G50830	10	16	11	17	8	10
AT1G50840	377	418	396	475	418	489
AT1G50870	0	0	0	0	0	0
AT1G50880	0	0	0	0	0	0
AT1G50890	91	83	88	82	65	65
AT1G50900	327	284	259	387	364	371
AT1G50910	36	37	45	51	36	42
AT1G50920	1997	2021	2158	2074	1971	2086
AT1G50930	1	0	6	1	6	2
AT1G50940	287	299	273	258	228	261
AT1G50950	46	59	46	50	46	41
AT1G50960	2	0	0	1	0	0
AT1G50970	236	305	258	312	260	281
AT1G50980	0	0	0	0	0	0
AT1G50990	0	0	0	0	0	0
AT1G51000	0	0	0	0	0	0
AT1G51010	0	0	0	0	0	0
AT1G51020	0	0	0	0	0	0
AT1G51030	0	0	0	0	0	0
AT1G51035	0	2	3	3	1	1
AT1G51040	1	0	0	0	0	0
AT1G51055	1	1	1	2	5	3
AT1G51060	681	846	784	865	928	876
AT1G51070	655	792	693	836	875	901
AT1G51080	37	36	26	48	48	61
AT1G51090	2	12	5	6	10	11
AT1G51100	95	130	110	122	144	109
AT1G51110	374	428	368	495	569	431
AT1G51120	0	0	0	0	0	1
AT1G51130	82	92	88	110	90	105
AT1G51140	27	35	21	51	36	58
AT1G51150	0	0	0	0	0	0
AT1G51160	418	491	474	362	396	408
AT1G51170	20	34	14	35	36	32
AT1G51172	0	0	0	0	0	0
AT1G51190	5	2	1	0	3	8
AT1G51200	2148	2733	2334	2567	2894	2566
AT1G51210	0	0	0	0	0	0
AT1G51220	0	0	0	0	0	0
AT1G51230	0	0	0	0	0	0
AT1G51240	0	0	0	0	0	0
AT1G51250	0	0	0	0	0	0
AT1G51260	0	0	1	0	0	0
AT1G51270	424	540	424	340	360	377
AT1G51290	0	0	0	0	0	0
AT1G51300	0	0	0	0	0	0
AT1G51310	207	229	218	290	298	280
AT1G51320	0	0	0	0	0	0
AT1G51330	0	0	0	0	1	0
AT1G51340	80	106	79	83	74	89
AT1G51350	323	407	378	336	265	352
AT1G51355	8	11	8	6	11	7
AT1G51360	101	139	104	122	137	108
AT1G51370	54	64	49	73	46	65
AT1G51380	27	37	26	62	42	65
AT1G51390	129	165	169	168	136	134
AT1G51400	2	1	0	1	0	2
AT1G51402	0	0	1	0	0	2
AT1G51405	28	27	39	28	25	26
AT1G51410	0	0	1	0	0	0
AT1G51420	252	324	398	209	254	166
AT1G51430	132	204	158	258	283	241
AT1G51440	2	1	0	0	0	0
AT1G51450	113	121	127	125	95	132
AT1G51460	28	33	28	79	39	70
AT1G51470	31	20	86	22	2	8
AT1G51480	4	11	7	5	0	2
AT1G51490	0	0	0	0	0	0
AT1G51500	1537	1807	1529	1605	1192	1451
AT1G51510	863	945	956	952	967	863
AT1G51520	30	45	36	47	30	51
AT1G51530	1	5	1	1	0	3
AT1G51538	5	1	7	3	1	5
AT1G51540	237	241	242	197	190	188
AT1G51550	65	104	71	88	67	81
AT1G51560	345	407	396	424	429	372
AT1G51570	1367	1648	1473	1707	1412	1556
AT1G51580	291	355	341	435	350	373
AT1G51590	615	796	707	611	526	563
AT1G51600	221	308	251	279	292	280
AT1G51610	313	331	320	394	379	378
AT1G51620	123	116	137	92	50	77
AT1G51630	364	421	333	450	361	455
AT1G51640	0	0	0	0	0	0
AT1G51645	1	4	7	1	0	4
AT1G51650	1687	2481	1975	1743	2018	1610
AT1G51660	255	326	357	153	135	142
AT1G51670	8	13	16	2	2	2
AT1G51680	2333	2577	2957	1316	908	1230
AT1G51690	1071	1317	1251	1028	1010	1108
AT1G51700	138	118	128	47	45	81
AT1G51710	1018	1222	1202	841	747	753
AT1G51720	515	653	617	531	498	530
AT1G51730	626	773	752	756	775	741
AT1G51740	155	210	221	167	187	188
AT1G51745	208	239	259	279	244	284
AT1G51760	1300	1999	2044	549	643	462
AT1G51770	2	1	0	0	0	0
AT1G51780	1	0	1	0	0	1
AT1G51790	440	351	423	391	309	453
AT1G51800	1177	1028	1308	734	501	885
AT1G51805	879	1135	946	892	740	797
AT1G51810	0	0	0	0	0	0
AT1G51820	111	84	124	59	25	85
AT1G51823	0	0	0	0	0	0
AT1G51830	170	204	191	486	343	516
AT1G51840	66	69	61	159	29	131
AT1G51850	288	222	288	401	236	473
AT1G51860	166	164	159	239	195	241
AT1G51870	0	2	2	4	4	3
AT1G51880	9	1	5	8	7	3
AT1G51890	541	762	808	310	169	358
AT1G51900	1	0	0	1	0	0
AT1G51910	0	0	0	0	0	0
AT1G51913	19	20	29	18	7	13
AT1G51915	6	10	12	6	2	2
AT1G51920	29	39	39	8	6	8
AT1G51930	0	0	0	0	0	0
AT1G51940	564	587	510	826	781	762
AT1G51950	662	830	669	539	557	543
AT1G51960	7	3	5	4	3	1
AT1G51965	183	228	173	238	239	241
AT1G51970	0	0	0	0	0	0
AT1G51980	2212	2532	2609	2006	1800	1862
AT1G51990	0	0	0	0	0	0
AT1G52000	40	48	26	27	19	23
AT1G52030	5	2	5	2	2	4
AT1G52040	1	7	2	3	1	2
AT1G52050	5	0	16	18	3	3
AT1G52060	9	1	12	19	3	6
AT1G52070	4	2	47	45	12	13
AT1G52080	62	81	68	68	53	60
AT1G52100	121	170	121	192	148	197
AT1G52110	2	2	0	3	0	2
AT1G52120	5	15	8	2	6	0
AT1G52130	0	7	2	0	2	0
AT1G52140	104	91	131	90	70	106
AT1G52150	422	559	512	624	421	531
AT1G52155	46	55	44	48	50	38
AT1G52160	165	215	175	228	171	187
AT1G52170	0	0	0	0	0	0
AT1G52180	0	0	0	0	0	0
AT1G52185	0	0	0	0	0	0
AT1G52190	934	1030	855	1783	917	1393
AT1G52191	0	1	3	0	2	0
AT1G52200	3889	4936	4504	1975	2215	1929
AT1G52220	795	805	750	890	1075	852
AT1G52230	1207	1326	1176	1915	1843	1639
AT1G52240	3	0	2	5	1	2
AT1G52245	18	23	24	20	18	25
AT1G52260	208	227	234	155	125	130
AT1G52270	43	44	39	41	70	39
AT1G52280	248	305	275	253	262	245
AT1G52290	84	70	78	104	126	121
AT1G52300	2738	3372	3097	2451	3273	2893
AT1G52310	308	388	338	347	318	330
AT1G52315	13	7	15	11	12	14
AT1G52320	449	575	579	570	426	485
AT1G52325	0	0	0	0	0	1
AT1G52330	14	7	15	22	10	16
AT1G52340	21	30	34	41	34	27
AT1G52342	55	61	62	87	88	104
AT1G52343	8	4	9	10	12	17
AT1G52347	105	132	96	93	146	107
AT1G52350	0	0	0	0	0	0
AT1G52360	1683	1850	1696	1815	1457	1793
AT1G52370	386	407	424	323	262	311
AT1G52380	475	514	454	488	406	435
AT1G52390	0	0	0	0	0	0
AT1G52400	123	145	123	134	97	108
AT1G52410	18	43	55	32	37	50
AT1G52415	0	0	0	0	0	1
AT1G52420	637	799	715	689	634	700
AT1G52430	17	12	14	20	14	19
AT1G52440	0	0	0	0	0	0
AT1G52450	49	49	38	50	47	57
AT1G52460	0	0	0	0	0	0
AT1G52470	0	0	0	0	0	0
AT1G52490	0	0	0	0	0	0
AT1G52495	0	0	0	0	0	0
AT1G52500	262	305	280	303	313	370
AT1G52510	454	469	504	527	516	423
AT1G52520	82	102	103	89	87	97
AT1G52530	7	14	6	7	6	9
AT1G52540	169	229	204	195	164	192
AT1G52550	71	78	80	74	87	80
AT1G52560	2	4	4	0	3	1
AT1G52565	20	17	37	17	11	20
AT1G52570	48	54	49	43	55	59
AT1G52580	0	0	0	0	0	1
AT1G52590	130	199	177	198	217	186
AT1G52600	383	445	336	338	318	350
AT1G52603	0	0	0	0	0	0
AT1G52615	0	1	0	0	0	0
AT1G52618	51	51	50	49	61	42
AT1G52620	48	88	68	66	37	59
AT1G52630	101	141	102	128	116	113
AT1G52640	6	17	20	16	15	16
AT1G52650	22	19	29	18	23	9
AT1G52660	4	7	5	3	2	1
AT1G52670	534	536	587	637	631	545
AT1G52680	0	0	0	0	0	0
AT1G52690	11	4	16	1	5	16
AT1G52695	0	0	0	0	0	0
AT1G52700	19	10	11	25	22	23
AT1G52710	274	390	309	349	352	370
AT1G52720	84	148	127	174	168	194
AT1G52730	409	485	468	462	457	365
AT1G52740	1534	2225	1692	1524	1870	1754
AT1G52750	30	28	18	31	38	42
AT1G52760	1201	1474	1454	785	771	759
AT1G52770	2	6	6	3	1	1
AT1G52780	358	437	389	300	236	287
AT1G52790	1	3	3	1	0	0
AT1G52800	0	6	4	6	5	5
AT1G52810	1	0	1	0	0	1
AT1G52820	17	13	16	26	23	13
AT1G52825	42	60	39	60	42	62
AT1G52827	60	59	69	67	74	68
AT1G52830	5	8	3	11	10	4
AT1G52855	3	10	4	10	10	5
AT1G52857	2	0	1	2	8	4
AT1G52860	0	0	0	0	0	0
AT1G52870	375	476	407	504	671	465
AT1G52880	49	73	48	58	66	53
AT1G52890	76	72	101	24	32	33
AT1G52900	3	8	1	0	0	0
AT1G52905	103	96	103	92	93	96
AT1G52910	20	24	24	25	18	22
AT1G52920	5	1	1	4	5	3
AT1G52930	378	325	351	425	376	424
AT1G52940	0	0	0	0	0	0
AT1G52950	0	0	0	0	1	1
AT1G52970	0	0	0	0	0	0
AT1G52980	1074	1272	1288	1216	1234	1191
AT1G52990	0	0	0	1	0	1
AT1G53000	352	386	327	444	394	437
AT1G53010	0	0	0	0	0	0
AT1G53023	0	0	1	0	0	0
AT1G53025	87	95	71	102	91	85
AT1G53030	158	230	182	164	199	138
AT1G53035	81	95	94	93	152	112
AT1G53040	307	337	312	374	333	329
AT1G53050	796	857	859	706	480	615
AT1G53060	15	20	29	31	23	13
AT1G53070	15	45	22	55	44	41
AT1G53080	4	7	9	8	1	1
AT1G53090	168	189	188	188	148	159
AT1G53100	7	15	8	6	8	1
AT1G53110	111	96	116	82	62	79
AT1G53120	137	177	152	178	207	180
AT1G53130	0	0	0	2	1	1
AT1G53140	24	36	24	46	27	54
AT1G53160	8	12	5	18	10	9
AT1G53163	4	5	1	0	1	4
AT1G53165	409	528	495	431	354	417
AT1G53170	149	126	134	105	122	125
AT1G53180	243	386	302	294	267	272
AT1G53190	342	375	334	343	286	292
AT1G53200	149	153	152	198	208	204
AT1G53210	3538	4120	3693	4072	3338	3598
AT1G53220	0	0	0	0	0	0
AT1G53230	25	45	24	65	78	54
AT1G53233	10	23	17	35	9	24
AT1G53240	2180	2329	2419	2476	2349	2476
AT1G53250	105	135	97	131	155	151
AT1G53260	5	6	3	2	6	4
AT1G53265	0	0	0	0	0	0
AT1G53270	25	21	32	23	28	22
AT1G53280	736	951	867	918	910	848
AT1G53282	0	0	0	0	0	0
AT1G53285	0	0	0	0	0	0
AT1G53290	145	173	149	180	169	171
AT1G53300	342	334	406	492	374	521
AT1G53310	1108	1250	1202	1301	942	1280
AT1G53320	702	782	713	797	728	717
AT1G53325	0	0	0	0	0	0
AT1G53330	37	35	48	35	33	28
AT1G53340	39	64	59	44	41	33
AT1G53345	27	29	29	42	41	46
AT1G53350	140	221	177	154	170	175
AT1G53360	0	0	0	0	0	0
AT1G53366	0	0	0	0	0	0
AT1G53370	0	0	0	0	0	0
AT1G53380	330	339	379	348	285	306
AT1G53390	884	974	928	683	521	681
AT1G53400	400	521	430	427	534	374
AT1G53410	34	36	35	24	38	28
AT1G53420	1	2	0	0	0	0
AT1G53430	2100	2656	2803	998	817	966
AT1G53440	2128	3024	2825	1166	942	1182
AT1G53450	156	148	129	198	167	185
AT1G53460	167	184	137	143	180	158
AT1G53470	43	35	61	39	46	51
AT1G53480	1	0	0	0	0	0
AT1G53490	88	95	127	106	109	100
AT1G53500	177	206	161	232	220	230
AT1G53510	791	1040	877	1099	1055	1123
AT1G53520	190	234	215	252	278	280
AT1G53530	104	97	94	104	100	113
AT1G53540	7	8	21	2	5	6
AT1G53541	0	0	0	0	0	0
AT1G53542	0	0	3	0	2	4
AT1G53550	0	0	0	0	0	0
AT1G53560	214	327	219	205	226	175
AT1G53570	1066	1324	1303	977	944	861
AT1G53580	921	1381	1102	910	898	797
AT1G53590	547	627	533	609	495	487
AT1G53600	14	20	21	33	20	26
AT1G53610	1	1	4	12	10	20
AT1G53620	7	20	17	11	7	1
AT1G53625	554	879	1072	139	81	119
AT1G53633	24	27	32	32	44	32
AT1G53635	4	2	1	4	8	7
AT1G53640	0	4	9	1	12	1
AT1G53645	478	414	482	468	452	455
AT1G53650	141	174	181	167	130	113
AT1G53655	0	0	0	0	0	0
AT1G53660	0	3	2	3	3	3
AT1G53670	466	573	525	525	630	497
AT1G53680	1	4	9	16	12	5
AT1G53683	0	0	0	0	0	0
AT1G53687	0	0	0	0	0	0
AT1G53690	8	11	4	10	17	7
AT1G53700	25	59	31	26	27	28
AT1G53705	0	0	0	0	0	0
AT1G53708	0	0	0	0	0	0
AT1G53710	181	247	192	220	202	196
AT1G53720	273	283	271	275	306	269
AT1G53730	396	423	427	506	452	482
AT1G53750	2026	2406	2491	1832	1745	1648
AT1G53760	314	378	382	210	227	205
AT1G53770	160	191	202	164	159	171
AT1G53780	2042	2586	2344	2194	1895	2083
AT1G53790	88	109	89	89	83	63
AT1G53800	326	361	321	457	403	432
AT1G53801	0	0	0	0	0	0
AT1G53815	0	0	0	0	0	0
AT1G53820	0	0	1	0	0	0
AT1G53830	37	23	16	78	24	45
AT1G53840	745	769	842	791	740	818
AT1G53850	645	737	649	641	648	684
AT1G53860	2	4	3	5	3	5
AT1G53870	0	0	0	0	0	1
AT1G53875	0	0	0	0	0	0
AT1G53880	0	1	3	0	0	0
AT1G53885	0	0	0	0	0	0
AT1G53887	2	2	1	2	5	1
AT1G53890	0	0	0	0	1	0
AT1G53900	0	0	0	0	0	0
AT1G53903	0	0	0	0	0	0
AT1G53910	1820	2186	1902	1857	1610	1780
AT1G53920	31	40	41	29	20	45
AT1G53930	3	0	1	0	0	1
AT1G53935	0	1	3	0	3	1
AT1G53940	28	33	41	23	27	19
AT1G53945	0	0	0	0	0	0
AT1G53950	22	16	23	24	14	13
AT1G53970	0	1	0	4	4	0
AT1G53980	0	0	0	0	0	0
AT1G53990	154	276	234	46	65	52
AT1G54000	386	407	562	305	473	454
AT1G54010	730	1049	765	801	553	847
AT1G54020	2	1	2	4	4	1
AT1G54030	525	728	612	556	460	546
AT1G54040	4	2	1	2	0	2
AT1G54050	18	20	25	12	12	19
AT1G54060	335	392	350	345	361	307
AT1G54070	3	0	2	0	0	0
AT1G54080	1021	1284	1174	1226	1367	1201
AT1G54090	453	579	593	351	297	340
AT1G54095	9	9	11	14	10	12
AT1G54100	7344	9490	9319	3909	4301	3163
AT1G54110	60	82	58	71	82	70
AT1G54115	381	508	400	376	357	380
AT1G54120	32	40	23	40	36	31
AT1G54130	778	1066	1018	1010	935	895
AT1G54140	85	108	105	107	118	119
AT1G54150	190	241	186	185	202	216
AT1G54160	14	14	15	17	10	21
AT1G54170	498	604	566	480	318	435
AT1G54180	47	61	57	74	47	96
AT1G54200	23	33	25	30	26	27
AT1G54210	140	182	159	127	129	144
AT1G54215	4	0	5	5	4	2
AT1G54217	41	41	39	87	74	65
AT1G54220	292	328	309	283	294	321
AT1G54230	0	0	0	0	0	0
AT1G54240	0	0	0	0	0	0
AT1G54250	153	178	135	147	193	142
AT1G54260	177	189	169	185	202	206
AT1G54270	1716	1766	2000	1699	1302	1492
AT1G54280	4	4	5	7	14	4
AT1G54290	169	201	157	159	186	164
AT1G54300	0	0	0	0	0	0
AT1G54310	135	170	158	170	198	195
AT1G54320	809	1092	1026	792	779	807
AT1G54330	3	6	2	2	1	1
AT1G54340	591	723	675	606	631	562
AT1G54350	427	500	467	572	602	551
AT1G54355	4	2	2	6	6	3
AT1G54360	445	555	473	472	444	420
AT1G54370	522	652	557	748	694	718
AT1G54380	277	334	309	369	340	350
AT1G54385	14	13	27	62	17	50
AT1G54390	211	243	218	235	207	231
AT1G54400	1	0	4	4	1	2
AT1G54410	14491	18868	16193	19723	18414	16763
AT1G54420	0	0	0	0	0	0
AT1G54440	206	250	232	307	236	273
AT1G54445	0	0	0	0	0	0
AT1G54450	18	23	18	33	36	31
AT1G54460	343	415	422	354	304	374
AT1G54470	0	1	2	0	0	2
AT1G54475	0	0	1	0	0	1
AT1G54490	1030	1130	1152	988	841	902
AT1G54500	646	719	582	884	1018	854
AT1G54510	262	293	238	368	327	355
AT1G54520	967	1106	1028	1049	1047	956
AT1G54530	2	2	1	1	2	3
AT1G54540	13	27	39	30	19	15
AT1G54550	0	0	0	0	0	0
AT1G54560	2	1	3	1	3	3
AT1G54570	360	399	405	383	314	357
AT1G54575	188	272	276	140	140	183
AT1G54580	1126	1272	1045	1307	1438	1293
AT1G54590	1	0	0	1	0	0
AT1G54610	879	979	920	916	726	880
AT1G54620	0	0	0	0	0	0
AT1G54630	1666	2000	1693	1665	1776	1730
AT1G54640	0	0	0	0	0	0
AT1G54650	85	106	104	89	98	83
AT1G54670	0	0	0	0	0	0
AT1G54680	49	70	74	56	49	57
AT1G54690	226	216	190	233	315	254
AT1G54700	0	0	0	1	0	0
AT1G54710	493	660	666	412	336	449
AT1G54720	0	0	0	0	0	0
AT1G54730	511	676	549	643	633	638
AT1G54740	1334	1520	1098	1170	1513	1118
AT1G54760	0	0	0	0	0	0
AT1G54770	153	158	179	194	137	191
AT1G54773	11	19	12	8	21	20
AT1G54775	0	0	0	0	0	0
AT1G54780	798	832	802	1338	1425	1248
AT1G54790	2	1	3	5	1	2
AT1G54820	52	65	72	77	79	89
AT1G54830	145	131	153	168	111	131
AT1G54840	7	3	5	11	8	13
AT1G54850	115	119	107	119	91	97
AT1G54860	0	0	0	0	0	0
AT1G54870	0	0	2	2	1	7
AT1G54890	124	108	115	7	12	10
AT1G54920	1045	1241	1080	1273	963	1190
AT1G54930	3	2	1	4	4	2
AT1G54940	1	1	6	4	1	1
AT1G54950	1	4	3	1	8	5
AT1G54953	0	0	0	0	0	0
AT1G54957	1	3	4	0	0	0
AT1G54960	39	31	29	28	22	31
AT1G54970	29	32	56	14	39	14
AT1G54980	0	0	0	0	0	0
AT1G54990	263	372	332	232	238	269
AT1G55000	495	537	478	441	559	450
AT1G55010	8	24	21	11	4	4
AT1G55020	5590	9758	8847	514	1039	569
AT1G55030	0	0	0	0	0	0
AT1G55040	74	75	64	115	95	119
AT1G55050	18	23	18	16	13	21
AT1G55060	0	0	0	0	0	0
AT1G55070	0	0	0	0	0	0
AT1G55080	155	168	186	126	130	120
AT1G55090	631	676	643	730	622	594
AT1G55110	559	811	744	476	453	486
AT1G55120	112	123	140	101	56	99
AT1G55130	172	194	187	203	176	230
AT1G55140	220	216	217	234	227	248
AT1G55150	350	389	412	368	394	351
AT1G55152	0	0	0	0	0	0
AT1G55160	317	372	349	368	445	381
AT1G55170	151	206	155	160	138	160
AT1G55175	1	10	2	4	6	6
AT1G55180	69	56	70	92	78	87
AT1G55190	0	0	0	0	0	0
AT1G55200	24	48	41	61	56	49
AT1G55205	27	20	30	40	40	29
AT1G55207	0	1	0	1	2	0
AT1G55210	177	255	222	123	91	103
AT1G55220	0	0	0	0	0	0
AT1G55230	0	1	0	1	0	0
AT1G55240	5	0	3	11	5	5
AT1G55250	384	404	355	415	373	431
AT1G55260	156	224	169	255	257	283
AT1G55265	0	0	1	0	0	0
AT1G55270	268	314	261	304	279	280
AT1G55280	97	99	83	68	90	74
AT1G55290	1	3	9	3	0	1
AT1G55300	123	123	108	102	118	108
AT1G55310	497	650	631	627	726	651
AT1G55320	62	67	95	95	78	81
AT1G55325	772	861	828	883	502	816
AT1G55330	1	0	0	0	0	0
AT1G55335	0	0	0	0	0	0
AT1G55340	396	532	394	531	520	536
AT1G55350	1052	1264	1108	1322	886	1316
AT1G55360	689	870	784	1057	1039	1097
AT1G55365	2	0	0	0	0	0
AT1G55370	153	132	105	221	281	231
AT1G55380	12	6	12	10	17	12
AT1G55390	3	1	7	5	5	5
AT1G55420	15	8	14	10	7	9
AT1G55430	2	1	4	2	1	3
AT1G55440	1	0	1	0	0	0
AT1G55450	3251	4159	4240	1372	1091	1416
AT1G55460	319	387	338	385	374	367
AT1G55475	59	76	61	79	81	72
AT1G55480	372	447	381	492	595	476
AT1G55490	3939	3163	3829	4019	3992	4712
AT1G55500	796	903	982	595	532	568
AT1G55510	460	611	564	310	354	287
AT1G55520	236	305	303	333	281	317
AT1G55525	9	38	13	0	0	1
AT1G55530	340	489	380	282	309	325
AT1G55535	134	202	161	161	141	138
AT1G55540	346	381	332	451	339	399
AT1G55546	0	0	0	0	0	0
AT1G55550	16	23	20	17	17	23
AT1G55560	0	0	0	0	0	2
AT1G55570	0	0	0	0	0	0
AT1G55580	10	17	11	20	12	19
AT1G55590	282	366	293	323	303	313
AT1G55591	0	0	0	0	0	0
AT1G55600	0	0	0	0	0	0
AT1G55610	44	59	48	67	82	84
AT1G55620	348	362	381	379	285	345
AT1G55625	0	0	0	0	0	0
AT1G55630	80	81	102	77	96	114
AT1G55640	0	0	0	0	1	0
AT1G55650	0	0	2	0	0	0
AT1G55660	0	0	0	0	0	0
AT1G55670	1118	1212	1040	1648	2432	1687
AT1G55673	0	0	0	0	0	0
AT1G55675	160	220	199	216	264	260
AT1G55680	1040	1167	1091	1236	1086	1009
AT1G55690	267	328	309	356	270	374
AT1G55700	0	0	1	0	0	1
AT1G55710	0	0	0	0	0	0
AT1G55720	0	0	0	0	0	0
AT1G55730	265	352	292	231	187	191
AT1G55740	65	46	56	91	78	116
AT1G55750	281	332	301	356	315	314
AT1G55755	0	0	0	1	0	0
AT1G55760	61	95	83	76	86	97
AT1G55770	0	1	0	0	1	0
AT1G55775	19	30	18	11	10	11
AT1G55790	1	0	0	0	0	0
AT1G55800	4	3	2	2	7	5
AT1G55803	3	3	1	3	1	1
AT1G55805	256	315	236	230	348	262
AT1G55810	1332	1814	1482	1126	1423	1033
AT1G55820	200	214	226	212	200	178
AT1G55830	234	325	322	218	241	218
AT1G55840	786	996	919	703	637	689
AT1G55850	5214	7390	6829	2333	3142	2234
AT1G55860	1959	2164	2095	2588	1333	2024
AT1G55865	2	1	4	1	7	4
AT1G55870	126	142	153	159	135	194
AT1G55880	172	238	185	240	213	207
AT1G55890	205	255	196	247	253	262
AT1G55900	212	234	250	305	271	255
AT1G55910	46	63	46	43	49	54
AT1G55915	46	55	60	55	57	59
AT1G55917	0	0	0	0	0	0
AT1G55920	1830	2488	2573	669	750	684
AT1G55928	0	0	0	0	0	0
AT1G55930	262	318	301	364	352	298
AT1G55940	16	8	12	36	30	30
AT1G55945	0	0	0	0	0	0
AT1G55947	0	0	0	0	0	0
AT1G55950	0	0	0	1	0	0
AT1G55960	262	349	328	321	343	360
AT1G55970	225	272	271	230	165	256
AT1G55980	4	4	6	4	6	11
AT1G55990	77	59	90	82	47	59
AT1G56000	69	83	69	85	119	93
AT1G56010	492	694	526	634	703	663
AT1G56020	19	30	39	57	60	55
AT1G56030	0	0	0	0	0	0
AT1G56040	0	0	0	0	0	0
AT1G56045	772	1014	793	655	872	748
AT1G56050	274	210	258	243	270	289
AT1G56060	138	186	290	2	2	1
AT1G56070	15626	16354	17482	14269	11770	14135
AT1G56080	85	89	80	63	68	75
AT1G56085	0	0	0	1	0	0
AT1G56090	128	192	158	126	150	152
AT1G56100	0	0	0	0	0	0
AT1G56105	0	0	0	0	0	0
AT1G56110	1274	1265	1268	1423	1444	1686
AT1G56120	77	74	99	122	110	96
AT1G56130	100	149	137	129	95	121
AT1G56140	1214	1417	1630	678	554	639
AT1G56145	774	992	1149	468	503	521
AT1G56150	90	144	81	77	120	68
AT1G56160	0	0	0	0	0	0
AT1G56165	6	8	12	8	19	8
AT1G56170	0	0	0	0	0	0
AT1G56180	350	457	384	414	414	371
AT1G56190	1224	1547	1436	1623	1592	1387
AT1G56200	1878	2567	2068	2149	2512	2088
AT1G56210	63	64	62	73	79	86
AT1G56220	10581	14509	10923	12866	14870	12266
AT1G56225	0	0	0	0	0	0
AT1G56230	294	363	325	268	259	318
AT1G56233	1	0	1	0	0	0
AT1G56240	78	80	171	7	4	0
AT1G56242	0	0	0	0	0	0
AT1G56250	327	419	523	2	6	4
AT1G56260	50	49	31	43	46	47
AT1G56270	0	0	0	0	0	0
AT1G56280	4441	6201	4815	6046	6643	5810
AT1G56290	186	223	202	180	122	172
AT1G56300	400	525	474	406	445	355
AT1G56310	129	131	103	145	116	115
AT1G56320	34	36	49	57	75	42
AT1G56330	1169	1256	1173	866	1042	1006
AT1G56340	2067	2126	2167	1454	1442	1664
AT1G56345	61	68	55	39	62	47
AT1G56350	76	74	83	89	75	75
AT1G56360	0	0	0	0	0	0
AT1G56380	0	0	0	0	0	0
AT1G56385	0	0	0	0	0	0
AT1G56400	0	0	0	0	0	0
AT1G56410	0	0	0	2	0	0
AT1G56415	0	0	0	0	0	0
AT1G56418	0	0	0	0	0	0
AT1G56420	49	49	35	54	46	46
AT1G56423	153	124	135	130	151	160
AT1G56430	19	53	35	81	130	70
AT1G56440	97	114	101	102	105	92
AT1G56450	886	1113	993	924	991	914
AT1G56460	447	578	489	486	457	439
AT1G56500	753	970	801	1004	1010	872
AT1G56510	280	317	334	174	195	200
AT1G56520	132	200	186	143	141	112
AT1G56530	0	0	0	0	0	0
AT1G56540	25	37	31	30	13	28
AT1G56550	79	74	56	82	63	53
AT1G56553	0	0	0	0	0	0
AT1G56555	2	2	0	2	2	0
AT1G56560	258	322	343	279	209	234
AT1G56570	44	44	33	69	59	66
AT1G56580	0	0	0	0	0	0
AT1G56590	249	302	256	277	278	305
AT1G56600	3	4	2	0	2	1
AT1G56610	62	95	81	94	71	75
AT1G56612	108	135	104	134	125	128
AT1G56620	0	0	0	0	0	0
AT1G56630	8	5	7	13	14	17
AT1G56650	0	1	1	0	0	0
AT1G56660	250	452	418	157	149	143
AT1G56670	7	8	8	14	12	14
AT1G56680	2	7	4	8	11	20
AT1G56690	40	33	33	51	39	68
AT1G56700	1098	1469	1093	1020	1053	900
AT1G56710	15	24	17	16	9	5
AT1G56720	153	222	158	219	240	243
AT1G56730	0	0	0	0	0	0
AT1G56740	0	0	0	0	0	0
AT1G56750	0	0	0	0	0	0
AT1G56760	0	0	0	0	0	0
AT1G56770	0	0	0	0	0	0
AT1G56780	0	0	0	0	0	0
AT1G56790	0	0	0	0	0	0
AT1G56800	0	0	0	0	0	0
AT1G56810	0	0	0	0	0	0
AT1G56820	0	0	0	0	0	0
AT1G56830	0	0	0	0	0	0
AT1G56840	0	0	0	0	0	0
AT1G56850	0	0	0	0	0	0
AT1G56860	0	0	0	0	0	0
AT1G56870	0	0	0	0	0	0
AT1G56880	0	0	0	0	0	0
AT1G56890	0	0	0	0	0	0
AT1G56900	0	0	0	0	0	0
AT1G56910	0	0	0	0	0	0
AT1G56920	0	0	0	0	0	0
AT1G56930	0	0	0	0	0	0
AT1G56940	0	0	0	0	0	0
AT1G56950	0	0	0	0	0	0
AT1G56960	0	0	0	0	0	0
AT1G56970	0	0	0	0	0	0
AT1G56980	0	0	0	0	0	0
AT1G56990	0	0	0	0	0	0
AT1G57000	0	0	0	0	0	0
AT1G57010	0	0	0	0	0	0
AT1G57020	0	0	0	0	0	0
AT1G57030	0	0	0	0	0	0
AT1G57040	0	0	0	0	0	0
AT1G57050	0	0	0	0	0	0
AT1G57060	0	0	0	0	0	0
AT1G57070	0	0	0	0	0	0
AT1G57080	0	0	0	0	0	0
AT1G57090	0	0	0	0	0	0
AT1G57100	0	0	0	0	0	0
AT1G57110	0	0	0	0	0	0
AT1G57120	0	0	0	0	0	0
AT1G57130	0	0	0	0	0	0
AT1G57140	0	0	0	0	0	0
AT1G57150	0	0	0	0	0	0
AT1G57160	0	0	0	0	0	0
AT1G57170	0	0	0	0	0	0
AT1G57180	0	0	0	0	0	0
AT1G57190	0	0	0	0	0	0
AT1G57200	0	0	0	0	0	0
AT1G57210	0	0	0	0	0	0
AT1G57220	0	0	0	0	0	0
AT1G57230	0	0	0	0	0	0
AT1G57240	0	0	0	0	0	0
AT1G57250	0	0	0	0	0	0
AT1G57260	0	0	0	0	0	0
AT1G57270	0	0	0	0	0	0
AT1G57280	0	0	0	0	0	0
AT1G57290	0	0	0	0	0	0
AT1G57300	0	0	0	0	0	0
AT1G57310	0	0	0	0	0	0
AT1G57320	0	0	0	0	0	0
AT1G57330	0	0	0	0	0	0
AT1G57340	0	0	0	0	0	0
AT1G57350	0	0	0	0	0	0
AT1G57360	0	0	0	0	0	0
AT1G57370	0	0	0	0	0	0
AT1G57380	0	0	0	0	0	0
AT1G57390	0	0	0	0	0	0
AT1G57400	0	0	0	0	0	0
AT1G57410	0	0	0	0	0	0
AT1G57420	0	0	0	0	0	0
AT1G57430	0	0	0	0	0	0
AT1G57440	0	0	0	0	0	0
AT1G57450	0	0	0	0	0	0
AT1G57460	0	0	0	0	0	0
AT1G57470	0	0	0	0	0	0
AT1G57480	0	0	0	0	0	0
AT1G57490	0	0	0	0	0	0
AT1G57500	0	0	0	0	0	0
AT1G57510	0	0	0	0	0	0
AT1G57520	0	0	0	0	0	0
AT1G57530	0	0	0	0	0	0
AT1G57540	86	95	84	93	126	101
AT1G57550	0	0	0	0	0	0
AT1G57560	5	14	23	10	12	20
AT1G57565	0	0	0	0	0	0
AT1G57570	4	15	16	5	7	5
AT1G57580	0	0	0	0	0	0
AT1G57590	1	1	5	0	1	4
AT1G57600	116	153	115	181	156	160
AT1G57610	217	260	283	218	230	225
AT1G57613	0	0	0	0	0	0
AT1G57620	204	227	190	199	228	208
AT1G57630	149	280	366	24	13	18
AT1G57650	19	51	37	7	7	8
AT1G57660	1204	1367	1338	1121	1240	1292
AT1G57670	0	0	0	1	1	0
AT1G57680	1516	1864	1731	1222	1470	1191
AT1G57690	1	0	3	0	0	0
AT1G57700	150	197	192	129	100	127
AT1G57720	3214	3733	3611	3316	3116	3389
AT1G57730	0	0	0	0	0	0
AT1G57750	0	0	0	0	0	0
AT1G57760	0	0	0	0	0	0
AT1G57765	203	267	196	200	200	192
AT1G57770	311	304	319	388	417	354
AT1G57775	0	0	0	0	0	0
AT1G57777	0	0	0	0	0	0
AT1G57780	0	0	0	0	0	0
AT1G57790	122	143	111	137	133	129
AT1G57800	0	0	0	0	0	0
AT1G57820	190	180	203	230	194	239
AT1G57830	0	0	2	0	2	0
AT1G57835	0	0	0	0	0	0
AT1G57850	0	0	0	0	1	0
AT1G57860	603	725	580	552	658	652
AT1G57870	414	498	365	463	383	418
AT1G57906	0	0	0	0	0	0
AT1G57943	1	2	2	2	1	3
AT1G57980	132	166	111	118	151	150
AT1G57990	2461	3228	3217	734	683	708
AT1G58007	0	0	0	5	0	0
AT1G58025	353	480	431	368	324	334
AT1G58030	1879	2501	2166	2190	1753	2001
AT1G58037	0	1	1	1	0	1
AT1G58050	0	0	0	0	1	0
AT1G58055	0	0	1	0	0	0
AT1G58060	584	608	640	565	450	543
AT1G58070	16	12	19	20	7	9
AT1G58080	1167	1290	1208	1291	1255	1284
AT1G58090	0	0	0	0	0	0
AT1G58100	510	596	595	442	541	494
AT1G58110	564	685	682	718	604	651
AT1G58120	0	0	0	0	7	6
AT1G58150	34	54	53	54	56	52
AT1G58160	33	48	32	57	39	40
AT1G58170	10	11	4	12	9	9
AT1G58180	1789	2647	2140	1155	1733	1254
AT1G58190	267	310	338	183	135	158
AT1G58200	681	877	843	691	739	642
AT1G58210	94	84	82	67	72	87
AT1G58215	1	1	0	1	0	1
AT1G58220	90	111	97	108	80	94
AT1G58223	0	0	0	0	0	0
AT1G58225	28	28	19	1	3	4
AT1G58230	532	709	653	752	465	625
AT1G58235	443	516	466	544	540	418
AT1G58242	0	0	0	0	0	0
AT1G58245	0	0	0	0	0	0
AT1G58248	0	0	0	0	0	0
AT1G58250	886	1042	971	1110	733	1047
AT1G58260	0	0	0	0	0	0
AT1G58265	0	0	0	0	0	0
AT1G58270	389	449	387	333	303	434
AT1G58280	35	40	45	27	41	32
AT1G58290	995	959	976	1020	915	1055
AT1G58300	1	0	0	0	0	0
AT1G58310	0	0	0	0	0	0
AT1G58320	63	59	73	90	73	52
AT1G58330	1	0	1	0	2	0
AT1G58340	99	145	191	108	68	126
AT1G58350	359	476	390	439	358	414
AT1G58360	742	864	997	526	280	452
AT1G58370	50	30	63	53	5	20
AT1G58380	583	624	681	662	628	664
AT1G58390	0	2	2	0	0	3
AT1G58400	174	178	170	103	109	107
AT1G58410	112	113	111	53	46	62
AT1G58420	146	163	152	18	9	13
AT1G58430	0	0	0	0	0	0
AT1G58440	526	507	451	454	446	404
AT1G58450	0	0	0	0	0	0
AT1G58460	0	1	0	1	0	0
AT1G58470	58	40	55	47	43	58
AT1G58520	65	51	65	80	65	83
AT1G58525	0	0	0	0	0	0
AT1G58590	142	255	180	160	206	123
AT1G58602	3773	5353	4732	3527	2432	2874
AT1G58643	0	0	0	0	0	0
AT1G58684	0	0	0	0	0	0
AT1G58725	0	0	0	0	0	0
AT1G58766	0	0	0	0	0	0
AT1G58807	1	0	1	1	2	0
AT1G58808	0	0	0	0	0	0
AT1G58848	12	13	18	8	6	6
AT1G58936	0	0	0	0	0	0
AT1G58983	11	8	6	7	5	7
AT1G59030	0	0	0	0	0	0
AT1G59077	0	0	0	0	0	0
AT1G59124	6	9	7	3	5	4
AT1G59171	0	1	0	0	0	0
AT1G59218	2	0	0	0	0	0
AT1G59312	0	0	0	0	0	0
AT1G59359	0	0	0	0	0	0
AT1G59406	0	0	0	0	0	0
AT1G59453	0	0	0	0	0	0
AT1G59460	0	0	0	0	0	0
AT1G59470	0	0	0	0	0	0
AT1G59500	0	0	0	0	0	0
AT1G59510	22	33	15	14	27	25
AT1G59520	337	359	300	315	314	283
AT1G59530	0	0	1	0	0	0
AT1G59540	31	44	60	62	44	66
AT1G59550	0	0	0	0	0	0
AT1G59560	72	115	98	97	87	86
AT1G59570	0	0	0	0	0	0
AT1G59580	422	573	437	545	528	471
AT1G59590	193	253	192	140	173	181
AT1G59600	220	244	238	203	208	216
AT1G59610	1783	2002	2057	1765	1307	1657
AT1G59620	218	332	271	154	193	205
AT1G59630	0	0	0	0	0	0
AT1G59640	20	18	16	34	26	39
AT1G59650	298	318	323	270	254	281
AT1G59660	138	163	152	140	121	134
AT1G59670	3	8	1	2	2	3
AT1G59675	0	0	0	0	0	0
AT1G59680	0	0	0	0	0	0
AT1G59690	0	0	0	0	0	0
AT1G59700	369	521	446	233	269	247
AT1G59710	413	505	420	347	442	351
AT1G59720	34	32	50	73	41	70
AT1G59722	0	0	0	0	0	0
AT1G59723	0	0	0	0	0	0
AT1G59724	0	0	0	0	0	0
AT1G59725	6	2	2	3	4	2
AT1G59730	1	1	2	3	5	1
AT1G59740	75	98	125	37	25	31
AT1G59750	892	1060	979	1242	1005	1127
AT1G59760	575	653	578	667	580	685
AT1G59780	13	7	22	9	12	9
AT1G59790	0	0	0	0	0	0
AT1G59800	0	0	0	0	0	0
AT1G59810	1	0	0	1	0	0
AT1G59820	775	892	935	663	459	585
AT1G59830	542	687	571	602	693	589
AT1G59833	0	0	0	0	0	0
AT1G59835	0	0	0	0	0	0
AT1G59840	134	113	118	168	171	158
AT1G59850	6	14	12	7	21	15
AT1G59860	11	14	9	4	10	5
AT1G59865	3	2	5	1	0	0
AT1G59870	27235	32715	35783	16980	11561	15147
AT1G59880	0	0	0	0	0	0
AT1G59885	0	0	0	0	0	0
AT1G59890	620	651	708	537	426	538
AT1G59900	2186	2601	2190	2332	2629	2153
AT1G59910	605	669	765	347	286	369
AT1G59920	0	0	0	0	0	0
AT1G59930	0	0	0	0	0	0
AT1G59940	3	11	20	13	19	12
AT1G59950	25	52	43	1	2	0
AT1G59960	253	386	307	222	178	211
AT1G59970	65	101	94	46	61	50
AT1G59980	114	156	96	168	174	179
AT1G59990	387	372	368	593	472	535
AT1G60000	315	368	314	426	498	410
AT1G60010	510	677	484	609	586	542
AT1G60025	0	0	0	0	0	0
AT1G60030	9	8	7	5	8	6
AT1G60040	0	0	0	0	0	0
AT1G60050	1	2	2	1	0	2
AT1G60060	98	103	84	139	106	141
AT1G60070	924	971	947	983	834	983
AT1G60072	0	0	0	0	0	0
AT1G60073	0	0	0	0	0	0
AT1G60080	120	132	106	144	155	163
AT1G60090	3	5	3	0	1	8
AT1G60095	15	13	20	24	34	21
AT1G60110	23	35	40	62	42	66
AT1G60130	15	16	16	35	26	33
AT1G60140	2171	2487	2389	2303	1916	2088
AT1G60160	461	423	388	542	456	474
AT1G60170	821	1034	967	906	937	875
AT1G60190	6	8	8	2	3	0
AT1G60200	1776	2123	1849	2323	2071	2329
AT1G60220	521	645	515	542	560	538
AT1G60230	229	213	239	247	264	244
AT1G60240	0	0	0	0	0	0
AT1G60250	0	0	0	0	0	0
AT1G60260	54	85	66	90	91	134
AT1G60270	15	34	12	27	19	25
AT1G60280	0	0	0	0	0	0
AT1G60300	0	0	0	0	0	0
AT1G60320	0	0	0	0	0	0
AT1G60340	0	0	0	0	0	0
AT1G60350	0	0	0	0	0	0
AT1G60360	2	4	5	7	0	0
AT1G60370	0	0	0	0	0	0
AT1G60380	0	0	0	0	0	0
AT1G60390	17	29	22	46	43	53
AT1G60400	0	0	0	0	0	0
AT1G60410	0	0	0	0	0	0
AT1G60420	601	755	705	623	431	486
AT1G60430	168	199	171	177	165	156
AT1G60440	483	691	636	336	336	325
AT1G60450	18	23	29	20	14	8
AT1G60460	15	7	21	26	14	14
AT1G60470	4	4	3	13	24	14
AT1G60490	713	922	793	824	632	674
AT1G60500	6	9	10	1	0	1
AT1G60505	116	181	127	248	216	205
AT1G60525	40	48	50	50	52	54
AT1G60530	0	0	0	0	0	0
AT1G60545	102	145	120	151	138	117
AT1G60550	303	336	334	433	527	404
AT1G60560	139	115	123	179	152	167
AT1G60570	0	0	0	0	0	0
AT1G60580	0	0	0	0	0	0
AT1G60590	3	4	9	7	11	9
AT1G60600	275	267	263	343	295	376
AT1G60610	120	121	96	155	127	130
AT1G60620	152	150	147	134	162	167
AT1G60625	0	0	0	0	0	0
AT1G60630	73	68	66	59	52	69
AT1G60640	256	304	272	290	320	295
AT1G60650	305	326	315	283	318	315
AT1G60660	121	164	125	161	170	138
AT1G60670	166	204	211	227	204	194
AT1G60680	134	143	157	226	218	285
AT1G60690	55	67	66	91	92	85
AT1G60700	61	83	71	67	89	72
AT1G60710	850	992	920	887	795	795
AT1G60720	0	7	4	1	0	0
AT1G60730	3195	4749	5402	935	1160	680
AT1G60740	64	81	96	31	43	30
AT1G60750	182	216	220	57	68	35
AT1G60760	0	1	0	0	0	0
AT1G60770	295	299	307	358	371	424
AT1G60780	1414	1593	1603	1337	1236	1263
AT1G60783	0	0	0	0	0	0
AT1G60787	0	1	3	2	1	1
AT1G60790	105	126	86	143	90	127
AT1G60800	528	578	469	789	755	736
AT1G60810	239	281	312	332	305	350
AT1G60815	0	0	0	0	0	0
AT1G60820	0	0	0	0	0	0
AT1G60830	1	2	1	1	0	0
AT1G60840	0	0	0	0	0	0
AT1G60850	160	190	203	192	193	210
AT1G60860	181	176	167	208	164	281
AT1G60870	822	1099	811	926	1075	875
AT1G60880	0	0	2	0	0	0
AT1G60890	212	222	243	323	226	268
AT1G60900	1093	1376	1214	1433	1322	1310
AT1G60910	0	0	0	0	0	0
AT1G60913	0	0	0	0	0	0
AT1G60920	0	0	0	0	2	0
AT1G60930	100	125	122	107	80	112
AT1G60940	1120	1560	1218	1004	1260	998
AT1G60950	3572	3414	2906	4752	5658	4780
AT1G60960	376	300	419	589	551	552
AT1G60970	4	2	2	1	3	3
AT1G60980	0	0	0	0	0	0
AT1G60983	0	0	0	0	0	0
AT1G60985	0	0	0	0	0	0
AT1G60986	0	0	0	0	0	0
AT1G60987	0	0	0	0	0	1
AT1G60989	51	49	38	60	50	44
AT1G60990	312	319	308	390	362	348
AT1G60995	376	392	336	372	311	304
AT1G61000	45	69	62	60	63	61
AT1G61010	409	419	443	428	366	398
AT1G61020	0	0	0	0	0	0
AT1G61030	257	307	304	324	242	327
AT1G61040	418	553	535	431	376	417
AT1G61050	8	9	8	11	12	29
AT1G61060	0	1	0	0	0	0
AT1G61065	48	74	62	54	61	52
AT1G61070	0	0	0	0	0	0
AT1G61080	28	35	42	26	11	22
AT1G61090	0	0	0	0	0	0
AT1G61093	0	0	0	0	0	0
AT1G61095	0	0	0	0	0	0
AT1G61097	0	0	0	0	0	0
AT1G61100	1458	1693	1513	1469	1474	1329
AT1G61105	0	0	0	0	0	0
AT1G61110	0	0	0	0	0	0
AT1G61120	0	0	1	0	1	0
AT1G61130	0	1	0	0	0	0
AT1G61140	509	703	703	448	373	460
AT1G61150	472	622	520	520	542	455
AT1G61160	0	0	0	0	0	0
AT1G61165	1	1	0	2	1	1
AT1G61170	61	102	59	57	72	94
AT1G61180	437	515	433	493	382	502
AT1G61190	481	539	428	529	485	515
AT1G61200	0	0	0	2	0	0
AT1G61210	246	311	316	321	263	299
AT1G61215	74	109	92	46	31	46
AT1G61224	0	0	0	0	0	0
AT1G61226	0	0	0	0	0	0
AT1G61230	6	10	10	2	2	5
AT1G61240	116	120	114	179	129	139
AT1G61250	1289	1608	1653	954	919	916
AT1G61255	40	37	21	22	22	26
AT1G61260	49	52	69	34	44	49
AT1G61270	0	0	0	2	0	0
AT1G61275	4	3	5	5	7	6
AT1G61280	12	17	7	29	24	22
AT1G61290	1	1	0	3	2	1
AT1G61300	102	110	73	156	142	131
AT1G61310	79	92	96	91	54	86
AT1G61320	5	17	20	6	7	4
AT1G61330	0	0	0	0	0	0
AT1G61340	157	223	247	14	33	22
AT1G61350	207	243	225	239	231	226
AT1G61360	880	1149	1366	443	281	415
AT1G61370	235	310	353	99	94	115
AT1G61380	664	686	672	449	273	395
AT1G61390	25	28	21	18	19	21
AT1G61400	71	91	92	78	67	82
AT1G61410	5	18	15	10	9	4
AT1G61415	3	0	1	2	2	3
AT1G61420	148	193	183	103	109	134
AT1G61430	298	399	345	240	234	204
AT1G61440	12	17	24	9	9	11
AT1G61450	23	34	29	28	37	37
AT1G61460	26	41	39	42	34	36
AT1G61470	9	5	6	7	7	7
AT1G61475	3	0	0	0	0	1
AT1G61480	14	4	5	21	21	31
AT1G61490	52	58	71	121	92	100
AT1G61500	110	113	80	151	133	160
AT1G61520	7374	8698	7776	12652	15799	10597
AT1G61540	0	0	0	0	0	0
AT1G61550	45	36	41	8	12	12
AT1G61560	357	464	589	257	144	273
AT1G61562	0	0	0	0	0	0
AT1G61563	0	0	0	0	0	0
AT1G61565	0	0	0	0	0	0
AT1G61566	0	0	0	0	0	0
AT1G61570	246	315	273	330	379	346
AT1G61575	1	0	0	0	0	0
AT1G61580	398	362	334	230	327	352
AT1G61590	76	73	76	148	135	133
AT1G61600	20	19	7	19	14	26
AT1G61610	23	43	51	2	2	1
AT1G61620	432	544	466	481	506	437
AT1G61630	0	0	0	0	3	0
AT1G61640	204	241	254	206	178	178
AT1G61660	483	592	630	261	182	286
AT1G61667	88	109	69	108	130	97
AT1G61670	256	325	237	328	232	269
AT1G61680	0	1	1	1	0	0
AT1G61688	0	0	0	0	0	0
AT1G61690	751	966	926	578	489	538
AT1G61700	0	0	0	0	0	0
AT1G61710	1	0	2	0	1	0
AT1G61720	0	2	1	0	0	0
AT1G61730	453	488	497	492	472	455
AT1G61732	0	0	0	0	0	0
AT1G61740	4013	4483	4179	3567	2784	3095
AT1G61750	35	29	40	20	17	40
AT1G61760	3	7	3	3	1	7
AT1G61770	620	768	727	559	615	570
AT1G61780	290	411	298	283	326	259
AT1G61790	834	881	842	658	667	794
AT1G61795	18	26	13	28	30	38
AT1G61800	89	173	339	2	18	3
AT1G61810	260	379	456	40	23	42
AT1G61820	2409	3409	3574	428	256	330
AT1G61840	1	2	2	8	9	13
AT1G61850	899	967	931	851	719	786
AT1G61860	9	11	14	13	11	8
AT1G61870	340	372	382	447	353	373
AT1G61880	0	0	0	0	0	0
AT1G61890	1100	1358	1627	391	401	394
AT1G61900	439	500	444	418	398	421
AT1G61910	0	0	0	0	0	0
AT1G61920	0	0	0	1	0	0
AT1G61930	1	3	2	4	6	6
AT1G61940	0	0	0	0	0	0
AT1G61950	0	0	0	0	1	2
AT1G61960	51	52	39	66	49	50
AT1G61970	143	171	127	188	186	176
AT1G61980	114	126	118	124	143	135
AT1G61990	137	130	130	176	164	192
AT1G62000	0	1	2	0	1	2
AT1G62010	38	40	34	73	43	31
AT1G62020	1033	997	1134	1115	848	1196
AT1G62030	57	60	65	43	63	59
AT1G62035	3	2	1	9	9	4
AT1G62040	330	417	370	348	376	307
AT1G62045	77	137	103	30	43	36
AT1G62050	86	97	86	117	69	101
AT1G62060	0	0	0	0	0	0
AT1G62070	0	0	0	0	0	0
AT1G62080	0	0	0	0	0	0
AT1G62085	65	80	66	79	73	81
AT1G62110	41	50	39	48	47	50
AT1G62120	34	32	30	52	59	60
AT1G62130	131	162	140	142	107	131
AT1G62150	31	43	39	57	51	55
AT1G62160	0	0	0	0	0	0
AT1G62170	0	0	0	0	0	0
AT1G62180	158	242	275	166	97	167
AT1G62190	0	0	0	0	0	0
AT1G62200	578	789	727	408	377	320
AT1G62210	0	0	0	0	0	0
AT1G62220	0	0	0	0	0	0
AT1G62225	0	0	0	0	0	0
AT1G62240	0	0	0	0	0	0
AT1G62250	86	156	109	121	139	119
AT1G62260	86	99	112	117	86	129
AT1G62262	1	0	1	3	2	2
AT1G62270	0	0	0	0	0	0
AT1G62280	0	1	6	29	23	31
AT1G62290	195	257	302	212	186	175
AT1G62300	1877	2476	2887	480	339	403
AT1G62305	140	219	193	88	109	82
AT1G62310	367	499	439	516	345	451
AT1G62320	21	27	34	25	19	16
AT1G62330	276	321	297	408	318	360
AT1G62333	0	0	0	0	0	0
AT1G62340	0	0	0	0	0	0
AT1G62350	27	33	18	38	31	32
AT1G62355	1	1	1	1	3	2
AT1G62360	59	78	57	99	72	101
AT1G62370	16	24	28	18	22	17
AT1G62380	10392	12454	11620	13619	9613	11316
AT1G62390	1157	1215	1266	1378	1274	1453
AT1G62400	56	83	60	60	53	56
AT1G62410	0	3	4	1	1	1
AT1G62420	81	161	180	30	49	31
AT1G62421	0	0	0	0	0	0
AT1G62422	352	474	462	206	260	211
AT1G62430	128	151	137	197	174	171
AT1G62440	104	81	130	122	79	94
AT1G62450	0	0	0	0	0	0
AT1G62480	5170	6951	5727	4465	6573	3877
AT1G62490	1	5	4	0	1	6
AT1G62500	37	29	41	45	55	49
AT1G62510	20	45	22	47	72	44
AT1G62515	0	0	0	0	0	0
AT1G62520	8	16	10	20	23	13
AT1G62530	0	1	3	1	0	2
AT1G62540	4	4	5	6	0	7
AT1G62560	5	11	9	8	15	22
AT1G62570	479	573	603	301	263	275
AT1G62580	34	45	37	10	18	14
AT1G62590	10	23	35	28	14	11
AT1G62600	301	400	361	265	325	253
AT1G62610	35	65	46	54	67	55
AT1G62620	0	3	0	0	0	0
AT1G62630	119	130	101	181	197	182
AT1G62640	608	680	614	784	765	787
AT1G62660	475	536	623	565	446	404
AT1G62670	48	43	42	60	56	63
AT1G62680	41	70	70	64	50	63
AT1G62690	0	0	0	1	1	0
AT1G62700	8	8	5	3	7	9
AT1G62710	6	5	7	9	20	20
AT1G62720	1	10	7	17	8	12
AT1G62730	75	75	70	63	62	71
AT1G62740	798	948	946	634	515	478
AT1G62750	2090	1960	2137	2937	2786	2793
AT1G62760	10	9	12	12	7	6
AT1G62770	110	162	128	173	146	139
AT1G62780	634	656	656	735	792	678
AT1G62790	743	1034	877	500	542	530
AT1G62800	87	124	104	140	123	149
AT1G62810	675	996	765	890	731	863
AT1G62820	212	235	243	173	184	177
AT1G62830	126	135	131	140	134	188
AT1G62840	0	0	0	0	0	0
AT1G62850	182	167	173	168	138	150
AT1G62870	8	11	14	18	16	24
AT1G62880	90	97	89	98	118	113
AT1G62886	0	0	0	0	0	0
AT1G62895	0	0	0	0	0	0
AT1G62900	1	1	0	6	3	2
AT1G62910	10	11	16	16	18	13
AT1G62914	57	77	76	83	58	89
AT1G62915	25	39	31	41	34	41
AT1G62920	28	23	27	30	50	43
AT1G62930	64	62	60	54	62	59
AT1G62935	0	0	0	1	0	0
AT1G62940	0	0	0	0	0	0
AT1G62950	41	41	38	76	66	70
AT1G62960	299	329	349	261	245	247
AT1G62970	166	210	174	175	156	201
AT1G62975	27	48	42	50	37	71
AT1G62978	0	0	0	0	0	0
AT1G62980	23	12	34	15	26	12
AT1G62981	3	3	2	9	6	5
AT1G62990	41	56	42	68	69	55
AT1G63000	582	630	638	714	651	681
AT1G63005	0	1	0	0	0	0
AT1G63010	1133	1459	1341	885	647	721
AT1G63020	78	83	66	83	51	74
AT1G63030	0	0	0	0	0	0
AT1G63050	119	123	109	148	127	147
AT1G63055	0	1	0	2	0	0
AT1G63057	0	0	0	0	0	0
AT1G63060	0	0	0	0	0	0
AT1G63070	0	0	0	1	0	0
AT1G63080	38	41	30	45	34	52
AT1G63090	327	408	407	157	171	182
AT1G63100	44	53	68	106	71	87
AT1G63105	0	0	0	0	0	0
AT1G63110	513	591	519	590	562	540
AT1G63120	215	262	253	244	238	236
AT1G63130	124	113	86	124	114	130
AT1G63140	3	3	0	2	0	1
AT1G63150	52	42	28	36	52	52
AT1G63160	113	138	110	138	125	135
AT1G63170	378	401	399	371	306	342
AT1G63180	556	658	694	356	317	344
AT1G63190	0	0	0	0	0	0
AT1G63200	0	0	0	0	0	0
AT1G63205	0	0	0	0	0	0
AT1G63206	0	0	0	0	0	0
AT1G63210	1	0	0	0	0	2
AT1G63220	291	388	247	191	237	228
AT1G63230	11	24	33	45	42	41
AT1G63240	98	119	91	169	170	168
AT1G63245	21	28	18	22	16	16
AT1G63250	88	73	97	137	102	138
AT1G63260	227	255	215	222	285	210
AT1G63270	127	126	119	156	143	139
AT1G63280	0	1	0	1	0	1
AT1G63290	570	694	605	590	725	561
AT1G63295	9	13	10	4	1	3
AT1G63300	81	62	72	102	101	98
AT1G63310	22	31	37	28	12	26
AT1G63320	0	0	0	0	0	0
AT1G63330	0	0	0	0	0	1
AT1G63340	0	0	0	1	0	0
AT1G63350	174	216	231	105	135	136
AT1G63360	388	433	424	464	418	439
AT1G63370	3	4	4	1	6	9
AT1G63380	13	12	8	21	12	11
AT1G63390	11	12	12	11	7	7
AT1G63400	12	33	20	27	36	38
AT1G63410	10	4	7	10	14	17
AT1G63420	78	123	68	105	106	106
AT1G63430	383	437	423	464	406	493
AT1G63440	223	262	318	117	114	120
AT1G63450	1	2	5	1	5	4
AT1G63460	227	350	251	263	262	232
AT1G63470	140	159	145	201	167	247
AT1G63480	110	131	115	153	157	180
AT1G63490	414	519	496	445	346	397
AT1G63500	713	781	790	647	610	620
AT1G63510	0	0	0	0	0	0
AT1G63520	0	1	2	2	1	1
AT1G63522	0	0	0	0	0	0
AT1G63530	25	30	44	25	18	30
AT1G63535	0	0	0	0	0	0
AT1G63540	0	1	0	0	0	0
AT1G63550	4	7	3	4	3	1
AT1G63570	2	1	0	2	1	0
AT1G63580	10	10	20	18	5	7
AT1G63590	5	3	1	1	1	3
AT1G63600	1	1	1	0	1	1
AT1G63610	405	388	428	484	455	455
AT1G63615	0	0	0	0	0	0
AT1G63630	0	1	0	1	1	0
AT1G63640	290	305	296	299	215	315
AT1G63650	10	10	7	28	15	22
AT1G63660	438	451	429	583	498	525
AT1G63670	214	287	277	347	238	319
AT1G63680	701	680	621	832	669	789
AT1G63690	996	1180	1045	1258	1045	1121
AT1G63700	451	532	473	580	406	611
AT1G63710	0	0	1	0	0	0
AT1G63720	202	276	321	100	81	93
AT1G63730	41	58	54	77	25	48
AT1G63740	193	200	210	142	125	117
AT1G63750	376	404	443	210	192	215
AT1G63770	2879	3087	3048	2978	2207	2622
AT1G63780	185	231	193	225	244	252
AT1G63790	0	0	0	0	0	0
AT1G63800	672	1080	826	1041	1092	753
AT1G63810	352	372	330	390	319	420
AT1G63820	4	11	7	6	10	6
AT1G63830	607	695	683	536	538	506
AT1G63840	140	212	213	76	75	80
AT1G63850	180	208	221	212	214	238
AT1G63855	43	65	57	48	63	46
AT1G63860	358	424	311	278	212	252
AT1G63870	6	6	7	1	3	4
AT1G63880	679	786	654	792	624	745
AT1G63900	463	603	545	478	478	411
AT1G63910	0	2	2	1	0	1
AT1G63930	33	32	27	8	11	8
AT1G63940	3145	2797	3197	3154	2229	2958
AT1G63950	0	0	0	0	0	0
AT1G63960	0	0	0	0	0	0
AT1G63970	498	717	592	607	623	579
AT1G63980	1246	1373	1261	1382	1478	1430
AT1G63990	4	1	0	3	2	2
AT1G64000	6	9	11	20	19	17
AT1G64010	1	7	8	3	5	3
AT1G64020	11	4	6	3	1	3
AT1G64030	0	0	0	0	0	0
AT1G64040	973	1328	1166	938	1072	924
AT1G64050	373	449	421	385	339	367
AT1G64060	378	390	499	338	253	331
AT1G64065	159	261	237	38	51	38
AT1G64070	0	1	1	0	0	1
AT1G64080	26	38	51	56	22	46
AT1G64090	1257	1582	1367	1344	1335	1261
AT1G64100	2	4	3	8	3	2
AT1G64105	0	3	5	0	0	0
AT1G64107	2	0	0	0	2	1
AT1G64110	32	14	41	41	21	84
AT1G64120	0	0	0	0	0	0
AT1G64130	0	0	0	0	0	0
AT1G64140	1092	1428	1386	1184	1178	1151
AT1G64150	185	187	199	221	223	236
AT1G64160	306	474	488	17	23	23
AT1G64170	265	316	299	408	331	470
AT1G64180	88	106	83	119	126	124
AT1G64185	33	35	23	36	44	43
AT1G64190	463	504	549	482	445	448
AT1G64195	0	2	1	0	1	1
AT1G64200	75	137	104	91	132	113
AT1G64210	4	1	3	11	9	8
AT1G64220	25	13	16	15	29	28
AT1G64230	3336	4483	3650	4312	4625	3590
AT1G64235	0	0	0	0	0	0
AT1G64253	13	8	10	14	15	9
AT1G64255	0	0	0	0	0	0
AT1G64260	1	3	7	18	7	8
AT1G64280	606	757	773	478	425	403
AT1G64290	0	0	0	0	1	0
AT1G64295	0	0	0	0	0	0
AT1G64300	32	53	58	46	26	46
AT1G64310	12	12	4	17	13	19
AT1G64320	22	34	25	43	38	30
AT1G64330	461	488	394	454	480	476
AT1G64340	0	0	1	0	0	0
AT1G64350	216	266	221	238	240	251
AT1G64355	241	231	223	331	378	338
AT1G64360	7	14	7	18	11	11
AT1G64370	859	1123	1012	1600	1034	1446
AT1G64380	31	40	23	34	24	59
AT1G64385	599	640	618	421	465	435
AT1G64390	126	171	173	358	223	408
AT1G64400	211	263	266	133	61	120
AT1G64405	1	9	3	4	9	9
AT1G64420	0	0	0	0	0	0
AT1G64430	593	647	579	689	661	683
AT1G64440	143	230	205	221	212	193
AT1G64450	12	14	20	18	15	34
AT1G64455	0	0	0	0	0	0
AT1G64460	169	194	195	182	162	200
AT1G64480	4	12	0	3	8	3
AT1G64490	97	181	120	106	128	126
AT1G64500	50	59	47	48	70	55
AT1G64510	1954	1904	1946	2017	2429	2157
AT1G64520	1209	1480	1381	1334	1265	1104
AT1G64530	191	194	193	207	209	209
AT1G64540	2	5	6	0	4	4
AT1G64550	1147	1240	1260	1269	979	1131
AT1G64561	11	12	12	12	8	6
AT1G64563	17	14	22	20	12	10
AT1G64570	445	496	487	504	306	431
AT1G64572	74	68	78	66	126	89
AT1G64580	52	53	57	69	60	57
AT1G64583	11	8	18	13	10	18
AT1G64584	0	0	0	0	0	0
AT1G64585	0	0	0	0	0	0
AT1G64590	8	5	7	42	49	23
AT1G64600	152	183	142	275	269	264
AT1G64610	349	516	561	120	148	114
AT1G64618	0	1	1	0	0	0
AT1G64620	38	63	47	55	53	65
AT1G64625	2	4	2	2	4	4
AT1G64630	221	285	239	274	305	252
AT1G64633	0	0	0	0	0	0
AT1G64640	273	279	238	459	455	398
AT1G64650	747	769	726	882	553	824
AT1G64660	789	898	983	540	285	452
AT1G64670	83	95	82	120	88	137
AT1G64680	508	576	525	875	936	834
AT1G64690	23	32	23	21	25	29
AT1G64700	16	16	21	12	18	18
AT1G64710	1983	2586	2378	1503	1237	1273
AT1G64720	6817	8655	7354	9582	11896	8855
AT1G64740	394	453	393	310	273	270
AT1G64750	857	1300	1041	793	941	714
AT1G64760	64	78	65	107	99	117
AT1G64770	297	300	268	397	466	425
AT1G64780	130	96	92	158	218	158
AT1G64790	1381	1397	1508	1667	883	1587
AT1G64795	0	0	1	0	1	0
AT1G64800	0	0	0	0	0	0
AT1G64810	410	489	379	323	362	357
AT1G64820	0	0	1	2	0	1
AT1G64830	0	0	0	0	0	0
AT1G64840	146	157	150	188	182	138
AT1G64850	278	386	326	360	383	317
AT1G64860	283	278	275	292	251	298
AT1G64870	0	0	0	0	0	0
AT1G64880	432	422	420	502	511	595
AT1G64890	49	41	51	65	61	60
AT1G64900	153	188	153	155	204	109
AT1G64910	2	0	0	1	0	0
AT1G64920	2	0	1	4	4	4
AT1G64930	1	3	8	7	1	2
AT1G64940	7	8	14	4	4	3
AT1G64950	982	1361	1179	654	661	603
AT1G64960	167	201	177	210	150	184
AT1G64970	38	56	63	54	44	57
AT1G64980	120	188	174	176	238	167
AT1G64990	457	518	450	387	425	354
AT1G65000	76	80	67	68	95	68
AT1G65010	556	636	588	929	793	894
AT1G65020	222	280	252	199	267	196
AT1G65030	196	256	214	228	257	272
AT1G65032	32	60	36	44	65	42
AT1G65040	758	820	773	492	517	563
AT1G65050	0	0	0	0	0	0
AT1G65060	11	22	20	19	12	11
AT1G65070	372	460	374	539	479	442
AT1G65080	77	61	74	83	81	70
AT1G65090	5	1	2	0	1	5
AT1G65110	18	27	23	32	37	29
AT1G65113	0	0	0	0	0	0
AT1G65120	35	46	32	44	31	39
AT1G65130	12	11	3	10	20	18
AT1G65140	0	0	0	0	1	0
AT1G65150	36	38	38	37	18	40
AT1G65160	0	0	0	0	0	0
AT1G65165	0	0	0	0	0	0
AT1G65170	0	0	0	0	0	0
AT1G65180	9	1	15	18	21	12
AT1G65190	392	480	456	346	415	362
AT1G65200	4	1	1	6	3	1
AT1G65210	0	0	0	0	0	0
AT1G65220	1174	1456	1300	1183	1323	1176
AT1G65230	142	162	121	281	289	254
AT1G65240	32	18	36	6	3	6
AT1G65250	17	45	26	21	17	25
AT1G65260	1512	1720	1577	1724	1730	1545
AT1G65270	728	788	793	761	690	733
AT1G65280	712	842	754	753	727	735
AT1G65290	868	1077	978	965	1130	985
AT1G65295	243	325	225	303	304	246
AT1G65300	0	0	0	0	0	0
AT1G65310	33	35	48	68	57	56
AT1G65320	190	242	203	264	252	284
AT1G65330	0	1	0	1	1	0
AT1G65340	1	2	1	0	0	0
AT1G65342	0	0	0	0	0	0
AT1G65346	0	0	0	0	0	0
AT1G65349	0	0	0	0	0	0
AT1G65350	0	0	0	0	0	0
AT1G65352	0	0	0	0	0	0
AT1G65360	0	0	0	0	0	0
AT1G65370	198	256	201	278	302	287
AT1G65380	82	65	65	79	74	92
AT1G65390	167	173	201	126	188	111
AT1G65410	262	335	299	339	290	309
AT1G65420	8	17	13	17	15	17
AT1G65425	0	0	0	1	0	0
AT1G65430	420	557	480	413	433	384
AT1G65440	1864	2223	2122	2170	1554	1982
AT1G65450	0	1	1	2	3	2
AT1G65470	203	225	250	193	158	163
AT1G65480	2	3	3	7	2	16
AT1G65481	33	29	52	19	18	27
AT1G65483	0	2	1	1	3	0
AT1G65484	2	4	3	10	10	17
AT1G65486	30	36	25	52	33	57
AT1G65490	15	22	9	9	4	0
AT1G65500	199	343	191	56	49	55
AT1G65510	87	95	97	120	103	125
AT1G65520	254	311	259	162	181	201
AT1G65540	1075	1286	1239	887	788	873
AT1G65541	0	0	0	0	0	0
AT1G65550	0	0	0	0	0	0
AT1G65560	64	76	84	72	83	76
AT1G65570	2	2	4	18	1	3
AT1G65580	1055	1336	1251	1005	747	980
AT1G65590	340	522	409	289	307	357
AT1G65610	125	68	131	84	45	74
AT1G65620	40	60	40	41	26	34
AT1G65630	3	0	0	1	0	0
AT1G65640	0	0	0	0	0	0
AT1G65650	385	449	390	408	415	414
AT1G65660	587	694	628	581	545	502
AT1G65670	0	0	0	0	0	0
AT1G65680	0	0	2	0	0	4
AT1G65681	0	0	0	0	0	0
AT1G65690	422	497	660	543	428	576
AT1G65700	147	217	176	168	179	173
AT1G65710	19	15	14	36	22	35
AT1G65720	1244	1696	1501	1156	1247	1081
AT1G65730	49	46	56	66	37	48
AT1G65735	0	0	0	0	0	0
AT1G65740	0	0	0	0	0	0
AT1G65760	0	0	0	0	0	0
AT1G65770	0	0	0	0	0	0
AT1G65780	0	0	0	0	0	0
AT1G65790	12	16	21	7	2	2
AT1G65800	189	207	210	232	238	260
AT1G65810	0	1	1	4	1	0
AT1G65820	2271	3374	3147	1598	1816	1529
AT1G65830	0	0	0	0	0	0
AT1G65840	901	1132	1015	702	715	599
AT1G65845	1120	1151	1014	1136	1114	1320
AT1G65850	25	15	14	21	16	31
AT1G65860	6	6	20	7	3	18
AT1G65870	0	2	1	3	5	2
AT1G65880	0	4	0	0	0	1
AT1G65890	1	0	0	1	1	1
AT1G65900	18	23	14	25	26	33
AT1G65910	6	5	16	5	5	2
AT1G65920	107	147	139	108	84	93
AT1G65930	11065	13109	11479	9920	9363	9150
AT1G65950	217	253	191	243	255	211
AT1G65960	3735	4831	3783	3937	3854	3594
AT1G65970	443	657	582	345	148	193
AT1G65980	1715	2200	2103	1593	1849	1667
AT1G65985	85	95	77	104	68	130
AT1G65990	0	0	0	0	0	0
AT1G66000	0	0	0	0	0	0
AT1G66020	0	0	1	0	0	0
AT1G66030	0	1	0	1	0	0
AT1G66040	6	8	15	1	4	1
AT1G66045	0	0	0	0	0	0
AT1G66050	40	48	41	23	12	16
AT1G66060	5	5	17	7	11	13
AT1G66070	433	476	434	348	347	328
AT1G66080	17	27	25	38	33	29
AT1G66090	165	249	359	22	29	20
AT1G66100	11	30	15	11	28	16
AT1G66110	1	0	0	0	0	0
AT1G66120	0	0	0	0	0	0
AT1G66130	96	95	85	148	162	151
AT1G66140	105	121	105	273	234	274
AT1G66145	0	0	0	0	0	0
AT1G66150	1106	1242	1084	1271	1186	1209
AT1G66160	406	442	442	217	215	176
AT1G66170	4	2	5	3	1	2
AT1G66173	19	19	21	18	22	16
AT1G66180	6460	6670	5869	6398	4491	4567
AT1G66190	47	58	39	47	68	83
AT1G66200	3465	3700	3614	4560	4914	5410
AT1G66210	0	0	0	0	0	0
AT1G66220	2	0	0	0	0	0
AT1G66230	75	110	88	72	82	56
AT1G66235	0	0	0	0	0	0
AT1G66240	1664	2343	1782	1438	1800	1351
AT1G66245	0	0	0	0	0	0
AT1G66250	63	62	69	78	51	94
AT1G66260	1626	2039	1890	1519	1684	1559
AT1G66270	115	103	244	196	288	244
AT1G66280	115	100	176	134	250	239
AT1G66290	0	0	0	0	0	0
AT1G66300	0	0	0	0	0	0
AT1G66310	0	0	0	0	0	0
AT1G66320	0	0	0	0	0	0
AT1G66330	233	245	204	217	238	258
AT1G66340	573	665	698	517	449	482
AT1G66345	33	45	35	35	31	38
AT1G66350	70	84	73	105	82	91
AT1G66360	0	0	0	1	0	0
AT1G66370	0	0	0	0	0	0
AT1G66380	0	0	0	0	0	0
AT1G66390	3	4	1	2	0	0
AT1G66400	40	27	31	32	28	34
AT1G66410	1886	2453	1942	2014	2290	2001
AT1G66420	0	0	0	0	0	0
AT1G66430	834	816	859	1024	829	1047
AT1G66440	2	1	4	6	3	11
AT1G66450	8	16	14	17	6	5
AT1G66460	0	1	4	4	2	4
AT1G66465	47	50	57	8	12	10
AT1G66470	0	0	6	3	13	11
AT1G66480	242	360	443	75	72	83
AT1G66490	0	0	1	0	0	0
AT1G66500	87	182	228	55	67	67
AT1G66510	74	94	90	95	92	88
AT1G66520	64	77	74	72	83	99
AT1G66530	311	343	372	382	298	398
AT1G66540	10	9	11	7	9	6
AT1G66550	0	0	1	0	0	0
AT1G66560	0	1	0	0	0	0
AT1G66570	3	14	21	2	1	0
AT1G66580	4637	6042	6421	1844	2340	2003
AT1G66590	127	187	161	67	64	68
AT1G66600	32	54	49	2	9	4
AT1G66610	0	3	1	0	2	2
AT1G66620	70	78	69	38	32	45
AT1G66630	0	0	0	0	0	0
AT1G66640	0	0	0	1	0	0
AT1G66650	3	15	8	9	8	5
AT1G66660	92	102	117	81	69	66
AT1G66670	1976	2782	2149	1545	1782	1483
AT1G66680	825	1154	1164	624	637	553
AT1G66690	10	10	13	3	2	2
AT1G66700	768	1448	1545	362	312	343
AT1G66720	0	0	0	0	0	0
AT1G66725	20	13	22	19	20	17
AT1G66730	560	672	552	659	415	696
AT1G66740	181	256	231	170	211	164
AT1G66750	152	179	177	181	157	151
AT1G66760	1672	2011	2151	610	580	585
AT1G66770	0	0	0	0	0	0
AT1G66780	15	47	38	18	15	10
AT1G66783	13	32	28	23	12	17
AT1G66795	5	2	1	5	0	5
AT1G66800	7	7	7	10	21	6
AT1G66810	1	12	8	7	11	2
AT1G66820	0	0	1	0	0	0
AT1G66830	9	10	15	10	4	13
AT1G66840	72	111	77	79	67	72
AT1G66850	0	0	0	0	0	0
AT1G66852	0	0	0	0	0	0
AT1G66855	0	0	0	0	0	0
AT1G66860	2	1	0	0	1	0
AT1G66870	0	0	1	0	0	0
AT1G66880	614	847	851	224	263	196
AT1G66890	157	177	150	151	190	154
AT1G66900	147	233	153	184	155	187
AT1G66910	131	182	154	136	154	126
AT1G66920	212	270	251	205	136	195
AT1G66930	4	14	8	12	5	11
AT1G66940	243	283	227	344	260	301
AT1G66950	7	1	0	2	6	6
AT1G66960	2	1	3	0	2	0
AT1G66970	535	715	543	546	520	590
AT1G66980	335	421	352	533	422	500
AT1G67000	42	53	49	28	9	31
AT1G67020	3	4	3	2	3	3
AT1G67025	0	0	0	1	0	0
AT1G67030	52	41	82	137	138	120
AT1G67035	2	3	9	10	10	13
AT1G67040	26	43	41	71	76	72
AT1G67050	152	190	145	173	164	157
AT1G67060	370	553	596	242	252	251
AT1G67070	119	230	242	39	49	43
AT1G67080	111	148	109	161	138	161
AT1G67090	49237	54854	55172	56024	67167	48134
AT1G67100	5	7	13	0	1	6
AT1G67105	8	21	19	28	37	39
AT1G67110	7	15	16	56	37	64
AT1G67120	498	516	514	860	497	800
AT1G67130	0	0	0	0	0	0
AT1G67140	708	833	816	842	646	758
AT1G67148	25	53	58	37	68	35
AT1G67150	1	5	0	1	7	3
AT1G67160	0	0	0	0	0	0
AT1G67170	175	231	248	227	201	166
AT1G67180	41	50	38	38	36	28
AT1G67190	135	180	141	159	133	145
AT1G67195	60	65	56	90	122	102
AT1G67210	42	65	62	62	46	69
AT1G67220	3	2	4	6	4	1
AT1G67230	1613	1777	1622	1433	1329	1411
AT1G67235	0	0	0	0	0	0
AT1G67238	0	0	1	0	0	2
AT1G67250	383	477	457	371	470	420
AT1G67260	1	1	0	0	0	0
AT1G67265	18	17	14	27	50	20
AT1G67270	4	10	20	6	10	15
AT1G67280	2067	2239	2018	2342	2550	2221
AT1G67290	0	0	0	0	0	0
AT1G67300	331	386	352	426	422	422
AT1G67310	840	1151	1138	819	772	807
AT1G67320	177	222	165	179	169	156
AT1G67325	359	442	414	349	384	410
AT1G67328	0	0	0	0	0	0
AT1G67330	0	0	0	0	0	0
AT1G67340	231	350	273	290	332	316
AT1G67350	657	877	762	708	830	619
AT1G67360	34	45	51	38	52	57
AT1G67365	36	55	42	52	61	42
AT1G67370	22	21	24	25	20	28
AT1G67390	0	0	1	0	0	0
AT1G67400	163	228	214	172	169	190
AT1G67410	109	128	145	118	106	112
AT1G67420	70	106	86	94	77	113
AT1G67430	3527	4029	3777	3144	3894	3549
AT1G67440	181	182	196	198	203	197
AT1G67450	0	0	0	0	0	1
AT1G67455	0	0	0	0	0	0
AT1G67460	16	25	19	19	20	12
AT1G67470	198	230	212	92	104	96
AT1G67480	1557	2053	1858	1535	1611	1546
AT1G67481	2	6	1	1	4	1
AT1G67490	352	408	370	448	334	451
AT1G67500	289	396	333	305	216	294
AT1G67510	85	88	93	92	81	107
AT1G67520	139	175	179	75	65	103
AT1G67530	266	328	316	256	176	227
AT1G67540	0	0	0	0	0	0
AT1G67550	398	453	474	429	362	361
AT1G67560	511	750	701	488	425	436
AT1G67570	56	74	54	60	59	40
AT1G67580	979	1061	994	947	707	848
AT1G67590	152	233	154	262	232	263
AT1G67600	37	49	32	27	32	37
AT1G67620	96	85	67	82	115	96
AT1G67623	0	0	1	0	0	0
AT1G67630	141	151	154	116	123	120
AT1G67635	1	0	0	0	2	0
AT1G67640	0	1	1	0	0	1
AT1G67650	37	54	44	40	49	49
AT1G67660	152	172	160	182	210	190
AT1G67670	0	0	0	0	0	0
AT1G67680	977	1061	1081	961	965	980
AT1G67690	126	133	98	164	141	134
AT1G67700	2002	2255	2090	2430	2669	2282
AT1G67710	36	28	24	74	34	78
AT1G67720	252	261	258	284	189	276
AT1G67730	765	864	798	876	746	863
AT1G67740	2531	2713	2490	3235	3540	2920
AT1G67750	21	35	45	81	51	82
AT1G67760	9	11	8	12	18	13
AT1G67770	0	0	1	1	1	0
AT1G67775	0	0	0	0	0	0
AT1G67780	6	8	6	21	23	14
AT1G67785	748	980	822	794	932	717
AT1G67790	0	0	0	0	0	0
AT1G67792	4	10	11	7	5	1
AT1G67800	650	931	1054	416	417	366
AT1G67810	1090	1743	1806	188	292	151
AT1G67820	23	35	38	19	33	23
AT1G67830	143	168	185	184	199	243
AT1G67840	311	339	282	435	352	362
AT1G67850	230	267	254	138	105	124
AT1G67855	0	1	2	0	0	1
AT1G67856	3	4	3	4	1	2
AT1G67860	78	153	137	179	131	163
AT1G67865	143	213	155	167	145	133
AT1G67870	1252	1483	1551	1937	1487	1989
AT1G67880	139	157	156	115	111	123
AT1G67890	449	533	480	424	317	375
AT1G67900	173	224	162	214	214	314
AT1G67910	184	177	147	276	286	215
AT1G67920	87	144	137	23	30	21
AT1G67930	431	488	519	435	292	429
AT1G67940	100	78	113	123	139	102
AT1G67950	94	118	110	111	98	105
AT1G67960	318	415	356	290	291	283
AT1G67970	197	222	196	153	182	126
AT1G67980	1822	2824	2775	353	264	404
AT1G67990	0	4	6	0	0	0
AT1G68000	388	532	453	330	368	309
AT1G68010	1580	2002	1679	2465	2859	2012
AT1G68020	646	715	634	642	561	570
AT1G68030	19	16	16	14	18	25
AT1G68040	0	0	0	0	0	1
AT1G68050	226	264	227	489	418	503
AT1G68060	745	807	790	880	726	863
AT1G68070	386	455	394	417	433	404
AT1G68080	122	159	112	125	164	146
AT1G68090	0	0	1	0	0	1
AT1G68100	457	551	515	481	504	455
AT1G68110	34	34	29	36	47	30
AT1G68120	8	3	6	11	10	10
AT1G68130	166	223	171	297	231	254
AT1G68140	685	878	817	747	648	690
AT1G68150	57	68	80	75	60	74
AT1G68160	147	218	189	131	155	140
AT1G68170	3	0	5	2	0	4
AT1G68180	1	1	3	2	0	0
AT1G68185	100	125	116	121	103	115
AT1G68190	230	260	191	267	344	332
AT1G68200	1	4	22	3	12	5
AT1G68210	0	0	0	0	0	0
AT1G68220	211	277	248	321	304	366
AT1G68230	24	40	38	48	11	27
AT1G68238	96	80	86	130	148	130
AT1G68240	1	3	2	1	2	3
AT1G68250	5	0	5	0	0	16
AT1G68260	157	202	167	178	171	181
AT1G68270	0	0	0	0	0	0
AT1G68280	0	0	0	0	0	0
AT1G68290	2	1	1	0	0	1
AT1G68300	561	733	620	567	626	501
AT1G68310	342	436	385	292	282	270
AT1G68320	30	46	22	16	7	17
AT1G68325	0	0	0	0	0	0
AT1G68330	60	79	37	39	47	38
AT1G68340	102	155	134	77	53	60
AT1G68350	0	0	5	2	4	3
AT1G68360	1	9	16	10	6	15
AT1G68370	496	555	632	480	471	447
AT1G68380	0	0	3	0	0	0
AT1G68390	94	116	150	12	6	9
AT1G68400	220	258	245	255	261	295
AT1G68410	582	730	782	304	342	334
AT1G68420	0	0	0	0	0	0
AT1G68430	6	4	3	6	4	10
AT1G68440	1375	1909	1552	750	1043	769
AT1G68450	167	337	235	43	37	28
AT1G68460	2	0	0	1	1	1
AT1G68470	7	7	8	10	14	10
AT1G68480	3	6	7	4	6	12
AT1G68490	526	608	477	682	718	639
AT1G68500	167	210	128	94	135	92
AT1G68510	0	0	7	0	1	0
AT1G68520	4227	5095	3818	5006	4947	4847
AT1G68526	0	1	0	0	2	0
AT1G68530	4244	5483	4292	4281	4016	3342
AT1G68540	30	51	52	59	54	58
AT1G68550	232	239	211	364	329	307
AT1G68560	1623	1904	1764	3017	2344	2877
AT1G68568	0	0	0	0	0	0
AT1G68570	113	161	145	87	120	81
AT1G68580	769	794	684	669	761	695
AT1G68585	75	79	64	55	56	70
AT1G68590	1237	1211	1160	1377	1461	1317
AT1G68600	41	79	51	52	105	40
AT1G68610	0	1	0	0	0	0
AT1G68620	340	405	486	216	140	152
AT1G68630	2	10	14	0	3	0
AT1G68640	10	13	12	12	7	16
AT1G68650	110	116	95	155	95	119
AT1G68660	321	374	287	396	468	402
AT1G68670	990	1277	996	876	887	921
AT1G68680	245	261	218	237	210	222
AT1G68690	514	573	649	280	187	285
AT1G68700	0	0	0	1	0	0
AT1G68710	147	201	154	221	140	203
AT1G68720	730	784	753	821	506	706
AT1G68723	0	0	0	0	0	0
AT1G68725	3	5	1	3	4	3
AT1G68730	122	164	116	152	158	168
AT1G68740	21	43	33	24	24	25
AT1G68750	0	0	0	0	0	0
AT1G68760	92	85	80	88	111	120
AT1G68765	6	8	0	1	4	4
AT1G68770	0	0	0	0	0	0
AT1G68780	47	61	50	139	108	141
AT1G68790	629	731	662	857	661	789
AT1G68795	5	8	6	8	15	14
AT1G68800	2	1	4	4	5	9
AT1G68810	33	29	38	42	40	67
AT1G68820	468	621	511	436	435	479
AT1G68825	4	2	0	2	3	3
AT1G68830	374	519	419	450	475	443
AT1G68840	3807	4690	3718	3976	3757	3878
AT1G68845	1	0	1	1	0	0
AT1G68850	84	100	137	83	108	59
AT1G68860	0	0	0	0	0	0
AT1G68862	18	38	18	36	43	40
AT1G68870	14	15	16	25	28	36
AT1G68872	21	62	38	44	44	57
AT1G68875	0	0	0	0	0	0
AT1G68877	0	0	0	0	0	0
AT1G68880	15	35	17	30	44	36
AT1G68890	813	846	869	1031	949	1130
AT1G68905	0	2	0	0	0	0
AT1G68907	0	0	0	0	0	0
AT1G68910	300	307	303	257	234	237
AT1G68920	296	352	333	349	285	338
AT1G68930	40	27	28	66	36	47
AT1G68935	0	0	0	0	0	0
AT1G68937	0	0	0	0	0	0
AT1G68940	0	0	0	0	0	0
AT1G68945	159	262	175	181	279	217
AT1G68950	0	0	0	0	0	0
AT1G68960	0	0	0	0	0	0
AT1G68970	0	0	0	0	0	0
AT1G68980	101	97	111	99	82	101
AT1G68990	443	466	520	577	479	521
AT1G69000	0	0	0	0	0	0
AT1G69010	143	183	172	205	165	171
AT1G69020	61	62	62	79	66	101
AT1G69030	256	238	236	234	195	201
AT1G69040	127	156	159	271	280	289
AT1G69050	13	21	18	3	6	7
AT1G69060	179	190	233	216	188	193
AT1G69070	442	455	517	609	435	576
AT1G69080	21	16	9	21	17	17
AT1G69085	0	0	0	0	0	0
AT1G69090	0	0	0	0	0	0
AT1G69100	0	0	0	0	0	0
AT1G69120	1	1	2	2	0	1
AT1G69130	0	0	0	0	0	0
AT1G69150	7	16	17	3	2	2
AT1G69160	304	420	352	257	305	267
AT1G69170	61	68	68	85	80	77
AT1G69180	0	0	0	0	0	0
AT1G69190	0	0	0	0	0	0
AT1G69200	344	257	287	529	351	520
AT1G69210	60	53	50	84	72	57
AT1G69220	1012	1212	1072	944	769	872
AT1G69230	7	12	11	4	12	9
AT1G69240	3	7	6	1	2	4
AT1G69250	550	560	581	500	486	505
AT1G69252	373	446	338	541	534	451
AT1G69260	155	166	167	174	150	113
AT1G69270	34	36	30	44	34	35
AT1G69280	47	66	49	48	48	43
AT1G69290	61	74	65	84	49	76
AT1G69295	430	483	436	397	368	469
AT1G69300	0	0	0	0	0	0
AT1G69310	203	244	244	235	217	225
AT1G69320	4	3	6	4	11	4
AT1G69325	9	11	5	10	4	4
AT1G69330	88	108	99	117	100	114
AT1G69340	672	871	808	665	590	609
AT1G69350	25	18	14	26	25	28
AT1G69360	212	266	215	249	212	237
AT1G69370	74	92	83	84	89	82
AT1G69380	85	105	106	91	92	78
AT1G69390	498	599	498	523	535	501
AT1G69400	30	43	41	41	32	34
AT1G69410	925	1191	1096	848	830	840
AT1G69420	376	438	362	588	477	543
AT1G69430	11	3	4	5	4	2
AT1G69440	42	31	37	63	42	52
AT1G69450	664	853	770	839	565	718
AT1G69460	662	868	706	569	649	611
AT1G69470	0	0	0	0	0	0
AT1G69480	33	52	67	21	14	23
AT1G69485	9	8	8	7	4	5
AT1G69490	400	572	440	192	181	221
AT1G69500	0	0	0	0	0	0
AT1G69510	693	1008	839	941	950	879
AT1G69520	107	176	138	86	147	128
AT1G69523	52	54	45	62	75	70
AT1G69526	27	22	40	28	34	53
AT1G69530	782	762	675	1922	1138	1842
AT1G69540	9	5	1	11	8	8
AT1G69550	243	287	253	278	221	232
AT1G69560	0	0	0	2	2	2
AT1G69570	5	7	1	5	3	4
AT1G69572	0	0	1	0	0	0
AT1G69580	36	70	45	66	44	72
AT1G69587	69	90	59	89	86	94
AT1G69588	0	0	0	0	0	0
AT1G69600	24	11	20	17	11	30
AT1G69610	51	50	53	37	37	44
AT1G69620	2785	3589	2904	2431	3228	2793
AT1G69630	1	1	1	2	0	1
AT1G69640	484	549	502	344	336	323
AT1G69650	0	0	1	1	0	0
AT1G69660	0	0	0	0	0	0
AT1G69670	233	262	231	256	248	222
AT1G69680	114	158	157	99	110	108
AT1G69690	113	137	85	152	110	123
AT1G69700	62	98	83	66	75	122
AT1G69710	17	16	17	10	11	12
AT1G69720	3	6	3	9	2	5
AT1G69730	45	69	42	29	22	18
AT1G69740	2199	2436	2409	2082	1959	2022
AT1G69750	286	378	342	230	248	213
AT1G69760	475	596	463	270	326	313
AT1G69770	276	280	286	209	207	204
AT1G69780	261	391	276	288	284	314
AT1G69790	27	33	52	12	16	24
AT1G69792	0	0	0	0	0	0
AT1G69795	0	0	0	0	0	0
AT1G69797	0	0	0	0	0	0
AT1G69800	215	228	218	262	234	234
AT1G69810	224	318	299	200	171	159
AT1G69818	0	0	0	0	0	0
AT1G69820	0	0	0	0	0	0
AT1G69825	0	0	0	0	0	0
AT1G69828	0	0	0	1	0	0
AT1G69830	2141	2059	2204	2597	2098	2320
AT1G69840	870	1165	1140	423	587	432
AT1G69850	1152	1566	1393	1013	846	1035
AT1G69860	0	0	0	0	1	0
AT1G69870	958	1105	1052	610	450	510
AT1G69880	45	74	86	23	28	24
AT1G69890	1262	1873	1595	538	760	662
AT1G69900	199	236	229	120	118	118
AT1G69910	219	283	222	194	197	238
AT1G69920	841	1268	1441	70	47	72
AT1G69930	533	843	1067	15	9	11
AT1G69935	251	273	255	300	344	305
AT1G69940	0	0	0	0	0	0
AT1G69960	820	999	925	610	586	619
AT1G69970	5	7	13	18	16	25
AT1G69980	232	272	214	205	272	206
AT1G69990	0	0	1	0	0	0
AT1G70000	78	112	88	97	89	85
AT1G70020	9	17	7	10	11	7
AT1G70030	3	4	4	4	3	1
AT1G70040	0	0	0	0	0	1
AT1G70050	0	0	0	0	0	0
AT1G70060	765	900	930	690	546	669
AT1G70070	638	649	636	691	560	709
AT1G70080	0	0	0	1	0	0
AT1G70090	599	635	559	239	382	253
AT1G70100	997	1166	1019	752	827	754
AT1G70110	1	4	1	3	0	3
AT1G70120	0	0	0	0	0	0
AT1G70130	0	2	1	0	0	0
AT1G70140	140	195	187	114	106	105
AT1G70150	98	93	100	109	105	84
AT1G70160	1471	2071	1788	1501	1249	1362
AT1G70170	152	221	198	45	43	62
AT1G70175	0	0	0	0	0	0
AT1G70180	509	624	584	557	550	578
AT1G70185	2	2	8	0	1	1
AT1G70190	236	260	228	251	266	319
AT1G70200	543	493	460	580	655	635
AT1G70209	0	0	0	0	0	0
AT1G70210	36	45	49	97	64	112
AT1G70220	2	4	3	2	1	9
AT1G70230	116	167	118	156	154	144
AT1G70250	78	98	66	63	52	81
AT1G70260	0	0	0	0	0	0
AT1G70270	0	0	0	1	0	0
AT1G70280	414	473	413	422	353	450
AT1G70290	3686	4745	4267	2418	2774	2773
AT1G70300	520	628	606	528	442	568
AT1G70310	663	787	692	1001	1119	994
AT1G70320	3076	3655	3540	3721	2050	3332
AT1G70330	226	255	209	266	179	197
AT1G70335	0	0	0	0	0	0
AT1G70340	24	32	19	43	23	36
AT1G70350	105	135	140	120	151	143
AT1G70360	75	81	65	85	83	71
AT1G70370	213	212	205	312	220	308
AT1G70380	0	0	0	0	0	0
AT1G70390	0	3	2	0	0	1
AT1G70400	0	0	1	1	0	1
AT1G70410	1375	1641	1473	1302	1157	1197
AT1G70420	182	278	240	147	94	123
AT1G70430	35	42	53	46	39	44
AT1G70440	9	19	15	19	23	12
AT1G70450	1	3	13	4	2	2
AT1G70460	30	33	45	24	29	13
AT1G70470	1	2	4	8	4	11
AT1G70475	0	0	0	0	0	0
AT1G70480	291	328	296	411	388	412
AT1G70490	1850	1994	1716	1411	1535	1525
AT1G70500	15	7	32	10	2	2
AT1G70505	28	26	14	29	26	22
AT1G70510	28	34	31	34	34	57
AT1G70518	69	105	93	79	95	72
AT1G70520	812	865	858	470	384	474
AT1G70530	1415	1653	1563	693	611	708
AT1G70540	0	0	0	1	1	0
AT1G70550	38	47	60	74	60	91
AT1G70560	241	269	264	363	384	362
AT1G70570	1113	1244	1184	1096	1035	1075
AT1G70580	207	249	200	292	268	266
AT1G70581	19	19	26	16	8	11
AT1G70590	306	381	338	285	271	280
AT1G70600	4458	4944	4539	3781	4619	4703
AT1G70610	140	153	169	161	172	136
AT1G70620	1678	2326	1944	2256	2129	2178
AT1G70630	78	84	99	94	97	94
AT1G70640	0	0	1	0	0	0
AT1G70645	0	0	0	0	0	0
AT1G70650	33	24	28	42	44	32
AT1G70660	125	127	136	120	107	99
AT1G70670	62	79	75	79	48	80
AT1G70680	0	0	0	0	0	0
AT1G70690	100	89	123	131	115	112
AT1G70700	467	698	540	114	221	133
AT1G70710	145	183	184	197	161	209
AT1G70720	0	0	0	0	0	0
AT1G70730	791	861	795	961	753	920
AT1G70740	244	287	259	153	165	164
AT1G70750	292	325	321	245	223	220
AT1G70760	2	2	2	5	6	4
AT1G70770	2213	2543	2566	2023	1568	1819
AT1G70780	3795	4082	4052	2812	3169	2679
AT1G70790	63	72	62	85	76	90
AT1G70800	20	37	19	31	18	22
AT1G70810	211	334	330	168	188	172
AT1G70820	190	148	123	324	315	296
AT1G70830	1057	1771	1104	1438	2003	1569
AT1G70840	0	0	0	0	1	0
AT1G70850	626	476	486	3417	4187	3590
AT1G70860	10	6	4	28	32	25
AT1G70870	0	0	0	0	0	0
AT1G70880	40	17	30	158	125	119
AT1G70890	487	724	481	852	1038	848
AT1G70895	65	62	70	69	71	61
AT1G70900	64	121	87	123	134	116
AT1G70910	0	0	0	0	0	0
AT1G70920	25	43	41	9	6	10
AT1G70940	1259	1378	1128	1502	1040	1490
AT1G70944	0	0	0	0	0	0
AT1G70949	0	0	0	0	0	0
AT1G70950	51	81	57	62	38	54
AT1G70960	0	0	0	0	0	0
AT1G70970	0	0	0	0	0	0
AT1G70980	652	827	725	450	527	472
AT1G70985	6	5	9	5	6	7
AT1G70990	22	23	27	15	29	18
AT1G71000	4	1	0	0	2	1
AT1G71002	0	0	0	0	0	0
AT1G71010	1043	1413	1376	1276	933	1217
AT1G71015	15	18	9	14	9	4
AT1G71020	481	473	490	417	400	463
AT1G71030	828	1030	856	629	511	660
AT1G71040	516	601	503	349	252	334
AT1G71050	11	18	7	15	16	32
AT1G71060	40	34	27	66	67	42
AT1G71070	320	341	349	330	309	363
AT1G71080	670	910	775	734	822	642
AT1G71090	331	399	368	415	282	386
AT1G71100	350	477	512	268	343	254
AT1G71110	105	147	124	139	125	147
AT1G71120	0	0	0	2	1	1
AT1G71130	122	156	117	93	127	105
AT1G71140	337	457	465	127	108	129
AT1G71150	0	1	1	0	0	0
AT1G71160	0	0	1	0	0	0
AT1G71170	319	411	348	311	344	303
AT1G71180	94	126	93	169	190	161
AT1G71190	221	230	243	220	171	169
AT1G71200	15	25	13	19	51	32
AT1G71210	230	261	253	249	218	234
AT1G71220	1898	2022	1811	1844	1148	1854
AT1G71230	28	54	25	51	46	54
AT1G71235	0	0	0	1	0	0
AT1G71240	352	441	393	337	316	346
AT1G71250	3	0	0	0	1	0
AT1G71260	250	246	224	346	345	358
AT1G71270	504	548	518	493	427	528
AT1G71280	3	10	7	7	3	3
AT1G71290	0	0	0	0	0	0
AT1G71300	0	0	0	0	0	0
AT1G71310	115	135	119	157	137	128
AT1G71320	0	0	0	0	0	0
AT1G71330	37	53	39	24	46	19
AT1G71340	170	258	226	222	269	211
AT1G71350	313	313	326	329	302	313
AT1G71360	186	199	191	202	205	160
AT1G71370	4	1	0	0	2	0
AT1G71380	1	1	1	1	0	1
AT1G71390	0	0	3	0	0	0
AT1G71400	387	468	538	271	212	281
AT1G71410	1343	1390	1382	1460	1070	1421
AT1G71420	28	17	14	33	20	41
AT1G71430	58	57	59	57	75	63
AT1G71440	235	290	253	269	237	228
AT1G71450	0	0	0	0	0	0
AT1G71460	91	104	103	154	124	141
AT1G71470	0	0	0	0	0	0
AT1G71480	23	27	33	32	56	47
AT1G71490	26	16	17	27	16	31
AT1G71500	2035	2404	2232	1885	2309	1973
AT1G71520	127	177	200	1	7	1
AT1G71528	1	0	1	0	0	0
AT1G71530	0	0	0	0	0	0
AT1G71680	0	0	0	0	0	0
AT1G71690	0	0	0	0	0	0
AT1G71691	1	3	1	0	2	2
AT1G71692	8	12	8	24	20	37
AT1G71695	1248	1442	1328	1805	1440	1595
AT1G71696	146	161	136	154	140	190
AT1G71697	410	569	612	304	301	316
AT1G71700	0	0	0	0	0	0
AT1G71710	263	299	252	303	229	255
AT1G71720	498	541	495	585	648	640
AT1G71730	592	718	641	579	695	620
AT1G71740	5	11	6	25	27	13
AT1G71750	107	122	98	117	103	109
AT1G71760	6	15	16	13	11	7
AT1G71770	6	4	0	7	2	2
AT1G71780	241	277	291	245	246	201
AT1G71790	141	155	132	136	169	147
AT1G71800	185	235	246	205	184	182
AT1G71810	197	249	217	279	290	265
AT1G71820	1300	1466	1366	1105	1030	993
AT1G71828	0	0	0	0	0	0
AT1G71830	107	126	104	127	119	136
AT1G71840	613	683	686	630	563	556
AT1G71850	62	76	58	81	71	89
AT1G71860	863	996	1000	802	740	677
AT1G71865	72	84	86	74	75	90
AT1G71866	3	2	0	1	1	3
AT1G71870	13	24	15	16	26	34
AT1G71880	1578	1783	1575	856	894	1069
AT1G71890	2	3	0	1	1	5
AT1G71900	368	397	304	320	278	320
AT1G71910	10	21	20	18	16	18
AT1G71920	0	0	1	1	0	0
AT1G71930	5	5	2	7	0	0
AT1G71940	120	131	127	123	94	100
AT1G71950	243	347	335	283	353	254
AT1G71960	69	89	84	92	73	107
AT1G71970	384	528	367	497	589	411
AT1G71980	1051	1242	1013	1180	1150	1086
AT1G71990	48	74	57	65	71	75
AT1G72000	5	5	3	1	2	2
AT1G72010	691	802	767	761	692	654
AT1G72020	950	1173	986	977	1250	1012
AT1G72030	27	41	32	56	71	48
AT1G72040	409	393	420	598	468	563
AT1G72050	558	657	654	587	574	636
AT1G72060	3	5	7	0	5	5
AT1G72070	32	36	45	20	7	10
AT1G72080	0	0	1	0	0	1
AT1G72090	391	401	401	450	444	514
AT1G72100	2	0	5	2	1	5
AT1G72110	0	0	0	0	0	0
AT1G72120	23	26	24	20	18	14
AT1G72125	6	10	3	4	4	10
AT1G72130	268	350	260	369	377	339
AT1G72140	18	15	9	16	12	23
AT1G72141	0	0	0	0	0	0
AT1G72150	11551	13533	11216	11895	10496	10676
AT1G72160	1048	1114	886	1387	1079	1132
AT1G72170	262	321	189	217	282	247
AT1G72175	143	218	166	204	191	164
AT1G72180	313	335	283	638	545	560
AT1G72190	106	137	133	164	164	175
AT1G72200	10	16	13	63	53	79
AT1G72210	15	21	22	20	31	18
AT1G72220	5	8	4	10	7	10
AT1G72230	5	13	14	24	27	20
AT1G72240	3	2	7	2	3	0
AT1G72250	38	54	60	89	40	71
AT1G72260	0	0	0	1	0	0
AT1G72270	0	1	2	2	3	3
AT1G72275	37	38	42	54	49	48
AT1G72280	100	120	136	45	57	53
AT1G72290	0	0	0	0	0	0
AT1G72300	260	231	252	264	231	279
AT1G72310	77	105	80	107	95	118
AT1G72320	519	510	456	564	391	573
AT1G72330	296	370	301	319	300	280
AT1G72340	423	449	386	440	471	403
AT1G72350	0	0	0	0	0	0
AT1G72360	140	195	178	186	221	190
AT1G72370	4059	4173	4295	3791	4639	4469
AT1G72390	692	782	756	744	502	680
AT1G72410	923	960	909	1106	928	1093
AT1G72416	295	326	265	242	400	242
AT1G72420	67	91	74	108	117	73
AT1G72430	379	467	400	298	540	227
AT1G72440	742	720	703	1022	806	1018
AT1G72450	533	835	759	379	341	308
AT1G72460	0	0	0	0	0	0
AT1G72470	94	124	112	98	85	96
AT1G72480	220	228	201	308	194	271
AT1G72490	41	39	33	20	22	17
AT1G72500	246	311	247	295	281	316
AT1G72510	390	529	424	445	676	459
AT1G72520	313	453	575	26	27	19
AT1G72530	35	57	46	48	44	57
AT1G72540	32	30	41	20	20	25
AT1G72545	0	0	0	0	1	0
AT1G72550	769	804	819	846	729	813
AT1G72560	353	397	397	423	362	397
AT1G72570	1	0	0	0	0	0
AT1G72580	0	0	0	0	0	0
AT1G72590	1	1	0	0	1	3
AT1G72600	5	1	5	4	7	6
AT1G72610	1	2	0	2	0	1
AT1G72620	1	1	0	3	0	3
AT1G72630	133	169	156	149	170	135
AT1G72640	443	480	450	464	688	493
AT1G72645	161	199	146	278	313	229
AT1G72650	474	624	575	561	545	556
AT1G72660	4	3	3	2	4	3
AT1G72670	34	40	38	58	34	53
AT1G72680	2417	3061	3117	836	936	614
AT1G72690	54	87	74	44	68	55
AT1G72700	665	729	724	703	499	628
AT1G72710	2499	3166	2889	2661	2408	2427
AT1G72720	3	5	0	5	3	2
AT1G72730	84	120	109	124	118	145
AT1G72740	283	324	294	289	298	288
AT1G72750	546	623	598	426	598	517
AT1G72755	0	0	0	0	0	0
AT1G72760	9	17	23	3	10	4
AT1G72770	359	494	530	213	209	235
AT1G72780	0	0	0	0	0	0
AT1G72790	139	226	211	194	207	181
AT1G72800	23	31	24	17	8	16
AT1G72810	146	196	173	288	192	258
AT1G72820	522	590	574	527	631	578
AT1G72830	82	85	85	95	81	110
AT1G72840	162	175	189	189	121	148
AT1G72850	21	26	13	23	4	10
AT1G72852	11	16	10	27	12	17
AT1G72855	0	0	0	0	2	0
AT1G72860	5	2	3	10	3	5
AT1G72870	36	53	36	63	25	51
AT1G72880	354	406	421	389	311	336
AT1G72890	76	130	101	54	73	63
AT1G72900	1912	2644	2799	364	535	308
AT1G72910	64	80	69	64	91	17
AT1G72920	135	214	239	52	68	39
AT1G72930	321	559	516	147	275	128
AT1G72940	391	588	562	115	191	126
AT1G72950	13	27	20	10	8	11
AT1G72960	10	4	12	2	5	4
AT1G72970	110	132	125	239	171	261
AT1G72980	0	0	0	0	0	0
AT1G72990	167	236	189	235	202	257
AT1G73000	0	1	0	0	0	0
AT1G73010	99	164	145	1	3	1
AT1G73020	158	156	152	180	131	168
AT1G73030	493	689	546	486	553	432
AT1G73040	1	5	11	1	2	1
AT1G73050	0	0	0	0	0	1
AT1G73060	818	947	809	961	980	880
AT1G73065	0	0	1	1	0	0
AT1G73066	32	24	38	12	16	18
AT1G73080	610	807	974	253	192	246
AT1G73090	199	230	219	258	279	266
AT1G73100	208	278	273	305	246	306
AT1G73110	829	866	772	807	860	728
AT1G73120	227	196	156	471	440	191
AT1G73130	105	132	123	144	111	128
AT1G73140	1	1	3	4	1	2
AT1G73150	66	59	56	77	76	86
AT1G73160	0	4	1	2	1	0
AT1G73165	0	0	2	1	0	0
AT1G73170	378	400	332	465	481	435
AT1G73177	45	33	49	53	52	66
AT1G73180	463	460	507	515	437	516
AT1G73190	0	0	9	2	8	7
AT1G73200	432	506	525	448	398	443
AT1G73210	23	43	25	37	51	52
AT1G73220	0	0	5	3	7	1
AT1G73230	1402	1568	1448	1489	1681	1567
AT1G73240	195	226	190	229	203	234
AT1G73250	142	190	182	151	135	161
AT1G73260	2039	2304	2805	1473	1336	1332
AT1G73270	34	37	45	33	35	35
AT1G73280	72	73	76	45	70	60
AT1G73290	13	9	9	9	11	14
AT1G73300	20	13	11	13	24	13
AT1G73310	78	108	97	127	139	104
AT1G73320	113	157	133	128	106	157
AT1G73325	0	0	0	0	0	0
AT1G73330	111	118	122	1022	593	791
AT1G73340	3	2	5	16	1	6
AT1G73350	317	431	351	373	496	360
AT1G73360	20	19	14	26	17	34
AT1G73370	32	26	43	44	23	31
AT1G73380	251	273	256	269	267	255
AT1G73390	161	182	174	191	167	220
AT1G73400	48	55	54	70	67	49
AT1G73410	12	14	8	21	25	11
AT1G73430	569	592	633	545	428	546
AT1G73440	70	93	70	65	63	65
AT1G73450	109	132	157	167	90	143
AT1G73460	492	465	509	524	308	514
AT1G73470	320	342	319	406	440	396
AT1G73480	107	118	131	95	104	105
AT1G73490	560	720	604	652	713	661
AT1G73500	972	1243	957	524	669	416
AT1G73510	0	5	1	0	1	1
AT1G73530	194	205	166	165	246	227
AT1G73540	218	289	331	93	92	174
AT1G73550	1	1	0	0	2	1
AT1G73560	0	0	0	0	1	0
AT1G73570	48	34	41	68	73	68
AT1G73580	3	3	1	6	3	1
AT1G73590	20	25	43	70	52	103
AT1G73600	246	240	247	264	275	330
AT1G73603	0	0	0	0	0	0
AT1G73607	0	0	0	0	0	2
AT1G73610	0	1	0	0	1	1
AT1G73620	14	13	29	48	52	61
AT1G73630	25	34	22	44	28	40
AT1G73640	6	6	5	23	18	15
AT1G73650	199	282	227	235	241	252
AT1G73655	731	839	740	971	1111	897
AT1G73660	604	827	704	675	602	666
AT1G73670	432	540	470	300	233	265
AT1G73680	536	621	454	517	402	449
AT1G73687	0	1	0	0	1	4
AT1G73690	9	24	24	20	26	16
AT1G73700	0	1	0	2	4	4
AT1G73710	172	155	168	242	199	210
AT1G73720	267	321	292	322	256	316
AT1G73730	517	587	677	298	252	272
AT1G73740	204	217	255	134	121	119
AT1G73750	100	124	103	146	103	125
AT1G73760	222	271	222	228	230	241
AT1G73770	33	42	34	46	39	56
AT1G73780	2	2	0	2	3	1
AT1G73790	0	0	1	0	2	0
AT1G73805	167	312	398	75	111	62
AT1G73810	95	164	210	24	40	28
AT1G73820	192	224	190	217	223	212
AT1G73830	424	572	466	859	651	680
AT1G73840	526	563	558	613	571	576
AT1G73850	70	52	51	68	55	100
AT1G73860	11	5	20	11	4	5
AT1G73870	10	9	2	13	12	1
AT1G73875	98	116	105	130	122	141
AT1G73880	158	203	247	149	142	153
AT1G73885	2091	2347	1880	2523	2823	2439
AT1G73890	28	28	20	22	21	21
AT1G73900	0	0	0	0	0	0
AT1G73910	9	7	12	10	7	8
AT1G73920	1026	1223	1177	907	915	905
AT1G73930	322	310	284	301	275	308
AT1G73940	313	314	330	365	404	407
AT1G73950	236	283	270	250	294	269
AT1G73960	662	807	757	883	711	843
AT1G73965	1	12	10	1	5	2
AT1G73970	196	216	218	285	203	227
AT1G73980	685	821	744	712	632	639
AT1G73990	764	848	855	791	659	735
AT1G74000	44	63	78	16	8	17
AT1G74010	206	255	285	27	25	56
AT1G74020	458	583	639	318	251	337
AT1G74030	569	712	723	438	345	403
AT1G74035	0	0	0	0	0	0
AT1G74040	473	527	535	474	453	510
AT1G74045	0	0	0	0	0	0
AT1G74050	2018	2341	2073	2126	2388	2346
AT1G74055	0	0	0	0	0	0
AT1G74060	1612	1788	1671	1500	1794	1700
AT1G74070	213	203	193	238	243	259
AT1G74080	144	272	267	23	17	30
AT1G74088	17	25	20	20	33	29
AT1G74090	68	71	100	93	93	135
AT1G74100	1282	1900	1998	366	386	379
AT1G74110	0	1	0	3	1	0
AT1G74120	59	65	69	64	61	69
AT1G74130	0	1	0	0	0	0
AT1G74140	1	4	2	0	0	0
AT1G74150	11	25	19	13	11	21
AT1G74160	227	268	228	308	243	331
AT1G74170	196	251	225	249	232	247
AT1G74180	86	95	98	155	123	132
AT1G74190	0	0	4	0	0	1
AT1G74200	23	15	25	18	21	19
AT1G74205	0	0	1	0	1	2
AT1G74210	82	113	98	112	121	101
AT1G74220	0	0	0	0	0	1
AT1G74230	1217	1336	1281	1232	1227	1296
AT1G74240	58	60	48	76	72	77
AT1G74250	711	860	885	657	662	657
AT1G74260	904	927	1026	1242	936	1136
AT1G74270	820	1056	907	737	1023	815
AT1G74280	85	93	98	92	73	77
AT1G74290	6	4	3	12	10	10
AT1G74300	33	43	47	38	50	42
AT1G74310	295	263	326	130	131	161
AT1G74320	307	373	332	415	416	340
AT1G74330	508	498	515	190	140	163
AT1G74340	201	226	254	143	170	147
AT1G74350	50	66	71	44	29	50
AT1G74360	547	683	802	117	91	99
AT1G74370	105	86	112	150	120	147
AT1G74380	525	532	518	505	438	481
AT1G74385	0	0	0	0	0	0
AT1G74390	115	100	94	108	109	95
AT1G74400	11	12	21	13	17	11
AT1G74410	113	137	101	135	96	143
AT1G74420	7	4	4	7	4	7
AT1G74430	4	15	17	19	10	24
AT1G74440	23	38	29	18	31	24
AT1G74450	150	210	200	109	132	94
AT1G74453	42	79	53	72	72	71
AT1G74456	24	24	25	20	29	15
AT1G74458	19	20	20	84	53	73
AT1G74460	86	73	112	123	94	104
AT1G74470	3253	3479	3341	5614	5477	5179
AT1G74480	0	0	0	0	0	0
AT1G74490	8	11	9	14	11	14
AT1G74500	4	6	4	8	19	13
AT1G74510	185	257	238	195	260	228
AT1G74520	284	381	279	445	420	381
AT1G74530	110	170	131	132	121	143
AT1G74540	0	0	0	0	0	0
AT1G74545	3	2	3	5	4	6
AT1G74550	0	0	0	1	0	0
AT1G74560	746	631	595	901	816	973
AT1G74570	0	0	0	0	0	0
AT1G74580	84	109	79	141	88	127
AT1G74590	266	402	404	206	172	256
AT1G74600	58	53	37	63	52	47
AT1G74610	0	0	0	0	0	0
AT1G74620	0	0	0	0	0	0
AT1G74630	15	14	27	31	22	43
AT1G74640	502	511	538	334	288	372
AT1G74650	143	245	226	108	87	76
AT1G74660	57	60	57	85	75	67
AT1G74670	313	351	274	1008	770	796
AT1G74675	2	1	3	4	2	3
AT1G74680	188	209	161	190	176	177
AT1G74690	471	524	502	650	508	652
AT1G74700	54	79	53	60	53	67
AT1G74710	198	414	596	85	131	87
AT1G74720	400	446	448	418	352	465
AT1G74730	424	426	317	471	620	475
AT1G74740	434	513	501	327	372	321
AT1G74750	286	358	378	141	101	156
AT1G74770	29	94	64	54	111	51
AT1G74780	192	226	215	183	147	177
AT1G74790	2352	2669	2763	1549	1490	1421
AT1G74800	192	201	152	224	199	226
AT1G74810	64	63	66	33	30	29
AT1G74820	0	0	0	0	0	0
AT1G74830	2	0	4	2	2	3
AT1G74840	709	867	707	916	871	986
AT1G74850	684	557	595	793	753	839
AT1G74860	94	116	94	97	123	79
AT1G74870	11	17	10	14	11	10
AT1G74875	5	5	7	8	9	2
AT1G74880	480	469	465	764	875	783
AT1G74890	0	2	2	11	10	8
AT1G74900	17	25	26	23	15	24
AT1G74910	1847	1986	1783	1840	1798	1707
AT1G74920	1570	1870	1714	1849	1791	1763
AT1G74929	0	0	0	0	0	0
AT1G74930	11	27	16	10	32	27
AT1G74940	324	465	361	559	432	505
AT1G74950	313	354	329	227	237	233
AT1G74960	2086	2448	2288	2245	2000	2088
AT1G74970	1694	1631	1738	1856	2110	1916
AT1G74990	0	0	0	0	0	0
AT1G75000	35	82	79	60	30	43
AT1G75010	286	336	307	400	305	382
AT1G75020	253	332	321	156	143	136
AT1G75030	19	15	16	26	24	31
AT1G75040	25	35	44	36	23	26
AT1G75050	0	0	1	2	1	2
AT1G75060	16	21	23	20	11	29
AT1G75070	0	0	0	0	0	0
AT1G75080	335	377	347	336	308	358
AT1G75090	22	20	22	31	14	20
AT1G75100	64	84	55	78	100	80
AT1G75110	19	29	25	21	23	24
AT1G75120	68	79	93	112	110	104
AT1G75125	26	25	26	45	34	45
AT1G75130	178	277	251	241	203	194
AT1G75140	124	143	147	138	128	156
AT1G75150	120	132	109	96	94	95
AT1G75160	0	4	7	2	3	0
AT1G75163	1	4	1	0	0	2
AT1G75166	11	24	13	11	21	13
AT1G75170	339	524	496	201	231	184
AT1G75180	383	443	381	409	417	472
AT1G75190	97	152	106	158	171	167
AT1G75200	548	579	543	613	514	589
AT1G75210	498	506	537	500	430	471
AT1G75220	2531	3239	2966	1807	1624	1550
AT1G75230	160	192	210	163	155	156
AT1G75240	460	513	488	727	716	783
AT1G75250	0	2	1	3	1	1
AT1G75260	3	8	12	9	2	9
AT1G75270	872	1148	1062	472	749	563
AT1G75280	124	195	215	176	166	153
AT1G75290	9	15	17	17	14	15
AT1G75295	4	9	5	11	11	10
AT1G75300	1	0	0	1	0	0
AT1G75310	444	493	477	575	415	530
AT1G75330	1184	1343	1381	1043	1061	1049
AT1G75335	47	76	48	69	80	47
AT1G75340	230	284	301	269	251	270
AT1G75350	2281	2521	2237	2228	2861	2255
AT1G75360	11	13	8	11	8	14
AT1G75370	545	630	535	554	556	491
AT1G75380	2161	3423	2243	2890	3080	2455
AT1G75390	104	107	105	89	106	101
AT1G75400	402	490	469	389	336	347
AT1G75410	483	598	528	399	349	373
AT1G75420	230	269	242	302	299	262
AT1G75430	11	11	9	20	9	16
AT1G75440	224	264	264	235	225	218
AT1G75450	33	42	58	30	36	32
AT1G75460	225	283	216	489	521	371
AT1G75470	0	0	0	0	0	0
AT1G75490	45	62	46	64	40	68
AT1G75500	1010	1058	922	1262	933	1124
AT1G75510	332	407	336	339	333	325
AT1G75520	26	27	32	32	33	38
AT1G75530	0	1	0	0	0	1
AT1G75540	923	1106	894	1258	1049	1107
AT1G75550	5	9	8	8	11	5
AT1G75560	410	540	433	434	523	463
AT1G75570	0	0	0	0	0	0
AT1G75580	13	20	26	33	34	39
AT1G75590	17	22	24	19	35	22
AT1G75600	0	2	3	2	3	0
AT1G75620	2	7	4	5	1	3
AT1G75630	1246	1446	1226	1271	1493	1205
AT1G75640	67	63	89	66	72	125
AT1G75650	0	0	0	0	0	0
AT1G75660	1479	1606	1734	1569	1187	1449
AT1G75670	134	152	128	175	172	171
AT1G75680	743	794	705	860	733	865
AT1G75690	310	357	308	481	672	451
AT1G75700	7	6	4	6	0	0
AT1G75710	108	177	122	191	151	208
AT1G75717	0	0	0	0	0	0
AT1G75720	2	2	0	3	4	5
AT1G75730	217	255	197	201	171	198
AT1G75740	0	0	0	0	0	0
AT1G75750	10630	13186	8417	6408	14105	6369
AT1G75760	468	525	499	373	442	352
AT1G75770	44	62	33	46	97	52
AT1G75780	141	149	130	267	125	190
AT1G75785	0	0	0	0	0	0
AT1G75790	0	0	0	0	0	0
AT1G75800	1298	1619	1297	1542	1857	1584
AT1G75810	121	136	125	105	100	88
AT1G75820	471	606	521	824	723	780
AT1G75830	52	58	193	3	15	40
AT1G75840	481	517	461	505	530	489
AT1G75850	716	840	825	720	581	645
AT1G75860	222	302	275	283	339	267
AT1G75870	0	0	0	0	0	0
AT1G75880	109	107	97	90	94	92
AT1G75890	0	0	1	0	0	2
AT1G75891	2	1	0	0	1	1
AT1G75900	96	113	70	108	72	93
AT1G75910	0	0	0	0	0	0
AT1G75920	1	0	1	1	2	1
AT1G75930	0	0	0	0	0	0
AT1G75940	0	0	0	0	0	0
AT1G75945	2	1	4	3	11	1
AT1G75950	2530	3110	2817	2544	2982	2295
AT1G75960	67	84	72	158	160	120
AT1G75970	0	0	0	0	0	0
AT1G75980	84	115	89	101	95	116
AT1G75990	325	359	353	303	275	289
AT1G76000	0	0	0	0	0	0
AT1G76010	2926	3445	3158	3351	3470	3414
AT1G76020	155	209	161	272	305	257
AT1G76030	1913	2406	2258	2191	2107	2004
AT1G76040	139	159	174	51	34	46
AT1G76050	322	335	298	384	370	359
AT1G76060	148	164	196	140	164	163
AT1G76062	0	0	0	0	0	0
AT1G76065	27	39	16	21	21	26
AT1G76070	261	413	514	75	79	75
AT1G76080	540	619	595	709	853	707
AT1G76090	401	417	479	346	445	329
AT1G76100	202	246	211	276	363	327
AT1G76110	36	60	43	58	66	73
AT1G76120	115	100	86	117	92	113
AT1G76130	123	168	161	121	88	107
AT1G76135	2	0	2	3	0	1
AT1G76140	1036	1119	1074	963	716	910
AT1G76150	717	1009	883	551	666	525
AT1G76160	3732	3624	3579	3229	3424	3040
AT1G76170	107	103	93	124	131	118
AT1G76180	3409	4600	3481	4624	4803	4114
AT1G76185	57	69	69	64	80	62
AT1G76190	8	9	4	4	10	4
AT1G76200	1042	1331	1127	1125	1415	1108
AT1G76210	0	1	4	0	1	0
AT1G76220	6	5	4	1	4	1
AT1G76230	1	0	1	2	2	0
AT1G76240	31	25	23	67	50	63
AT1G76250	22	44	28	13	9	18
AT1G76260	174	230	224	168	158	176
AT1G76270	200	265	243	237	177	225
AT1G76280	173	184	178	226	192	254
AT1G76290	0	0	0	0	0	0
AT1G76300	298	295	273	321	426	322
AT1G76310	38	43	61	70	38	57
AT1G76320	272	272	253	313	260	271
AT1G76330	0	0	0	0	0	0
AT1G76340	214	237	207	168	172	163
AT1G76350	105	127	138	124	167	141
AT1G76360	267	395	291	273	285	225
AT1G76370	0	0	0	0	0	0
AT1G76380	144	187	172	155	175	202
AT1G76390	79	74	73	48	61	67
AT1G76400	602	717	736	667	525	673
AT1G76405	113	134	110	150	133	128
AT1G76410	146	167	110	155	119	187
AT1G76420	0	7	1	6	3	11
AT1G76430	10	8	14	10	12	8
AT1G76440	55	50	76	44	51	58
AT1G76450	346	380	350	404	503	435
AT1G76460	372	460	415	498	468	526
AT1G76465	0	0	0	0	0	0
AT1G76470	22	39	37	15	14	14
AT1G76480	4	7	5	0	8	1
AT1G76490	6223	8094	7023	6814	7333	5852
AT1G76500	27	30	34	39	58	62
AT1G76510	295	391	357	338	369	356
AT1G76520	4478	6407	5602	1955	2652	1646
AT1G76530	9	10	13	6	10	7
AT1G76540	73	76	78	135	91	123
AT1G76550	291	326	380	289	205	271
AT1G76560	369	471	464	302	288	297
AT1G76570	65	81	69	71	77	97
AT1G76580	371	472	442	394	305	358
AT1G76590	519	757	586	335	332	369
AT1G76600	680	957	1188	105	144	111
AT1G76610	0	3	0	1	0	3
AT1G76620	10	12	15	16	32	26
AT1G76630	380	414	387	492	385	475
AT1G76640	4	7	5	0	2	2
AT1G76650	337	548	490	58	114	73
AT1G76660	406	500	438	489	421	495
AT1G76670	987	1096	996	953	984	1002
AT1G76680	8853	12144	11677	2561	3147	2237
AT1G76690	863	1123	1107	426	446	329
AT1G76700	700	919	861	393	309	348
AT1G76705	71	105	94	56	61	50
AT1G76710	381	452	431	321	359	318
AT1G76720	132	121	95	142	113	152
AT1G76728	0	0	0	0	0	0
AT1G76730	408	523	388	410	504	450
AT1G76740	24	15	9	27	20	34
AT1G76750	0	0	0	0	0	0
AT1G76760	53	51	51	37	42	55
AT1G76770	2	2	1	3	0	0
AT1G76780	22	28	14	41	25	33
AT1G76790	117	139	128	264	166	187
AT1G76800	13	21	26	28	16	16
AT1G76810	2465	2717	2920	2484	1757	2142
AT1G76820	94	127	119	148	100	116
AT1G76830	0	0	0	0	0	0
AT1G76840	0	0	0	0	0	0
AT1G76850	1263	1507	1384	1489	995	1315
AT1G76860	560	822	609	667	775	575
AT1G76870	35	22	22	29	20	32
AT1G76878	24	25	26	32	19	22
AT1G76880	0	0	0	0	0	0
AT1G76890	855	1061	847	1024	909	904
AT1G76892	1	3	0	4	6	2
AT1G76900	448	511	561	395	393	435
AT1G76910	0	2	0	0	1	0
AT1G76920	370	436	445	342	397	345
AT1G76930	26551	28486	37330	20848	10283	20274
AT1G76940	262	321	303	232	269	226
AT1G76950	474	505	528	475	359	443
AT1G76952	0	2	4	10	6	6
AT1G76954	0	0	0	0	0	0
AT1G76955	0	3	1	2	3	0
AT1G76960	1	4	1	3	3	2
AT1G76965	3	2	3	1	0	1
AT1G76970	299	458	500	181	154	151
AT1G76980	183	252	259	104	75	102
AT1G76990	2635	3762	3146	2420	2822	2377
AT1G76994	0	0	0	0	0	0
AT1G77000	124	176	174	132	137	120
AT1G77010	22	23	8	21	13	23
AT1G77020	120	117	99	146	102	127
AT1G77030	448	439	472	660	556	686
AT1G77040	0	0	0	0	0	0
AT1G77060	276	270	248	292	298	249
AT1G77080	593	756	697	780	834	724
AT1G77090	137	151	130	192	173	163
AT1G77093	0	0	0	0	0	0
AT1G77100	0	0	3	0	4	2
AT1G77110	8	10	16	37	11	36
AT1G77120	1083	1866	2005	237	911	193
AT1G77122	93	138	117	122	177	152
AT1G77130	366	399	455	428	413	367
AT1G77138	10	6	3	11	13	12
AT1G77140	305	337	274	298	234	300
AT1G77145	50	57	61	58	37	69
AT1G77150	0	0	2	0	0	0
AT1G77160	0	0	0	1	2	0
AT1G77170	60	63	74	73	76	81
AT1G77180	2271	2613	2606	2487	2478	2177
AT1G77190	0	0	0	0	0	0
AT1G77200	8	6	6	16	14	7
AT1G77210	819	1077	849	661	736	749
AT1G77220	415	498	501	383	352	372
AT1G77230	35	56	53	67	50	68
AT1G77235	1	1	1	3	2	0
AT1G77240	0	0	0	0	0	0
AT1G77250	124	155	141	127	129	158
AT1G77260	418	482	470	398	333	392
AT1G77270	62	67	61	69	68	68
AT1G77280	140	247	207	116	137	116
AT1G77290	84	110	93	98	110	124
AT1G77300	704	662	709	673	458	684
AT1G77310	59	77	65	97	91	78
AT1G77320	195	256	207	253	211	242
AT1G77330	137	123	174	222	228	206
AT1G77340	3	1	0	0	0	0
AT1G77350	239	236	243	255	308	285
AT1G77360	42	38	31	28	25	29
AT1G77370	378	564	475	300	395	308
AT1G77380	265	303	285	268	178	307
AT1G77390	27	19	15	22	17	22
AT1G77400	32	41	34	58	55	51
AT1G77405	16	14	16	27	23	18
AT1G77410	64	58	59	46	49	43
AT1G77420	117	135	108	105	124	112
AT1G77440	357	518	432	456	479	438
AT1G77450	487	605	601	165	227	198
AT1G77460	243	281	255	309	183	302
AT1G77470	185	212	176	253	246	264
AT1G77480	364	362	333	424	394	398
AT1G77490	640	771	649	862	799	777
AT1G77500	315	452	476	182	150	155
AT1G77510	1301	1039	1089	558	426	670
AT1G77520	2	3	3	44	25	45
AT1G77525	0	3	0	0	0	4
AT1G77530	6	0	2	41	35	43
AT1G77540	238	306	279	220	227	167
AT1G77550	254	281	239	300	263	294
AT1G77560	0	0	0	0	0	0
AT1G77570	21	29	24	22	19	10
AT1G77580	162	163	158	224	174	225
AT1G77590	478	486	487	542	465	558
AT1G77600	296	367	322	388	239	329
AT1G77610	384	422	413	384	368	376
AT1G77620	168	174	182	178	149	201
AT1G77630	96	86	89	131	122	151
AT1G77640	29	26	13	10	14	7
AT1G77650	0	0	0	0	0	0
AT1G77655	0	0	0	0	0	0
AT1G77660	108	151	160	63	70	69
AT1G77670	276	318	315	235	209	287
AT1G77680	331	377	459	518	375	473
AT1G77682	0	0	0	0	0	0
AT1G77690	292	291	353	620	324	548
AT1G77700	7	8	11	10	10	12
AT1G77710	768	1116	913	884	907	817
AT1G77720	86	113	90	96	85	105
AT1G77730	2	5	2	5	6	7
AT1G77740	552	593	598	627	463	587
AT1G77750	188	208	196	201	218	216
AT1G77760	11570	10519	11285	16964	11941	12782
AT1G77765	8	2	3	6	2	10
AT1G77770	228	318	243	227	201	238
AT1G77780	0	0	0	0	0	0
AT1G77790	0	0	0	6	1	0
AT1G77800	795	952	919	996	698	923
AT1G77810	210	216	236	167	188	176
AT1G77815	0	0	0	0	0	0
AT1G77830	0	0	0	0	0	0
AT1G77840	699	771	865	643	585	634
AT1G77850	168	151	166	204	187	198
AT1G77855	9	5	6	9	8	7
AT1G77860	10	11	5	11	18	10
AT1G77870	14	13	9	26	21	26
AT1G77880	1	2	1	9	3	2
AT1G77885	123	152	138	198	197	198
AT1G77890	204	269	254	154	153	177
AT1G77910	0	0	0	0	0	0
AT1G77920	423	660	515	518	521	601
AT1G77930	387	559	383	446	453	391
AT1G77932	0	0	0	2	0	0
AT1G77940	1539	1662	1687	1266	1602	1616
AT1G77950	0	0	1	0	2	1
AT1G77960	0	1	0	0	0	0
AT1G77980	0	0	0	0	0	2
AT1G77990	123	151	154	159	149	209
AT1G77992	0	0	0	0	0	0
AT1G78000	638	725	737	725	634	863
AT1G78010	392	426	382	480	510	511
AT1G78020	643	1196	708	910	1428	939
AT1G78030	2	4	3	4	1	1
AT1G78040	3481	4147	3461	3625	3974	3684
AT1G78050	167	190	205	117	105	117
AT1G78060	121	128	141	260	193	255
AT1G78070	59	78	51	99	80	72
AT1G78080	2075	2591	2329	2750	2879	2806
AT1G78090	26	10	12	54	20	33
AT1G78100	205	310	251	304	393	291
AT1G78110	93	105	113	129	87	117
AT1G78120	18	28	18	32	31	53
AT1G78130	2	6	8	7	7	6
AT1G78140	471	586	536	467	531	472
AT1G78150	925	1142	1029	1127	1246	1075
AT1G78160	0	1	1	0	0	0
AT1G78170	182	238	174	280	239	231
AT1G78172	18	13	12	16	11	6
AT1G78180	164	138	112	178	196	218
AT1G78190	28	55	35	44	58	39
AT1G78200	178	255	223	216	232	192
AT1G78206	0	1	0	2	0	6
AT1G78210	124	145	133	154	121	144
AT1G78220	0	0	0	0	0	0
AT1G78230	21	20	12	29	23	29
AT1G78240	1783	2118	2099	1841	1621	1810
AT1G78250	0	0	0	0	0	0
AT1G78260	149	163	153	132	147	188
AT1G78265	0	0	0	0	0	0
AT1G78270	0	0	0	0	0	0
AT1G78280	468	633	621	429	354	393
AT1G78290	65	99	86	116	114	130
AT1G78300	1459	1632	1645	1557	1434	1467
AT1G78310	198	213	231	117	126	137
AT1G78320	8	19	8	15	12	14
AT1G78340	164	132	196	187	219	202
AT1G78360	0	0	1	6	5	2
AT1G78370	150	184	186	189	178	203
AT1G78380	12133	15715	16541	6667	7456	5769
AT1G78390	2	4	1	2	2	3
AT1G78400	0	0	0	0	0	0
AT1G78410	166	222	207	24	17	25
AT1G78420	607	796	773	498	491	471
AT1G78430	14	31	39	59	34	44
AT1G78440	0	0	0	0	0	0
AT1G78450	29	42	27	41	87	84
AT1G78460	2691	4421	3199	2323	2587	1898
AT1G78470	0	0	0	0	0	0
AT1G78476	1	10	6	4	1	10
AT1G78478	5	5	5	4	3	7
AT1G78480	1	4	3	6	7	4
AT1G78490	236	317	245	338	226	335
AT1G78500	2	1	0	0	0	0
AT1G78510	161	177	171	203	219	209
AT1G78520	0	0	0	1	0	0
AT1G78530	26	44	39	28	37	22
AT1G78540	100	117	110	111	136	117
AT1G78550	74	92	80	86	96	83
AT1G78560	365	407	367	442	428	406
AT1G78570	771	965	993	763	581	700
AT1G78580	109	118	126	210	114	174
AT1G78590	125	165	123	136	112	105
AT1G78600	255	380	286	403	410	341
AT1G78610	229	255	288	289	230	297
AT1G78620	520	662	535	497	464	465
AT1G78630	3614	3676	3803	3788	4074	3890
AT1G78635	0	0	0	0	0	0
AT1G78640	0	0	0	0	0	0
AT1G78650	162	146	165	158	180	194
AT1G78660	543	580	520	573	548	576
AT1G78670	1290	1690	1273	1244	1314	1108
AT1G78680	386	536	417	655	522	580
AT1G78690	98	117	127	123	126	118
AT1G78700	159	207	160	161	134	172
AT1G78710	0	0	0	0	0	0
AT1G78720	4	7	4	3	5	3
AT1G78730	41	48	48	53	49	41
AT1G78740	0	0	0	0	0	0
AT1G78750	14	11	14	17	25	30
AT1G78760	0	2	0	0	1	1
AT1G78770	105	113	94	103	79	96
AT1G78780	68	90	108	53	85	103
AT1G78790	88	132	112	111	134	121
AT1G78800	262	315	297	281	342	254
AT1G78810	143	175	139	140	87	156
AT1G78815	3	2	2	4	3	4
AT1G78820	383	436	441	332	205	299
AT1G78830	6765	8885	9010	2814	2353	2072
AT1G78840	3	4	6	0	1	1
AT1G78850	6757	8532	9612	3545	2947	2798
AT1G78860	104	147	162	51	44	42
AT1G78865	21	42	31	38	44	51
AT1G78870	777	926	898	739	771	670
AT1G78880	568	656	594	691	538	680
AT1G78890	439	584	475	421	470	437
AT1G78895	304	369	336	203	223	214
AT1G78900	7130	7654	7668	6929	5474	5935
AT1G78910	107	125	107	115	103	105
AT1G78915	212	231	197	283	238	285
AT1G78920	1768	1869	1751	1547	1177	1517
AT1G78922	1	0	0	0	0	0
AT1G78930	72	86	67	129	104	96
AT1G78940	17	23	26	21	24	20
AT1G78950	11	14	23	33	25	21
AT1G78955	16	19	22	28	24	16
AT1G78960	173	225	172	203	196	186
AT1G78970	269	397	285	321	289	335
AT1G78980	0	0	0	0	0	0
AT1G78990	7	13	12	37	27	24
AT1G78995	85	125	90	229	264	172
AT1G79000	1335	1645	1604	1546	1015	1460
AT1G79010	1052	1247	1199	1159	1203	1054
AT1G79020	179	198	211	195	191	176
AT1G79030	213	305	219	264	215	269
AT1G79040	19321	26540	20816	26507	32523	21940
AT1G79050	311	340	314	380	373	366
AT1G79060	89	94	71	111	86	111
AT1G79070	95	85	85	104	98	98
AT1G79075	141	169	127	108	172	124
AT1G79080	210	208	160	217	193	220
AT1G79090	957	1140	1050	1106	808	1021
AT1G79100	1	0	0	1	1	3
AT1G79103	0	2	2	2	5	1
AT1G79110	224	224	164	357	272	319
AT1G79120	14	14	11	22	17	23
AT1G79130	1	4	0	2	2	2
AT1G79150	285	285	286	395	345	408
AT1G79160	457	525	478	451	467	404
AT1G79170	4	4	7	7	4	9
AT1G79180	34	59	62	19	30	19
AT1G79190	217	257	244	283	233	296
AT1G79200	101	162	115	133	162	146
AT1G79210	489	600	596	576	634	497
AT1G79220	55	50	46	63	80	60
AT1G79230	839	998	920	921	899	906
AT1G79240	0	0	0	0	0	0
AT1G79250	0	1	4	2	2	2
AT1G79260	116	138	139	125	140	115
AT1G79270	153	207	220	216	189	184
AT1G79280	1276	1442	1432	1545	875	1227
AT1G79290	0	0	0	0	0	0
AT1G79300	0	0	0	0	0	0
AT1G79310	9	4	5	18	16	16
AT1G79320	5	10	5	19	16	19
AT1G79330	9	7	9	15	12	7
AT1G79340	2261	2564	2437	2090	1955	1846
AT1G79350	1128	1365	1369	1088	853	1066
AT1G79360	72	79	61	19	45	29
AT1G79370	0	0	0	0	1	0
AT1G79380	782	1055	992	712	859	767
AT1G79390	219	248	198	250	271	253
AT1G79400	2	10	8	2	4	1
AT1G79410	731	843	869	373	438	356
AT1G79420	24	39	39	50	38	37
AT1G79430	97	110	105	95	76	100
AT1G79440	2039	2422	2361	2350	2345	2229
AT1G79450	124	199	206	93	106	109
AT1G79460	58	64	66	95	96	102
AT1G79470	121	99	114	207	172	168
AT1G79480	0	4	1	2	2	0
AT1G79485	0	0	0	0	0	0
AT1G79490	112	98	92	151	125	140
AT1G79500	221	278	180	335	317	320
AT1G79510	0	0	0	0	0	0
AT1G79520	44	52	63	71	59	49
AT1G79529	3	4	5	8	10	3
AT1G79530	403	465	480	419	390	452
AT1G79540	145	148	159	152	121	147
AT1G79550	2331	2652	2711	2498	2430	2475
AT1G79560	995	859	947	1113	857	1232
AT1G79570	745	860	814	769	553	672
AT1G79580	3	2	6	6	3	9
AT1G79590	407	537	485	416	561	375
AT1G79600	972	1099	1090	1015	827	919
AT1G79610	129	174	166	167	189	188
AT1G79620	18	33	28	50	26	58
AT1G79630	341	435	375	451	406	381
AT1G79640	168	221	181	206	151	171
AT1G79650	424	492	507	520	419	438
AT1G79660	188	219	220	232	272	264
AT1G79670	584	645	615	485	447	499
AT1G79680	304	388	510	26	18	32
AT1G79690	1184	1398	1524	994	695	812
AT1G79700	787	1015	819	943	995	948
AT1G79710	330	379	380	231	208	228
AT1G79720	195	262	227	172	223	166
AT1G79730	664	780	762	643	585	643
AT1G79740	334	390	381	508	401	465
AT1G79750	4880	5558	5481	5446	4664	5172
AT1G79760	2	0	3	4	9	4
AT1G79770	41	34	37	34	30	26
AT1G79780	6	17	10	13	6	6
AT1G79790	368	506	414	585	700	539
AT1G79800	0	1	0	3	2	1
AT1G79810	268	366	301	318	303	297
AT1G79820	83	140	93	128	140	165
AT1G79830	2204	2719	2478	2296	1973	2299
AT1G79840	110	137	113	111	87	82
AT1G79850	0	0	0	0	0	0
AT1G79860	0	4	4	0	0	3
AT1G79870	586	701	615	826	729	680
AT1G79880	158	202	200	241	267	283
AT1G79890	47	40	31	58	40	77
AT1G79900	10	11	12	10	20	24
AT1G79910	55	59	60	52	64	49
AT1G79915	5	7	12	7	10	6
AT1G79920	1311	1338	1536	1245	965	1309
AT1G79930	2048	2077	2292	1975	1681	1944
AT1G79940	1235	1425	1324	1333	1147	1206
AT1G79950	602	701	611	679	567	686
AT1G79960	0	0	0	0	0	0
AT1G79970	580	817	653	598	652	524
AT1G79980	0	0	0	0	1	0
AT1G79985	361	435	409	364	416	325
AT1G79990	1686	1871	1769	1865	1416	1807
AT1G80000	542	584	559	681	585	660
AT1G80010	315	332	376	362	303	341
AT1G80030	499	564	485	630	612	580
AT1G80040	749	935	835	741	800	749
AT1G80050	159	188	159	268	220	306
AT1G80060	44	41	45	50	41	55
AT1G80070	2997	3128	3221	3631	2163	3115
AT1G80080	138	192	137	211	170	205
AT1G80090	2	0	0	1	1	0
AT1G80100	2	0	5	0	4	1
AT1G80110	68	86	76	68	74	73
AT1G80120	8	12	15	17	15	15
AT1G80130	17	19	19	16	66	12
AT1G80133	0	0	0	0	0	0
AT1G80140	0	1	0	0	0	0
AT1G80150	94	87	126	121	109	122
AT1G80160	166	279	326	34	51	32
AT1G80165	0	0	0	0	0	0
AT1G80170	67	82	82	105	99	116
AT1G80180	1616	2259	1895	1604	1960	1627
AT1G80190	182	216	203	181	185	150
AT1G80200	6	15	6	8	8	13
AT1G80210	332	365	312	375	446	357
AT1G80220	0	0	0	0	0	0
AT1G80230	605	775	738	630	741	629
AT1G80240	48	37	86	71	27	60
AT1G80245	112	148	129	163	167	135
AT1G80250	0	0	0	0	0	0
AT1G80260	552	669	613	701	555	681
AT1G80270	187	208	157	337	258	333
AT1G80280	243	306	304	337	300	417
AT1G80290	119	134	133	134	117	125
AT1G80300	1626	2182	2777	672	607	710
AT1G80310	0	0	0	0	0	0
AT1G80315	0	0	0	0	0	0
AT1G80320	0	0	0	0	0	0
AT1G80325	4	5	6	3	7	5
AT1G80330	0	0	0	0	0	0
AT1G80340	0	1	1	6	5	4
AT1G80350	334	386	426	413	393	380
AT1G80360	878	1019	1065	848	819	901
AT1G80370	24	24	36	34	41	46
AT1G80380	5382	6744	6383	3073	3484	2898
AT1G80390	0	1	1	0	0	0
AT1G80400	232	274	242	239	235	239
AT1G80410	1561	1754	1790	1695	1332	1485
AT1G80420	478	695	513	398	476	396
AT1G80430	0	0	0	0	0	0
AT1G80440	4240	5329	4177	3715	3459	3762
AT1G80450	40	61	68	39	33	29
AT1G80460	1349	1418	1423	1319	1117	1214
AT1G80470	0	1	3	0	0	0
AT1G80480	829	841	924	1078	1008	1033
AT1G80490	958	1154	1135	934	781	921
AT1G80500	466	532	551	434	476	437
AT1G80510	216	218	247	172	148	156
AT1G80520	21	11	9	10	10	14
AT1G80525	0	0	0	0	0	0
AT1G80530	396	495	465	531	442	494
AT1G80540	1	1	0	1	0	1
AT1G80550	252	250	243	253	302	264
AT1G80555	11	12	8	8	4	10
AT1G80560	1110	1296	1381	794	859	846
AT1G80570	130	141	157	152	150	146
AT1G80580	0	0	0	1	0	0
AT1G80590	2	13	13	0	0	0
AT1G80600	1354	1366	1359	1257	1157	1229
AT1G80610	90	94	121	68	78	98
AT1G80620	339	390	397	413	406	426
AT1G80625	1	0	1	0	1	0
AT1G80630	142	166	138	130	131	119
AT1G80640	407	494	417	572	608	543
AT1G80650	160	186	146	204	240	172
AT1G80660	0	4	3	0	2	3
AT1G80670	351	417	356	375	362	371
AT1G80680	704	741	761	804	538	727
AT1G80690	10	21	23	30	24	34
AT1G80700	47	61	54	48	55	55
AT1G80710	60	77	87	52	55	63
AT1G80720	85	89	87	89	104	89
AT1G80730	0	2	1	9	3	7
AT1G80740	0	1	0	0	0	5
AT1G80745	2	0	1	1	3	2
AT1G80750	586	650	633	559	586	605
AT1G80760	18	26	26	59	26	53
AT1G80770	401	510	450	430	441	433
AT1G80780	661	784	716	692	822	704
AT1G80790	449	580	458	660	569	646
AT1G80810	260	253	261	241	231	240
AT1G80820	642	818	1006	59	27	35
AT1G80830	653	646	754	1007	735	1275
AT1G80840	855	1020	1103	154	218	155
AT1G80850	41	30	41	56	67	50
AT1G80860	234	308	259	233	243	257
AT1G80865	0	1	0	0	3	1
AT1G80870	107	95	118	148	146	206
AT1G80880	37	47	38	47	35	60
AT1G80890	68	85	59	79	69	77
AT1G80900	72	136	102	88	105	84
AT1G80910	236	234	256	251	223	286
AT1G80920	5996	8901	7103	5041	5809	4655
AT1G80930	1714	1830	1667	1839	1458	1751
AT1G80940	357	412	330	361	419	356
AT1G80950	555	604	572	556	458	457
AT1G80960	49	86	82	63	71	65
AT1G80970	26	25	23	29	40	39
AT1G80980	56	75	45	67	104	83
AT1G80990	0	0	0	0	0	0
AT2G01008	1	3	0	0	0	2
AT2G01010	3	3	9	3	2	7
AT2G01020	3	9	17	4	4	5
AT2G01021	7	7	6	13	7	6
AT2G01023	0	0	0	0	0	0
AT2G01035	0	0	0	0	0	0
AT2G01045	0	0	0	0	0	0
AT2G01050	0	0	0	0	0	0
AT2G01060	614	759	693	619	640	589
AT2G01070	294	336	296	316	333	342
AT2G01080	172	221	166	231	246	229
AT2G01090	122	175	161	120	180	140
AT2G01100	932	1209	1038	855	980	891
AT2G01110	590	672	627	833	995	847
AT2G01120	163	147	141	233	208	210
AT2G01130	518	715	716	717	664	648
AT2G01140	2462	2865	2789	2629	2427	2532
AT2G01150	65	71	75	97	59	127
AT2G01160	0	0	0	0	0	0
AT2G01170	600	713	667	698	590	685
AT2G01175	11	2	10	6	5	8
AT2G01180	464	472	610	328	274	294
AT2G01190	1145	1270	1190	1035	914	969
AT2G01200	12	4	11	21	14	24
AT2G01210	16	20	21	38	16	36
AT2G01220	602	729	666	606	715	597
AT2G01240	0	0	0	0	0	0
AT2G01250	3281	3639	3702	3019	3257	3443
AT2G01260	264	304	307	302	292	272
AT2G01270	678	750	707	794	804	686
AT2G01275	3	1	3	6	3	4
AT2G01280	0	0	0	0	0	0
AT2G01290	142	141	156	210	149	204
AT2G01300	73	182	148	24	34	24
AT2G01310	2	0	0	0	0	1
AT2G01320	877	863	873	950	797	938
AT2G01330	128	153	156	140	131	132
AT2G01340	419	586	665	182	231	188
AT2G01350	842	996	930	821	830	825
AT2G01360	0	0	0	0	0	0
AT2G01370	0	0	0	0	0	0
AT2G01379	18	14	17	2	0	1
AT2G01390	52	52	52	74	54	72
AT2G01400	64	89	59	67	87	73
AT2G01410	0	4	1	4	3	3
AT2G01420	1380	1535	1296	1799	1299	1609
AT2G01422	2	0	0	2	1	3
AT2G01430	35	32	32	27	33	22
AT2G01440	531	636	483	600	474	585
AT2G01450	2525	3156	3011	1954	2158	2054
AT2G01460	486	636	576	545	458	444
AT2G01470	830	955	909	773	621	728
AT2G01480	389	471	425	349	332	389
AT2G01490	842	1204	949	838	805	746
AT2G01500	0	0	0	0	0	0
AT2G01505	13	14	12	30	29	30
AT2G01510	26	29	35	36	30	36
AT2G01520	144	94	123	931	1112	737
AT2G01530	77	81	70	614	645	549
AT2G01540	243	378	299	241	229	212
AT2G01554	0	0	0	0	0	0
AT2G01560	0	0	2	0	0	0
AT2G01570	812	870	816	996	931	955
AT2G01580	3	1	4	6	5	4
AT2G01590	82	68	59	95	126	128
AT2G01600	1011	1264	1279	961	800	851
AT2G01610	15	10	8	12	3	10
AT2G01620	206	226	200	281	386	249
AT2G01630	116	143	130	154	203	192
AT2G01640	101	132	98	109	125	126
AT2G01650	392	497	475	372	343	324
AT2G01660	48	61	70	48	70	84
AT2G01667	0	0	0	0	0	0
AT2G01670	1544	2003	1749	1243	1292	1247
AT2G01680	458	666	550	655	635	555
AT2G01690	597	694	705	549	364	532
AT2G01710	327	436	383	399	386	367
AT2G01720	899	1049	931	879	771	895
AT2G01730	30	37	35	23	38	44
AT2G01735	248	362	260	293	276	240
AT2G01740	28	27	34	34	35	32
AT2G01750	106	97	130	136	106	145
AT2G01755	0	0	0	0	0	0
AT2G01760	66	124	67	140	118	118
AT2G01770	0	0	0	0	0	0
AT2G01780	0	0	0	0	0	0
AT2G01790	0	0	0	0	0	0
AT2G01800	0	0	0	0	0	0
AT2G01810	0	2	4	1	1	2
AT2G01818	27	37	50	29	26	32
AT2G01820	1125	1144	1156	1109	1009	1061
AT2G01830	90	81	145	274	211	358
AT2G01850	2942	3784	3034	2173	2569	2061
AT2G01860	147	158	162	175	136	172
AT2G01870	28	41	24	44	58	61
AT2G01880	4	3	2	10	8	4
AT2G01890	36	54	35	130	110	116
AT2G01900	50	71	59	106	119	140
AT2G01905	13	16	14	22	14	20
AT2G01910	401	463	328	484	411	461
AT2G01913	14	17	21	30	25	42
AT2G01918	55	47	35	51	76	68
AT2G01920	1	1	0	0	0	0
AT2G01930	367	512	405	525	564	506
AT2G01940	167	250	220	255	196	232
AT2G01950	167	154	174	344	137	275
AT2G01960	0	0	0	0	0	0
AT2G01970	1020	1021	1156	1049	799	1013
AT2G01980	282	368	297	327	229	285
AT2G01990	61	74	73	115	59	80
AT2G02000	1	1	1	2	1	4
AT2G02010	386	601	801	43	23	26
AT2G02020	79	104	94	104	74	77
AT2G02023	0	0	0	0	0	0
AT2G02026	0	0	0	0	0	0
AT2G02030	2	0	1	0	1	0
AT2G02040	954	1175	1141	819	685	773
AT2G02050	624	791	708	615	714	631
AT2G02060	94	112	92	110	91	115
AT2G02061	21	10	10	11	10	10
AT2G02070	556	696	561	832	709	753
AT2G02080	495	577	502	679	711	695
AT2G02090	536	615	560	528	466	495
AT2G02100	1613	2111	1976	2474	2809	2946
AT2G02103	0	0	0	0	0	0
AT2G02120	130	139	96	57	104	75
AT2G02130	393	325	406	525	414	436
AT2G02140	0	0	0	0	0	0
AT2G02147	5	4	7	3	9	2
AT2G02148	71	99	62	96	76	68
AT2G02150	51	44	49	52	63	80
AT2G02160	1883	2415	2167	2042	2122	2057
AT2G02170	323	357	295	345	362	293
AT2G02180	1267	1706	1586	825	963	768
AT2G02220	1145	1293	1392	748	591	736
AT2G02230	121	160	149	112	93	149
AT2G02240	1	4	4	4	4	7
AT2G02250	0	1	4	1	1	0
AT2G02280	0	0	0	0	0	0
AT2G02290	0	0	0	0	0	0
AT2G02300	2	1	2	1	2	1
AT2G02310	4	1	3	0	0	0
AT2G02320	0	6	7	0	0	0
AT2G02340	10	23	18	1	0	0
AT2G02350	36	58	62	26	33	26
AT2G02360	210	282	284	193	218	191
AT2G02370	224	277	278	154	145	147
AT2G02380	8	4	7	7	3	8
AT2G02390	2008	2702	2638	1007	1039	853
AT2G02400	102	143	114	143	130	157
AT2G02410	218	273	227	228	268	243
AT2G02440	0	0	0	0	0	0
AT2G02450	97	97	89	86	102	92
AT2G02455	0	1	2	4	1	2
AT2G02470	312	353	326	343	335	360
AT2G02480	219	210	234	235	110	214
AT2G02490	0	0	0	0	0	0
AT2G02493	0	0	0	0	0	0
AT2G02497	0	0	0	0	0	0
AT2G02498	0	0	0	0	0	0
AT2G02500	170	185	164	211	214	188
AT2G02510	544	825	625	525	683	560
AT2G02515	0	0	0	0	0	0
AT2G02520	0	0	0	0	0	0
AT2G02525	0	0	0	0	0	0
AT2G02540	20	22	16	24	19	20
AT2G02550	0	0	0	0	0	0
AT2G02560	757	814	847	945	640	788
AT2G02570	1001	1146	1064	1141	1235	1118
AT2G02580	3	3	1	0	4	10
AT2G02590	49	54	48	63	72	64
AT2G02600	0	0	0	0	0	0
AT2G02610	2	1	1	7	4	5
AT2G02620	0	2	1	0	0	0
AT2G02630	4	4	2	6	4	3
AT2G02635	0	0	0	0	0	0
AT2G02640	0	0	0	0	0	0
AT2G02650	0	0	0	0	0	0
AT2G02660	0	0	0	0	0	0
AT2G02680	46	64	49	59	79	74
AT2G02690	1	2	1	0	4	1
AT2G02695	0	0	0	0	0	0
AT2G02700	0	1	4	0	1	0
AT2G02710	1554	2168	1738	1009	1296	1132
AT2G02720	0	0	3	0	0	2
AT2G02730	208	225	220	164	183	141
AT2G02740	163	141	147	192	179	243
AT2G02741	0	0	0	0	0	0
AT2G02750	14	8	25	21	23	17
AT2G02760	841	1132	949	1178	1137	1023
AT2G02765	107	127	119	124	120	128
AT2G02770	0	0	0	0	0	0
AT2G02780	121	176	126	185	169	191
AT2G02790	195	222	208	320	282	355
AT2G02795	0	0	0	0	0	0
AT2G02800	676	827	802	391	457	388
AT2G02810	329	315	331	80	76	146
AT2G02820	124	127	118	119	55	89
AT2G02835	0	2	2	2	1	0
AT2G02840	3	0	3	3	1	0
AT2G02850	103	114	109	157	127	85
AT2G02860	615	677	776	333	323	340
AT2G02870	725	905	912	584	550	480
AT2G02880	81	75	78	106	130	94
AT2G02890	0	0	0	0	0	0
AT2G02900	0	0	0	0	0	0
AT2G02910	102	120	90	142	154	173
AT2G02930	181	212	274	175	126	196
AT2G02950	535	683	574	773	690	682
AT2G02955	121	135	123	121	110	106
AT2G02960	424	670	544	501	578	524
AT2G02970	582	679	640	561	487	557
AT2G02980	50	46	38	91	70	85
AT2G02990	7	18	17	9	10	4
AT2G03000	0	0	0	0	0	0
AT2G03010	27	45	31	48	56	49
AT2G03020	2	0	2	0	2	2
AT2G03030	0	0	0	0	0	0
AT2G03040	0	0	0	0	0	0
AT2G03050	61	73	44	74	75	66
AT2G03060	102	165	129	148	137	125
AT2G03070	169	193	202	186	146	205
AT2G03090	55	83	88	215	172	265
AT2G03110	9	14	11	6	11	6
AT2G03120	1081	1053	1072	917	712	918
AT2G03130	2	0	2	4	6	3
AT2G03140	570	687	549	760	522	698
AT2G03150	807	1016	955	997	792	984
AT2G03160	0	0	0	0	0	0
AT2G03170	0	0	0	0	0	0
AT2G03180	0	0	0	0	0	0
AT2G03190	0	0	0	0	0	0
AT2G03200	35	38	46	63	51	45
AT2G03210	0	1	1	0	1	0
AT2G03220	136	176	147	187	148	153
AT2G03230	0	0	0	0	0	0
AT2G03240	653	841	1007	361	295	375
AT2G03250	1	9	2	2	0	3
AT2G03260	32	30	40	32	48	42
AT2G03270	113	140	154	112	129	113
AT2G03280	80	89	88	84	119	100
AT2G03290	2	1	2	1	0	0
AT2G03300	0	0	0	0	0	0
AT2G03310	64	130	59	131	160	115
AT2G03320	0	0	0	0	0	1
AT2G03330	114	156	140	124	191	120
AT2G03340	576	614	502	643	578	565
AT2G03350	327	418	350	322	376	297
AT2G03360	21	26	28	23	13	17
AT2G03370	1	0	0	0	1	0
AT2G03380	31	29	29	48	34	47
AT2G03390	683	791	704	856	835	827
AT2G03410	0	0	0	0	0	0
AT2G03420	0	0	0	0	0	0
AT2G03430	163	215	196	211	199	160
AT2G03440	799	999	939	970	998	1001
AT2G03445	0	1	2	0	0	0
AT2G03450	81	93	100	94	102	126
AT2G03460	0	0	1	0	0	1
AT2G03470	517	636	576	434	411	399
AT2G03480	191	226	169	235	147	226
AT2G03490	0	0	0	0	0	0
AT2G03500	28	37	30	43	30	42
AT2G03505	22	28	41	11	7	3
AT2G03510	402	520	498	419	388	390
AT2G03520	0	0	3	0	0	3
AT2G03530	122	225	196	112	134	113
AT2G03550	242	307	235	366	328	323
AT2G03560	0	0	1	1	0	0
AT2G03565	0	0	0	0	0	0
AT2G03567	0	0	0	0	0	0
AT2G03570	0	0	0	0	0	0
AT2G03580	0	0	0	0	1	0
AT2G03590	49	66	56	60	64	83
AT2G03600	0	0	1	0	0	0
AT2G03610	0	0	0	0	1	0
AT2G03620	137	150	146	187	131	139
AT2G03630	0	0	0	1	0	0
AT2G03640	704	855	706	548	665	588
AT2G03660	0	0	0	0	0	0
AT2G03667	174	161	176	166	194	173
AT2G03670	89	85	79	126	99	121
AT2G03680	1897	2192	1973	2111	1978	1944
AT2G03690	168	253	211	173	245	205
AT2G03700	0	0	0	0	0	0
AT2G03710	77	52	64	51	50	56
AT2G03720	8	8	13	4	11	4
AT2G03730	452	559	498	371	369	350
AT2G03740	1	0	0	0	0	0
AT2G03750	145	135	120	237	198	207
AT2G03760	337	464	411	413	439	217
AT2G03770	0	1	2	2	1	2
AT2G03780	223	248	227	274	300	263
AT2G03790	0	0	0	0	0	0
AT2G03800	219	230	217	179	168	199
AT2G03810	120	167	129	145	106	136
AT2G03820	1435	1548	1587	1351	1464	1347
AT2G03821	0	2	0	0	0	1
AT2G03822	0	0	0	0	0	0
AT2G03823	0	0	0	0	0	0
AT2G03830	0	2	1	1	3	0
AT2G03840	0	0	0	0	0	0
AT2G03850	2	1	3	0	0	3
AT2G03855	0	0	0	0	0	0
AT2G03870	318	351	337	328	336	299
AT2G03880	15	11	15	14	17	12
AT2G03885	0	0	0	0	0	0
AT2G03890	1700	2162	1684	2091	2098	2165
AT2G03895	0	0	0	0	0	0
AT2G03905	0	0	0	0	0	0
AT2G03913	0	0	0	0	0	0
AT2G03925	0	0	0	0	0	0
AT2G03930	0	0	0	0	0	0
AT2G03931	0	0	0	0	0	0
AT2G03932	0	0	0	0	0	0
AT2G03933	0	0	0	0	0	0
AT2G03936	0	0	0	0	0	0
AT2G03937	0	0	0	0	0	0
AT2G03945	0	0	0	0	0	0
AT2G03955	0	0	0	0	0	0
AT2G03965	1	0	0	0	4	0
AT2G03975	0	0	0	0	0	0
AT2G03980	281	300	263	234	169	193
AT2G03985	0	0	0	0	0	0
AT2G03995	0	0	0	0	0	0
AT2G04005	0	0	0	0	0	0
AT2G04015	0	0	0	1	0	0
AT2G04020	0	0	0	0	0	0
AT2G04025	0	0	2	5	5	3
AT2G04030	1503	1191	1308	1829	1505	2027
AT2G04031	0	0	0	0	0	0
AT2G04032	0	0	0	3	1	0
AT2G04034	0	0	0	0	0	0
AT2G04037	0	0	0	0	0	0
AT2G04038	1	1	0	0	0	0
AT2G04039	49	66	45	61	53	49
AT2G04040	1831	2547	3078	556	813	388
AT2G04041	0	0	0	0	0	0
AT2G04045	0	0	0	0	0	0
AT2G04046	0	0	0	0	0	0
AT2G04050	93	105	145	270	202	127
AT2G04060	0	0	0	0	0	0
AT2G04062	0	0	0	0	0	0
AT2G04063	0	0	0	0	0	0
AT2G04065	2	0	1	2	2	1
AT2G04066	0	0	0	0	0	0
AT2G04070	12	28	15	5	13	13
AT2G04075	0	0	0	0	0	0
AT2G04080	24	37	23	12	27	27
AT2G04085	0	0	0	0	0	0
AT2G04090	1	2	1	6	8	11
AT2G04095	0	0	0	0	0	0
AT2G04100	63	79	128	83	61	93
AT2G04115	0	0	1	0	1	0
AT2G04125	0	0	0	0	0	0
AT2G04137	0	0	0	0	0	0
AT2G04145	0	0	0	0	1	0
AT2G04155	0	0	0	0	0	0
AT2G04160	911	1016	1039	411	322	441
AT2G04170	29	29	60	61	46	79
AT2G04175	0	0	0	0	0	0
AT2G04185	0	0	0	0	0	0
AT2G04190	2	3	3	0	0	0
AT2G04195	0	0	0	0	0	0
AT2G04205	0	1	1	1	1	0
AT2G04215	0	0	0	0	0	0
AT2G04220	0	0	0	0	0	0
AT2G04225	0	0	0	0	0	0
AT2G04230	178	181	172	194	195	199
AT2G04235	81	74	85	101	48	112
AT2G04240	168	181	181	275	245	249
AT2G04255	0	0	0	0	0	0
AT2G04265	0	0	0	0	0	0
AT2G04270	404	450	386	514	556	486
AT2G04280	3	3	3	1	1	2
AT2G04285	0	0	0	0	0	0
AT2G04295	0	0	0	0	0	0
AT2G04300	0	0	0	0	0	0
AT2G04305	315	353	404	243	272	276
AT2G04315	0	0	0	0	0	0
AT2G04325	0	0	0	0	0	0
AT2G04335	0	0	0	0	0	0
AT2G04340	152	188	160	167	199	153
AT2G04345	0	1	0	0	0	2
AT2G04350	359	480	518	485	402	466
AT2G04355	0	0	0	0	0	0
AT2G04360	366	380	386	405	415	430
AT2G04365	1	0	0	0	0	0
AT2G04375	0	0	0	0	0	0
AT2G04378	249	307	314	292	316	322
AT2G04380	0	0	0	0	0	0
AT2G04390	354	431	385	319	359	333
AT2G04395	0	0	2	2	2	0
AT2G04400	1981	2986	3033	658	572	627
AT2G04405	0	0	0	0	0	0
AT2G04410	1170	1606	1311	1434	1523	1329
AT2G04420	0	0	1	0	0	0
AT2G04425	0	0	0	0	0	0
AT2G04430	72	119	151	104	115	104
AT2G04435	0	4	1	0	0	0
AT2G04440	0	0	0	0	0	0
AT2G04450	19	64	49	20	54	20
AT2G04455	0	0	0	0	0	0
AT2G04465	0	0	1	0	0	0
AT2G04480	0	1	0	0	0	1
AT2G04485	0	0	0	0	0	0
AT2G04495	14	12	6	2	5	0
AT2G04500	11	4	4	0	4	4
AT2G04505	0	1	0	2	0	0
AT2G04515	14	13	8	1	1	0
AT2G04520	1102	1450	1296	973	953	919
AT2G04525	0	0	0	0	0	0
AT2G04530	207	143	191	192	171	208
AT2G04535	0	1	0	0	0	1
AT2G04540	278	342	311	288	338	318
AT2G04545	0	0	0	0	0	0
AT2G04550	300	375	347	277	256	266
AT2G04555	1	0	0	1	3	2
AT2G04560	39	68	41	56	58	65
AT2G04565	0	0	0	0	0	0
AT2G04570	66	68	55	60	29	69
AT2G04575	0	0	0	0	0	0
AT2G04595	0	0	0	0	0	0
AT2G04605	0	0	0	0	0	0
AT2G04615	0	0	0	0	0	0
AT2G04620	145	183	174	139	108	130
AT2G04621	0	0	0	0	0	0
AT2G04622	0	0	0	0	0	0
AT2G04630	358	505	406	442	511	409
AT2G04635	0	0	0	0	0	0
AT2G04645	0	0	0	0	0	0
AT2G04650	103	120	93	94	117	95
AT2G04655	0	0	0	0	0	0
AT2G04660	147	139	137	191	116	194
AT2G04665	0	0	0	0	0	0
AT2G04675	0	0	0	0	0	0
AT2G04680	3	0	5	6	3	8
AT2G04685	0	0	0	0	0	0
AT2G04690	431	598	488	449	540	449
AT2G04695	0	0	0	0	0	0
AT2G04700	1113	1323	1080	1318	1577	1191
AT2G04705	0	0	0	0	0	0
AT2G04715	0	1	1	0	1	1
AT2G04725	3	2	7	12	3	0
AT2G04735	0	0	0	0	0	0
AT2G04740	154	193	175	175	199	191
AT2G04745	0	0	0	0	0	0
AT2G04750	0	0	0	0	0	0
AT2G04755	0	0	0	0	0	0
AT2G04765	0	0	0	0	0	0
AT2G04775	0	0	0	0	0	0
AT2G04780	265	271	269	354	328	351
AT2G04785	0	0	0	0	0	0
AT2G04790	48	51	31	68	76	91
AT2G04795	59	103	53	64	46	43
AT2G04800	19	13	10	48	24	55
AT2G04805	5	4	0	10	5	9
AT2G04810	0	0	0	0	0	0
AT2G04815	0	0	0	0	0	0
AT2G04825	0	0	0	0	0	0
AT2G04830	0	0	0	0	0	0
AT2G04835	0	0	0	0	0	0
AT2G04840	0	0	0	0	0	0
AT2G04842	888	889	788	1180	1163	1109
AT2G04845	72	98	82	68	94	80
AT2G04850	40	32	32	44	37	61
AT2G04852	6	7	5	18	9	16
AT2G04855	0	0	0	0	0	0
AT2G04860	40	37	34	62	34	55
AT2G04865	404	436	436	481	399	450
AT2G04870	0	0	0	0	0	0
AT2G04875	0	0	0	0	0	0
AT2G04880	364	407	416	410	331	338
AT2G04885	0	0	0	0	2	0
AT2G04890	104	177	140	167	166	160
AT2G04895	0	0	0	0	0	0
AT2G04900	539	684	674	511	631	481
AT2G04905	0	0	0	0	0	0
AT2G04910	0	0	0	0	0	0
AT2G04915	0	0	0	0	0	0
AT2G04920	0	0	0	0	0	0
AT2G04925	0	0	0	0	0	0
AT2G04930	0	0	0	0	0	0
AT2G04935	0	0	0	0	0	0
AT2G04940	274	316	291	351	305	325
AT2G04945	0	0	0	1	0	1
AT2G04955	4	6	6	16	24	12
AT2G04965	5	8	9	18	10	19
AT2G04975	0	0	0	0	0	0
AT2G04985	0	0	0	0	0	0
AT2G04995	0	0	0	0	0	0
AT2G05005	0	0	0	0	0	0
AT2G05015	0	0	0	0	0	0
AT2G05035	0	0	0	0	0	0
AT2G05045	0	0	0	0	0	0
AT2G05050	0	0	0	0	0	0
AT2G05060	0	0	0	0	0	0
AT2G05065	0	0	0	0	0	0
AT2G05070	159	185	130	360	310	295
AT2G05075	47	70	44	44	79	45
AT2G05085	0	0	0	0	0	0
AT2G05095	0	0	0	0	0	0
AT2G05100	76	101	76	189	181	120
AT2G05105	0	0	0	0	0	0
AT2G05117	0	0	0	0	0	0
AT2G05120	220	213	222	294	202	287
AT2G05125	0	0	0	0	1	0
AT2G05140	0	0	0	0	0	0
AT2G05145	0	0	0	0	0	0
AT2G05155	0	0	0	0	0	0
AT2G05160	34	30	31	55	34	64
AT2G05170	638	688	675	662	635	674
AT2G05180	3	1	5	16	8	4
AT2G05185	1	3	2	10	1	6
AT2G05205	0	0	0	0	0	0
AT2G05210	191	216	179	252	266	289
AT2G05215	11	14	16	15	20	17
AT2G05220	593	678	595	475	539	552
AT2G05230	5	2	0	4	2	3
AT2G05245	0	0	0	0	0	0
AT2G05250	2	8	2	2	1	5
AT2G05255	0	0	0	0	0	0
AT2G05260	107	142	114	87	97	83
AT2G05270	0	1	1	0	0	2
AT2G05294	0	0	0	0	0	0
AT2G05310	321	373	300	486	631	451
AT2G05315	0	0	0	0	0	0
AT2G05320	184	200	181	179	146	191
AT2G05330	0	0	0	0	1	1
AT2G05335	0	0	0	0	0	0
AT2G05350	0	0	0	0	0	1
AT2G05355	0	0	0	0	0	0
AT2G05360	0	0	1	0	0	0
AT2G05365	0	0	0	0	0	0
AT2G05370	0	5	0	1	2	0
AT2G05380	85143	115174	90420	67729	73158	56816
AT2G05395	0	0	0	0	0	0
AT2G05400	0	1	1	0	0	0
AT2G05405	0	0	0	0	0	0
AT2G05410	0	0	0	0	0	0
AT2G05415	0	0	0	0	0	0
AT2G05420	0	0	0	0	0	0
AT2G05425	0	0	0	0	0	0
AT2G05430	0	0	0	0	0	0
AT2G05440	1494	1308	1886	2919	1965	3007
AT2G05445	0	0	0	0	0	0
AT2G05455	0	0	0	0	0	0
AT2G05465	0	0	0	0	0	0
AT2G05485	0	0	0	0	0	0
AT2G05495	0	0	0	0	0	0
AT2G05505	0	0	3	0	0	0
AT2G05510	1212	863	1240	2717	1794	3177
AT2G05515	0	0	0	0	0	1
AT2G05518	64	91	76	98	129	85
AT2G05520	22849	32956	24466	15759	14320	12786
AT2G05525	0	0	0	0	0	0
AT2G05530	8	2	2	1	0	0
AT2G05535	0	0	0	0	0	0
AT2G05540	6514	8989	6391	3660	4958	3625
AT2G05545	0	0	0	0	0	0
AT2G05555	0	0	0	0	0	0
AT2G05565	0	0	0	0	0	0
AT2G05575	0	0	0	0	0	0
AT2G05580	3	2	3	2	2	15
AT2G05585	0	0	0	0	0	0
AT2G05590	123	132	112	115	125	131
AT2G05600	0	0	0	0	0	0
AT2G05605	0	0	0	0	0	0
AT2G05615	0	0	0	0	0	0
AT2G05620	285	351	309	444	586	455
AT2G05625	0	0	0	0	0	0
AT2G05630	232	275	246	264	231	211
AT2G05632	28	31	39	34	24	34
AT2G05635	0	0	0	0	0	0
AT2G05642	0	0	0	0	0	0
AT2G05645	0	0	0	0	0	0
AT2G05655	0	1	0	4	3	1
AT2G05665	6	5	2	4	4	3
AT2G05675	0	1	1	0	0	0
AT2G05685	0	0	0	0	0	0
AT2G05695	0	0	0	0	0	1
AT2G05705	1	0	0	0	1	0
AT2G05710	4458	5021	5196	4402	3117	3995
AT2G05720	0	0	0	0	0	0
AT2G05725	0	0	0	0	0	0
AT2G05752	0	0	0	0	0	0
AT2G05753	5	2	1	5	0	1
AT2G05755	72	90	64	89	80	109
AT2G05760	30	24	34	56	25	49
AT2G05765	4	0	2	3	5	5
AT2G05785	0	0	1	0	0	0
AT2G05786	0	0	0	0	0	0
AT2G05790	306	295	280	460	402	576
AT2G05810	11	5	5	6	9	10
AT2G05812	2	4	3	7	6	2
AT2G05815	2	1	0	2	1	1
AT2G05825	4	4	2	7	1	3
AT2G05830	485	521	465	653	573	534
AT2G05835	0	0	0	0	0	0
AT2G05840	1186	1483	1251	1380	1600	1258
AT2G05850	0	0	0	0	0	0
AT2G05855	0	0	0	1	0	0
AT2G05865	0	0	0	0	0	0
AT2G05875	5	11	13	7	2	3
AT2G05885	0	0	0	0	0	0
AT2G05895	15	21	18	25	8	23
AT2G05900	0	0	0	0	0	0
AT2G05905	0	0	0	0	0	0
AT2G05910	27	25	14	21	22	32
AT2G05914	0	1	0	0	1	0
AT2G05915	0	0	0	0	0	0
AT2G05920	825	736	767	994	789	1033
AT2G05925	0	0	0	0	0	0
AT2G05940	427	606	642	170	180	186
AT2G05945	0	0	0	0	0	0
AT2G05965	0	0	0	0	0	0
AT2G05970	0	0	0	0	0	0
AT2G05975	0	0	0	0	0	0
AT2G05990	2144	2016	2037	2390	2092	2301
AT2G05995	0	0	0	0	0	0
AT2G06000	156	176	150	162	126	140
AT2G06002	23	50	29	21	34	19
AT2G06005	48	83	70	80	95	89
AT2G06010	349	416	322	388	434	360
AT2G06020	0	0	0	0	0	0
AT2G06025	661	1033	886	712	738	679
AT2G06035	0	0	0	0	0	0
AT2G06040	159	146	144	192	165	198
AT2G06050	232	333	360	208	145	180
AT2G06065	0	0	0	0	0	0
AT2G06075	0	0	0	0	0	0
AT2G06085	0	0	0	0	0	0
AT2G06090	0	0	0	0	0	0
AT2G06095	0	0	0	0	0	0
AT2G06105	0	0	0	0	0	0
AT2G06115	0	0	0	0	0	0
AT2G06135	0	0	0	0	0	0
AT2G06145	0	0	0	0	0	0
AT2G06166	0	0	0	0	0	0
AT2G06175	0	0	0	0	0	0
AT2G06185	0	1	0	0	1	0
AT2G06200	6	1	6	11	8	13
AT2G06210	512	544	563	667	498	613
AT2G06215	0	0	3	2	2	4
AT2G06225	1	1	0	0	0	0
AT2G06255	18	30	11	31	18	29
AT2G06265	0	0	0	0	0	0
AT2G06275	0	0	0	0	0	0
AT2G06305	0	0	0	0	0	0
AT2G06315	0	0	0	0	0	0
AT2G06345	3	7	8	6	11	12
AT2G06355	0	2	2	1	0	0
AT2G06365	0	3	1	0	0	1
AT2G06375	0	0	0	0	0	0
AT2G06385	0	0	0	0	0	0
AT2G06395	0	1	0	0	0	0
AT2G06405	0	0	0	0	0	0
AT2G06415	0	0	0	0	0	0
AT2G06420	0	0	0	0	0	0
AT2G06425	0	0	0	0	0	0
AT2G06435	1	0	0	1	0	0
AT2G06445	0	0	0	0	0	0
AT2G06455	0	0	0	0	0	0
AT2G06465	0	0	0	0	0	0
AT2G06475	0	0	0	0	0	0
AT2G06485	0	0	1	0	0	0
AT2G06495	0	0	0	0	0	0
AT2G06500	0	0	0	0	0	0
AT2G06505	0	0	0	0	0	0
AT2G06510	112	150	155	138	105	134
AT2G06515	0	0	0	0	0	0
AT2G06520	3518	3997	3520	5484	7169	4944
AT2G06525	0	0	0	0	0	0
AT2G06530	922	1265	1203	754	760	694
AT2G06535	0	0	0	0	0	0
AT2G06541	0	0	0	0	0	0
AT2G06555	0	0	0	0	0	0
AT2G06562	0	0	0	0	0	0
AT2G06565	0	0	0	0	0	0
AT2G06570	0	0	0	0	0	0
AT2G06575	0	0	0	0	0	0
AT2G06585	0	0	0	0	0	0
AT2G06595	0	0	0	0	0	0
AT2G06605	0	0	0	0	0	0
AT2G06615	0	0	0	0	0	0
AT2G06625	0	0	0	0	0	0
AT2G06635	0	0	0	0	0	0
AT2G06645	0	0	0	0	0	0
AT2G06655	0	0	0	0	0	0
AT2G06665	0	0	0	0	0	0
AT2G06667	0	0	0	0	0	0
AT2G06675	0	0	0	0	0	0
AT2G06685	0	0	0	0	0	0
AT2G06695	0	0	0	0	0	0
AT2G06705	0	0	0	0	0	0
AT2G06725	0	0	0	0	0	0
AT2G06745	0	0	0	0	0	0
AT2G06755	0	0	0	0	0	0
AT2G06765	3	4	3	3	5	5
AT2G06785	0	0	0	0	0	0
AT2G06795	0	0	0	0	0	0
AT2G06805	0	0	0	0	0	0
AT2G06815	0	0	0	0	0	0
AT2G06835	0	0	0	1	0	2
AT2G06845	0	0	0	0	0	1
AT2G06850	5296	6013	4685	6833	7102	6440
AT2G06855	0	0	0	0	0	0
AT2G06865	0	0	0	0	0	0
AT2G06904	1	0	0	0	0	0
AT2G06905	0	0	0	0	0	2
AT2G06906	0	0	0	0	0	0
AT2G06908	0	0	0	0	0	0
AT2G06925	416	500	410	529	540	531
AT2G06935	0	0	0	0	0	0
AT2G06945	0	0	0	0	0	0
AT2G06955	0	0	0	0	0	0
AT2G06960	0	0	0	0	0	0
AT2G06975	0	0	1	0	1	0
AT2G06983	0	0	0	0	0	0
AT2G06990	601	685	690	691	520	639
AT2G06995	13	6	9	18	10	4
AT2G07000	0	0	0	0	0	0
AT2G07005	0	0	0	0	0	0
AT2G07015	0	0	0	0	0	0
AT2G07020	0	0	0	0	0	0
AT2G07025	1	0	0	1	0	0
AT2G07035	0	0	0	0	0	0
AT2G07040	0	0	0	0	0	0
AT2G07042	6	16	12	14	16	17
AT2G07045	0	2	0	0	0	0
AT2G07050	1131	1240	1194	1482	1202	1363
AT2G07055	0	0	0	0	0	0
AT2G07085	0	0	0	0	0	0
AT2G07095	0	0	0	0	0	0
AT2G07110	0	0	0	0	0	0
AT2G07115	0	0	0	0	0	0
AT2G07120	0	0	0	0	0	0
AT2G07135	0	0	0	0	0	0
AT2G07140	0	0	0	2	0	0
AT2G07165	0	0	0	0	0	0
AT2G07170	40	32	43	75	67	87
AT2G07175	0	0	0	0	0	0
AT2G07180	1529	2024	1687	1438	1503	1313
AT2G07190	0	0	0	0	0	0
AT2G07195	0	0	0	1	0	0
AT2G07200	0	0	0	0	0	0
AT2G07205	0	0	0	0	0	0
AT2G07213	0	0	0	0	0	0
AT2G07215	0	0	0	0	0	0
AT2G07225	0	0	0	0	0	0
AT2G07235	0	0	0	0	0	0
AT2G07240	0	0	0	0	0	0
AT2G07245	0	0	0	0	1	0
AT2G07255	0	0	0	0	0	0
AT2G07265	2	3	1	1	5	1
AT2G07275	0	0	0	0	0	0
AT2G07280	0	0	0	0	0	0
AT2G07285	0	0	0	0	0	0
AT2G07290	0	0	0	0	0	0
AT2G07295	0	0	0	0	0	0
AT2G07305	0	0	0	0	0	0
AT2G07310	0	0	0	0	0	0
AT2G07315	0	0	0	0	0	0
AT2G07325	0	0	0	0	0	0
AT2G07335	0	0	0	0	0	0
AT2G07340	271	314	237	312	400	337
AT2G07345	2	2	4	0	2	0
AT2G07355	3	1	2	2	1	0
AT2G07360	1712	1845	1663	1553	1162	1510
AT2G07375	0	0	0	0	0	0
AT2G07385	0	0	0	0	0	0
AT2G07405	0	0	0	0	0	0
AT2G07415	0	0	0	0	0	0
AT2G07425	0	0	0	0	0	1
AT2G07435	5	5	2	10	5	6
AT2G07440	0	0	0	0	0	0
AT2G07445	0	0	0	0	0	0
AT2G07475	1	0	1	0	0	0
AT2G07485	1	0	0	0	1	0
AT2G07495	0	0	0	0	0	0
AT2G07505	0	0	0	0	0	0
AT2G07515	0	0	0	0	0	0
AT2G07525	0	0	0	0	0	0
AT2G07535	0	0	0	0	0	0
AT2G07545	0	0	0	0	0	0
AT2G07555	0	0	0	0	0	0
AT2G07560	0	0	0	0	0	0
AT2G07565	0	0	0	0	0	0
AT2G07575	0	0	0	0	1	0
AT2G07585	0	1	2	4	2	5
AT2G07595	0	0	0	0	0	0
AT2G07599	1	0	1	0	0	0
AT2G07605	0	0	1	0	0	0
AT2G07613	0	0	0	0	0	0
AT2G07615	0	0	0	0	0	0
AT2G07617	0	0	0	0	0	0
AT2G07621	0	0	0	0	0	0
AT2G07623	0	0	0	0	0	0
AT2G07625	0	0	0	0	0	0
AT2G07626	0	0	0	0	0	0
AT2G07627	0	0	0	0	0	0
AT2G07628	0	0	0	0	0	0
AT2G07629	1	4	1	1	4	1
AT2G07631	0	0	0	0	0	0
AT2G07632	0	0	0	0	0	0
AT2G07633	0	1	0	0	1	2
AT2G07634	0	0	0	0	0	0
AT2G07636	0	0	0	0	0	0
AT2G07637	0	0	0	0	0	0
AT2G07638	4	1	4	4	5	5
AT2G07640	0	0	0	0	0	0
AT2G07641	0	1	0	0	0	0
AT2G07642	0	2	0	0	0	1
AT2G07643	0	0	0	0	0	0
AT2G07644	0	0	0	0	0	0
AT2G07645	0	0	0	0	0	0
AT2G07646	0	0	0	0	0	0
AT2G07648	0	0	0	0	0	0
AT2G07652	0	0	0	0	0	0
AT2G07654	0	0	0	0	0	0
AT2G07655	0	0	1	0	0	0
AT2G07656	0	0	0	0	0	0
AT2G07658	0	0	0	0	0	0
AT2G07659	0	0	0	0	1	0
AT2G07661	0	0	0	0	0	0
AT2G07662	7	7	7	0	8	5
AT2G07665	0	0	2	0	1	0
AT2G07667	0	0	0	2	0	0
AT2G07669	0	0	0	0	0	0
AT2G07671	0	0	0	0	0	0
AT2G07672	0	0	0	0	0	0
AT2G07673	0	0	0	0	0	0
AT2G07674	0	1	3	0	0	0
AT2G07675	0	0	0	1	0	0
AT2G07676	0	0	0	0	0	0
AT2G07678	0	0	0	0	0	0
AT2G07680	157	179	167	148	113	134
AT2G07681	0	0	0	0	0	0
AT2G07684	0	0	0	0	0	0
AT2G07687	0	0	0	0	0	0
AT2G07689	0	0	1	0	0	0
AT2G07690	334	377	410	344	283	326
AT2G07691	0	0	0	0	0	0
AT2G07692	0	0	0	0	0	0
AT2G07695	1	0	1	0	0	0
AT2G07696	0	0	0	0	0	0
AT2G07698	1	5	1	1	2	1
AT2G07701	0	0	0	0	0	0
AT2G07702	0	0	0	0	0	0
AT2G07705	0	0	0	0	0	0
AT2G07706	0	0	0	0	0	1
AT2G07707	0	0	0	0	0	0
AT2G07708	0	1	0	0	0	0
AT2G07713	0	0	0	0	0	0
AT2G07714	0	0	0	0	0	0
AT2G07715	21	25	16	15	23	22
AT2G07718	0	0	0	0	0	0
AT2G07719	0	0	0	0	1	0
AT2G07721	0	0	0	0	0	0
AT2G07722	0	0	0	0	0	0
AT2G07724	0	0	0	0	0	0
AT2G07725	0	1	0	0	0	0
AT2G07727	4	0	0	0	2	0
AT2G07728	0	0	0	0	0	0
AT2G07732	0	0	0	0	0	0
AT2G07734	0	0	0	0	0	0
AT2G07738	0	0	0	0	0	0
AT2G07739	2	2	2	0	2	0
AT2G07741	0	0	0	0	0	0
AT2G07743	0	0	0	0	0	0
AT2G07745	0	0	0	0	0	0
AT2G07746	0	0	0	0	0	0
AT2G07748	0	0	0	0	0	0
AT2G07749	0	0	0	0	0	0
AT2G07750	0	0	0	0	0	0
AT2G07751	0	0	0	0	0	0
AT2G07752	0	0	0	0	0	0
AT2G07753	0	0	0	0	0	0
AT2G07754	0	0	0	0	0	0
AT2G07755	0	0	0	0	0	0
AT2G07756	0	0	0	0	0	0
AT2G07757	0	0	0	0	0	0
AT2G07758	0	0	0	0	0	0
AT2G07759	0	0	0	0	0	0
AT2G07760	0	0	0	0	0	0
AT2G07761	0	0	0	0	0	0
AT2G07762	0	0	0	0	0	0
AT2G07763	0	0	0	0	0	0
AT2G07764	0	0	0	0	0	0
AT2G07765	0	0	0	0	0	0
AT2G07766	0	0	0	0	0	0
AT2G07768	0	0	0	0	0	0
AT2G07771	0	0	0	0	0	0
AT2G07772	0	0	0	0	0	0
AT2G07773	0	0	0	0	0	0
AT2G07774	1	7	1	1	1	3
AT2G07775	0	1	1	0	2	0
AT2G07776	0	0	0	0	0	0
AT2G07777	0	0	0	0	0	0
AT2G07779	0	0	1	0	1	0
AT2G07785	0	0	0	0	0	0
AT2G07787	1	0	0	0	1	0
AT2G07792	1	0	1	0	0	0
AT2G07793	0	0	0	0	0	0
AT2G07794	0	0	0	0	0	0
AT2G07795	0	0	0	0	0	0
AT2G07798	0	0	0	2	0	0
AT2G07800	0	0	0	0	0	0
AT2G07805	0	0	0	0	0	0
AT2G07806	0	0	0	0	0	0
AT2G07810	0	0	0	0	0	0
AT2G07815	0	0	0	0	0	0
AT2G07820	0	0	0	0	0	0
AT2G07825	0	0	0	0	0	0
AT2G07827	0	0	0	0	0	0
AT2G07830	0	0	0	0	0	0
AT2G07835	1	0	0	0	1	0
AT2G07840	0	0	0	0	0	0
AT2G07845	0	2	0	0	1	1
AT2G07850	0	0	0	0	0	0
AT2G07855	0	0	0	0	0	0
AT2G07860	0	0	0	0	0	0
AT2G07865	0	0	0	0	0	0
AT2G07870	0	0	0	0	0	0
AT2G07875	13	20	10	6	14	19
AT2G07885	0	0	0	0	0	0
AT2G07890	0	0	1	0	0	0
AT2G07895	0	0	0	0	0	0
AT2G07900	0	0	0	0	0	0
AT2G07905	0	0	0	0	0	0
AT2G07910	0	0	0	0	0	0
AT2G07915	0	0	0	0	0	0
AT2G07925	0	0	0	0	0	0
AT2G07935	0	0	0	0	0	0
AT2G07940	0	0	0	0	0	0
AT2G07945	0	0	0	0	0	0
AT2G07950	12	5	12	14	1	12
AT2G07960	0	0	0	0	0	0
AT2G07965	0	0	0	0	0	0
AT2G07970	0	0	0	0	0	0
AT2G07975	0	0	0	0	0	0
AT2G07981	0	0	0	0	0	0
AT2G07985	0	0	0	0	0	0
AT2G07990	0	0	0	0	0	0
AT2G07995	0	0	0	0	0	0
AT2G08000	0	0	0	0	0	0
AT2G08005	0	0	0	0	0	0
AT2G08010	0	0	0	0	0	0
AT2G08015	0	0	0	0	0	0
AT2G08020	0	0	0	0	0	0
AT2G08025	2	3	4	7	3	2
AT2G08030	0	0	0	0	0	0
AT2G08035	0	0	0	0	0	0
AT2G08040	0	0	0	0	0	0
AT2G08045	0	0	0	0	0	0
AT2G08050	0	0	0	0	0	0
AT2G08055	0	0	0	0	0	0
AT2G08060	0	0	0	0	0	0
AT2G08070	0	0	0	0	0	0
AT2G08075	0	0	0	0	0	0
AT2G08085	0	0	0	0	0	0
AT2G08090	0	0	0	0	0	0
AT2G08095	0	1	1	0	0	2
AT2G08100	9	24	5	21	22	18
AT2G08105	0	0	0	0	0	0
AT2G08110	0	0	0	0	0	0
AT2G08115	0	0	0	0	0	0
AT2G08120	5	3	4	7	5	6
AT2G08125	0	0	0	0	0	0
AT2G08130	0	1	1	0	0	0
AT2G08135	0	2	1	0	1	0
AT2G08150	0	0	0	0	0	0
AT2G08155	0	0	0	0	0	0
AT2G08160	0	0	0	0	0	0
AT2G08165	0	0	0	0	0	0
AT2G08175	0	1	0	0	0	0
AT2G08180	0	0	0	0	0	0
AT2G08190	0	0	0	0	0	0
AT2G08195	0	0	0	0	0	0
AT2G08200	0	0	0	0	0	0
AT2G08205	0	0	0	1	0	0
AT2G08210	0	0	0	0	0	0
AT2G08215	0	1	1	1	0	0
AT2G08220	6	10	7	11	4	10
AT2G08230	0	0	0	0	0	0
AT2G08235	0	0	0	0	0	0
AT2G08240	0	0	0	0	0	0
AT2G08245	0	0	0	0	0	0
AT2G08250	0	0	0	0	0	0
AT2G08255	0	0	0	0	0	0
AT2G08260	0	0	0	0	0	0
AT2G08265	0	0	0	0	0	0
AT2G08270	0	0	0	0	0	0
AT2G08275	0	0	0	0	0	0
AT2G08280	0	0	0	0	0	0
AT2G08285	0	0	0	0	1	0
AT2G08290	0	0	0	1	0	0
AT2G08295	0	0	0	1	0	2
AT2G08300	0	0	0	0	0	0
AT2G08305	0	0	0	0	0	0
AT2G08310	0	0	0	0	0	0
AT2G08315	0	0	0	0	0	0
AT2G08320	0	0	0	0	0	0
AT2G08330	0	0	0	0	0	0
AT2G08335	0	0	0	0	0	0
AT2G08340	0	0	0	0	0	0
AT2G08345	0	0	0	0	0	0
AT2G08350	2	3	3	4	6	2
AT2G08355	0	0	0	0	0	0
AT2G08360	0	0	0	0	0	0
AT2G08365	0	0	0	0	0	0
AT2G08370	0	0	0	0	0	0
AT2G08375	0	0	0	0	0	0
AT2G08380	0	0	0	0	0	0
AT2G08385	0	0	0	0	0	0
AT2G08390	0	0	0	0	0	0
AT2G08395	0	2	0	0	0	0
AT2G08400	0	0	0	0	0	0
AT2G08405	0	0	0	0	0	0
AT2G08410	0	0	0	0	0	0
AT2G08415	0	0	0	0	0	0
AT2G08420	0	0	0	0	0	0
AT2G08425	0	0	0	0	0	0
AT2G08430	0	0	0	0	0	0
AT2G08435	13	14	23	7	10	8
AT2G08440	1	6	3	0	2	1
AT2G08445	2	2	3	3	3	1
AT2G08450	1	4	0	1	3	0
AT2G08455	0	0	0	0	0	0
AT2G08460	0	0	0	0	0	0
AT2G08465	0	1	0	1	0	0
AT2G08470	0	0	0	0	0	0
AT2G08475	0	0	0	0	0	0
AT2G08480	0	0	0	0	0	0
AT2G08485	0	0	0	0	0	0
AT2G08490	0	0	0	0	0	0
AT2G08495	0	0	0	0	0	0
AT2G08500	0	0	0	0	0	0
AT2G08505	0	0	0	0	0	0
AT2G08510	0	0	0	0	0	0
AT2G08515	0	0	0	0	0	0
AT2G08520	0	0	0	0	0	0
AT2G08525	0	0	0	0	0	0
AT2G08530	5	0	6	4	6	3
AT2G08535	0	0	0	0	0	0
AT2G08540	0	0	0	0	0	0
AT2G08545	0	2	0	1	2	1
AT2G08550	0	0	0	0	0	0
AT2G08555	0	1	0	0	0	0
AT2G08560	0	0	0	0	0	0
AT2G08565	0	0	0	0	0	0
AT2G08570	0	0	0	0	0	0
AT2G08575	8	20	9	8	18	7
AT2G08580	5	1	5	6	7	12
AT2G08585	3	0	3	5	1	4
AT2G08590	0	0	0	0	0	0
AT2G08595	0	0	0	0	0	0
AT2G08610	14	27	21	17	19	14
AT2G08620	0	0	0	0	0	0
AT2G08625	0	0	0	0	0	0
AT2G08630	0	0	0	0	0	0
AT2G08635	2	2	1	2	0	6
AT2G08640	0	0	0	0	0	0
AT2G08645	0	0	0	0	0	0
AT2G08650	2	4	3	2	1	2
AT2G08655	0	0	0	0	0	0
AT2G08660	0	0	0	0	0	0
AT2G08665	0	0	0	0	0	0
AT2G08670	0	0	0	0	0	0
AT2G08675	0	0	0	0	0	0
AT2G08680	0	0	0	0	0	0
AT2G08685	0	0	0	0	0	0
AT2G08690	0	0	0	0	0	0
AT2G08695	0	0	0	0	0	0
AT2G08700	0	0	0	0	0	0
AT2G08705	0	0	0	0	0	0
AT2G08710	0	0	0	0	0	0
AT2G08715	0	0	0	0	0	0
AT2G08720	0	0	0	0	0	0
AT2G08725	1	0	0	2	1	2
AT2G08730	0	0	0	0	0	0
AT2G08735	19	26	17	18	35	26
AT2G08740	0	0	0	0	0	0
AT2G08745	0	0	0	0	0	0
AT2G08750	0	0	0	0	0	0
AT2G08755	0	2	3	2	5	0
AT2G08760	2	4	2	10	3	8
AT2G08765	31	47	50	57	59	54
AT2G08770	0	0	0	0	0	0
AT2G08775	0	0	0	0	0	0
AT2G08780	0	0	0	0	0	0
AT2G08790	0	0	1	0	0	0
AT2G08795	0	0	0	0	1	1
AT2G08800	1	0	0	0	1	0
AT2G08805	0	0	0	0	0	0
AT2G08815	0	0	0	0	0	0
AT2G08820	0	0	0	0	0	0
AT2G08825	0	0	0	0	0	0
AT2G08830	0	0	1	0	0	0
AT2G08835	0	0	0	0	0	0
AT2G08845	0	0	0	0	0	0
AT2G08850	0	0	0	0	0	0
AT2G08855	0	0	0	0	0	0
AT2G08860	0	0	0	0	0	0
AT2G08865	20	23	11	25	13	27
AT2G08870	0	0	0	0	0	0
AT2G08875	0	0	0	0	0	0
AT2G08880	0	0	0	0	0	0
AT2G08885	0	0	0	0	0	0
AT2G08890	0	0	0	0	0	0
AT2G08895	0	3	9	0	0	0
AT2G08900	0	0	1	0	0	0
AT2G08905	0	0	1	0	0	0
AT2G08910	0	1	0	0	2	0
AT2G08915	0	0	0	0	0	0
AT2G08920	0	0	0	0	0	0
AT2G08925	0	0	0	0	0	0
AT2G08930	0	0	0	0	0	0
AT2G08935	0	0	0	0	0	0
AT2G08940	0	0	0	0	0	0
AT2G08945	0	0	0	0	0	0
AT2G08950	0	1	1	0	1	2
AT2G08955	0	1	2	2	0	0
AT2G08960	0	0	0	0	0	0
AT2G08965	1	4	4	0	1	0
AT2G08970	0	0	0	0	0	0
AT2G08975	0	0	0	0	0	0
AT2G08980	0	0	0	0	0	0
AT2G08985	0	0	0	0	0	0
AT2G08986	0	0	0	0	0	0
AT2G08990	0	0	0	0	0	0
AT2G08995	0	0	0	0	0	0
AT2G09000	0	0	0	0	0	0
AT2G09005	0	0	0	0	0	0
AT2G09010	0	0	0	0	0	0
AT2G09015	0	0	0	0	0	0
AT2G09020	0	0	0	0	0	0
AT2G09025	1	3	3	2	10	8
AT2G09035	0	0	1	0	0	0
AT2G09040	0	0	0	0	0	0
AT2G09045	0	0	0	0	0	0
AT2G09050	0	0	0	0	0	0
AT2G09055	0	0	0	0	0	0
AT2G09060	0	0	0	0	0	0
AT2G09065	0	0	0	0	0	0
AT2G09070	0	0	0	0	0	0
AT2G09075	0	0	0	0	0	0
AT2G09080	0	0	0	0	0	0
AT2G09085	0	0	0	3	2	0
AT2G09090	1	0	0	1	4	3
AT2G09095	0	0	0	0	0	0
AT2G09100	0	0	0	0	0	0
AT2G09105	0	0	0	0	0	0
AT2G09110	0	0	0	0	0	0
AT2G09115	0	0	0	0	0	0
AT2G09120	0	0	0	0	0	0
AT2G09125	0	0	0	0	0	0
AT2G09130	0	0	0	0	0	0
AT2G09135	0	0	0	0	0	0
AT2G09140	0	1	0	0	0	0
AT2G09150	0	0	0	0	0	0
AT2G09155	0	0	0	0	0	0
AT2G09160	0	0	0	0	0	0
AT2G09165	3	4	2	5	1	3
AT2G09170	1	1	3	2	4	3
AT2G09175	0	0	0	0	0	0
AT2G09180	0	0	0	0	0	0
AT2G09185	0	0	0	0	0	0
AT2G09190	18	21	23	13	17	23
AT2G09195	0	0	0	5	2	3
AT2G09200	0	0	0	1	0	1
AT2G09205	1	1	3	0	0	0
AT2G09210	0	0	0	0	0	0
AT2G09215	0	0	0	0	0	0
AT2G09220	0	0	0	0	0	0
AT2G09225	16	28	20	11	2	13
AT2G09230	0	0	0	0	0	0
AT2G09235	0	0	0	0	0	0
AT2G09240	0	0	0	0	0	0
AT2G09245	0	0	0	0	0	0
AT2G09250	0	0	0	0	0	0
AT2G09255	0	0	0	0	0	0
AT2G09260	0	0	0	0	0	0
AT2G09265	0	0	1	0	0	0
AT2G09270	0	0	0	0	0	0
AT2G09280	0	0	0	0	0	0
AT2G09285	0	0	0	0	0	0
AT2G09290	0	0	0	0	0	0
AT2G09295	0	0	0	0	0	0
AT2G09300	0	0	0	0	0	0
AT2G09305	7	13	5	15	4	7
AT2G09310	0	0	0	0	0	0
AT2G09315	0	0	0	0	0	0
AT2G09320	0	0	0	0	0	0
AT2G09325	0	0	0	0	0	0
AT2G09330	0	0	0	0	0	0
AT2G09335	0	0	0	0	0	0
AT2G09340	0	0	0	0	0	0
AT2G09345	1	0	0	0	0	0
AT2G09350	0	0	0	0	0	0
AT2G09355	0	0	0	0	0	0
AT2G09360	0	0	0	0	0	0
AT2G09365	0	0	0	1	0	0
AT2G09370	0	0	0	0	0	0
AT2G09375	0	0	0	0	0	0
AT2G09380	0	0	0	0	0	0
AT2G09385	0	0	0	0	0	0
AT2G09388	0	0	0	0	0	0
AT2G09390	0	0	0	0	0	0
AT2G09395	0	0	0	0	0	0
AT2G09400	0	0	0	1	2	1
AT2G09405	0	0	0	0	0	0
AT2G09410	0	0	0	0	0	0
AT2G09415	0	0	0	0	0	0
AT2G09420	1	1	0	0	2	1
AT2G09425	13	9	9	12	3	8
AT2G09430	0	0	0	0	0	0
AT2G09435	0	0	0	0	0	0
AT2G09440	5	7	6	3	2	6
AT2G09445	0	0	0	0	0	0
AT2G09450	0	0	0	0	0	0
AT2G09455	2	4	8	2	7	5
AT2G09460	0	0	0	0	0	0
AT2G09465	0	0	0	0	0	0
AT2G09470	0	0	0	0	0	0
AT2G09475	2	0	0	0	0	0
AT2G09480	0	0	0	0	0	0
AT2G09490	4	8	8	2	3	3
AT2G09495	2	5	2	2	1	5
AT2G09500	1	1	2	3	1	1
AT2G09505	0	0	0	0	0	0
AT2G09510	2	1	3	0	1	0
AT2G09515	0	0	0	1	1	0
AT2G09525	2	2	6	2	2	3
AT2G09530	0	0	0	0	0	0
AT2G09535	0	0	0	0	0	0
AT2G09540	0	0	0	0	0	0
AT2G09545	0	0	0	0	0	0
AT2G09550	0	0	0	0	0	0
AT2G09555	0	0	0	0	0	0
AT2G09560	0	0	0	0	0	0
AT2G09565	0	2	0	1	1	1
AT2G09570	0	0	0	0	0	0
AT2G09575	2	0	0	0	0	1
AT2G09585	0	0	0	0	0	0
AT2G09590	0	0	0	0	0	0
AT2G09605	0	0	0	0	0	0
AT2G09610	0	0	0	0	0	0
AT2G09615	0	0	0	0	0	0
AT2G09620	0	0	0	0	0	0
AT2G09625	0	0	0	0	0	0
AT2G09630	0	0	0	0	0	0
AT2G09635	0	0	0	0	0	0
AT2G09640	0	0	0	0	0	0
AT2G09645	0	0	0	0	0	0
AT2G09650	0	1	0	0	0	0
AT2G09655	0	0	0	0	0	0
AT2G09660	0	0	0	0	0	0
AT2G09665	0	0	0	0	0	0
AT2G09670	0	0	0	0	0	0
AT2G09675	0	0	0	0	0	0
AT2G09680	0	0	0	0	0	0
AT2G09685	0	0	0	0	0	0
AT2G09690	0	0	0	0	0	0
AT2G09695	0	0	0	0	0	0
AT2G09700	0	0	0	0	0	0
AT2G09705	1	0	0	0	0	0
AT2G09710	12	20	12	11	10	18
AT2G09715	0	0	0	0	0	0
AT2G09720	0	0	0	0	0	0
AT2G09725	0	0	0	0	0	0
AT2G09730	0	0	0	0	0	0
AT2G09735	0	0	0	0	0	0
AT2G09740	0	0	0	0	0	0
AT2G09745	4	6	0	5	3	0
AT2G09750	0	0	0	0	0	0
AT2G09755	0	0	0	0	0	0
AT2G09760	0	0	0	0	0	0
AT2G09765	0	0	0	0	0	0
AT2G09770	0	0	0	0	0	0
AT2G09775	0	0	0	0	0	0
AT2G09780	0	0	0	0	0	0
AT2G09785	0	0	0	0	0	0
AT2G09795	135	137	120	162	155	149
AT2G09805	0	0	0	0	0	0
AT2G09815	0	1	0	0	1	1
AT2G09825	0	0	0	0	0	0
AT2G09835	0	0	0	0	0	0
AT2G09838	0	0	0	0	0	0
AT2G09840	0	0	0	0	0	0
AT2G09845	0	0	0	0	0	0
AT2G09875	0	0	0	1	1	2
AT2G09885	0	0	0	0	0	1
AT2G09895	0	0	0	0	0	0
AT2G09905	0	0	0	0	0	0
AT2G09915	0	0	0	0	0	0
AT2G09925	4	3	2	1	0	1
AT2G09935	0	0	0	0	0	0
AT2G09945	0	0	0	0	0	0
AT2G09955	0	0	0	0	0	0
AT2G09965	0	0	0	0	0	0
AT2G09970	0	0	0	0	0	0
AT2G09975	0	0	0	0	0	0
AT2G09990	822	903	900	749	961	969
AT2G09995	0	0	3	0	1	1
AT2G10020	0	0	0	0	0	0
AT2G10025	0	0	0	0	0	0
AT2G10260	0	0	0	0	0	0
AT2G10440	0	1	2	0	0	0
AT2G10450	0	0	0	0	0	0
AT2G10455	0	0	0	0	0	0
AT2G10535	0	0	0	0	0	0
AT2G10537	0	0	0	0	0	0
AT2G10545	0	0	0	0	0	0
AT2G10550	0	0	0	0	0	0
AT2G10553	0	0	0	0	0	0
AT2G10556	0	0	0	0	0	0
AT2G10557	0	0	0	0	0	0
AT2G10560	0	0	0	0	0	0
AT2G10602	0	0	0	0	0	0
AT2G10606	1	0	0	1	1	1
AT2G10608	1	0	4	0	1	1
AT2G10615	0	0	0	0	0	0
AT2G10625	0	0	0	0	0	0
AT2G10920	0	0	0	0	0	0
AT2G10921	0	0	0	0	0	0
AT2G10930	4	1	5	5	5	2
AT2G10931	40	47	33	64	58	51
AT2G10940	3951	4058	3852	5014	7081	5278
AT2G10950	211	221	230	204	219	202
AT2G10955	0	0	0	0	0	0
AT2G10965	0	0	0	0	0	0
AT2G10970	0	0	0	0	0	0
AT2G10975	0	0	0	0	3	0
AT2G11000	404	420	393	413	332	402
AT2G11005	0	0	0	0	0	0
AT2G11010	0	0	0	0	0	0
AT2G11015	0	0	0	0	0	0
AT2G11025	0	0	0	0	0	0
AT2G11035	24	28	41	41	33	36
AT2G11045	0	0	0	0	0	0
AT2G11200	0	0	0	0	0	0
AT2G11205	0	0	0	0	0	0
AT2G11215	181	260	182	233	83	219
AT2G11225	3213	4421	3667	3611	3102	3514
AT2G11270	6	6	11	4	5	4
AT2G11271	0	0	0	0	0	0
AT2G11405	0	0	0	0	0	0
AT2G11462	0	0	0	0	0	0
AT2G11520	413	480	501	292	311	288
AT2G11522	0	0	0	0	0	0
AT2G11570	0	0	0	0	0	0
AT2G11620	0	0	0	0	0	0
AT2G11623	0	0	0	0	0	0
AT2G11626	0	0	0	0	0	0
AT2G11773	0	0	0	0	0	0
AT2G11778	0	0	0	0	0	0
AT2G11810	3	1	4	3	1	1
AT2G11815	3	0	0	1	0	1
AT2G11851	0	0	0	0	0	0
AT2G11852	0	0	0	0	0	0
AT2G11890	600	705	628	611	607	632
AT2G11891	7	4	9	6	4	1
AT2G11910	535	618	593	711	861	844
AT2G12170	18	26	25	39	35	43
AT2G12190	10	8	7	9	11	8
AT2G12200	0	0	0	0	0	0
AT2G12205	0	0	0	0	0	0
AT2G12280	0	0	0	0	0	0
AT2G12290	0	0	0	0	0	0
AT2G12400	94	67	103	143	126	142
AT2G12405	0	0	0	0	0	0
AT2G12461	13	11	19	29	21	21
AT2G12462	10	21	17	35	42	41
AT2G12465	0	0	0	1	0	0
AT2G12475	0	0	0	0	0	0
AT2G12480	0	2	2	2	0	1
AT2G12550	184	199	201	211	191	191
AT2G12646	4	5	9	10	6	13
AT2G12875	0	0	0	0	0	0
AT2G12880	0	0	0	0	0	0
AT2G12900	0	0	0	0	0	0
AT2G12905	0	0	0	0	0	0
AT2G12935	0	0	0	0	0	0
AT2G12940	0	0	0	0	0	0
AT2G12945	0	0	0	0	0	0
AT2G13100	454	514	420	538	489	513
AT2G13105	0	0	0	0	0	0
AT2G13125	0	0	0	0	0	0
AT2G13126	0	0	0	0	0	0
AT2G13150	0	0	0	0	0	0
AT2G13275	0	0	0	0	0	0
AT2G13290	151	165	145	155	164	161
AT2G13295	0	0	0	0	0	0
AT2G13350	0	0	0	0	0	0
AT2G13360	8048	10095	8112	9823	11528	8439
AT2G13370	1193	1412	1400	1378	982	1324
AT2G13422	0	0	0	0	0	0
AT2G13430	0	0	1	0	0	2
AT2G13440	334	390	362	464	414	463
AT2G13450	0	0	0	0	0	0
AT2G13463	0	0	0	1	0	0
AT2G13500	0	0	0	0	0	0
AT2G13510	0	0	0	0	0	0
AT2G13540	608	678	639	682	620	701
AT2G13542	0	0	0	0	0	0
AT2G13547	0	0	0	0	0	4
AT2G13550	29	20	30	40	39	63
AT2G13555	0	0	0	0	0	0
AT2G13560	2369	2687	2560	2506	2020	2240
AT2G13570	6	4	3	3	2	3
AT2G13600	28	24	36	62	56	71
AT2G13610	135	224	189	199	217	216
AT2G13620	0	1	0	0	0	0
AT2G13630	0	0	0	0	0	0
AT2G13640	1	5	4	0	0	0
AT2G13650	251	297	324	174	155	178
AT2G13660	0	0	0	0	0	0
AT2G13665	0	0	0	0	0	0
AT2G13680	2	5	3	7	7	4
AT2G13690	94	85	74	132	103	116
AT2G13720	0	0	0	0	0	0
AT2G13760	0	0	0	0	0	0
AT2G13770	0	0	0	0	0	0
AT2G13790	732	919	1015	296	258	271
AT2G13800	207	262	280	149	140	166
AT2G13810	1	14	12	0	1	0
AT2G13820	29	32	37	85	55	98
AT2G13840	147	171	134	155	166	174
AT2G13845	0	0	0	0	0	0
AT2G13895	0	0	0	0	0	0
AT2G13900	0	0	0	0	0	2
AT2G13905	0	0	0	0	0	0
AT2G13950	0	0	0	0	0	0
AT2G13960	16	13	13	10	9	24
AT2G13965	85	99	80	104	153	105
AT2G13980	0	0	0	0	0	0
AT2G13985	0	0	0	0	0	0
AT2G14000	0	0	0	0	0	0
AT2G14045	204	279	227	229	246	236
AT2G14050	81	79	80	112	85	99
AT2G14060	0	2	0	1	3	1
AT2G14070	2	1	0	0	1	2
AT2G14080	364	390	356	432	322	365
AT2G14095	3	1	12	3	1	1
AT2G14100	20	19	23	40	23	54
AT2G14110	71	94	64	81	95	79
AT2G14115	29	45	40	23	47	27
AT2G14120	990	1150	1056	992	800	881
AT2G14160	5	14	18	8	7	3
AT2G14170	2253	2854	2578	1910	1962	1587
AT2G14210	6	4	6	3	4	7
AT2G14247	54	171	96	74	312	55
AT2G14255	677	866	758	640	713	725
AT2G14260	574	723	607	661	698	663
AT2G14265	0	0	0	0	0	0
AT2G14270	2	0	0	0	0	0
AT2G14282	0	0	0	0	0	0
AT2G14285	89	114	91	107	138	151
AT2G14288	0	0	0	0	0	0
AT2G14289	0	0	0	0	0	0
AT2G14290	13	21	22	2	0	1
AT2G14365	2	1	0	0	0	0
AT2G14378	0	0	0	0	0	0
AT2G14390	0	0	0	0	0	0
AT2G14395	0	0	0	0	0	0
AT2G14440	0	1	0	2	2	2
AT2G14460	106	97	94	84	104	107
AT2G14500	0	0	0	0	0	0
AT2G14510	22	20	10	22	23	48
AT2G14520	42	32	38	36	36	21
AT2G14530	190	238	218	262	228	279
AT2G14540	0	0	0	0	0	0
AT2G14560	7	72	78	18	146	18
AT2G14580	5	11	8	9	7	17
AT2G14610	1	3	37	0	183	1
AT2G14620	6	6	9	6	7	6
AT2G14635	0	0	0	0	0	0
AT2G14660	30	23	25	42	45	61
AT2G14670	0	0	0	0	0	0
AT2G14680	304	403	345	328	316	305
AT2G14690	1	0	0	0	1	0
AT2G14692	0	0	0	0	0	0
AT2G14695	0	0	0	0	0	0
AT2G14700	0	0	0	0	0	0
AT2G14710	0	0	0	0	0	0
AT2G14720	1042	1341	1244	1109	1044	974
AT2G14740	283	293	274	360	331	352
AT2G14750	608	930	786	330	359	318
AT2G14755	0	0	1	0	0	0
AT2G14760	0	0	0	2	0	1
AT2G14765	0	0	0	0	0	0
AT2G14775	16	19	11	18	16	21
AT2G14800	1	4	3	8	5	8
AT2G14810	0	0	0	0	0	0
AT2G14820	4	13	10	9	19	13
AT2G14825	63	75	66	55	63	53
AT2G14830	0	0	0	0	0	0
AT2G14835	632	771	647	598	664	659
AT2G14846	0	0	0	0	0	0
AT2G14850	117	115	95	99	131	108
AT2G14860	21	14	16	34	38	47
AT2G14870	0	0	0	0	0	0
AT2G14878	773	972	904	923	927	869
AT2G14880	218	245	240	365	387	405
AT2G14890	986	946	910	1550	1582	1624
AT2G14900	409	668	417	314	439	316
AT2G14910	1536	2047	1677	1784	1938	1720
AT2G14920	0	0	0	0	1	0
AT2G14935	0	0	0	0	0	0
AT2G14945	0	0	0	0	0	0
AT2G14960	0	3	2	1	4	3
AT2G15000	85	94	103	99	160	144
AT2G15010	0	0	0	0	2	4
AT2G15020	0	0	0	1	3	0
AT2G15025	0	0	0	0	0	0
AT2G15029	4	3	2	5	3	0
AT2G15042	5	8	16	3	1	6
AT2G15050	478	572	486	419	468	510
AT2G15080	312	511	378	262	213	315
AT2G15090	739	724	688	1142	749	1030
AT2G15110	0	0	0	0	0	0
AT2G15128	70	79	93	113	119	105
AT2G15130	11	10	13	5	12	19
AT2G15170	0	0	0	0	0	0
AT2G15180	0	0	0	0	0	0
AT2G15185	0	0	0	0	0	0
AT2G15220	647	944	895	567	427	513
AT2G15230	221	289	241	248	247	257
AT2G15240	412	462	431	433	404	425
AT2G15260	0	0	0	0	0	0
AT2G15270	172	192	164	129	192	189
AT2G15280	103	129	125	139	155	157
AT2G15290	881	865	958	904	806	873
AT2G15292	361	451	365	369	386	383
AT2G15300	41	53	57	81	86	74
AT2G15310	17	33	22	18	15	18
AT2G15318	0	0	0	1	0	1
AT2G15320	124	180	129	136	114	133
AT2G15325	0	0	0	0	0	0
AT2G15327	0	0	0	0	0	0
AT2G15340	4	0	1	3	0	0
AT2G15345	0	0	0	0	0	0
AT2G15350	0	1	0	1	0	3
AT2G15360	1	0	0	0	0	0
AT2G15370	3	2	3	6	9	6
AT2G15390	388	614	617	144	100	131
AT2G15400	7	6	6	13	5	5
AT2G15420	0	0	0	0	0	0
AT2G15430	281	287	289	305	311	285
AT2G15440	8	18	13	17	10	11
AT2G15450	0	1	0	0	0	0
AT2G15460	0	0	0	0	0	0
AT2G15470	0	0	0	0	0	0
AT2G15480	2171	2815	3257	436	472	430
AT2G15490	2046	2397	3314	373	386	298
AT2G15500	0	0	1	0	0	0
AT2G15530	404	434	409	331	301	345
AT2G15535	0	0	0	0	0	0
AT2G15555	1	0	0	0	0	0
AT2G15560	334	339	357	315	326	298
AT2G15570	306	392	345	312	375	345
AT2G15580	655	823	624	736	838	682
AT2G15590	0	0	1	0	0	0
AT2G15610	0	0	0	0	0	0
AT2G15620	2967	2612	2577	3120	2017	2911
AT2G15630	28	22	19	27	28	30
AT2G15640	0	0	0	0	0	0
AT2G15660	1	0	0	0	0	0
AT2G15670	0	0	0	0	0	0
AT2G15680	0	0	0	0	0	0
AT2G15690	44	48	50	71	108	89
AT2G15695	595	761	643	592	527	540
AT2G15710	0	0	0	0	0	0
AT2G15730	56	78	74	46	65	81
AT2G15740	0	0	0	0	0	0
AT2G15760	97	151	158	19	22	10
AT2G15770	0	0	0	0	0	0
AT2G15780	301	367	376	2	0	0
AT2G15790	117	161	127	158	145	173
AT2G15820	143	155	137	181	155	154
AT2G15830	65	112	112	122	81	115
AT2G15860	337	383	347	393	300	346
AT2G15880	1214	2075	2396	841	1045	915
AT2G15890	5417	7425	5579	5679	7039	5946
AT2G15900	631	785	708	633	463	559
AT2G15910	392	558	442	363	453	314
AT2G15950	0	0	0	0	0	0
AT2G15960	3061	5254	3169	3180	4106	2974
AT2G15970	1170	1435	1109	2431	2288	2059
AT2G15980	100	54	85	92	76	94
AT2G16005	14	1	6	58	29	39
AT2G16015	0	0	0	0	0	0
AT2G16016	0	0	0	0	0	0
AT2G16018	0	0	0	0	0	0
AT2G16019	0	0	0	0	0	0
AT2G16020	0	0	0	0	0	0
AT2G16030	0	0	0	0	0	0
AT2G16040	0	0	0	0	0	0
AT2G16050	64	50	54	44	34	37
AT2G16060	1029	2467	2146	311	1337	315
AT2G16070	209	323	264	202	269	218
AT2G16090	155	167	166	202	165	209
AT2G16120	0	0	0	0	0	0
AT2G16130	0	0	0	0	0	0
AT2G16145	0	0	0	0	0	0
AT2G16190	0	0	0	0	0	0
AT2G16200	0	0	0	0	0	0
AT2G16210	0	0	1	0	1	0
AT2G16220	0	0	0	0	0	0
AT2G16225	0	0	0	0	0	0
AT2G16230	1	0	0	0	5	3
AT2G16240	0	0	0	0	0	0
AT2G16245	1	4	3	3	4	6
AT2G16250	117	142	134	136	100	128
AT2G16270	30	36	32	85	47	43
AT2G16280	712	690	690	572	608	544
AT2G16290	0	0	0	0	0	0
AT2G16300	0	0	0	0	0	0
AT2G16340	0	0	0	0	1	0
AT2G16360	1	0	1	0	0	0
AT2G16365	415	553	460	589	652	531
AT2G16370	429	549	475	539	394	513
AT2G16380	447	541	458	360	350	361
AT2G16385	11	17	17	7	13	13
AT2G16390	149	184	151	186	137	193
AT2G16400	384	453	371	551	547	545
AT2G16405	290	392	388	369	321	324
AT2G16430	132	153	160	184	109	189
AT2G16440	261	267	285	234	182	242
AT2G16450	0	0	1	0	3	0
AT2G16460	116	157	157	105	108	134
AT2G16485	747	878	865	930	587	870
AT2G16490	0	0	0	0	0	0
AT2G16500	2608	3261	3921	1380	1472	1462
AT2G16505	0	0	0	0	0	0
AT2G16510	1530	1889	1649	1248	1449	1217
AT2G16520	0	0	0	0	0	0
AT2G16530	82	99	77	89	78	79
AT2G16535	0	0	0	0	0	0
AT2G16570	45	45	50	46	49	63
AT2G16575	0	1	2	1	0	0
AT2G16580	3	4	4	7	8	9
AT2G16586	1	0	1	4	0	1
AT2G16592	0	0	0	0	0	0
AT2G16594	0	0	0	0	0	0
AT2G16595	110	117	115	82	84	87
AT2G16600	4114	5460	4773	4963	4971	4514
AT2G16620	0	0	0	0	0	0
AT2G16630	114	93	72	81	69	65
AT2G16640	1423	1620	1560	1503	1177	1389
AT2G16650	253	374	312	337	249	266
AT2G16660	184	199	200	120	79	102
AT2G16676	0	0	0	0	0	0
AT2G16700	485	674	659	381	364	453
AT2G16710	507	698	576	391	453	366
AT2G16720	64	71	71	91	65	77
AT2G16730	0	0	0	0	0	0
AT2G16740	124	148	135	136	90	108
AT2G16750	59	73	73	75	127	64
AT2G16760	28	34	50	35	25	20
AT2G16770	53	48	50	55	37	42
AT2G16780	325	290	291	338	308	331
AT2G16790	200	352	233	179	175	182
AT2G16800	327	359	305	429	422	390
AT2G16810	0	0	0	1	0	0
AT2G16835	0	0	0	0	0	0
AT2G16850	50	64	41	85	58	95
AT2G16860	590	664	600	597	568	594
AT2G16870	41	59	80	46	45	39
AT2G16880	111	139	152	173	167	173
AT2G16890	27	14	25	19	32	38
AT2G16900	554	831	923	299	268	329
AT2G16910	2	2	3	2	5	0
AT2G16920	481	538	476	530	350	458
AT2G16930	443	516	444	445	485	433
AT2G16940	1693	1950	1818	2022	1939	2030
AT2G16950	1487	1644	1578	1395	1139	1239
AT2G16953	0	0	1	0	0	0
AT2G16960	0	0	0	0	0	0
AT2G16970	0	2	3	7	5	2
AT2G16980	8	4	2	22	11	31
AT2G16990	14	8	9	64	18	50
AT2G17000	0	0	0	0	0	0
AT2G17010	1	1	1	1	1	2
AT2G17020	267	328	302	318	282	350
AT2G17030	120	156	171	157	140	143
AT2G17033	418	522	462	505	451	440
AT2G17036	74	86	75	86	86	84
AT2G17040	97	116	85	19	27	7
AT2G17043	0	0	0	0	0	0
AT2G17050	40	56	45	31	32	39
AT2G17055	4	4	2	7	1	2
AT2G17060	16	22	27	24	32	45
AT2G17070	0	1	2	2	1	1
AT2G17080	0	1	4	0	1	2
AT2G17090	0	0	1	0	0	0
AT2G17110	295	382	383	283	228	260
AT2G17120	260	292	242	169	178	179
AT2G17130	604	744	785	518	571	492
AT2G17140	40	45	53	72	44	90
AT2G17150	234	277	248	327	198	326
AT2G17160	0	0	0	0	0	0
AT2G17170	0	0	0	0	0	0
AT2G17180	0	0	0	0	0	0
AT2G17190	904	1021	1097	899	798	797
AT2G17200	1567	1995	1860	1518	1556	1470
AT2G17210	25	38	30	30	23	25
AT2G17220	460	555	559	243	194	259
AT2G17230	365	323	333	425	462	376
AT2G17240	605	697	594	657	732	673
AT2G17250	356	377	359	368	350	339
AT2G17260	31	37	27	40	32	45
AT2G17265	351	372	395	424	468	364
AT2G17270	43	50	55	71	79	69
AT2G17280	69	71	67	43	60	47
AT2G17290	788	1034	1019	654	531	598
AT2G17295	0	0	0	0	0	0
AT2G17300	16	18	11	24	22	32
AT2G17305	0	0	0	0	0	0
AT2G17310	0	0	0	0	0	0
AT2G17320	282	343	334	388	376	367
AT2G17340	443	522	436	607	571	514
AT2G17350	203	293	258	228	325	201
AT2G17360	2425	2693	2613	2135	2422	2385
AT2G17370	126	116	132	157	124	121
AT2G17380	502	724	505	470	552	428
AT2G17390	1299	1768	1444	1532	1604	1361
AT2G17410	648	716	736	753	565	699
AT2G17420	2301	3108	2922	1561	1437	1514
AT2G17430	59	107	75	55	72	55
AT2G17440	445	544	557	454	426	461
AT2G17442	19	29	17	27	23	35
AT2G17450	616	752	600	585	684	631
AT2G17470	6	1	2	8	4	9
AT2G17480	463	469	537	337	270	262
AT2G17500	967	1592	1487	679	609	522
AT2G17510	662	764	804	682	564	625
AT2G17520	1135	1421	1394	911	708	780
AT2G17525	167	179	140	163	69	163
AT2G17530	369	450	406	341	296	343
AT2G17540	201	227	229	232	248	276
AT2G17550	480	555	447	413	363	415
AT2G17560	689	752	739	700	667	709
AT2G17570	113	131	152	87	117	126
AT2G17580	281	266	264	268	169	266
AT2G17590	0	1	3	0	1	1
AT2G17600	0	0	0	0	2	0
AT2G17620	8	2	14	15	13	9
AT2G17630	127	127	137	128	102	148
AT2G17640	176	219	174	244	228	213
AT2G17650	61	47	56	79	53	66
AT2G17660	0	0	1	1	1	2
AT2G17670	139	120	120	147	167	139
AT2G17680	0	0	0	0	0	0
AT2G17690	0	0	0	0	0	0
AT2G17695	125	138	85	210	178	184
AT2G17700	255	308	290	333	285	302
AT2G17705	385	443	475	210	236	210
AT2G17710	255	474	337	278	486	274
AT2G17720	980	1394	1313	667	723	734
AT2G17723	0	0	0	0	0	0
AT2G17730	275	372	292	383	358	376
AT2G17740	324	338	414	303	112	275
AT2G17750	0	0	0	0	0	0
AT2G17760	517	551	652	404	267	351
AT2G17770	10	8	1	11	12	10
AT2G17780	80	75	67	71	70	79
AT2G17785	0	0	0	0	0	0
AT2G17787	176	206	234	195	236	187
AT2G17790	522	650	569	541	493	536
AT2G17800	313	338	304	340	311	357
AT2G17810	0	1	0	0	0	0
AT2G17820	285	371	317	437	363	396
AT2G17830	21	28	26	41	43	49
AT2G17840	797	974	968	952	856	756
AT2G17845	2	2	0	0	0	0
AT2G17850	16	28	27	0	17	2
AT2G17860	0	1	4	0	0	0
AT2G17870	717	880	874	789	805	779
AT2G17880	1010	1237	985	959	1030	913
AT2G17890	2	2	1	2	2	1
AT2G17900	94	81	115	89	93	83
AT2G17905	0	0	0	0	0	0
AT2G17920	0	0	0	0	0	0
AT2G17930	1084	1259	1175	1634	941	1270
AT2G17940	0	1	0	1	2	0
AT2G17950	0	0	0	0	0	0
AT2G17960	0	0	0	0	0	0
AT2G17970	157	154	137	184	160	183
AT2G17972	0	0	0	1	2	0
AT2G17975	152	190	146	178	183	165
AT2G17980	666	699	677	678	586	598
AT2G17990	400	598	473	602	613	534
AT2G18000	40	37	31	29	31	39
AT2G18010	10	12	8	11	10	8
AT2G18020	4293	4535	4916	3852	4331	4484
AT2G18025	0	1	2	1	1	1
AT2G18030	199	254	227	189	200	217
AT2G18040	817	1000	956	858	893	829
AT2G18050	121	106	89	350	314	525
AT2G18060	9	8	7	11	4	8
AT2G18070	0	0	0	0	0	0
AT2G18080	0	0	0	0	0	0
AT2G18090	1090	1260	1256	790	692	884
AT2G18100	60	60	71	68	54	46
AT2G18110	1126	1492	1177	1142	1078	1070
AT2G18120	0	1	2	3	3	5
AT2G18130	0	0	0	0	0	0
AT2G18140	0	0	0	0	0	1
AT2G18150	90	146	168	29	26	48
AT2G18160	811	1100	956	927	1124	849
AT2G18170	295	369	293	302	287	276
AT2G18180	0	1	1	8	2	0
AT2G18190	2	4	0	4	16	6
AT2G18193	136	169	207	191	248	128
AT2G18196	62	39	51	85	72	104
AT2G18200	0	0	0	0	0	0
AT2G18210	46	49	39	36	21	24
AT2G18220	295	360	334	443	375	407
AT2G18230	53	74	47	96	87	100
AT2G18240	79	106	66	113	123	104
AT2G18245	119	152	132	136	152	163
AT2G18250	183	227	169	198	215	175
AT2G18260	21	28	28	29	21	35
AT2G18270	0	0	0	0	0	0
AT2G18280	1367	1710	1478	1937	1810	1689
AT2G18290	243	252	216	288	343	291
AT2G18300	612	794	567	1235	1066	1216
AT2G18310	0	0	0	0	0	0
AT2G18320	1	0	1	1	1	0
AT2G18328	31	48	32	40	37	35
AT2G18330	287	281	231	286	239	295
AT2G18340	0	1	1	1	1	2
AT2G18350	171	231	196	176	158	179
AT2G18360	104	124	110	156	171	149
AT2G18370	128	188	167	282	379	222
AT2G18380	15	26	23	12	29	26
AT2G18390	242	278	269	266	287	279
AT2G18400	197	188	213	223	244	193
AT2G18410	132	124	131	146	125	130
AT2G18420	0	0	0	0	0	0
AT2G18440	2798	3322	2681	3964	4431	4165
AT2G18450	11	11	16	7	9	8
AT2G18460	0	0	0	0	0	0
AT2G18465	82	96	107	94	97	75
AT2G18470	4	2	2	4	3	3
AT2G18480	33	46	28	13	9	12
AT2G18490	4	2	1	7	2	3
AT2G18500	24	25	28	25	26	25
AT2G18510	302	314	344	374	254	346
AT2G18520	54	51	43	53	48	74
AT2G18530	0	0	0	0	0	0
AT2G18540	3	1	3	0	1	4
AT2G18550	4	2	0	1	0	1
AT2G18560	71	79	70	137	116	163
AT2G18570	27	29	20	64	55	61
AT2G18590	0	0	0	0	0	0
AT2G18600	37	57	57	61	43	44
AT2G18620	7	4	4	4	5	3
AT2G18630	174	187	195	213	173	218
AT2G18640	0	1	1	2	0	2
AT2G18650	28	16	29	27	18	36
AT2G18660	6	19	22	0	22	2
AT2G18670	207	275	246	167	165	166
AT2G18680	65	81	100	25	20	19
AT2G18685	0	0	0	0	0	0
AT2G18690	1887	2177	3009	661	422	559
AT2G18700	2898	3545	3694	1485	1740	1696
AT2G18710	1198	1320	1307	1440	1408	1275
AT2G18720	3	0	0	1	1	4
AT2G18721	0	0	0	0	0	0
AT2G18730	520	659	604	519	509	506
AT2G18735	98	115	122	87	104	101
AT2G18740	518	734	562	518	619	491
AT2G18750	1216	1677	1466	1259	1108	1223
AT2G18760	209	241	217	279	219	242
AT2G18770	156	164	150	173	165	170
AT2G18780	17	21	12	27	10	28
AT2G18790	539	533	535	494	425	514
AT2G18800	1	0	1	5	4	3
AT2G18810	0	0	0	0	0	0
AT2G18830	0	0	0	0	0	0
AT2G18840	250	306	279	307	364	305
AT2G18850	130	129	129	144	137	117
AT2G18860	306	463	344	238	231	194
AT2G18870	0	0	0	0	0	1
AT2G18876	284	355	294	299	276	288
AT2G18880	0	0	1	0	1	0
AT2G18890	49	62	49	71	93	48
AT2G18900	421	427	416	569	477	510
AT2G18910	436	459	370	336	419	320
AT2G18915	242	255	279	308	304	247
AT2G18917	1	0	0	0	0	0
AT2G18920	0	0	0	0	0	0
AT2G18938	8	2	1	1	5	0
AT2G18940	343	371	358	465	404	405
AT2G18950	309	407	312	343	229	334
AT2G18960	10662	11436	11094	12799	8270	11332
AT2G18969	0	0	0	0	0	0
AT2G18970	1	0	0	0	0	1
AT2G18980	64	46	60	111	113	168
AT2G18990	102	126	86	142	116	145
AT2G19000	0	0	0	0	0	0
AT2G19010	0	0	0	0	0	0
AT2G19020	0	0	0	0	0	0
AT2G19030	0	0	0	0	0	0
AT2G19040	0	0	0	0	0	0
AT2G19045	0	0	0	0	0	0
AT2G19050	5	0	9	2	3	2
AT2G19060	11	6	7	5	11	12
AT2G19070	0	0	0	0	0	0
AT2G19080	286	418	308	325	289	324
AT2G19090	34	40	35	63	33	76
AT2G19110	419	383	414	477	387	531
AT2G19120	76	82	61	108	91	102
AT2G19130	229	277	306	201	160	202
AT2G19146	0	0	0	0	0	1
AT2G19150	6	5	8	4	11	3
AT2G19160	378	446	447	239	212	263
AT2G19170	93	147	112	145	146	211
AT2G19180	356	421	332	324	381	287
AT2G19190	331	285	398	187	85	266
AT2G19210	1	0	1	0	0	0
AT2G19220	0	0	0	0	0	0
AT2G19230	0	0	0	0	0	0
AT2G19240	21	37	39	22	23	20
AT2G19260	152	193	170	139	155	147
AT2G19270	323	409	407	315	372	356
AT2G19280	108	108	113	152	128	111
AT2G19290	0	0	0	0	0	0
AT2G19300	0	0	0	0	0	0
AT2G19310	150	220	161	188	243	198
AT2G19320	2	0	0	0	0	0
AT2G19330	6	7	10	4	10	3
AT2G19340	4	1	4	2	5	2
AT2G19350	94	112	103	86	94	96
AT2G19360	0	1	0	0	0	0
AT2G19365	0	0	0	0	0	0
AT2G19380	51	50	39	56	50	76
AT2G19385	122	161	128	162	170	189
AT2G19390	316	340	275	353	270	322
AT2G19400	100	100	86	104	103	103
AT2G19410	2	0	0	1	1	1
AT2G19420	0	0	0	0	0	0
AT2G19425	0	0	0	0	0	0
AT2G19430	228	250	218	237	262	254
AT2G19440	1	1	1	4	5	6
AT2G19450	736	913	964	730	606	695
AT2G19460	100	157	125	86	96	79
AT2G19470	653	720	721	568	561	559
AT2G19480	2101	2406	2146	2337	2507	2264
AT2G19490	85	112	109	155	142	133
AT2G19500	7	7	15	10	7	0
AT2G19510	0	0	0	0	0	0
AT2G19520	441	513	479	558	494	593
AT2G19530	24	22	19	34	41	31
AT2G19540	915	1015	960	1093	988	992
AT2G19550	1	2	0	5	8	2
AT2G19560	192	267	243	177	196	200
AT2G19570	0	0	0	0	0	0
AT2G19572	0	0	0	3	1	0
AT2G19580	15	17	15	29	27	29
AT2G19582	1	1	1	1	4	1
AT2G19590	91	90	122	72	90	66
AT2G19600	231	274	231	277	264	256
AT2G19610	0	1	2	2	0	8
AT2G19620	41	58	65	100	61	72
AT2G19630	0	0	0	0	0	0
AT2G19640	135	166	149	148	135	144
AT2G19650	49	72	68	53	35	54
AT2G19660	23	28	10	48	33	40
AT2G19670	60	52	56	74	71	82
AT2G19680	392	451	433	349	424	370
AT2G19690	8	13	14	18	13	16
AT2G19700	0	0	0	0	0	0
AT2G19710	318	352	419	220	195	185
AT2G19720	88	125	94	125	131	100
AT2G19730	2084	2142	2208	1551	1868	1948
AT2G19740	741	909	844	629	778	753
AT2G19750	583	640	632	569	733	687
AT2G19760	1233	1528	1316	1161	1363	1106
AT2G19770	0	0	0	0	0	0
AT2G19780	11	9	17	13	19	15
AT2G19790	534	689	631	558	645	541
AT2G19796	0	0	0	0	0	0
AT2G19800	3505	4395	4673	961	2374	1134
AT2G19802	0	0	0	2	0	2
AT2G19810	727	786	662	494	466	659
AT2G19820	0	0	0	0	0	0
AT2G19830	818	1113	931	887	1040	882
AT2G19850	0	0	0	0	0	0
AT2G19860	304	321	286	393	356	362
AT2G19870	361	283	335	371	403	433
AT2G19880	406	434	393	310	312	309
AT2G19890	4	1	3	2	1	2
AT2G19893	0	0	0	0	0	0
AT2G19900	2	2	5	10	4	15
AT2G19910	47	49	41	68	52	78
AT2G19920	15	17	19	35	9	36
AT2G19930	64	87	76	177	103	150
AT2G19940	566	538	573	595	534	524
AT2G19950	460	569	519	532	449	509
AT2G19960	0	0	1	0	3	1
AT2G19970	4	4	3	15	18	25
AT2G19980	0	3	3	1	0	1
AT2G19990	2	12	5	11	12	31
AT2G20000	305	330	295	337	284	310
AT2G20010	502	646	709	409	298	399
AT2G20020	514	456	458	526	488	576
AT2G20030	1	3	4	4	6	5
AT2G20050	1488	1571	1508	1430	1144	1333
AT2G20060	397	410	402	423	483	465
AT2G20070	0	0	0	0	0	0
AT2G20080	1	4	6	8	7	7
AT2G20100	56	97	63	99	68	80
AT2G20110	29	44	46	36	33	39
AT2G20120	618	708	653	542	607	601
AT2G20130	315	317	360	186	203	237
AT2G20140	562	642	625	614	509	582
AT2G20142	157	244	215	39	62	52
AT2G20150	1	3	0	0	0	2
AT2G20160	0	0	1	0	0	0
AT2G20170	0	0	0	0	0	0
AT2G20180	276	349	306	427	340	421
AT2G20190	1401	1416	1435	1493	987	1356
AT2G20208	0	0	0	0	0	0
AT2G20210	118	157	129	143	132	146
AT2G20230	1552	2082	1660	1828	1968	1680
AT2G20240	66	52	72	93	76	83
AT2G20250	32	41	34	41	43	38
AT2G20260	3147	3859	3356	4338	5261	4129
AT2G20270	411	459	381	404	495	402
AT2G20280	646	718	695	717	735	642
AT2G20290	93	147	128	144	100	179
AT2G20300	291	365	288	340	280	335
AT2G20310	102	112	109	112	107	100
AT2G20320	428	499	566	309	191	271
AT2G20330	556	667	601	679	541	618
AT2G20340	46	64	44	55	71	68
AT2G20350	0	0	0	0	0	0
AT2G20360	1598	1867	1805	1829	1447	1552
AT2G20362	4	5	4	5	1	7
AT2G20370	281	336	371	301	273	305
AT2G20380	0	0	0	0	0	0
AT2G20390	214	253	222	242	373	267
AT2G20400	121	188	152	164	144	183
AT2G20410	165	187	179	143	152	137
AT2G20420	1551	1788	2012	1541	1310	1492
AT2G20430	0	0	0	0	0	0
AT2G20440	117	168	162	160	180	172
AT2G20450	864	1007	1015	836	1045	1153
AT2G20463	0	0	0	0	0	0
AT2G20465	0	0	0	0	0	0
AT2G20470	0	1	1	4	2	2
AT2G20480	11	17	10	19	20	14
AT2G20490	244	278	278	303	331	329
AT2G20495	75	120	85	84	96	101
AT2G20500	0	0	0	0	0	0
AT2G20510	0	0	2	1	2	1
AT2G20515	7	13	15	18	26	21
AT2G20520	12	5	24	3	13	3
AT2G20530	558	633	596	660	713	678
AT2G20540	12	14	10	16	21	20
AT2G20550	16	24	18	31	20	34
AT2G20560	78	76	114	32	40	50
AT2G20562	68	125	131	22	12	15
AT2G20570	895	1136	923	814	754	790
AT2G20580	1577	1744	1699	1921	1452	1610
AT2G20585	107	140	140	165	171	187
AT2G20590	9	8	6	20	12	19
AT2G20595	0	0	0	0	0	0
AT2G20597	0	0	0	0	0	0
AT2G20605	0	0	0	0	0	0
AT2G20610	1196	1527	1510	605	540	640
AT2G20613	0	0	0	0	0	0
AT2G20616	0	0	0	0	0	0
AT2G20618	0	0	0	0	0	0
AT2G20619	0	0	0	0	0	0
AT2G20620	0	1	0	1	0	0
AT2G20625	0	0	0	0	0	0
AT2G20630	692	842	806	682	613	615
AT2G20635	26	38	48	46	50	59
AT2G20650	96	97	114	99	90	130
AT2G20660	0	0	0	0	0	0
AT2G20670	5394	6723	4724	4917	5366	4979
AT2G20680	98	108	124	140	115	119
AT2G20690	607	634	646	658	587	589
AT2G20700	3	1	4	2	0	1
AT2G20710	4	8	2	9	10	7
AT2G20720	3	1	1	7	1	0
AT2G20721	12	18	18	21	21	17
AT2G20722	3	0	2	1	5	2
AT2G20723	8	11	28	16	17	13
AT2G20725	514	713	543	537	704	519
AT2G20740	484	702	546	472	595	437
AT2G20750	1	3	7	12	9	4
AT2G20760	1312	1536	1573	1156	1286	1218
AT2G20770	32	41	46	28	52	44
AT2G20780	336	505	423	342	307	288
AT2G20784	0	0	0	0	0	0
AT2G20790	396	419	433	445	358	417
AT2G20800	8	6	6	9	18	6
AT2G20805	0	0	0	0	0	0
AT2G20810	208	205	202	227	166	213
AT2G20815	31	40	31	23	39	37
AT2G20820	1239	1561	1430	1380	1531	1315
AT2G20825	7	12	17	1	2	0
AT2G20830	315	446	399	361	384	345
AT2G20835	14	26	12	42	58	36
AT2G20840	191	262	205	229	253	215
AT2G20850	275	313	269	288	242	296
AT2G20860	1600	1871	1871	1757	1812	1763
AT2G20870	0	1	0	0	0	0
AT2G20873	0	0	0	0	0	0
AT2G20875	2	11	8	8	6	8
AT2G20880	0	2	1	2	0	0
AT2G20890	2209	2150	2150	2876	2782	2754
AT2G20900	792	1202	1121	425	480	387
AT2G20920	791	1178	994	828	1129	758
AT2G20921	0	1	0	0	0	0
AT2G20930	193	249	220	268	245	247
AT2G20940	72	75	89	72	91	90
AT2G20950	876	1278	1097	769	634	732
AT2G20960	1433	1785	1805	1000	843	970
AT2G20970	0	1	0	0	0	1
AT2G20980	61	56	58	45	39	43
AT2G20990	2572	2925	2721	2603	2832	2540
AT2G21010	0	0	0	0	1	0
AT2G21030	0	1	0	1	4	2
AT2G21040	0	2	1	1	1	1
AT2G21045	151	138	151	212	315	213
AT2G21050	36	40	31	71	53	76
AT2G21060	1551	1825	1678	1503	1610	1576
AT2G21070	133	154	123	157	145	169
AT2G21080	175	227	171	260	221	189
AT2G21090	90	91	111	140	136	142
AT2G21100	36	31	48	41	46	36
AT2G21105	0	0	0	0	0	0
AT2G21110	0	0	0	0	0	0
AT2G21120	722	868	774	503	416	479
AT2G21130	159	206	180	207	233	239
AT2G21140	281	294	263	113	148	132
AT2G21150	445	576	457	450	470	474
AT2G21160	1439	1628	1622	1274	1286	1363
AT2G21170	2609	2987	2693	2898	3214	2668
AT2G21180	116	143	90	128	198	153
AT2G21185	0	0	0	0	0	0
AT2G21187	2	1	4	1	5	6
AT2G21188	22	42	29	20	28	33
AT2G21190	485	635	582	392	354	354
AT2G21195	162	197	184	179	238	195
AT2G21200	7	10	4	12	11	7
AT2G21210	60	39	44	139	109	130
AT2G21220	8	11	15	8	11	12
AT2G21230	406	429	380	377	321	367
AT2G21235	5	1	3	1	2	1
AT2G21237	0	0	0	0	0	0
AT2G21240	602	736	631	633	615	573
AT2G21250	787	1022	901	1086	1127	1032
AT2G21260	1	1	0	3	1	1
AT2G21270	565	735	623	582	645	548
AT2G21280	412	462	395	505	582	488
AT2G21290	658	723	607	624	788	587
AT2G21300	405	483	495	480	474	508
AT2G21320	5	2	5	1	5	4
AT2G21330	798	811	861	1125	1400	1049
AT2G21340	248	265	249	317	321	329
AT2G21350	30	43	23	26	52	35
AT2G21360	0	0	0	0	0	0
AT2G21370	112	112	73	171	175	227
AT2G21380	589	621	491	693	584	722
AT2G21385	515	515	533	502	579	584
AT2G21390	3197	3205	3288	2971	2358	2765
AT2G21400	1	0	5	4	6	0
AT2G21410	1124	1327	1195	1377	1080	1167
AT2G21420	0	0	0	0	0	1
AT2G21430	16	19	11	17	15	12
AT2G21440	593	581	540	753	644	788
AT2G21450	0	0	2	4	0	3
AT2G21455	0	0	0	0	0	0
AT2G21465	0	0	0	0	0	0
AT2G21470	662	758	789	582	459	602
AT2G21480	0	0	3	0	0	0
AT2G21490	4	1	2	1	6	7
AT2G21500	274	385	376	233	196	218
AT2G21510	2	4	5	1	2	0
AT2G21520	1578	1984	1921	1359	1347	1340
AT2G21530	349	398	297	532	549	525
AT2G21540	240	250	210	298	253	259
AT2G21550	43	67	59	47	47	45
AT2G21560	42	44	32	100	61	92
AT2G21570	0	0	0	0	0	0
AT2G21580	1189	1282	1221	990	1307	1318
AT2G21590	67	83	66	113	88	95
AT2G21595	0	0	0	0	1	0
AT2G21600	443	532	496	474	542	486
AT2G21610	1	2	1	1	0	2
AT2G21620	3032	4328	4491	1647	1654	1486
AT2G21630	187	170	193	202	184	217
AT2G21640	43	56	60	137	160	78
AT2G21650	0	2	2	1	2	1
AT2G21655	0	0	0	0	0	0
AT2G21660	44071	54893	45284	72268	79611	72569
AT2G21670	0	0	0	0	0	0
AT2G21680	0	0	0	0	0	0
AT2G21690	0	0	0	0	0	0
AT2G21700	0	0	0	0	0	0
AT2G21710	97	83	85	127	93	123
AT2G21720	4	0	4	0	4	2
AT2G21725	0	0	0	0	0	0
AT2G21727	0	0	0	0	0	0
AT2G21730	5	5	2	1	3	1
AT2G21740	0	0	0	0	0	0
AT2G21750	0	0	0	0	0	0
AT2G21770	10	7	10	12	9	11
AT2G21780	2	1	6	2	3	5
AT2G21790	777	854	838	877	690	875
AT2G21800	16	23	24	31	25	24
AT2G21810	0	0	0	0	0	0
AT2G21820	0	1	6	1	8	2
AT2G21830	59	76	49	111	64	106
AT2G21840	47	33	70	60	65	62
AT2G21850	85	94	91	72	60	75
AT2G21860	348	342	341	398	436	413
AT2G21870	2776	3409	3140	3046	3137	2760
AT2G21880	16	19	29	9	22	14
AT2G21890	1	0	1	2	0	2
AT2G21900	21	37	37	0	9	4
AT2G21910	0	0	0	0	0	0
AT2G21920	0	0	0	0	0	0
AT2G21930	0	0	1	0	2	1
AT2G21940	160	190	192	155	164	166
AT2G21950	19	29	22	20	26	25
AT2G21960	466	487	454	624	642	592
AT2G21970	346	392	266	420	473	356
AT2G21980	0	0	0	0	0	0
AT2G21990	0	0	0	0	1	1
AT2G22000	28	34	30	40	30	32
AT2G22010	861	1081	1026	833	522	654
AT2G22030	0	0	0	0	0	0
AT2G22040	0	0	0	0	0	0
AT2G22050	0	0	0	0	0	0
AT2G22055	0	0	0	0	0	0
AT2G22060	1	0	0	0	0	0
AT2G22070	31	30	20	36	20	39
AT2G22080	560	801	559	653	772	633
AT2G22088	4	6	8	5	14	7
AT2G22090	59	92	63	68	87	63
AT2G22100	93	123	122	131	103	102
AT2G22110	0	0	0	0	0	0
AT2G22120	182	235	214	236	195	232
AT2G22121	0	0	0	0	0	0
AT2G22122	106	118	76	270	166	221
AT2G22125	2467	2619	2497	2802	1727	2601
AT2G22140	12	16	16	22	23	25
AT2G22145	0	0	0	0	0	0
AT2G22155	0	0	0	0	0	0
AT2G22160	0	0	0	0	0	0
AT2G22170	813	883	698	1003	1132	958
AT2G22180	0	0	0	0	0	0
AT2G22190	66	76	42	109	36	65
AT2G22200	11	9	4	20	12	16
AT2G22220	0	0	0	0	0	0
AT2G22230	504	461	512	497	509	506
AT2G22240	38	68	55	55	48	60
AT2G22241	0	0	0	0	0	0
AT2G22250	439	556	609	240	207	232
AT2G22260	40	53	50	33	46	45
AT2G22270	168	155	163	153	148	147
AT2G22280	0	0	0	0	0	0
AT2G22290	2	2	2	4	0	1
AT2G22300	1516	1945	1978	1015	868	915
AT2G22310	113	112	108	117	106	116
AT2G22320	0	2	3	0	0	0
AT2G22330	641	920	859	673	466	624
AT2G22340	0	0	0	0	0	0
AT2G22345	0	0	0	0	0	0
AT2G22360	520	537	595	510	465	456
AT2G22370	94	108	108	108	114	104
AT2G22380	0	0	0	0	0	0
AT2G22400	1110	1301	1217	1416	1241	1303
AT2G22410	27	17	22	34	35	49
AT2G22420	41	54	69	39	37	58
AT2G22425	514	686	608	497	644	466
AT2G22426	0	0	1	2	1	0
AT2G22430	2670	3396	2662	2793	2545	2575
AT2G22440	0	0	0	0	0	0
AT2G22450	683	748	644	813	737	812
AT2G22460	0	1	2	1	2	0
AT2G22465	0	0	0	0	0	0
AT2G22470	557	639	779	174	153	164
AT2G22475	278	335	319	241	225	221
AT2G22480	514	653	635	492	349	452
AT2G22482	0	0	0	0	0	0
AT2G22490	324	441	420	348	334	283
AT2G22496	0	0	1	2	3	3
AT2G22500	359	489	563	210	168	196
AT2G22510	70	79	72	218	121	127
AT2G22520	0	0	0	0	0	0
AT2G22530	149	171	183	192	160	222
AT2G22540	466	514	387	534	659	575
AT2G22560	78	78	99	61	51	54
AT2G22570	129	173	152	157	140	124
AT2G22580	0	0	0	0	0	0
AT2G22590	0	0	1	0	1	0
AT2G22600	10	11	5	11	4	7
AT2G22610	26	41	44	96	37	86
AT2G22620	31	59	62	30	14	11
AT2G22630	11	3	6	17	10	11
AT2G22640	122	149	125	110	145	116
AT2G22650	103	108	133	137	178	147
AT2G22660	1597	2088	1758	2146	1818	1748
AT2G22668	0	0	0	0	0	0
AT2G22670	777	877	684	1061	1012	1043
AT2G22680	132	143	161	147	76	143
AT2G22690	104	138	136	104	87	82
AT2G22720	866	1010	939	911	984	906
AT2G22730	27	51	44	52	36	44
AT2G22740	133	156	145	141	153	173
AT2G22750	0	0	0	3	0	0
AT2G22760	1	0	2	0	1	0
AT2G22770	81	118	106	134	147	148
AT2G22780	1200	1489	1424	1150	1104	1160
AT2G22790	54	62	39	44	74	45
AT2G22795	675	770	739	886	644	851
AT2G22800	99	129	138	82	109	75
AT2G22805	0	0	0	0	0	0
AT2G22807	0	0	0	0	0	0
AT2G22810	0	5	0	3	8	10
AT2G22820	0	0	0	0	0	0
AT2G22821	1	2	1	3	3	2
AT2G22830	91	91	86	138	112	143
AT2G22840	138	189	177	288	300	273
AT2G22850	0	0	2	0	0	0
AT2G22860	154	203	200	46	27	38
AT2G22870	163	157	170	160	155	180
AT2G22880	0	0	0	0	0	0
AT2G22890	104	106	112	88	63	112
AT2G22900	100	99	110	114	84	121
AT2G22905	1	0	1	0	1	1
AT2G22910	286	365	326	335	304	326
AT2G22920	11	10	4	30	43	51
AT2G22930	3	5	5	4	9	6
AT2G22940	0	0	0	0	0	0
AT2G22941	0	0	0	0	0	0
AT2G22942	0	0	0	0	0	0
AT2G22950	0	0	0	0	2	0
AT2G22955	0	0	0	0	0	0
AT2G22960	0	0	0	0	0	0
AT2G22970	251	320	264	345	288	305
AT2G22980	537	721	528	630	800	790
AT2G22990	2371	2850	2269	2102	1911	1931
AT2G23000	1	4	15	20	10	10
AT2G23010	4	4	14	3	5	9
AT2G23020	0	0	0	0	0	0
AT2G23030	151	177	152	256	246	304
AT2G23040	53	57	51	48	66	65
AT2G23050	3	8	8	18	19	17
AT2G23060	4	1	1	2	0	4
AT2G23067	0	0	0	0	0	0
AT2G23070	1803	2123	2009	1698	1569	1609
AT2G23080	248	284	280	280	245	275
AT2G23090	2639	3530	2972	2744	3017	2362
AT2G23093	49	85	46	63	61	66
AT2G23096	0	0	1	0	3	0
AT2G23100	117	116	112	58	71	70
AT2G23110	4	1	1	1	5	6
AT2G23118	0	0	0	0	0	0
AT2G23120	960	1185	973	853	1055	800
AT2G23130	102	105	88	86	139	71
AT2G23140	384	483	470	391	349	330
AT2G23142	0	0	0	0	0	0
AT2G23148	0	0	0	0	0	0
AT2G23150	266	295	280	202	137	177
AT2G23160	0	0	0	0	0	0
AT2G23170	363	483	445	50	291	129
AT2G23180	31	73	42	49	36	55
AT2G23190	0	0	1	1	1	0
AT2G23200	105	164	162	92	82	79
AT2G23210	0	0	0	1	0	0
AT2G23220	0	0	0	0	0	0
AT2G23230	0	0	0	0	0	0
AT2G23240	2	0	3	1	1	3
AT2G23250	0	0	0	0	0	0
AT2G23260	0	8	10	1	1	0
AT2G23270	157	232	207	46	9	34
AT2G23290	224	214	199	132	179	166
AT2G23300	29	35	39	35	37	45
AT2G23310	602	620	601	584	586	515
AT2G23320	1922	2428	2549	795	777	782
AT2G23321	0	0	1	2	0	0
AT2G23340	102	143	144	80	78	120
AT2G23347	2	2	2	9	4	1
AT2G23348	8	10	17	12	15	18
AT2G23350	2156	2200	2288	2275	1974	2466
AT2G23360	142	129	164	189	116	153
AT2G23370	179	200	200	197	173	208
AT2G23380	424	449	463	400	292	389
AT2G23390	436	457	419	522	603	459
AT2G23400	0	0	1	0	1	0
AT2G23410	4	2	7	2	0	1
AT2G23420	766	866	1082	352	304	328
AT2G23430	144	176	131	216	220	178
AT2G23440	0	0	0	0	0	0
AT2G23445	0	0	0	0	0	0
AT2G23450	779	1038	1057	482	473	488
AT2G23460	640	736	743	722	627	696
AT2G23470	49	49	57	81	87	96
AT2G23510	0	0	0	0	0	0
AT2G23520	243	273	193	314	260	305
AT2G23530	10	8	5	9	11	10
AT2G23540	141	135	167	332	222	209
AT2G23550	7	4	9	12	10	11
AT2G23560	40	51	42	39	89	31
AT2G23570	0	0	0	0	0	0
AT2G23580	0	0	0	0	0	0
AT2G23590	1	3	1	2	5	6
AT2G23600	828	1108	871	1168	1271	1049
AT2G23610	349	445	364	434	435	407
AT2G23620	42	35	25	42	37	29
AT2G23630	4	3	6	6	10	6
AT2G23640	0	0	2	0	0	0
AT2G23650	0	0	0	0	0	0
AT2G23660	0	0	0	0	0	0
AT2G23670	0	0	0	0	0	0
AT2G23672	1	0	0	0	0	0
AT2G23680	565	837	819	267	309	227
AT2G23690	72	110	94	56	68	57
AT2G23700	76	92	84	131	87	81
AT2G23740	361	409	375	437	252	426
AT2G23755	19	34	25	23	22	18
AT2G23760	391	478	474	347	385	331
AT2G23770	176	233	224	103	105	129
AT2G23780	238	304	294	292	297	256
AT2G23790	410	588	513	418	533	408
AT2G23800	0	0	0	0	0	0
AT2G23810	2343	3122	3236	1057	1216	1071
AT2G23820	204	221	255	179	209	237
AT2G23830	20	24	13	10	7	8
AT2G23834	0	0	0	0	0	0
AT2G23840	80	84	57	90	90	103
AT2G23890	251	327	277	312	306	298
AT2G23900	0	0	0	0	0	0
AT2G23910	136	176	166	114	109	101
AT2G23930	607	734	634	636	929	682
AT2G23940	209	294	206	223	260	221
AT2G23945	0	1	2	1	0	0
AT2G23950	114	179	130	186	120	186
AT2G23960	2	12	5	3	6	5
AT2G23970	1	1	0	0	3	2
AT2G23980	1546	2024	1854	1312	1258	1258
AT2G23985	24	31	27	36	43	32
AT2G23987	0	0	0	0	0	0
AT2G23990	0	0	0	0	0	0
AT2G24000	0	0	0	0	0	0
AT2G24010	2	1	1	1	2	6
AT2G24020	1171	1178	1109	1123	1121	1061
AT2G24030	5	5	4	8	2	6
AT2G24040	69	121	86	73	62	66
AT2G24050	656	524	662	705	630	653
AT2G24060	561	518	476	674	685	665
AT2G24070	10	3	6	16	6	8
AT2G24080	0	0	0	0	0	0
AT2G24090	1412	1467	1510	1537	1773	1607
AT2G24100	456	621	561	226	236	213
AT2G24103	0	0	0	0	0	0
AT2G24120	685	673	671	909	721	939
AT2G24130	7	4	5	0	0	3
AT2G24140	8	7	3	9	6	20
AT2G24150	275	342	255	330	329	360
AT2G24170	44	50	79	96	52	87
AT2G24180	2518	3538	4227	1245	896	1228
AT2G24190	12	18	12	20	16	20
AT2G24195	17	62	43	0	0	2
AT2G24200	4155	5755	6299	2499	2418	2472
AT2G24205	0	0	0	0	0	0
AT2G24210	0	0	0	0	0	0
AT2G24220	35	30	19	42	35	33
AT2G24230	55	68	65	81	67	107
AT2G24240	192	239	199	153	157	147
AT2G24250	44	43	46	54	51	45
AT2G24255	3	7	1	7	3	3
AT2G24260	249	295	308	222	225	243
AT2G24270	1225	1423	1152	1699	1612	1651
AT2G24280	770	956	693	795	625	727
AT2G24285	1	1	5	0	1	0
AT2G24290	336	368	258	375	420	375
AT2G24300	50	56	51	88	81	112
AT2G24310	0	0	0	0	0	0
AT2G24320	0	0	2	1	0	1
AT2G24330	225	272	269	269	203	242
AT2G24340	0	0	0	0	0	0
AT2G24350	14	29	30	25	35	35
AT2G24360	1353	1748	1526	1311	1083	1071
AT2G24370	0	0	0	0	0	0
AT2G24380	0	0	0	0	0	0
AT2G24390	58	58	62	77	94	60
AT2G24395	96	114	120	124	128	116
AT2G24400	4	0	3	4	7	3
AT2G24410	0	0	1	0	0	0
AT2G24420	577	704	556	648	598	586
AT2G24430	58	106	100	63	73	58
AT2G24440	21	31	14	25	23	28
AT2G24450	0	0	0	0	0	0
AT2G24460	0	0	1	0	0	0
AT2G24470	0	0	0	0	0	0
AT2G24480	0	0	0	0	0	0
AT2G24490	101	134	127	101	99	127
AT2G24500	706	861	956	644	682	641
AT2G24510	0	0	0	0	0	0
AT2G24520	557	595	544	537	466	482
AT2G24530	61	105	105	114	79	84
AT2G24535	4	2	3	3	5	2
AT2G24540	0	0	0	0	0	0
AT2G24545	2	3	0	6	4	6
AT2G24550	818	1106	919	535	580	645
AT2G24560	0	0	0	2	4	11
AT2G24570	181	206	261	239	201	223
AT2G24580	218	289	212	241	215	277
AT2G24590	431	555	526	522	521	512
AT2G24592	118	171	130	142	206	133
AT2G24600	688	757	824	125	98	109
AT2G24610	11	9	12	14	8	13
AT2G24615	0	0	0	0	0	0
AT2G24617	0	0	0	0	0	0
AT2G24620	0	0	0	0	0	0
AT2G24625	0	0	0	0	0	0
AT2G24630	77	67	82	96	103	102
AT2G24640	243	308	303	219	224	182
AT2G24645	14	21	20	26	25	33
AT2G24650	298	407	335	376	297	352
AT2G24670	0	0	0	0	0	0
AT2G24680	5	3	9	22	8	17
AT2G24681	1	3	1	2	1	0
AT2G24683	0	1	2	1	4	0
AT2G24690	213	270	237	291	261	256
AT2G24692	2	1	1	0	1	0
AT2G24693	0	0	0	0	0	0
AT2G24696	0	0	0	0	0	0
AT2G24700	32	32	38	48	29	42
AT2G24710	2	0	0	1	5	1
AT2G24720	7	19	9	21	20	37
AT2G24735	1	2	0	0	0	0
AT2G24740	0	0	1	0	0	0
AT2G24755	300	351	306	358	329	346
AT2G24762	11	17	12	43	48	59
AT2G24765	778	881	783	764	827	813
AT2G24780	0	0	0	0	0	0
AT2G24790	1465	1833	1460	1796	1903	1755
AT2G24800	4	10	7	9	18	17
AT2G24810	0	0	0	0	0	0
AT2G24820	659	752	631	808	583	714
AT2G24830	195	194	188	205	205	216
AT2G24840	0	0	0	0	0	0
AT2G24850	9	35	71	2	18	1
AT2G24860	517	652	595	336	437	301
AT2G24870	1	3	4	2	3	2
AT2G24880	0	0	0	0	0	0
AT2G24940	715	881	749	911	889	750
AT2G24945	22	21	21	32	38	36
AT2G24950	0	0	0	0	0	0
AT2G24960	58	59	55	73	44	75
AT2G24970	16	32	33	36	26	39
AT2G24980	47	30	129	20	39	20
AT2G24990	407	363	396	406	380	396
AT2G25000	316	360	324	273	291	243
AT2G25010	173	205	189	228	233	227
AT2G25011	0	0	0	0	1	0
AT2G25050	185	206	191	273	174	253
AT2G25055	4	1	4	3	0	6
AT2G25060	60	90	83	162	116	165
AT2G25070	906	1172	926	886	925	806
AT2G25080	2090	2344	2161	2030	2265	1684
AT2G25090	36	62	71	48	47	55
AT2G25095	10	12	16	20	13	10
AT2G25100	115	119	109	114	156	158
AT2G25110	641	685	646	414	356	492
AT2G25120	0	0	0	0	0	0
AT2G25125	0	0	0	0	0	0
AT2G25130	0	1	2	0	2	2
AT2G25140	138	144	154	201	209	192
AT2G25150	1	3	3	6	5	11
AT2G25160	10	10	15	24	24	21
AT2G25169	0	0	2	1	0	0
AT2G25170	1060	1265	1210	1234	936	1179
AT2G25171	0	0	0	2	0	0
AT2G25180	330	355	376	296	215	268
AT2G25185	0	0	0	0	0	0
AT2G25190	262	336	321	256	231	247
AT2G25200	224	295	181	175	246	199
AT2G25210	636	872	731	544	690	686
AT2G25215	4	6	6	0	2	2
AT2G25220	50	55	39	34	53	42
AT2G25230	0	0	0	0	0	0
AT2G25240	15	11	28	6	6	2
AT2G25250	229	273	271	200	262	224
AT2G25260	86	82	118	106	89	84
AT2G25270	63	69	61	100	80	102
AT2G25280	333	481	391	425	407	396
AT2G25290	133	153	154	101	119	113
AT2G25295	0	0	3	0	0	0
AT2G25297	117	283	236	51	38	34
AT2G25300	138	213	181	138	145	148
AT2G25305	0	0	0	0	0	0
AT2G25310	507	655	541	531	636	543
AT2G25312	0	0	0	0	2	0
AT2G25320	578	623	620	713	418	588
AT2G25330	1	2	0	2	0	5
AT2G25340	0	0	0	0	0	0
AT2G25344	0	0	0	0	0	0
AT2G25350	133	168	132	155	155	148
AT2G25355	76	108	90	107	101	119
AT2G25360	0	0	0	0	0	2
AT2G25370	0	0	0	0	0	0
AT2G25400	0	0	0	0	0	0
AT2G25409	0	0	1	0	0	0
AT2G25410	4	5	2	4	2	6
AT2G25420	113	120	130	136	120	105
AT2G25430	1368	1537	1492	1363	1387	1281
AT2G25440	0	1	4	6	7	1
AT2G25450	7834	10778	9714	5056	4727	4337
AT2G25460	207	327	330	34	40	35
AT2G25470	27	17	12	18	4	16
AT2G25480	166	140	110	201	204	237
AT2G25482	0	0	0	0	0	0
AT2G25490	1017	1426	1529	1352	1341	1605
AT2G25500	0	0	0	0	0	0
AT2G25510	65	308	387	124	835	70
AT2G25520	1340	1663	1593	1371	1313	1347
AT2G25530	32	47	42	67	36	45
AT2G25540	0	1	0	0	0	0
AT2G25560	160	195	176	192	138	164
AT2G25565	0	0	0	0	0	0
AT2G25570	101	106	113	119	133	129
AT2G25580	126	160	134	138	125	139
AT2G25590	272	332	286	426	382	407
AT2G25600	0	1	1	0	1	1
AT2G25605	109	125	100	132	150	116
AT2G25610	465	580	519	478	470	497
AT2G25620	209	217	250	210	222	198
AT2G25625	48	100	56	67	60	70
AT2G25630	0	0	0	0	0	0
AT2G25640	222	197	229	251	182	264
AT2G25650	57	56	81	65	40	74
AT2G25660	831	920	869	936	653	859
AT2G25670	1180	1332	1328	1189	1297	1282
AT2G25680	18	15	17	27	11	24
AT2G25685	0	0	0	0	0	0
AT2G25690	48	59	68	75	67	51
AT2G25700	0	0	0	0	0	0
AT2G25710	235	319	246	349	306	306
AT2G25720	103	112	100	104	107	121
AT2G25730	1587	1949	1775	1845	1115	1620
AT2G25735	449	558	490	138	168	133
AT2G25737	190	246	236	158	165	177
AT2G25740	317	349	350	319	299	366
AT2G25760	1091	1243	1072	1064	935	983
AT2G25770	20	30	35	9	36	11
AT2G25780	52	65	46	34	48	25
AT2G25790	241	269	331	234	101	222
AT2G25800	940	1118	1035	937	849	840
AT2G25810	46	38	51	69	53	59
AT2G25820	0	0	2	1	0	0
AT2G25830	277	338	273	351	279	325
AT2G25840	396	433	399	557	552	504
AT2G25850	857	949	989	798	696	722
AT2G25870	801	875	858	692	689	681
AT2G25880	22	25	33	53	48	49
AT2G25890	0	0	0	0	0	0
AT2G25900	1318	1545	1265	1380	1571	1521
AT2G25905	0	0	0	0	0	0
AT2G25910	594	787	733	682	734	677
AT2G25920	81	100	75	79	94	92
AT2G25930	914	1107	1022	1232	1009	1135
AT2G25940	25	24	25	42	29	18
AT2G25950	211	239	200	229	285	208
AT2G25964	119	166	108	176	170	164
AT2G25970	1806	2039	2071	2071	1646	1984
AT2G25980	42	15	43	56	67	66
AT2G25990	0	0	0	0	0	0
AT2G26000	114	152	129	126	120	112
AT2G26010	0	3	0	2	0	0
AT2G26020	1	1	0	1	0	0
AT2G26030	225	339	281	291	379	303
AT2G26040	14	20	18	8	20	15
AT2G26050	0	0	0	0	0	0
AT2G26060	374	416	398	386	411	414
AT2G26070	150	139	125	166	124	163
AT2G26080	2407	2631	2592	2568	2192	2393
AT2G26090	0	0	0	0	0	0
AT2G26100	164	134	133	205	151	175
AT2G26110	220	242	208	248	203	240
AT2G26120	0	0	0	0	2	0
AT2G26130	0	0	0	0	0	0
AT2G26135	0	0	0	0	0	0
AT2G26140	1273	1335	1522	1332	1084	1249
AT2G26150	15	16	26	0	3	4
AT2G26160	0	0	0	0	0	0
AT2G26170	200	259	228	167	123	159
AT2G26180	6	10	9	17	29	30
AT2G26190	1427	1815	1791	620	624	697
AT2G26200	327	364	362	389	391	391
AT2G26210	347	497	369	413	463	442
AT2G26211	6	6	13	7	20	14
AT2G26230	583	691	706	516	418	392
AT2G26240	453	550	504	414	499	418
AT2G26250	3470	3945	3605	3222	2517	2733
AT2G26260	101	92	95	98	93	139
AT2G26270	48	62	56	82	79	78
AT2G26280	1326	1797	1648	1374	1388	1354
AT2G26290	37	56	64	52	37	31
AT2G26300	1313	1628	1513	1020	891	920
AT2G26310	17	32	42	32	23	42
AT2G26320	0	0	0	0	0	0
AT2G26330	493	661	531	757	564	854
AT2G26340	520	645	527	576	683	555
AT2G26350	238	271	215	257	255	271
AT2G26355	120	168	141	225	241	222
AT2G26360	17	25	18	49	49	46
AT2G26370	18	7	11	9	7	14
AT2G26380	13	24	20	0	0	0
AT2G26390	5	5	10	2	0	5
AT2G26400	6	57	47	5	95	5
AT2G26410	14	7	21	8	4	6
AT2G26420	1	5	6	8	7	5
AT2G26430	533	652	553	611	577	505
AT2G26440	349	353	399	276	210	245
AT2G26450	2	0	2	2	1	2
AT2G26460	263	323	277	294	277	297
AT2G26470	161	180	140	163	172	170
AT2G26480	15	23	24	16	34	14
AT2G26490	0	0	0	0	0	0
AT2G26500	4276	4891	3723	5473	5986	5085
AT2G26510	597	768	653	690	626	688
AT2G26515	6	8	12	11	10	6
AT2G26520	2	3	1	4	3	1
AT2G26530	983	1226	1228	302	237	255
AT2G26540	269	312	270	282	308	286
AT2G26550	223	235	234	299	259	252
AT2G26560	4729	7299	7582	656	517	529
AT2G26570	488	600	593	575	545	530
AT2G26580	179	254	217	270	252	240
AT2G26590	463	509	485	412	424	375
AT2G26600	176	247	187	180	194	183
AT2G26610	0	2	1	0	0	1
AT2G26620	0	0	0	0	0	0
AT2G26640	451	448	372	580	530	499
AT2G26650	973	1201	1215	1066	843	952
AT2G26660	209	315	303	203	195	216
AT2G26670	1308	1877	1684	1447	1538	1231
AT2G26680	272	320	287	294	220	263
AT2G26690	585	769	504	962	591	849
AT2G26692	5	2	1	4	7	4
AT2G26695	71	100	64	84	64	94
AT2G26700	32	44	40	34	18	46
AT2G26710	207	290	187	182	157	203
AT2G26720	0	0	0	0	0	0
AT2G26730	429	493	457	563	509	657
AT2G26740	515	675	723	616	646	607
AT2G26750	0	0	1	0	0	0
AT2G26760	24	33	37	50	55	56
AT2G26770	522	647	535	549	492	546
AT2G26780	847	1062	957	967	707	856
AT2G26790	71	63	78	90	81	90
AT2G26800	512	655	585	493	395	370
AT2G26810	121	186	138	155	161	132
AT2G26820	93	72	107	137	106	124
AT2G26830	163	195	181	243	167	178
AT2G26840	52	81	43	63	73	76
AT2G26850	0	0	0	0	0	0
AT2G26860	66	82	58	92	97	97
AT2G26865	0	0	0	0	0	0
AT2G26870	49	62	48	88	65	71
AT2G26880	0	0	0	0	0	0
AT2G26882	0	0	0	0	0	0
AT2G26890	1579	1849	1774	1837	1119	1576
AT2G26900	1000	1053	985	1322	1403	1430
AT2G26910	1753	2226	1707	2057	1417	1795
AT2G26920	298	383	410	324	305	264
AT2G26930	333	285	300	366	293	369
AT2G26940	0	0	0	0	0	0
AT2G26950	0	0	0	0	0	0
AT2G26960	0	0	1	0	0	0
AT2G26970	181	190	193	136	183	140
AT2G26975	283	390	282	223	363	239
AT2G26980	2944	3059	2659	2402	2357	2325
AT2G26990	661	791	769	635	686	638
AT2G27000	20	27	37	47	61	63
AT2G27010	9	8	15	34	40	35
AT2G27020	1372	1523	1457	1441	1590	1389
AT2G27030	902	1140	1076	868	858	839
AT2G27035	3	0	4	8	2	1
AT2G27040	286	262	298	447	291	384
AT2G27050	1132	1340	1247	1402	1171	1294
AT2G27060	257	295	264	371	246	361
AT2G27070	0	0	0	0	0	0
AT2G27080	234	284	327	78	99	96
AT2G27090	368	469	413	337	340	352
AT2G27100	1003	1128	1022	962	811	938
AT2G27110	371	370	374	400	296	354
AT2G27120	2	0	0	1	0	1
AT2G27130	75	55	54	52	87	80
AT2G27140	22	20	22	32	12	21
AT2G27145	0	0	0	0	0	0
AT2G27150	555	590	662	449	304	379
AT2G27160	0	1	0	0	0	0
AT2G27170	756	955	888	901	725	817
AT2G27180	10	6	12	3	11	8
AT2G27190	638	753	621	789	597	668
AT2G27200	204	226	250	189	173	165
AT2G27210	826	886	784	736	577	736
AT2G27220	0	0	1	1	0	0
AT2G27229	2	2	6	5	0	1
AT2G27230	675	807	705	784	618	740
AT2G27240	0	0	0	0	0	0
AT2G27250	1	0	0	0	2	0
AT2G27260	151	202	179	113	124	120
AT2G27270	0	0	0	0	0	0
AT2G27280	0	1	1	0	1	0
AT2G27285	248	326	249	255	280	286
AT2G27290	443	548	425	511	650	423
AT2G27300	2	1	4	5	4	5
AT2G27310	294	464	475	151	147	151
AT2G27313	1	6	5	1	1	1
AT2G27315	0	0	0	0	0	0
AT2G27320	0	0	0	0	0	0
AT2G27330	106	151	123	121	162	137
AT2G27340	86	150	93	165	168	157
AT2G27350	609	774	699	640	590	672
AT2G27360	97	138	151	105	93	90
AT2G27370	10	10	11	39	33	30
AT2G27380	0	0	11	1	48	2
AT2G27385	762	906	710	829	1047	1028
AT2G27389	21	40	40	9	15	30
AT2G27390	0	0	0	0	0	0
AT2G27400	173	219	155	196	250	193
AT2G27402	139	128	138	148	242	134
AT2G27410	0	1	0	0	0	1
AT2G27420	1	0	0	2	2	3
AT2G27430	52	44	57	31	19	44
AT2G27450	452	606	544	407	415	395
AT2G27460	335	326	342	346	238	331
AT2G27470	244	256	199	265	309	234
AT2G27480	85	100	80	66	95	80
AT2G27490	163	247	200	142	142	128
AT2G27500	1133	1343	1309	513	611	597
AT2G27505	0	1	3	0	1	0
AT2G27507	0	0	0	0	0	0
AT2G27510	920	1058	1066	756	859	720
AT2G27520	0	0	0	0	0	0
AT2G27530	3172	3541	3357	2652	2947	2792
AT2G27535	4	1	9	8	9	12
AT2G27540	0	0	0	0	0	0
AT2G27550	179	192	228	171	93	173
AT2G27560	0	0	0	0	0	0
AT2G27570	0	0	0	0	0	0
AT2G27580	312	394	380	269	279	228
AT2G27590	109	97	104	127	126	122
AT2G27600	1509	1729	1763	1405	1291	1317
AT2G27610	19	27	26	19	18	26
AT2G27630	7	11	8	9	6	3
AT2G27650	4	2	0	0	2	2
AT2G27660	275	284	345	283	162	269
AT2G27670	0	0	0	0	1	0
AT2G27680	1326	1452	1389	1545	1387	1466
AT2G27690	14	30	38	9	19	18
AT2G27700	0	0	0	0	0	0
AT2G27710	2210	2089	2105	1843	2103	2012
AT2G27720	2408	2762	2422	2006	2692	2279
AT2G27730	1031	1293	1097	940	1274	983
AT2G27740	3	5	8	12	15	12
AT2G27750	0	0	0	0	0	0
AT2G27760	99	120	104	122	108	133
AT2G27770	71	94	76	128	84	99
AT2G27775	105	99	75	103	132	144
AT2G27780	2	0	0	0	0	0
AT2G27790	43	69	57	65	51	55
AT2G27800	29	26	24	46	33	38
AT2G27810	365	356	320	431	400	415
AT2G27820	690	814	775	508	388	474
AT2G27830	1459	2298	1615	1323	1384	1362
AT2G27840	246	298	270	346	356	415
AT2G27850	0	0	0	0	0	0
AT2G27860	3981	4762	4238	4572	4539	4130
AT2G27880	0	2	2	1	0	1
AT2G27900	1046	1182	1172	1077	813	979
AT2G27920	47	83	62	123	97	86
AT2G27930	21	19	18	30	43	19
AT2G27940	0	0	0	0	0	0
AT2G27950	412	526	460	537	397	522
AT2G27960	182	326	242	280	322	274
AT2G27970	81	116	106	162	123	131
AT2G27980	539	622	582	585	474	593
AT2G27990	9	20	16	33	23	28
AT2G28000	2467	2096	2361	2826	2831	3159
AT2G28010	0	0	0	0	0	0
AT2G28020	0	0	0	0	0	0
AT2G28030	0	0	0	0	0	0
AT2G28040	1	5	6	14	9	15
AT2G28050	31	45	23	89	62	74
AT2G28056	0	0	0	0	0	0
AT2G28060	122	195	157	163	196	142
AT2G28070	351	421	326	436	402	471
AT2G28080	127	167	142	140	156	159
AT2G28085	2	4	7	1	6	3
AT2G28090	0	0	0	0	0	0
AT2G28100	200	250	199	227	223	251
AT2G28105	7	3	9	5	13	10
AT2G28110	149	210	165	200	190	199
AT2G28120	487	695	563	241	233	259
AT2G28130	172	187	165	143	132	122
AT2G28140	7	15	8	9	18	14
AT2G28150	197	219	157	268	242	272
AT2G28160	30	25	33	32	34	25
AT2G28170	0	0	0	0	0	0
AT2G28180	0	0	0	0	0	0
AT2G28190	1734	1463	1943	1681	2237	1317
AT2G28200	564	733	410	548	469	504
AT2G28210	227	254	481	9	5	6
AT2G28220	0	0	0	0	0	0
AT2G28225	0	0	0	0	0	0
AT2G28230	138	154	144	138	149	172
AT2G28240	126	179	141	135	106	137
AT2G28250	41	48	56	97	117	92
AT2G28260	96	107	101	121	90	90
AT2G28270	5	4	3	27	23	25
AT2G28290	1314	1566	1545	1750	1073	1571
AT2G28305	75	72	78	46	42	59
AT2G28310	258	336	290	378	313	409
AT2G28315	11	10	9	34	20	21
AT2G28320	509	713	562	529	390	489
AT2G28330	29	38	30	42	38	52
AT2G28340	0	0	0	0	0	1
AT2G28350	279	322	308	343	289	325
AT2G28355	0	0	0	0	0	0
AT2G28360	396	466	431	434	433	444
AT2G28370	516	585	527	471	569	424
AT2G28380	333	420	414	441	497	469
AT2G28390	532	645	552	565	529	509
AT2G28400	191	245	242	41	44	60
AT2G28405	0	0	0	0	0	0
AT2G28410	18	30	18	29	28	34
AT2G28420	1	6	6	5	5	3
AT2G28426	4	5	4	3	2	4
AT2G28430	185	267	211	189	277	198
AT2G28440	26	42	35	50	39	42
AT2G28450	525	573	557	631	494	605
AT2G28460	18	25	11	14	18	19
AT2G28470	227	251	225	374	287	343
AT2G28480	157	197	188	194	163	188
AT2G28490	2	1	12	0	18	16
AT2G28500	2	5	0	0	2	7
AT2G28510	132	138	131	124	96	114
AT2G28520	600	618	678	558	446	536
AT2G28540	595	677	695	601	501	577
AT2G28550	487	652	497	822	687	807
AT2G28560	24	24	20	25	26	28
AT2G28570	524	686	803	306	417	340
AT2G28580	1	1	3	2	1	0
AT2G28590	27	30	35	38	35	24
AT2G28600	339	396	402	341	335	409
AT2G28605	169	175	161	193	218	203
AT2G28610	1	0	1	1	0	1
AT2G28620	44	65	57	119	72	127
AT2G28625	0	0	0	0	0	0
AT2G28630	2553	3036	2628	1419	1218	1242
AT2G28640	0	1	0	0	2	2
AT2G28650	21	33	28	23	22	29
AT2G28660	151	177	166	191	121	211
AT2G28670	4	7	4	10	6	16
AT2G28671	2	1	0	0	0	0
AT2G28680	0	1	0	1	0	1
AT2G28690	3	5	15	7	7	10
AT2G28700	10	9	8	11	6	12
AT2G28710	17	27	19	13	24	9
AT2G28720	453	568	464	691	692	641
AT2G28725	0	0	0	0	0	0
AT2G28730	0	0	0	0	0	0
AT2G28740	463	530	456	351	473	442
AT2G28755	7	9	7	7	6	9
AT2G28760	48	59	91	65	61	66
AT2G28770	0	0	0	0	0	0
AT2G28780	12	4	9	51	113	78
AT2G28790	42	64	42	118	101	149
AT2G28800	3702	3894	3464	4086	4258	3776
AT2G28810	120	140	138	192	150	187
AT2G28815	23	29	27	22	27	11
AT2G28830	116	134	134	103	110	85
AT2G28840	4352	5499	4749	5067	4616	4694
AT2G28850	0	0	0	0	0	1
AT2G28860	0	0	0	0	0	1
AT2G28870	33	20	20	27	16	23
AT2G28880	168	169	188	166	129	173
AT2G28890	591	701	774	622	511	568
AT2G28900	1618	2197	1703	2741	2907	2431
AT2G28910	3609	4923	4069	4300	4592	4017
AT2G28920	2	0	0	0	0	0
AT2G28930	373	442	382	450	535	464
AT2G28940	319	429	356	318	308	298
AT2G28950	214	246	206	504	405	572
AT2G28960	161	185	208	235	218	297
AT2G28970	48	61	72	100	87	103
AT2G28990	25	11	29	62	19	42
AT2G29000	1	0	0	1	2	0
AT2G29020	513	591	534	495	602	552
AT2G29030	0	0	0	0	0	0
AT2G29040	0	0	0	0	0	0
AT2G29045	0	0	0	0	0	0
AT2G29050	84	97	107	104	118	114
AT2G29060	120	132	126	151	119	165
AT2G29065	60	57	64	63	79	60
AT2G29070	81	94	85	118	141	129
AT2G29080	988	997	1099	1096	852	944
AT2G29090	3	4	3	6	7	15
AT2G29100	18	18	11	10	0	9
AT2G29110	44	45	54	25	4	22
AT2G29120	104	125	129	45	32	53
AT2G29125	7	5	3	8	9	16
AT2G29130	0	0	0	2	1	2
AT2G29140	643	750	700	822	657	815
AT2G29150	24	41	40	0	3	0
AT2G29170	9	11	10	20	26	15
AT2G29180	194	230	209	361	393	302
AT2G29190	633	768	773	911	709	814
AT2G29200	357	369	394	446	398	439
AT2G29210	1046	1167	1147	1236	1033	1174
AT2G29220	2	4	7	20	17	12
AT2G29250	1	1	0	3	2	2
AT2G29260	24	27	22	36	33	34
AT2G29263	0	0	0	1	0	1
AT2G29290	403	490	394	756	954	762
AT2G29300	33	33	21	46	45	55
AT2G29310	206	285	196	381	336	379
AT2G29320	141	183	138	253	238	250
AT2G29330	57	53	37	65	113	72
AT2G29340	785	1008	930	530	407	517
AT2G29350	27	44	78	15	20	28
AT2G29360	154	202	143	258	253	262
AT2G29370	6	8	5	5	1	3
AT2G29380	2	1	5	0	0	0
AT2G29390	213	259	194	260	236	237
AT2G29400	1552	2072	1941	1495	1640	1454
AT2G29410	8	18	18	6	3	6
AT2G29420	426	644	566	147	261	149
AT2G29430	0	0	0	0	0	0
AT2G29440	52	66	81	20	38	12
AT2G29450	241	278	241	166	171	192
AT2G29452	0	0	0	0	0	0
AT2G29460	989	1792	1910	70	105	56
AT2G29470	86	255	165	10	10	5
AT2G29480	3	16	12	2	5	3
AT2G29485	0	0	0	0	0	0
AT2G29490	851	1231	1337	490	554	428
AT2G29500	102	108	122	59	71	65
AT2G29510	673	760	744	544	527	576
AT2G29520	0	0	0	0	0	0
AT2G29525	58	95	81	70	61	84
AT2G29530	218	260	211	181	268	261
AT2G29540	75	103	89	93	128	112
AT2G29550	690	648	737	952	756	1013
AT2G29560	381	442	397	389	332	374
AT2G29570	187	225	190	191	195	215
AT2G29580	154	152	158	204	158	209
AT2G29590	82	118	118	91	116	95
AT2G29600	0	0	0	0	1	0
AT2G29605	0	0	0	0	0	0
AT2G29620	5	3	13	5	3	7
AT2G29628	0	0	0	0	0	0
AT2G29630	1649	2127	1932	3419	3369	2995
AT2G29640	52	82	46	70	52	41
AT2G29650	162	180	210	297	202	261
AT2G29654	0	0	0	0	0	0
AT2G29660	76	125	86	180	142	165
AT2G29670	240	312	268	188	223	174
AT2G29679	0	0	0	0	0	0
AT2G29680	69	57	79	46	48	49
AT2G29690	410	409	404	414	334	409
AT2G29700	711	940	746	803	771	701
AT2G29710	6	8	2	3	3	6
AT2G29720	430	640	800	139	204	151
AT2G29730	143	185	196	138	137	131
AT2G29735	1	0	0	0	0	0
AT2G29740	499	699	547	338	439	317
AT2G29750	11	9	15	48	35	41
AT2G29760	92	96	92	124	101	141
AT2G29770	0	0	0	0	0	0
AT2G29780	0	0	0	0	0	0
AT2G29790	0	0	0	0	0	0
AT2G29800	0	0	0	0	0	0
AT2G29810	0	0	0	0	0	0
AT2G29820	0	0	0	0	0	0
AT2G29830	0	0	0	0	0	0
AT2G29840	0	0	0	0	0	0
AT2G29850	0	0	0	0	0	0
AT2G29860	0	0	0	0	0	0
AT2G29870	0	0	0	0	0	0
AT2G29880	0	0	0	0	0	0
AT2G29890	134	173	147	265	218	287
AT2G29900	122	122	119	125	110	124
AT2G29910	150	196	151	171	164	182
AT2G29920	0	0	0	0	0	0
AT2G29925	0	0	0	0	0	0
AT2G29930	0	0	0	0	0	0
AT2G29940	79	110	96	93	63	66
AT2G29950	0	0	0	0	0	0
AT2G29960	552	738	628	567	564	617
AT2G29970	344	409	401	397	377	400
AT2G29980	782	1013	860	1187	1194	1214
AT2G29990	343	570	568	197	202	147
AT2G29995	158	157	165	176	177	225
AT2G30000	94	89	77	128	105	89
AT2G30010	777	980	791	798	604	702
AT2G30020	158	157	210	111	87	107
AT2G30040	80	109	146	50	45	50
AT2G30050	590	688	696	531	520	518
AT2G30060	859	997	989	885	756	827
AT2G30070	554	616	750	875	710	704
AT2G30080	32	36	30	46	24	43
AT2G30090	0	0	0	0	0	0
AT2G30100	124	104	95	95	91	120
AT2G30105	222	259	207	233	208	198
AT2G30110	2067	2121	2283	2136	1530	1888
AT2G30115	0	0	0	0	0	1
AT2G30120	121	174	157	153	164	170
AT2G30130	5	1	7	8	6	15
AT2G30140	1785	2283	2339	586	638	474
AT2G30150	89	112	84	115	104	124
AT2G30160	208	192	189	243	260	255
AT2G30170	300	341	324	419	455	326
AT2G30180	0	0	0	0	0	0
AT2G30190	0	0	0	0	0	0
AT2G30200	979	965	981	940	898	934
AT2G30210	32	20	47	129	71	77
AT2G30220	0	0	0	0	0	0
AT2G30230	75	116	62	103	96	60
AT2G30240	0	0	0	0	0	0
AT2G30250	647	861	841	395	451	404
AT2G30260	461	530	496	419	490	457
AT2G30270	263	274	239	173	198	184
AT2G30280	116	152	127	164	128	152
AT2G30290	0	0	0	0	0	0
AT2G30300	0	0	0	0	0	0
AT2G30310	0	0	0	0	0	0
AT2G30320	119	140	160	172	101	159
AT2G30330	183	234	158	174	202	143
AT2G30340	10	16	19	6	20	13
AT2G30350	173	171	136	140	157	144
AT2G30360	0	0	0	0	0	0
AT2G30362	0	0	3	0	2	3
AT2G30370	13	28	26	46	36	40
AT2G30380	0	1	4	1	2	2
AT2G30385	0	0	0	0	0	0
AT2G30390	557	583	443	815	777	786
AT2G30395	32	28	48	7	8	4
AT2G30400	80	115	147	26	9	26
AT2G30410	350	515	368	406	432	349
AT2G30420	10	28	14	17	24	33
AT2G30424	56	88	61	76	80	103
AT2G30430	0	0	0	0	0	0
AT2G30432	1	2	0	0	0	0
AT2G30440	3805	4793	4654	2737	2951	2477
AT2G30450	0	0	0	0	0	0
AT2G30460	101	100	75	117	113	121
AT2G30470	543	672	573	533	453	604
AT2G30480	66	82	96	63	65	79
AT2G30490	4521	5680	6752	2035	1833	2040
AT2G30500	454	518	607	445	538	569
AT2G30505	24	16	27	31	20	27
AT2G30520	1282	1596	1432	1333	1289	1215
AT2G30530	290	431	371	293	333	277
AT2G30540	3	1	3	5	6	5
AT2G30550	441	686	663	179	229	196
AT2G30560	0	0	0	0	0	0
AT2G30570	6588	7827	6663	9345	11356	7561
AT2G30575	113	88	117	140	109	112
AT2G30580	117	173	143	118	110	114
AT2G30590	388	497	439	358	411	367
AT2G30600	2695	3299	2914	2674	2820	2268
AT2G30615	0	8	9	0	1	0
AT2G30620	2439	3058	2468	2426	2910	2227
AT2G30630	1	0	2	4	0	9
AT2G30650	0	0	0	1	0	0
AT2G30660	16	26	26	4	49	5
AT2G30670	1	0	4	3	4	4
AT2G30680	0	0	0	0	0	0
AT2G30690	1	1	3	2	1	4
AT2G30695	263	273	268	328	356	344
AT2G30700	332	416	341	395	377	366
AT2G30710	291	348	323	329	284	336
AT2G30720	291	387	412	178	155	176
AT2G30730	0	6	1	2	0	4
AT2G30740	500	570	566	505	522	494
AT2G30750	4902	7169	8460	1463	937	1297
AT2G30760	4	5	1	9	14	7
AT2G30766	5	19	13	18	83	8
AT2G30770	80	195	258	12	23	7
AT2G30780	223	236	242	219	192	264
AT2G30790	17	22	26	22	33	22
AT2G30800	441	570	516	513	423	497
AT2G30810	0	0	0	0	0	0
AT2G30820	5	9	7	7	10	5
AT2G30830	0	0	0	0	0	0
AT2G30840	64	67	75	92	110	129
AT2G30850	0	0	0	0	0	0
AT2G30860	11527	16483	13377	7650	6890	7123
AT2G30870	11576	15777	14517	5796	6599	5523
AT2G30880	331	434	353	354	372	383
AT2G30890	28	20	10	28	19	23
AT2G30900	1	0	1	0	3	1
AT2G30910	112	182	118	132	148	121
AT2G30920	96	146	133	152	143	159
AT2G30925	0	0	0	0	0	0
AT2G30930	1151	1535	1136	998	1711	1006
AT2G30933	6	12	8	10	4	25
AT2G30940	0	0	0	0	1	1
AT2G30942	20	36	35	39	41	15
AT2G30945	10	19	13	16	20	11
AT2G30950	4492	5023	4910	5680	5005	4586
AT2G30960	51	69	48	63	76	66
AT2G30970	1314	1336	1338	990	834	1011
AT2G30980	1277	1454	1328	1470	1378	1390
AT2G30984	0	0	0	0	0	0
AT2G30985	0	0	0	0	0	0
AT2G30990	734	1021	970	434	401	398
AT2G31005	0	0	0	0	0	0
AT2G31010	278	289	242	241	275	259
AT2G31018	0	0	0	0	0	0
AT2G31020	212	271	321	133	127	136
AT2G31030	0	1	2	0	0	0
AT2G31035	0	0	0	0	0	0
AT2G31040	757	866	772	1091	935	1009
AT2G31050	0	2	0	0	0	0
AT2G31060	748	790	879	912	711	865
AT2G31070	174	161	191	164	129	157
AT2G31081	1	0	1	1	0	0
AT2G31082	0	1	1	5	1	1
AT2G31083	0	0	0	20	5	7
AT2G31085	4	1	3	5	6	5
AT2G31090	299	437	386	196	216	183
AT2G31100	0	0	0	0	0	0
AT2G31110	53	97	93	94	79	111
AT2G31130	132	196	143	128	150	144
AT2G31140	266	330	260	274	278	273
AT2G31141	21	35	16	9	32	14
AT2G31150	168	173	161	200	178	184
AT2G31160	22	34	23	32	23	37
AT2G31170	286	252	261	317	230	301
AT2G31180	25	31	30	15	22	18
AT2G31190	129	188	116	163	184	175
AT2G31200	458	566	518	396	341	356
AT2G31210	0	1	3	0	0	1
AT2G31215	0	0	0	0	0	0
AT2G31220	0	4	1	1	1	3
AT2G31230	61	113	89	22	34	21
AT2G31240	209	207	201	225	188	232
AT2G31250	8	7	9	10	11	7
AT2G31260	371	425	439	347	324	312
AT2G31265	0	0	0	0	0	0
AT2G31270	115	129	123	117	79	106
AT2G31280	668	753	638	586	562	608
AT2G31290	55	84	50	86	92	65
AT2G31300	73	84	71	68	90	95
AT2G31305	84	95	103	90	77	78
AT2G31310	0	1	0	0	0	1
AT2G31320	105	150	119	172	163	171
AT2G31335	1	2	1	1	0	1
AT2G31340	128	140	147	167	152	179
AT2G31345	0	0	0	0	0	0
AT2G31350	558	867	704	648	732	552
AT2G31360	1175	1404	1231	1113	1429	1111
AT2G31370	361	396	333	369	323	342
AT2G31380	16	17	29	31	27	21
AT2G31390	819	1036	1171	446	601	458
AT2G31400	3768	4084	4136	3839	3025	3572
AT2G31410	776	842	868	623	734	747
AT2G31420	12	17	21	1	3	0
AT2G31425	0	3	1	2	0	0
AT2G31430	0	0	0	0	0	0
AT2G31432	0	0	0	0	0	0
AT2G31440	167	224	195	234	247	248
AT2G31450	128	132	139	182	155	155
AT2G31460	0	0	0	0	0	0
AT2G31470	0	0	0	0	0	0
AT2G31480	1	1	0	0	2	1
AT2G31490	1103	1547	1217	1094	1346	1056
AT2G31500	0	0	1	2	0	3
AT2G31510	825	1030	858	920	785	844
AT2G31530	212	266	239	303	238	274
AT2G31540	1	0	0	7	2	2
AT2G31550	0	0	1	0	0	0
AT2G31560	35	71	55	68	44	71
AT2G31570	1129	1638	1484	1062	1149	1090
AT2G31580	202	294	220	173	197	195
AT2G31585	91	160	131	145	146	156
AT2G31590	0	3	6	1	4	1
AT2G31600	60	69	53	72	71	62
AT2G31610	2093	2252	2315	2119	2293	2384
AT2G31620	0	0	0	0	0	0
AT2G31650	212	220	228	220	172	198
AT2G31660	898	995	898	1100	870	925
AT2G31670	386	426	431	439	433	407
AT2G31680	171	232	236	188	194	140
AT2G31690	0	0	0	0	0	0
AT2G31700	0	0	0	0	0	0
AT2G31710	134	178	132	137	142	135
AT2G31720	0	0	0	0	0	0
AT2G31725	67	79	53	88	66	79
AT2G31730	130	156	115	89	109	77
AT2G31740	487	591	538	446	373	461
AT2G31750	0	0	0	0	0	0
AT2G31751	55	70	81	36	39	39
AT2G31760	0	0	0	0	0	0
AT2G31770	0	0	0	0	0	0
AT2G31780	1	0	0	0	0	0
AT2G31790	86	126	132	145	145	168
AT2G31800	2076	2722	2351	1792	1960	1692
AT2G31810	3854	4709	4209	2899	3336	2850
AT2G31820	575	659	660	464	386	447
AT2G31830	10	9	9	22	21	23
AT2G31840	360	317	292	428	371	380
AT2G31850	0	0	0	0	0	0
AT2G31862	0	0	0	0	0	0
AT2G31865	262	328	419	97	117	88
AT2G31870	87	123	107	87	86	126
AT2G31880	1050	1222	1229	416	338	409
AT2G31890	198	206	164	250	262	223
AT2G31900	22	22	21	33	15	35
AT2G31902	1	1	0	2	0	0
AT2G31910	4	1	11	2	8	9
AT2G31920	0	0	0	0	1	1
AT2G31930	0	0	0	0	0	1
AT2G31940	3	8	4	3	4	6
AT2G31945	198	279	263	68	45	55
AT2G31953	0	0	0	0	0	0
AT2G31955	891	1176	1122	516	612	499
AT2G31957	2	0	0	0	0	0
AT2G31960	1877	2181	2047	2119	1511	1878
AT2G31970	502	627	572	718	529	671
AT2G31980	26	17	36	17	15	34
AT2G31981	0	0	0	0	0	0
AT2G31985	0	3	0	0	1	0
AT2G31990	37	35	49	23	22	30
AT2G32000	459	470	469	431	417	423
AT2G32010	104	106	117	212	157	200
AT2G32020	110	137	128	56	59	32
AT2G32030	84	106	129	15	20	13
AT2G32040	521	584	540	489	539	519
AT2G32050	0	0	0	0	0	0
AT2G32060	1040	1173	1121	1064	1370	1263
AT2G32070	281	367	359	299	341	324
AT2G32080	857	1073	945	1000	938	932
AT2G32090	146	194	141	219	236	210
AT2G32100	55	41	36	45	63	47
AT2G32110	0	0	0	0	0	0
AT2G32120	35	49	46	42	30	38
AT2G32130	2	12	13	1	1	0
AT2G32140	80	164	173	5	7	4
AT2G32150	1967	2987	2879	881	1238	955
AT2G32160	4	29	20	6	23	4
AT2G32170	492	532	487	469	425	511
AT2G32179	11	11	10	29	12	32
AT2G32180	0	0	0	0	0	0
AT2G32190	242	361	500	18	33	28
AT2G32200	33	38	47	7	5	5
AT2G32210	196	303	358	13	18	22
AT2G32220	85	95	107	79	121	103
AT2G32230	620	620	630	732	689	766
AT2G32235	22	25	27	27	17	22
AT2G32240	4402	5765	6563	2640	1886	2329
AT2G32250	450	511	579	336	264	317
AT2G32260	801	996	896	824	786	738
AT2G32270	96	80	80	103	84	97
AT2G32273	0	0	0	0	0	0
AT2G32275	0	0	0	0	0	0
AT2G32280	7	26	13	44	16	47
AT2G32290	0	3	1	2	1	2
AT2G32295	104	159	152	149	141	136
AT2G32300	24	21	28	75	28	34
AT2G32310	0	0	0	0	0	0
AT2G32315	0	2	0	0	0	0
AT2G32320	347	475	383	459	394	385
AT2G32340	63	95	77	78	116	67
AT2G32350	0	0	0	0	0	1
AT2G32360	0	0	0	0	0	0
AT2G32370	0	0	0	0	0	0
AT2G32380	173	188	176	143	150	152
AT2G32390	64	84	78	96	79	86
AT2G32400	108	146	150	164	140	167
AT2G32410	98	96	102	111	101	96
AT2G32415	154	208	171	228	201	204
AT2G32430	41	80	74	72	89	61
AT2G32440	455	602	483	542	553	578
AT2G32450	264	286	258	297	283	280
AT2G32460	4	2	5	2	3	4
AT2G32470	0	0	0	0	0	0
AT2G32480	366	386	311	515	523	508
AT2G32487	2	4	6	7	2	5
AT2G32500	107	123	90	139	147	161
AT2G32510	15	9	6	9	13	11
AT2G32520	536	704	652	641	666	592
AT2G32530	67	84	89	92	60	106
AT2G32540	195	228	188	280	159	243
AT2G32550	2	4	1	2	2	4
AT2G32560	106	159	123	208	241	188
AT2G32580	351	411	370	327	386	315
AT2G32590	45	39	52	64	61	94
AT2G32600	463	549	471	408	404	467
AT2G32610	4	2	7	4	0	6
AT2G32620	4	2	14	6	0	3
AT2G32630	33	42	22	35	36	55
AT2G32640	108	133	124	142	145	190
AT2G32645	0	0	0	0	0	0
AT2G32650	158	138	107	151	140	147
AT2G32660	67	93	97	47	37	41
AT2G32670	6	5	2	0	5	6
AT2G32680	13	15	8	2	2	0
AT2G32690	2172	2381	2309	2566	2443	1965
AT2G32698	0	0	0	0	0	0
AT2G32700	2437	2913	2899	2441	1999	2335
AT2G32710	314	372	300	334	418	319
AT2G32720	251	352	354	233	193	241
AT2G32730	1692	1787	1807	1958	1545	1808
AT2G32740	0	3	5	11	8	10
AT2G32750	0	1	3	0	0	3
AT2G32760	163	250	216	206	213	223
AT2G32765	22	28	27	35	28	48
AT2G32770	8	10	8	7	11	12
AT2G32780	6	0	0	2	0	0
AT2G32785	0	0	0	0	0	0
AT2G32788	0	0	0	0	0	0
AT2G32790	0	0	0	1	0	0
AT2G32795	45	43	30	45	65	39
AT2G32800	420	454	481	293	257	262
AT2G32810	572	670	699	700	612	704
AT2G32820	0	0	0	0	0	0
AT2G32830	12	18	15	9	19	8
AT2G32835	0	0	0	0	0	0
AT2G32840	97	112	106	98	83	113
AT2G32850	578	652	640	543	436	460
AT2G32860	75	113	113	139	50	95
AT2G32870	48	61	62	61	28	48
AT2G32880	142	138	199	164	111	172
AT2G32885	0	0	0	0	0	0
AT2G32890	0	0	0	0	0	0
AT2G32900	356	436	444	401	357	385
AT2G32905	0	0	0	0	1	0
AT2G32910	444	548	521	513	353	428
AT2G32920	871	856	843	681	652	796
AT2G32930	69	92	96	87	62	67
AT2G32940	28	35	37	43	28	37
AT2G32950	332	415	356	426	360	387
AT2G32960	129	136	166	108	131	102
AT2G32970	315	359	282	402	325	371
AT2G32980	256	299	267	226	208	252
AT2G32990	8	12	15	25	30	35
AT2G33000	6	4	4	4	3	0
AT2G33010	0	0	1	0	2	0
AT2G33020	1	3	3	5	1	4
AT2G33030	0	0	0	0	0	0
AT2G33040	2634	3050	2958	2703	2409	2458
AT2G33050	0	0	0	0	0	0
AT2G33051	8	5	7	12	4	5
AT2G33060	132	111	147	150	121	148
AT2G33070	1	0	8	0	19	15
AT2G33080	0	0	0	0	0	1
AT2G33090	0	0	0	0	0	0
AT2G33100	3	8	7	5	8	7
AT2G33110	139	186	174	80	109	90
AT2G33120	1794	2267	2345	1277	1139	1088
AT2G33130	9	17	18	17	7	17
AT2G33140	0	0	3	0	0	0
AT2G33150	4937	6200	6211	4075	3694	3804
AT2G33160	2	5	2	0	1	0
AT2G33170	675	834	830	647	537	590
AT2G33175	4	4	6	2	3	2
AT2G33180	168	162	140	145	167	146
AT2G33190	0	0	0	0	0	0
AT2G33200	0	0	0	0	0	0
AT2G33205	8	6	14	42	41	32
AT2G33210	648	580	643	751	659	802
AT2G33220	964	1202	1040	1067	1175	975
AT2G33230	1	1	0	1	0	0
AT2G33233	0	0	0	0	0	0
AT2G33240	2	5	13	7	5	9
AT2G33250	139	174	153	178	198	179
AT2G33255	98	108	115	125	140	152
AT2G33260	0	1	2	1	2	2
AT2G33270	2	0	0	2	0	0
AT2G33280	0	0	2	1	0	0
AT2G33290	137	170	142	196	155	195
AT2G33300	0	0	0	0	0	0
AT2G33310	313	312	310	286	278	308
AT2G33320	144	161	127	183	166	162
AT2G33330	180	200	173	218	242	206
AT2G33340	1593	1719	1719	1962	1809	1776
AT2G33350	2	2	6	10	0	9
AT2G33360	135	166	136	154	150	146
AT2G33370	892	1045	986	941	1209	1052
AT2G33380	22	27	11	15	17	7
AT2G33385	2	4	1	6	1	1
AT2G33390	213	264	222	190	150	194
AT2G33400	31	44	49	65	59	48
AT2G33410	1071	1197	1202	1178	1143	1262
AT2G33420	1	2	1	0	2	0
AT2G33435	597	726	624	674	450	610
AT2G33450	992	950	1058	1111	964	982
AT2G33460	7	5	6	5	9	6
AT2G33470	831	1132	870	816	696	757
AT2G33480	451	601	445	400	476	407
AT2G33490	279	380	316	311	260	294
AT2G33500	117	146	112	169	161	161
AT2G33510	60	80	63	53	64	69
AT2G33520	1	0	0	0	0	0
AT2G33530	65	93	95	89	85	99
AT2G33540	603	857	647	855	754	800
AT2G33550	101	137	105	91	125	105
AT2G33560	22	16	27	57	29	39
AT2G33570	195	167	171	186	214	193
AT2G33580	44	51	56	24	17	21
AT2G33585	76	75	80	57	59	61
AT2G33590	418	563	603	212	256	209
AT2G33600	296	397	441	247	225	245
AT2G33610	348	381	316	308	371	310
AT2G33620	64	73	58	99	74	123
AT2G33630	615	765	671	613	598	556
AT2G33640	12	23	20	35	33	32
AT2G33650	0	0	0	0	0	0
AT2G33655	0	0	0	0	0	0
AT2G33660	0	0	0	0	0	0
AT2G33670	0	0	0	0	0	0
AT2G33680	49	59	73	68	52	79
AT2G33685	0	0	0	0	0	0
AT2G33690	0	0	0	0	0	0
AT2G33700	373	523	544	334	301	310
AT2G33705	0	0	0	0	0	0
AT2G33710	406	546	709	121	86	88
AT2G33720	2	0	3	0	0	0
AT2G33730	855	975	990	933	876	902
AT2G33735	30	27	34	39	45	36
AT2G33740	323	385	344	364	417	329
AT2G33750	7	12	5	6	2	8
AT2G33760	20	21	10	22	21	21
AT2G33770	1052	1280	1117	1356	1229	1455
AT2G33775	0	2	0	0	0	1
AT2G33780	0	1	0	0	0	0
AT2G33790	2	0	1	16	5	6
AT2G33793	12	28	14	21	20	22
AT2G33796	0	0	0	0	0	1
AT2G33800	3105	3140	3066	3592	3771	3651
AT2G33810	0	0	0	0	0	2
AT2G33815	0	0	0	0	0	0
AT2G33820	115	145	133	144	159	133
AT2G33830	14355	19543	14060	15955	17399	15765
AT2G33835	137	160	154	137	109	149
AT2G33840	387	420	417	372	359	324
AT2G33845	93	109	84	79	133	125
AT2G33847	9	3	10	11	6	9
AT2G33850	54	120	53	69	111	64
AT2G33855	215	241	154	251	334	285
AT2G33860	264	247	228	405	273	433
AT2G33870	0	0	0	0	0	0
AT2G33880	0	0	2	1	4	4
AT2G33890	0	0	0	0	2	0
AT2G33900	0	2	2	3	4	0
AT2G33910	1	1	2	3	0	0
AT2G33920	0	0	0	0	0	0
AT2G33930	0	0	0	1	0	0
AT2G33940	0	4	0	0	0	0
AT2G33950	0	0	0	0	0	0
AT2G33960	0	0	1	0	0	0
AT2G33970	0	0	0	0	0	0
AT2G33980	74	114	99	116	112	105
AT2G33990	144	187	150	184	187	206
AT2G34000	25	19	21	18	13	30
AT2G34010	20	27	15	28	38	34
AT2G34020	12	14	29	23	19	27
AT2G34030	0	0	1	1	0	0
AT2G34040	717	814	756	764	758	748
AT2G34050	91	93	101	90	110	109
AT2G34060	15	18	26	36	37	48
AT2G34070	669	1064	832	514	532	432
AT2G34080	10	16	17	11	7	7
AT2G34090	117	130	130	134	129	181
AT2G34100	1	3	1	1	1	2
AT2G34110	0	0	0	0	0	0
AT2G34120	0	0	0	0	0	0
AT2G34123	0	0	0	0	0	0
AT2G34140	40	28	38	34	30	31
AT2G34150	37	87	42	64	77	69
AT2G34160	240	346	261	237	303	272
AT2G34170	167	221	139	198	221	238
AT2G34180	5	23	22	12	10	4
AT2G34185	4	13	9	6	4	5
AT2G34186	0	0	0	0	0	0
AT2G34190	47	37	50	81	40	65
AT2G34200	83	75	73	79	80	70
AT2G34202	0	0	0	0	0	0
AT2G34204	0	0	0	0	0	0
AT2G34208	0	0	0	0	0	0
AT2G34210	0	0	1	0	0	0
AT2G34220	9	5	5	5	13	8
AT2G34224	1	3	5	1	1	5
AT2G34230	6	2	4	9	7	8
AT2G34238	7	2	4	2	3	4
AT2G34240	9	17	9	24	19	19
AT2G34250	4843	4996	5187	3715	3144	3514
AT2G34260	124	113	111	148	154	151
AT2G34270	0	0	0	0	0	0
AT2G34280	0	0	0	0	0	0
AT2G34290	0	0	0	0	1	0
AT2G34300	910	825	1001	647	595	729
AT2G34310	301	378	318	330	338	308
AT2G34315	0	0	2	0	0	0
AT2G34317	0	0	0	0	0	0
AT2G34320	0	0	0	0	0	2
AT2G34325	0	0	2	0	0	1
AT2G34330	0	0	0	0	0	0
AT2G34340	41	66	43	50	67	53
AT2G34350	4	4	3	5	3	2
AT2G34355	292	379	483	82	73	76
AT2G34357	660	692	713	828	643	830
AT2G34360	63	89	80	15	18	19
AT2G34370	0	1	0	0	0	2
AT2G34380	100	141	106	98	81	87
AT2G34390	20	36	27	5	5	5
AT2G34400	52	64	48	62	55	50
AT2G34410	188	202	219	214	158	211
AT2G34420	0	0	0	0	0	0
AT2G34430	2266	3570	3309	10484	14538	6269
AT2G34440	0	0	0	0	0	0
AT2G34450	38	44	35	49	41	46
AT2G34460	285	293	310	294	370	284
AT2G34470	244	338	278	323	408	338
AT2G34480	3936	4332	4276	3462	4382	4003
AT2G34490	79	114	89	198	138	232
AT2G34500	904	1386	1823	109	87	104
AT2G34510	276	338	317	373	440	390
AT2G34520	373	387	368	334	421	320
AT2G34530	6	10	12	10	7	5
AT2G34540	4	1	3	3	3	4
AT2G34555	0	0	0	0	0	0
AT2G34560	245	271	327	317	291	337
AT2G34570	123	120	143	150	144	152
AT2G34580	0	1	4	0	2	0
AT2G34585	582	791	611	703	780	628
AT2G34590	2249	2306	2110	2630	2690	2526
AT2G34600	3	9	3	6	4	3
AT2G34610	0	7	2	17	16	4
AT2G34620	58	56	76	91	61	83
AT2G34630	294	390	372	304	270	310
AT2G34640	702	607	645	884	757	896
AT2G34650	55	69	85	75	32	58
AT2G34655	4	9	16	6	14	5
AT2G34660	2188	2862	2756	1063	889	1070
AT2G34670	40	38	32	42	42	44
AT2G34680	689	723	710	985	603	1073
AT2G34690	750	1067	911	899	931	807
AT2G34700	1	2	7	7	3	6
AT2G34710	286	342	337	486	356	482
AT2G34720	127	145	140	151	140	145
AT2G34730	400	499	502	347	248	301
AT2G34740	0	0	0	0	0	0
AT2G34750	1276	1456	1381	1341	1270	1314
AT2G34770	398	497	341	392	549	386
AT2G34780	289	287	284	400	293	403
AT2G34790	44	53	81	30	8	14
AT2G34810	13	13	13	23	15	19
AT2G34820	0	0	0	0	0	0
AT2G34825	0	0	0	0	0	0
AT2G34830	20	15	14	18	17	16
AT2G34840	66	81	71	84	51	54
AT2G34850	1	2	3	4	7	7
AT2G34860	1010	1044	958	1093	1316	1031
AT2G34870	0	0	0	0	0	0
AT2G34880	1	0	0	0	0	1
AT2G34890	0	0	0	0	0	0
AT2G34900	329	376	322	310	346	348
AT2G34910	6	2	11	5	3	3
AT2G34920	5	11	10	24	21	21
AT2G34925	3	6	1	8	8	6
AT2G34930	139	145	194	110	78	90
AT2G34940	10	13	8	23	21	14
AT2G34950	0	0	0	0	0	0
AT2G34960	33	64	49	37	25	28
AT2G34970	376	447	395	469	358	426
AT2G34980	6	6	10	13	10	9
AT2G34985	0	0	0	0	0	0
AT2G34990	0	0	0	0	0	1
AT2G35000	25	26	25	28	35	42
AT2G35010	258	302	277	241	305	276
AT2G35020	221	275	269	233	230	297
AT2G35030	62	54	67	56	57	72
AT2G35035	17	15	20	25	29	14
AT2G35040	963	962	1029	1056	948	1000
AT2G35050	3302	3818	3493	3168	2639	2776
AT2G35060	323	417	370	330	367	308
AT2G35070	0	1	2	0	1	0
AT2G35075	5	3	5	8	21	10
AT2G35080	0	0	0	0	0	0
AT2G35090	0	0	0	0	0	0
AT2G35100	228	207	200	198	174	237
AT2G35110	688	712	736	714	543	638
AT2G35120	220	272	313	332	375	308
AT2G35130	59	81	57	143	137	141
AT2G35140	21	10	14	35	24	47
AT2G35150	1	2	2	6	8	6
AT2G35155	193	221	183	287	235	270
AT2G35160	39	40	47	71	50	54
AT2G35170	139	135	127	149	151	120
AT2G35190	152	181	172	171	111	171
AT2G35200	0	1	1	2	2	3
AT2G35210	1	4	5	7	2	6
AT2G35215	0	0	0	0	0	0
AT2G35220	0	0	0	0	0	0
AT2G35230	346	394	404	301	272	245
AT2G35240	367	406	405	431	501	439
AT2G35250	0	0	0	0	0	0
AT2G35260	722	791	698	992	795	1047
AT2G35270	39	54	56	36	49	62
AT2G35280	0	0	0	0	0	0
AT2G35290	7	5	15	9	11	8
AT2G35300	12	4	19	4	24	25
AT2G35310	1	4	1	5	4	6
AT2G35320	236	338	260	277	271	278
AT2G35330	594	667	593	628	629	561
AT2G35340	98	107	96	131	78	106
AT2G35343	1	0	0	1	0	1
AT2G35345	5	5	2	4	1	4
AT2G35350	38	46	38	46	32	60
AT2G35360	98	109	111	137	120	128
AT2G35370	1243	1365	1209	1923	2028	1712
AT2G35380	72	60	62	166	149	109
AT2G35382	1	0	0	0	0	0
AT2G35384	0	0	0	0	0	0
AT2G35387	1	0	0	0	0	0
AT2G35390	1127	1534	1567	650	704	654
AT2G35410	701	781	646	757	860	752
AT2G35420	2	7	4	4	4	1
AT2G35430	58	50	54	61	65	47
AT2G35450	277	310	314	385	392	366
AT2G35460	0	0	0	0	0	0
AT2G35470	88	95	96	99	126	95
AT2G35480	49	49	68	76	72	71
AT2G35490	1055	1071	1010	1171	1113	995
AT2G35500	433	390	428	527	525	527
AT2G35510	839	1031	984	798	744	795
AT2G35520	135	175	143	146	128	148
AT2G35530	185	181	186	200	166	222
AT2G35540	121	138	126	133	116	119
AT2G35550	25	27	22	24	23	24
AT2G35555	0	0	2	2	1	0
AT2G35580	0	0	0	0	0	0
AT2G35585	15	22	12	20	50	23
AT2G35600	3	9	8	10	6	24
AT2G35605	94	110	102	137	131	139
AT2G35610	865	1058	1148	752	642	799
AT2G35612	0	0	0	0	3	2
AT2G35615	1	0	0	0	0	0
AT2G35620	403	533	477	572	583	561
AT2G35630	1402	1550	1620	1505	973	1392
AT2G35635	780	899	839	850	788	764
AT2G35637	1	6	3	6	7	8
AT2G35640	0	0	0	0	0	0
AT2G35650	278	334	263	308	334	347
AT2G35658	34	35	39	9	7	4
AT2G35660	37	30	21	41	42	39
AT2G35670	0	0	0	0	0	0
AT2G35680	1163	1491	1370	1288	1485	1202
AT2G35690	309	379	346	251	231	248
AT2G35700	5	4	2	4	3	5
AT2G35710	269	318	316	106	81	85
AT2G35720	289	327	287	312	245	271
AT2G35730	97	128	170	16	18	16
AT2G35733	1	0	0	1	2	1
AT2G35736	79	90	79	66	54	69
AT2G35738	5	2	2	4	5	15
AT2G35740	0	0	0	0	0	0
AT2G35742	3	2	1	3	2	2
AT2G35744	12	11	21	12	24	10
AT2G35747	0	0	0	0	0	0
AT2G35750	10	7	6	5	6	7
AT2G35760	54	77	62	95	95	86
AT2G35765	0	0	0	0	0	0
AT2G35770	29	33	44	38	25	36
AT2G35780	589	672	644	735	643	684
AT2G35790	277	312	303	314	394	346
AT2G35795	300	400	360	362	413	351
AT2G35800	1138	1323	1278	1125	1250	1079
AT2G35810	149	286	205	217	220	219
AT2G35820	211	269	236	330	321	296
AT2G35830	289	329	232	336	368	324
AT2G35840	533	569	516	669	586	572
AT2G35850	0	0	0	0	0	0
AT2G35859	0	0	0	1	0	2
AT2G35860	14	17	11	35	44	24
AT2G35880	910	1091	870	1116	960	1015
AT2G35890	0	2	1	0	1	0
AT2G35900	249	278	267	269	311	284
AT2G35910	67	91	77	115	95	107
AT2G35920	925	1061	989	1040	890	988
AT2G35930	568	835	900	139	156	138
AT2G35935	0	0	0	0	0	0
AT2G35940	706	941	810	689	556	684
AT2G35945	2	2	1	0	0	3
AT2G35950	5	9	5	6	5	4
AT2G35960	75	80	68	84	89	93
AT2G35965	1	0	1	0	0	0
AT2G35970	0	0	0	0	0	0
AT2G35980	505	746	848	117	54	73
AT2G35990	2	5	0	1	2	0
AT2G36000	474	553	455	586	691	607
AT2G36010	111	124	124	122	109	100
AT2G36020	3	0	2	1	0	1
AT2G36026	16	16	10	20	13	13
AT2G36030	0	0	0	0	0	0
AT2G36050	42	41	50	75	81	76
AT2G36060	629	791	726	725	795	680
AT2G36070	494	527	416	549	461	515
AT2G36080	218	281	262	281	200	258
AT2G36090	26	33	18	49	74	88
AT2G36100	48	28	67	163	101	123
AT2G36110	5	5	1	8	7	3
AT2G36120	1531	1776	1820	2526	2291	3430
AT2G36130	309	397	341	369	413	331
AT2G36140	0	0	0	0	0	0
AT2G36145	145	158	177	220	342	193
AT2G36150	0	0	0	0	0	0
AT2G36160	1726	2070	1986	1774	2280	1987
AT2G36170	552	661	525	485	597	542
AT2G36180	0	0	0	1	0	0
AT2G36190	0	0	2	0	0	0
AT2G36200	103	111	123	166	105	143
AT2G36210	6	14	16	16	7	9
AT2G36220	288	310	291	111	59	94
AT2G36230	140	134	112	153	157	195
AT2G36240	285	345	324	341	385	309
AT2G36250	926	965	800	1152	1034	1211
AT2G36255	0	3	1	0	0	0
AT2G36260	0	0	0	0	0	0
AT2G36270	159	145	153	123	79	134
AT2G36280	0	0	0	0	0	0
AT2G36290	262	287	345	329	341	309
AT2G36295	11	14	20	16	3	7
AT2G36300	290	336	365	284	252	257
AT2G36305	95	86	87	78	76	93
AT2G36307	8	7	9	15	16	14
AT2G36310	657	751	779	453	404	358
AT2G36320	1681	2189	1856	2002	2287	1847
AT2G36325	1	2	3	1	0	3
AT2G36330	107	130	122	126	97	109
AT2G36340	156	156	163	166	140	154
AT2G36350	139	181	128	188	159	195
AT2G36355	3	1	1	2	1	9
AT2G36360	350	414	400	344	297	343
AT2G36370	143	158	121	162	121	156
AT2G36380	2271	2417	2817	1432	1002	1348
AT2G36390	1285	1390	1314	1973	1622	1832
AT2G36400	410	460	429	682	662	657
AT2G36410	700	896	710	829	836	780
AT2G36420	349	412	323	420	392	398
AT2G36430	97	89	68	169	177	170
AT2G36440	6	7	4	0	0	2
AT2G36450	0	0	0	0	0	0
AT2G36460	1726	2119	2003	2122	2326	1891
AT2G36470	107	145	126	123	121	141
AT2G36480	287	313	335	311	271	294
AT2G36490	390	553	451	529	306	510
AT2G36500	16	23	27	24	15	22
AT2G36510	0	0	0	0	0	0
AT2G36520	0	0	0	0	0	0
AT2G36530	11467	12157	12165	10700	9945	9636
AT2G36540	16	20	18	20	24	14
AT2G36550	0	0	0	0	0	0
AT2G36560	0	0	0	0	0	1
AT2G36570	67	58	46	88	70	96
AT2G36580	1357	1576	1682	1083	893	1088
AT2G36590	22	24	22	33	22	30
AT2G36600	0	0	0	0	0	0
AT2G36610	1	1	2	1	4	4
AT2G36620	1379	1462	1453	1182	1395	1407
AT2G36630	426	433	541	159	166	204
AT2G36640	4	0	3	0	4	7
AT2G36650	6	7	11	5	7	6
AT2G36660	4	4	16	3	6	6
AT2G36670	248	273	288	248	227	241
AT2G36680	389	461	392	310	341	278
AT2G36690	244	255	243	344	161	300
AT2G36695	2	3	3	3	2	2
AT2G36700	0	0	0	0	0	0
AT2G36710	0	0	0	0	0	0
AT2G36720	716	789	720	807	634	845
AT2G36724	0	0	0	0	0	0
AT2G36730	35	56	39	59	60	53
AT2G36740	270	319	265	247	220	235
AT2G36750	45	66	54	4	11	11
AT2G36760	1	1	5	2	0	1
AT2G36770	422	551	559	43	29	47
AT2G36780	199	256	247	68	82	66
AT2G36790	0	0	0	0	0	0
AT2G36792	6	2	0	3	2	1
AT2G36800	1240	1635	1524	466	555	355
AT2G36810	974	1184	997	1052	717	902
AT2G36815	0	1	0	4	2	1
AT2G36830	853	987	869	1458	1365	1270
AT2G36835	372	484	401	450	602	436
AT2G36840	70	125	79	112	89	77
AT2G36850	2013	2111	2199	1879	1208	1741
AT2G36854	0	0	0	0	0	0
AT2G36860	0	0	0	0	0	0
AT2G36870	41	51	56	75	68	93
AT2G36880	3565	3940	4288	2600	2166	2481
AT2G36885	44	28	58	38	45	62
AT2G36890	72	81	77	88	88	108
AT2G36895	173	247	189	170	172	140
AT2G36900	576	740	615	550	558	556
AT2G36910	760	875	816	1170	759	1050
AT2G36920	0	0	0	0	0	0
AT2G36930	835	991	905	903	1140	965
AT2G36950	2368	3223	3305	611	768	722
AT2G36960	232	285	267	241	212	213
AT2G36970	305	399	343	145	180	115
AT2G36980	11	25	22	17	32	17
AT2G36985	0	0	0	0	3	0
AT2G36990	1104	1006	1062	1355	1283	1370
AT2G37000	0	2	2	2	1	0
AT2G37010	0	0	0	0	0	0
AT2G37020	180	162	156	198	232	197
AT2G37025	139	156	127	157	156	171
AT2G37030	3	5	3	20	18	18
AT2G37035	257	295	306	262	246	255
AT2G37040	5076	5972	7952	1222	1011	1060
AT2G37050	522	536	544	650	576	641
AT2G37060	104	115	117	68	66	60
AT2G37070	14	9	25	5	5	16
AT2G37080	204	233	236	339	329	385
AT2G37090	3	6	4	13	3	6
AT2G37100	8	13	13	21	19	18
AT2G37110	1984	2455	2551	1428	1350	1218
AT2G37120	306	368	261	310	347	360
AT2G37125	0	0	0	0	0	0
AT2G37130	2534	4420	3251	4688	2991	4393
AT2G37140	0	0	0	0	2	1
AT2G37150	281	453	440	303	257	239
AT2G37160	352	409	405	361	312	365
AT2G37170	765	951	743	1256	1205	1157
AT2G37180	72	76	67	86	64	58
AT2G37190	2004	2169	2064	1841	2035	2292
AT2G37195	31	50	44	32	51	51
AT2G37200	309	341	329	356	429	368
AT2G37210	5	14	9	10	8	14
AT2G37220	7775	7766	7769	10154	11138	9789
AT2G37230	294	324	302	403	305	397
AT2G37240	88	114	91	126	153	113
AT2G37250	755	1028	936	704	822	752
AT2G37260	9	18	13	16	16	18
AT2G37270	1161	1274	1267	1145	1327	1307
AT2G37280	82	100	88	79	60	76
AT2G37290	26	25	21	28	18	19
AT2G37300	25	39	22	39	28	42
AT2G37310	37	41	53	67	88	66
AT2G37320	19	24	35	41	42	36
AT2G37330	282	368	262	372	346	276
AT2G37340	753	923	755	798	847	846
AT2G37360	0	0	2	0	1	0
AT2G37362	1	0	0	3	1	0
AT2G37370	8	13	13	4	9	6
AT2G37380	10	29	10	53	41	33
AT2G37390	19	21	22	46	44	51
AT2G37400	245	309	241	336	279	329
AT2G37410	1242	1515	1328	1592	1530	1542
AT2G37420	66	38	61	49	46	89
AT2G37430	111	131	134	12	12	20
AT2G37435	0	0	0	0	0	0
AT2G37440	11	6	9	10	9	9
AT2G37450	314	383	351	598	694	567
AT2G37460	68	82	75	82	49	70
AT2G37470	333	361	337	219	295	293
AT2G37480	1321	1658	1411	1479	1615	1498
AT2G37500	448	420	416	467	432	435
AT2G37510	28	26	22	32	49	44
AT2G37520	572	713	630	534	450	510
AT2G37530	21	19	17	16	26	19
AT2G37540	66	82	77	62	45	73
AT2G37550	665	709	710	552	590	609
AT2G37555	2	1	1	0	1	2
AT2G37560	40	40	47	41	21	37
AT2G37570	547	629	599	527	466	499
AT2G37580	29	33	27	44	45	49
AT2G37585	115	117	114	119	120	138
AT2G37590	18	20	20	25	18	31
AT2G37600	263	296	280	276	364	374
AT2G37610	2	0	1	5	3	1
AT2G37620	275	281	243	267	223	274
AT2G37630	415	493	409	636	664	626
AT2G37640	787	943	767	1538	1056	1473
AT2G37650	87	92	78	108	96	96
AT2G37660	2024	1961	2017	2222	2426	2374
AT2G37670	4	5	6	10	4	6
AT2G37678	161	178	128	157	198	152
AT2G37680	199	247	217	172	236	211
AT2G37690	382	363	410	479	358	445
AT2G37700	1	0	1	3	1	3
AT2G37710	511	563	528	387	454	400
AT2G37720	0	0	0	0	0	0
AT2G37730	0	0	0	0	0	0
AT2G37740	2	14	12	5	26	9
AT2G37750	339	436	378	422	520	499
AT2G37760	748	989	961	385	426	364
AT2G37770	344	429	475	82	62	29
AT2G37780	0	0	0	0	0	0
AT2G37790	42	55	54	84	80	95
AT2G37800	0	0	0	0	0	0
AT2G37805	0	0	0	0	0	0
AT2G37810	6	7	3	5	1	1
AT2G37820	3	4	3	19	11	18
AT2G37840	577	784	682	699	632	707
AT2G37860	395	392	396	533	518	568
AT2G37870	0	5	0	9	6	8
AT2G37880	0	1	0	1	2	1
AT2G37890	45	31	45	42	49	41
AT2G37900	2	1	1	3	0	1
AT2G37910	0	0	0	0	0	0
AT2G37920	291	375	315	349	371	314
AT2G37925	1	1	2	2	9	4
AT2G37930	58	64	56	68	65	73
AT2G37940	1765	2344	2742	771	694	747
AT2G37950	47	70	44	53	59	53
AT2G37960	10	14	9	16	11	15
AT2G37970	135	153	211	103	141	135
AT2G37975	79	95	118	79	108	75
AT2G37980	156	139	221	130	79	114
AT2G37990	669	664	669	726	638	736
AT2G38000	276	351	316	267	278	278
AT2G38010	44	43	48	33	28	50
AT2G38020	1005	1052	958	935	717	836
AT2G38025	276	384	284	281	327	277
AT2G38030	0	0	0	0	0	0
AT2G38040	4229	4408	4393	5257	4651	4685
AT2G38050	168	228	174	256	316	211
AT2G38060	3	4	7	8	5	8
AT2G38070	13	18	15	40	35	34
AT2G38080	50	47	62	91	25	46
AT2G38090	30	32	31	39	25	43
AT2G38100	1	0	2	1	2	4
AT2G38110	68	68	90	112	94	101
AT2G38120	567	579	488	1074	726	1049
AT2G38130	143	203	195	160	212	195
AT2G38140	1590	1637	1770	1714	1919	1708
AT2G38150	0	0	0	0	1	0
AT2G38152	0	1	0	1	0	3
AT2G38160	10	3	7	22	13	27
AT2G38170	6170	6949	5820	7665	7915	6893
AT2G38180	248	242	267	284	376	266
AT2G38185	44	74	61	72	55	47
AT2G38195	0	0	0	0	0	0
AT2G38210	26	30	27	19	21	26
AT2G38220	0	0	1	1	0	0
AT2G38230	574	766	638	803	1152	804
AT2G38240	46	42	68	7	15	4
AT2G38250	126	151	176	64	64	75
AT2G38255	6	4	4	4	5	5
AT2G38270	726	705	725	696	668	660
AT2G38280	1113	1352	1382	1098	889	971
AT2G38290	1027	1277	1446	466	534	441
AT2G38300	88	75	75	89	69	54
AT2G38310	1414	1584	1624	1461	1643	1486
AT2G38320	21	30	38	44	28	32
AT2G38325	1	1	0	1	0	0
AT2G38330	308	382	324	355	437	353
AT2G38340	13	11	13	10	11	3
AT2G38350	0	0	0	0	0	0
AT2G38360	133	164	165	128	103	129
AT2G38365	0	0	1	0	0	0
AT2G38370	152	177	183	187	179	185
AT2G38380	521	494	611	476	510	437
AT2G38390	75	59	70	99	93	69
AT2G38400	1526	1957	1589	1432	1702	1234
AT2G38410	553	641	629	498	370	456
AT2G38420	45	42	35	67	44	54
AT2G38430	13	35	21	29	22	22
AT2G38440	798	869	813	849	645	864
AT2G38450	185	254	207	234	254	217
AT2G38460	38	46	49	95	101	100
AT2G38465	142	196	186	175	173	133
AT2G38470	3837	4906	4886	1184	1133	1297
AT2G38480	36	30	27	29	33	48
AT2G38490	16	18	17	4	4	4
AT2G38500	27	22	23	18	21	13
AT2G38510	0	0	0	0	0	0
AT2G38530	3078	4339	3656	3887	2640	3427
AT2G38540	4241	4604	3980	5858	5370	4498
AT2G38550	447	556	517	580	593	585
AT2G38560	376	385	336	319	368	345
AT2G38570	61	74	55	79	98	84
AT2G38580	199	227	201	234	208	215
AT2G38590	0	0	0	0	0	0
AT2G38600	4	4	6	0	0	0
AT2G38610	395	530	462	250	315	261
AT2G38620	21	15	10	41	18	25
AT2G38630	122	107	97	145	131	108
AT2G38640	37	45	31	33	40	30
AT2G38646	0	0	0	0	0	0
AT2G38650	557	597	619	628	603	701
AT2G38660	159	162	145	171	200	165
AT2G38670	725	715	700	823	719	831
AT2G38680	90	126	84	105	110	112
AT2G38690	1	0	1	3	1	1
AT2G38695	72	63	50	102	101	88
AT2G38700	521	645	590	629	662	632
AT2G38710	273	370	334	304	280	299
AT2G38720	46	55	46	54	52	49
AT2G38730	116	130	122	155	131	135
AT2G38740	67	89	80	58	96	65
AT2G38750	64	72	65	112	101	132
AT2G38760	47	37	29	54	38	47
AT2G38770	745	702	681	880	676	845
AT2G38780	155	174	172	207	207	217
AT2G38790	0	0	0	0	0	0
AT2G38800	861	1139	1046	1157	799	1039
AT2G38810	82	83	96	90	94	84
AT2G38820	545	702	662	565	747	643
AT2G38823	23	33	42	61	62	46
AT2G38830	65	63	57	65	53	71
AT2G38840	309	300	371	260	281	337
AT2G38860	3956	5511	6093	1684	1457	1804
AT2G38870	1233	1597	1813	688	617	805
AT2G38880	220	293	243	202	252	192
AT2G38890	1	0	2	1	0	0
AT2G38900	0	0	0	0	0	0
AT2G38905	0	0	0	0	0	2
AT2G38910	0	0	0	0	0	0
AT2G38920	1	1	0	1	2	0
AT2G38940	203	234	303	318	134	287
AT2G38950	567	647	638	593	501	583
AT2G38960	348	388	453	255	243	267
AT2G38970	57	68	84	82	81	83
AT2G38995	2	4	5	7	13	8
AT2G39000	416	649	438	515	584	431
AT2G39010	3481	4383	3187	4440	4585	3886
AT2G39020	294	351	307	372	382	330
AT2G39030	149	244	355	1	1	1
AT2G39040	2	0	2	20	7	11
AT2G39050	50	66	65	79	59	54
AT2G39060	0	0	0	0	0	0
AT2G39080	619	683	672	573	538	586
AT2G39090	192	226	195	230	176	207
AT2G39100	157	208	175	138	132	136
AT2G39110	108	129	211	42	63	25
AT2G39120	30	26	38	24	29	18
AT2G39130	293	344	280	412	309	324
AT2G39140	360	347	330	453	446	435
AT2G39160	0	0	1	0	0	0
AT2G39170	170	247	216	189	234	203
AT2G39175	0	1	0	1	0	1
AT2G39180	86	113	96	124	121	112
AT2G39190	763	866	790	954	894	943
AT2G39200	480	400	482	339	188	429
AT2G39210	807	916	982	411	288	393
AT2G39220	29	35	47	93	44	83
AT2G39230	9	11	10	22	18	17
AT2G39240	0	1	2	0	2	5
AT2G39250	16	15	13	41	25	41
AT2G39260	807	842	838	846	668	760
AT2G39270	250	405	316	285	296	262
AT2G39280	504	578	537	633	499	647
AT2G39290	253	232	272	250	288	278
AT2G39300	85	103	110	121	76	107
AT2G39310	406	617	470	661	729	607
AT2G39320	1	4	4	0	0	0
AT2G39330	0	0	0	0	0	0
AT2G39340	890	1119	1068	1119	957	1055
AT2G39350	202	187	281	96	84	152
AT2G39355	0	0	0	0	0	0
AT2G39360	276	316	321	224	197	232
AT2G39370	3	5	3	8	7	14
AT2G39375	0	0	0	1	0	0
AT2G39380	0	0	0	1	0	0
AT2G39390	1341	1789	1573	1451	1658	1483
AT2G39400	1935	2706	2488	1389	1266	1419
AT2G39410	78	74	67	93	80	101
AT2G39415	0	1	0	0	0	0
AT2G39420	115	182	138	81	112	96
AT2G39430	27	14	23	71	36	44
AT2G39435	75	56	48	84	74	78
AT2G39440	80	96	71	98	93	75
AT2G39445	47	43	30	47	48	44
AT2G39450	596	653	612	674	589	520
AT2G39460	2244	2567	2481	1840	2397	2243
AT2G39470	245	311	310	476	590	459
AT2G39480	732	870	895	568	413	582
AT2G39490	1	0	0	0	0	0
AT2G39500	129	190	108	122	171	120
AT2G39510	7	3	1	5	13	14
AT2G39518	223	285	417	124	125	170
AT2G39520	0	0	0	0	0	0
AT2G39530	68	67	131	54	33	74
AT2G39540	0	0	0	0	0	0
AT2G39550	227	321	234	188	225	259
AT2G39560	6	6	13	7	13	13
AT2G39570	1761	2295	1912	1949	2657	1804
AT2G39580	1120	1295	1238	1395	1223	1291
AT2G39590	0	0	1	0	0	0
AT2G39600	0	0	0	0	0	0
AT2G39610	0	0	0	0	0	0
AT2G39620	10	13	3	14	7	16
AT2G39630	354	432	310	397	356	377
AT2G39640	0	1	0	0	0	0
AT2G39650	153	223	248	57	65	69
AT2G39660	875	1057	1194	561	591	563
AT2G39670	812	792	814	962	1020	990
AT2G39675	132	166	122	127	164	140
AT2G39681	211	291	288	202	292	237
AT2G39690	39	53	39	39	26	39
AT2G39700	170	166	192	218	150	253
AT2G39705	109	144	145	252	186	243
AT2G39710	195	192	179	96	66	102
AT2G39720	455	529	524	488	447	381
AT2G39725	113	129	94	69	56	70
AT2G39730	8054	8951	9037	11965	13138	9577
AT2G39740	133	138	156	148	118	132
AT2G39750	498	609	582	593	470	590
AT2G39760	480	620	551	420	464	411
AT2G39770	1549	2094	1981	1118	1309	1071
AT2G39780	546	792	625	572	572	591
AT2G39782	0	0	0	0	0	0
AT2G39790	0	0	0	0	0	0
AT2G39795	134	163	139	146	165	156
AT2G39800	292	330	315	342	215	348
AT2G39805	263	286	259	243	236	231
AT2G39810	499	504	530	578	461	537
AT2G39820	0	3	1	2	0	0
AT2G39830	30	36	35	41	26	38
AT2G39840	294	355	304	278	249	229
AT2G39850	15	21	14	30	20	24
AT2G39851	0	0	0	0	0	0
AT2G39855	1	2	2	2	0	0
AT2G39860	0	0	0	0	0	0
AT2G39865	0	0	0	0	0	0
AT2G39870	257	321	347	337	358	435
AT2G39880	28	25	22	28	16	17
AT2G39885	0	0	0	1	0	2
AT2G39890	145	203	164	170	159	150
AT2G39900	220	269	238	338	306	356
AT2G39910	100	150	123	126	135	118
AT2G39920	27	58	43	66	94	44
AT2G39930	328	304	342	520	352	436
AT2G39940	470	574	484	574	486	473
AT2G39950	421	444	466	395	363	340
AT2G39960	465	566	503	459	475	475
AT2G39970	1063	1442	1338	929	876	853
AT2G39975	0	0	0	0	0	0
AT2G39980	778	1024	1023	577	530	704
AT2G39990	1012	1155	1118	962	1140	1035
AT2G40000	6548	7284	7565	3378	2945	3093
AT2G40004	0	0	0	0	0	0
AT2G40008	1	1	1	0	2	0
AT2G40010	41	30	35	34	36	54
AT2G40020	72	90	71	93	106	82
AT2G40030	147	168	152	236	160	211
AT2G40050	0	0	0	1	0	0
AT2G40060	1049	1426	1278	1155	1140	1065
AT2G40070	410	473	413	458	418	497
AT2G40080	614	642	601	614	578	576
AT2G40085	20	35	32	38	48	41
AT2G40090	351	370	397	211	256	246
AT2G40095	313	404	454	233	207	185
AT2G40100	63	74	73	64	81	60
AT2G40110	496	701	591	509	479	474
AT2G40113	105	130	146	25	14	14
AT2G40116	0	1	3	2	0	0
AT2G40120	49	54	56	75	48	62
AT2G40130	6	7	4	16	7	12
AT2G40140	2538	3148	3262	1156	1055	1010
AT2G40150	29	47	42	44	45	58
AT2G40160	19	17	16	28	31	29
AT2G40165	0	0	0	0	0	0
AT2G40170	5	2	5	4	10	7
AT2G40180	22	30	27	13	6	8
AT2G40190	207	205	228	221	241	249
AT2G40200	39	45	40	38	23	35
AT2G40205	7	6	5	9	0	6
AT2G40210	0	0	0	0	0	0
AT2G40220	0	0	2	2	0	5
AT2G40230	33	32	48	85	95	78
AT2G40240	27	27	19	36	58	41
AT2G40250	0	0	0	1	0	1
AT2G40260	96	89	78	83	79	63
AT2G40270	427	540	553	288	253	318
AT2G40280	352	433	338	385	303	374
AT2G40290	997	1096	1038	984	992	938
AT2G40300	335	273	286	353	287	367
AT2G40310	0	0	0	0	0	0
AT2G40316	232	239	210	271	332	270
AT2G40320	3	11	13	21	21	15
AT2G40330	750	1070	939	559	855	598
AT2G40340	154	185	185	93	135	112
AT2G40350	8	5	6	12	10	9
AT2G40360	1010	994	1087	1239	1007	1178
AT2G40370	72	69	73	84	51	46
AT2G40380	183	201	218	206	194	211
AT2G40390	33	30	42	43	30	40
AT2G40400	367	351	382	412	411	390
AT2G40410	487	661	552	529	582	512
AT2G40420	437	565	476	421	430	366
AT2G40430	1066	1182	1153	1078	969	967
AT2G40435	3	2	0	2	2	1
AT2G40440	0	0	0	0	0	0
AT2G40450	0	0	0	0	0	0
AT2G40460	7	12	22	38	24	36
AT2G40470	3	3	8	2	0	7
AT2G40475	63	53	44	145	84	123
AT2G40480	38	48	60	91	77	96
AT2G40490	1326	1379	1341	1396	1291	1365
AT2G40500	0	0	0	0	0	0
AT2G40510	1021	1274	1200	1126	1385	1174
AT2G40520	33	42	42	45	35	61
AT2G40530	8	11	6	22	12	16
AT2G40540	382	406	382	548	439	525
AT2G40550	223	283	276	193	196	200
AT2G40560	0	0	0	0	0	0
AT2G40570	116	151	141	145	145	154
AT2G40580	0	0	0	1	0	0
AT2G40590	453	521	428	553	630	627
AT2G40600	252	374	262	240	284	221
AT2G40610	94	120	63	212	92	202
AT2G40620	124	163	177	154	148	168
AT2G40630	134	170	163	133	139	196
AT2G40640	119	129	114	120	112	123
AT2G40650	454	559	525	539	606	554
AT2G40660	449	467	474	515	500	511
AT2G40670	13	17	39	70	62	66
AT2G40690	140	166	150	170	216	163
AT2G40700	208	236	221	325	250	315
AT2G40710	8	8	3	10	10	4
AT2G40711	20	21	14	19	20	21
AT2G40715	1	4	5	3	2	0
AT2G40720	49	33	30	50	27	46
AT2G40730	952	1022	1144	924	704	829
AT2G40740	9	30	28	7	0	1
AT2G40745	0	0	0	0	0	0
AT2G40750	20	52	42	8	17	4
AT2G40760	258	226	265	276	294	264
AT2G40765	892	1159	928	822	1018	814
AT2G40770	316	340	345	432	331	402
AT2G40780	78	88	83	92	85	73
AT2G40790	0	2	1	1	2	0
AT2G40800	259	334	300	331	357	344
AT2G40805	1	1	1	3	2	0
AT2G40810	78	92	115	106	98	92
AT2G40815	67	50	64	68	85	85
AT2G40820	316	451	383	416	361	440
AT2G40830	207	262	272	262	208	226
AT2G40840	697	807	719	1119	899	1079
AT2G40850	60	58	38	74	69	67
AT2G40860	242	278	238	266	245	264
AT2G40880	519	1032	683	630	773	600
AT2G40890	974	1183	1293	660	685	707
AT2G40900	52	61	53	122	86	108
AT2G40910	0	0	1	0	2	0
AT2G40920	162	223	164	250	203	249
AT2G40925	0	1	0	1	0	0
AT2G40930	464	515	514	495	387	463
AT2G40935	116	151	149	122	135	127
AT2G40940	2510	3202	3226	2480	2150	2457
AT2G40950	407	430	447	435	397	411
AT2G40955	0	0	0	0	1	0
AT2G40960	47	51	57	51	58	89
AT2G40970	139	215	197	179	192	206
AT2G40980	308	267	290	295	224	270
AT2G40990	0	0	0	0	0	0
AT2G40995	0	0	0	0	0	0
AT2G41000	65	73	67	64	73	83
AT2G41010	110	132	137	63	97	93
AT2G41020	241	254	176	224	238	240
AT2G41040	119	170	133	143	128	118
AT2G41050	20	34	36	41	39	55
AT2G41060	504	606	586	656	554	608
AT2G41070	46	81	74	70	77	62
AT2G41080	84	100	107	111	103	107
AT2G41082	7	14	4	14	11	12
AT2G41090	398	1055	706	390	809	283
AT2G41100	7790	10620	11158	2322	3347	2351
AT2G41105	0	0	0	0	0	0
AT2G41110	285	380	369	188	322	195
AT2G41120	25	19	28	11	18	16
AT2G41130	30	64	32	61	24	52
AT2G41140	578	689	544	605	584	561
AT2G41150	41	58	70	79	63	60
AT2G41160	295	371	364	225	214	220
AT2G41170	237	249	262	131	125	128
AT2G41178	0	1	0	2	4	0
AT2G41180	0	0	0	0	0	0
AT2G41190	94	170	100	142	102	112
AT2G41200	96	106	112	96	91	87
AT2G41210	157	194	171	162	163	115
AT2G41220	1597	2010	1927	1632	1206	1566
AT2G41225	0	0	0	0	0	0
AT2G41230	34	52	71	24	22	18
AT2G41231	0	0	0	0	0	0
AT2G41240	4	37	30	8	58	3
AT2G41250	136	177	183	127	149	131
AT2G41260	3	0	32	5	32	33
AT2G41280	67	91	77	42	24	33
AT2G41290	11	13	14	16	23	18
AT2G41300	4	7	9	8	7	10
AT2G41310	109	100	101	178	169	214
AT2G41312	2	9	5	8	4	10
AT2G41330	28	26	26	18	18	18
AT2G41340	53	55	53	57	73	69
AT2G41342	0	0	0	0	0	0
AT2G41350	152	145	137	144	160	161
AT2G41355	0	0	0	0	0	0
AT2G41360	0	0	0	0	0	0
AT2G41370	62	74	76	114	100	114
AT2G41375	0	0	0	0	0	0
AT2G41380	980	1303	1379	498	423	476
AT2G41390	0	0	0	0	0	0
AT2G41400	0	0	0	0	0	0
AT2G41410	2645	3800	3024	1485	1743	1209
AT2G41415	0	0	0	0	0	0
AT2G41417	0	0	0	0	0	0
AT2G41420	677	832	800	431	514	458
AT2G41430	14717	18498	17155	11220	14047	11164
AT2G41440	176	178	161	144	124	176
AT2G41445	0	0	0	0	0	0
AT2G41450	14	12	14	11	14	10
AT2G41451	1	0	0	0	1	1
AT2G41460	160	206	196	261	231	194
AT2G41470	0	2	1	4	1	6
AT2G41473	0	0	0	0	0	0
AT2G41475	137	189	173	186	197	179
AT2G41480	3	3	13	25	5	27
AT2G41490	318	315	299	255	194	280
AT2G41500	359	376	359	364	341	341
AT2G41505	10	17	14	26	20	23
AT2G41510	14	16	25	31	10	8
AT2G41515	0	0	0	0	0	0
AT2G41520	266	364	328	381	260	322
AT2G41530	903	1093	1073	1220	1073	1026
AT2G41540	426	564	460	675	516	593
AT2G41550	103	96	80	122	150	143
AT2G41560	5197	5462	4791	6035	5269	5734
AT2G41590	1	0	0	3	0	1
AT2G41600	178	240	185	198	221	191
AT2G41610	1	0	0	1	0	0
AT2G41616	0	0	0	0	0	0
AT2G41620	683	812	771	938	685	809
AT2G41630	802	1037	967	852	926	746
AT2G41640	310	399	418	126	115	107
AT2G41650	380	418	359	438	395	430
AT2G41660	145	136	146	169	118	195
AT2G41670	84	69	85	96	104	116
AT2G41680	1320	1399	1496	1478	1441	1323
AT2G41690	16	29	24	11	9	7
AT2G41700	1994	2635	2199	1657	1320	1438
AT2G41705	794	1091	816	585	575	462
AT2G41710	537	750	629	551	577	576
AT2G41720	287	308	274	391	305	403
AT2G41730	188	263	184	117	117	85
AT2G41740	1558	1786	1571	1704	1263	1517
AT2G41750	0	0	0	1	1	0
AT2G41760	104	187	130	180	175	166
AT2G41770	231	229	276	237	196	230
AT2G41780	46	71	57	31	59	52
AT2G41790	1395	1594	1699	1484	1078	1302
AT2G41800	13	6	19	3	12	5
AT2G41810	1	0	1	1	1	3
AT2G41820	212	221	227	395	252	367
AT2G41830	381	461	427	337	240	317
AT2G41835	122	176	214	73	56	45
AT2G41840	5387	5883	6031	4992	5360	5721
AT2G41850	9	25	26	6	4	22
AT2G41860	0	0	2	0	1	0
AT2G41870	191	257	191	157	197	152
AT2G41880	578	874	861	290	348	283
AT2G41890	213	288	287	209	203	231
AT2G41900	1291	1349	1423	1421	1001	1293
AT2G41905	18	22	18	16	19	14
AT2G41910	0	0	0	0	0	0
AT2G41920	0	0	0	0	0	0
AT2G41930	0	0	0	0	0	0
AT2G41940	132	149	146	277	235	174
AT2G41945	189	278	263	248	261	255
AT2G41950	91	76	73	140	124	161
AT2G41960	880	889	967	869	593	803
AT2G41970	14	2	15	7	11	5
AT2G41980	297	377	322	344	338	329
AT2G41990	146	154	143	174	204	155
AT2G41997	0	0	0	0	0	0
AT2G42000	1	0	0	0	0	3
AT2G42005	4	2	2	4	5	2
AT2G42010	569	652	716	478	336	391
AT2G42020	0	0	0	0	0	0
AT2G42030	607	670	651	489	546	552
AT2G42040	297	401	311	282	447	282
AT2G42060	99	78	102	132	119	133
AT2G42065	1	0	2	2	13	1
AT2G42070	418	427	420	435	486	445
AT2G42080	140	136	128	123	116	122
AT2G42090	0	3	0	0	3	0
AT2G42100	0	0	0	0	0	0
AT2G42110	7	11	4	31	14	19
AT2G42120	74	84	81	78	69	100
AT2G42130	343	368	372	320	327	364
AT2G42140	4	8	6	1	9	4
AT2G42150	2	0	0	1	3	0
AT2G42160	329	396	362	322	300	314
AT2G42170	435	477	340	409	553	472
AT2G42180	0	0	0	0	0	0
AT2G42190	452	549	409	542	702	554
AT2G42200	10	16	7	33	20	27
AT2G42210	1012	1147	1091	1060	1159	1023
AT2G42220	1140	1068	1101	1453	1575	1326
AT2G42230	377	399	429	438	339	404
AT2G42240	108	137	88	133	118	142
AT2G42247	11	16	12	13	7	14
AT2G42250	0	0	0	0	0	0
AT2G42260	20	24	31	31	29	34
AT2G42270	523	715	645	697	477	590
AT2G42280	287	335	284	298	364	323
AT2G42290	79	113	80	148	140	140
AT2G42300	239	289	236	381	418	360
AT2G42310	766	1055	893	890	1143	853
AT2G42320	486	578	438	719	645	588
AT2G42330	380	484	422	458	394	392
AT2G42340	4	2	1	1	0	3
AT2G42350	75	94	101	57	64	79
AT2G42360	0	0	0	0	0	0
AT2G42365	22	34	38	50	43	34
AT2G42370	0	0	0	0	0	0
AT2G42380	41	43	34	102	43	86
AT2G42388	0	1	0	0	2	2
AT2G42390	138	198	161	166	208	173
AT2G42395	7	2	5	4	8	8
AT2G42400	332	341	368	301	319	306
AT2G42410	0	0	0	0	0	0
AT2G42420	0	0	0	0	0	0
AT2G42425	0	0	0	0	0	0
AT2G42430	13	14	22	21	22	21
AT2G42440	5	0	3	1	2	3
AT2G42450	95	100	95	95	84	102
AT2G42455	0	0	0	0	0	0
AT2G42460	0	0	0	0	0	0
AT2G42465	0	0	0	0	0	0
AT2G42470	0	0	0	0	0	0
AT2G42475	0	0	0	0	0	0
AT2G42480	2	5	0	5	2	3
AT2G42485	40	25	23	34	23	43
AT2G42490	1828	2129	2083	1634	1296	1452
AT2G42500	1248	1372	1276	1289	1168	1128
AT2G42510	34	24	24	34	17	23
AT2G42520	696	695	701	667	620	610
AT2G42530	51	52	50	209	183	159
AT2G42540	14	53	18	48	31	18
AT2G42550	0	0	0	0	0	0
AT2G42560	0	0	1	0	0	1
AT2G42570	73	74	76	109	132	114
AT2G42580	1087	1255	1090	909	1121	926
AT2G42590	2002	2502	2254	2359	2436	2037
AT2G42600	948	845	870	1533	1124	1590
AT2G42610	99	150	107	112	155	95
AT2G42620	441	485	417	644	539	656
AT2G42640	96	176	115	113	105	127
AT2G42650	48	42	49	62	85	44
AT2G42660	0	1	2	2	5	3
AT2G42670	151	174	164	142	138	150
AT2G42680	1511	1951	1898	1460	1285	1305
AT2G42690	225	228	209	383	401	398
AT2G42700	284	323	332	342	261	347
AT2G42710	196	167	189	211	247	227
AT2G42720	5	3	8	12	12	8
AT2G42725	0	0	0	0	0	0
AT2G42730	9	21	14	19	17	17
AT2G42740	116	159	153	143	181	181
AT2G42750	598	904	682	652	751	538
AT2G42760	54	55	46	59	61	62
AT2G42770	454	520	419	412	514	467
AT2G42780	496	646	569	592	614	530
AT2G42790	1247	1586	1417	1203	1046	970
AT2G42800	17	29	18	44	25	40
AT2G42810	796	977	911	779	756	770
AT2G42820	15	27	15	18	12	12
AT2G42830	3	3	0	4	1	3
AT2G42835	0	0	0	0	0	0
AT2G42840	745	921	791	1321	960	1408
AT2G42850	9	7	8	23	21	15
AT2G42860	13	7	9	4	11	13
AT2G42865	31	41	39	27	44	34
AT2G42870	139	110	120	210	245	233
AT2G42880	1021	1206	1122	1213	1111	1162
AT2G42885	0	0	0	0	0	0
AT2G42890	819	1300	1268	906	770	704
AT2G42900	73	93	77	80	129	76
AT2G42910	512	606	563	648	654	614
AT2G42920	190	189	172	274	183	238
AT2G42930	0	0	0	0	0	0
AT2G42940	0	0	0	1	0	0
AT2G42950	110	87	110	87	63	80
AT2G42955	2	5	3	11	7	5
AT2G42960	46	108	71	79	84	97
AT2G42970	0	0	0	0	0	0
AT2G42975	25	15	17	15	24	34
AT2G42980	13	27	16	9	8	10
AT2G42990	2	5	6	2	6	2
AT2G43000	286	353	410	176	146	200
AT2G43010	379	447	321	721	723	740
AT2G43020	232	326	270	258	222	225
AT2G43030	2376	2343	2261	2695	3122	2672
AT2G43040	27	48	70	49	34	48
AT2G43050	122	176	107	199	195	184
AT2G43060	365	581	509	299	319	325
AT2G43070	642	713	703	669	621	577
AT2G43080	476	544	510	401	446	392
AT2G43090	1689	1746	1845	1594	1594	1462
AT2G43100	53	38	55	58	88	95
AT2G43110	112	117	114	169	139	164
AT2G43120	493	786	634	68	78	72
AT2G43130	352	374	342	328	346	332
AT2G43137	0	1	1	0	1	1
AT2G43138	0	1	1	0	2	1
AT2G43139	0	0	0	0	1	0
AT2G43140	411	603	529	444	640	413
AT2G43141	0	0	0	0	0	0
AT2G43150	4396	7158	6515	3380	5613	3805
AT2G43160	5164	6106	6277	4341	3285	3814
AT2G43180	148	145	155	174	155	145
AT2G43190	84	86	87	78	63	77
AT2G43200	101	115	115	200	189	156
AT2G43210	455	461	457	512	515	446
AT2G43220	0	0	1	0	0	0
AT2G43230	3	2	8	3	6	6
AT2G43235	145	194	189	156	142	134
AT2G43240	135	151	156	132	97	114
AT2G43250	107	111	107	98	82	114
AT2G43255	0	0	1	0	0	0
AT2G43260	159	187	161	160	209	184
AT2G43261	0	0	0	0	0	0
AT2G43270	0	2	0	0	2	0
AT2G43280	106	107	88	102	121	119
AT2G43290	234	283	202	190	197	218
AT2G43300	0	0	0	0	0	0
AT2G43310	13	6	11	11	6	7
AT2G43320	192	238	302	149	143	132
AT2G43330	296	380	344	290	264	242
AT2G43340	129	152	104	175	150	145
AT2G43350	316	433	384	380	438	359
AT2G43360	689	695	628	951	903	946
AT2G43370	182	227	184	229	194	191
AT2G43375	15	18	28	32	27	33
AT2G43386	0	0	0	0	0	0
AT2G43390	8	6	11	9	2	7
AT2G43400	823	1205	1051	734	785	679
AT2G43410	956	1074	1124	1019	705	1041
AT2G43420	388	447	420	381	357	373
AT2G43430	330	457	410	380	388	357
AT2G43440	8	4	8	4	3	6
AT2G43445	31	42	45	77	68	65
AT2G43450	1	0	0	1	0	0
AT2G43460	2251	2680	2332	1823	2317	2208
AT2G43465	54	46	35	59	63	62
AT2G43470	3	1	1	7	3	2
AT2G43480	0	0	4	3	8	1
AT2G43490	308	347	330	253	183	274
AT2G43500	167	217	229	110	124	148
AT2G43510	593	843	870	538	565	647
AT2G43520	172	232	179	205	194	186
AT2G43530	45	94	68	94	109	89
AT2G43535	154	210	189	262	373	271
AT2G43540	162	181	164	195	225	165
AT2G43550	25	31	31	64	78	81
AT2G43560	638	738	686	753	833	754
AT2G43570	546	700	786	720	426	691
AT2G43580	3	0	7	3	4	8
AT2G43590	973	1209	1374	1736	1444	2236
AT2G43600	0	0	0	0	2	3
AT2G43610	214	147	272	552	247	609
AT2G43620	869	1218	975	387	277	420
AT2G43630	419	452	463	407	499	449
AT2G43640	279	386	312	230	308	289
AT2G43650	346	391	415	519	400	473
AT2G43660	0	0	1	0	0	1
AT2G43670	8	4	8	15	20	12
AT2G43680	2469	3323	3086	2887	2467	2755
AT2G43690	35	35	33	20	28	34
AT2G43700	37	56	40	84	60	86
AT2G43710	1494	1747	1407	1722	1867	1743
AT2G43720	33	40	37	37	55	36
AT2G43730	0	0	0	1	1	0
AT2G43740	0	0	1	0	0	0
AT2G43745	4	6	8	8	9	3
AT2G43750	1349	1493	1558	1760	1659	1721
AT2G43760	491	581	561	514	529	465
AT2G43770	372	466	396	462	435	440
AT2G43780	168	173	157	149	219	189
AT2G43790	790	962	924	741	661	669
AT2G43795	0	0	1	0	0	1
AT2G43800	112	118	136	195	143	199
AT2G43810	247	297	251	250	259	263
AT2G43820	2564	3558	3415	1160	1439	1024
AT2G43840	6	13	12	12	9	16
AT2G43850	188	223	194	171	145	140
AT2G43860	0	0	0	0	0	1
AT2G43865	0	0	0	0	0	0
AT2G43870	32	51	39	3	1	16
AT2G43880	4	1	3	1	2	1
AT2G43890	0	0	0	0	0	0
AT2G43900	267	315	327	341	252	396
AT2G43910	3290	4621	3490	4147	3879	3877
AT2G43920	148	183	152	214	196	171
AT2G43930	21	12	17	14	20	12
AT2G43940	170	225	205	202	184	198
AT2G43945	406	433	449	410	369	371
AT2G43950	471	555	467	531	454	425
AT2G43960	1	0	0	0	0	1
AT2G43970	7539	9439	8786	8727	8445	8296
AT2G43980	237	288	239	289	246	279
AT2G43990	31	32	26	29	30	39
AT2G44000	5	2	4	17	25	12
AT2G44010	114	112	101	125	139	158
AT2G44020	116	139	142	127	133	127
AT2G44030	0	0	0	0	0	0
AT2G44040	404	326	402	391	410	455
AT2G44050	608	690	635	625	644	608
AT2G44060	1678	1935	1867	1656	1383	1479
AT2G44065	312	390	347	341	346	347
AT2G44070	6	14	12	1	1	1
AT2G44080	537	819	785	651	590	631
AT2G44090	438	494	556	573	493	546
AT2G44100	1959	2362	2343	2058	1699	1703
AT2G44110	11	7	17	15	20	13
AT2G44120	1887	1849	1961	1716	1982	1922
AT2G44130	0	0	0	0	0	0
AT2G44140	518	623	585	480	446	482
AT2G44150	314	378	320	371	332	362
AT2G44160	819	1105	1025	930	788	878
AT2G44175	0	0	0	0	0	0
AT2G44180	651	864	739	522	514	488
AT2G44190	13	11	17	25	16	25
AT2G44195	0	2	0	1	1	0
AT2G44198	0	0	0	0	0	0
AT2G44200	312	363	356	284	240	278
AT2G44210	512	690	569	522	489	485
AT2G44220	0	1	0	1	2	0
AT2G44230	58	88	59	126	121	168
AT2G44240	0	0	0	0	0	0
AT2G44250	0	0	0	0	0	0
AT2G44255	0	0	0	0	0	0
AT2G44260	0	0	0	0	0	0
AT2G44270	209	252	262	224	220	260
AT2G44280	65	88	116	48	64	55
AT2G44290	67	107	75	49	68	47
AT2G44300	71	104	97	55	52	62
AT2G44310	758	859	734	725	909	712
AT2G44320	0	0	0	0	0	0
AT2G44330	0	0	0	0	0	0
AT2G44340	1	3	0	3	3	1
AT2G44350	2089	2153	2353	1781	1528	1665
AT2G44360	260	328	248	240	222	253
AT2G44370	451	386	500	391	282	405
AT2G44380	171	128	167	290	221	289
AT2G44390	0	0	0	3	2	0
AT2G44400	0	2	0	1	1	0
AT2G44410	528	669	604	427	424	406
AT2G44420	200	266	241	211	206	193
AT2G44430	272	343	309	268	264	276
AT2G44440	73	100	93	124	103	131
AT2G44450	48	71	59	68	53	91
AT2G44460	0	10	8	2	4	7
AT2G44470	0	0	0	0	0	0
AT2G44480	118	172	171	112	99	151
AT2G44490	5124	5843	6530	2998	2385	2789
AT2G44500	776	985	927	532	668	628
AT2G44510	98	90	89	110	122	106
AT2G44520	494	530	536	404	392	397
AT2G44525	330	469	424	326	301	279
AT2G44530	591	711	769	673	493	569
AT2G44540	0	0	0	0	0	0
AT2G44550	0	0	0	0	0	0
AT2G44560	0	0	0	2	0	0
AT2G44570	17	19	27	21	16	25
AT2G44578	80	103	112	7	14	4
AT2G44580	55	71	63	54	53	50
AT2G44581	0	0	0	0	0	0
AT2G44590	1	0	1	1	2	1
AT2G44600	64	62	59	50	46	71
AT2G44610	1127	1375	1254	1128	1115	1133
AT2G44620	634	826	699	597	723	633
AT2G44630	17	20	9	12	13	11
AT2G44640	237	213	263	345	337	378
AT2G44650	838	1046	906	918	1002	953
AT2G44660	194	193	179	132	111	140
AT2G44670	566	691	483	601	799	498
AT2G44680	421	506	462	436	462	428
AT2G44690	8	13	13	12	12	15
AT2G44700	15	12	9	11	17	14
AT2G44710	625	732	763	666	608	672
AT2G44730	527	580	532	499	464	424
AT2G44735	24	40	40	42	26	43
AT2G44740	22	15	16	33	19	26
AT2G44745	0	3	1	4	2	2
AT2G44750	118	156	104	154	123	147
AT2G44760	369	409	395	424	405	433
AT2G44770	365	442	427	353	370	390
AT2G44790	6802	7124	8558	3321	2215	2581
AT2G44798	9	14	14	7	14	17
AT2G44800	0	0	0	0	0	0
AT2G44810	0	0	0	0	0	0
AT2G44820	252	335	296	266	288	292
AT2G44830	68	71	85	101	67	107
AT2G44840	4	4	5	4	3	5
AT2G44850	56	72	72	77	81	79
AT2G44860	664	796	696	689	784	708
AT2G44870	646	715	658	654	714	650
AT2G44880	40	28	51	49	48	44
AT2G44890	2	0	2	0	0	0
AT2G44900	361	467	430	388	389	407
AT2G44910	6	10	13	26	21	38
AT2G44920	415	476	454	512	591	495
AT2G44925	0	0	2	0	0	0
AT2G44930	3	2	5	7	4	1
AT2G44940	18	19	22	37	35	47
AT2G44950	575	663	563	597	515	622
AT2G44970	565	742	710	441	389	442
AT2G44980	180	228	215	178	149	172
AT2G44990	0	1	0	0	0	3
AT2G44993	0	0	0	0	0	1
AT2G44995	1	9	5	6	7	7
AT2G45000	279	302	343	295	310	321
AT2G45010	348	403	404	233	266	278
AT2G45020	0	0	0	0	0	0
AT2G45023	59	57	40	45	62	56
AT2G45030	593	573	568	618	493	650
AT2G45040	4	4	2	2	8	7
AT2G45050	87	108	103	136	95	116
AT2G45060	225	271	231	245	219	184
AT2G45070	1611	1837	1650	1036	1193	1117
AT2G45080	1	5	4	7	9	9
AT2G45100	70	85	70	82	77	85
AT2G45110	0	0	0	0	0	0
AT2G45120	8	14	15	17	8	16
AT2G45130	2	0	1	0	0	0
AT2G45135	3	2	7	3	6	2
AT2G45140	755	966	869	691	762	691
AT2G45150	92	83	71	112	86	120
AT2G45160	599	757	629	759	826	684
AT2G45170	1425	2078	1716	1204	1413	1011
AT2G45180	14342	19476	13907	16846	24618	15690
AT2G45190	264	279	231	319	277	282
AT2G45200	457	491	396	470	435	415
AT2G45210	200	272	200	154	172	147
AT2G45220	1728	2640	4268	594	326	758
AT2G45240	442	480	470	458	517	465
AT2G45243	0	0	0	0	0	0
AT2G45245	5	10	16	22	20	21
AT2G45250	258	281	268	307	341	288
AT2G45260	245	314	282	248	196	246
AT2G45270	191	193	205	240	243	246
AT2G45280	117	120	128	127	139	141
AT2G45290	491	535	665	353	312	375
AT2G45300	1694	2147	2362	859	787	881
AT2G45310	0	0	0	0	0	0
AT2G45315	0	0	0	0	0	0
AT2G45320	57	74	64	55	67	66
AT2G45330	246	312	268	258	234	216
AT2G45340	238	315	255	286	259	273
AT2G45350	6	10	5	7	6	11
AT2G45360	37	48	56	13	8	22
AT2G45380	769	1102	861	977	999	902
AT2G45390	0	0	0	0	0	0
AT2G45400	149	136	157	175	125	139
AT2G45403	0	0	0	0	0	0
AT2G45405	0	0	0	0	0	0
AT2G45406	0	0	0	0	0	0
AT2G45410	0	4	1	2	0	2
AT2G45420	1	2	3	6	2	6
AT2G45430	35	45	47	125	140	139
AT2G45440	447	464	519	399	416	432
AT2G45450	93	122	78	113	104	111
AT2G45460	137	133	129	176	180	169
AT2G45470	563	571	490	986	830	1004
AT2G45480	22	22	17	40	39	40
AT2G45490	18	19	19	20	22	26
AT2G45500	185	251	225	170	192	171
AT2G45510	177	273	200	334	306	299
AT2G45520	408	447	382	471	464	434
AT2G45530	22	39	35	46	46	55
AT2G45540	1829	1987	1951	2056	1072	1869
AT2G45550	2	1	0	0	5	0
AT2G45560	97	92	97	170	209	171
AT2G45570	196	309	472	11	10	15
AT2G45580	0	3	3	1	1	1
AT2G45590	254	259	250	355	361	343
AT2G45600	52	33	54	54	35	51
AT2G45610	2	1	0	0	0	0
AT2G45620	1250	1535	1279	1521	1276	1397
AT2G45630	61	92	58	116	107	84
AT2G45640	483	660	552	572	618	537
AT2G45650	1	1	0	6	2	1
AT2G45660	124	182	138	201	200	182
AT2G45670	900	1135	1012	1028	990	981
AT2G45680	0	0	0	0	0	0
AT2G45685	1	2	0	0	1	0
AT2G45690	138	177	159	139	152	170
AT2G45695	125	214	167	164	182	139
AT2G45700	406	489	409	434	371	426
AT2G45710	128	160	117	139	168	137
AT2G45720	86	104	91	123	92	106
AT2G45730	386	437	349	390	487	440
AT2G45740	1097	1337	1070	1096	1350	904
AT2G45750	22	16	36	39	28	23
AT2G45760	100	255	303	9	6	7
AT2G45770	450	479	515	464	501	488
AT2G45780	2	2	3	4	4	5
AT2G45790	1018	1122	978	854	843	812
AT2G45800	1	0	2	1	1	0
AT2G45810	1197	1387	1311	1342	1231	1255
AT2G45820	1062	1321	1020	1276	1471	1238
AT2G45830	146	185	133	184	237	190
AT2G45840	1	0	0	2	0	1
AT2G45850	346	394	368	439	427	446
AT2G45860	164	226	153	194	215	200
AT2G45870	25	33	32	37	39	39
AT2G45880	177	208	189	238	190	229
AT2G45890	12	11	11	15	11	13
AT2G45900	22	21	37	18	30	17
AT2G45910	539	680	690	523	423	516
AT2G45920	322	411	455	292	305	355
AT2G45930	5	6	1	3	3	2
AT2G45940	1	3	1	1	3	1
AT2G45950	205	249	191	230	230	194
AT2G45960	4525	5256	4602	5335	4917	4785
AT2G45970	388	464	433	595	556	540
AT2G45980	1086	1393	1258	1150	1110	1073
AT2G45990	415	541	453	513	500	516
AT2G46000	98	109	85	103	89	92
AT2G46020	1450	1726	1721	1665	1058	1561
AT2G46030	218	298	235	203	265	220
AT2G46040	78	77	85	80	84	66
AT2G46050	2	6	4	2	2	7
AT2G46060	254	259	254	282	196	242
AT2G46070	89	131	110	95	99	117
AT2G46080	303	362	370	224	209	216
AT2G46090	274	329	292	326	310	308
AT2G46100	148	193	147	225	249	248
AT2G46110	65	74	63	104	90	86
AT2G46120	0	0	0	0	0	0
AT2G46130	7	4	3	6	4	5
AT2G46140	107	96	176	58	47	46
AT2G46150	40	20	30	27	30	29
AT2G46160	48	69	48	65	60	57
AT2G46170	296	386	377	328	306	350
AT2G46180	338	377	376	361	323	387
AT2G46190	0	0	0	0	0	0
AT2G46192	4	6	0	10	6	2
AT2G46200	150	165	166	169	198	170
AT2G46210	0	0	0	0	0	0
AT2G46220	1857	2429	1937	1992	2022	1838
AT2G46225	213	276	263	265	262	289
AT2G46230	359	488	423	422	470	448
AT2G46240	106	123	105	130	90	108
AT2G46250	123	145	117	144	182	166
AT2G46255	0	1	3	1	0	0
AT2G46260	1099	1328	1284	846	896	846
AT2G46270	219	275	248	163	173	157
AT2G46280	1996	2148	2208	1890	1941	1950
AT2G46290	66	74	50	84	75	73
AT2G46300	0	2	0	0	0	2
AT2G46308	0	0	0	0	0	0
AT2G46310	68	61	60	91	111	82
AT2G46320	174	206	198	127	146	143
AT2G46330	1685	2154	2036	1126	1325	1065
AT2G46340	340	419	541	270	229	239
AT2G46360	0	2	0	0	0	0
AT2G46370	541	661	615	707	552	683
AT2G46375	0	0	0	0	0	0
AT2G46380	37	33	32	38	32	44
AT2G46390	668	1147	761	630	794	635
AT2G46400	121	240	295	10	25	11
AT2G46410	7	25	16	17	23	20
AT2G46420	224	263	241	212	151	176
AT2G46430	290	397	389	159	130	151
AT2G46440	125	206	171	71	116	61
AT2G46450	688	1013	859	345	470	406
AT2G46455	6	10	5	16	10	19
AT2G46460	0	0	1	0	0	0
AT2G46470	339	346	351	379	389	416
AT2G46480	1	3	1	1	0	2
AT2G46490	851	1218	1002	862	1105	857
AT2G46493	0	0	1	1	0	1
AT2G46494	0	1	1	0	0	0
AT2G46495	46	44	55	51	21	42
AT2G46500	1486	1747	1859	946	853	762
AT2G46505	528	653	571	534	585	504
AT2G46510	213	257	244	177	136	184
AT2G46520	600	633	623	697	569	616
AT2G46530	77	96	89	134	100	156
AT2G46535	7	17	21	25	19	26
AT2G46540	373	488	387	336	430	352
AT2G46550	720	908	785	868	806	784
AT2G46560	1241	1449	1262	1390	999	1239
AT2G46567	0	0	0	0	0	0
AT2G46570	2	2	2	6	6	9
AT2G46572	0	0	0	1	3	1
AT2G46580	174	239	168	156	208	159
AT2G46590	122	142	153	160	103	124
AT2G46600	1164	1744	1094	1179	1477	1048
AT2G46610	89	124	86	122	130	108
AT2G46620	275	328	309	216	189	170
AT2G46630	28	39	42	57	51	38
AT2G46640	71	96	61	108	104	91
AT2G46650	248	280	332	85	73	116
AT2G46660	6	14	5	40	27	50
AT2G46670	0	0	0	0	0	0
AT2G46680	243	372	315	296	289	362
AT2G46685	0	3	1	7	7	4
AT2G46690	188	280	152	281	246	307
AT2G46700	223	260	214	230	195	235
AT2G46710	329	414	321	489	500	464
AT2G46720	94	92	70	73	74	60
AT2G46735	53	81	89	43	59	51
AT2G46740	145	169	186	49	63	52
AT2G46750	1070	1171	1419	912	484	811
AT2G46760	3	2	4	6	2	0
AT2G46765	0	0	0	0	0	0
AT2G46770	0	0	0	0	0	0
AT2G46780	53	95	113	93	90	106
AT2G46790	16	24	19	5	8	12
AT2G46800	868	1148	896	902	900	862
AT2G46810	95	102	89	93	91	85
AT2G46820	2169	2442	2295	2776	3279	2473
AT2G46830	2	10	10	9	5	7
AT2G46840	0	0	2	1	3	0
AT2G46850	2	1	2	2	2	4
AT2G46860	2	2	4	2	5	3
AT2G46870	81	111	78	132	166	115
AT2G46880	0	0	0	0	0	0
AT2G46890	43	37	36	75	59	68
AT2G46900	616	736	717	659	617	593
AT2G46910	300	346	319	380	399	366
AT2G46915	295	444	344	374	309	433
AT2G46920	232	299	305	323	256	297
AT2G46930	138	165	158	188	136	202
AT2G46940	46	40	33	21	29	30
AT2G46950	0	1	4	7	1	3
AT2G46960	0	0	0	0	0	0
AT2G46970	3	3	1	3	0	4
AT2G46980	147	150	143	129	89	122
AT2G46990	4	3	4	3	3	2
AT2G46995	1	1	4	1	4	1
AT2G47000	1933	2460	2521	1680	1448	1300
AT2G47010	85	119	103	100	86	105
AT2G47015	0	0	0	0	0	0
AT2G47020	135	172	157	137	189	174
AT2G47030	0	0	0	0	0	0
AT2G47040	0	0	0	0	0	0
AT2G47050	0	1	0	0	0	0
AT2G47060	510	598	530	416	374	386
AT2G47070	1090	1266	1221	1347	1002	1273
AT2G47090	121	112	128	127	115	133
AT2G47100	0	0	0	0	0	0
AT2G47110	2005	2198	2143	1736	2172	2192
AT2G47115	0	0	0	0	0	0
AT2G47120	0	0	0	0	0	0
AT2G47130	189	273	270	195	238	205
AT2G47140	29	21	55	19	41	52
AT2G47150	0	0	1	1	0	3
AT2G47160	300	339	331	405	333	393
AT2G47170	2055	2418	2293	1901	1994	1972
AT2G47180	92	82	98	74	71	76
AT2G47190	56	82	89	8	5	1
AT2G47200	0	0	0	0	0	0
AT2G47210	584	660	664	627	470	522
AT2G47220	146	163	142	162	195	186
AT2G47230	71	88	87	102	74	115
AT2G47240	2032	2252	2080	1985	1547	1688
AT2G47245	0	3	0	0	2	1
AT2G47250	724	812	764	802	741	810
AT2G47260	18	25	16	27	30	32
AT2G47270	50	41	43	67	37	55
AT2G47275	2	0	5	4	6	2
AT2G47280	0	0	0	0	0	0
AT2G47300	45	56	61	80	77	74
AT2G47310	146	140	174	171	138	164
AT2G47320	519	659	587	632	640	596
AT2G47330	536	564	529	583	446	514
AT2G47340	0	0	0	0	0	0
AT2G47350	216	260	272	232	231	258
AT2G47360	5	2	10	15	10	14
AT2G47370	10	11	9	16	13	15
AT2G47380	505	652	554	493	592	490
AT2G47390	1722	1797	1917	2034	1468	1799
AT2G47400	6033	7316	5802	7595	8550	6906
AT2G47410	757	1000	880	814	650	776
AT2G47420	680	725	730	724	822	695
AT2G47430	0	0	0	0	0	0
AT2G47440	193	242	230	325	359	243
AT2G47450	1429	1594	1305	1690	1976	1669
AT2G47460	8	4	6	6	17	6
AT2G47470	1770	1782	1684	1263	1082	1328
AT2G47480	2	4	2	3	0	6
AT2G47485	161	166	161	129	112	123
AT2G47490	259	347	320	98	143	148
AT2G47500	83	111	91	148	90	150
AT2G47510	2423	2982	2981	1868	1768	1961
AT2G47520	70	109	95	1	9	1
AT2G47530	0	0	1	4	2	3
AT2G47540	14	8	12	13	18	13
AT2G47550	269	418	505	36	37	32
AT2G47560	13	9	17	8	11	7
AT2G47570	0	0	0	0	0	0
AT2G47580	191	193	183	239	265	227
AT2G47585	0	0	0	0	0	0
AT2G47590	729	667	756	1057	1050	1004
AT2G47600	367	440	395	542	434	472
AT2G47610	2404	2616	2618	2133	2504	2452
AT2G47620	273	306	303	294	285	299
AT2G47630	115	153	186	178	153	200
AT2G47640	358	472	372	378	419	339
AT2G47650	1504	1811	1877	1021	819	1078
AT2G47670	3	1	4	4	4	4
AT2G47680	171	166	202	158	142	172
AT2G47690	569	740	546	572	762	570
AT2G47700	1090	1350	1206	1066	1114	1039
AT2G47710	819	1172	1079	715	843	578
AT2G47720	0	0	0	0	0	0
AT2G47730	6512	7530	8928	2233	2553	2018
AT2G47740	0	0	0	0	0	0
AT2G47750	5	14	6	9	10	10
AT2G47760	334	425	371	288	328	292
AT2G47770	11	3	9	1	4	5
AT2G47780	6	4	11	10	3	21
AT2G47790	308	362	306	349	373	320
AT2G47800	880	1097	1354	439	270	423
AT2G47810	0	0	0	2	1	0
AT2G47820	67	88	67	58	39	52
AT2G47830	351	417	372	297	317	359
AT2G47840	405	477	477	467	492	496
AT2G47844	0	0	0	2	0	0
AT2G47850	371	485	413	525	464	468
AT2G47860	44	55	26	73	90	83
AT2G47870	0	0	0	0	1	0
AT2G47880	0	0	1	0	0	0
AT2G47885	0	0	0	0	0	0
AT2G47890	352	423	448	325	414	321
AT2G47895	3	5	4	2	5	3
AT2G47900	477	588	567	564	535	548
AT2G47910	460	487	426	572	694	528
AT2G47920	20	26	23	17	26	24
AT2G47930	21	34	16	34	66	42
AT2G47935	0	0	0	0	1	0
AT2G47940	1978	2010	2059	2106	1826	2017
AT2G47950	13	38	18	1	0	0
AT2G47960	649	772	651	587	624	608
AT2G47970	812	919	841	825	788	737
AT2G47980	1144	1261	1206	1149	922	1033
AT2G47990	197	172	199	289	296	291
AT2G48000	73	93	94	104	133	137
AT2G48010	224	291	281	169	183	172
AT2G48020	921	1208	995	538	568	385
AT2G48030	357	428	368	226	355	260
AT2G48060	848	1016	955	956	662	895
AT2G48070	502	613	551	598	673	569
AT2G48075	11	5	9	11	16	5
AT2G48080	7	11	6	18	15	19
AT2G48090	34	33	33	32	18	48
AT2G48100	515	700	633	638	697	642
AT2G48110	435	481	417	474	407	433
AT2G48120	177	215	173	235	246	262
AT2G48121	2	3	1	4	4	2
AT2G48130	95	87	136	167	133	100
AT2G48140	111	82	131	115	117	101
AT2G48150	14	13	21	2	5	5
AT2G48160	1313	1365	1491	1259	1003	1146
AT3G00970	3	9	2	11	7	7
AT3G00975	0	0	0	0	0	0
AT3G00980	0	1	0	0	0	0
AT3G00985	0	0	0	0	0	0
AT3G00995	0	0	0	0	0	0
AT3G01005	0	0	0	0	0	0
AT3G01010	0	0	0	0	0	0
AT3G01015	0	2	1	3	3	1
AT3G01020	0	0	0	0	0	0
AT3G01025	0	0	0	0	0	0
AT3G01030	0	0	1	0	0	0
AT3G01035	10	16	13	10	14	16
AT3G01040	321	365	363	253	229	277
AT3G01045	0	0	0	0	0	0
AT3G01050	269	353	305	307	327	248
AT3G01055	0	0	0	0	0	0
AT3G01060	83	63	88	103	100	66
AT3G01065	0	0	0	0	0	0
AT3G01070	2	4	5	9	4	9
AT3G01075	0	0	0	0	0	0
AT3G01080	7	8	6	4	8	11
AT3G01085	0	0	0	0	0	0
AT3G01090	719	967	830	917	744	768
AT3G01095	0	0	0	0	0	0
AT3G01100	321	387	375	385	344	339
AT3G01105	0	0	0	0	1	0
AT3G01115	0	0	0	0	1	1
AT3G01120	5026	5929	5431	4124	3371	3771
AT3G01125	0	0	0	0	0	0
AT3G01130	583	748	642	615	782	649
AT3G01135	0	0	0	0	0	0
AT3G01140	0	2	1	2	8	1
AT3G01142	0	0	0	0	0	0
AT3G01145	0	0	0	0	0	0
AT3G01150	405	541	494	450	451	431
AT3G01155	0	0	0	0	0	0
AT3G01160	385	412	398	446	394	426
AT3G01165	0	0	0	0	0	0
AT3G01170	257	380	291	272	280	242
AT3G01175	24	34	47	54	31	42
AT3G01180	266	268	231	348	242	336
AT3G01185	0	0	0	0	0	0
AT3G01190	146	67	157	277	209	171
AT3G01195	0	0	0	0	0	0
AT3G01200	45	42	60	50	63	53
AT3G01202	2	2	4	8	9	3
AT3G01205	0	0	0	0	0	0
AT3G01210	87	119	95	140	140	99
AT3G01215	0	0	0	0	0	0
AT3G01220	52	57	56	80	75	70
AT3G01225	0	0	0	0	0	0
AT3G01230	0	0	0	0	0	0
AT3G01235	5	5	7	2	0	2
AT3G01240	0	0	0	0	0	0
AT3G01250	0	0	0	0	0	0
AT3G01255	0	0	0	0	0	0
AT3G01260	4	6	6	29	22	21
AT3G01270	0	0	0	1	0	0
AT3G01275	0	0	0	0	0	0
AT3G01280	1397	1530	1637	1358	1602	1389
AT3G01285	0	0	0	0	0	0
AT3G01290	7590	9695	10067	5056	4986	4718
AT3G01295	5	2	3	8	11	7
AT3G01300	325	393	331	321	291	336
AT3G01305	0	0	0	0	0	0
AT3G01310	1979	2391	2075	2651	2064	2381
AT3G01311	1	1	5	2	2	3
AT3G01313	0	0	0	0	0	2
AT3G01315	0	0	0	0	0	0
AT3G01316	0	0	0	0	0	1
AT3G01319	0	0	0	0	0	0
AT3G01320	714	835	797	694	510	683
AT3G01322	0	0	0	0	0	0
AT3G01323	0	0	2	0	0	0
AT3G01324	0	0	0	0	0	0
AT3G01325	0	0	0	0	0	0
AT3G01326	0	0	0	0	0	0
AT3G01327	0	0	0	0	0	0
AT3G01328	0	0	0	0	0	0
AT3G01329	0	0	0	0	0	1
AT3G01330	33	35	31	28	42	41
AT3G01331	0	0	0	0	0	0
AT3G01340	870	971	880	928	941	866
AT3G01345	1033	1283	1316	985	1049	1211
AT3G01350	17	20	18	29	15	13
AT3G01360	131	182	164	151	164	166
AT3G01365	0	0	0	0	0	0
AT3G01370	825	929	866	922	771	928
AT3G01375	2	2	7	5	7	6
AT3G01380	388	373	336	419	263	412
AT3G01385	0	0	0	0	0	0
AT3G01390	981	1420	1149	1145	1283	1131
AT3G01395	2	0	0	2	0	0
AT3G01400	198	218	207	244	211	232
AT3G01410	35	42	53	82	47	60
AT3G01415	0	0	0	0	0	0
AT3G01420	6563	6912	8574	5946	4478	4959
AT3G01425	18	30	30	44	27	30
AT3G01430	115	129	135	115	127	90
AT3G01435	117	116	93	121	147	137
AT3G01440	88	70	51	220	170	183
AT3G01445	0	0	0	0	0	0
AT3G01450	55	56	54	54	67	41
AT3G01460	471	549	511	498	392	491
AT3G01470	1012	1402	1222	1280	1286	1257
AT3G01475	0	1	1	1	0	0
AT3G01480	2673	2894	2678	2719	3127	2829
AT3G01485	0	0	0	0	0	0
AT3G01490	898	1240	965	1174	1040	966
AT3G01495	0	0	0	0	0	0
AT3G01500	900	995	1057	2130	2068	1689
AT3G01505	0	0	0	0	0	0
AT3G01510	54	52	66	99	94	79
AT3G01513	25	21	20	15	17	13
AT3G01515	0	0	0	0	0	0
AT3G01516	1	0	1	3	8	9
AT3G01520	1249	1849	1308	1409	1663	1312
AT3G01525	0	0	0	0	0	0
AT3G01530	0	0	0	0	0	0
AT3G01535	0	0	0	0	0	0
AT3G01540	4904	5963	5718	4869	4267	4291
AT3G01545	0	0	0	0	0	0
AT3G01550	4	3	0	1	4	3
AT3G01555	0	0	0	0	0	0
AT3G01560	620	674	702	671	653	636
AT3G01565	0	0	0	0	0	0
AT3G01570	15	8	8	7	13	22
AT3G01572	4	1	3	3	2	4
AT3G01575	0	0	0	0	0	0
AT3G01580	24	27	23	28	28	39
AT3G01585	0	0	0	0	0	2
AT3G01590	355	481	426	365	385	302
AT3G01595	0	0	0	0	0	0
AT3G01600	37	52	38	124	118	60
AT3G01605	0	0	0	1	0	0
AT3G01610	280	339	378	370	277	347
AT3G01615	0	0	0	2	0	0
AT3G01620	0	0	0	0	0	0
AT3G01625	0	0	0	0	0	0
AT3G01630	1	1	1	6	6	6
AT3G01635	0	1	1	1	1	0
AT3G01640	410	505	580	302	313	278
AT3G01645	0	0	0	0	0	0
AT3G01650	563	726	762	249	208	254
AT3G01655	0	0	0	1	0	0
AT3G01660	30	59	45	88	104	89
AT3G01665	0	0	0	0	0	0
AT3G01670	106	121	115	158	73	125
AT3G01675	0	0	0	0	0	0
AT3G01680	98	110	143	205	96	140
AT3G01690	2019	3012	2104	2660	3044	2711
AT3G01695	0	0	0	0	0	0
AT3G01700	0	0	2	0	1	1
AT3G01705	0	0	0	0	0	0
AT3G01710	24	31	30	36	28	37
AT3G01715	0	0	0	0	0	0
AT3G01720	723	897	868	748	578	641
AT3G01730	2	3	0	2	6	0
AT3G01735	0	0	0	0	0	0
AT3G01740	301	344	292	363	404	391
AT3G01745	1	0	0	1	0	1
AT3G01750	60	69	81	107	43	91
AT3G01755	0	0	0	0	0	0
AT3G01760	2	1	3	6	1	2
AT3G01765	0	0	0	0	0	0
AT3G01770	1031	1196	1092	1314	1224	1190
AT3G01775	0	0	0	0	0	0
AT3G01780	1004	1015	1082	1049	757	1001
AT3G01785	0	0	0	0	0	0
AT3G01790	417	398	440	433	537	462
AT3G01795	22	15	12	32	28	23
AT3G01800	134	187	160	177	188	164
AT3G01805	0	0	0	0	0	0
AT3G01810	134	196	147	200	169	225
AT3G01815	0	0	0	0	0	0
AT3G01820	399	441	503	389	429	403
AT3G01830	23	35	41	1	4	1
AT3G01835	6	8	5	2	3	0
AT3G01840	3	2	10	1	3	3
AT3G01845	3	10	4	3	8	2
AT3G01850	690	922	780	690	826	657
AT3G01855	0	0	0	0	0	0
AT3G01860	229	276	200	269	287	301
AT3G01865	0	0	0	1	0	0
AT3G01870	0	3	0	0	0	1
AT3G01880	0	0	0	0	0	0
AT3G01885	1	0	0	0	0	0
AT3G01890	134	148	132	169	169	148
AT3G01895	0	0	0	0	0	0
AT3G01900	1	4	3	1	0	1
AT3G01905	0	0	0	0	0	0
AT3G01910	1920	2364	2061	2151	1968	2033
AT3G01915	0	0	0	0	0	0
AT3G01920	214	230	174	327	311	252
AT3G01925	0	0	0	1	0	0
AT3G01930	271	353	309	315	269	249
AT3G01935	0	0	0	0	0	0
AT3G01940	6	10	7	8	10	12
AT3G01945	0	0	0	0	0	0
AT3G01950	0	0	0	0	0	0
AT3G01960	5	4	6	6	7	3
AT3G01961	0	0	0	0	0	0
AT3G01965	0	0	0	0	0	0
AT3G01970	563	900	809	336	317	294
AT3G01975	0	0	0	0	0	0
AT3G01980	230	296	252	199	211	216
AT3G01985	0	0	0	0	0	0
AT3G01990	27	41	51	31	25	22
AT3G01995	0	0	0	0	0	0
AT3G02000	0	0	0	0	0	0
AT3G02010	0	0	0	0	0	0
AT3G02015	1	1	4	3	2	0
AT3G02020	28	22	21	51	74	53
AT3G02025	0	0	0	0	0	0
AT3G02030	70	96	88	106	83	109
AT3G02035	0	3	7	0	3	4
AT3G02040	382	762	546	266	266	225
AT3G02045	0	0	0	0	0	0
AT3G02050	374	441	394	541	406	399
AT3G02055	0	0	1	0	0	0
AT3G02060	556	600	548	760	610	749
AT3G02065	328	344	348	369	371	327
AT3G02070	624	710	756	499	514	426
AT3G02075	0	0	0	0	0	0
AT3G02080	2267	2459	2530	2024	2334	2231
AT3G02085	0	0	0	0	0	0
AT3G02090	3256	3697	3799	3293	2794	3047
AT3G02095	0	0	0	0	0	0
AT3G02100	0	0	0	0	0	0
AT3G02105	0	0	0	0	0	0
AT3G02110	480	586	458	652	464	603
AT3G02115	0	0	0	0	0	0
AT3G02120	32	42	49	60	61	64
AT3G02125	1	0	0	0	0	0
AT3G02130	487	520	538	522	426	491
AT3G02135	0	0	0	0	0	0
AT3G02140	391	474	423	219	299	223
AT3G02145	0	0	0	0	0	1
AT3G02150	282	308	335	125	163	127
AT3G02155	0	0	0	0	0	0
AT3G02160	27	35	48	25	24	35
AT3G02165	2	0	0	1	0	3
AT3G02170	643	859	645	1024	799	1069
AT3G02180	663	735	661	777	747	728
AT3G02190	200	309	266	201	317	226
AT3G02195	0	0	0	0	0	0
AT3G02200	1055	1256	1194	1054	1023	1040
AT3G02205	0	0	0	0	0	0
AT3G02210	66	75	73	93	75	107
AT3G02215	0	0	0	0	0	0
AT3G02220	495	575	561	564	558	589
AT3G02225	1	2	4	3	12	4
AT3G02230	2405	2794	3053	1410	1206	1818
AT3G02235	0	1	1	1	0	0
AT3G02240	156	228	244	71	61	132
AT3G02242	5	13	12	6	3	3
AT3G02245	0	0	0	0	0	0
AT3G02250	444	449	415	500	455	421
AT3G02255	0	0	0	0	0	0
AT3G02260	1939	2349	2151	2502	1806	2279
AT3G02265	0	0	0	0	0	0
AT3G02270	0	0	0	0	0	0
AT3G02275	0	0	0	0	0	0
AT3G02280	284	351	304	269	313	249
AT3G02285	1	0	0	0	0	0
AT3G02290	139	195	170	163	157	162
AT3G02295	0	0	2	0	0	0
AT3G02300	592	840	624	913	950	855
AT3G02305	0	0	0	0	0	0
AT3G02310	1	2	4	2	7	3
AT3G02315	0	0	0	0	0	0
AT3G02320	198	204	246	238	203	236
AT3G02325	0	0	0	0	0	0
AT3G02330	22	26	23	33	38	33
AT3G02335	0	0	0	0	0	0
AT3G02340	316	410	381	266	296	249
AT3G02345	0	0	0	0	0	0
AT3G02350	861	880	835	802	707	820
AT3G02360	2626	3490	3747	1618	1598	1361
AT3G02365	0	0	0	0	0	0
AT3G02370	82	95	86	121	82	100
AT3G02380	69	117	88	134	114	102
AT3G02385	0	0	0	0	0	0
AT3G02390	0	0	0	0	0	0
AT3G02395	0	0	0	0	0	0
AT3G02400	0	0	0	0	0	0
AT3G02405	0	0	0	0	0	0
AT3G02410	9	12	10	7	17	4
AT3G02415	0	0	0	0	0	0
AT3G02420	519	606	497	469	431	498
AT3G02425	0	0	0	1	0	0
AT3G02430	0	0	0	0	1	0
AT3G02435	0	0	1	0	0	4
AT3G02440	0	0	0	0	0	0
AT3G02445	1	0	0	2	4	3
AT3G02450	856	862	855	854	878	905
AT3G02455	1	1	1	1	4	2
AT3G02460	445	566	531	355	403	360
AT3G02465	0	0	0	0	0	0
AT3G02470	15217	18846	19459	7834	10235	8021
AT3G02475	0	0	0	0	0	0
AT3G02480	16	32	35	2	27	45
AT3G02485	1	0	1	0	0	0
AT3G02490	98	84	94	120	93	125
AT3G02493	0	0	0	3	1	4
AT3G02495	1	2	2	0	6	2
AT3G02500	10	15	21	55	31	34
AT3G02505	0	0	0	0	0	0
AT3G02510	156	167	133	164	183	187
AT3G02520	776	944	828	666	633	617
AT3G02525	1	0	0	1	0	3
AT3G02530	728	815	775	802	704	845
AT3G02535	0	0	0	0	0	0
AT3G02540	1011	1108	1067	1386	1194	1244
AT3G02545	0	0	0	1	0	0
AT3G02550	863	1395	1103	496	863	436
AT3G02555	122	171	158	119	109	102
AT3G02560	1549	1760	1733	1469	1693	1644
AT3G02565	0	0	0	0	0	0
AT3G02570	577	658	633	595	625	609
AT3G02575	0	0	0	0	0	0
AT3G02580	413	455	454	397	355	353
AT3G02585	5	1	4	1	0	3
AT3G02590	1	1	1	3	2	6
AT3G02595	0	0	0	0	0	0
AT3G02600	729	977	799	802	797	797
AT3G02605	0	0	0	0	0	0
AT3G02610	15	15	7	15	16	8
AT3G02615	0	0	0	0	0	0
AT3G02620	20	16	16	14	27	12
AT3G02625	0	0	0	0	0	0
AT3G02630	854	942	855	1152	1062	1046
AT3G02635	0	0	0	0	0	0
AT3G02640	51	81	63	112	93	124
AT3G02645	0	1	0	0	1	0
AT3G02650	194	208	201	299	257	255
AT3G02655	0	0	0	0	0	0
AT3G02660	202	176	164	230	187	195
AT3G02665	0	0	0	0	0	0
AT3G02670	0	0	1	0	0	0
AT3G02673	0	0	0	0	0	0
AT3G02677	1	1	2	2	4	2
AT3G02680	74	78	78	78	77	84
AT3G02685	0	0	0	0	0	0
AT3G02690	404	461	393	618	545	546
AT3G02695	1	8	4	0	3	2
AT3G02700	398	439	397	450	535	397
AT3G02705	4	6	9	0	2	3
AT3G02710	411	493	465	463	443	446
AT3G02715	0	0	0	0	0	0
AT3G02720	252	263	248	320	280	299
AT3G02725	0	0	0	0	0	0
AT3G02730	707	840	704	877	1034	770
AT3G02735	0	0	0	0	0	0
AT3G02740	863	1112	1058	546	552	560
AT3G02745	0	0	0	0	0	0
AT3G02750	1053	1259	1307	885	799	839
AT3G02755	0	0	0	0	0	0
AT3G02760	1010	1049	1112	1143	918	1060
AT3G02765	0	0	0	0	0	0
AT3G02770	336	473	410	307	378	298
AT3G02775	0	0	0	0	0	0
AT3G02780	842	996	1007	808	901	717
AT3G02785	0	0	0	0	0	0
AT3G02790	0	0	0	0	0	0
AT3G02795	0	0	0	0	0	0
AT3G02800	457	789	714	50	57	50
AT3G02805	0	0	0	0	0	0
AT3G02810	1	2	1	1	2	0
AT3G02815	0	0	0	0	0	0
AT3G02820	111	146	105	106	124	81
AT3G02825	0	0	0	0	0	0
AT3G02830	95	125	107	136	138	166
AT3G02832	0	4	4	9	9	8
AT3G02835	0	0	0	0	0	0
AT3G02840	191	284	288	5	5	2
AT3G02845	0	0	0	0	0	0
AT3G02850	18	21	21	37	7	29
AT3G02855	0	0	0	0	0	0
AT3G02860	306	355	302	299	276	286
AT3G02870	110	138	85	136	138	136
AT3G02875	168	206	187	126	150	127
AT3G02880	960	996	1270	615	531	646
AT3G02885	2	3	4	4	4	4
AT3G02890	132	140	172	167	157	160
AT3G02895	0	2	0	1	1	2
AT3G02900	339	415	364	283	345	336
AT3G02905	0	0	0	0	0	0
AT3G02910	0	0	0	0	0	0
AT3G02915	0	0	0	0	0	0
AT3G02920	104	119	124	110	116	113
AT3G02925	0	0	0	0	0	0
AT3G02930	66	88	81	104	84	125
AT3G02935	0	0	0	0	0	0
AT3G02940	12	9	10	15	8	11
AT3G02945	0	0	2	0	0	0
AT3G02950	209	212	175	218	222	222
AT3G02955	0	0	0	0	0	0
AT3G02960	0	0	0	0	0	0
AT3G02970	0	0	0	0	0	0
AT3G02975	0	0	0	0	0	0
AT3G02980	10	22	13	21	23	20
AT3G02985	0	0	0	0	0	0
AT3G02990	129	141	121	127	146	124
AT3G02995	0	0	0	0	0	0
AT3G03000	169	231	153	145	187	146
AT3G03005	0	0	0	0	0	0
AT3G03010	138	200	159	156	155	174
AT3G03020	319	359	337	155	167	148
AT3G03025	4	15	5	11	7	15
AT3G03030	58	68	70	55	54	64
AT3G03035	0	1	0	0	0	0
AT3G03040	527	555	559	522	608	535
AT3G03045	0	0	0	0	0	0
AT3G03050	767	837	926	626	468	560
AT3G03055	0	0	0	0	0	0
AT3G03060	114	94	112	188	139	170
AT3G03065	0	0	0	0	0	0
AT3G03070	788	936	842	876	907	764
AT3G03075	0	0	0	0	0	0
AT3G03080	0	0	0	0	0	0
AT3G03085	0	0	0	0	0	0
AT3G03090	176	215	178	200	187	225
AT3G03095	0	0	0	0	0	0
AT3G03100	1119	1391	1298	1203	1230	1017
AT3G03105	7	5	9	9	12	4
AT3G03110	349	403	448	304	218	347
AT3G03115	0	0	0	0	0	0
AT3G03120	140	174	156	145	132	121
AT3G03125	0	0	0	0	0	0
AT3G03130	28	26	36	81	58	84
AT3G03135	4	4	4	2	3	3
AT3G03140	203	225	205	198	168	207
AT3G03145	0	0	0	0	0	0
AT3G03150	1444	1876	1679	1270	1758	1212
AT3G03155	0	0	0	1	0	0
AT3G03160	319	381	333	274	380	353
AT3G03165	0	0	0	0	1	1
AT3G03170	23	21	17	20	50	25
AT3G03175	0	0	0	0	0	0
AT3G03180	56	70	67	69	90	89
AT3G03190	0	0	0	0	0	0
AT3G03195	0	0	0	0	0	0
AT3G03200	7	3	7	5	2	2
AT3G03205	0	0	0	0	0	0
AT3G03210	87	88	60	90	89	78
AT3G03215	0	0	0	0	0	0
AT3G03220	108	104	129	127	129	134
AT3G03225	1	1	0	4	3	7
AT3G03230	0	0	2	0	1	0
AT3G03235	0	0	0	0	0	0
AT3G03240	0	4	1	1	3	0
AT3G03245	0	0	0	0	0	0
AT3G03250	737	838	789	860	683	890
AT3G03255	0	0	0	0	0	0
AT3G03260	0	0	1	0	3	0
AT3G03265	56	39	21	92	111	76
AT3G03270	347	547	587	156	510	153
AT3G03272	0	0	0	0	2	1
AT3G03275	0	0	2	0	0	0
AT3G03280	2	7	6	1	3	9
AT3G03285	0	0	0	0	0	0
AT3G03290	0	1	1	0	1	0
AT3G03295	0	0	0	0	0	0
AT3G03300	450	545	501	491	500	543
AT3G03305	186	212	176	191	123	175
AT3G03310	144	188	181	147	160	143
AT3G03320	100	144	96	131	127	126
AT3G03325	3	4	2	3	1	2
AT3G03330	294	339	298	351	458	332
AT3G03335	0	0	0	0	0	0
AT3G03340	331	517	465	395	437	407
AT3G03341	0	0	1	0	2	9
AT3G03345	0	0	0	0	0	0
AT3G03350	60	72	76	94	51	94
AT3G03355	0	0	0	0	0	0
AT3G03360	88	150	139	137	142	140
AT3G03365	0	0	1	0	0	0
AT3G03370	29	48	30	48	64	53
AT3G03375	0	0	0	0	0	0
AT3G03380	2117	2349	2130	2463	1762	2098
AT3G03385	0	0	0	0	0	0
AT3G03400	0	0	0	0	0	0
AT3G03405	0	0	0	0	0	0
AT3G03410	0	0	0	0	0	0
AT3G03415	0	0	0	0	0	0
AT3G03420	228	285	218	192	300	224
AT3G03425	0	0	0	0	0	0
AT3G03430	3	4	1	0	0	0
AT3G03435	0	0	0	0	0	0
AT3G03440	87	109	108	62	48	41
AT3G03445	0	0	0	0	0	0
AT3G03450	17	18	14	15	13	20
AT3G03455	0	0	0	0	0	0
AT3G03460	16	38	25	39	27	25
AT3G03465	0	0	0	0	0	0
AT3G03470	916	1662	1126	408	420	388
AT3G03475	1	5	1	1	0	3
AT3G03480	2	11	4	0	1	0
AT3G03490	269	373	340	227	263	235
AT3G03495	0	0	0	0	0	0
AT3G03500	11	11	5	5	5	8
AT3G03505	0	0	0	0	0	0
AT3G03510	0	0	0	0	0	0
AT3G03515	0	0	0	0	0	0
AT3G03520	169	223	194	208	153	205
AT3G03525	0	0	0	0	0	0
AT3G03530	5	22	12	26	17	20
AT3G03535	0	0	0	0	0	0
AT3G03540	0	2	5	0	0	0
AT3G03550	158	218	211	204	210	179
AT3G03555	0	0	0	0	0	0
AT3G03560	537	630	605	419	371	408
AT3G03570	302	326	340	306	272	250
AT3G03580	48	39	53	55	58	56
AT3G03585	0	0	0	0	0	0
AT3G03590	68	93	50	60	76	67
AT3G03595	0	0	0	0	0	0
AT3G03600	272	319	290	335	323	282
AT3G03605	2	7	6	5	4	6
AT3G03610	207	286	255	174	169	193
AT3G03615	0	0	0	0	0	0
AT3G03620	0	0	0	0	1	0
AT3G03625	1	1	1	2	5	3
AT3G03630	215	170	202	244	271	249
AT3G03635	0	0	0	0	0	0
AT3G03640	174	234	188	206	205	195
AT3G03645	0	0	0	0	0	0
AT3G03650	10	7	7	11	9	21
AT3G03655	0	0	0	0	0	0
AT3G03660	19	7	12	7	6	9
AT3G03665	0	0	0	0	0	0
AT3G03670	95	171	160	59	79	82
AT3G03675	0	0	0	0	0	0
AT3G03680	151	184	160	165	117	145
AT3G03685	0	0	0	0	0	0
AT3G03690	62	57	68	56	78	85
AT3G03695	0	0	0	0	0	0
AT3G03700	0	0	0	0	0	0
AT3G03702	1	1	3	1	2	1
AT3G03705	2	3	3	1	0	0
AT3G03710	785	825	796	1130	972	1082
AT3G03715	0	0	0	0	0	0
AT3G03720	553	705	578	539	441	423
AT3G03725	0	0	0	0	0	0
AT3G03726	0	0	0	0	0	0
AT3G03730	0	0	0	0	0	0
AT3G03735	0	0	0	0	0	0
AT3G03740	431	472	507	400	389	345
AT3G03745	0	0	0	0	0	0
AT3G03750	0	1	0	0	0	0
AT3G03755	0	0	0	0	0	0
AT3G03760	0	0	0	0	1	0
AT3G03765	0	0	0	0	0	0
AT3G03770	59	86	53	96	60	70
AT3G03773	107	89	101	109	111	93
AT3G03775	0	0	0	0	0	0
AT3G03776	2	2	1	1	2	0
AT3G03780	583	723	742	413	382	499
AT3G03785	0	0	0	0	0	0
AT3G03790	531	576	556	473	408	511
AT3G03795	0	0	0	0	0	0
AT3G03800	0	0	0	0	0	0
AT3G03805	0	0	0	0	0	0
AT3G03810	282	302	271	247	235	237
AT3G03815	5	11	3	4	9	6
AT3G03820	8	22	16	25	33	28
AT3G03825	0	0	1	0	0	2
AT3G03826	0	0	0	0	0	0
AT3G03828	0	0	0	0	0	0
AT3G03830	2	1	3	10	13	11
AT3G03835	0	0	0	0	0	0
AT3G03840	9	11	10	21	27	19
AT3G03845	0	0	0	0	0	0
AT3G03847	0	0	0	0	0	0
AT3G03850	11	14	10	27	24	14
AT3G03852	0	0	0	0	0	0
AT3G03860	382	466	434	373	338	330
AT3G03865	0	0	0	1	2	0
AT3G03870	531	827	590	459	451	463
AT3G03875	0	1	0	0	0	0
AT3G03880	203	302	233	205	197	198
AT3G03890	533	632	599	499	442	431
AT3G03895	0	0	0	0	0	0
AT3G03900	38	59	34	57	81	59
AT3G03905	0	0	0	0	0	0
AT3G03910	0	3	0	1	3	0
AT3G03915	0	0	0	0	0	0
AT3G03920	1067	1053	1090	1152	1291	1276
AT3G03925	0	0	0	0	0	0
AT3G03930	0	1	0	0	1	0
AT3G03935	0	0	0	0	0	0
AT3G03940	1056	1289	1165	1193	916	1121
AT3G03945	0	0	0	0	0	0
AT3G03950	411	444	422	443	384	375
AT3G03955	0	0	0	0	0	0
AT3G03960	1081	1108	1139	1357	1031	1335
AT3G03965	63	67	59	71	106	93
AT3G03970	88	123	134	94	81	71
AT3G03975	0	0	0	0	0	0
AT3G03980	168	226	184	196	184	203
AT3G03985	0	0	0	0	0	0
AT3G03990	930	1136	1112	839	759	924
AT3G03995	0	0	0	0	0	0
AT3G04000	160	186	183	35	46	28
AT3G04005	0	0	0	0	0	0
AT3G04010	116	129	176	70	31	58
AT3G04015	0	0	0	0	0	0
AT3G04020	75	75	67	93	108	85
AT3G04025	0	2	1	0	1	0
AT3G04030	15	20	15	37	23	43
AT3G04035	0	0	0	0	0	0
AT3G04040	22	26	20	15	17	15
AT3G04045	0	0	0	0	0	0
AT3G04050	7	6	8	3	7	1
AT3G04055	2	2	2	6	1	2
AT3G04060	113	192	148	131	91	149
AT3G04065	0	1	1	1	0	0
AT3G04070	496	610	605	497	331	511
AT3G04080	604	695	658	551	416	528
AT3G04085	4	8	5	4	0	4
AT3G04090	1053	1408	1247	994	967	965
AT3G04095	0	0	0	0	0	0
AT3G04100	0	0	0	0	0	0
AT3G04110	338	356	340	339	216	336
AT3G04115	2	4	3	12	25	12
AT3G04120	5423	6092	5986	6631	6712	5913
AT3G04125	0	0	0	0	0	0
AT3G04130	74	94	92	106	84	93
AT3G04135	0	0	0	0	0	0
AT3G04140	25	20	12	46	18	32
AT3G04145	0	0	0	0	0	0
AT3G04150	0	0	0	0	0	0
AT3G04155	0	0	2	0	0	5
AT3G04160	129	168	156	246	236	255
AT3G04165	1	2	2	4	8	1
AT3G04170	0	0	0	0	0	0
AT3G04175	4	12	17	17	10	10
AT3G04180	0	0	0	0	0	0
AT3G04181	9	10	7	9	9	10
AT3G04184	24	16	33	35	34	33
AT3G04185	0	0	0	0	0	0
AT3G04190	0	0	0	0	0	0
AT3G04195	0	0	0	0	0	1
AT3G04200	0	4	0	0	0	0
AT3G04205	0	0	0	0	0	0
AT3G04210	309	477	417	94	147	93
AT3G04215	0	0	0	0	0	0
AT3G04220	105	132	181	2	7	3
AT3G04225	0	0	0	0	0	0
AT3G04230	138	190	149	114	141	115
AT3G04235	0	0	0	2	0	0
AT3G04240	1440	1713	1625	1408	1087	1360
AT3G04245	0	0	0	0	0	0
AT3G04250	0	0	0	0	0	0
AT3G04255	0	0	0	0	0	0
AT3G04260	766	680	664	961	712	850
AT3G04265	0	0	0	0	0	0
AT3G04270	0	0	0	0	0	0
AT3G04275	1	1	3	4	2	3
AT3G04280	0	0	0	0	0	0
AT3G04285	6	9	6	6	9	3
AT3G04290	142	215	194	219	175	295
AT3G04295	0	0	0	0	0	0
AT3G04300	50	95	65	28	25	26
AT3G04305	0	0	0	0	0	0
AT3G04310	69	70	57	85	70	56
AT3G04315	0	0	0	0	0	0
AT3G04320	17	19	34	13	3	10
AT3G04325	0	0	0	0	0	0
AT3G04330	1	0	3	1	0	0
AT3G04335	0	0	0	0	0	0
AT3G04340	1358	1234	1389	1627	1210	1611
AT3G04345	0	0	0	0	0	0
AT3G04350	495	629	532	534	454	484
AT3G04355	3	8	4	3	3	5
AT3G04360	0	3	6	1	4	8
AT3G04365	0	0	0	0	0	0
AT3G04370	5	13	14	23	20	15
AT3G04375	0	0	0	0	0	0
AT3G04380	31	38	35	45	38	35
AT3G04385	0	0	0	0	0	0
AT3G04390	0	0	0	0	0	0
AT3G04395	0	0	0	0	0	0
AT3G04400	4806	5682	4951	4247	5185	4724
AT3G04405	0	0	0	0	0	0
AT3G04410	0	0	0	0	0	0
AT3G04415	0	0	0	0	0	0
AT3G04420	45	76	68	25	50	44
AT3G04425	0	0	0	0	0	0
AT3G04430	0	0	0	0	0	0
AT3G04435	0	0	0	0	0	0
AT3G04440	0	0	0	0	0	0
AT3G04443	0	1	0	0	0	0
AT3G04450	74	93	89	106	97	135
AT3G04455	0	0	0	0	0	0
AT3G04460	231	260	229	205	203	190
AT3G04470	892	1014	903	989	945	913
AT3G04475	1	6	0	0	0	0
AT3G04480	320	363	355	273	233	275
AT3G04485	24	31	42	33	43	33
AT3G04490	604	680	676	616	494	585
AT3G04495	1	1	2	1	0	0
AT3G04500	367	489	454	403	440	365
AT3G04505	0	0	0	0	0	0
AT3G04510	5	4	1	6	3	5
AT3G04515	0	0	0	0	0	0
AT3G04520	382	471	437	301	298	316
AT3G04525	0	0	0	0	0	0
AT3G04530	2	2	4	21	32	24
AT3G04535	0	0	0	0	0	0
AT3G04540	0	0	0	0	0	0
AT3G04545	0	0	0	0	0	0
AT3G04550	842	749	733	1310	1391	1175
AT3G04555	0	0	0	0	0	0
AT3G04560	175	248	226	199	205	194
AT3G04565	0	0	0	0	0	0
AT3G04570	102	88	99	125	146	152
AT3G04575	0	0	0	0	0	0
AT3G04580	360	427	475	325	311	300
AT3G04585	0	0	0	0	0	0
AT3G04590	428	519	480	575	488	506
AT3G04595	0	0	0	0	0	0
AT3G04600	634	692	715	623	627	653
AT3G04610	907	1005	1007	912	841	853
AT3G04615	0	0	0	0	0	0
AT3G04620	29	36	28	32	46	23
AT3G04625	0	0	0	0	0	0
AT3G04630	210	235	253	157	170	186
AT3G04635	0	0	0	0	0	0
AT3G04640	270	328	345	80	93	91
AT3G04645	0	0	0	0	0	0
AT3G04650	259	236	238	281	224	294
AT3G04655	0	0	0	0	0	0
AT3G04660	0	1	1	1	1	0
AT3G04665	0	0	0	0	0	0
AT3G04670	1003	1181	1251	664	613	621
AT3G04675	0	0	0	0	0	0
AT3G04680	274	352	361	278	284	272
AT3G04685	0	0	0	0	0	0
AT3G04690	106	109	112	137	139	106
AT3G04695	2	2	1	0	0	2
AT3G04700	5	6	6	8	8	8
AT3G04705	0	0	0	0	0	0
AT3G04710	182	159	200	164	160	170
AT3G04720	2775	4744	3976	2312	2562	2477
AT3G04725	0	0	0	0	0	0
AT3G04730	3600	4627	4036	3720	3848	3471
AT3G04735	5	1	0	0	2	0
AT3G04740	744	910	941	771	569	732
AT3G04745	3	3	1	0	0	0
AT3G04750	143	184	190	154	161	162
AT3G04755	25	19	27	16	21	18
AT3G04760	543	512	523	674	643	655
AT3G04765	0	0	2	2	1	0
AT3G04770	125	137	99	123	132	134
AT3G04775	0	0	0	0	0	0
AT3G04780	332	450	415	307	387	294
AT3G04785	0	0	0	0	0	1
AT3G04790	862	777	767	994	843	907
AT3G04795	0	0	0	0	0	0
AT3G04800	1	11	14	8	6	11
AT3G04805	0	0	0	0	0	0
AT3G04810	445	537	596	395	340	364
AT3G04815	0	0	0	0	0	0
AT3G04820	223	229	243	288	258	251
AT3G04825	0	0	0	0	0	0
AT3G04830	532	593	598	586	515	504
AT3G04835	0	0	0	0	0	0
AT3G04840	3140	3324	3440	2833	3087	3326
AT3G04845	0	0	0	0	0	0
AT3G04850	31	33	37	46	27	42
AT3G04854	2	12	4	6	4	7
AT3G04855	0	0	0	0	0	0
AT3G04860	64	57	57	90	94	82
AT3G04870	877	955	885	1035	900	938
AT3G04875	0	0	0	0	0	0
AT3G04880	539	635	536	639	612	577
AT3G04890	174	217	189	223	299	226
AT3G04895	0	0	0	0	0	0
AT3G04900	0	0	0	0	0	0
AT3G04903	0	0	0	0	0	0
AT3G04905	0	0	0	0	0	0
AT3G04910	1317	1646	1391	1933	1757	1778
AT3G04915	0	0	0	0	0	0
AT3G04920	1535	1967	1686	1688	1834	1759
AT3G04925	0	0	0	0	0	0
AT3G04930	801	922	760	739	687	747
AT3G04935	0	0	0	0	0	0
AT3G04940	438	473	426	550	549	508
AT3G04943	0	0	0	0	0	0
AT3G04945	0	0	0	0	0	0
AT3G04950	62	61	73	59	82	65
AT3G04955	0	0	0	0	0	0
AT3G04960	3	3	5	11	10	6
AT3G04965	3	7	5	7	2	5
AT3G04970	132	208	166	164	186	173
AT3G04975	1	0	1	0	0	2
AT3G04980	65	74	74	85	68	76
AT3G04985	0	0	0	0	0	0
AT3G04990	0	0	0	0	0	0
AT3G04995	0	0	0	0	0	0
AT3G05000	328	434	340	340	394	339
AT3G05005	0	0	0	0	0	0
AT3G05010	141	176	181	130	184	122
AT3G05015	0	0	0	0	0	0
AT3G05020	715	828	657	888	987	903
AT3G05025	0	0	1	0	0	0
AT3G05030	77	110	124	154	83	114
AT3G05035	1	5	2	4	1	2
AT3G05040	367	384	338	367	289	369
AT3G05045	0	0	0	0	0	0
AT3G05050	691	779	832	490	354	435
AT3G05055	0	0	0	0	0	0
AT3G05060	582	617	659	811	738	858
AT3G05070	290	355	272	297	334	268
AT3G05075	0	0	0	0	0	0
AT3G05080	0	0	0	0	0	0
AT3G05085	0	0	0	0	0	0
AT3G05090	921	1023	948	911	668	797
AT3G05095	0	0	0	0	0	0
AT3G05100	233	270	263	337	250	288
AT3G05105	2	0	1	1	1	0
AT3G05110	0	1	0	2	1	2
AT3G05115	0	0	0	0	0	0
AT3G05120	556	597	514	586	609	557
AT3G05125	0	0	0	0	0	0
AT3G05130	66	67	83	124	114	110
AT3G05135	0	0	0	0	0	0
AT3G05140	14	13	7	30	25	35
AT3G05145	0	0	0	0	0	0
AT3G05150	52	38	33	53	74	49
AT3G05152	1	0	0	1	0	0
AT3G05155	5	3	8	17	12	16
AT3G05160	403	579	399	645	661	683
AT3G05165	770	1240	1000	758	856	804
AT3G05170	48	73	87	65	58	64
AT3G05175	0	0	1	0	0	0
AT3G05180	39	45	40	42	48	41
AT3G05185	0	0	0	0	0	0
AT3G05190	27	25	14	21	28	25
AT3G05195	1	0	0	0	0	1
AT3G05200	1146	1404	1243	775	775	660
AT3G05205	0	0	0	0	0	0
AT3G05210	317	417	318	312	388	331
AT3G05215	0	0	0	0	0	0
AT3G05220	2525	3001	2581	3249	2398	3077
AT3G05225	0	0	0	0	0	0
AT3G05230	161	185	204	130	122	127
AT3G05235	0	0	0	0	0	0
AT3G05240	0	0	0	0	0	0
AT3G05245	0	0	0	0	0	0
AT3G05250	145	207	166	152	172	136
AT3G05260	4	1	2	1	0	0
AT3G05265	0	0	0	0	0	0
AT3G05270	243	328	260	341	300	339
AT3G05275	0	0	0	0	0	0
AT3G05280	416	427	366	406	313	378
AT3G05285	0	0	0	0	1	0
AT3G05290	302	426	422	266	246	237
AT3G05295	0	0	0	0	0	0
AT3G05300	0	0	1	0	0	0
AT3G05305	0	0	0	0	0	0
AT3G05310	0	0	0	0	0	1
AT3G05315	0	0	0	0	0	0
AT3G05320	30	58	48	39	59	44
AT3G05325	0	0	4	4	3	2
AT3G05327	1	4	2	8	6	7
AT3G05330	32	49	45	59	45	67
AT3G05335	0	5	4	2	2	5
AT3G05340	61	61	61	87	56	81
AT3G05345	83	97	95	123	127	109
AT3G05350	575	618	601	624	511	590
AT3G05355	7	12	5	17	21	16
AT3G05360	398	516	578	131	123	126
AT3G05365	5	2	2	2	5	3
AT3G05370	151	237	268	132	158	144
AT3G05375	0	0	0	0	0	0
AT3G05380	521	594	594	463	394	476
AT3G05385	0	0	0	0	0	0
AT3G05390	38	44	46	10	9	7
AT3G05395	0	0	0	0	0	0
AT3G05400	28	35	43	33	35	43
AT3G05410	222	217	181	268	318	276
AT3G05420	1223	1072	1246	1105	807	1044
AT3G05425	0	0	0	0	0	0
AT3G05430	31	28	32	37	15	43
AT3G05440	0	0	0	0	0	0
AT3G05445	0	4	0	0	0	3
AT3G05450	0	1	0	0	1	0
AT3G05455	0	0	0	0	0	0
AT3G05460	0	1	1	0	0	0
AT3G05465	0	0	0	0	0	0
AT3G05470	46	59	45	93	56	91
AT3G05475	0	0	0	0	0	0
AT3G05480	25	17	20	20	23	29
AT3G05485	0	0	0	0	0	0
AT3G05490	319	383	331	277	340	234
AT3G05495	0	0	0	0	0	0
AT3G05500	541	627	687	461	441	460
AT3G05505	0	0	0	0	0	0
AT3G05510	154	235	202	168	169	187
AT3G05515	0	0	0	0	0	0
AT3G05520	290	375	295	380	343	337
AT3G05525	0	0	0	0	0	0
AT3G05530	1755	2197	2032	1871	1693	1768
AT3G05535	0	0	0	0	0	0
AT3G05540	0	0	1	0	0	0
AT3G05545	1106	1376	1402	958	1019	908
AT3G05550	3	11	9	5	5	3
AT3G05555	0	0	0	0	0	0
AT3G05560	2339	2761	2547	2016	2310	2416
AT3G05570	102	167	132	101	146	116
AT3G05575	0	0	0	0	0	0
AT3G05580	272	368	345	145	110	153
AT3G05585	0	0	0	0	0	0
AT3G05590	3804	4193	4074	3448	3954	4141
AT3G05595	0	1	0	0	0	0
AT3G05600	57	86	90	126	114	151
AT3G05605	0	0	0	0	0	0
AT3G05610	0	0	2	1	1	0
AT3G05620	7	6	7	13	3	7
AT3G05625	156	166	159	192	198	210
AT3G05630	73	108	91	44	51	37
AT3G05635	5	1	2	2	1	4
AT3G05640	35	44	31	70	50	90
AT3G05645	0	0	0	0	0	0
AT3G05650	13	8	21	16	10	7
AT3G05655	0	0	0	0	0	3
AT3G05660	97	100	111	136	126	99
AT3G05665	0	0	0	0	0	0
AT3G05670	606	708	709	595	510	554
AT3G05675	107	120	77	148	132	122
AT3G05680	987	1160	1056	1015	629	959
AT3G05685	35	34	35	40	46	26
AT3G05690	37	43	38	43	57	87
AT3G05695	0	0	0	0	0	0
AT3G05700	117	142	112	154	153	149
AT3G05705	0	0	0	0	0	0
AT3G05710	342	448	416	291	361	329
AT3G05715	2	4	0	6	5	4
AT3G05720	4	3	4	4	1	2
AT3G05725	0	0	0	0	0	0
AT3G05727	433	767	635	503	412	671
AT3G05730	2609	3775	3590	4157	2859	3004
AT3G05735	0	0	0	0	0	0
AT3G05740	59	50	56	39	41	51
AT3G05741	0	0	0	0	0	0
AT3G05745	0	0	0	0	0	0
AT3G05746	0	0	0	0	0	0
AT3G05750	131	159	125	124	142	153
AT3G05755	0	0	0	0	0	0
AT3G05760	403	493	369	392	444	421
AT3G05765	0	0	0	0	0	0
AT3G05770	0	1	2	5	4	3
AT3G05775	0	0	0	0	0	0
AT3G05780	0	2	1	1	0	0
AT3G05785	0	0	0	0	0	0
AT3G05790	9	14	17	11	12	6
AT3G05795	0	0	0	0	0	0
AT3G05800	341	422	311	394	498	343
AT3G05805	0	0	0	0	0	0
AT3G05810	182	232	247	204	280	235
AT3G05815	0	0	0	0	0	0
AT3G05820	5	3	8	3	13	8
AT3G05825	0	0	0	0	0	0
AT3G05830	67	97	99	83	87	108
AT3G05835	0	0	0	0	0	0
AT3G05840	1124	1329	1349	1113	946	1016
AT3G05845	0	0	0	0	0	0
AT3G05850	253	282	268	262	245	260
AT3G05855	0	0	0	0	0	0
AT3G05858	0	0	1	3	3	1
AT3G05860	0	1	0	0	0	1
AT3G05870	72	69	84	76	104	64
AT3G05880	2007	2645	1813	2344	3054	1984
AT3G05885	0	0	0	0	0	0
AT3G05890	42	41	55	94	101	78
AT3G05895	0	0	0	0	0	0
AT3G05900	0	0	1	0	0	0
AT3G05905	5	2	2	2	3	2
AT3G05910	420	441	374	451	495	534
AT3G05915	0	0	0	0	0	0
AT3G05920	15	22	44	27	47	32
AT3G05925	0	0	0	0	0	0
AT3G05930	0	0	0	0	2	1
AT3G05932	4	10	15	13	13	14
AT3G05935	0	0	0	0	0	0
AT3G05936	16	29	18	16	25	13
AT3G05937	186	281	263	162	147	138
AT3G05940	116	129	119	121	118	129
AT3G05945	80	138	86	94	157	110
AT3G05950	2	1	0	1	4	1
AT3G05955	3	2	1	0	2	0
AT3G05960	0	0	0	0	0	0
AT3G05965	0	0	0	0	0	0
AT3G05970	1933	2321	2277	1705	1319	1531
AT3G05975	0	0	0	0	0	0
AT3G05980	5	7	4	18	13	15
AT3G05985	0	0	0	0	0	0
AT3G05990	288	345	371	304	274	328
AT3G05995	1	2	4	3	2	0
AT3G06000	0	0	0	0	0	0
AT3G06010	470	527	520	496	389	462
AT3G06015	0	0	0	0	0	0
AT3G06019	0	0	0	0	0	0
AT3G06020	6	9	7	7	10	12
AT3G06025	0	0	0	0	1	0
AT3G06030	38	47	55	87	62	89
AT3G06035	24	25	21	59	37	43
AT3G06040	449	478	436	415	487	427
AT3G06045	0	0	0	0	1	1
AT3G06050	820	1010	1016	895	937	871
AT3G06055	0	0	0	0	0	0
AT3G06060	287	357	338	361	367	342
AT3G06065	0	0	0	0	0	0
AT3G06070	229	295	218	320	313	291
AT3G06075	0	0	0	0	0	1
AT3G06080	1731	2202	1609	1334	1635	1337
AT3G06085	0	0	0	0	0	0
AT3G06090	0	0	0	0	0	0
AT3G06095	1	1	0	0	1	3
AT3G06100	13	15	5	1	2	7
AT3G06105	0	0	0	0	0	0
AT3G06110	281	351	302	294	327	272
AT3G06115	0	0	0	0	0	0
AT3G06120	7	6	7	9	11	6
AT3G06125	53	83	58	55	91	51
AT3G06130	270	327	269	334	309	368
AT3G06135	0	0	0	0	0	0
AT3G06140	27	30	34	29	36	40
AT3G06145	9	15	3	11	15	14
AT3G06150	207	245	222	259	274	290
AT3G06155	0	0	0	0	0	0
AT3G06160	0	1	0	1	0	2
AT3G06165	0	0	0	0	0	0
AT3G06170	428	545	525	548	451	458
AT3G06180	86	126	106	113	91	90
AT3G06185	0	0	0	0	0	1
AT3G06190	584	722	698	611	558	598
AT3G06200	304	325	378	345	438	349
AT3G06205	0	0	0	0	0	0
AT3G06210	167	202	209	219	256	201
AT3G06215	0	0	0	0	0	0
AT3G06220	9	1	2	3	4	5
AT3G06225	0	0	0	0	0	0
AT3G06230	0	0	0	0	0	0
AT3G06235	0	0	0	0	0	0
AT3G06240	193	267	208	260	222	217
AT3G06245	1	0	0	0	0	0
AT3G06250	469	563	619	337	306	366
AT3G06255	0	0	0	0	0	0
AT3G06260	14	12	15	11	11	9
AT3G06265	0	0	0	0	0	0
AT3G06270	262	269	233	218	251	212
AT3G06275	0	0	0	0	0	0
AT3G06280	0	0	0	0	0	0
AT3G06285	0	0	0	0	0	0
AT3G06290	787	880	919	1043	736	976
AT3G06295	0	0	0	0	0	0
AT3G06300	425	488	547	327	313	337
AT3G06310	335	395	337	349	392	348
AT3G06315	0	0	0	1	0	0
AT3G06320	109	137	140	96	138	138
AT3G06325	0	0	0	0	0	0
AT3G06330	191	266	250	221	168	195
AT3G06335	0	0	0	0	0	0
AT3G06340	296	336	299	315	270	293
AT3G06345	489	674	607	560	494	577
AT3G06350	1650	2109	2114	1168	1006	1070
AT3G06355	258	334	359	241	104	191
AT3G06360	3	0	6	2	0	2
AT3G06370	36	67	62	53	45	47
AT3G06375	0	0	0	0	0	0
AT3G06380	957	1281	1088	942	1014	897
AT3G06385	0	0	0	0	0	0
AT3G06390	77	77	97	274	217	242
AT3G06395	0	0	0	0	0	0
AT3G06400	1615	1840	1892	1773	1389	1577
AT3G06405	0	0	0	0	0	0
AT3G06410	321	400	396	385	351	382
AT3G06415	0	0	0	0	0	0
AT3G06420	251	393	413	147	114	91
AT3G06425	4	3	3	9	5	7
AT3G06430	420	452	453	520	561	569
AT3G06435	60	105	97	31	74	32
AT3G06436	0	0	0	0	0	0
AT3G06440	249	283	229	287	258	261
AT3G06445	0	0	0	0	0	0
AT3G06450	976	1093	1002	825	800	818
AT3G06455	95	96	99	91	109	110
AT3G06460	2	0	6	4	1	6
AT3G06465	3	0	0	0	0	0
AT3G06470	375	419	409	344	325	305
AT3G06475	0	0	0	0	0	0
AT3G06480	587	704	754	729	640	685
AT3G06483	961	1130	998	1010	1048	899
AT3G06485	0	0	0	0	0	0
AT3G06490	53	93	120	8	9	17
AT3G06495	1	0	2	0	5	0
AT3G06500	1877	2656	2569	1436	1638	1360
AT3G06510	812	985	858	950	943	887
AT3G06515	1	0	0	0	1	0
AT3G06520	6	11	8	7	6	8
AT3G06525	0	0	0	0	0	0
AT3G06530	615	596	605	800	533	782
AT3G06535	0	0	0	0	0	0
AT3G06540	251	308	334	301	238	230
AT3G06545	0	0	0	0	0	0
AT3G06550	539	604	534	570	435	518
AT3G06555	0	0	0	0	0	0
AT3G06560	0	0	2	0	0	0
AT3G06565	0	0	0	1	0	0
AT3G06570	100	146	131	129	129	146
AT3G06575	0	0	0	0	0	0
AT3G06580	893	989	1000	869	757	863
AT3G06585	0	0	0	0	0	0
AT3G06590	333	383	236	482	386	474
AT3G06595	0	0	0	0	0	0
AT3G06600	9	8	5	1	3	12
AT3G06605	0	1	0	0	0	0
AT3G06610	308	385	337	394	475	419
AT3G06615	0	0	0	0	0	0
AT3G06620	548	683	684	551	464	495
AT3G06625	0	0	0	0	0	0
AT3G06630	21	34	24	41	36	57
AT3G06635	0	0	0	0	0	0
AT3G06640	5	3	5	11	5	6
AT3G06645	0	0	0	0	0	0
AT3G06650	1172	1332	1247	1368	1169	1312
AT3G06655	0	0	0	0	0	0
AT3G06660	111	99	97	131	119	112
AT3G06665	0	0	0	0	0	0
AT3G06670	1114	1232	1150	1055	944	1099
AT3G06675	0	0	0	0	0	0
AT3G06680	232	345	289	255	351	340
AT3G06685	0	1	0	3	0	0
AT3G06690	10	14	7	6	14	10
AT3G06695	0	0	0	0	0	0
AT3G06700	1410	1609	1421	1234	1700	1491
AT3G06710	10	10	5	11	16	14
AT3G06715	0	0	0	0	0	0
AT3G06720	1860	2131	2101	1776	1739	1607
AT3G06725	0	0	0	0	0	0
AT3G06730	253	210	208	243	291	299
AT3G06735	0	0	0	0	0	0
AT3G06740	24	54	45	64	75	71
AT3G06745	0	0	0	0	0	0
AT3G06750	225	222	204	167	192	143
AT3G06755	7	3	7	15	13	7
AT3G06760	323	418	434	218	248	246
AT3G06765	0	0	0	0	0	0
AT3G06770	252	254	184	343	382	338
AT3G06775	0	0	0	0	0	0
AT3G06778	27	25	23	24	17	19
AT3G06780	110	144	116	71	111	62
AT3G06785	0	0	0	0	0	0
AT3G06790	239	213	261	268	312	346
AT3G06795	0	0	0	0	0	0
AT3G06805	0	0	0	0	0	0
AT3G06810	1147	1387	1476	989	864	925
AT3G06815	0	1	0	0	0	1
AT3G06820	305	404	364	338	375	335
AT3G06830	1	2	2	1	5	4
AT3G06835	0	0	0	2	0	0
AT3G06840	62	54	59	69	70	71
AT3G06845	0	0	0	0	0	0
AT3G06850	1200	1465	1337	716	951	705
AT3G06855	0	0	0	0	0	0
AT3G06860	1797	2180	2141	1478	1147	1437
AT3G06868	7	5	5	16	14	10
AT3G06870	0	0	0	0	0	0
AT3G06880	107	135	103	182	177	231
AT3G06890	12	10	6	8	12	19
AT3G06895	0	0	0	0	0	0
AT3G06900	0	0	0	0	0	0
AT3G06905	0	0	0	0	0	0
AT3G06910	115	158	153	139	130	112
AT3G06915	0	0	0	0	0	0
AT3G06920	86	76	90	138	109	135
AT3G06925	0	0	0	0	0	1
AT3G06930	391	372	457	496	390	442
AT3G06935	0	0	0	0	0	0
AT3G06950	71	71	73	92	100	95
AT3G06955	2	0	0	1	0	0
AT3G06960	415	465	448	448	473	480
AT3G06962	0	0	0	0	2	0
AT3G06970	4	3	1	4	0	1
AT3G06975	0	0	0	0	0	0
AT3G06980	1334	1332	1200	1597	1520	1635
AT3G06985	0	1	0	0	0	0
AT3G06990	7	14	13	13	15	14
AT3G07000	8	13	21	11	16	23
AT3G07005	0	0	0	0	0	0
AT3G07010	403	439	364	628	464	530
AT3G07020	599	708	627	641	527	617
AT3G07025	0	0	0	0	0	0
AT3G07030	280	355	301	352	446	385
AT3G07040	191	186	219	177	144	175
AT3G07045	0	0	0	0	0	0
AT3G07050	857	922	930	1053	1050	1147
AT3G07055	0	0	0	0	0	0
AT3G07060	197	218	179	222	183	228
AT3G07065	0	0	0	0	0	0
AT3G07070	10	2	6	7	5	5
AT3G07075	0	0	0	0	0	0
AT3G07080	126	126	117	143	108	119
AT3G07085	0	0	0	0	0	0
AT3G07090	331	410	424	227	180	223
AT3G07095	0	0	0	0	0	0
AT3G07100	2123	2348	2300	2186	1650	2013
AT3G07105	0	0	0	0	0	0
AT3G07110	1679	1825	1733	1529	1882	1795
AT3G07115	0	0	0	0	0	0
AT3G07120	5	1	2	12	10	11
AT3G07125	0	0	0	0	0	0
AT3G07130	44	48	40	64	61	67
AT3G07135	0	0	0	0	0	0
AT3G07140	365	399	368	423	347	409
AT3G07150	4	10	7	16	15	10
AT3G07155	0	0	0	0	0	0
AT3G07160	2722	2943	3180	2406	1678	2333
AT3G07165	0	0	0	0	0	0
AT3G07170	375	439	412	428	389	391
AT3G07175	1	0	2	3	0	2
AT3G07180	612	681	608	550	581	578
AT3G07185	0	0	0	0	0	0
AT3G07190	146	182	166	134	150	130
AT3G07195	285	329	405	141	143	145
AT3G07200	75	93	86	123	115	122
AT3G07205	0	9	9	19	17	19
AT3G07210	86	97	111	111	90	113
AT3G07215	147	199	233	176	175	197
AT3G07220	493	618	484	503	478	470
AT3G07225	0	0	0	0	0	0
AT3G07230	712	852	745	698	830	731
AT3G07235	0	0	0	0	0	0
AT3G07245	0	0	0	0	0	0
AT3G07250	0	0	0	0	0	0
AT3G07255	1	4	6	0	0	0
AT3G07260	2	2	0	0	5	3
AT3G07265	0	0	0	0	0	0
AT3G07270	530	669	595	581	607	667
AT3G07273	95	151	140	113	146	98
AT3G07275	0	0	0	0	0	0
AT3G07290	20	21	32	36	43	42
AT3G07295	0	0	0	0	0	0
AT3G07300	428	473	452	452	434	501
AT3G07305	0	0	0	0	0	0
AT3G07310	421	549	453	430	455	479
AT3G07315	0	0	0	0	0	0
AT3G07320	171	182	192	283	235	244
AT3G07325	0	0	0	0	0	0
AT3G07330	584	596	621	561	457	515
AT3G07335	0	0	0	0	0	0
AT3G07340	64	40	51	58	45	58
AT3G07345	0	0	1	0	0	0
AT3G07350	221	223	189	293	196	229
AT3G07355	0	0	0	0	0	0
AT3G07360	495	667	502	458	541	477
AT3G07365	0	0	0	0	0	0
AT3G07370	401	557	546	244	311	265
AT3G07375	0	0	0	0	0	0
AT3G07380	0	0	0	0	1	0
AT3G07385	0	0	0	0	0	0
AT3G07390	323	499	617	302	266	331
AT3G07395	0	0	0	0	0	0
AT3G07400	298	360	344	327	312	356
AT3G07405	0	0	0	0	0	0
AT3G07410	124	185	126	138	165	129
AT3G07415	0	0	0	0	0	0
AT3G07420	58	89	86	104	53	74
AT3G07425	1	2	0	0	2	1
AT3G07430	1079	908	1076	1048	1092	1058
AT3G07435	0	0	0	0	0	0
AT3G07440	166	153	189	129	144	150
AT3G07450	0	0	0	0	0	0
AT3G07460	1335	1713	1402	1409	2149	1368
AT3G07465	0	2	4	5	1	0
AT3G07470	1170	1255	1048	950	1494	926
AT3G07475	0	0	0	0	0	0
AT3G07480	1091	1352	1256	1098	1116	1043
AT3G07485	0	0	0	0	0	0
AT3G07490	4	2	2	2	1	1
AT3G07495	0	0	0	1	0	0
AT3G07500	51	45	37	66	56	52
AT3G07505	0	1	0	0	0	0
AT3G07510	14	20	18	26	38	29
AT3G07515	0	0	0	0	0	0
AT3G07520	93	149	131	124	115	93
AT3G07522	0	0	1	1	3	0
AT3G07525	96	122	121	109	108	111
AT3G07530	83	110	68	110	87	110
AT3G07540	122	125	116	206	189	176
AT3G07545	0	0	0	0	0	0
AT3G07550	113	112	112	114	150	129
AT3G07555	2	4	5	8	5	4
AT3G07560	2241	2944	2699	1842	2087	1718
AT3G07565	387	422	461	343	326	326
AT3G07568	180	291	184	225	270	217
AT3G07570	407	481	423	358	288	329
AT3G07580	97	138	111	98	96	85
AT3G07585	0	0	0	0	0	0
AT3G07590	121	142	143	144	193	165
AT3G07600	8	7	7	5	10	13
AT3G07605	0	0	0	0	0	0
AT3G07610	496	512	503	451	363	452
AT3G07615	0	0	0	0	0	0
AT3G07620	0	0	0	0	0	0
AT3G07625	0	0	0	0	0	0
AT3G07630	413	516	501	539	479	447
AT3G07635	2	2	3	2	3	1
AT3G07640	284	339	277	319	330	291
AT3G07645	0	0	0	0	0	0
AT3G07650	1767	2147	1864	1681	1573	1608
AT3G07655	0	0	0	0	0	0
AT3G07660	808	928	957	924	839	970
AT3G07665	0	0	0	0	0	0
AT3G07670	454	490	421	577	585	537
AT3G07675	9	14	12	17	21	8
AT3G07680	728	763	747	519	574	524
AT3G07685	0	0	0	0	0	0
AT3G07690	306	381	312	322	297	319
AT3G07695	0	0	0	0	0	0
AT3G07700	1024	1330	1216	797	669	666
AT3G07705	0	0	0	0	0	0
AT3G07710	0	0	0	0	0	0
AT3G07715	5	10	7	11	5	9
AT3G07720	677	876	916	345	389	273
AT3G07725	5	12	7	5	7	8
AT3G07730	86	108	96	93	67	94
AT3G07735	4	6	5	3	5	8
AT3G07740	208	204	199	220	270	224
AT3G07745	0	0	0	0	0	0
AT3G07750	190	175	191	225	236	281
AT3G07755	0	0	0	0	0	0
AT3G07760	454	581	496	551	586	495
AT3G07765	0	1	0	0	0	0
AT3G07770	390	418	463	571	521	602
AT3G07775	0	0	0	0	0	0
AT3G07780	2290	3011	2894	1624	1946	1588
AT3G07785	0	0	0	0	0	0
AT3G07790	691	817	846	695	636	639
AT3G07795	0	0	0	0	0	0
AT3G07800	212	237	221	217	183	156
AT3G07805	0	0	0	0	0	0
AT3G07810	1029	1051	1131	1000	734	964
AT3G07815	0	0	0	0	0	0
AT3G07820	1	0	1	0	0	0
AT3G07825	1	4	9	8	10	4
AT3G07830	0	0	0	0	0	0
AT3G07835	0	0	0	0	0	0
AT3G07840	0	0	0	0	0	0
AT3G07845	0	0	0	0	0	0
AT3G07850	0	0	0	0	0	0
AT3G07855	0	0	0	0	0	0
AT3G07860	146	179	128	186	190	170
AT3G07865	0	0	0	0	0	0
AT3G07870	281	389	345	355	378	356
AT3G07875	0	0	1	2	3	1
AT3G07880	388	452	472	539	493	514
AT3G07885	0	0	0	0	0	0
AT3G07890	476	577	604	425	404	417
AT3G07895	0	1	3	1	2	1
AT3G07900	3	4	4	4	9	10
AT3G07905	0	0	0	0	0	0
AT3G07910	458	588	468	436	511	446
AT3G07915	0	2	0	0	0	0
AT3G07920	1	0	1	1	1	0
AT3G07925	0	0	0	0	0	0
AT3G07930	91	136	95	129	121	121
AT3G07935	0	0	1	0	0	0
AT3G07940	206	223	241	272	288	204
AT3G07945	0	0	0	0	0	0
AT3G07950	395	402	385	402	423	400
AT3G07955	0	0	0	0	0	0
AT3G07960	19	13	29	19	12	18
AT3G07965	0	0	0	0	0	0
AT3G07970	94	124	163	20	15	15
AT3G07975	0	0	0	0	0	0
AT3G07980	337	387	347	347	223	343
AT3G07985	0	0	0	0	0	0
AT3G07990	77	129	101	128	124	139
AT3G07995	0	0	0	0	0	0
AT3G08000	31	27	31	38	50	47
AT3G08005	0	0	0	0	0	0
AT3G08010	376	452	381	594	555	491
AT3G08020	312	346	305	357	311	356
AT3G08025	0	0	0	0	0	0
AT3G08030	487	548	534	867	697	936
AT3G08035	0	0	0	0	0	0
AT3G08040	131	149	168	146	190	166
AT3G08045	0	0	1	2	2	4
AT3G08050	0	0	0	0	0	0
AT3G08055	0	0	0	0	0	0
AT3G08065	46	65	67	77	68	79
AT3G08070	0	0	0	0	0	0
AT3G08075	0	3	0	0	0	0
AT3G08080	0	0	0	0	0	0
AT3G08085	0	0	0	0	0	0
AT3G08090	0	0	0	0	1	0
AT3G08100	0	0	0	0	0	0
AT3G08105	0	0	0	0	0	0
AT3G08110	0	0	0	0	0	0
AT3G08115	0	0	2	0	1	0
AT3G08120	0	0	0	0	0	0
AT3G08125	0	0	0	0	0	0
AT3G08130	0	0	0	0	0	0
AT3G08135	0	0	0	0	0	0
AT3G08140	0	0	0	0	0	0
AT3G08150	0	0	0	0	0	0
AT3G08155	0	0	0	0	0	0
AT3G08160	0	0	0	0	0	0
AT3G08165	11	19	19	20	22	31
AT3G08170	4	0	2	0	0	0
AT3G08175	0	0	0	0	0	0
AT3G08185	0	3	2	4	1	1
AT3G08190	0	0	0	0	0	0
AT3G08200	0	0	0	0	0	0
AT3G08205	0	0	0	0	0	0
AT3G08210	1	0	0	0	0	0
AT3G08215	0	0	0	0	0	0
AT3G08220	5	9	12	8	6	9
AT3G08225	0	0	0	0	0	0
AT3G08230	0	0	0	0	0	0
AT3G08235	0	0	0	0	0	0
AT3G08240	10	16	17	20	14	24
AT3G08245	0	0	0	0	0	0
AT3G08250	0	0	0	0	0	0
AT3G08255	0	0	0	0	0	1
AT3G08260	0	0	0	0	0	0
AT3G08265	0	0	0	0	0	0
AT3G08270	0	0	0	0	0	0
AT3G08275	17	13	5	9	12	13
AT3G08280	0	0	0	0	0	0
AT3G08285	0	0	0	0	0	0
AT3G08290	0	0	0	0	0	0
AT3G08295	0	0	0	0	0	0
AT3G08300	2	0	2	0	0	0
AT3G08310	0	0	0	0	0	0
AT3G08315	0	0	0	0	0	0
AT3G08325	0	0	0	0	0	0
AT3G08330	2	1	1	0	0	0
AT3G08335	0	0	0	0	0	0
AT3G08340	0	0	0	0	0	0
AT3G08345	0	0	1	0	2	0
AT3G08350	0	0	0	0	0	0
AT3G08355	0	0	0	0	0	0
AT3G08360	3	1	2	3	0	1
AT3G08365	0	0	0	0	0	0
AT3G08370	0	0	0	0	0	0
AT3G08380	0	0	0	0	0	0
AT3G08390	0	0	0	0	0	0
AT3G08395	0	0	0	0	0	0
AT3G08400	0	0	0	0	0	0
AT3G08405	0	1	0	0	0	0
AT3G08410	0	0	0	0	0	0
AT3G08415	0	0	0	0	0	0
AT3G08420	0	0	0	0	0	0
AT3G08425	0	3	0	0	0	2
AT3G08430	0	0	0	0	0	0
AT3G08435	0	0	0	0	0	0
AT3G08450	0	0	0	0	0	0
AT3G08455	0	0	0	0	0	0
AT3G08460	0	0	0	0	0	0
AT3G08465	0	0	0	0	0	0
AT3G08470	0	0	0	0	0	0
AT3G08475	0	0	0	0	0	0
AT3G08480	0	0	0	0	0	0
AT3G08485	0	0	0	0	0	0
AT3G08490	0	0	1	2	0	0
AT3G08495	0	0	0	0	0	0
AT3G08500	0	2	0	0	1	1
AT3G08505	74	84	67	79	76	68
AT3G08510	2258	2415	2205	3033	2585	2554
AT3G08515	0	0	0	0	0	0
AT3G08520	611	905	616	558	779	591
AT3G08525	1	2	2	3	1	0
AT3G08530	5377	5950	6010	5295	3553	4762
AT3G08535	0	0	0	0	0	0
AT3G08545	0	0	0	0	0	0
AT3G08550	433	504	516	516	423	495
AT3G08560	0	1	0	0	0	0
AT3G08570	16	20	27	15	21	21
AT3G08575	0	0	0	0	0	0
AT3G08580	11904	13404	12407	10263	10292	10236
AT3G08585	0	0	0	0	0	1
AT3G08590	913	931	862	1177	1143	1125
AT3G08595	1	2	0	1	1	1
AT3G08600	73	82	69	114	85	95
AT3G08605	0	0	0	0	0	0
AT3G08610	1424	1875	1645	1331	1697	1275
AT3G08615	0	0	0	0	0	0
AT3G08620	110	152	135	103	128	122
AT3G08630	215	272	248	174	172	188
AT3G08635	5	2	0	3	3	2
AT3G08636	0	0	1	0	0	0
AT3G08640	1202	1485	1419	830	746	722
AT3G08645	0	0	0	0	0	0
AT3G08650	1080	1339	1264	1072	1142	1077
AT3G08655	1	4	2	2	1	1
AT3G08660	23	30	17	77	59	56
AT3G08665	0	0	0	0	0	0
AT3G08670	298	353	325	440	386	412
AT3G08675	0	0	0	0	0	0
AT3G08680	295	345	334	400	303	439
AT3G08685	3	0	1	2	1	2
AT3G08690	489	703	685	398	500	342
AT3G08695	0	0	0	0	0	0
AT3G08700	1	0	1	0	1	1
AT3G08705	0	0	0	0	0	0
AT3G08710	404	494	541	217	279	197
AT3G08715	0	0	0	0	0	0
AT3G08720	579	754	763	248	243	240
AT3G08725	0	0	0	0	0	0
AT3G08730	633	854	733	554	630	597
AT3G08735	0	0	0	0	0	0
AT3G08740	1530	1415	1479	1274	1302	1266
AT3G08745	0	0	0	0	0	0
AT3G08750	0	0	0	0	0	1
AT3G08755	0	0	0	0	0	0
AT3G08760	1124	1563	1427	635	526	592
AT3G08765	0	2	0	0	0	0
AT3G08770	80	72	113	132	116	179
AT3G08775	0	0	0	0	0	0
AT3G08780	239	279	257	196	261	221
AT3G08785	0	0	0	0	0	0
AT3G08790	0	1	2	0	0	0
AT3G08795	0	1	0	0	1	2
AT3G08800	63	67	50	62	60	80
AT3G08805	0	0	1	0	0	0
AT3G08810	2	6	5	8	4	7
AT3G08815	0	0	0	0	0	0
AT3G08820	30	20	19	39	32	31
AT3G08825	0	0	0	0	0	0
AT3G08835	0	0	0	0	0	0
AT3G08840	330	486	361	428	383	375
AT3G08845	0	0	0	0	0	0
AT3G08850	1575	1808	1772	1528	1072	1434
AT3G08855	0	0	0	0	0	0
AT3G08860	26	51	51	54	56	79
AT3G08870	9	6	14	7	10	6
AT3G08875	0	0	0	0	0	0
AT3G08880	97	117	109	118	99	125
AT3G08890	150	151	167	157	138	129
AT3G08895	0	0	0	0	0	0
AT3G08900	3	1	1	0	1	1
AT3G08905	0	0	0	0	0	0
AT3G08910	176	203	223	181	166	166
AT3G08915	0	0	0	0	0	0
AT3G08920	224	229	213	288	384	255
AT3G08925	0	0	0	0	0	0
AT3G08930	991	1146	962	1075	993	983
AT3G08935	0	0	0	0	0	1
AT3G08940	1814	2386	1992	3455	4306	3002
AT3G08943	421	448	434	491	470	479
AT3G08945	0	0	0	0	0	0
AT3G08947	87	76	105	85	75	80
AT3G08950	211	243	237	150	176	159
AT3G08960	656	744	703	710	562	633
AT3G08965	0	0	0	0	0	0
AT3G08970	147	82	113	30	28	61
AT3G08975	0	0	0	0	0	0
AT3G08980	69	65	63	47	55	58
AT3G08985	0	0	2	1	0	0
AT3G08990	32	56	52	51	44	42
AT3G09000	495	570	696	394	352	357
AT3G09005	4	4	7	6	4	13
AT3G09010	157	235	276	54	46	48
AT3G09015	0	0	0	0	0	0
AT3G09020	178	356	294	106	88	125
AT3G09025	0	0	0	0	0	0
AT3G09030	287	336	279	288	279	269
AT3G09032	22	24	22	14	11	10
AT3G09035	92	82	72	124	135	145
AT3G09040	49	43	51	67	34	58
AT3G09045	0	0	0	0	0	0
AT3G09050	117	132	119	164	163	144
AT3G09055	0	3	5	5	2	8
AT3G09060	44	43	38	67	48	53
AT3G09065	0	0	0	0	0	0
AT3G09070	83	101	84	154	101	154
AT3G09075	0	1	0	0	0	0
AT3G09080	3	1	5	19	6	7
AT3G09085	47	64	52	33	64	37
AT3G09090	699	770	749	706	599	687
AT3G09095	0	0	0	0	0	0
AT3G09100	665	791	773	642	614	673
AT3G09105	0	0	0	1	1	0
AT3G09110	0	0	0	0	0	0
AT3G09115	0	0	0	0	0	0
AT3G09120	0	0	0	0	0	0
AT3G09125	0	0	0	0	0	0
AT3G09130	0	0	1	0	0	0
AT3G09135	0	0	0	0	0	0
AT3G09140	0	0	0	0	0	0
AT3G09145	10	9	1	3	5	3
AT3G09150	387	426	385	220	239	191
AT3G09155	0	0	0	0	0	0
AT3G09160	22	30	19	33	34	33
AT3G09162	16	15	18	34	29	32
AT3G09175	0	0	0	0	0	0
AT3G09180	244	312	285	280	294	236
AT3G09185	0	0	0	1	0	0
AT3G09190	18	17	18	31	31	33
AT3G09195	0	1	0	0	0	0
AT3G09200	4971	4831	5691	4419	5349	5026
AT3G09205	0	0	0	0	0	0
AT3G09210	614	710	618	751	868	732
AT3G09220	458	287	524	918	697	877
AT3G09225	0	0	0	0	0	0
AT3G09230	82	137	118	126	85	85
AT3G09240	3	7	7	9	11	4
AT3G09245	0	0	0	0	0	0
AT3G09250	237	237	249	218	266	249
AT3G09255	0	0	0	0	0	0
AT3G09260	8514	8944	9277	12396	10867	12310
AT3G09265	0	0	0	0	0	0
AT3G09270	893	1010	1305	554	622	440
AT3G09275	0	0	0	0	0	0
AT3G09280	0	2	0	0	0	1
AT3G09285	0	0	0	0	0	0
AT3G09290	16	29	16	2	7	6
AT3G09295	1	1	0	3	0	1
AT3G09300	1000	1172	1175	967	925	890
AT3G09305	1	1	0	0	2	1
AT3G09310	21	19	17	32	28	20
AT3G09315	0	0	0	0	0	0
AT3G09320	336	450	350	324	328	319
AT3G09325	0	1	1	1	0	1
AT3G09330	6	3	2	4	3	6
AT3G09335	0	0	0	0	0	0
AT3G09340	0	0	5	0	0	0
AT3G09345	3	7	2	4	1	7
AT3G09350	173	239	228	88	136	139
AT3G09355	0	0	0	0	0	0
AT3G09360	249	306	272	241	226	220
AT3G09365	0	0	0	0	0	0
AT3G09370	132	156	140	111	116	120
AT3G09380	0	0	0	0	0	0
AT3G09390	19668	28819	21450	21897	22734	20348
AT3G09395	0	0	0	0	0	0
AT3G09400	8	13	9	6	10	5
AT3G09405	494	911	865	95	115	90
AT3G09410	355	448	372	421	435	501
AT3G09415	3	2	1	20	19	23
AT3G09425	0	0	0	0	0	0
AT3G09430	10	13	7	13	10	14
AT3G09435	0	0	0	0	0	0
AT3G09440	2334	2779	3127	1224	1173	1495
AT3G09445	0	0	0	1	0	0
AT3G09450	0	2	0	0	1	1
AT3G09455	63	69	68	81	89	78
AT3G09465	0	0	1	0	0	0
AT3G09470	438	579	502	580	501	492
AT3G09475	0	0	0	0	0	0
AT3G09480	33	43	37	23	28	26
AT3G09485	0	0	0	0	0	0
AT3G09490	38	37	53	38	35	34
AT3G09495	0	0	0	0	0	0
AT3G09500	4079	4823	4215	3535	4537	4190
AT3G09505	0	0	0	0	0	0
AT3G09510	0	0	0	0	0	0
AT3G09515	1	1	2	0	0	0
AT3G09520	15	20	21	5	5	8
AT3G09525	1	1	0	1	0	0
AT3G09530	0	0	0	0	0	0
AT3G09540	66	61	51	79	51	81
AT3G09545	2	1	0	3	1	0
AT3G09550	12	30	28	25	25	39
AT3G09555	3	1	1	3	7	1
AT3G09560	289	419	365	305	254	304
AT3G09565	0	0	0	0	0	0
AT3G09570	443	553	528	409	434	375
AT3G09575	0	0	0	0	0	0
AT3G09580	145	141	148	153	173	173
AT3G09585	0	0	0	0	0	0
AT3G09590	0	0	0	0	1	0
AT3G09595	0	0	0	0	0	0
AT3G09600	5	12	10	12	14	18
AT3G09605	0	0	0	0	0	0
AT3G09615	0	0	0	0	0	0
AT3G09620	0	0	0	0	1	0
AT3G09625	0	0	0	0	0	0
AT3G09630	3692	3955	3958	3325	3317	3643
AT3G09635	0	0	0	0	0	0
AT3G09640	1	0	1	1	0	1
AT3G09645	0	0	0	0	0	1
AT3G09650	249	249	255	348	308	342
AT3G09655	0	0	0	0	0	0
AT3G09660	92	89	104	76	92	73
AT3G09665	0	0	0	0	0	0
AT3G09670	154	149	163	164	137	154
AT3G09675	0	0	0	0	0	0
AT3G09680	6	6	5	3	13	10
AT3G09685	0	0	0	0	0	0
AT3G09690	222	295	237	242	297	245
AT3G09695	0	0	0	0	0	0
AT3G09700	53	58	57	82	86	75
AT3G09705	0	0	0	0	0	0
AT3G09710	83	88	89	99	88	102
AT3G09720	145	145	150	191	201	196
AT3G09725	33	46	39	29	35	31
AT3G09730	24	18	20	38	34	29
AT3G09735	486	671	526	482	685	474
AT3G09740	963	1111	1009	977	975	897
AT3G09745	2	3	2	2	3	0
AT3G09750	0	0	0	0	0	0
AT3G09755	0	0	0	0	0	1
AT3G09760	270	295	251	337	286	310
AT3G09765	0	0	0	0	0	0
AT3G09770	691	851	755	808	819	765
AT3G09775	0	5	2	6	2	2
AT3G09780	92	102	81	136	151	139
AT3G09785	0	0	0	0	0	0
AT3G09790	16	11	11	21	23	21
AT3G09795	0	0	0	0	0	0
AT3G09800	71	105	96	127	142	115
AT3G09810	321	363	401	282	255	284
AT3G09815	0	0	0	0	0	0
AT3G09820	1629	1614	1530	1684	1471	1692
AT3G09825	0	0	0	0	0	0
AT3G09830	473	571	598	229	222	222
AT3G09835	0	0	0	0	0	0
AT3G09840	6381	7687	7554	6845	5899	6103
AT3G09845	0	0	0	0	0	0
AT3G09850	736	855	874	746	685	777
AT3G09855	1	0	0	0	0	1
AT3G09860	750	922	734	1031	1141	860
AT3G09863	0	0	0	0	0	1
AT3G09865	0	0	0	0	0	0
AT3G09870	0	0	1	0	0	1
AT3G09875	0	0	0	0	0	0
AT3G09880	426	446	424	385	367	353
AT3G09890	151	193	181	150	194	183
AT3G09895	0	0	0	0	0	0
AT3G09900	369	437	352	353	387	368
AT3G09905	0	0	0	0	0	0
AT3G09910	4	12	5	13	11	11
AT3G09920	641	699	712	425	324	423
AT3G09922	0	1	3	0	0	0
AT3G09925	17	8	42	25	22	12
AT3G09930	1	0	0	0	0	0
AT3G09935	0	0	0	0	0	0
AT3G09940	330	443	528	110	169	135
AT3G09945	0	0	0	0	0	0
AT3G09950	3	1	4	3	5	2
AT3G09955	6	9	4	5	12	9
AT3G09960	21	9	25	35	21	39
AT3G09965	0	0	0	0	0	0
AT3G09970	290	395	319	332	370	317
AT3G09980	317	384	325	456	400	421
AT3G09985	1	5	1	2	5	1
AT3G09990	0	0	0	0	0	0
AT3G09995	0	0	0	0	0	0
AT3G10000	5	9	5	17	10	13
AT3G10010	267	320	303	279	199	257
AT3G10015	0	0	0	0	0	0
AT3G10020	1285	1640	1364	1585	1870	1577
AT3G10030	550	568	576	559	496	517
AT3G10035	0	0	0	0	0	0
AT3G10040	76	123	123	41	119	69
AT3G10050	812	930	987	621	664	603
AT3G10060	337	370	373	383	420	338
AT3G10070	142	176	142	162	139	170
AT3G10080	23	29	25	49	36	63
AT3G10090	219	259	237	221	238	219
AT3G10110	47	43	35	40	47	49
AT3G10113	0	0	0	0	0	0
AT3G10116	3	2	4	1	0	6
AT3G10120	0	0	0	0	0	0
AT3G10130	359	425	378	422	472	360
AT3G10140	192	211	221	222	196	244
AT3G10150	0	0	0	3	1	1
AT3G10160	439	535	439	604	520	558
AT3G10180	71	77	68	82	63	94
AT3G10185	0	1	1	0	0	0
AT3G10190	114	186	159	157	189	221
AT3G10195	0	0	0	0	0	0
AT3G10200	10	29	19	27	20	32
AT3G10210	149	160	172	177	160	161
AT3G10220	297	354	283	306	372	375
AT3G10230	435	483	405	527	488	464
AT3G10240	0	0	0	0	0	0
AT3G10250	220	262	273	249	265	253
AT3G10260	479	722	517	533	565	550
AT3G10270	315	335	323	434	358	448
AT3G10280	5	2	3	5	1	1
AT3G10290	11	10	14	7	6	10
AT3G10300	617	737	810	397	447	413
AT3G10310	51	44	54	74	47	69
AT3G10320	31	51	41	23	44	43
AT3G10330	331	367	338	323	300	331
AT3G10340	528	560	761	247	163	176
AT3G10350	595	552	579	667	606	607
AT3G10360	436	582	455	581	363	514
AT3G10370	484	603	557	444	369	402
AT3G10380	1673	1926	2055	1431	1069	1288
AT3G10390	324	375	390	344	279	351
AT3G10400	0	0	0	0	0	0
AT3G10405	299	294	301	415	445	345
AT3G10410	1278	1540	1434	1675	1560	1617
AT3G10415	0	0	0	0	0	0
AT3G10420	290	517	365	318	262	259
AT3G10430	2	4	6	6	6	3
AT3G10439	0	0	0	0	0	0
AT3G10440	134	192	116	136	145	127
AT3G10450	169	220	216	253	186	216
AT3G10455	0	0	0	0	0	0
AT3G10460	0	0	0	0	0	0
AT3G10470	0	0	0	0	0	1
AT3G10480	388	507	462	395	386	379
AT3G10490	666	820	828	585	471	604
AT3G10500	638	804	883	468	500	442
AT3G10510	0	0	0	0	0	0
AT3G10520	505	595	505	742	732	651
AT3G10525	14	22	18	22	40	20
AT3G10527	0	0	0	0	0	0
AT3G10530	233	298	260	331	334	319
AT3G10540	168	238	229	209	214	215
AT3G10550	291	396	391	377	325	376
AT3G10560	0	1	2	0	2	1
AT3G10570	19	12	18	36	24	24
AT3G10572	159	194	175	189	198	178
AT3G10580	0	0	0	0	0	0
AT3G10585	0	0	0	0	0	0
AT3G10590	0	1	2	0	0	0
AT3G10595	0	0	0	0	0	0
AT3G10600	2	0	0	0	1	3
AT3G10605	1	4	3	1	5	5
AT3G10610	333	361	346	313	412	383
AT3G10620	170	196	152	228	273	202
AT3G10630	119	118	127	126	142	123
AT3G10640	461	632	695	239	310	242
AT3G10650	988	1157	1125	1008	757	995
AT3G10660	119	158	187	98	99	90
AT3G10670	774	760	840	807	660	664
AT3G10680	10	9	13	18	7	5
AT3G10690	568	465	631	637	529	681
AT3G10700	213	221	202	196	231	238
AT3G10710	31	14	43	7	6	13
AT3G10720	597	549	699	646	372	533
AT3G10730	221	212	254	262	198	265
AT3G10740	967	1200	1122	1057	743	843
AT3G10745	3	1	3	3	1	0
AT3G10750	1	6	4	1	1	2
AT3G10760	253	315	314	339	296	351
AT3G10770	1061	1225	1159	1075	1225	1063
AT3G10780	0	7	5	1	3	3
AT3G10790	1	3	5	0	0	0
AT3G10800	448	577	576	411	350	370
AT3G10810	373	456	440	439	380	427
AT3G10815	38	72	65	17	31	22
AT3G10820	138	166	162	129	134	137
AT3G10840	83	100	75	132	119	139
AT3G10845	0	0	0	0	0	0
AT3G10850	1095	1335	1113	1428	1461	1321
AT3G10860	1568	2289	1919	1667	2090	1632
AT3G10870	28	41	41	34	16	42
AT3G10880	2	7	7	16	10	16
AT3G10890	0	0	0	0	0	0
AT3G10900	0	0	0	0	0	0
AT3G10910	74	79	88	77	123	91
AT3G10915	354	577	533	349	391	359
AT3G10920	1928	2299	2265	1900	1990	1703
AT3G10930	116	147	98	37	44	57
AT3G10940	67	81	56	113	120	111
AT3G10950	0	0	0	0	0	0
AT3G10960	91	132	137	76	66	103
AT3G10970	880	900	845	814	841	720
AT3G10974	0	0	0	0	0	0
AT3G10980	455	498	475	334	371	358
AT3G10985	3109	4255	3864	2064	2371	2088
AT3G10986	8	13	7	2	1	5
AT3G10990	1	0	0	0	0	0
AT3G11000	6	2	5	8	7	11
AT3G11010	41	72	52	52	73	48
AT3G11020	9	15	13	15	5	12
AT3G11030	194	220	207	179	227	211
AT3G11040	58	70	76	75	52	61
AT3G11050	11	5	22	10	15	19
AT3G11060	0	0	0	0	0	0
AT3G11070	300	392	383	353	356	320
AT3G11080	64	72	77	35	28	39
AT3G11090	22	26	13	38	39	28
AT3G11100	414	440	375	365	463	432
AT3G11110	8	11	6	14	24	19
AT3G11120	324	458	381	357	404	370
AT3G11130	5001	5157	5689	4369	2843	3951
AT3G11150	4	17	16	3	6	4
AT3G11160	0	1	0	1	3	1
AT3G11165	3	1	0	0	2	3
AT3G11170	1533	1688	1618	1502	1538	1727
AT3G11180	0	0	0	0	3	2
AT3G11200	784	1038	936	795	845	718
AT3G11210	157	233	217	193	162	164
AT3G11220	175	205	211	194	200	248
AT3G11230	239	292	241	221	280	241
AT3G11240	168	187	153	208	195	160
AT3G11250	245	293	281	352	345	416
AT3G11260	4	9	3	4	3	5
AT3G11270	259	262	232	251	305	205
AT3G11280	464	641	538	408	438	388
AT3G11285	0	0	0	0	0	0
AT3G11290	241	260	248	209	243	244
AT3G11300	0	0	0	0	0	0
AT3G11310	0	0	0	0	0	0
AT3G11320	262	256	279	246	188	231
AT3G11325	0	1	0	0	2	0
AT3G11330	539	663	729	353	289	355
AT3G11340	844	1275	1524	256	358	239
AT3G11350	0	0	1	0	1	0
AT3G11370	3	2	1	5	2	2
AT3G11380	0	0	0	0	0	0
AT3G11385	0	0	1	1	2	1
AT3G11390	3	0	1	5	2	3
AT3G11395	0	1	0	0	0	0
AT3G11397	286	353	322	315	379	299
AT3G11400	1292	1529	1445	1194	1324	1342
AT3G11402	33	29	44	30	24	30
AT3G11405	0	0	0	0	0	0
AT3G11410	162	122	134	279	201	282
AT3G11415	0	0	1	1	0	2
AT3G11420	198	186	204	133	116	149
AT3G11430	73	86	119	99	51	66
AT3G11435	0	0	0	0	0	0
AT3G11440	59	64	68	57	62	69
AT3G11450	1283	1603	1541	1434	1469	1399
AT3G11460	32	34	28	46	46	45
AT3G11470	48	80	63	54	78	75
AT3G11480	0	1	0	0	0	1
AT3G11490	141	143	157	182	175	187
AT3G11500	199	226	197	229	269	224
AT3G11505	0	0	0	0	0	0
AT3G11510	2246	2540	2385	1817	2561	2221
AT3G11520	15	19	14	24	29	22
AT3G11530	276	363	307	313	379	258
AT3G11540	822	903	860	847	788	771
AT3G11550	20	11	22	75	40	36
AT3G11560	1684	1895	1831	1954	1548	1766
AT3G11570	3	5	9	7	2	5
AT3G11580	57	98	60	32	34	48
AT3G11590	433	506	417	567	473	463
AT3G11591	1	1	0	0	2	3
AT3G11600	84	118	81	73	100	93
AT3G11620	363	466	374	402	438	376
AT3G11630	3803	3767	3769	3745	3952	3678
AT3G11640	5	6	1	1	1	5
AT3G11650	72	96	55	46	47	69
AT3G11660	160	245	150	181	125	172
AT3G11670	172	190	172	232	174	217
AT3G11680	0	0	0	0	0	0
AT3G11690	145	145	146	160	162	157
AT3G11700	1154	1241	1086	1219	1361	1199
AT3G11710	1323	1378	1554	1378	1153	1334
AT3G11720	133	165	155	301	204	261
AT3G11730	310	385	352	390	407	347
AT3G11740	0	1	1	1	2	0
AT3G11745	30	53	23	41	52	33
AT3G11750	32	39	40	32	33	33
AT3G11760	302	349	348	296	315	338
AT3G11770	244	257	237	251	245	218
AT3G11773	8	8	14	11	4	6
AT3G11780	1068	1427	1240	1052	1155	804
AT3G11800	664	831	706	607	675	595
AT3G11810	502	561	532	533	406	412
AT3G11820	1075	1379	1463	478	487	426
AT3G11825	0	0	0	0	0	0
AT3G11830	1365	1370	1510	1546	1372	1535
AT3G11840	207	296	321	75	61	55
AT3G11850	207	263	213	202	175	162
AT3G11860	0	0	1	1	0	1
AT3G11870	0	0	0	1	0	1
AT3G11880	364	466	463	359	287	344
AT3G11890	158	170	173	192	164	176
AT3G11900	325	330	330	169	173	167
AT3G11910	1941	2160	2070	2040	1565	1847
AT3G11920	4	4	8	5	0	5
AT3G11930	2121	2508	2505	2207	1294	1813
AT3G11940	2992	3433	3341	2818	3211	2995
AT3G11945	339	391	394	406	344	363
AT3G11950	137	154	157	162	154	131
AT3G11960	731	848	833	751	608	633
AT3G11964	875	933	963	1197	742	1148
AT3G11980	0	0	0	1	0	0
AT3G11990	0	0	0	0	0	0
AT3G12000	0	0	0	0	0	0
AT3G12010	403	533	534	499	390	480
AT3G12020	528	644	561	542	477	530
AT3G12030	0	0	0	0	0	0
AT3G12040	50	48	49	14	27	28
AT3G12050	516	626	576	556	533	578
AT3G12060	0	1	2	1	1	2
AT3G12070	46	33	45	42	42	42
AT3G12080	1098	1233	1135	1372	1335	1410
AT3G12090	76	82	95	126	96	136
AT3G12100	232	339	298	253	296	273
AT3G12110	46	50	40	67	74	55
AT3G12120	5601	6585	5974	7078	6941	7454
AT3G12130	473	576	580	514	518	520
AT3G12140	571	758	703	602	619	627
AT3G12145	36	29	38	24	25	32
AT3G12150	352	417	406	357	323	348
AT3G12160	1	1	1	0	1	2
AT3G12170	34	53	50	42	38	32
AT3G12180	103	136	127	99	113	106
AT3G12190	0	1	0	1	2	0
AT3G12200	445	629	580	435	386	428
AT3G12203	0	1	0	3	1	1
AT3G12210	101	124	115	141	182	187
AT3G12220	0	9	2	9	3	8
AT3G12230	0	0	4	0	1	2
AT3G12240	0	1	1	2	2	2
AT3G12250	119	141	122	158	134	131
AT3G12260	819	1024	894	847	933	811
AT3G12270	250	295	312	310	286	285
AT3G12280	588	638	616	580	405	567
AT3G12290	1130	1384	1273	1304	1272	1185
AT3G12300	155	184	151	169	159	144
AT3G12320	6	7	11	4	15	13
AT3G12340	122	133	144	134	137	137
AT3G12345	463	548	522	561	659	501
AT3G12350	228	314	309	229	224	247
AT3G12360	743	923	917	595	618	563
AT3G12370	202	184	197	207	212	205
AT3G12380	231	246	249	272	243	219
AT3G12385	0	0	0	0	0	0
AT3G12390	1345	1561	1482	1454	1416	1468
AT3G12400	578	705	669	434	479	386
AT3G12410	0	2	0	3	2	3
AT3G12420	0	0	0	0	0	0
AT3G12430	0	0	0	0	0	0
AT3G12440	0	0	0	2	0	2
AT3G12460	2	2	8	2	2	2
AT3G12470	0	0	0	4	0	1
AT3G12480	455	576	511	499	497	435
AT3G12490	1409	1955	1775	1675	1796	1537
AT3G12500	258	455	371	298	325	304
AT3G12502	0	4	0	0	1	1
AT3G12510	0	0	0	0	0	0
AT3G12520	44	70	52	72	100	79
AT3G12530	81	90	66	76	75	64
AT3G12540	3	6	9	2	3	1
AT3G12545	1	3	0	0	1	0
AT3G12550	118	142	128	147	149	143
AT3G12560	465	524	488	503	555	510
AT3G12570	884	1082	1001	827	871	828
AT3G12580	480	450	532	78	122	100
AT3G12585	0	1	1	3	1	3
AT3G12587	100	138	92	94	115	101
AT3G12590	483	559	571	555	430	544
AT3G12600	780	990	977	652	806	637
AT3G12610	314	403	343	746	637	643
AT3G12620	713	860	931	647	617	613
AT3G12630	1716	2242	1892	1438	1964	1398
AT3G12640	434	492	508	471	348	451
AT3G12650	83	93	84	61	125	74
AT3G12660	0	0	0	0	0	0
AT3G12670	894	1037	1065	1040	891	949
AT3G12680	171	223	223	250	218	227
AT3G12685	45	54	49	74	82	76
AT3G12690	57	81	66	106	114	113
AT3G12700	691	602	780	396	322	464
AT3G12710	444	554	511	924	629	729
AT3G12720	21	21	29	43	35	22
AT3G12730	46	49	49	33	33	41
AT3G12740	1578	2020	2104	945	1074	847
AT3G12750	34	35	48	37	41	57
AT3G12760	711	880	810	816	799	694
AT3G12770	5	3	2	5	1	7
AT3G12775	0	0	0	1	0	0
AT3G12780	5016	5467	5370	6512	6627	5978
AT3G12800	1780	2491	2210	1265	1339	1213
AT3G12810	718	800	714	711	537	746
AT3G12820	7	9	9	11	13	10
AT3G12830	73	71	74	21	42	35
AT3G12833	1	5	1	2	1	1
AT3G12835	0	0	0	0	0	0
AT3G12840	0	0	0	0	0	0
AT3G12850	0	0	0	0	0	0
AT3G12860	49	66	58	90	74	97
AT3G12870	19	25	18	36	27	56
AT3G12880	9	10	6	1	2	1
AT3G12890	2	4	3	1	0	2
AT3G12900	0	0	4	0	1	0
AT3G12910	13	19	17	2	1	3
AT3G12915	84	113	89	139	175	130
AT3G12920	284	333	281	356	270	308
AT3G12930	291	264	256	367	403	368
AT3G12940	108	137	137	155	123	150
AT3G12950	403	479	348	522	478	490
AT3G12955	4	2	1	5	2	2
AT3G12960	0	1	0	1	0	0
AT3G12965	265	278	242	190	272	228
AT3G12970	18	9	22	20	22	30
AT3G12977	29	19	31	64	68	52
AT3G12980	580	685	568	644	422	600
AT3G12990	174	186	193	174	171	218
AT3G13000	304	346	344	383	339	426
AT3G13010	0	0	0	1	0	1
AT3G13020	12	26	37	23	27	23
AT3G13030	231	276	242	267	211	287
AT3G13040	345	423	369	335	361	355
AT3G13050	162	172	220	141	106	116
AT3G13060	473	554	483	583	377	500
AT3G13061	0	0	0	0	0	0
AT3G13062	726	947	739	1065	1151	906
AT3G13065	44	63	42	81	58	50
AT3G13070	1135	1398	1377	947	908	953
AT3G13075	0	0	0	0	0	0
AT3G13080	2045	2617	3022	1226	988	997
AT3G13090	39	60	83	32	33	33
AT3G13100	190	316	420	62	68	53
AT3G13110	1002	1407	1279	679	654	660
AT3G13120	1981	1990	2081	2274	2355	2287
AT3G13130	0	0	0	0	0	6
AT3G13140	1	0	0	0	4	0
AT3G13150	83	70	79	116	96	138
AT3G13160	157	136	144	185	154	164
AT3G13170	9	5	6	9	4	10
AT3G13175	28	28	23	20	32	29
AT3G13180	300	306	263	359	370	404
AT3G13190	83	97	84	125	122	157
AT3G13200	1398	1599	1492	1127	1269	1097
AT3G13210	24	26	31	27	13	10
AT3G13220	0	0	0	0	0	0
AT3G13222	226	279	222	316	280	281
AT3G13223	0	0	0	0	0	0
AT3G13224	362	376	360	319	276	341
AT3G13225	602	717	657	706	596	679
AT3G13226	182	241	216	225	185	217
AT3G13227	0	0	0	0	1	0
AT3G13228	0	0	0	0	0	0
AT3G13229	0	0	0	0	0	0
AT3G13230	342	324	307	335	349	365
AT3G13235	517	589	598	520	427	474
AT3G13240	31	37	23	45	50	41
AT3G13275	19	18	21	12	13	22
AT3G13276	2	7	5	2	6	4
AT3G13277	27	29	28	20	21	30
AT3G13280	4	2	1	0	1	2
AT3G13290	442	465	432	575	351	517
AT3G13300	2080	2253	2243	2361	1757	2095
AT3G13310	375	506	469	315	400	339
AT3G13320	453	546	502	346	328	360
AT3G13330	1581	1876	1926	1240	865	1089
AT3G13335	0	0	0	0	0	0
AT3G13340	1023	1422	1278	1220	1231	1164
AT3G13350	163	210	183	206	245	227
AT3G13360	392	490	429	467	460	447
AT3G13370	0	0	0	0	0	0
AT3G13380	272	339	378	183	144	165
AT3G13390	0	0	0	0	0	0
AT3G13400	0	0	3	2	2	0
AT3G13403	1	4	2	8	8	11
AT3G13404	4	7	4	21	14	12
AT3G13405	1	4	3	6	4	5
AT3G13410	1590	1867	1694	1644	1534	1534
AT3G13420	56	55	62	69	52	62
AT3G13430	425	565	574	233	242	249
AT3G13432	26	34	29	18	23	27
AT3G13433	29	58	63	12	6	6
AT3G13435	42	60	70	29	35	26
AT3G13437	27	15	20	16	26	22
AT3G13440	458	511	495	511	547	530
AT3G13445	305	309	315	291	277	260
AT3G13450	1756	2327	1981	1369	1696	1212
AT3G13460	7419	8626	7990	8180	7217	7513
AT3G13470	374	328	373	437	358	522
AT3G13480	123	128	101	127	164	120
AT3G13490	597	612	617	650	660	699
AT3G13500	1	1	1	1	3	1
AT3G13510	226	247	207	407	291	437
AT3G13520	1144	1774	1559	827	1031	796
AT3G13525	0	0	1	0	0	0
AT3G13530	596	561	618	582	392	544
AT3G13540	0	0	0	0	0	0
AT3G13550	302	350	319	265	317	280
AT3G13560	104	81	76	158	129	159
AT3G13570	525	646	537	664	692	721
AT3G13580	976	1134	1038	970	1109	1072
AT3G13590	2	7	7	7	3	1
AT3G13600	55	58	91	24	37	23
AT3G13610	1394	1607	2097	1074	953	921
AT3G13620	45	68	64	56	56	54
AT3G13630	0	0	0	0	0	0
AT3G13640	2	5	4	5	2	3
AT3G13650	227	506	430	42	43	43
AT3G13660	1	2	0	1	0	0
AT3G13662	0	0	0	0	0	0
AT3G13670	2178	2700	2731	2048	1420	1690
AT3G13672	29	65	39	33	64	36
AT3G13674	52	75	41	66	86	69
AT3G13677	79	145	80	129	156	95
AT3G13680	1	4	0	1	0	3
AT3G13682	47	45	36	36	34	38
AT3G13690	829	984	883	1039	832	1016
AT3G13700	0	0	0	0	0	0
AT3G13710	0	0	0	0	0	0
AT3G13720	517	648	563	526	634	500
AT3G13724	0	0	0	0	1	0
AT3G13730	63	76	103	81	75	80
AT3G13740	503	556	479	493	561	495
AT3G13750	8943	11493	9042	5925	7397	6280
AT3G13760	18	21	18	32	62	54
AT3G13770	13	20	8	14	18	13
AT3G13772	647	715	706	662	446	675
AT3G13780	136	151	127	108	137	104
AT3G13782	29	28	30	30	39	20
AT3G13784	0	0	0	0	0	1
AT3G13790	2779	2890	3717	1485	938	1387
AT3G13800	235	345	306	245	289	246
AT3G13810	323	381	307	383	297	341
AT3G13820	0	2	0	0	0	0
AT3G13830	0	0	0	0	0	0
AT3G13840	0	0	0	1	1	1
AT3G13845	73	102	70	86	79	89
AT3G13850	0	0	1	0	1	0
AT3G13855	0	0	0	0	0	0
AT3G13857	0	0	0	0	0	0
AT3G13860	348	329	327	392	395	401
AT3G13870	2326	2696	2668	2462	1842	2196
AT3G13880	33	29	35	51	46	54
AT3G13882	353	378	352	365	422	369
AT3G13890	0	0	0	0	0	0
AT3G13898	0	1	0	4	1	4
AT3G13900	10	6	14	8	4	3
AT3G13910	367	598	555	181	224	157
AT3G13920	5238	5910	5954	5254	5202	5168
AT3G13930	1643	1724	1793	1543	1117	1364
AT3G13940	222	250	244	280	306	288
AT3G13950	77	154	263	38	56	34
AT3G13960	66	95	92	106	99	139
AT3G13970	31	73	35	30	43	46
AT3G13980	41	48	50	47	40	71
AT3G13990	613	631	682	684	482	681
AT3G14000	99	123	101	117	107	118
AT3G14010	1267	1511	1344	1152	1180	1049
AT3G14020	111	186	172	88	91	102
AT3G14030	0	0	0	0	0	0
AT3G14040	0	0	0	0	0	0
AT3G14050	1004	1300	1394	568	626	586
AT3G14060	26	56	39	67	70	54
AT3G14067	1062	1447	1224	1256	1150	1170
AT3G14070	35	54	42	21	20	28
AT3G14075	391	471	471	370	355	326
AT3G14080	182	261	243	209	232	205
AT3G14090	263	359	382	209	209	200
AT3G14100	988	1332	1138	1274	1529	1355
AT3G14110	1118	1200	1154	1235	1368	1229
AT3G14120	440	467	471	554	387	553
AT3G14130	140	195	151	158	162	141
AT3G14140	9	14	3	5	5	5
AT3G14150	295	364	340	378	400	421
AT3G14160	130	157	119	154	126	142
AT3G14170	11	4	4	14	4	5
AT3G14172	728	737	723	804	627	765
AT3G14180	537	606	543	516	513	545
AT3G14185	6	4	4	7	8	9
AT3G14190	54	37	55	60	48	56
AT3G14200	81	105	131	50	60	58
AT3G14205	651	842	777	579	525	606
AT3G14210	819	1083	891	1292	1138	1265
AT3G14220	346	479	372	492	403	448
AT3G14225	13	16	29	6	3	1
AT3G14230	4119	5469	5195	5191	5282	5073
AT3G14240	880	973	890	1143	1093	1238
AT3G14250	0	0	0	0	1	0
AT3G14260	16	23	9	31	46	33
AT3G14270	695	928	844	881	641	770
AT3G14280	20	39	34	65	57	81
AT3G14290	634	727	648	661	694	687
AT3G14300	0	1	0	0	0	0
AT3G14310	5258	6350	4752	4333	4141	3881
AT3G14320	1	1	2	4	2	0
AT3G14330	133	133	144	224	192	240
AT3G14340	0	0	0	0	0	0
AT3G14350	563	624	534	590	463	547
AT3G14360	19	22	23	27	24	41
AT3G14362	2	1	1	0	5	1
AT3G14370	24	45	28	50	47	55
AT3G14380	0	1	0	0	1	0
AT3G14385	0	0	0	0	0	0
AT3G14390	507	518	519	515	487	530
AT3G14395	1	1	4	0	1	2
AT3G14400	868	923	820	838	758	801
AT3G14410	282	345	308	316	312	318
AT3G14415	4427	5453	4303	5951	5949	5356
AT3G14420	3070	3302	2943	4315	4697	3715
AT3G14430	290	338	277	258	300	301
AT3G14440	20	23	27	19	10	32
AT3G14450	61	72	53	76	56	60
AT3G14452	0	2	1	0	1	1
AT3G14460	41	46	67	47	21	39
AT3G14463	0	0	0	0	0	0
AT3G14467	0	0	1	0	0	0
AT3G14470	139	169	192	133	108	104
AT3G14475	0	0	0	0	0	0
AT3G14480	0	0	0	0	0	0
AT3G14490	0	0	0	0	0	0
AT3G14510	2	0	3	4	4	3
AT3G14520	0	0	0	0	0	0
AT3G14530	3	5	3	3	9	9
AT3G14540	5	0	9	3	13	6
AT3G14550	13	6	26	28	21	27
AT3G14560	68	98	78	151	140	124
AT3G14570	68	83	70	72	27	83
AT3G14580	13	22	17	19	24	19
AT3G14590	212	301	315	211	180	178
AT3G14595	322	441	359	490	482	465
AT3G14600	1530	1738	1719	1621	1772	1781
AT3G14610	840	1278	1035	646	569	593
AT3G14620	1356	1886	2014	411	389	346
AT3G14630	4	5	8	2	1	4
AT3G14640	4	1	7	3	1	3
AT3G14650	1063	1251	1088	1306	1171	1197
AT3G14660	6413	8550	7801	3797	4739	3495
AT3G14670	1	1	0	0	0	0
AT3G14680	315	400	459	306	352	359
AT3G14690	1894	2326	2182	1127	1184	1097
AT3G14700	37	35	29	18	15	14
AT3G14710	12	12	17	0	4	1
AT3G14720	301	336	420	287	241	264
AT3G14730	41	48	36	36	34	61
AT3G14735	0	0	0	0	0	0
AT3G14740	63	62	94	55	55	85
AT3G14750	101	113	115	91	117	110
AT3G14760	16	18	33	20	26	29
AT3G14770	592	633	761	199	272	215
AT3G14780	10	9	18	7	7	19
AT3G14790	392	367	417	364	260	351
AT3G14810	66	77	49	82	55	54
AT3G14820	0	0	0	0	0	0
AT3G14830	328	512	457	358	333	354
AT3G14840	3113	4035	3954	3173	2542	3228
AT3G14850	13	12	16	17	14	8
AT3G14855	0	0	0	0	0	0
AT3G14860	397	478	370	481	404	421
AT3G14870	121	158	163	165	118	174
AT3G14880	0	1	0	1	1	0
AT3G14890	180	182	178	252	192	235
AT3G14900	161	141	172	281	258	263
AT3G14910	138	162	166	174	169	158
AT3G14920	254	310	329	267	241	230
AT3G14930	918	916	955	1042	1078	1046
AT3G14940	309	246	314	616	540	602
AT3G14950	0	0	0	1	0	0
AT3G14960	260	264	268	273	289	303
AT3G14970	0	0	0	0	0	0
AT3G14980	460	544	508	467	410	516
AT3G14981	0	0	0	0	0	0
AT3G14990	35334	46422	46795	13532	13675	12352
AT3G15000	1585	1617	1574	2185	2071	2140
AT3G15010	960	1175	1063	1243	1138	1160
AT3G15020	219	210	211	245	194	229
AT3G15030	474	489	428	631	596	581
AT3G15040	143	174	177	190	167	185
AT3G15050	1	1	0	4	3	0
AT3G15055	0	0	0	0	0	0
AT3G15060	338	460	447	252	264	282
AT3G15070	284	352	323	261	232	248
AT3G15080	147	171	138	159	162	125
AT3G15090	187	182	201	211	248	208
AT3G15095	572	654	602	880	725	893
AT3G15110	342	352	336	322	369	342
AT3G15111	0	0	0	0	0	0
AT3G15115	32	40	25	60	52	52
AT3G15120	368	396	390	548	272	430
AT3G15130	34	33	31	47	35	49
AT3G15140	72	76	74	84	84	98
AT3G15150	92	138	91	95	104	96
AT3G15160	512	636	495	636	647	579
AT3G15170	17	14	11	23	18	15
AT3G15180	258	337	330	304	309	271
AT3G15190	1796	1771	1806	1906	2270	1854
AT3G15200	35	35	35	25	26	23
AT3G15210	497	682	687	295	330	348
AT3G15220	400	499	451	527	430	487
AT3G15240	8	6	19	18	26	37
AT3G15250	0	0	0	3	4	5
AT3G15251	0	0	0	0	0	0
AT3G15260	491	759	633	432	537	442
AT3G15270	5	1	13	7	2	4
AT3G15280	0	0	1	0	1	0
AT3G15290	306	395	385	329	362	296
AT3G15300	28	39	20	36	43	49
AT3G15340	67	42	72	49	31	72
AT3G15350	107	101	107	114	80	97
AT3G15351	118	202	202	151	153	138
AT3G15352	101	157	146	80	90	56
AT3G15353	2118	2718	2313	3111	2495	3093
AT3G15354	88	109	74	114	113	140
AT3G15355	319	405	346	350	293	296
AT3G15356	6361	9066	9566	537	524	455
AT3G15357	20	20	17	21	45	25
AT3G15358	62	93	82	47	70	53
AT3G15359	0	1	0	0	0	0
AT3G15360	2516	2893	2645	2832	3314	2421
AT3G15370	0	2	6	0	2	2
AT3G15380	266	307	235	363	292	318
AT3G15390	54	67	75	68	81	82
AT3G15395	123	187	138	151	201	157
AT3G15400	37	36	59	57	45	45
AT3G15410	582	657	581	667	465	569
AT3G15420	26	35	16	26	39	36
AT3G15430	499	638	590	507	484	482
AT3G15440	30	35	31	32	23	35
AT3G15450	19881	25255	22507	14278	15088	15255
AT3G15460	83	101	83	114	102	149
AT3G15470	436	470	472	459	375	435
AT3G15480	432	449	477	446	523	475
AT3G15490	0	0	0	0	0	0
AT3G15500	663	1271	1011	357	374	364
AT3G15510	195	316	216	105	126	126
AT3G15518	26	38	37	12	6	7
AT3G15520	256	290	328	362	332	312
AT3G15530	542	648	603	465	462	465
AT3G15534	2	1	1	0	2	2
AT3G15536	0	0	0	0	0	0
AT3G15540	58	40	39	35	38	37
AT3G15548	0	0	0	0	0	0
AT3G15550	25	32	34	58	31	41
AT3G15570	57	56	42	119	95	83
AT3G15578	0	0	0	0	0	0
AT3G15580	659	1013	737	711	850	655
AT3G15585	0	0	0	0	0	0
AT3G15590	475	506	447	530	589	559
AT3G15604	0	0	0	0	0	0
AT3G15605	0	0	0	0	0	0
AT3G15610	448	486	461	443	468	407
AT3G15620	319	394	318	336	332	367
AT3G15630	1868	2265	1852	1699	2150	1784
AT3G15635	0	0	0	0	0	0
AT3G15640	1055	1125	1093	929	1130	900
AT3G15650	13	10	14	25	36	21
AT3G15660	549	590	533	503	583	521
AT3G15670	6	1	28	5	8	18
AT3G15680	48	60	68	82	64	102
AT3G15690	625	650	581	716	702	665
AT3G15700	0	1	3	3	1	1
AT3G15710	227	293	251	220	254	225
AT3G15720	45	44	51	79	70	119
AT3G15730	4612	5399	5058	5845	4303	5083
AT3G15740	1	5	5	0	2	1
AT3G15750	44	62	37	48	50	53
AT3G15760	152	203	170	99	89	65
AT3G15770	354	552	402	263	263	236
AT3G15780	48	75	72	49	69	57
AT3G15790	74	86	86	115	94	104
AT3G15800	10	5	14	15	3	6
AT3G15810	236	273	284	298	311	325
AT3G15820	395	524	441	453	518	410
AT3G15830	0	0	0	1	0	0
AT3G15840	1114	1492	1205	1666	1756	1362
AT3G15850	575	604	568	591	783	613
AT3G15860	0	0	0	0	0	1
AT3G15870	1	0	0	0	0	0
AT3G15880	553	691	702	629	468	686
AT3G15890	48	68	77	84	72	83
AT3G15900	119	127	139	153	190	163
AT3G15909	0	0	0	0	0	0
AT3G15910	0	0	0	0	1	0
AT3G15920	431	511	468	476	431	492
AT3G15930	0	0	0	0	0	0
AT3G15940	240	238	229	300	293	364
AT3G15950	1118	1265	1218	1640	1814	1885
AT3G15960	2	1	1	0	0	0
AT3G15970	247	283	291	366	380	302
AT3G15980	1704	1622	1670	1192	1030	1221
AT3G15990	81	81	102	25	25	47
AT3G16000	589	550	568	861	794	826
AT3G16010	43	44	43	47	54	65
AT3G16020	3	1	1	9	4	2
AT3G16030	234	249	280	207	137	176
AT3G16040	1	2	0	1	0	0
AT3G16050	57	75	64	70	74	63
AT3G16060	568	649	621	658	518	598
AT3G16070	0	1	1	1	0	1
AT3G16080	1093	1185	1179	963	1235	1216
AT3G16090	215	244	228	216	212	217
AT3G16100	181	196	194	216	216	207
AT3G16110	321	353	364	379	272	335
AT3G16117	0	0	0	0	0	0
AT3G16120	13	15	10	3	6	3
AT3G16130	0	0	0	0	0	0
AT3G16140	2427	2684	2467	3660	3509	3134
AT3G16150	555	914	767	121	112	115
AT3G16160	3	2	6	3	6	2
AT3G16170	300	380	357	304	242	326
AT3G16175	2	9	1	0	2	7
AT3G16180	223	253	237	460	285	369
AT3G16190	418	538	492	502	421	438
AT3G16200	178	218	201	211	239	239
AT3G16210	4	12	7	4	4	6
AT3G16220	584	863	663	404	469	409
AT3G16230	329	382	339	410	382	372
AT3G16240	4579	4240	3646	5779	6529	5373
AT3G16250	107	73	82	256	257	276
AT3G16260	358	360	382	510	478	476
AT3G16270	784	828	897	647	473	564
AT3G16280	20	37	49	14	15	13
AT3G16290	877	820	912	1100	881	1082
AT3G16300	0	0	1	0	3	1
AT3G16310	557	707	608	477	539	535
AT3G16320	40	46	48	40	32	55
AT3G16330	156	213	272	34	42	26
AT3G16340	478	466	588	383	261	373
AT3G16350	50	59	71	81	70	65
AT3G16360	14	35	26	20	17	13
AT3G16370	2541	2388	2222	3328	2531	2976
AT3G16380	1	1	1	1	2	1
AT3G16390	19	10	13	16	27	27
AT3G16400	1781	1933	1730	2051	1727	1947
AT3G16410	16	13	16	29	49	29
AT3G16420	5495	6897	5784	7075	6600	7396
AT3G16430	170	216	179	253	310	295
AT3G16432	0	0	0	0	0	0
AT3G16440	42	37	78	46	10	22
AT3G16450	553	630	622	1101	1181	1179
AT3G16460	1985	2027	2069	2705	1853	3006
AT3G16470	727	830	670	900	634	848
AT3G16480	358	421	387	458	397	434
AT3G16490	9	17	16	18	18	24
AT3G16500	461	724	621	590	431	493
AT3G16510	71	115	132	50	62	46
AT3G16520	1069	1280	1034	1131	1042	1088
AT3G16525	0	0	0	0	0	0
AT3G16530	4676	6527	7597	905	710	792
AT3G16540	0	0	0	0	0	0
AT3G16550	0	0	0	0	0	0
AT3G16552	0	0	0	0	0	0
AT3G16555	0	0	0	0	0	0
AT3G16560	205	195	170	272	200	279
AT3G16565	264	316	323	183	179	181
AT3G16570	731	941	716	1022	1301	936
AT3G16580	0	0	0	1	0	0
AT3G16590	1	0	0	1	3	1
AT3G16600	0	0	0	0	1	0
AT3G16610	17	12	21	16	24	20
AT3G16620	185	233	203	262	153	201
AT3G16630	1209	1403	1329	1208	1105	1206
AT3G16640	13701	18515	14761	16903	18685	17186
AT3G16650	76	74	71	77	81	61
AT3G16660	1858	2138	1974	1821	724	1198
AT3G16670	816	1399	1357	1125	809	514
AT3G16680	0	0	0	1	0	0
AT3G16690	112	119	98	101	127	123
AT3G16700	64	83	82	78	80	68
AT3G16710	37	42	43	32	37	43
AT3G16712	4	5	9	8	7	9
AT3G16720	703	838	683	513	639	486
AT3G16730	112	138	138	88	84	106
AT3G16740	318	379	327	346	306	347
AT3G16750	107	125	134	142	181	147
AT3G16760	639	630	735	550	485	529
AT3G16770	7258	12449	11079	12992	13973	11421
AT3G16780	742	868	831	823	885	969
AT3G16785	922	1135	1113	829	633	758
AT3G16800	106	127	142	97	93	107
AT3G16810	364	365	372	512	438	466
AT3G16820	0	0	0	0	0	0
AT3G16830	1549	1575	1550	1357	1028	1351
AT3G16840	712	862	757	831	766	851
AT3G16850	976	1217	975	1104	1119	1034
AT3G16857	1183	1528	1177	1221	1133	1164
AT3G16860	125	155	192	95	53	61
AT3G16870	86	92	80	76	92	101
AT3G16880	0	0	0	0	0	0
AT3G16890	50	65	51	66	53	59
AT3G16895	1	0	0	0	0	0
AT3G16900	4	3	9	4	6	5
AT3G16910	616	786	819	546	409	531
AT3G16920	24	30	28	39	21	30
AT3G16930	0	0	0	0	0	0
AT3G16940	539	675	640	502	396	466
AT3G16950	1499	1589	1438	1667	1368	1519
AT3G16960	0	0	0	0	0	0
AT3G16970	0	0	0	0	0	0
AT3G16980	8	7	9	5	7	5
AT3G16990	114	161	120	121	135	115
AT3G17000	670	815	839	545	569	584
AT3G17010	1	2	0	0	0	0
AT3G17020	3732	5311	4304	4681	4780	3942
AT3G17030	77	99	88	126	95	131
AT3G17040	280	346	305	372	353	445
AT3G17060	0	0	0	0	0	0
AT3G17070	44	55	53	65	40	49
AT3G17080	0	0	0	0	0	0
AT3G17090	1041	1186	1075	1028	959	936
AT3G17100	547	631	502	723	692	777
AT3G17120	28	38	33	65	44	82
AT3G17130	0	0	0	0	2	4
AT3G17140	0	0	0	0	0	0
AT3G17150	0	0	0	0	0	0
AT3G17152	0	1	0	0	0	0
AT3G17155	0	0	0	0	0	0
AT3G17160	302	348	258	376	454	394
AT3G17170	429	366	359	575	560	582
AT3G17180	0	0	0	0	0	0
AT3G17185	15	21	15	44	40	42
AT3G17190	0	0	0	0	0	0
AT3G17205	777	954	884	750	694	688
AT3G17210	1087	1385	1147	1307	1382	1168
AT3G17220	17	17	26	20	12	5
AT3G17225	18	40	40	26	30	18
AT3G17227	0	0	0	0	0	0
AT3G17230	0	0	1	0	0	0
AT3G17240	2397	2782	2922	1506	1364	1396
AT3G17250	84	105	108	93	64	82
AT3G17261	0	0	0	0	0	0
AT3G17265	0	0	0	0	0	0
AT3G17270	0	0	0	0	0	0
AT3G17280	7	14	19	14	19	14
AT3G17300	169	245	183	210	260	201
AT3G17310	316	377	330	377	344	377
AT3G17320	0	0	0	0	0	0
AT3G17330	79	82	97	95	95	89
AT3G17340	358	412	350	392	353	346
AT3G17350	37	54	50	50	45	74
AT3G17360	56	59	94	95	62	89
AT3G17365	139	223	147	170	157	124
AT3G17370	1	0	1	0	0	0
AT3G17380	14	15	18	17	9	8
AT3G17390	3695	4352	4561	3779	4358	3848
AT3G17400	2	0	0	0	0	0
AT3G17410	1476	1979	2039	961	1005	904
AT3G17420	160	226	270	139	132	119
AT3G17430	317	322	314	311	305	291
AT3G17440	462	541	490	385	493	431
AT3G17450	265	315	265	312	254	282
AT3G17460	31	28	19	31	32	36
AT3G17465	452	513	476	523	571	582
AT3G17470	237	274	233	308	257	292
AT3G17480	0	0	0	0	0	0
AT3G17490	0	0	0	0	0	0
AT3G17500	0	0	0	0	0	0
AT3G17510	1281	1809	1362	1484	1207	1474
AT3G17520	4	0	13	1	9	13
AT3G17530	0	0	0	0	0	0
AT3G17540	0	0	0	0	0	0
AT3G17550	0	0	0	0	0	0
AT3G17560	0	0	0	0	0	0
AT3G17570	0	0	0	0	0	0
AT3G17580	19	20	15	17	24	35
AT3G17590	182	247	154	211	240	250
AT3G17600	1	0	2	0	1	0
AT3G17609	114	152	188	54	79	52
AT3G17611	72	85	62	65	51	74
AT3G17620	0	0	0	0	0	0
AT3G17626	55	50	54	74	91	66
AT3G17630	47	52	47	58	68	59
AT3G17640	17	17	16	30	22	34
AT3G17650	694	818	793	800	895	717
AT3G17655	2	1	0	3	0	1
AT3G17660	26	30	31	18	24	19
AT3G17668	77	100	77	80	117	112
AT3G17670	120	118	110	125	132	146
AT3G17675	1	0	0	0	0	0
AT3G17680	43	30	32	76	61	70
AT3G17690	11	19	15	0	1	1
AT3G17700	223	284	228	176	182	169
AT3G17710	69	81	87	60	67	57
AT3G17712	42	54	42	40	26	28
AT3G17717	45	71	65	53	66	60
AT3G17720	0	0	0	0	0	1
AT3G17730	6	4	9	8	4	13
AT3G17740	134	203	180	203	184	161
AT3G17750	439	454	474	519	397	521
AT3G17760	0	0	0	0	0	0
AT3G17765	0	0	0	0	0	0
AT3G17770	869	1367	1203	865	1011	785
AT3G17780	399	513	483	328	406	323
AT3G17790	78	213	101	68	51	48
AT3G17800	383	445	536	361	285	346
AT3G17810	1132	1480	1429	1051	759	827
AT3G17820	549	770	774	655	670	626
AT3G17830	73	70	96	144	122	148
AT3G17840	92	112	124	194	193	241
AT3G17850	1387	1562	1406	1509	1090	1390
AT3G17860	161	201	178	90	127	113
AT3G17880	332	403	413	393	415	355
AT3G17890	61	62	40	65	85	70
AT3G17900	830	787	831	782	596	713
AT3G17910	189	229	223	247	236	253
AT3G17920	234	330	292	260	221	249
AT3G17930	392	381	351	549	597	575
AT3G17940	459	571	510	555	553	563
AT3G17950	94	103	87	129	138	136
AT3G17970	488	606	545	519	559	538
AT3G17980	5	3	2	0	0	1
AT3G18000	515	491	489	538	581	634
AT3G18010	39	44	33	54	48	51
AT3G18020	50	44	42	68	43	56
AT3G18030	132	167	188	168	169	169
AT3G18035	1665	2076	1708	1626	1843	1755
AT3G18040	329	341	319	345	378	328
AT3G18050	764	708	627	966	916	1007
AT3G18060	1098	1176	1106	1178	1000	1038
AT3G18070	25	20	16	28	26	19
AT3G18080	1350	1757	1438	1853	1293	1653
AT3G18090	84	83	85	143	111	128
AT3G18100	141	149	122	155	153	140
AT3G18110	300	270	254	420	373	513
AT3G18120	0	0	0	0	0	0
AT3G18130	754	624	684	676	680	850
AT3G18140	591	769	650	659	792	666
AT3G18150	0	0	0	0	0	0
AT3G18160	91	116	101	165	140	122
AT3G18165	673	646	611	675	603	587
AT3G18170	36	69	57	67	66	47
AT3G18180	0	0	0	0	0	0
AT3G18190	984	996	1019	1106	1016	1155
AT3G18200	25	22	9	47	36	34
AT3G18210	238	252	198	223	201	263
AT3G18215	360	435	372	415	451	404
AT3G18217	5	12	5	3	12	14
AT3G18220	0	0	0	0	0	0
AT3G18230	516	657	617	628	492	558
AT3G18235	1	0	0	0	0	0
AT3G18240	113	124	124	164	137	174
AT3G18250	227	380	409	125	74	93
AT3G18260	4	9	17	12	4	7
AT3G18270	350	430	385	393	375	397
AT3G18280	249	338	337	210	182	213
AT3G18282	0	1	1	0	0	0
AT3G18290	2072	3044	2967	1454	1548	1204
AT3G18291	0	0	0	0	0	0
AT3G18295	96	125	123	99	89	97
AT3G18300	17	27	22	27	17	14
AT3G18310	119	126	116	143	89	133
AT3G18320	161	156	151	182	233	201
AT3G18330	1	2	3	4	0	1
AT3G18340	0	0	0	0	0	0
AT3G18350	253	270	318	246	200	201
AT3G18360	3	1	0	3	1	2
AT3G18362	0	1	0	0	0	0
AT3G18370	813	1024	963	779	627	682
AT3G18380	214	249	245	204	228	215
AT3G18390	1578	1531	1594	1955	1603	1887
AT3G18400	21	31	42	56	49	64
AT3G18410	850	1011	1005	872	1000	825
AT3G18420	356	336	309	354	413	391
AT3G18430	238	288	272	216	259	194
AT3G18440	277	397	355	263	244	268
AT3G18450	0	0	9	0	0	0
AT3G18460	0	0	0	0	0	0
AT3G18470	0	0	0	0	0	0
AT3G18480	497	562	552	509	416	447
AT3G18485	4	2	5	2	3	0
AT3G18490	496	627	492	768	552	814
AT3G18500	153	183	142	204	268	236
AT3G18510	38	51	53	54	61	53
AT3G18518	0	0	0	0	0	0
AT3G18520	555	725	599	588	577	686
AT3G18524	173	156	142	235	173	189
AT3G18530	20	15	15	9	10	9
AT3G18535	380	488	387	417	320	400
AT3G18550	6	8	2	7	2	5
AT3G18560	391	470	530	215	219	257
AT3G18570	0	0	0	0	0	0
AT3G18580	72	74	77	84	97	111
AT3G18590	2	1	1	0	3	0
AT3G18600	336	333	424	477	378	502
AT3G18610	19	30	15	35	40	42
AT3G18620	171	158	158	118	109	106
AT3G18630	20	19	14	36	37	33
AT3G18640	440	484	519	478	413	455
AT3G18650	0	0	0	0	0	0
AT3G18660	5	8	13	14	4	15
AT3G18670	3	9	2	6	3	11
AT3G18680	1282	1189	1157	1473	1185	1514
AT3G18690	211	260	242	141	144	116
AT3G18700	0	0	0	0	0	0
AT3G18710	79	64	47	46	30	38
AT3G18715	3	2	0	1	0	5
AT3G18720	1	0	0	0	1	1
AT3G18730	127	96	103	94	81	94
AT3G18740	1847	2039	2057	1638	2160	1882
AT3G18750	51	59	46	63	50	86
AT3G18760	140	172	148	158	171	186
AT3G18770	102	81	96	138	83	104
AT3G18773	79	103	62	78	98	97
AT3G18775	0	0	0	1	0	0
AT3G18780	6552	8060	7122	7040	7628	6959
AT3G18790	406	459	388	447	456	408
AT3G18800	66	74	84	89	142	91
AT3G18810	0	0	0	0	0	0
AT3G18815	0	0	0	0	0	0
AT3G18820	1841	2192	1953	1344	1677	1298
AT3G18827	0	0	0	0	0	0
AT3G18830	2003	2640	2665	942	999	950
AT3G18840	15	12	12	20	15	27
AT3G18850	30	53	38	48	66	45
AT3G18860	754	881	821	882	718	749
AT3G18870	17	26	18	21	27	29
AT3G18880	11	5	3	8	14	3
AT3G18890	441	381	432	703	500	611
AT3G18895	0	0	0	0	0	0
AT3G18900	8	9	6	9	13	9
AT3G18905	0	0	0	0	0	0
AT3G18910	59	92	70	98	97	97
AT3G18915	0	0	0	0	0	0
AT3G18930	373	478	458	330	278	300
AT3G18940	199	226	218	266	279	237
AT3G18950	131	191	195	64	52	72
AT3G18952	0	0	0	0	0	0
AT3G18957	0	0	0	0	0	0
AT3G18960	55	72	63	55	53	57
AT3G18970	48	45	40	55	51	55
AT3G18980	665	779	712	533	651	517
AT3G18990	294	302	296	334	330	389
AT3G19000	139	156	157	183	200	198
AT3G19002	2	0	1	0	0	1
AT3G19010	1176	1547	1686	541	526	541
AT3G19020	112	130	148	101	82	96
AT3G19030	2194	2144	1544	2452	2665	2358
AT3G19035	0	0	0	0	0	0
AT3G19040	12	8	17	13	11	22
AT3G19050	83	108	94	137	84	158
AT3G19055	0	0	0	0	0	0
AT3G19070	0	0	0	0	0	0
AT3G19080	130	104	127	130	91	122
AT3G19085	0	0	0	0	1	0
AT3G19090	4	7	9	1	0	4
AT3G19100	616	771	696	842	731	759
AT3G19120	213	283	242	293	290	323
AT3G19130	1244	1423	1484	951	986	908
AT3G19140	0	0	0	0	0	0
AT3G19150	140	191	165	130	144	98
AT3G19160	0	0	0	0	0	0
AT3G19170	2924	2832	3133	2955	2403	2533
AT3G19180	162	193	177	254	238	248
AT3G19184	1	4	3	5	2	5
AT3G19190	1131	1273	1254	1072	712	868
AT3G19200	22	9	20	14	13	24
AT3G19210	131	157	165	120	99	102
AT3G19220	168	181	169	180	226	167
AT3G19230	7	6	4	7	6	3
AT3G19235	0	0	0	0	0	0
AT3G19240	432	501	459	409	383	402
AT3G19250	25	29	27	14	17	26
AT3G19260	482	711	782	226	176	211
AT3G19270	2	1	4	3	4	5
AT3G19274	0	0	0	0	0	0
AT3G19280	71	81	102	93	83	103
AT3G19290	643	781	753	586	600	602
AT3G19300	23	23	26	43	28	36
AT3G19310	0	0	2	1	0	0
AT3G19320	1	0	0	7	0	5
AT3G19330	39	54	46	70	56	68
AT3G19340	476	488	451	535	444	470
AT3G19350	0	0	0	1	1	1
AT3G19360	125	122	160	126	125	123
AT3G19370	94	89	90	208	185	195
AT3G19380	181	220	171	227	177	206
AT3G19390	324	296	455	181	170	148
AT3G19400	176	209	171	183	165	179
AT3G19410	0	0	0	0	0	0
AT3G19420	1201	1467	1409	1287	1143	1204
AT3G19430	1	2	1	6	1	4
AT3G19440	68	90	74	107	112	103
AT3G19450	503	584	547	671	603	671
AT3G19460	222	268	228	235	263	178
AT3G19470	24	31	26	35	39	26
AT3G19480	159	160	140	200	201	174
AT3G19490	969	951	1016	948	875	842
AT3G19500	3	1	2	7	5	6
AT3G19508	60	64	53	64	70	79
AT3G19510	361	364	373	376	352	382
AT3G19515	514	516	493	577	510	538
AT3G19520	674	805	651	694	781	693
AT3G19530	0	0	0	1	0	0
AT3G19540	467	526	459	471	464	538
AT3G19550	4	0	0	1	0	1
AT3G19552	0	0	0	0	0	0
AT3G19553	751	878	771	664	672	598
AT3G19560	0	0	0	0	0	0
AT3G19565	0	0	0	0	0	0
AT3G19570	133	140	154	178	137	189
AT3G19580	163	241	250	56	71	74
AT3G19590	69	76	75	95	75	112
AT3G19595	0	0	0	0	0	0
AT3G19600	0	0	0	0	0	0
AT3G19610	0	0	2	0	0	1
AT3G19613	0	0	0	0	0	0
AT3G19615	154	300	225	9	15	18
AT3G19620	8	8	13	11	2	12
AT3G19630	313	332	352	348	304	314
AT3G19640	415	550	514	434	383	402
AT3G19650	162	182	148	191	199	168
AT3G19660	185	305	287	152	186	143
AT3G19663	3	3	1	5	7	9
AT3G19670	650	789	731	764	669	699
AT3G19680	461	650	568	321	556	235
AT3G19690	0	2	0	0	0	0
AT3G19700	0	0	0	0	1	0
AT3G19710	49	44	80	54	152	119
AT3G19720	323	359	331	482	382	428
AT3G19740	735	803	726	769	544	733
AT3G19760	1568	1741	1756	1541	1480	1521
AT3G19770	266	366	363	310	301	313
AT3G19780	299	309	299	315	231	303
AT3G19790	58	63	65	69	87	67
AT3G19800	220	255	227	281	320	287
AT3G19810	433	420	440	471	510	459
AT3G19820	2263	2757	2258	2970	3030	3186
AT3G19830	401	391	344	350	311	325
AT3G19840	326	418	336	414	385	419
AT3G19850	499	724	561	780	707	668
AT3G19860	984	1255	1057	964	1141	992
AT3G19870	414	468	490	445	369	398
AT3G19880	0	0	0	0	0	0
AT3G19890	0	0	1	0	0	0
AT3G19895	247	329	277	230	231	262
AT3G19900	441	631	537	521	558	491
AT3G19910	1075	1286	1319	820	850	696
AT3G19920	9	11	19	1	3	9
AT3G19930	1793	2071	1930	1604	1381	1671
AT3G19940	0	0	0	0	1	0
AT3G19950	313	496	428	359	350	293
AT3G19960	891	1093	997	1016	857	922
AT3G19970	123	218	185	57	52	61
AT3G19980	349	387	402	361	334	329
AT3G19990	575	727	624	434	496	390
AT3G20000	1033	1101	1141	919	968	1041
AT3G20010	219	237	243	273	208	319
AT3G20015	68	42	47	157	144	196
AT3G20020	141	190	170	157	115	170
AT3G20030	0	0	0	0	0	0
AT3G20040	109	124	127	109	88	107
AT3G20050	1812	1936	1827	2077	1819	2137
AT3G20060	935	1207	1084	646	680	619
AT3G20070	105	117	96	124	120	103
AT3G20080	243	340	253	395	328	384
AT3G20090	40	49	40	79	70	79
AT3G20100	215	271	233	278	324	345
AT3G20110	48	58	72	32	49	42
AT3G20120	108	157	100	183	137	170
AT3G20130	23	31	12	32	46	41
AT3G20140	0	0	0	1	0	0
AT3G20150	33	56	66	95	47	73
AT3G20155	0	0	0	0	0	0
AT3G20160	1	3	3	3	1	2
AT3G20170	108	146	135	105	97	111
AT3G20180	1	0	1	0	1	2
AT3G20190	2	0	0	2	0	0
AT3G20200	28	32	39	42	35	44
AT3G20210	3	0	5	4	2	4
AT3G20220	0	0	0	0	0	0
AT3G20230	468	526	475	593	665	604
AT3G20240	73	87	63	119	120	125
AT3G20250	1018	1280	1311	1031	769	933
AT3G20260	71	89	102	152	116	142
AT3G20270	166	253	188	165	191	181
AT3G20280	98	102	131	122	77	114
AT3G20290	718	892	839	875	817	761
AT3G20300	108	159	134	131	91	128
AT3G20310	638	631	684	685	637	583
AT3G20320	598	581	545	557	524	575
AT3G20330	542	581	667	489	494	517
AT3G20340	152	251	190	126	142	111
AT3G20350	243	233	241	215	216	232
AT3G20360	36	26	30	4	4	3
AT3G20362	0	0	0	0	0	0
AT3G20370	335	491	375	414	461	444
AT3G20380	32	36	23	96	83	74
AT3G20390	1104	1478	1480	1030	1208	983
AT3G20395	355	466	492	303	218	226
AT3G20400	1	0	2	0	1	1
AT3G20410	2111	2624	2659	1320	1086	1190
AT3G20420	10	21	12	21	18	16
AT3G20430	137	179	169	150	185	183
AT3G20440	287	224	233	507	410	501
AT3G20450	12	17	11	10	8	11
AT3G20460	4	5	4	4	4	1
AT3G20470	879	787	831	508	717	596
AT3G20475	30	21	20	29	20	20
AT3G20480	39	48	32	33	50	36
AT3G20490	129	168	140	122	102	116
AT3G20500	297	282	279	260	245	265
AT3G20510	624	675	783	336	341	390
AT3G20520	5	12	16	1	2	1
AT3G20530	0	2	2	0	0	0
AT3G20540	337	343	334	453	409	478
AT3G20550	289	425	349	345	362	381
AT3G20555	2	0	0	0	0	0
AT3G20557	0	1	0	2	3	0
AT3G20560	119	134	130	142	139	152
AT3G20570	31	44	68	58	47	72
AT3G20580	0	0	1	1	0	2
AT3G20590	1	2	2	1	3	6
AT3G20600	60	98	80	29	35	36
AT3G20610	0	0	0	0	0	0
AT3G20620	95	162	149	154	139	141
AT3G20630	803	923	877	764	642	709
AT3G20640	30	26	25	44	24	41
AT3G20650	219	346	280	291	305	265
AT3G20655	0	0	0	0	0	0
AT3G20660	426	527	543	187	184	246
AT3G20670	474	524	554	333	432	371
AT3G20680	192	188	158	196	190	207
AT3G20690	0	0	0	0	0	0
AT3G20700	0	0	0	0	0	0
AT3G20710	2	2	10	4	1	5
AT3G20720	424	452	474	463	401	485
AT3G20730	8	16	17	13	13	11
AT3G20740	220	223	221	253	218	238
AT3G20750	0	0	0	0	0	0
AT3G20760	0	0	0	0	0	0
AT3G20770	2519	2993	2796	2387	1793	2170
AT3G20780	125	142	140	150	138	174
AT3G20790	266	285	281	331	287	310
AT3G20800	410	500	526	388	370	353
AT3G20810	1459	1785	1484	2040	2019	2015
AT3G20820	1001	1094	911	1421	976	1289
AT3G20830	83	99	89	72	93	80
AT3G20840	5	3	2	11	9	12
AT3G20850	0	1	1	0	0	0
AT3G20860	155	180	219	61	56	58
AT3G20865	1	2	0	2	1	0
AT3G20870	279	340	310	299	290	302
AT3G20880	0	0	0	0	0	1
AT3G20885	0	0	0	0	0	0
AT3G20890	150	141	150	144	154	143
AT3G20898	32	27	25	37	33	45
AT3G20900	0	0	1	0	0	0
AT3G20910	108	132	147	104	115	95
AT3G20920	661	776	642	649	588	620
AT3G20930	221	207	206	241	246	228
AT3G20935	3	2	6	9	8	17
AT3G20940	4	2	8	6	6	5
AT3G20950	0	0	0	0	0	0
AT3G20960	65	75	82	111	102	132
AT3G20970	358	377	368	308	327	293
AT3G20978	2	4	4	11	8	4
AT3G20980	0	0	0	0	0	0
AT3G20993	0	0	0	0	0	0
AT3G20997	0	0	0	0	0	0
AT3G21000	0	0	0	1	1	0
AT3G21055	2868	3092	2911	4017	4595	3637
AT3G21060	145	127	127	192	117	197
AT3G21070	520	590	669	300	292	255
AT3G21080	376	502	397	180	158	159
AT3G21090	201	220	168	192	133	201
AT3G21100	140	139	127	173	128	183
AT3G21110	182	201	176	210	187	249
AT3G21120	0	0	0	0	0	0
AT3G21130	0	0	0	0	0	0
AT3G21140	679	762	893	460	378	420
AT3G21150	18	6	10	4	5	2
AT3G21160	405	520	441	499	393	470
AT3G21165	0	0	0	0	0	0
AT3G21170	0	0	0	0	0	1
AT3G21175	256	304	283	279	293	319
AT3G21180	10	0	11	15	4	6
AT3G21190	103	145	122	167	165	130
AT3G21200	539	540	481	464	447	488
AT3G21210	2	9	5	4	0	4
AT3G21215	458	574	511	559	567	498
AT3G21220	302	378	346	253	246	276
AT3G21230	97	133	232	87	71	101
AT3G21240	719	894	1134	300	268	355
AT3G21250	2183	3091	2640	1509	1152	1331
AT3G21260	183	336	220	191	274	216
AT3G21270	161	230	190	156	183	134
AT3G21280	162	188	194	186	189	169
AT3G21290	402	488	458	437	293	400
AT3G21295	206	257	234	177	186	188
AT3G21300	207	162	221	221	260	247
AT3G21305	0	0	0	0	0	0
AT3G21310	11	10	8	14	12	12
AT3G21320	0	3	2	0	0	1
AT3G21330	22	18	15	37	43	26
AT3G21340	7	0	7	4	2	0
AT3G21350	193	218	195	220	246	198
AT3G21351	304	268	270	444	364	450
AT3G21352	33	27	37	83	51	104
AT3G21360	46	54	49	68	72	60
AT3G21370	0	1	13	2	21	17
AT3G21371	0	0	0	0	0	0
AT3G21380	0	1	6	0	16	5
AT3G21390	108	103	94	124	113	117
AT3G21400	59	76	51	64	87	60
AT3G21405	0	0	0	0	0	0
AT3G21410	0	0	0	0	0	0
AT3G21420	116	152	133	76	45	100
AT3G21430	468	522	491	502	349	450
AT3G21450	0	0	0	0	0	0
AT3G21460	2	10	7	13	8	9
AT3G21465	94	130	137	156	132	155
AT3G21470	13	23	11	11	12	10
AT3G21473	0	0	0	0	0	0
AT3G21475	0	0	0	0	0	0
AT3G21480	233	200	216	190	158	218
AT3G21490	0	0	0	0	0	0
AT3G21500	1	5	4	4	1	1
AT3G21510	85	103	124	148	198	146
AT3G21520	43	94	72	6	4	9
AT3G21530	80	86	84	96	77	88
AT3G21540	379	326	358	462	328	467
AT3G21550	21	19	29	36	10	15
AT3G21560	80	77	120	100	82	99
AT3G21570	0	0	0	0	0	0
AT3G21580	93	97	99	97	97	98
AT3G21590	1	0	0	0	2	0
AT3G21600	61	70	76	91	82	95
AT3G21610	306	390	332	258	311	270
AT3G21620	0	1	0	2	0	1
AT3G21630	694	893	926	419	378	427
AT3G21640	211	260	241	232	230	216
AT3G21650	261	289	267	246	230	237
AT3G21660	0	3	1	0	0	1
AT3G21670	3	2	2	13	11	5
AT3G21680	3	1	2	8	4	6
AT3G21690	3792	4551	4454	2050	1930	1763
AT3G21700	89	135	138	64	70	81
AT3G21710	151	179	218	209	187	192
AT3G21720	480	507	799	88	535	598
AT3G21730	0	0	0	0	0	0
AT3G21740	107	94	87	111	150	111
AT3G21750	238	244	197	293	225	291
AT3G21755	7	13	5	3	10	10
AT3G21760	0	0	0	0	0	0
AT3G21770	96	80	89	155	173	213
AT3G21780	0	0	0	0	0	0
AT3G21781	0	0	0	0	0	0
AT3G21790	532	632	669	386	464	435
AT3G21800	0	1	0	0	1	0
AT3G21805	4	5	1	1	1	4
AT3G21810	150	251	205	168	197	161
AT3G21820	206	241	245	210	204	217
AT3G21825	0	0	0	0	0	0
AT3G21830	0	0	0	0	0	0
AT3G21840	0	0	0	0	0	0
AT3G21850	0	0	0	0	0	0
AT3G21860	0	0	0	0	0	0
AT3G21865	627	880	779	601	539	596
AT3G21870	73	116	80	57	87	39
AT3G21880	0	0	0	0	0	0
AT3G21890	0	0	0	0	1	1
AT3G21900	0	0	0	0	0	0
AT3G21910	0	0	0	0	0	0
AT3G21920	0	0	0	0	0	0
AT3G21930	0	0	0	0	0	0
AT3G21940	0	0	0	0	0	0
AT3G21945	0	0	0	0	0	0
AT3G21950	6	4	6	10	5	13
AT3G21960	0	0	0	0	0	0
AT3G21970	0	0	0	0	0	0
AT3G21980	0	0	0	0	0	0
AT3G21990	0	0	0	0	0	0
AT3G22000	0	0	0	0	0	0
AT3G22010	0	0	0	0	0	0
AT3G22020	0	0	0	0	0	0
AT3G22022	0	0	0	0	0	0
AT3G22030	0	0	0	0	0	0
AT3G22040	0	0	0	0	0	0
AT3G22050	0	0	0	0	0	0
AT3G22053	0	0	0	0	0	0
AT3G22057	0	0	0	0	0	0
AT3G22060	544	728	721	73	90	89
AT3G22070	0	0	0	0	0	0
AT3G22072	0	0	0	0	0	0
AT3G22080	0	0	0	0	0	0
AT3G22085	0	0	0	0	0	0
AT3G22090	1	0	0	0	1	0
AT3G22100	0	0	0	0	0	0
AT3G22104	179	244	189	271	226	252
AT3G22110	992	1070	1014	1089	1157	1002
AT3G22120	0	0	1	0	0	0
AT3G22121	0	0	0	0	0	0
AT3G22125	0	2	1	1	1	1
AT3G22142	0	0	0	0	0	0
AT3G22150	198	207	159	319	264	332
AT3G22160	308	415	393	159	128	143
AT3G22170	918	1173	1063	927	817	869
AT3G22180	155	165	128	178	150	195
AT3G22183	0	0	0	0	0	0
AT3G22190	645	716	655	646	588	592
AT3G22200	7249	8358	8146	4524	3793	3404
AT3G22210	11	7	10	27	28	21
AT3G22220	247	246	259	255	204	205
AT3G22230	1672	2044	1897	1476	1869	1689
AT3G22231	0	23	8	3	67	10
AT3G22235	1	23	7	1	35	5
AT3G22240	514	828	834	602	567	622
AT3G22250	0	1	0	1	3	0
AT3G22260	330	496	444	175	169	163
AT3G22270	412	395	394	408	376	413
AT3G22275	0	1	0	0	0	0
AT3G22290	620	698	669	568	546	539
AT3G22300	267	196	262	218	242	212
AT3G22310	399	439	471	602	565	642
AT3G22320	608	737	631	566	773	612
AT3G22330	728	808	815	941	771	823
AT3G22333	0	0	0	0	0	0
AT3G22337	0	0	0	0	0	0
AT3G22345	0	0	0	0	0	0
AT3G22350	0	0	0	0	0	0
AT3G22360	0	0	0	0	1	0
AT3G22370	843	1088	1059	522	498	424
AT3G22380	3850	4193	4211	4621	3292	4222
AT3G22400	21	37	15	52	19	28
AT3G22410	23	16	23	16	9	22
AT3G22415	0	6	6	1	9	4
AT3G22420	171	221	196	169	183	181
AT3G22421	0	0	0	0	0	0
AT3G22425	93	119	121	139	174	147
AT3G22430	173	204	172	196	179	182
AT3G22436	0	0	0	0	0	0
AT3G22440	3558	4600	3930	4417	3407	4172
AT3G22450	33	38	24	31	31	31
AT3G22460	235	388	307	252	244	244
AT3G22470	37	44	51	41	41	30
AT3G22480	226	321	263	231	255	282
AT3G22490	0	0	0	0	0	0
AT3G22500	0	0	1	0	1	1
AT3G22510	0	0	0	0	0	0
AT3G22520	311	343	343	412	352	421
AT3G22530	0	0	0	0	0	0
AT3G22540	2	3	1	8	6	7
AT3G22550	48	126	68	88	167	156
AT3G22560	8	7	2	5	7	5
AT3G22565	3	1	4	9	9	2
AT3G22570	0	0	0	0	0	0
AT3G22580	0	0	0	0	0	0
AT3G22590	203	271	228	233	218	220
AT3G22600	745	1334	1772	490	388	364
AT3G22620	193	200	345	212	158	156
AT3G22630	523	601	502	453	556	506
AT3G22640	2	3	10	3	9	10
AT3G22650	0	0	0	0	0	0
AT3G22660	371	439	438	410	454	440
AT3G22670	0	0	0	0	0	0
AT3G22680	104	110	107	124	121	116
AT3G22690	36	31	35	61	41	60
AT3G22700	7	1	3	1	2	3
AT3G22710	0	0	0	0	0	0
AT3G22720	0	0	0	0	0	0
AT3G22723	0	0	0	0	0	0
AT3G22730	0	0	0	0	0	0
AT3G22740	6	14	18	3	8	8
AT3G22750	415	482	495	240	224	199
AT3G22760	31	30	64	64	47	49
AT3G22770	0	0	1	0	0	0
AT3G22780	319	345	261	436	392	416
AT3G22790	147	167	145	235	212	268
AT3G22800	268	226	356	290	177	253
AT3G22810	50	68	43	69	61	70
AT3G22820	13	12	9	18	25	19
AT3G22830	1	2	9	10	4	7
AT3G22840	10	6	10	4	8	9
AT3G22845	692	976	739	629	641	599
AT3G22850	323	361	399	368	421	361
AT3G22860	2	4	1	5	1	2
AT3G22870	0	0	0	0	0	0
AT3G22880	58	79	72	72	59	70
AT3G22886	10	9	5	6	3	3
AT3G22890	7298	11658	12193	2043	2516	2033
AT3G22900	16	24	17	45	41	22
AT3G22910	74	114	228	10	17	11
AT3G22920	0	0	0	0	1	0
AT3G22930	43	31	26	13	25	32
AT3G22935	0	0	0	0	0	0
AT3G22940	0	0	0	0	0	0
AT3G22942	172	227	212	143	119	137
AT3G22950	273	372	363	247	254	215
AT3G22960	6006	6655	6171	7002	6162	6578
AT3G22961	7	8	8	1	5	7
AT3G22970	796	821	747	1309	1219	1317
AT3G22980	388	408	468	310	301	238
AT3G22990	318	323	338	308	260	306
AT3G23000	704	1044	934	680	663	695
AT3G23010	11	31	25	7	18	7
AT3G23020	58	36	50	65	47	46
AT3G23030	1201	1504	1210	891	692	888
AT3G23050	3041	3366	2784	3673	3417	3362
AT3G23060	3	0	0	1	2	2
AT3G23070	520	501	459	630	495	629
AT3G23080	294	360	301	349	426	357
AT3G23090	93	83	107	93	94	94
AT3G23100	153	210	143	121	160	148
AT3G23110	20	31	27	9	11	5
AT3G23120	6	14	29	0	4	1
AT3G23122	4	2	4	0	0	0
AT3G23123	39	61	63	0	1	0
AT3G23125	1	1	0	0	1	2
AT3G23130	0	0	0	0	0	0
AT3G23140	0	0	0	0	0	0
AT3G23145	0	0	0	0	0	0
AT3G23150	665	946	925	660	891	667
AT3G23160	79	102	73	91	93	104
AT3G23165	0	0	0	0	0	0
AT3G23167	0	0	0	0	0	0
AT3G23170	85	116	118	95	65	72
AT3G23172	0	0	0	0	0	0
AT3G23175	57	54	78	69	112	124
AT3G23180	15	36	29	49	59	42
AT3G23190	33	30	57	67	59	84
AT3G23200	48	67	53	37	42	42
AT3G23210	28	22	25	38	28	34
AT3G23220	0	0	0	0	0	0
AT3G23230	102	114	146	1	1	0
AT3G23240	49	48	49	10	14	7
AT3G23245	7	5	10	0	1	0
AT3G23250	443	635	619	63	39	52
AT3G23255	73	116	91	101	117	83
AT3G23260	48	55	47	62	57	42
AT3G23270	0	0	0	0	0	0
AT3G23280	1305	1623	1556	1299	1089	1031
AT3G23290	43	59	58	86	61	59
AT3G23300	755	777	910	703	523	720
AT3G23310	382	440	366	489	372	412
AT3G23320	0	0	0	0	0	0
AT3G23325	143	151	149	125	134	113
AT3G23326	0	0	1	1	2	0
AT3G23330	45	50	43	69	56	57
AT3G23340	104	140	101	169	187	177
AT3G23350	0	0	0	0	1	0
AT3G23360	0	0	0	0	0	0
AT3G23370	12	33	20	30	39	38
AT3G23380	1	0	0	0	0	0
AT3G23390	1136	1438	1264	1116	1251	1237
AT3G23400	1103	1094	1090	1097	922	1055
AT3G23410	100	114	74	93	65	91
AT3G23420	0	0	0	0	0	0
AT3G23430	208	241	225	437	397	430
AT3G23440	21	28	21	18	29	21
AT3G23450	1389	1267	1346	1059	1080	978
AT3G23460	0	0	0	0	0	0
AT3G23470	12	3	28	23	27	36
AT3G23480	38	63	40	30	45	27
AT3G23490	942	1248	991	1089	1292	1055
AT3G23510	9	18	21	9	9	7
AT3G23530	1097	1129	1413	455	419	463
AT3G23540	554	643	669	495	397	500
AT3G23550	1918	2782	3017	223	286	220
AT3G23560	943	1124	1113	552	545	528
AT3G23570	427	666	660	238	241	288
AT3G23580	164	220	215	203	206	215
AT3G23590	567	654	612	579	460	631
AT3G23600	2051	2933	2414	2370	2499	2106
AT3G23605	121	144	122	57	72	62
AT3G23610	42	52	43	58	51	61
AT3G23620	550	567	549	610	553	664
AT3G23630	2	0	1	5	1	4
AT3G23633	0	0	0	0	0	0
AT3G23635	2	2	3	3	2	2
AT3G23637	0	0	0	0	2	0
AT3G23640	931	1171	1027	1405	1042	1247
AT3G23650	0	0	0	0	0	0
AT3G23660	795	834	798	742	626	714
AT3G23670	52	48	54	100	62	102
AT3G23680	0	0	0	0	0	0
AT3G23685	0	0	0	0	0	0
AT3G23690	446	605	429	539	514	502
AT3G23700	1234	1282	1253	1423	1440	1304
AT3G23710	150	178	198	187	185	165
AT3G23715	0	0	0	0	0	0
AT3G23727	0	0	0	0	0	0
AT3G23730	196	174	142	216	239	202
AT3G23740	74	102	96	78	67	78
AT3G23750	961	910	995	860	744	930
AT3G23760	271	302	246	307	411	299
AT3G23770	0	0	0	0	0	0
AT3G23780	289	347	322	408	234	345
AT3G23790	551	831	699	453	520	423
AT3G23800	73	84	84	123	99	157
AT3G23805	51	68	46	85	94	88
AT3G23810	599	568	613	709	637	716
AT3G23820	1650	1664	1609	1796	1355	1640
AT3G23830	183	210	193	294	355	319
AT3G23840	33	44	26	38	22	25
AT3G23860	0	1	3	0	0	0
AT3G23870	3	3	12	8	12	15
AT3G23880	260	335	233	369	362	345
AT3G23890	122	137	155	260	161	263
AT3G23900	638	725	658	695	528	689
AT3G23910	83	92	87	96	107	86
AT3G23920	513	722	730	460	387	450
AT3G23930	43	67	53	28	44	36
AT3G23940	1046	915	1044	1143	987	1294
AT3G23950	0	0	0	0	0	0
AT3G23955	0	0	0	0	0	0
AT3G23960	0	0	0	0	0	0
AT3G23970	0	0	0	0	0	0
AT3G23980	605	656	719	568	512	651
AT3G23990	871	898	925	1020	989	1028
AT3G24000	98	109	110	136	126	128
AT3G24010	169	237	177	234	283	215
AT3G24020	5	2	4	8	4	10
AT3G24030	126	134	129	104	145	105
AT3G24040	286	302	337	330	320	300
AT3G24050	673	744	734	679	682	639
AT3G24060	0	0	0	0	0	0
AT3G24065	0	0	0	0	0	0
AT3G24068	0	0	0	0	0	0
AT3G24070	454	511	441	431	488	459
AT3G24080	961	1089	1098	1081	962	1092
AT3G24090	118	83	93	33	32	48
AT3G24093	0	0	0	0	0	0
AT3G24100	577	766	552	573	692	548
AT3G24110	12	12	15	17	10	18
AT3G24120	439	560	413	433	492	458
AT3G24130	0	0	0	0	0	0
AT3G24140	356	491	416	373	282	337
AT3G24150	55	84	66	88	82	56
AT3G24160	1792	2078	1833	1837	1517	1709
AT3G24170	1597	1960	2287	884	808	725
AT3G24180	1429	1672	1943	1146	862	1016
AT3G24190	325	376	321	503	416	430
AT3G24200	411	489	501	374	344	382
AT3G24210	7	1	22	12	6	6
AT3G24220	0	0	0	0	0	0
AT3G24225	0	3	2	1	4	5
AT3G24230	0	0	5	1	3	2
AT3G24240	27	14	38	46	52	63
AT3G24250	0	0	0	0	0	0
AT3G24255	58	44	40	66	62	53
AT3G24260	0	0	0	0	0	0
AT3G24270	0	0	0	0	0	0
AT3G24280	0	0	0	0	0	0
AT3G24290	0	0	0	0	0	0
AT3G24300	103	53	85	175	163	192
AT3G24310	4	3	4	12	22	26
AT3G24315	207	217	197	197	176	197
AT3G24320	139	149	142	179	136	181
AT3G24330	0	0	0	0	0	0
AT3G24332	0	0	0	0	0	0
AT3G24340	7	9	7	8	6	10
AT3G24350	364	478	434	316	285	309
AT3G24360	5	2	2	13	7	9
AT3G24420	917	1084	1081	233	214	188
AT3G24430	690	628	685	785	906	832
AT3G24440	198	227	256	198	152	239
AT3G24450	16	25	14	43	35	33
AT3G24460	32	37	45	36	25	50
AT3G24463	11	7	5	23	21	9
AT3G24465	0	0	0	0	0	0
AT3G24480	913	931	952	947	585	837
AT3G24490	291	289	279	276	354	304
AT3G24495	153	161	180	157	126	165
AT3G24500	62	97	78	29	43	29
AT3G24503	3040	3460	3355	3831	2813	3381
AT3G24506	222	213	225	223	291	226
AT3G24508	0	0	0	0	0	0
AT3G24510	1	5	3	2	2	1
AT3G24513	0	0	0	0	0	0
AT3G24514	0	1	1	0	0	3
AT3G24515	52	57	47	79	84	63
AT3G24516	0	0	0	0	1	4
AT3G24517	0	0	0	0	0	2
AT3G24518	3	4	3	3	9	9
AT3G24520	0	0	0	0	0	0
AT3G24530	287	328	319	209	217	198
AT3G24535	4	1	6	4	1	1
AT3G24540	27	22	29	11	9	19
AT3G24542	0	2	0	0	1	2
AT3G24550	2027	2408	2497	1578	1339	1489
AT3G24560	123	145	89	137	118	108
AT3G24570	242	329	269	195	309	254
AT3G24575	0	2	2	2	2	5
AT3G24580	0	0	0	0	0	0
AT3G24590	328	336	285	406	408	344
AT3G24600	0	0	0	0	1	1
AT3G24605	0	0	0	0	0	0
AT3G24610	0	0	0	0	0	0
AT3G24612	0	0	0	0	0	0
AT3G24614	0	0	0	0	0	0
AT3G24615	0	0	0	0	0	0
AT3G24620	0	0	0	0	0	0
AT3G24630	83	100	87	93	53	81
AT3G24640	0	1	0	0	0	0
AT3G24650	7	2	8	1	3	6
AT3G24660	56	65	79	131	73	129
AT3G24670	128	137	160	114	112	135
AT3G24690	0	0	0	0	0	0
AT3G24700	0	0	0	0	0	0
AT3G24710	0	0	0	0	0	0
AT3G24715	67	71	71	53	46	51
AT3G24730	85	103	60	88	92	99
AT3G24740	494	639	595	651	690	562
AT3G24750	5	0	2	6	4	3
AT3G24760	147	147	141	214	170	181
AT3G24770	111	157	176	122	118	126
AT3G24780	6	20	6	11	8	9
AT3G24790	0	0	0	0	2	0
AT3G24800	200	198	197	208	205	207
AT3G24810	37	36	23	23	37	43
AT3G24820	87	91	91	78	100	69
AT3G24830	3704	4151	3721	3093	3481	3612
AT3G24840	96	105	117	97	80	98
AT3G24850	0	0	0	0	0	0
AT3G24860	40	46	58	48	65	60
AT3G24870	145	163	187	176	111	165
AT3G24880	178	166	184	167	104	177
AT3G24890	25	36	29	40	53	42
AT3G24900	8	9	5	1	2	4
AT3G24929	48	56	63	69	53	73
AT3G24982	3	0	2	5	1	5
AT3G25010	33	40	42	37	45	25
AT3G25011	2	8	4	7	4	3
AT3G25012	0	0	0	0	0	0
AT3G25013	31	30	26	26	34	40
AT3G25014	0	0	0	0	0	0
AT3G25020	99	118	86	122	85	95
AT3G25030	17	31	20	45	37	57
AT3G25040	345	344	357	400	332	344
AT3G25050	0	0	0	0	0	0
AT3G25060	6	4	14	16	14	15
AT3G25070	471	702	611	402	433	408
AT3G25080	2	0	0	0	0	0
AT3G25090	0	0	0	0	0	0
AT3G25100	62	55	54	39	50	39
AT3G25110	70	63	64	115	107	97
AT3G25120	210	282	220	237	298	269
AT3G25130	10	8	3	7	6	10
AT3G25140	742	850	834	952	781	860
AT3G25150	848	1049	949	1101	1051	1061
AT3G25160	0	0	0	0	0	0
AT3G25165	0	0	0	0	0	0
AT3G25170	0	0	0	0	0	0
AT3G25180	0	0	0	0	0	0
AT3G25190	221	213	261	245	347	230
AT3G25200	0	0	0	0	0	0
AT3G25210	189	205	145	184	195	141
AT3G25220	426	509	452	478	435	421
AT3G25221	0	1	0	0	0	0
AT3G25230	847	940	1007	830	687	854
AT3G25240	10	19	20	1	0	0
AT3G25250	237	304	381	65	70	48
AT3G25260	0	0	0	0	0	0
AT3G25265	0	0	0	0	0	0
AT3G25270	0	0	0	0	0	0
AT3G25280	0	0	0	0	0	0
AT3G25290	28	45	36	51	29	45
AT3G25400	40	41	47	39	43	53
AT3G25410	283	272	281	327	345	370
AT3G25420	0	0	0	0	0	0
AT3G25430	125	164	121	212	184	211
AT3G25440	116	119	130	113	111	105
AT3G25460	0	0	0	0	0	0
AT3G25470	748	802	766	797	783	760
AT3G25480	323	269	316	275	302	284
AT3G25490	0	4	12	0	0	0
AT3G25493	0	0	0	0	0	0
AT3G25500	379	354	393	496	492	517
AT3G25505	5	7	6	1	1	1
AT3G25510	46	50	60	44	35	46
AT3G25520	4580	4981	4994	4328	4301	4706
AT3G25530	869	991	863	1115	1095	1038
AT3G25540	358	395	372	382	362	371
AT3G25545	149	177	154	142	146	165
AT3G25550	0	0	0	0	0	0
AT3G25560	90	93	114	133	152	184
AT3G25570	78	142	115	98	86	107
AT3G25573	0	0	0	0	0	0
AT3G25577	0	0	0	0	1	0
AT3G25580	124	147	156	138	127	135
AT3G25585	511	649	581	516	525	458
AT3G25590	23	24	21	56	22	33
AT3G25597	26	26	20	19	30	18
AT3G25600	241	270	283	164	163	150
AT3G25610	1011	1249	1445	264	200	335
AT3G25620	36	51	61	37	37	38
AT3G25640	18	26	12	21	16	21
AT3G25650	0	0	0	0	0	0
AT3G25655	1	1	1	0	1	0
AT3G25660	865	858	846	915	914	929
AT3G25670	10	15	7	18	16	12
AT3G25680	208	228	222	280	255	247
AT3G25690	3442	4020	3145	3741	3584	3325
AT3G25700	36	62	30	75	58	47
AT3G25710	48	40	56	68	57	65
AT3G25715	0	0	0	0	0	0
AT3G25716	0	0	0	0	0	0
AT3G25717	150	199	111	286	290	285
AT3G25719	0	0	0	0	0	0
AT3G25720	0	0	0	0	0	0
AT3G25727	0	0	0	0	0	1
AT3G25730	146	172	153	106	116	139
AT3G25740	112	139	151	146	125	138
AT3G25750	0	0	0	0	0	0
AT3G25760	166	293	225	88	101	78
AT3G25770	170	248	231	185	255	131
AT3G25780	76	102	151	30	21	23
AT3G25790	4	6	7	18	6	12
AT3G25795	1	1	0	6	5	5
AT3G25800	870	1014	976	878	655	757
AT3G25805	188	207	205	237	231	210
AT3G25810	0	0	0	0	0	0
AT3G25820	3	0	2	2	2	4
AT3G25830	0	0	0	0	0	0
AT3G25840	1127	1420	1294	1207	927	1209
AT3G25850	0	0	0	0	0	0
AT3G25855	7	4	1	5	1	1
AT3G25860	1695	1770	1631	1988	1787	1857
AT3G25870	55	54	46	79	71	70
AT3G25880	7	30	12	7	8	9
AT3G25882	27	65	67	19	38	26
AT3G25890	278	303	272	370	323	375
AT3G25900	281	371	422	114	94	122
AT3G25905	4	18	15	14	11	15
AT3G25910	1076	1464	1319	1108	1152	1049
AT3G25920	3599	3522	3618	3548	4088	3678
AT3G25930	62	93	93	176	153	140
AT3G25940	55	69	44	62	84	78
AT3G25950	4	6	3	2	5	5
AT3G25960	0	0	0	0	0	0
AT3G25970	20	21	33	23	18	22
AT3G25980	45	40	69	89	73	92
AT3G25990	9	19	8	16	13	17
AT3G26000	357	534	480	409	402	392
AT3G26010	0	0	0	0	0	1
AT3G26020	534	638	689	350	357	305
AT3G26030	789	925	821	772	694	689
AT3G26040	4	5	5	6	6	7
AT3G26050	8	13	14	27	17	26
AT3G26060	1029	1127	1172	1425	1456	1335
AT3G26070	833	1024	903	1118	1179	981
AT3G26080	242	269	235	233	227	173
AT3G26085	292	347	247	325	349	333
AT3G26090	378	527	488	292	223	246
AT3G26100	1075	1362	1151	1133	1106	1063
AT3G26110	0	0	0	0	0	0
AT3G26115	46	66	56	67	62	64
AT3G26120	3	1	1	4	4	0
AT3G26125	0	0	0	0	0	0
AT3G26130	7	9	7	10	4	9
AT3G26135	10	21	14	19	33	11
AT3G26140	0	0	0	0	0	0
AT3G26147	0	0	0	0	0	2
AT3G26150	0	0	1	1	12	2
AT3G26160	4	0	6	15	8	11
AT3G26170	111	208	152	91	112	92
AT3G26180	234	404	310	309	306	269
AT3G26190	106	178	150	0	0	0
AT3G26200	162	325	309	42	34	28
AT3G26210	768	955	794	613	431	519
AT3G26220	438	607	525	399	290	410
AT3G26230	101	132	124	129	64	121
AT3G26235	0	1	0	1	1	2
AT3G26237	0	0	0	0	0	0
AT3G26240	283	318	316	259	255	299
AT3G26250	0	0	0	0	0	0
AT3G26270	0	0	0	0	0	0
AT3G26280	512	727	433	564	498	484
AT3G26290	196	294	218	216	171	173
AT3G26300	434	652	469	527	510	488
AT3G26310	39	33	14	44	44	49
AT3G26320	62	87	58	53	57	49
AT3G26330	36	45	48	91	87	76
AT3G26340	229	266	255	253	274	266
AT3G26350	3	19	13	17	20	15
AT3G26355	0	0	0	0	0	0
AT3G26360	174	209	179	170	207	171
AT3G26370	522	658	542	550	517	553
AT3G26380	323	451	381	452	356	373
AT3G26390	0	0	0	0	0	0
AT3G26395	266	384	291	324	398	329
AT3G26400	498	563	569	526	435	486
AT3G26410	110	152	150	156	170	149
AT3G26420	1	3	1	1	1	2
AT3G26430	10	14	18	17	9	17
AT3G26440	389	539	562	513	445	524
AT3G26445	0	0	0	0	0	0
AT3G26450	0	0	0	0	0	0
AT3G26460	21	32	31	64	43	57
AT3G26470	284	380	453	120	208	131
AT3G26480	14	9	6	13	16	17
AT3G26490	48	52	44	58	70	35
AT3G26500	395	454	561	190	177	171
AT3G26510	817	1116	830	801	893	724
AT3G26512	0	0	0	0	0	0
AT3G26520	12933	16286	12794	15639	20170	14125
AT3G26539	14	16	12	21	31	15
AT3G26540	80	72	103	121	82	101
AT3G26550	5	17	14	26	27	19
AT3G26560	730	830	868	940	747	824
AT3G26570	220	241	210	307	316	309
AT3G26580	2009	2549	2143	2498	2397	2212
AT3G26590	262	390	354	197	189	246
AT3G26600	252	316	340	227	175	186
AT3G26610	7	5	5	31	17	34
AT3G26612	57	68	65	93	97	80
AT3G26616	0	0	0	1	1	0
AT3G26618	474	487	437	508	504	463
AT3G26620	0	2	1	0	1	0
AT3G26630	183	197	193	176	148	141
AT3G26640	173	177	163	186	196	169
AT3G26650	6961	7801	6899	9325	10323	8469
AT3G26660	0	0	0	0	0	0
AT3G26670	679	879	862	433	419	438
AT3G26680	522	729	664	376	337	314
AT3G26690	533	772	758	210	337	191
AT3G26700	170	243	165	141	127	125
AT3G26710	722	746	665	820	858	879
AT3G26720	800	986	854	990	858	914
AT3G26730	1390	1582	1554	1458	1114	1235
AT3G26740	6387	9141	6449	7979	6613	7732
AT3G26742	3	4	2	5	2	3
AT3G26744	674	758	706	739	669	712
AT3G26747	0	0	0	0	0	0
AT3G26750	32	40	47	36	41	63
AT3G26760	65	57	52	102	65	107
AT3G26770	73	103	104	109	132	139
AT3G26780	645	826	788	568	682	610
AT3G26782	89	80	95	123	125	114
AT3G26790	0	0	0	0	0	2
AT3G26800	0	0	0	0	0	0
AT3G26810	706	840	849	835	899	967
AT3G26812	0	1	0	0	3	0
AT3G26813	0	0	0	1	0	0
AT3G26815	1	2	4	5	3	2
AT3G26816	0	1	0	0	0	0
AT3G26818	0	1	2	7	3	0
AT3G26819	0	0	0	0	0	0
AT3G26820	39	37	44	6	17	7
AT3G26830	1921	3289	4080	78	84	89
AT3G26840	351	606	515	85	98	93
AT3G26850	82	92	74	111	89	112
AT3G26855	0	0	0	0	1	0
AT3G26860	0	0	0	0	0	0
AT3G26870	0	0	0	0	0	0
AT3G26880	0	0	0	0	0	0
AT3G26890	1039	1433	1292	1389	1359	1277
AT3G26900	628	739	682	767	883	709
AT3G26910	900	1136	1230	361	295	382
AT3G26920	195	229	219	185	223	202
AT3G26922	30	63	53	57	62	55
AT3G26930	0	1	1	0	1	1
AT3G26932	104	124	108	184	203	221
AT3G26934	0	0	0	1	1	0
AT3G26935	551	604	538	599	644	547
AT3G26940	0	0	0	0	0	0
AT3G26950	291	361	327	346	390	330
AT3G26960	2	3	1	7	2	5
AT3G26980	254	316	355	134	194	159
AT3G26990	181	172	179	173	176	170
AT3G27000	146	173	174	171	150	152
AT3G27010	176	188	177	158	172	137
AT3G27020	723	827	662	847	647	798
AT3G27025	2	2	3	8	4	1
AT3G27027	7	10	10	16	12	15
AT3G27030	113	144	95	187	155	154
AT3G27040	0	0	0	0	1	0
AT3G27050	140	193	136	151	189	135
AT3G27060	457	635	477	657	629	559
AT3G27070	8	13	20	3	4	4
AT3G27080	253	320	281	325	366	320
AT3G27090	1645	2082	1884	1565	1486	1512
AT3G27100	129	195	184	180	219	135
AT3G27110	305	378	342	281	316	296
AT3G27120	69	68	65	56	60	82
AT3G27140	0	0	0	0	0	0
AT3G27150	16	4	9	10	38	12
AT3G27160	1749	1802	1780	1746	2064	1745
AT3G27170	32	50	28	51	38	55
AT3G27180	304	256	246	351	303	351
AT3G27185	0	0	0	1	0	1
AT3G27190	420	516	459	454	446	458
AT3G27200	11	18	14	35	20	30
AT3G27210	148	179	144	232	269	258
AT3G27220	147	297	224	124	266	107
AT3G27230	314	342	270	339	314	334
AT3G27240	1134	1202	1371	996	933	1034
AT3G27250	0	1	1	5	5	4
AT3G27260	1859	2277	2111	1792	1538	1684
AT3G27270	24	36	52	39	39	26
AT3G27280	278	269	273	369	395	368
AT3G27290	13	28	22	24	37	30
AT3G27300	982	1094	1056	1148	885	931
AT3G27310	351	462	374	342	360	307
AT3G27320	217	245	240	270	251	245
AT3G27325	460	527	527	504	387	478
AT3G27329	0	0	0	0	0	0
AT3G27330	86	92	95	58	48	67
AT3G27331	0	0	0	0	0	0
AT3G27340	286	359	262	306	375	306
AT3G27350	168	203	151	209	163	197
AT3G27355	0	0	0	0	0	0
AT3G27360	103	124	102	97	133	110
AT3G27380	1030	1294	1251	798	797	722
AT3G27390	814	1050	813	830	886	795
AT3G27400	12	34	14	32	22	30
AT3G27410	0	0	2	1	0	2
AT3G27415	0	0	0	0	0	1
AT3G27416	0	0	0	0	0	0
AT3G27420	197	225	161	214	284	214
AT3G27425	0	0	0	0	0	0
AT3G27430	1079	1179	1212	1086	939	930
AT3G27440	7	12	3	7	6	2
AT3G27460	96	122	115	101	81	92
AT3G27470	257	299	252	240	292	286
AT3G27473	3	3	4	10	6	6
AT3G27475	0	0	0	0	0	0
AT3G27480	0	0	0	0	0	0
AT3G27490	2	0	0	0	0	4
AT3G27495	0	0	0	0	0	0
AT3G27500	44	66	32	37	38	28
AT3G27503	1	0	0	0	0	1
AT3G27510	4	13	1	16	23	25
AT3G27520	74	66	83	62	88	76
AT3G27530	641	821	755	765	680	730
AT3G27540	25	21	31	17	31	31
AT3G27550	48	78	83	115	86	90
AT3G27555	0	0	0	0	0	0
AT3G27560	296	362	362	270	255	279
AT3G27570	510	551	475	450	478	413
AT3G27580	113	172	117	153	121	136
AT3G27590	3	0	0	1	0	0
AT3G27600	1	2	1	0	0	0
AT3G27610	264	322	310	241	231	241
AT3G27620	5	3	4	8	3	8
AT3G27630	1	6	3	20	4	5
AT3G27640	47	36	50	35	34	29
AT3G27650	30	58	37	50	50	45
AT3G27660	15	10	9	13	10	17
AT3G27670	525	542	616	595	445	557
AT3G27680	0	0	0	0	0	0
AT3G27690	28	34	19	30	34	33
AT3G27700	350	404	410	328	240	311
AT3G27710	1	2	6	0	3	8
AT3G27720	0	0	0	0	1	0
AT3G27730	15	4	8	7	7	16
AT3G27740	698	777	730	717	672	780
AT3G27750	47	48	33	64	74	70
AT3G27770	2608	3324	2816	1831	2373	1606
AT3G27785	0	0	0	0	0	0
AT3G27809	0	0	0	0	0	0
AT3G27810	0	0	0	0	0	0
AT3G27820	754	1023	792	1187	1045	1085
AT3G27825	0	0	0	0	0	0
AT3G27830	1827	1914	1833	1898	1889	1955
AT3G27831	0	0	0	0	0	0
AT3G27835	0	0	0	0	0	0
AT3G27840	0	0	0	0	0	0
AT3G27845	0	0	0	0	0	0
AT3G27850	1789	1818	1617	2001	2239	2037
AT3G27860	1	10	8	4	5	4
AT3G27865	1	1	2	1	6	4
AT3G27870	480	533	495	264	251	251
AT3G27880	110	153	150	92	127	95
AT3G27884	10	6	2	20	17	12
AT3G27890	471	698	596	437	440	386
AT3G27900	5	4	1	3	4	6
AT3G27906	142	201	175	192	238	237
AT3G27910	0	0	0	0	0	0
AT3G27920	1	2	3	3	3	3
AT3G27925	534	644	573	705	652	633
AT3G27930	163	194	157	172	168	162
AT3G27940	2	6	0	1	3	0
AT3G27950	8	11	23	3	7	12
AT3G27960	253	224	242	283	231	252
AT3G27970	0	0	0	1	0	0
AT3G27980	0	0	0	0	0	0
AT3G27990	137	198	141	187	208	218
AT3G27999	0	0	0	0	0	0
AT3G28007	9	14	15	3	0	3
AT3G28020	0	0	0	0	0	0
AT3G28030	290	317	313	312	248	282
AT3G28040	479	463	413	644	594	661
AT3G28050	569	836	582	665	617	675
AT3G28060	0	0	0	0	1	0
AT3G28070	39	78	56	98	90	110
AT3G28080	79	124	88	160	133	121
AT3G28100	272	306	240	253	160	271
AT3G28120	0	0	0	0	0	0
AT3G28130	94	127	97	144	162	176
AT3G28140	63	68	67	75	77	81
AT3G28150	18	13	9	26	32	21
AT3G28155	5	2	8	11	9	9
AT3G28170	0	2	0	3	0	3
AT3G28180	954	1090	1201	733	554	698
AT3G28190	0	0	0	0	0	0
AT3G28193	0	0	0	0	0	0
AT3G28200	366	387	338	413	392	422
AT3G28210	235	369	369	51	65	56
AT3G28216	0	0	0	0	0	0
AT3G28220	31	33	23	14	17	17
AT3G28223	0	0	0	0	0	0
AT3G28230	0	0	0	0	0	0
AT3G28243	0	0	0	0	0	0
AT3G28250	0	0	0	0	0	0
AT3G28270	23	21	14	9	9	14
AT3G28280	0	0	0	0	0	0
AT3G28290	1	0	1	2	1	0
AT3G28291	0	0	0	0	0	0
AT3G28300	0	0	0	0	0	0
AT3G28310	1	6	2	8	9	2
AT3G28320	0	0	0	0	0	1
AT3G28330	1	0	0	1	0	3
AT3G28335	2	1	0	0	0	0
AT3G28340	174	199	244	47	74	54
AT3G28345	340	318	353	582	410	473
AT3G28360	0	0	0	0	0	0
AT3G28370	113	114	95	132	145	167
AT3G28380	0	0	3	5	1	0
AT3G28390	0	0	0	0	0	0
AT3G28410	0	0	0	0	0	0
AT3G28415	0	0	0	0	0	0
AT3G28420	2	5	1	2	1	2
AT3G28430	299	311	276	332	273	305
AT3G28450	473	528	552	334	223	307
AT3G28455	17	16	17	27	24	32
AT3G28460	279	248	248	293	258	311
AT3G28470	0	0	0	0	0	1
AT3G28480	326	399	456	238	276	218
AT3G28490	0	0	0	0	0	0
AT3G28500	0	0	3	1	5	2
AT3G28510	52	196	199	25	104	51
AT3G28520	0	0	0	0	0	0
AT3G28530	0	0	0	0	0	0
AT3G28540	26	41	35	16	24	37
AT3G28550	312	172	565	419	235	283
AT3G28560	4	1	1	2	3	1
AT3G28570	1	0	0	0	2	1
AT3G28580	230	363	470	24	35	34
AT3G28590	0	0	0	0	0	0
AT3G28600	2	2	1	0	0	0
AT3G28610	0	0	0	0	1	1
AT3G28620	7	10	9	10	12	8
AT3G28630	4	6	6	14	13	13
AT3G28635	3	11	6	7	12	12
AT3G28640	28	40	45	50	24	40
AT3G28650	32	53	20	68	71	45
AT3G28660	38	32	15	46	23	39
AT3G28670	243	275	287	273	284	240
AT3G28674	0	0	0	0	0	0
AT3G28680	0	0	0	0	0	0
AT3G28685	0	0	0	0	0	0
AT3G28690	774	1043	985	967	847	864
AT3G28695	0	0	0	0	0	0
AT3G28700	158	130	137	180	178	186
AT3G28710	1555	1806	1655	1667	1598	1495
AT3G28715	984	1115	1056	1017	927	915
AT3G28720	344	328	331	391	285	385
AT3G28730	702	822	755	829	719	848
AT3G28740	2807	3629	3482	1233	1698	1008
AT3G28750	10	2	15	13	16	14
AT3G28760	61	56	65	94	75	79
AT3G28770	11	12	16	14	10	9
AT3G28780	0	0	0	0	0	0
AT3G28785	0	0	0	0	0	0
AT3G28790	0	0	0	0	0	0
AT3G28810	0	0	0	0	0	0
AT3G28820	0	0	0	0	0	0
AT3G28830	0	0	0	0	0	0
AT3G28840	1	0	1	0	0	2
AT3G28850	199	209	236	73	74	78
AT3G28853	0	0	0	0	0	0
AT3G28857	7	3	3	4	2	4
AT3G28860	1657	1682	1609	2129	1440	2139
AT3G28870	0	0	0	0	0	0
AT3G28875	6	3	9	5	4	6
AT3G28880	22	20	22	36	32	30
AT3G28890	11	12	9	3	4	2
AT3G28899	0	0	0	0	0	0
AT3G28900	559	645	609	571	729	618
AT3G28910	685	792	745	659	511	538
AT3G28917	0	1	0	1	2	1
AT3G28918	0	0	0	0	0	0
AT3G28920	397	371	339	447	386	427
AT3G28922	0	0	0	0	0	0
AT3G28925	0	1	0	0	0	0
AT3G28930	1233	1863	1811	263	343	294
AT3G28940	3315	5062	3864	2521	2568	2482
AT3G28950	290	372	311	297	301	298
AT3G28956	58	68	72	62	63	53
AT3G28958	0	0	0	1	2	0
AT3G28960	12	25	9	18	10	12
AT3G28970	234	265	238	260	280	243
AT3G28980	0	0	0	0	0	0
AT3G28990	0	0	0	0	0	0
AT3G29000	38	58	44	7	2	7
AT3G29010	45	57	48	47	54	63
AT3G29020	0	0	0	0	0	0
AT3G29030	40	46	41	58	77	62
AT3G29033	0	0	0	0	0	0
AT3G29034	253	367	388	189	164	198
AT3G29035	389	598	443	392	334	346
AT3G29040	0	0	0	0	0	0
AT3G29050	0	0	0	0	0	0
AT3G29060	0	0	0	0	0	0
AT3G29070	0	0	0	0	0	0
AT3G29075	279	389	339	247	239	228
AT3G29080	0	1	0	0	0	0
AT3G29090	209	279	232	274	291	254
AT3G29095	0	0	0	0	0	0
AT3G29100	76	108	101	89	98	96
AT3G29110	0	0	0	0	0	0
AT3G29130	120	166	118	165	156	142
AT3G29140	8	12	11	10	24	15
AT3G29152	0	0	0	0	0	0
AT3G29160	526	630	582	490	458	476
AT3G29170	287	318	296	231	226	213
AT3G29173	5	4	2	8	10	8
AT3G29180	527	628	600	629	553	643
AT3G29185	570	624	505	706	779	688
AT3G29190	5	3	0	0	0	0
AT3G29200	486	565	517	353	328	384
AT3G29230	125	138	140	160	125	172
AT3G29240	1243	1710	1432	1333	1450	1322
AT3G29250	42	29	48	69	63	54
AT3G29255	0	0	0	0	0	1
AT3G29260	0	2	0	0	0	0
AT3G29270	207	280	246	242	206	209
AT3G29280	34	31	33	50	50	38
AT3G29290	265	254	242	345	279	284
AT3G29300	0	0	2	0	2	1
AT3G29305	0	0	0	0	0	0
AT3G29310	279	361	330	290	275	282
AT3G29320	1449	1394	1361	2459	1771	2104
AT3G29330	42	76	50	61	71	58
AT3G29340	0	0	0	1	0	1
AT3G29350	324	394	353	302	325	281
AT3G29360	1419	1504	1454	1351	947	1213
AT3G29370	15	26	17	38	33	16
AT3G29375	107	193	118	202	199	206
AT3G29380	0	0	0	0	0	0
AT3G29385	0	0	0	0	0	0
AT3G29390	871	1059	920	1068	987	1068
AT3G29400	320	404	336	162	168	167
AT3G29410	3	4	3	7	47	17
AT3G29430	0	0	0	0	0	0
AT3G29450	0	0	0	0	0	0
AT3G29455	0	0	0	0	0	0
AT3G29560	0	0	0	0	0	0
AT3G29570	0	0	0	0	0	0
AT3G29575	87	123	109	72	69	78
AT3G29580	0	0	0	4	0	0
AT3G29590	0	0	0	0	0	0
AT3G29630	1	2	2	7	9	11
AT3G29631	0	0	0	0	0	0
AT3G29633	0	0	4	3	5	1
AT3G29635	0	0	0	1	1	1
AT3G29636	0	0	0	0	0	0
AT3G29637	0	0	0	0	0	0
AT3G29638	1	0	0	2	0	0
AT3G29639	0	1	1	1	2	2
AT3G29644	44	54	61	59	72	81
AT3G29645	0	0	0	0	0	0
AT3G29670	22	32	48	39	9	26
AT3G29680	8	9	11	11	7	12
AT3G29690	0	0	0	0	0	0
AT3G29720	0	0	0	0	0	0
AT3G29740	0	0	0	0	0	0
AT3G29750	0	0	0	0	0	0
AT3G29760	138	194	146	217	164	172
AT3G29763	0	0	0	0	0	0
AT3G29765	0	0	0	0	0	0
AT3G29770	108	124	123	105	83	88
AT3G29780	2	0	0	16	19	15
AT3G29785	0	0	0	0	0	0
AT3G29790	0	0	0	0	0	0
AT3G29791	0	0	0	0	0	0
AT3G29794	0	0	0	0	0	0
AT3G29796	0	0	0	0	0	0
AT3G29797	0	0	0	0	0	0
AT3G29800	0	0	0	0	0	0
AT3G29810	163	180	187	128	98	149
AT3G29830	0	0	0	0	0	0
AT3G29970	38	86	72	0	3	0
AT3G30160	0	0	0	0	0	0
AT3G30165	0	0	0	0	0	0
AT3G30180	258	296	231	314	215	229
AT3G30200	0	0	0	0	0	0
AT3G30210	0	0	0	0	0	0
AT3G30220	0	0	0	0	0	0
AT3G30222	0	0	0	0	0	0
AT3G30230	0	0	0	0	0	0
AT3G30235	0	0	0	0	0	0
AT3G30247	0	0	0	0	0	0
AT3G30260	0	0	0	0	0	0
AT3G30280	0	0	0	0	0	0
AT3G30290	0	0	0	0	0	0
AT3G30300	310	377	309	463	422	471
AT3G30305	0	3	1	1	0	0
AT3G30320	0	0	0	0	0	0
AT3G30340	5	23	14	7	13	9
AT3G30345	0	0	0	0	0	0
AT3G30350	0	0	2	1	3	4
AT3G30370	0	0	0	0	0	0
AT3G30380	218	251	226	222	194	206
AT3G30383	0	0	0	0	0	0
AT3G30385	0	0	0	0	0	0
AT3G30387	0	0	0	0	0	0
AT3G30390	3111	3919	3806	3079	2495	2639
AT3G30430	0	0	0	0	0	0
AT3G30460	0	0	0	0	2	3
AT3G30520	0	0	0	0	0	0
AT3G30525	0	0	0	0	0	0
AT3G30530	0	0	1	0	0	0
AT3G30540	0	0	0	0	0	0
AT3G30580	0	0	0	0	0	1
AT3G30705	0	0	0	0	0	0
AT3G30720	16	26	5	26	21	20
AT3G30725	0	0	0	0	0	0
AT3G30730	0	0	0	0	0	1
AT3G30739	0	0	0	0	0	2
AT3G30770	4	3	3	1	1	4
AT3G30775	9443	10920	11089	3410	7156	3310
AT3G30805	0	0	0	0	0	0
AT3G30820	0	0	0	0	0	0
AT3G30823	0	0	0	0	0	0
AT3G30840	0	0	0	0	0	0
AT3G30841	79	131	98	108	97	83
AT3G30842	4	7	4	10	4	6
AT3G30845	0	0	0	0	0	0
AT3G31350	0	0	0	0	0	0
AT3G31402	0	0	0	0	0	0
AT3G31430	0	0	0	0	0	0
AT3G31550	0	0	0	0	0	0
AT3G31560	0	0	0	0	0	0
AT3G31900	0	0	0	0	0	0
AT3G31910	0	0	0	0	2	0
AT3G31925	0	0	0	0	0	0
AT3G31950	0	0	0	0	0	0
AT3G32030	2	2	2	18	15	18
AT3G32040	2	2	0	8	12	14
AT3G32047	2	1	3	8	1	6
AT3G32050	0	0	0	0	0	0
AT3G32090	0	0	0	0	0	0
AT3G32130	0	0	0	0	0	0
AT3G32150	0	0	0	0	0	0
AT3G32160	0	0	0	0	0	0
AT3G32180	0	0	0	0	0	0
AT3G32190	0	0	0	0	0	0
AT3G32200	0	0	0	0	0	0
AT3G32260	0	0	0	0	0	0
AT3G32280	0	0	0	0	0	0
AT3G32330	0	0	0	0	0	0
AT3G32380	0	0	0	0	0	0
AT3G32400	0	0	0	0	0	0
AT3G32410	0	0	0	0	0	0
AT3G32420	0	0	0	0	0	0
AT3G32896	0	0	0	0	0	0
AT3G32904	0	0	0	0	0	0
AT3G32920	14	13	7	13	11	27
AT3G32930	621	733	645	772	745	712
AT3G32940	380	461	410	401	313	377
AT3G32960	0	0	0	0	0	0
AT3G32980	1353	1455	1650	1535	1307	1216
AT3G33187	0	0	0	0	0	0
AT3G33293	0	0	0	0	0	0
AT3G33393	0	0	0	0	0	0
AT3G33494	0	0	0	0	0	0
AT3G33520	413	377	378	370	463	412
AT3G33528	7	12	3	12	14	11
AT3G33530	1259	1394	1240	1362	1003	1259
AT3G36659	0	0	3	0	0	0
AT3G41761	0	0	0	0	0	0
AT3G41762	0	0	0	0	2	0
AT3G41768	1075	1931	1331	705	1056	690
AT3G41979	0	0	0	0	0	0
AT3G42050	3526	3849	4018	3458	3125	3195
AT3G42060	0	0	0	0	0	0
AT3G42075	0	0	0	0	0	0
AT3G42130	0	0	0	0	0	0
AT3G42140	0	0	0	0	0	0
AT3G42148	0	0	0	0	0	0
AT3G42150	166	200	200	234	239	206
AT3G42153	0	0	0	0	0	0
AT3G42155	0	0	0	0	0	0
AT3G42160	0	0	0	0	0	0
AT3G42170	587	543	589	628	482	675
AT3G42180	44	22	42	10	17	21
AT3G42310	0	0	0	0	0	0
AT3G42390	0	0	0	0	0	0
AT3G42473	0	0	0	0	0	0
AT3G42550	0	0	0	0	0	0
AT3G42560	0	0	0	0	0	0
AT3G42565	0	0	0	0	0	0
AT3G42570	0	2	1	0	0	0
AT3G42628	0	0	0	0	0	0
AT3G42630	248	271	217	279	250	266
AT3G42640	239	300	268	262	241	262
AT3G42660	269	305	280	273	188	287
AT3G42670	100	116	113	172	103	194
AT3G42723	0	0	0	0	0	0
AT3G42725	4	6	2	17	6	10
AT3G42770	0	0	0	0	0	0
AT3G42780	0	0	0	0	0	0
AT3G42786	0	0	0	0	0	0
AT3G42790	840	1060	939	899	928	898
AT3G42800	19	9	20	30	33	29
AT3G42830	0	0	0	0	0	0
AT3G42850	2	3	7	4	5	9
AT3G42860	46	27	33	39	33	43
AT3G42870	0	0	0	0	0	0
AT3G42880	0	0	0	0	0	0
AT3G42940	0	0	0	0	0	0
AT3G42950	220	284	232	265	222	227
AT3G42960	0	0	0	0	0	0
AT3G42990	0	0	0	0	0	0
AT3G42995	0	0	0	0	0	0
AT3G43083	0	0	0	0	0	0
AT3G43110	5	5	2	3	8	3
AT3G43120	0	0	0	0	0	0
AT3G43148	0	0	0	0	0	0
AT3G43150	0	0	0	1	0	0
AT3G43153	0	0	0	0	0	0
AT3G43160	0	0	0	0	0	0
AT3G43170	0	0	0	0	0	0
AT3G43180	0	0	0	0	0	0
AT3G43190	111	118	152	16	58	18
AT3G43210	113	143	137	118	75	99
AT3G43220	478	616	464	565	484	569
AT3G43230	802	983	1063	716	574	593
AT3G43240	489	585	498	457	406	422
AT3G43250	16	29	48	0	0	0
AT3G43260	0	0	0	0	0	0
AT3G43270	112	113	103	107	68	91
AT3G43280	0	0	0	0	0	0
AT3G43290	0	0	0	0	0	0
AT3G43291	0	0	0	0	0	0
AT3G43300	2565	2914	2704	2516	1686	2163
AT3G43340	0	0	0	0	0	0
AT3G43400	0	1	0	1	3	0
AT3G43410	0	0	0	0	0	0
AT3G43415	0	0	0	0	0	0
AT3G43420	0	0	0	0	0	0
AT3G43430	101	146	147	64	47	73
AT3G43432	0	0	0	0	0	0
AT3G43440	135	163	145	162	136	164
AT3G43470	0	0	0	0	0	0
AT3G43480	0	0	0	0	0	0
AT3G43490	0	0	0	0	0	0
AT3G43500	0	0	0	0	0	0
AT3G43503	0	0	0	0	0	0
AT3G43505	0	0	0	0	0	0
AT3G43520	881	1049	922	904	1030	874
AT3G43540	360	391	359	491	540	462
AT3G43550	0	0	0	0	0	0
AT3G43570	0	0	0	0	0	0
AT3G43572	0	0	0	0	0	0
AT3G43574	0	0	0	0	0	0
AT3G43580	10	12	10	20	24	14
AT3G43583	0	0	0	0	0	0
AT3G43590	273	317	323	332	223	302
AT3G43600	664	745	660	823	519	768
AT3G43610	409	418	400	512	332	526
AT3G43630	0	0	0	0	0	1
AT3G43645	0	0	0	0	0	0
AT3G43660	0	0	0	0	0	0
AT3G43670	619	499	499	917	539	920
AT3G43682	0	0	0	0	0	0
AT3G43700	87	94	74	93	93	103
AT3G43710	0	0	0	0	0	0
AT3G43720	459	515	478	494	550	494
AT3G43740	266	316	261	269	288	300
AT3G43750	0	0	0	0	0	0
AT3G43790	61	72	46	103	68	88
AT3G43800	277	369	290	437	480	492
AT3G43810	981	1112	1069	992	1136	1102
AT3G43833	0	0	0	0	0	0
AT3G43837	0	0	0	0	0	0
AT3G43840	6	4	5	5	5	11
AT3G43850	275	341	222	113	195	163
AT3G43860	0	0	0	3	0	0
AT3G43870	0	0	0	0	0	0
AT3G43880	0	0	0	0	0	0
AT3G43890	0	1	0	1	0	1
AT3G43910	0	0	0	0	0	0
AT3G43920	123	156	147	176	112	173
AT3G43930	1	0	1	1	0	1
AT3G43940	0	0	0	0	0	0
AT3G43950	0	0	0	0	0	0
AT3G43960	74	84	58	93	87	73
AT3G43970	0	0	1	0	1	0
AT3G43980	216	262	257	191	294	251
AT3G43990	0	0	0	0	0	0
AT3G44006	0	0	0	0	0	0
AT3G44010	1396	1917	1575	1293	1690	1359
AT3G44020	76	86	59	107	132	96
AT3G44050	50	47	60	95	70	69
AT3G44060	0	0	0	0	0	0
AT3G44070	0	0	0	0	0	0
AT3G44080	0	0	0	0	0	0
AT3G44090	0	0	0	0	0	0
AT3G44100	228	285	275	310	287	271
AT3G44110	3516	4209	4527	2612	2296	2597
AT3G44115	0	0	0	0	0	0
AT3G44120	3	4	3	6	9	4
AT3G44130	0	0	0	0	0	0
AT3G44140	0	0	0	0	0	0
AT3G44150	96	126	86	142	147	138
AT3G44160	169	185	149	173	199	190
AT3G44170	0	0	0	0	0	0
AT3G44180	0	0	0	0	0	0
AT3G44190	567	667	788	395	413	335
AT3G44200	401	445	368	440	360	420
AT3G44210	0	0	0	0	0	0
AT3G44220	1	4	12	11	8	10
AT3G44230	0	0	0	0	0	0
AT3G44235	0	0	0	0	0	0
AT3G44240	0	0	0	0	0	0
AT3G44250	0	0	0	0	0	0
AT3G44260	360	395	311	149	252	284
AT3G44261	0	0	0	0	0	0
AT3G44265	0	0	4	0	0	1
AT3G44280	125	173	108	163	179	127
AT3G44290	2	5	2	9	5	8
AT3G44300	2951	4363	5824	2051	1792	1762
AT3G44310	3979	5229	4508	3376	3205	2885
AT3G44320	95	125	147	105	115	124
AT3G44326	16	15	10	24	22	19
AT3G44330	908	1118	1035	907	833	911
AT3G44340	1672	1601	1655	1501	987	1356
AT3G44350	5	4	3	0	2	1
AT3G44370	172	151	149	169	156	185
AT3G44380	72	67	53	82	80	74
AT3G44400	74	116	148	67	56	62
AT3G44405	0	0	0	0	1	0
AT3G44428	0	0	0	0	0	0
AT3G44430	229	227	227	224	228	249
AT3G44435	0	0	0	0	0	0
AT3G44440	0	0	0	1	1	1
AT3G44444	0	0	0	0	0	1
AT3G44450	1	3	1	3	4	2
AT3G44460	0	0	0	0	0	0
AT3G44480	444	625	602	541	452	474
AT3G44485	0	0	0	0	0	0
AT3G44490	2	0	0	0	0	0
AT3G44510	3	7	5	8	11	18
AT3G44530	232	255	238	287	208	265
AT3G44540	50	48	86	51	53	42
AT3G44550	79	114	122	141	108	83
AT3G44555	0	0	0	0	0	0
AT3G44560	0	0	0	0	0	0
AT3G44570	0	2	0	4	3	1
AT3G44580	0	1	1	0	3	2
AT3G44590	272	300	235	320	330	321
AT3G44600	445	430	501	605	471	470
AT3G44610	32	71	44	61	60	61
AT3G44620	281	319	234	271	260	288
AT3G44630	296	404	447	203	185	231
AT3G44635	0	0	0	0	0	0
AT3G44660	0	0	0	0	0	0
AT3G44665	0	0	0	0	0	0
AT3G44670	511	683	626	533	466	505
AT3G44680	406	453	477	391	423	358
AT3G44690	80	59	86	91	64	89
AT3G44695	6	11	5	10	13	10
AT3G44700	15	13	15	12	18	15
AT3G44703	0	1	0	0	2	0
AT3G44704	0	0	0	0	0	0
AT3G44710	0	0	2	4	1	0
AT3G44713	20	26	18	26	30	33
AT3G44716	5	3	8	11	9	8
AT3G44718	0	0	0	0	0	0
AT3G44720	1038	1488	1707	291	223	277
AT3G44730	57	60	85	90	45	60
AT3G44735	50	68	36	48	53	59
AT3G44740	65	90	92	119	116	103
AT3G44750	393	395	329	488	567	564
AT3G44753	1	1	1	4	2	0
AT3G44755	0	0	0	0	0	0
AT3G44760	0	0	0	0	0	0
AT3G44763	0	0	1	0	0	2
AT3G44765	4	3	2	2	3	6
AT3G44766	0	0	0	0	1	0
AT3G44769	0	1	1	0	0	3
AT3G44770	1	2	12	15	13	9
AT3G44780	0	0	0	0	0	0
AT3G44785	0	0	0	0	0	0
AT3G44790	1	4	1	4	3	4
AT3G44798	79	93	83	77	97	96
AT3G44800	2	0	4	3	8	1
AT3G44805	1	1	1	0	0	0
AT3G44810	0	0	0	0	0	0
AT3G44820	196	207	215	163	154	136
AT3G44830	67	110	176	1	1	0
AT3G44840	0	0	0	0	1	0
AT3G44850	146	151	141	169	148	175
AT3G44860	9	10	25	0	0	0
AT3G44870	0	0	0	0	0	0
AT3G44880	1197	1441	1434	1120	817	919
AT3G44890	1508	1433	1539	1605	1714	1677
AT3G44900	1	5	2	6	3	4
AT3G44910	0	0	0	0	0	0
AT3G44920	0	0	0	0	0	0
AT3G44930	0	0	0	0	0	0
AT3G44935	0	0	0	0	0	0
AT3G44940	17	19	22	44	36	49
AT3G44950	0	0	0	0	0	0
AT3G44955	0	0	0	0	0	0
AT3G44960	4	11	12	16	6	13
AT3G44970	89	160	98	86	60	63
AT3G44980	0	0	0	0	0	0
AT3G44990	53	81	63	228	160	256
AT3G45000	2	0	0	2	0	0
AT3G45010	156	204	157	223	144	162
AT3G45020	44	49	32	45	59	36
AT3G45030	729	787	786	745	925	921
AT3G45040	354	522	546	313	280	288
AT3G45050	196	272	177	240	292	238
AT3G45060	21	20	25	12	12	3
AT3G45070	3	6	0	12	20	15
AT3G45080	0	0	0	2	2	3
AT3G45090	184	218	206	229	197	224
AT3G45093	0	0	0	0	0	1
AT3G45100	289	346	294	301	354	314
AT3G45110	0	0	0	0	0	0
AT3G45130	30	72	79	11	8	15
AT3G45140	53	144	84	142	228	179
AT3G45150	0	0	0	0	0	0
AT3G45160	57	91	86	178	260	223
AT3G45170	0	0	0	0	0	0
AT3G45180	0	0	0	0	1	0
AT3G45190	800	974	947	882	793	899
AT3G45200	0	0	0	0	0	0
AT3G45210	45	42	40	65	34	58
AT3G45220	0	0	0	1	0	0
AT3G45230	60	72	69	93	77	81
AT3G45240	541	641	540	655	635	657
AT3G45243	0	0	0	0	0	0
AT3G45245	0	0	0	0	0	0
AT3G45248	0	0	0	0	0	0
AT3G45252	0	0	0	0	0	0
AT3G45260	259	307	239	247	280	246
AT3G45275	0	0	0	0	0	0
AT3G45280	4	9	2	5	3	6
AT3G45285	0	0	0	0	0	0
AT3G45290	168	311	186	180	196	151
AT3G45300	3713	5238	4407	2256	2390	1970
AT3G45310	619	797	687	653	550	591
AT3G45320	0	0	0	0	0	0
AT3G45330	6	7	9	14	9	18
AT3G45390	3	3	1	5	5	10
AT3G45400	53	88	81	84	59	95
AT3G45410	59	59	62	125	90	139
AT3G45420	40	30	28	51	53	60
AT3G45430	10	8	5	9	8	15
AT3G45440	6	6	12	10	8	19
AT3G45443	86	148	137	153	197	153
AT3G45450	0	2	0	2	0	1
AT3G45460	0	0	0	0	0	0
AT3G45470	0	0	0	0	0	0
AT3G45480	0	0	0	0	0	0
AT3G45490	0	0	0	0	0	0
AT3G45500	0	0	0	0	0	0
AT3G45510	0	0	0	0	0	0
AT3G45525	0	0	0	0	0	0
AT3G45530	15	5	11	8	5	21
AT3G45540	0	0	0	0	0	0
AT3G45555	0	0	0	0	0	0
AT3G45560	0	0	0	0	0	0
AT3G45570	0	0	0	0	0	0
AT3G45577	0	0	0	0	0	0
AT3G45580	0	0	0	0	0	0
AT3G45590	54	58	48	83	76	67
AT3G45600	369	442	359	690	566	588
AT3G45610	8	7	7	16	10	18
AT3G45620	449	623	521	392	403	411
AT3G45630	665	727	703	680	556	631
AT3G45638	6	12	13	8	8	6
AT3G45640	1678	2235	2100	1210	976	1009
AT3G45645	0	0	0	0	0	0
AT3G45650	207	177	214	308	213	291
AT3G45660	10	10	14	10	19	18
AT3G45670	0	0	0	0	0	0
AT3G45673	0	0	0	0	0	0
AT3G45680	5	4	1	16	3	18
AT3G45690	0	0	0	0	0	0
AT3G45700	11	7	4	23	9	11
AT3G45710	57	58	69	209	136	199
AT3G45720	0	0	2	0	0	0
AT3G45730	214	237	235	241	299	201
AT3G45740	190	181	191	188	187	213
AT3G45750	150	164	172	149	145	175
AT3G45760	2	1	0	1	0	1
AT3G45770	613	699	603	726	701	721
AT3G45780	967	1084	859	1773	1201	1560
AT3G45790	0	0	0	0	0	0
AT3G45800	0	0	0	0	0	0
AT3G45810	0	0	0	0	0	0
AT3G45820	0	0	0	0	0	0
AT3G45830	426	504	480	457	346	396
AT3G45840	31	22	38	23	31	31
AT3G45850	496	486	429	725	488	633
AT3G45851	0	0	0	0	0	0
AT3G45860	5	21	9	7	38	2
AT3G45870	3	3	4	9	8	4
AT3G45880	24	40	39	32	36	40
AT3G45890	206	186	200	202	155	193
AT3G45900	100	139	99	130	122	125
AT3G45910	0	0	0	0	0	0
AT3G45920	0	0	0	0	0	0
AT3G45930	172	222	178	179	177	205
AT3G45935	0	0	0	0	0	0
AT3G45940	0	3	2	0	2	0
AT3G45950	0	0	0	0	0	0
AT3G45955	0	0	0	0	0	0
AT3G45960	10	26	16	4	15	6
AT3G45965	0	0	0	0	0	0
AT3G45970	146	183	147	106	219	119
AT3G45980	893	1040	840	980	1244	978
AT3G45990	0	0	0	0	0	0
AT3G46000	1151	1520	1315	1206	1277	1030
AT3G46010	1304	1550	1413	1167	1341	1127
AT3G46020	29	30	35	38	47	41
AT3G46030	1059	1337	1173	1097	1299	1076
AT3G46040	883	1034	891	722	965	834
AT3G46050	0	0	0	0	0	0
AT3G46060	1258	1623	1583	1299	1316	1250
AT3G46070	0	1	2	0	0	0
AT3G46080	176	298	369	8	38	17
AT3G46086	0	0	0	0	0	0
AT3G46090	36	37	38	2	21	5
AT3G46100	561	559	531	588	668	569
AT3G46110	84	118	132	40	40	25
AT3G46120	0	0	0	0	0	0
AT3G46130	78	54	62	182	210	205
AT3G46140	0	0	0	0	1	0
AT3G46150	7	5	3	11	9	8
AT3G46160	0	0	0	0	0	0
AT3G46170	2	0	0	1	0	0
AT3G46180	115	162	114	171	194	152
AT3G46190	5	15	21	8	11	16
AT3G46200	65	63	63	98	91	67
AT3G46210	131	160	125	157	193	176
AT3G46220	303	297	315	321	233	280
AT3G46230	12	6	6	0	2	4
AT3G46240	0	0	0	0	1	0
AT3G46260	1	1	2	0	2	0
AT3G46270	1	0	2	4	11	4
AT3G46280	1673	1488	1880	853	543	1278
AT3G46290	317	366	400	397	254	333
AT3G46300	1	0	0	0	0	0
AT3G46310	0	1	0	1	0	0
AT3G46320	215	201	174	178	215	170
AT3G46330	23	22	22	29	15	27
AT3G46340	0	1	1	0	0	0
AT3G46350	0	0	0	0	0	0
AT3G46355	0	0	0	0	0	0
AT3G46360	0	0	0	0	0	0
AT3G46370	1	0	0	0	3	2
AT3G46380	0	0	0	0	0	0
AT3G46390	0	0	0	0	0	0
AT3G46400	0	0	1	4	0	4
AT3G46410	0	0	0	0	0	0
AT3G46420	0	0	0	0	0	0
AT3G46430	499	709	596	623	716	618
AT3G46440	514	639	643	504	491	497
AT3G46450	249	308	246	269	201	247
AT3G46460	205	271	210	232	241	215
AT3G46470	0	0	0	1	0	0
AT3G46480	2	6	2	8	1	7
AT3G46490	84	82	63	122	97	104
AT3G46500	15	13	13	15	20	20
AT3G46510	914	1258	1128	944	875	838
AT3G46520	0	1	3	0	0	1
AT3G46530	560	680	641	798	585	593
AT3G46540	221	297	247	243	177	237
AT3G46550	206	252	195	248	288	288
AT3G46560	404	517	433	378	478	455
AT3G46565	0	0	0	0	0	0
AT3G46570	0	0	0	0	0	0
AT3G46580	80	96	76	82	111	127
AT3G46585	0	0	0	0	0	0
AT3G46590	963	1281	1026	1130	1098	989
AT3G46600	1887	2265	1964	1348	1278	1344
AT3G46610	276	295	281	319	269	313
AT3G46613	0	0	0	0	0	0
AT3G46614	4	1	0	2	1	1
AT3G46616	1	2	0	1	0	1
AT3G46617	3	1	0	2	0	0
AT3G46620	636	726	676	362	354	393
AT3G46630	286	286	249	327	407	290
AT3G46640	928	1074	868	1227	1154	980
AT3G46650	1	3	7	3	6	4
AT3G46658	2	4	2	0	0	3
AT3G46660	0	0	0	0	0	0
AT3G46666	0	0	0	0	0	0
AT3G46668	32	48	42	39	53	47
AT3G46670	0	0	0	0	0	0
AT3G46680	10	12	8	5	5	6
AT3G46690	394	402	472	227	254	269
AT3G46700	92	81	84	132	150	163
AT3G46710	3	3	2	0	3	1
AT3G46720	5	8	8	15	23	48
AT3G46730	16	13	16	12	10	16
AT3G46735	0	3	0	2	0	0
AT3G46740	1450	1433	1489	1691	1606	1819
AT3G46750	0	0	0	0	0	0
AT3G46760	0	0	1	1	0	4
AT3G46770	0	0	0	0	0	0
AT3G46780	2210	2261	2266	3399	3356	2920
AT3G46790	174	172	191	205	176	195
AT3G46800	0	0	0	1	0	2
AT3G46810	1	1	0	1	4	9
AT3G46820	562	572	559	584	515	486
AT3G46830	479	620	523	574	571	525
AT3G46840	0	0	0	0	0	0
AT3G46845	97	103	103	97	146	115
AT3G46850	0	0	0	0	0	0
AT3G46860	0	0	0	0	0	0
AT3G46870	42	41	32	61	57	64
AT3G46875	0	0	0	0	0	0
AT3G46880	0	0	2	3	9	2
AT3G46890	1	2	2	0	4	2
AT3G46900	48	82	68	80	124	104
AT3G46910	4	0	3	0	0	0
AT3G46920	182	208	174	182	133	187
AT3G46930	264	351	397	117	107	131
AT3G46940	156	140	131	139	128	149
AT3G46950	30	16	38	54	56	45
AT3G46960	444	534	499	608	465	606
AT3G46970	1376	1481	1412	2330	1774	2192
AT3G46980	314	329	340	399	339	358
AT3G46990	21	20	21	19	23	31
AT3G47000	538	640	616	525	533	510
AT3G47010	137	183	193	175	159	146
AT3G47020	0	0	1	0	0	0
AT3G47030	3	0	1	5	3	0
AT3G47040	11	23	23	18	15	23
AT3G47050	2	4	10	7	5	3
AT3G47060	368	410	406	343	240	312
AT3G47070	1011	1138	850	1316	1662	1321
AT3G47080	192	214	227	186	210	190
AT3G47090	22	30	23	7	10	13
AT3G47100	3	2	6	5	4	3
AT3G47110	28	35	29	55	35	37
AT3G47120	203	206	201	218	193	199
AT3G47130	0	0	0	0	1	1
AT3G47140	0	0	0	0	0	0
AT3G47150	0	0	0	0	0	0
AT3G47160	464	783	506	691	693	628
AT3G47170	0	0	0	0	0	0
AT3G47180	4	3	0	4	0	1
AT3G47190	0	0	0	0	0	0
AT3G47200	15	9	16	18	25	23
AT3G47210	41	36	68	41	26	30
AT3G47220	3	3	4	7	8	17
AT3G47250	1431	1778	1522	1068	987	848
AT3G47290	471	638	554	554	565	504
AT3G47295	50	48	59	51	68	60
AT3G47300	80	101	85	104	86	85
AT3G47340	4296	4908	4849	1413	2689	1317
AT3G47341	0	0	0	0	0	0
AT3G47342	3	4	0	0	1	1
AT3G47347	9	8	10	5	7	12
AT3G47348	62	86	82	64	88	81
AT3G47350	1870	2201	2053	2176	2413	2270
AT3G47360	45	97	75	76	99	88
AT3G47370	771	967	893	754	847	894
AT3G47380	87	83	91	14	10	20
AT3G47390	308	342	305	313	306	375
AT3G47400	5	5	10	17	5	10
AT3G47410	0	0	0	0	0	0
AT3G47420	257	434	358	152	119	110
AT3G47430	42	57	57	109	114	107
AT3G47440	0	0	0	0	0	0
AT3G47450	432	398	406	531	506	562
AT3G47460	153	181	204	217	118	195
AT3G47470	10172	13481	11513	16287	20215	12294
AT3G47480	99	200	201	43	55	50
AT3G47490	253	308	261	275	333	300
AT3G47500	34	33	35	65	35	50
AT3G47510	66	83	67	102	65	90
AT3G47520	1267	1304	1255	1159	1088	1114
AT3G47530	73	87	71	50	51	44
AT3G47540	206	423	557	9	19	12
AT3G47550	595	740	819	457	439	360
AT3G47560	223	200	173	223	207	258
AT3G47570	503	625	621	371	392	355
AT3G47580	9	3	4	14	7	10
AT3G47590	231	287	259	238	231	224
AT3G47600	151	236	178	176	188	187
AT3G47610	337	412	406	389	420	386
AT3G47620	721	800	663	980	814	1012
AT3G47630	136	176	137	164	154	143
AT3G47640	105	219	178	198	256	168
AT3G47650	1288	1315	1225	1418	1655	1481
AT3G47660	4	2	0	7	5	2
AT3G47670	237	290	240	222	211	190
AT3G47675	129	204	151	141	173	134
AT3G47680	310	411	347	374	376	348
AT3G47690	71	69	69	79	82	81
AT3G47700	118	142	158	136	136	121
AT3G47710	0	0	0	0	0	0
AT3G47720	6	10	18	0	2	0
AT3G47730	934	1136	1272	811	652	783
AT3G47740	5	6	10	1	4	2
AT3G47750	36	49	40	63	40	38
AT3G47760	4	0	0	4	0	3
AT3G47770	0	0	2	0	6	4
AT3G47780	264	308	326	188	142	192
AT3G47790	81	83	78	174	175	209
AT3G47800	2545	3029	3166	1448	1572	1318
AT3G47810	1017	1327	1075	1006	1047	975
AT3G47820	191	251	227	110	117	112
AT3G47830	10	16	14	10	7	12
AT3G47833	210	340	303	234	281	192
AT3G47836	262	338	288	267	329	296
AT3G47840	35	33	33	24	13	21
AT3G47850	295	360	308	268	288	264
AT3G47860	721	764	670	922	824	927
AT3G47870	0	0	4	1	0	1
AT3G47890	749	888	884	842	678	884
AT3G47910	938	1080	1057	1158	672	1031
AT3G47920	0	0	0	0	0	0
AT3G47930	598	547	603	513	409	520
AT3G47940	108	152	153	129	115	129
AT3G47950	55	65	60	84	83	71
AT3G47960	163	143	154	164	103	145
AT3G47965	126	200	131	152	185	117
AT3G47980	27	28	35	36	66	55
AT3G47990	423	530	519	453	461	434
AT3G48000	5084	6170	6148	3926	3340	3405
AT3G48010	0	0	0	0	4	0
AT3G48020	42	71	68	29	32	25
AT3G48030	224	304	230	204	247	217
AT3G48040	69	109	106	115	100	101
AT3G48050	1133	1260	1232	1093	853	1089
AT3G48057	0	0	0	0	0	0
AT3G48060	370	446	396	409	321	385
AT3G48070	351	360	362	330	290	325
AT3G48080	36	58	65	60	55	57
AT3G48090	333	374	421	274	236	253
AT3G48100	26	44	46	155	163	154
AT3G48110	752	831	872	965	844	992
AT3G48115	374	474	401	564	618	511
AT3G48120	247	295	260	265	283	264
AT3G48131	2	0	0	0	2	4
AT3G48140	3961	5371	4444	3414	4507	3098
AT3G48150	93	100	104	101	89	114
AT3G48160	36	29	24	36	27	26
AT3G48170	1416	1714	1562	1502	1335	1286
AT3G48180	47	72	84	25	36	27
AT3G48185	37	21	25	38	31	43
AT3G48187	13	9	17	22	3	20
AT3G48190	436	600	471	622	405	570
AT3G48195	319	435	413	340	300	339
AT3G48200	388	366	395	761	698	757
AT3G48201	2	0	0	0	1	0
AT3G48205	0	0	0	0	0	0
AT3G48208	0	0	0	0	0	0
AT3G48209	0	0	0	0	0	0
AT3G48210	132	135	127	171	107	132
AT3G48220	0	0	0	0	0	0
AT3G48230	0	0	0	0	0	0
AT3G48231	0	1	0	0	0	0
AT3G48240	2	0	2	1	1	2
AT3G48250	62	63	60	74	85	81
AT3G48260	21	17	4	30	34	44
AT3G48270	0	0	0	0	0	0
AT3G48275	0	0	0	0	0	0
AT3G48280	10	10	10	16	30	15
AT3G48290	0	0	0	1	0	2
AT3G48298	0	0	0	0	0	0
AT3G48300	0	1	0	2	1	4
AT3G48310	524	591	543	226	228	225
AT3G48320	73	62	58	71	52	42
AT3G48330	166	223	215	224	256	208
AT3G48340	8	5	16	48	30	32
AT3G48343	0	0	0	0	0	0
AT3G48344	0	0	0	1	0	1
AT3G48346	0	0	0	0	0	1
AT3G48350	22	33	25	31	40	36
AT3G48360	12645	15020	11995	11290	11035	12209
AT3G48380	1104	1230	1279	810	708	717
AT3G48390	215	247	215	165	184	184
AT3G48400	0	0	0	0	0	0
AT3G48410	70	73	63	97	85	100
AT3G48420	346	333	329	430	483	401
AT3G48425	58	69	67	75	74	91
AT3G48430	360	407	406	500	342	448
AT3G48440	77	108	79	90	85	106
AT3G48450	360	547	501	50	56	38
AT3G48460	18	22	12	25	16	17
AT3G48470	42	72	57	65	60	77
AT3G48475	0	0	0	0	0	0
AT3G48480	11	13	10	20	25	18
AT3G48490	98	177	84	94	95	73
AT3G48500	658	646	641	885	816	938
AT3G48510	3	2	1	3	4	7
AT3G48515	0	0	0	0	0	0
AT3G48520	65	68	104	12	18	20
AT3G48530	2260	3012	2376	2564	2605	2220
AT3G48540	15	24	12	17	17	14
AT3G48550	21	30	20	31	36	30
AT3G48560	3122	3368	3244	3582	3191	3338
AT3G48570	168	197	183	131	135	141
AT3G48580	48	60	40	32	26	18
AT3G48590	278	347	271	319	375	287
AT3G48600	40	40	13	28	41	24
AT3G48610	104	125	91	129	121	141
AT3G48620	0	0	0	0	0	0
AT3G48630	6	17	32	0	1	1
AT3G48640	32	66	133	0	19	3
AT3G48660	7	8	5	2	4	10
AT3G48670	264	255	274	334	309	345
AT3G48675	0	0	0	0	0	0
AT3G48680	539	698	631	617	668	609
AT3G48690	1141	1303	1316	700	701	769
AT3G48700	12	3	5	6	13	20
AT3G48710	209	303	296	316	249	301
AT3G48720	348	417	315	448	480	382
AT3G48730	1275	1153	1256	1434	1311	1443
AT3G48740	828	936	976	1288	745	1032
AT3G48745	0	0	0	0	0	0
AT3G48750	578	795	702	674	590	606
AT3G48760	1160	1585	1350	839	931	825
AT3G48770	1	3	1	4	3	6
AT3G48780	1216	1464	1588	949	932	830
AT3G48790	6	5	8	2	1	1
AT3G48800	108	97	89	116	122	124
AT3G48810	62	57	47	94	43	92
AT3G48820	204	254	210	236	194	210
AT3G48830	37	25	29	59	52	57
AT3G48835	6	1	2	3	2	1
AT3G48840	6	5	10	4	4	6
AT3G48850	162	221	282	30	22	33
AT3G48860	696	774	804	626	562	570
AT3G48870	1670	1860	1970	1840	1330	1855
AT3G48880	332	380	345	255	322	271
AT3G48890	1519	2256	2244	818	783	772
AT3G48900	29	36	23	25	44	55
AT3G48920	43	49	65	99	122	148
AT3G48930	2464	2896	2754	2102	2430	2557
AT3G48940	2	1	1	5	3	2
AT3G48950	0	0	0	0	0	0
AT3G48960	0	0	0	0	0	0
AT3G48970	15	37	23	76	52	59
AT3G48980	95	117	104	107	104	120
AT3G48990	13263	15279	16277	10558	8835	8928
AT3G49000	149	181	158	203	181	180
AT3G49010	3236	3291	3465	2713	3332	3371
AT3G49020	1	0	0	0	0	0
AT3G49030	0	0	0	0	0	0
AT3G49040	0	0	0	0	0	0
AT3G49045	0	0	0	0	0	0
AT3G49050	244	338	290	281	258	244
AT3G49055	1	3	10	4	4	5
AT3G49060	336	378	400	287	230	320
AT3G49070	3	6	9	10	4	6
AT3G49080	358	379	331	373	377	370
AT3G49100	195	297	218	227	211	176
AT3G49110	933	1560	1469	265	188	175
AT3G49115	0	0	0	0	0	0
AT3G49120	3281	3809	5213	2083	1137	1914
AT3G49130	18	34	43	2	2	2
AT3G49140	902	1032	865	1145	1215	1186
AT3G49142	38	45	25	35	35	34
AT3G49150	0	0	0	0	0	0
AT3G49155	1	0	4	1	3	0
AT3G49160	75	68	125	31	35	44
AT3G49170	89	66	64	103	85	72
AT3G49180	151	187	158	173	172	199
AT3G49190	3	0	4	6	0	2
AT3G49200	3	2	0	0	0	0
AT3G49210	442	512	459	363	277	371
AT3G49220	722	824	698	1067	906	1043
AT3G49230	0	0	0	0	0	0
AT3G49240	0	0	0	0	0	0
AT3G49250	60	72	81	95	86	108
AT3G49260	367	426	375	460	404	494
AT3G49270	0	0	0	0	0	0
AT3G49290	116	128	104	157	179	160
AT3G49300	0	0	0	0	0	0
AT3G49305	0	0	0	0	0	0
AT3G49307	0	0	0	0	0	0
AT3G49310	274	350	285	335	297	261
AT3G49320	44	38	49	67	52	58
AT3G49330	13	8	10	10	17	7
AT3G49340	0	0	0	0	0	0
AT3G49350	261	275	333	185	191	201
AT3G49360	124	143	125	183	190	158
AT3G49370	48	61	72	63	32	36
AT3G49380	5	10	6	9	6	6
AT3G49390	553	667	637	489	425	458
AT3G49400	64	65	80	107	86	91
AT3G49410	30	28	31	42	47	51
AT3G49420	56	50	59	53	55	52
AT3G49430	819	977	874	876	1005	932
AT3G49440	0	0	0	0	0	0
AT3G49450	0	0	0	0	0	0
AT3G49460	0	0	0	0	0	0
AT3G49470	525	616	537	566	695	607
AT3G49480	1	2	2	2	0	1
AT3G49490	1000	1209	1214	1040	994	1020
AT3G49500	381	395	334	486	352	490
AT3G49510	6	11	7	8	12	9
AT3G49520	0	1	1	0	0	0
AT3G49530	742	855	950	386	405	373
AT3G49540	10	1	14	0	0	1
AT3G49550	92	113	104	113	96	96
AT3G49551	7	10	10	14	12	16
AT3G49560	952	1171	1074	1003	1072	947
AT3G49570	4	42	26	2	19	9
AT3G49580	23	50	73	6	19	12
AT3G49590	526	617	589	500	488	484
AT3G49600	400	424	397	403	347	369
AT3G49601	905	1120	1054	911	869	771
AT3G49610	0	0	0	0	0	0
AT3G49620	3748	4617	6474	130	100	100
AT3G49630	6	2	2	1	2	1
AT3G49640	151	186	176	137	189	172
AT3G49645	128	158	146	157	170	120
AT3G49650	74	68	65	96	97	101
AT3G49660	45	32	37	53	59	63
AT3G49668	0	0	0	0	0	0
AT3G49670	448	448	400	948	748	813
AT3G49680	609	698	757	704	679	719
AT3G49690	3	6	4	6	3	3
AT3G49700	0	0	0	2	0	0
AT3G49710	20	25	25	23	26	41
AT3G49720	899	873	885	884	852	859
AT3G49725	138	118	114	172	138	157
AT3G49730	53	51	53	75	52	76
AT3G49740	0	0	0	0	0	0
AT3G49744	0	0	0	0	0	0
AT3G49750	6	5	3	14	18	19
AT3G49760	1	1	3	0	2	4
AT3G49770	0	0	0	0	0	0
AT3G49780	230	260	297	294	306	331
AT3G49790	1680	2058	1775	1362	1546	1379
AT3G49796	0	2	1	2	1	0
AT3G49800	641	800	766	619	544	521
AT3G49810	252	294	238	244	186	229
AT3G49820	1	1	3	0	1	1
AT3G49830	10	11	10	12	7	10
AT3G49840	62	69	55	75	81	88
AT3G49845	121	120	136	38	51	49
AT3G49850	145	221	157	167	157	153
AT3G49860	11	18	14	17	24	21
AT3G49870	626	805	693	708	818	684
AT3G49880	154	175	140	164	134	177
AT3G49890	70	61	67	84	93	95
AT3G49900	43	43	57	66	43	68
AT3G49910	4312	4955	4557	3871	4670	4471
AT3G49920	38	56	42	52	52	64
AT3G49925	0	0	0	0	0	0
AT3G49930	2	4	9	8	9	6
AT3G49940	1604	1705	1440	2448	2048	2233
AT3G49950	22	10	18	18	26	39
AT3G49960	20	10	30	22	14	10
AT3G49970	48	65	67	142	87	115
AT3G49980	0	3	1	13	8	7
AT3G49990	536	562	505	574	513	519
AT3G50000	1282	1539	1460	1359	1272	1293
AT3G50010	31	37	39	55	50	64
AT3G50020	0	0	0	0	0	0
AT3G50030	4	12	9	2	2	5
AT3G50040	19	20	17	24	26	39
AT3G50050	105	104	101	117	101	104
AT3G50060	180	182	180	91	115	87
AT3G50070	113	116	149	163	135	151
AT3G50080	195	234	210	237	211	191
AT3G50090	0	0	0	0	0	0
AT3G50100	38	35	42	42	49	69
AT3G50110	102	100	88	107	60	86
AT3G50120	23	23	15	26	29	36
AT3G50123	0	0	0	0	0	0
AT3G50130	0	0	1	4	5	0
AT3G50140	51	72	63	22	52	32
AT3G50150	3	0	0	4	1	0
AT3G50160	1	2	0	0	0	4
AT3G50170	0	1	0	0	2	1
AT3G50180	0	0	0	0	0	0
AT3G50190	18	29	17	4	10	21
AT3G50200	5	8	13	5	5	6
AT3G50210	467	615	446	530	514	488
AT3G50220	2	2	3	2	5	4
AT3G50230	6	0	6	4	6	10
AT3G50240	254	256	217	358	341	396
AT3G50250	0	0	0	0	0	0
AT3G50260	245	370	412	147	120	113
AT3G50270	190	208	164	144	173	211
AT3G50280	15	23	9	15	8	19
AT3G50290	2	0	1	0	1	0
AT3G50300	9	6	2	15	17	16
AT3G50310	8	2	15	5	3	9
AT3G50320	0	0	0	0	0	0
AT3G50330	3	5	0	3	0	3
AT3G50340	87	127	95	143	114	153
AT3G50350	70	55	61	125	156	99
AT3G50360	399	540	501	392	393	385
AT3G50370	2398	2610	2790	2743	1461	2479
AT3G50373	0	0	0	0	0	0
AT3G50380	728	823	812	938	605	812
AT3G50390	0	1	2	1	0	3
AT3G50400	26	31	40	37	28	29
AT3G50410	25	26	22	28	19	29
AT3G50420	28	34	44	28	28	63
AT3G50430	218	260	226	249	211	206
AT3G50440	211	312	191	319	423	277
AT3G50450	2	4	2	8	3	2
AT3G50460	7	12	14	23	23	19
AT3G50470	44	86	72	48	62	50
AT3G50480	2870	3870	3556	1446	1513	1147
AT3G50500	2635	3285	2803	2888	2827	2749
AT3G50505	0	0	0	0	0	0
AT3G50510	0	0	0	1	0	0
AT3G50520	254	375	312	226	252	241
AT3G50530	637	768	607	798	610	766
AT3G50540	0	1	0	0	0	0
AT3G50550	243	360	290	226	276	214
AT3G50560	141	198	158	130	224	133
AT3G50570	47	42	19	24	24	49
AT3G50580	0	0	0	0	0	0
AT3G50590	1606	1727	1683	1594	1202	1565
AT3G50610	0	0	0	0	0	0
AT3G50620	68	58	67	68	56	67
AT3G50630	175	203	157	224	177	201
AT3G50640	1	3	16	13	18	23
AT3G50650	218	297	214	184	210	167
AT3G50660	293	365	282	311	237	314
AT3G50665	0	0	0	0	0	0
AT3G50670	1668	1903	1714	1885	1873	1836
AT3G50685	225	251	241	349	435	380
AT3G50690	844	980	849	936	878	891
AT3G50700	266	336	289	437	407	483
AT3G50710	0	0	0	0	5	1
AT3G50720	0	0	0	0	0	0
AT3G50730	0	0	0	0	0	0
AT3G50740	2440	2500	2227	4253	2915	3563
AT3G50750	185	197	134	223	190	212
AT3G50760	99	97	125	40	31	45
AT3G50770	952	1468	921	283	403	251
AT3G50780	276	276	265	284	255	307
AT3G50790	306	349	319	253	250	243
AT3G50800	4	8	5	6	12	8
AT3G50808	0	0	0	0	0	0
AT3G50810	100	123	120	93	148	93
AT3G50820	1279	1260	1268	2344	2856	2052
AT3G50825	4	23	10	23	10	18
AT3G50830	789	984	863	712	725	642
AT3G50835	0	0	0	0	0	0
AT3G50840	81	185	109	134	107	129
AT3G50845	65	80	66	61	64	61
AT3G50850	15	18	17	26	17	24
AT3G50860	112	140	129	139	95	90
AT3G50870	5	10	11	11	2	14
AT3G50880	158	200	205	189	170	180
AT3G50890	12	17	13	34	23	26
AT3G50895	0	0	0	0	0	0
AT3G50900	266	392	323	165	171	127
AT3G50910	373	567	640	184	228	201
AT3G50920	206	205	191	125	145	127
AT3G50925	0	0	0	0	0	0
AT3G50930	235	357	429	47	68	54
AT3G50940	1	2	5	4	6	7
AT3G50950	1367	1579	1501	741	715	790
AT3G50960	49	72	50	64	60	59
AT3G50970	384	374	465	271	222	251
AT3G50980	3	4	5	3	3	1
AT3G50990	0	0	0	0	0	0
AT3G51000	429	497	508	401	403	394
AT3G51010	392	450	393	434	469	431
AT3G51020	0	0	0	0	0	0
AT3G51030	17	20	20	15	13	27
AT3G51040	234	232	191	212	212	207
AT3G51050	729	805	747	631	617	638
AT3G51060	34	48	26	60	26	53
AT3G51070	0	0	0	0	0	0
AT3G51075	7	8	6	22	19	9
AT3G51080	74	79	59	63	42	81
AT3G51090	56	76	67	44	39	46
AT3G51100	345	372	325	276	330	299
AT3G51110	313	335	355	307	252	262
AT3G51120	570	679	634	668	457	608
AT3G51130	770	937	914	580	524	507
AT3G51135	0	0	0	0	0	0
AT3G51140	637	575	586	644	610	647
AT3G51150	155	204	193	272	157	275
AT3G51160	750	795	888	577	554	619
AT3G51171	0	0	0	0	1	1
AT3G51180	31	53	55	82	66	67
AT3G51190	0	0	1	0	1	1
AT3G51200	0	0	0	0	0	0
AT3G51210	0	0	0	0	0	0
AT3G51220	3	4	4	2	2	3
AT3G51230	6	7	8	17	18	7
AT3G51238	0	0	0	0	0	0
AT3G51240	0	0	0	0	0	0
AT3G51250	411	487	465	393	327	429
AT3G51260	1132	1212	1085	1218	1387	1177
AT3G51265	0	0	0	0	0	0
AT3G51270	698	826	773	692	712	699
AT3G51280	42	45	44	91	45	84
AT3G51290	36	42	54	81	59	76
AT3G51300	4	2	5	7	7	1
AT3G51310	938	1110	1068	1002	879	911
AT3G51320	62	68	50	91	74	88
AT3G51325	2	6	4	1	2	6
AT3G51330	399	387	470	432	305	419
AT3G51340	61	54	55	76	62	96
AT3G51350	56	39	68	91	84	96
AT3G51360	13	21	20	24	23	26
AT3G51370	1646	2001	1920	1754	1813	1666
AT3G51375	0	2	1	2	6	1
AT3G51380	7	13	11	16	16	13
AT3G51390	217	267	204	213	188	218
AT3G51400	50	50	46	109	74	58
AT3G51410	6	1	5	11	11	16
AT3G51420	569	637	485	708	894	760
AT3G51430	530	804	695	384	354	326
AT3G51440	53	57	61	49	46	47
AT3G51450	66	94	123	25	26	26
AT3G51460	646	771	780	641	550	611
AT3G51470	49	81	67	70	74	76
AT3G51480	79	103	73	165	107	132
AT3G51490	3	1	6	8	5	7
AT3G51500	131	199	141	121	176	125
AT3G51510	341	394	370	531	700	537
AT3G51520	307	387	324	400	386	370
AT3G51530	89	113	103	105	104	86
AT3G51540	18	22	27	25	16	15
AT3G51550	3700	4107	3861	3275	3352	3050
AT3G51560	0	3	0	4	0	0
AT3G51570	2	3	1	2	2	5
AT3G51580	414	483	468	385	398	341
AT3G51590	0	1	0	0	0	0
AT3G51600	13215	17408	13118	10577	11146	8835
AT3G51610	363	463	409	396	419	375
AT3G51620	622	760	736	574	416	496
AT3G51630	746	996	881	825	728	766
AT3G51640	301	329	347	300	298	331
AT3G51642	2	0	3	6	1	4
AT3G51644	1	0	0	0	0	0
AT3G51650	201	261	243	246	214	262
AT3G51660	174	324	347	102	58	97
AT3G51670	370	417	365	490	351	478
AT3G51680	3	0	6	1	2	1
AT3G51690	0	0	0	0	0	0
AT3G51700	0	0	0	0	0	0
AT3G51710	27	7	14	26	18	16
AT3G51720	135	112	116	147	117	150
AT3G51730	2678	3901	3208	2513	3395	2431
AT3G51740	140	137	160	221	163	237
AT3G51750	2	5	3	10	14	4
AT3G51760	36	62	39	47	40	38
AT3G51770	591	707	745	634	545	609
AT3G51780	245	291	235	268	296	271
AT3G51790	191	262	209	178	176	151
AT3G51800	1339	1511	1425	1302	1311	1447
AT3G51810	6	2	12	0	0	4
AT3G51820	971	881	938	1095	992	1106
AT3G51830	489	709	624	717	608	594
AT3G51840	3438	4368	3833	3029	3079	2704
AT3G51850	792	915	845	754	685	779
AT3G51860	548	758	594	306	365	251
AT3G51870	274	247	241	237	231	272
AT3G51880	938	1217	1005	1175	1206	1068
AT3G51890	319	421	419	178	194	184
AT3G51895	37	42	32	29	18	32
AT3G51910	446	602	455	411	612	481
AT3G51920	709	811	778	365	347	376
AT3G51930	19	11	9	29	22	21
AT3G51940	75	90	78	100	106	78
AT3G51950	1005	1168	994	1876	1295	1912
AT3G51960	28	36	24	59	62	52
AT3G51970	17	18	22	9	7	9
AT3G51980	425	378	434	298	264	333
AT3G51990	70	76	87	62	78	90
AT3G52000	0	0	0	0	0	0
AT3G52010	0	0	0	0	0	2
AT3G52020	0	0	0	0	0	0
AT3G52030	325	392	340	323	346	316
AT3G52040	8	6	8	5	13	6
AT3G52050	195	231	195	220	274	232
AT3G52060	1814	2232	1763	2268	2037	2269
AT3G52070	0	0	0	0	0	0
AT3G52072	16	10	15	24	24	16
AT3G52075	0	0	0	0	0	0
AT3G52080	0	0	0	0	0	0
AT3G52090	428	488	441	432	484	419
AT3G52100	247	266	277	265	227	254
AT3G52105	48	63	52	43	49	43
AT3G52110	34	45	44	63	70	68
AT3G52115	29	40	39	21	29	43
AT3G52120	705	902	934	784	709	728
AT3G52130	0	0	0	0	0	0
AT3G52140	2209	2428	2431	2581	2138	2521
AT3G52150	1758	1601	1619	1880	2131	1984
AT3G52155	239	310	213	303	339	294
AT3G52160	1	0	0	1	1	1
AT3G52170	116	135	137	219	185	240
AT3G52180	428	519	428	661	587	591
AT3G52190	257	288	253	272	214	256
AT3G52200	1097	1213	1256	1005	842	959
AT3G52210	156	118	142	140	128	129
AT3G52220	502	600	537	499	522	449
AT3G52230	461	577	482	549	692	556
AT3G52240	751	921	822	618	605	574
AT3G52250	688	832	777	875	671	805
AT3G52260	150	187	172	176	189	171
AT3G52270	3	1	0	1	2	3
AT3G52280	226	287	286	199	176	235
AT3G52285	0	0	0	0	0	0
AT3G52290	173	178	157	184	159	180
AT3G52300	2363	2708	2685	2309	2603	2468
AT3G52310	9	29	12	9	11	21
AT3G52320	0	0	0	0	0	0
AT3G52330	0	0	0	0	0	0
AT3G52340	839	1279	1039	1097	974	1047
AT3G52345	0	0	0	0	0	0
AT3G52350	0	0	0	0	1	0
AT3G52360	184	275	279	136	176	155
AT3G52370	34	32	35	50	46	56
AT3G52380	1665	1461	1490	1575	1671	1716
AT3G52390	93	89	98	111	106	96
AT3G52400	1463	1890	2101	701	595	675
AT3G52420	83	110	79	82	126	104
AT3G52430	191	357	413	80	95	98
AT3G52440	1	0	0	0	0	0
AT3G52450	595	753	779	328	270	335
AT3G52460	43	62	39	44	41	43
AT3G52470	502	587	585	428	314	424
AT3G52480	252	346	241	214	262	226
AT3G52490	66	82	95	104	39	94
AT3G52500	811	894	822	1035	893	933
AT3G52510	4	3	7	1	5	3
AT3G52520	87	145	177	42	31	44
AT3G52525	10	12	20	20	21	20
AT3G52526	17	24	10	9	11	13
AT3G52530	32	35	28	45	22	32
AT3G52535	60	67	59	47	91	58
AT3G52540	29	42	28	33	26	23
AT3G52550	8	9	7	11	4	7
AT3G52560	1105	1377	1250	1108	1255	1080
AT3G52561	1	2	3	3	5	3
AT3G52565	0	0	0	0	0	0
AT3G52570	163	221	173	189	181	184
AT3G52580	581	644	601	618	757	740
AT3G52590	2577	3110	2763	2330	2769	2531
AT3G52600	0	0	0	0	0	0
AT3G52605	0	0	2	0	0	0
AT3G52610	126	137	132	118	148	117
AT3G52620	0	0	0	1	0	0
AT3G52630	78	82	64	66	86	81
AT3G52640	376	412	392	383	292	425
AT3G52660	441	535	455	523	433	487
AT3G52680	72	82	86	71	79	79
AT3G52690	0	0	0	0	0	0
AT3G52700	0	0	0	0	0	1
AT3G52710	419	403	407	321	261	324
AT3G52720	145	149	101	266	190	280
AT3G52730	865	1150	1092	841	861	738
AT3G52740	7	10	22	24	26	9
AT3G52742	0	0	0	0	0	0
AT3G52748	115	101	120	112	140	118
AT3G52750	248	213	251	311	223	318
AT3G52760	148	168	139	153	167	154
AT3G52765	0	0	0	0	0	0
AT3G52770	23	23	24	16	16	15
AT3G52780	2	1	6	1	2	2
AT3G52790	15	11	11	29	20	14
AT3G52800	1255	1503	1588	702	944	756
AT3G52810	0	0	1	0	0	0
AT3G52820	4	2	3	5	2	4
AT3G52830	0	0	0	0	0	0
AT3G52840	756	911	676	692	780	648
AT3G52850	1979	2295	2188	1996	1724	1888
AT3G52860	96	116	88	103	158	110
AT3G52870	1387	1599	1735	1209	1241	1076
AT3G52880	3430	4032	3914	3287	3080	2940
AT3G52890	328	389	388	396	285	443
AT3G52900	33	33	34	65	38	47
AT3G52905	112	128	90	100	120	127
AT3G52910	39	39	38	77	51	65
AT3G52920	162	181	154	246	219	291
AT3G52930	5161	5847	6053	4828	5016	4686
AT3G52940	195	185	189	211	239	211
AT3G52941	0	0	0	0	0	0
AT3G52950	291	246	270	214	197	208
AT3G52955	0	0	0	0	0	0
AT3G52960	1689	1621	1737	1928	1977	1997
AT3G52970	2	0	0	0	0	0
AT3G52980	0	0	0	0	0	0
AT3G52990	1807	2086	2078	1873	1603	1809
AT3G53000	144	184	151	130	122	127
AT3G53010	7	7	3	9	7	6
AT3G53015	0	0	0	0	0	0
AT3G53016	0	0	0	0	0	0
AT3G53020	3030	3469	3336	2813	3132	3014
AT3G53030	348	442	366	332	357	329
AT3G53040	6	7	9	5	10	2
AT3G53050	0	0	0	0	0	0
AT3G53060	0	0	0	0	0	0
AT3G53065	0	1	0	0	0	0
AT3G53070	0	0	0	0	0	0
AT3G53075	0	0	0	0	0	0
AT3G53080	0	0	0	0	0	0
AT3G53090	279	319	272	306	258	264
AT3G53100	90	114	80	125	98	131
AT3G53110	1265	1510	1536	1328	1206	1278
AT3G53120	283	440	405	250	190	235
AT3G53130	336	350	354	363	350	397
AT3G53140	0	0	0	0	0	0
AT3G53150	127	189	178	48	49	55
AT3G53160	109	168	240	33	41	29
AT3G53170	51	40	60	64	51	57
AT3G53180	999	1161	1334	742	567	643
AT3G53190	61	85	100	190	131	233
AT3G53200	3	5	7	39	30	53
AT3G53210	30	50	26	68	44	83
AT3G53220	44	39	23	36	27	43
AT3G53230	272	340	330	229	242	180
AT3G53232	17	14	19	6	10	9
AT3G53235	9	9	5	7	12	4
AT3G53240	200	216	188	237	209	256
AT3G53250	4	7	2	31	34	37
AT3G53260	3329	4058	5154	836	681	778
AT3G53270	191	207	213	209	229	196
AT3G53280	310	411	337	292	235	294
AT3G53290	0	0	0	0	0	0
AT3G53294	0	0	0	0	0	0
AT3G53300	0	0	0	0	0	0
AT3G53305	0	0	0	0	0	0
AT3G53310	30	28	27	50	28	42
AT3G53320	81	109	121	123	96	129
AT3G53330	0	0	0	0	0	0
AT3G53340	212	243	232	156	178	186
AT3G53342	0	0	0	0	0	0
AT3G53350	37	62	48	56	59	62
AT3G53360	52	57	57	79	49	80
AT3G53365	7	7	2	8	9	7
AT3G53370	32	35	25	30	37	26
AT3G53380	108	134	116	169	164	198
AT3G53390	303	360	366	336	274	358
AT3G53400	165	166	191	173	177	200
AT3G53410	157	214	170	199	202	179
AT3G53420	737	1047	716	1125	1234	970
AT3G53430	2210	2678	2364	2032	2811	2296
AT3G53440	52	71	101	63	62	87
AT3G53450	5	7	5	7	12	5
AT3G53460	15451	15418	15673	16975	19225	17860
AT3G53470	162	189	193	134	162	123
AT3G53480	1472	1382	1926	1047	609	1055
AT3G53490	73	107	93	61	87	70
AT3G53500	1369	1690	1507	1548	1858	1468
AT3G53510	162	175	178	227	182	193
AT3G53520	647	750	707	714	594	674
AT3G53530	34	24	38	72	72	73
AT3G53540	528	777	742	678	577	619
AT3G53550	0	0	2	0	0	2
AT3G53560	472	394	433	548	434	492
AT3G53570	240	277	235	326	293	288
AT3G53580	816	913	919	834	796	828
AT3G53590	9	18	13	0	1	2
AT3G53600	111	240	207	0	2	2
AT3G53610	534	717	547	629	596	572
AT3G53611	0	0	0	0	0	0
AT3G53620	164	142	183	127	92	117
AT3G53630	431	472	383	502	642	533
AT3G53640	0	0	0	0	0	0
AT3G53650	60	56	70	35	59	32
AT3G53670	544	705	640	587	622	549
AT3G53680	57	89	70	71	73	80
AT3G53690	9	15	9	22	14	18
AT3G53700	171	216	197	229	206	228
AT3G53710	1139	1228	1138	1008	979	969
AT3G53720	417	494	513	491	309	403
AT3G53730	873	1065	905	840	1046	810
AT3G53740	2014	2475	2187	1870	2576	2272
AT3G53750	146	151	178	223	166	241
AT3G53760	206	193	193	234	183	254
AT3G53770	0	0	0	0	0	0
AT3G53775	0	0	0	0	0	0
AT3G53780	261	288	306	247	197	254
AT3G53790	0	0	0	0	0	0
AT3G53800	470	612	479	598	687	589
AT3G53810	301	360	349	154	179	162
AT3G53820	4	8	4	6	7	3
AT3G53830	12	19	19	14	7	8
AT3G53840	2	1	8	13	9	8
AT3G53850	129	133	122	152	173	163
AT3G53860	32	44	36	40	41	51
AT3G53870	2617	2848	2885	2317	2483	2532
AT3G53880	108	164	117	94	119	113
AT3G53890	1256	1566	1310	899	1168	1155
AT3G53900	307	341	355	326	332	372
AT3G53910	0	0	0	0	0	0
AT3G53920	539	613	590	686	659	703
AT3G53930	416	495	467	322	299	301
AT3G53940	67	108	73	109	117	125
AT3G53950	253	269	243	235	263	246
AT3G53960	85	86	67	81	45	62
AT3G53965	0	0	0	0	0	0
AT3G53970	369	484	446	456	476	424
AT3G53980	18	9	22	138	74	86
AT3G53990	1103	1424	1297	1207	1301	1013
AT3G54000	47	44	44	54	49	70
AT3G54010	929	1132	1056	952	878	955
AT3G54020	109	159	165	117	120	113
AT3G54030	324	412	448	313	213	283
AT3G54040	742	878	1100	1138	1086	1274
AT3G54050	1702	1759	1702	2464	2813	2330
AT3G54060	3	3	6	5	3	4
AT3G54065	1	0	0	0	0	2
AT3G54070	0	0	0	0	0	0
AT3G54080	151	156	141	170	112	169
AT3G54085	4	9	0	4	2	2
AT3G54090	479	377	405	506	510	610
AT3G54100	403	549	596	372	321	368
AT3G54110	1153	1490	1496	797	861	800
AT3G54120	65	102	110	60	53	54
AT3G54130	137	197	222	118	124	104
AT3G54140	1035	1400	1191	786	692	656
AT3G54150	788	1278	1654	107	121	121
AT3G54160	11	13	8	10	21	8
AT3G54170	251	311	304	268	303	288
AT3G54180	26	28	30	58	47	62
AT3G54190	618	668	655	697	572	674
AT3G54200	176	196	211	138	105	144
AT3G54210	2488	2592	2547	2631	3209	2636
AT3G54220	394	432	402	386	376	418
AT3G54230	970	1232	1075	1103	1036	1161
AT3G54240	1	0	0	0	1	0
AT3G54250	117	174	124	160	142	142
AT3G54260	6	11	12	26	28	30
AT3G54270	29	20	20	33	18	34
AT3G54280	643	742	701	786	502	776
AT3G54290	202	243	214	235	212	202
AT3G54300	336	496	414	370	375	322
AT3G54310	0	3	0	2	5	0
AT3G54320	65	84	91	65	54	64
AT3G54340	3	3	1	0	0	3
AT3G54350	545	635	596	644	509	614
AT3G54360	1566	1852	1613	1938	1783	1663
AT3G54363	48	40	41	32	41	40
AT3G54366	471	560	511	624	690	636
AT3G54380	310	409	361	284	332	337
AT3G54390	34	50	34	63	55	61
AT3G54400	547	595	663	1056	896	967
AT3G54410	2	0	5	1	0	1
AT3G54420	97	75	115	41	25	45
AT3G54430	0	0	0	0	0	0
AT3G54440	622	754	642	810	573	691
AT3G54450	0	0	2	1	1	0
AT3G54460	367	420	333	400	286	362
AT3G54470	473	506	506	611	462	604
AT3G54480	522	638	552	533	572	536
AT3G54490	0	0	0	0	1	0
AT3G54500	183	198	193	221	176	143
AT3G54510	6	11	7	14	7	7
AT3G54520	0	0	0	2	5	3
AT3G54530	4	0	0	1	4	8
AT3G54540	1172	1318	1271	1200	1136	1098
AT3G54550	0	0	0	0	0	0
AT3G54560	199	280	222	191	239	234
AT3G54570	0	0	0	0	0	0
AT3G54580	257	196	569	186	220	138
AT3G54590	131	81	264	96	69	68
AT3G54600	41	47	33	53	77	79
AT3G54610	174	171	151	143	163	176
AT3G54620	1860	2520	2632	1234	1069	1064
AT3G54625	2	0	0	0	0	1
AT3G54630	0	0	0	0	0	0
AT3G54640	4652	6998	7145	1398	1372	1383
AT3G54650	718	799	790	634	567	616
AT3G54660	1914	2023	1909	2013	2038	1747
AT3G54670	751	830	836	789	591	767
AT3G54680	243	302	233	179	188	193
AT3G54690	302	335	283	306	356	340
AT3G54700	0	0	0	0	1	0
AT3G54710	22	19	26	36	23	33
AT3G54720	184	229	202	258	208	277
AT3G54730	1	0	0	1	0	2
AT3G54740	110	138	118	134	102	109
AT3G54750	264	280	211	231	206	254
AT3G54760	711	770	744	791	644	793
AT3G54770	8	6	21	20	20	31
AT3G54780	9	20	8	23	19	33
AT3G54790	144	200	114	205	200	276
AT3G54800	4	0	0	0	0	0
AT3G54810	302	332	351	238	246	248
AT3G54820	21	39	47	72	60	58
AT3G54826	193	226	211	141	220	197
AT3G54830	722	802	682	833	651	815
AT3G54840	547	607	626	496	525	471
AT3G54850	288	359	363	270	246	316
AT3G54860	371	469	430	481	353	425
AT3G54870	7	11	24	15	12	7
AT3G54880	679	1113	671	543	676	524
AT3G54890	9367	12312	9881	14993	20120	12217
AT3G54900	354	412	376	396	501	420
AT3G54910	100	98	95	137	134	155
AT3G54920	859	1010	881	967	1112	986
AT3G54925	0	0	0	0	0	0
AT3G54930	56	40	42	47	49	60
AT3G54940	4	1	3	1	10	6
AT3G54950	293	320	417	139	136	171
AT3G54960	459	403	432	304	230	320
AT3G54970	121	174	162	196	191	193
AT3G54980	138	119	138	166	129	180
AT3G54990	139	159	156	167	121	160
AT3G55000	304	337	322	292	357	310
AT3G55005	191	209	176	206	196	174
AT3G55010	258	287	265	349	368	350
AT3G55020	1230	1460	1325	1269	1194	1241
AT3G55030	209	250	238	241	264	252
AT3G55040	369	392	323	319	372	362
AT3G55050	371	389	405	339	275	306
AT3G55060	49	56	57	78	56	64
AT3G55070	286	363	347	333	293	318
AT3G55080	257	263	261	238	249	264
AT3G55090	82	107	127	20	14	26
AT3G55100	0	0	0	0	0	0
AT3G55110	26	51	45	68	45	60
AT3G55120	107	156	106	166	144	140
AT3G55130	120	168	154	142	85	130
AT3G55140	262	288	274	299	234	260
AT3G55150	49	46	86	39	25	38
AT3G55160	200	160	216	248	156	243
AT3G55170	292	355	326	296	379	351
AT3G55180	1	0	0	0	0	0
AT3G55190	0	0	0	0	0	0
AT3G55200	60	49	67	48	18	44
AT3G55210	0	0	0	0	0	1
AT3G55220	84	55	61	48	21	41
AT3G55230	32	31	62	155	96	90
AT3G55240	36	66	36	41	65	28
AT3G55250	418	527	438	513	649	497
AT3G55252	0	0	0	0	0	0
AT3G55254	0	0	0	0	0	0
AT3G55260	419	524	447	442	429	425
AT3G55270	1407	1714	1755	1095	736	1021
AT3G55280	634	649	633	675	689	783
AT3G55290	35	75	53	46	61	40
AT3G55310	0	0	0	0	0	0
AT3G55320	290	316	266	312	239	268
AT3G55330	593	623	568	779	945	750
AT3G55340	208	174	205	241	176	266
AT3G55350	108	110	101	113	105	105
AT3G55360	955	968	870	1040	998	1019
AT3G55370	45	39	57	48	45	65
AT3G55380	272	338	343	281	301	290
AT3G55390	59	73	56	40	55	47
AT3G55400	894	882	928	851	780	849
AT3G55410	2105	2255	2490	1815	1170	1585
AT3G55420	85	100	70	126	107	120
AT3G55430	1387	1829	2083	481	533	523
AT3G55440	6182	6820	6918	6875	6656	6112
AT3G55450	594	744	684	484	451	556
AT3G55460	813	1154	914	1058	1194	1027
AT3G55470	626	972	904	242	245	242
AT3G55480	561	681	611	652	473	590
AT3G55485	0	0	3	0	0	0
AT3G55490	27	46	37	40	30	36
AT3G55500	803	943	914	326	348	251
AT3G55510	195	198	217	271	219	271
AT3G55512	0	0	0	0	0	0
AT3G55513	0	0	0	0	0	0
AT3G55515	1	5	10	6	3	0
AT3G55520	349	387	346	465	483	454
AT3G55530	122	177	124	177	170	178
AT3G55540	0	0	0	0	0	0
AT3G55550	1	0	1	0	0	1
AT3G55560	611	701	682	589	568	606
AT3G55566	0	3	2	2	0	0
AT3G55570	0	0	0	0	0	0
AT3G55580	3	2	2	4	3	5
AT3G55590	0	0	0	0	0	0
AT3G55600	130	209	183	87	129	97
AT3G55605	96	113	98	122	142	137
AT3G55610	1295	1671	1611	1289	1140	1169
AT3G55620	882	1124	1086	926	1114	889
AT3G55630	140	189	145	232	225	235
AT3G55640	160	193	191	186	127	161
AT3G55646	27	33	36	39	28	20
AT3G55650	2	0	0	2	0	0
AT3G55660	28	28	36	55	34	38
AT3G55665	0	0	0	0	0	0
AT3G55670	0	0	0	0	0	0
AT3G55672	0	0	1	0	0	0
AT3G55677	0	0	0	0	0	0
AT3G55680	0	0	0	0	0	0
AT3G55690	6	7	12	14	15	22
AT3G55700	8	2	7	2	5	6
AT3G55710	15	22	15	30	8	25
AT3G55720	16	22	24	33	27	26
AT3G55730	97	90	97	62	58	57
AT3G55734	0	2	0	2	1	0
AT3G55735	0	1	0	1	0	0
AT3G55740	213	262	265	218	170	196
AT3G55750	1024	1175	1095	882	1040	963
AT3G55760	160	167	141	281	272	270
AT3G55770	1705	2188	1956	2146	2056	1987
AT3G55780	0	0	0	2	0	1
AT3G55790	16	10	14	18	16	24
AT3G55795	0	0	0	0	0	0
AT3G55800	2000	2049	1916	2623	2726	2377
AT3G55810	0	0	0	0	0	0
AT3G55820	14	24	21	18	24	20
AT3G55830	560	637	630	509	467	435
AT3G55840	132	200	194	27	37	23
AT3G55850	452	569	497	467	497	501
AT3G55860	0	1	0	0	0	0
AT3G55870	1	0	0	1	1	1
AT3G55880	194	244	263	168	169	176
AT3G55890	32	48	43	40	37	47
AT3G55900	4	3	2	8	6	9
AT3G55910	19	12	12	25	20	28
AT3G55920	177	234	191	219	209	245
AT3G55930	0	1	0	0	0	1
AT3G55935	0	0	0	0	0	0
AT3G55940	2	4	4	4	8	8
AT3G55950	168	244	276	54	46	44
AT3G55960	413	594	566	351	406	370
AT3G55970	25	39	40	6	12	9
AT3G55980	2154	2238	2260	795	776	745
AT3G55990	17	12	16	47	26	24
AT3G56000	35	48	35	52	33	34
AT3G56010	506	631	495	679	666	650
AT3G56020	341	493	360	325	440	356
AT3G56030	56	72	66	71	71	67
AT3G56040	533	608	551	690	583	639
AT3G56050	941	1275	1076	925	780	805
AT3G56060	272	350	315	217	181	221
AT3G56070	446	494	437	578	585	683
AT3G56080	10	12	12	27	33	45
AT3G56085	0	0	0	0	0	0
AT3G56090	400	358	439	478	510	550
AT3G56100	11	8	14	37	23	33
AT3G56110	283	312	312	276	250	277
AT3G56120	215	231	204	242	217	232
AT3G56130	1554	1945	1623	2090	1826	1850
AT3G56140	1152	1562	1346	1316	1302	1134
AT3G56150	2511	2858	2907	2468	2269	2551
AT3G56160	227	290	300	344	357	337
AT3G56170	478	578	501	662	486	562
AT3G56180	0	0	0	0	0	0
AT3G56190	1309	1707	1578	1446	1371	1226
AT3G56200	232	434	322	152	196	159
AT3G56210	212	225	220	187	226	220
AT3G56220	3	2	3	4	2	7
AT3G56230	3	0	2	7	3	3
AT3G56240	1695	2345	2123	2244	2070	2448
AT3G56250	42	41	33	74	37	52
AT3G56260	19	36	38	26	33	21
AT3G56270	31	43	30	53	45	46
AT3G56290	24	31	30	23	47	41
AT3G56300	28	33	27	39	37	43
AT3G56310	1401	1883	1824	1167	1123	1001
AT3G56320	69	77	68	91	61	73
AT3G56330	51	42	48	102	87	79
AT3G56340	1422	1695	1674	1234	1558	1475
AT3G56350	3	1	5	0	5	4
AT3G56360	2222	4073	2430	2961	3663	2428
AT3G56370	218	262	237	423	300	420
AT3G56380	1	0	1	0	0	0
AT3G56390	0	0	0	0	0	0
AT3G56400	269	675	720	132	388	118
AT3G56408	4	1	3	6	3	5
AT3G56410	0	0	0	0	0	0
AT3G56420	2	0	1	0	0	0
AT3G56430	177	169	151	262	200	222
AT3G56440	61	74	78	53	49	68
AT3G56450	91	145	121	159	179	163
AT3G56460	816	1051	883	840	979	857
AT3G56470	25	36	23	24	21	15
AT3G56480	335	362	304	433	331	426
AT3G56490	502	657	604	444	497	457
AT3G56500	44	118	78	4	4	2
AT3G56510	297	364	317	320	340	293
AT3G56520	0	0	0	0	0	0
AT3G56530	0	0	0	0	0	0
AT3G56540	0	0	0	0	0	0
AT3G56550	24	14	15	25	19	24
AT3G56560	0	0	0	0	0	0
AT3G56570	51	25	35	44	60	54
AT3G56580	222	216	210	218	159	267
AT3G56590	366	467	477	518	360	501
AT3G56600	0	0	2	3	2	0
AT3G56610	0	0	0	0	0	0
AT3G56620	12	22	21	20	32	31
AT3G56630	191	264	220	251	289	227
AT3G56640	109	128	106	133	88	126
AT3G56650	302	399	374	454	530	415
AT3G56660	0	1	1	2	1	2
AT3G56670	0	0	0	0	0	0
AT3G56680	1053	1286	1181	1340	1309	1204
AT3G56690	231	277	243	311	257	270
AT3G56700	0	0	0	1	0	0
AT3G56705	0	0	3	3	2	0
AT3G56710	35	67	79	10	15	8
AT3G56720	484	565	462	500	601	574
AT3G56730	4	4	11	14	7	5
AT3G56740	86	129	104	93	99	99
AT3G56750	374	416	388	415	415	390
AT3G56760	285	279	284	328	230	306
AT3G56770	12	21	15	16	14	12
AT3G56780	2	0	1	2	1	0
AT3G56790	0	2	2	0	0	0
AT3G56800	1372	1648	1523	1276	1355	1241
AT3G56810	63	50	44	62	70	52
AT3G56820	88	121	96	87	96	111
AT3G56825	2	2	1	0	2	1
AT3G56830	52	70	62	50	102	80
AT3G56840	181	215	173	196	184	153
AT3G56850	281	311	284	321	315	280
AT3G56860	1711	2132	1903	2234	1986	2124
AT3G56870	68	64	62	48	54	59
AT3G56880	783	853	861	398	446	489
AT3G56890	4	9	11	12	9	15
AT3G56891	11	9	11	4	3	4
AT3G56900	121	137	137	203	162	199
AT3G56910	1165	1254	1297	1403	1791	1414
AT3G56920	0	0	0	0	0	0
AT3G56930	233	285	240	209	231	223
AT3G56940	2014	2353	2489	2715	3223	2534
AT3G56950	288	364	274	323	273	286
AT3G56960	107	122	135	152	103	141
AT3G56970	3	70	29	9	60	2
AT3G56980	23	152	81	30	166	25
AT3G56990	438	481	444	499	479	506
AT3G57000	298	370	333	426	400	383
AT3G57010	34	22	20	73	50	83
AT3G57020	193	182	198	111	115	119
AT3G57030	78	92	98	118	95	93
AT3G57040	44	60	47	165	131	179
AT3G57050	747	946	870	884	852	872
AT3G57060	62	60	100	115	90	126
AT3G57062	116	144	120	145	211	171
AT3G57070	164	197	215	207	195	155
AT3G57072	0	0	0	0	0	0
AT3G57080	185	231	169	224	229	207
AT3G57090	550	836	787	496	596	496
AT3G57100	0	0	0	2	2	0
AT3G57110	1	1	1	2	1	2
AT3G57120	203	209	216	142	139	133
AT3G57130	21	30	22	41	25	40
AT3G57140	100	109	112	116	108	99
AT3G57150	1162	1206	1323	1485	1544	1733
AT3G57157	2	5	7	12	17	4
AT3G57160	8	8	9	12	6	8
AT3G57170	447	615	477	590	623	658
AT3G57180	160	168	139	210	218	230
AT3G57190	150	153	141	194	222	237
AT3G57200	13	15	16	14	13	15
AT3G57210	2	3	3	6	2	2
AT3G57220	423	520	497	399	313	319
AT3G57230	425	579	500	518	564	520
AT3G57240	8	18	13	8	9	9
AT3G57250	0	0	0	0	0	0
AT3G57260	23	20	12	0	44	5
AT3G57270	0	0	0	0	0	0
AT3G57280	803	936	950	515	483	483
AT3G57290	1707	2016	1984	1806	1674	1835
AT3G57300	1187	1688	1339	1810	1337	1609
AT3G57310	0	0	0	0	0	0
AT3G57320	85	113	97	122	127	138
AT3G57330	2468	3062	3142	1419	1050	1283
AT3G57340	418	591	552	489	492	483
AT3G57350	258	275	255	340	269	310
AT3G57360	26	29	31	31	35	38
AT3G57370	0	0	2	0	1	1
AT3G57380	61	88	78	66	50	65
AT3G57390	168	271	223	190	173	144
AT3G57400	423	482	464	438	314	445
AT3G57410	3699	4605	4076	3631	2987	3210
AT3G57420	469	526	573	494	449	503
AT3G57430	90	139	114	140	112	125
AT3G57440	1	3	3	7	5	6
AT3G57450	871	1261	1049	296	384	351
AT3G57460	18	23	53	2	8	3
AT3G57465	2	0	1	4	2	0
AT3G57470	867	1080	972	1128	971	1121
AT3G57480	114	141	158	75	77	77
AT3G57490	294	289	297	294	289	326
AT3G57500	4	6	6	3	4	8
AT3G57510	3	1	2	0	1	0
AT3G57520	5901	7087	6950	1840	4020	2244
AT3G57530	1209	1409	1421	718	734	703
AT3G57540	17	30	20	36	39	36
AT3G57550	1840	2503	2539	1418	1327	1239
AT3G57560	476	506	505	414	453	447
AT3G57570	234	267	229	279	219	259
AT3G57580	45	52	44	61	61	62
AT3G57587	0	0	0	0	0	0
AT3G57590	85	91	89	110	95	83
AT3G57600	4	14	10	6	7	9
AT3G57610	913	906	948	991	890	997
AT3G57620	0	0	2	0	0	0
AT3G57630	298	438	444	161	117	180
AT3G57640	55	56	69	32	30	31
AT3G57645	3	3	0	0	2	1
AT3G57650	706	877	777	738	569	626
AT3G57660	513	517	518	618	508	589
AT3G57670	31	41	39	33	13	45
AT3G57680	42	49	46	52	44	41
AT3G57690	6	4	1	0	1	0
AT3G57700	0	0	0	0	0	0
AT3G57710	118	144	124	122	182	148
AT3G57720	23	37	28	36	55	31
AT3G57730	0	0	0	0	0	0
AT3G57740	53	75	61	20	18	26
AT3G57750	232	344	353	148	149	132
AT3G57760	132	156	148	43	39	60
AT3G57765	0	1	0	0	0	0
AT3G57770	101	117	86	90	141	94
AT3G57780	213	309	238	258	198	261
AT3G57785	75	85	72	109	118	83
AT3G57787	0	0	0	0	0	1
AT3G57790	353	419	342	375	360	321
AT3G57800	964	1109	969	921	849	823
AT3G57810	125	118	119	124	109	146
AT3G57830	40	47	41	50	45	62
AT3G57840	0	0	0	0	0	0
AT3G57850	0	0	0	0	0	0
AT3G57860	25	29	39	37	25	37
AT3G57870	1180	1415	1362	1127	1085	1070
AT3G57880	365	405	474	255	207	226
AT3G57890	795	840	1033	858	720	832
AT3G57900	1	1	0	0	0	0
AT3G57910	60	64	57	85	88	71
AT3G57920	0	0	0	0	0	0
AT3G57930	534	671	544	537	559	556
AT3G57940	186	188	215	299	234	261
AT3G57950	4	4	6	2	6	6
AT3G57960	0	0	0	0	0	0
AT3G57965	28	56	40	31	65	24
AT3G57970	0	0	0	0	0	0
AT3G57980	155	202	190	222	132	190
AT3G57990	409	462	467	519	471	483
AT3G58000	0	0	1	3	5	7
AT3G58010	223	298	283	268	275	205
AT3G58020	235	310	257	226	231	229
AT3G58030	810	951	905	795	821	723
AT3G58035	0	0	0	0	0	0
AT3G58040	315	445	341	412	369	390
AT3G58050	645	695	654	651	530	585
AT3G58060	4	3	5	1	4	6
AT3G58070	2	2	2	11	4	0
AT3G58090	92	102	85	104	120	116
AT3G58100	36	58	55	80	66	68
AT3G58110	432	565	503	523	604	596
AT3G58120	238	245	203	525	454	398
AT3G58130	124	129	99	114	106	108
AT3G58140	1165	1113	1103	1127	1068	1058
AT3G58150	1	7	7	9	9	5
AT3G58160	175	201	174	191	200	204
AT3G58165	0	0	0	0	0	0
AT3G58170	303	363	327	280	288	304
AT3G58180	220	231	221	213	214	230
AT3G58190	0	0	0	1	2	0
AT3G58193	0	0	0	0	0	0
AT3G58196	0	0	0	0	0	0
AT3G58200	28	24	21	35	36	28
AT3G58210	0	1	0	0	0	0
AT3G58220	316	387	350	449	425	457
AT3G58230	0	0	0	0	0	0
AT3G58240	0	0	0	0	0	0
AT3G58250	2	1	1	0	0	0
AT3G58260	0	0	0	0	0	0
AT3G58270	52	46	79	69	84	58
AT3G58280	0	0	0	0	0	0
AT3G58290	0	0	0	0	0	0
AT3G58300	0	0	0	0	0	0
AT3G58310	0	0	0	0	0	0
AT3G58320	0	0	0	0	0	0
AT3G58330	0	0	0	0	0	0
AT3G58340	0	0	0	0	0	0
AT3G58350	11	17	21	8	6	7
AT3G58360	0	0	0	0	0	0
AT3G58370	0	0	0	0	0	0
AT3G58380	0	0	0	3	0	1
AT3G58390	0	0	0	0	0	0
AT3G58400	0	0	0	0	0	0
AT3G58410	0	0	0	0	0	0
AT3G58415	0	0	0	0	0	0
AT3G58420	0	0	0	0	0	0
AT3G58430	34	39	36	28	48	53
AT3G58440	0	0	0	0	0	0
AT3G58450	0	0	3	0	4	2
AT3G58460	351	451	397	398	346	345
AT3G58470	200	250	197	241	243	228
AT3G58480	2	0	1	1	0	2
AT3G58490	361	507	503	308	314	276
AT3G58500	1991	2349	2058	2067	1973	1938
AT3G58510	1210	1460	1497	1328	1070	1324
AT3G58520	57	44	53	68	77	61
AT3G58530	172	330	280	257	266	257
AT3G58540	0	2	0	0	0	0
AT3G58550	111	106	115	217	337	282
AT3G58560	966	1110	1034	1026	836	1000
AT3G58570	559	679	642	645	526	591
AT3G58580	384	422	412	375	276	403
AT3G58585	0	0	0	0	0	0
AT3G58590	32	33	33	39	40	54
AT3G58600	436	550	454	367	380	330
AT3G58610	5378	5476	5821	5638	5054	5716
AT3G58620	145	168	168	194	182	210
AT3G58630	147	231	177	155	167	149
AT3G58640	703	918	790	737	731	714
AT3G58650	21	41	39	73	50	61
AT3G58660	542	525	579	678	806	678
AT3G58670	393	469	450	475	487	413
AT3G58680	2943	3758	3262	3415	3940	3280
AT3G58690	82	99	87	133	106	110
AT3G58700	598	753	702	693	751	764
AT3G58710	117	169	139	108	121	97
AT3G58720	63	82	65	91	79	83
AT3G58730	1510	1907	1645	1514	1501	1446
AT3G58740	0	0	0	0	2	0
AT3G58750	1642	2162	2299	959	931	797
AT3G58760	398	452	444	354	398	387
AT3G58770	4	4	9	5	6	8
AT3G58780	7	23	18	27	19	22
AT3G58790	121	127	98	95	92	105
AT3G58795	0	0	0	0	1	0
AT3G58800	43	46	55	38	30	52
AT3G58810	25	38	32	51	63	37
AT3G58820	20	28	24	53	32	38
AT3G58830	122	109	118	180	175	164
AT3G58840	175	191	175	247	203	273
AT3G58850	46	53	21	55	56	55
AT3G58860	0	0	0	2	0	0
AT3G58875	17	9	9	17	17	13
AT3G58877	0	0	0	0	0	0
AT3G58880	0	0	0	0	0	0
AT3G58890	0	0	0	0	0	0
AT3G58900	148	167	145	165	155	158
AT3G58910	0	0	0	0	0	1
AT3G58920	1	0	0	0	0	0
AT3G58930	68	87	52	82	83	72
AT3G58940	86	110	89	96	115	79
AT3G58950	0	0	0	0	0	0
AT3G58960	0	0	0	0	0	0
AT3G58970	361	499	435	529	533	439
AT3G58980	34	38	50	46	43	42
AT3G58990	36	28	36	54	75	80
AT3G59000	63	78	71	89	67	86
AT3G59010	1	3	5	3	4	1
AT3G59020	1444	1587	1705	1517	1239	1450
AT3G59030	0	0	0	0	0	0
AT3G59040	513	479	504	551	584	609
AT3G59050	370	478	442	340	280	356
AT3G59060	674	777	558	1030	972	942
AT3G59068	25	24	17	17	27	26
AT3G59070	1	0	0	0	0	0
AT3G59080	671	677	768	255	218	265
AT3G59090	373	473	458	363	458	380
AT3G59100	366	410	406	380	238	360
AT3G59110	429	526	493	502	512	513
AT3G59120	3	3	1	3	0	5
AT3G59130	0	1	1	2	0	1
AT3G59140	497	641	825	135	129	145
AT3G59150	74	102	100	75	77	84
AT3G59160	0	2	0	0	1	0
AT3G59170	0	0	0	0	0	0
AT3G59180	0	0	0	0	0	0
AT3G59190	0	2	4	5	1	5
AT3G59200	6	5	1	12	9	10
AT3G59210	304	337	313	345	300	305
AT3G59220	52	54	66	100	97	88
AT3G59230	0	1	4	0	0	0
AT3G59240	0	0	0	0	0	0
AT3G59245	0	0	0	0	0	0
AT3G59250	3	2	2	5	12	2
AT3G59260	0	0	0	0	0	1
AT3G59270	9	11	2	14	9	16
AT3G59280	343	463	435	319	368	304
AT3G59290	337	421	370	418	253	342
AT3G59295	0	0	0	0	0	0
AT3G59300	294	382	337	289	241	316
AT3G59310	83	121	129	142	120	121
AT3G59320	190	253	214	240	297	312
AT3G59330	180	226	144	262	207	242
AT3G59340	9	9	6	14	19	9
AT3G59350	1434	1745	1672	1139	1707	1067
AT3G59360	557	624	618	496	412	481
AT3G59370	4	3	4	11	9	12
AT3G59380	385	505	480	451	450	449
AT3G59390	68	87	73	77	82	73
AT3G59400	1	3	1	3	1	0
AT3G59410	698	801	756	611	469	566
AT3G59415	0	0	0	0	0	0
AT3G59420	100	119	95	127	112	163
AT3G59430	67	72	65	72	68	94
AT3G59435	7	20	11	6	8	13
AT3G59440	0	0	0	0	0	0
AT3G59450	6	6	11	5	6	4
AT3G59455	0	0	0	0	0	0
AT3G59460	0	0	0	0	0	0
AT3G59470	111	166	133	185	152	133
AT3G59480	31	29	26	15	17	31
AT3G59490	71	79	79	69	74	76
AT3G59500	286	294	276	258	266	259
AT3G59510	2	5	2	2	3	1
AT3G59520	77	87	92	74	74	78
AT3G59530	29	38	35	20	36	21
AT3G59540	1214	1486	1370	1174	1489	1357
AT3G59550	55	51	45	67	35	51
AT3G59570	91	119	140	114	98	89
AT3G59580	24	34	17	27	31	28
AT3G59590	0	0	0	0	0	0
AT3G59600	417	517	447	407	462	411
AT3G59610	0	0	0	0	0	0
AT3G59620	0	0	0	0	0	0
AT3G59630	158	171	158	152	151	161
AT3G59640	161	208	200	171	192	199
AT3G59650	80	97	87	121	110	150
AT3G59660	1375	1926	1863	898	948	794
AT3G59670	120	141	155	226	165	279
AT3G59680	21	17	15	30	22	39
AT3G59690	26	24	27	24	5	14
AT3G59695	0	0	0	0	0	0
AT3G59700	233	314	331	135	93	146
AT3G59710	3	7	6	8	9	6
AT3G59730	0	1	0	1	1	1
AT3G59740	1	4	9	0	0	1
AT3G59750	10	23	16	10	5	6
AT3G59760	535	753	705	496	482	507
AT3G59765	36	44	54	49	45	56
AT3G59770	1123	1501	1411	1324	974	1246
AT3G59780	744	784	752	916	967	939
AT3G59790	1	2	0	0	1	0
AT3G59800	146	211	168	158	178	169
AT3G59810	237	330	175	233	240	231
AT3G59820	590	576	556	783	591	694
AT3G59830	2	2	0	1	2	2
AT3G59840	229	258	231	277	377	291
AT3G59845	0	0	0	0	0	0
AT3G59850	4	1	4	6	1	8
AT3G59870	221	250	244	261	235	222
AT3G59880	62	73	37	22	32	22
AT3G59884	0	0	0	0	0	0
AT3G59890	153	112	125	180	136	158
AT3G59900	51	45	65	99	55	96
AT3G59910	488	586	482	536	539	511
AT3G59920	2116	2309	2299	2091	1628	1885
AT3G59923	0	0	0	0	0	0
AT3G59926	0	0	0	0	0	0
AT3G59930	72	71	60	43	26	18
AT3G59940	14	14	7	20	28	18
AT3G59950	442	570	549	463	422	422
AT3G59960	0	0	2	0	0	0
AT3G59970	2379	2563	2447	2118	1677	2029
AT3G59980	359	352	369	447	510	410
AT3G59990	1452	1737	1727	1556	1474	1437
AT3G60000	0	0	0	0	0	1
AT3G60010	0	0	1	3	0	0
AT3G60020	0	0	0	0	0	0
AT3G60030	1434	1697	1600	1548	1274	1415
AT3G60040	58	76	42	52	54	63
AT3G60050	86	78	87	87	98	103
AT3G60060	0	0	0	0	0	0
AT3G60070	77	118	87	149	105	130
AT3G60075	0	0	0	0	0	0
AT3G60080	131	144	110	107	101	92
AT3G60090	0	1	0	0	2	1
AT3G60100	0	0	0	3	0	0
AT3G60110	147	186	205	73	85	86
AT3G60120	605	995	1039	6	5	5
AT3G60130	876	1200	1018	728	809	689
AT3G60140	596	894	1030	40	45	24
AT3G60150	89	97	98	57	56	54
AT3G60160	20	30	22	20	29	29
AT3G60176	0	3	0	0	0	1
AT3G60180	95	138	107	119	86	118
AT3G60190	816	1091	1024	876	748	759
AT3G60200	191	235	238	153	179	158
AT3G60210	405	494	450	426	528	482
AT3G60220	61	53	47	86	58	81
AT3G60238	0	0	0	0	0	0
AT3G60240	1611	1710	1726	1950	1265	1797
AT3G60245	4220	4703	4555	3267	4590	4071
AT3G60250	783	928	815	770	851	762
AT3G60260	214	253	288	227	234	230
AT3G60270	27	58	50	35	23	39
AT3G60280	4	2	4	2	5	4
AT3G60286	24	26	11	29	26	15
AT3G60290	118	139	127	114	114	127
AT3G60300	1206	1686	1533	1447	1555	1399
AT3G60310	107	134	123	111	119	151
AT3G60320	1400	1529	1307	1698	1587	1517
AT3G60328	0	0	0	0	0	0
AT3G60330	70	95	110	96	78	101
AT3G60340	464	601	474	626	580	558
AT3G60350	459	478	472	482	370	444
AT3G60360	186	253	213	250	215	238
AT3G60370	298	327	304	283	342	282
AT3G60380	145	235	177	227	186	242
AT3G60390	170	244	196	323	238	326
AT3G60400	113	138	157	141	116	139
AT3G60410	398	582	522	400	407	445
AT3G60415	308	670	990	31	53	26
AT3G60420	0	4	1	0	0	0
AT3G60440	156	159	142	144	131	136
AT3G60450	554	787	713	373	378	343
AT3G60460	0	0	0	0	0	0
AT3G60470	1	1	1	4	2	1
AT3G60480	171	227	157	179	205	183
AT3G60490	10	4	7	18	15	27
AT3G60500	294	322	279	358	320	331
AT3G60510	262	318	288	246	240	205
AT3G60520	57	63	65	116	93	107
AT3G60530	815	912	696	1310	1271	1496
AT3G60540	51	36	17	12	10	21
AT3G60550	20	15	22	15	30	19
AT3G60560	0	0	0	0	0	0
AT3G60570	0	0	0	0	0	0
AT3G60580	20	22	11	10	15	7
AT3G60590	218	250	215	209	218	171
AT3G60600	1690	2158	1926	1668	1721	1592
AT3G60620	206	207	215	256	204	221
AT3G60630	287	309	276	458	384	407
AT3G60640	105	156	115	139	156	114
AT3G60650	11	13	8	21	13	11
AT3G60660	20	36	27	34	21	29
AT3G60670	7	8	6	6	6	6
AT3G60680	90	108	140	75	73	65
AT3G60690	399	504	448	283	263	220
AT3G60700	2	3	3	5	4	5
AT3G60710	2	4	0	1	2	0
AT3G60720	10	23	31	40	20	35
AT3G60730	3	5	5	1	2	3
AT3G60740	444	461	411	581	357	487
AT3G60750	12462	13224	12910	16111	13963	14788
AT3G60760	0	0	0	0	0	0
AT3G60770	2144	2356	2326	1895	2173	2223
AT3G60780	0	1	2	0	2	1
AT3G60790	0	0	0	0	0	0
AT3G60800	327	395	467	297	245	260
AT3G60805	0	0	0	0	0	0
AT3G60810	188	280	200	204	235	207
AT3G60820	1414	1632	1574	1454	1603	1333
AT3G60830	177	157	138	171	190	214
AT3G60840	28	34	32	49	29	47
AT3G60850	262	302	354	330	314	316
AT3G60860	996	1135	1126	1115	748	917
AT3G60870	2	0	0	2	6	2
AT3G60880	225	252	240	267	258	250
AT3G60890	2	3	4	9	2	4
AT3G60900	2	6	8	13	12	9
AT3G60910	154	190	130	149	175	178
AT3G60920	0	1	1	0	0	1
AT3G60940	2	6	6	0	6	2
AT3G60950	0	1	0	1	4	0
AT3G60960	69	80	70	81	67	93
AT3G60961	3	2	0	2	0	2
AT3G60966	2	6	9	1	2	0
AT3G60970	0	2	0	0	0	0
AT3G60972	0	0	1	0	2	0
AT3G60975	0	0	0	0	0	0
AT3G60980	246	282	263	199	233	212
AT3G60990	0	0	0	0	0	0
AT3G61010	847	1160	985	1023	936	1007
AT3G61028	8	4	5	3	6	1
AT3G61030	0	1	1	1	0	2
AT3G61035	0	0	0	0	0	0
AT3G61040	0	0	0	0	0	0
AT3G61050	1029	1327	1155	1228	1338	1141
AT3G61060	792	1312	937	633	1042	609
AT3G61070	645	770	718	499	517	522
AT3G61080	203	260	226	309	379	282
AT3G61090	0	1	4	0	0	2
AT3G61100	88	94	73	85	99	121
AT3G61105	0	0	0	0	0	0
AT3G61110	1396	1750	1615	1272	1912	1419
AT3G61111	1	0	1	0	0	2
AT3G61113	27	31	28	34	29	25
AT3G61117	0	0	0	0	0	0
AT3G61118	0	0	0	4	1	0
AT3G61120	0	0	1	1	1	2
AT3G61130	753	775	853	815	584	764
AT3G61140	554	645	607	555	470	497
AT3G61150	628	695	695	665	640	704
AT3G61160	179	245	190	218	244	242
AT3G61170	29	26	19	31	18	34
AT3G61172	0	0	0	0	0	0
AT3G61175	0	0	0	0	0	0
AT3G61177	0	0	0	0	0	0
AT3G61180	586	738	668	744	714	646
AT3G61182	0	0	0	0	0	0
AT3G61190	269	452	436	53	54	52
AT3G61198	38	63	77	63	69	65
AT3G61200	319	394	322	465	494	379
AT3G61210	134	174	171	139	124	126
AT3G61220	62	88	85	116	106	132
AT3G61230	0	0	0	0	0	0
AT3G61240	758	798	853	927	784	834
AT3G61250	13	15	15	34	34	34
AT3G61260	1831	2336	1693	1977	3169	1793
AT3G61270	15	11	17	33	28	26
AT3G61280	5	8	11	20	17	34
AT3G61290	0	0	0	0	0	0
AT3G61300	0	0	0	0	0	0
AT3G61310	226	242	243	280	310	282
AT3G61320	82	89	85	111	81	119
AT3G61340	0	2	0	0	0	0
AT3G61350	69	100	89	96	78	91
AT3G61360	19	29	32	32	29	33
AT3G61370	92	98	86	100	103	102
AT3G61380	34	47	44	44	22	62
AT3G61390	132	261	265	65	42	55
AT3G61400	2	7	12	0	26	7
AT3G61410	16	9	12	18	26	16
AT3G61415	184	272	223	213	265	235
AT3G61420	217	319	219	276	313	293
AT3G61430	1304	1734	1246	1635	1796	1399
AT3G61440	9645	12834	11317	9427	8519	8716
AT3G61450	6	2	2	6	5	4
AT3G61460	425	586	399	652	533	639
AT3G61470	9252	10440	9565	16701	20162	13882
AT3G61480	630	711	630	641	501	537
AT3G61490	65	76	56	103	95	100
AT3G61500	0	0	0	0	0	0
AT3G61510	0	0	0	0	0	0
AT3G61520	67	71	62	56	41	50
AT3G61530	160	184	196	170	176	165
AT3G61540	229	263	276	272	212	251
AT3G61545	0	0	0	0	0	0
AT3G61550	130	121	97	187	189	184
AT3G61560	66	115	83	83	77	67
AT3G61570	246	278	298	244	223	255
AT3G61571	0	1	0	0	3	0
AT3G61580	1704	1881	1550	1958	2054	1635
AT3G61590	75	74	75	86	102	115
AT3G61600	1526	1681	1630	1421	1487	1284
AT3G61610	58	74	72	95	87	130
AT3G61620	158	176	170	220	220	178
AT3G61630	170	196	196	304	332	237
AT3G61640	260	253	304	383	346	319
AT3G61650	113	145	144	170	131	160
AT3G61660	0	0	0	4	0	2
AT3G61670	197	229	206	237	182	229
AT3G61680	22	33	46	56	31	39
AT3G61690	742	771	764	975	737	957
AT3G61700	658	695	673	737	696	689
AT3G61710	425	488	462	430	355	408
AT3G61715	0	0	0	0	0	0
AT3G61720	0	0	0	0	0	0
AT3G61723	0	0	0	0	0	0
AT3G61730	0	0	0	0	0	0
AT3G61740	207	250	219	230	192	219
AT3G61750	46	46	49	58	74	48
AT3G61755	0	0	0	0	0	0
AT3G61760	67	67	75	56	36	46
AT3G61770	189	182	200	217	238	201
AT3G61780	216	212	199	330	324	338
AT3G61790	346	437	387	378	356	378
AT3G61800	146	207	207	170	116	146
AT3G61810	0	0	0	0	0	0
AT3G61820	152	179	134	220	175	247
AT3G61825	0	0	0	0	0	0
AT3G61826	0	0	0	0	0	0
AT3G61829	0	0	0	0	0	0
AT3G61830	106	148	133	171	158	192
AT3G61840	1	9	1	3	7	0
AT3G61850	176	197	192	154	108	214
AT3G61860	786	1036	926	908	985	842
AT3G61870	644	568	577	720	759	731
AT3G61880	0	2	2	3	9	7
AT3G61890	231	314	227	172	203	189
AT3G61897	0	3	2	2	2	3
AT3G61898	21	13	14	33	50	32
AT3G61900	9	14	11	9	14	16
AT3G61910	0	0	0	0	0	0
AT3G61920	0	0	0	0	0	0
AT3G61930	4	2	6	4	3	0
AT3G61940	0	0	0	0	0	0
AT3G61950	21	15	10	32	39	31
AT3G61960	328	419	367	448	342	401
AT3G61962	0	0	0	0	0	0
AT3G61970	13	20	16	12	17	11
AT3G61980	133	147	151	109	128	113
AT3G61990	112	169	143	154	214	177
AT3G62000	91	100	105	113	109	110
AT3G62010	977	1293	1263	959	721	870
AT3G62020	19	12	27	14	7	14
AT3G62030	3353	3432	3387	3484	3826	3262
AT3G62040	36	37	37	241	234	289
AT3G62050	8	6	7	15	18	13
AT3G62060	71	76	73	98	89	121
AT3G62070	24	24	21	28	26	35
AT3G62080	356	442	335	335	340	339
AT3G62090	1	5	8	4	0	4
AT3G62100	1	4	2	4	1	5
AT3G62110	469	525	412	742	586	675
AT3G62120	1741	1846	1922	1675	1580	1635
AT3G62130	455	557	549	617	577	554
AT3G62140	120	151	142	178	158	169
AT3G62150	2580	3177	3481	1505	1389	1217
AT3G62160	10	15	20	22	14	8
AT3G62170	0	0	0	2	0	0
AT3G62180	0	0	0	0	0	0
AT3G62190	232	286	211	267	324	259
AT3G62200	236	238	206	266	161	255
AT3G62210	3	3	5	7	9	11
AT3G62220	138	142	135	147	156	168
AT3G62230	0	0	0	0	1	0
AT3G62240	566	633	652	620	491	552
AT3G62245	0	0	0	0	0	0
AT3G62250	2873	3347	3191	2467	3315	3158
AT3G62260	144	215	198	101	69	83
AT3G62270	279	313	395	949	708	1098
AT3G62280	4	6	13	25	6	28
AT3G62285	0	0	0	0	0	0
AT3G62290	5855	8326	6806	7166	7496	6985
AT3G62300	265	275	344	349	292	359
AT3G62310	916	1006	1177	957	905	960
AT3G62320	0	1	2	0	0	3
AT3G62330	232	300	298	241	225	256
AT3G62340	0	0	0	0	0	0
AT3G62350	0	0	0	0	0	0
AT3G62360	1483	1653	1664	1616	1140	1566
AT3G62370	274	370	319	261	286	253
AT3G62380	0	3	4	1	0	0
AT3G62390	74	87	72	94	80	131
AT3G62400	610	792	632	514	680	516
AT3G62410	457	604	415	709	990	718
AT3G62420	1128	1505	1451	679	831	714
AT3G62430	5	9	9	9	5	4
AT3G62440	0	0	0	0	0	0
AT3G62450	222	302	227	255	243	221
AT3G62460	149	146	143	174	161	204
AT3G62470	35	52	50	46	68	52
AT3G62499	8	20	8	15	10	15
AT3G62500	98	102	96	98	78	97
AT3G62510	12	11	11	9	16	11
AT3G62528	0	0	0	0	0	0
AT3G62530	1664	1559	1622	1208	1218	1416
AT3G62540	0	3	1	1	0	0
AT3G62550	1187	1669	1130	1820	2288	1696
AT3G62560	311	417	323	324	398	348
AT3G62570	34	31	27	41	53	44
AT3G62580	664	847	802	560	437	442
AT3G62590	54	77	104	40	32	32
AT3G62600	967	985	921	515	449	602
AT3G62610	0	2	2	0	0	0
AT3G62615	0	0	0	0	0	0
AT3G62620	84	96	63	118	110	121
AT3G62630	287	366	282	520	417	434
AT3G62640	0	0	0	0	0	0
AT3G62650	1371	1960	1336	1697	1904	1584
AT3G62660	531	551	461	633	724	599
AT3G62670	0	0	0	0	0	0
AT3G62680	86	42	151	48	55	34
AT3G62690	35	61	74	56	30	38
AT3G62695	0	0	0	0	0	0
AT3G62700	1423	1803	1542	1886	1404	1671
AT3G62710	0	0	0	0	0	0
AT3G62720	440	524	576	253	292	274
AT3G62730	1	2	3	3	2	1
AT3G62735	0	0	0	0	0	0
AT3G62740	2	4	4	10	6	8
AT3G62750	672	991	698	1005	1130	1015
AT3G62760	0	2	0	0	0	0
AT3G62770	553	713	736	540	439	456
AT3G62780	11	10	10	12	16	22
AT3G62790	329	473	347	367	418	384
AT3G62800	91	139	120	129	138	124
AT3G62810	373	473	342	405	508	396
AT3G62820	352	418	388	416	340	278
AT3G62830	573	704	640	698	730	739
AT3G62840	730	912	697	813	949	803
AT3G62850	0	2	0	1	0	0
AT3G62860	224	300	223	153	171	125
AT3G62870	3407	3599	3555	2964	3464	3529
AT3G62880	151	171	164	127	145	129
AT3G62890	43	36	44	50	47	44
AT3G62900	889	1070	1070	1024	572	913
AT3G62910	408	365	413	466	529	487
AT3G62920	70	92	76	46	56	46
AT3G62930	23	45	24	44	30	34
AT3G62940	316	356	350	372	367	356
AT3G62950	71	60	55	62	59	59
AT3G62960	10	15	12	8	12	11
AT3G62970	128	189	148	149	182	145
AT3G62980	1085	1270	1140	1306	1199	1308
AT3G62990	0	3	3	0	0	0
AT3G63000	482	632	550	544	499	511
AT3G63003	0	0	0	0	0	0
AT3G63006	0	0	0	0	0	0
AT3G63010	352	395	444	211	183	215
AT3G63020	3	1	1	2	0	2
AT3G63030	161	192	146	153	153	181
AT3G63040	0	0	0	0	1	1
AT3G63050	3	3	1	1	4	6
AT3G63052	0	0	0	0	2	0
AT3G63060	9	13	3	7	5	5
AT3G63070	865	993	990	862	590	786
AT3G63080	375	483	379	372	453	337
AT3G63088	10	14	10	15	10	18
AT3G63090	61	83	86	87	97	132
AT3G63093	0	0	0	0	0	0
AT3G63095	0	0	0	0	0	0
AT3G63110	58	78	92	131	79	105
AT3G63120	163	192	142	186	260	221
AT3G63130	194	206	222	292	263	286
AT3G63140	1308	1472	1258	1740	2208	1627
AT3G63150	703	786	758	740	620	669
AT3G63160	4480	5004	4347	7193	8727	7057
AT3G63170	340	390	376	494	408	460
AT3G63180	422	456	470	519	367	443
AT3G63190	1230	1225	1264	1340	1509	1410
AT3G63200	98	138	147	395	308	413
AT3G63210	284	352	247	484	416	477
AT3G63215	0	0	0	0	0	0
AT3G63220	161	201	225	179	199	180
AT3G63230	0	0	0	0	0	0
AT3G63240	222	246	247	202	209	232
AT3G63250	304	377	331	412	397	397
AT3G63255	0	0	0	0	0	0
AT3G63260	570	674	643	591	425	479
AT3G63270	135	157	146	142	164	174
AT3G63280	31	39	49	46	36	36
AT3G63290	45	35	21	43	33	44
AT3G63300	94	116	123	182	92	146
AT3G63310	805	1144	1091	632	784	626
AT3G63320	0	0	0	0	1	0
AT3G63340	678	883	756	885	749	784
AT3G63350	1	2	0	0	1	0
AT3G63360	0	0	0	0	1	0
AT3G63370	129	105	88	167	139	169
AT3G63375	2	8	5	7	5	6
AT3G63380	1796	2505	3005	631	543	466
AT3G63390	294	373	354	298	312	254
AT3G63400	1308	1572	1454	1269	1355	1188
AT3G63410	1960	1971	2103	2489	2958	2476
AT3G63420	372	490	397	246	312	262
AT3G63430	11	24	17	26	26	39
AT3G63440	1	0	0	0	0	0
AT3G63445	54	93	70	69	96	78
AT3G63450	55	71	75	76	81	106
AT3G63460	2581	2628	3029	2574	1731	2243
AT3G63470	20	25	26	45	22	45
AT3G63480	14	35	21	28	27	29
AT3G63490	3897	3955	3999	4592	5005	4362
AT3G63500	1264	1533	1462	1103	917	1120
AT3G63510	156	131	162	228	163	231
AT3G63520	2113	2523	2237	3073	2881	2654
AT3G63530	49	43	55	77	83	95
AT3G63540	2145	2223	2151	2511	3314	2404
AT3G66652	73	84	79	113	93	111
AT3G66654	608	821	791	504	516	458
AT3G66656	0	0	0	0	0	0
AT3G66658	323	349	254	354	310	331
AT4G00005	0	0	0	0	0	0
AT4G00020	199	179	177	160	124	151
AT4G00026	321	299	341	313	330	299
AT4G00030	383	506	457	505	464	499
AT4G00040	467	622	567	577	733	564
AT4G00050	63	90	76	77	59	74
AT4G00060	783	1021	969	914	663	834
AT4G00070	7	7	9	20	13	16
AT4G00080	7	3	22	14	22	29
AT4G00085	0	0	0	0	0	0
AT4G00090	479	569	562	479	495	459
AT4G00100	1905	2050	2190	1948	2522	2267
AT4G00110	102	132	105	115	106	117
AT4G00120	0	0	0	0	0	0
AT4G00130	0	0	4	0	0	0
AT4G00140	0	0	0	0	0	0
AT4G00150	281	261	230	271	241	310
AT4G00155	0	0	0	0	0	0
AT4G00160	0	0	0	0	0	0
AT4G00163	0	0	0	0	0	0
AT4G00165	0	0	1	2	1	0
AT4G00170	333	350	307	271	338	295
AT4G00180	550	753	570	669	724	612
AT4G00190	0	0	0	0	0	0
AT4G00200	28	37	43	47	59	50
AT4G00210	3	0	5	1	0	1
AT4G00220	3	11	4	4	3	1
AT4G00230	191	199	233	217	201	209
AT4G00231	210	246	229	219	216	232
AT4G00232	0	0	0	0	0	0
AT4G00234	0	0	0	0	0	0
AT4G00238	152	170	180	210	213	271
AT4G00240	67	93	101	62	66	73
AT4G00250	4	7	9	7	14	7
AT4G00260	0	0	0	0	0	0
AT4G00270	201	276	235	261	246	310
AT4G00280	0	0	0	1	0	0
AT4G00290	181	227	201	202	255	237
AT4G00295	0	0	0	0	0	0
AT4G00300	961	1086	1094	640	581	566
AT4G00305	2	6	8	2	1	2
AT4G00310	43	60	54	49	37	63
AT4G00315	0	0	0	0	0	0
AT4G00320	0	0	0	0	0	0
AT4G00330	941	1276	1165	591	801	538
AT4G00335	175	224	200	216	209	176
AT4G00340	369	430	412	494	455	468
AT4G00342	0	0	0	0	0	0
AT4G00350	2	0	1	1	0	1
AT4G00355	699	860	717	821	838	685
AT4G00360	558	545	502	468	304	364
AT4G00370	620	566	518	882	897	839
AT4G00380	78	81	77	104	95	131
AT4G00390	41	49	39	43	40	30
AT4G00400	305	277	259	462	362	404
AT4G00416	0	0	0	2	1	0
AT4G00420	143	177	171	143	154	150
AT4G00430	474	562	514	744	667	807
AT4G00440	244	271	327	276	175	253
AT4G00450	971	1088	1005	1032	646	1010
AT4G00460	4	3	8	12	13	8
AT4G00467	0	0	0	0	0	0
AT4G00480	59	58	70	80	60	81
AT4G00490	257	285	248	338	239	347
AT4G00500	198	234	216	175	181	168
AT4G00520	153	211	184	249	215	200
AT4G00525	11	31	23	21	28	15
AT4G00530	24	35	26	28	47	40
AT4G00540	0	1	0	0	0	0
AT4G00550	232	277	238	184	175	201
AT4G00560	306	392	347	387	401	370
AT4G00570	1214	1522	1404	1127	905	1186
AT4G00580	0	0	0	1	0	1
AT4G00585	683	950	731	622	757	635
AT4G00590	210	239	176	206	234	215
AT4G00600	1	0	0	0	1	0
AT4G00610	0	0	0	0	0	0
AT4G00620	169	150	178	221	186	240
AT4G00630	945	940	870	1051	747	1025
AT4G00650	102	113	129	111	114	112
AT4G00651	1	1	0	0	0	4
AT4G00660	550	599	610	654	554	629
AT4G00670	7	17	10	24	11	19
AT4G00680	19	14	25	18	17	11
AT4G00690	28	30	30	45	40	46
AT4G00695	5	13	2	4	11	7
AT4G00700	38	62	71	90	59	93
AT4G00710	893	1071	942	1129	1071	1014
AT4G00720	1340	1631	1484	1635	1215	1465
AT4G00730	1520	1855	1685	2204	2008	2103
AT4G00740	696	778	748	850	737	769
AT4G00750	463	522	525	324	328	258
AT4G00752	397	449	388	438	414	492
AT4G00755	194	217	202	301	262	249
AT4G00760	162	221	187	142	186	177
AT4G00770	0	1	1	2	1	2
AT4G00780	297	369	411	426	339	384
AT4G00800	1092	1231	1159	1281	814	1117
AT4G00810	1200	1401	1227	1247	1602	1371
AT4G00820	94	91	90	140	109	152
AT4G00830	764	989	872	931	938	984
AT4G00840	137	183	145	149	173	157
AT4G00850	46	53	45	41	43	49
AT4G00860	702	1018	813	617	760	613
AT4G00870	3	2	2	5	2	3
AT4G00872	0	0	0	0	0	0
AT4G00880	1	0	0	4	1	6
AT4G00883	0	0	0	0	0	0
AT4G00885	0	0	0	0	0	0
AT4G00889	0	0	0	0	0	0
AT4G00890	0	1	2	0	0	0
AT4G00893	0	0	1	0	0	0
AT4G00895	789	963	812	882	980	854
AT4G00900	256	263	292	289	181	281
AT4G00905	0	0	0	0	0	0
AT4G00910	7	16	8	51	53	72
AT4G00920	0	1	0	0	0	1
AT4G00925	0	0	0	0	0	0
AT4G00930	159	158	148	203	167	189
AT4G00940	33	50	43	29	28	22
AT4G00950	163	221	164	278	302	251
AT4G00953	0	0	0	0	0	0
AT4G00955	43	67	42	50	39	40
AT4G00960	6	7	0	4	3	3
AT4G00970	123	150	152	42	31	41
AT4G00975	1	0	0	2	2	2
AT4G00980	42	48	55	46	38	45
AT4G00985	0	0	0	0	0	0
AT4G00990	388	482	426	453	385	526
AT4G01000	1322	1643	1492	1444	1626	1414
AT4G01010	427	685	634	164	159	145
AT4G01020	187	165	160	212	139	202
AT4G01023	2	3	0	1	0	1
AT4G01026	98	133	101	94	94	97
AT4G01030	36	59	52	66	56	72
AT4G01037	541	455	531	687	704	693
AT4G01040	244	346	285	310	281	305
AT4G01050	2223	2198	2306	2791	2842	2716
AT4G01060	14	19	6	17	34	9
AT4G01070	1135	1432	1613	432	352	407
AT4G01080	9	16	5	13	13	13
AT4G01090	420	481	506	322	286	327
AT4G01100	2212	2512	2378	2261	2050	2192
AT4G01110	11	9	10	0	12	8
AT4G01120	285	403	315	290	483	309
AT4G01130	69	54	43	85	104	78
AT4G01140	0	2	4	6	11	4
AT4G01150	3946	4425	4168	4794	5489	4812
AT4G01160	0	0	0	0	0	0
AT4G01170	0	0	0	0	0	0
AT4G01180	0	0	0	0	0	0
AT4G01190	0	2	2	0	4	2
AT4G01200	15	13	10	15	13	14
AT4G01210	652	704	726	663	564	656
AT4G01220	119	114	112	128	107	106
AT4G01230	1	7	0	1	1	4
AT4G01240	0	1	7	7	1	4
AT4G01245	0	0	0	0	0	0
AT4G01250	242	255	282	183	197	210
AT4G01260	0	0	0	0	0	0
AT4G01270	15	15	20	12	12	20
AT4G01280	94	101	123	95	82	124
AT4G01290	1644	1959	1918	1689	1251	1561
AT4G01310	2281	2405	2398	2395	3055	2698
AT4G01320	917	979	1057	716	646	728
AT4G01330	542	649	589	634	661	669
AT4G01335	4	1	2	5	3	6
AT4G01340	0	2	0	0	4	2
AT4G01350	64	51	83	108	80	110
AT4G01355	0	0	0	0	0	0
AT4G01360	65	108	143	3	7	7
AT4G01370	623	732	754	577	580	584
AT4G01380	0	0	0	0	0	0
AT4G01390	18	21	20	23	27	48
AT4G01395	644	792	734	751	715	680
AT4G01400	36	25	24	30	20	23
AT4G01410	119	134	116	123	157	117
AT4G01420	0	1	3	1	0	1
AT4G01430	50	65	64	76	67	62
AT4G01435	0	0	1	1	0	1
AT4G01440	71	79	74	108	73	108
AT4G01450	236	334	245	272	262	241
AT4G01460	45	70	52	72	62	82
AT4G01470	0	2	0	0	0	0
AT4G01480	148	195	231	263	309	273
AT4G01500	4	5	1	5	5	2
AT4G01510	34	63	43	61	52	64
AT4G01516	0	0	0	0	0	0
AT4G01520	0	0	0	0	0	0
AT4G01533	0	0	1	0	0	0
AT4G01535	0	2	1	0	2	0
AT4G01540	190	232	270	125	109	102
AT4G01550	95	153	143	146	128	158
AT4G01560	478	548	537	540	449	465
AT4G01570	172	164	173	188	181	194
AT4G01575	0	0	0	0	0	0
AT4G01580	38	44	42	66	64	77
AT4G01590	325	382	313	325	328	345
AT4G01593	44	58	69	79	84	90
AT4G01595	0	0	0	0	0	0
AT4G01600	71	99	74	90	53	64
AT4G01610	1224	1742	1449	1473	1337	1356
AT4G01630	10	7	13	6	4	2
AT4G01640	0	0	0	0	0	0
AT4G01650	184	176	153	167	156	157
AT4G01660	385	454	457	337	289	319
AT4G01670	68	83	68	70	84	84
AT4G01671	0	0	0	0	0	0
AT4G01680	74	71	71	99	60	93
AT4G01690	1351	1397	1354	1418	1250	1282
AT4G01700	349	442	502	113	110	160
AT4G01703	0	0	0	0	0	0
AT4G01710	130	203	152	161	144	135
AT4G01720	475	522	466	500	330	449
AT4G01730	23	44	39	53	56	60
AT4G01735	2	0	0	3	4	1
AT4G01740	36	59	42	72	64	82
AT4G01750	325	379	403	232	218	229
AT4G01760	0	0	3	0	0	1
AT4G01770	7	8	9	10	8	15
AT4G01780	0	4	9	0	0	1
AT4G01790	34	33	33	36	43	29
AT4G01800	2198	2334	2403	2612	2400	2463
AT4G01810	807	750	859	679	448	652
AT4G01820	8	6	8	5	2	5
AT4G01830	5	4	1	8	5	4
AT4G01840	169	261	169	150	174	172
AT4G01850	2142	2606	2603	1956	2144	1953
AT4G01860	336	449	396	436	365	416
AT4G01865	0	0	0	0	0	0
AT4G01870	11199	13864	17662	1998	1785	1463
AT4G01880	203	245	234	187	240	194
AT4G01883	95	73	119	98	87	105
AT4G01890	0	0	0	1	0	1
AT4G01895	60	123	121	15	22	15
AT4G01897	111	167	143	133	129	136
AT4G01900	455	603	538	572	491	548
AT4G01910	42	47	72	51	46	71
AT4G01915	51	75	41	124	118	108
AT4G01920	28	32	39	36	41	35
AT4G01925	2	5	7	6	7	7
AT4G01930	6	4	7	5	0	7
AT4G01935	77	72	67	87	84	84
AT4G01940	712	874	747	774	744	659
AT4G01950	151	137	153	121	115	117
AT4G01960	315	349	376	220	233	223
AT4G01970	5	1	8	0	6	0
AT4G01985	0	1	4	2	3	5
AT4G01990	46	58	34	61	60	65
AT4G01995	126	149	131	181	196	191
AT4G02000	17	22	19	28	19	29
AT4G02005	63	100	72	88	72	82
AT4G02010	344	408	380	455	360	443
AT4G02020	511	670	558	680	634	635
AT4G02030	500	500	479	467	412	469
AT4G02040	0	0	0	0	0	0
AT4G02050	370	481	430	426	372	405
AT4G02055	0	0	0	0	0	0
AT4G02060	292	299	277	301	244	300
AT4G02070	255	226	224	290	200	260
AT4G02075	116	183	133	160	144	132
AT4G02080	887	1178	1056	856	987	845
AT4G02090	16	11	21	32	42	25
AT4G02100	126	188	155	172	159	167
AT4G02110	112	132	141	137	92	125
AT4G02120	507	633	579	599	573	563
AT4G02130	186	204	173	196	275	213
AT4G02140	0	2	0	1	3	2
AT4G02150	242	273	280	272	247	279
AT4G02160	0	0	0	1	0	1
AT4G02170	2	3	3	0	0	1
AT4G02180	5	6	9	14	12	12
AT4G02190	0	0	0	0	1	1
AT4G02195	136	156	197	113	99	110
AT4G02200	82	132	101	78	76	68
AT4G02210	83	107	78	89	87	101
AT4G02220	221	295	259	285	242	255
AT4G02230	1771	2150	1957	1651	1986	1736
AT4G02235	0	0	0	0	0	0
AT4G02250	0	0	0	0	0	0
AT4G02260	788	893	778	1015	971	1051
AT4G02270	44	47	88	26	50	19
AT4G02280	484	665	670	387	358	428
AT4G02290	16	27	17	68	39	81
AT4G02300	0	0	0	0	0	0
AT4G02310	0	0	0	0	0	0
AT4G02320	0	0	0	0	0	0
AT4G02330	539	431	472	210	121	309
AT4G02340	351	449	384	392	408	391
AT4G02350	741	888	859	642	537	576
AT4G02360	20	27	19	16	20	21
AT4G02370	766	992	863	839	866	873
AT4G02380	9100	10937	10562	8454	9150	6533
AT4G02390	94	94	103	119	110	109
AT4G02400	494	509	509	620	437	626
AT4G02405	190	194	192	181	199	192
AT4G02410	292	381	324	151	129	203
AT4G02420	29	35	31	23	32	23
AT4G02425	55	46	65	73	53	62
AT4G02430	345	436	341	447	489	408
AT4G02440	288	353	338	323	377	291
AT4G02450	1468	1652	1678	1628	1758	1709
AT4G02460	103	128	114	144	124	151
AT4G02465	0	0	0	0	0	0
AT4G02480	4345	4986	4849	4735	3798	4231
AT4G02482	14	19	13	19	9	14
AT4G02485	31	53	60	55	57	62
AT4G02489	0	0	0	0	0	0
AT4G02500	807	874	822	933	875	930
AT4G02510	4095	4371	4204	5074	4361	4993
AT4G02520	1862	3112	2827	760	1473	873
AT4G02530	734	812	831	949	985	822
AT4G02540	402	472	494	498	419	460
AT4G02541	0	0	0	0	0	3
AT4G02550	201	281	249	187	207	148
AT4G02555	0	0	0	1	0	0
AT4G02560	356	392	432	392	309	400
AT4G02570	3001	3438	3418	3104	2492	2713
AT4G02580	973	1096	1093	956	1027	960
AT4G02590	669	859	776	667	557	669
AT4G02600	326	400	346	354	348	376
AT4G02610	85	141	124	133	155	113
AT4G02620	1194	1406	1209	1102	1105	1037
AT4G02630	56	97	41	94	63	92
AT4G02640	571	719	649	624	569	565
AT4G02650	1	1	2	0	1	1
AT4G02655	0	0	1	4	0	2
AT4G02660	94	121	132	117	74	75
AT4G02670	4	6	4	2	6	2
AT4G02680	713	849	732	796	750	869
AT4G02690	4	0	3	1	2	2
AT4G02700	122	155	150	107	87	85
AT4G02710	111	153	144	225	163	194
AT4G02715	860	1065	961	1283	1009	1238
AT4G02720	0	0	0	0	0	0
AT4G02725	431	457	455	495	565	466
AT4G02730	69	82	84	76	45	56
AT4G02733	0	0	0	0	0	0
AT4G02735	0	0	0	0	0	0
AT4G02740	287	390	343	260	274	236
AT4G02750	30	36	27	42	37	45
AT4G02760	177	249	240	235	198	200
AT4G02770	4491	4996	4045	7161	7628	6255
AT4G02780	2	7	0	7	2	6
AT4G02790	338	396	386	511	520	528
AT4G02800	33	28	46	99	53	70
AT4G02810	0	0	0	0	1	0
AT4G02820	143	164	144	197	179	174
AT4G02830	17	22	23	47	27	25
AT4G02840	270	326	253	293	288	301
AT4G02850	9	3	10	16	10	25
AT4G02860	859	1134	1062	672	599	572
AT4G02870	0	0	0	0	0	0
AT4G02880	411	541	516	465	382	416
AT4G02890	1065	1286	1384	1112	1150	1112
AT4G02900	90	117	90	101	95	116
AT4G02910	0	0	0	0	0	0
AT4G02920	480	485	485	628	628	575
AT4G02930	1056	1039	1126	1107	925	1182
AT4G02940	1682	2124	2275	724	566	548
AT4G02950	0	0	1	0	0	0
AT4G02970	757	1407	901	708	1198	692
AT4G02980	120	150	131	109	121	125
AT4G02990	488	477	474	630	601	632
AT4G03000	496	584	515	495	438	464
AT4G03010	30	40	35	20	30	30
AT4G03020	1696	2062	1955	1508	1378	1314
AT4G03030	893	1194	1083	974	934	795
AT4G03038	0	0	0	0	0	0
AT4G03039	0	0	0	0	0	0
AT4G03040	0	0	0	0	0	0
AT4G03050	0	0	0	0	0	0
AT4G03070	11	20	20	35	26	28
AT4G03080	1129	1344	1298	1095	864	1067
AT4G03090	142	158	156	206	171	225
AT4G03100	40	51	49	70	51	79
AT4G03110	582	729	673	366	386	415
AT4G03113	0	0	0	0	0	0
AT4G03115	87	77	102	108	75	103
AT4G03120	243	287	280	208	255	227
AT4G03130	4	9	7	20	10	15
AT4G03135	0	0	0	0	0	0
AT4G03140	15	13	18	17	9	18
AT4G03150	96	116	82	126	152	131
AT4G03153	0	0	0	0	0	0
AT4G03156	0	0	0	0	0	0
AT4G03157	0	0	0	0	0	0
AT4G03160	0	0	0	0	0	0
AT4G03165	0	0	0	0	0	0
AT4G03170	0	0	0	0	0	0
AT4G03175	1	0	0	0	0	0
AT4G03180	228	217	231	204	216	189
AT4G03190	339	341	283	558	373	466
AT4G03200	418	563	505	517	439	426
AT4G03205	183	316	256	261	330	304
AT4G03210	239	244	222	349	312	388
AT4G03220	0	0	0	1	1	0
AT4G03230	102	122	129	151	126	113
AT4G03240	172	234	230	201	197	220
AT4G03250	98	104	98	132	112	93
AT4G03260	1162	1343	1438	1085	871	1023
AT4G03270	4	3	4	24	10	17
AT4G03280	4946	5498	4959	5947	6936	5366
AT4G03285	0	0	0	0	0	0
AT4G03290	0	0	0	0	0	0
AT4G03292	2	1	0	4	3	5
AT4G03295	0	0	0	0	0	0
AT4G03298	0	0	0	0	0	0
AT4G03320	160	221	205	126	173	119
AT4G03330	1	1	1	4	0	2
AT4G03340	21	16	25	28	36	30
AT4G03350	0	0	0	0	0	0
AT4G03360	0	0	0	0	0	0
AT4G03370	0	0	0	0	0	0
AT4G03380	12	9	5	14	13	11
AT4G03390	688	750	642	599	583	667
AT4G03400	63	102	83	133	160	134
AT4G03405	0	0	0	0	0	0
AT4G03410	303	441	381	260	276	197
AT4G03415	395	449	392	648	473	607
AT4G03420	371	477	381	412	334	380
AT4G03430	941	1118	1106	1070	927	976
AT4G03435	0	0	0	0	0	0
AT4G03438	2	2	0	0	0	0
AT4G03440	27	45	37	52	50	45
AT4G03443	6	7	8	11	9	9
AT4G03445	6	7	1	6	6	9
AT4G03450	2	4	18	0	3	1
AT4G03455	0	0	0	3	0	0
AT4G03460	108	104	146	91	49	110
AT4G03470	1	0	1	2	0	1
AT4G03480	3	4	0	3	4	6
AT4G03490	7	11	16	16	10	18
AT4G03495	1	0	0	0	0	0
AT4G03500	3	8	13	2	4	0
AT4G03505	2	9	7	2	4	0
AT4G03510	1186	1505	1223	1170	1307	1198
AT4G03520	2441	2869	2588	2816	3224	2650
AT4G03525	0	0	0	0	0	0
AT4G03535	0	0	0	0	0	0
AT4G03540	20	20	32	17	13	5
AT4G03545	0	0	0	0	0	0
AT4G03550	1380	1621	1795	1234	841	1155
AT4G03555	0	0	0	0	0	0
AT4G03560	2574	2831	2818	2675	1909	2289
AT4G03565	1	0	0	0	0	0
AT4G03566	0	0	0	0	0	0
AT4G03570	0	0	0	0	0	0
AT4G03575	0	0	0	0	0	0
AT4G03580	0	0	0	0	0	0
AT4G03585	0	0	0	0	0	0
AT4G03590	0	0	0	0	0	0
AT4G03595	2	1	0	2	1	3
AT4G03600	10	12	12	11	14	11
AT4G03605	0	0	0	0	0	0
AT4G03610	3	7	7	10	4	13
AT4G03620	0	0	0	0	0	0
AT4G03625	0	0	0	0	0	0
AT4G03630	0	0	0	0	0	0
AT4G03635	42	50	36	40	59	62
AT4G03645	0	0	0	0	0	0
AT4G03655	0	0	0	0	0	0
AT4G03665	0	0	0	0	0	0
AT4G03675	0	0	0	0	0	0
AT4G03685	0	0	0	0	0	0
AT4G03705	0	2	0	1	1	2
AT4G03715	0	0	0	1	0	0
AT4G03725	1	3	4	5	1	5
AT4G03728	0	0	0	0	0	0
AT4G03740	0	0	0	0	0	0
AT4G03755	1	2	3	2	2	3
AT4G03765	0	0	0	0	0	0
AT4G03785	0	0	0	0	0	0
AT4G03805	0	0	0	0	0	0
AT4G03811	0	1	2	2	1	5
AT4G03815	0	0	0	0	0	0
AT4G03820	129	163	142	121	76	94
AT4G03830	0	0	0	0	0	0
AT4G03845	2	4	0	1	1	3
AT4G03855	0	0	0	0	0	0
AT4G03875	0	0	0	0	0	0
AT4G03895	0	0	0	0	0	0
AT4G03905	1	0	0	0	2	0
AT4G03915	0	0	0	0	0	0
AT4G03925	1	0	0	1	0	0
AT4G03930	5	1	0	8	8	14
AT4G03935	70	57	60	85	80	94
AT4G03940	33	36	40	58	47	37
AT4G03945	0	0	0	0	0	0
AT4G03950	0	0	0	0	0	0
AT4G03955	0	0	0	0	0	0
AT4G03960	61	90	78	45	74	61
AT4G03965	1	3	2	2	0	2
AT4G03985	0	0	0	0	0	0
AT4G03995	0	0	0	0	0	0
AT4G04005	1	4	0	6	2	4
AT4G04015	3	7	2	4	4	6
AT4G04020	278	300	275	256	231	207
AT4G04025	0	1	0	0	1	0
AT4G04030	0	0	0	1	0	0
AT4G04035	2	2	2	2	2	0
AT4G04040	1495	1821	1401	1527	1482	1268
AT4G04055	0	0	0	0	0	0
AT4G04065	0	0	0	0	0	0
AT4G04075	2	2	3	2	3	0
AT4G04077	0	0	0	0	0	0
AT4G04078	0	0	0	0	0	0
AT4G04080	0	0	0	0	0	0
AT4G04085	0	0	0	0	0	0
AT4G04090	0	0	1	0	0	0
AT4G04095	0	0	0	0	0	0
AT4G04110	0	0	0	0	0	0
AT4G04115	0	0	0	0	0	0
AT4G04125	0	0	0	0	0	0
AT4G04135	0	1	1	0	0	0
AT4G04180	74	83	88	97	92	92
AT4G04185	0	0	0	0	0	0
AT4G04190	33	34	27	31	28	44
AT4G04195	0	0	0	0	0	0
AT4G04200	144	215	197	178	208	179
AT4G04205	0	0	0	0	0	0
AT4G04210	331	433	404	341	343	311
AT4G04215	0	0	0	0	0	0
AT4G04220	0	0	0	0	0	0
AT4G04221	2	1	0	3	2	3
AT4G04223	9	15	10	15	16	7
AT4G04225	2	0	7	5	4	3
AT4G04235	0	0	0	0	0	0
AT4G04260	4	4	1	3	3	2
AT4G04265	0	0	0	0	0	0
AT4G04275	0	0	0	0	0	0
AT4G04285	0	0	0	0	0	0
AT4G04295	0	0	0	0	0	0
AT4G04305	0	0	0	0	0	0
AT4G04315	0	0	0	0	0	0
AT4G04320	618	642	640	479	418	367
AT4G04325	1	0	0	0	0	0
AT4G04330	134	169	122	317	321	290
AT4G04335	0	0	0	0	0	0
AT4G04340	683	727	662	1205	1017	1027
AT4G04345	0	0	0	0	0	0
AT4G04350	618	538	550	742	646	702
AT4G04355	0	0	0	0	0	0
AT4G04360	22	34	31	24	56	29
AT4G04365	0	0	0	0	0	0
AT4G04370	78	89	62	117	73	99
AT4G04385	0	0	0	0	0	0
AT4G04402	0	0	0	0	0	0
AT4G04404	0	0	0	0	0	0
AT4G04415	1	2	1	3	1	1
AT4G04423	0	0	3	2	0	0
AT4G04425	0	0	0	1	0	0
AT4G04435	7	5	11	5	13	6
AT4G04445	1	6	7	7	9	3
AT4G04450	13	6	18	11	7	12
AT4G04455	0	0	0	0	0	0
AT4G04460	14	3	16	8	6	13
AT4G04465	1	0	3	0	4	1
AT4G04470	249	350	307	288	267	315
AT4G04475	0	0	0	1	0	0
AT4G04480	6	20	23	0	0	0
AT4G04485	2	0	1	2	2	2
AT4G04490	17	38	44	4	11	10
AT4G04500	5	1	2	1	4	0
AT4G04505	0	0	0	0	0	0
AT4G04510	1	1	3	0	3	1
AT4G04515	0	0	0	0	0	0
AT4G04535	0	0	0	0	0	0
AT4G04540	107	159	238	0	3	2
AT4G04555	0	0	0	0	0	0
AT4G04565	4	12	2	1	6	2
AT4G04570	781	908	852	561	569	505
AT4G04580	0	0	0	0	0	0
AT4G04585	0	0	0	0	0	0
AT4G04601	0	0	0	0	0	0
AT4G04605	0	0	0	0	0	0
AT4G04610	551	1052	1074	136	234	200
AT4G04614	238	294	277	241	288	218
AT4G04615	1	0	0	0	0	0
AT4G04620	548	706	548	455	549	378
AT4G04625	0	0	0	0	0	0
AT4G04630	55	70	50	73	67	82
AT4G04632	0	0	0	0	0	0
AT4G04640	4122	4118	3640	5381	5311	5078
AT4G04645	0	0	0	0	0	0
AT4G04650	0	0	0	0	0	0
AT4G04665	0	0	0	0	0	0
AT4G04670	183	184	172	286	237	271
AT4G04675	0	0	0	1	2	0
AT4G04680	1	2	1	1	1	1
AT4G04690	0	0	0	0	0	0
AT4G04695	95	141	108	98	92	98
AT4G04700	119	146	148	66	61	88
AT4G04710	3	5	11	3	4	1
AT4G04720	945	1059	942	902	770	824
AT4G04730	0	0	0	0	1	0
AT4G04740	720	965	868	651	545	593
AT4G04745	23	24	32	54	58	78
AT4G04750	19	40	18	36	35	42
AT4G04755	0	0	0	0	0	0
AT4G04760	1	1	0	1	0	0
AT4G04765	0	0	0	0	0	0
AT4G04770	1006	887	931	1160	1011	1023
AT4G04775	0	0	0	0	0	0
AT4G04780	98	117	104	103	155	173
AT4G04785	0	0	0	0	0	0
AT4G04790	50	62	52	98	76	94
AT4G04795	0	0	0	0	0	0
AT4G04800	353	413	382	259	281	259
AT4G04805	0	0	0	0	0	0
AT4G04810	5	11	5	24	11	9
AT4G04815	0	0	0	0	0	0
AT4G04825	0	0	0	0	0	0
AT4G04830	68	89	84	94	121	106
AT4G04835	2	1	3	2	1	4
AT4G04840	21	15	15	27	29	37
AT4G04850	191	222	195	282	291	291
AT4G04855	3	0	1	5	3	1
AT4G04860	211	257	230	247	232	211
AT4G04865	2	2	5	2	3	5
AT4G04870	121	130	150	96	112	141
AT4G04875	0	0	0	0	0	0
AT4G04880	198	219	207	190	177	198
AT4G04885	412	493	411	468	368	422
AT4G04890	1209	1414	1234	1612	1316	1472
AT4G04895	1	0	1	2	1	0
AT4G04900	2	7	1	3	9	6
AT4G04905	0	0	0	0	0	0
AT4G04910	957	1024	1129	1060	750	1036
AT4G04920	1064	1222	1222	1101	784	973
AT4G04925	283	364	266	263	335	279
AT4G04930	0	0	0	0	2	2
AT4G04940	201	172	165	319	205	293
AT4G04945	0	0	0	0	0	0
AT4G04950	407	472	426	549	432	510
AT4G04955	286	461	302	284	389	251
AT4G04957	0	0	0	0	0	0
AT4G04960	563	655	695	504	355	407
AT4G04965	0	0	0	0	0	0
AT4G04970	473	532	525	578	392	572
AT4G04972	6	15	6	11	11	15
AT4G04975	0	0	1	0	0	0
AT4G04980	0	0	0	0	0	0
AT4G04985	0	0	0	0	0	0
AT4G04990	153	191	154	249	196	223
AT4G04995	0	0	0	0	0	0
AT4G05000	149	169	154	158	170	143
AT4G05005	0	0	0	0	0	0
AT4G05010	100	121	121	42	61	47
AT4G05015	0	0	0	0	0	1
AT4G05018	6	11	13	4	3	0
AT4G05020	564	683	869	193	205	189
AT4G05025	0	0	0	0	0	0
AT4G05030	0	3	2	0	0	0
AT4G05040	161	177	133	188	178	209
AT4G05045	0	0	0	0	0	0
AT4G05048	0	0	0	0	0	0
AT4G05050	2845	3657	3581	2453	2211	2410
AT4G05055	0	0	0	0	0	0
AT4G05060	279	299	289	239	305	223
AT4G05065	0	0	0	0	0	0
AT4G05070	2029	3061	2006	2126	2360	2103
AT4G05071	1	1	0	0	4	3
AT4G05075	0	0	0	0	0	0
AT4G05080	0	0	0	0	0	0
AT4G05085	0	0	0	0	0	0
AT4G05090	244	302	259	239	245	248
AT4G05091	0	0	1	0	2	1
AT4G05095	0	0	0	0	0	0
AT4G05097	0	0	0	0	0	0
AT4G05100	10	13	11	15	17	11
AT4G05105	0	3	0	0	1	0
AT4G05110	0	5	2	6	4	4
AT4G05115	0	0	0	0	0	0
AT4G05120	230	247	206	158	191	195
AT4G05125	0	0	0	0	0	0
AT4G05130	25	26	26	26	16	28
AT4G05135	0	0	0	0	0	0
AT4G05140	0	0	0	0	0	0
AT4G05150	2031	2694	2107	2926	2758	2577
AT4G05155	2	0	2	7	3	2
AT4G05160	711	856	824	731	588	692
AT4G05170	1	5	3	7	6	2
AT4G05180	5142	5728	5384	8379	8688	7151
AT4G05190	55	55	57	118	72	123
AT4G05200	66	56	55	162	107	147
AT4G05205	0	0	0	0	0	0
AT4G05210	26	14	10	37	27	23
AT4G05215	0	0	0	0	0	0
AT4G05220	0	0	0	0	0	0
AT4G05225	0	0	0	0	0	0
AT4G05230	0	0	0	0	0	0
AT4G05235	0	0	0	0	0	0
AT4G05240	0	0	0	0	0	0
AT4G05245	0	0	0	0	0	0
AT4G05250	0	0	0	0	0	0
AT4G05255	0	0	0	0	0	0
AT4G05260	0	0	0	0	0	0
AT4G05270	0	0	0	0	0	0
AT4G05275	0	0	0	1	0	0
AT4G05285	0	0	0	0	0	0
AT4G05295	0	0	0	0	0	0
AT4G05305	0	0	0	0	0	0
AT4G05310	0	0	0	0	0	0
AT4G05315	0	2	0	2	0	0
AT4G05320	16790	20853	20659	15002	14156	13420
AT4G05330	251	272	208	243	312	227
AT4G05335	0	0	1	0	2	0
AT4G05340	0	0	0	0	0	0
AT4G05350	0	0	0	0	0	0
AT4G05355	0	0	0	0	0	0
AT4G05360	0	0	0	0	1	0
AT4G05365	1	0	0	0	0	1
AT4G05375	0	0	0	0	0	0
AT4G05380	3	5	4	14	7	3
AT4G05385	0	0	0	0	0	0
AT4G05390	954	1135	1341	522	464	512
AT4G05395	0	0	0	0	0	0
AT4G05400	184	160	185	192	167	232
AT4G05405	3	3	2	1	3	3
AT4G05410	247	238	249	321	267	318
AT4G05415	0	0	0	0	0	0
AT4G05420	1165	1241	1262	1225	959	1218
AT4G05425	2	0	1	0	1	1
AT4G05430	1	0	0	2	3	4
AT4G05435	0	0	0	0	0	0
AT4G05440	96	109	109	125	122	123
AT4G05445	0	0	2	0	0	0
AT4G05450	85	81	72	79	87	85
AT4G05455	0	0	0	0	0	0
AT4G05460	205	229	199	203	197	214
AT4G05465	0	0	0	0	0	0
AT4G05470	0	1	0	0	0	0
AT4G05475	0	0	0	1	0	0
AT4G05485	0	0	0	0	0	0
AT4G05490	2	3	3	0	1	0
AT4G05497	1	1	0	0	0	2
AT4G05508	0	0	0	0	0	0
AT4G05520	83	76	88	127	75	126
AT4G05523	0	0	0	0	0	0
AT4G05525	0	0	0	2	0	2
AT4G05530	485	568	503	571	499	529
AT4G05535	0	0	1	0	0	0
AT4G05540	0	0	1	0	0	0
AT4G05545	0	0	0	0	0	0
AT4G05553	0	0	0	0	0	0
AT4G05555	0	0	0	0	0	0
AT4G05565	0	0	0	0	0	0
AT4G05590	53	135	81	84	77	89
AT4G05605	0	0	0	0	0	0
AT4G05612	0	0	0	0	0	0
AT4G05615	0	0	0	0	0	0
AT4G05620	0	0	0	0	0	0
AT4G05625	0	0	0	0	0	0
AT4G05630	0	0	0	0	0	0
AT4G05631	55	60	53	90	63	69
AT4G05632	0	0	0	0	0	0
AT4G05645	0	0	0	0	0	0
AT4G05650	4	3	7	2	1	3
AT4G05655	0	0	0	0	0	0
AT4G05660	0	0	0	0	0	0
AT4G05665	0	0	0	0	0	0
AT4G05670	0	0	0	0	0	0
AT4G05675	0	0	0	0	0	0
AT4G05680	0	0	0	0	0	0
AT4G05685	28	55	29	77	56	76
AT4G05690	0	0	0	0	0	0
AT4G05695	0	0	0	0	0	0
AT4G05700	0	0	0	0	0	0
AT4G05705	0	0	0	0	0	0
AT4G05710	0	0	0	0	0	0
AT4G05715	0	0	0	0	0	0
AT4G05720	0	0	0	0	0	0
AT4G05730	0	0	0	0	0	0
AT4G05735	0	0	0	0	0	0
AT4G05740	0	0	0	0	0	0
AT4G05745	0	0	0	0	0	0
AT4G05750	0	0	0	0	0	0
AT4G05755	0	0	0	0	0	0
AT4G05760	6	4	2	5	6	3
AT4G05765	0	0	0	0	0	0
AT4G05770	0	0	0	0	0	0
AT4G05775	0	0	0	0	1	0
AT4G05780	0	0	0	0	1	0
AT4G05785	0	4	0	0	1	1
AT4G05790	0	0	0	0	0	0
AT4G05795	0	0	0	0	0	0
AT4G05800	0	0	0	0	0	0
AT4G05805	0	0	0	0	0	0
AT4G05810	0	0	0	1	0	2
AT4G05815	0	0	0	0	0	0
AT4G05840	0	1	1	6	1	1
AT4G05845	0	1	0	0	0	0
AT4G05850	0	0	0	0	0	0
AT4G05855	0	0	0	0	0	0
AT4G05860	0	0	0	0	0	0
AT4G05865	0	0	0	0	0	0
AT4G05870	0	0	0	0	0	0
AT4G05875	0	0	0	0	0	0
AT4G05880	0	0	0	0	0	0
AT4G05885	0	0	0	0	0	0
AT4G05890	0	0	0	0	0	0
AT4G05895	0	0	0	0	0	0
AT4G05900	0	0	0	0	0	0
AT4G05905	0	0	0	1	2	0
AT4G05910	0	0	0	0	0	0
AT4G05915	0	1	0	0	0	0
AT4G05920	0	0	0	0	0	0
AT4G05925	0	0	0	0	0	0
AT4G05930	0	0	0	0	0	0
AT4G05935	0	0	0	0	0	0
AT4G05940	0	0	0	0	0	0
AT4G05945	0	0	0	0	0	0
AT4G05950	0	0	0	0	0	0
AT4G05965	0	0	0	0	0	0
AT4G05970	0	0	0	0	0	0
AT4G05975	0	0	0	0	0	0
AT4G05980	0	0	0	0	0	0
AT4G05985	0	0	0	0	0	0
AT4G05990	0	0	0	0	0	0
AT4G05995	2	1	0	0	0	0
AT4G06000	0	0	0	0	0	0
AT4G06005	0	0	0	0	0	0
AT4G06010	0	0	0	0	1	0
AT4G06015	0	0	0	0	0	0
AT4G06045	0	0	0	0	0	0
AT4G06050	0	0	0	0	0	0
AT4G06055	0	0	0	0	0	0
AT4G06060	10	12	14	14	18	18
AT4G06065	1	0	1	0	1	0
AT4G06070	0	0	0	0	0	0
AT4G06075	15	20	18	10	11	12
AT4G06080	0	0	0	0	1	3
AT4G06085	0	0	0	0	0	0
AT4G06090	0	0	0	0	0	0
AT4G06095	0	0	0	0	0	0
AT4G06105	0	0	0	0	0	0
AT4G06110	0	0	0	0	0	0
AT4G06115	1	0	2	2	2	0
AT4G06130	0	0	0	0	0	0
AT4G06135	0	0	0	0	0	0
AT4G06140	0	0	0	0	0	0
AT4G06145	0	0	0	0	0	0
AT4G06155	0	0	0	0	0	0
AT4G06160	0	0	1	0	1	1
AT4G06165	0	0	0	0	0	0
AT4G06170	0	0	0	0	0	0
AT4G06175	0	0	0	0	0	0
AT4G06185	0	0	0	0	0	0
AT4G06195	41	99	65	44	132	50
AT4G06200	0	0	0	0	0	0
AT4G06205	0	0	0	0	0	0
AT4G06210	0	0	0	0	0	0
AT4G06215	0	0	0	0	0	0
AT4G06225	0	0	1	1	2	1
AT4G06235	0	0	2	0	1	0
AT4G06240	0	0	0	0	0	0
AT4G06245	0	0	0	0	0	0
AT4G06250	0	0	0	1	0	0
AT4G06255	0	0	0	0	1	0
AT4G06260	0	0	0	0	0	0
AT4G06265	0	3	1	0	2	1
AT4G06280	0	0	0	0	0	0
AT4G06285	0	0	0	0	0	0
AT4G06290	0	0	0	0	0	0
AT4G06295	0	0	0	0	0	0
AT4G06300	0	0	0	0	0	0
AT4G06305	1	3	2	1	2	0
AT4G06310	0	0	1	0	1	2
AT4G06315	2	1	1	0	1	1
AT4G06320	0	2	1	1	0	0
AT4G06330	0	0	0	0	0	0
AT4G06335	0	0	0	0	0	0
AT4G06340	9	10	3	5	1	5
AT4G06345	0	0	0	0	0	0
AT4G06365	0	0	0	0	0	0
AT4G06370	0	0	0	0	0	0
AT4G06375	0	0	0	0	0	0
AT4G06380	0	0	0	0	0	0
AT4G06385	0	0	0	0	0	0
AT4G06390	0	0	0	0	0	1
AT4G06395	0	0	0	0	0	0
AT4G06400	0	0	0	0	0	0
AT4G06405	0	0	0	0	0	0
AT4G06410	0	1	0	0	0	0
AT4G06415	0	0	0	0	0	0
AT4G06425	0	0	0	0	0	0
AT4G06440	0	0	1	0	0	0
AT4G06445	0	0	0	0	0	0
AT4G06450	0	0	0	0	0	0
AT4G06455	0	0	0	0	0	0
AT4G06460	0	0	0	0	0	0
AT4G06479	0	0	0	0	0	0
AT4G06490	0	0	0	0	0	0
AT4G06526	0	0	0	0	0	0
AT4G06534	17	19	17	29	17	23
AT4G06536	5	12	3	10	19	14
AT4G06583	0	0	0	0	0	0
AT4G06598	102	125	109	124	127	137
AT4G06599	315	348	337	363	325	324
AT4G06634	263	281	259	269	294	231
AT4G06639	0	0	0	0	0	0
AT4G06643	0	0	0	0	0	0
AT4G06655	0	0	0	0	0	0
AT4G06665	0	0	0	0	0	0
AT4G06675	0	0	0	0	0	0
AT4G06676	203	233	207	219	196	194
AT4G06685	0	0	0	0	0	0
AT4G06688	0	0	0	0	0	0
AT4G06695	1	0	0	1	1	1
AT4G06701	81	97	71	134	148	93
AT4G06705	0	0	0	0	0	0
AT4G06715	0	0	0	0	0	0
AT4G06725	0	0	0	0	0	0
AT4G06744	212	247	246	234	169	233
AT4G06745	0	0	0	0	0	0
AT4G06746	327	482	441	100	122	97
AT4G06755	0	0	0	1	0	0
AT4G06760	0	0	0	0	0	0
AT4G06765	0	0	0	0	0	0
AT4G06770	2	4	2	3	5	2
AT4G06775	6	6	7	14	17	9
AT4G06780	0	0	0	0	0	0
AT4G06785	0	0	0	0	0	0
AT4G06795	0	0	0	0	0	0
AT4G06800	0	0	0	0	0	0
AT4G06805	0	0	0	0	0	0
AT4G06810	0	0	1	0	1	1
AT4G06815	0	1	0	0	0	0
AT4G06820	0	0	0	3	0	0
AT4G06825	0	0	0	0	0	0
AT4G06830	0	0	0	0	0	0
AT4G06835	1	1	3	3	3	2
AT4G06845	0	0	0	0	0	0
AT4G06850	0	0	0	0	0	0
AT4G06855	0	0	0	0	0	0
AT4G06860	0	0	0	0	0	0
AT4G06865	0	0	0	0	0	0
AT4G06870	0	0	0	0	0	0
AT4G06875	0	0	0	0	0	0
AT4G06880	12	11	11	6	11	26
AT4G06885	0	0	0	0	0	0
AT4G06890	0	0	0	0	0	0
AT4G06895	0	0	0	0	0	0
AT4G06900	0	0	0	0	0	0
AT4G06905	0	0	2	0	0	0
AT4G06910	0	0	0	0	0	0
AT4G06915	0	0	0	0	0	0
AT4G06920	0	0	0	0	0	0
AT4G06925	0	0	0	0	0	0
AT4G06930	0	0	0	0	0	0
AT4G06935	0	3	1	0	0	2
AT4G06945	0	0	0	0	0	0
AT4G06950	0	0	0	0	0	0
AT4G06955	0	4	1	3	1	3
AT4G06960	0	0	0	0	0	0
AT4G06965	0	0	0	0	0	0
AT4G06970	0	0	0	0	0	0
AT4G06975	0	0	0	0	0	0
AT4G06980	16	17	20	36	27	18
AT4G06985	0	0	0	0	0	0
AT4G06990	0	0	0	0	0	0
AT4G06995	0	0	0	0	0	0
AT4G07000	0	0	0	0	0	0
AT4G07005	0	0	0	0	0	0
AT4G07010	0	0	0	0	0	0
AT4G07015	0	0	0	0	0	0
AT4G07020	0	0	0	0	0	0
AT4G07025	0	0	0	0	0	0
AT4G07030	0	0	0	0	0	0
AT4G07040	0	0	0	0	0	0
AT4G07045	0	0	0	0	0	0
AT4G07050	0	1	0	0	0	0
AT4G07055	0	0	0	0	0	0
AT4G07060	0	0	0	0	0	0
AT4G07065	0	1	0	0	0	1
AT4G07070	1	1	0	2	1	0
AT4G07075	0	0	0	0	0	0
AT4G07080	0	0	0	0	1	1
AT4G07085	0	0	0	0	0	0
AT4G07090	0	0	0	0	0	0
AT4G07095	0	0	0	0	0	0
AT4G07100	0	0	0	0	0	0
AT4G07105	0	0	0	0	0	0
AT4G07110	0	0	0	0	0	0
AT4G07115	0	0	0	0	0	0
AT4G07120	0	0	0	0	0	0
AT4G07125	0	0	0	0	0	0
AT4G07130	0	0	0	0	0	0
AT4G07135	1	2	1	0	1	0
AT4G07145	0	0	0	0	0	0
AT4G07150	0	0	0	0	0	0
AT4G07160	0	0	0	0	0	0
AT4G07165	0	0	0	0	0	0
AT4G07170	0	3	4	1	3	6
AT4G07175	0	0	0	0	0	0
AT4G07180	0	0	0	0	0	0
AT4G07185	0	0	0	0	0	0
AT4G07190	0	2	0	0	1	0
AT4G07195	3	3	4	19	11	17
AT4G07200	2	4	5	6	3	2
AT4G07205	15	18	22	12	8	12
AT4G07210	1	0	0	0	0	0
AT4G07215	0	0	0	0	0	0
AT4G07220	0	0	0	0	0	0
AT4G07225	0	0	0	0	0	0
AT4G07230	0	0	0	0	0	0
AT4G07235	0	0	0	0	0	2
AT4G07240	0	0	0	0	0	0
AT4G07245	0	0	0	0	0	0
AT4G07250	1	0	1	0	1	0
AT4G07255	0	0	0	0	0	0
AT4G07260	0	0	0	0	0	0
AT4G07265	0	0	0	0	0	0
AT4G07270	0	0	0	0	0	0
AT4G07275	0	0	0	0	0	0
AT4G07280	0	0	0	0	0	0
AT4G07285	0	0	0	0	0	0
AT4G07290	2	1	3	3	7	10
AT4G07295	0	0	0	0	0	0
AT4G07300	0	0	0	0	0	0
AT4G07305	0	0	0	0	0	0
AT4G07325	0	0	0	0	0	0
AT4G07335	0	0	0	0	0	0
AT4G07345	0	0	0	0	0	0
AT4G07350	0	0	0	0	0	0
AT4G07365	13	16	8	21	22	18
AT4G07375	0	0	0	0	0	0
AT4G07380	0	0	0	0	0	0
AT4G07385	2	1	0	1	4	1
AT4G07390	431	516	526	435	479	425
AT4G07395	0	0	0	0	0	1
AT4G07400	133	146	145	95	96	127
AT4G07405	0	0	0	0	0	0
AT4G07408	0	0	0	0	0	0
AT4G07410	1488	1760	1688	1510	1472	1519
AT4G07445	0	0	0	0	0	0
AT4G07455	72	96	86	112	155	115
AT4G07465	0	0	0	1	1	0
AT4G07505	0	0	0	0	0	0
AT4G07515	0	0	0	0	0	0
AT4G07524	0	0	0	0	0	0
AT4G07526	0	0	0	0	0	0
AT4G07535	0	0	0	0	0	0
AT4G07545	0	0	0	0	0	0
AT4G07565	0	0	0	0	0	0
AT4G07575	0	0	0	0	0	0
AT4G07625	0	1	0	0	0	0
AT4G07635	0	0	0	0	0	0
AT4G07645	0	0	0	0	0	0
AT4G07655	0	0	0	0	0	0
AT4G07665	0	0	0	0	0	0
AT4G07666	0	0	0	0	0	0
AT4G07670	0	0	0	0	0	0
AT4G07675	0	0	0	0	0	0
AT4G07715	0	0	0	0	0	0
AT4G07735	1	4	0	4	0	2
AT4G07740	0	0	0	0	0	0
AT4G07745	0	0	0	0	0	0
AT4G07765	0	0	0	0	0	0
AT4G07775	0	0	0	0	0	0
AT4G07785	0	0	0	0	0	0
AT4G07805	0	0	0	0	0	0
AT4G07815	0	0	1	0	0	0
AT4G07820	43	30	32	132	56	124
AT4G07825	595	631	607	682	739	780
AT4G07835	0	0	0	0	0	0
AT4G07845	0	0	0	0	0	0
AT4G07855	8	10	9	6	15	15
AT4G07865	0	0	0	0	0	0
AT4G07868	0	0	0	0	0	0
AT4G07875	0	0	0	0	0	0
AT4G07895	0	0	0	0	0	0
AT4G07905	0	0	0	0	0	0
AT4G07925	0	0	0	0	0	0
AT4G07932	0	0	0	0	0	0
AT4G07940	2	4	4	5	1	2
AT4G07950	110	169	131	133	147	146
AT4G07955	0	0	0	0	0	0
AT4G07960	10	11	18	9	12	14
AT4G07965	0	0	0	0	0	0
AT4G07975	3	0	1	4	7	2
AT4G07985	0	0	0	0	0	0
AT4G07990	282	358	334	257	282	240
AT4G07995	1	6	5	1	8	5
AT4G08005	0	0	0	0	0	0
AT4G08015	0	0	0	0	0	0
AT4G08025	0	0	0	0	0	0
AT4G08028	0	0	0	0	0	0
AT4G08035	309	468	386	407	529	456
AT4G08039	0	0	0	0	0	0
AT4G08040	74	65	83	14	29	35
AT4G08045	0	0	0	0	0	0
AT4G08055	0	0	0	0	0	0
AT4G08065	0	0	0	0	0	0
AT4G08075	0	0	0	0	0	0
AT4G08085	0	0	0	0	0	0
AT4G08097	0	0	0	0	0	0
AT4G08116	0	0	0	0	0	0
AT4G08125	0	7	0	1	1	2
AT4G08140	0	0	0	0	0	0
AT4G08150	205	230	217	333	268	347
AT4G08155	5	1	0	4	5	0
AT4G08160	11	17	18	18	5	4
AT4G08165	0	1	3	0	0	1
AT4G08170	151	194	168	186	181	195
AT4G08175	2	2	1	5	3	2
AT4G08180	674	799	839	492	427	445
AT4G08185	0	0	0	0	0	0
AT4G08190	0	0	0	0	0	1
AT4G08195	0	0	0	0	0	0
AT4G08205	0	0	0	0	0	0
AT4G08210	12	12	8	17	14	20
AT4G08215	0	0	0	0	0	0
AT4G08225	8	11	7	18	11	10
AT4G08230	348	516	474	257	311	219
AT4G08235	0	0	0	0	0	0
AT4G08240	93	114	97	101	89	92
AT4G08245	4	6	6	1	3	1
AT4G08250	11	6	6	14	5	3
AT4G08255	0	0	0	0	0	0
AT4G08260	0	0	0	0	0	0
AT4G08263	0	0	0	0	0	0
AT4G08265	0	0	0	0	0	0
AT4G08267	0	0	0	0	0	0
AT4G08270	0	0	0	0	0	0
AT4G08280	283	287	270	291	311	306
AT4G08285	0	0	0	0	0	0
AT4G08290	314	428	390	333	149	265
AT4G08295	0	0	0	1	0	1
AT4G08300	75	151	96	154	112	162
AT4G08305	1	2	0	2	4	1
AT4G08310	398	532	459	485	501	499
AT4G08315	0	0	0	0	0	0
AT4G08320	208	304	286	188	167	172
AT4G08325	0	2	0	0	0	2
AT4G08330	118	152	151	140	128	128
AT4G08335	0	0	0	0	0	1
AT4G08345	0	0	0	0	0	0
AT4G08350	1318	1443	1567	1414	1036	1297
AT4G08355	1	0	0	1	0	0
AT4G08360	1	1	0	0	1	5
AT4G08365	0	0	0	0	0	0
AT4G08370	0	0	0	0	0	0
AT4G08380	0	0	0	0	0	0
AT4G08385	0	0	0	0	0	0
AT4G08390	1901	1896	2017	898	819	1028
AT4G08395	0	0	0	0	0	0
AT4G08400	10	10	30	12	19	7
AT4G08406	0	0	0	0	0	0
AT4G08410	24	20	33	21	30	9
AT4G08415	0	0	0	1	0	0
AT4G08425	0	0	0	0	0	0
AT4G08430	0	0	0	0	0	0
AT4G08435	0	0	0	0	0	0
AT4G08445	0	0	0	0	0	0
AT4G08450	3	4	7	7	6	1
AT4G08455	80	99	70	77	87	114
AT4G08460	804	916	820	821	860	812
AT4G08465	0	0	0	0	0	0
AT4G08470	600	871	699	492	592	475
AT4G08475	0	0	0	0	0	0
AT4G08480	313	460	415	316	236	334
AT4G08485	0	0	0	0	0	0
AT4G08495	0	0	0	0	0	0
AT4G08500	606	750	818	435	377	488
AT4G08505	1	0	1	1	1	1
AT4G08510	216	213	250	225	176	195
AT4G08515	0	0	0	1	1	0
AT4G08520	533	621	538	508	470	559
AT4G08525	0	0	0	0	1	0
AT4G08530	0	0	0	0	0	0
AT4G08535	0	0	2	4	1	2
AT4G08540	403	446	399	435	469	448
AT4G08545	0	1	1	0	1	1
AT4G08550	0	1	0	0	3	1
AT4G08555	827	1486	1208	143	228	93
AT4G08560	0	0	0	0	0	0
AT4G08565	0	0	0	0	0	0
AT4G08570	4	1	1	8	22	1
AT4G08575	0	0	0	0	0	0
AT4G08580	211	213	222	230	200	253
AT4G08585	0	1	0	0	0	0
AT4G08590	30	20	30	41	38	36
AT4G08593	0	0	0	0	0	0
AT4G08595	1	0	0	0	0	0
AT4G08615	3	5	1	1	3	4
AT4G08620	4	3	6	0	1	0
AT4G08625	0	1	3	2	3	1
AT4G08630	0	0	0	0	0	0
AT4G08635	0	0	0	0	0	0
AT4G08640	0	0	0	0	0	0
AT4G08665	0	0	0	0	0	0
AT4G08670	0	0	0	0	0	0
AT4G08685	114	143	94	156	192	176
AT4G08690	139	184	144	168	168	155
AT4G08691	0	0	0	0	0	0
AT4G08700	84	105	84	110	108	119
AT4G08705	13	18	17	26	9	17
AT4G08715	0	0	0	0	0	0
AT4G08725	0	0	0	0	0	0
AT4G08730	0	0	0	0	0	0
AT4G08740	0	0	0	0	0	0
AT4G08755	1	2	0	0	2	0
AT4G08760	0	0	0	1	0	1
AT4G08770	2006	3537	4019	262	349	295
AT4G08775	0	0	0	0	0	0
AT4G08780	125	243	266	7	23	22
AT4G08785	1	5	1	5	4	3
AT4G08790	87	106	77	97	95	112
AT4G08795	0	0	0	0	0	0
AT4G08800	0	0	0	0	0	0
AT4G08805	2	1	0	1	1	2
AT4G08810	682	711	675	689	587	736
AT4G08815	0	0	0	0	0	0
AT4G08825	5	2	1	0	3	2
AT4G08835	0	2	2	1	2	0
AT4G08840	0	0	0	0	0	0
AT4G08845	0	0	0	0	0	0
AT4G08850	3621	3606	3872	2275	1476	2081
AT4G08855	0	0	0	0	0	0
AT4G08865	0	0	0	0	0	0
AT4G08867	0	4	1	0	1	0
AT4G08868	0	0	0	0	1	0
AT4G08869	0	1	1	0	1	0
AT4G08870	105	133	101	101	83	96
AT4G08874	4	6	3	5	3	3
AT4G08875	0	0	1	0	0	0
AT4G08876	0	0	0	0	0	0
AT4G08878	0	0	0	0	0	0
AT4G08885	0	0	0	0	0	0
AT4G08895	0	0	0	0	0	0
AT4G08900	311	375	314	314	282	327
AT4G08910	5	6	2	6	2	5
AT4G08915	2	0	0	4	3	0
AT4G08920	1555	1749	1586	1756	1635	1591
AT4G08925	5	3	1	5	0	1
AT4G08930	199	284	267	177	248	188
AT4G08935	0	0	0	0	0	0
AT4G08940	33	35	29	31	31	45
AT4G08950	1257	1297	1247	520	783	478
AT4G08955	0	0	0	0	0	0
AT4G08960	222	243	269	251	258	257
AT4G08965	0	0	0	0	0	0
AT4G08975	0	0	0	0	0	0
AT4G08980	893	1111	1088	955	1044	941
AT4G08985	0	0	0	0	0	0
AT4G08990	3	5	5	4	6	1
AT4G09000	3512	3720	3545	3900	3232	3495
AT4G09005	0	0	0	0	0	0
AT4G09010	1153	1082	1085	1380	1383	1278
AT4G09012	23	31	18	17	22	28
AT4G09015	0	0	0	0	0	0
AT4G09020	805	920	843	1225	866	1084
AT4G09025	0	0	0	0	0	0
AT4G09030	6	17	13	3	2	4
AT4G09035	0	0	0	0	0	0
AT4G09040	827	851	825	907	961	978
AT4G09045	0	0	0	0	0	0
AT4G09055	0	0	0	0	0	0
AT4G09060	7	15	22	20	18	19
AT4G09065	0	0	0	0	0	0
AT4G09070	0	0	0	0	0	0
AT4G09075	0	0	0	0	0	0
AT4G09080	12	11	17	26	15	15
AT4G09085	0	0	0	0	0	0
AT4G09090	0	0	0	0	0	0
AT4G09100	4	2	7	0	1	1
AT4G09105	0	0	0	0	3	2
AT4G09110	0	6	7	3	0	1
AT4G09115	0	0	0	0	0	0
AT4G09120	0	0	1	0	0	0
AT4G09125	0	0	0	0	0	0
AT4G09130	1	4	0	1	0	0
AT4G09135	0	0	0	0	0	0
AT4G09140	192	211	172	219	202	250
AT4G09145	0	0	0	0	0	0
AT4G09150	911	1042	1053	932	724	804
AT4G09153	0	0	0	0	0	0
AT4G09155	0	0	0	0	0	0
AT4G09160	366	431	390	397	345	422
AT4G09165	0	0	0	0	0	0
AT4G09170	5	2	7	4	2	8
AT4G09175	0	0	0	0	0	0
AT4G09180	122	152	124	169	186	159
AT4G09185	0	0	0	0	0	0
AT4G09190	0	0	0	0	0	0
AT4G09195	0	0	0	0	0	0
AT4G09200	1	1	1	0	0	0
AT4G09210	0	0	0	0	0	0
AT4G09225	0	0	0	0	0	0
AT4G09235	0	0	0	0	0	0
AT4G09240	1	1	0	1	5	1
AT4G09250	0	0	0	0	0	0
AT4G09260	0	0	0	0	0	0
AT4G09265	0	0	0	0	0	0
AT4G09275	0	0	1	2	0	0
AT4G09285	0	0	0	0	0	0
AT4G09295	0	0	0	0	0	0
AT4G09300	8	24	17	14	28	22
AT4G09305	0	0	0	0	0	0
AT4G09310	0	0	0	0	0	0
AT4G09315	0	0	0	1	0	0
AT4G09320	3645	4378	3549	2817	3584	3254
AT4G09325	0	0	0	0	0	0
AT4G09335	0	1	0	1	1	0
AT4G09340	254	283	254	287	269	275
AT4G09350	16	19	19	9	30	21
AT4G09355	0	0	0	0	0	0
AT4G09360	0	0	0	0	0	0
AT4G09365	7	8	7	5	1	4
AT4G09375	23	27	29	32	24	23
AT4G09385	0	0	0	0	0	0
AT4G09395	0	0	0	0	0	0
AT4G09405	0	1	1	3	0	0
AT4G09415	0	1	0	0	0	0
AT4G09420	113	95	114	143	127	118
AT4G09430	5	1	0	2	1	1
AT4G09432	7	4	6	5	4	13
AT4G09435	0	0	0	0	0	0
AT4G09440	0	0	0	0	0	0
AT4G09445	0	1	0	0	0	0
AT4G09450	0	0	0	0	0	0
AT4G09460	159	211	159	192	191	155
AT4G09462	0	0	0	0	0	0
AT4G09464	0	0	0	0	0	0
AT4G09465	0	0	0	0	0	0
AT4G09466	0	0	0	0	0	0
AT4G09467	0	0	0	0	0	0
AT4G09475	0	1	0	0	1	0
AT4G09485	0	0	0	0	0	0
AT4G09490	25	35	39	35	51	31
AT4G09495	0	0	0	0	0	0
AT4G09500	23	43	28	45	31	44
AT4G09510	160	200	169	158	184	173
AT4G09515	0	0	0	0	0	0
AT4G09520	101	151	111	137	129	146
AT4G09525	0	0	0	0	0	0
AT4G09530	0	0	0	0	0	0
AT4G09535	0	0	0	0	0	0
AT4G09545	0	0	0	0	0	0
AT4G09550	61	82	69	111	118	101
AT4G09555	0	0	0	0	0	0
AT4G09560	151	164	153	134	78	125
AT4G09570	495	565	693	335	354	340
AT4G09575	2	8	9	7	6	5
AT4G09580	210	271	252	190	200	183
AT4G09585	0	0	0	1	0	0
AT4G09589	0	0	0	0	0	0
AT4G09590	0	0	0	0	0	0
AT4G09600	0	0	3	0	5	4
AT4G09605	0	0	0	0	0	0
AT4G09610	0	0	0	0	1	0
AT4G09620	333	381	322	414	423	426
AT4G09630	516	647	580	487	415	466
AT4G09635	0	0	0	0	0	0
AT4G09640	152	123	142	152	150	177
AT4G09645	0	0	0	0	0	0
AT4G09647	0	0	0	0	0	0
AT4G09649	0	1	1	0	0	0
AT4G09650	1431	1510	1273	2097	2063	1881
AT4G09655	0	0	0	0	0	0
AT4G09660	0	0	0	0	0	0
AT4G09665	0	0	0	0	0	0
AT4G09670	625	713	604	833	712	666
AT4G09675	0	0	0	0	0	0
AT4G09680	554	697	645	628	486	615
AT4G09685	0	0	0	0	0	0
AT4G09690	0	0	1	0	0	0
AT4G09695	0	0	0	0	0	0
AT4G09705	0	0	0	0	0	0
AT4G09715	0	0	0	0	0	0
AT4G09720	379	511	435	395	436	420
AT4G09725	0	0	0	0	0	0
AT4G09730	777	785	717	933	870	895
AT4G09731	0	0	0	0	0	0
AT4G09735	0	0	0	0	0	0
AT4G09740	0	0	0	0	0	0
AT4G09750	63	67	63	72	59	60
AT4G09755	0	0	0	0	0	0
AT4G09760	648	1048	755	900	910	814
AT4G09765	0	0	1	0	0	0
AT4G09770	9	5	19	23	23	21
AT4G09775	0	0	0	0	0	0
AT4G09780	0	0	0	0	2	0
AT4G09784	0	0	0	0	0	0
AT4G09785	9	6	6	15	14	7
AT4G09795	0	0	0	0	0	0
AT4G09800	1819	2312	1981	1782	2055	1979
AT4G09810	56	104	55	120	92	92
AT4G09815	0	0	0	0	0	0
AT4G09820	10	10	9	8	8	5
AT4G09825	0	0	0	1	0	0
AT4G09830	668	854	751	844	980	819
AT4G09840	16	8	7	14	23	16
AT4G09845	7	9	7	9	7	16
AT4G09850	0	4	2	0	0	2
AT4G09855	0	0	0	0	0	0
AT4G09860	0	0	0	0	0	0
AT4G09865	0	0	0	0	0	0
AT4G09870	0	0	0	0	0	0
AT4G09880	0	0	1	0	0	0
AT4G09885	0	0	1	0	0	0
AT4G09890	135	172	118	208	173	189
AT4G09895	3	0	2	0	0	0
AT4G09900	111	132	108	148	125	113
AT4G09905	0	0	0	0	0	0
AT4G09915	0	0	0	0	0	0
AT4G09920	9	5	3	6	7	2
AT4G09925	0	0	0	0	0	0
AT4G09930	0	0	0	0	0	0
AT4G09935	0	0	0	0	0	0
AT4G09940	1	0	0	2	0	1
AT4G09945	0	0	0	0	0	0
AT4G09950	17	21	28	30	5	17
AT4G09955	0	0	0	0	0	0
AT4G09960	0	1	0	1	0	0
AT4G09965	0	1	0	0	2	0
AT4G09970	50	61	65	85	93	101
AT4G09975	0	0	0	0	0	0
AT4G09980	427	440	423	535	336	440
AT4G09984	0	0	0	0	0	0
AT4G09985	0	0	0	0	0	0
AT4G09990	7	5	6	15	10	11
AT4G09995	0	0	0	0	0	0
AT4G10000	110	126	113	159	128	128
AT4G10010	0	0	0	0	1	0
AT4G10020	3	1	3	0	2	1
AT4G10030	523	557	488	574	594	560
AT4G10040	106	184	195	56	78	46
AT4G10050	207	247	213	260	214	208
AT4G10060	733	1127	749	775	759	791
AT4G10070	390	428	399	440	365	404
AT4G10080	1226	1620	1347	1475	1430	1317
AT4G10090	84	106	104	78	97	92
AT4G10100	214	271	248	212	277	228
AT4G10110	166	170	160	144	157	131
AT4G10115	0	0	0	0	0	0
AT4G10120	192	293	233	390	305	295
AT4G10130	129	127	129	125	141	122
AT4G10140	219	256	218	172	177	177
AT4G10150	3	3	4	3	7	4
AT4G10160	5	7	8	12	9	9
AT4G10170	161	234	190	154	187	196
AT4G10180	355	403	323	445	391	453
AT4G10190	0	0	0	0	0	0
AT4G10200	2	2	0	3	0	1
AT4G10210	0	0	0	0	0	0
AT4G10220	0	0	0	0	0	0
AT4G10230	0	0	0	0	0	0
AT4G10240	0	1	1	0	2	0
AT4G10250	10	3	5	0	0	1
AT4G10260	0	0	0	0	0	0
AT4G10265	4	12	13	4	20	2
AT4G10270	0	0	0	0	0	0
AT4G10280	69	67	70	103	66	103
AT4G10290	0	0	0	0	0	0
AT4G10300	505	573	458	579	756	580
AT4G10305	0	0	0	0	0	0
AT4G10310	13	10	19	32	8	22
AT4G10320	1651	1810	1798	1765	1206	1623
AT4G10330	85	120	74	90	103	103
AT4G10340	13530	16130	14884	23326	26822	19086
AT4G10345	0	0	0	0	0	0
AT4G10350	0	0	0	2	0	4
AT4G10360	233	258	259	221	209	236
AT4G10370	2	4	5	6	5	7
AT4G10380	290	303	335	421	386	522
AT4G10390	29	41	38	33	26	39
AT4G10400	41	37	52	65	43	64
AT4G10410	0	0	1	0	0	1
AT4G10420	21	8	23	21	32	17
AT4G10430	219	231	235	264	255	262
AT4G10440	0	0	0	1	0	0
AT4G10450	589	569	575	517	615	665
AT4G10457	0	0	0	0	0	0
AT4G10465	1	0	0	0	0	0
AT4G10470	155	148	132	201	203	206
AT4G10480	1271	1359	1270	1406	1498	1506
AT4G10490	0	0	0	0	0	0
AT4G10500	63	142	113	52	75	79
AT4G10507	0	2	2	0	0	0
AT4G10510	48	55	41	34	25	31
AT4G10520	0	1	0	0	0	0
AT4G10530	92	132	140	3	0	3
AT4G10540	0	0	0	1	0	0
AT4G10550	76	85	100	100	97	131
AT4G10560	3	9	4	8	4	7
AT4G10570	316	304	314	314	279	308
AT4G10590	368	484	470	390	313	343
AT4G10595	0	0	0	0	0	0
AT4G10600	7	2	10	18	12	14
AT4G10603	0	0	0	0	0	0
AT4G10610	1003	1297	1297	1049	1099	1003
AT4G10613	0	0	0	0	0	0
AT4G10620	131	134	124	171	148	186
AT4G10630	5	12	13	14	14	24
AT4G10640	0	0	1	6	3	5
AT4G10650	19	18	24	36	33	32
AT4G10660	0	0	0	0	0	0
AT4G10670	0	0	0	0	0	0
AT4G10680	0	0	0	0	0	0
AT4G10695	1	0	2	2	0	0
AT4G10700	0	0	0	0	0	0
AT4G10710	1050	1100	1244	1176	909	1156
AT4G10720	22	17	20	21	11	30
AT4G10730	913	1103	1018	983	752	898
AT4G10740	0	0	0	0	0	0
AT4G10750	234	250	240	223	201	195
AT4G10760	358	322	319	332	298	338
AT4G10767	0	0	0	0	0	0
AT4G10770	143	164	143	195	143	181
AT4G10780	5	10	2	3	5	3
AT4G10790	1063	1271	1155	900	924	847
AT4G10800	26	46	34	41	50	54
AT4G10810	318	410	365	290	336	290
AT4G10815	0	0	0	0	0	0
AT4G10820	0	0	0	0	0	0
AT4G10840	1870	2053	2034	1850	1915	1830
AT4G10843	21	14	12	33	15	29
AT4G10850	0	0	0	0	2	1
AT4G10860	0	1	1	1	2	0
AT4G10870	0	0	0	0	0	0
AT4G10880	0	0	0	0	0	0
AT4G10890	67	134	131	126	133	108
AT4G10895	0	0	0	0	0	0
AT4G10910	4	9	5	8	15	5
AT4G10920	504	601	510	484	539	468
AT4G10925	256	286	266	226	297	219
AT4G10930	341	400	298	363	332	318
AT4G10950	4	4	5	6	2	6
AT4G10955	77	86	80	76	88	98
AT4G10960	202	300	298	98	51	78
AT4G10970	548	695	625	401	400	365
AT4G11000	61	103	92	11	17	11
AT4G11010	1094	1303	1286	1178	1175	1194
AT4G11020	5	3	0	0	2	0
AT4G11030	0	0	0	0	0	0
AT4G11040	1	1	0	0	0	1
AT4G11050	4	0	8	10	8	8
AT4G11060	121	115	103	119	152	132
AT4G11070	3	15	15	4	2	2
AT4G11080	155	186	203	135	91	159
AT4G11090	121	163	135	141	124	141
AT4G11100	239	239	211	206	205	235
AT4G11110	560	657	601	609	446	551
AT4G11120	327	268	329	334	287	341
AT4G11130	70	74	90	93	59	91
AT4G11140	9	12	17	18	22	21
AT4G11150	2643	3207	2877	2160	2307	2152
AT4G11160	663	761	809	683	566	646
AT4G11170	245	447	590	101	52	63
AT4G11175	233	266	191	256	335	249
AT4G11177	0	0	0	0	0	0
AT4G11180	0	0	0	0	0	0
AT4G11190	4	7	0	18	11	21
AT4G11210	2	5	0	5	3	9
AT4G11211	58	120	62	96	114	120
AT4G11213	0	0	0	0	0	0
AT4G11216	0	0	0	0	0	0
AT4G11220	595	768	705	593	626	553
AT4G11230	25	30	33	27	22	25
AT4G11240	600	762	624	680	728	645
AT4G11250	0	0	1	0	0	0
AT4G11260	1402	1683	1574	1379	1349	1178
AT4G11270	759	744	769	758	480	687
AT4G11280	886	1237	1331	126	121	141
AT4G11290	265	370	342	157	293	187
AT4G11300	203	255	241	149	119	138
AT4G11310	0	1	0	2	1	0
AT4G11320	334	146	268	3299	2757	3452
AT4G11330	432	549	603	261	247	252
AT4G11340	7	11	11	1	1	5
AT4G11350	30	32	34	11	10	16
AT4G11355	0	0	0	0	0	0
AT4G11360	514	678	614	447	463	429
AT4G11370	45	63	75	16	18	16
AT4G11373	0	0	0	0	0	0
AT4G11380	1145	1213	1271	1117	893	996
AT4G11385	0	0	0	0	0	0
AT4G11390	0	0	0	0	0	3
AT4G11393	5	1	6	0	0	0
AT4G11400	5	5	3	6	2	10
AT4G11402	0	0	0	0	0	0
AT4G11405	0	0	0	0	0	0
AT4G11410	173	205	169	280	239	239
AT4G11420	2965	3246	3344	2861	2620	3047
AT4G11430	0	0	0	0	0	0
AT4G11440	83	98	86	102	67	97
AT4G11450	109	166	148	156	75	99
AT4G11460	380	541	346	508	552	402
AT4G11470	82	78	99	8	6	12
AT4G11480	39	86	90	1	1	2
AT4G11485	0	0	0	0	0	0
AT4G11490	0	0	0	0	0	0
AT4G11510	0	0	0	0	0	2
AT4G11521	81	138	129	35	31	26
AT4G11530	110	103	101	135	100	97
AT4G11540	0	0	0	0	0	0
AT4G11543	1	1	0	0	1	0
AT4G11547	12	15	4	20	23	15
AT4G11550	12	13	10	22	24	16
AT4G11560	468	546	525	576	405	433
AT4G11570	353	491	401	366	325	326
AT4G11580	0	0	0	0	0	0
AT4G11590	0	0	0	1	1	0
AT4G11600	1585	1977	1944	1373	1462	1191
AT4G11610	3	4	3	10	13	6
AT4G11630	247	295	244	280	228	265
AT4G11640	12	22	16	19	31	35
AT4G11650	2231	2436	2982	2789	2604	2586
AT4G11653	0	0	0	0	0	0
AT4G11655	13	10	22	17	13	16
AT4G11660	55	72	87	30	41	53
AT4G11670	382	466	480	356	257	360
AT4G11680	166	179	199	200	176	220
AT4G11690	14	15	22	22	25	19
AT4G11700	1	2	2	0	3	0
AT4G11720	0	0	3	3	1	2
AT4G11730	0	0	0	0	0	0
AT4G11740	360	482	420	404	388	369
AT4G11745	0	0	0	0	0	0
AT4G11750	0	0	0	0	0	0
AT4G11760	0	0	0	0	0	0
AT4G11770	0	0	0	0	0	0
AT4G11780	1	2	0	4	4	3
AT4G11790	349	483	496	445	406	409
AT4G11800	517	610	546	599	449	550
AT4G11810	0	0	1	3	2	0
AT4G11820	568	653	628	669	647	680
AT4G11830	1590	2174	1794	1957	1681	1850
AT4G11840	226	339	317	251	283	215
AT4G11845	58	52	30	51	35	44
AT4G11850	1743	2412	2713	723	559	690
AT4G11860	357	396	395	359	264	336
AT4G11870	0	0	0	0	0	0
AT4G11880	4	7	6	3	11	3
AT4G11890	213	239	193	57	61	56
AT4G11900	61	85	74	83	86	98
AT4G11910	31	34	23	27	13	25
AT4G11911	1	0	0	0	0	0
AT4G11920	87	126	101	105	88	127
AT4G11930	0	0	0	0	0	0
AT4G11940	0	0	0	0	0	0
AT4G11950	1	0	1	1	0	3
AT4G11960	146	211	135	196	177	177
AT4G11970	120	124	111	124	119	126
AT4G11980	134	105	131	128	168	146
AT4G11985	0	0	0	0	0	0
AT4G11990	14	17	8	9	10	22
AT4G12000	51	51	46	25	18	36
AT4G12005	2	3	3	3	1	5
AT4G12010	214	250	227	199	146	227
AT4G12020	403	532	543	453	329	436
AT4G12030	30	21	25	42	71	69
AT4G12040	861	1179	1113	719	745	696
AT4G12050	19	12	25	32	27	44
AT4G12060	631	712	652	586	602	542
AT4G12065	2	6	4	1	2	2
AT4G12070	257	318	305	199	195	193
AT4G12080	113	179	184	139	109	131
AT4G12090	32	51	44	47	25	25
AT4G12100	1	0	0	1	0	0
AT4G12110	169	234	199	189	208	224
AT4G12115	0	0	0	0	0	0
AT4G12120	342	406	439	153	142	151
AT4G12130	95	141	100	110	83	89
AT4G12140	0	2	0	0	0	0
AT4G12150	0	0	0	0	0	0
AT4G12170	0	0	0	0	0	0
AT4G12190	0	0	0	0	0	0
AT4G12210	0	0	0	0	0	0
AT4G12220	0	0	0	0	0	0
AT4G12230	539	698	608	631	564	506
AT4G12240	76	72	69	76	76	76
AT4G12250	277	315	303	188	190	164
AT4G12270	1	4	3	11	12	12
AT4G12280	0	2	0	0	0	0
AT4G12290	911	1242	927	405	520	349
AT4G12300	275	396	328	242	255	247
AT4G12310	596	827	594	693	651	707
AT4G12320	48	70	48	112	157	100
AT4G12330	6	7	8	43	21	24
AT4G12334	0	0	0	0	0	0
AT4G12340	395	510	413	408	478	401
AT4G12350	5	9	11	6	6	8
AT4G12360	0	0	0	0	0	0
AT4G12370	0	0	1	0	0	0
AT4G12380	0	0	0	0	0	0
AT4G12382	3	2	8	9	9	4
AT4G12390	174	162	135	195	209	199
AT4G12400	67	97	108	36	39	38
AT4G12405	0	0	0	0	0	0
AT4G12410	3	1	1	3	7	4
AT4G12420	2090	2076	1861	2049	2542	2213
AT4G12430	33	32	42	38	39	44
AT4G12440	0	0	0	0	2	0
AT4G12450	11	7	4	21	21	18
AT4G12460	420	551	491	493	430	502
AT4G12470	9047	12487	9839	7737	9560	9107
AT4G12480	2960	3244	3556	4329	2823	5557
AT4G12485	0	0	0	0	0	0
AT4G12490	156	202	292	320	221	896
AT4G12495	0	0	0	0	0	0
AT4G12500	139	164	234	273	154	757
AT4G12510	4	3	6	12	11	18
AT4G12520	7	7	6	15	23	16
AT4G12530	0	0	0	1	0	2
AT4G12540	6	10	7	14	12	18
AT4G12543	0	0	0	0	0	0
AT4G12545	1	4	0	5	6	9
AT4G12550	3	3	4	9	40	26
AT4G12555	0	0	0	0	0	0
AT4G12560	699	798	746	864	853	738
AT4G12570	486	509	511	559	427	470
AT4G12580	1	2	0	2	0	1
AT4G12590	635	684	682	658	654	602
AT4G12600	628	648	591	623	799	736
AT4G12610	470	623	586	586	519	487
AT4G12617	0	0	1	0	0	0
AT4G12620	59	81	75	70	56	78
AT4G12640	377	378	407	481	342	437
AT4G12650	1302	1402	1411	1362	1026	1311
AT4G12670	170	220	218	213	153	190
AT4G12680	117	160	110	154	166	134
AT4G12690	155	181	150	153	189	121
AT4G12700	153	177	154	184	168	188
AT4G12710	133	169	181	116	107	131
AT4G12720	777	1182	1427	323	395	312
AT4G12730	579	706	572	682	1002	690
AT4G12731	0	0	0	0	2	0
AT4G12735	17	40	28	31	53	22
AT4G12740	6	11	6	15	8	9
AT4G12750	242	307	266	375	314	380
AT4G12760	172	221	156	175	230	181
AT4G12770	805	1018	1066	770	601	637
AT4G12780	1296	1522	1527	1236	962	1060
AT4G12790	496	684	670	571	639	502
AT4G12800	9080	9969	9533	12656	14719	11354
AT4G12810	0	0	0	0	0	0
AT4G12820	0	0	0	0	0	0
AT4G12825	0	0	0	0	0	0
AT4G12830	93	69	81	187	228	173
AT4G12840	73	113	69	71	65	70
AT4G12850	36	41	36	40	39	29
AT4G12860	0	0	0	0	0	0
AT4G12870	12	13	21	22	10	23
AT4G12880	382	450	341	567	429	567
AT4G12890	0	0	1	0	0	3
AT4G12900	11	15	8	23	9	18
AT4G12910	46	57	55	52	44	53
AT4G12917	18	23	26	46	52	46
AT4G12920	0	0	0	0	0	0
AT4G12930	0	0	0	0	0	0
AT4G12940	0	0	0	1	0	1
AT4G12950	0	0	0	0	0	0
AT4G12960	0	2	0	0	0	0
AT4G12970	36	43	36	55	64	53
AT4G12980	56	56	47	71	56	67
AT4G12990	63	83	64	86	88	79
AT4G13000	2	6	0	0	3	0
AT4G13010	512	579	545	566	572	559
AT4G13020	446	625	445	552	492	535
AT4G13030	103	137	135	161	128	169
AT4G13040	226	327	281	234	258	233
AT4G13050	412	451	389	451	450	453
AT4G13060	0	0	0	2	2	1
AT4G13070	83	72	75	75	99	68
AT4G13075	0	0	0	0	0	0
AT4G13080	0	0	0	0	0	0
AT4G13090	1	1	0	0	0	4
AT4G13095	0	3	2	0	2	5
AT4G13100	137	230	164	257	194	242
AT4G13110	86	148	129	66	64	72
AT4G13130	10	7	12	10	16	14
AT4G13150	347	382	342	366	403	404
AT4G13160	0	0	0	0	0	0
AT4G13170	482	497	438	525	605	598
AT4G13180	3031	3852	3874	954	1110	798
AT4G13190	4	1	3	3	6	5
AT4G13195	18	25	22	5	20	15
AT4G13200	364	518	378	389	567	399
AT4G13210	5	8	5	8	6	7
AT4G13220	225	237	196	228	230	221
AT4G13230	2	1	1	2	9	2
AT4G13235	21	24	34	19	22	18
AT4G13240	0	1	0	0	0	0
AT4G13245	0	0	1	0	0	0
AT4G13250	2196	2410	2039	2562	2277	2416
AT4G13260	20	15	11	28	23	16
AT4G13261	0	0	0	0	0	0
AT4G13263	0	0	0	0	0	0
AT4G13265	0	0	0	0	0	0
AT4G13266	0	0	0	0	0	0
AT4G13270	323	469	449	393	316	344
AT4G13280	3	1	2	34	5	27
AT4G13290	8	9	8	22	12	30
AT4G13300	4	6	10	10	4	6
AT4G13310	12	13	17	12	10	24
AT4G13320	0	0	0	0	0	0
AT4G13330	76	77	79	67	87	77
AT4G13340	3649	3942	3849	1774	2071	1818
AT4G13345	223	279	231	237	171	217
AT4G13350	1460	1710	1603	1307	1058	1232
AT4G13360	762	949	854	823	669	636
AT4G13370	31	47	38	62	44	55
AT4G13380	0	0	0	0	0	0
AT4G13390	62	33	112	37	28	28
AT4G13395	45	66	64	12	20	25
AT4G13400	141	192	173	133	157	104
AT4G13410	3	7	14	4	5	7
AT4G13420	29	66	229	70	52	96
AT4G13430	2521	2770	2800	2741	2356	2410
AT4G13440	1	3	5	8	4	5
AT4G13445	0	0	0	0	0	0
AT4G13450	0	1	0	3	0	0
AT4G13460	391	431	390	424	363	401
AT4G13480	0	1	2	0	0	0
AT4G13490	0	0	0	0	0	1
AT4G13493	23	34	24	29	47	51
AT4G13494	4	9	8	2	1	5
AT4G13495	513	730	622	544	728	706
AT4G13500	263	273	218	307	391	302
AT4G13505	1	0	1	4	1	0
AT4G13510	0	1	2	0	0	1
AT4G13520	769	1008	754	842	1045	840
AT4G13530	835	1106	961	822	889	762
AT4G13540	102	161	95	111	86	105
AT4G13550	457	453	441	320	328	286
AT4G13554	2	0	1	0	0	1
AT4G13555	0	3	0	0	2	0
AT4G13560	7	15	7	17	18	21
AT4G13564	0	0	1	0	1	0
AT4G13570	4	5	2	4	4	9
AT4G13572	5	8	10	10	12	9
AT4G13575	17	19	26	13	15	20
AT4G13577	2	5	0	4	6	7
AT4G13580	16	13	17	73	27	31
AT4G13590	654	713	623	697	690	696
AT4G13600	7	11	10	5	4	8
AT4G13610	0	0	0	0	0	0
AT4G13615	1644	2277	1755	1260	1699	1288
AT4G13620	3	2	2	16	5	10
AT4G13630	257	272	290	276	293	294
AT4G13640	346	510	383	445	506	420
AT4G13650	48	56	45	76	47	81
AT4G13660	322	341	379	451	364	471
AT4G13670	493	618	519	649	671	616
AT4G13680	1	8	7	7	10	8
AT4G13690	40	48	41	38	33	42
AT4G13700	0	0	0	0	0	0
AT4G13710	24	22	23	31	23	19
AT4G13720	256	253	266	296	317	272
AT4G13730	300	337	320	333	296	318
AT4G13750	134	155	162	213	156	209
AT4G13760	0	0	0	0	0	0
AT4G13770	47	60	71	94	162	139
AT4G13780	1253	1468	1528	1435	1129	1346
AT4G13790	1	4	0	0	0	1
AT4G13800	3	2	2	1	1	4
AT4G13810	58	79	41	79	109	79
AT4G13820	11	26	30	14	15	9
AT4G13830	883	1091	944	834	819	772
AT4G13840	588	708	586	868	715	724
AT4G13850	1538	1735	1507	1847	2089	1860
AT4G13860	26	23	12	25	54	37
AT4G13870	50	67	41	47	47	51
AT4G13880	47	57	60	72	57	59
AT4G13885	26	28	21	30	19	31
AT4G13890	0	3	3	3	2	1
AT4G13918	3	12	4	8	7	11
AT4G13920	0	0	0	0	0	0
AT4G13930	1487	1569	1608	1752	1440	1674
AT4G13940	9618	11189	11168	10909	10410	10783
AT4G13950	39	74	50	49	63	55
AT4G13955	0	0	0	0	0	0
AT4G13960	0	0	0	0	0	0
AT4G13965	0	0	0	0	0	0
AT4G13968	0	0	0	0	0	0
AT4G13970	326	314	355	320	293	259
AT4G13980	289	341	276	266	255	239
AT4G13985	0	0	0	0	0	2
AT4G13990	8	16	11	28	27	24
AT4G13992	2	0	0	2	0	1
AT4G14000	252	268	253	236	230	220
AT4G14010	0	0	0	0	0	0
AT4G14020	187	287	272	209	156	172
AT4G14030	2723	3557	2972	2378	2207	2487
AT4G14040	3332	3817	3355	2242	2590	1896
AT4G14050	56	44	36	52	39	58
AT4G14060	7	6	5	43	62	39
AT4G14070	885	934	978	1032	863	889
AT4G14080	0	0	0	0	0	0
AT4G14090	4	6	6	8	8	7
AT4G14096	35	41	28	60	49	58
AT4G14100	140	162	137	208	215	195
AT4G14103	11	12	13	27	28	27
AT4G14104	0	1	0	0	0	2
AT4G14105	0	0	0	0	0	0
AT4G14110	343	372	351	258	375	262
AT4G14120	10	11	9	14	14	23
AT4G14130	142	174	95	148	235	143
AT4G14140	2	9	5	8	3	4
AT4G14145	172	200	164	182	216	200
AT4G14147	126	174	149	151	148	133
AT4G14150	22	44	26	50	31	45
AT4G14160	1518	1732	1717	1581	1207	1448
AT4G14165	0	1	3	1	3	0
AT4G14170	33	38	33	39	55	40
AT4G14180	13	8	8	18	6	8
AT4G14190	53	61	58	60	59	62
AT4G14200	49	54	51	79	56	73
AT4G14210	802	785	742	904	825	821
AT4G14220	370	500	500	282	264	273
AT4G14225	0	0	1	0	0	0
AT4G14226	0	0	3	0	0	0
AT4G14230	508	616	613	526	529	429
AT4G14240	227	291	251	246	220	247
AT4G14245	0	0	0	4	4	3
AT4G14250	0	0	0	0	0	0
AT4G14260	0	0	0	0	0	0
AT4G14270	676	938	719	812	757	810
AT4G14272	0	0	0	0	0	0
AT4G14276	0	0	1	0	0	0
AT4G14280	0	0	0	2	2	0
AT4G14290	43	35	65	87	65	76
AT4G14300	661	681	607	707	778	706
AT4G14301	0	0	0	0	0	0
AT4G14305	10	25	11	14	28	21
AT4G14310	116	96	131	151	118	146
AT4G14315	0	0	0	0	0	0
AT4G14320	1735	1993	1789	1480	1874	1773
AT4G14330	46	44	54	83	53	90
AT4G14340	400	502	447	438	383	412
AT4G14342	345	385	362	323	456	349
AT4G14345	0	0	0	0	0	0
AT4G14350	549	630	621	528	418	557
AT4G14358	0	0	0	0	0	0
AT4G14360	689	658	646	738	586	646
AT4G14365	574	842	913	93	115	124
AT4G14368	30	61	63	22	23	43
AT4G14370	230	244	323	71	41	70
AT4G14380	8	17	7	10	12	16
AT4G14385	268	317	285	302	345	322
AT4G14390	0	1	1	2	11	8
AT4G14400	169	212	132	123	150	37
AT4G14410	996	1453	1149	956	979	823
AT4G14415	0	0	0	0	0	0
AT4G14420	888	1005	900	577	547	665
AT4G14430	988	1182	1177	665	755	609
AT4G14440	427	497	424	492	508	430
AT4G14450	33	46	42	10	11	10
AT4G14455	167	207	174	155	164	168
AT4G14465	200	267	225	180	246	212
AT4G14480	98	102	115	120	83	83
AT4G14490	43	52	38	50	39	39
AT4G14500	676	856	752	543	625	596
AT4G14504	4	6	10	5	5	7
AT4G14510	172	202	176	268	214	267
AT4G14520	76	102	116	105	109	101
AT4G14530	0	0	0	0	0	0
AT4G14540	349	405	316	409	525	421
AT4G14548	36	37	33	56	60	39
AT4G14550	89	54	74	94	125	144
AT4G14560	86	76	69	106	72	91
AT4G14570	294	304	268	452	338	402
AT4G14580	93	115	112	113	117	109
AT4G14590	48	48	61	50	35	43
AT4G14600	131	159	123	122	137	124
AT4G14605	106	110	105	131	128	163
AT4G14615	333	455	355	360	418	366
AT4G14620	328	424	355	419	351	449
AT4G14630	782	1430	1268	676	679	771
AT4G14640	12	17	17	8	8	18
AT4G14650	3	3	3	10	11	13
AT4G14660	79	101	90	97	88	93
AT4G14670	0	0	0	0	0	1
AT4G14675	0	0	0	0	0	0
AT4G14680	273	365	353	118	142	104
AT4G14690	7	16	21	9	8	8
AT4G14695	0	0	4	3	1	3
AT4G14700	8	4	1	9	5	4
AT4G14710	997	1268	1107	1049	960	841
AT4G14713	101	125	114	152	161	161
AT4G14716	733	1024	601	747	862	598
AT4G14720	368	465	346	343	421	424
AT4G14723	6	2	5	9	13	13
AT4G14730	0	0	1	0	0	1
AT4G14740	79	113	97	159	136	160
AT4G14746	272	308	285	188	194	194
AT4G14750	49	37	34	40	67	83
AT4G14760	251	355	289	431	277	376
AT4G14770	54	50	76	105	71	134
AT4G14780	4	6	0	7	6	5
AT4G14785	0	0	0	0	0	0
AT4G14790	161	177	151	225	167	177
AT4G14800	697	826	775	714	722	664
AT4G14805	1	1	0	0	0	0
AT4G14810	0	0	0	0	0	0
AT4G14811	0	0	0	0	0	0
AT4G14815	0	0	0	0	0	0
AT4G14819	0	0	0	0	0	0
AT4G14820	46	62	53	39	48	56
AT4G14830	34	50	35	50	52	44
AT4G14840	55	59	81	74	86	67
AT4G14850	74	58	70	91	80	90
AT4G14860	9	9	5	15	16	8
AT4G14870	420	430	367	461	583	456
AT4G14880	4138	4569	4475	4660	3944	3769
AT4G14890	0	0	0	0	0	0
AT4G14900	817	1015	987	982	791	971
AT4G14905	159	156	181	145	178	178
AT4G14910	271	356	285	230	260	274
AT4G14920	533	678	603	691	499	665
AT4G14930	302	391	339	336	268	384
AT4G14940	17	29	28	24	16	23
AT4G14950	275	366	304	254	235	219
AT4G14960	5735	5720	5346	6175	5832	6598
AT4G14965	425	453	368	454	500	462
AT4G14970	199	241	202	178	118	178
AT4G14980	1	6	12	7	11	2
AT4G14990	453	560	599	594	509	580
AT4G15000	3399	3900	3725	2943	3407	3485
AT4G15010	367	420	399	382	390	400
AT4G15020	229	280	282	253	229	244
AT4G15025	0	0	0	0	0	0
AT4G15030	257	317	261	299	300	267
AT4G15040	0	0	0	0	0	0
AT4G15050	0	0	0	0	0	0
AT4G15053	0	0	0	0	0	0
AT4G15056	0	0	0	0	0	0
AT4G15060	0	0	0	0	0	0
AT4G15070	40	45	54	29	33	41
AT4G15075	1	0	1	1	3	2
AT4G15080	592	664	594	720	604	592
AT4G15090	311	379	357	360	290	304
AT4G15093	138	173	209	167	136	120
AT4G15096	0	0	0	0	0	0
AT4G15100	0	0	0	0	0	0
AT4G15110	751	747	744	828	837	839
AT4G15120	108	191	196	26	23	27
AT4G15130	241	293	276	194	183	190
AT4G15140	59	90	85	74	32	63
AT4G15150	29	30	40	3	6	4
AT4G15160	122	124	212	90	195	219
AT4G15165	22	30	15	22	22	31
AT4G15180	1048	1287	1158	1240	743	1156
AT4G15200	0	0	0	0	0	0
AT4G15210	0	1	0	3	0	1
AT4G15215	92	95	83	88	96	74
AT4G15230	94	80	122	159	128	150
AT4G15233	611	802	687	677	491	591
AT4G15236	49	74	91	16	22	24
AT4G15240	160	223	160	167	162	158
AT4G15242	0	0	0	0	0	0
AT4G15245	0	0	0	0	0	0
AT4G15248	0	0	0	0	0	1
AT4G15250	3	0	0	0	0	0
AT4G15258	6	8	0	4	1	8
AT4G15260	855	983	953	515	557	469
AT4G15270	11	17	11	7	18	11
AT4G15280	7	21	9	6	3	3
AT4G15290	4	2	1	12	1	3
AT4G15300	2	3	14	4	7	5
AT4G15310	0	0	0	1	0	3
AT4G15320	4	10	7	5	5	8
AT4G15330	17	30	24	19	21	25
AT4G15340	39	35	33	86	68	91
AT4G15350	2	0	3	6	4	8
AT4G15360	0	0	0	2	0	4
AT4G15370	2	3	9	17	2	12
AT4G15380	10	14	11	36	37	32
AT4G15390	69	75	59	156	423	167
AT4G15393	16	15	26	46	121	30
AT4G15396	19	18	34	20	24	15
AT4G15400	22	19	21	28	21	23
AT4G15410	253	265	286	203	200	208
AT4G15415	398	439	421	472	383	393
AT4G15417	37	50	29	26	36	38
AT4G15420	300	338	344	241	250	212
AT4G15430	13	16	15	20	19	28
AT4G15440	7	3	0	2	1	2
AT4G15450	42	50	30	72	58	69
AT4G15460	0	0	0	0	1	0
AT4G15470	2015	2478	2403	1732	1535	1536
AT4G15475	376	479	424	357	353	385
AT4G15480	3	1	5	0	2	2
AT4G15490	637	680	642	380	459	310
AT4G15500	12	14	16	26	27	37
AT4G15510	188	179	165	193	251	222
AT4G15520	131	155	153	168	179	170
AT4G15530	14431	18121	19828	4464	4142	3836
AT4G15540	446	745	592	547	564	505
AT4G15545	2042	2642	2230	2513	2518	2358
AT4G15550	1394	1727	1911	890	690	736
AT4G15560	1379	1450	1441	1564	1255	1556
AT4G15562	0	0	0	0	0	0
AT4G15563	39	50	47	41	49	50
AT4G15570	202	219	215	258	191	246
AT4G15610	3614	4893	5051	1950	1947	1791
AT4G15620	13	18	15	17	26	19
AT4G15630	210	319	199	204	203	209
AT4G15640	186	176	157	217	196	195
AT4G15650	0	0	0	0	0	0
AT4G15660	14	6	16	9	8	4
AT4G15670	4	12	14	10	12	6
AT4G15680	33	33	27	16	18	9
AT4G15690	74	72	90	31	37	39
AT4G15700	78	80	90	58	51	61
AT4G15710	9	1	5	8	6	1
AT4G15715	0	0	0	0	0	0
AT4G15720	10	11	17	13	22	12
AT4G15730	63	70	54	76	40	60
AT4G15733	0	0	0	0	0	0
AT4G15735	0	0	0	0	0	0
AT4G15740	1	3	5	8	3	4
AT4G15750	0	0	0	1	0	0
AT4G15755	0	0	0	0	0	0
AT4G15760	7940	9477	8819	3364	3774	3230
AT4G15765	133	217	170	102	117	102
AT4G15770	450	570	442	435	570	516
AT4G15775	0	0	0	0	0	0
AT4G15780	813	1096	889	931	1030	1097
AT4G15790	53	54	61	89	75	74
AT4G15800	502	628	552	371	475	387
AT4G15802	492	593	538	524	638	513
AT4G15810	107	102	85	155	124	153
AT4G15820	74	95	79	88	118	105
AT4G15830	33	27	45	66	51	82
AT4G15840	501	575	484	563	442	496
AT4G15850	81	93	111	107	96	117
AT4G15870	0	0	0	0	0	0
AT4G15880	349	429	380	368	359	369
AT4G15885	0	0	0	0	0	0
AT4G15890	64	56	82	87	45	80
AT4G15900	1040	1163	1156	1219	1067	1076
AT4G15910	451	734	691	587	888	692
AT4G15920	129	177	123	162	171	160
AT4G15930	295	384	294	357	355	330
AT4G15940	523	690	600	390	358	331
AT4G15950	78	79	82	100	98	104
AT4G15953	0	5	0	3	2	0
AT4G15955	125	171	142	138	125	151
AT4G15960	11	13	19	56	25	24
AT4G15970	0	0	0	0	0	0
AT4G15975	103	153	127	11	16	10
AT4G15980	0	0	0	0	0	0
AT4G15990	9	16	18	36	19	55
AT4G16000	16	26	39	35	24	51
AT4G16008	27	31	27	32	25	49
AT4G16015	1	2	2	1	1	2
AT4G16024	0	0	0	0	0	0
AT4G16030	0	0	0	0	0	0
AT4G16040	0	0	0	0	0	0
AT4G16045	0	0	0	0	0	0
AT4G16050	0	0	0	0	0	0
AT4G16060	283	327	269	324	325	307
AT4G16070	258	301	280	261	208	213
AT4G16080	0	0	0	0	0	0
AT4G16090	0	0	1	0	0	0
AT4G16095	0	0	0	0	0	0
AT4G16100	174	210	197	132	147	158
AT4G16105	0	0	0	0	0	0
AT4G16110	278	400	347	225	199	216
AT4G16120	192	141	192	194	164	178
AT4G16130	703	800	709	664	511	591
AT4G16140	42	57	56	65	63	71
AT4G16141	228	213	196	267	325	308
AT4G16143	1445	1731	1683	1613	1712	1512
AT4G16144	277	327	393	266	228	234
AT4G16146	96	130	121	171	147	167
AT4G16150	1534	1803	1730	1566	1264	1531
AT4G16155	1164	1146	1145	1161	866	1106
AT4G16160	0	1	3	0	2	2
AT4G16162	1	3	1	2	2	7
AT4G16165	0	0	0	0	0	0
AT4G16180	958	1163	1053	1112	908	1026
AT4G16190	4244	6536	4923	5789	5477	4877
AT4G16195	0	0	0	0	0	0
AT4G16200	0	0	0	0	0	0
AT4G16210	441	541	514	403	350	357
AT4G16215	0	1	0	0	0	0
AT4G16220	1	2	6	2	3	7
AT4G16230	2	2	5	1	5	3
AT4G16233	0	0	1	0	0	2
AT4G16235	0	0	0	0	0	0
AT4G16240	45	42	34	12	30	28
AT4G16250	387	485	536	352	302	319
AT4G16260	2160	3235	2809	1606	1754	1273
AT4G16265	71	54	71	48	68	52
AT4G16270	2	3	3	5	14	10
AT4G16280	749	904	788	797	797	729
AT4G16295	0	0	0	0	0	0
AT4G16310	441	457	491	535	381	489
AT4G16330	380	457	408	435	496	352
AT4G16340	686	761	731	932	636	962
AT4G16350	39	26	43	43	56	44
AT4G16355	3	4	1	12	4	5
AT4G16360	440	570	515	673	664	642
AT4G16370	1161	2504	1723	2450	2316	1896
AT4G16380	1209	1794	1489	1019	1354	1115
AT4G16390	564	497	508	736	585	688
AT4G16400	4	9	7	12	10	12
AT4G16410	27	22	18	41	59	40
AT4G16420	423	572	426	481	397	450
AT4G16430	368	457	430	433	353	406
AT4G16440	196	221	225	234	218	195
AT4G16442	138	155	145	192	192	181
AT4G16444	127	215	185	176	187	168
AT4G16447	12	33	29	37	36	32
AT4G16450	745	1007	883	914	943	808
AT4G16451	0	0	0	0	0	0
AT4G16460	0	0	1	0	0	0
AT4G16465	0	0	0	0	0	0
AT4G16470	48	75	52	63	64	50
AT4G16475	0	0	0	0	0	0
AT4G16480	189	197	180	185	160	196
AT4G16490	727	1006	817	1165	1079	1037
AT4G16500	552	752	662	560	597	542
AT4G16510	85	118	102	84	89	82
AT4G16515	0	0	0	0	0	0
AT4G16520	2153	3093	2647	2253	2614	1981
AT4G16530	0	1	0	0	0	0
AT4G16535	0	0	0	0	0	0
AT4G16540	7	15	16	20	21	23
AT4G16545	0	0	0	0	0	0
AT4G16550	0	0	0	0	0	0
AT4G16555	0	0	0	0	0	0
AT4G16560	0	0	0	0	0	0
AT4G16563	508	531	468	494	555	524
AT4G16566	148	140	132	135	143	105
AT4G16570	67	74	60	91	90	110
AT4G16580	228	273	295	269	240	268
AT4G16590	0	0	0	0	0	0
AT4G16600	19	22	22	13	13	4
AT4G16610	0	4	0	1	5	9
AT4G16620	5	7	2	3	2	6
AT4G16630	611	601	555	670	655	686
AT4G16640	0	5	3	5	2	4
AT4G16650	461	483	438	501	407	486
AT4G16660	1960	1824	1927	1229	886	1297
AT4G16670	88	114	84	97	84	79
AT4G16680	196	309	284	213	169	165
AT4G16690	394	484	404	173	205	160
AT4G16695	208	305	203	204	240	174
AT4G16700	27	32	38	64	33	50
AT4G16710	282	402	283	367	399	369
AT4G16720	3611	3855	3792	3183	3543	3816
AT4G16730	0	0	0	0	0	0
AT4G16740	0	0	0	0	0	0
AT4G16745	26	38	33	27	44	38
AT4G16748	0	0	0	0	0	0
AT4G16750	26	31	22	46	42	40
AT4G16760	4613	6662	7317	2219	2108	2007
AT4G16765	265	316	326	272	298	293
AT4G16770	128	200	133	140	147	118
AT4G16780	51	39	53	55	49	60
AT4G16790	49	48	54	57	36	61
AT4G16800	139	141	136	158	171	178
AT4G16807	28	31	22	22	30	28
AT4G16810	0	0	0	0	0	0
AT4G16820	83	152	137	0	0	0
AT4G16830	1200	1510	1308	1592	1535	1568
AT4G16835	55	39	41	62	51	72
AT4G16840	113	126	122	84	81	82
AT4G16845	380	426	394	287	303	301
AT4G16850	75	94	92	71	64	86
AT4G16855	0	0	1	0	2	0
AT4G16857	24	47	46	60	75	55
AT4G16860	511	719	539	676	488	572
AT4G16880	3	11	4	9	7	8
AT4G16890	1241	1648	1535	1163	1000	1152
AT4G16892	6	17	12	19	5	7
AT4G16900	523	692	631	502	452	473
AT4G16915	0	0	0	0	0	0
AT4G16920	44	49	40	69	57	73
AT4G16930	0	0	0	0	0	0
AT4G16940	22	32	16	31	18	24
AT4G16950	925	1131	956	943	882	927
AT4G16955	0	0	0	0	0	0
AT4G16957	92	186	141	90	142	114
AT4G16960	86	125	116	75	37	64
AT4G16970	81	85	109	92	53	104
AT4G16980	1	0	1	0	0	0
AT4G16983	0	0	0	0	0	0
AT4G16990	3037	3789	3040	3037	2682	2719
AT4G17000	17	28	24	48	37	43
AT4G17010	143	190	138	140	154	155
AT4G17020	170	197	175	220	184	195
AT4G17030	76	106	68	13	20	23
AT4G17040	2357	2889	2631	2694	2643	2446
AT4G17050	293	336	288	379	381	344
AT4G17060	248	276	248	310	276	243
AT4G17070	547	750	701	343	453	418
AT4G17080	706	946	806	722	810	716
AT4G17085	91	152	78	108	150	92
AT4G17090	235	271	234	142	172	143
AT4G17098	3	3	0	2	1	1
AT4G17100	244	263	276	274	120	244
AT4G17140	2156	2670	2314	2933	2088	2467
AT4G17150	488	543	438	554	559	537
AT4G17160	0	0	0	0	0	0
AT4G17170	1325	1620	1519	1337	1706	1147
AT4G17180	32	43	53	40	47	53
AT4G17190	239	255	209	240	261	269
AT4G17200	0	0	0	0	0	0
AT4G17210	0	0	0	0	0	0
AT4G17215	71	100	92	64	57	58
AT4G17220	8	6	9	11	5	12
AT4G17230	1170	1353	1505	630	531	502
AT4G17240	169	181	197	106	103	127
AT4G17243	7	5	3	3	4	2
AT4G17245	952	1192	1037	752	856	698
AT4G17250	242	303	301	147	176	163
AT4G17260	128	173	169	134	128	109
AT4G17270	662	817	724	677	579	593
AT4G17280	21	23	26	44	42	44
AT4G17300	847	822	928	756	783	745
AT4G17310	116	143	148	136	168	114
AT4G17330	2035	2192	2395	2297	1549	2119
AT4G17340	111	121	73	500	369	287
AT4G17350	43	34	43	46	51	35
AT4G17360	87	71	66	90	109	82
AT4G17370	221	312	225	273	334	268
AT4G17380	15	12	6	12	8	18
AT4G17390	2845	2946	2949	2506	3133	3126
AT4G17410	259	335	337	266	225	250
AT4G17420	192	178	173	195	175	153
AT4G17430	106	117	109	115	73	106
AT4G17440	49	58	51	58	64	62
AT4G17460	369	425	372	375	452	354
AT4G17470	3	6	2	3	5	2
AT4G17480	6	10	7	8	17	7
AT4G17483	21	22	15	11	15	19
AT4G17486	513	670	637	416	488	437
AT4G17490	882	1184	1071	132	171	110
AT4G17500	2357	3438	3500	751	1103	744
AT4G17505	0	0	0	1	0	0
AT4G17510	311	410	351	391	444	318
AT4G17520	2382	2606	2594	2731	2999	2991
AT4G17530	1041	1279	1325	693	724	596
AT4G17540	106	109	114	114	117	147
AT4G17550	132	181	156	164	197	190
AT4G17560	1360	1380	1304	1544	1814	1617
AT4G17565	0	0	0	0	0	0
AT4G17570	264	300	298	292	243	279
AT4G17580	0	0	0	0	0	0
AT4G17585	0	0	0	0	0	0
AT4G17590	0	0	0	0	0	0
AT4G17600	901	910	881	1111	1224	1175
AT4G17610	197	209	219	242	164	247
AT4G17612	0	0	0	0	0	0
AT4G17615	422	583	658	252	178	239
AT4G17616	124	132	113	138	123	115
AT4G17620	548	682	662	576	529	551
AT4G17640	749	836	783	699	786	679
AT4G17650	526	633	630	326	315	315
AT4G17660	22	27	20	5	1	2
AT4G17670	46	85	60	30	94	35
AT4G17680	29	46	39	62	82	59
AT4G17690	1	0	0	0	0	0
AT4G17695	68	85	81	72	53	69
AT4G17700	0	0	0	0	0	0
AT4G17710	1	2	4	3	2	2
AT4G17713	0	0	0	0	0	0
AT4G17718	0	0	0	0	0	0
AT4G17720	390	467	492	268	336	249
AT4G17730	1018	1355	1106	1368	1349	1274
AT4G17740	420	444	416	502	483	481
AT4G17750	75	95	73	95	56	90
AT4G17760	20	15	17	15	6	17
AT4G17765	0	0	0	0	0	0
AT4G17770	90	98	100	169	112	131
AT4G17780	0	0	0	0	0	0
AT4G17785	18	26	47	5	6	7
AT4G17788	5	3	3	10	3	8
AT4G17790	173	225	193	204	254	209
AT4G17800	139	149	186	157	161	185
AT4G17810	104	89	78	81	94	89
AT4G17830	539	663	617	481	391	500
AT4G17840	883	1119	1139	451	521	437
AT4G17850	0	0	0	0	0	0
AT4G17860	0	0	0	1	0	0
AT4G17870	933	1114	934	853	1222	965
AT4G17880	99	124	122	159	133	185
AT4G17890	377	442	411	381	357	324
AT4G17895	189	206	168	215	140	192
AT4G17900	1750	2383	2163	956	1113	1074
AT4G17905	3	14	13	6	7	15
AT4G17910	128	147	131	148	154	153
AT4G17920	0	2	1	1	0	2
AT4G17940	878	1070	1021	740	611	694
AT4G17950	453	485	496	415	350	413
AT4G17960	106	122	96	93	113	138
AT4G17970	27	32	18	36	20	33
AT4G17975	0	0	0	0	0	0
AT4G17980	0	0	2	0	0	1
AT4G17990	0	0	0	0	0	0
AT4G18010	2243	2428	2275	1009	1182	1002
AT4G18020	509	620	584	460	456	501
AT4G18030	1024	1078	1090	1238	1044	1169
AT4G18040	643	709	672	583	599	567
AT4G18050	113	131	155	38	35	52
AT4G18060	308	388	338	448	403	374
AT4G18070	489	565	528	614	605	573
AT4G18080	0	1	0	0	0	0
AT4G18090	0	0	0	0	0	0
AT4G18100	2653	3044	2768	2302	2920	2925
AT4G18110	0	0	0	0	0	0
AT4G18130	404	502	479	450	402	403
AT4G18140	355	458	455	359	334	275
AT4G18150	1	0	0	0	0	0
AT4G18160	190	199	230	157	184	154
AT4G18170	467	502	556	167	159	174
AT4G18180	0	0	0	1	0	0
AT4G18190	1	0	0	3	0	0
AT4G18195	52	60	83	16	18	26
AT4G18197	495	697	587	379	242	337
AT4G18203	0	0	0	0	0	0
AT4G18205	1291	1780	1454	799	775	723
AT4G18210	75	97	102	79	73	76
AT4G18215	0	1	1	0	0	0
AT4G18220	25	41	28	32	32	24
AT4G18230	127	167	145	150	152	150
AT4G18240	1107	1070	983	1226	883	1021
AT4G18250	292	452	449	71	87	77
AT4G18253	78	118	155	26	30	20
AT4G18255	0	0	0	0	0	0
AT4G18260	17	19	22	35	37	47
AT4G18270	26	27	11	40	28	59
AT4G18280	118	201	193	107	139	92
AT4G18290	88	100	75	211	146	154
AT4G18300	106	111	116	121	101	125
AT4G18310	0	0	0	0	0	2
AT4G18320	0	0	0	0	0	0
AT4G18330	0	0	0	1	1	0
AT4G18335	0	0	0	0	0	1
AT4G18340	142	169	199	101	106	115
AT4G18350	2	0	1	1	1	1
AT4G18360	456	646	635	224	336	266
AT4G18370	312	336	302	334	396	436
AT4G18372	67	79	71	71	65	72
AT4G18375	50	57	53	60	67	69
AT4G18380	185	237	187	231	174	239
AT4G18390	159	209	183	205	233	186
AT4G18395	0	0	0	0	0	0
AT4G18400	60	96	66	74	95	86
AT4G18422	8	13	7	0	3	1
AT4G18425	1	9	5	1	0	3
AT4G18430	165	202	274	89	100	98
AT4G18440	203	166	170	226	245	239
AT4G18450	0	0	0	0	0	0
AT4G18460	40	41	43	33	57	42
AT4G18465	186	270	215	262	217	220
AT4G18470	38	46	58	49	24	37
AT4G18480	1937	1802	1811	2203	2232	2215
AT4G18490	17	10	15	20	11	23
AT4G18500	0	0	0	0	1	0
AT4G18501	0	2	1	2	3	1
AT4G18510	8	3	4	5	12	6
AT4G18520	77	68	69	122	88	148
AT4G18530	88	74	82	122	86	121
AT4G18540	3	2	0	0	0	1
AT4G18550	7	9	10	18	5	16
AT4G18570	283	362	279	435	317	404
AT4G18580	96	151	115	91	109	91
AT4G18590	172	212	183	183	212	176
AT4G18593	110	168	126	141	175	154
AT4G18596	0	0	2	0	0	0
AT4G18600	183	178	201	197	81	175
AT4G18610	8	9	10	28	38	35
AT4G18620	0	0	0	0	0	0
AT4G18630	4	10	9	32	26	28
AT4G18640	24	21	52	47	50	62
AT4G18650	1	0	0	4	4	2
AT4G18660	0	0	0	0	0	1
AT4G18670	764	776	718	1165	643	1160
AT4G18680	0	0	0	1	0	0
AT4G18690	0	0	0	1	0	0
AT4G18692	0	0	0	0	0	0
AT4G18700	1018	1338	990	1265	1230	1280
AT4G18710	3729	4293	4088	3532	3262	3227
AT4G18720	0	0	0	0	0	1
AT4G18725	0	0	0	0	0	0
AT4G18730	1953	2270	2080	1772	2122	2068
AT4G18740	126	144	109	115	156	95
AT4G18750	30	31	43	64	35	46
AT4G18760	204	190	218	190	176	179
AT4G18770	0	0	1	0	0	0
AT4G18780	10	27	18	35	8	26
AT4G18790	0	0	0	0	0	1
AT4G18800	204	245	167	164	165	192
AT4G18810	155	161	191	239	201	233
AT4G18815	0	0	0	0	0	0
AT4G18820	299	330	284	294	283	325
AT4G18823	0	0	0	0	0	0
AT4G18830	11	20	9	10	20	15
AT4G18840	36	47	31	43	42	47
AT4G18860	0	1	0	0	0	0
AT4G18870	0	3	0	0	0	0
AT4G18880	468	564	539	213	231	233
AT4G18890	101	143	134	69	77	96
AT4G18900	2	0	0	3	2	3
AT4G18905	473	512	516	574	500	554
AT4G18910	258	351	275	214	179	204
AT4G18920	0	0	1	1	0	1
AT4G18930	391	503	499	515	534	522
AT4G18940	88	97	129	42	35	53
AT4G18950	2391	3470	3853	797	517	710
AT4G18960	0	3	3	0	7	3
AT4G18970	280	331	323	376	376	382
AT4G18975	164	173	154	239	198	171
AT4G18980	1	2	2	1	0	2
AT4G18990	9	26	33	7	0	6
AT4G19000	1	0	2	0	0	0
AT4G19003	246	366	261	251	361	253
AT4G19006	409	524	509	402	410	384
AT4G19010	201	212	190	141	153	147
AT4G19020	266	319	285	396	269	381
AT4G19030	39	39	57	73	93	87
AT4G19035	0	0	0	0	0	0
AT4G19038	0	0	0	0	0	0
AT4G19040	487	646	589	500	423	409
AT4G19045	68	64	84	71	62	70
AT4G19050	0	5	5	5	3	5
AT4G19060	102	115	136	131	146	133
AT4G19070	150	166	137	184	141	188
AT4G19080	24	21	20	20	18	30
AT4G19090	33	69	54	38	50	54
AT4G19095	3	6	6	8	9	6
AT4G19100	156	158	143	228	193	176
AT4G19110	3392	4017	3889	3598	3198	3378
AT4G19120	568	555	644	819	616	749
AT4G19130	25	31	31	37	16	31
AT4G19140	358	436	407	248	227	252
AT4G19150	327	353	327	236	345	341
AT4G19160	2108	3059	2478	1241	1987	1458
AT4G19170	75	89	69	101	109	95
AT4G19180	266	264	267	220	175	208
AT4G19185	177	243	211	193	151	160
AT4G19190	442	545	506	476	441	428
AT4G19191	18	18	19	21	21	18
AT4G19200	1820	2397	2222	1549	1607	1415
AT4G19210	1726	1953	1852	1719	1430	1666
AT4G19220	20	14	15	25	25	28
AT4G19230	278	344	440	78	141	113
AT4G19240	0	0	0	0	0	0
AT4G19250	0	0	0	0	0	0
AT4G19260	0	0	0	0	0	0
AT4G19270	0	0	0	0	0	0
AT4G19275	0	0	0	0	0	0
AT4G19330	0	0	0	0	0	0
AT4G19340	0	0	0	0	0	0
AT4G19350	275	314	254	305	349	286
AT4G19360	0	1	0	0	0	0
AT4G19370	189	366	286	121	145	153
AT4G19380	126	124	145	268	194	221
AT4G19390	334	400	319	344	429	315
AT4G19395	7	6	9	3	4	6
AT4G19400	0	0	0	0	0	0
AT4G19410	5068	6234	5839	3052	3583	2979
AT4G19420	934	1937	1206	719	1123	942
AT4G19430	0	0	0	0	0	1
AT4G19440	102	111	108	142	113	129
AT4G19450	670	777	710	480	437	477
AT4G19460	101	126	178	7	2	7
AT4G19470	0	0	0	1	0	0
AT4G19480	0	0	0	0	0	0
AT4G19485	0	0	0	0	0	0
AT4G19490	1125	1168	1152	960	725	963
AT4G19500	683	889	795	882	723	854
AT4G19510	545	761	591	507	464	499
AT4G19520	645	903	1060	294	213	247
AT4G19530	553	641	456	620	666	614
AT4G19540	131	156	164	163	206	163
AT4G19550	40	48	50	43	47	56
AT4G19560	11	16	12	13	22	18
AT4G19570	0	2	5	2	2	1
AT4G19580	0	0	0	0	0	0
AT4G19590	7	8	7	4	5	9
AT4G19600	354	487	503	452	490	458
AT4G19610	343	427	372	425	338	433
AT4G19620	0	0	0	0	0	0
AT4G19630	0	0	0	0	0	0
AT4G19640	1044	1313	1148	891	1012	758
AT4G19645	62	86	80	65	58	56
AT4G19650	57	63	37	73	52	62
AT4G19660	353	469	433	221	241	249
AT4G19670	476	540	505	447	413	399
AT4G19680	6	5	17	12	10	5
AT4G19690	6	10	18	17	80	8
AT4G19700	298	361	275	256	221	232
AT4G19710	700	716	763	802	656	781
AT4G19720	68	68	71	23	19	25
AT4G19730	0	0	0	0	0	0
AT4G19740	0	0	0	0	0	0
AT4G19750	0	0	0	0	0	0
AT4G19760	0	0	0	0	0	0
AT4G19770	0	0	0	0	0	0
AT4G19800	0	0	0	0	0	0
AT4G19810	181	205	190	207	154	228
AT4G19820	12	19	20	14	12	17
AT4G19830	111	112	106	108	173	129
AT4G19840	708	851	796	931	704	792
AT4G19850	0	5	0	2	2	1
AT4G19860	1767	2313	2046	2047	1597	1649
AT4G19865	36	46	26	40	50	72
AT4G19870	72	98	100	96	81	94
AT4G19880	6516	8112	8440	2660	2840	2149
AT4G19890	79	92	100	116	87	120
AT4G19900	213	269	239	232	198	233
AT4G19905	0	0	0	0	0	0
AT4G19910	0	0	0	0	0	0
AT4G19920	26	46	52	16	8	10
AT4G19925	1	6	8	0	0	5
AT4G19930	0	0	0	0	0	0
AT4G19940	0	1	1	0	0	0
AT4G19950	57	71	72	64	41	47
AT4G19960	240	332	258	178	123	216
AT4G19970	92	146	124	36	20	37
AT4G19975	10	11	15	9	8	3
AT4G19980	1	0	0	4	2	4
AT4G19985	107	135	98	156	186	204
AT4G19990	244	251	255	255	206	278
AT4G20000	75	118	67	56	28	53
AT4G20010	410	461	388	404	382	422
AT4G20020	270	257	280	377	384	389
AT4G20030	110	161	105	137	125	122
AT4G20040	0	1	0	0	1	3
AT4G20050	7	6	8	14	11	10
AT4G20060	78	104	96	95	111	99
AT4G20070	1314	1837	1583	1144	1274	969
AT4G20080	0	1	0	0	0	0
AT4G20090	78	104	82	100	92	137
AT4G20095	1	0	0	2	1	3
AT4G20100	0	0	0	0	0	0
AT4G20110	625	713	852	573	375	517
AT4G20115	0	0	0	0	0	0
AT4G20130	463	423	452	599	559	637
AT4G20140	46	73	67	125	81	96
AT4G20150	1178	1480	1264	1271	1526	1280
AT4G20160	1	1	2	0	1	0
AT4G20170	131	135	155	91	95	135
AT4G20190	0	2	5	1	0	1
AT4G20200	0	0	0	0	0	0
AT4G20210	2	0	1	0	6	4
AT4G20220	0	0	0	0	0	0
AT4G20230	1	0	3	2	1	5
AT4G20235	4	6	9	8	11	14
AT4G20240	2	3	6	36	45	36
AT4G20250	0	0	0	0	0	0
AT4G20260	5188	6792	5601	4699	6311	4283
AT4G20270	215	261	257	491	269	447
AT4G20280	230	261	224	235	311	248
AT4G20290	0	0	0	0	0	0
AT4G20300	512	652	620	597	525	504
AT4G20310	79	99	82	112	102	96
AT4G20320	139	170	164	251	186	363
AT4G20325	82	78	55	81	82	96
AT4G20330	452	590	552	448	453	407
AT4G20340	225	221	213	252	264	250
AT4G20350	54	58	49	45	51	39
AT4G20360	0	0	0	0	0	0
AT4G20362	13	10	9	18	32	9
AT4G20370	0	2	0	2	1	0
AT4G20380	422	498	484	356	397	419
AT4G20390	50	48	48	158	162	103
AT4G20400	723	819	730	806	716	741
AT4G20410	539	658	588	622	543	492
AT4G20420	0	0	0	0	0	0
AT4G20430	83	79	93	140	85	151
AT4G20440	429	495	483	543	626	568
AT4G20450	3	0	6	0	2	0
AT4G20460	94	97	103	84	52	68
AT4G20470	0	1	1	0	0	0
AT4G20480	446	540	532	496	451	488
AT4G20520	0	0	0	0	0	0
AT4G20530	0	0	0	0	0	0
AT4G20535	0	0	0	0	0	0
AT4G20540	0	0	0	0	0	0
AT4G20545	0	0	0	0	0	0
AT4G20550	0	0	0	0	0	0
AT4G20555	0	0	0	0	0	0
AT4G20560	0	0	0	0	0	0
AT4G20565	0	0	0	0	0	0
AT4G20570	0	0	0	0	0	0
AT4G20575	0	0	0	0	0	0
AT4G20580	0	0	0	0	0	0
AT4G20590	0	0	0	0	0	0
AT4G20600	0	0	0	0	0	0
AT4G20610	0	0	0	0	0	0
AT4G20620	0	0	0	0	0	0
AT4G20630	0	0	0	0	0	0
AT4G20640	0	0	0	0	0	0
AT4G20645	0	0	0	0	0	0
AT4G20650	0	0	0	0	0	0
AT4G20670	0	0	0	0	0	0
AT4G20680	0	1	0	0	0	0
AT4G20690	3	3	2	1	1	4
AT4G20700	0	0	0	0	0	0
AT4G20703	0	0	0	0	0	0
AT4G20707	0	1	0	0	0	0
AT4G20720	30	36	36	42	12	17
AT4G20735	0	0	0	0	0	0
AT4G20740	87	110	102	118	103	119
AT4G20760	107	123	115	130	145	134
AT4G20770	13	13	9	19	17	21
AT4G20780	434	641	578	180	185	163
AT4G20790	0	0	0	0	0	0
AT4G20800	0	0	0	0	0	0
AT4G20810	0	0	0	0	0	0
AT4G20820	13	36	27	25	31	49
AT4G20830	2559	3172	3461	714	842	770
AT4G20835	0	0	0	0	0	0
AT4G20840	237	271	279	250	251	241
AT4G20850	3963	4683	4618	4455	3305	3833
AT4G20860	2384	2403	2663	1278	875	1112
AT4G20870	298	322	296	232	302	286
AT4G20880	196	222	207	256	218	224
AT4G20890	2449	2664	2459	2868	2536	2623
AT4G20900	0	1	0	2	0	1
AT4G20910	98	68	71	108	90	125
AT4G20920	8	1	9	16	4	10
AT4G20930	194	242	209	152	167	124
AT4G20935	3	2	4	7	1	9
AT4G20940	90	80	81	170	134	199
AT4G20947	0	0	0	0	0	0
AT4G20953	2	2	0	2	0	0
AT4G20960	297	333	367	301	273	332
AT4G20970	2	14	23	0	2	0
AT4G20980	1218	1255	1277	1175	1087	1168
AT4G20990	1	3	0	1	0	0
AT4G21000	0	0	0	0	0	0
AT4G21010	0	0	0	0	0	0
AT4G21020	5	7	11	0	2	9
AT4G21030	0	0	0	0	0	0
AT4G21040	0	0	0	0	0	0
AT4G21050	0	0	0	0	0	0
AT4G21060	101	105	84	89	78	135
AT4G21063	18	8	20	20	31	14
AT4G21065	26	23	23	37	25	27
AT4G21070	93	130	96	101	94	99
AT4G21080	0	1	0	0	0	0
AT4G21090	151	195	185	143	179	190
AT4G21100	520	571	624	613	456	565
AT4G21105	1216	1510	1312	1067	1301	1017
AT4G21110	447	567	490	454	499	472
AT4G21120	93	98	132	61	27	73
AT4G21130	0	0	0	0	0	0
AT4G21140	110	112	118	109	110	113
AT4G21150	1328	1418	1336	1280	1049	1292
AT4G21160	768	890	794	685	689	635
AT4G21170	48	30	44	51	61	76
AT4G21180	205	189	218	160	119	189
AT4G21190	190	198	155	291	289	276
AT4G21192	155	177	142	116	133	101
AT4G21200	3	10	11	18	11	26
AT4G21210	1092	1176	1080	1116	1086	1039
AT4G21213	0	0	0	1	0	0
AT4G21215	126	168	145	196	189	160
AT4G21220	40	28	38	39	48	64
AT4G21230	28	35	37	52	41	82
AT4G21240	0	0	0	0	0	0
AT4G21250	5	2	3	2	2	0
AT4G21260	0	0	0	0	0	0
AT4G21270	22	30	46	69	44	69
AT4G21280	5494	5557	5447	7672	6971	6737
AT4G21300	24	30	38	42	29	53
AT4G21310	9	10	7	9	18	8
AT4G21320	66	75	47	67	72	59
AT4G21323	19	19	19	13	21	14
AT4G21326	111	203	130	151	168	159
AT4G21330	0	0	1	0	1	0
AT4G21340	4	2	7	15	8	8
AT4G21350	141	152	151	190	161	180
AT4G21362	0	0	0	0	0	0
AT4G21366	0	0	0	0	0	0
AT4G21380	186	228	230	78	75	84
AT4G21390	530	747	904	60	60	65
AT4G21400	560	763	704	667	671	571
AT4G21410	1973	2457	2311	1499	1453	1473
AT4G21430	217	287	235	267	227	318
AT4G21440	2	4	4	3	0	1
AT4G21445	122	157	146	148	187	149
AT4G21450	1304	1687	1420	1188	1224	1159
AT4G21460	149	174	131	174	160	202
AT4G21470	328	425	412	278	269	265
AT4G21480	20	23	19	24	12	19
AT4G21490	4	0	1	1	4	2
AT4G21500	58	82	82	43	18	32
AT4G21510	254	332	242	218	223	224
AT4G21515	0	0	0	0	0	0
AT4G21520	93	92	86	118	101	107
AT4G21530	116	139	125	168	132	155
AT4G21534	610	900	896	449	431	390
AT4G21540	456	592	574	431	499	414
AT4G21550	16	19	24	29	24	21
AT4G21560	331	438	403	297	342	336
AT4G21570	476	541	535	452	475	438
AT4G21580	1266	1692	1585	786	819	686
AT4G21585	51	61	60	65	73	68
AT4G21590	4	5	1	2	6	2
AT4G21595	0	0	0	0	0	0
AT4G21600	63	72	71	113	125	98
AT4G21610	64	94	93	68	86	82
AT4G21620	2053	2493	2150	1758	2163	1693
AT4G21630	0	0	0	0	0	0
AT4G21640	0	0	0	0	0	0
AT4G21650	11	6	5	15	2	20
AT4G21660	1793	2173	2073	1762	1825	1713
AT4G21670	595	644	586	620	518	582
AT4G21680	385	559	658	42	47	41
AT4G21690	0	0	0	0	0	0
AT4G21700	187	198	161	175	103	142
AT4G21705	104	116	101	123	122	119
AT4G21710	1087	1369	1358	1277	1101	1239
AT4G21720	54	65	51	49	51	50
AT4G21740	29	38	38	38	35	28
AT4G21745	0	4	5	3	6	5
AT4G21750	1222	1305	1125	1406	1103	1261
AT4G21760	0	3	3	2	1	3
AT4G21770	209	201	197	254	230	249
AT4G21780	2	7	2	7	9	3
AT4G21790	890	1110	1010	1003	924	934
AT4G21800	267	305	264	293	368	281
AT4G21810	541	592	527	449	550	470
AT4G21820	22	28	26	62	17	40
AT4G21830	15	12	20	18	18	14
AT4G21840	17	45	49	0	5	4
AT4G21850	558	845	975	184	309	223
AT4G21860	1043	1305	1134	1304	1482	1232
AT4G21865	18	33	36	13	10	20
AT4G21870	483	670	484	474	635	394
AT4G21880	43	49	73	73	60	96
AT4G21890	21	35	27	46	39	39
AT4G21895	0	2	0	0	0	0
AT4G21900	184	183	152	203	184	215
AT4G21902	0	0	0	0	1	0
AT4G21903	66	86	88	28	30	28
AT4G21910	367	523	423	457	370	483
AT4G21920	152	302	189	15	8	14
AT4G21926	0	0	0	0	0	0
AT4G21930	0	2	0	0	0	0
AT4G21940	21	26	29	18	17	20
AT4G21950	0	0	0	0	0	0
AT4G21960	5185	8220	5966	8339	8118	8489
AT4G21970	4	2	0	3	6	7
AT4G21980	511	687	642	532	556	506
AT4G21990	1521	2468	2272	625	843	702
AT4G22000	354	403	368	318	426	331
AT4G22010	347	334	387	429	426	503
AT4G22030	70	118	104	4	0	3
AT4G22035	9	11	1	0	0	1
AT4G22050	0	1	0	0	0	0
AT4G22060	0	0	0	0	0	0
AT4G22070	124	124	198	132	96	143
AT4G22080	14	13	25	4	15	10
AT4G22090	0	0	0	0	0	0
AT4G22100	0	0	0	0	0	0
AT4G22105	1	1	2	0	1	2
AT4G22110	6	2	4	5	17	6
AT4G22115	0	0	0	0	0	0
AT4G22120	125	175	161	239	129	219
AT4G22130	268	355	288	402	309	370
AT4G22140	206	306	248	265	279	278
AT4G22150	393	506	365	363	388	337
AT4G22160	62	67	58	86	83	68
AT4G22165	0	0	0	0	0	0
AT4G22170	1	0	0	0	0	3
AT4G22180	0	0	0	0	0	0
AT4G22190	377	385	336	394	334	432
AT4G22200	22	29	17	21	33	31
AT4G22210	0	0	0	0	0	0
AT4G22212	31	22	32	53	53	66
AT4G22214	1	0	1	0	2	5
AT4G22217	2	0	0	0	2	4
AT4G22220	1263	1557	1492	1340	1445	1238
AT4G22230	1	6	3	8	16	11
AT4G22233	2	0	0	4	2	2
AT4G22235	0	0	0	0	0	1
AT4G22240	2006	2526	2297	1425	1339	1379
AT4G22250	16	35	32	36	28	31
AT4G22260	627	780	711	609	590	580
AT4G22265	0	0	0	0	0	0
AT4G22270	28	41	40	40	28	37
AT4G22280	17	38	24	24	23	39
AT4G22285	334	350	387	367	274	322
AT4G22290	233	268	245	344	292	282
AT4G22300	164	199	195	163	165	185
AT4G22305	56	84	86	55	71	57
AT4G22310	943	1220	1096	986	1053	861
AT4G22320	114	86	120	101	84	94
AT4G22330	784	882	847	737	767	695
AT4G22340	60	79	91	73	71	57
AT4G22350	153	194	174	185	154	180
AT4G22360	268	355	297	253	313	271
AT4G22370	1	1	2	0	0	2
AT4G22380	148	213	164	181	185	178
AT4G22390	3	4	3	10	7	10
AT4G22400	0	0	0	0	0	0
AT4G22410	0	0	0	0	0	1
AT4G22430	0	0	0	0	0	0
AT4G22440	0	0	0	0	0	0
AT4G22460	0	0	0	0	0	0
AT4G22463	0	0	0	0	0	0
AT4G22467	0	0	0	0	0	2
AT4G22470	27	19	24	8	4	26
AT4G22475	1	2	1	1	4	6
AT4G22485	4	1	1	2	0	0
AT4G22490	224	332	292	271	197	275
AT4G22495	0	0	0	0	0	0
AT4G22505	0	0	0	0	0	0
AT4G22510	0	0	0	0	0	0
AT4G22513	14	24	12	16	13	18
AT4G22517	156	217	217	191	62	183
AT4G22520	0	0	0	0	0	0
AT4G22530	535	694	829	173	178	144
AT4G22540	717	959	775	996	898	951
AT4G22550	48	51	56	46	64	47
AT4G22560	16	8	7	10	12	18
AT4G22570	100	116	115	186	115	200
AT4G22580	86	101	93	115	90	88
AT4G22590	304	404	463	83	96	112
AT4G22600	0	1	0	0	0	0
AT4G22610	21	13	7	25	21	17
AT4G22620	0	3	3	0	1	2
AT4G22630	0	0	0	0	0	0
AT4G22635	0	0	0	0	0	0
AT4G22640	28	36	29	9	3	6
AT4G22650	0	0	0	0	0	0
AT4G22660	0	0	0	0	0	0
AT4G22666	23	16	13	30	44	30
AT4G22670	1286	1530	1428	1385	1512	1397
AT4G22680	9	5	3	2	4	6
AT4G22690	2824	3756	4211	689	719	671
AT4G22700	0	0	1	0	0	0
AT4G22710	595	748	868	13	10	10
AT4G22720	264	379	307	276	336	306
AT4G22730	49	41	47	57	33	50
AT4G22740	352	417	385	353	312	364
AT4G22745	111	135	101	104	126	112
AT4G22750	724	877	716	632	713	604
AT4G22754	0	0	0	0	0	0
AT4G22755	65	75	46	68	78	66
AT4G22756	81	100	89	147	119	139
AT4G22758	11	11	14	14	10	15
AT4G22760	26	29	42	39	45	72
AT4G22770	78	101	73	58	59	58
AT4G22780	96	120	99	93	99	98
AT4G22790	15	21	13	17	12	24
AT4G22810	23	22	29	36	37	53
AT4G22820	529	692	654	346	365	336
AT4G22830	162	156	126	129	149	160
AT4G22840	46	84	60	101	88	91
AT4G22850	59	73	57	63	66	48
AT4G22860	16	32	21	48	31	33
AT4G22870	0	0	0	0	0	0
AT4G22880	0	0	0	0	0	0
AT4G22890	535	667	618	872	1018	771
AT4G22900	3	3	7	8	2	7
AT4G22910	161	167	202	144	141	141
AT4G22920	264	344	302	167	196	190
AT4G22930	313	344	346	354	338	349
AT4G22940	3	8	5	5	2	5
AT4G22950	10	12	10	9	2	2
AT4G22960	3	5	14	13	11	6
AT4G22970	81	125	134	158	78	127
AT4G22980	38	48	67	42	58	44
AT4G22990	109	111	111	150	146	161
AT4G23000	26	41	22	48	40	50
AT4G23010	604	778	796	258	174	251
AT4G23015	0	0	0	0	0	0
AT4G23020	8	11	13	14	9	18
AT4G23030	208	313	270	64	70	85
AT4G23040	220	219	241	179	197	174
AT4G23050	542	592	582	418	380	387
AT4G23060	346	475	426	184	188	208
AT4G23070	2	1	2	1	4	2
AT4G23080	0	0	0	0	0	0
AT4G23090	0	0	0	0	0	0
AT4G23100	10591	14326	14196	5044	4762	5167
AT4G23110	0	0	0	0	0	0
AT4G23120	0	0	0	0	0	0
AT4G23130	42	64	48	24	24	29
AT4G23140	27	38	25	2	2	0
AT4G23150	22	41	35	0	6	1
AT4G23160	5	10	3	0	2	2
AT4G23170	146	212	173	69	73	80
AT4G23180	619	733	767	223	173	202
AT4G23190	798	889	967	187	160	211
AT4G23200	102	128	128	75	79	39
AT4G23205	1	1	4	4	2	2
AT4G23210	399	452	500	208	181	189
AT4G23220	201	175	217	10	27	46
AT4G23230	26	31	22	9	5	9
AT4G23240	25	37	22	55	54	47
AT4G23250	257	326	362	102	96	113
AT4G23260	403	446	408	363	283	309
AT4G23270	1437	1834	1942	885	959	867
AT4G23271	0	0	0	0	0	0
AT4G23280	71	111	133	18	9	24
AT4G23290	175	172	152	352	198	258
AT4G23300	325	343	304	488	295	423
AT4G23310	1	2	0	0	2	2
AT4G23320	3	4	4	0	2	2
AT4G23330	247	259	194	267	290	239
AT4G23340	1	1	0	2	3	4
AT4G23350	0	0	0	0	0	0
AT4G23355	0	0	0	0	0	0
AT4G23360	0	0	1	0	0	0
AT4G23365	0	1	1	0	0	0
AT4G23370	0	0	0	0	0	0
AT4G23373	0	0	0	0	0	0
AT4G23375	0	0	0	0	0	0
AT4G23380	0	0	0	0	0	0
AT4G23387	0	0	0	0	0	0
AT4G23390	2	0	0	0	1	0
AT4G23400	1621	2461	1499	1817	2338	1513
AT4G23410	34	33	28	41	30	63
AT4G23420	28	30	15	30	36	44
AT4G23430	353	442	375	408	366	457
AT4G23440	211	246	229	294	235	298
AT4G23450	86	97	96	52	48	38
AT4G23460	1294	1349	1373	1107	1020	1135
AT4G23470	2451	3084	3158	2004	2084	1756
AT4G23490	82	76	62	84	60	105
AT4G23493	5	6	6	5	2	8
AT4G23496	0	0	0	0	1	0
AT4G23500	27	38	48	61	42	50
AT4G23510	47	53	59	99	100	126
AT4G23515	5	5	6	7	8	12
AT4G23520	0	0	0	0	0	0
AT4G23530	173	204	181	152	167	177
AT4G23540	299	333	370	361	220	337
AT4G23550	315	383	409	260	172	251
AT4G23560	8	5	5	2	4	0
AT4G23570	470	619	619	272	310	250
AT4G23580	0	0	0	0	0	0
AT4G23590	9	4	1	2	1	4
AT4G23600	202	381	288	111	240	82
AT4G23610	1	0	1	0	1	1
AT4G23620	174	161	162	184	165	158
AT4G23630	1186	1390	1288	1261	1341	1218
AT4G23635	0	0	0	0	0	0
AT4G23640	647	702	654	716	699	618
AT4G23650	1405	1831	1651	1458	1309	1374
AT4G23660	123	161	128	119	175	129
AT4G23670	1165	1695	1216	3267	2727	2637
AT4G23680	184	280	176	483	411	367
AT4G23690	141	171	215	96	69	108
AT4G23700	1191	1559	2180	1386	752	1342
AT4G23710	687	893	756	580	654	534
AT4G23713	0	0	0	1	0	1
AT4G23720	0	1	4	5	0	6
AT4G23730	326	495	401	333	295	325
AT4G23740	173	173	183	270	226	277
AT4G23750	58	54	62	127	126	141
AT4G23760	118	180	127	123	192	133
AT4G23770	17	16	13	20	28	17
AT4G23780	0	0	0	0	0	1
AT4G23790	85	103	87	86	114	103
AT4G23800	148	209	192	379	218	363
AT4G23810	322	282	304	30	35	58
AT4G23820	839	1020	791	1023	1009	955
AT4G23840	151	139	137	131	133	149
AT4G23850	4638	5651	5952	3148	2398	2757
AT4G23860	406	471	411	449	414	448
AT4G23870	326	380	193	311	331	294
AT4G23880	45	72	57	59	56	51
AT4G23882	1	0	1	3	0	1
AT4G23885	161	251	229	100	128	106
AT4G23890	246	329	278	363	455	308
AT4G23895	143	179	139	165	154	155
AT4G23900	0	0	0	0	0	0
AT4G23910	223	301	250	233	252	202
AT4G23915	0	0	0	0	0	0
AT4G23920	110	169	160	86	79	89
AT4G23930	32	32	32	51	41	40
AT4G23940	337	315	316	511	384	458
AT4G23950	68	74	73	80	84	90
AT4G23960	0	0	1	0	1	0
AT4G23970	0	0	0	0	0	0
AT4G23980	462	550	427	494	454	531
AT4G23990	16	16	19	24	15	20
AT4G24000	2	5	7	0	0	1
AT4G24010	0	0	0	0	3	2
AT4G24015	51	52	58	85	67	102
AT4G24020	1252	1603	1466	1111	1004	991
AT4G24025	0	0	0	0	0	0
AT4G24026	4	5	6	4	7	8
AT4G24030	0	0	0	0	0	0
AT4G24040	286	307	388	181	135	165
AT4G24050	183	206	188	181	136	185
AT4G24060	286	319	310	318	208	277
AT4G24070	0	0	0	1	0	0
AT4G24080	7	6	7	7	10	17
AT4G24090	179	213	140	293	307	238
AT4G24100	326	431	409	401	329	378
AT4G24110	345	390	453	43	79	42
AT4G24120	504	489	512	481	274	414
AT4G24130	134	133	167	144	131	117
AT4G24140	91	104	136	154	138	107
AT4G24150	14	11	16	18	15	26
AT4G24160	1729	2090	2476	476	567	448
AT4G24170	1	2	3	3	0	1
AT4G24175	66	64	65	67	76	65
AT4G24180	8	1	7	4	11	10
AT4G24190	3424	3345	3305	2923	2161	3014
AT4G24200	431	483	471	392	333	404
AT4G24204	1	0	0	1	1	0
AT4G24210	165	191	151	179	169	212
AT4G24220	4136	5198	4541	4003	4558	3510
AT4G24230	3175	4315	3521	1974	2263	2059
AT4G24231	1	1	0	0	0	1
AT4G24240	685	805	694	757	814	871
AT4G24250	6	8	5	11	6	6
AT4G24260	3	2	5	3	3	3
AT4G24265	6	5	4	10	7	12
AT4G24270	421	486	433	549	475	561
AT4G24275	256	294	282	283	228	223
AT4G24280	3005	2900	3022	3113	2843	3202
AT4G24290	1291	1572	1509	980	859	830
AT4G24300	0	0	0	0	0	0
AT4G24310	58	81	70	27	23	26
AT4G24320	26	23	31	37	40	35
AT4G24330	935	1073	938	864	887	908
AT4G24340	19	28	45	21	12	31
AT4G24350	91	122	79	70	105	91
AT4G24370	79	125	70	95	106	95
AT4G24380	66	136	123	26	24	20
AT4G24390	200	279	228	215	214	234
AT4G24400	605	843	806	461	361	385
AT4G24410	2	2	3	6	9	12
AT4G24413	0	0	1	3	0	1
AT4G24415	5	6	11	8	12	8
AT4G24420	1	1	2	7	1	5
AT4G24430	9	1	14	15	0	4
AT4G24440	362	541	445	383	461	436
AT4G24450	85	157	116	106	113	114
AT4G24460	130	180	157	199	197	195
AT4G24470	314	373	370	392	395	388
AT4G24480	299	368	380	332	248	339
AT4G24490	285	309	309	301	287	334
AT4G24500	131	145	139	141	132	118
AT4G24510	486	513	504	613	393	460
AT4G24520	2934	3388	3334	3316	2590	3058
AT4G24530	110	124	115	149	137	146
AT4G24540	19	21	18	8	14	19
AT4G24550	959	1082	1068	1004	883	980
AT4G24560	517	516	566	519	398	471
AT4G24565	0	0	0	0	0	0
AT4G24570	927	846	749	140	164	161
AT4G24580	21	20	28	14	23	22
AT4G24590	381	518	451	337	300	274
AT4G24600	3	7	5	1	1	4
AT4G24610	190	194	200	265	161	226
AT4G24615	0	0	0	0	0	0
AT4G24620	1146	1210	1257	1353	1089	1305
AT4G24630	271	343	291	345	332	286
AT4G24640	0	0	0	0	0	0
AT4G24644	0	0	0	0	0	0
AT4G24650	0	0	0	0	0	0
AT4G24660	170	249	232	211	193	212
AT4G24670	34	61	37	60	45	61
AT4G24680	1382	1539	1426	1385	1007	1257
AT4G24690	4833	6092	5795	5939	5524	4777
AT4G24700	5	3	3	9	7	1
AT4G24710	21	34	22	30	35	34
AT4G24715	0	2	0	0	0	0
AT4G24730	142	196	182	167	152	108
AT4G24740	797	1027	958	1065	1038	971
AT4G24750	647	677	677	793	961	881
AT4G24760	191	297	202	218	162	223
AT4G24770	4908	4806	4678	5224	5825	5472
AT4G24780	150	174	188	446	340	484
AT4G24790	33	43	53	72	61	87
AT4G24800	908	1048	1029	1110	1019	1087
AT4G24805	172	216	210	150	164	135
AT4G24810	159	178	159	256	294	243
AT4G24820	1848	2263	2144	1910	1910	1864
AT4G24830	496	548	642	609	609	649
AT4G24840	699	683	703	633	550	638
AT4G24860	16	15	17	21	11	13
AT4G24880	166	144	191	187	158	187
AT4G24890	2	0	0	6	1	0
AT4G24900	136	181	168	159	200	153
AT4G24910	10	20	13	17	17	19
AT4G24920	1460	1846	1900	774	904	818
AT4G24930	581	627	647	504	520	481
AT4G24940	234	332	243	281	257	258
AT4G24950	0	0	0	0	0	0
AT4G24960	52	93	64	116	88	123
AT4G24970	149	192	148	127	98	107
AT4G24972	143	150	145	97	122	111
AT4G24973	0	0	0	1	0	0
AT4G24974	0	0	0	0	0	0
AT4G24975	0	0	0	0	0	0
AT4G24980	0	0	0	0	0	0
AT4G24990	645	1107	909	610	616	542
AT4G25000	0	0	1	5	1	1
AT4G25010	0	0	0	0	0	0
AT4G25020	2	8	6	13	8	9
AT4G25030	3419	4382	4690	1902	1753	1718
AT4G25040	0	0	0	0	0	0
AT4G25050	1249	1379	1178	1262	1627	1364
AT4G25070	168	224	237	82	79	74
AT4G25080	1866	2122	1878	2289	2656	2244
AT4G25090	44	43	48	123	94	134
AT4G25100	7298	6899	6881	8354	5613	8703
AT4G25110	277	333	343	212	146	207
AT4G25120	104	120	128	135	80	130
AT4G25130	1732	1838	1821	1539	1725	1461
AT4G25140	1	0	17	3	21	14
AT4G25150	10	21	13	14	14	27
AT4G25160	10	10	14	6	4	7
AT4G25170	1791	2196	1974	1608	1648	1652
AT4G25180	200	253	222	208	240	214
AT4G25190	3	1	3	1	3	1
AT4G25200	4	2	6	0	1	0
AT4G25210	839	873	959	673	685	711
AT4G25220	17	15	43	9	15	7
AT4G25225	58	49	59	43	67	36
AT4G25230	963	1219	1409	568	543	539
AT4G25240	19	31	23	77	67	66
AT4G25250	0	0	0	6	1	1
AT4G25260	180	187	155	281	247	265
AT4G25270	77	71	68	93	86	115
AT4G25280	178	234	157	206	213	216
AT4G25290	74	87	75	114	97	106
AT4G25300	83	92	99	74	77	76
AT4G25310	21	34	43	10	34	16
AT4G25315	37	57	44	47	29	47
AT4G25320	161	184	182	274	249	252
AT4G25330	0	0	0	0	2	2
AT4G25340	366	373	364	378	364	441
AT4G25350	20	15	21	16	20	22
AT4G25360	265	303	259	254	247	270
AT4G25370	1503	1748	1634	1449	1600	1451
AT4G25380	30	39	34	12	16	10
AT4G25390	425	562	585	151	201	180
AT4G25400	47	36	46	49	73	75
AT4G25410	6	11	9	10	11	9
AT4G25420	2	4	2	14	8	4
AT4G25430	0	0	0	1	0	0
AT4G25433	0	1	0	0	0	0
AT4G25434	44	61	57	13	15	16
AT4G25435	0	0	0	0	0	0
AT4G25440	292	349	334	318	215	285
AT4G25450	701	809	715	811	636	705
AT4G25470	7	1	4	0	4	3
AT4G25480	1	0	0	0	8	3
AT4G25490	5	6	3	8	12	9
AT4G25500	1465	1783	1567	1631	1767	1613
AT4G25510	0	0	0	0	0	0
AT4G25515	95	125	137	126	100	109
AT4G25520	492	643	583	555	455	577
AT4G25530	0	4	3	3	1	5
AT4G25540	30	29	40	50	38	48
AT4G25550	527	624	530	470	513	553
AT4G25560	5	1	4	6	7	8
AT4G25570	1709	1999	1794	2036	1575	1657
AT4G25580	740	958	755	401	736	364
AT4G25585	0	0	0	0	0	0
AT4G25590	0	0	0	0	0	0
AT4G25600	57	60	40	64	68	84
AT4G25610	189	205	202	185	179	179
AT4G25620	792	917	843	1133	957	1050
AT4G25630	518	498	495	671	677	789
AT4G25631	2	7	7	8	6	5
AT4G25635	0	0	0	0	0	0
AT4G25640	928	1234	1062	817	791	768
AT4G25650	776	924	854	925	815	828
AT4G25660	292	322	287	288	235	243
AT4G25670	492	719	800	466	449	457
AT4G25680	441	488	486	464	474	406
AT4G25690	966	1385	1250	634	696	602
AT4G25700	301	385	340	201	259	242
AT4G25707	33	41	38	31	34	24
AT4G25710	178	220	258	188	197	205
AT4G25719	10	19	20	9	10	10
AT4G25720	293	423	415	205	165	195
AT4G25730	949	1026	1041	1236	1086	1268
AT4G25740	1269	1356	1118	1344	1507	1465
AT4G25750	28	41	32	39	53	46
AT4G25760	5	3	1	8	11	17
AT4G25770	259	320	283	283	281	297
AT4G25780	8	15	9	22	21	11
AT4G25790	9	3	12	8	12	4
AT4G25800	28	36	30	33	35	32
AT4G25810	495	516	635	49	76	78
AT4G25820	63	45	113	42	75	19
AT4G25830	231	363	252	260	272	206
AT4G25835	267	260	260	275	230	266
AT4G25840	221	289	234	212	195	219
AT4G25845	0	0	0	0	0	0
AT4G25850	1	1	3	3	5	6
AT4G25860	0	2	1	0	1	0
AT4G25870	231	241	236	318	246	294
AT4G25880	578	587	628	734	630	701
AT4G25885	5	10	11	12	6	12
AT4G25890	441	489	429	436	622	534
AT4G25900	1515	1948	2056	726	676	808
AT4G25910	227	233	193	311	349	355
AT4G25920	0	0	0	0	0	0
AT4G25930	0	1	2	1	0	1
AT4G25940	530	733	652	294	295	286
AT4G25950	0	0	0	0	3	0
AT4G25960	1007	1101	1025	889	563	809
AT4G25970	1194	1584	1463	1487	1310	1415
AT4G25980	4	9	4	6	16	9
AT4G25990	330	246	269	387	421	460
AT4G26000	536	583	559	448	480	473
AT4G26010	95	85	208	45	69	30
AT4G26020	1	2	3	6	3	1
AT4G26030	0	0	0	1	0	0
AT4G26040	0	0	0	0	0	0
AT4G26050	4	4	3	5	3	4
AT4G26055	20	22	13	17	39	22
AT4G26060	213	297	314	144	215	167
AT4G26070	150	193	145	107	119	117
AT4G26080	1113	1516	1568	1651	1230	1636
AT4G26090	0	0	0	0	0	0
AT4G26095	0	0	0	0	0	0
AT4G26100	555	666	586	562	502	567
AT4G26110	955	1206	1104	1194	1241	1280
AT4G26120	228	296	333	122	88	113
AT4G26130	459	560	442	644	610	653
AT4G26140	107	120	124	153	142	158
AT4G26145	0	0	0	0	0	0
AT4G26150	101	127	102	219	271	210
AT4G26160	131	151	134	149	143	161
AT4G26170	1	6	9	11	7	9
AT4G26180	94	131	116	120	133	93
AT4G26190	704	831	788	740	703	777
AT4G26200	173	197	193	83	67	97
AT4G26210	217	268	257	235	253	258
AT4G26220	48	54	41	115	96	110
AT4G26225	0	0	0	0	0	0
AT4G26230	875	1048	922	837	960	949
AT4G26240	202	293	248	144	184	179
AT4G26250	0	0	0	0	0	0
AT4G26255	1	3	0	1	11	1
AT4G26260	35	39	46	2	1	0
AT4G26270	132	219	236	61	68	65
AT4G26280	0	0	0	0	0	0
AT4G26288	27	61	35	47	21	25
AT4G26290	0	0	0	0	0	0
AT4G26300	695	747	741	793	622	804
AT4G26310	195	241	190	209	208	192
AT4G26320	9	3	9	25	31	12
AT4G26330	0	2	4	1	6	3
AT4G26340	0	0	0	0	0	0
AT4G26350	0	0	0	0	0	0
AT4G26365	0	0	0	0	0	0
AT4G26370	657	611	656	843	947	955
AT4G26375	0	0	0	0	0	0
AT4G26380	0	0	0	1	0	2
AT4G26385	0	0	0	0	0	0
AT4G26390	0	0	3	0	0	4
AT4G26400	526	801	652	494	546	496
AT4G26410	415	555	383	396	497	389
AT4G26415	13	6	18	19	16	14
AT4G26420	0	0	0	0	1	0
AT4G26430	127	114	122	138	123	136
AT4G26440	0	2	0	0	0	1
AT4G26450	934	1107	976	1003	834	851
AT4G26455	321	421	366	327	290	313
AT4G26460	3	4	8	0	4	0
AT4G26466	4	1	5	1	0	3
AT4G26470	89	109	139	56	35	56
AT4G26480	786	976	834	900	1105	854
AT4G26483	0	0	0	0	0	0
AT4G26485	0	0	0	0	0	0
AT4G26488	0	0	2	2	2	0
AT4G26490	0	0	0	0	0	0
AT4G26500	0	0	0	0	0	0
AT4G26510	520	583	471	573	486	561
AT4G26520	173	152	127	254	295	250
AT4G26530	168	254	158	476	614	482
AT4G26540	84	103	79	160	211	130
AT4G26542	0	0	0	0	0	0
AT4G26550	154	174	151	147	167	190
AT4G26555	392	452	385	444	533	484
AT4G26560	4	2	2	2	8	4
AT4G26570	760	863	785	672	708	611
AT4G26580	2	7	2	7	2	2
AT4G26582	0	0	0	1	0	2
AT4G26590	0	0	0	0	0	0
AT4G26600	198	176	159	246	249	302
AT4G26610	725	786	695	580	593	625
AT4G26620	228	321	282	318	275	272
AT4G26630	2151	2596	2355	2646	2128	2381
AT4G26640	400	441	448	429	355	406
AT4G26650	750	777	792	659	647	642
AT4G26660	46	48	42	97	66	101
AT4G26670	789	753	715	874	918	968
AT4G26675	1	0	0	0	1	1
AT4G26680	21	29	31	43	24	36
AT4G26690	1010	1072	1127	880	688	812
AT4G26700	450	463	432	549	564	528
AT4G26701	0	0	0	0	0	0
AT4G26710	707	992	826	753	909	801
AT4G26720	410	485	382	422	425	411
AT4G26730	0	0	0	0	0	0
AT4G26740	0	0	2	0	2	1
AT4G26750	402	483	512	368	277	343
AT4G26760	162	162	168	279	251	291
AT4G26770	1	2	2	2	2	1
AT4G26780	151	145	141	221	222	227
AT4G26790	5	6	0	6	6	5
AT4G26795	4	4	4	8	6	11
AT4G26800	25	26	27	29	51	42
AT4G26810	30	56	58	46	55	45
AT4G26820	0	1	0	0	0	0
AT4G26830	13	20	23	22	12	10
AT4G26840	445	645	513	607	754	654
AT4G26850	485	531	493	643	643	605
AT4G26860	236	334	266	315	391	321
AT4G26870	584	709	628	643	641	697
AT4G26880	0	0	2	0	0	0
AT4G26890	9	5	8	9	4	5
AT4G26900	602	674	668	649	636	690
AT4G26910	1676	2062	2011	1116	901	950
AT4G26920	0	0	0	0	0	0
AT4G26930	4	4	5	0	3	1
AT4G26940	576	733	689	459	435	485
AT4G26950	7	15	7	3	4	5
AT4G26960	59	71	70	51	46	33
AT4G26965	135	162	143	136	137	130
AT4G26970	5036	5517	6376	2576	1817	2402
AT4G26980	119	127	128	118	120	123
AT4G26990	79	88	101	69	54	82
AT4G27000	2165	2446	2424	2130	2047	1986
AT4G27010	222	192	229	340	234	307
AT4G27020	212	286	293	210	183	206
AT4G27030	39	27	34	36	50	33
AT4G27040	483	463	429	437	444	405
AT4G27050	302	306	299	308	320	302
AT4G27060	400	450	422	463	374	458
AT4G27070	231	269	304	93	90	105
AT4G27080	624	701	676	634	560	618
AT4G27090	6125	7017	6525	5382	6392	6033
AT4G27100	182	251	207	214	210	216
AT4G27110	1	0	0	0	0	0
AT4G27120	388	552	435	474	465	484
AT4G27130	1467	1948	1686	1633	2103	1730
AT4G27140	0	0	24	0	33	5
AT4G27150	0	3	63	0	60	40
AT4G27160	1	0	11	0	10	10
AT4G27170	0	0	0	0	4	0
AT4G27180	332	398	360	519	434	482
AT4G27190	0	1	0	0	0	0
AT4G27220	2	2	3	2	4	2
AT4G27230	514	594	481	500	627	517
AT4G27240	97	87	82	93	104	108
AT4G27250	0	1	1	7	4	1
AT4G27260	549	731	649	363	217	464
AT4G27270	53	67	61	70	94	82
AT4G27280	604	717	755	181	228	213
AT4G27290	28	30	29	33	17	32
AT4G27300	823	1083	1004	772	576	582
AT4G27310	38	59	50	60	42	46
AT4G27320	760	915	867	856	716	683
AT4G27330	0	0	0	0	0	0
AT4G27340	245	235	208	315	271	316
AT4G27350	109	134	150	84	96	90
AT4G27360	0	0	0	0	0	0
AT4G27370	124	147	150	185	159	173
AT4G27380	280	331	287	296	360	317
AT4G27390	234	275	227	273	235	221
AT4G27395	0	0	0	0	0	0
AT4G27400	0	0	2	3	0	4
AT4G27410	580	773	552	500	551	480
AT4G27415	0	0	0	0	0	0
AT4G27420	0	0	0	0	0	0
AT4G27430	501	555	489	747	575	677
AT4G27435	13	30	13	21	14	27
AT4G27440	1789	1996	1912	2409	2879	2721
AT4G27450	1282	2422	1964	522	1227	575
AT4G27460	80	95	75	119	64	64
AT4G27470	170	211	212	195	125	147
AT4G27480	26	36	49	40	27	59
AT4G27490	80	107	98	95	140	122
AT4G27500	3609	4194	4289	3304	2751	2918
AT4G27510	19	14	22	19	20	29
AT4G27520	1415	1366	1243	1952	1454	1633
AT4G27530	0	2	1	3	1	4
AT4G27540	140	166	154	183	187	161
AT4G27550	0	0	0	0	0	0
AT4G27560	57	87	100	49	53	47
AT4G27565	0	0	0	0	0	0
AT4G27570	0	1	0	0	1	0
AT4G27580	1	5	4	1	0	2
AT4G27585	455	453	457	364	362	340
AT4G27590	4	5	6	15	6	13
AT4G27595	40	63	57	101	75	96
AT4G27600	1071	1257	1157	1157	1246	1217
AT4G27610	261	325	236	259	347	291
AT4G27620	231	249	255	239	228	253
AT4G27630	110	136	114	155	150	173
AT4G27640	1143	1381	1304	1374	1151	1345
AT4G27650	506	582	514	492	433	435
AT4G27652	98	136	106	57	68	60
AT4G27654	4	5	0	0	2	5
AT4G27657	30	55	41	39	39	50
AT4G27660	15	28	15	35	24	14
AT4G27670	5	2	4	0	0	0
AT4G27680	418	470	525	327	326	295
AT4G27690	181	236	231	222	202	195
AT4G27700	243	291	225	396	480	387
AT4G27710	235	280	213	312	263	290
AT4G27720	591	577	657	585	445	507
AT4G27730	621	771	647	592	556	484
AT4G27740	203	374	255	250	261	254
AT4G27745	191	275	255	184	225	182
AT4G27750	344	442	365	388	369	372
AT4G27760	282	327	321	330	317	287
AT4G27765	1	0	0	0	0	0
AT4G27780	238	272	256	204	220	212
AT4G27790	3	3	1	0	0	0
AT4G27800	1467	1828	1503	2147	2393	1902
AT4G27810	14	9	11	6	7	9
AT4G27820	128	166	146	274	258	248
AT4G27830	1427	1813	1724	631	548	543
AT4G27840	89	131	122	107	85	99
AT4G27845	1	0	0	0	0	0
AT4G27850	4	7	5	7	6	5
AT4G27852	11	9	2	9	9	13
AT4G27860	182	225	213	257	270	266
AT4G27870	1747	1858	1660	2025	1746	1892
AT4G27875	0	0	0	0	0	0
AT4G27880	287	386	370	306	329	283
AT4G27885	0	0	0	0	0	0
AT4G27890	0	1	0	0	0	0
AT4G27900	264	469	341	473	485	471
AT4G27910	324	353	306	355	263	332
AT4G27920	0	0	0	0	0	0
AT4G27940	65	68	70	70	93	70
AT4G27950	61	56	55	60	59	59
AT4G27960	1684	2301	2025	1452	1511	1344
AT4G27970	149	196	216	70	41	65
AT4G27980	19	23	15	13	8	8
AT4G27990	751	918	773	662	761	691
AT4G28000	1	5	5	1	2	0
AT4G28005	2	7	6	8	10	10
AT4G28010	46	73	55	83	74	68
AT4G28020	158	252	235	189	176	145
AT4G28025	555	796	621	543	764	541
AT4G28030	476	644	576	597	813	592
AT4G28040	597	703	526	593	524	642
AT4G28050	147	169	183	186	250	197
AT4G28060	594	830	702	522	689	581
AT4G28068	0	0	0	1	0	0
AT4G28070	81	77	91	91	124	79
AT4G28080	2579	2852	2376	3126	2855	3169
AT4G28085	511	864	751	15	29	18
AT4G28088	0	1	2	0	0	0
AT4G28090	0	0	1	0	0	0
AT4G28100	95	128	120	108	80	114
AT4G28110	9	7	7	2	1	1
AT4G28130	0	0	0	0	0	0
AT4G28140	0	2	3	1	2	2
AT4G28150	57	102	84	15	15	22
AT4G28160	0	0	0	0	0	0
AT4G28162	17	26	17	17	26	24
AT4G28170	0	5	3	1	1	5
AT4G28180	15	22	20	24	27	35
AT4G28190	110	102	86	104	156	109
AT4G28200	543	525	552	519	485	587
AT4G28210	267	260	255	294	341	330
AT4G28220	248	267	255	330	306	315
AT4G28230	56	65	100	50	48	69
AT4G28240	612	841	725	768	822	710
AT4G28250	17	21	21	65	70	75
AT4G28260	1289	1684	1393	1263	1325	1317
AT4G28270	514	726	503	599	486	572
AT4G28280	1	2	1	2	5	1
AT4G28290	0	0	0	0	0	0
AT4G28300	1679	2342	2113	1341	1296	1294
AT4G28310	53	69	50	62	58	82
AT4G28320	41	47	58	65	55	69
AT4G28330	1	3	3	11	8	4
AT4G28340	1	2	5	0	0	0
AT4G28350	190	303	272	86	75	83
AT4G28360	241	197	225	270	255	294
AT4G28362	0	0	0	0	0	0
AT4G28365	0	0	0	1	0	0
AT4G28370	295	324	317	290	233	290
AT4G28380	23	17	18	16	14	17
AT4G28390	480	629	606	227	286	226
AT4G28395	0	0	0	0	0	0
AT4G28397	0	0	0	0	0	0
AT4G28400	435	539	529	286	279	257
AT4G28405	0	0	0	1	0	1
AT4G28410	6	1	9	12	6	20
AT4G28420	41	67	79	35	11	46
AT4G28430	10	7	14	14	13	18
AT4G28440	531	597	555	524	595	578
AT4G28450	263	313	282	412	352	416
AT4G28460	87	134	121	35	26	27
AT4G28470	806	854	850	1000	781	830
AT4G28480	452	458	490	375	360	348
AT4G28485	1	1	0	2	0	0
AT4G28490	486	539	551	254	213	214
AT4G28500	4	7	10	7	0	6
AT4G28510	339	334	353	421	428	427
AT4G28520	1	0	131	0	134	87
AT4G28530	2	1	4	5	2	0
AT4G28540	759	920	971	769	662	693
AT4G28550	237	335	345	134	106	136
AT4G28556	0	1	1	2	0	0
AT4G28560	4	5	1	10	3	3
AT4G28570	401	447	434	405	322	354
AT4G28580	0	1	0	0	0	0
AT4G28590	96	84	99	115	96	106
AT4G28600	826	915	950	600	541	583
AT4G28610	780	990	927	764	736	665
AT4G28620	0	0	0	0	0	0
AT4G28630	200	199	174	222	183	184
AT4G28640	99	112	102	96	89	112
AT4G28650	8	9	4	11	14	14
AT4G28652	0	0	0	0	0	0
AT4G28660	277	274	298	444	471	421
AT4G28670	0	0	0	0	2	0
AT4G28680	1	2	0	9	2	4
AT4G28690	38	32	46	34	38	49
AT4G28700	1	0	0	1	3	0
AT4G28703	136	182	157	73	75	71
AT4G28706	245	296	263	299	300	326
AT4G28710	1099	1484	1448	1003	720	899
AT4G28720	14	11	13	13	13	16
AT4G28730	88	91	91	81	85	84
AT4G28740	126	138	125	168	220	194
AT4G28750	1000	1152	1035	1540	2332	1343
AT4G28755	0	0	0	0	0	0
AT4G28760	877	1068	942	956	879	952
AT4G28770	425	590	514	455	585	430
AT4G28775	0	1	0	0	0	0
AT4G28780	62	66	51	83	104	106
AT4G28790	23	55	46	43	69	63
AT4G28800	4	5	6	3	3	6
AT4G28811	1	2	0	0	1	0
AT4G28815	1	0	0	0	0	3
AT4G28820	59	59	54	64	66	78
AT4G28830	169	217	189	161	211	199
AT4G28840	4	4	6	7	9	5
AT4G28850	9	10	32	9	18	2
AT4G28860	626	733	626	642	641	613
AT4G28870	0	0	0	0	0	0
AT4G28880	1741	2011	1912	1764	1772	1582
AT4G28890	32	28	38	35	43	51
AT4G28910	851	1011	993	862	904	858
AT4G28915	0	0	0	0	0	0
AT4G28920	0	0	0	0	0	0
AT4G28930	3	4	4	4	6	2
AT4G28940	35	76	50	60	44	36
AT4G28950	6	9	13	27	24	24
AT4G28980	415	392	425	494	379	450
AT4G28990	145	163	178	193	190	201
AT4G29000	200	205	222	221	157	207
AT4G29010	3001	3614	3352	3055	2247	2637
AT4G29020	482	597	483	460	670	583
AT4G29030	34	34	59	138	109	141
AT4G29033	0	0	0	0	0	0
AT4G29035	0	0	0	0	0	0
AT4G29037	0	0	0	0	0	0
AT4G29040	1764	2105	2040	1845	1587	1529
AT4G29050	205	225	227	109	86	152
AT4G29060	4020	3555	3757	4933	4164	4776
AT4G29070	139	177	132	202	184	189
AT4G29080	188	196	208	291	177	280
AT4G29090	0	0	0	0	0	0
AT4G29100	245	266	261	309	196	276
AT4G29103	0	0	0	0	0	0
AT4G29110	59	88	64	117	101	78
AT4G29120	227	238	250	287	287	279
AT4G29130	507	608	595	587	498	571
AT4G29140	335	367	409	504	464	671
AT4G29150	4	17	12	14	12	31
AT4G29160	1069	1326	1302	1052	943	953
AT4G29170	40	52	34	47	75	67
AT4G29180	9	4	5	13	13	4
AT4G29190	858	1156	910	1040	989	1015
AT4G29200	0	0	1	0	0	1
AT4G29210	240	286	292	228	180	198
AT4G29220	1202	1452	1378	1188	1127	1126
AT4G29230	64	75	59	57	48	56
AT4G29240	27	31	29	44	26	43
AT4G29250	0	0	0	0	0	2
AT4G29260	368	434	394	447	409	441
AT4G29270	27	29	25	81	98	109
AT4G29273	0	0	0	0	0	0
AT4G29280	0	0	0	0	0	0
AT4G29283	0	0	0	0	0	0
AT4G29285	0	0	0	0	0	0
AT4G29290	0	0	0	0	0	0
AT4G29300	0	0	0	0	0	0
AT4G29305	0	0	0	0	0	0
AT4G29310	268	290	337	437	494	405
AT4G29330	265	271	281	233	250	254
AT4G29340	1	6	3	6	14	18
AT4G29350	4612	6166	4887	4448	5245	4077
AT4G29360	73	73	72	104	92	125
AT4G29370	0	3	0	0	1	1
AT4G29380	757	929	882	849	679	735
AT4G29390	355	413	423	385	437	387
AT4G29400	107	75	80	113	104	105
AT4G29410	1095	1220	1169	1027	1250	1170
AT4G29415	0	0	0	0	0	0
AT4G29420	76	94	95	79	82	80
AT4G29430	230	221	213	205	206	205
AT4G29440	227	285	270	200	110	198
AT4G29450	0	1	1	0	0	1
AT4G29460	0	0	0	0	0	0
AT4G29470	0	2	0	0	5	1
AT4G29480	826	1048	950	770	974	826
AT4G29490	487	613	491	558	508	487
AT4G29510	441	463	517	596	580	564
AT4G29520	262	251	277	158	174	179
AT4G29530	53	63	58	51	71	42
AT4G29540	51	39	37	53	63	56
AT4G29548	0	0	2	2	0	0
AT4G29550	6	1	4	3	7	9
AT4G29560	29	29	29	46	36	43
AT4G29570	0	0	1	0	0	0
AT4G29580	0	0	0	0	1	0
AT4G29590	200	214	208	301	269	273
AT4G29600	0	0	0	0	1	0
AT4G29610	1	0	1	1	1	2
AT4G29620	0	0	0	0	0	0
AT4G29630	0	0	0	0	0	0
AT4G29640	0	0	0	0	1	0
AT4G29650	0	0	0	0	0	0
AT4G29654	0	0	0	0	0	0
AT4G29658	0	0	0	0	0	0
AT4G29660	126	161	150	134	151	161
AT4G29670	807	927	866	739	714	701
AT4G29680	228	289	224	255	264	252
AT4G29690	8	10	18	17	27	23
AT4G29700	121	179	127	213	195	216
AT4G29710	3	0	1	3	4	3
AT4G29720	154	187	117	295	260	291
AT4G29730	52	48	55	67	57	69
AT4G29735	416	606	475	432	590	458
AT4G29740	12	10	13	19	18	10
AT4G29750	345	389	331	448	370	461
AT4G29760	9	10	24	16	17	10
AT4G29770	5	9	10	7	11	10
AT4G29780	339	399	479	122	110	121
AT4G29790	489	552	588	531	398	507
AT4G29800	23	24	20	34	31	18
AT4G29810	704	829	794	523	508	488
AT4G29820	188	237	200	200	217	183
AT4G29830	164	184	171	166	194	180
AT4G29840	1026	1022	946	1186	1134	1169
AT4G29850	0	0	0	0	0	0
AT4G29860	93	163	110	157	129	134
AT4G29870	220	268	215	257	342	296
AT4G29880	5	7	6	8	4	4
AT4G29890	336	459	383	542	501	498
AT4G29900	3448	4375	4266	2630	2081	2226
AT4G29905	495	493	314	747	836	947
AT4G29910	125	134	131	157	151	183
AT4G29920	23	16	25	33	29	29
AT4G29930	8	8	4	13	18	10
AT4G29940	334	367	356	351	283	358
AT4G29950	2738	3427	3272	1392	1528	1349
AT4G29960	387	427	348	360	373	357
AT4G29970	0	0	0	0	0	0
AT4G29980	0	0	0	0	0	0
AT4G29990	39	51	45	72	67	78
AT4G30000	110	131	82	139	79	124
AT4G30010	1220	1721	1507	1362	1475	1238
AT4G30020	502	510	483	940	584	875
AT4G30030	0	0	0	0	0	0
AT4G30040	0	0	0	0	0	0
AT4G30050	0	0	0	0	0	0
AT4G30060	280	439	419	202	178	194
AT4G30064	0	0	0	0	0	0
AT4G30067	0	0	0	0	0	0
AT4G30070	0	0	0	0	0	0
AT4G30074	0	0	0	0	0	0
AT4G30080	242	308	268	330	251	311
AT4G30090	22	32	13	10	9	21
AT4G30097	0	0	0	0	0	0
AT4G30100	1309	1543	1395	1456	1049	1309
AT4G30110	63	94	61	121	120	160
AT4G30120	1	4	7	11	14	4
AT4G30130	35	33	41	46	42	38
AT4G30140	135	215	212	164	174	324
AT4G30150	296	355	354	432	316	404
AT4G30160	1351	1702	1653	1250	951	1158
AT4G30170	400	369	645	891	1129	1329
AT4G30180	15	14	6	30	10	15
AT4G30190	10415	10663	11354	13309	7792	12339
AT4G30200	756	950	803	863	805	857
AT4G30210	5072	6526	7514	2150	1835	1954
AT4G30220	339	410	347	411	377	402
AT4G30230	3	10	7	5	8	7
AT4G30240	308	418	420	191	160	203
AT4G30250	4	3	6	11	18	27
AT4G30260	630	578	619	521	509	553
AT4G30270	8787	11303	10327	4797	4460	3218
AT4G30280	714	904	1173	167	126	188
AT4G30290	146	165	245	223	118	255
AT4G30300	1	0	1	0	0	0
AT4G30310	1290	1494	1393	1540	1494	1474
AT4G30320	8	6	7	4	1	3
AT4G30330	81	109	59	160	156	115
AT4G30340	440	565	552	376	288	340
AT4G30350	597	705	820	439	354	451
AT4G30360	413	412	395	321	316	381
AT4G30370	63	59	66	36	33	40
AT4G30380	3	1	3	2	0	0
AT4G30390	264	341	315	185	207	180
AT4G30400	62	64	61	89	77	82
AT4G30410	38	60	29	106	87	77
AT4G30420	0	6	2	9	6	7
AT4G30430	6	5	3	1	0	0
AT4G30440	970	1162	1083	933	1060	829
AT4G30450	33	39	21	74	49	61
AT4G30460	41	49	41	63	37	56
AT4G30470	224	204	289	163	147	164
AT4G30480	253	300	300	259	294	257
AT4G30490	644	968	920	319	314	290
AT4G30500	121	143	100	80	125	89
AT4G30510	136	171	176	97	75	85
AT4G30520	50	63	76	81	46	67
AT4G30530	2475	4151	4271	726	773	722
AT4G30540	0	0	0	0	0	0
AT4G30550	415	533	435	431	475	398
AT4G30560	89	89	76	105	74	83
AT4G30570	46	76	71	69	77	67
AT4G30580	775	827	786	882	999	877
AT4G30590	0	0	0	0	0	0
AT4G30600	2867	3383	3431	2134	1983	2045
AT4G30610	71	60	41	80	73	96
AT4G30620	236	266	238	294	300	286
AT4G30630	148	210	143	198	205	168
AT4G30640	4	2	1	2	4	8
AT4G30650	354	487	298	735	704	576
AT4G30660	111	107	77	172	150	169
AT4G30662	0	0	0	0	0	0
AT4G30670	167	261	146	386	331	340
AT4G30680	104	101	96	76	97	129
AT4G30690	1020	1384	1022	1311	1730	1201
AT4G30700	50	52	61	77	50	71
AT4G30710	149	201	182	297	231	278
AT4G30720	726	863	892	1057	1024	1094
AT4G30730	0	0	1	0	0	0
AT4G30740	0	0	1	0	0	0
AT4G30750	325	383	337	351	324	346
AT4G30760	452	541	487	582	715	560
AT4G30770	0	0	0	0	0	0
AT4G30780	309	381	391	247	147	203
AT4G30790	903	1184	1175	777	605	733
AT4G30800	64	45	44	84	103	82
AT4G30810	258	309	320	348	324	366
AT4G30820	145	153	140	142	151	138
AT4G30825	195	181	167	268	239	256
AT4G30830	1	2	2	4	1	2
AT4G30840	141	122	105	117	107	113
AT4G30845	13	14	16	21	27	31
AT4G30850	98	128	171	106	87	88
AT4G30860	146	167	163	95	71	81
AT4G30870	79	88	100	111	84	94
AT4G30872	0	0	0	0	0	0
AT4G30880	0	0	0	0	0	0
AT4G30890	810	844	882	711	630	706
AT4G30900	213	288	212	272	310	259
AT4G30910	1166	1499	1319	1048	1071	885
AT4G30920	1395	1508	1586	1222	1241	1170
AT4G30930	239	231	223	280	306	309
AT4G30935	237	270	255	252	236	234
AT4G30940	21	28	33	40	29	43
AT4G30950	3169	3187	3313	3538	3722	3500
AT4G30960	4258	5872	5275	4065	4207	4418
AT4G30970	0	0	0	0	0	0
AT4G30972	0	0	0	0	0	0
AT4G30975	35	57	46	41	35	52
AT4G30980	26	30	31	41	40	36
AT4G30990	503	574	601	815	562	796
AT4G30993	315	492	326	368	406	356
AT4G30996	296	339	292	295	312	301
AT4G31000	241	232	229	191	203	216
AT4G31010	103	154	129	120	135	109
AT4G31020	45	99	109	11	11	13
AT4G31030	0	0	0	0	0	0
AT4G31040	1105	1215	1061	1069	1111	1095
AT4G31050	113	155	107	171	158	162
AT4G31060	40	55	60	84	93	83
AT4G31070	25	28	24	23	23	34
AT4G31073	0	0	0	0	0	0
AT4G31075	0	0	0	0	0	0
AT4G31080	1026	1247	1162	1075	1017	955
AT4G31100	16	19	13	43	30	40
AT4G31110	17	26	20	37	19	52
AT4G31115	145	185	164	213	294	189
AT4G31120	465	469	467	615	525	627
AT4G31130	376	476	405	400	363	398
AT4G31140	225	251	194	293	231	206
AT4G31150	188	232	178	183	230	219
AT4G31160	598	614	657	784	573	748
AT4G31170	845	1106	973	732	759	708
AT4G31180	1503	1882	1807	1640	1426	1530
AT4G31196	0	0	0	0	0	0
AT4G31200	201	199	209	258	204	220
AT4G31210	543	468	495	700	405	654
AT4G31230	2	6	1	5	4	5
AT4G31240	125	189	137	136	114	90
AT4G31248	0	0	1	0	0	0
AT4G31250	3	3	8	2	0	2
AT4G31260	0	0	0	0	0	0
AT4G31265	0	0	0	0	0	0
AT4G31270	82	91	97	95	94	92
AT4G31280	0	0	0	0	0	0
AT4G31290	717	951	831	836	1154	1023
AT4G31300	1217	1412	1353	1082	1284	1037
AT4G31310	81	136	111	139	138	133
AT4G31320	2	0	2	5	10	7
AT4G31330	15	13	10	18	16	19
AT4G31340	1874	2337	2038	1773	1584	1588
AT4G31350	240	260	203	226	219	218
AT4G31351	0	0	1	3	1	3
AT4G31354	1	1	2	3	1	3
AT4G31355	0	6	1	1	2	1
AT4G31360	51	55	75	86	89	88
AT4G31370	0	1	1	0	0	1
AT4G31380	14	20	13	9	3	16
AT4G31390	501	546	462	633	549	607
AT4G31398	0	0	3	0	0	0
AT4G31400	25	26	29	22	17	31
AT4G31405	2	6	1	3	0	4
AT4G31408	1	0	2	4	4	7
AT4G31410	359	428	346	389	343	390
AT4G31420	640	752	721	676	563	517
AT4G31430	409	523	472	422	438	475
AT4G31440	69	86	66	82	63	80
AT4G31441	9	11	15	17	15	22
AT4G31450	168	213	202	252	254	252
AT4G31460	329	402	360	399	364	379
AT4G31470	5	2	4	7	3	4
AT4G31480	1858	1939	2004	1872	1328	1771
AT4G31490	1310	1313	1366	1323	880	1176
AT4G31500	4010	5743	5503	2053	1720	2011
AT4G31510	327	440	345	306	371	309
AT4G31520	18	18	19	25	19	22
AT4G31530	597	760	673	753	766	713
AT4G31540	0	0	0	0	0	0
AT4G31550	567	589	673	356	338	406
AT4G31560	349	468	333	443	543	421
AT4G31570	656	752	666	810	569	626
AT4G31580	878	958	916	950	1068	910
AT4G31590	447	530	507	507	379	449
AT4G31600	65	55	56	95	67	67
AT4G31610	0	0	0	5	1	3
AT4G31615	3	7	5	7	3	5
AT4G31620	21	24	18	34	36	41
AT4G31630	0	0	0	1	0	0
AT4G31640	2	2	0	1	3	0
AT4G31650	168	297	158	318	213	297
AT4G31660	0	0	0	0	1	1
AT4G31670	323	379	351	320	293	294
AT4G31680	2	0	1	1	1	2
AT4G31685	0	3	0	2	0	4
AT4G31690	1	1	0	1	1	0
AT4G31695	0	0	0	0	0	0
AT4G31700	3261	3568	3603	2733	3267	3332
AT4G31710	9	12	5	5	8	15
AT4G31715	0	0	0	0	0	0
AT4G31720	545	626	585	624	798	643
AT4G31730	16	18	13	36	35	51
AT4G31740	0	0	0	0	0	0
AT4G31750	212	280	269	205	243	217
AT4G31760	0	6	7	6	2	3
AT4G31770	114	114	131	136	103	107
AT4G31780	799	1005	896	909	966	877
AT4G31790	331	365	335	302	313	352
AT4G31800	903	1298	1078	481	676	438
AT4G31805	30	35	41	61	48	45
AT4G31810	239	237	231	266	300	252
AT4G31820	650	790	546	778	726	714
AT4G31830	0	2	0	0	3	0
AT4G31840	62	67	77	155	107	152
AT4G31850	405	357	368	611	390	527
AT4G31860	1434	1891	2125	660	672	624
AT4G31870	12	4	8	10	9	5
AT4G31875	0	0	0	0	0	0
AT4G31877	11	14	7	17	13	8
AT4G31880	707	850	772	797	743	824
AT4G31890	39	48	44	78	61	79
AT4G31895	0	0	0	0	0	0
AT4G31900	0	0	0	0	0	0
AT4G31910	31	52	27	179	152	198
AT4G31920	142	221	186	183	162	204
AT4G31930	66	65	54	67	53	60
AT4G31940	3	2	6	3	19	0
AT4G31950	79	130	143	0	0	0
AT4G31960	5	3	2	2	0	0
AT4G31970	3787	7006	6030	462	278	443
AT4G31980	241	308	270	231	182	177
AT4G31985	689	818	716	513	767	715
AT4G31990	2145	2348	2392	2246	1848	2064
AT4G32000	33	39	46	50	42	58
AT4G32010	438	477	486	461	412	467
AT4G32020	3307	4063	4251	2549	2608	2700
AT4G32030	592	719	699	492	534	490
AT4G32040	853	1112	1062	621	661	561
AT4G32050	175	162	188	237	191	182
AT4G32060	2773	3277	3049	2999	3372	2784
AT4G32070	1023	1186	1175	473	457	464
AT4G32080	0	0	0	0	0	1
AT4G32090	0	0	0	0	0	0
AT4G32100	0	0	0	0	0	0
AT4G32105	0	0	0	0	0	0
AT4G32110	0	0	0	0	0	0
AT4G32120	207	236	201	283	262	251
AT4G32130	576	752	632	527	605	550
AT4G32140	346	464	450	271	312	304
AT4G32150	4097	5502	4471	3918	4340	3459
AT4G32160	419	511	522	428	390	418
AT4G32170	0	0	0	0	0	0
AT4G32175	78	102	84	95	100	102
AT4G32180	1232	1539	1322	1343	1063	1214
AT4G32190	205	266	236	182	224	216
AT4G32200	64	69	65	54	43	68
AT4G32208	1	0	0	1	1	0
AT4G32210	54	58	69	28	19	30
AT4G32230	0	0	0	0	0	0
AT4G32240	400	583	426	573	667	550
AT4G32250	349	439	436	363	362	362
AT4G32260	4072	4415	4096	5035	6193	4670
AT4G32265	0	0	0	0	0	0
AT4G32270	112	159	126	174	180	164
AT4G32272	144	179	154	166	166	156
AT4G32280	12	23	17	44	36	45
AT4G32285	1013	1209	1155	1168	873	961
AT4G32290	119	134	118	158	171	162
AT4G32295	53	58	51	45	53	45
AT4G32300	890	885	874	595	590	586
AT4G32320	223	234	205	258	235	234
AT4G32330	743	802	749	897	769	834
AT4G32340	1193	1463	1118	2251	2256	1887
AT4G32342	0	0	0	0	0	1
AT4G32350	95	140	137	147	141	138
AT4G32360	151	148	176	220	202	193
AT4G32370	0	0	0	0	0	0
AT4G32375	0	1	0	0	0	0
AT4G32380	0	0	0	1	0	0
AT4G32390	830	859	822	755	711	815
AT4G32400	465	560	515	473	413	378
AT4G32410	5631	5892	5677	5859	4850	5346
AT4G32420	418	583	549	668	580	682
AT4G32430	28	16	35	26	26	24
AT4G32440	498	580	534	617	549	527
AT4G32445	2	2	1	3	1	2
AT4G32450	74	108	115	117	100	103
AT4G32460	442	497	475	902	607	717
AT4G32470	1162	1474	1319	1117	1513	1141
AT4G32475	0	0	0	0	0	0
AT4G32480	2005	2810	2018	1035	1523	1304
AT4G32490	0	0	0	0	0	0
AT4G32500	5	1	0	0	2	0
AT4G32510	5	5	9	2	0	4
AT4G32520	776	761	781	891	825	955
AT4G32530	861	1058	847	817	937	823
AT4G32535	11	12	5	15	22	17
AT4G32540	1	1	0	4	5	3
AT4G32551	776	922	857	798	621	788
AT4G32560	123	151	106	151	133	156
AT4G32570	378	410	379	533	480	576
AT4G32580	0	0	0	0	0	1
AT4G32590	348	402	373	380	519	346
AT4G32600	392	533	495	359	401	342
AT4G32605	135	151	143	171	191	168
AT4G32610	375	559	489	515	437	505
AT4G32620	410	495	456	473	386	457
AT4G32630	2	1	4	2	0	1
AT4G32640	1561	1733	1614	1535	1118	1414
AT4G32650	473	496	516	539	389	550
AT4G32660	464	629	534	591	616	614
AT4G32670	174	179	172	158	145	165
AT4G32680	211	244	243	168	207	206
AT4G32690	232	321	293	180	202	168
AT4G32700	123	135	133	175	103	165
AT4G32710	180	181	158	216	194	261
AT4G32714	0	3	0	0	0	0
AT4G32717	0	0	0	0	0	0
AT4G32720	713	862	857	855	830	835
AT4G32730	361	470	443	344	305	315
AT4G32750	219	222	166	171	184	196
AT4G32760	2091	2360	2243	1970	1566	1777
AT4G32765	0	0	0	0	0	0
AT4G32770	47	71	65	62	72	54
AT4G32780	6	1	4	16	7	19
AT4G32790	156	144	145	117	136	138
AT4G32800	76	74	82	25	33	22
AT4G32810	24	39	28	18	16	39
AT4G32820	420	431	424	509	297	389
AT4G32830	32	33	25	61	39	60
AT4G32840	202	283	236	172	183	155
AT4G32850	1672	2148	1900	1917	1824	1813
AT4G32860	37	41	37	39	33	29
AT4G32870	135	228	245	74	92	59
AT4G32880	191	151	181	219	126	251
AT4G32890	56	74	57	92	77	95
AT4G32900	208	255	206	234	328	263
AT4G32910	580	584	587	778	649	746
AT4G32915	314	293	307	290	344	316
AT4G32920	466	640	607	427	267	465
AT4G32930	357	404	361	370	382	324
AT4G32940	1394	2455	1749	1617	1689	1478
AT4G32950	37	40	27	14	38	23
AT4G32960	192	252	251	229	222	188
AT4G32970	112	147	125	153	149	143
AT4G32980	51	59	55	129	96	140
AT4G32990	7	5	6	10	17	12
AT4G33000	176	230	157	288	314	278
AT4G33010	2415	2887	2839	4564	4446	4027
AT4G33020	2	2	9	2	1	13
AT4G33030	527	581	551	644	602	599
AT4G33040	42	59	51	48	62	32
AT4G33050	3687	5254	5589	940	944	954
AT4G33060	407	495	419	401	388	359
AT4G33070	394	596	676	108	307	134
AT4G33080	433	543	507	498	439	539
AT4G33090	2430	2711	2670	2541	2231	2314
AT4G33100	80	101	81	86	98	87
AT4G33110	242	239	253	215	193	218
AT4G33120	9	2	3	11	4	7
AT4G33130	11	12	16	16	23	32
AT4G33140	132	169	113	154	142	147
AT4G33145	0	0	0	0	0	0
AT4G33150	2109	3135	2675	1901	1929	1546
AT4G33160	24	37	44	41	30	45
AT4G33170	22	19	19	34	21	40
AT4G33180	372	505	480	423	417	378
AT4G33200	555	660	644	560	393	577
AT4G33210	993	1090	1088	1008	715	900
AT4G33220	977	956	900	1183	910	935
AT4G33230	0	0	0	0	2	0
AT4G33240	862	1075	1111	830	628	776
AT4G33250	1132	1332	1233	1279	1421	1167
AT4G33260	48	53	53	121	66	101
AT4G33270	81	98	108	204	115	183
AT4G33280	2	7	6	7	4	1
AT4G33290	0	0	2	0	0	1
AT4G33300	1770	2162	2085	1170	1057	944
AT4G33310	0	0	0	0	0	0
AT4G33320	0	0	0	0	0	0
AT4G33330	2	5	4	10	5	4
AT4G33350	675	764	711	465	540	478
AT4G33355	2	3	4	0	2	1
AT4G33360	453	551	498	434	431	369
AT4G33370	0	0	0	0	1	1
AT4G33380	665	848	687	778	893	875
AT4G33390	3	0	0	0	1	0
AT4G33400	107	128	148	168	136	141
AT4G33410	212	230	214	234	253	213
AT4G33420	577	759	763	195	143	203
AT4G33430	1828	2178	2447	1150	1069	1064
AT4G33440	55	81	76	81	75	80
AT4G33450	7	28	15	5	28	17
AT4G33460	130	152	111	134	143	148
AT4G33465	1	0	0	0	0	0
AT4G33467	1	3	3	0	4	5
AT4G33470	274	321	293	365	450	388
AT4G33480	514	542	553	566	611	583
AT4G33490	274	284	273	380	335	368
AT4G33495	131	145	127	172	181	182
AT4G33500	454	497	446	650	580	613
AT4G33510	1568	1830	1835	1588	1577	1564
AT4G33520	688	838	789	688	673	664
AT4G33530	915	985	922	991	899	862
AT4G33540	1982	2706	2541	925	1039	789
AT4G33550	3	10	2	27	6	15
AT4G33560	90	88	83	54	104	58
AT4G33565	591	859	664	467	429	423
AT4G33580	615	642	569	941	773	836
AT4G33585	0	0	0	0	0	0
AT4G33590	0	0	0	0	0	1
AT4G33600	0	0	0	0	0	0
AT4G33610	86	70	127	89	63	53
AT4G33620	112	148	124	108	126	89
AT4G33625	610	695	589	917	1122	763
AT4G33630	791	826	797	989	850	906
AT4G33640	340	435	299	435	530	389
AT4G33650	530	597	542	591	416	521
AT4G33660	30	29	15	38	53	41
AT4G33666	6	11	2	5	8	9
AT4G33670	447	534	478	618	658	569
AT4G33680	952	975	1095	1068	808	987
AT4G33690	106	174	134	118	132	119
AT4G33700	226	213	193	246	230	253
AT4G33710	0	0	0	0	3	0
AT4G33720	22	120	79	17	132	7
AT4G33730	3	5	1	10	6	1
AT4G33735	0	0	0	0	0	0
AT4G33740	812	1085	815	912	934	819
AT4G33760	534	563	478	534	565	582
AT4G33770	77	82	80	59	71	81
AT4G33780	427	535	447	361	363	360
AT4G33790	2	7	2	17	11	9
AT4G33800	3	5	1	1	2	4
AT4G33810	7	5	3	5	0	1
AT4G33820	1	0	0	0	1	0
AT4G33830	0	0	0	0	0	0
AT4G33840	0	0	0	0	0	0
AT4G33860	0	0	0	0	0	3
AT4G33865	1267	1838	1312	1147	1527	1175
AT4G33870	0	0	0	1	2	3
AT4G33880	15	12	19	7	14	6
AT4G33885	0	0	0	0	0	0
AT4G33890	326	389	366	357	321	330
AT4G33900	0	0	0	0	0	0
AT4G33905	0	0	4	0	3	0
AT4G33910	399	574	562	291	348	318
AT4G33920	971	1223	1383	430	464	414
AT4G33925	19	19	45	22	17	13
AT4G33930	8	11	5	1	1	3
AT4G33940	399	590	521	328	420	316
AT4G33945	365	367	354	366	365	384
AT4G33950	229	283	241	241	208	208
AT4G33960	83	54	66	157	158	182
AT4G33970	3	4	6	16	6	14
AT4G33980	816	983	738	748	961	959
AT4G33985	62	73	57	67	70	69
AT4G33990	63	58	56	67	62	70
AT4G34000	314	444	299	293	272	308
AT4G34020	540	674	578	521	640	592
AT4G34030	1956	2431	2105	1471	1613	1321
AT4G34035	0	0	0	0	0	0
AT4G34040	566	637	566	518	463	487
AT4G34050	3436	4226	4504	2058	1995	1934
AT4G34060	19	22	15	33	7	19
AT4G34070	291	385	316	334	397	342
AT4G34071	0	0	0	3	0	1
AT4G34080	0	0	0	0	0	0
AT4G34090	200	189	165	296	317	260
AT4G34100	1888	2394	2261	1820	1484	1782
AT4G34110	8162	9209	9050	8683	8578	8500
AT4G34120	1363	1689	1586	893	904	954
AT4G34131	1109	1208	1403	400	425	351
AT4G34135	4749	5980	5717	1800	1921	1578
AT4G34138	1497	1791	1661	680	684	763
AT4G34139	0	0	0	0	0	0
AT4G34140	429	557	462	368	414	383
AT4G34150	1375	1785	2115	454	493	466
AT4G34160	75	99	91	144	134	127
AT4G34170	0	0	0	0	0	0
AT4G34180	2311	3114	3233	1449	1497	1455
AT4G34190	1067	1131	1006	1223	1381	1181
AT4G34200	2523	3134	3812	1303	1242	1530
AT4G34210	1	0	1	0	0	0
AT4G34215	372	410	374	346	415	377
AT4G34220	128	146	162	312	326	351
AT4G34230	1066	1516	1443	677	446	606
AT4G34240	377	434	399	496	462	445
AT4G34250	67	55	55	104	73	118
AT4G34260	634	623	653	617	529	636
AT4G34265	571	692	543	546	704	555
AT4G34270	499	637	555	519	541	491
AT4G34280	262	306	270	269	192	259
AT4G34290	277	250	259	393	417	423
AT4G34300	0	0	0	0	0	1
AT4G34310	409	519	510	391	316	362
AT4G34320	0	1	7	3	0	1
AT4G34330	0	0	0	0	0	0
AT4G34332	0	0	0	0	0	0
AT4G34340	64	37	39	49	30	36
AT4G34345	0	0	0	0	0	0
AT4G34350	1760	1913	1722	1847	1961	1699
AT4G34360	45	34	25	35	53	60
AT4G34370	430	518	511	376	347	361
AT4G34380	12	16	18	4	3	5
AT4G34390	729	955	1120	396	374	407
AT4G34400	10	11	9	3	2	2
AT4G34410	0	4	3	0	0	0
AT4G34412	82	129	114	97	94	91
AT4G34415	0	0	0	0	0	0
AT4G34419	3	1	4	3	1	6
AT4G34420	7	6	10	8	8	8
AT4G34430	478	484	546	477	343	475
AT4G34440	0	0	4	0	0	1
AT4G34450	4340	4896	4686	4248	3366	3996
AT4G34460	1288	1669	1480	1059	1035	909
AT4G34470	0	0	0	0	0	0
AT4G34480	372	469	363	258	292	273
AT4G34490	588	620	572	717	508	642
AT4G34500	189	229	203	200	184	166
AT4G34510	5	5	1	5	5	8
AT4G34520	0	0	0	0	0	0
AT4G34530	0	0	0	0	0	0
AT4G34540	109	120	119	167	135	120
AT4G34550	2	1	0	0	0	0
AT4G34555	185	204	146	159	226	195
AT4G34560	89	83	59	137	91	123
AT4G34570	155	140	149	148	134	158
AT4G34580	25	20	35	22	22	13
AT4G34590	81	114	124	90	100	105
AT4G34600	59	57	84	123	139	113
AT4G34610	100	114	125	157	162	141
AT4G34620	4321	6419	4255	4886	6502	4543
AT4G34630	171	175	163	160	140	153
AT4G34640	939	1130	983	1039	1024	975
AT4G34650	15	12	7	21	26	22
AT4G34660	388	499	465	359	306	345
AT4G34670	2803	3117	3114	2576	3259	2915
AT4G34680	114	112	110	100	96	131
AT4G34690	0	0	0	0	0	0
AT4G34695	0	0	0	0	0	0
AT4G34700	1705	2052	1888	1708	1832	1594
AT4G34710	21668	27103	29840	13202	9992	9639
AT4G34720	1291	1460	1305	1261	1409	1251
AT4G34730	238	231	211	330	346	286
AT4G34740	397	316	346	444	337	381
AT4G34750	57	72	78	77	99	89
AT4G34760	30	30	14	32	48	32
AT4G34770	59	82	82	137	172	114
AT4G34780	0	0	2	0	3	0
AT4G34790	44	43	47	108	147	81
AT4G34800	26	54	19	78	52	61
AT4G34810	58	114	84	129	103	125
AT4G34830	891	1013	926	1155	876	1095
AT4G34840	100	123	101	113	110	106
AT4G34850	0	1	2	1	3	0
AT4G34860	215	216	217	206	241	212
AT4G34870	2321	3002	2676	3072	3477	3137
AT4G34880	16	20	15	9	15	29
AT4G34881	27	53	42	31	20	28
AT4G34890	2220	2796	2753	1572	1241	1286
AT4G34900	375	457	366	720	504	705
AT4G34910	226	241	267	249	248	289
AT4G34920	774	1041	929	764	731	724
AT4G34930	25	41	33	38	28	20
AT4G34940	0	0	0	0	1	1
AT4G34950	629	518	517	719	528	589
AT4G34960	210	218	212	269	234	266
AT4G34970	193	236	155	150	179	190
AT4G34975	0	0	0	0	0	0
AT4G34980	366	418	378	716	631	746
AT4G34990	35	50	38	18	25	17
AT4G35000	1124	1265	1273	1231	1396	1279
AT4G35010	0	0	0	0	1	0
AT4G35020	203	245	218	244	284	260
AT4G35025	0	0	0	0	0	0
AT4G35030	36	50	23	63	71	48
AT4G35040	369	397	346	367	422	413
AT4G35050	233	227	204	234	225	255
AT4G35060	52	72	54	90	91	66
AT4G35070	68	83	84	59	53	57
AT4G35080	470	593	561	357	381	407
AT4G35090	650	601	693	1001	1102	857
AT4G35100	3041	3424	3095	3876	4565	3651
AT4G35110	291	437	449	116	92	120
AT4G35120	0	2	1	0	0	1
AT4G35130	44	50	39	46	52	45
AT4G35140	137	189	164	182	173	185
AT4G35150	0	0	0	0	0	0
AT4G35160	23	24	33	129	93	114
AT4G35165	1	1	0	0	0	0
AT4G35170	0	2	1	2	2	1
AT4G35180	186	319	427	7	10	20
AT4G35190	62	97	90	29	29	36
AT4G35200	0	1	2	4	0	1
AT4G35210	0	0	1	0	0	0
AT4G35220	374	532	467	389	396	381
AT4G35230	1456	1910	1757	1228	1140	1087
AT4G35240	230	303	300	260	293	272
AT4G35250	512	581	553	584	672	453
AT4G35260	1128	1180	1226	1024	945	903
AT4G35270	106	170	120	168	173	161
AT4G35280	0	0	0	0	0	0
AT4G35290	16	23	16	25	20	23
AT4G35295	4	8	5	7	13	7
AT4G35300	334	397	352	531	428	537
AT4G35310	1527	1871	1874	1120	1289	1058
AT4G35320	47	65	54	55	110	82
AT4G35335	214	241	206	279	202	217
AT4G35350	20	35	38	48	20	40
AT4G35360	453	582	563	424	387	391
AT4G35370	0	0	0	0	1	0
AT4G35375	0	0	0	0	0	0
AT4G35380	284	392	357	192	154	225
AT4G35390	2	2	6	9	7	23
AT4G35410	103	128	107	118	156	143
AT4G35420	63	89	77	78	102	79
AT4G35430	0	0	0	0	0	0
AT4G35440	344	408	364	363	316	408
AT4G35450	2225	2449	2280	2583	2858	2399
AT4G35460	237	261	256	283	284	268
AT4G35470	361	412	405	477	412	457
AT4G35480	116	162	144	63	63	66
AT4G35485	0	0	0	0	0	0
AT4G35490	691	762	694	736	813	704
AT4G35500	164	196	186	155	137	160
AT4G35510	167	173	182	134	151	161
AT4G35519	0	0	0	0	0	0
AT4G35520	32	27	26	52	34	54
AT4G35530	122	167	134	153	146	179
AT4G35540	81	91	107	58	89	88
AT4G35550	85	118	88	81	84	103
AT4G35560	88	90	87	110	87	126
AT4G35570	416	503	454	414	515	458
AT4G35580	380	557	452	473	361	414
AT4G35590	7	4	2	5	1	4
AT4G35600	393	478	436	294	277	270
AT4G35610	0	0	0	0	0	0
AT4G35620	17	19	24	30	27	36
AT4G35630	1929	2716	2900	703	558	644
AT4G35640	1	5	6	6	4	6
AT4G35650	0	0	0	0	0	1
AT4G35655	0	2	2	0	0	0
AT4G35660	0	2	2	1	0	0
AT4G35670	0	0	0	0	0	0
AT4G35680	1	0	0	0	0	0
AT4G35685	4	22	8	16	16	18
AT4G35690	1	0	1	0	0	0
AT4G35700	0	0	0	0	0	0
AT4G35710	0	0	0	0	0	0
AT4G35720	23	29	25	117	67	126
AT4G35725	0	0	0	0	0	0
AT4G35730	95	87	110	109	109	125
AT4G35733	0	0	0	0	0	0
AT4G35740	115	151	147	158	152	135
AT4G35750	4188	6628	4652	4769	5741	4598
AT4G35760	622	838	618	814	888	710
AT4G35770	8363	12321	10427	7121	10789	5791
AT4G35780	712	866	727	726	774	662
AT4G35783	1	7	3	0	3	3
AT4G35785	584	623	605	670	778	736
AT4G35790	2212	2720	2475	2522	2099	2238
AT4G35800	2651	2892	2939	3282	1973	2745
AT4G35810	11	13	18	14	30	13
AT4G35820	0	0	0	0	0	0
AT4G35830	11373	13545	13830	8293	6837	7070
AT4G35840	39	54	57	85	75	93
AT4G35850	437	431	445	460	445	469
AT4G35860	459	618	567	457	482	444
AT4G35870	130	209	166	178	158	168
AT4G35880	98	136	113	135	126	163
AT4G35890	1088	1252	1192	1121	946	1053
AT4G35900	20	33	25	52	57	50
AT4G35905	97	90	95	97	131	103
AT4G35910	178	181	178	205	159	219
AT4G35920	215	263	205	330	253	282
AT4G35930	67	77	68	98	84	92
AT4G35940	233	277	290	224	228	209
AT4G35950	125	150	144	198	171	218
AT4G35970	13	11	17	13	7	7
AT4G35980	100	137	105	125	126	114
AT4G35985	46	58	59	22	44	29
AT4G35987	116	148	129	108	134	121
AT4G36000	4	2	2	11	7	11
AT4G36010	32	24	46	39	29	43
AT4G36020	541	534	610	503	584	479
AT4G36030	0	0	0	0	0	0
AT4G36032	0	1	0	0	0	0
AT4G36040	4425	5590	4744	3269	3881	3505
AT4G36050	130	128	94	101	95	119
AT4G36052	0	0	0	0	0	0
AT4G36060	27	21	31	27	30	34
AT4G36070	0	0	0	1	0	0
AT4G36080	464	495	470	590	399	537
AT4G36090	275	336	358	293	262	249
AT4G36100	0	0	0	0	0	0
AT4G36105	0	0	0	0	0	0
AT4G36110	11	39	24	11	24	18
AT4G36120	24	27	31	48	22	32
AT4G36130	1290	1459	1487	1376	1658	1634
AT4G36140	406	489	459	387	268	387
AT4G36150	153	183	163	117	92	140
AT4G36160	5	8	2	12	7	10
AT4G36170	0	0	0	0	0	0
AT4G36180	130	148	141	254	215	269
AT4G36190	325	391	294	430	451	455
AT4G36195	760	876	753	855	685	781
AT4G36197	0	0	0	0	0	0
AT4G36210	980	1158	1167	1019	925	894
AT4G36220	433	551	516	469	325	543
AT4G36230	4	6	5	6	9	8
AT4G36240	23	22	28	46	49	46
AT4G36245	0	0	0	0	0	0
AT4G36250	774	919	819	1168	793	938
AT4G36260	34	41	41	54	43	73
AT4G36270	55	80	72	90	97	118
AT4G36280	57	73	51	51	57	28
AT4G36290	301	337	330	397	300	335
AT4G36350	0	0	0	0	0	0
AT4G36360	321	372	339	509	402	568
AT4G36370	0	0	0	0	0	1
AT4G36380	223	304	264	375	316	359
AT4G36390	735	774	809	901	928	901
AT4G36400	544	715	665	447	389	402
AT4G36410	308	536	390	261	333	220
AT4G36420	300	330	342	352	412	378
AT4G36430	351	385	542	39	48	56
AT4G36440	473	606	479	584	549	489
AT4G36450	25	21	20	27	25	21
AT4G36460	0	0	1	1	0	0
AT4G36470	38	45	33	51	51	65
AT4G36480	880	1012	1130	709	674	658
AT4G36490	1	3	6	1	1	3
AT4G36500	1462	2130	1772	506	518	492
AT4G36510	0	1	0	0	0	0
AT4G36515	133	147	132	101	161	128
AT4G36520	608	726	653	693	503	645
AT4G36530	217	227	181	296	293	273
AT4G36540	437	478	366	691	605	712
AT4G36550	189	232	256	172	159	202
AT4G36560	0	0	0	0	0	0
AT4G36570	5	14	5	34	44	20
AT4G36580	86	81	67	151	121	123
AT4G36590	0	0	0	0	0	0
AT4G36600	0	0	3	1	2	6
AT4G36610	84	96	131	63	62	43
AT4G36620	2	2	4	4	5	5
AT4G36630	586	662	633	601	464	559
AT4G36635	0	0	0	0	0	0
AT4G36640	173	214	271	143	149	141
AT4G36648	1949	2615	2295	2698	3068	2502
AT4G36650	164	187	202	160	141	136
AT4G36660	153	241	153	226	213	218
AT4G36670	2073	2180	2305	1751	1301	1665
AT4G36680	164	211	238	270	227	196
AT4G36690	2524	3238	2719	3109	2994	3019
AT4G36700	7	41	17	2	12	3
AT4G36710	94	114	103	100	71	106
AT4G36720	163	216	190	204	192	184
AT4G36730	850	1019	893	732	876	786
AT4G36740	2	5	1	0	3	7
AT4G36750	647	727	685	476	506	416
AT4G36760	1515	1745	1555	1186	1047	1026
AT4G36770	7	7	13	7	13	9
AT4G36780	788	996	847	889	808	834
AT4G36790	280	312	262	235	275	248
AT4G36791	1	2	0	7	4	1
AT4G36795	0	1	4	3	1	5
AT4G36800	1274	1730	1532	1349	1251	1138
AT4G36808	0	0	1	0	0	0
AT4G36810	1	0	0	0	0	0
AT4G36820	76	129	89	3	1	0
AT4G36830	5	0	5	9	4	2
AT4G36840	106	146	129	109	132	134
AT4G36850	2967	3211	3010	1099	1409	1308
AT4G36860	642	843	664	581	638	626
AT4G36870	405	467	434	406	348	407
AT4G36880	21	52	42	18	22	30
AT4G36890	376	443	401	388	362	461
AT4G36900	174	214	176	180	222	173
AT4G36910	141	164	165	204	170	171
AT4G36920	440	531	490	513	532	419
AT4G36925	0	2	0	0	0	0
AT4G36930	109	127	114	118	97	132
AT4G36940	267	268	258	308	228	269
AT4G36945	93	103	118	61	60	74
AT4G36950	0	0	3	0	0	0
AT4G36960	363	436	397	408	394	438
AT4G36970	564	749	598	684	594	616
AT4G36980	1582	2002	1668	1914	1838	1996
AT4G36990	2609	3722	4203	854	1023	946
AT4G37000	208	185	190	266	233	220
AT4G37010	185	249	222	189	168	150
AT4G37020	201	207	163	181	176	164
AT4G37022	33	39	20	26	11	22
AT4G37030	118	170	159	81	74	68
AT4G37040	669	748	761	686	693	687
AT4G37050	13	14	30	9	9	4
AT4G37060	28	44	37	9	15	18
AT4G37070	334	383	389	417	302	312
AT4G37080	251	234	234	426	342	406
AT4G37090	224	294	223	270	255	262
AT4G37095	7	11	8	8	12	9
AT4G37100	96	138	140	174	101	149
AT4G37110	119	124	137	188	147	180
AT4G37120	1364	1717	1744	1263	1183	1064
AT4G37130	182	195	202	223	144	172
AT4G37140	1	2	0	0	0	0
AT4G37150	7	7	16	29	25	29
AT4G37160	2	0	0	7	4	1
AT4G37170	23	30	28	44	34	27
AT4G37175	0	0	0	0	0	0
AT4G37180	428	483	458	347	360	376
AT4G37190	184	220	190	214	208	228
AT4G37200	376	443	395	406	488	395
AT4G37210	371	436	387	404	359	402
AT4G37220	44	81	75	34	69	30
AT4G37225	0	2	0	1	2	1
AT4G37230	0	0	0	3	1	0
AT4G37235	0	1	0	4	4	1
AT4G37240	72	76	65	46	102	59
AT4G37250	315	394	345	406	292	437
AT4G37260	1174	1207	1128	774	842	818
AT4G37270	511	589	531	605	469	564
AT4G37280	379	418	381	352	416	400
AT4G37290	251	448	329	4	7	0
AT4G37295	45	50	53	14	9	5
AT4G37300	2957	3454	2779	4399	4587	4291
AT4G37310	292	415	435	280	193	287
AT4G37320	170	200	184	219	170	207
AT4G37330	320	396	355	383	387	412
AT4G37340	9	6	7	20	19	26
AT4G37360	0	0	0	0	0	0
AT4G37370	1388	1679	2172	183	147	154
AT4G37380	57	37	41	54	91	62
AT4G37390	489	699	783	216	317	280
AT4G37400	16	12	15	13	14	15
AT4G37409	0	0	0	0	0	0
AT4G37410	45	34	32	106	114	107
AT4G37420	0	1	1	0	0	0
AT4G37430	0	0	0	0	0	0
AT4G37432	0	0	0	0	0	0
AT4G37435	0	0	0	0	0	0
AT4G37440	679	785	702	682	564	554
AT4G37445	11	12	16	6	10	16
AT4G37450	337	264	294	359	348	393
AT4G37460	803	970	897	919	684	892
AT4G37470	288	447	288	552	450	497
AT4G37480	156	211	175	228	195	203
AT4G37483	13	27	17	31	25	24
AT4G37490	21	37	32	64	52	51
AT4G37500	0	0	0	0	0	0
AT4G37510	1264	1148	1232	1475	1296	1348
AT4G37520	5549	8219	8679	2973	2760	3769
AT4G37530	429	671	669	197	160	211
AT4G37540	642	533	461	847	694	775
AT4G37550	306	392	320	389	390	404
AT4G37553	5	6	4	9	8	7
AT4G37560	52	69	47	60	51	51
AT4G37580	49	63	59	100	78	82
AT4G37590	635	753	657	706	544	750
AT4G37608	17	31	30	39	34	34
AT4G37610	1283	1893	1529	891	1260	1116
AT4G37630	88	109	109	64	73	70
AT4G37640	1046	1260	1581	519	308	514
AT4G37650	122	140	109	154	120	161
AT4G37660	113	125	123	139	161	139
AT4G37670	292	400	470	172	140	168
AT4G37680	105	144	138	82	71	81
AT4G37682	15	14	13	24	8	21
AT4G37685	3	12	10	11	11	15
AT4G37690	2	3	2	1	6	3
AT4G37700	1	0	0	2	0	0
AT4G37710	177	237	205	0	0	0
AT4G37720	5	15	27	0	0	0
AT4G37730	10	24	23	21	9	20
AT4G37740	76	95	106	120	88	110
AT4G37750	96	112	98	231	149	219
AT4G37760	149	163	156	152	139	110
AT4G37770	65	54	61	5	8	14
AT4G37780	6	2	1	0	0	6
AT4G37790	503	684	642	421	370	453
AT4G37800	516	833	556	1187	842	833
AT4G37810	10	27	23	42	26	27
AT4G37820	364	417	363	405	363	401
AT4G37830	1858	2438	2049	2038	2327	1814
AT4G37840	0	0	0	1	0	0
AT4G37850	0	0	3	3	3	2
AT4G37860	1	0	0	1	1	2
AT4G37870	7113	8821	8290	10855	5886	8204
AT4G37880	314	362	365	386	293	254
AT4G37890	20	14	30	33	34	31
AT4G37895	0	0	0	0	0	0
AT4G37900	298	415	440	191	131	174
AT4G37910	1534	1503	1619	1748	1560	1598
AT4G37920	364	311	325	388	338	369
AT4G37925	80	74	65	137	139	157
AT4G37930	5326	6113	6028	6451	7244	5027
AT4G37940	19	16	23	25	26	25
AT4G37950	0	0	0	1	0	0
AT4G37970	2	5	12	4	8	3
AT4G37980	275	398	363	295	308	285
AT4G37990	18	25	62	17	11	10
AT4G38000	0	2	0	3	0	2
AT4G38005	0	0	0	0	0	0
AT4G38010	26	25	23	23	24	27
AT4G38020	126	111	115	154	140	135
AT4G38030	1	2	3	0	1	0
AT4G38040	269	316	323	270	238	281
AT4G38050	49	52	30	64	49	72
AT4G38060	329	517	443	326	363	358
AT4G38062	13	16	16	31	26	42
AT4G38065	0	1	0	0	0	0
AT4G38070	1	0	5	2	2	2
AT4G38080	202	210	210	435	285	287
AT4G38090	249	353	304	292	312	266
AT4G38092	3	0	1	4	1	0
AT4G38100	235	254	248	290	315	330
AT4G38120	472	517	504	502	444	537
AT4G38130	1627	1818	1812	1847	1711	1648
AT4G38140	0	0	1	1	1	3
AT4G38150	133	169	142	178	179	178
AT4G38160	507	510	499	639	729	662
AT4G38170	113	144	132	142	159	149
AT4G38180	28	36	17	27	35	46
AT4G38190	0	0	0	1	0	0
AT4G38200	835	868	868	930	675	906
AT4G38210	2	0	1	3	5	5
AT4G38213	0	0	0	0	0	0
AT4G38215	4	1	1	0	2	2
AT4G38220	734	850	934	897	819	801
AT4G38225	500	490	473	658	721	638
AT4G38230	103	138	129	112	112	101
AT4G38240	598	738	615	630	711	645
AT4G38250	0	0	0	0	0	1
AT4G38260	385	515	433	412	472	411
AT4G38270	362	434	385	425	419	443
AT4G38280	252	285	226	262	287	245
AT4G38290	10	14	8	3	16	10
AT4G38300	19	28	18	33	36	28
AT4G38310	1	2	1	2	3	0
AT4G38320	69	69	62	91	84	73
AT4G38330	29	32	40	47	62	48
AT4G38340	13	22	23	19	26	25
AT4G38350	949	1093	1003	1314	978	1084
AT4G38360	613	716	642	531	606	498
AT4G38370	84	111	91	126	129	120
AT4G38380	189	203	207	249	247	243
AT4G38390	30	35	30	28	29	25
AT4G38400	56	48	51	60	103	76
AT4G38401	0	0	0	0	0	0
AT4G38405	0	0	0	0	0	0
AT4G38410	2	9	7	10	6	19
AT4G38420	259	284	360	158	168	139
AT4G38430	444	535	474	667	736	688
AT4G38440	467	591	479	628	450	594
AT4G38460	712	913	840	1038	990	876
AT4G38470	3531	4452	4289	2458	2663	2477
AT4G38480	123	126	136	140	114	181
AT4G38490	249	344	255	283	389	343
AT4G38495	69	70	80	69	88	88
AT4G38500	419	544	505	449	406	471
AT4G38510	1673	1987	1986	1909	1568	1742
AT4G38520	1493	1983	1558	2068	2246	2136
AT4G38530	39	42	51	98	74	68
AT4G38540	307	453	383	196	255	182
AT4G38545	8	16	22	7	6	3
AT4G38550	0	0	0	0	0	0
AT4G38552	1	1	0	5	0	0
AT4G38560	31	30	41	8	1	3
AT4G38570	144	215	141	206	212	187
AT4G38580	650	712	651	708	622	637
AT4G38590	0	0	1	0	1	0
AT4G38600	3103	3162	3598	3305	1903	2779
AT4G38620	215	274	236	176	230	191
AT4G38630	1481	1671	1591	1415	1492	1311
AT4G38640	696	805	765	708	693	645
AT4G38650	88	109	92	124	103	95
AT4G38660	97	101	92	184	153	243
AT4G38670	67	84	71	91	60	89
AT4G38680	2506	2536	2524	2444	3289	2670
AT4G38690	242	250	183	318	444	327
AT4G38700	9	2	5	5	13	8
AT4G38710	863	945	928	949	988	969
AT4G38730	80	115	99	106	78	94
AT4G38740	409	524	488	643	511	657
AT4G38760	965	1028	947	1209	751	1019
AT4G38770	3169	3396	2959	5146	4284	4814
AT4G38775	0	0	0	0	0	0
AT4G38780	19	48	34	47	27	41
AT4G38781	0	0	0	0	0	0
AT4G38790	501	633	593	485	432	442
AT4G38800	1252	1574	1365	1539	1575	1460
AT4G38810	632	817	755	534	473	598
AT4G38820	0	0	0	0	0	0
AT4G38825	0	0	0	0	0	0
AT4G38830	17	22	23	29	21	33
AT4G38840	76	94	79	96	160	143
AT4G38850	15	30	14	17	17	27
AT4G38860	47	61	45	114	96	93
AT4G38870	5	7	7	3	5	8
AT4G38880	2	0	0	1	1	0
AT4G38890	409	424	462	541	465	519
AT4G38900	298	342	331	291	287	311
AT4G38905	0	0	0	0	1	0
AT4G38910	53	65	55	44	46	44
AT4G38920	2209	2792	2394	2316	2394	2082
AT4G38930	236	307	307	187	203	196
AT4G38932	544	941	678	690	743	566
AT4G38940	137	203	188	103	106	83
AT4G38950	126	158	162	179	188	169
AT4G38960	16	39	24	16	26	23
AT4G38970	5959	5767	5466	7936	8594	7333
AT4G38980	160	166	131	112	120	132
AT4G38990	0	0	0	0	0	0
AT4G39000	0	0	0	0	0	0
AT4G39010	22	24	18	39	19	30
AT4G39020	0	0	0	0	0	0
AT4G39030	282	568	775	75	57	66
AT4G39040	535	558	542	582	694	637
AT4G39050	932	992	1020	883	723	887
AT4G39060	0	0	0	0	1	0
AT4G39070	917	994	827	577	645	520
AT4G39080	4097	4506	4532	4034	3131	3407
AT4G39090	9562	13383	10701	11443	11564	10307
AT4G39100	611	819	607	713	797	626
AT4G39110	11	23	19	21	30	27
AT4G39120	183	202	180	258	186	223
AT4G39130	0	0	0	0	0	0
AT4G39140	426	568	534	444	369	343
AT4G39150	558	722	645	598	603	606
AT4G39160	265	341	319	298	267	328
AT4G39170	415	458	429	480	441	481
AT4G39180	99	104	79	95	102	95
AT4G39190	46	43	31	52	22	33
AT4G39195	0	0	0	0	0	0
AT4G39200	2806	3267	2993	2523	3295	2983
AT4G39210	53	93	72	89	77	63
AT4G39220	383	443	420	346	385	361
AT4G39230	280	334	407	87	74	80
AT4G39235	44	80	73	54	90	46
AT4G39240	269	366	296	291	306	278
AT4G39250	0	0	0	0	3	0
AT4G39260	4886	6163	5501	8295	9294	7635
AT4G39270	689	897	824	575	497	555
AT4G39280	563	570	541	622	493	586
AT4G39290	0	0	0	0	0	0
AT4G39300	109	133	115	142	163	148
AT4G39320	13	28	21	13	12	14
AT4G39330	554	667	606	1124	746	1080
AT4G39340	4	1	2	1	1	3
AT4G39345	0	0	0	0	0	0
AT4G39350	1205	1367	1210	1545	1340	1415
AT4G39360	1	4	2	2	1	0
AT4G39361	20	38	44	23	34	37
AT4G39363	4	11	7	7	7	8
AT4G39364	12	15	24	12	19	19
AT4G39366	42	50	61	39	58	59
AT4G39370	118	135	113	121	138	140
AT4G39380	86	90	97	79	74	73
AT4G39390	205	280	224	196	193	173
AT4G39400	1547	1686	1513	2169	1516	1976
AT4G39403	0	2	0	0	0	0
AT4G39404	6	8	18	2	4	6
AT4G39410	3	5	11	10	6	7
AT4G39420	721	840	766	899	724	851
AT4G39460	496	492	489	550	613	571
AT4G39470	146	129	127	145	163	166
AT4G39480	18	30	16	25	23	26
AT4G39490	0	0	0	0	0	0
AT4G39500	2	2	1	1	1	0
AT4G39510	35	41	49	77	63	73
AT4G39520	755	886	811	723	658	686
AT4G39530	43	43	30	56	43	44
AT4G39540	658	953	804	532	542	506
AT4G39550	38	52	52	55	71	65
AT4G39560	155	173	155	139	146	157
AT4G39570	96	118	121	67	77	88
AT4G39580	164	270	272	52	55	75
AT4G39590	1	0	0	0	0	0
AT4G39600	31	31	27	23	25	36
AT4G39610	9	9	17	2	0	7
AT4G39615	0	0	0	0	0	0
AT4G39620	249	217	248	266	252	237
AT4G39630	19	13	7	18	24	24
AT4G39640	1040	1212	1380	459	294	386
AT4G39650	0	0	0	0	0	0
AT4G39660	715	889	780	658	771	581
AT4G39670	235	377	455	38	21	32
AT4G39672	0	0	0	0	0	0
AT4G39675	156	213	179	51	47	67
AT4G39680	1307	1610	1561	1626	1523	1587
AT4G39690	522	538	501	482	480	508
AT4G39700	1	0	1	7	3	4
AT4G39710	199	204	181	311	391	325
AT4G39720	21	39	34	24	26	29
AT4G39730	628	719	723	532	619	521
AT4G39740	66	74	65	79	77	55
AT4G39745	0	0	0	0	0	0
AT4G39750	0	0	0	0	0	0
AT4G39753	0	0	0	0	0	0
AT4G39756	0	0	0	0	0	0
AT4G39760	0	0	0	0	0	0
AT4G39770	24	25	23	61	24	52
AT4G39780	211	361	306	290	246	287
AT4G39790	10	4	6	9	9	12
AT4G39795	5	12	0	24	14	20
AT4G39800	665	795	723	719	629	687
AT4G39810	5	6	9	4	2	7
AT4G39820	268	326	357	237	212	238
AT4G39830	107	125	135	57	43	67
AT4G39838	0	0	0	0	0	0
AT4G39840	0	0	0	0	0	0
AT4G39850	1054	1183	1242	1064	675	1002
AT4G39860	188	192	163	202	191	205
AT4G39865	0	0	0	0	0	0
AT4G39870	251	361	316	321	313	239
AT4G39880	454	503	474	404	456	446
AT4G39890	175	210	217	85	63	59
AT4G39900	197	296	225	261	279	259
AT4G39910	668	844	773	548	605	559
AT4G39917	0	0	0	0	0	0
AT4G39920	107	105	142	134	141	136
AT4G39925	14	21	32	26	31	21
AT4G39930	18	25	18	26	25	19
AT4G39940	1840	2584	2793	441	393	436
AT4G39950	3559	5502	6869	970	534	944
AT4G39952	26	30	37	49	31	50
AT4G39955	405	558	581	232	249	185
AT4G39960	901	947	927	1102	1095	1082
AT4G39970	288	356	309	288	400	284
AT4G39980	1889	2389	2601	985	883	922
AT4G39985	0	0	0	0	0	0
AT4G39990	486	585	542	403	406	419
AT4G40000	92	72	58	135	133	111
AT4G40010	13	13	9	36	36	39
AT4G40011	0	0	0	0	0	0
AT4G40020	52	79	111	33	23	48
AT4G40030	2072	2165	1951	2243	2326	2432
AT4G40040	4981	6448	5553	5082	6222	5238
AT4G40042	90	119	94	79	111	101
AT4G40045	168	217	164	233	206	215
AT4G40050	534	656	668	602	596	629
AT4G40060	327	459	385	641	647	607
AT4G40063	0	0	0	0	0	0
AT4G40065	80	110	107	68	114	75
AT4G40070	55	69	81	103	113	100
AT4G40080	0	0	0	0	0	0
AT4G40085	0	0	0	0	0	0
AT4G40090	50	22	75	28	49	28
AT4G40100	3	0	0	0	0	0
AT5G00730	0	0	0	0	0	0
AT5G00735	0	0	0	0	0	0
AT5G00740	0	0	0	0	0	0
AT5G00745	0	0	0	0	0	0
AT5G00750	0	0	0	2	4	2
AT5G00755	0	1	2	2	2	1
AT5G00760	2	7	4	9	4	7
AT5G00765	2	3	6	5	6	7
AT5G00770	0	0	0	0	0	0
AT5G00775	0	0	0	0	0	0
AT5G00780	1	0	1	1	1	2
AT5G00785	0	0	0	0	0	0
AT5G00790	1	0	0	0	0	5
AT5G00795	0	0	0	0	0	0
AT5G00800	0	0	0	0	0	0
AT5G00805	0	0	0	0	0	0
AT5G00810	0	0	0	0	0	0
AT5G00815	0	0	0	0	0	0
AT5G00820	0	0	0	0	0	0
AT5G00825	1	1	0	0	0	0
AT5G00835	0	0	0	0	0	0
AT5G00840	0	0	0	0	0	0
AT5G00845	0	0	0	0	0	0
AT5G00850	0	0	0	0	0	0
AT5G00855	2	1	4	1	1	2
AT5G00860	0	0	0	0	0	0
AT5G00865	3	5	1	3	4	3
AT5G00870	0	0	0	0	0	0
AT5G00875	15	14	24	8	13	17
AT5G00880	0	0	0	0	0	0
AT5G00885	0	1	1	0	0	0
AT5G00895	0	0	0	0	0	0
AT5G00900	0	0	0	0	0	0
AT5G00905	0	0	0	0	0	0
AT5G00910	2	2	1	0	2	0
AT5G00920	0	0	0	0	0	0
AT5G00925	1	0	0	0	3	0
AT5G00930	0	0	0	0	0	0
AT5G00935	0	0	0	0	0	0
AT5G00940	0	0	0	0	0	0
AT5G00950	0	0	0	0	0	0
AT5G00955	0	0	0	0	0	0
AT5G00960	0	0	0	0	0	0
AT5G00965	1	3	1	0	0	1
AT5G00970	0	1	1	0	0	0
AT5G00975	2	2	1	0	1	0
AT5G00980	45	43	50	37	42	36
AT5G00985	8	12	8	8	12	9
AT5G00990	0	0	0	0	0	0
AT5G00995	0	0	0	0	0	0
AT5G01005	0	0	0	0	0	0
AT5G01010	1776	2051	2037	1735	1635	1472
AT5G01015	0	0	0	1	5	2
AT5G01017	0	0	0	0	0	0
AT5G01020	841	986	902	1183	1123	1166
AT5G01030	235	280	277	230	192	215
AT5G01040	576	597	526	320	341	339
AT5G01045	0	0	0	0	0	0
AT5G01050	26	23	36	19	27	22
AT5G01055	0	2	2	0	2	3
AT5G01060	2	2	3	1	8	4
AT5G01065	0	0	0	0	0	0
AT5G01070	1	0	1	2	1	1
AT5G01075	30	37	24	50	58	50
AT5G01080	0	0	0	0	0	0
AT5G01090	311	409	349	347	327	330
AT5G01095	0	0	0	0	0	0
AT5G01100	377	450	570	47	44	50
AT5G01105	0	0	0	0	0	0
AT5G01110	37	44	37	37	32	29
AT5G01115	0	0	0	0	0	0
AT5G01120	5	4	12	14	8	12
AT5G01125	1	4	1	2	0	2
AT5G01130	0	0	0	0	0	0
AT5G01135	0	0	0	1	0	0
AT5G01140	0	0	0	0	0	0
AT5G01145	0	0	0	0	2	1
AT5G01150	0	0	0	0	0	0
AT5G01155	0	0	0	0	0	0
AT5G01160	265	343	317	321	390	306
AT5G01165	0	0	0	0	0	0
AT5G01170	90	85	107	117	136	107
AT5G01175	13	21	11	29	26	24
AT5G01180	35	50	55	38	27	25
AT5G01190	3	3	2	9	4	6
AT5G01195	0	0	0	0	0	0
AT5G01200	24	36	37	28	14	15
AT5G01205	0	0	0	0	0	0
AT5G01210	0	0	0	0	0	0
AT5G01215	0	0	0	0	0	0
AT5G01220	343	300	321	440	341	442
AT5G01225	0	0	0	0	0	0
AT5G01230	125	142	113	134	131	143
AT5G01235	0	0	1	0	1	0
AT5G01240	754	945	712	1021	778	926
AT5G01245	2	1	1	2	0	0
AT5G01250	60	62	79	49	36	59
AT5G01255	0	0	0	0	0	0
AT5G01260	83	109	83	79	90	91
AT5G01265	0	0	0	0	1	0
AT5G01270	400	407	418	514	452	551
AT5G01275	0	1	0	0	0	0
AT5G01280	0	6	6	1	7	0
AT5G01285	0	0	0	0	0	0
AT5G01290	400	461	442	449	427	454
AT5G01295	0	0	0	0	0	0
AT5G01300	4	4	4	1	9	6
AT5G01305	3	7	5	8	6	6
AT5G01310	98	91	97	135	127	116
AT5G01315	0	0	0	0	0	0
AT5G01320	14	12	13	13	15	7
AT5G01325	0	0	0	0	0	0
AT5G01330	4	2	2	8	7	4
AT5G01340	241	259	273	114	112	107
AT5G01345	0	1	0	0	5	2
AT5G01350	891	1320	969	966	1264	1087
AT5G01360	3	4	2	14	15	6
AT5G01365	0	0	0	0	0	0
AT5G01370	35	49	39	40	36	37
AT5G01375	0	0	0	0	0	0
AT5G01380	42	102	95	1	11	2
AT5G01385	0	0	0	0	0	0
AT5G01390	196	228	215	229	199	251
AT5G01395	0	0	0	0	0	0
AT5G01400	617	620	719	599	418	534
AT5G01405	0	0	0	0	0	0
AT5G01410	1216	1427	1292	1242	1463	1163
AT5G01415	0	0	0	0	0	0
AT5G01420	1	3	3	5	6	5
AT5G01425	0	0	0	0	0	0
AT5G01430	207	272	211	218	220	185
AT5G01435	0	0	0	0	0	0
AT5G01440	0	0	0	0	0	0
AT5G01445	35	31	18	17	21	20
AT5G01450	234	321	261	251	246	235
AT5G01455	0	0	0	0	0	0
AT5G01460	534	548	616	608	509	552
AT5G01465	0	0	0	0	0	0
AT5G01470	88	117	80	101	129	105
AT5G01475	0	0	0	0	0	0
AT5G01480	6	4	9	12	10	9
AT5G01485	0	0	0	0	0	0
AT5G01490	35	40	61	43	23	28
AT5G01495	1	0	2	2	0	1
AT5G01500	448	617	647	143	148	201
AT5G01505	0	0	1	1	0	1
AT5G01510	138	154	138	197	135	173
AT5G01515	3	3	6	2	1	4
AT5G01520	37	29	23	54	45	60
AT5G01530	14454	15675	14742	20531	22606	18395
AT5G01535	0	0	0	0	0	0
AT5G01540	0	0	0	0	0	0
AT5G01542	0	0	0	0	0	0
AT5G01545	10	11	16	13	16	18
AT5G01550	13	13	21	14	14	17
AT5G01555	0	0	0	0	0	0
AT5G01560	237	305	251	282	238	317
AT5G01565	0	0	0	0	0	0
AT5G01570	17	35	26	36	18	14
AT5G01575	0	0	0	0	0	0
AT5G01580	0	0	0	0	0	0
AT5G01585	0	0	0	0	0	0
AT5G01590	1189	1014	1211	1319	1325	1479
AT5G01595	21	26	21	24	18	22
AT5G01600	1078	960	1164	681	783	731
AT5G01605	0	0	0	0	0	0
AT5G01610	55	66	70	67	61	45
AT5G01615	0	0	0	0	0	0
AT5G01620	112	117	90	114	108	135
AT5G01630	109	156	139	148	97	127
AT5G01635	0	0	0	0	0	0
AT5G01640	24	31	25	23	12	26
AT5G01645	0	0	0	0	0	0
AT5G01650	418	503	441	434	655	459
AT5G01655	0	0	0	0	0	0
AT5G01660	40	17	25	44	40	36
AT5G01665	0	0	0	0	0	0
AT5G01670	125	193	150	137	177	156
AT5G01675	0	0	0	0	0	0
AT5G01680	0	0	2	0	0	0
AT5G01685	0	0	0	0	0	0
AT5G01690	0	0	0	0	0	0
AT5G01695	0	0	0	0	0	0
AT5G01700	20	38	18	21	29	23
AT5G01705	0	0	0	0	0	0
AT5G01710	890	962	927	822	889	808
AT5G01720	1272	1497	1394	1051	1067	913
AT5G01725	0	0	0	0	0	0
AT5G01730	38	37	32	44	9	24
AT5G01732	0	0	0	0	0	0
AT5G01735	0	0	0	0	0	0
AT5G01740	205	209	187	431	347	348
AT5G01745	0	0	0	0	0	0
AT5G01747	1	0	0	1	0	3
AT5G01750	3005	3892	3473	3484	2846	2798
AT5G01755	0	0	0	0	0	0
AT5G01760	6	5	4	4	1	5
AT5G01765	0	1	0	1	0	0
AT5G01770	107	109	111	127	91	119
AT5G01775	2	6	3	5	6	8
AT5G01780	256	371	314	288	290	346
AT5G01785	0	0	0	0	0	0
AT5G01790	8	17	12	17	20	28
AT5G01795	0	0	0	0	0	0
AT5G01800	864	1106	999	840	948	841
AT5G01805	0	0	0	0	0	0
AT5G01810	3066	4158	3588	1672	2653	1612
AT5G01815	0	0	0	0	0	0
AT5G01820	85	181	159	68	118	80
AT5G01825	0	0	0	0	0	0
AT5G01830	261	323	385	118	131	110
AT5G01835	0	0	0	0	0	0
AT5G01840	9	12	15	15	21	19
AT5G01845	0	0	0	0	0	0
AT5G01850	140	177	142	117	135	103
AT5G01855	0	0	0	0	0	0
AT5G01860	0	0	0	0	0	0
AT5G01865	0	0	0	0	0	0
AT5G01870	84	138	100	69	197	121
AT5G01875	0	0	0	0	0	0
AT5G01880	38	55	56	29	43	56
AT5G01881	0	0	0	0	0	0
AT5G01885	0	1	0	0	0	0
AT5G01890	73	105	106	190	111	188
AT5G01895	0	0	0	0	0	0
AT5G01900	0	4	5	1	2	2
AT5G01910	10	19	16	22	17	29
AT5G01915	0	0	0	0	0	0
AT5G01920	719	861	712	1059	1138	981
AT5G01925	0	0	0	0	0	0
AT5G01930	209	226	180	246	248	269
AT5G01935	1	2	1	1	1	0
AT5G01940	31	53	45	42	50	34
AT5G01945	1	1	1	3	3	0
AT5G01950	681	965	1068	560	578	523
AT5G01955	0	0	0	0	0	0
AT5G01960	535	638	689	526	513	528
AT5G01965	0	0	0	0	0	0
AT5G01970	232	374	270	296	333	309
AT5G01975	0	0	0	0	0	0
AT5G01980	360	410	392	297	286	262
AT5G01985	0	0	0	0	0	0
AT5G01990	95	113	95	135	70	102
AT5G01995	0	0	0	0	0	0
AT5G02000	0	0	0	1	0	0
AT5G02010	102	112	139	149	97	164
AT5G02015	0	0	0	0	0	0
AT5G02020	474	747	571	297	287	367
AT5G02025	0	0	0	0	0	0
AT5G02030	136	152	189	156	127	142
AT5G02035	0	0	0	0	0	0
AT5G02040	257	322	258	220	224	219
AT5G02045	0	0	0	0	0	0
AT5G02050	355	335	343	462	477	543
AT5G02055	0	0	0	0	0	0
AT5G02060	28	45	43	44	43	35
AT5G02065	0	0	0	0	1	0
AT5G02070	0	0	0	0	0	0
AT5G02075	0	1	0	0	0	0
AT5G02080	37	52	40	51	47	45
AT5G02085	0	0	0	0	0	0
AT5G02090	39	43	51	79	75	79
AT5G02095	0	0	0	0	0	0
AT5G02100	607	796	662	546	500	534
AT5G02105	0	0	0	0	0	0
AT5G02110	0	1	0	1	0	1
AT5G02115	3	4	2	0	0	0
AT5G02120	142	150	134	246	287	218
AT5G02125	0	0	0	0	0	0
AT5G02130	169	193	172	180	178	157
AT5G02135	0	0	0	0	0	0
AT5G02140	2	3	3	6	1	8
AT5G02145	0	0	0	0	0	0
AT5G02150	173	204	149	156	163	134
AT5G02155	24	27	34	26	18	17
AT5G02160	4093	4886	4108	4412	6179	4074
AT5G02170	10	11	7	7	15	6
AT5G02175	0	0	0	0	0	0
AT5G02180	9	11	13	11	17	24
AT5G02185	0	0	0	0	0	0
AT5G02190	10	5	4	22	18	22
AT5G02195	0	0	0	0	0	0
AT5G02200	34	32	49	37	43	28
AT5G02205	0	0	0	0	0	0
AT5G02210	0	1	0	2	0	0
AT5G02215	0	0	0	0	0	0
AT5G02220	6	12	9	7	8	7
AT5G02225	6	5	4	6	4	2
AT5G02230	380	679	571	36	24	23
AT5G02240	1515	1918	1666	1896	1805	1801
AT5G02245	0	0	0	0	0	0
AT5G02250	553	647	634	748	760	748
AT5G02255	0	0	0	0	0	0
AT5G02260	152	149	217	114	123	135
AT5G02265	0	0	0	0	0	1
AT5G02270	230	225	270	200	197	219
AT5G02275	0	0	0	0	0	0
AT5G02280	43	60	55	72	73	58
AT5G02290	966	1216	1079	552	560	565
AT5G02295	0	0	0	0	0	0
AT5G02305	0	0	0	0	0	0
AT5G02310	1056	1177	1263	1092	682	961
AT5G02315	0	0	0	0	0	0
AT5G02320	50	61	69	68	72	68
AT5G02325	0	0	0	0	0	0
AT5G02330	0	1	7	3	1	0
AT5G02335	0	0	0	0	0	0
AT5G02340	0	0	0	0	0	0
AT5G02345	0	0	0	0	0	0
AT5G02350	4	5	9	10	11	9
AT5G02355	0	0	0	0	0	0
AT5G02360	9	6	4	20	8	19
AT5G02365	0	0	0	0	0	0
AT5G02370	48	61	56	65	60	58
AT5G02375	0	0	0	0	0	0
AT5G02380	13196	18566	16120	14149	12478	12854
AT5G02385	0	0	0	0	0	0
AT5G02390	10	5	3	7	4	3
AT5G02395	0	0	0	0	0	0
AT5G02400	68	60	75	88	47	90
AT5G02405	0	0	0	0	0	0
AT5G02410	92	114	102	144	103	115
AT5G02415	4	3	3	4	8	7
AT5G02420	15	23	14	14	21	27
AT5G02425	3	9	11	7	3	8
AT5G02430	42	69	73	35	26	41
AT5G02435	0	0	0	0	0	0
AT5G02440	50	86	55	41	33	35
AT5G02445	0	0	0	0	0	0
AT5G02450	2644	3100	2714	2306	2880	2564
AT5G02455	0	0	0	0	0	0
AT5G02460	24	29	41	21	29	38
AT5G02465	0	0	0	0	0	0
AT5G02470	118	148	147	122	152	148
AT5G02480	4363	5411	4377	5955	5199	5025
AT5G02485	0	0	0	0	0	0
AT5G02490	601	726	946	128	120	171
AT5G02495	0	0	0	0	0	0
AT5G02500	17959	20013	20488	17066	16638	18097
AT5G02502	204	302	237	209	254	231
AT5G02505	0	0	0	0	0	0
AT5G02510	0	1	1	1	1	0
AT5G02515	0	2	5	16	13	9
AT5G02520	26	30	40	31	28	37
AT5G02525	0	5	1	2	2	1
AT5G02530	967	1103	1010	1190	1279	1204
AT5G02535	4	3	1	2	2	3
AT5G02540	173	221	121	213	190	151
AT5G02550	8	6	16	16	20	21
AT5G02555	0	0	0	0	0	0
AT5G02560	83	119	127	115	76	96
AT5G02565	6	15	12	12	21	13
AT5G02570	0	0	0	0	0	0
AT5G02575	10	12	7	11	19	14
AT5G02580	4	5	11	11	22	16
AT5G02590	41	53	65	50	59	48
AT5G02595	5	2	10	2	1	2
AT5G02600	115	149	170	112	94	117
AT5G02605	2	5	4	8	5	4
AT5G02610	1196	1363	1157	1052	1158	1159
AT5G02615	0	0	0	0	0	0
AT5G02620	224	303	256	232	222	231
AT5G02630	147	143	159	84	106	86
AT5G02635	1	0	3	0	0	0
AT5G02640	1	0	1	2	2	3
AT5G02645	0	0	2	0	1	0
AT5G02650	79	114	80	116	144	119
AT5G02655	0	0	0	0	0	0
AT5G02660	0	0	0	0	0	0
AT5G02665	0	0	0	0	0	0
AT5G02670	88	111	120	147	130	142
AT5G02675	0	0	0	0	0	0
AT5G02680	112	151	155	117	150	112
AT5G02685	0	0	0	0	0	0
AT5G02690	58	86	72	67	87	62
AT5G02695	0	0	0	0	0	0
AT5G02700	0	0	0	0	1	0
AT5G02705	2	2	0	3	1	2
AT5G02710	234	206	220	240	279	274
AT5G02715	0	0	0	0	0	0
AT5G02720	0	0	0	0	0	0
AT5G02725	0	0	0	0	0	0
AT5G02730	0	0	0	0	0	0
AT5G02735	0	0	0	0	0	0
AT5G02740	279	275	280	349	293	367
AT5G02745	0	1	0	0	1	1
AT5G02750	58	94	51	76	92	81
AT5G02755	0	0	0	0	0	0
AT5G02760	278	443	333	877	580	664
AT5G02765	0	0	0	0	0	0
AT5G02770	1881	2240	2008	2153	2177	2142
AT5G02775	0	0	0	0	0	0
AT5G02780	116	163	230	25	33	32
AT5G02785	0	0	0	0	0	0
AT5G02790	1137	1515	1223	1404	1538	1220
AT5G02795	0	0	0	0	0	0
AT5G02800	346	409	416	328	323	299
AT5G02805	0	0	0	0	0	0
AT5G02810	1368	1696	1396	1688	1753	1344
AT5G02815	0	0	0	0	0	0
AT5G02820	228	318	285	300	336	306
AT5G02825	0	1	0	0	0	0
AT5G02830	159	170	144	200	215	198
AT5G02835	0	0	0	0	0	0
AT5G02840	323	395	335	491	565	415
AT5G02850	161	150	166	158	141	163
AT5G02855	0	0	0	0	0	0
AT5G02860	278	294	302	364	309	348
AT5G02865	0	0	0	0	0	0
AT5G02870	3944	3940	4216	3420	3449	4044
AT5G02875	18	19	13	10	15	15
AT5G02880	918	1271	1103	1210	944	1081
AT5G02885	0	1	2	0	1	2
AT5G02890	49	58	56	94	57	76
AT5G02895	0	0	0	0	0	0
AT5G02900	1	2	1	0	1	1
AT5G02905	0	0	1	0	0	0
AT5G02910	95	95	73	122	103	107
AT5G02915	0	0	0	0	0	0
AT5G02920	0	0	0	0	0	0
AT5G02925	0	0	0	0	0	0
AT5G02930	1	2	0	0	0	0
AT5G02935	0	0	0	0	0	0
AT5G02940	230	324	256	271	267	250
AT5G02945	0	0	0	0	0	0
AT5G02950	11	3	9	10	12	10
AT5G02955	0	0	2	0	0	2
AT5G02960	3946	4404	4037	3406	3946	3916
AT5G02965	0	0	0	0	0	0
AT5G02970	599	714	717	466	509	442
AT5G02975	0	0	0	0	0	0
AT5G02980	0	0	0	0	0	0
AT5G02985	0	0	0	0	0	0
AT5G02990	0	0	0	0	0	0
AT5G02995	0	0	0	0	0	0
AT5G03000	1	1	1	2	0	0
AT5G03005	0	0	0	0	0	0
AT5G03010	1	4	9	3	4	4
AT5G03015	0	0	0	0	0	0
AT5G03020	9	6	6	8	6	4
AT5G03025	0	0	0	0	0	0
AT5G03030	204	274	241	211	223	203
AT5G03035	0	0	0	0	0	0
AT5G03040	1183	1230	1188	1216	1116	1196
AT5G03045	2	0	0	0	0	0
AT5G03050	85	97	64	106	108	96
AT5G03055	0	0	0	0	0	0
AT5G03060	2	3	2	1	5	3
AT5G03065	0	0	0	0	0	0
AT5G03070	138	152	152	173	172	222
AT5G03075	0	0	0	0	0	0
AT5G03080	223	282	255	265	244	208
AT5G03085	6	6	15	5	8	5
AT5G03090	0	0	1	0	0	1
AT5G03095	0	0	0	0	0	0
AT5G03100	54	64	51	62	74	69
AT5G03105	0	0	0	0	0	0
AT5G03110	56	68	60	40	38	27
AT5G03115	0	0	0	0	1	1
AT5G03120	189	287	240	152	267	168
AT5G03125	0	0	0	0	0	0
AT5G03130	0	1	1	1	0	0
AT5G03135	0	0	0	0	0	0
AT5G03140	44	70	60	92	101	77
AT5G03145	0	0	0	1	0	0
AT5G03150	251	339	238	317	304	327
AT5G03155	0	0	0	0	0	0
AT5G03160	412	391	424	237	188	216
AT5G03165	13	19	18	20	15	17
AT5G03170	8	8	6	25	26	28
AT5G03175	8	11	5	12	7	8
AT5G03180	160	203	168	170	179	154
AT5G03185	0	0	0	0	0	0
AT5G03190	69	61	72	88	70	87
AT5G03195	0	0	0	0	0	0
AT5G03200	224	298	276	311	311	262
AT5G03204	0	0	0	0	0	0
AT5G03205	0	0	0	0	0	0
AT5G03210	13	36	26	3	5	2
AT5G03215	0	0	0	0	0	0
AT5G03220	121	168	160	113	145	121
AT5G03225	0	0	0	0	0	0
AT5G03230	275	351	247	403	373	432
AT5G03235	0	1	0	0	0	0
AT5G03240	5302	6723	6229	7067	7090	6182
AT5G03245	0	0	0	0	0	0
AT5G03250	15	18	13	20	31	28
AT5G03255	0	0	0	2	0	0
AT5G03260	15	10	26	39	4	12
AT5G03265	0	0	0	0	0	0
AT5G03270	3	0	2	8	6	3
AT5G03275	0	0	0	0	0	0
AT5G03280	1982	2162	2034	2426	1868	2348
AT5G03285	13	15	20	19	14	15
AT5G03290	1954	2410	2367	1429	1447	1362
AT5G03295	0	0	0	1	0	0
AT5G03300	1380	1550	1480	1340	1304	1328
AT5G03305	0	0	0	0	0	1
AT5G03310	0	0	0	0	0	0
AT5G03315	0	4	3	0	4	3
AT5G03320	645	851	865	485	511	507
AT5G03325	1	0	1	0	0	1
AT5G03330	417	525	513	234	281	240
AT5G03335	0	0	0	0	0	0
AT5G03340	432	418	450	476	332	417
AT5G03345	393	508	375	354	403	356
AT5G03350	8	43	34	11	73	11
AT5G03355	189	176	151	161	162	117
AT5G03360	0	0	0	0	0	0
AT5G03370	91	130	91	102	118	106
AT5G03375	0	0	0	0	0	0
AT5G03380	1886	2352	2200	1077	1052	1034
AT5G03385	0	0	0	0	0	0
AT5G03390	39	35	55	38	20	34
AT5G03395	0	0	0	0	0	1
AT5G03400	0	0	0	0	0	0
AT5G03405	0	0	0	0	0	0
AT5G03406	109	142	111	121	149	130
AT5G03415	202	224	221	224	194	185
AT5G03420	427	439	441	458	375	436
AT5G03425	0	0	0	0	0	0
AT5G03430	581	679	571	756	714	732
AT5G03435	0	0	2	6	6	2
AT5G03440	46	76	75	54	76	55
AT5G03445	0	0	0	0	0	0
AT5G03450	237	232	214	201	220	195
AT5G03452	0	0	0	0	0	0
AT5G03455	373	562	463	460	551	428
AT5G03460	841	1146	917	845	1071	758
AT5G03465	0	0	0	0	0	0
AT5G03470	421	449	436	450	432	527
AT5G03475	4	9	5	5	5	8
AT5G03480	0	0	0	0	0	0
AT5G03485	1	8	4	5	2	8
AT5G03490	423	562	521	189	185	188
AT5G03495	31	42	52	31	36	23
AT5G03500	214	284	287	188	219	189
AT5G03510	12	12	15	16	8	8
AT5G03515	0	3	3	2	3	1
AT5G03520	958	1166	1037	790	950	797
AT5G03525	0	0	0	0	0	0
AT5G03530	127	168	143	153	143	139
AT5G03535	0	0	0	0	0	0
AT5G03540	1393	1715	1628	1331	1255	1206
AT5G03545	21	19	9	48	42	33
AT5G03550	13	13	9	4	12	4
AT5G03552	32	52	43	58	53	48
AT5G03553	31	57	30	91	83	81
AT5G03555	104	108	107	133	122	118
AT5G03560	234	276	251	179	244	216
AT5G03565	0	0	0	0	0	0
AT5G03570	10	6	8	26	18	23
AT5G03575	1	0	0	0	1	0
AT5G03580	2	0	0	0	0	0
AT5G03585	0	1	0	0	5	0
AT5G03590	0	0	0	0	0	0
AT5G03595	0	0	0	0	0	0
AT5G03600	0	0	0	0	0	0
AT5G03605	0	0	0	0	0	0
AT5G03610	1147	1482	1896	469	341	457
AT5G03615	200	233	186	149	245	138
AT5G03620	2	12	9	2	12	14
AT5G03625	0	0	0	0	0	0
AT5G03630	2621	3418	3190	1950	1690	1740
AT5G03635	0	0	0	0	0	0
AT5G03640	9	5	19	12	5	9
AT5G03645	0	0	0	0	0	0
AT5G03650	668	602	642	831	796	827
AT5G03660	761	1011	821	817	906	699
AT5G03668	0	0	0	0	0	1
AT5G03670	27	34	38	52	35	61
AT5G03680	31	29	31	26	23	37
AT5G03685	0	0	0	0	0	0
AT5G03690	219	268	221	221	218	203
AT5G03695	2	1	1	0	4	5
AT5G03700	665	682	654	524	564	554
AT5G03705	0	0	0	0	0	0
AT5G03710	0	0	1	0	0	0
AT5G03715	0	0	0	0	0	0
AT5G03720	96	145	120	97	118	67
AT5G03730	3021	3945	3849	2898	2128	2460
AT5G03735	0	0	0	0	0	0
AT5G03740	416	490	496	495	564	544
AT5G03745	0	0	0	0	0	0
AT5G03750	0	0	0	0	0	0
AT5G03755	0	0	0	0	0	0
AT5G03760	128	137	126	295	187	265
AT5G03765	0	0	0	0	0	0
AT5G03770	57	72	56	67	67	62
AT5G03775	0	0	0	0	0	0
AT5G03780	65	88	53	112	119	98
AT5G03785	0	0	0	0	0	0
AT5G03790	5	22	12	17	14	26
AT5G03795	1	1	6	8	3	6
AT5G03800	105	84	124	139	117	149
AT5G03805	0	0	0	0	0	0
AT5G03810	0	0	0	0	0	0
AT5G03815	0	0	0	0	0	0
AT5G03820	0	0	0	0	0	0
AT5G03825	0	3	3	1	0	0
AT5G03830	186	204	158	228	273	237
AT5G03835	0	0	0	0	0	0
AT5G03840	4	1	3	5	5	3
AT5G03845	0	0	0	0	0	0
AT5G03850	1064	1329	1242	950	1288	1100
AT5G03860	73	40	81	18	39	153
AT5G03870	15	32	29	48	32	48
AT5G03875	6	4	1	3	2	3
AT5G03880	1725	2055	1744	2163	2024	1927
AT5G03885	2	11	6	4	9	7
AT5G03890	8	13	21	14	20	23
AT5G03900	808	969	855	932	826	894
AT5G03905	332	420	407	273	317	250
AT5G03910	445	503	490	474	524	426
AT5G03915	0	0	0	0	0	0
AT5G03920	0	0	0	0	0	0
AT5G03925	0	0	0	0	0	0
AT5G03930	0	0	0	0	0	0
AT5G03935	0	0	0	0	0	0
AT5G03940	1168	1271	1180	1473	1440	1498
AT5G03944	0	0	0	0	0	0
AT5G03945	0	0	0	0	0	0
AT5G03955	0	1	0	0	0	1
AT5G03960	56	47	31	108	93	91
AT5G03965	0	0	0	0	0	0
AT5G03970	121	154	136	161	154	146
AT5G03975	0	0	0	0	0	0
AT5G03980	0	0	0	0	0	0
AT5G03985	11	9	8	23	9	13
AT5G03990	87	97	89	65	55	83
AT5G03995	26	24	13	50	50	67
AT5G04000	5	6	4	9	5	12
AT5G04005	0	0	0	0	0	0
AT5G04010	0	3	2	0	1	0
AT5G04015	0	0	0	0	0	0
AT5G04020	619	725	815	419	248	355
AT5G04025	0	0	0	0	0	0
AT5G04030	0	0	0	0	0	0
AT5G04035	0	0	0	0	0	0
AT5G04040	1452	1818	1670	999	1101	1073
AT5G04045	0	0	0	0	0	0
AT5G04047	0	0	0	0	0	0
AT5G04050	62	88	72	85	74	80
AT5G04055	2	2	1	5	2	7
AT5G04060	191	192	184	239	200	257
AT5G04065	4	3	4	4	2	9
AT5G04070	36	54	56	62	44	65
AT5G04075	4	0	1	0	4	5
AT5G04080	39	79	57	44	48	54
AT5G04085	0	1	0	0	0	0
AT5G04090	269	363	347	263	328	278
AT5G04105	0	0	0	1	0	0
AT5G04110	91	109	101	130	139	126
AT5G04115	0	0	0	0	0	0
AT5G04120	0	0	0	14	1	7
AT5G04125	0	0	0	0	0	0
AT5G04130	238	256	299	381	302	334
AT5G04135	0	0	0	0	0	0
AT5G04140	5501	5641	5733	6700	5065	5875
AT5G04145	0	0	0	0	0	0
AT5G04150	5	54	22	27	65	28
AT5G04160	86	130	130	125	132	133
AT5G04165	0	0	0	0	0	0
AT5G04170	1087	1464	1480	932	844	801
AT5G04175	0	0	0	0	0	0
AT5G04180	6	3	2	5	3	9
AT5G04185	2	4	4	2	2	1
AT5G04190	87	105	87	100	103	139
AT5G04195	0	0	0	0	0	0
AT5G04200	15	26	25	19	16	10
AT5G04205	20	28	14	16	22	20
AT5G04210	2	1	1	0	0	2
AT5G04215	0	0	0	0	0	0
AT5G04220	328	462	385	394	461	328
AT5G04225	0	0	0	0	0	0
AT5G04230	174	202	233	279	130	253
AT5G04238	0	0	0	0	0	0
AT5G04240	500	502	534	526	473	523
AT5G04245	0	0	0	0	0	0
AT5G04250	119	125	149	98	144	126
AT5G04255	0	0	0	0	0	0
AT5G04260	220	258	219	226	297	242
AT5G04267	0	0	0	1	0	0
AT5G04270	109	118	112	82	76	103
AT5G04275	1	0	1	0	2	0
AT5G04280	646	800	706	802	851	803
AT5G04290	862	919	868	1061	827	1049
AT5G04305	0	0	0	0	0	0
AT5G04310	445	580	557	204	158	190
AT5G04315	0	0	0	0	0	0
AT5G04320	192	185	197	221	205	214
AT5G04325	0	0	0	0	0	0
AT5G04330	60	86	61	65	56	48
AT5G04335	0	0	0	0	0	0
AT5G04340	636	809	747	167	203	146
AT5G04345	0	0	0	0	0	0
AT5G04347	0	0	0	0	0	0
AT5G04350	0	0	0	0	0	0
AT5G04355	1	0	2	0	0	0
AT5G04360	562	705	614	777	619	775
AT5G04365	0	0	0	0	0	0
AT5G04370	6	8	11	15	2	7
AT5G04375	0	0	0	0	0	0
AT5G04380	0	0	0	0	0	0
AT5G04385	0	0	0	0	0	0
AT5G04390	29	38	41	16	12	9
AT5G04395	0	0	0	0	0	0
AT5G04400	1	0	0	0	0	0
AT5G04405	0	0	0	0	1	0
AT5G04410	877	1167	1115	738	742	747
AT5G04415	0	0	0	0	0	0
AT5G04420	770	907	767	799	650	733
AT5G04425	6	7	3	6	5	8
AT5G04430	2936	3358	3287	3025	2961	2917
AT5G04435	0	0	0	0	0	0
AT5G04440	391	523	480	573	678	533
AT5G04445	0	0	1	0	0	0
AT5G04455	0	0	0	0	0	0
AT5G04460	380	480	427	422	330	424
AT5G04465	3	0	0	0	2	3
AT5G04470	32	43	42	54	85	62
AT5G04475	0	0	0	0	0	0
AT5G04480	477	522	562	460	385	483
AT5G04490	231	354	259	272	288	268
AT5G04495	1	1	1	0	0	0
AT5G04500	0	1	0	0	0	1
AT5G04505	0	0	0	0	0	0
AT5G04510	373	482	435	474	429	507
AT5G04515	0	0	0	0	0	0
AT5G04520	145	142	154	131	138	130
AT5G04525	0	0	0	0	0	0
AT5G04530	487	532	406	696	684	682
AT5G04540	862	966	1035	690	662	681
AT5G04545	0	0	0	0	0	0
AT5G04550	1035	1238	1154	946	756	910
AT5G04560	980	1140	1116	1003	624	942
AT5G04575	1	0	0	0	0	0
AT5G04585	0	0	0	0	0	0
AT5G04590	4690	5366	5919	2853	2656	2825
AT5G04595	0	0	0	0	0	0
AT5G04600	617	748	723	698	736	693
AT5G04605	0	0	0	0	0	0
AT5G04610	0	0	0	0	0	0
AT5G04615	0	0	0	0	3	0
AT5G04620	229	219	207	260	269	291
AT5G04625	0	0	0	0	0	0
AT5G04630	2	1	4	2	1	0
AT5G04635	0	0	0	0	0	0
AT5G04640	0	1	0	0	0	0
AT5G04660	0	0	0	0	0	0
AT5G04665	0	0	0	0	0	0
AT5G04670	342	344	363	458	362	416
AT5G04675	0	0	0	0	0	0
AT5G04680	14	12	6	16	5	14
AT5G04685	0	0	0	0	0	0
AT5G04690	4	3	5	6	3	7
AT5G04695	0	0	0	0	1	0
AT5G04700	8	10	13	17	12	19
AT5G04705	0	0	0	0	0	0
AT5G04710	492	547	529	550	509	601
AT5G04715	0	0	0	0	0	0
AT5G04720	1453	1780	1657	1094	1018	983
AT5G04725	0	0	0	0	0	0
AT5G04730	1	0	1	0	0	0
AT5G04740	1039	1579	1274	1237	1491	1103
AT5G04745	0	0	0	1	0	0
AT5G04750	669	1055	824	878	1118	777
AT5G04755	0	0	0	0	0	0
AT5G04760	218	246	235	162	102	150
AT5G04765	0	0	0	0	0	0
AT5G04770	266	266	255	224	202	240
AT5G04775	0	0	0	0	0	0
AT5G04780	66	67	54	71	80	78
AT5G04785	0	0	0	0	0	0
AT5G04790	0	0	0	0	0	0
AT5G04795	0	0	0	0	0	0
AT5G04800	1624	1750	1705	1350	1536	1657
AT5G04810	1397	1662	1413	1870	1879	1788
AT5G04815	0	0	0	0	0	0
AT5G04820	96	103	88	132	132	139
AT5G04825	0	0	0	0	0	0
AT5G04830	374	465	406	453	529	463
AT5G04840	16	20	22	24	25	24
AT5G04845	0	0	0	0	0	0
AT5G04850	434	555	478	458	475	409
AT5G04853	0	0	0	0	0	0
AT5G04855	0	0	0	0	0	0
AT5G04860	164	190	198	180	156	205
AT5G04865	0	0	0	0	0	0
AT5G04870	1255	1386	1536	888	756	916
AT5G04885	153	173	197	247	171	239
AT5G04890	22	42	30	30	12	29
AT5G04895	142	149	136	204	160	239
AT5G04900	302	330	315	327	308	365
AT5G04905	0	0	1	0	1	0
AT5G04910	287	400	337	310	356	270
AT5G04915	0	0	0	0	0	0
AT5G04920	780	946	915	677	667	619
AT5G04925	0	0	0	0	0	0
AT5G04930	1466	1875	2139	1009	818	918
AT5G04933	0	0	0	0	0	0
AT5G04935	0	0	0	0	0	0
AT5G04937	0	0	0	0	0	0
AT5G04940	150	181	166	236	205	227
AT5G04945	0	0	0	0	0	0
AT5G04950	50	78	52	161	114	255
AT5G04955	0	0	0	0	0	0
AT5G04960	33	17	55	18	42	20
AT5G04965	0	0	0	0	0	0
AT5G04970	3	2	2	9	2	5
AT5G04975	0	0	0	0	0	0
AT5G04980	52	91	85	69	56	61
AT5G04985	0	0	1	0	0	0
AT5G04990	465	580	478	495	439	451
AT5G04995	0	0	0	0	0	0
AT5G05000	492	594	506	576	624	515
AT5G05005	0	0	0	0	0	0
AT5G05010	1745	2033	1945	1977	1515	1918
AT5G05015	0	0	0	0	0	0
AT5G05020	0	0	0	0	0	0
AT5G05030	0	0	0	0	0	0
AT5G05035	0	0	0	0	0	0
AT5G05040	0	0	0	0	0	1
AT5G05045	0	0	0	0	0	0
AT5G05050	0	0	0	0	0	0
AT5G05055	0	0	0	0	0	0
AT5G05060	269	358	264	308	285	307
AT5G05065	0	0	0	0	0	0
AT5G05070	0	0	0	0	0	0
AT5G05075	0	0	0	0	0	0
AT5G05080	686	839	812	868	818	775
AT5G05085	0	0	0	0	0	0
AT5G05090	0	0	0	0	0	0
AT5G05095	0	0	0	0	0	0
AT5G05100	883	1094	1117	720	784	714
AT5G05105	0	0	0	0	0	0
AT5G05110	264	329	335	306	248	298
AT5G05113	0	0	0	1	0	0
AT5G05120	0	0	0	0	0	0
AT5G05125	1	2	1	1	1	2
AT5G05130	64	60	70	60	51	61
AT5G05135	0	1	1	1	3	3
AT5G05140	892	1179	1086	707	526	664
AT5G05150	0	0	0	0	0	0
AT5G05155	0	0	0	0	0	0
AT5G05160	56	77	69	112	75	112
AT5G05170	4838	5142	4954	5460	4285	4963
AT5G05175	0	0	0	0	0	0
AT5G05180	159	203	185	208	184	222
AT5G05185	0	0	0	0	0	0
AT5G05190	99	125	136	59	83	89
AT5G05195	0	0	0	0	0	0
AT5G05200	1251	1424	1248	1607	1462	1368
AT5G05205	0	0	0	0	0	0
AT5G05210	479	531	543	439	503	517
AT5G05215	0	0	0	0	0	0
AT5G05220	0	0	1	0	0	0
AT5G05230	207	263	241	251	235	250
AT5G05235	0	0	0	1	0	0
AT5G05240	41	64	76	66	63	83
AT5G05250	182	524	307	408	760	369
AT5G05255	0	0	0	0	0	0
AT5G05260	0	0	0	0	0	0
AT5G05265	0	0	0	0	0	0
AT5G05270	28	28	41	31	48	26
AT5G05275	0	1	1	3	2	0
AT5G05280	0	0	0	0	0	0
AT5G05285	0	0	0	0	0	0
AT5G05290	1	0	1	2	2	0
AT5G05295	0	0	0	0	0	0
AT5G05300	56	74	69	1	6	6
AT5G05310	293	368	298	312	316	315
AT5G05315	0	1	0	0	0	0
AT5G05320	82	135	108	109	108	113
AT5G05325	0	0	0	0	0	0
AT5G05330	18	26	8	26	19	19
AT5G05335	0	0	0	0	0	0
AT5G05340	113	167	161	10	2	13
AT5G05350	10	8	23	14	16	15
AT5G05360	282	359	319	242	298	266
AT5G05365	14	18	16	8	10	17
AT5G05370	720	977	810	514	630	481
AT5G05375	0	0	0	0	0	0
AT5G05380	52	63	81	54	50	46
AT5G05385	0	0	0	0	0	0
AT5G05390	9	8	14	0	1	0
AT5G05395	1	2	0	1	1	0
AT5G05400	40	30	49	80	53	66
AT5G05410	134	215	230	57	81	85
AT5G05415	0	0	1	1	0	2
AT5G05420	43	46	36	55	75	44
AT5G05425	2	2	1	1	0	1
AT5G05430	48	66	72	65	90	63
AT5G05435	76	129	87	93	91	73
AT5G05440	1822	2327	2122	1390	1994	1418
AT5G05445	0	1	0	1	2	0
AT5G05450	532	619	615	521	492	519
AT5G05455	0	0	0	0	0	0
AT5G05460	136	167	153	160	123	120
AT5G05465	0	0	0	2	0	3
AT5G05470	261	280	261	316	261	273
AT5G05475	0	0	0	0	0	0
AT5G05480	181	252	200	202	205	176
AT5G05485	0	0	0	0	0	0
AT5G05490	9	10	26	15	3	9
AT5G05495	0	0	0	0	0	0
AT5G05500	28	36	65	20	34	12
AT5G05505	0	0	0	0	0	0
AT5G05510	7	8	8	19	19	16
AT5G05515	0	0	0	0	0	0
AT5G05520	508	614	563	518	493	470
AT5G05525	0	0	0	0	0	0
AT5G05530	15	36	35	7	4	5
AT5G05535	0	0	0	0	0	0
AT5G05540	281	416	392	305	386	351
AT5G05545	2	2	7	1	3	6
AT5G05550	169	183	145	147	187	195
AT5G05555	0	0	0	0	0	0
AT5G05560	305	286	317	381	229	403
AT5G05565	0	0	0	0	0	0
AT5G05570	473	522	500	437	281	413
AT5G05580	117	128	109	151	98	143
AT5G05585	0	0	0	0	0	0
AT5G05590	56	61	61	31	22	28
AT5G05598	0	0	0	0	0	0
AT5G05600	791	1192	1095	212	231	156
AT5G05605	0	0	0	0	0	0
AT5G05610	584	699	578	555	660	544
AT5G05620	160	151	169	205	155	198
AT5G05625	0	0	0	0	0	0
AT5G05630	24	43	29	33	34	41
AT5G05635	0	0	0	0	0	0
AT5G05640	20	12	17	27	19	27
AT5G05645	0	0	0	0	0	0
AT5G05650	0	0	0	0	0	0
AT5G05653	0	0	0	0	0	0
AT5G05657	0	0	0	0	0	0
AT5G05660	475	465	451	539	442	566
AT5G05665	0	0	0	0	0	0
AT5G05670	161	183	165	196	147	188
AT5G05675	0	0	0	0	0	0
AT5G05680	254	264	269	359	289	278
AT5G05685	0	0	0	0	0	0
AT5G05690	3098	3564	2816	3919	3723	3529
AT5G05695	0	1	0	0	0	0
AT5G05700	374	442	449	387	315	359
AT5G05705	0	0	0	0	0	0
AT5G05710	219	247	204	175	229	136
AT5G05720	1	0	1	0	0	2
AT5G05725	0	0	0	1	0	0
AT5G05730	2299	3517	4090	704	651	722
AT5G05735	0	0	0	0	0	0
AT5G05740	767	718	705	917	916	1011
AT5G05745	0	0	0	0	0	0
AT5G05750	256	375	332	312	380	280
AT5G05755	0	0	0	0	0	0
AT5G05760	162	206	211	163	168	167
AT5G05765	0	2	0	1	0	0
AT5G05770	0	1	0	0	0	0
AT5G05780	901	1000	990	782	862	775
AT5G05785	2	7	3	2	1	5
AT5G05790	50	67	72	40	58	59
AT5G05795	0	0	0	0	0	0
AT5G05800	339	430	318	339	379	348
AT5G05805	0	0	1	0	0	1
AT5G05810	19	20	24	43	50	49
AT5G05815	0	0	0	0	0	0
AT5G05820	205	200	255	205	190	197
AT5G05825	0	0	0	0	0	0
AT5G05830	116	118	99	115	137	137
AT5G05835	0	0	0	0	0	0
AT5G05840	1	1	2	3	7	2
AT5G05845	0	0	0	0	0	0
AT5G05850	255	315	302	127	127	135
AT5G05855	0	0	0	0	0	0
AT5G05860	169	210	271	263	285	316
AT5G05865	1	5	4	0	0	0
AT5G05870	174	184	152	217	159	150
AT5G05875	0	0	0	0	0	0
AT5G05880	46	49	62	79	53	89
AT5G05885	0	0	0	0	0	0
AT5G05890	92	112	83	143	134	178
AT5G05895	0	0	0	0	0	0
AT5G05900	0	0	2	4	10	3
AT5G05905	0	0	0	0	0	0
AT5G05910	0	0	0	0	0	0
AT5G05915	0	0	0	0	0	0
AT5G05920	110	116	123	129	119	132
AT5G05925	0	0	0	0	0	0
AT5G05930	415	529	495	350	422	368
AT5G05935	0	0	0	0	0	0
AT5G05940	18	28	28	42	26	38
AT5G05945	0	0	0	0	0	0
AT5G05950	195	179	186	181	212	155
AT5G05955	0	0	0	0	0	0
AT5G05960	34	35	42	65	116	79
AT5G05965	12	11	7	10	13	8
AT5G05970	148	175	173	202	177	211
AT5G05975	3	1	0	2	3	2
AT5G05980	367	417	372	456	410	445
AT5G05985	0	0	0	0	0	0
AT5G05987	136	174	144	115	123	113
AT5G05990	117	92	124	115	117	133
AT5G05995	0	0	0	0	0	0
AT5G06000	23	39	19	38	27	55
AT5G06005	0	0	0	0	0	0
AT5G06010	0	2	0	1	1	0
AT5G06015	0	0	0	0	0	0
AT5G06020	0	0	0	0	0	0
AT5G06025	0	0	0	0	0	0
AT5G06030	0	0	0	0	0	0
AT5G06035	0	0	0	0	0	0
AT5G06040	0	0	0	0	0	0
AT5G06043	0	0	0	0	0	0
AT5G06045	0	0	0	0	0	0
AT5G06050	220	270	246	272	259	273
AT5G06055	0	0	0	0	0	0
AT5G06060	464	535	469	612	658	624
AT5G06065	1	0	0	0	0	0
AT5G06070	1	3	0	0	0	1
AT5G06075	0	0	0	0	0	0
AT5G06080	1	1	0	1	0	3
AT5G06085	0	0	0	1	0	0
AT5G06090	50	84	96	30	14	25
AT5G06095	0	0	0	0	0	0
AT5G06100	379	411	424	390	367	379
AT5G06105	0	0	0	0	0	0
AT5G06110	918	1116	1101	994	945	1010
AT5G06115	0	0	0	1	1	0
AT5G06120	746	866	915	657	564	568
AT5G06125	0	0	0	0	0	0
AT5G06130	825	950	867	982	968	961
AT5G06140	881	1115	1045	901	876	844
AT5G06145	0	0	0	0	0	0
AT5G06150	56	69	88	131	90	153
AT5G06155	0	0	0	0	0	0
AT5G06160	435	538	442	505	467	491
AT5G06165	2	6	4	2	0	4
AT5G06170	0	0	0	0	0	0
AT5G06175	0	0	0	0	0	0
AT5G06180	106	137	136	128	161	124
AT5G06185	0	0	0	0	0	0
AT5G06190	5	2	8	12	9	12
AT5G06200	7	5	6	27	10	14
AT5G06205	0	0	0	0	0	0
AT5G06210	247	287	244	280	316	270
AT5G06220	659	770	754	822	645	707
AT5G06230	37	45	58	34	15	27
AT5G06235	0	0	0	0	0	1
AT5G06240	148	146	137	156	170	148
AT5G06245	0	0	0	0	0	0
AT5G06250	19	17	13	26	8	22
AT5G06255	0	0	0	0	0	0
AT5G06260	365	455	402	378	353	341
AT5G06265	126	124	108	90	125	124
AT5G06270	76	87	70	140	139	124
AT5G06275	0	0	0	0	0	0
AT5G06280	73	156	134	154	170	135
AT5G06285	0	0	0	0	0	0
AT5G06290	751	770	819	800	911	876
AT5G06295	3	7	1	1	2	2
AT5G06300	219	193	233	203	182	176
AT5G06305	0	1	2	0	1	0
AT5G06310	90	89	88	86	109	97
AT5G06320	1220	1455	1568	561	524	607
AT5G06325	0	0	0	0	0	0
AT5G06330	28	26	29	86	76	77
AT5G06335	0	0	0	0	0	0
AT5G06340	827	812	787	700	776	765
AT5G06345	0	0	0	0	0	0
AT5G06350	220	291	248	318	264	290
AT5G06360	962	1111	1129	985	1061	1144
AT5G06365	0	0	0	0	0	0
AT5G06370	371	508	451	434	426	402
AT5G06380	0	1	0	1	1	1
AT5G06385	0	0	0	0	0	0
AT5G06390	384	358	327	378	433	396
AT5G06395	0	0	0	0	0	0
AT5G06400	19	25	15	24	33	24
AT5G06405	0	0	0	0	0	0
AT5G06410	113	98	98	112	123	89
AT5G06415	0	0	0	0	0	0
AT5G06420	39	70	63	65	65	69
AT5G06425	0	0	0	0	0	0
AT5G06430	57	59	49	53	57	53
AT5G06435	0	0	0	0	0	0
AT5G06440	556	686	606	723	719	596
AT5G06445	0	0	0	0	0	0
AT5G06450	199	242	203	204	230	212
AT5G06455	0	0	0	0	0	0
AT5G06460	460	484	476	548	423	495
AT5G06465	0	0	0	0	0	0
AT5G06470	14	7	8	7	5	7
AT5G06475	0	0	0	1	0	0
AT5G06480	8	4	3	7	12	17
AT5G06490	1	0	2	2	1	0
AT5G06495	0	0	0	0	0	0
AT5G06500	0	1	1	0	0	0
AT5G06505	0	0	0	0	0	0
AT5G06510	3	3	3	7	7	5
AT5G06515	0	0	0	0	0	0
AT5G06520	0	1	0	0	1	0
AT5G06525	0	0	0	0	0	0
AT5G06530	160	190	215	161	160	164
AT5G06535	0	0	0	0	0	0
AT5G06540	21	16	9	13	23	32
AT5G06545	0	0	1	0	0	0
AT5G06550	123	155	122	206	198	160
AT5G06560	643	759	764	464	394	471
AT5G06565	0	0	0	0	0	0
AT5G06570	220	264	300	276	216	283
AT5G06575	0	0	0	0	0	0
AT5G06580	442	496	517	487	423	483
AT5G06585	18	7	22	15	17	17
AT5G06590	51	43	45	48	61	37
AT5G06595	0	0	0	0	0	0
AT5G06600	2156	2272	2250	2002	1603	1877
AT5G06605	0	0	0	0	0	0
AT5G06610	39	42	41	78	45	65
AT5G06615	1	0	0	1	0	0
AT5G06620	56	78	64	73	85	83
AT5G06630	56	35	65	26	47	14
AT5G06635	0	0	0	0	0	0
AT5G06640	69	63	141	31	71	41
AT5G06645	0	0	0	0	0	0
AT5G06650	0	0	0	4	0	2
AT5G06655	0	0	1	0	0	0
AT5G06660	312	377	338	316	339	333
AT5G06665	0	0	0	0	0	0
AT5G06670	155	200	139	203	225	218
AT5G06675	0	0	0	0	0	0
AT5G06680	161	188	145	192	150	151
AT5G06685	0	0	0	0	0	0
AT5G06690	821	1172	879	938	1192	897
AT5G06695	0	0	0	0	0	0
AT5G06700	843	872	832	998	863	949
AT5G06705	0	0	0	0	0	0
AT5G06710	33	49	33	64	40	46
AT5G06715	0	0	0	0	0	0
AT5G06720	50	71	71	29	23	36
AT5G06730	144	273	210	30	22	64
AT5G06735	0	0	0	0	0	0
AT5G06740	187	184	255	171	100	158
AT5G06745	0	0	0	0	0	0
AT5G06750	182	240	250	179	227	226
AT5G06755	0	0	0	2	5	3
AT5G06760	19	18	45	3	7	20
AT5G06765	0	0	0	0	0	0
AT5G06770	112	133	114	151	155	155
AT5G06775	0	1	3	0	0	0
AT5G06780	376	457	387	319	390	363
AT5G06785	0	0	0	0	0	0
AT5G06790	2	5	4	5	2	8
AT5G06795	0	0	0	0	0	1
AT5G06800	35	34	17	67	40	65
AT5G06810	57	39	51	61	49	60
AT5G06811	75	87	74	65	61	76
AT5G06815	0	0	0	0	0	0
AT5G06820	3	7	9	8	8	9
AT5G06825	7	3	3	4	3	0
AT5G06830	323	400	307	367	299	348
AT5G06835	0	1	0	4	0	1
AT5G06839	95	109	120	70	105	104
AT5G06845	2	0	2	3	2	1
AT5G06850	115	113	116	122	64	124
AT5G06855	0	0	0	0	0	0
AT5G06860	0	0	0	0	0	0
AT5G06865	3	5	5	6	1	4
AT5G06870	200	259	228	139	105	127
AT5G06875	0	0	0	0	0	0
AT5G06880	0	0	0	0	0	0
AT5G06885	0	0	0	0	0	0
AT5G06890	0	0	0	0	0	0
AT5G06900	0	0	0	4	0	0
AT5G06905	0	0	0	0	0	0
AT5G06910	275	310	282	302	297	256
AT5G06915	0	0	0	0	0	0
AT5G06920	0	0	0	0	0	0
AT5G06925	0	0	0	0	0	0
AT5G06930	104	136	95	183	161	170
AT5G06935	0	0	0	0	0	0
AT5G06940	5	17	10	32	26	29
AT5G06945	0	0	0	0	0	0
AT5G06950	212	221	226	250	167	231
AT5G06955	0	0	0	0	0	0
AT5G06960	217	251	237	251	206	223
AT5G06965	0	0	0	1	0	0
AT5G06970	820	888	957	794	641	757
AT5G06975	0	0	0	0	0	0
AT5G06980	54	75	50	80	117	73
AT5G06985	0	0	0	0	0	0
AT5G06990	9	2	10	5	7	5
AT5G06995	0	0	0	0	0	0
AT5G07000	154	274	163	180	165	164
AT5G07005	0	0	0	0	0	0
AT5G07010	187	273	218	125	92	104
AT5G07015	1	0	0	0	0	1
AT5G07020	734	656	680	807	811	787
AT5G07025	0	0	0	0	0	0
AT5G07030	52	63	72	171	148	202
AT5G07035	0	0	0	0	0	1
AT5G07040	1	0	2	0	1	0
AT5G07050	0	0	0	0	0	0
AT5G07055	0	0	0	0	0	0
AT5G07060	10	13	21	15	13	7
AT5G07065	0	0	0	0	0	0
AT5G07070	44	50	59	29	36	34
AT5G07075	0	0	0	0	0	0
AT5G07080	162	131	159	158	99	147
AT5G07090	2382	2348	2518	2055	2441	2606
AT5G07095	1	2	0	6	0	2
AT5G07100	922	1300	1118	798	794	759
AT5G07105	0	0	0	0	2	0
AT5G07110	87	89	110	84	76	76
AT5G07115	0	0	0	0	2	2
AT5G07120	185	202	199	273	241	260
AT5G07125	0	0	0	0	0	0
AT5G07130	30	29	40	37	35	26
AT5G07135	0	0	0	0	0	0
AT5G07140	86	95	73	89	66	103
AT5G07145	0	0	0	0	0	0
AT5G07150	0	0	0	0	0	0
AT5G07152	0	0	0	0	0	0
AT5G07155	0	0	0	0	0	0
AT5G07160	0	0	0	0	0	0
AT5G07165	1	0	3	0	0	0
AT5G07170	0	0	0	0	0	0
AT5G07175	1	4	0	1	2	1
AT5G07180	75	108	98	163	102	216
AT5G07185	0	0	0	0	0	0
AT5G07190	0	0	0	0	1	0
AT5G07195	0	0	0	0	0	0
AT5G07200	4	0	0	3	3	1
AT5G07205	0	0	0	0	0	0
AT5G07210	0	0	0	0	0	0
AT5G07220	1119	1440	1203	970	889	859
AT5G07225	0	0	0	0	0	0
AT5G07230	0	0	0	0	0	0
AT5G07240	138	173	139	169	182	135
AT5G07250	198	262	212	273	247	226
AT5G07255	0	0	0	0	0	0
AT5G07260	3	3	2	1	2	0
AT5G07265	0	0	0	0	0	0
AT5G07270	561	751	661	562	526	471
AT5G07275	0	0	0	0	0	0
AT5G07280	29	40	37	37	34	38
AT5G07285	23	41	25	37	33	49
AT5G07290	679	742	757	625	490	688
AT5G07295	0	0	0	0	0	0
AT5G07300	699	905	860	736	604	680
AT5G07310	0	6	2	0	0	0
AT5G07315	0	0	0	0	0	0
AT5G07320	149	172	161	220	207	178
AT5G07322	75	96	71	91	125	113
AT5G07325	0	0	0	0	1	0
AT5G07330	7	1	7	2	2	7
AT5G07335	0	0	0	0	0	0
AT5G07340	514	532	505	570	519	628
AT5G07345	0	0	0	0	0	0
AT5G07350	2476	2736	2999	2178	1695	2213
AT5G07355	0	0	0	0	0	0
AT5G07360	451	605	479	432	434	420
AT5G07365	1	0	1	0	0	0
AT5G07370	602	802	630	679	691	592
AT5G07380	2	11	10	17	13	8
AT5G07385	0	0	0	0	0	0
AT5G07390	116	125	135	65	49	67
AT5G07395	0	0	0	0	0	0
AT5G07400	86	75	87	88	81	99
AT5G07405	0	0	0	0	0	0
AT5G07410	4	0	0	0	0	0
AT5G07415	0	0	0	0	0	0
AT5G07420	0	0	0	0	0	0
AT5G07425	0	0	0	0	0	1
AT5G07430	2	0	0	0	0	0
AT5G07435	0	0	0	0	0	0
AT5G07440	25861	32247	34475	11560	12017	11098
AT5G07445	0	0	0	0	0	0
AT5G07450	1	0	5	0	1	2
AT5G07455	2	3	1	2	0	5
AT5G07460	225	403	362	165	221	188
AT5G07465	0	0	0	0	0	0
AT5G07470	1054	1389	1172	981	1076	970
AT5G07475	45	35	55	71	54	27
AT5G07480	0	0	0	0	0	0
AT5G07485	0	0	0	0	0	0
AT5G07490	0	0	0	0	0	0
AT5G07495	0	0	0	0	0	0
AT5G07500	4	0	4	5	1	5
AT5G07510	0	0	0	0	0	1
AT5G07515	0	0	0	0	0	0
AT5G07520	0	0	0	0	0	0
AT5G07525	1	1	1	0	1	0
AT5G07530	0	0	0	0	0	0
AT5G07535	0	0	0	0	0	0
AT5G07540	0	0	0	0	0	0
AT5G07545	0	0	0	0	0	0
AT5G07550	0	1	1	0	1	0
AT5G07555	0	0	0	0	1	0
AT5G07560	1	3	4	1	2	7
AT5G07565	0	0	0	0	0	0
AT5G07570	11	5	6	10	7	15
AT5G07571	0	0	4	2	0	3
AT5G07572	0	0	1	0	1	1
AT5G07575	0	0	0	0	0	0
AT5G07580	495	731	485	716	687	632
AT5G07585	0	0	0	0	0	0
AT5G07590	122	103	105	126	106	125
AT5G07595	0	0	0	0	0	0
AT5G07600	0	0	1	0	0	0
AT5G07605	0	0	0	0	0	0
AT5G07610	94	112	87	131	172	149
AT5G07615	0	0	0	0	0	0
AT5G07620	54	52	59	81	56	65
AT5G07625	0	0	0	0	0	0
AT5G07630	331	411	347	397	416	391
AT5G07635	0	0	0	0	0	0
AT5G07640	6	11	5	11	17	6
AT5G07650	10	17	12	14	8	19
AT5G07655	0	0	0	0	0	0
AT5G07660	45	48	38	73	43	69
AT5G07665	0	0	0	0	0	0
AT5G07670	149	165	136	183	194	198
AT5G07675	0	0	0	0	0	0
AT5G07680	67	86	68	82	79	98
AT5G07690	0	0	0	1	1	0
AT5G07695	0	0	0	0	0	0
AT5G07700	0	0	0	0	0	0
AT5G07705	0	0	1	0	0	0
AT5G07710	72	78	66	78	65	65
AT5G07715	0	0	0	0	0	0
AT5G07720	15	25	11	27	7	19
AT5G07725	3	0	1	5	6	3
AT5G07730	44	48	63	34	40	41
AT5G07735	0	0	0	1	1	0
AT5G07740	1525	1813	1816	1437	961	1285
AT5G07745	0	0	0	0	0	0
AT5G07760	19	24	17	3	13	5
AT5G07770	181	288	263	252	260	216
AT5G07775	0	0	0	0	0	0
AT5G07780	2	1	10	14	1	14
AT5G07785	0	0	0	0	0	0
AT5G07790	67	101	64	80	56	63
AT5G07795	0	0	0	0	0	0
AT5G07800	17	11	27	37	16	15
AT5G07805	0	1	0	0	0	0
AT5G07810	44	59	52	71	72	64
AT5G07815	0	0	0	0	0	0
AT5G07820	147	246	168	180	163	163
AT5G07825	0	0	0	0	0	0
AT5G07830	688	978	846	744	709	599
AT5G07835	0	0	0	0	0	0
AT5G07840	210	236	223	252	223	215
AT5G07845	0	0	0	1	0	0
AT5G07850	0	0	0	0	0	0
AT5G07855	0	0	0	0	0	0
AT5G07860	357	509	411	235	264	197
AT5G07865	0	0	0	0	0	0
AT5G07870	252	274	247	147	150	176
AT5G07875	1	0	0	0	0	0
AT5G07880	5	3	11	6	3	2
AT5G07885	0	0	0	0	0	0
AT5G07890	223	308	267	235	281	242
AT5G07895	0	0	1	4	0	1
AT5G07900	70	52	49	85	68	80
AT5G07905	0	0	0	0	0	0
AT5G07910	212	277	253	180	186	181
AT5G07915	0	0	0	0	0	0
AT5G07920	244	288	273	266	234	292
AT5G07925	0	0	0	0	0	0
AT5G07930	0	0	0	0	0	0
AT5G07935	0	0	0	0	0	0
AT5G07940	510	638	590	579	442	589
AT5G07945	0	0	0	0	0	0
AT5G07950	137	141	124	147	148	134
AT5G07955	2	0	1	3	5	2
AT5G07960	358	479	450	400	494	412
AT5G07965	0	0	0	0	0	0
AT5G07970	390	470	458	446	381	502
AT5G07975	0	0	0	0	0	0
AT5G07980	319	366	372	371	260	377
AT5G07985	0	0	0	0	0	0
AT5G07990	14	20	17	24	24	22
AT5G07995	0	1	0	3	0	1
AT5G08000	155	232	185	252	289	285
AT5G08005	1	0	0	1	0	0
AT5G08010	214	196	147	233	203	203
AT5G08015	0	0	0	0	0	0
AT5G08020	106	97	93	99	76	96
AT5G08025	0	0	0	0	0	0
AT5G08030	0	2	0	0	0	0
AT5G08035	0	0	0	0	0	0
AT5G08040	297	354	296	334	464	329
AT5G08045	0	0	0	0	0	0
AT5G08050	329	330	323	515	506	444
AT5G08055	0	0	0	0	0	0
AT5G08060	959	1069	1037	869	1049	839
AT5G08065	0	0	0	0	0	0
AT5G08070	15	23	23	21	20	24
AT5G08075	0	0	0	0	0	0
AT5G08080	527	616	556	517	499	477
AT5G08085	0	0	0	0	0	0
AT5G08090	0	0	0	1	0	0
AT5G08095	0	0	0	0	0	0
AT5G08100	528	706	551	679	731	693
AT5G08105	0	0	0	0	0	1
AT5G08110	131	129	136	164	121	139
AT5G08115	0	0	0	0	0	0
AT5G08120	311	393	336	347	342	347
AT5G08125	0	0	0	0	0	0
AT5G08130	347	389	447	465	351	499
AT5G08135	4	1	5	6	9	3
AT5G08139	199	256	258	163	173	163
AT5G08141	0	2	1	2	0	2
AT5G08150	48	46	30	38	65	34
AT5G08160	518	593	594	550	436	498
AT5G08165	0	0	0	0	0	0
AT5G08170	240	373	322	200	188	170
AT5G08175	0	0	0	0	0	0
AT5G08180	537	629	612	567	566	650
AT5G08185	11	22	17	27	34	25
AT5G08190	185	218	206	180	191	162
AT5G08195	0	0	0	0	0	0
AT5G08200	217	291	234	219	187	219
AT5G08205	0	0	0	0	0	0
AT5G08210	8	6	6	9	13	17
AT5G08215	0	0	0	0	0	0
AT5G08225	0	0	0	0	0	0
AT5G08230	339	433	396	491	323	485
AT5G08235	5	5	4	3	4	3
AT5G08240	297	437	418	287	306	340
AT5G08250	10	9	6	9	10	14
AT5G08255	0	0	0	0	0	0
AT5G08260	598	770	797	989	726	969
AT5G08265	0	0	0	0	0	0
AT5G08270	35	38	41	51	48	54
AT5G08275	0	0	0	0	0	0
AT5G08280	2086	1992	2078	2232	2197	2297
AT5G08285	0	0	0	0	0	0
AT5G08290	1203	1444	1296	1253	1515	1174
AT5G08300	1418	1669	1724	1032	1016	971
AT5G08305	19	22	16	26	24	27
AT5G08310	48	35	44	43	39	51
AT5G08315	0	0	0	0	0	0
AT5G08320	59	99	59	69	81	64
AT5G08330	236	240	194	352	361	287
AT5G08335	99	123	128	85	86	94
AT5G08340	102	127	102	127	127	133
AT5G08350	0	0	0	0	0	0
AT5G08360	45	62	52	43	49	48
AT5G08370	202	234	211	294	292	320
AT5G08375	0	0	0	0	0	0
AT5G08380	329	446	398	310	278	286
AT5G08385	0	0	0	0	0	0
AT5G08390	319	354	322	319	221	294
AT5G08391	1	5	4	0	1	3
AT5G08395	0	0	0	0	0	0
AT5G08400	167	110	104	195	179	158
AT5G08410	369	486	349	515	657	486
AT5G08415	660	723	649	822	730	814
AT5G08420	670	773	716	870	820	764
AT5G08425	0	0	0	0	0	0
AT5G08430	212	251	206	282	281	250
AT5G08435	0	0	0	0	0	0
AT5G08440	280	350	303	318	267	316
AT5G08445	0	0	0	0	0	0
AT5G08450	1189	1271	1254	1253	831	1137
AT5G08455	0	0	0	0	0	0
AT5G08460	0	0	0	2	0	0
AT5G08465	0	0	0	0	0	0
AT5G08470	579	635	565	633	456	576
AT5G08475	0	0	0	0	0	0
AT5G08480	0	0	0	0	0	0
AT5G08485	0	0	0	0	0	0
AT5G08490	21	25	29	26	17	30
AT5G08495	2	2	0	11	8	6
AT5G08500	543	551	541	584	534	505
AT5G08505	0	0	0	0	0	0
AT5G08510	78	121	86	108	107	123
AT5G08515	1	3	1	1	7	2
AT5G08520	853	1085	919	918	736	828
AT5G08525	0	0	0	0	1	0
AT5G08530	2539	2940	2808	2734	2216	2583
AT5G08535	139	185	173	150	180	131
AT5G08540	578	619	604	718	667	657
AT5G08550	366	362	409	373	260	331
AT5G08560	822	1191	1122	843	812	808
AT5G08565	50	51	51	37	44	28
AT5G08570	864	943	1029	974	904	930
AT5G08575	0	0	0	0	0	0
AT5G08580	150	187	159	227	141	228
AT5G08585	0	0	0	0	0	0
AT5G08590	1059	1361	1090	1300	1121	1172
AT5G08595	0	0	0	0	0	0
AT5G08600	54	46	58	69	66	84
AT5G08605	0	0	0	0	0	0
AT5G08610	906	687	827	1162	1049	1432
AT5G08615	0	0	0	0	0	0
AT5G08620	388	421	402	421	419	476
AT5G08630	346	431	403	409	322	415
AT5G08635	0	0	0	0	0	0
AT5G08640	15	18	26	16	9	11
AT5G08645	0	0	0	0	0	0
AT5G08650	1016	1034	1084	1312	1163	1148
AT5G08655	0	0	0	0	0	0
AT5G08660	450	525	567	460	398	433
AT5G08665	1	0	0	0	0	0
AT5G08670	4042	4518	4676	4570	3606	4116
AT5G08675	0	0	0	0	0	0
AT5G08680	2861	2745	3120	2645	2352	2353
AT5G08685	0	0	0	0	0	0
AT5G08690	3495	3774	3807	3669	3383	3828
AT5G08695	0	0	0	0	0	0
AT5G08705	0	0	0	0	0	0
AT5G08710	183	239	202	232	214	207
AT5G08712	0	0	0	0	0	0
AT5G08715	0	0	0	1	0	0
AT5G08717	0	0	0	0	0	0
AT5G08720	121	134	147	192	139	165
AT5G08725	5	12	3	6	4	3
AT5G08730	0	0	0	1	0	2
AT5G08735	0	0	0	0	0	0
AT5G08740	385	446	381	452	411	409
AT5G08745	0	0	0	0	0	0
AT5G08750	151	207	167	197	158	180
AT5G08755	0	0	0	0	0	0
AT5G08760	117	135	95	53	86	74
AT5G08765	0	0	0	0	0	0
AT5G08770	96	112	118	104	113	94
AT5G08775	0	0	0	0	0	0
AT5G08780	73	90	70	100	102	134
AT5G08785	0	0	0	0	0	0
AT5G08790	3836	5145	5112	1299	1302	1175
AT5G08800	0	0	0	0	0	0
AT5G08805	1	0	3	4	0	3
AT5G08810	0	1	0	0	1	0
AT5G08815	0	1	0	0	0	0
AT5G08820	0	0	0	0	0	0
AT5G08825	0	0	0	0	0	0
AT5G08830	0	0	0	0	0	0
AT5G08835	0	0	0	0	0	0
AT5G08840	1	1	0	0	1	0
AT5G08845	0	0	0	0	0	0
AT5G08850	0	0	0	0	0	0
AT5G08855	0	2	2	1	0	1
AT5G08860	0	0	0	0	0	0
AT5G08865	0	0	0	0	0	0
AT5G08870	0	0	0	0	0	0
AT5G08875	1	0	0	4	0	1
AT5G08880	0	0	0	0	0	0
AT5G08885	0	0	0	0	0	0
AT5G08890	0	0	0	0	0	0
AT5G08895	0	0	0	0	0	0
AT5G08900	0	0	0	0	0	0
AT5G08905	0	0	0	0	0	0
AT5G08910	0	0	0	0	0	0
AT5G08915	0	0	0	0	0	0
AT5G08920	0	0	0	0	0	0
AT5G08925	0	0	0	0	0	0
AT5G08930	0	0	0	0	0	0
AT5G08935	0	0	0	0	0	0
AT5G08940	0	0	0	0	0	0
AT5G08945	0	0	0	1	0	0
AT5G08950	0	0	0	0	0	0
AT5G08955	0	0	0	0	0	0
AT5G08960	0	0	0	0	0	0
AT5G08965	0	0	0	0	0	0
AT5G08970	0	0	0	0	0	0
AT5G08975	0	0	0	0	0	0
AT5G08980	0	0	0	0	0	0
AT5G08985	0	0	0	0	0	1
AT5G08990	1	1	2	5	1	1
AT5G08995	0	0	0	0	0	0
AT5G09000	0	0	0	0	0	0
AT5G09005	0	0	0	0	0	0
AT5G09010	0	0	0	0	0	0
AT5G09015	0	0	0	0	0	0
AT5G09020	0	0	0	0	0	0
AT5G09025	0	0	0	0	0	0
AT5G09030	0	0	0	0	0	0
AT5G09035	0	0	0	0	0	0
AT5G09040	0	0	0	0	0	0
AT5G09045	0	0	0	0	0	0
AT5G09050	0	0	0	0	0	0
AT5G09055	0	0	0	0	0	0
AT5G09060	0	0	0	2	0	0
AT5G09065	0	2	3	0	0	0
AT5G09070	0	0	0	0	0	0
AT5G09080	0	0	0	0	0	0
AT5G09085	0	0	0	0	0	0
AT5G09090	0	0	0	0	0	0
AT5G09095	0	0	0	0	0	0
AT5G09100	0	0	0	0	0	0
AT5G09105	0	0	0	0	0	0
AT5G09110	0	0	0	0	0	0
AT5G09120	0	0	0	0	0	0
AT5G09125	3	3	4	6	1	7
AT5G09130	0	0	0	0	0	0
AT5G09135	1	0	0	1	0	0
AT5G09140	0	0	0	0	0	0
AT5G09145	0	0	0	0	0	0
AT5G09150	0	0	0	0	0	0
AT5G09155	0	0	0	0	0	0
AT5G09160	0	0	1	0	1	0
AT5G09165	0	0	0	0	0	0
AT5G09170	0	0	0	0	0	0
AT5G09175	0	1	2	3	1	2
AT5G09185	0	0	0	0	0	0
AT5G09190	2	2	2	5	2	5
AT5G09195	6	4	1	4	0	1
AT5G09200	0	0	0	0	0	0
AT5G09205	0	0	0	0	0	0
AT5G09210	0	0	0	3	0	1
AT5G09215	0	0	0	0	0	0
AT5G09220	203	336	346	1030	936	1011
AT5G09225	122	199	151	200	232	147
AT5G09230	142	179	154	145	137	167
AT5G09235	0	0	0	0	0	2
AT5G09240	58	81	46	100	92	62
AT5G09245	0	0	0	0	0	0
AT5G09250	123	177	149	139	166	131
AT5G09255	2	3	5	0	1	0
AT5G09260	164	223	167	164	194	181
AT5G09265	0	0	0	0	0	0
AT5G09270	103	96	88	95	103	105
AT5G09275	0	0	0	0	0	0
AT5G09280	0	0	0	0	0	1
AT5G09285	0	0	0	0	0	0
AT5G09290	10	21	30	14	27	18
AT5G09295	29	24	11	19	20	20
AT5G09300	75	109	98	71	76	77
AT5G09305	0	0	0	0	0	0
AT5G09310	158	191	178	178	137	164
AT5G09315	108	140	99	149	159	153
AT5G09320	0	1	0	0	1	0
AT5G09325	2	0	0	0	0	0
AT5G09330	1365	1642	1601	1387	1185	1287
AT5G09335	0	0	1	2	1	0
AT5G09340	0	0	0	0	0	0
AT5G09345	0	0	0	0	0	0
AT5G09350	198	233	206	221	159	201
AT5G09360	0	0	0	1	0	0
AT5G09365	0	0	0	1	0	1
AT5G09370	0	3	1	0	2	0
AT5G09375	0	0	0	0	0	0
AT5G09380	105	129	90	137	151	122
AT5G09385	4	1	9	6	3	2
AT5G09390	313	335	345	355	313	315
AT5G09395	0	0	0	0	0	0
AT5G09400	647	783	721	661	602	631
AT5G09405	0	0	0	0	0	0
AT5G09410	946	1153	1180	908	775	942
AT5G09415	0	0	0	0	0	0
AT5G09420	204	202	204	200	154	165
AT5G09425	0	0	0	0	0	0
AT5G09430	4	2	3	2	2	3
AT5G09435	0	0	0	0	0	0
AT5G09440	1109	1316	1050	750	667	623
AT5G09443	0	6	3	3	8	7
AT5G09445	0	0	0	0	0	0
AT5G09450	157	187	182	188	194	180
AT5G09455	0	0	0	0	0	0
AT5G09460	754	891	810	949	876	947
AT5G09465	0	0	1	0	0	0
AT5G09470	2	4	2	0	5	0
AT5G09475	0	0	0	0	0	0
AT5G09480	68	106	113	206	225	149
AT5G09490	0	0	0	0	0	0
AT5G09495	0	0	0	0	0	0
AT5G09500	0	0	0	0	0	0
AT5G09505	0	2	0	1	1	0
AT5G09510	1062	1254	1229	1080	1254	1186
AT5G09515	0	0	0	0	0	0
AT5G09520	39	20	35	48	32	32
AT5G09530	321	332	426	586	359	391
AT5G09535	1	3	0	1	0	1
AT5G09540	7	22	13	10	13	24
AT5G09545	0	0	0	0	0	0
AT5G09550	0	0	0	0	0	0
AT5G09555	0	0	0	0	0	0
AT5G09560	0	0	0	0	0	0
AT5G09565	0	0	0	0	0	0
AT5G09570	4	4	5	5	17	1
AT5G09580	41	42	39	51	60	57
AT5G09585	0	1	1	1	3	1
AT5G09590	407	390	472	375	310	389
AT5G09595	0	0	0	0	0	0
AT5G09600	45	71	58	23	13	19
AT5G09605	0	0	0	0	0	0
AT5G09610	0	0	0	0	0	0
AT5G09615	0	0	0	0	0	0
AT5G09620	1254	1481	1396	1058	953	1040
AT5G09630	46	58	63	55	45	39
AT5G09635	0	0	0	0	0	0
AT5G09640	0	0	0	0	0	0
AT5G09645	0	0	0	0	0	0
AT5G09650	1373	1780	1547	1034	1043	1088
AT5G09655	0	0	0	0	0	0
AT5G09660	2298	2546	2371	3639	4032	3151
AT5G09665	0	0	0	0	0	0
AT5G09670	799	968	821	748	926	675
AT5G09675	2	0	0	2	0	2
AT5G09680	365	535	462	230	233	198
AT5G09685	0	0	0	0	0	0
AT5G09690	90	131	112	99	102	107
AT5G09695	0	0	0	0	0	0
AT5G09700	2	1	4	6	2	0
AT5G09705	0	0	0	0	0	0
AT5G09711	12	6	9	8	9	6
AT5G09715	0	0	0	0	0	0
AT5G09720	5	4	5	4	4	8
AT5G09730	17	24	10	9	15	9
AT5G09735	0	0	0	0	2	0
AT5G09740	210	203	197	219	200	180
AT5G09750	1	1	3	1	0	1
AT5G09755	0	0	0	0	0	0
AT5G09760	82	119	117	120	88	113
AT5G09765	0	0	0	0	0	0
AT5G09770	249	302	272	316	406	316
AT5G09775	0	0	0	0	0	0
AT5G09780	0	0	0	0	0	0
AT5G09785	14	17	23	14	17	19
AT5G09790	101	122	136	66	67	84
AT5G09800	151	198	258	28	30	41
AT5G09805	2	8	6	7	3	10
AT5G09810	3520	4043	3965	3753	3284	3622
AT5G09815	0	0	0	0	0	0
AT5G09820	90	125	104	198	208	181
AT5G09825	0	0	1	0	0	0
AT5G09830	291	427	321	305	389	325
AT5G09835	0	0	0	0	0	0
AT5G09840	45	43	56	101	95	110
AT5G09845	0	0	0	0	0	0
AT5G09850	885	1068	978	1051	907	1007
AT5G09855	0	0	0	0	0	0
AT5G09860	318	386	333	375	421	391
AT5G09865	0	0	0	0	0	0
AT5G09870	750	859	802	893	638	930
AT5G09875	0	0	0	0	0	0
AT5G09876	6	9	3	2	0	0
AT5G09880	1559	1903	1719	1660	1744	1711
AT5G09885	0	0	0	0	0	0
AT5G09890	856	1022	898	694	621	718
AT5G09895	0	0	0	0	0	0
AT5G09900	1238	1620	1479	1333	1404	1331
AT5G09910	0	0	0	2	0	0
AT5G09915	0	0	0	0	1	2
AT5G09920	496	612	461	432	596	439
AT5G09925	0	0	0	0	0	0
AT5G09930	0	0	0	0	0	1
AT5G09940	1	0	0	0	0	0
AT5G09945	0	0	0	0	0	0
AT5G09950	38	36	41	50	42	54
AT5G09955	0	0	0	0	0	0
AT5G09960	164	254	166	209	230	229
AT5G09965	0	0	0	0	0	0
AT5G09970	48	52	62	62	29	43
AT5G09975	0	0	0	0	0	0
AT5G09976	0	1	1	0	1	0
AT5G09978	9	6	15	13	12	18
AT5G09980	6	2	3	3	7	6
AT5G09990	7	10	4	14	3	8
AT5G09995	56	49	66	70	78	88
AT5G10000	0	0	0	0	0	0
AT5G10010	789	849	827	698	591	737
AT5G10020	289	292	285	396	298	388
AT5G10030	476	588	485	492	513	500
AT5G10040	9	23	29	0	1	0
AT5G10050	220	278	234	223	246	253
AT5G10060	600	665	627	818	687	773
AT5G10070	308	409	378	345	389	357
AT5G10080	31	33	26	70	39	59
AT5G10090	1	1	0	1	3	1
AT5G10100	34	66	51	42	38	43
AT5G10110	112	161	116	170	145	151
AT5G10120	0	0	1	0	1	1
AT5G10130	6	2	15	12	14	18
AT5G10140	4	7	2	3	10	8
AT5G10150	157	172	135	160	203	139
AT5G10160	521	623	545	529	508	473
AT5G10170	54	61	73	99	87	81
AT5G10180	165	190	187	244	210	278
AT5G10190	393	456	412	322	317	293
AT5G10200	219	245	244	236	202	212
AT5G10210	12	31	5	39	28	54
AT5G10220	0	0	0	0	0	0
AT5G10230	2	1	4	7	8	7
AT5G10235	0	0	0	0	0	0
AT5G10240	205	199	217	217	219	269
AT5G10250	2	0	1	9	8	1
AT5G10260	9	15	13	12	10	9
AT5G10270	262	293	263	263	215	214
AT5G10278	8	1	6	6	7	11
AT5G10280	24	29	28	65	70	74
AT5G10290	803	902	740	772	813	716
AT5G10300	70	94	118	87	73	63
AT5G10310	24	28	24	39	42	26
AT5G10320	54	51	62	90	82	82
AT5G10330	44	81	50	51	49	53
AT5G10336	3	3	2	5	5	1
AT5G10340	1	0	2	0	0	1
AT5G10350	614	801	661	715	800	670
AT5G10360	3635	4097	3983	3347	3568	3786
AT5G10370	167	194	163	254	156	175
AT5G10380	84	128	122	69	131	64
AT5G10390	157	163	141	157	195	184
AT5G10400	357	458	384	332	417	381
AT5G10410	53	70	54	56	46	45
AT5G10420	0	0	0	0	0	0
AT5G10430	34	39	34	73	120	81
AT5G10435	0	0	0	0	0	0
AT5G10440	15	10	7	13	5	17
AT5G10450	8159	10454	8842	8288	10543	7194
AT5G10455	0	0	0	0	0	0
AT5G10460	336	392	348	357	385	333
AT5G10470	473	594	528	647	492	650
AT5G10480	774	817	862	911	815	864
AT5G10490	594	660	619	565	538	529
AT5G10500	0	0	0	0	0	0
AT5G10510	53	46	61	59	41	51
AT5G10520	133	247	258	67	95	61
AT5G10525	0	0	0	0	0	0
AT5G10530	0	0	0	0	0	0
AT5G10540	1283	1364	1333	1383	1160	1317
AT5G10550	527	630	570	698	568	718
AT5G10560	540	650	524	659	610	761
AT5G10570	6	12	8	10	16	12
AT5G10572	0	1	0	1	0	0
AT5G10580	93	69	68	144	143	145
AT5G10590	0	0	0	0	0	0
AT5G10600	0	0	0	0	0	0
AT5G10605	2	0	4	3	1	5
AT5G10610	141	165	172	149	148	143
AT5G10620	36	36	38	53	52	36
AT5G10625	165	268	244	105	90	147
AT5G10630	352	382	340	385	300	345
AT5G10650	205	237	254	226	171	195
AT5G10660	4	2	2	4	7	2
AT5G10680	1	2	1	0	2	1
AT5G10690	325	340	309	362	444	429
AT5G10695	0	0	0	0	0	0
AT5G10700	74	84	66	100	112	101
AT5G10710	176	283	196	247	215	220
AT5G10720	13	8	22	15	13	30
AT5G10730	143	173	155	173	203	163
AT5G10740	308	453	379	274	300	296
AT5G10745	332	396	333	413	493	414
AT5G10750	147	185	187	127	171	133
AT5G10760	27	33	30	3	29	5
AT5G10770	116	220	150	264	217	303
AT5G10780	880	977	939	813	896	810
AT5G10790	150	177	209	212	162	170
AT5G10800	66	70	56	117	100	121
AT5G10810	172	210	176	226	273	222
AT5G10820	245	296	280	216	205	199
AT5G10830	187	229	249	83	109	80
AT5G10840	1003	965	1137	904	554	788
AT5G10860	3470	4885	3896	4335	4092	3593
AT5G10870	91	102	96	109	105	115
AT5G10880	0	1	1	1	0	1
AT5G10890	4	9	8	13	9	7
AT5G10900	174	204	177	159	132	145
AT5G10910	242	229	221	267	284	253
AT5G10920	340	335	332	391	358	399
AT5G10930	30	33	39	37	34	42
AT5G10940	695	757	718	728	600	661
AT5G10945	4	4	3	9	7	9
AT5G10946	45	52	28	52	59	49
AT5G10950	310	363	357	314	313	358
AT5G10960	2251	2757	2449	2136	2219	2171
AT5G10965	12	15	17	19	26	22
AT5G10970	0	0	0	0	0	0
AT5G10980	1937	2531	2349	1842	2220	1811
AT5G10990	2	1	0	3	4	1
AT5G11000	465	490	481	356	371	344
AT5G11010	160	201	199	193	213	188
AT5G11020	48	57	56	58	67	61
AT5G11030	245	303	257	240	262	244
AT5G11040	695	810	772	908	622	798
AT5G11050	0	0	1	0	1	0
AT5G11060	614	705	421	530	442	503
AT5G11070	587	666	500	527	628	465
AT5G11080	0	0	0	0	0	0
AT5G11090	717	756	581	1165	1043	957
AT5G11100	24	16	28	35	41	51
AT5G11110	152	172	209	180	126	141
AT5G11130	0	0	0	0	0	0
AT5G11140	24	34	36	8	4	4
AT5G11150	379	490	359	514	504	480
AT5G11160	39	44	23	59	60	72
AT5G11170	2111	2635	2515	2215	2154	2359
AT5G11180	3	1	1	3	4	3
AT5G11190	0	4	3	4	8	7
AT5G11200	1114	1283	1198	1336	1217	1301
AT5G11210	162	197	264	96	71	114
AT5G11220	0	1	0	0	0	1
AT5G11225	0	0	0	0	0	0
AT5G11230	46	46	50	44	40	48
AT5G11240	279	300	324	409	328	417
AT5G11250	324	398	292	278	228	292
AT5G11260	169	248	190	185	270	180
AT5G11270	390	402	409	456	475	442
AT5G11280	414	442	363	403	419	399
AT5G11290	6	20	9	11	4	17
AT5G11300	13	30	23	32	22	29
AT5G11310	68	61	64	95	98	84
AT5G11320	2	13	9	20	7	19
AT5G11325	0	0	0	0	0	0
AT5G11330	489	628	516	652	678	586
AT5G11340	247	248	251	258	282	260
AT5G11350	283	345	331	339	316	340
AT5G11360	2	3	1	0	1	0
AT5G11370	0	0	0	0	0	0
AT5G11380	229	275	225	235	202	221
AT5G11390	225	309	276	222	185	202
AT5G11400	0	0	0	0	0	0
AT5G11410	4	12	7	20	12	16
AT5G11412	1	0	0	1	0	0
AT5G11416	4	1	4	1	1	3
AT5G11420	485	464	406	1186	1128	1032
AT5G11425	0	0	0	0	0	0
AT5G11430	232	276	248	307	264	269
AT5G11440	2	0	5	6	5	1
AT5G11450	796	776	835	819	972	913
AT5G11460	49	57	59	78	62	64
AT5G11470	81	54	51	77	83	101
AT5G11475	0	0	0	0	0	0
AT5G11480	540	526	566	661	647	636
AT5G11490	789	899	869	873	713	869
AT5G11500	2088	2767	2330	2204	2233	2031
AT5G11510	44	43	64	64	61	69
AT5G11520	3814	4816	5221	1700	1924	1560
AT5G11530	389	412	414	334	263	366
AT5G11540	3	2	3	8	2	4
AT5G11550	191	223	200	306	310	328
AT5G11560	1473	1647	1793	1713	1427	1674
AT5G11565	0	0	0	0	0	0
AT5G11570	0	0	0	2	2	0
AT5G11580	1101	1289	1251	1199	1379	1215
AT5G11590	14	13	13	11	22	17
AT5G11600	213	307	244	240	268	209
AT5G11610	84	128	72	125	135	101
AT5G11620	4	2	10	3	3	7
AT5G11630	96	105	106	127	136	122
AT5G11640	199	239	223	217	223	202
AT5G11650	472	617	632	348	381	334
AT5G11660	0	0	0	0	0	0
AT5G11670	6887	8621	9125	5483	4360	5361
AT5G11680	523	685	596	518	392	424
AT5G11690	47	41	40	83	77	77
AT5G11700	2523	2943	2845	2111	1662	1880
AT5G11710	1101	1187	1294	1121	973	1022
AT5G11720	773	885	763	844	830	831
AT5G11730	188	188	231	210	187	200
AT5G11740	1759	1885	1752	1705	1916	1970
AT5G11750	96	81	91	96	109	115
AT5G11760	273	423	355	341	362	345
AT5G11770	1639	2002	1895	1700	1833	1572
AT5G11780	13	8	21	19	19	21
AT5G11790	239	233	213	315	328	348
AT5G11800	431	495	426	379	366	414
AT5G11810	359	389	345	324	322	307
AT5G11820	2	0	0	0	0	0
AT5G11830	0	0	0	0	0	0
AT5G11840	509	645	532	434	520	383
AT5G11850	580	697	728	536	486	480
AT5G11860	377	523	418	275	302	278
AT5G11870	13	11	15	4	13	7
AT5G11880	925	932	950	959	880	1002
AT5G11890	248	298	274	286	311	260
AT5G11900	373	424	444	392	394	374
AT5G11910	214	302	259	266	267	265
AT5G11920	45	66	69	44	31	62
AT5G11930	2	0	1	1	3	3
AT5G11940	0	0	0	2	3	0
AT5G11950	594	940	710	417	559	317
AT5G11960	603	745	655	538	584	475
AT5G11970	114	129	132	57	74	62
AT5G11975	0	0	0	0	0	0
AT5G11977	1	1	0	0	0	1
AT5G11980	509	540	506	455	391	484
AT5G11990	4	8	2	7	1	7
AT5G12000	0	0	0	0	0	0
AT5G12010	302	441	439	295	268	255
AT5G12020	13	10	21	0	6	3
AT5G12030	38	49	40	7	16	8
AT5G12040	507	615	606	530	516	511
AT5G12043	0	1	0	0	1	1
AT5G12050	70	92	94	109	85	101
AT5G12060	0	0	0	0	0	0
AT5G12070	0	0	0	0	0	0
AT5G12080	105	119	106	165	123	168
AT5G12090	0	0	0	0	0	0
AT5G12100	123	113	104	149	142	159
AT5G12110	20	15	20	26	21	29
AT5G12120	572	596	723	631	444	549
AT5G12130	284	353	295	338	292	352
AT5G12140	798	1114	979	843	918	772
AT5G12150	1130	1259	1154	1611	1256	1419
AT5G12170	1692	2223	2132	1230	1050	1143
AT5G12180	3	3	2	8	4	0
AT5G12190	253	289	288	244	301	231
AT5G12200	681	964	799	754	642	709
AT5G12210	721	924	874	912	846	695
AT5G12220	192	195	185	236	218	224
AT5G12230	476	566	530	465	447	453
AT5G12235	0	3	1	2	0	0
AT5G12236	0	0	0	0	0	0
AT5G12240	289	344	282	322	395	302
AT5G12250	1942	2054	1792	2721	2203	2492
AT5G12260	129	147	140	186	159	170
AT5G12270	10	13	1	20	16	13
AT5G12280	10	20	12	29	28	23
AT5G12290	423	457	370	399	341	370
AT5G12300	20	20	18	17	5	6
AT5G12310	294	331	321	307	332	315
AT5G12320	94	128	86	137	136	118
AT5G12330	69	60	86	74	76	109
AT5G12340	116	163	141	28	30	31
AT5G12350	564	670	638	621	464	565
AT5G12360	24	22	24	33	20	19
AT5G12370	1666	2132	1888	1772	1650	1673
AT5G12380	0	1	0	1	0	0
AT5G12390	270	382	330	282	301	231
AT5G12400	692	807	752	611	476	580
AT5G12410	332	423	355	427	422	408
AT5G12420	580	643	739	378	246	279
AT5G12430	790	892	857	876	544	776
AT5G12440	402	497	408	600	520	566
AT5G12450	0	0	2	0	0	0
AT5G12460	0	0	1	0	0	0
AT5G12470	775	881	836	642	682	656
AT5G12480	1287	1580	1718	772	701	733
AT5G12840	192	250	199	218	242	224
AT5G12850	531	511	560	502	385	508
AT5G12860	4500	4467	4451	3935	3528	3627
AT5G12870	3	3	1	5	3	5
AT5G12880	94	170	138	34	54	59
AT5G12890	276	348	356	181	212	195
AT5G12900	60	74	79	116	148	142
AT5G12910	0	0	0	0	0	0
AT5G12920	55	72	39	59	60	60
AT5G12930	267	339	378	92	79	77
AT5G12940	89	93	88	152	146	139
AT5G12950	319	394	344	650	482	581
AT5G12960	3	2	1	0	2	3
AT5G12970	17	14	29	44	51	53
AT5G12980	187	193	161	174	182	164
AT5G12990	0	0	0	0	0	0
AT5G13000	1121	1334	1162	1587	1038	1580
AT5G13010	1327	1530	1426	1524	1127	1303
AT5G13020	908	1073	975	905	926	907
AT5G13030	1494	1673	1668	1315	1095	1202
AT5G13050	215	287	261	284	275	283
AT5G13060	74	73	79	80	53	64
AT5G13070	269	310	319	258	277	255
AT5G13080	323	555	644	73	50	58
AT5G13090	200	219	202	180	224	185
AT5G13100	391	457	400	385	353	439
AT5G13110	900	1054	1075	834	629	694
AT5G13120	808	796	755	815	849	832
AT5G13130	0	0	0	0	0	0
AT5G13140	315	353	394	444	516	476
AT5G13150	5	5	4	8	1	6
AT5G13160	472	604	579	421	417	379
AT5G13170	11	3	1	5	9	2
AT5G13180	754	913	1086	1118	939	1009
AT5G13181	0	0	0	1	0	0
AT5G13190	449	648	776	221	246	185
AT5G13200	125	164	152	73	89	102
AT5G13210	69	106	86	138	141	128
AT5G13220	84	95	114	21	8	14
AT5G13225	0	0	0	0	0	0
AT5G13230	14	11	11	24	17	18
AT5G13240	345	465	440	446	503	414
AT5G13250	5	4	7	5	3	1
AT5G13260	494	511	455	549	498	533
AT5G13270	88	89	109	114	89	112
AT5G13280	914	1067	1145	549	509	560
AT5G13290	39	25	26	33	28	42
AT5G13295	0	0	0	0	0	0
AT5G13300	688	825	677	930	681	816
AT5G13310	140	147	153	148	157	134
AT5G13320	112	305	516	41	44	45
AT5G13330	745	937	1042	475	401	427
AT5G13340	136	200	177	163	155	146
AT5G13350	0	0	0	0	0	0
AT5G13360	174	189	167	178	155	181
AT5G13370	1485	1806	1889	687	797	567
AT5G13380	0	0	0	0	0	0
AT5G13390	754	874	774	867	646	855
AT5G13400	179	209	160	217	198	200
AT5G13410	333	393	357	370	442	344
AT5G13420	2173	2757	3013	1264	1077	1354
AT5G13430	830	1039	962	935	974	970
AT5G13440	1262	1464	1454	1196	1196	1191
AT5G13450	1648	2043	1857	1734	1866	1766
AT5G13460	182	238	185	231	178	202
AT5G13470	120	190	144	183	186	149
AT5G13480	265	266	255	332	291	368
AT5G13490	950	1114	1418	208	228	238
AT5G13500	449	508	547	394	380	405
AT5G13510	281	270	300	366	494	417
AT5G13520	128	153	156	198	160	209
AT5G13530	1052	1175	1278	1186	815	1057
AT5G13550	484	734	681	359	414	337
AT5G13560	895	988	985	891	873	872
AT5G13565	0	0	0	0	0	0
AT5G13570	407	533	411	432	524	454
AT5G13580	80	69	118	109	79	65
AT5G13590	958	1123	1096	1047	829	880
AT5G13600	1	1	0	1	2	0
AT5G13610	120	149	128	131	129	113
AT5G13620	0	0	0	0	0	0
AT5G13630	2250	2013	2272	3339	2770	2821
AT5G13640	665	812	694	665	565	659
AT5G13650	3022	3181	2876	3963	3693	3874
AT5G13660	93	123	91	135	126	112
AT5G13670	2	0	0	0	0	0
AT5G13680	524	524	572	610	480	563
AT5G13690	300	321	319	402	343	404
AT5G13700	16	18	28	14	6	11
AT5G13710	2724	3354	2664	2670	3078	2287
AT5G13720	297	368	307	350	342	327
AT5G13730	224	349	224	361	496	300
AT5G13740	527	1085	805	431	737	391
AT5G13750	2263	3086	3478	729	864	639
AT5G13760	361	465	400	296	333	305
AT5G13770	129	167	147	199	207	171
AT5G13780	955	1105	1043	920	1105	979
AT5G13790	65	61	76	61	57	42
AT5G13800	1174	1565	1346	1000	995	928
AT5G13810	421	575	566	351	410	350
AT5G13820	228	350	309	130	135	140
AT5G13825	0	0	0	0	0	0
AT5G13830	23	15	20	22	35	32
AT5G13840	69	99	94	108	110	109
AT5G13845	0	0	0	0	0	0
AT5G13850	1277	1449	1455	1281	1346	1256
AT5G13860	131	148	120	82	103	77
AT5G13870	54	64	62	91	93	124
AT5G13880	2	9	5	3	6	6
AT5G13887	1	1	1	1	0	0
AT5G13890	180	209	174	184	186	204
AT5G13900	23	34	32	21	26	18
AT5G13910	6	3	10	9	11	16
AT5G13920	23	19	18	23	29	28
AT5G13930	46	48	76	38	49	43
AT5G13940	0	0	0	0	0	0
AT5G13950	881	1020	999	1071	981	991
AT5G13960	211	192	182	173	171	208
AT5G13970	175	167	233	201	177	182
AT5G13980	1357	1427	1426	1688	1423	1701
AT5G13990	11	9	22	12	23	25
AT5G14000	105	174	150	125	87	93
AT5G14010	0	0	0	0	0	0
AT5G14020	3	3	7	21	18	15
AT5G14030	1186	1371	1276	1117	1256	1190
AT5G14035	0	0	0	0	0	0
AT5G14040	4117	4494	4482	3489	3112	3577
AT5G14050	440	522	523	607	585	645
AT5G14060	477	496	446	619	540	674
AT5G14070	8	12	20	12	11	18
AT5G14080	135	173	166	185	180	172
AT5G14090	241	312	210	250	272	262
AT5G14100	99	140	102	144	159	152
AT5G14105	292	321	244	239	261	220
AT5G14110	17	7	14	9	10	14
AT5G14120	11564	12915	12305	8624	8773	8123
AT5G14130	38	30	45	54	49	45
AT5G14140	72	74	83	85	75	75
AT5G14150	0	2	2	6	2	9
AT5G14160	2	0	0	0	1	1
AT5G14170	819	970	861	858	739	792
AT5G14180	236	350	232	107	180	105
AT5G14200	151	193	214	121	238	238
AT5G14210	282	370	362	433	350	403
AT5G14220	617	738	611	681	585	623
AT5G14230	134	109	141	139	93	115
AT5G14240	539	736	597	560	619	511
AT5G14250	595	624	624	589	534	558
AT5G14260	1331	1433	1378	1748	1523	1576
AT5G14270	813	912	834	845	782	898
AT5G14275	0	0	0	0	0	0
AT5G14280	7	11	11	13	10	14
AT5G14285	69	92	75	80	94	86
AT5G14290	0	0	0	0	0	0
AT5G14300	0	0	0	0	0	0
AT5G14310	311	311	321	188	180	203
AT5G14320	2611	2817	2679	2984	3504	2883
AT5G14330	78	88	131	73	92	63
AT5G14340	3	1	1	4	11	4
AT5G14345	0	0	0	1	0	0
AT5G14350	23	20	38	50	58	34
AT5G14360	48	52	33	34	41	54
AT5G14370	539	653	660	700	635	714
AT5G14380	3	12	8	8	3	12
AT5G14390	389	590	407	620	525	523
AT5G14400	0	0	0	0	0	0
AT5G14410	225	307	217	220	252	210
AT5G14420	604	683	765	462	461	476
AT5G14430	1015	1131	1064	986	892	933
AT5G14440	578	739	732	595	624	638
AT5G14450	69	58	59	57	112	84
AT5G14460	531	528	470	647	572	587
AT5G14470	377	464	428	77	123	110
AT5G14480	130	163	178	133	93	98
AT5G14490	4	9	2	6	2	6
AT5G14495	0	0	0	0	0	0
AT5G14500	97	120	97	146	130	139
AT5G14510	3	2	1	1	1	5
AT5G14515	0	0	0	0	0	1
AT5G14520	814	784	865	877	992	1034
AT5G14530	185	233	197	262	270	229
AT5G14540	800	963	930	872	669	717
AT5G14545	0	0	0	0	0	0
AT5G14550	320	408	308	441	446	414
AT5G14560	0	0	0	0	0	0
AT5G14565	2	5	4	0	6	3
AT5G14570	482	569	567	337	453	385
AT5G14580	85	76	110	217	153	190
AT5G14590	778	879	887	901	790	845
AT5G14600	94	90	60	95	101	74
AT5G14602	1	0	0	0	0	0
AT5G14610	179	180	180	280	287	282
AT5G14620	205	273	211	228	254	218
AT5G14640	434	581	563	363	285	367
AT5G14650	22	47	18	30	34	54
AT5G14660	276	247	255	282	298	286
AT5G14670	2	1	0	0	0	0
AT5G14680	312	380	347	372	422	363
AT5G14690	43	33	34	42	59	52
AT5G14700	371	551	570	9	18	24
AT5G14710	100	176	137	132	119	109
AT5G14720	1616	1953	1742	1573	1217	1425
AT5G14730	686	1082	889	393	420	310
AT5G14740	2196	2647	2256	3942	3706	3877
AT5G14750	13	13	17	27	23	28
AT5G14760	142	152	226	88	74	91
AT5G14770	134	136	140	146	115	154
AT5G14780	16858	22611	21442	12834	11241	9852
AT5G14790	173	191	194	185	142	175
AT5G14800	894	1031	1165	1027	1093	1189
AT5G14820	1	0	3	2	2	0
AT5G14850	168	172	165	202	198	193
AT5G14860	0	0	1	3	0	3
AT5G14870	9	15	10	4	2	6
AT5G14880	236	228	235	329	216	325
AT5G14890	7	7	13	3	9	7
AT5G14895	5	11	9	1	3	6
AT5G14900	1	5	2	0	5	0
AT5G14910	1518	1660	1501	1686	1974	1659
AT5G14920	5018	6145	5010	6586	6559	6263
AT5G14930	366	424	398	306	309	277
AT5G14940	36	37	43	79	21	69
AT5G14950	703	752	746	693	524	644
AT5G14960	16	24	29	25	37	31
AT5G14970	531	666	627	605	679	572
AT5G14980	0	0	1	0	0	0
AT5G14990	2	0	0	0	0	0
AT5G14995	0	0	0	0	0	0
AT5G15000	0	0	0	0	0	0
AT5G15008	0	0	0	0	0	0
AT5G15010	43	34	33	44	43	56
AT5G15020	1238	1480	1409	1144	904	1077
AT5G15022	1	1	2	4	3	2
AT5G15025	43	45	40	45	43	42
AT5G15030	0	0	0	0	0	0
AT5G15040	0	0	0	0	0	0
AT5G15050	67	86	79	91	73	68
AT5G15060	0	0	0	0	0	0
AT5G15070	89	82	90	106	66	101
AT5G15080	278	316	300	288	308	261
AT5G15090	889	927	969	885	1062	909
AT5G15100	0	1	0	0	1	0
AT5G15110	0	0	0	0	0	0
AT5G15120	575	1040	998	219	436	181
AT5G15130	185	204	242	148	112	188
AT5G15140	3	3	0	2	1	8
AT5G15150	82	117	75	142	132	138
AT5G15160	13	24	20	37	29	42
AT5G15170	135	143	158	183	169	153
AT5G15175	0	0	0	0	0	0
AT5G15180	14	6	13	43	18	37
AT5G15190	19	21	15	31	22	21
AT5G15200	4853	5507	5256	4182	5077	4974
AT5G15210	127	173	170	229	209	235
AT5G15220	159	221	173	204	244	201
AT5G15230	1980	2592	2426	2929	2663	3081
AT5G15240	95	88	101	74	74	75
AT5G15250	1	2	2	3	3	1
AT5G15260	169	213	200	216	181	200
AT5G15265	14	11	13	11	8	12
AT5G15270	469	555	435	606	534	591
AT5G15280	148	170	165	154	183	145
AT5G15290	1	2	2	18	5	9
AT5G15300	30	25	17	33	26	18
AT5G15310	179	207	135	251	247	290
AT5G15320	509	646	549	512	638	525
AT5G15330	172	200	161	142	167	144
AT5G15340	14	15	13	20	12	32
AT5G15350	1017	908	999	789	985	901
AT5G15360	0	0	0	0	0	0
AT5G15380	0	2	0	0	0	0
AT5G15390	208	214	186	210	218	252
AT5G15400	927	991	966	924	701	819
AT5G15410	1776	2087	1616	1655	2170	1457
AT5G15420	0	0	0	0	0	0
AT5G15430	0	0	0	0	0	0
AT5G15440	158	195	158	228	235	212
AT5G15450	368	393	428	473	349	441
AT5G15460	137	176	163	211	217	185
AT5G15470	295	306	350	284	270	250
AT5G15480	0	0	0	0	0	0
AT5G15490	569	630	729	437	308	407
AT5G15500	0	0	0	1	0	4
AT5G15510	30	25	38	58	47	58
AT5G15520	88	133	123	163	151	167
AT5G15530	319	365	350	447	436	462
AT5G15533	0	0	0	0	0	0
AT5G15537	34	24	32	20	31	42
AT5G15540	566	694	721	643	438	589
AT5G15550	359	421	387	481	467	464
AT5G15560	0	0	0	0	0	0
AT5G15570	177	174	156	171	165	164
AT5G15580	289	334	321	514	414	518
AT5G15581	0	0	0	0	0	0
AT5G15600	8	2	7	8	7	9
AT5G15610	585	642	634	610	674	667
AT5G15620	0	0	1	0	1	0
AT5G15630	14	8	16	30	16	17
AT5G15640	457	530	620	303	280	287
AT5G15650	2278	2495	2617	1920	1742	2023
AT5G15660	0	1	0	1	0	0
AT5G15670	0	0	0	0	0	0
AT5G15680	734	847	945	936	535	775
AT5G15685	0	0	0	0	0	0
AT5G15690	0	0	0	0	0	0
AT5G15700	250	270	282	348	272	336
AT5G15710	107	124	107	137	105	100
AT5G15720	3	11	5	3	8	8
AT5G15725	0	0	1	1	0	1
AT5G15730	607	887	785	375	373	381
AT5G15740	212	228	183	307	260	278
AT5G15745	0	0	0	0	0	0
AT5G15750	232	268	260	241	288	269
AT5G15760	49	61	57	53	65	68
AT5G15770	0	0	0	0	0	0
AT5G15780	858	1041	829	1115	992	721
AT5G15790	114	108	110	114	99	113
AT5G15800	1	0	0	1	5	1
AT5G15802	140	149	107	118	140	148
AT5G15805	0	0	0	0	0	0
AT5G15810	496	569	607	627	525	594
AT5G15815	0	0	0	0	0	0
AT5G15820	78	69	75	58	61	66
AT5G15830	38	67	41	41	48	47
AT5G15833	0	0	0	0	0	0
AT5G15840	37	44	59	79	40	57
AT5G15843	0	0	0	0	0	0
AT5G15845	9	3	8	17	19	3
AT5G15850	0	0	0	0	0	0
AT5G15853	0	0	0	0	0	0
AT5G15860	259	347	319	217	225	205
AT5G15870	417	457	512	193	135	164
AT5G15880	239	308	233	223	223	272
AT5G15890	14	5	11	5	7	5
AT5G15900	1	0	0	7	1	2
AT5G15910	153	157	153	173	161	164
AT5G15920	213	204	186	229	151	229
AT5G15930	185	253	227	198	228	177
AT5G15940	6	11	16	2	2	1
AT5G15950	72	86	111	134	98	117
AT5G15960	11	8	9	36	21	17
AT5G15970	391	604	353	841	895	649
AT5G15980	214	181	238	263	227	273
AT5G16000	210	223	164	423	362	440
AT5G16010	227	262	258	305	290	251
AT5G16020	0	3	0	0	0	0
AT5G16023	0	0	0	0	0	0
AT5G16030	225	386	294	439	497	333
AT5G16040	161	175	188	256	225	284
AT5G16050	825	948	890	941	921	944
AT5G16060	240	285	216	209	291	253
AT5G16070	664	714	680	843	719	793
AT5G16080	20	36	35	35	23	24
AT5G16090	0	0	0	2	0	0
AT5G16100	0	0	0	0	0	0
AT5G16110	1845	2391	2135	1909	2087	1887
AT5G16120	809	968	897	724	752	704
AT5G16130	1780	1870	1883	1673	1967	2024
AT5G16140	128	179	127	152	144	137
AT5G16150	3054	3809	3292	3467	3183	3084
AT5G16160	12	22	14	14	26	19
AT5G16170	65	109	100	29	24	31
AT5G16180	407	431	412	371	333	395
AT5G16190	8	19	12	39	25	15
AT5G16200	25	21	17	21	13	26
AT5G16210	756	853	863	741	569	675
AT5G16220	603	632	623	633	410	633
AT5G16230	13	17	25	23	12	18
AT5G16235	2	0	2	3	1	1
AT5G16240	318	393	364	438	372	410
AT5G16250	101	109	120	203	188	212
AT5G16260	423	478	416	460	443	477
AT5G16270	839	862	916	888	669	834
AT5G16280	789	876	907	809	665	777
AT5G16285	0	0	0	0	0	0
AT5G16290	369	488	390	452	394	445
AT5G16300	1022	1021	1048	849	666	852
AT5G16310	88	118	96	105	120	123
AT5G16320	57	79	57	81	76	79
AT5G16330	1	6	2	4	2	1
AT5G16340	51	67	54	71	74	52
AT5G16350	15	16	28	25	19	35
AT5G16360	109	176	148	109	101	104
AT5G16370	4729	5458	5060	3222	3530	3174
AT5G16375	0	0	0	0	0	0
AT5G16380	118	158	112	128	153	157
AT5G16390	746	706	732	876	884	886
AT5G16400	382	480	381	403	504	387
AT5G16410	33	52	25	37	48	41
AT5G16420	93	103	71	69	71	93
AT5G16430	0	0	0	0	0	0
AT5G16440	633	699	706	552	613	567
AT5G16450	219	330	318	208	208	199
AT5G16453	2	0	2	0	0	5
AT5G16460	0	0	0	0	1	0
AT5G16470	1234	1696	1474	1367	1708	1413
AT5G16480	209	303	251	281	352	264
AT5G16486	0	0	1	1	0	1
AT5G16490	7	3	8	10	3	7
AT5G16500	0	0	0	0	0	0
AT5G16510	425	501	436	416	361	419
AT5G16520	167	189	153	166	167	148
AT5G16530	0	4	4	6	2	10
AT5G16540	154	197	127	256	328	240
AT5G16550	304	413	341	394	382	334
AT5G16560	280	294	240	302	268	250
AT5G16570	24	27	39	33	26	26
AT5G16580	0	0	0	0	0	0
AT5G16590	225	292	219	330	278	313
AT5G16600	23	29	34	65	37	67
AT5G16610	157	211	209	229	254	218
AT5G16620	981	973	975	1039	1025	1105
AT5G16630	266	388	293	305	272	316
AT5G16640	32	24	19	36	22	36
AT5G16650	433	617	478	356	416	393
AT5G16660	1334	1711	1418	1394	1432	1285
AT5G16680	768	925	890	729	506	751
AT5G16690	77	108	90	77	62	69
AT5G16700	0	0	0	0	0	0
AT5G16710	657	715	681	860	864	847
AT5G16715	830	775	769	1070	966	1089
AT5G16720	69	109	83	111	129	131
AT5G16730	1045	1100	993	1265	1152	1253
AT5G16740	0	0	0	0	0	0
AT5G16750	316	298	301	350	348	408
AT5G16760	366	453	439	392	410	421
AT5G16770	8	3	5	5	5	5
AT5G16780	966	1029	1045	949	822	868
AT5G16790	35	50	31	19	33	35
AT5G16800	338	365	356	282	309	290
AT5G16810	168	162	147	222	136	187
AT5G16820	156	170	183	183	153	176
AT5G16830	441	579	622	283	298	262
AT5G16840	584	703	619	574	550	554
AT5G16850	6	3	11	9	11	7
AT5G16860	49	37	72	57	45	59
AT5G16870	97	96	97	100	136	113
AT5G16880	1762	2392	2033	1699	1708	1450
AT5G16890	138	155	147	143	154	163
AT5G16900	11	7	12	11	8	7
AT5G16910	1363	1892	1956	708	535	625
AT5G16920	0	0	0	0	0	0
AT5G16930	146	137	136	186	161	169
AT5G16940	42	47	28	45	36	29
AT5G16950	72	111	80	73	102	92
AT5G16960	60	80	176	11	13	12
AT5G16970	6481	7484	8256	2524	3182	2279
AT5G16980	670	755	872	340	584	347
AT5G16990	209	240	204	294	222	274
AT5G17000	476	537	596	191	207	163
AT5G17010	257	319	255	309	284	290
AT5G17020	1615	1695	1711	1392	1008	1284
AT5G17030	0	0	0	0	0	2
AT5G17040	2	2	2	1	4	2
AT5G17050	100	131	146	104	94	93
AT5G17060	172	240	211	155	169	159
AT5G17070	161	177	171	162	173	145
AT5G17080	0	0	0	0	0	0
AT5G17090	0	1	3	0	1	0
AT5G17100	0	0	0	0	0	0
AT5G17110	0	0	0	0	0	0
AT5G17120	0	0	0	0	0	0
AT5G17130	0	0	0	0	0	0
AT5G17140	0	0	0	0	0	0
AT5G17150	2	3	1	2	1	5
AT5G17160	35	51	59	127	61	105
AT5G17165	5	5	2	7	6	4
AT5G17167	1	2	1	1	2	0
AT5G17170	519	510	415	864	792	863
AT5G17180	0	0	0	0	0	0
AT5G17190	554	676	603	614	677	583
AT5G17200	1	0	0	0	0	0
AT5G17210	41	47	54	38	33	41
AT5G17220	0	0	0	1	1	0
AT5G17230	787	903	734	1114	1030	1079
AT5G17240	62	81	70	101	104	92
AT5G17250	130	168	174	176	147	158
AT5G17260	4	5	6	8	6	3
AT5G17270	254	271	221	333	331	284
AT5G17280	0	0	0	0	0	0
AT5G17290	201	289	199	192	238	191
AT5G17300	48	56	38	39	26	42
AT5G17305	0	0	0	0	0	0
AT5G17310	234	239	199	233	202	246
AT5G17320	0	0	0	0	0	0
AT5G17330	1285	1669	1767	1599	1154	1586
AT5G17340	0	0	0	0	0	0
AT5G17345	0	0	0	0	0	0
AT5G17350	85	119	125	14	24	27
AT5G17360	30	19	18	25	25	17
AT5G17370	85	141	150	74	82	53
AT5G17380	4797	6418	7980	1233	1399	1042
AT5G17390	111	132	208	12	21	7
AT5G17400	176	203	176	205	218	210
AT5G17410	176	231	185	224	196	220
AT5G17420	31	38	43	104	37	69
AT5G17430	1	3	9	2	6	9
AT5G17440	558	687	572	580	687	626
AT5G17450	44	55	59	37	38	39
AT5G17460	124	118	107	177	157	141
AT5G17470	0	0	0	0	0	0
AT5G17480	0	0	0	0	0	0
AT5G17490	27	37	33	24	44	77
AT5G17500	0	0	0	0	0	0
AT5G17510	354	409	423	427	361	400
AT5G17520	112	131	101	171	200	145
AT5G17522	0	0	0	0	0	0
AT5G17523	0	0	0	0	0	0
AT5G17530	447	566	496	478	476	482
AT5G17540	22	18	19	17	17	15
AT5G17550	377	494	400	488	530	485
AT5G17560	446	533	450	445	490	415
AT5G17570	34	46	50	67	60	57
AT5G17580	33	57	33	60	69	56
AT5G17590	0	0	0	0	0	0
AT5G17600	54	55	47	47	64	59
AT5G17610	173	248	208	201	246	212
AT5G17620	158	168	155	183	162	183
AT5G17630	192	164	159	211	135	206
AT5G17640	367	472	446	383	429	371
AT5G17650	122	174	195	83	89	79
AT5G17660	103	89	100	108	135	143
AT5G17670	225	283	263	333	358	302
AT5G17680	20	27	24	26	22	34
AT5G17690	282	353	308	320	314	287
AT5G17700	133	132	146	182	136	210
AT5G17710	1141	1139	1170	1121	1114	1071
AT5G17720	0	0	0	0	0	0
AT5G17730	0	0	0	0	0	0
AT5G17740	0	0	0	0	0	0
AT5G17750	0	0	0	0	0	0
AT5G17760	384	503	445	378	263	269
AT5G17770	2252	2758	2468	1786	1693	1840
AT5G17780	26	45	33	40	34	53
AT5G17790	170	242	221	263	185	243
AT5G17800	3	7	10	14	17	14
AT5G17810	4	2	1	1	3	2
AT5G17820	154	99	266	224	164	193
AT5G17830	2	1	3	2	2	3
AT5G17840	288	311	302	242	282	267
AT5G17847	0	0	0	0	0	0
AT5G17850	63	77	99	61	49	50
AT5G17860	675	1009	845	414	322	362
AT5G17870	1166	1200	1068	1464	1977	1486
AT5G17880	260	288	267	309	246	291
AT5G17890	1028	1431	1306	922	778	884
AT5G17900	506	557	604	554	508	533
AT5G17910	496	637	672	551	383	532
AT5G17920	13790	14013	14755	14541	11008	14304
AT5G17930	263	243	284	329	268	329
AT5G17950	0	0	0	0	0	0
AT5G17960	0	0	0	1	0	2
AT5G17970	1	0	2	0	2	0
AT5G17980	29	40	39	39	31	40
AT5G17990	2270	3176	3161	950	835	965
AT5G18000	0	1	0	0	0	0
AT5G18005	0	0	0	0	0	0
AT5G18010	6	9	5	1	6	5
AT5G18015	0	0	0	0	0	0
AT5G18020	6	10	10	9	9	13
AT5G18030	7	23	8	18	16	14
AT5G18037	0	0	0	0	0	0
AT5G18040	57	84	77	88	94	90
AT5G18050	9	7	3	14	14	12
AT5G18060	6	13	8	13	13	11
AT5G18065	50	70	52	66	60	70
AT5G18070	114	102	148	89	82	93
AT5G18080	9	20	4	18	12	24
AT5G18085	0	0	0	0	0	0
AT5G18090	3	1	2	1	2	0
AT5G18100	326	448	362	423	527	435
AT5G18110	1026	1252	1277	944	1051	956
AT5G18120	195	243	254	215	235	219
AT5G18130	1310	1961	1462	870	973	927
AT5G18140	262	359	300	300	386	285
AT5G18150	0	0	0	0	0	0
AT5G18160	0	0	0	0	0	0
AT5G18170	4478	5920	5335	3335	3401	2785
AT5G18180	5	13	39	11	13	13
AT5G18190	1114	1465	1408	1174	943	1035
AT5G18200	203	194	206	206	242	217
AT5G18210	48	72	52	69	103	68
AT5G18220	8	8	9	4	7	6
AT5G18230	1400	1570	1538	1545	1091	1413
AT5G18240	0	0	1	4	2	3
AT5G18245	54	75	52	81	112	108
AT5G18250	70	103	102	105	95	83
AT5G18255	69	91	82	78	69	57
AT5G18260	9	10	5	13	7	15
AT5G18270	78	148	135	95	88	104
AT5G18280	789	897	838	806	732	800
AT5G18290	293	383	384	161	204	128
AT5G18300	7	10	8	10	13	12
AT5G18310	1313	1564	1536	1040	1125	1102
AT5G18320	10	16	11	6	7	3
AT5G18330	0	0	0	0	0	0
AT5G18340	25	31	21	31	41	32
AT5G18350	30	30	29	6	6	8
AT5G18360	44	47	55	33	62	65
AT5G18370	130	138	140	163	136	154
AT5G18380	4863	5298	5123	4267	5329	5295
AT5G18390	97	102	130	107	110	99
AT5G18400	849	906	1098	474	426	435
AT5G18403	0	0	0	0	0	0
AT5G18404	0	2	1	0	0	0
AT5G18407	0	0	0	0	0	0
AT5G18410	590	636	628	754	593	723
AT5G18420	386	403	429	323	285	296
AT5G18430	34	66	48	40	23	26
AT5G18440	121	154	148	210	184	220
AT5G18450	0	0	1	0	0	0
AT5G18460	238	298	220	326	285	316
AT5G18470	45	40	46	8	15	17
AT5G18475	32	24	36	54	40	43
AT5G18480	851	1075	1107	649	549	573
AT5G18490	929	1213	1165	536	533	562
AT5G18500	771	840	785	635	857	748
AT5G18510	1	0	2	1	0	1
AT5G18520	1070	1218	1242	943	869	959
AT5G18525	676	801	734	875	598	750
AT5G18540	137	185	181	139	172	153
AT5G18550	243	265	282	180	123	178
AT5G18560	2	0	6	0	3	1
AT5G18570	457	367	464	572	474	596
AT5G18580	840	911	854	955	798	857
AT5G18590	868	1060	933	1059	1054	1023
AT5G18600	358	403	420	364	198	285
AT5G18610	393	526	520	423	442	430
AT5G18620	883	961	943	809	734	869
AT5G18630	1093	1640	1323	763	1101	794
AT5G18636	3	3	0	2	1	2
AT5G18640	597	742	639	818	795	760
AT5G18650	1800	2453	2045	1937	1901	1885
AT5G18660	230	155	227	351	302	325
AT5G18661	0	2	1	1	4	2
AT5G18670	224	299	318	185	151	192
AT5G18680	607	702	579	811	860	828
AT5G18690	39	34	17	61	44	64
AT5G18700	87	82	96	97	89	137
AT5G18705	0	0	0	0	0	0
AT5G18710	2	3	3	3	5	5
AT5G18720	0	3	0	4	1	1
AT5G18730	3	3	2	4	1	7
AT5G18735	0	0	0	0	0	0
AT5G18740	0	2	2	1	1	0
AT5G18748	0	0	0	0	0	0
AT5G18750	130	86	113	114	115	108
AT5G18755	0	0	0	0	0	0
AT5G18760	147	156	104	201	182	143
AT5G18770	86	110	100	121	138	134
AT5G18780	102	131	164	140	152	122
AT5G18790	55	59	66	46	60	60
AT5G18800	612	851	752	663	737	589
AT5G18810	21	25	13	35	21	26
AT5G18820	99	100	121	142	141	168
AT5G18830	400	455	417	452	387	447
AT5G18840	68	88	47	18	67	44
AT5G18850	118	149	137	142	185	164
AT5G18860	117	129	138	240	151	214
AT5G18870	0	0	0	0	0	0
AT5G18880	0	0	0	0	0	0
AT5G18890	0	0	0	0	0	0
AT5G18900	299	425	341	313	347	310
AT5G18910	0	0	1	1	1	0
AT5G18920	16	24	17	20	26	35
AT5G18930	11	28	19	18	11	21
AT5G18933	0	0	0	0	0	0
AT5G18937	0	0	0	0	0	0
AT5G18940	329	400	306	382	340	333
AT5G18950	82	83	93	87	81	81
AT5G18960	354	387	371	393	271	385
AT5G18970	24	38	36	41	29	40
AT5G18980	205	274	252	228	249	194
AT5G18990	0	0	0	0	0	0
AT5G19000	746	974	952	616	609	614
AT5G19010	732	833	772	890	758	791
AT5G19020	62	67	67	67	70	80
AT5G19025	59	57	43	53	48	51
AT5G19030	117	143	92	121	140	112
AT5G19040	16	12	21	21	12	17
AT5G19050	370	424	400	314	352	312
AT5G19060	7	8	6	9	13	11
AT5G19070	151	172	199	139	132	156
AT5G19080	136	156	175	154	121	133
AT5G19090	662	868	769	1140	941	1252
AT5G19095	0	0	0	0	0	0
AT5G19100	1	0	1	3	3	3
AT5G19110	1	2	4	4	4	4
AT5G19120	3951	5006	3982	4004	4292	3985
AT5G19130	230	262	253	291	225	272
AT5G19140	2349	4076	2691	3060	4442	2836
AT5G19150	299	336	324	321	325	296
AT5G19151	49	50	44	52	35	39
AT5G19160	44	63	48	51	43	65
AT5G19170	14	20	17	33	18	31
AT5G19172	0	0	0	0	0	0
AT5G19175	0	0	0	0	0	0
AT5G19180	687	849	749	754	808	675
AT5G19190	514	668	425	662	683	584
AT5G19200	99	126	117	120	136	84
AT5G19210	137	172	160	202	156	206
AT5G19220	516	628	562	847	843	731
AT5G19221	0	1	0	1	2	0
AT5G19230	1289	1576	1703	672	570	566
AT5G19240	335	483	484	119	157	107
AT5G19250	519	750	607	372	360	309
AT5G19260	24	32	34	45	21	37
AT5G19270	0	0	0	0	0	0
AT5G19280	476	611	566	483	472	466
AT5G19290	522	616	610	672	668	629
AT5G19300	145	202	146	184	208	180
AT5G19310	174	198	187	203	181	200
AT5G19315	0	0	0	0	0	0
AT5G19320	288	327	284	330	295	307
AT5G19330	1884	2340	2217	1921	1647	1757
AT5G19340	144	177	127	135	184	148
AT5G19350	954	1026	973	914	838	822
AT5G19360	2	0	0	0	0	0
AT5G19370	589	649	674	610	577	580
AT5G19380	185	212	208	139	126	127
AT5G19390	796	937	859	853	763	871
AT5G19400	1987	2363	2450	1944	1521	1699
AT5G19410	18	26	30	37	28	27
AT5G19420	253	323	295	241	206	235
AT5G19430	230	312	259	257	280	254
AT5G19440	3163	3758	4629	1160	1370	1059
AT5G19450	1045	1333	1176	1079	1019	1013
AT5G19460	267	310	249	296	256	267
AT5G19470	0	0	0	0	0	0
AT5G19473	0	1	1	0	0	0
AT5G19480	303	332	315	251	265	237
AT5G19485	375	431	384	411	371	372
AT5G19490	1	4	11	8	12	9
AT5G19500	108	100	105	170	132	138
AT5G19510	2933	3330	3086	3189	3294	3441
AT5G19520	25	22	44	32	45	49
AT5G19530	180	233	189	324	206	322
AT5G19540	917	954	842	1078	1012	1050
AT5G19550	2031	2968	3166	1400	1605	1143
AT5G19560	2	0	6	6	5	4
AT5G19570	116	167	136	174	163	167
AT5G19580	48	45	38	43	33	35
AT5G19590	733	1088	885	949	1102	903
AT5G19595	0	0	0	0	0	0
AT5G19600	198	267	210	318	234	322
AT5G19610	0	0	0	0	0	0
AT5G19620	455	452	458	559	533	610
AT5G19630	154	175	136	126	105	110
AT5G19633	0	0	0	0	0	0
AT5G19640	0	0	0	0	0	0
AT5G19650	0	2	3	4	6	3
AT5G19660	518	609	530	556	467	531
AT5G19670	59	66	77	91	80	78
AT5G19675	0	0	0	0	0	0
AT5G19680	333	322	317	268	300	324
AT5G19690	1697	1738	1746	1576	1234	1583
AT5G19700	1	2	1	1	0	2
AT5G19710	0	0	0	0	0	0
AT5G19720	1	0	0	0	0	0
AT5G19730	13	28	25	41	47	43
AT5G19740	142	185	155	253	174	229
AT5G19750	271	330	279	322	327	362
AT5G19760	1667	2031	1800	1695	2008	1728
AT5G19770	4108	4620	4248	4645	4980	4273
AT5G19780	3718	3829	3438	4017	3828	3616
AT5G19790	5	6	10	8	7	6
AT5G19800	0	6	6	3	3	4
AT5G19810	0	0	1	2	1	5
AT5G19820	2639	2662	2990	2667	2025	2603
AT5G19830	62	70	83	72	77	68
AT5G19840	104	133	122	128	125	125
AT5G19850	113	128	123	70	82	100
AT5G19855	549	677	639	371	415	371
AT5G19860	773	1046	864	833	887	665
AT5G19870	0	0	5	4	1	2
AT5G19875	10	12	16	10	13	12
AT5G19880	21	41	25	0	1	6
AT5G19890	119	165	82	26	144	51
AT5G19900	462	543	595	504	485	474
AT5G19910	110	124	115	95	116	90
AT5G19920	123	97	118	116	86	137
AT5G19930	101	165	140	113	115	102
AT5G19940	1710	1906	1766	2560	3035	2314
AT5G19950	281	318	296	325	322	309
AT5G19960	317	417	372	304	304	270
AT5G19970	9	10	2	27	11	12
AT5G19980	276	324	305	299	233	290
AT5G19990	1191	1496	1222	1200	1208	1153
AT5G20000	746	1001	929	625	707	538
AT5G20010	3123	3704	3638	2934	3340	2867
AT5G20020	2528	3071	2913	2516	2882	2213
AT5G20030	61	91	62	55	43	57
AT5G20040	233	210	214	243	282	264
AT5G20045	1	0	3	2	1	1
AT5G20050	769	1069	992	498	549	550
AT5G20060	574	625	526	611	645	550
AT5G20070	164	234	213	206	231	215
AT5G20080	861	871	936	810	732	731
AT5G20090	640	804	812	633	704	667
AT5G20100	0	0	0	1	0	0
AT5G20110	159	198	144	226	232	182
AT5G20120	229	305	224	258	216	229
AT5G20130	594	711	568	686	797	644
AT5G20140	165	179	171	225	227	211
AT5G20150	151	411	243	104	128	89
AT5G20160	581	707	670	672	764	686
AT5G20165	238	336	267	237	260	265
AT5G20170	227	232	252	253	232	254
AT5G20180	179	248	227	181	231	204
AT5G20190	598	716	681	583	584	549
AT5G20200	493	577	550	481	453	504
AT5G20220	41	57	41	61	30	65
AT5G20225	1	1	2	0	0	0
AT5G20230	5649	5897	8015	717	1348	558
AT5G20240	29	28	31	27	23	15
AT5G20250	30473	39543	34383	15846	22423	15310
AT5G20260	4	21	157	0	3	0
AT5G20270	178	212	202	173	165	161
AT5G20280	1817	2206	1831	2110	1685	1750
AT5G20290	7948	8706	8662	6825	8340	8007
AT5G20300	455	551	482	486	466	467
AT5G20310	0	0	0	0	0	0
AT5G20320	330	421	350	435	317	376
AT5G20330	0	0	0	0	0	0
AT5G20340	0	0	0	0	0	0
AT5G20350	1047	1291	1213	1174	1040	1077
AT5G20360	246	288	260	255	209	233
AT5G20370	0	0	0	0	1	0
AT5G20380	405	508	418	419	418	392
AT5G20390	0	0	0	0	0	0
AT5G20400	867	1241	1060	506	532	420
AT5G20410	19	47	25	47	53	40
AT5G20420	8	15	23	13	17	20
AT5G20430	0	0	0	0	0	0
AT5G20440	0	0	0	0	0	0
AT5G20447	0	0	0	0	0	0
AT5G20450	39	69	35	59	56	46
AT5G20460	0	0	0	0	0	0
AT5G20470	6	3	4	12	28	17
AT5G20480	137	191	219	79	81	66
AT5G20490	1130	1396	1283	1003	670	941
AT5G20500	609	748	685	641	785	685
AT5G20510	92	110	91	123	121	135
AT5G20520	921	1244	1026	914	1038	845
AT5G20540	113	139	168	118	83	140
AT5G20550	21	23	16	28	32	30
AT5G20560	0	0	0	0	0	0
AT5G20570	664	817	707	656	705	709
AT5G20580	127	152	131	160	149	150
AT5G20590	290	442	389	401	402	409
AT5G20600	500	556	552	472	539	517
AT5G20610	516	595	560	571	500	508
AT5G20620	762	966	933	854	832	829
AT5G20630	1633	2231	1998	2409	2851	3011
AT5G20635	31	47	33	38	58	54
AT5G20640	8	8	5	14	5	14
AT5G20650	371	405	324	378	574	405
AT5G20660	877	1019	960	1120	932	973
AT5G20670	1	6	3	4	5	2
AT5G20680	264	334	273	345	268	300
AT5G20690	0	0	0	1	0	4
AT5G20700	2390	3142	2480	4262	3180	3302
AT5G20710	11	5	14	73	13	41
AT5G20720	3844	3584	3800	3422	3941	3687
AT5G20730	760	947	903	869	676	727
AT5G20740	20	26	23	54	60	63
AT5G20790	14	35	25	18	19	20
AT5G20810	5	8	6	4	5	6
AT5G20820	8	16	9	6	19	16
AT5G20830	478	648	715	196	211	177
AT5G20840	614	660	618	650	486	631
AT5G20850	53	54	59	52	67	61
AT5G20852	0	0	0	0	0	0
AT5G20854	0	0	0	0	0	0
AT5G20856	0	0	0	0	0	0
AT5G20858	0	0	0	0	0	0
AT5G20860	3	4	7	17	14	6
AT5G20870	6	11	7	10	7	10
AT5G20885	70	84	64	97	111	136
AT5G20890	1997	2097	1958	2229	1994	2210
AT5G20900	580	732	621	604	563	590
AT5G20910	149	249	217	151	197	123
AT5G20920	1080	1337	1298	1065	1217	1058
AT5G20930	190	221	182	188	202	233
AT5G20935	67	91	59	142	131	97
AT5G20940	2	0	0	0	0	0
AT5G20950	2220	2659	2660	1423	1268	1535
AT5G20960	2132	2821	3037	1153	800	1171
AT5G20970	29	37	26	36	14	19
AT5G20980	126	168	129	221	128	191
AT5G20990	1773	2144	2114	1452	1431	1397
AT5G20995	0	0	0	0	0	0
AT5G21010	264	333	294	296	227	253
AT5G21020	2227	2765	2405	3141	3654	3185
AT5G21030	0	2	0	0	2	0
AT5G21040	346	379	359	355	359	358
AT5G21050	1	1	1	8	2	3
AT5G21060	305	323	282	342	322	330
AT5G21070	183	199	164	189	196	200
AT5G21080	3	3	1	3	3	0
AT5G21090	3661	4873	4670	2540	2457	2465
AT5G21100	70	130	70	90	69	103
AT5G21105	1110	1322	1109	1035	779	1078
AT5G21120	1	0	2	2	0	1
AT5G21125	0	0	0	0	0	0
AT5G21130	0	0	0	0	1	2
AT5G21140	32	45	42	44	51	35
AT5G21150	5	7	9	13	9	17
AT5G21160	1827	2091	2184	1748	1584	1674
AT5G21170	1603	2043	1744	1243	1614	1355
AT5G21222	429	502	454	462	535	578
AT5G21274	805	1027	862	884	890	810
AT5G21280	188	237	194	85	93	89
AT5G21326	615	805	629	605	544	523
AT5G21378	0	0	0	0	0	0
AT5G21430	170	184	193	316	381	305
AT5G21482	83	120	115	116	102	138
AT5G21900	66	90	60	67	50	71
AT5G21910	4	7	3	11	1	9
AT5G21920	392	364	429	508	425	490
AT5G21930	1384	1556	1384	1390	1559	1384
AT5G21940	4629	6029	4704	4325	5002	4452
AT5G21950	32	54	53	35	31	39
AT5G21960	2	3	3	0	0	0
AT5G21970	86	102	85	101	111	101
AT5G21990	883	1049	1061	732	662	664
AT5G22000	1227	1600	1468	1234	1017	1139
AT5G22010	481	545	533	565	480	579
AT5G22020	269	369	307	292	295	245
AT5G22030	545	592	583	454	420	437
AT5G22040	159	208	182	189	212	243
AT5G22050	294	393	277	330	353	342
AT5G22060	1202	1634	1906	629	651	630
AT5G22070	305	276	299	367	351	351
AT5G22080	583	711	597	608	594	516
AT5G22090	1102	1195	1158	791	587	767
AT5G22100	211	245	215	249	273	269
AT5G22110	79	70	119	81	80	98
AT5G22120	323	452	438	322	334	334
AT5G22130	109	100	146	127	96	112
AT5G22140	79	88	145	66	39	48
AT5G22145	0	0	0	0	0	0
AT5G22150	0	0	0	0	0	0
AT5G22160	0	0	0	0	0	0
AT5G22170	0	0	0	0	0	0
AT5G22180	0	0	0	0	0	0
AT5G22190	0	0	0	0	0	0
AT5G22200	1	9	1	3	3	4
AT5G22210	125	153	145	135	162	120
AT5G22220	106	118	147	76	90	91
AT5G22240	0	3	12	1	0	3
AT5G22250	231	304	290	80	91	107
AT5G22260	0	0	0	0	0	0
AT5G22270	649	1058	848	463	521	500
AT5G22280	273	353	303	234	296	267
AT5G22290	198	242	234	148	107	129
AT5G22300	1517	2374	3256	117	127	106
AT5G22310	366	505	399	619	476	529
AT5G22315	0	0	0	0	0	0
AT5G22320	212	247	228	267	219	280
AT5G22330	481	502	513	586	466	536
AT5G22340	595	613	578	645	787	717
AT5G22350	1115	1286	1287	771	763	732
AT5G22355	1	4	3	3	3	5
AT5G22360	544	733	606	492	547	488
AT5G22370	207	224	225	188	200	212
AT5G22380	3	2	5	0	0	0
AT5G22390	19	29	12	18	20	29
AT5G22400	103	102	119	114	107	121
AT5G22410	21	17	26	14	23	9
AT5G22420	0	0	0	0	0	0
AT5G22430	0	0	0	0	0	0
AT5G22440	568	612	624	540	677	679
AT5G22450	1209	1401	1487	1128	805	1032
AT5G22460	22	39	26	26	27	31
AT5G22470	2	0	6	0	3	1
AT5G22480	392	410	466	333	329	308
AT5G22490	0	0	0	0	0	0
AT5G22500	480	547	574	677	336	509
AT5G22505	0	0	0	0	0	0
AT5G22510	863	974	930	927	828	870
AT5G22520	84	147	152	2	7	0
AT5G22530	49	94	118	1	6	1
AT5G22540	14	43	54	0	2	4
AT5G22545	0	0	0	0	0	0
AT5G22550	19	22	24	25	28	30
AT5G22555	82	212	149	59	72	66
AT5G22560	4	3	6	2	3	3
AT5G22570	1	20	11	5	16	11
AT5G22580	332	551	395	690	665	559
AT5G22590	0	0	0	0	0	0
AT5G22600	0	0	1	0	0	0
AT5G22608	5	4	2	2	6	4
AT5G22610	0	0	1	0	0	0
AT5G22620	456	489	437	514	526	500
AT5G22630	583	799	832	339	336	286
AT5G22640	2348	2396	2374	2844	2560	2891
AT5G22650	1654	1773	1748	1712	1644	1980
AT5G22660	2	7	4	4	7	3
AT5G22670	0	0	1	0	0	1
AT5G22680	3	2	2	0	0	2
AT5G22690	385	433	426	192	141	208
AT5G22700	274	313	255	370	346	378
AT5G22720	0	0	0	0	1	0
AT5G22730	136	161	136	145	166	147
AT5G22740	359	423	423	448	381	506
AT5G22750	215	224	189	241	155	203
AT5G22760	689	755	763	760	568	669
AT5G22765	0	0	0	0	0	0
AT5G22770	966	1044	1062	844	598	845
AT5G22780	896	997	992	761	643	756
AT5G22785	0	0	0	0	0	0
AT5G22788	11	13	9	2	9	15
AT5G22790	197	261	215	231	244	235
AT5G22791	0	0	0	0	2	2
AT5G22794	55	78	64	99	64	92
AT5G22796	19	21	24	28	19	14
AT5G22799	10	6	13	19	15	18
AT5G22800	682	794	693	916	853	884
AT5G22810	0	0	0	0	1	0
AT5G22820	77	131	115	132	110	100
AT5G22830	356	434	372	463	400	426
AT5G22840	219	240	214	283	258	272
AT5G22850	261	312	303	255	222	287
AT5G22860	18	26	22	43	22	44
AT5G22870	1	5	1	7	4	4
AT5G22875	170	213	182	217	222	221
AT5G22880	1163	1256	1068	1082	1333	1244
AT5G22890	95	71	101	281	190	231
AT5G22900	0	0	0	0	0	0
AT5G22910	0	2	0	1	0	0
AT5G22920	3853	4671	3786	2842	3729	3258
AT5G22930	13	5	11	29	16	26
AT5G22940	92	112	77	147	171	160
AT5G22950	343	411	353	326	344	318
AT5G22960	0	0	0	0	0	0
AT5G22970	0	0	0	0	0	0
AT5G22980	0	0	0	0	0	0
AT5G22990	0	0	0	0	0	0
AT5G23000	23	49	55	9	18	20
AT5G23010	151	141	176	225	194	302
AT5G23020	174	173	199	251	341	357
AT5G23030	0	4	2	3	1	0
AT5G23035	0	0	0	0	0	0
AT5G23040	1718	1952	1804	1746	2086	1746
AT5G23050	1446	1789	1609	1285	1309	1162
AT5G23060	384	423	434	738	669	723
AT5G23065	0	0	2	1	0	0
AT5G23070	157	115	131	171	157	136
AT5G23080	428	467	458	456	411	463
AT5G23090	117	147	118	123	124	97
AT5G23100	55	48	48	73	62	103
AT5G23110	738	1051	906	917	583	852
AT5G23115	1	0	0	3	3	1
AT5G23120	1878	2303	2038	2507	2672	2132
AT5G23130	107	115	138	105	109	98
AT5G23140	574	637	658	508	527	530
AT5G23150	832	1037	992	897	556	891
AT5G23155	5	11	9	16	16	12
AT5G23160	4	9	3	2	3	2
AT5G23170	13	10	13	17	14	21
AT5G23180	0	0	0	0	0	0
AT5G23190	50	63	80	58	49	41
AT5G23200	175	233	210	211	165	207
AT5G23210	1022	1200	939	953	1000	858
AT5G23212	0	0	3	0	0	0
AT5G23220	16	15	28	46	68	67
AT5G23230	0	0	0	0	0	0
AT5G23240	641	879	679	1065	998	898
AT5G23250	400	432	416	557	491	506
AT5G23260	0	0	0	0	1	0
AT5G23270	0	5	0	0	5	2
AT5G23280	379	415	277	401	507	422
AT5G23290	280	323	306	277	311	283
AT5G23300	233	226	234	311	306	320
AT5G23310	266	256	263	422	354	417
AT5G23320	23	22	21	36	28	24
AT5G23330	164	197	185	193	221	198
AT5G23340	440	566	506	469	474	450
AT5G23350	8	22	11	18	14	19
AT5G23360	21	22	20	11	20	17
AT5G23370	6	7	3	2	2	4
AT5G23380	149	150	160	186	152	148
AT5G23390	592	715	572	568	573	574
AT5G23395	244	278	239	200	274	244
AT5G23400	30	48	51	62	55	69
AT5G23405	148	188	171	150	162	179
AT5G23410	31	51	59	29	60	46
AT5G23411	0	0	0	0	0	0
AT5G23420	275	363	267	282	338	267
AT5G23430	262	319	306	280	250	339
AT5G23440	280	310	257	318	341	313
AT5G23450	1458	1743	1651	1430	1326	1254
AT5G23460	39	42	37	44	49	42
AT5G23470	0	0	0	0	0	0
AT5G23480	16	11	8	12	16	7
AT5G23490	234	307	270	222	182	235
AT5G23510	700	1401	1302	399	389	397
AT5G23520	241	318	310	181	172	210
AT5G23530	102	127	103	163	137	160
AT5G23535	161	207	200	239	254	260
AT5G23540	1389	1798	1701	1407	1540	1332
AT5G23550	96	132	100	127	111	134
AT5G23570	212	232	178	239	241	263
AT5G23575	1657	1734	1573	1813	1470	1714
AT5G23580	126	172	168	162	166	148
AT5G23590	456	628	514	500	553	460
AT5G23600	0	0	3	0	0	0
AT5G23610	710	914	879	665	658	713
AT5G23630	1256	1487	1586	1186	952	1170
AT5G23650	0	0	0	0	0	0
AT5G23660	432	536	499	876	414	667
AT5G23665	0	0	0	0	0	0
AT5G23670	777	886	782	861	777	831
AT5G23680	138	133	113	142	147	146
AT5G23690	105	127	112	143	128	168
AT5G23700	29	45	34	33	26	22
AT5G23710	0	0	0	0	0	0
AT5G23720	241	310	290	315	253	269
AT5G23730	11	23	20	22	32	24
AT5G23740	1131	1346	1195	1190	1366	1334
AT5G23750	23	17	16	22	44	16
AT5G23760	160	263	174	122	138	137
AT5G23770	39	28	32	39	33	32
AT5G23780	2	7	3	6	11	8
AT5G23790	1	0	0	2	1	0
AT5G23800	14	29	14	35	27	44
AT5G23810	14	13	18	16	10	17
AT5G23820	293	374	330	425	444	463
AT5G23830	47	58	67	104	86	112
AT5G23840	2	0	1	5	4	5
AT5G23850	93	129	109	97	78	76
AT5G23860	298	354	300	440	404	561
AT5G23870	134	149	104	246	175	221
AT5G23880	292	344	289	334	304	352
AT5G23890	1392	1620	1586	1565	1395	1524
AT5G23900	1370	1595	1496	1433	1600	1579
AT5G23903	0	0	0	0	0	0
AT5G23908	0	0	0	0	0	0
AT5G23910	49	52	54	105	61	82
AT5G23920	239	319	227	405	422	396
AT5G23930	13	14	25	27	21	22
AT5G23940	80	93	94	210	130	202
AT5G23950	11	10	9	8	7	11
AT5G23960	0	0	0	0	0	0
AT5G23970	0	0	0	0	0	0
AT5G23980	62	70	92	123	81	177
AT5G23990	38	41	32	4	20	3
AT5G24000	119	120	107	180	197	190
AT5G24010	105	125	101	178	138	142
AT5G24020	250	291	230	313	329	312
AT5G24030	234	239	273	283	273	266
AT5G24040	9	3	11	4	4	10
AT5G24050	0	0	0	0	0	0
AT5G24060	747	807	756	881	870	822
AT5G24070	2	0	12	8	5	8
AT5G24080	1	1	0	0	1	2
AT5G24090	282	309	363	265	257	306
AT5G24100	6	1	1	7	12	7
AT5G24105	1	9	3	8	21	10
AT5G24110	156	171	134	7	1	10
AT5G24120	32	17	20	26	26	23
AT5G24130	0	0	2	0	0	0
AT5G24140	36	44	62	14	11	9
AT5G24150	1	4	2	4	2	2
AT5G24155	0	1	1	1	0	1
AT5G24160	138	194	186	130	90	225
AT5G24165	1188	1688	1225	1374	1569	1357
AT5G24170	75	124	97	85	97	92
AT5G24180	0	2	0	1	0	2
AT5G24190	0	1	0	0	0	0
AT5G24200	9	25	33	5	12	3
AT5G24205	23	45	46	24	34	24
AT5G24206	19	23	22	22	16	22
AT5G24210	981	1655	1385	434	618	489
AT5G24215	12	23	20	18	28	15
AT5G24220	0	4	1	6	3	11
AT5G24230	104	84	103	115	120	151
AT5G24240	284	424	540	180	165	228
AT5G24260	723	884	818	595	537	602
AT5G24270	410	525	515	195	303	222
AT5G24275	0	1	0	2	2	2
AT5G24280	152	139	178	247	168	181
AT5G24290	127	135	129	138	146	160
AT5G24300	763	617	669	892	799	868
AT5G24310	45	60	56	68	58	66
AT5G24313	1	5	3	3	6	0
AT5G24314	516	569	523	654	689	637
AT5G24316	0	0	0	1	0	1
AT5G24318	44	50	36	58	49	47
AT5G24320	378	436	495	423	325	446
AT5G24330	31	18	20	21	32	22
AT5G24340	212	227	229	294	230	209
AT5G24350	734	819	805	948	514	751
AT5G24352	28	58	30	52	55	29
AT5G24355	0	2	0	2	0	3
AT5G24360	252	322	356	293	262	287
AT5G24370	0	0	0	0	0	0
AT5G24380	231	337	273	239	240	286
AT5G24390	37	47	37	43	36	46
AT5G24400	565	641	649	565	498	497
AT5G24410	13	4	2	8	7	16
AT5G24420	3	4	3	2	4	4
AT5G24430	563	739	769	400	344	338
AT5G24440	0	0	0	0	0	0
AT5G24450	615	880	756	666	623	633
AT5G24460	353	390	346	246	300	280
AT5G24470	240	286	273	328	286	327
AT5G24480	0	0	0	0	0	0
AT5G24490	6501	8343	7268	8111	9754	6690
AT5G24500	260	339	311	253	242	224
AT5G24510	0	7	3	4	6	3
AT5G24520	414	503	430	373	381	378
AT5G24530	155	204	201	97	123	140
AT5G24540	7	7	12	0	0	0
AT5G24550	2	0	7	1	0	0
AT5G24560	0	0	0	0	0	0
AT5G24570	283	353	322	277	261	245
AT5G24575	0	0	0	0	0	0
AT5G24580	32	34	28	67	46	58
AT5G24590	404	508	545	262	297	304
AT5G24600	75	124	141	6	5	2
AT5G24610	557	732	593	695	576	636
AT5G24620	857	1097	1042	919	1010	1002
AT5G24630	132	187	148	158	154	151
AT5G24640	25	45	43	25	26	20
AT5G24650	679	670	663	733	720	785
AT5G24655	0	5	3	1	4	1
AT5G24660	9	28	18	7	24	12
AT5G24670	741	963	780	852	1000	892
AT5G24680	96	134	101	151	145	103
AT5G24690	2265	2633	2529	2819	2604	2592
AT5G24710	1522	1638	1581	1452	1001	1336
AT5G24735	815	1166	909	1092	1354	1018
AT5G24740	786	1056	962	1092	722	965
AT5G24750	81	116	113	100	95	84
AT5G24760	342	427	427	118	114	147
AT5G24770	1	0	2	8	2	1
AT5G24780	9	7	12	42	16	17
AT5G24790	0	0	0	0	0	0
AT5G24800	269	357	351	256	193	234
AT5G24810	1071	1494	1497	607	642	625
AT5G24820	1	0	2	3	1	0
AT5G24825	0	0	1	2	0	0
AT5G24830	153	200	158	175	155	191
AT5G24840	133	110	133	127	159	142
AT5G24850	145	189	129	104	127	101
AT5G24860	0	0	0	0	0	0
AT5G24870	148	214	184	140	139	139
AT5G24879	0	0	0	0	0	0
AT5G24880	3	4	4	5	6	2
AT5G24890	876	1251	869	870	980	842
AT5G24900	1	0	5	6	7	7
AT5G24910	32	43	67	28	17	17
AT5G24920	23	11	15	30	45	30
AT5G24930	2472	2905	2570	2818	2616	2635
AT5G24940	14	17	13	22	16	18
AT5G24950	0	0	0	0	0	0
AT5G24960	2	2	2	6	5	5
AT5G24970	134	134	128	132	143	163
AT5G24980	138	155	141	119	163	151
AT5G24990	11	10	9	12	19	16
AT5G25000	0	0	0	0	0	0
AT5G25010	7	6	6	12	17	17
AT5G25020	0	2	2	1	2	7
AT5G25030	0	0	0	0	0	0
AT5G25040	132	180	116	205	210	173
AT5G25050	209	275	312	122	83	130
AT5G25060	983	1214	1050	1013	915	958
AT5G25070	421	509	433	421	344	385
AT5G25080	209	242	207	220	238	220
AT5G25090	4	11	14	29	20	37
AT5G25100	1275	1321	1399	1457	1010	1303
AT5G25110	42	82	78	93	106	118
AT5G25120	31	37	26	57	45	69
AT5G25130	1	6	6	5	10	6
AT5G25140	2	2	2	5	4	9
AT5G25150	308	343	367	379	298	317
AT5G25160	13	13	16	34	34	40
AT5G25170	257	316	331	146	152	149
AT5G25180	12	12	10	0	2	3
AT5G25190	85	126	111	140	66	152
AT5G25195	0	0	0	0	0	0
AT5G25200	0	0	0	0	0	0
AT5G25210	229	327	253	282	225	249
AT5G25220	417	488	370	513	406	446
AT5G25230	6	6	12	8	4	7
AT5G25240	84	109	56	69	137	81
AT5G25250	1090	1635	1959	176	205	181
AT5G25260	160	248	363	92	48	97
AT5G25265	1876	2426	2099	1540	1622	1436
AT5G25270	1158	1364	1172	1240	1226	1234
AT5G25280	2114	2310	1653	3079	2756	2557
AT5G25290	0	2	0	0	0	0
AT5G25300	0	0	0	0	0	0
AT5G25310	2	0	1	0	1	0
AT5G25320	1	0	0	0	0	0
AT5G25330	1	0	0	0	0	0
AT5G25340	0	2	13	0	1	0
AT5G25350	2623	3955	3692	3368	2543	3530
AT5G25360	313	462	402	365	344	429
AT5G25370	19	24	17	19	13	10
AT5G25380	1	15	4	11	7	6
AT5G25390	0	0	0	0	0	0
AT5G25400	0	0	0	0	0	0
AT5G25410	0	0	0	0	0	0
AT5G25415	0	0	0	1	0	2
AT5G25420	0	0	0	0	0	0
AT5G25425	0	0	0	0	0	0
AT5G25430	0	0	0	0	0	0
AT5G25440	292	348	325	194	166	189
AT5G25450	11	13	16	24	25	20
AT5G25460	4329	5075	4266	6382	5695	5793
AT5G25470	5	2	5	5	1	3
AT5G25475	68	95	75	72	88	84
AT5G25480	45	55	55	74	65	53
AT5G25490	36	54	27	36	27	44
AT5G25500	28	26	16	37	19	33
AT5G25510	366	417	392	411	332	387
AT5G25520	639	800	725	762	569	689
AT5G25530	0	1	1	0	0	0
AT5G25540	454	598	496	431	510	427
AT5G25550	0	0	0	0	0	0
AT5G25560	1752	2460	2147	2431	2182	2332
AT5G25570	39	31	39	31	25	40
AT5G25580	34	24	38	58	48	51
AT5G25585	0	0	0	0	0	0
AT5G25590	96	104	96	97	106	123
AT5G25600	0	0	0	0	0	0
AT5G25610	1680	1745	1584	1354	1117	1042
AT5G25620	33	31	17	78	54	92
AT5G25625	0	0	0	0	0	0
AT5G25630	1069	1352	995	1450	1563	1374
AT5G25640	17	23	21	14	15	12
AT5G25750	0	0	0	0	0	0
AT5G25754	159	178	192	152	110	154
AT5G25755	17	26	16	39	21	29
AT5G25756	4	8	4	4	2	8
AT5G25757	93	106	117	89	93	90
AT5G25760	274	381	301	322	311	252
AT5G25770	344	408	377	302	335	282
AT5G25780	471	487	493	658	515	596
AT5G25790	26	36	27	22	34	36
AT5G25800	198	214	217	234	251	235
AT5G25810	37	30	19	55	52	46
AT5G25820	123	182	185	117	100	133
AT5G25830	8	10	7	21	40	29
AT5G25840	380	519	421	427	386	436
AT5G25850	0	0	0	0	0	0
AT5G25860	0	0	0	0	0	0
AT5G25870	0	0	0	0	0	0
AT5G25880	2	3	4	1	9	2
AT5G25890	271	305	295	358	227	295
AT5G25900	665	871	835	626	542	486
AT5G25910	127	143	201	61	61	61
AT5G25920	3	9	9	4	0	4
AT5G25930	865	1134	1359	212	171	201
AT5G25940	653	787	782	358	365	285
AT5G25950	0	0	0	0	0	0
AT5G25960	0	0	0	0	0	0
AT5G25970	2	8	7	1	7	13
AT5G25980	106	158	197	99	136	163
AT5G25990	4	2	2	0	0	6
AT5G25995	2	2	0	1	5	4
AT5G26000	4762	5614	5623	6897	3833	4396
AT5G26010	112	122	101	120	142	144
AT5G26030	1112	1264	1497	502	450	495
AT5G26038	0	0	0	0	0	0
AT5G26040	101	165	144	171	145	160
AT5G26050	0	0	0	0	0	0
AT5G26060	0	0	0	0	0	0
AT5G26070	0	0	0	0	0	0
AT5G26080	2	0	1	0	1	0
AT5G26090	0	1	0	2	2	0
AT5G26100	0	0	0	0	0	0
AT5G26110	192	230	238	194	204	202
AT5G26120	0	0	0	0	0	0
AT5G26130	0	0	0	0	0	0
AT5G26140	3	0	0	0	0	0
AT5G26146	5	1	4	16	8	21
AT5G26147	0	0	0	0	0	0
AT5G26150	0	0	0	0	0	0
AT5G26160	146	129	124	166	116	161
AT5G26170	23	36	24	32	40	35
AT5G26180	271	285	244	284	247	314
AT5G26190	0	4	3	1	0	1
AT5G26200	56	69	48	105	65	86
AT5G26210	348	379	334	408	393	469
AT5G26220	4	6	5	5	4	8
AT5G26230	44	73	58	77	73	86
AT5G26240	687	821	753	808	721	747
AT5G26250	0	0	1	0	0	0
AT5G26260	95	77	142	135	167	164
AT5G26262	0	0	0	0	0	0
AT5G26270	48	50	48	55	45	56
AT5G26280	1556	1762	1735	2296	2038	2627
AT5G26290	31	37	34	47	135	81
AT5G26300	2	1	6	4	9	5
AT5G26310	8	4	9	20	16	15
AT5G26320	4	3	1	3	1	2
AT5G26330	7	15	12	15	2	10
AT5G26340	3236	4144	5246	785	686	743
AT5G26360	2440	2595	2521	2706	2114	2551
AT5G26570	2864	3092	2883	3830	2853	3592
AT5G26580	0	0	0	0	0	0
AT5G26594	0	0	0	0	0	0
AT5G26600	655	811	849	399	413	407
AT5G26610	267	408	348	365	365	371
AT5G26617	0	0	0	0	0	0
AT5G26620	1	2	4	0	0	4
AT5G26622	209	281	241	332	315	337
AT5G26630	1	4	1	0	2	0
AT5G26640	0	0	0	0	0	0
AT5G26650	0	0	0	0	0	0
AT5G26660	5	12	4	28	26	18
AT5G26667	857	1072	967	828	714	795
AT5G26670	17	39	24	29	25	41
AT5G26673	0	0	0	0	0	0
AT5G26680	273	287	306	303	275	321
AT5G26690	15	21	26	11	23	6
AT5G26692	0	0	0	0	0	0
AT5G26700	9	15	12	1	7	2
AT5G26710	853	1028	1023	851	735	810
AT5G26717	0	0	0	0	0	0
AT5G26720	19	49	30	26	35	31
AT5G26730	1	1	1	1	3	5
AT5G26731	22	61	25	27	33	33
AT5G26740	494	594	536	463	611	444
AT5G26742	5284	5137	5145	6451	6272	6724
AT5G26749	25	16	33	23	35	28
AT5G26751	1256	1510	1357	1084	923	1039
AT5G26760	600	671	648	652	609	630
AT5G26770	165	223	177	154	172	162
AT5G26780	451	554	513	493	437	475
AT5G26790	9	4	9	12	7	10
AT5G26800	289	271	280	300	387	354
AT5G26805	0	0	0	0	0	0
AT5G26810	0	0	0	0	0	0
AT5G26820	424	510	423	521	665	573
AT5G26830	1017	1144	1117	1193	1036	1216
AT5G26840	0	0	0	0	0	0
AT5G26850	439	488	527	754	508	674
AT5G26860	548	633	647	637	539	545
AT5G26865	3	2	3	2	3	0
AT5G26880	861	1015	959	926	1103	929
AT5G26890	0	0	0	0	0	0
AT5G26900	1	0	1	0	0	0
AT5G26910	293	285	253	349	310	344
AT5G26920	825	1040	1224	461	324	445
AT5G26930	0	0	0	0	0	1
AT5G26940	236	255	239	218	205	216
AT5G26950	0	0	0	0	0	0
AT5G26955	0	0	0	0	0	0
AT5G26960	160	210	166	236	235	204
AT5G26970	5	7	0	4	2	9
AT5G26980	124	181	148	136	159	181
AT5G26990	209	255	270	190	207	211
AT5G27000	70	79	77	123	54	92
AT5G27010	0	1	0	0	0	1
AT5G27020	0	0	0	0	0	1
AT5G27030	449	514	500	361	289	365
AT5G27050	0	0	0	0	0	0
AT5G27060	7	12	21	2	4	4
AT5G27065	0	0	0	0	0	0
AT5G27070	0	0	0	0	0	0
AT5G27080	0	0	0	0	0	0
AT5G27090	0	0	0	0	0	0
AT5G27093	6	7	9	4	3	3
AT5G27100	67	62	64	88	72	58
AT5G27110	21	24	27	28	22	37
AT5G27120	455	468	414	510	525	592
AT5G27130	3	0	0	1	0	1
AT5G27140	0	0	0	0	0	0
AT5G27150	915	1045	929	907	755	840
AT5G27170	0	0	0	0	0	0
AT5G27200	1	3	4	12	8	4
AT5G27210	51	52	41	90	51	67
AT5G27220	53	74	75	115	56	88
AT5G27230	34	43	42	55	34	40
AT5G27238	0	0	0	0	0	0
AT5G27240	107	161	146	214	97	186
AT5G27247	3	1	1	0	3	3
AT5G27260	0	0	0	0	0	0
AT5G27270	331	390	325	405	367	448
AT5G27280	320	405	366	435	335	281
AT5G27290	138	127	146	207	243	181
AT5G27300	115	128	96	155	147	195
AT5G27310	0	0	0	0	0	0
AT5G27320	357	393	338	376	330	413
AT5G27330	129	155	169	309	214	265
AT5G27340	0	0	0	0	0	0
AT5G27350	1345	2027	1576	1166	1022	1150
AT5G27360	51	47	35	102	61	91
AT5G27370	0	3	13	0	0	0
AT5G27380	5406	7124	7640	2194	2445	2134
AT5G27390	187	236	170	228	294	285
AT5G27395	352	335	352	318	287	343
AT5G27400	18	25	15	28	21	23
AT5G27410	218	287	269	282	324	308
AT5G27420	1016	1341	1328	283	220	253
AT5G27430	332	381	348	242	272	267
AT5G27440	0	0	0	0	0	2
AT5G27450	275	284	252	309	367	334
AT5G27460	143	194	160	168	176	167
AT5G27470	948	986	1068	955	911	901
AT5G27490	29	34	29	61	35	38
AT5G27493	0	0	0	0	0	0
AT5G27495	0	0	0	0	0	0
AT5G27510	0	0	0	0	0	0
AT5G27520	449	553	536	289	316	288
AT5G27530	0	0	0	0	0	0
AT5G27540	724	768	785	772	631	716
AT5G27550	60	54	51	86	49	90
AT5G27560	398	424	417	540	529	476
AT5G27570	0	0	0	0	0	0
AT5G27580	1	0	1	0	0	0
AT5G27600	1449	1705	1774	830	802	744
AT5G27606	0	0	0	0	0	0
AT5G27607	0	0	0	0	0	0
AT5G27610	268	359	356	191	142	181
AT5G27620	95	116	138	147	128	121
AT5G27630	67	74	78	94	41	85
AT5G27640	2001	2357	2271	1967	1792	1903
AT5G27650	410	425	383	413	316	410
AT5G27660	50	50	57	96	82	93
AT5G27670	540	647	597	586	726	661
AT5G27680	57	66	77	85	87	94
AT5G27690	54	93	83	44	33	55
AT5G27700	1506	1680	1450	1359	1740	1499
AT5G27710	107	113	102	137	149	149
AT5G27715	0	0	0	0	0	0
AT5G27720	484	596	503	553	556	513
AT5G27730	374	601	444	617	622	551
AT5G27740	392	421	370	493	370	381
AT5G27750	105	131	147	114	111	92
AT5G27760	2669	4041	4379	623	793	549
AT5G27765	11	27	33	5	3	5
AT5G27770	1471	1767	1580	1327	1666	1545
AT5G27780	0	0	0	0	0	0
AT5G27790	0	0	0	0	0	0
AT5G27800	0	0	0	0	0	0
AT5G27807	0	0	0	1	0	1
AT5G27810	0	0	0	0	0	0
AT5G27820	78	65	55	89	111	105
AT5G27830	168	244	219	172	175	157
AT5G27840	552	649	666	449	414	445
AT5G27850	3357	3812	3727	3022	3579	3514
AT5G27860	1011	1423	1056	1037	1331	974
AT5G27870	0	0	0	0	0	1
AT5G27880	0	0	0	0	0	0
AT5G27889	15	25	22	22	28	25
AT5G27890	108	139	150	126	131	153
AT5G27893	3	3	4	5	5	8
AT5G27910	0	0	0	0	0	2
AT5G27920	1074	1318	1059	790	917	728
AT5G27930	107	156	136	243	249	221
AT5G27940	5	1	1	2	3	4
AT5G27944	0	0	0	0	0	0
AT5G27945	0	0	0	0	0	0
AT5G27950	899	1293	942	1412	1100	1149
AT5G27960	0	0	0	0	0	0
AT5G27970	609	742	664	764	548	769
AT5G27980	0	0	0	1	4	3
AT5G27990	360	408	370	334	395	374
AT5G28000	0	0	0	0	0	0
AT5G28010	25	48	33	56	39	35
AT5G28020	302	427	341	475	447	474
AT5G28030	30	40	28	46	37	39
AT5G28040	322	347	330	366	309	330
AT5G28050	2905	3917	3733	1640	2069	1600
AT5G28060	2453	3007	2620	2177	2642	2436
AT5G28080	15	11	17	63	38	77
AT5G28090	0	0	0	0	0	0
AT5G28150	120	124	108	133	157	130
AT5G28160	0	0	0	0	0	0
AT5G28180	0	1	0	0	0	0
AT5G28190	0	0	0	0	0	0
AT5G28210	0	0	0	0	0	0
AT5G28220	161	148	161	200	128	148
AT5G28235	0	0	0	0	0	0
AT5G28237	0	3	0	0	0	0
AT5G28262	9	13	9	5	15	11
AT5G28288	0	0	0	0	0	0
AT5G28290	260	290	247	309	310	364
AT5G28295	0	0	0	0	0	0
AT5G28300	322	481	367	527	486	504
AT5G28310	3	3	9	5	0	1
AT5G28320	41	54	48	48	21	41
AT5G28340	1	2	9	5	4	5
AT5G28345	0	0	0	0	0	0
AT5G28350	586	647	571	534	339	452
AT5G28370	0	0	0	0	1	0
AT5G28380	0	4	1	0	2	1
AT5G28390	72	78	78	87	92	98
AT5G28400	59	55	60	63	28	74
AT5G28410	0	0	0	0	0	0
AT5G28420	0	1	2	0	0	2
AT5G28442	15	19	15	24	24	21
AT5G28450	0	1	2	1	0	2
AT5G28460	1	1	0	1	2	1
AT5G28462	0	0	0	0	0	0
AT5G28463	0	0	1	0	0	1
AT5G28470	0	0	0	0	0	0
AT5G28490	32	37	28	30	25	36
AT5G28491	0	0	0	0	0	0
AT5G28500	1311	1149	1120	1514	1467	1487
AT5G28510	1	1	4	2	0	0
AT5G28520	0	0	0	2	0	0
AT5G28530	113	114	126	159	135	149
AT5G28540	4187	3799	3932	2255	1896	2852
AT5G28550	0	0	0	0	0	0
AT5G28560	0	1	0	0	0	0
AT5G28590	0	0	0	0	0	0
AT5G28610	60	86	66	12	20	16
AT5G28615	0	0	0	0	0	0
AT5G28620	0	0	0	0	0	0
AT5G28630	364	478	393	135	147	127
AT5G28640	130	118	189	211	213	238
AT5G28646	123	173	157	1	4	2
AT5G28650	5	2	7	6	9	9
AT5G28660	0	4	0	0	0	1
AT5G28680	0	0	0	0	0	0
AT5G28690	0	0	0	0	0	0
AT5G28720	0	0	0	0	0	0
AT5G28730	0	0	0	0	0	0
AT5G28740	786	847	871	758	621	755
AT5G28750	515	596	482	495	640	504
AT5G28770	1136	1422	1187	874	1125	859
AT5G28780	0	0	0	0	0	0
AT5G28810	0	0	0	0	0	0
AT5G28820	0	0	0	0	0	0
AT5G28823	0	0	0	0	0	0
AT5G28824	0	0	0	0	0	0
AT5G28830	433	527	489	192	168	153
AT5G28840	4496	5397	4355	4201	5025	3992
AT5G28850	223	288	236	257	269	234
AT5G28885	0	0	0	0	0	0
AT5G28900	304	349	277	347	309	339
AT5G28910	2	5	6	6	6	6
AT5G28919	0	0	0	0	0	0
AT5G28920	1	2	0	2	1	1
AT5G28950	0	0	0	0	0	0
AT5G28960	1	0	0	0	1	1
AT5G29000	194	205	203	212	174	167
AT5G29050	0	0	0	0	0	0
AT5G29054	0	0	0	0	0	0
AT5G29070	0	0	0	0	0	0
AT5G29210	0	0	0	0	0	0
AT5G29560	0	0	0	0	0	0
AT5G29613	0	0	0	0	0	0
AT5G29624	0	0	0	0	0	0
AT5G30341	0	0	0	0	0	0
AT5G30360	0	0	0	0	0	0
AT5G30490	234	270	273	213	248	245
AT5G30495	116	91	117	97	107	121
AT5G30500	0	0	0	0	0	0
AT5G30510	3249	3165	3424	3525	3478	3653
AT5G30520	0	0	0	0	0	0
AT5G31412	0	0	0	0	0	0
AT5G32017	0	0	0	0	0	0
AT5G32440	858	1233	1008	932	981	834
AT5G32450	1034	1351	1120	890	1095	926
AT5G32460	23	24	16	45	26	14
AT5G32470	324	389	403	369	299	339
AT5G32590	0	0	0	0	0	0
AT5G32613	0	0	0	0	0	0
AT5G32619	0	0	0	0	0	0
AT5G32670	0	0	0	0	0	0
AT5G33210	0	0	0	0	0	0
AT5G33280	321	479	325	465	425	438
AT5G33290	469	627	610	336	247	251
AT5G33300	37	44	46	59	36	29
AT5G33320	2033	2428	2409	1566	1330	1594
AT5G33330	1	0	2	1	0	1
AT5G33340	0	0	0	0	0	0
AT5G33355	9	3	5	0	0	0
AT5G33370	1	1	1	0	5	7
AT5G33390	0	0	0	0	0	0
AT5G33393	0	0	0	0	0	0
AT5G33399	1	2	0	3	4	2
AT5G33406	0	0	0	0	0	0
AT5G33439	0	0	0	0	0	0
AT5G33806	0	0	0	0	0	0
AT5G33898	0	0	0	0	0	0
AT5G34581	0	0	0	0	0	0
AT5G34780	0	0	1	0	0	0
AT5G34828	0	0	0	0	0	0
AT5G34829	0	0	0	0	0	0
AT5G34830	0	0	0	0	0	1
AT5G34850	1676	1968	1793	1605	1662	1528
AT5G34869	0	0	0	0	0	0
AT5G34870	0	0	0	0	0	0
AT5G34871	0	0	0	0	0	0
AT5G34881	0	0	0	0	0	0
AT5G34882	0	0	0	0	0	0
AT5G34883	0	0	0	0	0	0
AT5G34885	0	0	0	0	0	0
AT5G34887	0	0	0	0	0	0
AT5G34905	0	0	0	0	0	0
AT5G34908	0	0	0	0	0	0
AT5G34930	201	237	255	152	123	154
AT5G34940	80	83	137	94	83	97
AT5G35050	0	0	0	0	0	0
AT5G35067	0	0	0	0	0	0
AT5G35069	0	0	0	0	0	0
AT5G35080	204	222	230	195	195	187
AT5G35090	1	0	0	0	0	0
AT5G35100	651	808	683	836	789	759
AT5G35110	8	11	5	8	11	12
AT5G35120	0	0	0	0	1	0
AT5G35160	852	955	937	912	746	888
AT5G35170	1514	1695	1584	1656	1564	1592
AT5G35180	1187	1475	1330	1368	999	1288
AT5G35190	58	32	100	34	34	19
AT5G35195	0	0	0	0	0	0
AT5G35200	1309	1666	1578	1046	978	903
AT5G35210	1912	2444	2258	2294	1524	2004
AT5G35220	374	384	366	486	360	459
AT5G35230	0	0	0	0	0	0
AT5G35300	0	0	0	0	0	0
AT5G35320	153	228	209	126	161	143
AT5G35330	258	309	298	313	301	296
AT5G35338	0	1	0	0	0	0
AT5G35360	4300	4755	4186	4599	4116	4374
AT5G35370	450	604	563	363	338	380
AT5G35375	0	0	2	4	1	3
AT5G35380	0	0	0	2	0	0
AT5G35390	0	0	0	0	0	0
AT5G35400	70	57	63	96	73	80
AT5G35405	0	0	0	0	0	0
AT5G35407	0	6	1	8	2	2
AT5G35410	143	199	195	175	174	201
AT5G35430	368	385	458	389	343	377
AT5G35450	169	221	178	251	180	225
AT5G35460	232	282	256	222	221	224
AT5G35475	0	0	0	0	0	0
AT5G35480	8	18	8	12	21	6
AT5G35490	5	13	5	6	9	3
AT5G35510	1	0	0	0	0	0
AT5G35520	93	103	79	115	123	116
AT5G35525	30	38	31	35	75	26
AT5G35530	1665	1810	1692	1791	1830	1905
AT5G35540	0	0	0	0	0	0
AT5G35550	0	0	0	0	0	0
AT5G35560	682	824	853	671	600	627
AT5G35570	496	625	552	403	345	380
AT5G35580	122	190	177	74	45	57
AT5G35590	874	1035	961	888	1013	800
AT5G35600	0	0	1	0	2	0
AT5G35603	0	0	0	0	0	0
AT5G35604	0	0	0	0	0	0
AT5G35605	0	0	0	0	0	0
AT5G35610	0	0	0	0	0	0
AT5G35620	1337	1487	1375	1099	1297	1208
AT5G35630	8646	9165	9162	11737	11077	10486
AT5G35640	1	0	0	0	0	1
AT5G35660	1	0	9	0	23	13
AT5G35670	21	34	33	44	55	70
AT5G35680	713	1008	901	656	695	638
AT5G35688	0	0	1	0	1	0
AT5G35690	914	1131	1062	727	740	657
AT5G35695	0	0	0	0	0	0
AT5G35698	0	0	0	0	0	0
AT5G35700	414	519	489	430	344	399
AT5G35715	0	0	0	0	0	0
AT5G35730	566	614	607	520	436	450
AT5G35732	97	133	69	111	147	120
AT5G35735	1663	1907	2309	487	441	533
AT5G35737	0	0	0	0	0	0
AT5G35740	40	43	49	58	61	55
AT5G35750	508	521	423	572	593	612
AT5G35753	179	174	172	181	152	212
AT5G35760	7	5	5	9	11	11
AT5G35770	2	1	1	7	4	5
AT5G35790	778	860	704	945	912	909
AT5G35810	0	0	0	0	0	0
AT5G35830	0	0	0	0	0	0
AT5G35840	294	429	326	488	393	462
AT5G35870	0	0	0	0	0	0
AT5G35890	0	0	0	0	0	0
AT5G35900	0	7	2	0	0	0
AT5G35910	761	846	831	803	638	836
AT5G35913	0	0	0	0	0	0
AT5G35917	0	1	0	0	0	0
AT5G35920	0	0	0	0	0	0
AT5G35926	10	13	17	23	29	19
AT5G35927	0	0	0	0	0	0
AT5G35930	193	206	174	273	199	270
AT5G35940	13	6	11	15	16	15
AT5G35945	0	0	0	0	0	0
AT5G35950	0	0	0	0	0	0
AT5G35960	1	3	5	2	0	1
AT5G35970	363	390	382	492	524	371
AT5G35980	1446	1898	1785	1504	1127	1362
AT5G35995	173	217	169	200	231	230
AT5G36000	13	11	16	14	12	7
AT5G36001	0	0	0	0	0	0
AT5G36002	0	0	0	1	0	0
AT5G36080	0	0	0	0	0	0
AT5G36100	3	0	2	1	3	3
AT5G36110	3	3	4	12	21	10
AT5G36120	130	129	106	184	190	180
AT5G36130	0	0	0	0	6	3
AT5G36140	0	0	1	4	0	4
AT5G36150	0	0	0	4	10	1
AT5G36160	993	1196	1043	719	684	584
AT5G36170	706	759	735	837	938	869
AT5G36180	24	4	20	76	75	72
AT5G36190	0	0	0	0	0	0
AT5G36200	0	0	0	0	0	0
AT5G36210	624	686	773	887	641	745
AT5G36220	133	198	164	94	110	81
AT5G36225	0	0	0	0	0	0
AT5G36228	0	0	0	0	0	0
AT5G36230	1931	2109	1961	2234	2312	2175
AT5G36240	8	2	0	3	4	2
AT5G36250	324	362	317	350	321	357
AT5G36260	5	5	6	7	3	3
AT5G36280	0	0	1	0	0	2
AT5G36290	649	749	675	645	643	675
AT5G36300	0	0	0	0	0	0
AT5G36310	0	0	0	0	0	0
AT5G36320	0	0	0	0	0	0
AT5G36330	0	0	0	0	0	0
AT5G36340	0	0	0	0	0	0
AT5G36350	0	0	0	0	0	0
AT5G36360	0	0	0	0	0	0
AT5G36370	0	0	0	0	0	0
AT5G36380	0	0	0	0	0	0
AT5G36390	0	0	0	0	0	0
AT5G36400	0	0	0	0	0	0
AT5G36410	0	0	0	0	0	0
AT5G36420	0	0	0	0	0	0
AT5G36430	0	0	0	0	0	0
AT5G36440	0	0	0	0	0	0
AT5G36450	0	0	0	0	0	0
AT5G36460	0	0	0	0	0	0
AT5G36470	0	0	0	0	0	0
AT5G36480	0	0	0	0	0	0
AT5G36490	0	0	0	0	0	0
AT5G36500	0	0	0	0	0	0
AT5G36520	0	0	0	0	0	0
AT5G36540	0	0	0	0	0	0
AT5G36550	0	0	0	0	0	0
AT5G36657	0	0	0	0	0	0
AT5G36658	0	0	0	0	0	0
AT5G36659	0	0	0	0	0	0
AT5G36661	0	0	0	0	0	0
AT5G36662	0	0	0	0	0	0
AT5G36670	0	1	0	0	0	0
AT5G36680	0	0	0	0	0	0
AT5G36690	0	0	0	0	0	0
AT5G36700	0	0	0	1	2	0
AT5G36710	0	0	0	0	0	0
AT5G36720	0	0	0	0	0	0
AT5G36722	0	0	0	0	0	0
AT5G36730	0	0	0	0	0	0
AT5G36738	0	0	0	0	0	0
AT5G36739	0	0	0	0	0	0
AT5G36740	4	2	0	5	1	1
AT5G36770	0	0	0	0	0	0
AT5G36780	0	0	0	0	0	0
AT5G36790	3	1	1	7	7	1
AT5G36800	1	0	0	0	0	0
AT5G36805	0	0	0	0	0	0
AT5G36810	0	0	0	0	0	0
AT5G36820	0	0	0	0	0	0
AT5G36870	4	9	4	12	12	12
AT5G36880	2707	3073	3530	1570	1249	1492
AT5G36890	330	304	320	329	296	329
AT5G36900	0	0	1	0	1	0
AT5G36907	55	98	85	10	9	34
AT5G36910	79	124	99	123	179	95
AT5G36920	17	41	33	18	24	14
AT5G36925	86	134	137	33	36	40
AT5G36930	186	242	231	202	173	198
AT5G36940	238	371	300	350	301	342
AT5G36950	263	243	289	258	222	264
AT5G36960	0	0	3	3	1	3
AT5G36970	77	167	136	1	2	0
AT5G36980	0	0	0	0	0	0
AT5G37000	36	44	48	32	42	52
AT5G37010	22	35	35	72	52	59
AT5G37020	368	444	367	575	369	483
AT5G37030	0	0	0	0	0	0
AT5G37040	0	0	0	0	0	0
AT5G37050	0	2	2	2	4	0
AT5G37055	112	144	128	112	139	97
AT5G37060	0	0	0	0	0	0
AT5G37070	231	337	277	214	204	179
AT5G37130	1092	1504	1294	1678	1371	1314
AT5G37140	0	1	0	0	0	0
AT5G37150	0	0	0	0	0	0
AT5G37160	0	0	0	0	0	0
AT5G37165	0	0	0	0	0	0
AT5G37170	0	0	0	0	0	0
AT5G37180	19	21	25	23	13	24
AT5G37190	256	239	237	298	261	249
AT5G37200	0	0	0	0	0	0
AT5G37210	4	1	4	6	3	6
AT5G37220	0	0	0	0	0	0
AT5G37230	0	0	0	0	0	0
AT5G37240	7	5	8	8	5	4
AT5G37247	1	1	0	1	3	3
AT5G37250	2	3	3	1	3	1
AT5G37260	411	474	397	508	529	440
AT5G37270	0	0	0	1	0	0
AT5G37280	0	0	0	0	0	0
AT5G37290	62	90	72	79	90	85
AT5G37300	0	0	0	1	0	1
AT5G37310	381	398	370	465	439	451
AT5G37320	0	0	0	0	0	0
AT5G37340	83	96	71	94	97	99
AT5G37350	377	449	441	414	452	413
AT5G37360	345	329	310	336	363	317
AT5G37370	817	1026	919	873	899	836
AT5G37380	208	218	205	261	229	230
AT5G37400	19	31	20	29	19	24
AT5G37410	21	34	26	13	18	8
AT5G37415	0	1	0	0	0	1
AT5G37420	2	1	0	2	2	0
AT5G37430	0	0	0	0	0	0
AT5G37440	7	20	11	25	23	21
AT5G37450	32	36	48	22	41	48
AT5G37460	0	0	0	1	0	0
AT5G37470	0	0	0	0	0	0
AT5G37473	0	0	0	0	0	0
AT5G37474	0	0	0	0	0	1
AT5G37475	541	639	594	619	584	552
AT5G37478	0	0	0	1	3	1
AT5G37480	218	261	222	171	161	169
AT5G37485	22	34	32	11	8	7
AT5G37490	58	67	88	13	12	7
AT5G37500	89	98	86	120	124	69
AT5G37510	1758	2023	2004	1890	1491	1774
AT5G37520	0	0	0	0	0	0
AT5G37530	114	104	98	137	118	114
AT5G37540	143	140	161	84	61	80
AT5G37550	0	2	2	5	1	2
AT5G37560	0	0	0	0	0	0
AT5G37570	40	21	34	36	27	30
AT5G37590	141	177	161	169	177	194
AT5G37600	3355	4525	3895	1840	2331	1900
AT5G37610	0	0	1	0	0	0
AT5G37620	0	0	0	0	0	0
AT5G37630	67	78	90	117	86	120
AT5G37640	0	0	0	0	0	0
AT5G37650	0	0	0	0	0	0
AT5G37660	35	51	42	40	30	31
AT5G37670	8	25	17	10	12	7
AT5G37680	30	48	47	47	53	69
AT5G37690	70	78	100	157	136	105
AT5G37710	478	521	474	304	387	321
AT5G37715	0	0	0	0	0	0
AT5G37720	766	1083	925	837	879	790
AT5G37730	1	1	0	0	0	0
AT5G37740	822	1097	1086	656	660	590
AT5G37750	11	12	13	14	13	10
AT5G37760	0	0	0	0	0	0
AT5G37770	308	335	274	162	203	218
AT5G37780	2152	2720	2372	1923	2002	2043
AT5G37790	106	95	122	163	125	144
AT5G37793	1	3	5	4	5	3
AT5G37795	0	0	0	0	0	0
AT5G37800	0	0	0	1	1	1
AT5G37810	0	0	0	0	0	0
AT5G37820	0	0	1	0	1	2
AT5G37830	819	962	894	804	659	788
AT5G37840	70	130	82	7	4	6
AT5G37850	839	1104	1012	673	768	682
AT5G37860	0	0	0	0	0	0
AT5G37870	0	1	0	0	0	0
AT5G37890	78	85	92	127	119	107
AT5G37900	0	0	0	0	0	0
AT5G37910	0	0	0	0	0	0
AT5G37920	0	0	0	0	0	0
AT5G37930	187	193	170	173	185	174
AT5G37940	1	1	0	0	1	1
AT5G37950	3	3	1	7	6	2
AT5G37960	0	0	0	0	0	0
AT5G37970	0	0	0	0	0	0
AT5G37980	1	0	0	1	3	0
AT5G37990	19	8	19	98	63	73
AT5G38000	0	0	0	4	5	8
AT5G38005	0	1	3	1	8	2
AT5G38010	4	5	9	17	14	11
AT5G38020	26	10	23	66	42	68
AT5G38030	24	28	35	61	57	60
AT5G38040	17	25	31	26	29	34
AT5G38050	40	29	45	62	69	63
AT5G38060	26	24	17	42	41	46
AT5G38070	6	11	13	17	17	15
AT5G38080	0	1	1	0	1	0
AT5G38090	0	0	0	0	0	0
AT5G38100	4	7	4	28	35	39
AT5G38110	158	221	193	166	225	198
AT5G38120	0	0	0	0	0	0
AT5G38130	0	0	0	0	0	0
AT5G38140	62	83	88	110	111	96
AT5G38150	182	275	225	268	181	289
AT5G38155	0	0	0	0	0	0
AT5G38160	0	0	0	0	0	0
AT5G38170	0	0	0	0	0	0
AT5G38180	0	0	0	0	0	0
AT5G38190	1	0	0	0	0	0
AT5G38195	0	0	0	0	0	0
AT5G38197	0	0	0	0	0	0
AT5G38200	1952	2902	3051	752	690	623
AT5G38210	0	0	0	0	0	0
AT5G38212	35	57	49	34	24	26
AT5G38220	126	177	142	204	149	164
AT5G38240	8	11	10	6	5	4
AT5G38250	3	4	3	0	2	2
AT5G38260	0	0	0	0	0	0
AT5G38270	0	0	0	0	0	0
AT5G38280	30	28	25	18	19	36
AT5G38290	168	171	161	221	203	199
AT5G38300	7	16	20	17	20	15
AT5G38310	23	30	29	1	6	6
AT5G38317	0	0	0	0	0	0
AT5G38320	4	7	2	4	5	10
AT5G38330	0	0	0	0	0	0
AT5G38340	90	90	95	80	81	105
AT5G38344	7	16	10	10	10	10
AT5G38350	51	30	58	39	49	29
AT5G38360	165	177	152	183	198	197
AT5G38378	0	0	0	0	0	0
AT5G38380	229	247	231	261	247	221
AT5G38386	2	3	0	0	0	3
AT5G38390	0	0	0	0	0	0
AT5G38391	0	0	0	0	0	0
AT5G38392	0	0	0	0	0	0
AT5G38396	0	0	0	0	0	0
AT5G38397	0	0	0	0	0	0
AT5G38400	0	0	0	0	0	0
AT5G38410	5844	6485	5617	7556	9351	6804
AT5G38420	3533	4257	3468	4869	6407	4667
AT5G38430	2845	2208	1951	2837	2798	2307
AT5G38435	0	0	0	0	0	0
AT5G38440	0	0	0	0	0	0
AT5G38450	0	5	3	5	3	4
AT5G38460	129	132	103	166	105	147
AT5G38470	1205	1438	1375	1344	1240	1221
AT5G38480	2113	2351	2290	2209	2225	2082
AT5G38490	0	0	0	0	0	0
AT5G38500	2	0	0	0	0	0
AT5G38510	205	246	193	335	318	338
AT5G38520	339	352	328	503	559	491
AT5G38530	1409	1808	1856	718	639	598
AT5G38540	18	20	42	25	37	23
AT5G38550	32	43	32	31	39	30
AT5G38560	445	573	533	511	421	469
AT5G38565	23	36	22	26	21	22
AT5G38570	0	0	0	0	0	0
AT5G38580	0	0	0	0	0	0
AT5G38590	67	84	75	87	97	75
AT5G38600	284	364	311	360	289	344
AT5G38610	10	11	13	15	5	11
AT5G38620	0	0	0	0	0	0
AT5G38630	323	382	330	329	360	331
AT5G38640	425	372	421	454	292	422
AT5G38650	0	0	0	0	0	0
AT5G38660	901	951	934	941	1046	802
AT5G38670	0	0	0	0	0	0
AT5G38680	0	0	0	0	0	0
AT5G38690	222	257	200	217	169	204
AT5G38700	2	4	6	3	3	3
AT5G38710	89	150	160	46	41	34
AT5G38720	192	219	230	243	244	223
AT5G38730	21	14	29	21	29	23
AT5G38740	0	2	0	0	0	0
AT5G38743	7	6	2	3	2	5
AT5G38747	18	16	19	21	18	15
AT5G38750	4	9	5	3	6	7
AT5G38760	0	0	0	0	0	0
AT5G38770	1	2	1	2	0	2
AT5G38780	11	13	13	29	27	28
AT5G38790	0	0	0	2	2	3
AT5G38800	0	1	0	2	0	0
AT5G38810	0	0	0	0	0	0
AT5G38820	0	2	0	0	2	0
AT5G38830	784	973	955	707	546	653
AT5G38840	461	447	493	497	379	453
AT5G38850	237	269	245	190	165	207
AT5G38860	112	171	100	169	141	152
AT5G38865	124	157	129	203	102	166
AT5G38880	601	617	671	558	418	553
AT5G38890	134	151	130	151	178	173
AT5G38895	166	226	182	157	146	141
AT5G38900	666	1004	1098	204	200	257
AT5G38905	0	0	0	0	0	0
AT5G38910	55	87	55	65	66	79
AT5G38920	0	0	0	0	0	0
AT5G38930	4	11	10	6	6	10
AT5G38940	104	131	197	108	92	141
AT5G38950	0	0	0	0	0	0
AT5G38960	0	0	0	0	0	0
AT5G38970	7	9	11	16	25	20
AT5G38980	221	338	242	361	444	406
AT5G38990	482	547	543	347	363	326
AT5G39000	21	10	10	10	5	11
AT5G39010	1	1	2	0	0	0
AT5G39020	132	204	200	77	76	95
AT5G39024	0	0	0	0	0	0
AT5G39030	100	142	153	73	47	68
AT5G39040	807	1014	1131	546	485	472
AT5G39050	2940	3821	4043	819	896	674
AT5G39080	307	356	358	232	258	268
AT5G39090	41	54	55	19	26	29
AT5G39100	1	5	2	1	2	4
AT5G39110	0	2	9	13	3	7
AT5G39120	0	3	5	1	1	0
AT5G39130	2	0	0	0	0	1
AT5G39140	0	0	0	0	0	0
AT5G39150	0	1	0	0	0	0
AT5G39160	4	3	4	2	4	2
AT5G39170	0	0	0	0	0	0
AT5G39180	0	0	0	0	0	0
AT5G39190	7	18	10	3	7	7
AT5G39200	0	0	0	0	0	0
AT5G39210	99	105	100	190	255	165
AT5G39220	1	1	4	4	6	6
AT5G39230	0	1	1	0	0	0
AT5G39240	10	9	8	11	2	10
AT5G39250	85	133	102	87	103	84
AT5G39260	0	0	0	0	1	2
AT5G39270	0	0	0	0	0	0
AT5G39280	0	0	0	0	0	0
AT5G39290	0	0	0	0	0	0
AT5G39300	0	0	0	0	0	1
AT5G39310	0	0	0	0	0	0
AT5G39320	187	170	238	266	201	228
AT5G39330	4	5	3	18	12	7
AT5G39340	281	349	260	320	309	320
AT5G39350	66	80	66	101	75	101
AT5G39360	215	302	268	156	161	155
AT5G39365	0	0	0	0	0	0
AT5G39370	0	0	0	1	0	0
AT5G39380	44	45	56	39	46	60
AT5G39390	0	1	1	0	0	1
AT5G39400	0	0	0	0	0	0
AT5G39410	419	497	400	572	473	464
AT5G39420	1	2	2	3	0	0
AT5G39430	0	0	0	0	0	0
AT5G39440	0	0	0	0	0	0
AT5G39450	61	99	83	79	58	66
AT5G39460	0	0	0	0	2	0
AT5G39470	0	0	0	0	0	0
AT5G39471	0	2	4	3	1	4
AT5G39480	0	0	0	0	0	0
AT5G39490	0	2	0	0	0	0
AT5G39493	0	0	0	0	0	1
AT5G39500	451	451	468	473	463	519
AT5G39510	1068	1276	1202	1010	995	876
AT5G39520	124	243	364	98	104	155
AT5G39530	335	373	308	358	470	326
AT5G39535	0	0	0	0	0	1
AT5G39540	0	0	0	0	0	0
AT5G39550	116	120	133	140	133	132
AT5G39560	0	0	2	0	0	0
AT5G39570	5007	5857	5538	5311	4639	4839
AT5G39580	5380	5666	7042	1921	963	1794
AT5G39590	2908	3310	3085	2650	2155	2178
AT5G39600	191	174	182	172	203	212
AT5G39610	991	1606	1254	800	776	989
AT5G39620	0	0	0	0	0	0
AT5G39630	0	2	0	0	0	2
AT5G39635	0	1	0	0	0	0
AT5G39640	0	0	0	0	0	0
AT5G39645	0	0	0	0	0	0
AT5G39650	0	0	0	0	0	0
AT5G39660	160	185	187	123	100	103
AT5G39670	63	98	120	18	24	25
AT5G39680	15	9	14	20	20	17
AT5G39690	0	1	0	0	0	0
AT5G39693	0	0	1	0	1	0
AT5G39700	0	0	0	0	0	0
AT5G39710	71	77	73	114	91	109
AT5G39715	0	0	0	0	0	0
AT5G39720	2	2	1	2	0	3
AT5G39730	377	505	373	362	379	363
AT5G39740	3346	3444	3330	2835	3137	3480
AT5G39750	1	0	0	0	0	0
AT5G39760	229	267	236	308	330	313
AT5G39770	0	0	0	0	0	0
AT5G39775	0	0	0	0	0	0
AT5G39785	89	139	142	113	86	90
AT5G39790	45	48	36	74	53	67
AT5G39800	43	57	37	81	63	59
AT5G39810	0	0	0	0	0	0
AT5G39820	0	2	0	1	0	1
AT5G39830	557	537	505	607	600	571
AT5G39840	90	116	119	170	173	174
AT5G39850	134	134	130	163	147	204
AT5G39860	2	1	1	0	4	3
AT5G39865	7	9	10	18	17	17
AT5G39870	0	0	0	0	0	0
AT5G39880	0	0	0	0	0	0
AT5G39890	340	498	427	131	372	107
AT5G39895	0	0	0	0	0	0
AT5G39900	76	75	57	97	70	88
AT5G39910	0	0	0	0	0	0
AT5G39920	0	0	0	0	0	0
AT5G39930	0	0	0	0	1	0
AT5G39940	148	169	168	197	206	199
AT5G39950	660	921	908	626	677	598
AT5G39960	133	124	117	161	168	158
AT5G39970	150	203	130	112	143	153
AT5G39980	101	62	93	123	123	113
AT5G39990	229	243	267	227	239	246
AT5G40000	60	103	133	3	0	2
AT5G40010	66	110	97	18	35	28
AT5G40020	2	4	4	8	1	2
AT5G40030	6	9	7	10	8	15
AT5G40040	0	0	0	2	1	2
AT5G40050	0	0	0	0	0	0
AT5G40060	163	176	163	186	209	209
AT5G40070	0	0	0	0	0	0
AT5G40080	42	62	48	62	43	74
AT5G40090	34	26	20	34	30	18
AT5G40100	68	41	65	101	50	80
AT5G40120	0	0	0	0	0	0
AT5G40140	54	53	56	69	57	75
AT5G40150	25	20	13	36	36	41
AT5G40153	0	0	0	0	0	0
AT5G40155	0	0	0	0	0	0
AT5G40160	299	294	307	341	290	363
AT5G40170	807	1037	1049	531	445	509
AT5G40180	23	34	20	17	16	15
AT5G40190	162	204	194	154	196	185
AT5G40200	542	624	666	705	595	605
AT5G40210	0	7	1	1	0	3
AT5G40220	0	0	0	0	0	0
AT5G40230	22	25	25	21	22	25
AT5G40240	314	528	437	396	317	373
AT5G40250	167	187	150	208	207	197
AT5G40260	0	0	0	0	0	1
AT5G40270	90	116	80	106	96	85
AT5G40275	0	0	0	0	0	0
AT5G40280	195	235	245	241	180	197
AT5G40290	0	0	0	0	0	0
AT5G40300	118	145	117	165	154	149
AT5G40310	0	0	0	0	0	0
AT5G40315	0	0	0	0	0	0
AT5G40316	0	0	0	0	2	0
AT5G40320	0	0	0	0	0	1
AT5G40330	7	11	10	13	9	10
AT5G40340	707	784	792	615	649	730
AT5G40348	0	0	0	0	0	0
AT5G40350	0	0	0	0	0	0
AT5G40360	0	1	0	0	1	0
AT5G40370	1394	2294	1885	987	1139	870
AT5G40380	67	67	53	110	73	78
AT5G40382	1	0	2	0	1	3
AT5G40384	0	0	0	0	0	0
AT5G40390	142	169	195	318	178	255
AT5G40395	0	0	0	0	0	0
AT5G40400	44	56	50	51	40	53
AT5G40405	25	39	39	52	55	47
AT5G40410	14	22	5	11	12	17
AT5G40420	1	0	7	0	16	12
AT5G40430	0	0	0	0	0	0
AT5G40440	87	94	72	120	87	113
AT5G40450	7327	10118	8156	7225	5236	5797
AT5G40460	22	36	44	22	14	16
AT5G40470	106	131	132	99	90	110
AT5G40480	504	495	541	879	551	836
AT5G40490	298	340	324	329	361	382
AT5G40500	43	52	36	59	66	49
AT5G40510	36	31	38	87	42	71
AT5G40520	145	169	181	153	134	154
AT5G40530	132	161	150	133	161	133
AT5G40540	134	179	217	90	70	80
AT5G40545	0	0	0	0	0	0
AT5G40550	59	90	84	109	96	95
AT5G40560	0	0	0	0	0	0
AT5G40570	21	32	29	27	26	36
AT5G40580	525	671	655	559	703	575
AT5G40590	213	192	354	229	285	222
AT5G40595	0	0	0	0	0	0
AT5G40600	61	77	68	71	59	70
AT5G40610	256	270	226	248	303	293
AT5G40620	0	0	0	0	0	0
AT5G40630	3	3	3	10	9	15
AT5G40640	33	35	41	58	33	61
AT5G40645	0	0	0	0	0	0
AT5G40650	346	445	409	303	289	264
AT5G40660	285	315	305	320	288	306
AT5G40670	291	395	379	293	303	295
AT5G40680	0	0	0	0	0	1
AT5G40690	177	255	174	175	181	147
AT5G40700	60	67	68	66	67	86
AT5G40710	110	126	123	109	134	123
AT5G40720	197	259	212	206	205	225
AT5G40730	73	83	83	117	132	88
AT5G40740	426	495	481	371	379	396
AT5G40750	0	0	0	0	0	0
AT5G40760	1108	1395	1471	443	459	450
AT5G40770	853	910	901	889	981	947
AT5G40780	1133	1322	1556	561	348	628
AT5G40790	0	0	0	0	0	0
AT5G40800	0	1	0	1	0	2
AT5G40810	1203	1306	1248	1118	1169	1142
AT5G40820	70	95	76	127	76	93
AT5G40830	177	162	153	226	204	250
AT5G40840	49	31	47	70	67	59
AT5G40850	2200	2058	2062	2360	1631	2310
AT5G40855	0	0	1	0	0	0
AT5G40860	6	4	5	6	3	2
AT5G40870	307	364	322	374	343	399
AT5G40880	101	122	103	126	105	121
AT5G40890	1424	1756	1375	2429	1815	2266
AT5G40900	0	2	1	6	2	2
AT5G40910	997	1180	1032	1170	912	1207
AT5G40930	362	442	435	336	380	347
AT5G40940	1	0	0	0	0	0
AT5G40945	0	0	0	0	0	0
AT5G40950	1904	2016	1951	2129	2420	2068
AT5G40960	14	10	18	10	13	11
AT5G40970	75	74	79	59	60	64
AT5G40980	0	0	0	0	0	0
AT5G40981	0	0	0	0	0	0
AT5G40990	70	104	117	8	6	10
AT5G41000	107	134	131	143	126	105
AT5G41010	208	303	222	223	299	206
AT5G41020	306	289	304	263	293	312
AT5G41025	0	0	0	0	0	0
AT5G41030	0	2	2	0	1	0
AT5G41040	242	244	358	202	168	178
AT5G41050	67	69	62	82	68	69
AT5G41060	225	256	223	251	197	231
AT5G41070	205	241	196	158	145	155
AT5G41071	0	0	0	0	1	0
AT5G41080	2345	3905	3018	746	1888	654
AT5G41090	0	1	0	0	1	0
AT5G41100	437	503	572	224	179	237
AT5G41109	0	0	0	0	0	0
AT5G41110	176	181	168	185	157	158
AT5G41120	54	45	71	62	57	77
AT5G41130	68	131	88	133	113	119
AT5G41140	260	302	265	449	298	387
AT5G41150	269	264	258	273	200	259
AT5G41160	3	12	11	2	5	7
AT5G41170	51	55	44	46	32	40
AT5G41180	270	340	410	186	137	161
AT5G41190	602	619	572	640	647	632
AT5G41200	0	0	0	0	0	0
AT5G41210	630	752	619	727	708	682
AT5G41220	214	268	221	198	277	227
AT5G41240	218	240	208	257	337	263
AT5G41250	0	0	0	0	0	0
AT5G41260	959	1259	1044	1070	1203	1020
AT5G41265	0	0	0	0	0	0
AT5G41270	72	88	65	67	104	96
AT5G41280	5	4	6	13	12	14
AT5G41290	5	1	2	5	8	6
AT5G41300	3	7	6	14	8	11
AT5G41310	0	0	0	0	0	0
AT5G41315	7	2	2	2	11	7
AT5G41320	0	0	0	0	0	0
AT5G41330	215	208	178	187	159	205
AT5G41340	210	327	279	261	318	243
AT5G41350	231	325	273	212	250	214
AT5G41360	186	233	252	218	181	233
AT5G41370	926	1138	892	1246	962	1073
AT5G41380	0	1	1	1	1	2
AT5G41390	0	0	0	0	0	0
AT5G41400	52	78	42	64	65	76
AT5G41401	0	0	0	0	0	0
AT5G41410	312	334	293	361	309	300
AT5G41420	0	0	0	0	0	0
AT5G41430	0	0	0	0	0	0
AT5G41440	0	0	0	0	0	0
AT5G41450	0	0	0	0	0	0
AT5G41460	14	23	15	23	9	24
AT5G41470	0	7	2	4	1	0
AT5G41471	0	0	0	0	1	0
AT5G41480	173	212	159	182	188	199
AT5G41490	0	0	0	0	0	0
AT5G41500	0	0	0	0	0	0
AT5G41510	0	0	0	0	0	0
AT5G41520	2933	3275	3052	2606	3308	2874
AT5G41530	0	0	0	0	0	0
AT5G41540	0	4	0	2	1	0
AT5G41550	8	9	18	5	2	4
AT5G41560	181	228	215	197	210	148
AT5G41570	2	2	22	22	22	3
AT5G41580	140	226	178	187	154	182
AT5G41590	8	14	9	7	13	2
AT5G41600	353	369	370	431	412	446
AT5G41605	0	0	0	0	0	0
AT5G41610	0	6	5	2	0	0
AT5G41612	0	0	0	0	0	0
AT5G41620	39	44	24	38	43	62
AT5G41630	0	0	0	0	0	0
AT5G41640	0	0	0	0	0	0
AT5G41650	23	33	34	32	30	27
AT5G41660	0	1	0	0	0	0
AT5G41663	2	3	1	2	4	2
AT5G41670	1709	1777	1669	1831	1451	1971
AT5G41675	0	0	0	0	0	0
AT5G41680	40	52	61	17	11	4
AT5G41685	219	218	226	255	256	243
AT5G41690	20	37	34	40	25	38
AT5G41700	1754	2710	2322	2953	3657	2970
AT5G41720	0	0	0	0	0	0
AT5G41730	4	1	11	0	1	0
AT5G41740	507	718	776	116	157	109
AT5G41750	604	1017	1231	130	101	116
AT5G41760	161	175	174	183	206	195
AT5G41761	53	103	69	80	64	59
AT5G41763	2	0	4	4	2	2
AT5G41765	0	0	2	2	7	2
AT5G41770	850	978	1018	911	741	825
AT5G41780	2	2	1	1	1	1
AT5G41790	1666	2156	1755	1462	1644	1415
AT5G41800	201	225	199	141	182	159
AT5G41810	129	151	141	162	164	167
AT5G41820	3	3	2	3	2	0
AT5G41830	13	20	6	5	9	4
AT5G41840	0	0	0	0	0	0
AT5G41850	54	58	38	82	99	73
AT5G41860	3	7	3	10	11	3
AT5G41870	156	201	171	190	167	191
AT5G41880	133	148	119	110	103	107
AT5G41890	0	0	0	0	0	0
AT5G41900	14	14	13	15	7	12
AT5G41905	1	0	1	1	1	0
AT5G41908	0	0	0	0	0	0
AT5G41910	81	94	86	85	91	84
AT5G41920	191	258	201	230	273	252
AT5G41940	588	685	639	643	675	577
AT5G41950	888	949	976	951	738	795
AT5G41960	197	253	188	226	217	251
AT5G41970	440	428	452	443	464	511
AT5G41980	23	29	36	56	63	38
AT5G41990	1451	1732	1836	1304	1054	1178
AT5G42000	281	357	288	308	262	237
AT5G42010	148	176	176	78	61	125
AT5G42020	3361	2716	3259	1454	1258	1808
AT5G42030	436	496	422	589	563	550
AT5G42040	0	6	5	2	3	4
AT5G42050	2698	3294	3299	1776	1396	1659
AT5G42053	0	0	0	0	0	0
AT5G42060	92	162	135	140	152	145
AT5G42070	51	39	65	66	86	87
AT5G42080	2280	2701	2525	2409	1978	2238
AT5G42090	16	17	36	22	26	18
AT5G42092	0	0	0	0	0	0
AT5G42100	731	834	689	804	813	834
AT5G42110	144	150	125	127	148	111
AT5G42120	1	3	3	4	5	8
AT5G42130	262	267	285	363	348	406
AT5G42140	241	268	276	214	174	186
AT5G42146	12	30	18	25	17	42
AT5G42150	300	365	390	267	292	251
AT5G42170	0	0	0	0	0	0
AT5G42180	23	14	30	115	71	70
AT5G42190	679	783	646	789	868	714
AT5G42200	25	23	18	52	36	41
AT5G42210	5	14	10	21	9	15
AT5G42220	752	886	897	824	672	796
AT5G42223	0	5	2	0	0	0
AT5G42230	1	1	1	1	2	0
AT5G42232	0	0	0	0	0	0
AT5G42235	0	0	0	0	0	0
AT5G42240	366	469	392	508	479	500
AT5G42242	0	0	0	0	1	0
AT5G42250	214	279	221	233	237	212
AT5G42260	0	0	0	0	0	0
AT5G42270	3334	3599	3602	3941	3568	3418
AT5G42280	33	25	34	30	22	35
AT5G42290	0	0	0	0	0	0
AT5G42300	2167	3166	2667	1942	2320	1854
AT5G42310	466	423	352	484	494	485
AT5G42320	408	420	378	412	419	397
AT5G42325	0	0	0	0	0	1
AT5G42330	16	25	10	25	19	22
AT5G42340	0	1	0	0	0	0
AT5G42350	141	159	150	79	52	69
AT5G42360	147	159	133	124	109	115
AT5G42370	30	34	33	46	50	49
AT5G42380	100	166	189	9	7	6
AT5G42390	2787	3046	3210	3091	2283	2785
AT5G42400	443	441	459	528	338	448
AT5G42410	0	0	0	0	0	0
AT5G42420	437	458	480	483	459	491
AT5G42430	0	0	0	0	0	0
AT5G42440	163	169	169	99	102	135
AT5G42450	24	18	19	21	29	23
AT5G42460	54	74	50	59	58	44
AT5G42470	235	288	287	284	241	238
AT5G42480	393	382	417	583	455	545
AT5G42490	3	1	0	2	3	3
AT5G42500	10	13	6	22	18	22
AT5G42504	0	0	0	0	0	0
AT5G42510	3	5	7	8	5	6
AT5G42520	747	905	743	785	715	734
AT5G42530	203	864	563	128	743	57
AT5G42540	1070	1175	1224	1162	915	1055
AT5G42560	421	522	467	459	533	424
AT5G42567	0	0	0	0	0	0
AT5G42570	338	475	434	338	333	317
AT5G42580	4	0	2	8	9	18
AT5G42590	3	6	3	22	11	22
AT5G42600	0	0	0	12	3	3
AT5G42610	0	0	0	0	0	0
AT5G42620	797	939	951	887	855	891
AT5G42630	7	3	6	6	8	15
AT5G42635	0	0	0	0	0	0
AT5G42640	0	0	0	0	0	0
AT5G42650	279	420	355	250	268	218
AT5G42655	2	3	2	6	4	6
AT5G42660	175	205	185	208	181	194
AT5G42670	138	178	137	178	209	195
AT5G42680	177	213	173	221	119	181
AT5G42690	20	29	23	63	39	43
AT5G42700	10	2	8	17	21	23
AT5G42710	4	4	4	8	2	5
AT5G42720	69	108	95	151	74	141
AT5G42740	600	651	696	664	580	634
AT5G42750	180	193	142	186	162	200
AT5G42760	8	10	9	15	13	21
AT5G42765	442	478	409	481	477	505
AT5G42770	92	87	87	93	140	110
AT5G42780	20	25	21	42	33	37
AT5G42785	3	6	5	8	8	8
AT5G42790	1181	1463	1375	1124	1365	1109
AT5G42797	0	0	0	0	0	0
AT5G42800	0	2	0	1	1	0
AT5G42810	119	145	122	135	126	104
AT5G42820	210	243	211	243	218	252
AT5G42825	0	0	0	0	0	0
AT5G42830	540	758	848	321	283	284
AT5G42840	13	7	18	12	9	17
AT5G42850	494	768	573	578	610	541
AT5G42860	31	27	22	49	34	48
AT5G42870	1227	1523	1416	1009	807	929
AT5G42880	73	100	99	129	115	113
AT5G42890	499	679	584	580	577	576
AT5G42895	0	0	0	0	0	0
AT5G42900	948	1210	1030	957	1237	925
AT5G42905	0	0	0	0	0	0
AT5G42910	0	0	0	0	0	0
AT5G42920	460	499	473	531	504	546
AT5G42930	101	125	122	13	7	20
AT5G42940	815	1066	1044	626	634	651
AT5G42950	1667	1853	1873	1768	1271	1642
AT5G42955	0	0	0	0	0	0
AT5G42957	0	0	0	0	0	0
AT5G42960	175	203	201	201	197	189
AT5G42965	0	3	1	1	0	2
AT5G42970	423	512	480	407	451	357
AT5G42980	6706	8623	8461	6461	6111	6072
AT5G42990	246	294	266	228	244	218
AT5G43000	0	0	0	0	0	0
AT5G43010	670	690	676	676	560	547
AT5G43020	104	124	106	167	158	193
AT5G43030	2	3	2	7	3	4
AT5G43040	3	7	3	11	5	12
AT5G43050	117	120	142	99	131	112
AT5G43060	1207	1563	1543	1246	1113	1278
AT5G43064	1	2	1	2	2	1
AT5G43066	0	0	0	0	0	0
AT5G43068	1	2	0	0	1	0
AT5G43070	60	58	44	76	51	62
AT5G43080	36	44	37	39	41	35
AT5G43090	1	0	0	0	0	0
AT5G43100	826	949	914	750	703	750
AT5G43110	0	0	0	0	0	0
AT5G43120	2	2	0	0	1	0
AT5G43130	702	848	765	660	648	655
AT5G43140	118	120	128	116	98	93
AT5G43150	20	20	40	49	74	49
AT5G43155	24	34	38	33	32	51
AT5G43160	30	23	25	20	27	31
AT5G43170	80	114	84	62	81	83
AT5G43175	0	0	2	2	2	0
AT5G43180	58	64	45	45	40	42
AT5G43185	0	0	0	0	0	0
AT5G43190	406	429	448	287	351	330
AT5G43200	1	2	1	0	1	3
AT5G43210	44	58	46	43	45	51
AT5G43211	0	0	0	0	0	0
AT5G43230	1	2	1	2	1	2
AT5G43240	0	1	0	2	1	0
AT5G43250	24	44	24	20	36	18
AT5G43260	260	386	315	172	156	142
AT5G43270	237	286	196	344	368	358
AT5G43280	186	242	212	222	196	207
AT5G43285	0	0	0	1	0	0
AT5G43290	17	14	11	76	32	61
AT5G43300	0	1	1	6	5	3
AT5G43310	631	848	694	713	560	713
AT5G43320	2142	2784	2469	1767	1715	1610
AT5G43330	326	381	386	453	397	395
AT5G43340	0	0	0	0	0	0
AT5G43350	387	316	438	353	279	372
AT5G43360	0	0	0	0	0	0
AT5G43370	0	1	0	0	1	1
AT5G43380	71	69	56	47	39	53
AT5G43390	1	1	0	0	0	0
AT5G43400	38	35	52	46	34	53
AT5G43401	0	2	0	0	0	0
AT5G43403	94	75	94	78	99	95
AT5G43410	0	0	2	0	0	0
AT5G43420	80	105	103	44	45	43
AT5G43430	405	500	529	321	315	309
AT5G43440	280	355	307	409	407	358
AT5G43450	565	724	740	525	401	332
AT5G43455	0	0	0	2	0	0
AT5G43460	956	1206	1169	1038	1172	1060
AT5G43470	1066	1248	1104	1002	837	990
AT5G43480	0	0	1	0	3	1
AT5G43490	0	0	1	0	0	1
AT5G43500	187	220	202	259	225	271
AT5G43510	0	0	0	0	0	0
AT5G43513	0	0	0	0	0	0
AT5G43518	0	0	0	0	0	0
AT5G43520	196	137	195	210	189	171
AT5G43525	0	0	0	0	0	0
AT5G43530	3	2	4	13	9	9
AT5G43535	0	0	0	0	0	0
AT5G43540	10	14	15	13	22	6
AT5G43550	0	0	0	0	0	0
AT5G43560	1030	1219	1190	990	755	911
AT5G43570	111	220	188	26	15	13
AT5G43580	2210	2883	3156	1199	1103	1070
AT5G43590	5	8	15	0	7	3
AT5G43600	314	315	276	330	330	308
AT5G43603	0	0	0	0	0	2
AT5G43610	0	0	0	0	0	0
AT5G43620	27	41	57	25	28	31
AT5G43630	214	252	213	251	262	237
AT5G43640	0	2	0	0	0	0
AT5G43650	8	5	8	0	0	0
AT5G43660	11	16	9	13	17	16
AT5G43670	290	348	322	319	230	259
AT5G43680	158	172	147	163	155	166
AT5G43690	6	2	6	17	19	9
AT5G43695	0	0	0	0	0	0
AT5G43700	969	1224	820	1394	1335	1321
AT5G43710	199	268	229	265	256	257
AT5G43720	265	288	260	322	273	288
AT5G43725	22	33	18	37	26	20
AT5G43730	83	76	88	80	83	107
AT5G43740	114	147	116	218	200	185
AT5G43745	364	459	395	324	302	322
AT5G43750	305	318	292	388	479	366
AT5G43755	0	0	0	0	0	0
AT5G43760	1331	1463	1369	1630	1330	1348
AT5G43770	0	1	0	0	0	1
AT5G43780	1081	1296	1118	1247	1202	1407
AT5G43790	38	39	41	60	63	46
AT5G43810	430	456	483	555	348	629
AT5G43820	44	31	31	49	37	48
AT5G43822	79	87	52	69	69	86
AT5G43830	1521	1950	1775	1745	1930	1529
AT5G43840	7	0	2	3	2	8
AT5G43850	310	403	333	383	382	316
AT5G43860	15	4	5	10	0	4
AT5G43870	92	110	75	134	115	116
AT5G43880	362	445	367	455	390	466
AT5G43890	14	14	11	20	20	12
AT5G43900	1044	1181	1163	1128	727	1033
AT5G43910	126	269	210	127	163	123
AT5G43920	262	333	290	287	301	319
AT5G43930	588	742	625	624	505	600
AT5G43935	3	4	1	6	1	3
AT5G43940	3458	4115	3929	3122	2942	2849
AT5G43950	21	31	21	33	45	54
AT5G43960	1051	938	1074	1225	982	1122
AT5G43970	880	1195	922	863	1019	845
AT5G43980	17	27	25	12	20	15
AT5G43990	18	33	31	53	52	59
AT5G44000	343	387	352	428	483	366
AT5G44005	20	29	13	38	48	48
AT5G44010	56	79	76	95	117	88
AT5G44020	4018	5050	3715	4865	5923	4144
AT5G44030	57	65	63	104	92	105
AT5G44040	81	83	98	121	85	102
AT5G44050	10	7	6	16	22	21
AT5G44060	194	232	223	154	140	149
AT5G44063	30	42	30	16	31	18
AT5G44065	3	10	9	0	2	1
AT5G44070	1571	1838	1978	812	659	828
AT5G44080	273	298	294	285	317	302
AT5G44090	1184	1503	1543	1026	864	934
AT5G44100	943	1172	1033	932	866	898
AT5G44110	97	89	111	101	88	93
AT5G44120	5	1	119	6	212	92
AT5G44130	501	441	448	479	637	524
AT5G44140	0	2	0	0	2	1
AT5G44150	83	107	88	89	111	92
AT5G44160	26	28	27	31	35	36
AT5G44170	87	125	128	101	106	107
AT5G44180	846	960	988	977	664	878
AT5G44190	253	281	215	196	142	228
AT5G44200	422	481	454	481	623	516
AT5G44210	40	55	50	70	56	76
AT5G44220	0	0	0	0	0	0
AT5G44230	73	60	60	60	68	61
AT5G44240	935	1193	1198	829	609	714
AT5G44250	513	690	580	577	512	548
AT5G44260	528	554	586	698	556	743
AT5G44265	0	0	0	0	0	0
AT5G44270	0	0	1	2	2	0
AT5G44280	141	167	164	165	138	158
AT5G44283	0	0	0	0	0	0
AT5G44286	0	0	0	0	1	0
AT5G44290	1379	1696	1778	1064	900	1105
AT5G44300	1	2	1	0	0	0
AT5G44306	0	3	0	0	1	0
AT5G44310	5	0	3	0	5	5
AT5G44316	0	0	1	0	0	0
AT5G44320	1029	1135	1149	1076	916	952
AT5G44330	0	0	0	0	0	0
AT5G44340	7026	7809	7077	7369	7711	7238
AT5G44345	0	0	0	0	0	0
AT5G44350	7	15	11	9	14	11
AT5G44360	0	0	0	0	0	0
AT5G44370	111	107	108	113	99	118
AT5G44375	0	0	0	0	0	0
AT5G44380	904	918	1024	1207	661	1001
AT5G44390	29	37	34	60	36	75
AT5G44400	289	338	395	62	30	36
AT5G44410	40	37	32	102	93	97
AT5G44420	0	2	1	1	0	0
AT5G44430	0	6	0	0	0	0
AT5G44440	0	2	0	9	4	0
AT5G44450	226	284	284	309	291	254
AT5G44460	20	22	34	18	28	35
AT5G44470	0	0	0	0	0	0
AT5G44480	437	549	652	229	214	237
AT5G44490	49	48	61	61	80	60
AT5G44495	0	0	0	0	0	0
AT5G44500	58	65	72	61	78	74
AT5G44510	189	272	216	293	280	312
AT5G44520	229	216	188	317	299	324
AT5G44530	66	113	108	156	96	114
AT5G44540	0	2	0	2	0	1
AT5G44550	107	118	139	229	236	204
AT5G44560	15	25	20	38	37	50
AT5G44562	0	0	0	0	0	0
AT5G44563	0	0	0	0	0	0
AT5G44565	17	30	22	14	12	15
AT5G44566	0	0	0	0	0	0
AT5G44567	41	53	64	38	32	31
AT5G44568	198	250	223	50	94	68
AT5G44569	21	26	18	23	23	7
AT5G44570	6	18	21	1	12	0
AT5G44572	625	761	549	492	354	518
AT5G44574	35	47	41	28	39	33
AT5G44575	35	37	32	14	30	22
AT5G44578	44	73	35	19	9	21
AT5G44580	804	1333	899	997	1095	1044
AT5G44582	43	86	68	31	29	37
AT5G44585	663	641	721	627	488	572
AT5G44590	3	11	3	6	7	5
AT5G44600	89	87	80	124	106	113
AT5G44610	416	545	532	563	527	423
AT5G44620	1	1	2	4	0	7
AT5G44630	0	0	0	0	0	0
AT5G44635	172	169	178	153	107	151
AT5G44640	0	0	0	0	0	0
AT5G44650	618	702	667	809	821	835
AT5G44660	248	304	271	356	459	379
AT5G44670	94	88	92	134	157	128
AT5G44680	310	404	272	620	653	489
AT5G44690	4	4	2	0	0	1
AT5G44700	11	5	4	16	5	12
AT5G44705	0	0	0	0	0	0
AT5G44710	112	132	140	132	157	137
AT5G44720	593	839	673	417	422	366
AT5G44730	227	265	254	312	326	283
AT5G44740	95	118	83	133	99	127
AT5G44750	1393	1815	1612	1626	1193	1599
AT5G44760	0	0	0	0	0	0
AT5G44770	0	0	0	0	0	0
AT5G44780	27	33	34	45	33	48
AT5G44785	359	272	278	388	395	388
AT5G44790	1487	1819	1986	1602	1146	1400
AT5G44800	1054	1188	1159	1251	708	1123
AT5G44820	93	162	140	51	49	58
AT5G44830	0	0	0	0	0	0
AT5G44840	0	0	0	0	0	0
AT5G44850	0	0	0	0	0	0
AT5G44860	226	247	258	184	164	204
AT5G44870	477	640	626	349	312	358
AT5G44900	7	1	5	9	8	10
AT5G44910	194	248	225	275	222	288
AT5G44920	21	20	24	39	45	58
AT5G44930	113	135	111	175	140	168
AT5G44940	0	0	0	0	0	0
AT5G44950	0	0	0	0	0	0
AT5G44960	0	0	0	0	0	0
AT5G44970	0	0	0	0	0	0
AT5G44973	0	0	2	3	0	0
AT5G44980	5	21	16	7	21	17
AT5G44990	53	66	103	26	18	25
AT5G45000	33	25	39	31	12	33
AT5G45010	94	167	125	131	182	143
AT5G45020	41	71	57	79	66	82
AT5G45030	0	0	0	0	0	0
AT5G45040	51	50	51	66	63	82
AT5G45050	546	556	582	532	406	441
AT5G45060	619	804	779	636	505	511
AT5G45070	135	159	197	129	172	138
AT5G45080	46	47	62	70	85	110
AT5G45090	28	58	49	31	18	34
AT5G45095	2	1	7	3	5	0
AT5G45100	194	214	253	206	217	177
AT5G45110	734	1019	1183	338	438	312
AT5G45113	0	0	0	0	0	0
AT5G45115	17	37	16	40	40	38
AT5G45120	0	0	0	0	0	0
AT5G45130	845	1160	1034	693	633	602
AT5G45140	446	472	449	619	545	580
AT5G45150	26	35	43	57	35	35
AT5G45160	345	395	410	392	294	364
AT5G45170	332	388	369	339	358	335
AT5G45180	0	0	1	0	0	0
AT5G45190	635	832	691	696	598	610
AT5G45200	4	1	4	3	4	10
AT5G45210	2	1	4	9	9	15
AT5G45220	22	25	33	13	21	9
AT5G45230	0	0	0	0	0	0
AT5G45240	35	52	50	6	15	9
AT5G45250	595	707	718	455	357	417
AT5G45260	549	589	574	407	287	385
AT5G45275	33	35	35	38	50	38
AT5G45277	0	0	0	0	0	0
AT5G45280	469	423	553	324	248	297
AT5G45290	227	266	270	280	279	268
AT5G45300	158	171	169	227	167	248
AT5G45307	0	0	0	0	0	0
AT5G45310	36	30	35	50	38	38
AT5G45320	1	1	3	2	2	7
AT5G45330	129	124	119	144	110	109
AT5G45340	225	279	275	42	85	43
AT5G45350	572	922	880	519	551	502
AT5G45360	548	627	592	565	530	509
AT5G45370	87	112	64	78	45	62
AT5G45380	367	523	448	317	359	327
AT5G45390	2670	2717	2746	2432	2640	2351
AT5G45400	72	68	82	97	67	99
AT5G45410	895	1002	1044	605	427	587
AT5G45420	262	308	292	304	262	271
AT5G45430	1033	1280	1254	1309	1157	1209
AT5G45440	13	9	12	14	12	18
AT5G45450	0	0	0	0	1	0
AT5G45455	6	7	9	17	2	11
AT5G45460	31	41	27	64	60	71
AT5G45469	0	0	0	0	0	0
AT5G45470	0	0	0	0	0	0
AT5G45472	3	10	3	7	6	6
AT5G45475	0	0	0	0	0	0
AT5G45480	0	0	0	0	0	0
AT5G45490	529	709	598	758	940	708
AT5G45500	872	1154	1125	922	795	919
AT5G45510	2379	2765	2986	2226	1673	2281
AT5G45520	11	6	15	14	8	8
AT5G45530	0	3	3	8	7	3
AT5G45540	10	3	10	8	6	10
AT5G45550	631	798	653	538	616	485
AT5G45560	130	133	134	184	133	152
AT5G45570	1	0	2	0	1	0
AT5G45573	1	0	0	0	0	0
AT5G45580	5	4	5	7	3	6
AT5G45590	86	98	81	88	96	98
AT5G45600	198	254	204	215	235	204
AT5G45610	104	108	86	154	174	146
AT5G45620	504	562	576	550	509	553
AT5G45630	9	15	17	1	3	1
AT5G45640	0	0	0	0	0	0
AT5G45650	41	59	44	48	25	34
AT5G45660	114	159	152	134	138	162
AT5G45670	111	164	140	335	189	354
AT5G45680	542	507	464	638	726	620
AT5G45690	0	0	0	0	3	1
AT5G45700	16	22	13	64	29	45
AT5G45710	235	305	255	175	180	179
AT5G45715	0	0	0	0	0	0
AT5G45720	52	40	41	56	41	52
AT5G45730	11	16	19	28	27	20
AT5G45740	5	9	6	7	14	12
AT5G45745	0	0	0	0	0	0
AT5G45750	385	417	373	243	221	271
AT5G45760	153	174	127	188	198	199
AT5G45770	3	2	0	1	1	0
AT5G45775	1007	1132	1153	1016	1139	1136
AT5G45780	115	122	102	133	137	160
AT5G45790	21	36	31	41	40	44
AT5G45800	143	182	168	199	173	193
AT5G45810	6	9	9	0	2	1
AT5G45820	3	10	8	13	26	16
AT5G45830	10	8	6	10	9	12
AT5G45840	37	33	39	16	12	17
AT5G45850	0	0	0	0	2	0
AT5G45860	0	0	0	0	0	0
AT5G45870	1	0	0	0	0	0
AT5G45875	0	0	0	0	0	0
AT5G45880	1	0	0	0	0	1
AT5G45890	0	0	0	0	0	0
AT5G45900	217	275	255	178	146	168
AT5G45910	0	0	0	0	0	0
AT5G45920	26	20	22	34	45	28
AT5G45930	444	341	330	489	453	498
AT5G45940	76	92	69	118	114	104
AT5G45950	72	96	92	140	98	133
AT5G45960	2	2	1	5	2	2
AT5G45970	0	0	0	3	1	5
AT5G45980	0	0	0	0	0	0
AT5G45990	20	13	16	12	5	11
AT5G46000	0	0	1	0	0	0
AT5G46010	0	0	0	0	0	0
AT5G46020	1348	1709	1392	1613	1866	1552
AT5G46025	0	0	0	0	0	0
AT5G46030	634	828	635	612	693	614
AT5G46040	3	6	1	4	6	1
AT5G46050	379	393	374	216	131	246
AT5G46060	1	3	4	4	8	1
AT5G46070	731	769	727	942	770	837
AT5G46080	89	146	150	62	62	56
AT5G46085	0	1	1	2	2	4
AT5G46090	13	19	15	30	34	28
AT5G46100	30	39	29	48	36	56
AT5G46105	0	0	0	0	0	1
AT5G46110	3758	4328	4036	5328	4866	4617
AT5G46115	7	11	15	1	0	1
AT5G46130	0	1	0	0	3	0
AT5G46140	0	1	0	1	1	0
AT5G46150	351	412	334	387	366	406
AT5G46160	263	234	237	308	340	271
AT5G46170	196	214	240	247	233	255
AT5G46180	1078	1410	1234	697	572	619
AT5G46190	570	732	572	600	481	559
AT5G46200	0	0	0	0	0	2
AT5G46210	1493	1574	1592	1521	1245	1360
AT5G46220	2	3	2	3	4	9
AT5G46230	19	32	33	33	34	34
AT5G46240	116	141	114	141	90	102
AT5G46250	2212	3079	2863	1937	2074	1761
AT5G46260	23	19	19	28	32	43
AT5G46270	365	434	353	487	426	500
AT5G46280	250	273	283	249	207	230
AT5G46290	2892	2913	2904	2841	2454	2710
AT5G46295	79	82	92	16	13	12
AT5G46297	0	0	0	0	0	0
AT5G46300	0	0	0	0	0	0
AT5G46310	0	0	0	0	0	0
AT5G46315	0	0	0	1	0	0
AT5G46320	0	0	0	0	0	0
AT5G46325	0	0	0	0	0	0
AT5G46330	698	734	749	841	684	666
AT5G46340	510	712	577	434	392	420
AT5G46350	41	51	69	11	17	20
AT5G46360	1	0	0	0	0	1
AT5G46370	9	10	3	15	7	9
AT5G46380	2	1	1	1	0	0
AT5G46390	324	363	308	390	458	347
AT5G46395	2	8	2	5	3	3
AT5G46400	212	193	201	258	196	239
AT5G46410	733	984	887	742	724	660
AT5G46420	928	1106	1076	1038	1049	986
AT5G46430	2803	3723	3098	2771	3237	2997
AT5G46440	23	41	16	42	57	43
AT5G46450	839	1064	923	772	741	710
AT5G46460	46	67	62	77	37	61
AT5G46470	560	716	678	484	359	484
AT5G46490	88	124	94	108	119	103
AT5G46500	9	21	18	6	13	7
AT5G46510	247	300	292	318	235	280
AT5G46520	74	116	80	45	54	62
AT5G46530	10	9	11	14	13	9
AT5G46540	0	0	0	0	0	0
AT5G46550	264	307	271	331	310	270
AT5G46560	197	226	229	225	246	230
AT5G46570	109	120	101	169	139	159
AT5G46580	849	663	655	962	856	1033
AT5G46590	4	6	7	3	4	9
AT5G46595	0	0	0	0	0	0
AT5G46600	4	4	4	7	10	5
AT5G46610	0	0	0	0	2	0
AT5G46620	196	239	224	196	199	202
AT5G46630	1531	1704	1691	1346	1245	1273
AT5G46640	108	100	111	91	117	122
AT5G46650	4	2	1	2	9	1
AT5G46660	0	0	0	0	0	0
AT5G46670	0	0	0	0	3	0
AT5G46680	32	31	27	34	38	41
AT5G46690	55	60	56	98	89	113
AT5G46700	58	64	55	102	53	99
AT5G46710	147	168	144	153	138	147
AT5G46720	8	18	6	8	10	15
AT5G46730	488	560	556	210	162	171
AT5G46740	129	131	129	146	125	136
AT5G46750	617	734	718	551	481	539
AT5G46760	879	1143	1079	895	829	813
AT5G46770	1	4	0	0	0	0
AT5G46780	443	596	599	348	371	325
AT5G46790	207	250	217	194	160	208
AT5G46795	0	0	0	0	0	0
AT5G46800	467	495	449	406	483	461
AT5G46810	0	0	0	0	1	0
AT5G46820	0	0	0	0	0	0
AT5G46825	0	0	0	0	0	0
AT5G46830	0	0	0	0	0	0
AT5G46840	559	695	656	600	628	635
AT5G46845	10	11	10	13	16	23
AT5G46850	78	88	78	137	84	101
AT5G46860	779	825	696	853	764	762
AT5G46870	13	11	16	17	14	13
AT5G46871	4	3	6	2	4	3
AT5G46873	0	0	0	0	0	0
AT5G46874	0	0	0	0	0	0
AT5G46877	0	0	0	0	0	0
AT5G46880	69	80	40	71	53	67
AT5G46890	7	1	5	68	29	42
AT5G46900	5	1	1	45	15	33
AT5G46910	191	226	250	74	71	74
AT5G46915	5	4	7	12	10	6
AT5G46920	108	142	132	158	128	169
AT5G46930	0	0	0	0	0	0
AT5G46940	0	0	0	0	1	0
AT5G46950	0	0	1	1	0	1
AT5G46960	2	1	4	7	5	0
AT5G46970	0	0	0	0	0	0
AT5G46980	0	0	0	0	0	0
AT5G46990	0	0	0	0	0	0
AT5G47000	0	1	0	13	12	23
AT5G47010	1918	2006	2038	2216	1496	1909
AT5G47020	1432	1734	1521	1631	1234	1484
AT5G47030	1647	1940	1937	1673	1656	1605
AT5G47040	1554	1997	1717	1525	1611	1294
AT5G47050	146	222	241	187	154	154
AT5G47060	124	194	135	171	162	135
AT5G47070	278	355	370	119	117	123
AT5G47075	0	0	0	0	0	0
AT5G47077	0	0	0	0	0	0
AT5G47080	470	570	518	445	509	489
AT5G47090	203	244	221	235	233	238
AT5G47100	116	125	142	156	154	226
AT5G47110	2037	2109	1998	2511	2988	2452
AT5G47120	1153	1416	1360	934	872	893
AT5G47130	3	8	15	5	4	1
AT5G47140	150	215	188	187	144	156
AT5G47150	0	2	0	0	0	0
AT5G47160	6	8	6	8	1	12
AT5G47170	2	3	2	4	1	2
AT5G47175	0	0	0	0	0	0
AT5G47180	395	478	407	394	446	383
AT5G47190	1570	1568	1595	1722	1857	1730
AT5G47200	1706	2093	2111	1121	1140	1101
AT5G47210	5150	5298	5674	5493	5766	5893
AT5G47220	366	494	481	139	194	123
AT5G47229	0	0	0	0	0	0
AT5G47230	296	347	292	146	117	141
AT5G47240	51	47	19	51	56	57
AT5G47250	25	30	36	34	31	38
AT5G47260	0	0	0	0	0	0
AT5G47280	0	0	0	0	0	0
AT5G47290	0	0	0	0	0	0
AT5G47300	0	0	0	0	0	0
AT5G47310	522	603	532	501	542	471
AT5G47320	343	338	276	322	372	334
AT5G47330	22	20	12	17	11	17
AT5G47340	0	0	0	0	0	0
AT5G47350	4	0	1	0	0	0
AT5G47360	21	41	29	44	52	30
AT5G47370	426	759	547	495	522	546
AT5G47380	72	105	92	114	98	121
AT5G47390	499	584	511	447	447	564
AT5G47400	100	107	111	123	113	152
AT5G47420	238	287	272	168	195	163
AT5G47430	893	1135	1105	939	902	837
AT5G47435	685	895	777	782	799	746
AT5G47440	14	9	17	7	9	10
AT5G47450	10	3	3	101	32	60
AT5G47455	118	115	88	158	139	150
AT5G47460	21	13	16	17	25	20
AT5G47470	4	0	4	1	2	6
AT5G47480	1391	1677	1669	1542	1059	1345
AT5G47490	426	359	426	463	321	452
AT5G47500	157	208	163	346	256	334
AT5G47510	34	28	29	37	38	36
AT5G47520	151	210	162	187	189	166
AT5G47530	3	1	4	3	4	6
AT5G47540	512	596	577	604	556	550
AT5G47550	311	397	316	283	334	240
AT5G47560	9320	12247	10101	5506	5425	4688
AT5G47570	1233	1745	1460	1242	1421	1239
AT5G47580	272	350	360	255	209	257
AT5G47590	324	443	442	193	178	140
AT5G47600	4	2	6	2	1	3
AT5G47610	102	167	103	136	150	97
AT5G47620	837	1120	907	864	971	814
AT5G47630	79	99	66	114	117	145
AT5G47635	5	5	5	12	4	9
AT5G47640	154	201	127	208	224	234
AT5G47650	225	251	207	176	165	177
AT5G47660	152	190	175	159	173	218
AT5G47670	4	5	2	1	2	0
AT5G47680	430	569	502	464	526	474
AT5G47690	2230	2542	2440	2318	1810	2255
AT5G47700	3133	3489	3155	2606	3467	3228
AT5G47710	128	176	164	134	120	126
AT5G47720	193	209	182	306	239	255
AT5G47730	539	750	940	288	238	291
AT5G47740	72	142	101	42	47	46
AT5G47750	513	589	541	625	512	573
AT5G47760	257	271	289	253	298	241
AT5G47770	731	901	777	849	1051	892
AT5G47780	1460	1586	1365	1411	1590	1379
AT5G47790	162	218	166	221	228	258
AT5G47800	91	105	77	137	107	149
AT5G47810	172	169	173	195	255	190
AT5G47820	842	1076	932	1178	865	1058
AT5G47830	83	100	91	72	101	55
AT5G47840	860	1000	934	915	968	774
AT5G47850	43	43	62	9	2	10
AT5G47860	986	1392	1144	843	671	675
AT5G47870	369	456	419	311	297	293
AT5G47880	943	1115	1096	897	918	821
AT5G47890	647	906	716	693	852	714
AT5G47900	49	53	42	66	68	80
AT5G47910	1650	2357	2675	353	343	370
AT5G47920	4	4	6	2	8	10
AT5G47930	1619	1956	1865	1450	1921	1645
AT5G47940	147	153	148	189	162	184
AT5G47950	2	5	5	19	8	20
AT5G47960	58	97	97	21	27	31
AT5G47970	179	181	166	201	192	183
AT5G47980	3	0	1	6	6	2
AT5G47990	30	27	24	185	149	168
AT5G48000	44	66	43	120	150	134
AT5G48010	44	53	68	84	63	72
AT5G48020	478	564	518	534	513	492
AT5G48030	312	363	310	429	442	419
AT5G48040	37	50	36	51	51	72
AT5G48050	0	0	2	0	0	0
AT5G48060	8	9	17	24	4	8
AT5G48070	25	20	20	15	20	33
AT5G48090	5	5	3	13	12	13
AT5G48100	1	1	1	1	2	5
AT5G48110	64	36	82	159	155	218
AT5G48120	570	621	709	596	480	588
AT5G48130	0	0	0	0	0	0
AT5G48140	0	0	0	0	0	0
AT5G48150	580	714	762	757	482	645
AT5G48160	2016	2657	2357	2239	2183	2010
AT5G48170	14	14	7	10	31	15
AT5G48175	12	11	21	14	12	26
AT5G48180	2912	3749	4017	1292	1394	1300
AT5G48190	0	0	1	1	3	0
AT5G48200	0	0	0	0	0	0
AT5G48205	0	0	0	0	0	0
AT5G48210	0	0	0	0	0	0
AT5G48220	416	461	423	481	498	467
AT5G48230	1169	1340	1298	1339	1171	1230
AT5G48240	377	403	385	354	370	374
AT5G48250	531	631	521	842	760	721
AT5G48270	0	0	1	0	0	0
AT5G48280	0	0	0	0	0	0
AT5G48290	25	36	34	66	80	85
AT5G48300	1291	1349	1373	1534	1294	1212
AT5G48310	26	34	27	71	35	63
AT5G48320	20	20	26	25	21	17
AT5G48330	142	160	148	186	240	195
AT5G48335	288	376	247	291	359	295
AT5G48340	193	207	173	219	189	147
AT5G48350	0	0	0	0	0	0
AT5G48360	164	185	185	277	251	380
AT5G48370	156	193	159	161	140	169
AT5G48375	0	0	0	0	0	1
AT5G48380	1616	1825	1656	908	766	758
AT5G48385	2101	2519	2478	1954	1478	1710
AT5G48390	9	16	23	14	6	10
AT5G48400	151	205	232	90	55	93
AT5G48410	170	172	267	119	70	106
AT5G48412	554	758	577	771	932	785
AT5G48420	0	0	0	0	0	0
AT5G48430	689	684	859	248	201	261
AT5G48440	263	364	285	262	330	260
AT5G48450	108	150	155	124	141	101
AT5G48460	147	175	147	238	153	189
AT5G48465	0	0	0	0	0	0
AT5G48470	210	168	200	233	177	197
AT5G48480	227	285	227	280	318	356
AT5G48485	0	0	0	0	0	0
AT5G48490	15	47	25	17	48	49
AT5G48500	130	132	99	178	133	205
AT5G48510	0	0	0	0	0	0
AT5G48515	0	0	0	0	0	0
AT5G48520	241	222	234	268	161	232
AT5G48530	130	161	120	42	73	69
AT5G48540	299	393	429	85	79	74
AT5G48543	0	0	0	0	0	0
AT5G48545	281	367	268	344	465	390
AT5G48550	0	0	0	1	0	0
AT5G48560	125	158	182	146	127	169
AT5G48570	56	52	67	35	31	33
AT5G48575	0	0	0	0	0	0
AT5G48580	495	589	474	554	575	578
AT5G48590	255	296	245	266	351	279
AT5G48595	0	0	0	0	0	0
AT5G48600	140	155	171	191	158	175
AT5G48605	0	0	0	0	0	0
AT5G48610	208	285	242	211	179	217
AT5G48620	1366	1588	1424	1477	1223	1445
AT5G48630	248	311	201	288	283	258
AT5G48640	175	249	198	187	188	171
AT5G48650	10	12	19	17	29	23
AT5G48655	272	350	385	251	286	267
AT5G48657	450	600	608	115	109	164
AT5G48660	94	104	85	100	87	95
AT5G48670	25	20	24	16	11	18
AT5G48675	0	0	0	0	0	0
AT5G48680	177	191	187	249	208	233
AT5G48690	7	14	12	8	6	5
AT5G48700	0	0	0	0	0	0
AT5G48710	1	0	1	0	1	1
AT5G48720	105	104	108	136	155	125
AT5G48730	112	105	110	168	158	161
AT5G48740	3	2	3	4	3	6
AT5G48750	0	0	0	0	0	0
AT5G48760	577	713	678	630	715	777
AT5G48770	0	0	0	0	0	0
AT5G48775	11	16	16	11	12	14
AT5G48780	46	38	42	41	41	31
AT5G48790	264	313	276	438	447	404
AT5G48800	49	42	30	49	45	49
AT5G48810	1241	1594	1216	1523	1597	1493
AT5G48820	14	25	14	30	28	31
AT5G48830	303	325	293	402	334	396
AT5G48835	0	0	0	0	0	0
AT5G48840	117	108	118	185	161	181
AT5G48850	2	7	5	1	4	1
AT5G48860	0	0	0	0	0	0
AT5G48870	164	276	149	195	231	217
AT5G48880	72	70	61	107	111	99
AT5G48890	0	0	0	0	1	1
AT5G48900	190	191	150	401	341	349
AT5G48905	0	0	0	0	0	0
AT5G48910	89	109	104	172	144	166
AT5G48920	17	12	13	10	2	1
AT5G48930	2103	2507	2543	1344	1207	1254
AT5G48940	9	5	12	17	31	32
AT5G48945	1	0	0	0	0	0
AT5G48950	9	21	10	8	18	23
AT5G48953	0	0	0	0	0	0
AT5G48960	327	272	274	354	242	335
AT5G48970	332	461	398	279	224	289
AT5G48980	2	15	14	12	5	5
AT5G48990	71	83	76	99	104	95
AT5G49000	41	65	62	45	61	45
AT5G49010	85	106	73	58	68	65
AT5G49015	136	178	135	136	165	131
AT5G49020	245	270	256	332	275	312
AT5G49030	1015	834	1046	1131	803	1094
AT5G49040	0	0	0	0	0	0
AT5G49050	0	0	0	0	0	0
AT5G49060	157	146	143	164	165	154
AT5G49070	5	12	17	8	7	3
AT5G49100	104	108	113	180	167	208
AT5G49110	58	53	59	77	52	84
AT5G49120	0	4	1	0	1	0
AT5G49130	0	0	0	0	0	0
AT5G49138	0	0	0	0	0	0
AT5G49140	3	1	2	1	0	1
AT5G49150	0	0	0	0	0	0
AT5G49152	0	0	0	0	0	1
AT5G49160	553	523	555	615	454	556
AT5G49170	60	44	46	101	43	77
AT5G49180	1	0	0	0	1	0
AT5G49190	31	29	22	49	26	51
AT5G49200	0	2	4	3	3	2
AT5G49210	210	273	208	246	239	220
AT5G49215	114	113	89	175	170	135
AT5G49220	260	253	285	271	248	287
AT5G49230	150	180	181	153	176	158
AT5G49240	0	0	0	0	0	0
AT5G49250	0	0	0	0	0	0
AT5G49260	0	0	0	0	0	0
AT5G49270	7	9	24	14	9	12
AT5G49280	116	113	121	63	69	79
AT5G49290	36	32	28	52	29	37
AT5G49300	81	109	85	99	60	77
AT5G49305	7	4	3	5	8	1
AT5G49310	0	0	0	0	0	0
AT5G49320	2	0	3	4	2	2
AT5G49330	2	4	5	14	10	11
AT5G49340	6	7	4	5	7	8
AT5G49350	44	52	65	85	127	71
AT5G49360	9127	12746	9810	5197	6953	5001
AT5G49390	40	46	27	53	43	45
AT5G49400	428	565	518	356	465	422
AT5G49410	22	49	42	58	38	34
AT5G49420	0	1	0	0	0	1
AT5G49430	292	325	327	379	304	350
AT5G49435	0	0	0	0	0	0
AT5G49440	2584	3275	2888	2898	3869	3194
AT5G49450	973	1254	1117	557	707	646
AT5G49460	1335	1487	1531	1347	1060	1194
AT5G49470	409	528	438	417	397	411
AT5G49480	2378	2848	3268	722	926	715
AT5G49490	0	0	0	0	0	0
AT5G49500	81	101	94	116	125	122
AT5G49510	415	394	427	393	474	414
AT5G49520	210	227	226	57	81	118
AT5G49525	10	9	10	8	15	9
AT5G49530	377	385	411	416	302	378
AT5G49540	380	445	428	351	425	384
AT5G49550	95	148	106	116	134	88
AT5G49555	156	184	198	339	253	238
AT5G49560	31	34	44	40	71	63
AT5G49570	410	552	547	342	308	325
AT5G49580	377	396	405	363	353	314
AT5G49590	0	0	0	0	0	0
AT5G49600	0	0	0	0	0	0
AT5G49610	46	69	79	93	88	85
AT5G49615	2	0	0	0	0	0
AT5G49620	31	35	59	2	2	11
AT5G49630	70	65	72	74	44	61
AT5G49640	0	0	0	0	0	0
AT5G49645	45	55	40	39	70	31
AT5G49650	717	906	870	894	747	772
AT5G49660	222	277	283	384	239	366
AT5G49665	233	249	372	210	187	228
AT5G49680	115	187	224	104	97	101
AT5G49690	206	317	349	56	37	55
AT5G49700	546	651	656	325	258	303
AT5G49710	254	342	229	242	328	231
AT5G49720	5694	6666	6196	5937	5757	5436
AT5G49730	137	182	178	277	258	309
AT5G49740	54	39	56	108	60	79
AT5G49750	0	0	0	0	0	1
AT5G49760	2063	2745	2461	2184	1765	2002
AT5G49770	182	176	170	182	132	189
AT5G49780	76	85	78	83	79	110
AT5G49800	24	36	31	39	52	54
AT5G49810	628	716	650	822	527	702
AT5G49820	1106	1230	1204	1193	1086	983
AT5G49830	911	1131	1056	905	802	852
AT5G49840	496	522	430	483	489	451
AT5G49850	144	271	280	60	122	57
AT5G49860	0	0	0	0	0	0
AT5G49870	5	4	7	1	7	4
AT5G49880	404	445	383	472	390	445
AT5G49890	1044	1424	1177	1319	895	931
AT5G49900	118	156	129	148	92	116
AT5G49910	1451	1456	1639	1402	1247	1428
AT5G49920	1	0	2	1	0	0
AT5G49930	551	725	651	577	438	464
AT5G49940	928	1083	998	983	917	894
AT5G49945	177	199	198	240	236	237
AT5G49950	367	446	441	315	303	295
AT5G49960	215	220	191	235	222	217
AT5G49970	564	697	601	743	663	618
AT5G49980	946	1064	1021	1071	946	1217
AT5G49990	212	227	170	282	289	299
AT5G50000	705	894	714	946	934	849
AT5G50010	8	12	11	56	36	61
AT5G50020	263	267	237	284	261	302
AT5G50030	0	1	0	0	0	0
AT5G50040	0	0	0	0	0	0
AT5G50050	0	0	0	0	0	0
AT5G50060	0	0	0	0	0	1
AT5G50070	0	4	5	0	2	0
AT5G50080	1	0	0	0	0	0
AT5G50090	3	14	20	4	16	13
AT5G50100	56	105	81	95	66	73
AT5G50110	89	89	86	90	115	112
AT5G50115	0	0	0	0	0	0
AT5G50120	13	16	21	16	15	19
AT5G50130	58	79	109	63	58	79
AT5G50140	1	1	1	1	2	0
AT5G50150	140	173	131	192	126	176
AT5G50160	263	422	286	319	207	262
AT5G50170	98	122	95	104	95	110
AT5G50175	2	2	4	3	0	4
AT5G50180	394	437	387	536	454	549
AT5G50190	0	0	0	0	0	0
AT5G50200	533	501	531	270	308	334
AT5G50210	587	604	727	362	311	364
AT5G50220	0	0	0	0	0	0
AT5G50230	268	399	341	333	281	328
AT5G50240	17	15	22	17	24	26
AT5G50250	499	526	430	558	608	577
AT5G50260	6	4	1	2	3	10
AT5G50270	0	0	0	0	0	2
AT5G50280	182	207	156	282	262	274
AT5G50290	2	0	2	3	1	1
AT5G50300	5	3	5	10	13	11
AT5G50310	608	764	671	771	695	746
AT5G50320	538	678	566	570	550	531
AT5G50330	93	108	95	107	102	114
AT5G50335	116	210	152	328	219	295
AT5G50340	247	322	251	269	236	298
AT5G50345	0	0	0	0	0	0
AT5G50350	228	246	250	228	232	249
AT5G50360	0	1	2	2	0	6
AT5G50361	0	0	0	0	0	0
AT5G50365	0	0	0	0	0	0
AT5G50370	250	356	320	283	296	288
AT5G50375	211	268	219	241	296	259
AT5G50380	712	798	867	633	548	575
AT5G50390	220	205	196	179	218	227
AT5G50400	296	310	307	373	367	340
AT5G50410	141	141	127	137	126	129
AT5G50420	181	200	179	203	208	202
AT5G50423	0	0	1	0	0	0
AT5G50430	342	379	412	304	314	314
AT5G50440	74	110	97	58	83	73
AT5G50443	7	10	12	5	11	5
AT5G50450	497	654	460	362	488	415
AT5G50460	854	1020	881	563	742	662
AT5G50470	0	1	0	0	0	0
AT5G50480	0	0	0	0	0	0
AT5G50490	0	0	0	0	0	0
AT5G50500	0	0	0	0	0	0
AT5G50510	0	0	0	0	0	0
AT5G50520	0	0	0	0	0	0
AT5G50530	0	7	4	1	3	2
AT5G50540	0	0	0	0	0	0
AT5G50550	0	2	0	1	0	1
AT5G50560	0	0	1	0	0	0
AT5G50562	0	0	0	0	0	0
AT5G50565	1	0	0	1	2	0
AT5G50570	4	1	1	3	1	2
AT5G50580	2	2	4	1	1	2
AT5G50590	0	0	0	0	0	0
AT5G50600	0	0	0	0	0	0
AT5G50610	0	0	0	0	0	0
AT5G50620	0	0	0	0	0	0
AT5G50630	0	1	0	1	0	1
AT5G50640	14	11	7	4	5	1
AT5G50650	0	0	0	0	0	0
AT5G50660	0	0	0	0	0	0
AT5G50665	0	0	0	0	0	0
AT5G50670	0	0	0	0	0	0
AT5G50680	0	0	0	0	0	0
AT5G50690	0	0	0	0	0	0
AT5G50700	0	0	0	0	0	0
AT5G50710	0	0	0	0	0	0
AT5G50717	0	0	0	0	0	0
AT5G50720	20	27	26	15	9	16
AT5G50740	39	64	55	114	101	132
AT5G50750	18	14	22	25	45	26
AT5G50760	231	284	322	465	264	413
AT5G50770	0	0	0	0	0	0
AT5G50780	464	581	577	347	364	317
AT5G50790	6	3	3	4	2	2
AT5G50800	0	0	0	0	0	1
AT5G50805	0	0	0	0	0	0
AT5G50810	244	245	244	225	303	278
AT5G50820	7	18	11	28	22	20
AT5G50830	0	2	0	0	0	1
AT5G50840	150	195	183	168	170	180
AT5G50850	2740	3356	3230	2405	2297	2302
AT5G50860	482	516	461	387	385	402
AT5G50870	435	535	542	471	452	464
AT5G50890	27	34	30	40	26	41
AT5G50900	298	334	333	338	310	319
AT5G50910	0	0	0	0	0	0
AT5G50915	20	13	11	17	9	19
AT5G50920	14843	16392	15695	16454	13708	15009
AT5G50930	24	55	35	27	33	25
AT5G50940	5	17	14	9	20	13
AT5G50950	239	278	210	222	231	229
AT5G50960	791	852	817	612	715	604
AT5G50970	137	179	133	174	168	151
AT5G50990	8	13	15	17	21	17
AT5G50995	0	0	0	0	0	0
AT5G51000	0	0	0	0	0	0
AT5G51010	533	570	464	655	684	615
AT5G51020	296	418	315	467	483	428
AT5G51030	1	1	1	1	4	1
AT5G51040	557	664	657	489	537	399
AT5G51050	59	98	106	65	87	66
AT5G51055	0	0	0	0	0	0
AT5G51060	59	76	128	40	39	43
AT5G51070	7883	10657	10552	5502	4468	4370
AT5G51080	38	30	22	50	41	49
AT5G51090	0	0	0	0	0	0
AT5G51100	308	262	285	342	365	331
AT5G51105	0	0	0	0	0	0
AT5G51110	1348	1284	1288	1431	1856	1434
AT5G51120	557	683	630	562	591	561
AT5G51130	70	117	154	99	88	90
AT5G51140	502	608	498	495	532	511
AT5G51150	581	754	700	623	737	625
AT5G51160	14	15	30	20	10	15
AT5G51170	76	94	82	68	91	82
AT5G51174	2	1	2	0	4	1
AT5G51180	401	549	422	450	414	453
AT5G51190	0	0	0	0	0	0
AT5G51195	0	0	0	0	0	0
AT5G51200	1459	1637	1478	2228	1115	1582
AT5G51210	0	1	0	2	0	1
AT5G51220	177	224	193	211	193	248
AT5G51230	617	704	667	643	615	606
AT5G51250	0	1	0	0	0	0
AT5G51260	81	86	87	79	61	76
AT5G51270	6	1	8	5	2	9
AT5G51280	303	322	293	399	380	319
AT5G51290	525	806	668	502	535	546
AT5G51300	1042	1168	1231	1303	938	1137
AT5G51310	3	0	1	7	4	6
AT5G51330	0	2	1	0	0	1
AT5G51340	450	497	500	476	356	486
AT5G51350	97	111	102	171	129	168
AT5G51360	0	0	0	0	0	0
AT5G51370	49	78	82	37	46	60
AT5G51380	64	58	83	68	43	63
AT5G51390	94	99	64	70	82	100
AT5G51400	851	1134	967	887	936	876
AT5G51410	535	644	594	707	688	666
AT5G51420	0	0	0	0	0	0
AT5G51430	847	869	854	841	703	791
AT5G51440	66	82	82	34	68	28
AT5G51450	284	382	314	252	225	199
AT5G51451	28	19	14	9	14	10
AT5G51460	305	323	295	141	209	182
AT5G51465	115	220	230	11	13	8
AT5G51470	2	5	3	5	6	2
AT5G51480	3	6	5	1	3	1
AT5G51490	0	1	1	0	2	3
AT5G51500	4	1	6	4	4	4
AT5G51510	343	435	371	320	341	324
AT5G51520	1	0	0	0	0	0
AT5G51530	4	11	11	12	15	16
AT5G51540	87	81	67	132	92	118
AT5G51545	400	412	367	433	493	424
AT5G51550	605	720	606	560	844	638
AT5G51560	89	89	81	170	137	160
AT5G51570	826	1048	878	658	615	623
AT5G51580	0	0	0	0	0	0
AT5G51585	0	0	0	0	0	0
AT5G51590	43	41	59	82	54	76
AT5G51600	51	52	61	103	77	120
AT5G51610	0	0	0	1	0	0
AT5G51620	218	326	288	248	292	202
AT5G51630	221	286	326	168	140	161
AT5G51640	172	229	193	137	83	128
AT5G51650	0	0	0	0	0	0
AT5G51660	491	536	552	631	472	693
AT5G51670	87	89	76	116	137	111
AT5G51680	0	0	0	0	0	0
AT5G51690	237	211	228	230	150	216
AT5G51700	141	227	205	143	178	132
AT5G51710	246	230	243	244	177	217
AT5G51720	23	12	21	35	47	22
AT5G51730	166	199	130	172	201	200
AT5G51740	146	179	167	170	132	126
AT5G51750	384	427	388	436	333	484
AT5G51760	1	1	0	0	1	0
AT5G51770	157	219	202	170	169	141
AT5G51780	30	28	22	63	64	72
AT5G51790	9	14	15	23	32	43
AT5G51795	25	26	24	33	33	35
AT5G51800	0	3	2	4	3	2
AT5G51810	31	33	27	21	21	26
AT5G51820	1051	1021	1080	1454	1170	1220
AT5G51830	2576	3064	4049	454	557	491
AT5G51840	164	172	158	169	173	195
AT5G51845	0	0	0	0	0	0
AT5G51850	2	4	7	4	2	6
AT5G51860	0	0	0	0	0	0
AT5G51870	1	1	1	0	0	0
AT5G51880	271	361	294	308	310	320
AT5G51890	33	60	61	94	24	66
AT5G51900	0	0	0	0	0	0
AT5G51910	31	33	29	43	37	52
AT5G51915	0	0	0	0	0	0
AT5G51920	18	25	20	17	7	21
AT5G51930	0	0	1	3	2	1
AT5G51940	282	387	362	350	345	322
AT5G51950	0	0	1	1	0	0
AT5G51960	216	262	210	247	293	276
AT5G51970	2856	3605	3066	3410	3335	2982
AT5G51980	408	446	484	392	372	387
AT5G51990	2	0	0	0	0	0
AT5G52000	0	0	2	3	1	0
AT5G52010	224	209	207	259	286	276
AT5G52020	17	29	37	4	8	8
AT5G52030	96	136	109	157	160	128
AT5G52040	1377	1681	1451	1498	1458	1473
AT5G52045	0	0	0	0	0	0
AT5G52050	163	147	153	40	33	43
AT5G52060	528	572	556	531	461	511
AT5G52070	114	150	127	122	114	137
AT5G52080	0	0	0	0	0	0
AT5G52090	0	0	0	0	0	1
AT5G52100	145	143	110	198	192	210
AT5G52110	159	169	143	149	156	159
AT5G52115	0	0	0	0	0	0
AT5G52120	119	176	97	120	149	140
AT5G52130	0	0	0	0	0	0
AT5G52140	0	0	0	0	0	0
AT5G52150	0	0	0	0	0	0
AT5G52155	0	0	0	0	0	0
AT5G52160	0	0	0	0	0	0
AT5G52170	3	4	15	10	7	13
AT5G52180	0	0	0	0	0	0
AT5G52190	0	0	0	0	0	0
AT5G52200	405	483	463	371	347	386
AT5G52210	172	223	172	173	172	175
AT5G52220	35	31	28	20	32	24
AT5G52230	131	150	106	151	114	147
AT5G52240	1457	2065	1735	1366	1430	1250
AT5G52250	431	524	439	363	344	331
AT5G52260	1	2	0	3	2	4
AT5G52270	2	0	1	2	0	1
AT5G52280	251	274	219	330	256	293
AT5G52290	26	29	31	38	19	24
AT5G52300	10	5	24	19	16	23
AT5G52310	660	700	499	1804	1411	1397
AT5G52320	16	26	19	14	15	12
AT5G52330	7	2	4	9	10	12
AT5G52340	3	0	0	3	0	0
AT5G52350	3	5	1	2	0	1
AT5G52355	0	0	0	0	0	0
AT5G52360	0	0	0	0	0	0
AT5G52370	228	298	251	280	292	290
AT5G52380	107	109	92	137	143	134
AT5G52390	71	108	99	4	0	1
AT5G52400	36	94	69	0	0	0
AT5G52410	102	131	122	122	123	111
AT5G52420	113	139	111	149	168	148
AT5G52430	279	319	298	283	227	239
AT5G52440	783	808	732	876	944	918
AT5G52450	690	964	832	280	349	324
AT5G52460	0	0	0	0	0	0
AT5G52470	1763	1913	1888	1743	1899	2005
AT5G52471	15	13	12	21	17	20
AT5G52480	0	0	0	0	0	0
AT5G52490	0	0	0	0	0	0
AT5G52495	0	0	0	0	0	0
AT5G52500	0	0	0	0	0	0
AT5G52510	388	546	508	383	394	336
AT5G52520	545	583	558	586	547	593
AT5G52530	1492	1692	1710	1469	1221	1410
AT5G52540	173	232	252	217	190	228
AT5G52545	40	49	28	32	50	48
AT5G52547	4	12	5	4	6	6
AT5G52550	257	339	271	318	326	307
AT5G52560	420	444	484	382	290	326
AT5G52570	79	94	132	11	15	10
AT5G52580	688	789	839	554	504	482
AT5G52600	2	4	3	4	4	2
AT5G52605	0	0	0	0	0	0
AT5G52610	0	0	0	0	0	0
AT5G52620	0	0	0	0	0	0
AT5G52630	72	53	50	57	49	68
AT5G52640	313	278	356	59	79	67
AT5G52650	1851	2063	1997	1615	2142	1942
AT5G52655	0	0	0	0	0	0
AT5G52660	106	145	137	131	98	108
AT5G52670	95	154	164	0	1	0
AT5G52680	18	24	23	0	1	0
AT5G52690	9	2	4	3	1	0
AT5G52700	0	2	4	0	0	0
AT5G52710	8	7	19	1	2	0
AT5G52720	44	75	107	7	13	4
AT5G52730	0	9	2	0	0	0
AT5G52740	3	3	7	1	0	0
AT5G52750	484	623	499	55	75	74
AT5G52760	78	103	132	5	18	6
AT5G52770	0	0	3	0	0	0
AT5G52780	187	214	173	283	372	277
AT5G52790	18	21	17	67	29	34
AT5G52797	0	0	0	0	0	0
AT5G52800	15	13	5	12	8	21
AT5G52810	220	307	387	86	109	80
AT5G52815	0	0	0	0	0	0
AT5G52820	501	664	603	709	712	663
AT5G52830	85	99	94	82	107	101
AT5G52840	1598	1640	1635	1709	1662	1784
AT5G52850	47	56	51	67	66	61
AT5G52860	44	65	66	114	69	103
AT5G52870	137	131	173	84	63	91
AT5G52880	113	164	118	157	183	156
AT5G52882	1033	1169	1107	1011	1010	963
AT5G52890	25	35	51	29	48	40
AT5G52900	83	115	91	90	57	99
AT5G52910	156	181	171	292	160	136
AT5G52920	4098	4347	4015	4796	3855	4518
AT5G52930	6	6	3	5	3	0
AT5G52940	3	4	7	17	8	2
AT5G52950	87	88	77	111	83	80
AT5G52960	283	328	260	324	402	336
AT5G52965	0	0	0	0	0	0
AT5G52970	369	302	294	338	421	400
AT5G52975	0	0	0	1	0	0
AT5G52980	262	280	281	242	249	223
AT5G52990	74	85	78	69	68	72
AT5G53000	520	605	574	453	369	485
AT5G53010	387	468	356	401	385	379
AT5G53020	142	184	159	189	175	196
AT5G53030	36	39	42	34	22	23
AT5G53040	0	0	0	0	0	0
AT5G53045	98	107	97	105	125	92
AT5G53048	5	3	13	3	0	2
AT5G53050	239	286	320	201	158	174
AT5G53060	172	221	212	200	184	234
AT5G53070	130	136	129	152	157	195
AT5G53080	113	124	109	135	132	150
AT5G53090	27	36	33	56	44	52
AT5G53100	0	0	0	0	1	0
AT5G53110	120	114	128	138	90	159
AT5G53120	159	128	181	154	130	169
AT5G53130	755	910	785	695	714	661
AT5G53140	1597	1770	1632	1798	1716	1782
AT5G53150	395	467	405	569	503	529
AT5G53160	2028	2667	2088	2721	2599	2333
AT5G53170	846	928	844	913	828	955
AT5G53180	391	532	493	471	448	499
AT5G53190	0	0	0	5	0	0
AT5G53200	0	0	0	2	0	0
AT5G53210	111	147	188	193	111	167
AT5G53220	90	69	66	71	100	91
AT5G53230	8	7	6	11	2	8
AT5G53240	1	1	0	1	2	4
AT5G53250	25	27	27	21	75	31
AT5G53260	0	1	0	0	0	0
AT5G53270	0	0	0	0	0	0
AT5G53280	71	90	77	81	99	95
AT5G53290	15	19	21	31	20	34
AT5G53300	4674	6267	5498	5036	5439	4666
AT5G53310	717	934	768	603	584	525
AT5G53320	25	28	42	46	41	34
AT5G53330	427	555	523	384	404	347
AT5G53340	251	294	216	217	171	228
AT5G53350	1386	1953	1866	1582	1585	1408
AT5G53360	72	140	108	96	116	84
AT5G53370	471	743	524	376	355	371
AT5G53380	0	0	4	5	0	0
AT5G53390	1	0	0	2	0	4
AT5G53400	358	494	439	405	448	399
AT5G53410	0	0	0	0	0	0
AT5G53420	428	790	538	404	505	427
AT5G53430	233	278	238	314	242	302
AT5G53440	771	865	878	770	547	709
AT5G53450	791	1886	1309	1417	2091	1169
AT5G53460	12397	12406	13486	12357	7118	12034
AT5G53470	304	339	349	246	275	287
AT5G53480	2238	2454	2360	2648	2010	2391
AT5G53486	7	12	5	5	9	10
AT5G53487	0	0	0	0	0	0
AT5G53490	1784	1832	1547	1700	2170	1664
AT5G53500	250	331	285	348	294	346
AT5G53510	0	0	0	0	0	0
AT5G53520	0	0	0	0	0	0
AT5G53530	326	404	376	392	379	332
AT5G53540	506	589	556	537	562	492
AT5G53550	1642	2179	1905	1387	1126	1412
AT5G53560	2735	3861	3552	1967	2207	1769
AT5G53570	734	933	860	715	658	690
AT5G53580	366	342	298	515	530	506
AT5G53590	102	136	126	97	93	117
AT5G53592	0	0	3	0	0	1
AT5G53600	0	0	0	0	0	0
AT5G53610	0	0	0	0	0	0
AT5G53620	583	616	612	722	610	681
AT5G53635	0	0	0	0	0	0
AT5G53637	0	0	0	0	0	0
AT5G53640	0	0	1	0	0	0
AT5G53650	289	388	340	253	332	270
AT5G53660	11	26	30	52	32	35
AT5G53670	0	0	0	0	0	0
AT5G53680	2	3	0	0	0	0
AT5G53700	5	11	6	10	8	12
AT5G53710	1	1	1	0	1	0
AT5G53720	0	0	0	0	0	0
AT5G53730	33	34	16	53	57	57
AT5G53740	11	18	7	13	14	9
AT5G53742	0	1	1	0	0	0
AT5G53750	62	75	52	63	29	53
AT5G53760	124	157	163	132	98	111
AT5G53770	281	250	244	322	262	277
AT5G53780	0	0	0	0	0	0
AT5G53790	0	0	0	0	0	0
AT5G53800	388	437	375	398	398	372
AT5G53810	8	4	4	5	7	8
AT5G53820	3	9	11	6	7	14
AT5G53830	69	116	96	91	90	107
AT5G53840	0	0	0	0	0	0
AT5G53850	1035	1157	1051	1271	1207	1049
AT5G53860	785	893	782	937	1046	1057
AT5G53870	15	16	17	18	14	35
AT5G53880	362	518	326	378	501	419
AT5G53890	195	221	201	240	224	245
AT5G53895	2	3	6	4	7	3
AT5G53900	250	317	281	352	276	391
AT5G53902	0	0	0	0	1	1
AT5G53905	0	0	0	0	0	0
AT5G53910	0	0	0	0	0	0
AT5G53920	54	54	65	77	62	82
AT5G53930	166	234	202	162	181	176
AT5G53940	156	261	191	200	222	239
AT5G53950	7	14	8	14	15	9
AT5G53960	0	0	0	0	0	0
AT5G53970	347	462	564	155	173	172
AT5G53980	93	155	111	240	174	231
AT5G53990	127	157	183	141	117	138
AT5G54000	0	4	5	4	2	7
AT5G54010	0	0	0	0	0	0
AT5G54020	10	5	5	12	13	20
AT5G54030	0	2	0	4	3	7
AT5G54035	0	0	0	0	0	0
AT5G54040	22	21	14	24	41	39
AT5G54043	0	0	0	0	0	0
AT5G54050	0	1	1	0	1	0
AT5G54060	1	0	2	1	0	1
AT5G54062	0	0	0	0	0	0
AT5G54067	0	0	1	1	0	3
AT5G54070	0	0	0	0	0	0
AT5G54075	0	0	0	0	0	0
AT5G54080	1130	1499	1282	829	943	746
AT5G54090	103	121	108	164	98	171
AT5G54095	3	0	1	6	1	3
AT5G54100	183	155	165	215	222	212
AT5G54110	407	530	509	282	345	318
AT5G54130	76	109	128	95	85	115
AT5G54140	72	107	114	89	82	81
AT5G54145	178	171	149	229	271	200
AT5G54148	7	10	11	6	16	6
AT5G54150	0	0	0	0	0	1
AT5G54160	1687	1963	1883	1613	1417	1604
AT5G54165	11	27	21	5	8	2
AT5G54170	758	952	847	611	810	687
AT5G54180	114	126	95	151	130	141
AT5G54190	3	5	6	3	2	5
AT5G54200	252	292	243	282	248	277
AT5G54210	0	0	0	0	0	0
AT5G54215	0	0	0	0	0	0
AT5G54220	0	0	0	0	0	0
AT5G54225	0	0	0	0	0	0
AT5G54230	16	21	21	27	23	25
AT5G54240	28	59	34	39	27	37
AT5G54250	303	460	313	362	288	323
AT5G54260	114	114	110	111	128	130
AT5G54270	3430	4156	3995	9754	12145	7330
AT5G54280	332	395	437	377	246	382
AT5G54290	658	779	690	708	704	686
AT5G54300	108	166	133	47	64	77
AT5G54310	1512	1874	1798	1504	1327	1363
AT5G54320	0	0	0	0	0	0
AT5G54330	0	0	0	0	0	0
AT5G54340	0	0	0	0	0	0
AT5G54350	0	0	0	0	0	0
AT5G54360	0	0	0	0	0	1
AT5G54365	0	0	0	0	0	0
AT5G54370	12	1	24	36	3	6
AT5G54375	0	0	0	0	0	0
AT5G54380	677	709	655	709	768	633
AT5G54390	1031	1590	1496	738	944	746
AT5G54400	37	55	57	6	7	12
AT5G54410	0	0	0	0	0	0
AT5G54420	0	0	0	0	0	0
AT5G54430	1033	1218	1070	1055	968	1002
AT5G54440	880	970	996	983	846	943
AT5G54450	0	0	0	0	1	0
AT5G54460	0	0	0	0	0	0
AT5G54470	4	7	2	3	3	0
AT5G54480	0	0	0	0	0	0
AT5G54490	139	214	198	29	21	20
AT5G54500	8281	10500	11233	3329	4057	3267
AT5G54510	219	260	251	281	160	359
AT5G54520	68	119	106	126	114	95
AT5G54530	31	59	61	39	46	51
AT5G54540	1281	1579	1421	1388	1416	1319
AT5G54550	1	0	2	9	4	0
AT5G54560	4	2	0	6	1	2
AT5G54569	18	7	7	10	12	13
AT5G54570	3	1	1	5	1	2
AT5G54580	240	287	262	285	304	312
AT5G54585	11	35	31	22	21	25
AT5G54590	121	151	157	59	79	87
AT5G54600	2481	2740	2775	2775	3113	2753
AT5G54610	1	0	3	0	10	0
AT5G54620	0	0	0	2	0	1
AT5G54630	290	415	310	380	383	373
AT5G54640	340	478	427	373	471	394
AT5G54650	208	236	273	204	148	175
AT5G54660	74	82	75	84	71	79
AT5G54670	81	90	73	72	64	91
AT5G54680	984	1169	1058	1072	1178	1042
AT5G54690	4	6	5	10	7	11
AT5G54700	0	1	1	1	0	1
AT5G54710	549	727	776	351	304	282
AT5G54720	175	193	226	115	40	65
AT5G54730	573	755	719	397	436	374
AT5G54740	2	2	12	1	15	39
AT5G54745	0	0	0	1	0	0
AT5G54750	425	506	470	425	405	420
AT5G54760	1569	1993	1834	1393	1580	1395
AT5G54770	14497	17015	15633	24991	27364	21984
AT5G54780	222	308	328	188	155	175
AT5G54790	3	0	3	3	0	2
AT5G54800	462	503	531	522	528	438
AT5G54810	9923	13885	14860	3290	3118	3095
AT5G54820	0	0	0	0	0	0
AT5G54830	304	370	353	281	299	333
AT5G54840	247	407	413	159	177	171
AT5G54850	117	168	170	80	54	66
AT5G54855	210	286	218	205	224	186
AT5G54860	363	473	509	156	116	146
AT5G54865	0	0	0	0	0	0
AT5G54870	528	624	600	480	378	441
AT5G54880	69	71	51	66	74	63
AT5G54890	82	108	57	85	87	76
AT5G54900	815	779	815	669	614	686
AT5G54910	211	195	225	270	243	276
AT5G54920	121	153	148	154	133	120
AT5G54930	134	127	165	84	93	103
AT5G54940	3961	5856	4608	2460	3034	2460
AT5G54950	0	0	0	0	1	0
AT5G54960	531	748	615	500	466	419
AT5G54970	97	112	109	80	76	76
AT5G54980	75	91	66	77	115	68
AT5G54990	0	1	0	0	0	0
AT5G55000	206	259	222	223	232	214
AT5G55010	5	8	5	12	15	11
AT5G55020	2	3	3	1	0	0
AT5G55040	698	796	844	657	570	605
AT5G55045	0	0	0	0	0	0
AT5G55050	17	27	28	28	19	40
AT5G55055	0	0	0	0	0	0
AT5G55060	506	648	699	435	471	487
AT5G55070	1124	1234	1355	1006	820	874
AT5G55080	1	0	0	0	0	0
AT5G55090	17	34	42	5	6	21
AT5G55100	669	919	808	694	651	673
AT5G55110	1	0	5	5	2	0
AT5G55120	324	374	397	233	261	255
AT5G55125	122	189	162	160	178	165
AT5G55130	318	312	331	290	306	364
AT5G55131	0	0	0	0	0	0
AT5G55132	0	0	0	0	0	0
AT5G55135	2	4	4	0	2	0
AT5G55140	247	301	313	265	344	280
AT5G55150	3	5	3	3	15	1
AT5G55160	594	730	583	724	901	674
AT5G55170	11	18	14	20	16	29
AT5G55180	238	248	241	322	237	291
AT5G55190	1414	1808	1684	1638	1879	1570
AT5G55200	197	300	291	185	189	190
AT5G55210	245	244	207	272	314	299
AT5G55220	1261	1020	1133	1336	1073	1325
AT5G55230	928	1093	917	1182	1109	1155
AT5G55240	0	0	2	0	4	2
AT5G55250	5	5	2	7	7	10
AT5G55260	244	285	202	293	256	263
AT5G55270	5	3	4	5	6	9
AT5G55280	595	534	580	828	759	823
AT5G55290	423	517	496	493	540	440
AT5G55300	912	1115	957	1015	768	1000
AT5G55310	743	893	944	737	553	673
AT5G55320	0	0	0	0	0	0
AT5G55330	0	0	0	0	0	0
AT5G55340	1	11	3	11	13	12
AT5G55350	0	0	1	2	0	7
AT5G55360	2	5	1	4	3	2
AT5G55370	1	3	0	3	1	2
AT5G55380	17	27	19	19	22	17
AT5G55390	730	1008	813	960	756	895
AT5G55400	77	67	60	72	72	72
AT5G55410	0	0	6	0	7	4
AT5G55430	0	0	0	0	0	0
AT5G55440	0	0	0	0	0	0
AT5G55450	0	0	1	0	1	2
AT5G55460	13	11	9	13	18	12
AT5G55470	14	34	35	43	29	40
AT5G55480	281	261	263	386	222	358
AT5G55490	19	27	13	29	42	26
AT5G55500	370	440	393	439	418	384
AT5G55505	0	0	0	0	0	0
AT5G55507	0	2	0	0	0	0
AT5G55508	0	0	0	0	0	0
AT5G55510	275	242	255	227	274	247
AT5G55520	43	55	40	70	61	60
AT5G55530	1118	1358	1319	1049	803	1024
AT5G55540	307	350	288	368	291	350
AT5G55550	209	252	249	196	244	232
AT5G55560	48	84	90	26	46	55
AT5G55565	0	0	0	0	0	0
AT5G55570	4	6	1	3	3	4
AT5G55580	246	242	168	278	252	280
AT5G55590	7	8	3	13	9	19
AT5G55600	695	892	758	799	642	719
AT5G55610	493	497	470	444	426	408
AT5G55620	133	129	107	273	203	254
AT5G55630	392	409	339	411	378	358
AT5G55640	107	133	99	122	130	101
AT5G55650	0	1	0	0	0	0
AT5G55660	1101	1207	1175	1256	1077	1202
AT5G55670	510	573	550	603	477	580
AT5G55680	4	2	6	9	6	10
AT5G55690	0	0	0	0	0	1
AT5G55700	645	942	681	514	616	566
AT5G55710	315	336	302	400	448	386
AT5G55720	0	1	0	0	1	1
AT5G55730	93	98	115	181	167	218
AT5G55740	158	111	103	171	194	184
AT5G55750	0	0	0	0	1	1
AT5G55760	102	111	95	119	126	94
AT5G55770	0	0	2	1	1	0
AT5G55780	0	0	1	1	4	0
AT5G55790	90	122	105	156	183	154
AT5G55800	0	0	0	0	0	0
AT5G55810	69	87	57	94	82	71
AT5G55820	93	72	90	86	72	110
AT5G55830	7	3	8	17	10	11
AT5G55835	0	0	0	0	0	0
AT5G55840	52	68	77	82	68	95
AT5G55850	1609	2366	2193	1243	1721	1186
AT5G55855	0	0	0	0	0	0
AT5G55856	0	0	0	0	0	0
AT5G55860	279	400	380	267	243	259
AT5G55870	0	0	0	0	0	0
AT5G55880	0	0	0	0	0	0
AT5G55890	0	0	0	0	0	0
AT5G55893	1	3	3	1	0	2
AT5G55900	50	65	63	69	49	60
AT5G55910	612	712	609	821	859	750
AT5G55920	654	662	580	755	707	749
AT5G55930	311	440	336	453	308	251
AT5G55940	501	601	634	556	616	513
AT5G55950	6	1	5	11	4	9
AT5G55960	203	181	193	284	213	265
AT5G55970	491	704	665	466	372	523
AT5G55980	0	0	2	0	0	0
AT5G55990	306	396	346	306	294	285
AT5G56000	252	270	299	326	284	343
AT5G56010	1611	1732	1838	1348	1051	1570
AT5G56020	166	214	161	153	150	175
AT5G56030	2010	2205	2309	1942	1598	2070
AT5G56040	583	662	582	933	775	856
AT5G56050	7	8	5	11	7	8
AT5G56060	0	0	0	0	0	0
AT5G56070	0	0	0	0	0	0
AT5G56075	0	0	0	0	0	0
AT5G56080	8	13	17	21	38	8
AT5G56090	201	259	217	206	167	191
AT5G56100	783	1296	823	704	1048	657
AT5G56110	0	1	2	0	0	0
AT5G56120	33	39	60	101	71	72
AT5G56130	201	206	159	214	173	187
AT5G56140	1574	2046	1773	1699	2084	1695
AT5G56150	295	402	365	317	368	307
AT5G56160	41	42	26	34	28	44
AT5G56170	618	800	702	547	721	543
AT5G56180	392	507	448	342	419	354
AT5G56190	504	615	580	452	414	426
AT5G56200	2	5	6	8	4	8
AT5G56210	150	217	173	210	192	207
AT5G56220	249	295	331	445	358	481
AT5G56230	26	37	36	39	33	26
AT5G56240	741	854	756	786	589	747
AT5G56250	159	211	175	186	152	180
AT5G56260	338	367	343	278	298	281
AT5G56270	182	292	256	199	131	207
AT5G56280	222	278	295	301	247	262
AT5G56290	1230	1301	1303	1214	915	1092
AT5G56300	10	16	14	20	9	11
AT5G56310	35	24	37	47	42	40
AT5G56320	12	14	11	37	23	22
AT5G56325	0	0	0	0	0	0
AT5G56330	0	0	0	0	0	0
AT5G56340	343	521	474	322	326	314
AT5G56350	901	1064	1162	871	798	815
AT5G56360	713	755	723	826	568	754
AT5G56365	0	0	0	0	0	0
AT5G56368	0	0	0	0	0	0
AT5G56369	0	0	0	0	0	0
AT5G56370	18	13	18	11	18	18
AT5G56380	127	167	133	184	212	170
AT5G56390	0	0	0	0	0	0
AT5G56400	0	0	0	0	0	0
AT5G56410	0	0	0	0	0	0
AT5G56420	84	101	102	96	80	94
AT5G56430	0	0	0	0	0	0
AT5G56440	0	0	0	0	0	0
AT5G56450	39	50	39	58	40	51
AT5G56452	0	0	0	0	0	0
AT5G56460	86	107	108	110	65	121
AT5G56470	0	0	0	0	0	0
AT5G56480	0	0	0	0	0	0
AT5G56490	4	7	5	9	5	5
AT5G56500	272	275	274	289	297	318
AT5G56510	0	2	1	3	1	0
AT5G56520	142	179	144	212	205	168
AT5G56530	105	97	83	188	166	218
AT5G56540	20	13	16	76	46	48
AT5G56550	842	1024	669	956	897	911
AT5G56555	0	1	0	0	0	0
AT5G56560	0	0	0	0	0	0
AT5G56570	0	0	0	0	0	0
AT5G56580	14	32	18	35	24	31
AT5G56590	72	69	59	88	63	105
AT5G56600	148	166	144	224	197	174
AT5G56610	62	88	65	52	57	47
AT5G56620	3	6	11	14	6	5
AT5G56630	341	408	374	436	394	416
AT5G56640	0	0	0	0	0	0
AT5G56650	303	376	338	343	349	300
AT5G56660	161	209	177	172	215	160
AT5G56670	2418	2842	2526	2069	2657	2421
AT5G56680	1015	1166	1069	1136	1101	1128
AT5G56690	0	0	0	0	0	0
AT5G56700	3	7	3	8	11	5
AT5G56710	1913	2384	2110	1672	2132	1983
AT5G56720	6	13	14	8	7	9
AT5G56730	209	226	248	222	167	222
AT5G56740	253	294	305	327	269	288
AT5G56745	0	0	0	0	0	0
AT5G56750	745	887	822	564	624	523
AT5G56760	707	899	764	671	760	690
AT5G56770	0	0	0	0	0	0
AT5G56780	218	232	173	204	204	179
AT5G56790	238	315	299	261	200	235
AT5G56795	3	15	6	14	8	14
AT5G56800	0	0	0	0	0	0
AT5G56810	15	15	13	24	16	15
AT5G56820	0	0	0	0	0	0
AT5G56840	15	22	18	2	14	7
AT5G56850	110	109	98	168	182	191
AT5G56860	159	178	169	283	298	240
AT5G56870	5614	9462	7523	5130	5352	5287
AT5G56880	0	0	0	0	0	0
AT5G56890	514	605	652	611	488	572
AT5G56900	485	573	546	524	495	496
AT5G56910	123	158	146	161	157	154
AT5G56920	0	0	0	0	0	0
AT5G56930	137	199	153	184	163	137
AT5G56940	242	276	230	291	328	295
AT5G56950	580	709	677	656	670	681
AT5G56960	88	147	152	4	2	3
AT5G56970	1	1	3	1	5	1
AT5G56975	0	0	0	0	0	0
AT5G56980	140	148	213	152	85	139
AT5G56985	0	0	0	0	0	0
AT5G56990	23	21	16	21	24	25
AT5G57000	100	119	93	82	78	65
AT5G57010	186	240	285	28	27	26
AT5G57015	397	483	494	404	320	359
AT5G57020	897	1098	1037	881	941	932
AT5G57030	332	270	311	514	400	509
AT5G57035	560	680	706	291	202	297
AT5G57040	276	393	326	484	526	357
AT5G57050	101	134	144	118	94	107
AT5G57060	340	456	404	217	222	187
AT5G57070	125	137	135	158	142	142
AT5G57080	21	30	14	23	28	15
AT5G57090	115	103	220	132	134	157
AT5G57100	120	146	104	106	138	136
AT5G57110	1176	1184	1219	1585	1169	1591
AT5G57120	729	872	678	814	918	902
AT5G57123	37	52	73	6	6	4
AT5G57130	147	158	142	237	149	260
AT5G57140	54	82	64	85	57	57
AT5G57150	89	139	99	187	176	214
AT5G57160	365	451	381	392	351	361
AT5G57170	122	124	97	130	163	168
AT5G57180	116	129	107	172	126	197
AT5G57190	82	102	132	18	22	26
AT5G57200	0	0	3	1	2	1
AT5G57210	151	198	163	191	145	171
AT5G57220	2279	2857	3310	599	318	426
AT5G57230	85	107	123	79	82	92
AT5G57240	189	206	196	320	147	292
AT5G57250	103	126	123	149	102	151
AT5G57260	0	0	0	1	0	0
AT5G57270	189	185	176	266	221	238
AT5G57280	227	216	207	199	204	207
AT5G57290	3315	3629	3414	2794	3242	3399
AT5G57300	287	333	307	384	331	310
AT5G57320	59	103	66	91	66	93
AT5G57330	728	888	743	793	752	754
AT5G57340	104	136	111	130	125	155
AT5G57345	142	132	137	168	166	155
AT5G57350	751	896	961	1044	634	914
AT5G57360	474	637	554	540	520	603
AT5G57370	251	293	263	234	319	247
AT5G57380	1	0	5	5	3	0
AT5G57390	21	27	36	32	15	50
AT5G57400	0	1	0	1	7	4
AT5G57410	116	133	144	134	88	124
AT5G57420	0	1	1	0	2	0
AT5G57440	189	217	179	251	253	272
AT5G57450	21	24	14	19	17	26
AT5G57460	600	590	650	592	430	532
AT5G57480	108	154	171	116	84	111
AT5G57490	863	1085	971	714	824	814
AT5G57500	56	77	80	2	4	6
AT5G57510	202	329	316	6	4	8
AT5G57520	2	3	1	1	0	4
AT5G57530	27	8	23	13	24	2
AT5G57535	0	0	0	0	0	0
AT5G57540	17	7	19	5	18	8
AT5G57550	33	42	36	34	65	33
AT5G57560	1926	2073	1852	774	1213	695
AT5G57565	115	152	105	129	150	130
AT5G57567	3	4	4	8	5	7
AT5G57569	0	0	0	1	0	1
AT5G57570	8	3	8	11	13	11
AT5G57580	1454	1783	1751	1056	946	1025
AT5G57590	135	125	134	173	122	162
AT5G57610	109	125	127	150	124	173
AT5G57620	26	33	33	42	41	46
AT5G57625	52	46	91	26	34	21
AT5G57630	1031	1432	1096	1049	1136	1122
AT5G57640	79	84	89	57	64	60
AT5G57650	2	1	4	1	3	4
AT5G57655	5194	6696	5535	4702	5290	4372
AT5G57660	1398	1320	1164	1614	1454	1469
AT5G57670	1	0	1	2	4	4
AT5G57685	90	104	85	159	170	188
AT5G57690	3	2	1	0	1	1
AT5G57700	122	141	125	179	148	194
AT5G57710	3128	3333	3213	2724	2090	2880
AT5G57720	2	0	0	0	0	0
AT5G57735	2	1	2	10	3	3
AT5G57740	164	217	186	185	190	235
AT5G57750	0	0	0	0	0	0
AT5G57760	31	52	28	97	98	64
AT5G57770	3	4	12	15	10	11
AT5G57780	103	138	89	194	182	204
AT5G57785	154	259	135	212	155	160
AT5G57790	25	29	19	27	23	26
AT5G57800	781	831	772	637	470	596
AT5G57810	0	0	0	0	0	0
AT5G57815	259	344	334	330	386	344
AT5G57820	0	3	2	0	4	0
AT5G57830	105	119	103	142	125	118
AT5G57840	58	59	42	83	46	77
AT5G57850	1085	1257	1091	1148	1173	1097
AT5G57860	233	330	274	168	181	156
AT5G57870	3309	3603	3679	3258	2892	3264
AT5G57880	47	81	50	60	70	70
AT5G57885	0	0	0	0	0	0
AT5G57887	12	22	11	11	16	5
AT5G57890	128	145	127	102	125	95
AT5G57900	362	442	425	310	333	312
AT5G57910	253	397	374	118	104	123
AT5G57920	3	2	6	4	4	5
AT5G57930	748	803	759	1151	1239	1136
AT5G57940	983	1221	1035	1014	993	970
AT5G57950	235	273	269	271	306	241
AT5G57960	246	252	238	280	282	323
AT5G57970	59	48	39	65	57	54
AT5G57980	2	5	0	5	10	5
AT5G57990	1511	1632	1689	1390	1225	1478
AT5G58000	95	119	108	138	99	102
AT5G58003	141	188	178	161	165	179
AT5G58005	119	167	114	104	169	107
AT5G58010	11	11	14	11	5	8
AT5G58020	730	898	907	678	762	605
AT5G58030	377	463	417	410	384	385
AT5G58040	1001	1279	1222	1053	964	1079
AT5G58050	0	0	0	0	0	0
AT5G58060	722	850	801	701	624	622
AT5G58070	576	675	661	485	640	476
AT5G58080	0	0	2	0	0	0
AT5G58090	565	653	631	543	641	505
AT5G58100	905	1026	921	1038	881	975
AT5G58110	683	928	793	709	771	649
AT5G58120	182	212	242	45	60	60
AT5G58130	271	259	284	288	201	256
AT5G58140	535	642	535	969	837	942
AT5G58150	0	0	0	0	0	0
AT5G58160	426	425	460	330	260	318
AT5G58170	1	0	1	0	0	1
AT5G58180	0	1	1	1	0	0
AT5G58190	166	195	207	193	137	158
AT5G58200	853	1275	999	1141	1304	1078
AT5G58210	172	192	218	214	235	189
AT5G58220	569	682	618	592	594	532
AT5G58230	476	515	561	541	420	558
AT5G58240	300	367	330	339	353	342
AT5G58250	1057	940	1037	1281	1377	1297
AT5G58260	160	159	158	345	299	329
AT5G58270	631	763	714	713	611	624
AT5G58280	0	1	1	5	6	11
AT5G58290	2115	2501	2525	2003	2045	1785
AT5G58300	163	175	151	241	164	256
AT5G58310	1	2	3	1	0	0
AT5G58320	217	339	303	134	155	149
AT5G58330	996	1166	1143	1337	1272	1146
AT5G58340	107	116	111	106	77	95
AT5G58350	1952	2504	2580	1503	878	1104
AT5G58360	0	6	0	1	0	0
AT5G58370	264	247	227	337	340	333
AT5G58375	615	857	764	532	570	440
AT5G58380	258	311	339	255	231	250
AT5G58390	255	498	369	267	156	143
AT5G58400	3	0	0	2	0	0
AT5G58410	770	928	818	854	650	779
AT5G58412	0	0	0	0	0	0
AT5G58420	1801	1938	2100	1901	1858	2086
AT5G58430	1135	1380	1411	764	729	697
AT5G58440	466	509	470	456	421	461
AT5G58450	454	520	488	620	529	580
AT5G58460	0	0	0	0	0	1
AT5G58465	0	0	0	0	0	0
AT5G58470	1018	1192	1244	1159	984	1090
AT5G58480	80	76	89	102	110	119
AT5G58490	782	990	781	851	914	922
AT5G58495	0	0	0	0	0	0
AT5G58500	3	10	10	19	25	18
AT5G58510	443	540	472	509	482	517
AT5G58520	218	250	227	251	210	208
AT5G58530	69	81	79	94	75	105
AT5G58540	154	213	238	251	246	258
AT5G58550	210	213	224	253	167	256
AT5G58560	366	526	458	456	487	440
AT5G58570	123	132	99	177	230	161
AT5G58575	223	281	227	217	261	228
AT5G58580	96	145	103	136	99	119
AT5G58590	233	286	261	304	256	252
AT5G58595	1	1	1	1	0	0
AT5G58600	238	253	249	270	258	283
AT5G58610	8	22	18	37	33	26
AT5G58620	525	487	554	451	321	403
AT5G58630	0	0	0	0	1	3
AT5G58640	305	384	316	326	379	340
AT5G58650	285	332	267	289	420	285
AT5G58660	84	108	99	181	149	163
AT5G58670	24	35	39	22	31	14
AT5G58680	27	43	30	14	12	9
AT5G58690	55	72	53	47	61	47
AT5G58700	91	120	111	96	85	97
AT5G58710	1303	1465	1161	1037	1053	1134
AT5G58720	949	1413	1194	914	946	891
AT5G58730	296	390	373	201	199	190
AT5G58740	446	592	481	480	498	498
AT5G58750	14	17	9	7	6	11
AT5G58760	74	64	93	100	64	88
AT5G58770	8	15	11	7	7	3
AT5G58780	1	8	3	7	8	4
AT5G58782	0	0	0	0	0	0
AT5G58784	0	0	0	0	2	0
AT5G58787	326	499	417	333	406	297
AT5G58790	49	76	59	53	82	80
AT5G58800	493	626	609	595	670	486
AT5G58820	0	0	0	0	0	0
AT5G58830	0	1	0	0	0	0
AT5G58840	81	141	230	16	20	10
AT5G58850	0	0	0	0	0	0
AT5G58860	166	155	177	399	313	264
AT5G58870	620	731	580	696	519	532
AT5G58880	0	0	0	0	0	0
AT5G58890	0	0	0	0	0	0
AT5G58900	629	757	666	975	975	867
AT5G58910	8	7	15	9	10	4
AT5G58920	229	255	211	256	272	213
AT5G58930	221	267	269	325	276	298
AT5G58940	150	219	200	154	105	130
AT5G58950	2000	2480	2164	2216	2342	2127
AT5G58960	367	354	345	507	433	469
AT5G58970	111	112	124	154	113	146
AT5G58980	154	207	203	210	215	190
AT5G58990	150	176	162	152	204	143
AT5G59000	57	58	73	74	64	67
AT5G59010	236	186	217	368	238	321
AT5G59020	23	39	18	61	37	66
AT5G59030	270	400	259	326	411	302
AT5G59040	0	0	0	0	0	0
AT5G59050	17	15	32	41	32	31
AT5G59055	0	0	0	0	0	0
AT5G59060	1	0	1	0	1	0
AT5G59070	0	0	0	0	0	0
AT5G59080	68	75	73	158	95	132
AT5G59090	164	132	176	279	180	226
AT5G59100	0	0	0	0	0	0
AT5G59105	0	0	0	0	0	0
AT5G59110	0	0	0	0	0	0
AT5G59120	0	0	0	0	0	0
AT5G59130	13	13	11	25	27	31
AT5G59140	382	498	407	371	389	296
AT5G59150	352	408	336	321	386	325
AT5G59160	879	1041	979	884	801	795
AT5G59170	3	9	15	2	11	8
AT5G59180	205	233	210	176	171	183
AT5G59190	2	4	4	2	3	7
AT5G59200	18	21	16	21	19	28
AT5G59210	294	401	357	323	278	318
AT5G59220	30	53	68	14	11	13
AT5G59230	0	1	1	0	0	1
AT5G59240	21	6	6	20	20	30
AT5G59250	626	750	699	855	768	750
AT5G59260	20	29	16	45	26	43
AT5G59270	3	6	4	12	5	10
AT5G59280	0	0	0	0	0	0
AT5G59290	587	661	627	626	540	645
AT5G59300	191	279	235	259	262	234
AT5G59305	0	0	0	0	0	0
AT5G59310	3	3	7	6	10	7
AT5G59320	10	13	10	20	50	48
AT5G59330	3	8	6	3	11	4
AT5G59340	5	8	7	5	4	7
AT5G59350	51	69	40	71	75	90
AT5G59360	3	2	3	5	1	0
AT5G59370	0	0	0	0	1	0
AT5G59380	152	156	163	154	188	169
AT5G59385	0	1	0	0	1	0
AT5G59390	6	4	4	7	4	4
AT5G59395	0	0	0	0	0	0
AT5G59400	89	105	83	95	75	112
AT5G59410	115	139	115	132	109	107
AT5G59420	1301	1709	1587	1249	1045	1057
AT5G59430	553	680	651	585	547	616
AT5G59440	286	401	319	317	395	361
AT5G59450	87	87	113	75	94	70
AT5G59460	118	155	131	118	171	138
AT5G59470	25	21	31	25	42	47
AT5G59480	85	93	120	112	75	110
AT5G59490	45	61	81	15	16	15
AT5G59500	357	360	359	378	382	377
AT5G59505	0	0	0	0	0	0
AT5G59510	27	35	41	3	20	9
AT5G59520	245	240	276	466	411	572
AT5G59530	226	224	264	234	236	252
AT5G59540	2031	2832	2688	1499	1361	1302
AT5G59550	712	931	910	317	331	283
AT5G59560	129	143	139	116	107	124
AT5G59570	346	418	409	319	351	293
AT5G59580	0	0	0	0	0	0
AT5G59590	52	50	34	23	23	21
AT5G59600	0	0	0	0	0	0
AT5G59610	139	164	152	146	165	161
AT5G59613	1954	2679	2167	2228	2683	2041
AT5G59616	0	0	0	0	0	0
AT5G59650	66	68	62	87	89	73
AT5G59660	24	25	24	24	31	45
AT5G59662	2	3	3	8	7	7
AT5G59670	7	11	2	8	15	9
AT5G59680	207	167	168	357	182	291
AT5G59690	1459	1763	1322	1290	1553	1259
AT5G59700	80	147	151	53	49	69
AT5G59710	373	344	379	377	313	419
AT5G59720	10	18	20	16	4	7
AT5G59730	0	0	0	0	0	0
AT5G59732	0	0	0	0	0	0
AT5G59740	50	45	45	50	45	54
AT5G59750	155	185	170	208	218	188
AT5G59760	0	0	0	0	1	0
AT5G59770	160	223	197	184	191	160
AT5G59780	158	153	142	409	480	549
AT5G59790	133	129	142	131	128	158
AT5G59800	202	255	243	224	222	209
AT5G59810	0	1	0	0	0	0
AT5G59820	655	1066	959	107	144	146
AT5G59830	312	303	292	320	283	292
AT5G59840	418	580	491	393	518	414
AT5G59845	0	0	0	2	0	0
AT5G59850	1238	1297	1274	1011	1251	1244
AT5G59860	0	1	3	0	6	2
AT5G59865	6	6	4	12	1	7
AT5G59870	751	747	705	673	670	709
AT5G59880	2192	2799	2413	2042	2401	1970
AT5G59890	546	788	608	661	593	569
AT5G59895	0	0	0	0	0	0
AT5G59900	41	37	35	39	41	41
AT5G59910	1790	2286	1949	1874	2145	1921
AT5G59920	85	85	69	97	69	62
AT5G59930	9	8	9	14	11	7
AT5G59940	25	22	20	27	16	18
AT5G59945	0	0	0	0	0	0
AT5G59950	999	1201	1064	1129	1383	1160
AT5G59960	982	1310	1153	1097	1061	1012
AT5G59970	329	369	300	307	335	336
AT5G59980	101	113	94	133	151	155
AT5G59990	10	12	7	16	11	12
AT5G60000	0	0	0	1	0	1
AT5G60010	0	0	0	0	0	0
AT5G60020	17	15	22	37	13	21
AT5G60022	6	0	2	1	1	2
AT5G60030	271	360	261	312	385	329
AT5G60040	215	235	215	257	215	248
AT5G60050	59	71	75	93	104	95
AT5G60060	0	0	0	1	1	0
AT5G60070	0	0	0	0	0	0
AT5G60080	0	0	0	0	0	0
AT5G60090	0	0	0	0	0	0
AT5G60100	402	523	424	602	588	600
AT5G60110	0	0	0	0	0	0
AT5G60120	387	460	450	624	439	604
AT5G60130	0	0	2	0	3	1
AT5G60140	1	0	0	1	0	2
AT5G60142	0	2	4	3	4	0
AT5G60150	22	32	30	35	28	49
AT5G60160	546	714	635	565	501	474
AT5G60170	879	1104	1007	942	803	916
AT5G60180	0	2	0	2	0	1
AT5G60190	93	129	96	128	136	103
AT5G60200	68	92	52	110	63	118
AT5G60210	333	398	401	481	448	497
AT5G60215	0	0	0	0	0	0
AT5G60220	2	2	5	0	2	1
AT5G60230	21	29	41	37	44	37
AT5G60240	0	0	0	0	0	0
AT5G60250	101	115	113	133	191	131
AT5G60260	7	9	9	9	11	4
AT5G60265	0	0	6	3	1	4
AT5G60270	652	715	703	340	344	321
AT5G60280	106	110	122	124	95	121
AT5G60285	1	2	2	1	3	1
AT5G60290	6	18	17	24	1	8
AT5G60300	263	292	291	307	249	285
AT5G60310	8	2	9	9	2	8
AT5G60320	0	0	0	0	1	0
AT5G60335	17	18	20	19	24	32
AT5G60340	771	1079	926	798	862	731
AT5G60350	3	5	8	0	2	1
AT5G60360	3901	5357	4512	4511	4359	3796
AT5G60370	78	97	81	112	102	99
AT5G60380	0	0	0	0	0	0
AT5G60390	17316	16698	18532	14182	14662	15810
AT5G60400	216	321	259	279	364	273
AT5G60408	0	0	0	0	0	1
AT5G60410	1608	2060	1986	1344	1211	1383
AT5G60430	106	173	121	131	167	116
AT5G60440	9	14	7	20	22	15
AT5G60450	707	790	701	1009	679	848
AT5G60460	267	396	290	239	367	236
AT5G60470	1	0	0	0	0	1
AT5G60480	0	0	1	0	0	0
AT5G60490	5	2	5	8	5	4
AT5G60500	0	0	0	0	0	0
AT5G60510	0	0	0	0	0	0
AT5G60520	0	0	8	6	2	5
AT5G60530	32	23	80	44	9	27
AT5G60540	1049	1280	1166	1055	1070	988
AT5G60550	525	642	611	589	574	524
AT5G60553	0	0	0	0	0	0
AT5G60560	0	0	0	0	0	0
AT5G60570	775	922	865	866	878	824
AT5G60580	169	225	165	243	185	242
AT5G60590	160	184	215	173	190	174
AT5G60600	3083	3251	3213	3421	3163	2984
AT5G60610	5	6	14	16	16	8
AT5G60615	0	0	0	0	2	0
AT5G60620	570	722	647	647	577	629
AT5G60630	16	23	19	12	1	11
AT5G60640	2301	2686	2698	2271	1874	2117
AT5G60650	0	1	0	2	1	0
AT5G60660	28	22	34	133	67	68
AT5G60670	672	830	644	690	935	839
AT5G60680	1663	1951	1537	1276	1171	1271
AT5G60690	370	433	456	535	358	515
AT5G60700	571	712	766	324	307	318
AT5G60710	1187	1322	1451	924	841	859
AT5G60720	17	8	9	19	10	16
AT5G60730	9	16	26	29	32	32
AT5G60740	1	4	1	0	0	0
AT5G60750	488	499	502	311	335	312
AT5G60760	198	246	321	39	49	43
AT5G60770	0	0	0	0	0	0
AT5G60780	0	2	1	0	0	0
AT5G60790	1754	1987	1893	1638	1588	1771
AT5G60800	48	76	95	51	55	54
AT5G60805	0	0	0	0	0	0
AT5G60810	0	0	0	0	0	0
AT5G60820	97	134	139	137	106	100
AT5G60830	0	0	0	0	0	0
AT5G60840	94	101	72	110	98	106
AT5G60850	176	175	143	281	254	246
AT5G60860	74	93	75	85	98	55
AT5G60870	85	95	95	118	97	101
AT5G60880	17	24	12	15	21	21
AT5G60890	37	40	46	169	167	155
AT5G60900	5	13	8	6	5	2
AT5G60910	1	3	1	4	0	1
AT5G60920	1546	1678	1524	1576	1898	1658
AT5G60930	56	59	79	140	86	139
AT5G60940	223	210	213	244	236	230
AT5G60945	0	0	0	0	0	0
AT5G60950	60	70	68	51	61	62
AT5G60960	417	465	483	526	468	503
AT5G60963	0	0	0	0	0	0
AT5G60964	0	0	0	0	0	0
AT5G60966	0	0	0	0	0	0
AT5G60970	88	105	100	101	71	103
AT5G60980	954	1124	1045	1118	1192	1107
AT5G60990	286	327	309	332	352	334
AT5G61000	137	142	136	181	142	142
AT5G61010	363	583	605	240	231	263
AT5G61020	1153	1361	1247	1308	1299	1470
AT5G61030	362	296	300	511	534	605
AT5G61040	134	183	181	172	160	178
AT5G61050	5	8	8	1	0	0
AT5G61060	511	549	558	531	422	478
AT5G61070	10	12	12	15	16	18
AT5G61090	2	2	0	0	0	0
AT5G61100	1	0	0	0	1	0
AT5G61110	0	0	0	0	0	0
AT5G61120	0	2	0	2	1	1
AT5G61130	315	371	329	288	295	375
AT5G61140	1193	1411	1309	1459	854	1250
AT5G61150	1031	1165	1104	929	940	916
AT5G61160	882	1408	1253	35	112	32
AT5G61170	1876	1910	1831	1665	1932	2029
AT5G61180	2	1	1	3	0	0
AT5G61190	237	361	323	345	316	287
AT5G61200	69	89	67	86	87	81
AT5G61210	1327	1746	1775	610	605	587
AT5G61220	195	266	192	205	278	252
AT5G61230	869	1018	839	858	1001	870
AT5G61240	598	681	649	474	408	396
AT5G61250	98	122	102	151	131	157
AT5G61260	41	51	53	37	24	18
AT5G61270	236	348	265	266	252	272
AT5G61280	2	1	5	1	1	6
AT5G61290	14	20	9	17	14	25
AT5G61300	56	65	54	86	73	69
AT5G61310	104	144	130	118	123	144
AT5G61320	0	0	0	0	0	1
AT5G61330	327	446	328	403	349	406
AT5G61340	119	173	137	159	146	146
AT5G61345	0	0	0	0	0	0
AT5G61350	8	5	16	8	16	9
AT5G61360	30	37	27	34	36	44
AT5G61370	57	51	63	80	63	76
AT5G61380	2184	2795	2432	2367	2262	2324
AT5G61390	63	65	96	91	61	66
AT5G61400	20	22	17	23	31	28
AT5G61410	3558	3589	3439	3971	4037	3650
AT5G61412	1	1	0	2	1	0
AT5G61420	141	198	146	283	176	293
AT5G61430	28	26	28	41	44	47
AT5G61440	692	754	658	381	566	450
AT5G61445	0	0	0	0	0	0
AT5G61450	330	433	405	330	263	338
AT5G61455	0	0	0	0	0	0
AT5G61460	366	364	346	314	288	308
AT5G61470	0	0	0	0	0	0
AT5G61480	198	195	156	305	200	270
AT5G61490	13	10	15	6	7	0
AT5G61495	0	0	0	0	0	0
AT5G61500	483	691	654	608	548	520
AT5G61510	531	705	509	494	555	447
AT5G61520	1271	1516	1233	955	1121	977
AT5G61530	1051	1425	1410	983	999	910
AT5G61540	72	105	90	99	91	101
AT5G61550	9	8	10	11	4	4
AT5G61560	246	315	367	123	125	135
AT5G61570	109	107	104	99	105	73
AT5G61580	368	466	386	415	312	378
AT5G61590	2090	3062	2115	2112	2825	2121
AT5G61600	855	960	703	561	762	603
AT5G61605	0	0	0	0	0	0
AT5G61610	58	92	63	25	42	21
AT5G61620	3	2	0	0	1	0
AT5G61630	0	0	0	0	0	0
AT5G61640	128	139	134	117	106	102
AT5G61650	3	6	4	1	1	4
AT5G61660	0	0	0	0	0	0
AT5G61670	297	426	387	385	385	343
AT5G61680	0	0	0	0	0	0
AT5G61690	0	0	0	0	0	0
AT5G61700	0	0	0	0	0	0
AT5G61710	0	0	0	0	0	0
AT5G61720	0	0	0	0	0	0
AT5G61730	0	0	2	2	2	0
AT5G61740	4	7	6	4	9	9
AT5G61750	0	0	0	0	0	0
AT5G61760	261	344	311	286	280	279
AT5G61770	311	378	357	338	399	335
AT5G61780	2163	2276	2365	2132	1918	2117
AT5G61790	3108	2726	3037	1722	1560	2119
AT5G61800	14	22	12	16	22	17
AT5G61810	79	103	89	182	101	151
AT5G61820	5013	6385	6060	1797	1936	1624
AT5G61830	174	195	163	156	177	173
AT5G61835	0	0	0	0	0	0
AT5G61840	363	415	427	377	363	333
AT5G61850	1	0	0	4	0	1
AT5G61865	19	16	35	22	10	17
AT5G61880	86	89	97	108	117	116
AT5G61890	62	60	86	11	15	33
AT5G61900	0	0	0	0	0	0
AT5G61910	410	444	491	331	186	320
AT5G61920	24	28	28	27	29	28
AT5G61930	77	71	65	95	79	93
AT5G61940	53	35	44	74	60	81
AT5G61950	52	43	50	68	54	68
AT5G61960	1481	1734	1704	1467	1074	1300
AT5G61970	589	627	666	630	533	586
AT5G61980	49	50	46	53	43	53
AT5G61990	102	113	101	118	124	99
AT5G61997	0	0	0	0	0	0
AT5G62000	3688	4275	4099	3844	3123	3756
AT5G62020	312	382	370	157	174	157
AT5G62030	189	228	192	175	166	176
AT5G62040	0	0	0	0	4	1
AT5G62050	493	600	583	556	534	501
AT5G62060	0	0	0	0	0	0
AT5G62065	0	0	0	0	0	0
AT5G62070	188	222	279	160	170	173
AT5G62080	2	1	1	1	1	2
AT5G62090	385	487	479	550	482	552
AT5G62100	45	74	47	60	65	62
AT5G62110	0	1	0	0	0	0
AT5G62120	0	0	0	0	0	0
AT5G62130	44	57	52	66	50	60
AT5G62140	31	34	31	43	48	52
AT5G62150	222	383	400	89	87	74
AT5G62160	2	1	3	0	0	1
AT5G62162	0	0	0	0	0	0
AT5G62165	3	5	1	8	4	5
AT5G62170	57	79	53	74	58	92
AT5G62180	60	96	85	56	66	54
AT5G62190	3019	3354	3404	3658	3404	3743
AT5G62200	310	420	356	337	342	308
AT5G62210	4	1	3	1	5	5
AT5G62220	94	111	95	109	102	108
AT5G62230	21	36	29	45	27	52
AT5G62240	0	0	1	1	3	1
AT5G62250	0	3	0	0	1	0
AT5G62260	80	89	96	68	94	84
AT5G62270	374	354	361	452	434	445
AT5G62280	365	585	530	1015	914	1083
AT5G62290	170	198	180	222	218	198
AT5G62300	1563	1785	1712	1463	1801	1629
AT5G62310	9	9	6	7	7	2
AT5G62320	0	0	0	0	0	0
AT5G62330	0	0	0	0	0	2
AT5G62340	2	0	2	5	6	10
AT5G62350	1051	1191	1022	1574	1550	1518
AT5G62360	196	310	231	514	485	417
AT5G62370	58	40	54	66	78	63
AT5G62380	2	3	0	5	4	13
AT5G62390	1457	1850	1748	1581	1453	1751
AT5G62400	0	0	0	1	0	0
AT5G62410	221	180	201	251	181	250
AT5G62420	0	1	0	1	2	1
AT5G62430	9	4	8	3	4	4
AT5G62440	253	348	342	329	319	351
AT5G62460	356	433	437	259	279	282
AT5G62470	131	154	129	104	59	76
AT5G62480	79	93	63	170	245	246
AT5G62490	3	0	6	1	3	3
AT5G62500	47	47	50	49	49	52
AT5G62510	0	0	3	0	0	0
AT5G62520	23	46	46	7	16	18
AT5G62530	798	912	988	802	536	668
AT5G62540	381	468	464	223	295	222
AT5G62550	31	31	53	67	56	68
AT5G62560	473	562	627	364	324	373
AT5G62570	712	894	805	499	459	464
AT5G62573	0	0	0	0	0	0
AT5G62575	186	219	198	208	218	170
AT5G62580	161	153	184	183	127	170
AT5G62600	547	574	641	512	452	497
AT5G62610	349	486	342	368	382	401
AT5G62620	210	234	262	193	149	195
AT5G62623	0	0	0	0	0	0
AT5G62627	0	0	0	0	0	0
AT5G62630	374	405	488	340	215	270
AT5G62640	699	720	814	558	444	461
AT5G62650	281	316	279	319	269	332
AT5G62660	0	0	0	1	0	0
AT5G62670	483	442	427	714	571	706
AT5G62680	753	954	946	1047	704	1069
AT5G62690	2042	2327	2115	2322	2217	2579
AT5G62700	1295	1595	1452	1738	1354	1899
AT5G62710	59	72	58	103	92	119
AT5G62720	1610	1553	1449	2341	2069	2194
AT5G62730	2	2	0	1	1	5
AT5G62740	956	1147	1189	715	849	715
AT5G62750	0	1	0	0	0	0
AT5G62760	191	246	208	237	219	225
AT5G62770	30	63	43	34	65	37
AT5G62780	0	0	0	0	0	1
AT5G62790	634	661	611	916	844	732
AT5G62800	0	0	0	0	0	0
AT5G62810	984	1084	923	1075	1047	1032
AT5G62820	20	15	13	24	22	32
AT5G62830	2	4	0	0	0	1
AT5G62840	72	64	55	91	106	104
AT5G62848	0	0	0	0	0	0
AT5G62850	3	10	0	7	4	3
AT5G62860	0	0	0	0	0	0
AT5G62865	383	551	427	274	331	255
AT5G62880	400	432	329	349	359	382
AT5G62890	1206	1451	1174	1512	1264	1409
AT5G62900	400	581	392	405	528	391
AT5G62910	294	387	348	273	299	256
AT5G62920	18	21	26	106	107	105
AT5G62930	425	529	467	421	441	475
AT5G62940	35	45	37	37	30	47
AT5G62950	200	256	219	250	270	252
AT5G62960	11	20	26	39	26	38
AT5G62970	0	0	0	0	1	0
AT5G62980	152	178	142	205	230	205
AT5G62990	80	89	80	90	93	111
AT5G62998	2	7	4	3	2	1
AT5G63000	323	397	332	341	339	344
AT5G63010	128	175	153	117	112	87
AT5G63020	406	483	501	413	349	410
AT5G63030	619	911	754	646	790	574
AT5G63040	138	139	136	157	144	152
AT5G63050	446	524	514	457	443	460
AT5G63060	60	57	65	52	63	60
AT5G63063	0	0	0	0	0	0
AT5G63070	0	1	0	2	1	0
AT5G63080	220	277	198	245	303	241
AT5G63085	0	0	0	0	0	0
AT5G63087	0	0	1	1	3	1
AT5G63090	30	47	28	71	58	57
AT5G63100	57	39	60	52	53	54
AT5G63110	382	419	478	492	402	434
AT5G63120	340	362	355	298	249	313
AT5G63130	31	43	21	27	15	20
AT5G63135	57	86	86	65	53	68
AT5G63140	216	257	258	254	309	314
AT5G63145	0	0	0	0	0	0
AT5G63150	186	234	198	177	219	161
AT5G63160	8335	9721	8697	4844	6132	5238
AT5G63170	0	0	0	0	1	0
AT5G63180	477	547	409	663	464	607
AT5G63190	618	760	689	704	625	670
AT5G63195	0	2	0	0	0	0
AT5G63200	398	452	433	429	439	413
AT5G63220	267	307	288	271	248	243
AT5G63225	0	1	1	0	1	0
AT5G63230	0	0	0	0	0	0
AT5G63240	0	0	1	1	0	0
AT5G63250	0	4	3	3	0	2
AT5G63260	340	393	422	305	260	329
AT5G63270	4	6	4	0	2	0
AT5G63280	170	209	180	196	200	174
AT5G63290	52	38	22	50	58	41
AT5G63300	7	10	7	4	9	9
AT5G63310	1399	1282	1347	1342	1464	1476
AT5G63320	487	725	617	542	443	494
AT5G63340	0	0	0	0	0	0
AT5G63350	13	9	9	4	6	11
AT5G63370	1516	1811	1715	1874	1826	1651
AT5G63375	0	0	0	0	0	0
AT5G63380	148	174	161	178	141	158
AT5G63390	7	7	3	7	8	5
AT5G63400	1915	2205	2159	1724	1785	1814
AT5G63410	510	567	444	428	361	379
AT5G63420	746	776	811	1049	956	1069
AT5G63440	150	134	134	133	157	134
AT5G63450	34	25	20	28	29	35
AT5G63460	221	334	260	225	364	246
AT5G63470	307	367	289	281	382	308
AT5G63480	66	89	70	79	100	83
AT5G63490	480	580	556	317	300	290
AT5G63500	56	78	67	53	72	56
AT5G63510	585	655	696	633	639	655
AT5G63520	157	200	164	143	169	159
AT5G63530	239	275	236	207	247	232
AT5G63540	23	24	23	21	24	33
AT5G63550	301	315	276	236	270	252
AT5G63560	254	338	336	337	338	353
AT5G63570	2174	2263	2227	1838	1672	1923
AT5G63580	8	13	12	19	15	29
AT5G63590	32	32	33	82	66	47
AT5G63595	12	15	15	32	34	25
AT5G63600	1603	1679	1919	1614	1669	1699
AT5G63610	373	507	430	346	354	336
AT5G63620	899	1087	1017	733	697	653
AT5G63625	8	7	17	6	7	8
AT5G63630	126	148	129	178	151	187
AT5G63640	390	456	419	403	353	411
AT5G63650	111	171	113	187	117	180
AT5G63660	8	5	5	20	20	14
AT5G63670	255	408	292	300	404	284
AT5G63680	668	845	919	609	538	502
AT5G63690	24	29	27	33	38	39
AT5G63700	81	94	111	124	118	121
AT5G63710	207	221	220	326	199	282
AT5G63715	0	0	0	0	0	0
AT5G63720	0	0	0	0	0	0
AT5G63730	0	0	0	0	0	0
AT5G63740	0	0	0	0	2	0
AT5G63750	1	1	4	3	6	1
AT5G63760	312	406	341	431	400	390
AT5G63770	410	467	466	417	355	447
AT5G63780	188	190	152	324	308	345
AT5G63790	4279	5466	5868	2018	1812	1869
AT5G63800	885	1131	834	843	551	739
AT5G63810	1744	2037	1653	2378	2714	2048
AT5G63820	40	49	58	41	52	59
AT5G63830	67	86	73	79	92	94
AT5G63840	1280	1370	1241	1266	1076	1352
AT5G63850	552	693	651	473	315	495
AT5G63860	1624	1930	1631	2092	1734	2000
AT5G63870	439	535	494	451	430	426
AT5G63880	283	344	383	182	201	187
AT5G63890	672	678	706	661	577	615
AT5G63900	0	2	1	1	1	0
AT5G63905	120	156	142	102	109	86
AT5G63910	393	453	388	450	414	414
AT5G63920	143	172	151	225	167	190
AT5G63930	263	270	287	333	244	262
AT5G63940	311	363	356	352	235	329
AT5G63950	216	227	227	229	171	229
AT5G63960	190	240	208	286	207	275
AT5G63970	142	176	178	146	122	149
AT5G63980	473	679	685	350	345	323
AT5G63990	84	130	135	95	108	86
AT5G64000	0	0	0	0	0	0
AT5G64010	51	72	53	63	62	63
AT5G64020	287	339	331	298	284	281
AT5G64030	542	562	592	662	467	577
AT5G64040	3854	4323	3866	5771	6906	4428
AT5G64050	942	996	1112	1024	1020	1032
AT5G64060	29	35	42	48	59	39
AT5G64070	1734	1979	1934	1678	1183	1514
AT5G64080	42	29	43	22	16	36
AT5G64090	331	400	410	318	311	341
AT5G64100	1381	994	1578	1773	1367	1858
AT5G64110	110	132	134	149	99	195
AT5G64120	8350	7416	8937	7413	3950	6702
AT5G64130	1285	1550	1355	1252	1516	1211
AT5G64140	931	1062	1023	676	1042	905
AT5G64150	122	126	143	156	124	148
AT5G64160	176	219	170	124	200	170
AT5G64170	28	36	28	32	26	31
AT5G64180	345	517	359	422	485	402
AT5G64190	7	7	1	3	6	9
AT5G64200	537	605	558	559	573	587
AT5G64210	0	0	1	0	0	2
AT5G64220	731	882	807	751	540	709
AT5G64230	77	100	104	49	75	65
AT5G64240	359	439	552	278	238	267
AT5G64250	2061	2547	2900	977	1039	819
AT5G64260	8001	9553	9388	6060	5900	4739
AT5G64270	1864	2028	2050	1924	1559	1782
AT5G64280	342	462	364	464	419	409
AT5G64290	1367	1315	1341	1390	1181	1191
AT5G64300	2449	2819	3186	1227	1284	1125
AT5G64310	229	255	422	165	147	165
AT5G64320	54	63	47	66	82	67
AT5G64330	899	1073	977	1509	1274	1300
AT5G64340	806	876	795	1042	903	1150
AT5G64350	1770	2213	1944	1838	2037	1817
AT5G64360	366	434	410	390	446	434
AT5G64370	805	1059	1059	779	677	601
AT5G64380	154	178	187	225	248	191
AT5G64390	521	598	564	600	355	546
AT5G64395	0	0	0	0	0	0
AT5G64400	2140	2777	2553	1691	2203	1796
AT5G64401	0	0	0	0	0	0
AT5G64410	605	609	583	371	340	435
AT5G64420	755	775	831	994	875	988
AT5G64430	641	787	754	802	579	718
AT5G64440	986	1253	1202	1030	696	874
AT5G64450	7	16	9	13	12	9
AT5G64460	386	488	400	491	520	487
AT5G64470	144	146	145	119	148	138
AT5G64480	169	183	163	172	185	149
AT5G64490	23	17	17	15	18	17
AT5G64500	756	970	779	804	687	788
AT5G64505	0	0	0	0	0	0
AT5G64510	26	33	28	2	3	13
AT5G64520	62	76	78	79	85	87
AT5G64530	9	8	5	3	1	5
AT5G64540	0	0	1	1	0	0
AT5G64550	24	52	43	35	63	53
AT5G64560	291	360	285	329	356	301
AT5G64570	1284	1717	1331	1002	835	1236
AT5G64572	0	0	0	0	0	0
AT5G64580	630	480	525	599	497	627
AT5G64590	1	2	0	0	1	0
AT5G64600	233	261	217	235	219	235
AT5G64610	317	371	343	355	338	343
AT5G64620	114	121	127	158	174	162
AT5G64630	62	78	73	57	76	74
AT5G64640	55	64	66	74	69	69
AT5G64650	166	149	131	199	173	192
AT5G64660	417	504	527	138	149	127
AT5G64667	8	10	4	4	3	0
AT5G64670	356	367	357	482	358	456
AT5G64680	203	260	201	252	315	270
AT5G64687	3	6	7	5	3	2
AT5G64690	0	0	2	7	1	3
AT5G64700	42	24	35	36	22	23
AT5G64710	16	14	28	28	27	37
AT5G64720	0	0	0	0	0	0
AT5G64730	164	193	198	179	220	185
AT5G64735	0	0	0	0	0	0
AT5G64740	2879	3064	2952	3248	2669	3229
AT5G64750	324	432	634	29	40	28
AT5G64760	194	209	206	256	203	210
AT5G64770	293	422	259	572	549	520
AT5G64780	53	71	76	77	75	66
AT5G64790	8	35	19	0	2	2
AT5G64800	8	4	5	4	3	0
AT5G64810	64	179	217	13	28	16
AT5G64813	445	592	540	462	454	535
AT5G64816	21	10	15	23	23	18
AT5G64820	0	0	0	0	0	1
AT5G64830	263	330	327	296	317	305
AT5G64840	518	608	524	668	730	596
AT5G64850	105	146	92	105	201	115
AT5G64855	3	1	0	0	3	0
AT5G64860	786	812	799	1181	1046	1045
AT5G64870	58	103	161	23	20	14
AT5G64880	198	279	208	164	205	221
AT5G64890	82	153	140	28	32	44
AT5G64900	45	80	64	22	15	15
AT5G64905	279	505	429	53	32	45
AT5G64910	19	36	42	25	18	26
AT5G64920	553	654	622	642	788	609
AT5G64930	268	319	286	222	192	193
AT5G64940	177	226	237	320	277	274
AT5G64950	32	26	43	51	36	28
AT5G64960	999	975	1069	948	685	808
AT5G64970	53	49	54	60	55	57
AT5G64980	30	27	22	59	31	57
AT5G64990	11	37	27	18	18	15
AT5G65000	354	378	329	333	343	341
AT5G65005	0	0	0	0	0	0
AT5G65010	3154	2648	2274	4465	2831	3575
AT5G65015	0	1	0	0	0	0
AT5G65020	242	291	303	404	361	345
AT5G65030	1	5	2	7	6	6
AT5G65040	19	39	25	23	40	27
AT5G65050	668	906	750	897	966	852
AT5G65060	325	465	402	384	462	354
AT5G65070	13	22	17	20	22	20
AT5G65080	12	19	15	16	20	22
AT5G65090	4	6	9	7	10	8
AT5G65100	0	0	0	0	0	0
AT5G65110	3549	4309	4198	2291	2332	2059
AT5G65120	83	68	70	73	73	63
AT5G65130	0	0	3	1	1	1
AT5G65140	18	28	26	23	27	33
AT5G65158	0	0	0	2	2	2
AT5G65160	61	63	71	39	45	35
AT5G65165	0	1	1	0	2	2
AT5G65170	36	47	26	55	51	60
AT5G65180	154	221	177	160	161	196
AT5G65200	112	157	146	117	99	88
AT5G65205	71	77	89	72	72	62
AT5G65207	426	742	544	365	468	361
AT5G65210	718	880	835	969	976	1075
AT5G65220	3719	4408	3564	4149	5321	4069
AT5G65225	5	2	4	1	0	7
AT5G65230	7	5	7	18	6	12
AT5G65240	343	384	437	258	240	228
AT5G65250	357	394	384	383	397	352
AT5G65260	537	804	648	636	637	591
AT5G65270	586	699	703	482	423	447
AT5G65274	0	0	0	0	0	0
AT5G65280	23	21	27	35	27	34
AT5G65290	264	328	327	293	281	248
AT5G65300	143	178	222	57	45	70
AT5G65305	0	0	0	0	0	0
AT5G65310	1103	1464	1298	2102	1779	1913
AT5G65320	4	1	4	1	11	8
AT5G65330	0	0	0	0	0	0
AT5G65340	0	1	0	2	1	0
AT5G65350	12	30	42	13	25	26
AT5G65360	956	985	951	853	1013	898
AT5G65370	0	0	0	0	0	0
AT5G65380	926	1306	1163	526	542	517
AT5G65390	278	297	288	377	538	464
AT5G65400	135	133	137	165	120	185
AT5G65410	107	157	112	189	239	234
AT5G65420	22	26	35	30	28	38
AT5G65430	2747	3319	2806	2787	3432	2350
AT5G65440	558	569	555	642	509	576
AT5G65445	0	0	0	0	0	0
AT5G65450	225	210	224	223	210	227
AT5G65460	294	298	292	357	214	356
AT5G65470	150	186	184	229	175	213
AT5G65480	344	542	400	416	503	440
AT5G65490	291	289	342	287	265	285
AT5G65495	155	191	169	166	172	151
AT5G65500	13	16	17	24	12	35
AT5G65510	35	54	51	32	41	64
AT5G65520	94	124	107	112	164	155
AT5G65530	18	23	35	83	45	47
AT5G65535	0	0	0	0	0	0
AT5G65540	247	248	242	277	249	266
AT5G65550	2	0	0	2	0	0
AT5G65560	176	163	182	192	147	160
AT5G65570	53	63	39	72	60	46
AT5G65575	84	92	81	81	106	69
AT5G65580	0	0	0	0	0	0
AT5G65590	58	82	77	68	67	54
AT5G65600	338	457	493	63	36	62
AT5G65609	38	56	51	28	22	23
AT5G65610	12	18	9	13	7	19
AT5G65613	0	0	0	0	0	0
AT5G65615	0	0	1	0	0	0
AT5G65620	2075	2318	2462	2219	1697	2111
AT5G65630	914	1033	1031	1328	1145	1222
AT5G65640	251	369	246	319	402	370
AT5G65650	138	130	123	174	180	160
AT5G65660	828	920	818	722	767	826
AT5G65670	2469	2851	2680	2715	2675	2878
AT5G65683	188	180	187	268	225	223
AT5G65685	374	463	409	440	389	374
AT5G65687	202	188	184	192	129	154
AT5G65690	441	846	652	7	10	10
AT5G65700	837	939	859	1129	919	1155
AT5G65710	143	155	143	216	183	176
AT5G65720	1132	1247	1234	1216	1154	1249
AT5G65730	128	105	77	140	209	172
AT5G65740	82	79	64	121	133	123
AT5G65750	1146	1364	1470	1121	690	937
AT5G65760	347	408	438	478	404	440
AT5G65770	0	0	0	0	0	0
AT5G65780	366	487	441	503	446	509
AT5G65790	50	70	69	40	46	40
AT5G65800	10	6	5	20	6	10
AT5G65810	310	350	299	267	280	325
AT5G65820	31	31	39	51	40	57
AT5G65830	39	40	48	72	59	45
AT5G65840	181	196	200	223	227	200
AT5G65850	24	25	33	35	25	31
AT5G65860	128	114	105	135	175	177
AT5G65870	67	90	63	41	36	66
AT5G65880	65	51	54	64	57	74
AT5G65890	15	21	26	6	14	10
AT5G65900	262	257	246	282	227	267
AT5G65910	504	710	615	607	573	537
AT5G65920	372	359	350	219	159	210
AT5G65925	197	218	172	196	270	212
AT5G65930	512	526	507	554	466	572
AT5G65940	757	876	780	844	903	847
AT5G65950	1491	1706	1532	1621	1123	1422
AT5G65960	505	561	550	565	507	558
AT5G65970	104	96	113	226	173	269
AT5G65980	48	67	56	58	40	38
AT5G65990	212	255	226	243	228	234
AT5G66000	23	32	20	57	52	39
AT5G66005	52	80	62	117	92	80
AT5G66010	322	391	353	305	392	355
AT5G66020	4	3	2	3	3	2
AT5G66030	1358	1741	1479	1558	1493	1530
AT5G66040	2325	3407	2489	3308	3543	2965
AT5G66045	0	3	2	0	1	3
AT5G66050	624	782	690	613	644	638
AT5G66052	908	1146	754	1186	1619	1042
AT5G66053	0	0	0	0	0	0
AT5G66055	1234	1519	1243	1284	1231	1292
AT5G66060	415	522	490	380	431	449
AT5G66070	238	338	343	127	180	135
AT5G66080	20	21	21	41	43	36
AT5G66090	263	284	280	290	426	355
AT5G66100	379	416	412	307	315	287
AT5G66110	12	20	16	22	29	10
AT5G66120	1547	1784	1958	1082	1027	1115
AT5G66130	103	129	130	153	157	127
AT5G66140	565	758	587	646	820	611
AT5G66150	5	1	0	2	4	0
AT5G66160	457	569	444	581	529	508
AT5G66170	69	104	98	137	143	149
AT5G66180	252	359	310	346	329	319
AT5G66190	2669	3012	2563	3947	4086	3530
AT5G66200	899	1063	1104	779	756	685
AT5G66210	907	1059	1113	575	466	489
AT5G66220	0	0	0	0	0	0
AT5G66230	43	45	57	142	102	110
AT5G66240	662	807	743	787	789	807
AT5G66250	329	473	453	400	401	372
AT5G66260	0	0	1	0	3	0
AT5G66270	15	11	20	23	13	25
AT5G66280	0	0	0	0	0	0
AT5G66290	154	194	188	179	172	173
AT5G66300	6	5	5	6	2	14
AT5G66310	283	309	288	483	300	441
AT5G66320	255	303	293	245	220	271
AT5G66330	29	38	32	56	47	54
AT5G66335	0	0	0	0	0	0
AT5G66340	0	1	0	1	1	0
AT5G66350	42	36	29	56	49	55
AT5G66360	123	189	143	169	158	176
AT5G66370	1	1	1	0	1	0
AT5G66380	159	165	173	179	196	154
AT5G66390	235	173	296	294	211	198
AT5G66400	100	74	114	123	115	150
AT5G66410	270	284	227	244	226	266
AT5G66420	434	528	470	659	493	603
AT5G66430	0	0	0	0	0	0
AT5G66440	118	170	146	97	57	112
AT5G66450	178	195	151	132	147	147
AT5G66460	91	92	111	130	138	146
AT5G66470	564	474	495	658	511	632
AT5G66480	223	349	397	263	190	227
AT5G66490	243	343	260	387	293	322
AT5G66500	47	42	44	48	59	35
AT5G66510	838	1000	855	782	853	745
AT5G66520	0	0	0	0	0	0
AT5G66530	842	908	873	1042	1124	1038
AT5G66535	0	0	0	0	0	0
AT5G66540	333	349	340	412	349	436
AT5G66550	137	143	113	141	163	175
AT5G66558	0	0	0	1	4	1
AT5G66560	0	0	0	0	0	0
AT5G66562	1	0	1	1	2	0
AT5G66564	1	0	0	1	1	0
AT5G66567	0	0	0	0	0	0
AT5G66568	0	0	0	0	0	0
AT5G66570	15374	17242	16224	23071	26641	20195
AT5G66580	17	30	24	18	25	30
AT5G66590	12	28	20	49	59	38
AT5G66595	6	4	2	2	0	5
AT5G66600	48	42	81	51	34	42
AT5G66607	4	7	8	6	5	7
AT5G66610	39	50	36	52	49	58
AT5G66620	45	79	69	44	31	47
AT5G66630	143	174	150	70	54	81
AT5G66631	23	30	20	25	23	22
AT5G66640	91	144	150	26	13	25
AT5G66650	457	569	593	250	244	195
AT5G66658	21	34	28	30	27	25
AT5G66660	1	0	1	1	0	2
AT5G66670	10	5	3	5	8	6
AT5G66675	452	487	528	263	241	295
AT5G66680	1240	1399	1394	1313	1172	1343
AT5G66690	79	61	45	485	429	655
AT5G66700	7	17	21	4	9	3
AT5G66710	3	1	6	4	4	1
AT5G66720	656	714	727	717	917	713
AT5G66730	818	996	928	784	625	687
AT5G66740	3	1	4	1	4	1
AT5G66750	139	114	148	146	132	162
AT5G66755	0	0	0	0	0	0
AT5G66760	2501	2818	3138	1787	1691	1776
AT5G66770	324	280	262	338	280	335
AT5G66780	17	17	40	13	4	11
AT5G66790	417	484	524	333	275	293
AT5G66800	32	23	23	20	14	18
AT5G66810	503	625	602	503	534	485
AT5G66815	0	0	0	1	0	1
AT5G66816	0	0	0	0	0	1
AT5G66817	0	0	0	0	0	0
AT5G66820	145	211	176	217	194	174
AT5G66830	6	8	4	3	3	6
AT5G66840	6	8	6	19	5	10
AT5G66850	433	507	491	355	311	361
AT5G66860	549	611	488	490	591	624
AT5G66870	39	35	39	35	45	57
AT5G66880	488	697	592	537	588	565
AT5G66890	11	24	30	2	1	0
AT5G66900	478	546	532	427	450	396
AT5G66910	72	117	125	154	128	133
AT5G66920	428	443	428	388	339	428
AT5G66930	323	406	352	290	403	327
AT5G66940	3	7	1	11	4	6
AT5G66950	482	486	412	534	495	549
AT5G66960	87	54	58	108	106	120
AT5G66970	0	0	0	0	0	0
AT5G66980	0	0	0	0	1	0
AT5G66985	34	54	70	31	71	32
AT5G66990	0	0	0	0	0	0
AT5G67000	0	0	0	0	0	0
AT5G67010	1	0	1	0	0	0
AT5G67020	1	19	13	16	9	11
AT5G67030	536	582	592	815	825	651
AT5G67040	0	0	0	0	0	0
AT5G67050	1	6	3	1	0	4
AT5G67060	43	38	37	121	54	63
AT5G67070	204	229	203	345	287	406
AT5G67080	100	170	173	12	3	8
AT5G67090	3	1	2	3	2	3
AT5G67100	301	320	325	304	149	258
AT5G67110	4	3	2	3	6	1
AT5G67120	0	0	0	0	0	0
AT5G67130	368	502	493	480	437	485
AT5G67140	21	32	34	11	11	13
AT5G67150	27	47	42	71	56	75
AT5G67160	23	27	24	36	21	31
AT5G67170	130	191	166	156	175	148
AT5G67180	9	13	11	17	17	15
AT5G67190	174	201	152	154	189	201
AT5G67200	19	32	33	66	39	74
AT5G67210	9	9	16	22	12	14
AT5G67220	603	703	663	746	665	745
AT5G67230	39	43	51	55	55	48
AT5G67240	550	620	606	614	526	586
AT5G67245	19	25	18	23	10	16
AT5G67250	821	1034	932	619	599	668
AT5G67260	368	472	447	491	576	491
AT5G67265	0	0	0	0	0	0
AT5G67270	26	40	54	63	51	55
AT5G67280	86	112	98	219	144	216
AT5G67290	244	298	295	310	287	293
AT5G67300	944	1098	950	445	735	425
AT5G67310	59	65	108	4	1	4
AT5G67320	738	871	765	894	664	811
AT5G67330	435	606	570	456	485	425
AT5G67340	354	463	614	93	89	90
AT5G67350	118	166	193	64	54	65
AT5G67360	1478	1738	1484	1739	1463	1680
AT5G67370	116	244	180	194	299	191
AT5G67380	849	1109	904	1049	987	965
AT5G67385	1189	1390	1031	1408	1339	1313
AT5G67390	26	44	38	55	50	51
AT5G67400	53	63	120	28	39	23
AT5G67410	6	10	5	9	4	5
AT5G67411	3	4	3	1	4	6
AT5G67420	1597	1758	1568	1718	1501	1544
AT5G67430	11	14	14	46	67	38
AT5G67440	474	569	536	350	400	375
AT5G67450	112	101	50	43	37	32
AT5G67455	0	0	0	0	0	0
AT5G67460	10	9	14	7	10	22
AT5G67470	476	514	458	392	511	469
AT5G67480	2189	2886	2265	1166	1698	1208
AT5G67488	1	5	3	3	7	1
AT5G67490	3	8	2	4	3	2
AT5G67500	1282	1400	1435	1120	1118	1002
AT5G67510	551	739	614	480	582	614
AT5G67520	44	58	61	38	52	33
AT5G67530	332	424	370	471	374	386
AT5G67540	232	233	266	148	141	173
AT5G67550	5	2	4	8	9	12
AT5G67560	519	630	468	619	745	588
AT5G67570	378	480	410	465	501	470
AT5G67580	316	458	430	281	325	301
AT5G67590	1312	1740	1610	1195	1233	1119
AT5G67600	549	811	920	274	308	223
AT5G67610	186	183	196	184	165	186
AT5G67620	44	31	49	7	14	4
AT5G67630	335	352	348	395	380	394
AT5G67640	67	77	78	83	97	98
ATCG00010	1	6	2	1	4	0
ATCG00020	171	254	174	167	270	174
ATCG00030	2	2	0	1	2	1
ATCG00040	12	11	13	3	8	12
ATCG00050	1	0	0	3	1	2
ATCG00060	0	0	0	0	0	0
ATCG00065	5	4	5	4	5	1
ATCG00070	36	39	21	28	37	34
ATCG00080	21	27	15	18	37	21
ATCG00090	4	7	10	1	5	7
ATCG00100	7	8	12	3	16	5
ATCG00110	3	4	3	1	1	1
ATCG00120	48	72	56	35	48	46
ATCG00130	32	35	43	24	31	25
ATCG00140	28	43	28	28	41	23
ATCG00150	18	23	19	36	31	14
ATCG00160	7	19	14	19	6	8
ATCG00170	70	67	78	41	16	59
ATCG00180	118	164	143	90	68	93
ATCG00190	323	415	402	251	396	308
ATCG00200	1	1	5	2	1	3
ATCG00210	6	8	9	11	15	12
ATCG00220	49	70	44	37	47	39
ATCG00230	0	0	1	0	0	0
ATCG00240	0	0	0	0	0	0
ATCG00250	0	0	0	0	0	0
ATCG00260	0	0	0	0	1	0
ATCG00270	16	22	32	21	28	23
ATCG00280	53	62	54	52	39	48
ATCG00290	1	0	6	1	3	3
ATCG00300	4	3	2	1	1	1
ATCG00310	0	0	0	0	0	0
ATCG00320	0	1	1	0	0	1
ATCG00330	7	9	13	9	10	7
ATCG00340	34	31	29	35	38	34
ATCG00350	28	25	30	18	39	31
ATCG00360	9	9	8	7	15	9
ATCG00370	0	0	4	6	1	5
ATCG00380	14	6	7	6	7	3
ATCG00390	5	1	1	3	2	0
ATCG00400	8	2	2	1	4	1
ATCG00410	1	0	0	0	0	2
ATCG00420	9	13	10	9	18	11
ATCG00430	14	20	11	11	16	12
ATCG00440	3	4	6	6	6	2
ATCG00450	7	15	5	9	12	5
ATCG00460	1	1	0	1	0	0
ATCG00470	50	87	65	46	86	61
ATCG00480	217	324	243	188	262	187
ATCG00490	71	92	96	71	110	75
ATCG00500	3	3	6	2	8	2
ATCG00510	1	7	1	0	5	0
ATCG00520	4	9	1	7	6	3
ATCG00530	23	25	30	37	84	28
ATCG00540	17	25	22	22	26	25
ATCG00550	10	18	7	18	4	6
ATCG00560	2	2	2	3	3	1
ATCG00570	4	2	3	1	1	1
ATCG00580	10	13	4	7	13	14
ATCG00590	5	10	10	11	21	13
ATCG00600	5	3	6	3	6	3
ATCG00610	2	6	2	4	2	2
ATCG00620	0	5	3	5	9	3
ATCG00630	102	199	98	89	135	63
ATCG00640	12	32	14	11	20	14
ATCG00650	8	5	11	7	2	2
ATCG00660	5	13	4	6	14	8
ATCG00670	52	53	61	63	89	40
ATCG00680	46	54	62	39	85	44
ATCG00690	3	6	5	5	11	5
ATCG00700	1	2	4	0	1	0
ATCG00710	5	7	6	5	7	5
ATCG00720	15	21	18	11	15	13
ATCG00730	13	13	12	9	8	8
ATCG00740	21	32	15	19	23	15
ATCG00750	13	14	16	7	13	11
ATCG00760	6	5	10	4	8	13
ATCG00770	20	21	12	14	16	13
ATCG00780	42	46	42	27	29	41
ATCG00790	36	55	51	28	62	52
ATCG00800	21	39	18	20	35	23
ATCG00810	10	9	5	15	20	14
ATCG00820	1	5	0	0	2	2
ATCG00830	1	1	0	0	0	0
ATCG00840	0	0	0	0	0	0
ATCG00850	0	0	0	0	0	0
ATCG00860	2	0	0	1	0	0
ATCG00870	0	0	0	0	0	0
ATCG00880	0	0	0	0	0	0
ATCG00890	0	0	0	0	0	0
ATCG00900	0	0	0	0	0	0
ATCG00905	0	0	0	0	0	0
ATCG00910	0	0	0	0	0	0
ATCG00920	1	1	1	2	1	0
ATCG00930	0	0	0	0	0	0
ATCG00940	0	0	0	0	0	0
ATCG00950	4	5	2	2	1	2
ATCG00960	0	0	0	0	0	0
ATCG00970	0	0	0	0	0	0
ATCG00980	0	0	0	0	0	0
ATCG00990	0	0	0	0	0	0
ATCG01000	0	0	0	0	0	0
ATCG01010	1	4	7	2	3	5
ATCG01020	176	362	252	172	259	159
ATCG01030	0	0	0	0	0	0
ATCG01040	1	2	1	1	3	1
ATCG01050	9	10	17	13	10	11
ATCG01060	1	7	6	4	4	4
ATCG01070	3	4	1	0	3	2
ATCG01080	3	2	7	0	1	5
ATCG01090	2	1	6	3	0	0
ATCG01100	4	8	7	6	13	5
ATCG01110	2	3	0	1	2	3
ATCG01120	1	0	3	1	0	2
ATCG01130	15	15	21	9	19	12
ATCG01140	0	0	0	0	0	0
ATCG01150	0	0	0	0	0	0
ATCG01160	0	0	0	0	0	0
ATCG01170	0	0	0	0	0	0
ATCG01180	0	3	4	1	5	4
ATCG01190	0	0	0	0	0	1
ATCG01200	0	0	0	0	0	0
ATCG01210	1	0	2	0	0	1
ATCG01220	0	0	0	0	0	0
ATCG01230	0	0	0	0	0	0
ATCG01240	0	0	0	1	0	0
ATCG01250	0	0	0	0	0	0
ATCG01260	0	0	0	0	0	0
ATCG01270	0	0	0	0	0	0
ATCG01280	0	0	0	0	0	0
ATCG01290	0	0	0	0	0	0
ATCG01300	0	0	0	0	0	0
ATCG01310	0	0	0	0	0	0
ATMG00010	0	0	0	1	0	0
ATMG00020	391	577	476	516	830	540
ATMG00030	93	116	118	91	162	132
ATMG00040	1	1	1	1	1	0
ATMG00050	0	0	0	0	0	0
ATMG00060	6	7	7	2	9	4
ATMG00070	6	8	4	4	7	6
ATMG00080	3	3	3	4	2	6
ATMG00090	11	11	14	6	12	22
ATMG00100	0	0	0	0	0	0
ATMG00110	5	8	5	3	11	10
ATMG00120	4	2	1	2	1	1
ATMG00130	0	1	3	1	0	2
ATMG00140	0	2	1	1	4	0
ATMG00150	0	0	0	1	0	0
ATMG00160	6	9	7	5	8	10
ATMG00170	0	0	0	0	0	0
ATMG00180	0	0	0	0	0	0
ATMG00190	0	0	0	0	0	0
ATMG00200	0	0	0	1	0	0
ATMG00210	0	0	0	0	0	0
ATMG00220	0	0	0	0	0	0
ATMG00230	0	0	0	0	0	0
ATMG00240	0	0	0	0	0	0
ATMG00250	0	0	0	0	0	0
ATMG00260	0	0	0	0	0	0
ATMG00270	0	0	0	0	0	0
ATMG00280	0	0	0	0	0	0
ATMG00285	0	0	0	1	1	0
ATMG00290	0	0	0	0	0	0
ATMG00300	0	0	0	0	0	0
ATMG00310	0	0	0	0	0	0
ATMG00320	0	0	0	0	0	0
ATMG00330	0	0	0	0	0	0
ATMG00340	0	0	0	0	0	0
ATMG00350	0	0	0	0	0	0
ATMG00360	0	0	0	0	0	0
ATMG00370	0	0	0	0	0	0
ATMG00380	0	0	0	0	0	0
ATMG00390	0	0	0	0	0	0
ATMG00400	0	0	1	0	0	0
ATMG00410	0	0	0	0	0	0
ATMG00420	0	0	0	0	0	0
ATMG00430	0	0	0	0	0	0
ATMG00440	0	0	0	0	0	0
ATMG00450	0	0	0	0	0	0
ATMG00460	0	0	0	0	0	0
ATMG00470	0	0	0	0	0	0
ATMG00480	0	1	0	0	0	0
ATMG00490	0	0	0	0	0	0
ATMG00500	0	0	0	0	0	0
ATMG00510	1	1	0	0	0	1
ATMG00513	0	0	1	0	1	1
ATMG00516	3	2	0	0	1	1
ATMG00520	0	0	1	0	0	0
ATMG00530	0	0	0	0	0	0
ATMG00540	0	0	0	0	0	0
ATMG00550	0	0	0	0	0	0
ATMG00560	1	0	1	1	0	2
ATMG00570	0	0	0	0	0	0
ATMG00580	1	1	0	0	2	0
ATMG00590	0	0	0	0	0	0
ATMG00600	0	0	0	0	0	0
ATMG00610	0	0	0	0	0	0
ATMG00620	0	0	0	0	0	0
ATMG00630	2	1	3	1	0	0
ATMG00640	5	5	9	6	15	5
ATMG00650	3	3	12	5	9	12
ATMG00660	12	13	12	9	19	20
ATMG00665	2	1	3	0	0	1
ATMG00670	17	18	16	9	31	15
ATMG00680	0	0	1	0	1	0
ATMG00690	16	14	10	8	19	9
ATMG00700	0	0	0	0	0	0
ATMG00710	0	1	3	1	0	0
ATMG00720	0	0	2	1	2	1
ATMG00730	0	0	0	0	0	0
ATMG00740	0	0	0	0	0	0
ATMG00750	0	0	0	0	0	0
ATMG00760	0	0	0	0	0	0
ATMG00770	0	0	0	0	0	0
ATMG00780	0	1	0	0	0	0
ATMG00790	0	0	0	0	0	0
ATMG00800	0	0	0	0	0	0
ATMG00810	0	0	0	0	0	1
ATMG00820	0	0	0	0	0	0
ATMG00830	0	0	1	0	1	0
ATMG00840	0	0	0	0	0	0
ATMG00850	0	0	0	0	0	0
ATMG00860	0	0	0	0	0	0
ATMG00870	0	0	0	0	0	0
ATMG00880	0	0	0	0	0	0
ATMG00890	0	0	0	0	0	0
ATMG00900	0	0	0	0	0	0
ATMG00910	0	0	0	0	0	0
ATMG00920	0	0	0	0	0	0
ATMG00930	0	0	0	0	0	0
ATMG00940	0	0	0	0	0	0
ATMG00950	0	0	0	0	0	0
ATMG00960	0	0	0	0	0	0
ATMG00970	0	0	0	0	0	0
ATMG00980	1	0	0	0	0	0
ATMG00990	1	0	0	0	0	0
ATMG01000	0	0	0	0	0	0
ATMG01010	0	0	0	0	0	0
ATMG01020	0	0	0	0	0	0
ATMG01030	0	0	1	0	0	0
ATMG01040	0	0	0	0	0	0
ATMG01050	0	0	0	0	1	0
ATMG01060	0	0	0	0	0	0
ATMG01070	0	0	0	0	0	0
ATMG01080	0	0	0	0	0	0
ATMG01090	0	0	1	0	1	1
ATMG01100	0	0	0	1	0	2
ATMG01110	0	0	0	0	0	0
ATMG01120	1	3	0	1	0	2
ATMG01130	4	5	5	4	5	1
ATMG01140	0	0	0	0	0	0
ATMG01150	0	0	0	0	0	0
ATMG01160	0	0	0	0	0	0
ATMG01170	3	11	6	7	12	10
ATMG01180	0	0	0	0	0	0
ATMG01190	0	0	0	0	0	0
ATMG01200	2	1	0	0	0	3
ATMG01210	0	0	0	0	0	0
ATMG01220	2	2	3	1	0	0
ATMG01230	0	0	0	0	0	0
ATMG01240	0	0	0	0	0	0
ATMG01250	0	0	0	0	0	0
ATMG01260	0	0	0	0	0	0
ATMG01270	0	0	0	0	0	0
ATMG01275	0	0	1	0	0	0
ATMG01280	0	0	1	0	0	1
ATMG01290	0	0	0	0	0	0
ATMG01300	0	0	0	0	0	0
ATMG01310	0	0	0	0	0	0
ATMG01320	0	0	0	0	0	0
ATMG01330	0	10	4	10	6	3
ATMG01340	0	0	0	0	0	0
ATMG01350	2	1	2	3	1	0
ATMG01360	10	16	11	9	21	12
ATMG01370	12	23	23	9	25	21
ATMG01380	3	4	3	4	1	6
ATMG01390	309	371	364	292	411	374
ATMG01400	0	0	0	1	0	0
ATMG01410	0	2	1	3	1	1
ATMG09450	0	0	0	0	0	0
ATMG09730	0	0	0	0	0	0
ATMG09740	0	1	0	0	0	0
ATMG09950	0	1	0	0	4	0
ATMG09960	0	0	0	0	0	0
ATMG09980	0	0	0	0	0	0
