gene_id	ERR4231004	ERR4231005	ERR4231006	ERR4231007	ERR4231008	ERR4231009
ENSG00000000005	0	0	0	0	0	0
ENSG00000000971	167	49	68	257	57	359
ENSG00000001629	1014	686	731	1163	462	2413
ENSG00000002726	0	0	0	0	0	0
ENSG00000002745	2	1	1	1	0	1
ENSG00000002822	569	451	467	372	245	789
ENSG00000002933	0	0	0	0	0	0
ENSG00000003137	93	16	15	224	122	1015
ENSG00000003147	55	43	42	17	3	43
ENSG00000003436	590	483	629	1718	1089	4202
ENSG00000003989	0	0	0	0	0	0
ENSG00000004142	2314	1974	2187	3323	1786	6557
ENSG00000004799	0	0	0	0	0	0
ENSG00000004809	0	0	0	0	0	0
ENSG00000004846	0	0	0	0	0	0
ENSG00000004939	0	0	0	0	0	0
ENSG00000005108	0	0	0	0	0	0
ENSG00000005381	0	0	0	0	0	0
ENSG00000005421	0	0	0	0	0	0
ENSG00000005981	0	0	0	0	0	0
ENSG00000006042	0	0	0	0	0	0
ENSG00000006059	0	0	0	0	0	0
ENSG00000006071	0	0	0	0	0	0
ENSG00000006116	0	0	0	0	0	0
ENSG00000006128	0	0	0	0	0	0
ENSG00000006210	0	0	0	0	0	0
ENSG00000006283	0	2	1	5	1	13
ENSG00000006555	0	0	0	0	0	0
ENSG00000006606	0	0	0	4	0	4
ENSG00000006611	0	0	0	0	0	0
ENSG00000006625	409	429	485	387	186	645
ENSG00000006659	0	0	0	0	0	0
ENSG00000006788	0	0	0	0	0	0
ENSG00000007001	0	0	0	0	0	0
ENSG00000007038	0	0	0	0	0	0
ENSG00000007129	0	0	0	0	0	0
ENSG00000007171	0	0	0	0	0	0
ENSG00000007216	0	0	0	0	0	0
ENSG00000007306	0	0	0	0	0	0
ENSG00000007312	0	0	0	0	0	0
ENSG00000007314	0	0	0	0	0	0
ENSG00000007350	0	0	0	0	0	0
ENSG00000007372	435	359	336	467	202	655
ENSG00000008118	0	0	0	0	0	0
ENSG00000008196	0	0	0	0	0	0
ENSG00000008197	0	0	0	0	0	0
ENSG00000008323	10	6	3	25	12	63
ENSG00000008394	0	0	0	0	0	0
ENSG00000008438	2	8	2	1	0	8
ENSG00000009709	0	0	0	0	0	0
ENSG00000009724	18	22	10	7	6	13
ENSG00000009765	0	0	0	0	0	0
ENSG00000010282	0	0	0	0	0	0
ENSG00000010295	0	1	5	0	2	10
ENSG00000010310	0	1	0	0	2	14
ENSG00000010379	0	0	0	0	0	0
ENSG00000011052	0	0	0	0	0	0
ENSG00000011083	0	0	0	0	0	0
ENSG00000011201	118	136	197	21	16	123
ENSG00000011465	7	6	5	32	16	99
ENSG00000011600	0	0	0	0	0	0
ENSG00000012061	1098	990	997	982	530	1972
ENSG00000012223	0	0	0	3	2	5
ENSG00000012817	0	0	0	0	0	0
ENSG00000013293	0	0	0	0	0	0
ENSG00000013441	606	725	633	501	334	1367
ENSG00000013588	551	344	392	1244	1032	4729
ENSG00000015520	0	0	0	2	4	9
ENSG00000015592	3	5	0	5	8	20
ENSG00000016602	0	0	0	0	0	0
ENSG00000017427	0	0	0	0	0	0
ENSG00000018236	0	0	0	0	0	0
ENSG00000018607	0	0	0	0	0	0
ENSG00000018869	14	3	12	2	7	29
ENSG00000019169	0	0	0	0	0	0
ENSG00000019186	0	0	0	0	1	13
ENSG00000019505	0	0	0	0	0	0
ENSG00000019991	0	0	0	0	2	9
ENSG00000020219	0	0	0	0	0	0
ENSG00000021355	0	0	0	0	1	9
ENSG00000021461	0	0	0	0	0	0
ENSG00000021488	1	7	0	1	6	5
ENSG00000021852	0	0	0	0	0	0
ENSG00000022355	0	0	0	0	0	0
ENSG00000022556	0	1	0	2	0	0
ENSG00000023041	842	746	745	1124	617	2239
ENSG00000023171	17	7	8	37	3	37
ENSG00000025708	8	8	7	4	0	14
ENSG00000026559	113	87	130	48	13	41
ENSG00000027869	0	0	0	0	0	0
ENSG00000028137	0	0	0	1	1	7
ENSG00000028203	607	474	491	576	283	970
ENSG00000029534	153	65	92	188	124	1103
ENSG00000029559	0	0	0	6	1	8
ENSG00000030066	2407	2453	2609	2805	1445	5627
ENSG00000031003	975	622	752	766	307	1352
ENSG00000032444	1065	759	702	589	302	1229
ENSG00000034971	0	0	0	0	0	0
ENSG00000035720	0	0	0	0	0	0
ENSG00000036448	12	2	1	13	5	9
ENSG00000036473	0	0	0	0	0	0
ENSG00000036530	0	0	4	1	0	2
ENSG00000036565	0	0	0	0	0	0
ENSG00000036828	0	0	0	0	0	0
ENSG00000037757	208	157	158	206	97	343
ENSG00000039068	0	0	0	0	0	0
ENSG00000040531	776	574	582	508	327	1024
ENSG00000041515	5	1	1	5	1	14
ENSG00000041982	1538	716	1287	7143	3078	23042
ENSG00000042062	0	0	0	0	0	0
ENSG00000042813	0	0	0	0	0	0
ENSG00000042980	15	4	7	18	9	80
ENSG00000043039	117	64	48	184	112	474
ENSG00000043462	0	0	0	0	0	0
ENSG00000044012	0	0	0	0	0	0
ENSG00000044524	55	14	24	35	3	58
ENSG00000046604	2234	1732	1665	1160	498	1978
ENSG00000046889	0	0	0	0	0	0
ENSG00000047597	48	85	107	17	6	17
ENSG00000048462	0	0	0	0	0	0
ENSG00000048540	0	0	0	0	0	0
ENSG00000048544	803	701	803	715	302	1161
ENSG00000048545	0	0	0	0	0	0
ENSG00000049249	1	1	7	0	1	6
ENSG00000050327	0	0	0	0	0	0
ENSG00000050628	0	0	0	0	0	0
ENSG00000052344	0	0	0	0	0	0
ENSG00000052850	2	1	2	0	3	12
ENSG00000053328	0	0	0	0	0	0
ENSG00000053918	0	0	0	0	0	0
ENSG00000054179	0	0	0	0	0	0
ENSG00000054219	0	0	0	0	0	0
ENSG00000054356	54	21	21	18	4	45
ENSG00000054392	56	38	71	10	9	17
ENSG00000054796	0	0	0	0	0	0
ENSG00000054803	0	0	0	0	0	0
ENSG00000055118	4	3	9	2	3	7
ENSG00000055732	358	340	356	72	54	122
ENSG00000055957	0	0	0	0	0	0
ENSG00000056291	0	0	0	0	0	0
ENSG00000057294	0	0	0	0	0	0
ENSG00000057593	0	0	0	0	0	0
ENSG00000057657	74	66	72	101	61	266
ENSG00000058091	2	0	1	2	0	8
ENSG00000058404	0	0	0	0	0	12
ENSG00000058866	0	0	0	0	0	0
ENSG00000059377	44	27	28	80	53	178
ENSG00000059915	4	1	1	5	5	17
ENSG00000060237	3147	2246	2610	2720	959	3731
ENSG00000060303	0	0	0	0	0	0
ENSG00000060566	0	0	0	0	0	0
ENSG00000060709	0	0	0	0	0	0
ENSG00000060718	0	0	0	0	0	0
ENSG00000060982	0	0	0	0	0	0
ENSG00000061492	0	0	0	0	0	0
ENSG00000061938	226	188	179	190	98	337
ENSG00000062096	0	0	0	0	0	0
ENSG00000063854	371	235	193	228	159	460
ENSG00000064042	12	7	5	1	0	5
ENSG00000064195	0	0	0	0	0	0
ENSG00000064201	0	0	0	0	0	0
ENSG00000064205	1	0	5	13	11	54
ENSG00000064270	5	8	4	0	5	8
ENSG00000064300	8	4	5	101	106	378
ENSG00000064309	839	241	199	473	64	597
ENSG00000064655	0	0	0	0	0	0
ENSG00000064989	0	0	0	0	1	7
ENSG00000065371	0	0	0	0	0	0
ENSG00000065989	459	298	382	594	365	1419
ENSG00000066294	0	0	0	0	0	0
ENSG00000066382	0	0	0	0	0	0
ENSG00000066468	11	1	3	2	0	5
ENSG00000066651	349	284	278	262	124	448
ENSG00000066813	0	0	0	0	0	0
ENSG00000067167	3941	3110	3263	3986	1494	6953
ENSG00000067369	2144	1757	1773	2214	1010	3974
ENSG00000067606	5	2	0	1	1	14
ENSG00000068308	1325	1195	1231	1751	931	3557
ENSG00000068781	0	0	0	0	0	0
ENSG00000068985	3	3	0	5	0	4
ENSG00000069122	0	0	0	0	0	0
ENSG00000069206	0	0	0	0	0	0
ENSG00000069535	0	0	0	0	0	0
ENSG00000069696	0	0	1	0	3	6
ENSG00000070019	6	4	2	0	0	6
ENSG00000070214	290	196	193	133	37	106
ENSG00000070526	0	0	0	0	0	0
ENSG00000070748	0	0	0	0	0	0
ENSG00000070808	2	0	0	1	6	35
ENSG00000070915	0	0	0	0	0	0
ENSG00000071203	0	0	0	0	0	0
ENSG00000071242	0	0	5	1	0	4
ENSG00000071282	51	55	75	190	142	1132
ENSG00000071677	0	0	0	0	0	0
ENSG00000071991	0	0	0	0	0	0
ENSG00000072041	0	0	0	0	0	0
ENSG00000072133	97	75	106	39	11	80
ENSG00000072163	28	20	9	27	17	136
ENSG00000072182	0	0	1	4	0	12
ENSG00000072315	0	0	0	0	0	0
ENSG00000072571	1526	1340	1550	572	188	646
ENSG00000072657	0	0	0	0	0	0
ENSG00000072694	0	0	0	0	0	0
ENSG00000072840	365	259	301	226	79	376
ENSG00000073050	712	635	667	373	194	559
ENSG00000073146	0	0	0	0	0	0
ENSG00000073150	28	5	12	40	31	74
ENSG00000073282	8	8	8	26	12	80
ENSG00000073737	0	2	5	3	5	31
ENSG00000073754	0	0	0	0	0	0
ENSG00000073756	47	37	52	217	124	1016
ENSG00000073861	0	0	0	0	0	0
ENSG00000074047	0	0	0	0	0	0
ENSG00000074317	6	9	2	0	1	12
ENSG00000074590	445	351	435	100	46	142
ENSG00000074706	0	0	1	0	1	9
ENSG00000074771	0	0	0	0	0	0
ENSG00000075035	0	0	0	0	0	0
ENSG00000075340	12	2	15	14	1	5
ENSG00000075388	0	0	0	0	0	0
ENSG00000075413	1153	1043	1169	1976	1071	4049
ENSG00000075429	0	0	0	0	0	0
ENSG00000075673	0	0	0	0	0	0
ENSG00000075884	0	0	0	0	0	1
ENSG00000075914	731	688	726	537	365	1087
ENSG00000076351	25	33	40	31	28	71
ENSG00000076641	398	228	209	238	69	246
ENSG00000076662	0	0	0	0	0	0
ENSG00000076706	93	61	64	153	82	329
ENSG00000076716	0	0	0	0	0	0
ENSG00000076770	0	0	0	0	0	0
ENSG00000076944	62	67	81	65	67	168
ENSG00000077009	0	0	0	0	0	0
ENSG00000077063	0	0	0	0	0	0
ENSG00000077080	0	0	0	0	0	0
ENSG00000077274	0	0	0	0	0	0
ENSG00000077463	243	181	200	116	100	403
ENSG00000077498	0	0	0	0	0	0
ENSG00000077782	2528	1803	1896	2092	1157	4206
ENSG00000077800	0	0	0	0	0	0
ENSG00000077943	0	0	0	0	0	0
ENSG00000078098	52	12	12	17	2	9
ENSG00000078114	10	2	1	6	2	22
ENSG00000078295	0	0	0	0	0	0
ENSG00000078328	0	0	0	0	0	0
ENSG00000078487	13	28	22	1	4	5
ENSG00000078549	0	0	0	0	0	0
ENSG00000078579	1	3	7	2	0	0
ENSG00000078589	0	0	0	0	0	0
ENSG00000078596	0	0	0	0	0	0
ENSG00000078898	0	0	0	0	0	0
ENSG00000078900	29	19	45	8	11	30
ENSG00000079102	0	0	0	0	0	0
ENSG00000079215	110	141	118	176	90	140
ENSG00000079393	0	0	0	0	0	0
ENSG00000079557	0	0	0	0	0	0
ENSG00000079689	0	0	0	0	0	0
ENSG00000080224	30	4	13	8	2	40
ENSG00000080293	0	0	0	0	0	0
ENSG00000080371	730	604	619	666	320	1098
ENSG00000080561	2	0	7	6	1	7
ENSG00000080572	0	0	0	0	0	0
ENSG00000080573	2	3	0	2	1	17
ENSG00000080910	0	0	0	0	0	0
ENSG00000081041	43	34	28	50	74	314
ENSG00000081059	197	122	142	385	287	1517
ENSG00000081138	0	0	0	0	0	0
ENSG00000081148	4	4	0	9	1	16
ENSG00000081189	0	0	0	0	0	0
ENSG00000081248	0	0	0	0	0	0
ENSG00000081800	0	0	0	0	0	0
ENSG00000081803	0	0	0	0	0	0
ENSG00000081985	3	6	6	14	12	53
ENSG00000082074	8	4	11	1	0	12
ENSG00000082293	0	0	0	0	0	0
ENSG00000082397	0	0	0	0	0	0
ENSG00000082556	0	0	0	0	0	0
ENSG00000082684	39	4	1	47	12	152
ENSG00000082929	0	0	0	0	0	0
ENSG00000083622	0	0	0	0	0	0
ENSG00000083782	1	0	1	2	4	14
ENSG00000084674	0	0	0	0	0	0
ENSG00000084710	479	568	656	273	82	291
ENSG00000085265	0	0	0	0	0	0
ENSG00000085276	0	0	0	0	0	0
ENSG00000085465	13	8	10	145	107	376
ENSG00000085514	5	3	0	0	3	8
ENSG00000085741	6	0	5	7	2	19
ENSG00000085871	0	0	0	0	0	0
ENSG00000085982	880	663	701	403	156	623
ENSG00000086205	0	0	0	0	0	0
ENSG00000086288	0	0	0	0	0	0
ENSG00000086289	0	0	0	0	0	0
ENSG00000086548	0	0	0	0	0	0
ENSG00000086696	0	0	0	0	0	0
ENSG00000086967	0	0	0	0	0	0
ENSG00000086991	0	0	0	0	0	0
ENSG00000087076	8	5	5	8	0	22
ENSG00000087085	59	58	86	120	97	595
ENSG00000087191	2319	2254	2265	1777	1026	3225
ENSG00000087250	0	0	0	0	0	0
ENSG00000087253	0	0	0	0	0	0
ENSG00000087303	599	175	182	1444	439	1637
ENSG00000087589	1	0	1	4	8	20
ENSG00000088038	795	908	875	720	460	1823
ENSG00000088298	964	708	653	1168	536	2115
ENSG00000088320	0	0	0	0	0	0
ENSG00000088340	166	79	22	136	56	507
ENSG00000088386	0	0	0	0	0	0
ENSG00000088538	5	11	7	1	2	17
ENSG00000088726	8	16	37	13	2	19
ENSG00000088756	0	0	0	0	0	0
ENSG00000088782	0	0	0	0	0	0
ENSG00000088826	388	278	337	744	570	2695
ENSG00000088827	2	0	1	12	4	31
ENSG00000088882	10	1	3	36	50	167
ENSG00000088926	0	0	0	0	0	0
ENSG00000089012	9	7	1	32	32	145
ENSG00000089116	0	0	0	0	0	0
ENSG00000089127	40	21	43	8	5	13
ENSG00000089169	0	0	0	0	0	0
ENSG00000089225	0	0	0	0	0	0
ENSG00000089280	10222	9999	10024	9826	6444	22372
ENSG00000089356	0	0	0	0	0	0
ENSG00000089472	1	0	0	0	0	0
ENSG00000090104	0	0	0	0	0	0
ENSG00000090376	0	0	0	0	0	0
ENSG00000090512	0	0	0	0	0	0
ENSG00000090539	5	1	8	0	0	5
ENSG00000090932	71	74	88	92	60	194
ENSG00000091010	1	0	0	0	2	11
ENSG00000091137	0	4	0	2	0	4
ENSG00000091181	0	0	0	0	0	0
ENSG00000091262	9	3	2	7	0	8
ENSG00000091428	11	1	2	27	10	93
ENSG00000091482	0	0	0	0	0	0
ENSG00000091513	0	0	3	4	4	14
ENSG00000091583	0	0	0	0	0	0
ENSG00000091664	0	0	0	0	0	0
ENSG00000091704	0	0	0	0	0	0
ENSG00000091831	0	0	0	0	0	0
ENSG00000091879	0	3	0	2	1	9
ENSG00000092009	0	0	0	0	0	0
ENSG00000092067	0	0	0	0	0	0
ENSG00000092295	9	20	18	1	6	30
ENSG00000092345	0	0	0	0	0	0
ENSG00000092377	0	0	0	0	0	0
ENSG00000093072	0	0	0	0	0	0
ENSG00000093100	7	10	3	1	1	11
ENSG00000093134	0	0	0	0	0	0
ENSG00000094661	0	0	0	0	0	0
ENSG00000094755	0	0	0	0	0	0
ENSG00000094796	0	0	0	0	0	0
ENSG00000095464	1	4	8	0	0	6
ENSG00000095585	0	0	0	0	0	0
ENSG00000095587	5	3	4	6	0	12
ENSG00000095627	0	0	0	0	0	0
ENSG00000095713	0	0	0	0	0	0
ENSG00000095739	203	144	243	419	315	1588
ENSG00000095752	2	3	2	6	8	99
ENSG00000095777	0	0	0	0	0	0
ENSG00000095917	0	0	0	0	0	0
ENSG00000095932	0	0	0	0	0	0
ENSG00000095970	0	0	0	0	0	0
ENSG00000095981	0	0	0	0	0	0
ENSG00000096006	0	0	0	0	0	0
ENSG00000096088	0	0	0	0	0	0
ENSG00000096264	0	0	0	0	0	0
ENSG00000096395	0	0	0	0	0	0
ENSG00000096433	431	359	448	161	87	304
ENSG00000096696	27	21	44	17	2	24
ENSG00000099250	2367	1031	1113	3090	1237	5094
ENSG00000099256	1	10	16	8	2	28
ENSG00000099260	40	9	6	75	17	94
ENSG00000099715	0	0	0	0	0	0
ENSG00000099721	0	0	0	0	0	0
ENSG00000099783	5403	5001	4999	4280	2465	7866
ENSG00000099812	12	1	6	19	6	21
ENSG00000099834	1	0	1	1	0	4
ENSG00000099869	0	0	0	0	0	0
ENSG00000099954	3	2	6	0	0	0
ENSG00000099958	2	3	3	15	9	21
ENSG00000099960	0	0	0	0	0	0
ENSG00000099977	0	0	0	0	0	0
ENSG00000099984	0	0	0	0	0	0
ENSG00000099985	0	0	0	0	0	0
ENSG00000099994	5	3	3	1	3	21
ENSG00000100012	0	0	0	0	0	0
ENSG00000100033	0	0	0	0	0	0
ENSG00000100078	0	0	0	0	0	0
ENSG00000100092	7	2	6	5	0	11
ENSG00000100095	0	0	0	0	0	0
ENSG00000100101	0	0	0	0	0	0
ENSG00000100121	0	0	0	0	0	0
ENSG00000100181	0	0	0	0	0	0
ENSG00000100191	0	0	0	0	0	0
ENSG00000100216	1816	1854	2147	1784	1053	3289
ENSG00000100249	0	0	0	0	0	0
ENSG00000100271	36	23	13	2	3	35
ENSG00000100281	593	544	642	410	244	910
ENSG00000100292	3726	2187	2657	22094	21471	82831
ENSG00000100298	0	0	0	0	0	0
ENSG00000100341	0	0	0	0	0	0
ENSG00000100342	4	0	4	0	1	7
ENSG00000100351	0	0	0	0	0	0
ENSG00000100362	0	0	0	0	0	0
ENSG00000100365	0	0	0	0	0	0
ENSG00000100368	0	0	0	0	0	0
ENSG00000100373	0	0	0	0	0	0
ENSG00000100418	655	693	677	649	375	1367
ENSG00000100425	370	301	374	298	167	845
ENSG00000100427	0	0	0	1	4	7
ENSG00000100448	0	0	0	0	0	0
ENSG00000100450	0	0	0	0	0	0
ENSG00000100565	0	0	0	0	0	0
ENSG00000100593	16	6	6	8	0	17
ENSG00000100596	1214	1118	1333	1612	681	2964
ENSG00000100626	732	658	566	474	182	619
ENSG00000100650	3061	3788	3780	2182	1819	6653
ENSG00000100665	0	0	0	0	0	0
ENSG00000100721	0	0	0	0	0	0
ENSG00000100764	729	648	673	431	212	635
ENSG00000100842	0	0	0	0	0	0
ENSG00000100982	954	884	888	882	528	2253
ENSG00000100987	1	5	2	9	5	19
ENSG00000101074	0	0	0	0	0	0
ENSG00000101076	0	0	0	0	0	0
ENSG00000101115	2	5	13	3	1	16
ENSG00000101134	0	0	0	0	0	0
ENSG00000101180	3	0	4	3	5	27
ENSG00000101194	0	0	0	4	3	21
ENSG00000101200	0	0	0	0	0	0
ENSG00000101203	2	2	3	2	0	12
ENSG00000101216	661	578	573	643	503	2120
ENSG00000101251	0	0	0	0	0	0
ENSG00000101276	0	0	0	0	0	0
ENSG00000101280	0	0	0	0	0	0
ENSG00000101282	0	0	0	0	0	0
ENSG00000101292	0	0	0	0	0	0
ENSG00000101323	0	0	0	0	0	0
ENSG00000101350	3568	2808	3555	2808	1349	4491
ENSG00000101400	855	419	357	577	185	766
ENSG00000101405	0	0	0	0	0	0
ENSG00000101435	0	0	0	0	0	0
ENSG00000101438	0	0	0	0	0	0
ENSG00000101441	0	0	0	0	0	0
ENSG00000101446	0	0	0	0	0	0
ENSG00000101448	0	0	0	0	0	0
ENSG00000101542	0	0	0	0	0	0
ENSG00000101746	0	0	0	0	0	0
ENSG00000101773	1014	990	1150	439	235	677
ENSG00000101812	0	0	0	0	0	0
ENSG00000101842	0	0	0	0	0	0
ENSG00000101850	0	0	0	0	0	0
ENSG00000101892	0	0	0	0	0	0
ENSG00000101898	0	0	0	0	0	0
ENSG00000101916	0	0	0	0	0	0
ENSG00000101951	0	0	0	0	0	0
ENSG00000101958	0	1	0	0	2	2
ENSG00000101981	0	0	0	0	0	0
ENSG00000102010	0	0	0	0	0	0
ENSG00000102032	0	0	0	0	0	0
ENSG00000102038	1787	1133	1215	561	135	527
ENSG00000102055	0	0	0	0	0	0
ENSG00000102076	0	0	0	0	0	0
ENSG00000102104	0	0	0	0	0	0
ENSG00000102128	0	0	0	0	0	0
ENSG00000102145	0	0	0	0	0	0
ENSG00000102195	0	0	0	0	0	0
ENSG00000102239	0	0	0	0	0	0
ENSG00000102243	0	0	0	0	0	0
ENSG00000102245	0	0	0	0	0	0
ENSG00000102287	0	0	0	0	0	0
ENSG00000102290	0	0	0	0	0	0
ENSG00000102313	0	0	0	0	0	0
ENSG00000102359	190	106	136	641	258	1370
ENSG00000102387	0	0	1	16	9	37
ENSG00000102409	0	0	0	0	0	0
ENSG00000102445	2	4	4	0	0	0
ENSG00000102452	75	57	91	62	20	88
ENSG00000102468	6	0	4	21	3	47
ENSG00000102524	0	3	1	3	2	12
ENSG00000102755	0	0	0	0	0	0
ENSG00000102760	0	2	0	7	0	19
ENSG00000102794	0	0	0	0	0	0
ENSG00000102837	0	0	0	0	0	0
ENSG00000102854	0	0	0	0	0	0
ENSG00000102891	0	0	0	0	0	0
ENSG00000102924	0	0	0	0	0	0
ENSG00000102935	0	0	0	0	0	0
ENSG00000102962	0	0	0	0	0	0
ENSG00000102970	0	0	0	0	0	0
ENSG00000103023	0	0	0	0	0	0
ENSG00000103197	900	825	805	611	470	1586
ENSG00000103200	0	0	0	0	0	0
ENSG00000103241	0	0	0	0	0	0
ENSG00000103310	0	0	0	0	0	0
ENSG00000103316	31	5	2	20	7	33
ENSG00000103355	0	0	0	0	0	0
ENSG00000103375	0	0	0	0	0	0
ENSG00000103426	0	0	0	0	0	0
ENSG00000103449	0	0	0	0	0	0
ENSG00000103460	0	0	0	0	0	0
ENSG00000103472	0	0	0	0	0	0
ENSG00000103534	0	0	1	0	2	7
ENSG00000103546	0	0	0	0	0	0
ENSG00000103569	0	0	0	0	0	0
ENSG00000103647	0	0	0	0	0	0
ENSG00000103740	5	3	5	1	0	10
ENSG00000103888	406	418	897	91	39	137
ENSG00000104044	0	0	0	0	0	0
ENSG00000104055	0	0	0	0	0	0
ENSG00000104112	0	0	0	0	0	0
ENSG00000104237	0	0	0	0	0	0
ENSG00000104327	0	0	0	3	2	7
ENSG00000104412	687	608	676	576	309	1157
ENSG00000104413	12	2	8	5	0	4
ENSG00000104419	40	15	19	24	8	139
ENSG00000104499	0	0	0	0	0	0
ENSG00000104611	0	0	0	0	0	0
ENSG00000104755	0	0	0	0	0	0
ENSG00000104760	0	0	0	0	0	0
ENSG00000104783	8	16	14	26	14	117
ENSG00000104804	7	0	0	0	0	0
ENSG00000104818	0	0	0	0	0	0
ENSG00000104888	53	43	71	12	21	53
ENSG00000104918	0	0	0	0	0	0
ENSG00000104921	0	2	0	0	0	6
ENSG00000104951	0	1	4	2	2	21
ENSG00000104970	0	0	0	0	0	0
ENSG00000104972	0	0	0	0	0	0
ENSG00000104974	0	0	0	0	0	0
ENSG00000105122	0	0	0	0	0	0
ENSG00000105141	2	1	0	9	4	10
ENSG00000105143	0	0	0	0	0	0
ENSG00000105198	0	0	0	0	0	0
ENSG00000105219	0	0	0	5	2	8
ENSG00000105229	284	266	261	325	235	864
ENSG00000105251	0	0	0	0	0	0
ENSG00000105258	53	78	59	81	42	157
ENSG00000105278	0	0	0	0	0	0
ENSG00000105327	51	13	18	90	52	188
ENSG00000105341	1010	999	1092	823	499	1760
ENSG00000105352	0	0	0	0	0	0
ENSG00000105357	0	0	0	0	0	0
ENSG00000105366	0	0	0	0	0	0
ENSG00000105370	0	0	0	0	0	0
ENSG00000105371	0	0	0	0	0	0
ENSG00000105376	156	136	120	318	229	1152
ENSG00000105379	94	84	93	35	8	50
ENSG00000105392	0	0	0	0	0	0
ENSG00000105398	0	0	0	0	0	0
ENSG00000105428	0	0	0	0	0	0
ENSG00000105467	0	0	0	0	0	0
ENSG00000105479	4	0	0	0	0	4
ENSG00000105492	0	0	0	0	0	0
ENSG00000105501	0	0	0	0	0	0
ENSG00000105507	0	0	0	0	0	0
ENSG00000105509	0	0	0	0	0	0
ENSG00000105538	18	6	19	5	0	8
ENSG00000105549	0	0	0	0	0	0
ENSG00000105583	0	0	0	0	0	0
ENSG00000105605	0	0	0	0	0	0
ENSG00000105639	8	3	9	1	0	12
ENSG00000105672	12	1	1	8	1	5
ENSG00000105695	0	0	0	0	0	0
ENSG00000105707	0	0	0	0	0	0
ENSG00000105784	0	2	1	0	0	0
ENSG00000105808	0	0	0	0	0	0
ENSG00000105852	0	0	0	0	0	0
ENSG00000105855	0	0	0	0	0	0
ENSG00000105877	4	6	5	10	0	6
ENSG00000105880	0	0	0	0	0	0
ENSG00000105929	0	0	0	0	0	0
ENSG00000105954	0	0	0	0	0	0
ENSG00000105971	1879	1170	1133	5291	2293	11477
ENSG00000105996	0	0	1	0	0	0
ENSG00000105997	0	0	0	0	0	0
ENSG00000106013	0	0	0	0	0	0
ENSG00000106018	0	0	0	0	0	0
ENSG00000106031	38	17	4	9	2	11
ENSG00000106069	0	0	0	0	0	0
ENSG00000106070	193	85	153	94	16	124
ENSG00000106113	0	0	1	5	3	10
ENSG00000106125	0	0	0	0	0	0
ENSG00000106178	0	0	0	0	0	0
ENSG00000106236	0	0	0	0	0	0
ENSG00000106258	2	6	1	9	1	12
ENSG00000106278	0	0	0	0	0	0
ENSG00000106302	0	0	0	0	0	0
ENSG00000106304	0	0	0	0	0	0
ENSG00000106328	0	0	0	0	0	2
ENSG00000106341	0	0	0	0	0	0
ENSG00000106351	85	73	74	49	25	73
ENSG00000106366	86	139	346	309	432	2175
ENSG00000106384	0	0	0	0	0	0
ENSG00000106410	0	0	0	0	0	0
ENSG00000106436	0	0	0	0	0	0
ENSG00000106483	0	0	0	0	0	0
ENSG00000106484	123	34	27	126	30	156
ENSG00000106526	0	0	0	0	0	0
ENSG00000106536	0	0	0	0	0	0
ENSG00000106540	0	0	0	0	0	0
ENSG00000106541	0	0	0	0	0	0
ENSG00000106560	0	0	0	0	0	0
ENSG00000106624	3	0	1	1	3	24
ENSG00000106631	0	0	0	0	0	0
ENSG00000106633	0	0	0	0	0	0
ENSG00000106648	0	0	0	0	0	0
ENSG00000106701	168	184	154	212	141	562
ENSG00000106789	67	67	78	29	4	19
ENSG00000106823	19	7	10	6	0	23
ENSG00000106852	0	0	3	7	0	10
ENSG00000106927	0	0	0	0	0	0
ENSG00000106952	0	1	0	9	3	15
ENSG00000106976	166	161	157	100	67	248
ENSG00000107014	0	0	0	0	0	0
ENSG00000107099	0	0	0	0	0	0
ENSG00000107147	2	1	0	3	1	16
ENSG00000107187	0	0	0	1	3	9
ENSG00000107262	884	787	862	1712	989	3663
ENSG00000107317	0	0	0	0	2	16
ENSG00000107447	0	0	0	0	0	0
ENSG00000107562	0	0	0	0	0	0
ENSG00000107611	1	2	10	11	20	34
ENSG00000107669	351	369	458	368	187	787
ENSG00000107738	0	0	0	0	0	0
ENSG00000107742	9	6	3	4	2	33
ENSG00000107796	15	5	9	18	5	66
ENSG00000107807	0	0	0	0	0	0
ENSG00000108001	0	0	0	0	0	0
ENSG00000108018	0	0	0	0	0	0
ENSG00000108244	0	0	0	0	0	0
ENSG00000108255	0	0	0	0	0	0
ENSG00000108342	0	0	0	0	0	0
ENSG00000108375	0	0	0	0	0	0
ENSG00000108405	0	0	0	0	0	0
ENSG00000108417	0	0	0	0	0	0
ENSG00000108439	325	295	343	261	126	481
ENSG00000108442	0	0	0	0	0	0
ENSG00000108516	0	0	0	0	0	0
ENSG00000108599	1074	855	888	1185	546	2269
ENSG00000108602	0	0	0	0	0	0
ENSG00000108622	0	0	0	0	0	0
ENSG00000108669	1157	1591	1978	144	125	348
ENSG00000108684	0	0	0	0	0	0
ENSG00000108688	0	0	0	0	0	0
ENSG00000108691	3	9	9	0	1	8
ENSG00000108700	0	0	0	0	0	0
ENSG00000108702	0	0	0	0	0	0
ENSG00000108759	0	1	0	0	0	0
ENSG00000108788	588	683	642	758	450	1582
ENSG00000108798	0	0	0	0	0	0
ENSG00000108825	0	0	0	0	0	0
ENSG00000108849	0	0	0	0	0	0
ENSG00000109047	0	0	0	0	0	0
ENSG00000109061	0	0	0	0	0	0
ENSG00000109066	655	413	380	827	471	1664
ENSG00000109101	0	0	0	0	0	0
ENSG00000109107	97	29	18	53	5	78
ENSG00000109118	794	720	661	1209	618	2460
ENSG00000109132	0	0	0	0	0	0
ENSG00000109158	0	0	0	0	0	0
ENSG00000109163	6	8	2	0	1	3
ENSG00000109181	0	0	0	0	0	0
ENSG00000109182	0	0	0	0	0	0
ENSG00000109193	0	0	0	0	0	0
ENSG00000109205	0	0	0	0	0	0
ENSG00000109208	0	0	0	0	0	0
ENSG00000109272	0	0	0	0	0	0
ENSG00000109321	0	0	0	0	0	0
ENSG00000109424	0	0	0	0	0	0
ENSG00000109471	0	0	0	0	0	0
ENSG00000109501	1334	456	331	1056	316	1583
ENSG00000109625	0	0	0	0	0	0
ENSG00000109819	0	0	2	4	0	4
ENSG00000109851	0	0	0	0	0	0
ENSG00000109906	0	0	0	0	0	0
ENSG00000109943	1	2	0	10	13	63
ENSG00000109956	0	0	0	0	0	0
ENSG00000110025	10	15	20	11	7	33
ENSG00000110076	2	1	0	3	2	22
ENSG00000110077	0	0	0	0	0	0
ENSG00000110079	0	0	0	0	0	0
ENSG00000110107	3236	3131	3251	2949	1938	6575
ENSG00000110195	0	0	0	0	0	0
ENSG00000110244	0	0	0	0	0	0
ENSG00000110245	0	0	0	0	0	0
ENSG00000110324	0	0	0	0	0	0
ENSG00000110675	27	20	24	75	54	172
ENSG00000110680	0	0	0	0	0	0
ENSG00000110756	596	434	461	635	316	1299
ENSG00000110786	0	0	0	0	0	0
ENSG00000110852	0	0	0	0	0	0
ENSG00000110887	0	0	0	0	0	0
ENSG00000110934	0	0	0	0	0	0
ENSG00000110955	11567	9537	8587	13832	6977	22361
ENSG00000110975	0	0	0	0	0	0
ENSG00000111046	0	0	0	0	0	0
ENSG00000111049	0	0	0	0	0	0
ENSG00000111052	18	8	25	22	25	80
ENSG00000111215	1	2	0	0	1	8
ENSG00000111218	0	0	0	0	0	0
ENSG00000111224	0	0	0	0	0	0
ENSG00000111241	0	0	0	0	0	0
ENSG00000111245	0	0	0	0	0	0
ENSG00000111249	0	0	0	0	0	0
ENSG00000111262	0	0	0	0	0	0
ENSG00000111331	317	116	282	88	27	83
ENSG00000111335	100	38	135	17	2	12
ENSG00000111344	0	0	0	0	0	0
ENSG00000111348	11	12	9	9	0	7
ENSG00000111371	128	77	128	36	9	56
ENSG00000111432	0	0	0	0	0	0
ENSG00000111452	0	0	0	0	0	0
ENSG00000111639	1792	1537	1584	1508	801	2478
ENSG00000111644	0	1	0	0	0	0
ENSG00000111653	269	187	190	337	184	748
ENSG00000111700	0	0	0	0	0	0
ENSG00000111701	0	0	0	0	0	0
ENSG00000111704	0	0	0	0	0	0
ENSG00000111713	0	0	0	0	0	0
ENSG00000111732	0	0	0	0	0	0
ENSG00000111780	0	0	0	0	0	0
ENSG00000111816	0	0	0	0	0	0
ENSG00000111832	599	530	472	740	415	1471
ENSG00000111834	0	2	2	9	5	30
ENSG00000111837	6	12	12	3	1	15
ENSG00000111846	46	23	29	18	3	20
ENSG00000111913	0	0	0	0	0	0
ENSG00000112038	0	0	0	0	0	0
ENSG00000112041	0	0	0	0	0	0
ENSG00000112077	0	0	0	0	0	0
ENSG00000112110	1090	905	688	1176	698	2535
ENSG00000112115	0	0	0	0	0	0
ENSG00000112116	0	0	0	0	0	0
ENSG00000112139	22	4	7	13	5	44
ENSG00000112164	0	0	0	0	0	0
ENSG00000112182	27	3	8	49	18	130
ENSG00000112195	0	0	0	0	0	0
ENSG00000112212	0	0	0	0	0	0
ENSG00000112214	0	0	0	0	0	0
ENSG00000112232	0	0	0	0	0	0
ENSG00000112280	0	0	0	0	0	0
ENSG00000112309	4	3	6	1	1	16
ENSG00000112320	33	27	33	106	62	217
ENSG00000112337	0	0	0	0	0	0
ENSG00000112379	467	246	244	133	41	157
ENSG00000112419	546	586	819	234	82	288
ENSG00000112462	0	0	0	0	0	0
ENSG00000112486	0	0	0	0	0	0
ENSG00000112494	0	0	0	0	0	0
ENSG00000112539	0	0	0	0	0	0
ENSG00000112541	0	0	0	0	0	0
ENSG00000112562	0	0	0	0	0	0
ENSG00000112599	8	16	16	4	1	11
ENSG00000112769	20	2	6	14	17	84
ENSG00000112782	0	1	1	1	2	10
ENSG00000112796	24	6	9	7	1	8
ENSG00000112799	0	0	0	0	0	0
ENSG00000112812	20	2	9	1	0	8
ENSG00000112818	0	0	0	0	0	0
ENSG00000112936	0	0	0	0	0	0
ENSG00000112981	0	0	0	0	0	0
ENSG00000112984	2702	2007	2120	804	374	1153
ENSG00000113068	1825	1577	1719	2459	1460	5386
ENSG00000113088	0	0	0	0	0	0
ENSG00000113196	0	0	0	0	0	0
ENSG00000113248	1	2	0	2	1	12
ENSG00000113249	0	0	0	0	0	0
ENSG00000113272	618	667	895	696	386	1498
ENSG00000113302	0	0	0	0	0	0
ENSG00000113327	0	0	0	0	0	0
ENSG00000113430	0	0	0	0	0	0
ENSG00000113494	2	6	5	10	0	1
ENSG00000113525	0	0	0	0	0	0
ENSG00000113532	0	0	0	0	0	0
ENSG00000113657	5	6	2	17	17	44
ENSG00000113722	0	0	0	0	0	0
ENSG00000113749	0	0	0	0	0	0
ENSG00000113763	17	9	4	8	12	36
ENSG00000113805	0	0	0	0	0	0
ENSG00000113889	0	0	0	0	0	0
ENSG00000113905	0	0	0	0	0	0
ENSG00000113946	0	1	1	2	0	13
ENSG00000114013	0	0	0	0	0	0
ENSG00000114113	0	0	0	0	0	0
ENSG00000114115	0	0	0	0	0	0
ENSG00000114124	0	0	0	0	0	0
ENSG00000114200	0	0	0	0	0	0
ENSG00000114204	0	0	0	0	0	0
ENSG00000114268	1265	568	182	1101	297	2810
ENSG00000114487	0	0	0	0	0	0
ENSG00000114638	0	0	0	0	0	0
ENSG00000114646	154	136	106	98	28	89
ENSG00000114654	0	0	0	0	0	0
ENSG00000114656	4	6	9	1	5	22
ENSG00000114670	115	103	91	118	54	230
ENSG00000114744	734	653	725	973	566	2386
ENSG00000114745	815	764	878	715	425	1484
ENSG00000114770	1075	935	984	946	536	1792
ENSG00000114790	176	213	223	97	56	173
ENSG00000115009	11	3	5	10	12	111
ENSG00000115138	0	0	0	0	0	0
ENSG00000115183	724	606	799	512	194	779
ENSG00000115221	4	0	6	0	1	5
ENSG00000115239	10	8	15	22	2	34
ENSG00000115263	0	0	0	0	0	0
ENSG00000115267	28	5	6	6	5	0
ENSG00000115268	3276	2966	2797	3514	2543	8743
ENSG00000115386	0	0	0	0	0	0
ENSG00000115488	0	0	0	0	0	0
ENSG00000115541	1396	1465	1353	1171	584	1772
ENSG00000115590	7	9	4	18	15	66
ENSG00000115592	0	0	0	0	0	0
ENSG00000115596	0	0	0	0	0	0
ENSG00000115598	0	0	0	0	0	0
ENSG00000115602	4	0	0	31	25	152
ENSG00000115604	22	15	5	36	23	72
ENSG00000115607	0	0	1	4	5	9
ENSG00000115616	0	0	0	0	0	0
ENSG00000115665	0	0	0	0	0	0
ENSG00000115677	13327	9468	10141	10000	3967	15399
ENSG00000115718	0	1	0	1	2	9
ENSG00000115919	19	2	12	85	53	147
ENSG00000115934	0	0	0	0	0	0
ENSG00000115993	1151	723	902	1230	491	2070
ENSG00000115998	111	75	99	111	59	224
ENSG00000116014	0	0	0	0	0	0
ENSG00000116031	0	0	0	0	0	0
ENSG00000116035	0	3	6	0	4	7
ENSG00000116117	30	21	27	10	0	15
ENSG00000116147	0	0	0	0	0	0
ENSG00000116176	0	0	0	0	0	0
ENSG00000116183	30	16	28	17	2	11
ENSG00000116194	1	1	0	6	0	5
ENSG00000116218	0	0	0	0	0	0
ENSG00000116285	5445	4547	4473	15715	8639	39441
ENSG00000116337	1974	1680	1496	2160	1141	4847
ENSG00000116544	11	3	1	11	3	17
ENSG00000116690	2	1	1	3	7	24
ENSG00000116701	0	3	7	0	0	0
ENSG00000116745	1	1	1	8	8	23
ENSG00000116783	0	0	0	0	0	0
ENSG00000116824	0	0	0	0	0	0
ENSG00000116863	960	791	766	978	560	2333
ENSG00000116874	313	370	406	317	185	661
ENSG00000116883	104	89	32	60	36	202
ENSG00000116981	0	0	0	0	0	0
ENSG00000117090	0	0	0	0	0	0
ENSG00000117091	0	0	0	0	0	0
ENSG00000117148	2	1	3	7	3	36
ENSG00000117154	0	0	0	0	0	0
ENSG00000117318	1603	760	922	2457	1469	7351
ENSG00000117322	0	0	0	0	0	0
ENSG00000117480	14	15	19	22	9	61
ENSG00000117500	1401	1106	1076	3536	1945	8943
ENSG00000117507	0	0	0	0	0	0
ENSG00000117525	13	7	15	87	86	635
ENSG00000117594	0	0	0	0	0	0
ENSG00000117598	0	0	0	0	0	0
ENSG00000117643	43	42	46	14	5	19
ENSG00000117691	499	339	430	593	307	1117
ENSG00000117724	4634	2797	2926	3427	1191	4191
ENSG00000117791	0	0	0	0	0	0
ENSG00000117834	0	0	0	0	0	0
ENSG00000117971	0	0	0	0	0	0
ENSG00000118017	8	1	3	1	0	3
ENSG00000118156	0	0	0	0	0	0
ENSG00000118231	0	0	0	0	0	0
ENSG00000118245	0	0	0	0	0	0
ENSG00000118271	0	0	0	0	0	0
ENSG00000118307	2	0	1	5	0	6
ENSG00000118322	0	0	0	0	0	0
ENSG00000118407	0	0	0	3	0	0
ENSG00000118432	5	0	0	7	2	3
ENSG00000118434	0	0	0	0	0	0
ENSG00000118473	2	10	1	1	0	1
ENSG00000118491	0	0	0	0	0	0
ENSG00000118492	0	0	0	0	0	0
ENSG00000118495	198	133	165	43	21	179
ENSG00000118526	0	0	0	0	0	0
ENSG00000118579	835	744	826	774	418	1571
ENSG00000118596	0	0	0	0	0	0
ENSG00000118620	139	117	182	165	63	407
ENSG00000118702	0	0	0	0	0	0
ENSG00000118729	0	0	0	0	0	0
ENSG00000118733	0	0	0	0	0	0
ENSG00000118903	0	0	0	0	0	0
ENSG00000118946	6	0	2	2	0	1
ENSG00000118961	0	0	0	0	0	0
ENSG00000118971	0	0	0	0	0	0
ENSG00000118972	0	0	0	0	0	0
ENSG00000118990	7	1	4	0	0	4
ENSG00000119121	0	0	0	0	0	0
ENSG00000119125	0	0	0	0	0	0
ENSG00000119147	0	0	0	0	0	0
ENSG00000119280	262	259	299	408	274	936
ENSG00000119283	0	0	0	1	3	14
ENSG00000119411	0	0	0	0	0	0
ENSG00000119440	0	0	0	0	0	0
ENSG00000119457	0	0	0	0	0	0
ENSG00000119508	16	4	5	25	11	79
ENSG00000119541	908	710	758	451	223	854
ENSG00000119630	37	27	28	15	7	57
ENSG00000119660	0	0	0	0	0	0
ENSG00000119661	390	341	415	419	177	728
ENSG00000119686	34	42	25	9	4	16
ENSG00000119699	88	62	46	260	108	963
ENSG00000119703	0	2	0	0	2	6
ENSG00000119711	85	35	56	44	3	41
ENSG00000119715	6	5	1	5	3	25
ENSG00000119725	1	1	5	7	8	14
ENSG00000119888	0	0	0	0	0	0
ENSG00000119913	0	0	0	0	0	0
ENSG00000119919	0	0	0	0	0	0
ENSG00000119938	447	155	112	596	151	1059
ENSG00000119946	0	0	0	0	0	0
ENSG00000119965	199	161	202	205	100	345
ENSG00000119973	0	0	0	0	0	0
ENSG00000120051	94	147	190	63	17	104
ENSG00000120054	0	0	0	0	0	0
ENSG00000120057	0	0	0	0	0	0
ENSG00000120088	0	0	0	0	0	0
ENSG00000120094	0	0	0	0	0	0
ENSG00000120149	0	0	0	0	0	0
ENSG00000120156	2	0	0	5	0	14
ENSG00000120211	0	0	0	0	0	0
ENSG00000120215	7	6	13	7	0	8
ENSG00000120235	0	0	0	0	0	0
ENSG00000120242	0	0	0	0	0	0
ENSG00000120251	0	0	1	0	0	2
ENSG00000120262	0	0	0	0	0	0
ENSG00000120280	0	0	0	0	0	0
ENSG00000120289	0	0	0	0	0	0
ENSG00000120324	4	8	10	5	0	7
ENSG00000120328	2	0	0	0	0	6
ENSG00000120332	1	3	0	0	0	6
ENSG00000120341	0	0	0	0	0	0
ENSG00000120436	0	0	0	0	0	0
ENSG00000120440	0	0	0	0	0	0
ENSG00000120457	0	0	0	0	0	0
ENSG00000120563	0	0	0	0	0	0
ENSG00000120594	9	3	0	4	1	0
ENSG00000120645	0	0	0	0	0	0
ENSG00000120903	0	0	0	0	0	0
ENSG00000120907	0	0	0	0	0	0
ENSG00000120952	4	5	1	16	24	103
ENSG00000121053	0	1	0	0	0	1
ENSG00000121236	10	1	5	0	1	2
ENSG00000121270	3	3	0	5	0	6
ENSG00000121314	0	0	0	0	0	0
ENSG00000121335	0	0	0	0	0	0
ENSG00000121351	0	0	0	0	0	0
ENSG00000121361	0	0	0	0	0	0
ENSG00000121377	0	0	0	0	0	0
ENSG00000121381	0	0	0	0	0	0
ENSG00000121388	0	0	0	0	0	0
ENSG00000121410	10	11	5	9	1	21
ENSG00000121446	0	0	0	0	0	0
ENSG00000121570	0	0	0	0	0	0
ENSG00000121634	0	0	0	0	0	0
ENSG00000121742	0	0	0	0	0	0
ENSG00000121807	0	0	0	0	0	0
ENSG00000121853	0	0	0	0	0	0
ENSG00000121892	2613	1984	2248	1971	862	3261
ENSG00000121898	0	0	0	0	0	0
ENSG00000121904	0	0	0	0	0	0
ENSG00000121905	3	0	0	0	1	10
ENSG00000121931	524	358	350	417	183	656
ENSG00000121966	0	0	0	0	0	0
ENSG00000122012	0	0	0	0	0	0
ENSG00000122025	0	0	0	0	0	0
ENSG00000122043	0	0	0	0	0	0
ENSG00000122068	1525	1250	1489	1546	707	3038
ENSG00000122121	0	0	0	0	0	0
ENSG00000122122	0	0	0	0	0	0
ENSG00000122133	0	0	0	0	0	0
ENSG00000122136	0	0	0	0	0	0
ENSG00000122145	0	0	0	0	0	0
ENSG00000122180	0	0	0	0	0	0
ENSG00000122188	0	0	0	0	0	0
ENSG00000122194	0	0	0	0	0	0
ENSG00000122223	0	0	0	0	0	0
ENSG00000122224	0	0	0	0	0	0
ENSG00000122254	0	0	0	0	0	0
ENSG00000122304	0	0	0	0	0	0
ENSG00000122375	0	0	0	0	0	0
ENSG00000122477	1	10	5	8	8	27
ENSG00000122548	0	0	0	0	0	0
ENSG00000122584	0	0	0	0	0	0
ENSG00000122585	0	0	0	0	0	0
ENSG00000122592	0	0	0	0	0	0
ENSG00000122679	0	0	0	0	0	0
ENSG00000122711	0	0	0	0	0	0
ENSG00000122824	0	0	0	0	0	0
ENSG00000122852	0	0	0	0	0	0
ENSG00000122859	0	0	0	0	0	0
ENSG00000122862	12	0	1	3	0	1
ENSG00000122863	970	582	610	2385	1204	6065
ENSG00000122870	830	589	744	641	258	1234
ENSG00000122872	0	0	0	0	0	0
ENSG00000122952	2095	2119	2408	1086	519	1630
ENSG00000123095	47	36	51	70	26	124
ENSG00000123165	0	0	0	0	0	0
ENSG00000123171	0	0	0	0	0	0
ENSG00000123200	2870	2052	2410	878	291	1093
ENSG00000123243	0	0	0	0	0	0
ENSG00000123307	0	0	0	0	0	0
ENSG00000123342	0	0	1	10	19	57
ENSG00000123360	0	0	0	0	0	0
ENSG00000123407	0	0	0	0	0	0
ENSG00000123447	0	0	0	0	0	0
ENSG00000123453	0	0	0	0	0	0
ENSG00000123454	0	0	0	0	0	0
ENSG00000123561	0	0	0	0	0	0
ENSG00000123569	0	0	0	0	0	0
ENSG00000123572	0	0	0	0	0	0
ENSG00000123576	0	0	0	0	0	0
ENSG00000123584	0	0	0	0	0	0
ENSG00000123594	0	0	0	0	0	0
ENSG00000123610	1	0	0	6	0	3
ENSG00000123612	7	3	9	13	7	67
ENSG00000123728	623	600	788	589	296	1161
ENSG00000123838	0	0	0	0	0	0
ENSG00000123843	0	0	0	0	0	0
ENSG00000124003	0	0	0	0	0	0
ENSG00000124006	1307	841	772	910	446	1726
ENSG00000124089	0	0	0	0	0	0
ENSG00000124092	0	0	0	0	0	0
ENSG00000124102	61	29	18	236	120	579
ENSG00000124107	74	13	17	152	108	539
ENSG00000124116	6	2	2	16	5	53
ENSG00000124196	0	0	0	0	0	0
ENSG00000124203	0	0	0	0	0	0
ENSG00000124205	0	0	0	0	0	0
ENSG00000124208	0	0	0	0	0	0
ENSG00000124216	7	3	16	14	12	66
ENSG00000124217	409	395	382	421	269	941
ENSG00000124227	0	0	0	0	0	0
ENSG00000124233	0	0	0	0	0	0
ENSG00000124237	0	0	0	0	0	0
ENSG00000124253	0	0	0	0	0	0
ENSG00000124256	0	0	0	0	0	0
ENSG00000124302	0	0	0	0	0	0
ENSG00000124343	0	0	0	0	0	0
ENSG00000124399	28	8	10	9	7	20
ENSG00000124440	0	0	0	0	0	0
ENSG00000124449	0	0	0	0	0	0
ENSG00000124467	5	0	7	5	1	28
ENSG00000124490	0	0	0	0	0	0
ENSG00000124491	0	0	0	0	0	0
ENSG00000124557	0	0	0	0	0	0
ENSG00000124562	1664	1511	1508	432	219	418
ENSG00000124564	0	0	0	0	0	0
ENSG00000124568	0	0	0	0	0	0
ENSG00000124610	0	0	0	0	0	0
ENSG00000124615	0	0	0	0	0	0
ENSG00000124635	77	47	57	171	167	575
ENSG00000124657	10	3	5	22	19	63
ENSG00000124678	0	0	0	0	0	8
ENSG00000124701	0	0	0	0	0	0
ENSG00000124713	2	6	10	20	6	35
ENSG00000124731	0	0	0	0	0	0
ENSG00000124749	5	5	7	5	3	23
ENSG00000124762	123	125	176	181	138	428
ENSG00000124780	0	0	0	0	0	0
ENSG00000124785	468	253	123	176	48	181
ENSG00000124812	0	0	0	0	0	0
ENSG00000124818	0	0	0	0	0	9
ENSG00000124835	0	0	0	0	0	0
ENSG00000124900	0	0	0	0	0	0
ENSG00000124935	0	0	0	0	0	0
ENSG00000124939	0	0	0	0	0	0
ENSG00000124942	17142	8830	10854	13976	3990	17943
ENSG00000125084	0	0	0	0	0	0
ENSG00000125089	0	0	0	0	0	0
ENSG00000125144	3	6	3	6	0	12
ENSG00000125207	0	0	0	0	0	0
ENSG00000125255	0	0	0	0	0	0
ENSG00000125319	164	171	186	176	122	373
ENSG00000125363	0	0	0	0	0	0
ENSG00000125385	0	0	0	0	0	0
ENSG00000125414	0	0	0	0	0	0
ENSG00000125430	0	0	0	1	1	8
ENSG00000125498	0	0	0	0	0	0
ENSG00000125508	0	0	0	0	0	0
ENSG00000125514	0	0	0	0	0	0
ENSG00000125522	0	0	0	0	0	0
ENSG00000125533	0	0	0	0	0	0
ENSG00000125695	0	0	0	0	0	0
ENSG00000125772	405	357	502	1545	985	4326
ENSG00000125775	21	17	10	200	128	512
ENSG00000125788	0	0	0	0	0	0
ENSG00000125798	0	0	0	0	0	0
ENSG00000125804	11	5	0	12	7	52
ENSG00000125813	0	0	0	0	0	0
ENSG00000125815	0	0	0	0	0	0
ENSG00000125816	0	0	0	0	0	0
ENSG00000125820	0	0	0	0	0	0
ENSG00000125823	0	0	0	0	0	0
ENSG00000125831	0	0	0	0	0	0
ENSG00000125851	0	0	0	0	0	0
ENSG00000125861	0	0	0	0	0	0
ENSG00000125888	0	0	0	0	0	0
ENSG00000125899	0	0	0	0	0	0
ENSG00000125903	0	0	0	0	0	0
ENSG00000125910	0	0	0	0	0	0
ENSG00000125954	0	0	0	0	0	0
ENSG00000125968	458	189	171	963	504	2589
ENSG00000125971	2932	2299	2325	3152	1595	5846
ENSG00000125975	0	0	0	0	0	0
ENSG00000125991	6249	4807	4660	6519	3394	11995
ENSG00000125997	0	1	0	2	1	0
ENSG00000126012	1766	1628	1718	1861	1088	4461
ENSG00000126218	16	0	4	1	2	2
ENSG00000126226	1952	1693	2003	1526	948	3380
ENSG00000126251	0	0	0	0	0	0
ENSG00000126262	0	0	0	0	0	0
ENSG00000126266	0	0	0	0	0	0
ENSG00000126337	0	0	0	0	0	0
ENSG00000126353	7	0	0	1	0	2
ENSG00000126545	0	0	0	0	0	0
ENSG00000126549	0	0	0	0	0	0
ENSG00000126550	0	0	0	0	0	0
ENSG00000126733	0	0	0	0	0	0
ENSG00000126752	6	3	0	3	0	0
ENSG00000126759	8	4	3	12	27	80
ENSG00000126785	26	10	4	11	0	8
ENSG00000126838	0	0	0	0	0	0
ENSG00000126860	196	96	110	59	11	39
ENSG00000126890	0	0	0	0	0	0
ENSG00000126895	0	0	0	0	0	0
ENSG00000126947	360	261	307	85	24	74
ENSG00000126950	0	0	0	0	0	0
ENSG00000126952	0	0	0	0	0	0
ENSG00000127129	0	0	0	0	0	0
ENSG00000127220	191	125	148	175	77	362
ENSG00000127241	0	0	0	0	0	0
ENSG00000127324	0	0	0	0	0	0
ENSG00000127362	0	0	0	0	0	0
ENSG00000127399	0	0	0	0	0	0
ENSG00000127412	0	0	0	0	0	0
ENSG00000127418	815	684	622	1140	657	2566
ENSG00000127472	0	0	0	0	0	0
ENSG00000127507	0	0	0	0	0	0
ENSG00000127515	0	0	0	0	0	0
ENSG00000127529	0	0	0	0	0	0
ENSG00000127564	336	313	338	221	199	618
ENSG00000127578	5	3	1	18	23	156
ENSG00000127663	613	358	269	425	224	1128
ENSG00000127780	0	0	0	0	0	0
ENSG00000127951	0	0	0	0	0	0
ENSG00000127954	0	0	0	0	0	0
ENSG00000128040	0	0	0	0	0	0
ENSG00000128045	2	2	7	5	0	8
ENSG00000128203	60	60	45	41	29	94
ENSG00000128250	0	0	0	0	0	0
ENSG00000128262	0	0	0	0	0	0
ENSG00000128276	0	0	0	0	0	0
ENSG00000128283	1141	1198	1342	1307	931	3602
ENSG00000128285	0	0	0	0	0	0
ENSG00000128322	0	0	0	0	0	0
ENSG00000128438	0	0	0	0	0	0
ENSG00000128510	75	19	31	256	148	1200
ENSG00000128512	253	405	555	183	48	156
ENSG00000128519	0	0	0	0	0	0
ENSG00000128564	435	492	647	1221	1328	5662
ENSG00000128573	77	43	19	77	32	209
ENSG00000128606	2	0	1	10	12	51
ENSG00000128610	0	0	0	0	0	0
ENSG00000128645	0	0	0	0	0	0
ENSG00000128652	0	0	0	0	0	0
ENSG00000128709	6	8	1	0	5	1
ENSG00000128710	0	0	0	0	0	0
ENSG00000128713	0	0	0	0	0	0
ENSG00000128714	0	0	0	0	0	0
ENSG00000128739	0	0	0	0	0	0
ENSG00000128805	0	0	0	0	0	0
ENSG00000128815	0	0	0	0	0	0
ENSG00000128917	6	2	10	3	9	48
ENSG00000128918	0	0	0	0	0	0
ENSG00000129007	3	2	10	1	0	4
ENSG00000129009	3	2	1	12	10	39
ENSG00000129028	85	85	69	150	74	294
ENSG00000129038	194	45	55	476	153	923
ENSG00000129048	2	4	6	0	0	0
ENSG00000129151	0	0	0	0	0	0
ENSG00000129152	0	0	0	1	0	0
ENSG00000129170	0	0	0	0	0	0
ENSG00000129204	10	14	13	38	21	95
ENSG00000129221	0	0	0	0	0	0
ENSG00000129226	1	1	0	7	6	18
ENSG00000129354	2	0	8	0	2	3
ENSG00000129422	0	0	0	0	0	0
ENSG00000129437	2	4	4	15	19	58
ENSG00000129450	0	0	0	0	0	0
ENSG00000129451	0	0	0	0	0	0
ENSG00000129455	0	0	0	0	0	0
ENSG00000129465	0	0	0	0	0	0
ENSG00000129538	0	0	0	0	0	0
ENSG00000129596	0	0	0	0	0	0
ENSG00000129654	0	0	0	0	0	0
ENSG00000129675	5	2	0	7	1	6
ENSG00000129744	0	0	0	0	0	0
ENSG00000129816	0	0	0	0	0	0
ENSG00000129824	0	0	0	0	0	0
ENSG00000129845	0	0	0	0	0	0
ENSG00000129862	0	0	0	0	0	0
ENSG00000129864	0	0	0	0	0	0
ENSG00000129873	0	0	0	0	0	0
ENSG00000129965	0	0	0	0	0	0
ENSG00000129990	3	3	0	2	2	25
ENSG00000129993	0	0	0	0	0	0
ENSG00000130032	0	0	0	0	0	0
ENSG00000130035	0	0	0	0	0	0
ENSG00000130037	0	0	0	0	0	0
ENSG00000130038	0	0	0	0	0	0
ENSG00000130054	0	0	0	0	0	0
ENSG00000130167	0	0	0	0	0	0
ENSG00000130208	18	23	25	13	9	23
ENSG00000130222	0	0	0	0	0	0
ENSG00000130226	0	0	0	0	0	0
ENSG00000130234	0	0	0	0	0	0
ENSG00000130283	0	0	0	0	0	0
ENSG00000130300	0	0	0	0	0	0
ENSG00000130303	282	55	150	152	24	126
ENSG00000130311	605	613	614	598	365	1331
ENSG00000130368	0	0	0	0	0	0
ENSG00000130385	0	0	0	0	0	0
ENSG00000130489	3	1	0	0	1	8
ENSG00000130511	382	349	379	343	287	1100
ENSG00000130518	1	0	4	10	11	84
ENSG00000130522	531	287	322	487	263	860
ENSG00000130538	0	0	0	0	0	0
ENSG00000130558	14	7	13	1	5	16
ENSG00000130595	0	0	0	0	0	0
ENSG00000130598	0	0	0	0	0	0
ENSG00000130612	0	0	0	0	0	0
ENSG00000130649	1	5	8	4	8	57
ENSG00000130656	0	0	0	0	0	0
ENSG00000130669	693	511	506	530	361	1266
ENSG00000130700	0	0	0	0	0	0
ENSG00000130701	0	0	0	0	0	0
ENSG00000130702	614	388	524	659	556	4531
ENSG00000130720	412	173	170	536	312	1892
ENSG00000130751	19	14	15	2	3	13
ENSG00000130812	10	5	3	3	1	18
ENSG00000130822	18	12	6	11	0	29
ENSG00000130948	0	0	0	0	0	0
ENSG00000131002	0	0	0	0	0	0
ENSG00000131007	0	0	0	0	0	0
ENSG00000131015	60	46	42	11	3	11
ENSG00000131042	0	0	0	0	0	0
ENSG00000131044	7	1	14	14	7	21
ENSG00000131050	0	0	0	0	0	0
ENSG00000131059	0	0	0	0	0	0
ENSG00000131068	0	0	0	0	0	0
ENSG00000131152	0	0	0	0	0	0
ENSG00000131183	0	0	0	0	0	0
ENSG00000131196	0	3	0	3	1	6
ENSG00000131264	0	0	0	0	0	0
ENSG00000131355	0	0	0	0	0	0
ENSG00000131386	2	2	2	6	6	23
ENSG00000131400	15	8	14	0	5	1
ENSG00000131409	0	0	0	0	0	0
ENSG00000131471	3	10	13	6	17	58
ENSG00000131482	0	0	0	0	0	0
ENSG00000131484	0	0	0	0	0	0
ENSG00000131538	0	0	0	0	0	0
ENSG00000131548	0	0	0	0	0	0
ENSG00000131620	0	0	0	0	0	7
ENSG00000131721	0	0	0	0	0	0
ENSG00000131737	0	2	4	1	0	16
ENSG00000131771	0	0	0	0	0	0
ENSG00000131808	0	0	0	0	0	0
ENSG00000131831	0	0	0	0	0	0
ENSG00000131864	0	0	0	0	0	0
ENSG00000132000	1	4	6	3	0	11
ENSG00000132164	0	0	0	0	0	0
ENSG00000132204	0	0	0	0	0	0
ENSG00000132256	124	52	117	69	11	77
ENSG00000132274	5	0	4	0	0	1
ENSG00000132297	0	0	0	0	0	0
ENSG00000132329	17	14	12	46	34	287
ENSG00000132334	336	300	259	216	90	294
ENSG00000132436	770	629	800	732	316	1242
ENSG00000132446	0	0	0	0	0	0
ENSG00000132514	0	0	0	0	0	0
ENSG00000132518	0	0	0	0	0	0
ENSG00000132530	242	124	122	75	18	162
ENSG00000132570	81	101	132	72	47	179
ENSG00000132604	644	595	606	925	612	2088
ENSG00000132631	0	0	0	0	0	0
ENSG00000132671	0	0	0	0	0	0
ENSG00000132677	0	0	0	0	0	0
ENSG00000132681	0	0	0	0	0	0
ENSG00000132693	0	0	0	0	0	0
ENSG00000132702	0	0	0	0	0	0
ENSG00000132703	0	0	0	0	0	0
ENSG00000132704	0	0	0	0	0	0
ENSG00000132746	0	0	0	0	0	0
ENSG00000132832	0	0	0	0	0	0
ENSG00000132840	0	0	0	0	0	0
ENSG00000132849	123	100	136	42	14	56
ENSG00000132854	15	2	3	6	10	70
ENSG00000132872	0	0	0	0	0	0
ENSG00000132874	0	0	0	0	0	0
ENSG00000132915	1	0	0	1	0	0
ENSG00000132938	3	1	0	1	7	6
ENSG00000132958	0	0	0	0	0	0
ENSG00000132964	860	792	724	1082	485	2087
ENSG00000132975	0	0	0	0	0	0
ENSG00000133020	0	0	0	0	0	0
ENSG00000133028	1389	1340	1597	1584	868	3460
ENSG00000133083	77	33	35	133	65	357
ENSG00000133105	0	0	0	0	0	0
ENSG00000133115	0	0	0	0	0	0
ENSG00000133124	1	1	4	0	0	8
ENSG00000133135	0	0	0	0	0	0
ENSG00000133138	500	271	292	208	45	225
ENSG00000133169	0	0	0	0	0	0
ENSG00000133317	0	0	0	0	0	0
ENSG00000133466	30	5	7	17	1	14
ENSG00000133475	0	0	0	0	0	0
ENSG00000133477	0	0	0	0	0	0
ENSG00000133488	0	0	0	0	0	0
ENSG00000133519	0	0	0	0	0	0
ENSG00000133561	0	0	0	0	0	0
ENSG00000133574	0	0	0	0	0	0
ENSG00000133636	0	0	0	0	0	0
ENSG00000133640	0	0	0	0	0	0
ENSG00000133687	227	61	102	252	55	481
ENSG00000133703	534	452	528	754	282	1502
ENSG00000133805	38	8	19	36	2	28
ENSG00000133878	0	0	0	0	0	0
ENSG00000133937	0	0	0	0	0	0
ENSG00000133961	1421	1174	1043	1753	771	2994
ENSG00000133962	0	0	0	0	0	0
ENSG00000133980	0	0	0	0	0	0
ENSG00000134014	1136	1085	1167	225	103	237
ENSG00000134020	0	0	0	0	0	0
ENSG00000134028	0	0	0	0	0	0
ENSG00000134042	0	0	1	0	0	1
ENSG00000134121	0	0	0	0	0	0
ENSG00000134160	0	0	0	0	0	0
ENSG00000134183	0	0	0	0	0	0
ENSG00000134184	0	0	0	0	0	0
ENSG00000134193	0	0	0	0	0	0
ENSG00000134201	0	0	0	0	0	0
ENSG00000134240	0	0	0	0	0	0
ENSG00000134242	9	13	32	36	12	90
ENSG00000134245	25	18	36	69	19	153
ENSG00000134249	0	0	0	0	0	0
ENSG00000134258	0	0	0	0	0	0
ENSG00000134321	15	2	12	3	1	4
ENSG00000134323	0	0	0	0	0	0
ENSG00000134326	4	4	6	0	0	2
ENSG00000134389	0	0	0	0	0	0
ENSG00000134398	0	0	0	0	0	0
ENSG00000134438	0	0	0	0	0	0
ENSG00000134443	0	0	0	0	0	0
ENSG00000134452	972	793	903	1064	507	2189
ENSG00000134460	0	0	0	0	0	0
ENSG00000134504	292	300	275	332	235	662
ENSG00000134532	0	0	0	0	0	0
ENSG00000134538	0	0	0	0	0	0
ENSG00000134545	0	0	0	0	0	0
ENSG00000134588	0	0	0	0	0	0
ENSG00000134602	0	0	0	0	0	0
ENSG00000134612	0	0	0	0	0	0
ENSG00000134627	11	13	16	45	37	142
ENSG00000134755	0	1	0	1	0	5
ENSG00000134757	0	2	0	3	1	9
ENSG00000134760	0	0	0	0	0	0
ENSG00000134762	0	0	0	0	0	0
ENSG00000134765	0	0	0	0	0	0
ENSG00000134812	0	0	0	0	0	0
ENSG00000134815	762	726	693	941	772	2626
ENSG00000134817	0	0	0	0	0	0
ENSG00000134827	0	0	0	0	0	0
ENSG00000135046	8576	6482	5532	20659	14860	46032
ENSG00000135063	0	0	0	0	0	0
ENSG00000135074	1917	1986	2782	829	312	767
ENSG00000135077	1	5	0	6	1	15
ENSG00000135175	0	0	0	0	0	0
ENSG00000135205	16	10	6	17	7	33
ENSG00000135220	0	0	0	0	0	0
ENSG00000135222	0	0	0	0	0	0
ENSG00000135226	0	0	0	0	0	0
ENSG00000135245	606	329	247	314	93	661
ENSG00000135298	1	0	2	3	0	2
ENSG00000135299	15	5	16	9	1	14
ENSG00000135318	2787	2251	1688	8107	3939	15460
ENSG00000135333	0	0	0	0	0	0
ENSG00000135355	0	0	0	0	0	0
ENSG00000135373	0	0	0	14	6	13
ENSG00000135374	0	0	0	0	0	0
ENSG00000135390	1916	1660	1730	1930	1099	3876
ENSG00000135413	0	0	0	0	0	0
ENSG00000135424	11	14	16	5	1	18
ENSG00000135426	0	0	0	0	0	0
ENSG00000135436	3	5	12	0	2	6
ENSG00000135447	0	0	0	0	0	0
ENSG00000135472	0	0	0	0	0	0
ENSG00000135477	0	0	0	0	0	0
ENSG00000135541	605	441	493	609	227	842
ENSG00000135569	0	0	0	0	0	0
ENSG00000135636	235	137	145	109	22	65
ENSG00000135697	0	0	0	0	0	0
ENSG00000135744	2	1	0	4	1	11
ENSG00000135747	7	8	9	0	1	1
ENSG00000135824	0	0	0	0	0	0
ENSG00000135828	91	29	52	62	7	51
ENSG00000135898	0	0	0	0	0	0
ENSG00000135903	0	0	0	0	0	0
ENSG00000135929	1	0	0	5	16	29
ENSG00000136100	890	816	1007	798	424	1644
ENSG00000136110	0	0	0	0	0	0
ENSG00000136111	1688	1310	1290	2791	1216	4992
ENSG00000136160	0	0	0	0	0	0
ENSG00000136197	8	8	2	1	0	3
ENSG00000136250	0	2	0	2	7	7
ENSG00000136286	0	1	0	3	0	6
ENSG00000136297	0	0	0	0	0	0
ENSG00000136305	0	0	0	0	0	0
ENSG00000136315	0	0	0	0	0	0
ENSG00000136327	0	0	0	0	0	0
ENSG00000136352	0	0	0	0	0	0
ENSG00000136371	12	10	9	6	9	24
ENSG00000136378	29	10	23	10	2	9
ENSG00000136485	1747	1452	1772	2118	972	4249
ENSG00000136487	0	0	0	0	0	0
ENSG00000136488	0	0	0	0	0	0
ENSG00000136573	0	0	0	0	0	0
ENSG00000136574	0	0	0	0	0	0
ENSG00000136698	0	0	0	0	0	0
ENSG00000136750	0	0	0	0	0	0
ENSG00000136830	9454	6917	5970	13498	7124	31630
ENSG00000136834	0	0	0	0	0	0
ENSG00000136839	0	0	0	0	0	0
ENSG00000136859	0	0	0	0	0	0
ENSG00000136861	1993	1712	1849	1031	542	1757
ENSG00000136866	150	109	138	159	78	311
ENSG00000136870	379	239	281	338	152	512
ENSG00000136881	2	0	7	9	14	34
ENSG00000136929	0	0	0	0	0	0
ENSG00000136939	0	0	0	0	0	0
ENSG00000137076	8108	5509	5526	3647	1577	5904
ENSG00000137077	0	0	0	0	0	0
ENSG00000137078	0	0	0	0	0	0
ENSG00000137090	0	0	0	0	0	0
ENSG00000137133	8	5	7	7	0	3
ENSG00000137142	0	0	0	0	0	0
ENSG00000137193	211	139	115	246	128	488
ENSG00000137198	6	2	3	0	0	4
ENSG00000137204	0	0	0	0	0	0
ENSG00000137225	0	0	0	0	0	0
ENSG00000137251	2	1	5	2	6	20
ENSG00000137265	0	3	0	0	1	9
ENSG00000137270	0	0	0	1	1	8
ENSG00000137273	0	0	0	0	0	0
ENSG00000137392	0	0	0	0	0	0
ENSG00000137393	94	96	120	58	17	105
ENSG00000137440	1	0	1	9	7	19
ENSG00000137441	0	0	0	0	0	0
ENSG00000137449	413	238	254	820	388	2103
ENSG00000137462	0	0	0	0	0	0
ENSG00000137473	4	1	5	11	0	5
ENSG00000137474	21	15	16	7	2	11
ENSG00000137486	92	74	65	28	19	66
ENSG00000137491	0	0	0	0	0	0
ENSG00000137496	77	126	127	211	232	814
ENSG00000137558	0	2	0	2	0	12
ENSG00000137573	13	4	12	31	4	66
ENSG00000137628	49	37	61	10	6	32
ENSG00000137634	0	0	0	0	0	0
ENSG00000137642	0	0	0	0	0	0
ENSG00000137648	0	0	0	0	0	0
ENSG00000137672	0	0	0	0	0	0
ENSG00000137673	0	0	0	0	0	0
ENSG00000137674	0	0	0	0	0	0
ENSG00000137675	0	0	0	0	0	0
ENSG00000137707	7	6	6	9	0	6
ENSG00000137726	0	0	0	0	0	0
ENSG00000137727	0	0	0	0	0	0
ENSG00000137731	0	0	0	0	0	0
ENSG00000137745	8	1	0	16	7	40
ENSG00000137747	0	0	0	0	0	0
ENSG00000137752	0	0	0	0	0	0
ENSG00000137766	0	0	0	0	0	0
ENSG00000137801	21121	32824	53754	2512	1468	4361
ENSG00000137808	0	0	0	0	0	0
ENSG00000137819	12	9	2	39	3	18
ENSG00000137834	735	342	294	516	302	1644
ENSG00000137841	0	0	0	0	0	0
ENSG00000137843	0	0	0	1	1	7
ENSG00000137868	4	1	15	4	6	39
ENSG00000137869	0	0	0	0	0	0
ENSG00000137872	0	0	0	0	0	0
ENSG00000137875	0	0	0	0	0	0
ENSG00000137948	0	0	0	0	0	0
ENSG00000137965	87	81	153	16	21	72
ENSG00000137968	0	0	0	0	0	0
ENSG00000137975	5	2	1	18	13	47
ENSG00000138030	37	49	32	20	3	22
ENSG00000138039	0	0	0	0	0	0
ENSG00000138068	0	0	0	0	0	0
ENSG00000138075	0	0	0	0	0	0
ENSG00000138079	0	0	0	0	0	0
ENSG00000138109	0	0	0	0	0	0
ENSG00000138115	2	2	7	20	14	14
ENSG00000138136	0	0	0	0	0	0
ENSG00000138308	0	0	0	0	0	0
ENSG00000138378	2	1	2	0	0	9
ENSG00000138379	161	85	127	424	168	795
ENSG00000138411	76	27	55	22	9	91
ENSG00000138435	0	0	0	0	0	0
ENSG00000138449	0	0	0	0	0	0
ENSG00000138472	0	0	0	0	0	0
ENSG00000138615	0	1	0	0	1	0
ENSG00000138642	58	62	104	10	8	21
ENSG00000138646	256	173	209	61	22	40
ENSG00000138653	0	0	0	0	0	0
ENSG00000138670	0	0	0	0	0	0
ENSG00000138678	66	45	62	141	164	481
ENSG00000138684	0	0	0	0	0	0
ENSG00000138722	0	0	0	0	0	0
ENSG00000138755	0	0	0	0	0	0
ENSG00000138759	134	28	51	93	15	117
ENSG00000138792	0	0	0	0	0	0
ENSG00000138813	0	0	0	0	0	0
ENSG00000138892	0	0	0	0	0	0
ENSG00000139044	8	0	7	3	7	7
ENSG00000139053	0	0	0	0	0	0
ENSG00000139055	0	0	0	0	0	0
ENSG00000139132	25	27	31	2	2	8
ENSG00000139151	0	0	0	0	0	0
ENSG00000139155	0	0	0	0	0	0
ENSG00000139173	0	0	0	2	0	3
ENSG00000139178	373	256	228	112	53	178
ENSG00000139180	235	219	249	292	145	484
ENSG00000139194	20	15	22	2	3	19
ENSG00000139218	2163	1585	1813	1898	848	3272
ENSG00000139219	4	0	0	0	0	4
ENSG00000139220	0	0	0	0	0	0
ENSG00000139223	0	0	0	0	0	0
ENSG00000139278	1642	1519	1630	2094	1223	4686
ENSG00000139304	17	11	27	65	36	216
ENSG00000139330	0	0	0	0	0	0
ENSG00000139352	0	0	0	0	0	0
ENSG00000139549	0	1	0	0	0	0
ENSG00000139572	0	0	0	0	0	0
ENSG00000139574	0	0	0	0	0	0
ENSG00000139629	5	3	8	7	0	7
ENSG00000139725	1	0	0	0	4	7
ENSG00000139767	0	0	0	0	0	0
ENSG00000139797	0	0	0	0	0	0
ENSG00000139826	385	359	488	268	130	390
ENSG00000139874	0	0	0	0	0	0
ENSG00000139908	22	31	20	15	7	72
ENSG00000139915	0	0	0	0	0	0
ENSG00000139946	0	0	0	0	0	0
ENSG00000139985	8	3	6	0	0	10
ENSG00000140022	27	17	12	134	76	317
ENSG00000140030	0	0	0	0	0	0
ENSG00000140067	0	0	0	0	0	0
ENSG00000140107	0	0	0	0	0	0
ENSG00000140254	0	0	0	0	0	0
ENSG00000140274	0	0	0	0	0	0
ENSG00000140320	925	700	722	1397	814	3056
ENSG00000140406	167	188	263	48	17	59
ENSG00000140450	0	0	0	0	0	0
ENSG00000140459	0	0	0	0	0	0
ENSG00000140478	0	0	0	0	0	0
ENSG00000140479	8	4	5	2	0	11
ENSG00000140481	0	0	0	0	0	0
ENSG00000140488	0	0	0	0	0	0
ENSG00000140506	0	0	0	0	0	0
ENSG00000140527	7	1	3	3	1	0
ENSG00000140557	4	1	0	6	15	22
ENSG00000140563	0	0	0	0	0	0
ENSG00000140600	0	0	0	0	0	0
ENSG00000140612	2970	2466	2531	3994	2061	8095
ENSG00000140623	0	0	0	0	0	0
ENSG00000140807	2	4	14	8	1	19
ENSG00000140835	0	0	0	0	0	0
ENSG00000140873	0	0	0	0	0	0
ENSG00000140968	0	0	0	0	0	0
ENSG00000140993	60	24	25	17	12	38
ENSG00000141052	0	0	0	0	0	0
ENSG00000141068	499	379	434	813	661	3710
ENSG00000141086	0	0	0	0	0	0
ENSG00000141161	0	0	0	0	0	0
ENSG00000141194	0	0	0	0	0	0
ENSG00000141200	0	0	0	0	0	0
ENSG00000141255	0	0	0	0	0	0
ENSG00000141293	0	0	0	0	0	0
ENSG00000141294	23	13	25	4	7	49
ENSG00000141316	0	0	0	0	0	0
ENSG00000141371	0	0	0	0	0	0
ENSG00000141385	1227	1042	1253	878	396	1335
ENSG00000141431	0	0	0	0	0	0
ENSG00000141433	2	0	0	0	0	7
ENSG00000141469	14	11	5	41	28	116
ENSG00000141485	0	0	0	0	0	0
ENSG00000141526	41	11	18	35	16	113
ENSG00000141579	0	0	0	0	0	0
ENSG00000141627	612	486	541	755	316	1389
ENSG00000141639	0	0	0	0	0	0
ENSG00000141655	38	29	32	9	6	7
ENSG00000141738	3	2	1	3	1	5
ENSG00000141748	0	0	0	0	0	0
ENSG00000141750	16	13	6	11	1	0
ENSG00000141837	2	0	1	2	4	23
ENSG00000141946	0	0	0	0	0	0
ENSG00000141977	0	0	0	0	0	0
ENSG00000141979	0	0	0	0	0	0
ENSG00000142025	0	0	0	0	0	0
ENSG00000142224	0	0	0	0	0	0
ENSG00000142273	0	0	0	0	0	0
ENSG00000142405	0	0	0	0	0	0
ENSG00000142408	1	0	0	1	0	4
ENSG00000142484	0	0	0	0	0	0
ENSG00000142511	0	0	0	0	0	0
ENSG00000142513	0	1	0	6	6	23
ENSG00000142538	0	0	0	0	0	0
ENSG00000142539	0	0	0	0	0	0
ENSG00000142583	0	0	1	3	0	12
ENSG00000142611	0	0	0	0	0	0
ENSG00000142677	7	8	7	0	5	3
ENSG00000142684	0	0	0	0	0	0
ENSG00000142698	0	0	0	0	0	0
ENSG00000142700	0	0	0	0	0	0
ENSG00000142731	635	641	767	361	186	742
ENSG00000142892	1077	831	896	1150	372	1456
ENSG00000142910	0	0	0	0	0	0
ENSG00000142973	0	0	0	0	0	0
ENSG00000143001	0	0	0	0	0	0
ENSG00000143006	0	0	0	0	0	0
ENSG00000143105	0	0	0	0	0	0
ENSG00000143107	0	0	0	5	2	6
ENSG00000143127	2063	1014	758	981	278	811
ENSG00000143167	0	0	0	0	0	0
ENSG00000143178	28	25	26	85	51	232
ENSG00000143185	0	0	0	0	0	0
ENSG00000143199	2	1	5	3	1	7
ENSG00000143226	0	0	0	0	0	0
ENSG00000143297	0	0	0	0	0	0
ENSG00000143303	259	201	199	210	121	484
ENSG00000143382	3	4	21	39	32	108
ENSG00000143393	1751	1503	1707	2360	1575	5705
ENSG00000143412	19	13	9	6	4	15
ENSG00000143416	0	0	0	0	0	0
ENSG00000143450	10	10	4	1	5	22
ENSG00000143452	23	20	39	21	3	8
ENSG00000143512	5	3	1	68	44	141
ENSG00000143520	1	0	6	5	1	8
ENSG00000143546	0	0	0	0	0	0
ENSG00000143556	0	0	0	0	0	0
ENSG00000143595	0	0	0	0	0	0
ENSG00000143614	994	954	1038	854	473	1827
ENSG00000143786	21	9	3	33	16	37
ENSG00000143816	48	19	36	143	138	906
ENSG00000143847	1445	748	220	544	119	776
ENSG00000143869	0	0	0	0	0	0
ENSG00000143878	442	291	449	1648	929	5247
ENSG00000143933	6553	6309	5956	5189	2280	7474
ENSG00000143954	0	0	0	0	0	0
ENSG00000143970	1070	703	882	905	420	1614
ENSG00000144010	0	0	0	0	0	0
ENSG00000144028	7488	6152	6641	5887	2897	9848
ENSG00000144063	0	0	0	0	0	0
ENSG00000144119	0	0	0	0	0	0
ENSG00000144188	0	0	0	0	0	0
ENSG00000144229	0	0	0	0	0	0
ENSG00000144278	0	0	0	0	0	0
ENSG00000144290	0	0	0	0	0	0
ENSG00000144339	370	201	199	642	318	1345
ENSG00000144426	138	68	86	97	13	116
ENSG00000144481	28	12	15	77	63	368
ENSG00000144583	162	188	304	116	69	233
ENSG00000144644	2	0	1	1	0	18
ENSG00000144671	4	8	3	9	7	45
ENSG00000144730	278	202	194	95	32	243
ENSG00000144771	0	0	0	0	0	0
ENSG00000144785	0	0	0	0	0	0
ENSG00000144802	428	295	284	499	265	1071
ENSG00000144810	665	556	451	485	238	671
ENSG00000144837	0	0	0	0	0	0
ENSG00000144843	0	0	0	0	0	0
ENSG00000144852	0	0	0	0	0	0
ENSG00000144868	10	35	35	11	6	50
ENSG00000144962	0	0	0	0	0	0
ENSG00000145029	0	0	0	0	0	0
ENSG00000145063	0	0	0	0	0	0
ENSG00000145113	1	1	9	0	0	5
ENSG00000145192	0	0	0	0	0	0
ENSG00000145194	0	0	0	0	0	0
ENSG00000145283	0	0	0	0	0	0
ENSG00000145309	0	0	0	0	0	0
ENSG00000145321	0	0	0	0	0	0
ENSG00000145335	0	0	0	0	0	0
ENSG00000145362	378	208	238	162	30	191
ENSG00000145384	0	0	0	0	0	0
ENSG00000145423	395	141	118	434	229	1107
ENSG00000145439	251	206	261	208	78	354
ENSG00000145476	14	12	13	8	1	17
ENSG00000145626	0	0	0	0	0	0
ENSG00000145649	0	0	0	0	0	0
ENSG00000145681	0	0	0	0	0	0
ENSG00000145692	0	0	0	0	0	0
ENSG00000145700	17	25	32	7	3	29
ENSG00000145708	0	0	0	0	0	0
ENSG00000145721	0	4	0	4	2	5
ENSG00000145794	0	0	0	1	1	9
ENSG00000145808	0	0	0	0	0	0
ENSG00000145824	0	0	0	0	0	0
ENSG00000145832	0	0	0	0	0	0
ENSG00000145835	0	0	0	0	0	0
ENSG00000145839	0	0	0	0	0	0
ENSG00000145850	0	0	0	0	0	0
ENSG00000145861	18	13	35	10	1	9
ENSG00000145863	0	0	0	0	0	0
ENSG00000145879	0	0	0	0	0	0
ENSG00000145882	95	50	46	29	29	62
ENSG00000145920	0	0	0	0	0	0
ENSG00000145936	0	0	0	0	0	0
ENSG00000145945	9	2	7	15	3	53
ENSG00000145949	12	3	11	9	2	29
ENSG00000146006	2	0	0	0	3	7
ENSG00000146013	1	0	0	1	5	7
ENSG00000146021	8	3	0	41	36	200
ENSG00000146039	0	0	0	0	0	0
ENSG00000146047	0	0	0	0	0	0
ENSG00000146070	0	0	0	0	0	0
ENSG00000146090	5	3	2	8	7	30
ENSG00000146122	0	0	0	0	0	0
ENSG00000146192	0	0	0	0	0	0
ENSG00000146197	18	9	13	34	16	109
ENSG00000146216	0	0	0	0	0	0
ENSG00000146243	42	33	53	28	13	39
ENSG00000146276	0	0	0	0	0	0
ENSG00000146352	0	0	0	0	0	0
ENSG00000146360	0	0	0	0	0	0
ENSG00000146378	0	0	0	0	0	0
ENSG00000146383	0	0	0	0	0	0
ENSG00000146385	0	0	0	0	0	0
ENSG00000146399	0	0	0	0	0	0
ENSG00000146469	0	0	0	0	0	0
ENSG00000146477	0	0	0	0	0	0
ENSG00000146521	0	0	0	0	0	0
ENSG00000146530	0	0	0	0	0	0
ENSG00000146618	0	0	0	0	0	0
ENSG00000146666	3	0	0	1	4	17
ENSG00000146678	0	0	4	0	1	5
ENSG00000146755	0	0	0	0	0	0
ENSG00000146802	148	133	166	126	68	244
ENSG00000146809	0	0	0	0	0	0
ENSG00000146839	0	0	0	0	0	0
ENSG00000146857	0	0	0	0	0	0
ENSG00000146904	8	11	9	7	6	11
ENSG00000146910	0	0	0	0	0	0
ENSG00000146926	0	0	0	0	0	0
ENSG00000146938	0	0	0	0	0	0
ENSG00000146950	6	0	9	12	2	3
ENSG00000147082	29	36	53	6	4	2
ENSG00000147138	0	0	0	0	0	0
ENSG00000147160	0	0	0	0	0	0
ENSG00000147168	0	0	0	0	0	0
ENSG00000147174	45	53	39	127	117	428
ENSG00000147180	0	0	0	0	0	0
ENSG00000147183	0	0	0	0	0	0
ENSG00000147231	0	0	0	0	0	0
ENSG00000147234	20	9	30	28	10	94
ENSG00000147251	347	254	290	128	30	163
ENSG00000147255	0	0	0	0	0	0
ENSG00000147257	0	0	0	0	0	0
ENSG00000147262	0	0	0	0	0	0
ENSG00000147316	610	559	725	837	514	2119
ENSG00000147378	0	0	0	0	0	0
ENSG00000147381	0	0	0	0	0	0
ENSG00000147408	0	0	0	0	0	0
ENSG00000147432	0	0	0	0	0	0
ENSG00000147443	0	0	0	0	0	0
ENSG00000147588	0	0	0	0	0	0
ENSG00000147596	0	0	0	0	0	0
ENSG00000147606	1	13	10	7	1	1
ENSG00000147613	0	0	0	0	0	0
ENSG00000147614	7	4	0	1	0	6
ENSG00000147647	8	1	3	18	6	49
ENSG00000147655	486	198	113	748	426	2235
ENSG00000147676	0	0	0	0	0	0
ENSG00000147724	0	0	0	0	0	0
ENSG00000147753	0	0	0	0	0	0
ENSG00000147761	0	0	0	0	0	0
ENSG00000147804	145	131	150	151	108	477
ENSG00000147869	0	0	0	0	0	0
ENSG00000147873	0	0	0	0	0	0
ENSG00000147883	492	316	388	1398	686	3558
ENSG00000147885	0	0	0	0	0	0
ENSG00000148019	801	673	802	547	230	773
ENSG00000148053	0	0	0	0	0	0
ENSG00000148123	0	0	0	0	0	0
ENSG00000148136	0	0	0	0	0	0
ENSG00000148154	2690	2442	3041	3304	1681	7333
ENSG00000148156	0	0	0	0	0	0
ENSG00000148215	0	0	0	0	0	0
ENSG00000148288	0	0	0	0	0	0
ENSG00000148341	1111	1066	1000	896	468	1868
ENSG00000148344	5	2	2	8	4	33
ENSG00000148377	0	0	0	0	0	0
ENSG00000148386	0	0	0	0	0	0
ENSG00000148459	238	375	406	270	126	554
ENSG00000148482	6	0	6	2	3	15
ENSG00000148513	0	0	0	0	0	0
ENSG00000148600	0	0	0	0	0	0
ENSG00000148602	0	0	0	0	0	0
ENSG00000148604	0	0	0	0	0	0
ENSG00000148671	0	0	0	0	0	0
ENSG00000148702	0	0	0	0	0	0
ENSG00000148719	873	857	994	633	413	1484
ENSG00000148734	0	0	0	0	0	0
ENSG00000148795	0	0	0	0	0	0
ENSG00000148942	0	0	0	0	0	0
ENSG00000148948	0	0	0	0	0	0
ENSG00000148965	0	0	0	0	0	0
ENSG00000149021	0	0	0	0	0	0
ENSG00000149050	0	0	0	0	0	0
ENSG00000149054	0	0	0	0	0	0
ENSG00000149133	0	0	0	0	0	0
ENSG00000149212	11	0	2	12	1	19
ENSG00000149300	0	0	0	0	0	0
ENSG00000149305	0	0	0	0	0	0
ENSG00000149357	1777	1379	1387	1168	547	2012
ENSG00000149435	0	0	0	0	0	0
ENSG00000149443	0	0	0	0	0	0
ENSG00000149451	0	0	0	0	0	0
ENSG00000149452	0	0	0	0	0	0
ENSG00000149488	0	0	0	0	0	0
ENSG00000149507	0	0	0	0	0	0
ENSG00000149516	0	0	0	0	0	0
ENSG00000149531	6	7	5	8	0	10
ENSG00000149534	0	0	0	0	0	0
ENSG00000149557	8	2	2	5	5	1
ENSG00000149573	0	0	0	0	0	0
ENSG00000149591	355	336	616	142	43	378
ENSG00000149596	93	91	121	53	20	59
ENSG00000149599	27	7	17	80	54	183
ENSG00000149634	21	8	12	11	0	29
ENSG00000149635	0	0	0	0	0	0
ENSG00000149651	0	0	0	0	0	0
ENSG00000149656	0	0	0	0	0	0
ENSG00000149735	0	0	0	0	0	0
ENSG00000149742	0	0	0	0	0	0
ENSG00000149782	1040	868	841	535	309	1247
ENSG00000149798	0	0	0	0	0	0
ENSG00000149948	261	321	398	1281	689	3362
ENSG00000149970	0	0	0	0	0	0
ENSG00000150045	0	0	0	0	0	0
ENSG00000150048	0	0	0	0	0	0
ENSG00000150051	0	0	0	0	0	0
ENSG00000150244	0	0	0	0	0	0
ENSG00000150261	0	0	0	0	0	0
ENSG00000150269	0	0	0	0	0	0
ENSG00000150275	0	0	0	0	0	0
ENSG00000150276	0	0	0	0	0	0
ENSG00000150394	0	0	0	0	0	0
ENSG00000150540	0	0	0	0	0	0
ENSG00000150551	0	0	0	0	0	0
ENSG00000150594	2	4	6	0	0	3
ENSG00000150672	18	20	15	13	0	13
ENSG00000150681	0	0	0	0	0	0
ENSG00000150732	0	0	0	0	0	0
ENSG00000150750	0	0	0	0	0	0
ENSG00000150873	1	1	0	3	0	7
ENSG00000150991	8833	6816	6371	7460	3658	12521
ENSG00000150995	2411	850	630	1483	251	2082
ENSG00000151005	0	0	0	0	0	0
ENSG00000151079	0	0	0	0	0	0
ENSG00000151136	0	0	0	0	0	0
ENSG00000151303	0	0	0	0	0	0
ENSG00000151320	59	56	36	182	91	350
ENSG00000151364	1	1	0	3	2	22
ENSG00000151365	0	0	0	0	0	0
ENSG00000151379	0	0	0	0	0	0
ENSG00000151414	3882	3226	3668	5022	1976	9223
ENSG00000151503	2874	2497	2376	1924	885	2540
ENSG00000151577	0	0	0	0	0	0
ENSG00000151615	0	0	0	0	0	0
ENSG00000151623	38	31	36	14	2	17
ENSG00000151631	0	0	0	0	0	0
ENSG00000151632	27	20	13	79	56	132
ENSG00000151650	0	0	0	0	0	0
ENSG00000151687	22	16	27	14	6	36
ENSG00000151773	52	49	55	43	30	99
ENSG00000151778	0	0	0	0	0	0
ENSG00000151790	1	1	0	9	5	19
ENSG00000151834	0	0	0	0	0	0
ENSG00000151838	0	0	0	0	0	0
ENSG00000151882	0	0	0	0	0	0
ENSG00000151948	0	0	0	0	0	0
ENSG00000151952	0	0	0	0	0	0
ENSG00000151962	0	0	0	0	0	0
ENSG00000151963	0	0	0	0	0	0
ENSG00000152034	0	0	0	0	0	0
ENSG00000152076	19	14	10	4	1	6
ENSG00000152092	0	0	0	0	0	0
ENSG00000152093	0	0	0	0	0	0
ENSG00000152154	0	0	0	0	0	0
ENSG00000152207	3	0	0	3	4	8
ENSG00000152208	7	0	1	11	0	10
ENSG00000152213	0	0	0	0	0	0
ENSG00000152214	0	0	0	0	0	0
ENSG00000152254	0	0	0	0	0	0
ENSG00000152266	0	0	0	0	0	0
ENSG00000152292	0	0	2	0	1	11
ENSG00000152463	0	0	2	0	0	0
ENSG00000152467	7	2	0	4	6	12
ENSG00000152580	4	4	0	2	2	12
ENSG00000152582	0	0	0	0	0	0
ENSG00000152591	0	0	0	0	0	0
ENSG00000152611	0	0	0	0	0	0
ENSG00000152672	0	0	0	0	0	0
ENSG00000152705	4	10	10	5	7	25
ENSG00000152760	0	0	0	0	0	0
ENSG00000152779	20	15	16	12	5	17
ENSG00000152822	0	0	0	0	0	0
ENSG00000152910	0	0	0	0	0	0
ENSG00000152932	0	0	0	0	0	0
ENSG00000152936	0	0	0	0	0	0
ENSG00000152953	6	0	0	2	0	0
ENSG00000152954	0	0	0	0	0	0
ENSG00000152969	0	0	0	0	0	0
ENSG00000153060	0	0	0	0	0	0
ENSG00000153162	1	0	6	7	5	42
ENSG00000153234	13	14	17	45	44	141
ENSG00000153253	24	1	4	13	2	14
ENSG00000153266	0	0	0	0	0	0
ENSG00000153303	0	0	0	0	0	0
ENSG00000153495	11	4	11	17	12	70
ENSG00000153498	0	0	0	0	0	0
ENSG00000153684	0	0	0	0	0	0
ENSG00000153779	0	0	0	0	0	0
ENSG00000153789	0	0	0	0	0	0
ENSG00000153822	0	0	0	0	0	0
ENSG00000153823	78	41	31	169	120	372
ENSG00000153944	646	508	443	324	103	437
ENSG00000153976	0	0	0	0	0	0
ENSG00000153982	5	5	9	11	0	0
ENSG00000153989	1066	991	975	1330	629	2554
ENSG00000154016	0	0	0	0	0	0
ENSG00000154080	0	0	0	0	0	0
ENSG00000154118	0	2	2	4	1	19
ENSG00000154162	0	0	0	0	0	0
ENSG00000154165	0	0	0	0	0	0
ENSG00000154198	0	0	0	0	0	0
ENSG00000154217	60	79	77	80	26	136
ENSG00000154237	286	272	337	129	65	285
ENSG00000154252	4	1	0	0	1	7
ENSG00000154263	0	2	3	5	0	8
ENSG00000154310	327	185	181	157	57	288
ENSG00000154316	0	0	0	1	1	11
ENSG00000154438	0	0	0	0	2	0
ENSG00000154478	0	0	0	0	0	0
ENSG00000154485	0	0	0	0	0	0
ENSG00000154493	8	8	7	17	15	67
ENSG00000154518	3098	2761	2625	2803	1489	4434
ENSG00000154529	0	0	0	0	0	0
ENSG00000154537	0	9	3	23	8	12
ENSG00000154611	0	0	0	0	0	0
ENSG00000154620	0	0	0	0	0	0
ENSG00000154645	3	4	6	0	0	2
ENSG00000154655	0	0	0	0	0	0
ENSG00000154764	0	0	0	0	0	0
ENSG00000154864	0	0	0	0	0	0
ENSG00000154975	0	0	0	0	0	0
ENSG00000155016	154	134	140	148	46	200
ENSG00000155052	0	0	0	0	0	0
ENSG00000155093	1	0	2	1	0	8
ENSG00000155115	804	839	888	815	535	1562
ENSG00000155307	0	0	0	0	0	0
ENSG00000155428	0	0	0	0	0	0
ENSG00000155495	0	0	0	0	0	0
ENSG00000155622	0	0	0	0	0	0
ENSG00000155659	0	0	0	0	0	0
ENSG00000155754	0	0	0	0	0	0
ENSG00000155833	0	0	0	0	0	0
ENSG00000155849	0	5	4	0	0	0
ENSG00000155886	0	0	1	0	0	1
ENSG00000155890	0	0	0	0	0	0
ENSG00000155918	0	0	0	0	0	0
ENSG00000155926	0	0	0	0	0	0
ENSG00000155966	0	0	0	0	0	0
ENSG00000156006	0	0	0	0	0	0
ENSG00000156042	5	4	6	6	0	1
ENSG00000156076	0	0	0	0	0	0
ENSG00000156096	0	0	0	0	0	0
ENSG00000156127	0	0	0	0	0	0
ENSG00000156150	0	0	0	0	0	0
ENSG00000156206	9	1	2	68	34	116
ENSG00000156218	0	0	0	0	0	0
ENSG00000156222	0	2	1	3	0	8
ENSG00000156269	0	0	0	0	0	0
ENSG00000156282	0	0	0	0	0	0
ENSG00000156284	0	0	0	0	0	0
ENSG00000156298	0	0	0	0	0	0
ENSG00000156453	63	14	11	75	21	71
ENSG00000156466	59	42	46	8	3	31
ENSG00000156510	11	22	37	4	1	3
ENSG00000156564	0	0	0	0	0	0
ENSG00000156575	0	0	0	0	0	0
ENSG00000156738	0	0	0	0	0	0
ENSG00000156755	0	0	0	0	0	0
ENSG00000156885	0	0	0	0	0	0
ENSG00000156920	0	0	0	0	0	0
ENSG00000156925	0	0	0	0	0	0
ENSG00000156968	0	0	0	0	0	0
ENSG00000157005	0	0	0	0	0	0
ENSG00000157060	0	0	0	0	0	0
ENSG00000157093	0	0	0	0	0	0
ENSG00000157119	0	0	0	0	0	0
ENSG00000157131	0	0	0	0	0	0
ENSG00000157211	0	0	0	0	0	0
ENSG00000157219	0	0	0	0	0	0
ENSG00000157240	9	8	10	2	0	4
ENSG00000157303	0	0	0	0	0	0
ENSG00000157306	10	6	7	2	0	7
ENSG00000157322	0	0	0	0	0	0
ENSG00000157368	0	0	0	0	0	0
ENSG00000157388	0	0	0	0	0	0
ENSG00000157399	0	0	0	0	0	0
ENSG00000157404	0	0	0	0	0	0
ENSG00000157423	0	0	0	0	0	0
ENSG00000157502	0	0	0	0	0	0
ENSG00000157542	0	0	0	0	0	0
ENSG00000157570	0	0	0	0	0	0
ENSG00000157578	19	3	20	9	2	11
ENSG00000157601	216	141	302	47	25	97
ENSG00000157613	1594	1038	970	1095	518	2259
ENSG00000157703	0	0	0	0	0	0
ENSG00000157766	0	0	0	0	0	0
ENSG00000157782	2	1	0	0	2	0
ENSG00000157796	538	475	463	483	257	823
ENSG00000157884	0	0	0	2	0	7
ENSG00000158050	41	45	106	147	152	622
ENSG00000158055	2	0	0	0	0	6
ENSG00000158077	0	0	0	0	0	0
ENSG00000158092	433	360	352	461	307	994
ENSG00000158122	273	223	224	175	94	235
ENSG00000158246	11	6	3	1	0	5
ENSG00000158258	0	0	0	0	0	0
ENSG00000158296	1	1	3	26	16	72
ENSG00000158352	0	0	0	0	0	0
ENSG00000158373	139	102	90	223	177	859
ENSG00000158406	35	31	41	114	138	492
ENSG00000158428	0	0	0	0	0	0
ENSG00000158477	0	0	0	0	0	0
ENSG00000158481	0	0	0	0	0	0
ENSG00000158485	0	0	0	0	0	0
ENSG00000158497	0	0	0	0	0	0
ENSG00000158516	0	2	1	0	2	9
ENSG00000158517	0	0	0	0	0	0
ENSG00000158525	0	0	0	0	0	7
ENSG00000158553	1	0	1	0	0	1
ENSG00000158560	0	0	0	0	0	0
ENSG00000158571	6	1	2	1	0	7
ENSG00000158623	555	372	369	276	87	401
ENSG00000158639	0	0	0	0	0	0
ENSG00000158714	0	0	0	0	0	0
ENSG00000158731	0	0	0	0	0	0
ENSG00000158748	0	0	0	0	0	0
ENSG00000158764	0	0	0	0	0	0
ENSG00000158786	0	0	0	0	0	0
ENSG00000158813	0	0	0	0	0	0
ENSG00000158815	0	0	0	0	0	0
ENSG00000158816	0	0	0	0	0	0
ENSG00000158859	0	4	2	0	2	11
ENSG00000158874	0	0	0	0	0	0
ENSG00000158882	340	395	507	275	154	530
ENSG00000158901	0	0	0	0	0	0
ENSG00000158955	0	0	0	0	0	0
ENSG00000159182	0	0	0	0	0	0
ENSG00000159184	90	28	32	30	4	31
ENSG00000159186	0	0	0	0	0	0
ENSG00000159212	0	0	0	0	0	0
ENSG00000159216	1168	981	1036	1039	609	2581
ENSG00000159239	0	0	0	0	0	0
ENSG00000159248	0	0	0	0	0	0
ENSG00000159251	0	0	0	0	0	0
ENSG00000159261	4	4	0	0	0	0
ENSG00000159289	0	0	0	0	0	0
ENSG00000159314	8	5	1	1	0	4
ENSG00000159387	0	0	0	0	0	0
ENSG00000159445	0	0	0	0	0	0
ENSG00000159455	0	0	0	0	0	0
ENSG00000159495	0	0	0	0	0	0
ENSG00000159516	0	0	0	0	0	0
ENSG00000159527	0	0	0	0	0	0
ENSG00000159648	0	0	0	0	0	0
ENSG00000159650	0	0	0	0	0	0
ENSG00000159674	538	153	255	646	436	2703
ENSG00000159723	0	0	0	0	0	0
ENSG00000159733	21	24	6	15	2	37
ENSG00000159761	14	1	3	9	0	11
ENSG00000159763	0	0	0	0	0	0
ENSG00000159792	405	374	413	305	202	827
ENSG00000159860	0	0	0	0	0	0
ENSG00000159884	19	6	22	14	12	77
ENSG00000159904	0	0	0	0	0	0
ENSG00000159905	46	20	23	51	5	67
ENSG00000159961	0	0	0	0	0	0
ENSG00000160094	187	158	142	135	62	222
ENSG00000160097	26	10	4	47	23	149
ENSG00000160111	0	0	0	0	0	0
ENSG00000160131	1383	1435	1525	1408	740	2719
ENSG00000160172	55	59	45	34	16	77
ENSG00000160179	0	0	0	0	0	0
ENSG00000160180	0	0	0	0	0	0
ENSG00000160181	0	0	0	0	0	0
ENSG00000160182	0	0	0	0	0	0
ENSG00000160185	0	0	0	0	0	0
ENSG00000160202	0	0	0	0	0	0
ENSG00000160224	0	0	0	0	0	0
ENSG00000160255	7	3	1	3	0	0
ENSG00000160282	6	3	4	4	0	18
ENSG00000160307	0	0	0	0	0	0
ENSG00000160318	12	8	12	9	8	22
ENSG00000160321	0	0	0	0	0	0
ENSG00000160339	0	0	0	0	0	0
ENSG00000160349	0	0	0	0	0	0
ENSG00000160471	1	0	1	0	1	8
ENSG00000160505	0	0	0	0	0	0
ENSG00000160539	6	2	8	1	0	2
ENSG00000160588	4	0	2	13	4	10
ENSG00000160593	0	0	0	0	0	0
ENSG00000160654	0	0	0	0	0	0
ENSG00000160685	497	329	286	1065	645	2775
ENSG00000160695	1221	1048	1156	1191	765	2780
ENSG00000160716	4	1	3	2	0	15
ENSG00000160791	0	0	0	0	0	0
ENSG00000160808	0	0	0	0	0	0
ENSG00000160838	0	0	0	0	0	0
ENSG00000160856	0	0	0	0	0	0
ENSG00000160862	0	0	0	0	0	0
ENSG00000160868	0	0	0	0	0	0
ENSG00000160870	0	0	0	0	0	0
ENSG00000160882	0	0	0	0	0	0
ENSG00000160886	41	31	42	122	123	549
ENSG00000160994	0	0	0	0	0	0
ENSG00000161031	0	0	0	0	0	0
ENSG00000161103	0	0	0	0	0	0
ENSG00000161133	0	0	0	0	0	0
ENSG00000161243	46	28	34	11	3	14
ENSG00000161381	70	44	27	168	115	750
ENSG00000161405	0	0	0	0	0	0
ENSG00000161509	3	7	4	10	7	40
ENSG00000161558	111	81	82	28	10	46
ENSG00000161609	0	0	0	0	0	0
ENSG00000161610	0	0	0	0	0	0
ENSG00000161634	0	0	0	0	0	0
ENSG00000161642	44	41	67	101	100	709
ENSG00000161652	0	0	0	0	0	0
ENSG00000161681	0	0	0	0	0	0
ENSG00000161798	0	0	0	0	0	0
ENSG00000161807	0	0	0	0	0	0
ENSG00000161835	3	3	5	14	8	31
ENSG00000161849	0	0	0	0	0	0
ENSG00000161850	0	0	0	0	0	0
ENSG00000161896	0	0	0	0	0	0
ENSG00000161911	0	0	0	0	0	0
ENSG00000161929	3	6	3	0	1	9
ENSG00000161939	0	0	0	0	0	0
ENSG00000161944	0	0	0	0	0	0
ENSG00000161955	18	10	18	5	6	19
ENSG00000161958	13	9	1	4	3	18
ENSG00000161973	0	0	0	0	0	0
ENSG00000161992	0	0	0	2	1	14
ENSG00000162004	49	68	47	8	16	64
ENSG00000162009	0	0	0	0	0	0
ENSG00000162040	0	0	0	0	0	0
ENSG00000162076	144	124	119	172	110	446
ENSG00000162148	5	16	2	7	1	15
ENSG00000162194	39	40	40	8	5	13
ENSG00000162267	0	0	0	0	0	0
ENSG00000162344	0	0	0	0	0	0
ENSG00000162365	0	0	0	0	0	0
ENSG00000162366	0	0	0	0	0	0
ENSG00000162373	0	0	0	0	0	0
ENSG00000162374	0	0	0	0	0	0
ENSG00000162390	13	16	15	4	0	7
ENSG00000162398	0	0	0	0	0	0
ENSG00000162399	0	0	0	0	0	0
ENSG00000162407	281	108	199	705	262	1683
ENSG00000162426	10	5	12	8	0	22
ENSG00000162438	0	0	0	3	2	9
ENSG00000162444	0	0	0	0	0	0
ENSG00000162456	0	0	0	0	0	0
ENSG00000162460	0	0	0	0	0	0
ENSG00000162493	0	0	0	0	0	0
ENSG00000162494	0	0	0	0	0	0
ENSG00000162496	262	78	84	218	81	561
ENSG00000162543	0	0	0	0	0	0
ENSG00000162545	193	32	21	164	30	168
ENSG00000162571	0	0	0	0	0	0
ENSG00000162576	40	22	28	25	45	209
ENSG00000162591	446	84	96	250	92	713
ENSG00000162594	0	0	0	0	0	0
ENSG00000162598	0	0	0	0	0	0
ENSG00000162621	0	0	0	0	0	0
ENSG00000162624	0	0	0	0	0	0
ENSG00000162643	7	1	2	5	0	6
ENSG00000162645	29	1	4	31	9	44
ENSG00000162670	0	0	0	0	0	0
ENSG00000162685	0	0	0	0	0	0
ENSG00000162699	0	0	0	0	0	0
ENSG00000162706	0	0	0	0	0	0
ENSG00000162727	0	0	0	0	0	0
ENSG00000162734	4473	3982	5142	5659	3033	10327
ENSG00000162746	1	3	5	4	0	13
ENSG00000162747	0	0	0	0	0	0
ENSG00000162753	0	0	0	0	0	0
ENSG00000162755	1	2	4	0	0	6
ENSG00000162761	0	0	0	0	0	0
ENSG00000162763	0	0	0	0	0	0
ENSG00000162771	0	0	0	0	0	0
ENSG00000162804	70	41	36	95	63	342
ENSG00000162873	0	0	0	0	0	0
ENSG00000162877	0	0	0	0	0	0
ENSG00000162888	0	2	4	0	1	7
ENSG00000162897	0	0	0	0	0	0
ENSG00000162951	0	0	0	0	0	0
ENSG00000162980	226	237	271	258	132	547
ENSG00000162989	0	0	0	0	0	0
ENSG00000162992	0	0	0	0	0	0
ENSG00000162997	5	12	6	0	5	16
ENSG00000163002	422	471	529	456	262	910
ENSG00000163012	0	0	0	0	0	0
ENSG00000163017	0	0	1	1	10	38
ENSG00000163046	0	0	0	0	0	0
ENSG00000163064	0	0	0	0	0	0
ENSG00000163082	8	19	18	4	14	74
ENSG00000163092	11	9	27	103	160	481
ENSG00000163098	0	0	0	0	0	0
ENSG00000163106	0	0	0	0	0	0
ENSG00000163114	0	0	0	0	0	0
ENSG00000163116	0	0	0	0	0	0
ENSG00000163121	13	9	19	3	1	3
ENSG00000163131	7	4	7	4	1	25
ENSG00000163141	3	1	7	9	2	24
ENSG00000163145	0	0	0	0	0	0
ENSG00000163157	0	0	0	0	0	0
ENSG00000163206	0	0	0	0	0	0
ENSG00000163207	0	0	0	0	0	0
ENSG00000163216	0	0	0	0	0	0
ENSG00000163217	0	0	0	0	0	0
ENSG00000163218	0	0	0	0	0	0
ENSG00000163219	0	0	0	0	0	0
ENSG00000163221	0	0	0	0	0	0
ENSG00000163239	0	0	0	0	0	0
ENSG00000163254	0	0	0	0	0	0
ENSG00000163263	0	0	0	0	0	0
ENSG00000163283	1	0	1	1	7	16
ENSG00000163285	0	0	0	0	0	0
ENSG00000163288	0	0	0	0	0	0
ENSG00000163295	0	0	0	0	0	0
ENSG00000163331	0	0	0	0	0	0
ENSG00000163359	346	106	202	171	25	255
ENSG00000163377	0	0	0	0	0	0
ENSG00000163393	0	0	0	0	0	0
ENSG00000163394	0	0	0	0	0	0
ENSG00000163421	0	0	0	0	0	0
ENSG00000163424	0	0	0	0	0	0
ENSG00000163430	11400	7092	8083	12227	5698	29388
ENSG00000163435	0	1	4	3	6	29
ENSG00000163440	0	0	0	0	0	0
ENSG00000163464	0	0	0	0	0	0
ENSG00000163497	0	0	0	0	0	0
ENSG00000163499	0	0	0	0	0	0
ENSG00000163508	50	31	53	187	151	680
ENSG00000163515	0	0	0	0	0	0
ENSG00000163518	0	0	0	0	0	0
ENSG00000163519	0	0	0	0	0	0
ENSG00000163520	0	2	0	4	1	21
ENSG00000163530	0	0	0	0	0	0
ENSG00000163531	223	151	152	209	125	531
ENSG00000163534	0	0	0	0	0	0
ENSG00000163554	0	0	0	0	0	0
ENSG00000163563	0	0	0	0	0	0
ENSG00000163564	0	0	0	0	0	0
ENSG00000163565	144	4	1	73	1	1
ENSG00000163581	0	0	0	0	0	0
ENSG00000163586	0	0	0	0	0	0
ENSG00000163600	0	0	0	0	0	0
ENSG00000163606	0	1	1	31	26	93
ENSG00000163612	0	0	0	0	0	0
ENSG00000163618	0	0	0	0	0	0
ENSG00000163629	406	262	320	290	103	513
ENSG00000163630	0	0	0	0	0	0
ENSG00000163633	0	0	0	0	0	0
ENSG00000163638	0	0	0	0	0	0
ENSG00000163646	0	0	0	0	0	0
ENSG00000163673	0	0	0	0	0	0
ENSG00000163683	61	26	18	18	5	40
ENSG00000163710	784	583	602	221	82	290
ENSG00000163736	0	0	0	0	0	0
ENSG00000163737	0	0	0	0	0	0
ENSG00000163738	142	186	131	174	102	377
ENSG00000163739	496	562	567	798	483	1475
ENSG00000163746	0	0	0	0	0	0
ENSG00000163793	0	0	0	0	0	0
ENSG00000163806	4	3	2	4	4	29
ENSG00000163814	631	810	821	2423	1701	7421
ENSG00000163823	6	1	8	19	4	19
ENSG00000163833	0	0	0	0	0	0
ENSG00000163864	0	0	0	0	0	0
ENSG00000163873	0	0	0	0	0	0
ENSG00000163900	404	403	443	679	399	1515
ENSG00000163909	0	0	0	0	0	0
ENSG00000163914	0	0	0	0	0	0
ENSG00000163946	1836	1355	1279	1478	643	2804
ENSG00000163959	12	12	24	26	4	51
ENSG00000163982	0	0	0	0	0	0
ENSG00000164035	0	0	0	0	0	0
ENSG00000164047	0	0	0	0	0	0
ENSG00000164076	0	0	0	0	0	0
ENSG00000164089	0	0	0	0	0	0
ENSG00000164093	60	69	77	56	38	82
ENSG00000164112	0	0	0	0	0	0
ENSG00000164113	0	0	0	0	0	0
ENSG00000164114	0	0	0	0	0	0
ENSG00000164116	7	6	18	13	10	36
ENSG00000164122	11	0	7	74	146	414
ENSG00000164129	0	0	0	0	0	0
ENSG00000164161	81	72	113	40	4	35
ENSG00000164171	4	4	8	11	1	22
ENSG00000164176	1969	706	758	2830	939	6427
ENSG00000164185	17	13	5	44	28	157
ENSG00000164197	0	0	0	0	0	0
ENSG00000164199	4	0	0	3	0	5
ENSG00000164220	0	0	0	0	0	0
ENSG00000164251	0	1	0	1	5	7
ENSG00000164256	0	0	0	0	0	0
ENSG00000164265	0	0	0	0	0	0
ENSG00000164270	0	0	0	0	0	0
ENSG00000164283	0	0	0	0	0	0
ENSG00000164294	3208	2226	2431	1786	528	1713
ENSG00000164299	0	0	0	0	0	0
ENSG00000164303	0	0	0	0	0	0
ENSG00000164318	5	0	4	9	1	6
ENSG00000164325	0	0	0	0	0	0
ENSG00000164326	0	0	0	0	0	0
ENSG00000164334	0	0	0	0	0	0
ENSG00000164344	0	0	0	0	0	0
ENSG00000164363	0	0	0	0	0	0
ENSG00000164379	0	0	0	0	0	0
ENSG00000164385	0	0	0	0	0	0
ENSG00000164398	0	0	0	0	0	0
ENSG00000164399	0	0	0	0	0	0
ENSG00000164400	0	2	12	1	0	1
ENSG00000164418	9	0	6	9	2	19
ENSG00000164434	0	0	0	0	0	0
ENSG00000164438	0	0	0	0	0	0
ENSG00000164451	0	0	0	0	0	0
ENSG00000164458	0	0	0	0	0	0
ENSG00000164483	0	0	0	0	0	0
ENSG00000164484	1	3	8	4	0	6
ENSG00000164485	0	0	0	0	0	0
ENSG00000164488	0	0	0	0	0	0
ENSG00000164500	0	0	0	0	0	0
ENSG00000164508	0	0	0	0	0	0
ENSG00000164520	0	0	0	0	0	0
ENSG00000164556	0	0	0	0	0	0
ENSG00000164588	6	4	1	6	0	5
ENSG00000164600	0	0	0	0	0	0
ENSG00000164616	0	0	0	0	0	0
ENSG00000164626	0	0	0	0	0	0
ENSG00000164627	0	0	0	0	0	0
ENSG00000164645	0	0	0	0	0	0
ENSG00000164647	10	1	2	10	0	1
ENSG00000164651	0	0	0	0	0	0
ENSG00000164659	0	0	0	0	0	0
ENSG00000164669	6	2	0	0	0	2
ENSG00000164687	0	0	0	1	1	8
ENSG00000164690	1	3	6	7	5	31
ENSG00000164691	0	0	0	0	0	0
ENSG00000164695	0	0	0	0	0	0
ENSG00000164708	0	0	0	0	0	0
ENSG00000164729	0	0	0	0	0	0
ENSG00000164736	0	0	0	0	0	0
ENSG00000164740	0	0	0	0	0	0
ENSG00000164743	0	0	0	0	0	0
ENSG00000164761	1	0	9	1	4	14
ENSG00000164794	0	0	0	0	0	0
ENSG00000164816	0	0	0	0	0	0
ENSG00000164821	0	0	0	0	0	0
ENSG00000164822	0	0	0	0	0	0
ENSG00000164825	0	0	0	0	0	0
ENSG00000164830	781	609	723	1001	381	1821
ENSG00000164845	6	8	3	4	0	7
ENSG00000164853	0	0	0	0	0	0
ENSG00000164871	0	0	0	0	0	0
ENSG00000164879	5	7	8	6	5	20
ENSG00000164893	0	0	0	0	0	0
ENSG00000164900	0	0	0	0	0	0
ENSG00000164904	2490	1476	1385	863	202	591
ENSG00000164933	1	2	3	8	0	6
ENSG00000164935	0	0	0	0	0	0
ENSG00000164946	0	0	0	0	0	0
ENSG00000164989	86	42	36	14	3	28
ENSG00000165006	1169	1083	1103	1912	1197	4642
ENSG00000165023	0	0	0	0	0	0
ENSG00000165025	0	0	0	0	0	0
ENSG00000165029	15	6	14	54	13	62
ENSG00000165059	0	0	0	0	0	0
ENSG00000165061	0	0	0	0	0	0
ENSG00000165066	0	0	0	0	0	0
ENSG00000165071	0	0	0	0	0	0
ENSG00000165072	0	0	0	0	0	0
ENSG00000165091	0	0	0	0	0	0
ENSG00000165092	0	0	0	0	0	0
ENSG00000165113	23	17	22	8	0	9
ENSG00000165115	24	21	22	11	1	16
ENSG00000165124	12	2	8	14	6	32
ENSG00000165125	0	0	0	0	0	0
ENSG00000165131	0	0	0	0	0	0
ENSG00000165140	0	0	0	0	0	0
ENSG00000165152	0	0	0	0	0	0
ENSG00000165181	5	7	8	51	44	211
ENSG00000165182	0	0	0	4	2	4
ENSG00000165188	0	0	0	0	0	0
ENSG00000165192	0	0	0	0	0	0
ENSG00000165202	0	0	0	0	0	0
ENSG00000165215	0	0	0	0	0	0
ENSG00000165246	0	0	0	0	0	0
ENSG00000165288	507	365	450	564	151	858
ENSG00000165323	0	0	2	1	0	1
ENSG00000165349	0	0	0	0	0	0
ENSG00000165370	0	0	0	0	0	0
ENSG00000165376	4	1	0	0	0	9
ENSG00000165379	36	12	27	60	20	136
ENSG00000165383	0	0	0	0	0	0
ENSG00000165409	0	1	0	0	0	4
ENSG00000165449	65	59	127	267	152	612
ENSG00000165457	0	0	0	0	0	0
ENSG00000165462	0	0	0	0	0	0
ENSG00000165471	0	0	0	0	0	0
ENSG00000165474	3	2	0	3	0	8
ENSG00000165478	0	0	0	0	0	0
ENSG00000165496	0	0	0	0	0	0
ENSG00000165509	0	0	0	0	0	0
ENSG00000165511	0	0	0	0	0	0
ENSG00000165512	0	0	0	0	0	0
ENSG00000165553	0	0	0	0	0	0
ENSG00000165556	0	0	0	0	0	0
ENSG00000165566	0	0	0	0	0	0
ENSG00000165583	0	0	0	0	0	0
ENSG00000165584	0	0	0	0	0	0
ENSG00000165591	1	3	4	4	0	7
ENSG00000165606	0	0	0	0	0	0
ENSG00000165621	0	0	0	0	0	0
ENSG00000165630	110	99	119	120	50	199
ENSG00000165633	0	0	0	0	0	0
ENSG00000165646	10	0	5	7	1	3
ENSG00000165682	0	0	0	0	0	0
ENSG00000165685	0	0	0	0	0	0
ENSG00000165731	5	1	8	0	0	3
ENSG00000165733	2297	2234	2697	1636	971	3103
ENSG00000165762	0	0	0	0	0	0
ENSG00000165805	0	0	0	0	0	0
ENSG00000165807	5	4	3	3	1	2
ENSG00000165816	0	0	0	0	0	0
ENSG00000165821	553	513	486	324	161	445
ENSG00000165837	0	2	0	0	0	6
ENSG00000165841	0	0	0	0	0	0
ENSG00000165899	16	4	15	46	12	120
ENSG00000165929	0	0	0	0	0	0
ENSG00000165935	2	2	3	20	7	12
ENSG00000165949	22	12	36	5	5	39
ENSG00000165953	0	0	0	0	0	0
ENSG00000165966	0	0	0	0	0	0
ENSG00000165970	0	0	0	0	0	0
ENSG00000165972	0	3	0	7	1	2
ENSG00000165973	0	0	0	0	0	0
ENSG00000166006	0	0	0	0	0	0
ENSG00000166007	0	0	0	0	0	0
ENSG00000166013	0	0	0	0	0	0
ENSG00000166033	118	26	27	189	72	331
ENSG00000166035	0	0	0	0	0	0
ENSG00000166049	0	0	0	0	0	0
ENSG00000166069	0	0	0	0	0	0
ENSG00000166090	0	0	0	0	0	0
ENSG00000166091	0	0	0	0	0	0
ENSG00000166105	0	0	0	0	0	0
ENSG00000166111	0	0	0	0	0	0
ENSG00000166126	5	2	0	1	6	7
ENSG00000166143	0	0	0	0	0	0
ENSG00000166147	1391	441	689	3976	1707	10038
ENSG00000166152	0	0	0	0	0	0
ENSG00000166159	0	0	0	5	1	11
ENSG00000166160	0	0	0	0	0	0
ENSG00000166183	0	0	0	0	0	0
ENSG00000166206	0	0	0	0	0	0
ENSG00000166211	0	0	0	0	0	0
ENSG00000166224	1152	981	1036	1451	744	3175
ENSG00000166246	21	6	15	18	8	23
ENSG00000166257	0	0	0	0	0	0
ENSG00000166292	0	0	0	0	0	0
ENSG00000166323	2	4	8	0	0	5
ENSG00000166329	0	0	0	0	0	0
ENSG00000166342	0	0	0	0	0	0
ENSG00000166351	0	0	0	0	0	0
ENSG00000166359	19	18	12	3	2	10
ENSG00000166363	0	0	0	0	0	0
ENSG00000166368	0	0	0	0	0	0
ENSG00000166391	0	0	0	0	0	0
ENSG00000166401	143	118	135	56	33	88
ENSG00000166408	0	0	0	0	0	0
ENSG00000166426	0	0	0	0	0	0
ENSG00000166428	6	3	0	4	1	0
ENSG00000166446	4	0	0	1	0	10
ENSG00000166448	0	0	0	0	0	0
ENSG00000166482	10	6	2	6	0	0
ENSG00000166501	0	0	0	0	0	0
ENSG00000166509	0	0	0	0	0	0
ENSG00000166510	0	0	0	0	0	0
ENSG00000166523	0	0	0	0	0	0
ENSG00000166527	0	0	0	0	0	0
ENSG00000166530	0	0	0	0	0	0
ENSG00000166535	0	0	0	0	0	0
ENSG00000166546	0	0	0	0	0	0
ENSG00000166573	0	0	0	0	0	0
ENSG00000166592	1	1	0	0	1	8
ENSG00000166634	0	0	0	0	0	0
ENSG00000166664	0	0	0	0	0	0
ENSG00000166669	0	0	0	0	0	0
ENSG00000166670	19	15	25	115	74	320
ENSG00000166676	1	7	1	4	4	23
ENSG00000166681	0	0	0	0	0	0
ENSG00000166682	11	20	15	6	7	29
ENSG00000166693	0	0	0	0	0	0
ENSG00000166736	0	0	0	0	0	0
ENSG00000166743	0	0	0	0	0	0
ENSG00000166750	82	25	52	29	10	58
ENSG00000166787	0	0	0	0	0	0
ENSG00000166862	0	0	0	0	0	0
ENSG00000166866	0	0	0	0	0	0
ENSG00000166869	0	0	0	0	0	0
ENSG00000166884	0	0	0	0	0	0
ENSG00000166917	0	0	0	0	0	0
ENSG00000166920	48	15	5	20	5	23
ENSG00000166922	6	16	24	18	10	61
ENSG00000166923	0	0	0	0	0	0
ENSG00000166924	20	6	3	8	1	9
ENSG00000166926	0	0	0	0	0	0
ENSG00000166927	0	0	0	0	0	0
ENSG00000166928	0	0	0	0	0	0
ENSG00000166930	0	0	0	0	0	0
ENSG00000166947	0	0	0	0	0	0
ENSG00000166948	0	0	0	0	0	0
ENSG00000166959	0	0	0	0	0	0
ENSG00000166960	0	0	0	0	0	0
ENSG00000166961	0	0	0	0	0	0
ENSG00000167014	0	0	0	0	0	0
ENSG00000167037	0	0	0	0	0	2
ENSG00000167077	3	0	0	0	0	0
ENSG00000167080	0	0	0	0	0	0
ENSG00000167098	0	0	0	0	0	0
ENSG00000167104	0	0	0	0	0	0
ENSG00000167112	1210	1185	1308	1722	1128	3687
ENSG00000167117	0	0	0	0	0	0
ENSG00000167131	0	0	0	0	0	0
ENSG00000167139	0	0	0	0	0	0
ENSG00000167165	0	0	0	0	0	0
ENSG00000167195	0	0	0	0	0	0
ENSG00000167208	0	0	0	0	0	0
ENSG00000167210	0	0	0	0	0	0
ENSG00000167244	0	0	0	0	0	0
ENSG00000167286	0	0	0	0	0	0
ENSG00000167332	0	0	0	0	0	0
ENSG00000167333	0	0	0	0	0	0
ENSG00000167346	0	0	0	0	0	0
ENSG00000167359	0	0	0	0	0	0
ENSG00000167360	0	0	0	0	0	0
ENSG00000167390	0	0	0	0	0	0
ENSG00000167414	0	0	0	0	0	0
ENSG00000167419	0	0	0	0	0	0
ENSG00000167459	0	0	0	0	0	0
ENSG00000167470	309	183	202	575	561	2157
ENSG00000167483	1	4	0	0	0	7
ENSG00000167531	0	0	0	0	0	0
ENSG00000167578	6	3	11	0	1	10
ENSG00000167580	0	0	0	0	0	0
ENSG00000167600	0	0	0	0	0	0
ENSG00000167612	0	0	0	0	0	0
ENSG00000167613	0	0	0	0	0	0
ENSG00000167618	0	0	0	0	0	0
ENSG00000167633	0	0	0	0	0	0
ENSG00000167653	2	3	0	12	6	23
ENSG00000167680	1	0	3	1	3	23
ENSG00000167699	2419	1838	1898	1781	741	2963
ENSG00000167703	286	329	468	893	757	2658
ENSG00000167723	0	0	0	0	0	7
ENSG00000167740	258	150	149	120	54	223
ENSG00000167741	0	0	0	0	0	0
ENSG00000167748	0	0	0	0	0	0
ENSG00000167749	0	0	0	0	0	0
ENSG00000167751	0	0	0	0	0	0
ENSG00000167754	0	0	0	0	0	0
ENSG00000167757	0	0	0	0	0	0
ENSG00000167769	0	0	0	0	0	0
ENSG00000167774	0	0	0	0	0	0
ENSG00000167779	40	23	46	48	49	258
ENSG00000167780	0	0	0	0	0	0
ENSG00000167791	0	0	0	0	0	0
ENSG00000167798	0	0	0	0	0	0
ENSG00000167822	0	0	0	0	0	0
ENSG00000167825	0	0	0	0	0	0
ENSG00000167840	466	380	381	414	237	767
ENSG00000167851	2	0	0	1	0	0
ENSG00000167889	118	58	63	83	40	182
ENSG00000167910	0	0	0	0	0	0
ENSG00000167912	0	0	0	0	0	0
ENSG00000167916	0	0	0	0	0	0
ENSG00000167967	255	251	257	217	186	743
ENSG00000167971	9	13	2	6	7	38
ENSG00000167995	22	12	27	10	1	24
ENSG00000168004	0	0	0	0	0	0
ENSG00000168032	0	0	0	0	0	0
ENSG00000168060	3	0	0	0	0	17
ENSG00000168062	10	4	7	0	0	4
ENSG00000168081	0	0	0	0	0	0
ENSG00000168118	232	163	215	201	74	289
ENSG00000168122	0	0	0	0	0	0
ENSG00000168129	0	0	0	0	0	0
ENSG00000168131	0	0	0	0	0	0
ENSG00000168135	9	9	5	6	3	16
ENSG00000168229	0	0	0	0	0	0
ENSG00000168255	12	4	1	9	1	8
ENSG00000168267	0	0	0	0	0	0
ENSG00000168298	4	7	3	5	5	41
ENSG00000168329	0	0	0	0	0	0
ENSG00000168334	0	0	0	0	0	0
ENSG00000168386	0	0	0	0	1	7
ENSG00000168398	9	6	1	14	3	16
ENSG00000168404	20	53	71	11	8	20
ENSG00000168418	0	0	0	0	0	0
ENSG00000168447	0	0	0	0	0	0
ENSG00000168453	2	4	3	1	5	24
ENSG00000168477	3	0	0	2	1	36
ENSG00000168481	11	1	0	1	0	6
ENSG00000168484	0	0	0	0	0	0
ENSG00000168490	0	0	0	0	0	0
ENSG00000168515	0	0	0	0	0	0
ENSG00000168539	0	0	0	0	0	0
ENSG00000168542	20990	7668	7985	33859	16868	83285
ENSG00000168582	0	0	0	0	0	0
ENSG00000168589	0	0	0	0	0	0
ENSG00000168591	771	567	472	777	370	1487
ENSG00000168594	0	0	0	0	0	0
ENSG00000168619	0	0	0	0	0	0
ENSG00000168630	0	0	0	0	0	0
ENSG00000168631	0	0	0	0	0	0
ENSG00000168671	0	0	0	0	0	0
ENSG00000168676	4	2	1	1	0	9
ENSG00000168743	0	0	2	7	0	14
ENSG00000168757	0	0	0	0	0	0
ENSG00000168828	0	0	0	0	0	0
ENSG00000168830	0	0	0	0	0	0
ENSG00000168843	69	30	32	113	59	285
ENSG00000168874	37	16	14	76	48	235
ENSG00000168875	0	0	0	0	0	0
ENSG00000168876	212	200	211	194	113	400
ENSG00000168899	0	0	0	0	0	0
ENSG00000168903	0	0	0	0	0	0
ENSG00000168907	0	0	0	0	0	0
ENSG00000168916	20	38	36	9	7	69
ENSG00000168925	0	1	0	2	3	49
ENSG00000168928	1	1	2	3	5	38
ENSG00000168930	0	0	0	0	0	0
ENSG00000168959	0	0	0	0	0	0
ENSG00000168967	0	0	0	0	0	0
ENSG00000168995	0	0	0	0	0	0
ENSG00000169006	0	0	0	0	0	0
ENSG00000169021	2134	1848	2089	2354	1116	4082
ENSG00000169035	0	0	0	0	0	0
ENSG00000169040	0	0	0	0	0	0
ENSG00000169059	0	0	0	0	0	0
ENSG00000169071	1	1	2	1	0	25
ENSG00000169075	0	0	0	0	0	0
ENSG00000169122	0	0	0	0	0	0
ENSG00000169126	0	0	0	0	0	0
ENSG00000169154	0	0	0	0	0	0
ENSG00000169164	0	0	0	0	0	0
ENSG00000169174	0	0	0	0	0	0
ENSG00000169208	0	0	0	0	0	0
ENSG00000169218	0	0	0	0	0	0
ENSG00000169220	54	40	32	47	35	96
ENSG00000169224	0	0	0	0	0	0
ENSG00000169248	0	0	0	0	0	0
ENSG00000169271	0	0	0	0	0	0
ENSG00000169291	0	0	0	0	0	0
ENSG00000169297	2	2	0	0	2	12
ENSG00000169302	0	0	0	0	0	0
ENSG00000169313	0	0	0	0	0	0
ENSG00000169314	5	0	0	0	0	3
ENSG00000169325	0	0	0	0	0	0
ENSG00000169327	0	0	0	0	0	0
ENSG00000169340	0	0	0	0	0	0
ENSG00000169344	0	0	0	0	0	0
ENSG00000169347	0	0	0	0	0	0
ENSG00000169385	0	0	0	0	0	0
ENSG00000169397	0	0	0	0	0	0
ENSG00000169413	0	0	0	0	0	0
ENSG00000169418	2	6	4	0	4	13
ENSG00000169429	200	279	353	706	526	2762
ENSG00000169469	0	0	0	0	0	0
ENSG00000169474	0	0	0	0	0	0
ENSG00000169484	0	0	0	0	0	0
ENSG00000169488	0	0	0	0	0	0
ENSG00000169495	0	0	0	0	0	0
ENSG00000169508	0	0	0	0	0	0
ENSG00000169515	0	0	0	0	0	0
ENSG00000169550	0	0	0	0	0	0
ENSG00000169562	0	0	0	0	0	0
ENSG00000169575	0	0	0	0	0	0
ENSG00000169594	0	0	0	0	0	0
ENSG00000169668	0	0	0	0	0	0
ENSG00000169676	0	0	0	0	0	0
ENSG00000169688	0	0	0	0	0	0
ENSG00000169704	0	0	0	0	0	0
ENSG00000169717	0	0	0	0	0	0
ENSG00000169740	315	233	260	208	101	301
ENSG00000169744	1	0	2	9	1	10
ENSG00000169752	3	0	3	0	2	9
ENSG00000169758	0	8	5	6	2	9
ENSG00000169760	5	5	5	1	0	0
ENSG00000169763	0	0	0	0	0	0
ENSG00000169789	0	0	0	0	0	0
ENSG00000169800	0	0	0	0	0	0
ENSG00000169807	0	0	0	0	0	0
ENSG00000169811	0	0	0	0	0	0
ENSG00000169836	0	0	0	0	0	0
ENSG00000169840	0	0	0	0	0	0
ENSG00000169849	0	0	0	0	0	0
ENSG00000169862	0	0	0	0	0	0
ENSG00000169876	0	0	0	0	0	0
ENSG00000169877	0	0	0	0	0	0
ENSG00000169885	13	1	5	0	3	8
ENSG00000169896	4	8	13	4	0	0
ENSG00000169900	0	0	0	0	0	0
ENSG00000169953	0	0	0	0	0	0
ENSG00000170006	0	0	0	0	0	0
ENSG00000170027	6000	4328	4044	8110	3792	15190
ENSG00000170054	0	0	0	0	0	0
ENSG00000170099	0	0	0	0	0	0
ENSG00000170128	0	0	0	0	0	0
ENSG00000170152	0	0	0	0	0	0
ENSG00000170160	21	33	41	30	3	41
ENSG00000170161	16	13	8	0	3	7
ENSG00000170165	1	0	1	0	0	0
ENSG00000170166	0	0	0	0	0	0
ENSG00000170178	0	0	0	0	0	0
ENSG00000170180	0	0	0	0	0	0
ENSG00000170214	0	0	0	0	0	0
ENSG00000170255	0	0	0	0	0	0
ENSG00000170262	0	0	0	0	0	0
ENSG00000170276	0	0	0	0	0	0
ENSG00000170279	0	0	0	0	0	0
ENSG00000170290	0	2	1	4	4	8
ENSG00000170293	68	87	79	80	46	156
ENSG00000170298	0	0	0	0	0	0
ENSG00000170323	4	2	7	5	1	22
ENSG00000170324	0	0	0	0	0	0
ENSG00000170356	0	0	0	0	0	0
ENSG00000170367	0	0	0	0	0	0
ENSG00000170370	0	0	0	0	0	0
ENSG00000170373	0	1	0	0	0	0
ENSG00000170374	0	0	0	0	0	0
ENSG00000170381	11	78	59	4	5	17
ENSG00000170409	1	0	0	0	0	0
ENSG00000170419	0	0	0	0	0	0
ENSG00000170423	0	0	0	0	0	0
ENSG00000170426	0	0	0	0	0	0
ENSG00000170439	0	0	0	3	3	4
ENSG00000170454	1	1	1	5	3	21
ENSG00000170458	1	0	4	7	6	26
ENSG00000170477	0	0	0	0	0	0
ENSG00000170484	0	0	0	0	0	0
ENSG00000170509	0	0	0	0	0	0
ENSG00000170516	0	0	0	0	0	0
ENSG00000170549	0	0	0	0	0	0
ENSG00000170561	0	0	0	0	0	0
ENSG00000170577	185	194	218	319	133	655
ENSG00000170605	0	0	0	0	0	0
ENSG00000170613	0	0	0	0	0	0
ENSG00000170624	0	0	0	0	0	0
ENSG00000170667	0	0	0	0	0	0
ENSG00000170689	7	5	9	8	0	5
ENSG00000170703	0	0	0	2	0	7
ENSG00000170743	0	0	0	0	0	0
ENSG00000170745	2	0	4	0	0	0
ENSG00000170748	0	0	0	0	0	0
ENSG00000170775	0	0	0	0	0	0
ENSG00000170777	0	0	0	0	0	0
ENSG00000170782	0	0	0	0	0	0
ENSG00000170786	0	0	0	0	0	0
ENSG00000170788	0	0	0	0	0	0
ENSG00000170790	0	0	0	0	0	0
ENSG00000170807	0	0	0	0	0	0
ENSG00000170820	0	0	0	0	0	0
ENSG00000170858	0	0	0	0	0	0
ENSG00000170890	0	0	0	0	0	0
ENSG00000170893	0	0	0	0	0	0
ENSG00000170903	193	179	220	74	24	131
ENSG00000170920	0	0	0	0	0	0
ENSG00000170923	0	0	0	0	0	0
ENSG00000170925	0	0	0	0	0	0
ENSG00000170927	0	0	0	0	0	0
ENSG00000170929	0	0	0	0	0	0
ENSG00000170935	0	0	0	0	0	0
ENSG00000170950	0	0	0	0	0	0
ENSG00000170953	0	0	0	0	0	0
ENSG00000170956	0	0	0	0	0	0
ENSG00000170962	0	0	3	6	4	12
ENSG00000170965	4	4	7	2	0	0
ENSG00000170967	0	0	0	0	0	0
ENSG00000170983	0	0	0	0	0	0
ENSG00000171004	0	0	0	0	0	0
ENSG00000171014	0	0	0	0	0	0
ENSG00000171049	0	0	0	0	0	0
ENSG00000171051	0	0	0	0	0	0
ENSG00000171054	0	0	0	0	0	0
ENSG00000171060	0	0	0	0	0	0
ENSG00000171102	0	0	0	0	0	0
ENSG00000171115	0	0	0	0	0	0
ENSG00000171136	0	0	0	0	0	0
ENSG00000171180	0	0	0	0	0	0
ENSG00000171189	14	3	6	23	4	34
ENSG00000171195	0	0	0	0	0	0
ENSG00000171199	0	0	0	0	0	0
ENSG00000171201	0	0	0	0	0	0
ENSG00000171209	0	0	0	0	0	0
ENSG00000171223	333	194	226	457	469	2628
ENSG00000171236	0	0	0	0	0	0
ENSG00000171303	1218	575	706	2909	1162	6867
ENSG00000171345	0	0	0	0	0	0
ENSG00000171388	1195	686	492	417	67	250
ENSG00000171396	0	0	0	0	0	0
ENSG00000171401	0	0	0	0	0	0
ENSG00000171405	0	0	0	0	0	0
ENSG00000171421	658	616	644	1029	657	2378
ENSG00000171431	0	0	0	0	0	0
ENSG00000171433	0	0	0	0	0	0
ENSG00000171444	24	29	13	63	38	160
ENSG00000171446	0	0	0	0	0	0
ENSG00000171448	199	227	186	124	23	102
ENSG00000171459	0	0	0	0	0	0
ENSG00000171478	0	0	0	0	0	0
ENSG00000171481	0	0	0	0	0	0
ENSG00000171487	0	0	0	0	0	0
ENSG00000171489	0	0	0	0	0	0
ENSG00000171495	0	0	0	0	0	0
ENSG00000171496	0	0	0	0	0	0
ENSG00000171501	0	0	0	0	0	0
ENSG00000171505	0	0	0	0	0	0
ENSG00000171509	4	0	3	19	5	20
ENSG00000171517	34	38	27	8	2	5
ENSG00000171557	0	0	0	0	0	0
ENSG00000171560	0	0	0	0	0	0
ENSG00000171564	0	0	0	0	0	0
ENSG00000171570	0	0	0	0	0	0
ENSG00000171587	0	0	0	0	0	0
ENSG00000171595	0	0	0	0	0	0
ENSG00000171596	0	0	0	0	0	0
ENSG00000171604	21	24	8	27	19	151
ENSG00000171611	0	0	0	0	0	0
ENSG00000171621	85	58	92	261	252	930
ENSG00000171643	0	0	0	0	0	0
ENSG00000171657	0	0	0	0	0	0
ENSG00000171671	0	0	0	0	0	0
ENSG00000171711	0	0	0	0	0	0
ENSG00000171714	0	0	0	0	0	0
ENSG00000171757	1	0	4	3	8	19
ENSG00000171759	0	0	0	0	0	0
ENSG00000171766	3	0	6	0	1	3
ENSG00000171772	0	0	0	0	0	0
ENSG00000171773	0	0	0	0	0	0
ENSG00000171794	0	0	0	0	0	0
ENSG00000171864	0	0	0	0	0	0
ENSG00000171873	15	11	18	55	22	216
ENSG00000171885	0	0	0	0	0	0
ENSG00000171916	0	0	0	0	0	0
ENSG00000171931	1	1	3	6	0	10
ENSG00000171936	0	0	0	0	0	0
ENSG00000171942	0	0	0	0	0	0
ENSG00000171944	0	0	0	0	0	0
ENSG00000171987	0	0	0	0	0	0
ENSG00000171989	6	3	3	0	0	11
ENSG00000171999	0	0	0	0	0	0
ENSG00000172005	0	0	0	0	0	0
ENSG00000172014	0	0	0	0	0	0
ENSG00000172016	0	0	0	0	0	0
ENSG00000172023	0	0	0	0	0	0
ENSG00000172031	14	23	19	1	6	12
ENSG00000172073	0	0	0	0	0	0
ENSG00000172116	0	0	0	0	0	0
ENSG00000172139	0	0	0	0	0	0
ENSG00000172146	0	0	0	0	0	0
ENSG00000172148	0	0	0	0	0	0
ENSG00000172150	0	0	0	0	0	0
ENSG00000172154	0	0	0	0	0	0
ENSG00000172155	0	0	0	0	0	0
ENSG00000172156	0	0	0	0	0	0
ENSG00000172159	8	0	7	1	1	0
ENSG00000172188	0	0	0	0	0	0
ENSG00000172199	0	0	0	0	0	0
ENSG00000172201	56	10	22	166	103	394
ENSG00000172208	0	0	0	0	0	0
ENSG00000172215	1	3	9	0	0	1
ENSG00000172236	0	0	0	0	0	0
ENSG00000172243	0	0	0	0	0	0
ENSG00000172283	0	0	0	0	0	0
ENSG00000172288	0	0	0	0	0	0
ENSG00000172289	0	0	0	0	0	0
ENSG00000172294	0	0	0	0	0	0
ENSG00000172297	0	0	0	0	0	0
ENSG00000172320	0	0	0	0	0	0
ENSG00000172322	0	0	0	0	0	0
ENSG00000172324	0	0	0	0	0	0
ENSG00000172342	0	0	0	0	0	0
ENSG00000172345	32	8	11	5	2	12
ENSG00000172349	9	7	1	121	84	432
ENSG00000172352	0	0	0	0	0	0
ENSG00000172362	0	0	0	0	0	0
ENSG00000172365	0	0	0	0	0	0
ENSG00000172377	0	0	0	0	0	0
ENSG00000172379	223	325	444	176	158	585
ENSG00000172403	14	2	3	9	0	10
ENSG00000172421	0	0	0	0	0	0
ENSG00000172457	0	0	0	0	0	0
ENSG00000172459	0	0	0	0	0	0
ENSG00000172460	0	0	0	0	0	0
ENSG00000172461	0	0	0	0	0	0
ENSG00000172464	0	0	0	0	0	0
ENSG00000172468	0	0	0	0	0	0
ENSG00000172476	0	0	0	0	0	0
ENSG00000172478	0	0	0	0	0	0
ENSG00000172482	0	0	0	0	0	0
ENSG00000172487	0	0	0	0	0	0
ENSG00000172489	0	0	0	0	0	0
ENSG00000172500	880	760	729	551	325	1157
ENSG00000172519	0	0	0	0	0	0
ENSG00000172538	0	0	0	0	0	0
ENSG00000172551	0	0	0	0	0	0
ENSG00000172554	0	0	0	0	0	0
ENSG00000172568	0	0	0	0	0	0
ENSG00000172572	0	0	0	0	0	0
ENSG00000172578	0	0	0	0	0	0
ENSG00000172613	269	276	327	283	237	759
ENSG00000172640	0	0	0	0	0	0
ENSG00000172673	0	0	0	0	0	0
ENSG00000172680	0	0	0	0	0	0
ENSG00000172689	0	0	0	0	0	0
ENSG00000172717	1	5	8	1	0	9
ENSG00000172724	0	0	0	0	0	0
ENSG00000172742	0	0	0	0	0	0
ENSG00000172769	0	0	0	0	0	0
ENSG00000172772	0	0	0	0	0	0
ENSG00000172782	0	0	0	0	0	0
ENSG00000172785	185	116	127	183	106	390
ENSG00000172794	0	0	0	0	0	0
ENSG00000172795	681	647	775	655	331	1613
ENSG00000172817	7	7	9	4	5	8
ENSG00000172818	0	0	0	0	0	0
ENSG00000172867	0	0	0	0	0	0
ENSG00000172900	0	0	0	0	0	0
ENSG00000172901	4	0	1	16	3	37
ENSG00000172912	0	0	0	0	0	0
ENSG00000172938	0	0	0	0	0	0
ENSG00000172940	2	2	3	0	4	14
ENSG00000172967	0	0	0	0	0	0
ENSG00000172969	0	0	0	0	0	0
ENSG00000172971	0	0	0	0	0	0
ENSG00000172987	0	0	0	0	0	0
ENSG00000172995	0	0	0	0	0	0
ENSG00000173011	292	277	331	271	170	529
ENSG00000173040	0	0	0	0	0	0
ENSG00000173077	0	0	2	6	2	25
ENSG00000173080	0	0	0	0	0	0
ENSG00000173093	0	0	0	0	0	0
ENSG00000173124	4	3	3	5	4	35
ENSG00000173156	0	0	0	0	0	0
ENSG00000173157	0	0	0	0	0	0
ENSG00000173193	362	206	314	200	108	408
ENSG00000173198	0	0	0	0	0	0
ENSG00000173208	0	0	0	0	0	0
ENSG00000173212	0	0	0	0	0	0
ENSG00000173213	0	0	0	0	0	0
ENSG00000173227	9	16	9	16	10	80
ENSG00000173231	0	0	0	0	0	0
ENSG00000173237	0	2	0	8	14	75
ENSG00000173239	0	0	0	0	0	0
ENSG00000173253	0	0	0	0	0	0
ENSG00000173276	984	623	700	966	388	1608
ENSG00000173285	0	0	0	0	0	0
ENSG00000173302	0	0	0	0	0	0
ENSG00000173320	0	0	0	0	0	0
ENSG00000173335	0	0	0	0	0	0
ENSG00000173349	0	0	0	0	0	0
ENSG00000173357	0	0	0	0	0	0
ENSG00000173366	0	0	0	0	0	0
ENSG00000173369	0	0	0	0	0	0
ENSG00000173372	0	0	0	0	0	0
ENSG00000173376	64	25	31	86	14	131
ENSG00000173404	0	0	0	0	0	0
ENSG00000173431	0	0	0	0	0	0
ENSG00000173432	0	0	0	0	0	0
ENSG00000173452	0	0	0	0	0	0
ENSG00000173464	0	0	0	0	0	0
ENSG00000173467	0	0	0	0	0	0
ENSG00000173517	1281	735	840	886	251	1222
ENSG00000173535	18	5	7	16	3	41
ENSG00000173557	0	0	0	0	0	0
ENSG00000173572	0	0	0	0	0	0
ENSG00000173578	0	0	0	0	0	0
ENSG00000173585	0	0	0	0	0	0
ENSG00000173597	0	0	0	0	0	0
ENSG00000173610	0	0	0	0	0	0
ENSG00000173612	0	0	0	0	0	0
ENSG00000173626	0	0	0	0	0	0
ENSG00000173627	0	0	0	0	0	0
ENSG00000173673	0	0	0	0	0	0
ENSG00000173679	0	0	0	0	0	0
ENSG00000173699	0	0	0	0	0	0
ENSG00000173702	0	0	0	0	0	0
ENSG00000173809	6	2	3	8	0	9
ENSG00000173838	1	1	0	1	1	1
ENSG00000173908	0	0	0	0	0	0
ENSG00000173918	6	1	2	0	3	21
ENSG00000173930	0	0	0	0	0	0
ENSG00000173954	0	0	0	0	0	0
ENSG00000174015	1	0	0	0	0	7
ENSG00000174038	0	0	4	0	0	4
ENSG00000174059	0	0	0	0	0	0
ENSG00000174123	0	0	0	0	0	0
ENSG00000174125	5	3	5	1	0	10
ENSG00000174145	0	0	0	0	0	0
ENSG00000174156	0	0	0	0	0	0
ENSG00000174175	0	0	0	0	0	0
ENSG00000174226	0	0	0	0	0	0
ENSG00000174227	795	594	652	781	405	1788
ENSG00000174255	0	0	0	0	0	0
ENSG00000174279	0	0	0	0	0	0
ENSG00000174307	1792	905	625	1823	1300	4988
ENSG00000174325	0	0	0	0	0	0
ENSG00000174339	0	0	0	0	0	0
ENSG00000174358	0	0	0	0	0	0
ENSG00000174365	212	205	191	275	150	525
ENSG00000174370	22	10	7	4	0	8
ENSG00000174403	0	0	0	0	0	0
ENSG00000174407	0	0	0	0	0	0
ENSG00000174408	0	0	0	0	0	0
ENSG00000174417	0	0	0	0	0	0
ENSG00000174418	0	0	0	0	0	0
ENSG00000174429	0	0	0	0	0	0
ENSG00000174442	799	777	943	1205	570	2423
ENSG00000174444	20418	20471	21605	23558	13182	44206
ENSG00000174448	0	1	4	1	0	8
ENSG00000174450	0	0	0	0	0	0
ENSG00000174495	0	0	0	0	0	0
ENSG00000174502	0	0	0	0	0	0
ENSG00000174562	0	0	0	0	0	0
ENSG00000174572	0	0	0	0	0	0
ENSG00000174599	53	38	39	21	4	34
ENSG00000174606	463	433	524	356	168	717
ENSG00000174677	0	0	0	0	0	0
ENSG00000174740	0	0	0	0	0	0
ENSG00000174792	0	3	6	0	0	0
ENSG00000174807	0	0	0	0	0	0
ENSG00000174808	0	0	0	0	0	0
ENSG00000174876	0	0	0	0	0	0
ENSG00000174899	0	0	0	0	0	0
ENSG00000174914	0	0	0	0	0	0
ENSG00000174928	17	10	10	3	1	19
ENSG00000174930	0	0	0	0	0	0
ENSG00000174937	0	0	0	0	0	0
ENSG00000174944	0	0	0	0	0	0
ENSG00000174946	0	0	0	0	0	0
ENSG00000174948	0	0	0	0	0	0
ENSG00000174957	0	0	0	0	0	0
ENSG00000174970	0	0	0	0	0	0
ENSG00000174982	0	0	0	0	0	0
ENSG00000174990	0	0	0	0	0	0
ENSG00000174992	0	0	0	0	0	0
ENSG00000175018	6	0	1	4	1	12
ENSG00000175048	102	80	105	114	87	265
ENSG00000175065	0	0	0	0	0	0
ENSG00000175077	0	0	0	0	0	0
ENSG00000175084	0	3	1	0	1	7
ENSG00000175143	0	0	0	0	0	0
ENSG00000175164	0	0	0	0	0	0
ENSG00000175202	0	0	0	0	0	0
ENSG00000175264	0	0	0	0	0	0
ENSG00000175315	0	0	0	0	0	0
ENSG00000175318	0	0	0	0	0	0
ENSG00000175319	0	0	0	0	0	0
ENSG00000175325	0	0	0	0	0	0
ENSG00000175344	0	0	0	0	0	0
ENSG00000175398	0	0	0	0	0	0
ENSG00000175445	0	0	0	0	0	0
ENSG00000175463	0	2	0	2	6	4
ENSG00000175485	0	0	0	0	0	0
ENSG00000175497	0	0	0	0	0	0
ENSG00000175509	0	0	0	0	0	0
ENSG00000175513	0	0	0	0	0	0
ENSG00000175514	0	0	0	0	0	0
ENSG00000175518	0	0	0	0	0	0
ENSG00000175520	0	0	0	0	0	0
ENSG00000175538	0	0	0	0	0	0
ENSG00000175544	0	0	0	0	0	0
ENSG00000175548	208	127	160	46	16	84
ENSG00000175591	0	0	0	0	0	0
ENSG00000175604	0	0	0	0	0	0
ENSG00000175619	0	0	0	0	0	0
ENSG00000175643	205	181	175	178	73	206
ENSG00000175646	0	0	0	0	0	0
ENSG00000175658	0	0	0	0	0	0
ENSG00000175664	0	0	0	0	0	0
ENSG00000175676	0	0	0	0	0	0
ENSG00000175699	0	0	0	0	0	0
ENSG00000175707	0	0	0	0	0	0
ENSG00000175718	0	0	0	0	0	0
ENSG00000175749	4	0	0	0	0	4
ENSG00000175773	0	0	0	0	0	0
ENSG00000175779	0	0	0	0	0	0
ENSG00000175785	0	0	0	0	0	0
ENSG00000175793	2	0	4	5	4	42
ENSG00000175800	0	0	0	0	0	0
ENSG00000175809	0	0	0	0	0	0
ENSG00000175857	0	0	0	0	0	0
ENSG00000175874	58	28	8	64	18	66
ENSG00000175879	0	0	0	0	0	0
ENSG00000175886	4	0	1	2	0	7
ENSG00000175899	0	0	0	0	0	0
ENSG00000175946	7	2	3	27	47	70
ENSG00000176007	0	0	0	0	0	0
ENSG00000176020	0	0	0	0	0	0
ENSG00000176040	0	0	0	0	0	0
ENSG00000176049	0	0	0	0	0	0
ENSG00000176054	8	7	4	0	0	3
ENSG00000176055	293	286	292	121	32	147
ENSG00000176083	0	0	0	0	0	0
ENSG00000176102	474	479	583	474	309	1272
ENSG00000176115	0	0	0	0	0	0
ENSG00000176134	0	0	0	0	0	0
ENSG00000176136	7	5	0	5	0	4
ENSG00000176160	0	0	0	0	0	0
ENSG00000176177	0	0	0	0	0	0
ENSG00000176183	0	0	0	0	0	0
ENSG00000176194	0	0	0	0	0	0
ENSG00000176200	0	0	0	0	0	0
ENSG00000176204	0	0	0	0	0	0
ENSG00000176219	0	0	0	0	0	0
ENSG00000176230	0	0	0	0	0	0
ENSG00000176231	0	0	0	0	0	0
ENSG00000176232	0	0	0	0	0	0
ENSG00000176236	4	2	5	0	0	4
ENSG00000176239	0	0	0	0	0	0
ENSG00000176246	0	0	0	0	0	0
ENSG00000176253	0	0	0	0	0	0
ENSG00000176256	0	0	0	0	0	0
ENSG00000176281	0	0	0	0	0	0
ENSG00000176289	0	0	0	0	0	0
ENSG00000176290	0	0	0	0	0	0
ENSG00000176299	0	0	0	0	0	0
ENSG00000176312	0	0	0	0	0	0
ENSG00000176318	0	1	0	0	1	0
ENSG00000176320	0	0	0	0	0	0
ENSG00000176343	6	3	12	0	2	2
ENSG00000176358	0	0	0	0	0	0
ENSG00000176378	0	0	0	0	0	0
ENSG00000176435	0	0	0	0	0	0
ENSG00000176490	217	191	136	106	68	254
ENSG00000176495	0	0	0	0	0	0
ENSG00000176510	0	0	0	0	0	0
ENSG00000176515	0	0	0	0	0	0
ENSG00000176531	53	47	85	49	40	171
ENSG00000176532	0	0	0	0	0	0
ENSG00000176533	31	25	19	25	3	52
ENSG00000176540	0	0	0	0	0	0
ENSG00000176547	0	0	0	0	0	0
ENSG00000176555	0	0	0	0	0	0
ENSG00000176563	1	8	18	9	11	26
ENSG00000176566	0	0	0	0	0	0
ENSG00000176567	0	0	0	0	0	0
ENSG00000176571	0	0	0	0	0	0
ENSG00000176584	0	0	0	0	0	0
ENSG00000176605	0	0	0	0	0	0
ENSG00000176635	0	0	0	0	0	0
ENSG00000176654	0	0	0	0	0	0
ENSG00000176658	0	0	0	0	0	0
ENSG00000176659	0	0	0	0	0	0
ENSG00000176678	0	0	0	0	0	0
ENSG00000176679	0	0	0	0	0	0
ENSG00000176692	0	0	0	0	0	0
ENSG00000176695	0	0	0	0	0	0
ENSG00000176716	0	0	0	0	0	0
ENSG00000176728	0	0	0	0	0	0
ENSG00000176732	4	5	0	1	1	7
ENSG00000176742	0	0	0	0	0	0
ENSG00000176748	0	0	0	0	0	0
ENSG00000176752	0	0	0	0	0	0
ENSG00000176771	0	0	0	0	0	0
ENSG00000176774	0	0	0	0	0	0
ENSG00000176782	0	0	0	0	0	0
ENSG00000176787	0	0	0	0	0	0
ENSG00000176797	0	0	0	0	0	0
ENSG00000176798	0	0	0	0	0	0
ENSG00000176812	0	0	0	0	0	0
ENSG00000176845	46	38	33	29	24	91
ENSG00000176855	0	0	0	0	0	0
ENSG00000176857	8	1	4	0	0	3
ENSG00000176868	0	0	0	0	0	0
ENSG00000176871	1611	1191	1312	1442	619	2169
ENSG00000176884	1	4	0	0	0	6
ENSG00000176887	0	0	0	0	0	0
ENSG00000176890	1182	967	1081	743	367	1174
ENSG00000176893	0	0	0	0	0	0
ENSG00000176895	0	0	0	0	0	0
ENSG00000176900	0	0	0	0	0	0
ENSG00000176904	0	0	0	0	0	0
ENSG00000176907	0	0	0	0	0	0
ENSG00000176920	10	7	5	0	4	14
ENSG00000176922	0	0	0	0	0	0
ENSG00000176923	0	0	0	0	0	0
ENSG00000176925	0	0	0	0	0	0
ENSG00000176951	0	0	0	0	0	0
ENSG00000176956	0	0	0	0	0	0
ENSG00000176971	0	0	0	0	0	0
ENSG00000176979	0	0	0	0	0	0
ENSG00000176984	0	0	0	0	0	0
ENSG00000176998	0	0	0	0	0	0
ENSG00000177023	0	0	0	0	0	0
ENSG00000177025	5	6	0	3	5	28
ENSG00000177047	0	0	0	0	0	0
ENSG00000177058	295	224	259	282	172	676
ENSG00000177076	25	16	10	12	1	20
ENSG00000177084	1890	1849	2102	1555	1023	3906
ENSG00000177103	0	0	0	0	0	0
ENSG00000177106	1	5	3	2	5	28
ENSG00000177112	0	0	0	0	0	0
ENSG00000177133	0	0	0	0	0	0
ENSG00000177138	0	0	0	0	0	0
ENSG00000177143	0	0	0	0	0	0
ENSG00000177144	0	0	0	0	0	0
ENSG00000177151	0	0	0	0	0	0
ENSG00000177174	0	0	0	0	0	0
ENSG00000177186	0	0	0	0	0	0
ENSG00000177197	0	0	0	0	0	0
ENSG00000177201	0	0	0	0	0	0
ENSG00000177202	0	0	0	0	0	0
ENSG00000177233	0	0	0	0	0	0
ENSG00000177243	0	0	0	0	0	0
ENSG00000177257	0	0	0	0	0	0
ENSG00000177261	0	0	0	0	0	0
ENSG00000177272	0	0	0	0	0	0
ENSG00000177300	0	0	0	0	0	0
ENSG00000177306	0	0	0	0	0	0
ENSG00000177324	0	0	0	0	0	0
ENSG00000177338	0	0	0	0	0	0
ENSG00000177350	0	0	0	0	0	0
ENSG00000177354	0	0	0	0	0	0
ENSG00000177369	0	0	0	0	0	0
ENSG00000177374	5	8	9	3	15	68
ENSG00000177400	0	0	0	0	0	0
ENSG00000177418	0	0	0	0	0	0
ENSG00000177432	0	0	0	0	0	0
ENSG00000177452	0	0	0	0	0	0
ENSG00000177455	0	0	0	0	0	0
ENSG00000177462	71	46	77	37	22	104
ENSG00000177468	0	0	0	0	0	0
ENSG00000177476	0	0	0	0	0	0
ENSG00000177483	4	5	1	4	1	18
ENSG00000177489	0	0	0	0	0	0
ENSG00000177504	0	0	0	0	0	0
ENSG00000177511	0	0	0	0	0	0
ENSG00000177519	0	0	0	0	0	0
ENSG00000177551	0	0	0	0	0	0
ENSG00000177553	0	0	0	0	0	0
ENSG00000177558	0	0	0	0	0	0
ENSG00000177586	0	0	0	0	0	0
ENSG00000177590	0	0	0	0	0	0
ENSG00000177596	0	0	0	0	0	0
ENSG00000177606	3133	2171	2352	3651	1773	7996
ENSG00000177627	0	0	0	0	0	0
ENSG00000177673	0	0	0	0	0	0
ENSG00000177684	0	0	0	0	0	0
ENSG00000177689	0	0	0	0	0	0
ENSG00000177693	0	0	0	0	0	0
ENSG00000177694	19	3	9	4	1	8
ENSG00000177721	23	14	15	5	6	10
ENSG00000177736	0	0	0	0	0	0
ENSG00000177770	7	1	1	2	1	0
ENSG00000177788	5	1	3	1	0	9
ENSG00000177791	0	0	0	0	0	0
ENSG00000177800	0	0	0	0	0	0
ENSG00000177803	0	0	0	0	0	0
ENSG00000177822	0	0	0	0	0	0
ENSG00000177910	0	0	0	0	0	0
ENSG00000177938	0	0	0	0	0	0
ENSG00000177943	122	103	73	51	52	165
ENSG00000177984	0	0	0	0	0	0
ENSG00000177989	2	5	0	1	0	5
ENSG00000177990	7	12	13	9	0	8
ENSG00000178015	0	0	0	0	0	0
ENSG00000178021	0	0	0	0	0	0
ENSG00000178055	0	0	0	0	0	0
ENSG00000178081	0	0	0	0	0	0
ENSG00000178107	0	0	0	0	0	0
ENSG00000178115	0	0	0	0	0	0
ENSG00000178125	3	0	0	1	0	8
ENSG00000178127	6	14	14	4	2	26
ENSG00000178130	0	0	0	0	0	0
ENSG00000178146	0	6	0	3	0	2
ENSG00000178162	0	0	0	0	0	0
ENSG00000178172	0	0	0	0	0	0
ENSG00000178202	3071	2510	2519	1449	475	1748
ENSG00000178233	6	0	2	0	0	0
ENSG00000178235	0	0	0	0	0	0
ENSG00000178243	0	0	0	0	0	0
ENSG00000178248	0	0	0	0	0	0
ENSG00000178257	0	0	0	0	0	0
ENSG00000178279	0	0	0	0	0	0
ENSG00000178287	0	0	0	0	0	0
ENSG00000178343	0	0	0	0	0	0
ENSG00000178358	0	0	0	0	0	0
ENSG00000178363	0	0	0	0	0	0
ENSG00000178372	0	0	0	0	0	0
ENSG00000178394	0	0	0	0	0	0
ENSG00000178395	0	0	0	0	0	0
ENSG00000178412	0	0	0	0	0	0
ENSG00000178429	6	49	6	79	8	20
ENSG00000178457	0	0	0	0	0	0
ENSG00000178462	0	0	0	0	0	0
ENSG00000178473	0	0	0	0	0	0
ENSG00000178503	0	0	0	0	0	0
ENSG00000178538	0	0	0	0	0	0
ENSG00000178556	0	0	0	0	0	0
ENSG00000178573	0	0	0	0	0	0
ENSG00000178586	0	0	0	0	0	0
ENSG00000178591	0	0	0	0	0	0
ENSG00000178654	0	0	0	0	0	0
ENSG00000178660	0	0	0	0	0	0
ENSG00000178662	0	0	0	0	0	0
ENSG00000178715	0	0	0	0	0	0
ENSG00000178722	0	0	0	0	0	0
ENSG00000178723	0	0	0	0	0	0
ENSG00000178726	0	0	0	0	0	0
ENSG00000178732	0	0	0	0	0	0
ENSG00000178734	0	0	0	0	0	0
ENSG00000178762	0	0	0	0	0	0
ENSG00000178776	0	0	0	0	0	0
ENSG00000178796	0	0	0	0	0	0
ENSG00000178803	8	0	2	3	0	11
ENSG00000178804	0	0	0	0	0	0
ENSG00000178828	0	0	0	0	0	0
ENSG00000178836	0	0	0	0	0	0
ENSG00000178919	105	98	83	52	11	33
ENSG00000178922	0	0	0	0	0	0
ENSG00000178928	0	0	0	0	0	0
ENSG00000178934	0	0	0	0	0	0
ENSG00000178997	1	0	8	3	0	2
ENSG00000179002	0	0	0	0	0	0
ENSG00000179023	3	0	5	5	2	10
ENSG00000179028	0	0	0	0	0	0
ENSG00000179031	0	0	0	0	0	0
ENSG00000179038	0	0	0	0	0	0
ENSG00000179044	5	0	3	2	0	9
ENSG00000179055	0	0	0	0	0	0
ENSG00000179057	0	0	0	0	0	0
ENSG00000179059	0	0	0	0	0	0
ENSG00000179073	0	0	0	0	0	0
ENSG00000179082	0	0	0	0	0	0
ENSG00000179083	1	1	3	0	0	0
ENSG00000179088	0	0	0	0	0	0
ENSG00000179131	0	0	0	0	0	0
ENSG00000179133	0	0	0	0	0	0
ENSG00000179136	0	0	0	0	0	0
ENSG00000179141	4	1	0	8	13	58
ENSG00000179142	0	0	0	0	0	0
ENSG00000179144	0	0	0	0	0	0
ENSG00000179157	0	0	0	0	0	0
ENSG00000179170	0	0	0	0	0	0
ENSG00000179178	0	0	0	0	0	0
ENSG00000179213	0	0	0	0	0	0
ENSG00000179253	0	0	0	0	0	0
ENSG00000179270	0	0	0	0	0	0
ENSG00000179300	14	4	7	15	6	3
ENSG00000179304	0	0	0	0	0	0
ENSG00000179314	0	0	0	0	0	0
ENSG00000179342	0	0	0	0	0	0
ENSG00000179381	0	0	0	0	0	0
ENSG00000179397	32	35	39	30	9	67
ENSG00000179412	0	0	0	0	0	0
ENSG00000179420	0	0	0	0	0	0
ENSG00000179428	4	3	17	0	1	6
ENSG00000179443	0	0	0	0	0	0
ENSG00000179447	0	0	0	0	0	0
ENSG00000179452	0	0	0	0	0	0
ENSG00000179454	134	130	170	239	71	376
ENSG00000179460	0	0	0	0	0	0
ENSG00000179468	0	0	0	0	0	0
ENSG00000179520	0	0	0	0	0	0
ENSG00000179546	93	103	141	14	4	33
ENSG00000179580	0	0	0	0	0	0
ENSG00000179600	0	0	0	0	0	0
ENSG00000179615	0	0	0	0	0	0
ENSG00000179626	0	0	0	0	0	0
ENSG00000179636	0	0	0	0	0	0
ENSG00000179639	0	0	0	0	0	0
ENSG00000179676	0	0	0	0	0	0
ENSG00000179695	0	0	0	0	0	0
ENSG00000179709	0	0	0	0	0	0
ENSG00000179751	0	0	0	0	0	0
ENSG00000179755	0	0	0	0	0	0
ENSG00000179761	2	0	1	8	2	11
ENSG00000179766	2	0	0	5	2	7
ENSG00000179772	34	9	10	65	47	270
ENSG00000179776	0	0	0	0	0	0
ENSG00000179799	0	0	0	0	0	0
ENSG00000179813	6	2	1	6	3	12
ENSG00000179817	0	0	0	0	0	0
ENSG00000179826	0	0	0	0	0	0
ENSG00000179840	0	0	0	0	0	0
ENSG00000179909	11	15	4	8	1	15
ENSG00000179913	0	0	0	0	0	0
ENSG00000179914	0	0	0	0	0	0
ENSG00000179915	0	0	0	0	0	0
ENSG00000179918	2311	1785	1829	1942	803	2738
ENSG00000179919	0	0	0	0	0	0
ENSG00000179930	0	0	0	0	0	0
ENSG00000179934	0	0	0	0	0	0
ENSG00000179938	0	0	0	0	0	0
ENSG00000179981	129	89	61	145	66	218
ENSG00000179994	0	0	0	0	0	0
ENSG00000179997	0	0	0	0	0	0
ENSG00000180016	0	0	0	0	0	0
ENSG00000180042	0	0	0	0	0	0
ENSG00000180053	0	0	0	0	0	0
ENSG00000180061	0	0	0	0	0	0
ENSG00000180068	0	0	0	0	0	0
ENSG00000180071	0	0	0	0	0	0
ENSG00000180090	0	0	0	0	0	0
ENSG00000180096	21	8	5	4	6	13
ENSG00000180105	0	0	0	0	0	0
ENSG00000180116	0	0	0	0	0	0
ENSG00000180139	7	1	0	0	1	0
ENSG00000180150	0	0	0	0	0	0
ENSG00000180152	0	0	0	0	0	0
ENSG00000180172	0	0	0	0	0	0
ENSG00000180178	0	0	0	0	0	0
ENSG00000180205	0	0	0	0	0	0
ENSG00000180209	0	0	0	0	0	0
ENSG00000180219	0	0	0	0	0	0
ENSG00000180221	0	0	0	0	0	0
ENSG00000180230	0	0	0	0	0	0
ENSG00000180251	0	0	0	0	0	0
ENSG00000180259	0	0	0	0	0	0
ENSG00000180264	0	0	0	0	0	0
ENSG00000180269	0	0	0	0	0	0
ENSG00000180284	0	0	0	0	0	0
ENSG00000180287	0	0	0	0	0	0
ENSG00000180305	0	0	0	0	0	0
ENSG00000180316	0	0	0	1	5	9
ENSG00000180318	0	0	0	0	0	0
ENSG00000180386	0	0	0	0	0	0
ENSG00000180389	0	0	0	0	0	0
ENSG00000180398	2761	2632	2807	743	232	737
ENSG00000180409	0	0	0	0	0	0
ENSG00000180424	0	0	0	0	0	0
ENSG00000180432	0	0	0	0	0	0
ENSG00000180433	0	0	0	0	0	0
ENSG00000180437	0	0	0	0	0	0
ENSG00000180440	0	0	0	0	0	0
ENSG00000180475	0	0	0	0	0	0
ENSG00000180481	0	0	0	0	0	0
ENSG00000180483	0	0	0	0	0	0
ENSG00000180532	0	0	0	0	0	0
ENSG00000180535	0	0	0	0	0	0
ENSG00000180573	332	224	236	1027	663	2369
ENSG00000180613	0	3	5	3	2	11
ENSG00000180658	0	0	0	0	0	0
ENSG00000180660	0	0	0	0	0	0
ENSG00000180662	0	0	0	0	0	0
ENSG00000180663	0	0	0	0	0	0
ENSG00000180673	0	0	0	0	0	0
ENSG00000180697	0	0	0	0	0	0
ENSG00000180708	0	0	0	0	0	0
ENSG00000180714	0	0	0	0	0	0
ENSG00000180720	3	2	0	4	1	24
ENSG00000180723	0	0	0	0	0	0
ENSG00000180769	15	13	11	15	0	23
ENSG00000180770	0	0	0	0	0	0
ENSG00000180785	0	0	0	0	0	0
ENSG00000180861	1	1	0	3	4	9
ENSG00000180871	0	0	0	0	0	0
ENSG00000180872	0	0	0	0	0	0
ENSG00000180878	2	5	0	0	9	26
ENSG00000180909	0	0	0	0	0	0
ENSG00000180910	0	0	0	0	0	0
ENSG00000180913	0	0	0	0	0	0
ENSG00000180919	0	0	0	0	0	0
ENSG00000180926	0	0	0	0	0	0
ENSG00000180934	0	0	0	0	0	0
ENSG00000180964	342	225	234	137	52	141
ENSG00000180988	0	0	0	0	0	0
ENSG00000180998	183	143	145	172	53	249
ENSG00000180999	0	0	0	0	0	0
ENSG00000181001	0	0	0	0	0	0
ENSG00000181009	0	0	0	0	0	0
ENSG00000181013	0	0	0	0	0	0
ENSG00000181017	0	0	0	0	0	0
ENSG00000181023	0	0	0	0	0	0
ENSG00000181036	0	0	0	0	0	0
ENSG00000181074	0	0	0	0	0	0
ENSG00000181092	0	0	0	0	0	0
ENSG00000181109	0	0	0	0	0	0
ENSG00000181123	0	0	0	0	0	0
ENSG00000181126	0	0	0	0	0	0
ENSG00000181171	0	0	0	0	0	0
ENSG00000181195	0	0	0	0	0	0
ENSG00000181201	0	0	0	0	0	0
ENSG00000181214	0	0	0	0	0	0
ENSG00000181215	0	0	0	0	0	0
ENSG00000181234	0	0	0	0	0	0
ENSG00000181273	0	0	0	0	0	0
ENSG00000181282	0	0	0	0	0	0
ENSG00000181291	0	0	0	0	0	0
ENSG00000181296	0	0	0	0	0	0
ENSG00000181322	3	5	5	2	4	16
ENSG00000181325	0	0	0	0	0	0
ENSG00000181333	0	0	0	0	0	0
ENSG00000181371	0	0	0	0	0	0
ENSG00000181374	0	0	0	0	0	0
ENSG00000181404	51	67	57	35	30	132
ENSG00000181408	0	0	0	0	0	0
ENSG00000181409	7	3	1	7	0	9
ENSG00000181449	0	0	0	0	0	0
ENSG00000181499	0	0	0	0	0	0
ENSG00000181511	0	0	0	0	0	0
ENSG00000181518	0	0	0	0	0	0
ENSG00000181523	331	283	306	287	207	737
ENSG00000181541	0	0	0	0	0	0
ENSG00000181552	0	0	0	0	0	0
ENSG00000181562	0	0	0	0	0	0
ENSG00000181577	0	0	0	0	0	0
ENSG00000181609	0	0	0	0	0	0
ENSG00000181616	0	0	0	0	0	0
ENSG00000181617	0	0	0	0	0	0
ENSG00000181625	1	1	2	0	2	11
ENSG00000181631	0	0	0	0	0	0
ENSG00000181656	0	0	0	0	0	0
ENSG00000181690	4	0	3	11	2	8
ENSG00000181693	0	0	0	0	0	0
ENSG00000181698	0	0	0	0	0	0
ENSG00000181705	0	0	0	0	0	0
ENSG00000181718	0	0	0	0	0	0
ENSG00000181722	0	0	3	0	1	1
ENSG00000181733	0	0	0	0	0	0
ENSG00000181752	0	0	0	0	0	0
ENSG00000181761	0	0	0	0	0	0
ENSG00000181767	0	0	0	0	0	0
ENSG00000181773	55	137	177	32	16	41
ENSG00000181778	0	0	0	0	0	0
ENSG00000181780	0	0	0	0	0	0
ENSG00000181785	0	0	0	0	0	0
ENSG00000181786	0	0	0	0	0	0
ENSG00000181790	9	21	5	3	0	16
ENSG00000181800	0	0	0	0	0	0
ENSG00000181803	0	0	0	0	0	0
ENSG00000181837	0	0	0	0	0	0
ENSG00000181847	0	0	0	0	0	0
ENSG00000181867	0	0	0	0	0	0
ENSG00000181903	0	0	0	0	0	0
ENSG00000181927	0	0	0	0	0	0
ENSG00000181939	0	0	0	0	0	0
ENSG00000181943	0	0	0	0	0	0
ENSG00000181950	0	0	0	0	0	0
ENSG00000181958	0	0	0	0	0	0
ENSG00000181961	0	0	0	0	0	0
ENSG00000181963	0	0	0	0	0	0
ENSG00000181965	0	0	0	0	0	0
ENSG00000181977	0	0	0	0	0	0
ENSG00000181984	0	0	0	0	0	0
ENSG00000181995	0	0	0	0	0	0
ENSG00000181997	0	0	0	0	0	0
ENSG00000182021	0	0	0	0	0	0
ENSG00000182022	0	0	0	0	0	0
ENSG00000182035	0	0	0	0	0	0
ENSG00000182048	0	0	0	0	0	0
ENSG00000182053	0	0	0	0	0	0
ENSG00000182077	0	0	0	0	0	0
ENSG00000182103	0	0	0	0	0	0
ENSG00000182107	0	0	0	0	0	0
ENSG00000182108	69	68	51	55	13	56
ENSG00000182132	230	113	64	541	355	1294
ENSG00000182156	0	0	0	0	0	0
ENSG00000182162	0	0	0	0	0	0
ENSG00000182168	6	4	12	2	1	18
ENSG00000182170	0	0	0	0	0	0
ENSG00000182179	5	5	14	15	26	92
ENSG00000182187	0	0	0	0	0	0
ENSG00000182218	0	0	0	0	0	0
ENSG00000182223	0	0	0	0	0	0
ENSG00000182230	0	0	0	0	0	0
ENSG00000182255	0	0	0	0	0	0
ENSG00000182256	0	0	0	0	0	0
ENSG00000182257	3	4	5	3	0	0
ENSG00000182271	0	0	0	0	0	0
ENSG00000182315	0	0	0	0	0	0
ENSG00000182330	1	0	0	6	7	6
ENSG00000182334	0	0	0	0	0	0
ENSG00000182346	0	0	0	0	0	0
ENSG00000182348	0	0	0	0	0	0
ENSG00000182351	0	0	0	0	0	0
ENSG00000182352	0	0	0	0	0	0
ENSG00000182365	0	0	0	0	0	0
ENSG00000182383	0	0	0	0	0	0
ENSG00000182393	0	0	0	0	0	0
ENSG00000182415	0	0	0	0	0	0
ENSG00000182447	0	0	0	0	0	0
ENSG00000182459	0	3	7	9	5	14
ENSG00000182463	0	0	0	0	0	0
ENSG00000182487	0	0	0	0	0	0
ENSG00000182508	0	0	0	0	0	0
ENSG00000182531	0	0	0	0	0	0
ENSG00000182533	0	0	0	0	0	0
ENSG00000182545	0	0	0	0	0	0
ENSG00000182557	0	0	0	0	0	0
ENSG00000182565	0	0	0	0	0	0
ENSG00000182566	0	0	0	0	0	0
ENSG00000182583	0	0	0	0	0	0
ENSG00000182601	0	0	0	0	0	0
ENSG00000182625	0	0	0	0	0	0
ENSG00000182634	0	0	0	0	0	0
ENSG00000182636	0	0	0	0	0	0
ENSG00000182645	0	0	0	0	0	0
ENSG00000182652	0	0	0	0	0	0
ENSG00000182667	0	0	0	0	0	0
ENSG00000182674	0	0	0	0	0	0
ENSG00000182687	0	2	3	1	5	10
ENSG00000182698	0	0	0	0	0	0
ENSG00000182707	0	0	0	0	0	0
ENSG00000182712	0	0	0	0	0	0
ENSG00000182776	0	0	0	0	0	0
ENSG00000182783	0	0	0	0	0	0
ENSG00000182793	0	0	0	0	0	0
ENSG00000182824	0	0	0	0	0	0
ENSG00000182854	0	0	0	0	0	0
ENSG00000182873	4	12	8	8	0	21
ENSG00000182885	0	0	0	0	0	0
ENSG00000182888	0	0	0	0	0	0
ENSG00000182896	0	0	0	0	0	0
ENSG00000182898	0	0	0	0	0	0
ENSG00000182921	0	0	0	0	0	0
ENSG00000182931	0	0	0	7	6	19
ENSG00000182938	0	0	0	0	0	0
ENSG00000182965	0	0	0	0	0	0
ENSG00000182968	0	0	0	0	0	0
ENSG00000182974	0	0	0	0	0	0
ENSG00000183018	28	48	44	39	45	98
ENSG00000183019	0	0	0	0	0	0
ENSG00000183024	0	0	0	0	0	0
ENSG00000183034	0	0	0	0	0	0
ENSG00000183035	0	0	0	0	0	0
ENSG00000183036	0	0	0	0	0	0
ENSG00000183044	3	3	1	10	3	19
ENSG00000183049	305	159	199	253	104	596
ENSG00000183067	0	0	0	0	0	0
ENSG00000183111	16	5	10	13	1	18
ENSG00000183114	0	0	0	0	0	0
ENSG00000183117	0	0	0	0	0	0
ENSG00000183122	0	0	0	0	0	0
ENSG00000183128	0	0	0	0	0	0
ENSG00000183137	232	188	151	193	59	278
ENSG00000183146	0	0	0	0	0	0
ENSG00000183148	0	0	0	0	0	0
ENSG00000183150	10	6	1	5	0	5
ENSG00000183153	0	0	0	0	0	0
ENSG00000183166	0	0	0	0	0	0
ENSG00000183169	0	0	0	0	0	0
ENSG00000183185	0	0	0	0	0	0
ENSG00000183206	0	0	0	0	0	0
ENSG00000183230	4	6	10	2	0	0
ENSG00000183239	2	0	0	1	2	1
ENSG00000183242	0	0	0	0	0	0
ENSG00000183249	0	0	0	0	0	0
ENSG00000183251	0	0	0	0	0	0
ENSG00000183260	0	0	0	0	0	0
ENSG00000183269	0	0	0	0	0	0
ENSG00000183273	0	0	0	0	0	0
ENSG00000183292	0	0	0	0	0	0
ENSG00000183298	9	14	14	11	1	16
ENSG00000183303	0	0	0	0	0	0
ENSG00000183304	0	0	0	0	0	0
ENSG00000183307	2	1	1	5	1	18
ENSG00000183308	0	0	0	0	0	0
ENSG00000183310	0	0	0	0	0	0
ENSG00000183313	0	0	0	0	0	0
ENSG00000183336	0	0	0	0	0	0
ENSG00000183385	0	0	0	0	0	0
ENSG00000183389	0	0	0	0	0	0
ENSG00000183395	0	0	0	0	0	0
ENSG00000183396	0	0	6	0	0	3
ENSG00000183434	0	0	0	0	0	0
ENSG00000183439	0	0	0	0	0	0
ENSG00000183463	0	0	0	0	0	0
ENSG00000183470	0	0	0	0	0	0
ENSG00000183535	0	0	0	0	0	0
ENSG00000183549	0	0	0	0	0	0
ENSG00000183559	0	0	0	0	0	0
ENSG00000183560	0	0	0	0	0	0
ENSG00000183566	0	0	0	0	0	0
ENSG00000183569	32	48	32	24	15	58
ENSG00000183570	211	100	86	204	83	434
ENSG00000183571	0	0	0	0	0	0
ENSG00000183586	0	0	0	0	0	0
ENSG00000183607	0	0	0	0	0	0
ENSG00000183628	0	0	0	0	0	0
ENSG00000183629	0	0	0	0	0	0
ENSG00000183632	0	0	0	0	0	0
ENSG00000183638	4	3	9	14	16	95
ENSG00000183640	0	0	0	0	0	0
ENSG00000183643	0	0	0	0	0	0
ENSG00000183654	0	0	0	0	0	0
ENSG00000183662	0	0	0	0	0	0
ENSG00000183663	0	0	0	0	0	0
ENSG00000183666	176	154	149	115	66	355
ENSG00000183668	22	22	34	135	83	399
ENSG00000183691	25	28	26	10	1	19
ENSG00000183695	0	0	0	0	0	0
ENSG00000183696	94	38	61	128	134	544
ENSG00000183704	0	0	0	0	0	0
ENSG00000183706	0	0	0	0	0	0
ENSG00000183709	0	0	0	0	0	0
ENSG00000183715	0	0	0	0	0	0
ENSG00000183729	0	0	0	0	0	0
ENSG00000183733	0	0	0	0	0	0
ENSG00000183734	0	0	0	0	0	0
ENSG00000183742	0	0	0	0	0	0
ENSG00000183747	0	0	0	0	0	0
ENSG00000183753	0	0	0	0	0	0
ENSG00000183780	13	12	31	8	18	30
ENSG00000183784	0	0	0	0	0	0
ENSG00000183785	0	1	2	3	5	16
ENSG00000183791	0	0	0	0	0	0
ENSG00000183795	0	0	0	0	0	0
ENSG00000183798	0	0	0	0	0	0
ENSG00000183801	0	0	0	0	0	0
ENSG00000183807	0	0	0	0	0	0
ENSG00000183822	0	0	0	0	0	0
ENSG00000183831	0	0	0	0	0	0
ENSG00000183833	0	0	0	0	0	0
ENSG00000183837	0	0	0	0	0	0
ENSG00000183862	0	0	0	0	0	0
ENSG00000183878	0	0	0	0	0	0
ENSG00000183888	0	0	0	0	0	0
ENSG00000183909	0	0	0	0	0	0
ENSG00000183914	10	1	4	0	0	5
ENSG00000183918	0	0	0	0	0	0
ENSG00000183929	12	7	8	0	1	3
ENSG00000183935	70	102	103	41	9	25
ENSG00000183938	0	0	0	0	0	0
ENSG00000183977	2	2	5	6	0	16
ENSG00000183979	0	0	0	0	0	0
ENSG00000183981	0	0	0	0	0	0
ENSG00000184022	0	0	0	0	0	0
ENSG00000184029	0	0	0	0	0	0
ENSG00000184032	0	0	0	0	0	0
ENSG00000184033	0	0	0	0	0	0
ENSG00000184060	10	3	7	0	2	0
ENSG00000184106	0	0	0	0	0	0
ENSG00000184108	0	0	0	0	0	0
ENSG00000184111	0	0	0	0	0	0
ENSG00000184113	0	0	0	0	0	1
ENSG00000184115	0	0	0	0	0	0
ENSG00000184139	0	0	0	0	0	0
ENSG00000184140	0	0	0	0	0	0
ENSG00000184148	0	0	0	0	0	0
ENSG00000184156	0	0	0	0	0	0
ENSG00000184163	1	4	5	14	8	86
ENSG00000184166	0	0	0	0	0	0
ENSG00000184188	0	0	0	0	0	0
ENSG00000184205	2072	1651	1677	3445	2171	8119
ENSG00000184210	0	0	0	0	0	0
ENSG00000184216	9610	8180	8222	7434	4368	15457
ENSG00000184221	0	0	0	0	0	0
ENSG00000184258	0	0	0	0	0	0
ENSG00000184276	0	0	0	0	0	0
ENSG00000184292	0	0	0	0	0	0
ENSG00000184293	0	0	0	0	0	0
ENSG00000184302	0	0	0	0	0	0
ENSG00000184303	0	0	0	0	0	0
ENSG00000184305	0	0	0	0	0	0
ENSG00000184321	0	0	0	0	0	0
ENSG00000184330	0	0	0	0	0	0
ENSG00000184343	21	33	29	7	3	25
ENSG00000184344	0	0	0	0	0	0
ENSG00000184345	0	0	0	0	0	0
ENSG00000184350	0	0	0	0	0	0
ENSG00000184351	0	0	0	0	0	0
ENSG00000184363	3	2	1	2	1	18
ENSG00000184374	0	0	0	0	0	7
ENSG00000184378	0	0	0	0	0	0
ENSG00000184385	0	0	0	0	0	0
ENSG00000184388	0	0	0	0	0	0
ENSG00000184389	0	0	0	0	0	0
ENSG00000184394	0	0	0	0	0	0
ENSG00000184459	0	0	0	0	0	0
ENSG00000184471	0	0	0	0	0	0
ENSG00000184478	0	0	0	0	0	0
ENSG00000184489	47	18	20	34	10	111
ENSG00000184515	0	0	0	0	0	0
ENSG00000184523	0	0	0	0	0	0
ENSG00000184544	0	0	0	0	0	0
ENSG00000184566	0	0	0	0	0	0
ENSG00000184571	0	0	0	0	0	0
ENSG00000184574	0	0	0	0	0	3
ENSG00000184599	5	7	1	15	7	50
ENSG00000184601	0	0	0	0	0	0
ENSG00000184608	0	0	0	0	0	0
ENSG00000184611	0	0	0	0	0	0
ENSG00000184613	0	0	0	0	0	0
ENSG00000184617	0	0	0	0	0	0
ENSG00000184624	0	0	0	0	0	0
ENSG00000184634	1083	1025	967	629	343	984
ENSG00000184647	0	0	0	0	0	0
ENSG00000184659	0	0	0	0	0	0
ENSG00000184672	5	2	5	24	19	94
ENSG00000184697	2	4	0	2	0	6
ENSG00000184709	0	0	0	0	0	0
ENSG00000184716	0	0	0	0	0	0
ENSG00000184724	0	0	0	0	0	0
ENSG00000184731	0	0	0	0	0	0
ENSG00000184735	0	0	0	0	0	0
ENSG00000184741	0	0	0	0	0	0
ENSG00000184761	0	0	0	0	0	0
ENSG00000184788	0	0	0	0	0	0
ENSG00000184789	0	0	0	0	0	0
ENSG00000184795	0	0	0	0	0	0
ENSG00000184809	0	0	0	0	0	0
ENSG00000184814	0	0	0	0	0	0
ENSG00000184828	9	0	2	3	2	13
ENSG00000184840	7256	4883	4874	8452	4375	16413
ENSG00000184844	0	0	0	0	0	0
ENSG00000184845	0	0	0	0	0	0
ENSG00000184856	0	0	0	0	0	0
ENSG00000184895	0	0	0	0	0	0
ENSG00000184905	0	0	0	0	0	0
ENSG00000184906	0	0	0	0	0	0
ENSG00000184908	0	0	0	0	0	0
ENSG00000184911	0	0	0	0	0	0
ENSG00000184923	0	3	5	0	0	2
ENSG00000184925	5	1	0	0	4	5
ENSG00000184933	0	0	0	0	0	0
ENSG00000184945	0	0	0	0	0	0
ENSG00000184954	0	0	0	0	0	0
ENSG00000184961	0	0	0	0	0	0
ENSG00000184991	0	0	0	0	0	0
ENSG00000184999	0	0	0	0	0	0
ENSG00000185002	0	0	0	0	0	0
ENSG00000185010	90	63	51	40	7	80
ENSG00000185031	0	0	0	0	0	0
ENSG00000185033	1082	621	482	1623	878	6378
ENSG00000185037	0	0	0	0	0	0
ENSG00000185040	0	0	0	0	0	0
ENSG00000185046	28	16	16	16	1	21
ENSG00000185053	0	0	0	0	0	0
ENSG00000185055	2	11	1	8	2	12
ENSG00000185056	0	0	0	0	0	0
ENSG00000185069	0	0	0	0	0	0
ENSG00000185074	0	0	0	0	0	0
ENSG00000185078	0	0	0	0	0	0
ENSG00000185127	194	184	180	204	122	607
ENSG00000185129	945	797	955	315	117	490
ENSG00000185149	0	0	0	0	0	0
ENSG00000185156	0	0	0	0	0	0
ENSG00000185168	0	0	0	0	0	0
ENSG00000185176	0	0	0	0	0	0
ENSG00000185177	0	0	0	0	0	0
ENSG00000185182	0	0	0	0	0	0
ENSG00000185198	0	0	0	0	0	0
ENSG00000185221	0	0	0	0	0	0
ENSG00000185222	1087	706	558	259	85	163
ENSG00000185231	0	0	0	0	0	0
ENSG00000185261	12	4	6	44	13	87
ENSG00000185264	0	0	0	0	0	0
ENSG00000185269	10	6	2	0	3	10
ENSG00000185271	0	0	0	0	0	0
ENSG00000185272	0	0	0	0	0	0
ENSG00000185274	0	0	0	0	0	0
ENSG00000185290	0	0	0	0	0	0
ENSG00000185294	0	0	0	0	0	0
ENSG00000185296	0	0	0	0	0	0
ENSG00000185298	737	695	729	1044	882	3422
ENSG00000185306	0	0	0	0	0	0
ENSG00000185313	0	0	0	0	0	0
ENSG00000185319	0	0	0	0	0	0
ENSG00000185332	0	0	0	0	0	0
ENSG00000185338	2	1	3	10	7	83
ENSG00000185339	59	33	38	44	9	82
ENSG00000185345	6	1	0	3	0	3
ENSG00000185352	5	8	7	0	2	7
ENSG00000185361	455	309	297	253	90	338
ENSG00000185385	0	0	0	0	0	0
ENSG00000185390	0	0	0	0	0	0
ENSG00000185448	0	0	0	0	0	0
ENSG00000185453	185	129	132	111	56	215
ENSG00000185467	0	0	0	0	0	0
ENSG00000185477	0	0	0	0	0	0
ENSG00000185479	0	0	0	0	0	1
ENSG00000185499	838	324	164	693	433	2842
ENSG00000185504	291	220	233	287	223	809
ENSG00000185518	0	0	0	0	0	0
ENSG00000185532	121	45	72	130	19	191
ENSG00000185565	0	0	0	0	0	0
ENSG00000185594	0	0	0	0	0	0
ENSG00000185615	1	3	1	1	2	16
ENSG00000185631	0	0	0	0	0	0
ENSG00000185634	7	7	6	1	2	5
ENSG00000185638	0	0	0	0	0	0
ENSG00000185640	0	0	0	0	0	0
ENSG00000185652	0	0	0	0	0	0
ENSG00000185662	0	0	0	0	0	0
ENSG00000185666	0	0	0	0	0	0
ENSG00000185668	0	0	0	0	0	0
ENSG00000185681	0	0	0	0	0	0
ENSG00000185689	0	3	2	0	5	5
ENSG00000185700	0	0	0	0	0	0
ENSG00000185701	0	0	0	0	0	0
ENSG00000185710	0	0	3	0	0	5
ENSG00000185736	0	0	0	0	0	0
ENSG00000185745	243	142	210	53	24	88
ENSG00000185758	0	0	0	0	0	0
ENSG00000185821	0	0	0	0	0	0
ENSG00000185823	0	0	0	0	0	0
ENSG00000185860	21	32	47	77	75	301
ENSG00000185863	0	0	0	0	0	0
ENSG00000185864	5	12	11	17	5	75
ENSG00000185873	0	0	0	0	0	0
ENSG00000185885	89	69	111	22	15	112
ENSG00000185888	0	0	0	0	0	0
ENSG00000185894	0	0	0	0	0	0
ENSG00000185897	0	0	0	0	0	0
ENSG00000185899	0	0	0	0	0	0
ENSG00000185903	0	0	0	0	0	0
ENSG00000185905	0	0	0	0	0	0
ENSG00000185915	0	0	0	0	0	0
ENSG00000185926	0	0	0	0	0	0
ENSG00000185940	0	0	0	0	0	0
ENSG00000185942	0	0	0	0	0	0
ENSG00000185960	0	0	0	0	0	0
ENSG00000185962	0	0	0	0	0	0
ENSG00000185966	0	0	0	0	0	0
ENSG00000185972	0	0	0	0	0	0
ENSG00000185974	0	0	0	10	4	32
ENSG00000185982	0	0	0	0	0	0
ENSG00000185985	370	261	125	130	35	120
ENSG00000185988	0	0	0	0	0	0
ENSG00000186009	0	0	0	0	0	2
ENSG00000186038	0	0	0	0	0	0
ENSG00000186049	0	0	0	0	0	0
ENSG00000186074	0	0	0	0	0	0
ENSG00000186075	0	0	0	0	0	0
ENSG00000186081	0	0	0	5	7	14
ENSG00000186090	0	0	0	0	0	0
ENSG00000186092	0	0	0	0	0	0
ENSG00000186094	0	0	0	0	0	0
ENSG00000186103	0	0	0	0	0	0
ENSG00000186113	0	0	0	0	0	0
ENSG00000186115	0	0	0	0	0	0
ENSG00000186119	0	0	0	0	0	0
ENSG00000186124	0	0	0	0	0	0
ENSG00000186136	0	0	0	0	0	0
ENSG00000186143	0	0	0	0	0	0
ENSG00000186146	0	0	0	0	0	0
ENSG00000186148	0	0	0	0	0	0
ENSG00000186160	0	0	0	0	0	0
ENSG00000186163	0	0	0	0	0	0
ENSG00000186188	0	0	0	0	0	0
ENSG00000186190	0	0	0	0	0	0
ENSG00000186191	0	0	0	0	0	0
ENSG00000186222	186	148	175	154	98	343
ENSG00000186226	0	0	0	0	0	0
ENSG00000186234	0	0	0	0	0	0
ENSG00000186235	0	0	0	0	0	0
ENSG00000186244	0	0	0	0	0	0
ENSG00000186268	0	0	0	0	0	0
ENSG00000186281	0	0	0	0	0	0
ENSG00000186288	0	0	0	0	0	0
ENSG00000186306	0	0	0	0	0	0
ENSG00000186310	0	0	0	0	0	0
ENSG00000186326	31	12	12	9	1	12
ENSG00000186328	0	0	0	0	0	0
ENSG00000186329	0	0	0	0	0	0
ENSG00000186334	0	0	0	0	0	0
ENSG00000186335	0	0	0	0	0	0
ENSG00000186352	59	30	16	29	12	72
ENSG00000186367	0	0	0	0	0	0
ENSG00000186377	0	0	0	0	0	0
ENSG00000186393	0	0	0	0	0	0
ENSG00000186399	0	0	0	0	0	0
ENSG00000186431	0	0	0	0	0	0
ENSG00000186439	0	0	0	0	0	0
ENSG00000186440	0	0	0	0	0	0
ENSG00000186442	0	0	0	0	0	0
ENSG00000186446	0	2	0	8	1	15
ENSG00000186451	0	5	3	5	0	0
ENSG00000186452	0	0	0	0	0	0
ENSG00000186458	0	0	0	0	0	0
ENSG00000186462	0	0	0	0	0	0
ENSG00000186466	0	0	0	0	0	0
ENSG00000186474	0	0	0	0	0	0
ENSG00000186479	0	0	0	0	0	0
ENSG00000186481	0	0	0	0	0	0
ENSG00000186487	0	0	0	0	0	0
ENSG00000186493	0	0	0	0	0	0
ENSG00000186508	0	0	0	0	0	0
ENSG00000186509	0	0	0	0	0	0
ENSG00000186510	0	0	0	0	0	0
ENSG00000186513	0	0	0	0	0	0
ENSG00000186526	0	0	0	0	0	0
ENSG00000186529	0	0	0	0	0	0
ENSG00000186543	0	0	0	0	0	0
ENSG00000186562	0	0	0	0	0	0
ENSG00000186567	5	9	17	1	1	17
ENSG00000186572	0	0	0	0	0	0
ENSG00000186579	0	0	0	0	0	0
ENSG00000186591	3423	2045	1972	4249	1628	6308
ENSG00000186594	544	458	513	741	547	1752
ENSG00000186599	0	0	0	0	0	0
ENSG00000186638	512	384	504	421	232	864
ENSG00000186642	0	0	0	3	1	7
ENSG00000186645	0	0	0	0	0	0
ENSG00000186648	28	22	31	2	10	30
ENSG00000186652	0	0	0	0	0	0
ENSG00000186654	20	18	30	19	20	57
ENSG00000186675	0	0	0	0	0	0
ENSG00000186676	0	0	0	0	0	0
ENSG00000186678	0	0	0	0	0	0
ENSG00000186704	0	1	0	0	2	3
ENSG00000186715	1	1	0	1	4	3
ENSG00000186723	0	0	0	0	0	0
ENSG00000186732	0	0	0	0	0	0
ENSG00000186765	1	0	1	7	2	7
ENSG00000186766	0	0	0	0	0	0
ENSG00000186777	5	3	8	4	0	8
ENSG00000186788	0	0	0	0	0	0
ENSG00000186795	0	0	0	0	0	0
ENSG00000186803	0	0	0	0	0	0
ENSG00000186818	0	0	0	0	0	0
ENSG00000186825	0	0	0	0	0	0
ENSG00000186827	0	0	1	1	3	8
ENSG00000186831	0	0	0	0	0	0
ENSG00000186832	0	0	0	1	1	15
ENSG00000186838	0	0	0	0	0	0
ENSG00000186842	0	0	0	0	0	0
ENSG00000186844	0	0	0	0	0	0
ENSG00000186847	0	1	1	0	1	17
ENSG00000186860	0	0	0	0	0	0
ENSG00000186868	34	15	15	3	0	15
ENSG00000186881	0	0	0	0	0	0
ENSG00000186886	0	0	0	0	0	0
ENSG00000186895	0	0	0	0	0	0
ENSG00000186910	0	0	0	0	0	0
ENSG00000186919	3	1	4	2	6	27
ENSG00000186924	0	0	0	0	0	0
ENSG00000186925	0	0	0	0	0	0
ENSG00000186930	0	0	0	0	0	0
ENSG00000186943	0	0	0	0	0	0
ENSG00000186960	2	1	0	37	23	81
ENSG00000186965	0	0	0	0	0	0
ENSG00000186967	0	0	0	0	0	0
ENSG00000186970	0	0	0	0	0	0
ENSG00000186971	0	0	0	0	0	0
ENSG00000186977	0	0	0	0	0	0
ENSG00000186980	0	0	0	0	0	0
ENSG00000187003	0	0	0	0	0	0
ENSG00000187005	0	0	0	0	0	0
ENSG00000187012	0	0	0	0	0	0
ENSG00000187013	0	0	0	0	0	0
ENSG00000187017	0	0	0	0	0	0
ENSG00000187021	0	0	0	0	0	0
ENSG00000187024	0	1	1	1	4	10
ENSG00000187033	0	0	0	0	0	0
ENSG00000187037	0	0	0	0	0	0
ENSG00000187048	0	0	0	0	0	0
ENSG00000187054	0	0	0	0	0	0
ENSG00000187066	6	0	3	1	0	7
ENSG00000187080	0	0	0	0	0	0
ENSG00000187082	0	0	0	0	0	0
ENSG00000187103	0	0	0	0	0	0
ENSG00000187116	0	0	0	0	0	0
ENSG00000187122	2	0	7	0	0	9
ENSG00000187134	222	134	82	1032	535	1526
ENSG00000187135	0	0	0	0	0	0
ENSG00000187140	10	4	8	7	0	4
ENSG00000187151	1	0	0	0	0	1
ENSG00000187166	0	0	0	0	0	0
ENSG00000187170	0	0	0	0	0	0
ENSG00000187172	0	0	0	0	0	0
ENSG00000187173	0	0	0	0	0	0
ENSG00000187175	0	0	0	0	0	0
ENSG00000187180	0	0	0	0	0	0
ENSG00000187186	6	7	5	5	5	21
ENSG00000187189	366	288	409	95	52	169
ENSG00000187191	0	0	0	0	0	0
ENSG00000187223	0	0	0	0	0	0
ENSG00000187229	0	0	0	0	0	0
ENSG00000187238	0	0	0	0	0	0
ENSG00000187242	0	0	0	0	0	0
ENSG00000187244	0	0	0	0	0	10
ENSG00000187258	0	0	0	0	0	0
ENSG00000187268	0	0	0	0	0	0
ENSG00000187272	0	0	0	0	0	0
ENSG00000187288	0	0	0	0	0	0
ENSG00000187323	0	0	0	0	0	0
ENSG00000187416	0	0	0	0	0	0
ENSG00000187472	0	0	0	0	0	0
ENSG00000187474	0	0	0	0	0	0
ENSG00000187479	11	1	2	9	5	21
ENSG00000187481	0	0	0	0	0	0
ENSG00000187483	0	0	0	0	0	0
ENSG00000187516	0	0	0	0	0	0
ENSG00000187527	0	0	2	4	0	4
ENSG00000187533	0	0	0	0	0	0
ENSG00000187537	0	0	0	0	0	0
ENSG00000187545	0	0	0	0	0	0
ENSG00000187553	0	0	0	0	0	0
ENSG00000187559	0	0	0	0	0	0
ENSG00000187566	0	0	0	0	0	0
ENSG00000187569	0	0	0	0	0	0
ENSG00000187600	0	0	0	0	0	0
ENSG00000187612	0	0	0	0	0	0
ENSG00000187616	0	0	0	0	0	0
ENSG00000187627	0	0	0	0	0	0
ENSG00000187634	3	0	0	2	1	27
ENSG00000187657	0	0	0	0	0	0
ENSG00000187658	0	0	0	0	0	0
ENSG00000187664	0	0	0	0	0	0
ENSG00000187689	0	0	0	0	0	0
ENSG00000187690	0	0	0	0	0	0
ENSG00000187701	0	0	0	0	0	0
ENSG00000187714	0	0	0	0	0	0
ENSG00000187721	0	0	0	0	0	0
ENSG00000187733	0	0	0	0	0	0
ENSG00000187747	0	0	0	0	0	0
ENSG00000187754	0	0	0	0	0	0
ENSG00000187758	0	0	0	0	0	0
ENSG00000187762	0	0	0	0	0	0
ENSG00000187763	0	0	0	0	0	0
ENSG00000187766	0	0	0	0	0	0
ENSG00000187783	0	0	0	0	0	0
ENSG00000187791	0	0	0	0	0	0
ENSG00000187806	0	0	0	0	0	0
ENSG00000187812	0	0	0	0	0	0
ENSG00000187821	0	0	0	0	0	0
ENSG00000187823	0	0	0	0	0	0
ENSG00000187824	2	3	7	4	3	28
ENSG00000187837	256	157	115	853	1005	3768
ENSG00000187847	0	0	0	0	0	0
ENSG00000187855	0	0	0	0	0	0
ENSG00000187857	0	0	0	0	0	0
ENSG00000187870	0	0	0	0	0	0
ENSG00000187871	0	0	0	0	0	0
ENSG00000187889	0	0	0	0	0	0
ENSG00000187893	0	0	0	0	0	0
ENSG00000187900	0	0	0	0	0	0
ENSG00000187902	0	1	5	4	3	14
ENSG00000187912	0	0	0	0	0	0
ENSG00000187918	0	0	0	0	0	0
ENSG00000187922	0	0	0	0	0	0
ENSG00000187942	0	0	0	0	0	0
ENSG00000187944	1	1	1	5	0	9
ENSG00000187952	0	0	0	0	0	0
ENSG00000187959	0	0	0	0	0	0
ENSG00000187969	0	0	0	0	0	0
ENSG00000187979	0	0	0	0	0	0
ENSG00000187980	0	0	0	0	0	0
ENSG00000187984	0	3	2	1	9	12
ENSG00000187987	0	0	0	0	0	0
ENSG00000187997	0	0	0	0	0	0
ENSG00000188004	0	0	0	0	0	0
ENSG00000188011	0	0	0	0	0	0
ENSG00000188015	35	38	52	101	92	636
ENSG00000188029	0	0	0	0	0	0
ENSG00000188037	0	0	0	0	0	0
ENSG00000188038	0	0	0	0	0	0
ENSG00000188039	0	0	0	0	0	0
ENSG00000188050	0	0	0	0	0	0
ENSG00000188056	0	0	0	0	0	0
ENSG00000188076	0	0	0	0	0	0
ENSG00000188078	3	0	0	3	0	6
ENSG00000188086	0	0	0	0	0	0
ENSG00000188095	0	0	0	0	0	0
ENSG00000188100	0	0	0	0	0	0
ENSG00000188101	0	0	0	0	0	0
ENSG00000188112	0	0	0	0	0	0
ENSG00000188120	0	0	0	0	0	0
ENSG00000188124	0	0	0	0	0	0
ENSG00000188155	0	0	0	0	0	0
ENSG00000188162	0	0	0	3	0	0
ENSG00000188163	0	0	0	1	4	7
ENSG00000188175	0	0	0	0	0	0
ENSG00000188219	0	0	0	0	0	0
ENSG00000188223	0	0	0	0	0	0
ENSG00000188257	0	0	0	0	0	0
ENSG00000188266	48	44	39	41	18	57
ENSG00000188269	0	0	0	0	0	0
ENSG00000188280	0	0	0	0	0	0
ENSG00000188282	0	0	0	0	0	0
ENSG00000188295	179	121	149	168	70	342
ENSG00000188306	0	0	0	0	0	0
ENSG00000188314	0	0	0	0	0	0
ENSG00000188316	18	1	9	1	2	7
ENSG00000188324	0	0	0	0	0	0
ENSG00000188334	0	0	0	0	0	0
ENSG00000188340	0	0	0	0	0	0
ENSG00000188352	1300	984	1097	1121	443	1543
ENSG00000188373	0	0	0	0	0	0
ENSG00000188379	0	0	0	0	0	0
ENSG00000188388	4	0	0	0	0	4
ENSG00000188389	0	0	0	0	0	0
ENSG00000188393	0	0	0	0	0	0
ENSG00000188394	0	0	0	0	0	0
ENSG00000188396	0	0	0	0	0	0
ENSG00000188399	0	0	0	0	0	0
ENSG00000188403	0	0	0	0	0	0
ENSG00000188408	0	0	0	0	0	0
ENSG00000188438	0	0	0	0	0	0
ENSG00000188439	0	0	0	0	0	0
ENSG00000188459	0	0	0	0	0	0
ENSG00000188467	0	0	0	0	0	0
ENSG00000188488	0	0	0	0	0	0
ENSG00000188525	0	0	0	0	0	0
ENSG00000188558	0	0	0	0	0	0
ENSG00000188573	0	0	0	0	0	0
ENSG00000188581	0	0	0	0	0	0
ENSG00000188596	7	9	3	24	15	78
ENSG00000188620	0	0	0	0	0	0
ENSG00000188629	0	0	0	0	0	0
ENSG00000188646	0	0	0	0	0	0
ENSG00000188655	0	0	0	0	0	0
ENSG00000188656	0	0	0	0	0	0
ENSG00000188659	5	3	8	22	14	35
ENSG00000188660	0	0	0	0	0	0
ENSG00000188668	0	0	0	0	0	0
ENSG00000188674	0	0	0	0	0	0
ENSG00000188691	0	0	0	0	0	0
ENSG00000188694	0	0	0	0	0	0
ENSG00000188707	0	0	0	0	0	0
ENSG00000188712	0	0	0	0	0	0
ENSG00000188716	0	0	0	0	0	0
ENSG00000188729	0	0	0	0	0	0
ENSG00000188730	0	0	0	0	0	0
ENSG00000188755	0	0	0	0	0	0
ENSG00000188761	1	0	4	6	0	16
ENSG00000188763	10	7	7	0	7	23
ENSG00000188771	0	0	0	0	0	0
ENSG00000188778	0	0	0	0	0	0
ENSG00000188782	0	0	0	0	0	0
ENSG00000188783	3	2	2	0	0	2
ENSG00000188784	0	0	0	0	0	0
ENSG00000188801	0	0	0	0	0	0
ENSG00000188803	0	0	0	0	0	0
ENSG00000188817	0	0	0	0	0	0
ENSG00000188820	0	0	0	0	0	0
ENSG00000188831	0	0	0	0	0	0
ENSG00000188848	0	0	0	0	0	0
ENSG00000188850	0	0	0	0	0	0
ENSG00000188877	0	0	0	0	0	0
ENSG00000188883	0	0	0	0	0	0
ENSG00000188906	0	0	0	0	0	0
ENSG00000188909	0	0	0	0	0	0
ENSG00000188910	5	0	1	0	0	4
ENSG00000188931	0	0	0	0	0	0
ENSG00000188937	0	0	0	0	0	0
ENSG00000188958	5	0	4	0	0	2
ENSG00000188981	4	2	8	1	6	23
ENSG00000188991	0	0	0	0	0	0
ENSG00000189013	0	0	0	0	0	0
ENSG00000189014	1	0	0	0	0	0
ENSG00000189030	0	0	0	0	0	0
ENSG00000189037	0	0	0	0	0	0
ENSG00000189051	2	0	1	0	0	0
ENSG00000189056	0	0	0	0	0	0
ENSG00000189058	0	0	0	0	0	0
ENSG00000189068	0	0	7	2	0	0
ENSG00000189090	0	0	0	0	0	0
ENSG00000189099	0	0	0	0	0	0
ENSG00000189108	0	0	0	0	0	0
ENSG00000189132	0	0	0	0	0	0
ENSG00000189134	0	0	0	0	0	0
ENSG00000189139	0	0	0	0	0	0
ENSG00000189143	9	12	6	22	67	262
ENSG00000189145	0	0	0	0	0	0
ENSG00000189152	0	0	0	0	0	0
ENSG00000189166	0	0	0	0	0	0
ENSG00000189169	0	0	0	0	0	0
ENSG00000189181	0	0	0	0	0	0
ENSG00000189182	0	0	0	0	0	0
ENSG00000189184	177	66	100	366	109	896
ENSG00000189238	0	0	0	0	0	0
ENSG00000189253	0	0	0	0	0	0
ENSG00000189275	0	0	0	0	0	0
ENSG00000189295	0	0	0	0	0	0
ENSG00000189299	0	0	0	0	0	0
ENSG00000189316	0	0	0	0	0	0
ENSG00000189320	0	1	0	3	0	10
ENSG00000189326	0	0	0	0	0	0
ENSG00000189348	0	0	0	0	0	0
ENSG00000189350	0	0	0	0	0	0
ENSG00000189357	0	0	0	0	0	0
ENSG00000189369	0	0	0	0	0	0
ENSG00000189372	0	0	0	0	0	0
ENSG00000189376	72	56	66	107	60	153
ENSG00000189377	0	0	0	0	0	0
ENSG00000189398	0	0	0	0	0	0
ENSG00000189401	0	0	0	0	0	0
ENSG00000189410	300	344	372	233	145	322
ENSG00000189420	0	0	0	0	0	0
ENSG00000189431	0	0	0	0	0	0
ENSG00000194297	0	0	0	0	0	0
ENSG00000194717	0	0	0	0	0	0
ENSG00000195024	0	0	0	0	0	0
ENSG00000195401	0	0	0	0	0	0
ENSG00000196071	0	0	0	0	0	0
ENSG00000196085	0	0	0	0	0	0
ENSG00000196090	0	0	0	0	0	0
ENSG00000196092	31	10	23	9	5	56
ENSG00000196098	0	0	0	0	0	0
ENSG00000196099	0	0	0	0	0	0
ENSG00000196109	0	0	0	0	0	0
ENSG00000196115	0	0	0	0	0	0
ENSG00000196119	0	0	0	0	0	0
ENSG00000196126	0	0	0	0	0	0
ENSG00000196131	0	0	0	0	0	0
ENSG00000196132	3	0	0	1	1	7
ENSG00000196143	0	0	0	0	0	0
ENSG00000196154	673	401	423	1571	1176	6068
ENSG00000196156	0	0	0	0	0	0
ENSG00000196167	0	0	0	0	0	0
ENSG00000196169	0	0	0	0	0	0
ENSG00000196171	0	0	0	0	0	0
ENSG00000196184	0	0	0	0	0	0
ENSG00000196189	0	0	0	0	3	12
ENSG00000196209	3	6	6	2	3	34
ENSG00000196224	0	0	0	0	0	0
ENSG00000196228	0	0	0	0	0	0
ENSG00000196240	0	0	0	0	0	0
ENSG00000196242	0	0	0	0	0	0
ENSG00000196243	0	0	0	0	0	0
ENSG00000196248	0	0	0	0	0	0
ENSG00000196260	0	0	0	0	0	0
ENSG00000196266	0	0	0	0	0	0
ENSG00000196273	0	0	0	0	0	0
ENSG00000196277	0	0	0	0	0	0
ENSG00000196289	0	0	0	0	0	0
ENSG00000196301	0	0	0	0	0	0
ENSG00000196302	0	0	0	0	0	0
ENSG00000196312	318	304	292	291	141	620
ENSG00000196329	0	0	0	0	0	0
ENSG00000196341	0	0	0	0	0	0
ENSG00000196350	0	0	0	0	0	0
ENSG00000196358	298	75	59	104	16	33
ENSG00000196368	0	0	0	0	0	0
ENSG00000196376	8	9	18	37	21	82
ENSG00000196383	0	0	0	0	0	0
ENSG00000196395	0	0	0	0	0	0
ENSG00000196403	0	0	0	0	0	0
ENSG00000196407	0	0	0	0	0	0
ENSG00000196408	0	0	0	0	0	0
ENSG00000196419	8351	7055	6651	7473	3946	11916
ENSG00000196431	0	0	0	0	0	0
ENSG00000196440	0	0	0	0	0	0
ENSG00000196466	49	58	66	43	20	91
ENSG00000196468	0	0	0	0	0	0
ENSG00000196472	0	0	0	0	0	0
ENSG00000196475	0	0	0	0	0	0
ENSG00000196482	0	0	0	0	0	0
ENSG00000196534	0	0	0	0	0	0
ENSG00000196535	287	229	225	175	86	341
ENSG00000196539	0	0	0	0	0	0
ENSG00000196557	2	2	3	2	2	27
ENSG00000196562	8	2	6	32	24	114
ENSG00000196564	0	0	0	0	0	0
ENSG00000196565	0	0	0	0	0	0
ENSG00000196566	0	0	0	0	0	0
ENSG00000196570	0	0	0	0	0	0
ENSG00000196578	0	0	0	0	0	0
ENSG00000196581	0	0	0	0	0	0
ENSG00000196589	0	0	0	0	0	0
ENSG00000196600	0	0	0	0	0	0
ENSG00000196604	0	0	0	0	0	0
ENSG00000196616	0	0	0	0	0	0
ENSG00000196620	0	0	0	0	0	0
ENSG00000196634	0	0	0	0	0	0
ENSG00000196656	3	1	0	9	0	4
ENSG00000196664	0	0	0	0	0	0
ENSG00000196711	0	0	0	0	0	0
ENSG00000196734	0	0	0	0	0	0
ENSG00000196735	0	0	0	0	0	0
ENSG00000196748	0	0	0	0	0	0
ENSG00000196758	0	0	0	0	0	0
ENSG00000196767	0	0	0	0	0	0
ENSG00000196772	0	0	0	0	0	0
ENSG00000196778	0	0	0	0	0	0
ENSG00000196796	0	0	0	0	0	0
ENSG00000196800	0	0	0	0	0	0
ENSG00000196805	0	0	0	0	0	0
ENSG00000196826	0	0	0	0	0	0
ENSG00000196832	0	0	0	0	0	0
ENSG00000196839	152	124	140	104	43	170
ENSG00000196860	5	2	1	5	0	10
ENSG00000196862	0	0	0	0	0	0
ENSG00000196866	0	0	0	0	0	0
ENSG00000196872	49	9	16	17	3	32
ENSG00000196878	57	29	62	179	91	664
ENSG00000196893	0	0	0	0	0	0
ENSG00000196900	0	1	0	0	2	15
ENSG00000196933	0	0	0	0	0	0
ENSG00000196944	0	0	0	0	0	0
ENSG00000196946	0	0	0	0	0	0
ENSG00000196972	22	12	12	2	1	9
ENSG00000196979	0	0	0	0	0	0
ENSG00000196990	0	0	0	0	0	0
ENSG00000196993	3	0	0	3	0	10
ENSG00000197016	386	179	150	346	151	752
ENSG00000197023	0	0	0	0	0	0
ENSG00000197038	0	0	0	0	0	0
ENSG00000197057	0	0	0	0	0	0
ENSG00000197061	0	3	1	4	4	11
ENSG00000197084	0	0	0	0	0	0
ENSG00000197085	0	0	0	0	0	0
ENSG00000197093	5	5	6	0	0	7
ENSG00000197106	0	0	0	0	0	0
ENSG00000197110	0	0	0	0	0	0
ENSG00000197121	618	494	460	865	234	1492
ENSG00000197123	0	0	0	0	0	0
ENSG00000197125	0	0	0	0	0	0
ENSG00000197149	0	0	1	0	0	0
ENSG00000197161	0	0	0	0	0	0
ENSG00000197162	131	98	89	132	60	277
ENSG00000197165	0	0	0	0	0	0
ENSG00000197171	0	0	0	0	0	0
ENSG00000197176	0	0	0	0	0	0
ENSG00000197177	0	0	0	0	0	0
ENSG00000197185	0	0	0	0	0	0
ENSG00000197210	0	0	0	0	0	0
ENSG00000197214	0	0	0	0	0	0
ENSG00000197233	0	0	0	0	0	0
ENSG00000197238	0	0	0	0	0	0
ENSG00000197245	0	0	0	0	2	6
ENSG00000197253	0	0	0	0	0	0
ENSG00000197254	0	0	0	0	0	0
ENSG00000197258	49	34	34	34	13	46
ENSG00000197272	0	0	0	0	0	0
ENSG00000197273	0	0	0	0	0	0
ENSG00000197308	0	0	0	0	0	0
ENSG00000197309	0	0	0	0	0	0
ENSG00000197320	0	0	0	0	0	0
ENSG00000197322	0	0	0	0	0	0
ENSG00000197334	0	0	0	0	0	0
ENSG00000197358	1	1	1	3	0	11
ENSG00000197361	7	6	1	1	5	3
ENSG00000197364	0	0	0	0	0	0
ENSG00000197376	0	0	0	0	0	0
ENSG00000197403	0	0	0	0	0	0
ENSG00000197408	0	0	0	0	0	0
ENSG00000197409	0	0	0	0	0	0
ENSG00000197410	53	28	17	17	2	25
ENSG00000197421	0	0	0	0	0	0
ENSG00000197428	0	0	0	0	0	0
ENSG00000197437	0	0	0	0	0	0
ENSG00000197454	0	0	0	0	0	0
ENSG00000197462	0	0	0	0	0	0
ENSG00000197465	0	0	0	0	0	0
ENSG00000197468	0	0	0	0	0	0
ENSG00000197471	0	0	0	0	0	0
ENSG00000197475	0	0	0	0	0	0
ENSG00000197476	0	0	0	0	0	0
ENSG00000197479	3	3	6	0	0	1
ENSG00000197498	1010	1022	1203	1519	947	3616
ENSG00000197503	0	0	0	0	0	0
ENSG00000197506	2	2	5	10	7	44
ENSG00000197520	0	0	0	0	0	0
ENSG00000197532	0	0	0	0	0	0
ENSG00000197536	7	14	22	2	6	27
ENSG00000197549	0	0	0	0	0	0
ENSG00000197550	0	0	0	0	0	0
ENSG00000197576	0	0	0	0	0	0
ENSG00000197584	0	0	0	0	0	0
ENSG00000197585	0	0	0	0	0	0
ENSG00000197588	0	0	0	0	0	0
ENSG00000197591	0	0	0	0	0	0
ENSG00000197595	0	0	0	0	0	0
ENSG00000197614	0	0	0	0	0	0
ENSG00000197616	0	0	0	0	0	0
ENSG00000197627	0	0	0	0	0	0
ENSG00000197629	0	0	0	0	0	0
ENSG00000197632	6	0	1	17	5	11
ENSG00000197635	5	0	0	9	9	26
ENSG00000197641	0	0	0	0	0	0
ENSG00000197644	0	0	0	0	0	0
ENSG00000197651	0	0	0	0	0	0
ENSG00000197658	0	0	0	0	0	0
ENSG00000197665	0	0	0	0	0	0
ENSG00000197674	0	0	0	0	0	0
ENSG00000197683	0	0	0	0	0	0
ENSG00000197692	0	0	0	0	0	0
ENSG00000197705	0	0	0	0	0	0
ENSG00000197706	0	0	0	0	0	0
ENSG00000197745	0	0	0	0	0	0
ENSG00000197753	0	0	0	0	0	0
ENSG00000197766	7	8	5	3	9	45
ENSG00000197786	0	0	0	0	0	0
ENSG00000197790	0	0	0	0	0	0
ENSG00000197794	0	0	0	0	0	0
ENSG00000197815	9	17	13	4	5	18
ENSG00000197837	1	0	1	2	5	18
ENSG00000197838	0	0	0	0	0	0
ENSG00000197849	0	0	0	0	0	0
ENSG00000197859	0	0	0	0	0	0
ENSG00000197866	0	0	0	0	0	0
ENSG00000197870	0	0	0	0	0	0
ENSG00000197872	0	0	0	0	0	0
ENSG00000197887	0	0	0	0	0	0
ENSG00000197888	0	0	0	0	0	0
ENSG00000197891	0	0	0	0	0	0
ENSG00000197903	194	110	117	336	324	1020
ENSG00000197921	0	0	0	0	0	0
ENSG00000197934	6	4	2	7	0	15
ENSG00000197935	0	1	3	4	0	12
ENSG00000197938	0	0	0	0	0	0
ENSG00000197953	0	0	0	0	0	0
ENSG00000197971	11	15	4	9	3	39
ENSG00000197976	577	468	514	551	382	1354
ENSG00000197984	0	0	0	0	0	0
ENSG00000197990	0	0	0	0	0	0
ENSG00000197991	0	0	0	0	0	0
ENSG00000197992	0	0	0	0	0	0
ENSG00000198003	57	24	22	48	18	96
ENSG00000198010	0	0	0	0	0	0
ENSG00000198019	0	0	0	0	0	0
ENSG00000198021	0	0	0	0	0	0
ENSG00000198022	0	0	0	0	0	0
ENSG00000198033	0	0	0	0	0	0
ENSG00000198049	0	0	0	0	0	0
ENSG00000198054	0	0	0	0	0	0
ENSG00000198060	621	570	670	559	254	1077
ENSG00000198062	0	0	0	0	0	0
ENSG00000198075	0	0	0	0	0	0
ENSG00000198077	0	0	0	0	0	0
ENSG00000198083	0	0	0	0	0	0
ENSG00000198088	0	0	0	0	0	0
ENSG00000198090	0	0	0	0	0	0
ENSG00000198092	0	0	0	0	0	0
ENSG00000198104	0	0	0	0	0	0
ENSG00000198108	0	0	0	0	0	0
ENSG00000198125	3	0	1	2	4	15
ENSG00000198128	0	0	0	0	0	0
ENSG00000198129	0	0	0	0	0	0
ENSG00000198157	140	83	101	41	9	34
ENSG00000198173	0	0	0	0	0	0
ENSG00000198178	0	0	0	0	0	0
ENSG00000198183	0	0	0	0	0	0
ENSG00000198185	0	0	0	0	0	0
ENSG00000198203	0	0	0	0	0	0
ENSG00000198211	0	0	0	0	0	0
ENSG00000198217	0	0	0	0	0	0
ENSG00000198223	0	0	0	0	0	0
ENSG00000198251	0	0	0	0	0	0
ENSG00000198261	0	0	0	0	0	0
ENSG00000198277	0	0	0	0	0	0
ENSG00000198284	0	0	0	0	0	0
ENSG00000198358	0	0	0	0	0	0
ENSG00000198367	0	0	0	0	0	0
ENSG00000198390	0	0	0	0	0	0
ENSG00000198398	0	0	0	0	0	0
ENSG00000198400	0	1	0	8	0	7
ENSG00000198414	0	0	0	0	0	0
ENSG00000198420	345	235	291	104	28	95
ENSG00000198445	0	0	0	0	0	0
ENSG00000198452	0	0	0	0	0	0
ENSG00000198454	0	0	0	0	0	0
ENSG00000198471	0	0	0	0	0	0
ENSG00000198491	0	0	0	0	0	0
ENSG00000198502	0	0	0	0	0	0
ENSG00000198523	0	0	0	0	0	0
ENSG00000198526	0	0	0	0	0	0
ENSG00000198535	2	0	0	3	3	27
ENSG00000198547	0	0	0	0	0	0
ENSG00000198555	0	0	0	0	0	0
ENSG00000198570	0	0	0	0	0	0
ENSG00000198576	4	7	1	1	4	19
ENSG00000198580	0	2	0	4	7	10
ENSG00000198589	623	557	593	420	123	474
ENSG00000198624	40	23	18	12	3	33
ENSG00000198626	11	23	8	4	1	6
ENSG00000198646	1997	1433	1503	2289	1213	4356
ENSG00000198670	0	0	0	0	0	0
ENSG00000198671	0	0	0	0	0	0
ENSG00000198674	0	0	0	0	0	0
ENSG00000198678	0	0	0	0	0	0
ENSG00000198692	0	0	0	1	0	0
ENSG00000198703	0	0	0	0	0	0
ENSG00000198711	6	3	4	0	0	6
ENSG00000198723	15	20	10	3	9	32
ENSG00000198732	0	0	0	0	0	0
ENSG00000198738	0	0	0	0	0	0
ENSG00000198752	1226	876	923	1206	592	2445
ENSG00000198758	0	0	0	0	0	0
ENSG00000198765	0	0	0	0	0	0
ENSG00000198774	0	0	0	0	0	0
ENSG00000198787	0	0	0	0	0	0
ENSG00000198797	0	0	0	0	0	0
ENSG00000198798	0	0	0	0	0	0
ENSG00000198812	0	0	0	0	0	0
ENSG00000198822	0	0	0	0	0	0
ENSG00000198829	0	0	0	0	0	0
ENSG00000198835	11	5	13	40	25	106
ENSG00000198842	0	0	0	0	0	0
ENSG00000198844	0	0	0	0	0	0
ENSG00000198846	0	0	0	0	0	0
ENSG00000198848	0	0	0	0	0	0
ENSG00000198851	0	0	0	0	0	0
ENSG00000198854	0	0	0	0	0	0
ENSG00000198857	0	0	0	2	1	9
ENSG00000198883	0	0	0	0	0	0
ENSG00000198889	0	0	0	0	0	0
ENSG00000198923	0	0	0	0	0	0
ENSG00000198929	13	9	9	8	0	23
ENSG00000198932	20	18	20	7	6	22
ENSG00000198947	968	817	811	495	211	848
ENSG00000198959	51	10	49	43	5	75
ENSG00000198963	0	0	0	0	0	0
ENSG00000198965	0	0	0	0	0	0
ENSG00000198967	0	0	0	0	0	0
ENSG00000198972	0	0	0	0	0	0
ENSG00000198973	0	0	0	0	0	0
ENSG00000198974	0	0	0	0	0	0
ENSG00000198976	0	0	0	0	0	0
ENSG00000198982	0	0	0	0	0	0
ENSG00000198983	0	0	0	0	0	0
ENSG00000198984	0	0	0	0	0	0
ENSG00000198987	0	0	0	0	0	0
ENSG00000198995	0	0	0	0	0	0
ENSG00000198997	0	0	0	0	0	0
ENSG00000199001	0	0	0	0	0	0
ENSG00000199005	0	0	0	0	0	0
ENSG00000199012	0	0	0	0	0	0
ENSG00000199015	0	0	0	0	0	0
ENSG00000199017	0	0	0	0	0	0
ENSG00000199020	0	0	0	0	0	0
ENSG00000199023	0	0	0	0	0	0
ENSG00000199025	0	0	0	0	0	0
ENSG00000199030	0	0	0	0	0	0
ENSG00000199031	0	0	0	0	0	0
ENSG00000199032	0	0	0	0	0	0
ENSG00000199043	0	0	0	0	0	0
ENSG00000199047	0	0	0	0	0	0
ENSG00000199051	0	0	0	0	0	0
ENSG00000199059	0	0	0	0	0	0
ENSG00000199065	0	0	0	0	0	0
ENSG00000199069	0	0	0	0	0	0
ENSG00000199072	0	0	0	0	0	0
ENSG00000199075	0	0	0	0	0	0
ENSG00000199077	0	0	0	0	0	0
ENSG00000199080	0	0	0	0	0	0
ENSG00000199082	0	0	0	0	0	0
ENSG00000199085	0	0	0	0	0	0
ENSG00000199088	0	0	0	0	0	0
ENSG00000199090	0	0	0	0	0	0
ENSG00000199092	0	0	0	0	0	0
ENSG00000199095	0	0	0	0	0	0
ENSG00000199104	0	0	0	0	0	0
ENSG00000199107	0	0	0	0	0	0
ENSG00000199109	0	0	0	0	0	0
ENSG00000199121	0	0	0	0	0	0
ENSG00000199122	0	0	0	0	0	0
ENSG00000199127	0	0	0	0	0	0
ENSG00000199130	0	0	0	0	0	0
ENSG00000199132	0	0	0	0	0	0
ENSG00000199135	0	0	0	0	0	0
ENSG00000199143	0	0	0	0	0	0
ENSG00000199151	0	0	0	0	0	0
ENSG00000199153	0	0	0	0	0	0
ENSG00000199156	0	0	0	0	0	0
ENSG00000199157	0	0	0	0	0	0
ENSG00000199158	0	0	0	0	0	0
ENSG00000199161	0	0	0	0	0	0
ENSG00000199168	0	0	0	0	0	0
ENSG00000199169	0	0	0	0	0	0
ENSG00000199172	0	0	0	0	0	0
ENSG00000199196	0	0	0	0	0	0
ENSG00000199197	0	0	0	0	0	0
ENSG00000199200	0	0	0	0	0	0
ENSG00000199201	0	0	0	0	0	0
ENSG00000199202	0	0	0	0	0	0
ENSG00000199203	0	0	0	0	0	0
ENSG00000199204	0	0	0	0	0	0
ENSG00000199212	0	0	0	0	0	0
ENSG00000199217	0	0	0	0	0	0
ENSG00000199218	0	0	0	0	0	0
ENSG00000199219	0	0	0	0	0	0
ENSG00000199220	0	0	0	0	0	0
ENSG00000199222	0	0	0	0	0	0
ENSG00000199223	0	0	0	0	0	0
ENSG00000199224	0	0	0	0	0	0
ENSG00000199231	0	0	0	0	0	0
ENSG00000199240	0	0	0	0	0	0
ENSG00000199241	0	0	0	0	0	0
ENSG00000199245	0	0	0	0	0	0
ENSG00000199246	0	0	0	0	0	0
ENSG00000199248	0	0	0	0	0	0
ENSG00000199251	0	0	0	0	0	0
ENSG00000199260	0	0	0	0	0	0
ENSG00000199263	0	0	0	0	0	0
ENSG00000199270	0	0	0	0	0	0
ENSG00000199272	0	0	0	0	0	0
ENSG00000199273	0	0	0	0	0	0
ENSG00000199276	0	0	0	0	0	0
ENSG00000199279	0	0	0	0	0	0
ENSG00000199282	0	0	0	0	0	0
ENSG00000199283	0	0	0	0	0	0
ENSG00000199285	0	0	0	0	0	0
ENSG00000199286	0	0	0	0	0	0
ENSG00000199289	0	0	0	0	0	0
ENSG00000199290	0	0	0	0	0	0
ENSG00000199291	0	0	0	0	0	0
ENSG00000199293	0	0	0	0	0	0
ENSG00000199295	0	0	0	0	0	0
ENSG00000199299	0	0	0	0	0	0
ENSG00000199301	0	0	0	0	0	0
ENSG00000199303	0	0	0	0	0	0
ENSG00000199306	0	0	0	0	0	0
ENSG00000199308	0	0	0	0	0	0
ENSG00000199311	0	0	0	0	0	0
ENSG00000199315	0	0	0	0	0	0
ENSG00000199319	0	0	0	0	0	0
ENSG00000199321	0	0	0	0	0	0
ENSG00000199322	0	0	0	0	0	0
ENSG00000199325	0	0	0	0	0	0
ENSG00000199326	0	0	0	0	0	0
ENSG00000199327	0	0	0	0	0	0
ENSG00000199334	0	0	0	0	0	0
ENSG00000199335	0	0	0	0	0	0
ENSG00000199337	0	0	0	0	0	0
ENSG00000199347	0	0	0	0	0	0
ENSG00000199348	0	0	0	0	0	0
ENSG00000199350	0	0	0	0	0	0
ENSG00000199352	0	0	0	0	0	0
ENSG00000199354	0	0	0	0	0	0
ENSG00000199360	0	0	0	0	0	0
ENSG00000199361	0	0	0	0	0	0
ENSG00000199362	0	0	0	0	0	0
ENSG00000199363	0	0	0	0	0	0
ENSG00000199364	0	0	0	0	0	0
ENSG00000199366	0	0	0	0	0	0
ENSG00000199368	0	0	0	0	0	0
ENSG00000199370	0	0	0	0	0	0
ENSG00000199373	0	0	0	0	0	0
ENSG00000199377	0	0	0	0	0	0
ENSG00000199378	0	0	0	0	0	0
ENSG00000199381	0	0	0	0	0	0
ENSG00000199385	0	0	0	0	0	0
ENSG00000199390	0	0	0	0	0	0
ENSG00000199392	0	0	0	0	0	0
ENSG00000199394	0	0	0	0	0	0
ENSG00000199395	0	0	0	0	0	0
ENSG00000199396	0	0	0	0	0	0
ENSG00000199398	0	0	0	0	0	0
ENSG00000199400	0	0	0	0	0	0
ENSG00000199402	0	0	0	0	0	0
ENSG00000199404	0	0	0	0	0	0
ENSG00000199405	0	0	0	0	0	0
ENSG00000199407	0	0	0	0	0	0
ENSG00000199409	0	0	0	0	0	0
ENSG00000199410	0	0	0	0	0	0
ENSG00000199411	0	0	0	0	0	0
ENSG00000199415	0	0	0	0	0	0
ENSG00000199420	0	0	0	0	0	0
ENSG00000199422	0	0	0	0	0	0
ENSG00000199424	0	0	0	0	0	0
ENSG00000199426	0	0	0	0	0	0
ENSG00000199440	0	0	0	0	0	0
ENSG00000199442	0	0	0	0	0	0
ENSG00000199444	0	0	0	0	0	0
ENSG00000199446	0	0	0	0	0	0
ENSG00000199448	0	0	0	0	0	0
ENSG00000199450	0	0	0	0	0	0
ENSG00000199453	0	0	0	0	0	0
ENSG00000199454	0	0	0	0	0	0
ENSG00000199455	0	0	0	0	0	0
ENSG00000199459	0	0	0	0	0	0
ENSG00000199460	0	0	0	0	0	0
ENSG00000199461	0	0	0	0	0	0
ENSG00000199466	0	0	0	0	0	0
ENSG00000199468	0	0	0	0	0	0
ENSG00000199469	0	0	0	0	0	0
ENSG00000199470	0	0	0	0	0	0
ENSG00000199473	0	0	0	0	0	0
ENSG00000199474	0	0	0	0	0	0
ENSG00000199475	0	0	0	0	0	0
ENSG00000199480	0	0	0	0	0	0
ENSG00000199482	0	0	0	0	0	0
ENSG00000199483	0	0	0	0	0	0
ENSG00000199487	0	0	0	0	0	0
ENSG00000199489	0	0	0	0	0	0
ENSG00000199490	0	0	0	0	0	0
ENSG00000199492	0	0	0	0	0	0
ENSG00000199497	0	0	0	0	0	0
ENSG00000199508	0	0	0	0	0	0
ENSG00000199512	0	0	0	0	0	0
ENSG00000199514	0	0	0	0	0	0
ENSG00000199515	0	0	0	0	0	0
ENSG00000199516	0	0	0	0	0	0
ENSG00000199520	0	0	0	0	0	0
ENSG00000199523	0	0	0	0	0	0
ENSG00000199529	0	0	0	0	0	0
ENSG00000199530	0	0	0	0	0	0
ENSG00000199535	0	0	0	0	0	0
ENSG00000199546	0	0	0	0	0	0
ENSG00000199550	0	0	0	0	0	0
ENSG00000199551	0	0	0	0	0	0
ENSG00000199552	0	0	0	0	0	0
ENSG00000199556	0	0	0	0	0	0
ENSG00000199564	0	0	0	0	0	0
ENSG00000199565	0	0	0	0	0	0
ENSG00000199566	0	0	0	0	0	0
ENSG00000199567	0	0	0	0	0	0
ENSG00000199571	0	0	0	0	0	0
ENSG00000199572	0	0	0	0	0	0
ENSG00000199574	0	0	0	0	0	0
ENSG00000199575	0	0	0	0	0	0
ENSG00000199577	0	0	0	0	0	0
ENSG00000199580	0	0	0	0	0	0
ENSG00000199584	0	0	0	0	0	0
ENSG00000199585	0	0	0	0	0	0
ENSG00000199591	0	0	0	0	0	0
ENSG00000199592	0	0	0	0	0	0
ENSG00000199593	0	0	0	0	0	0
ENSG00000199594	0	0	0	0	0	0
ENSG00000199595	0	0	0	0	0	0
ENSG00000199598	0	0	0	0	0	0
ENSG00000199601	0	0	0	0	0	0
ENSG00000199603	0	0	0	0	0	0
ENSG00000199605	0	0	0	0	0	0
ENSG00000199609	0	0	0	0	0	0
ENSG00000199620	0	0	0	0	0	0
ENSG00000199622	0	0	0	0	0	0
ENSG00000199626	0	0	0	0	0	0
ENSG00000199627	0	0	0	0	0	0
ENSG00000199629	0	0	0	0	0	0
ENSG00000199630	0	0	0	0	0	0
ENSG00000199631	0	0	0	0	0	0
ENSG00000199633	0	0	0	0	0	0
ENSG00000199634	0	0	0	0	0	0
ENSG00000199635	0	0	0	0	0	0
ENSG00000199636	0	0	0	0	0	0
ENSG00000199638	0	0	0	0	0	0
ENSG00000199640	0	0	0	0	0	0
ENSG00000199643	0	0	0	0	0	0
ENSG00000199645	0	0	0	0	0	0
ENSG00000199646	0	0	0	0	0	0
ENSG00000199652	0	0	0	0	0	0
ENSG00000199664	0	0	0	0	0	0
ENSG00000199666	0	0	0	0	0	0
ENSG00000199667	0	0	0	0	0	0
ENSG00000199668	0	0	0	0	0	0
ENSG00000199673	0	0	0	0	0	0
ENSG00000199674	0	0	0	0	0	0
ENSG00000199676	0	0	0	0	0	0
ENSG00000199677	0	0	0	0	0	0
ENSG00000199683	0	0	0	0	0	0
ENSG00000199687	0	0	0	0	0	0
ENSG00000199695	0	0	0	0	0	0
ENSG00000199698	0	0	0	0	0	0
ENSG00000199700	0	0	0	0	0	0
ENSG00000199701	0	0	0	0	0	0
ENSG00000199702	0	0	0	0	0	0
ENSG00000199704	0	0	0	0	0	0
ENSG00000199705	0	0	0	0	0	0
ENSG00000199709	0	0	0	0	0	0
ENSG00000199710	0	0	0	0	0	0
ENSG00000199711	0	0	0	0	0	0
ENSG00000199712	0	0	0	0	0	0
ENSG00000199713	0	0	0	0	0	0
ENSG00000199715	0	0	0	0	0	0
ENSG00000199716	0	0	0	0	0	0
ENSG00000199728	0	0	0	0	0	0
ENSG00000199730	0	0	0	0	0	0
ENSG00000199731	0	0	0	0	0	0
ENSG00000199732	0	0	0	0	0	0
ENSG00000199733	0	0	0	0	0	0
ENSG00000199735	0	0	0	0	0	0
ENSG00000199739	0	0	0	0	0	0
ENSG00000199740	0	0	0	0	0	0
ENSG00000199744	0	0	0	0	0	0
ENSG00000199751	0	0	0	0	0	0
ENSG00000199755	0	0	0	0	0	0
ENSG00000199756	0	0	0	0	0	0
ENSG00000199762	0	0	0	0	0	0
ENSG00000199764	0	0	0	0	0	0
ENSG00000199765	0	0	0	0	0	0
ENSG00000199767	0	0	0	0	0	0
ENSG00000199771	0	0	0	0	0	0
ENSG00000199773	0	0	0	0	0	0
ENSG00000199780	0	0	0	0	0	0
ENSG00000199781	0	0	0	0	0	0
ENSG00000199782	0	0	0	0	0	0
ENSG00000199783	0	0	0	0	0	0
ENSG00000199784	0	0	0	0	0	0
ENSG00000199785	0	0	0	0	0	0
ENSG00000199786	0	0	0	0	0	0
ENSG00000199788	0	0	0	0	0	0
ENSG00000199790	0	0	0	0	0	0
ENSG00000199791	0	0	0	0	0	0
ENSG00000199792	0	0	0	0	0	0
ENSG00000199796	0	0	0	0	0	0
ENSG00000199797	0	0	0	0	0	0
ENSG00000199798	0	0	0	0	0	0
ENSG00000199801	0	0	0	0	0	0
ENSG00000199803	0	0	0	0	0	0
ENSG00000199804	5	2	6	2	0	15
ENSG00000199806	0	0	0	0	0	0
ENSG00000199809	0	0	0	0	0	0
ENSG00000199812	0	0	0	0	0	0
ENSG00000199814	0	0	0	0	0	0
ENSG00000199815	0	0	0	0	0	0
ENSG00000199824	0	0	0	0	0	0
ENSG00000199827	0	0	0	0	0	0
ENSG00000199831	0	0	0	0	0	0
ENSG00000199832	0	0	0	0	0	0
ENSG00000199833	0	0	0	0	0	0
ENSG00000199836	0	0	0	0	0	0
ENSG00000199837	0	0	0	0	0	0
ENSG00000199839	0	0	0	0	0	0
ENSG00000199840	0	0	0	0	0	0
ENSG00000199843	0	0	0	0	0	0
ENSG00000199845	0	0	0	0	0	0
ENSG00000199849	0	0	0	0	0	0
ENSG00000199851	0	0	0	0	0	0
ENSG00000199856	0	0	0	0	0	0
ENSG00000199857	0	0	0	0	0	0
ENSG00000199858	0	0	0	0	0	0
ENSG00000199859	0	0	0	0	0	0
ENSG00000199862	0	0	0	0	0	0
ENSG00000199865	0	0	0	0	0	0
ENSG00000199866	0	0	0	0	0	0
ENSG00000199867	0	0	0	0	0	0
ENSG00000199870	0	0	0	0	0	0
ENSG00000199872	0	0	0	0	0	0
ENSG00000199874	0	0	0	0	0	0
ENSG00000199878	0	0	0	0	0	0
ENSG00000199879	0	0	0	0	0	0
ENSG00000199880	0	0	0	0	0	0
ENSG00000199881	0	0	0	0	0	0
ENSG00000199883	0	0	0	0	0	0
ENSG00000199884	0	0	0	0	0	0
ENSG00000199885	0	0	0	0	0	0
ENSG00000199886	0	0	0	0	0	0
ENSG00000199890	0	4	1	5	0	6
ENSG00000199892	0	0	0	0	0	0
ENSG00000199894	0	0	0	0	0	0
ENSG00000199895	0	0	0	0	0	0
ENSG00000199899	0	0	0	0	0	0
ENSG00000199900	0	0	0	0	0	0
ENSG00000199901	0	0	0	0	0	0
ENSG00000199903	0	0	0	0	0	0
ENSG00000199905	0	0	0	0	0	0
ENSG00000199910	0	0	0	0	0	0
ENSG00000199911	0	0	0	0	0	0
ENSG00000199912	0	0	0	0	0	0
ENSG00000199913	0	0	0	0	0	0
ENSG00000199914	0	0	0	0	0	0
ENSG00000199920	0	0	0	0	0	0
ENSG00000199921	0	0	0	0	0	0
ENSG00000199924	0	0	0	0	0	0
ENSG00000199927	0	0	0	0	0	0
ENSG00000199929	0	0	0	0	0	0
ENSG00000199932	0	0	0	0	0	0
ENSG00000199934	0	0	0	0	0	0
ENSG00000199936	0	0	0	0	0	0
ENSG00000199938	0	0	0	0	0	0
ENSG00000199940	0	0	0	0	0	0
ENSG00000199942	0	0	0	0	0	0
ENSG00000199944	0	0	0	0	0	0
ENSG00000199949	0	0	0	0	0	0
ENSG00000199953	0	0	0	0	0	0
ENSG00000199959	0	0	0	0	0	0
ENSG00000199960	0	0	0	0	0	0
ENSG00000199962	0	0	0	0	0	0
ENSG00000199964	0	0	0	0	0	0
ENSG00000199968	0	0	0	0	0	0
ENSG00000199970	0	0	0	0	0	0
ENSG00000199971	0	0	0	0	0	0
ENSG00000199975	0	0	0	0	0	0
ENSG00000199979	0	0	0	0	0	0
ENSG00000199985	0	0	0	0	0	0
ENSG00000199986	0	0	0	0	0	0
ENSG00000199994	0	0	0	0	0	0
ENSG00000200003	0	0	0	0	0	0
ENSG00000200008	0	0	0	0	0	0
ENSG00000200011	0	0	0	0	0	0
ENSG00000200013	0	0	0	0	0	0
ENSG00000200021	0	0	0	0	0	0
ENSG00000200024	0	0	0	0	0	0
ENSG00000200026	0	0	0	0	0	0
ENSG00000200028	0	0	0	0	0	0
ENSG00000200029	0	0	0	0	0	0
ENSG00000200033	0	0	0	0	0	0
ENSG00000200034	0	0	0	0	0	0
ENSG00000200036	0	0	0	0	0	0
ENSG00000200040	0	0	0	0	0	0
ENSG00000200041	0	0	0	0	0	0
ENSG00000200047	0	0	0	0	0	0
ENSG00000200048	0	0	0	0	0	0
ENSG00000200049	0	0	0	0	0	0
ENSG00000200051	0	0	0	0	0	0
ENSG00000200052	0	0	0	0	0	0
ENSG00000200057	0	0	0	0	0	0
ENSG00000200059	0	0	0	0	0	0
ENSG00000200060	0	0	0	0	0	0
ENSG00000200062	0	0	0	0	0	0
ENSG00000200064	0	0	0	0	0	0
ENSG00000200065	0	0	0	0	0	0
ENSG00000200070	0	0	0	0	0	0
ENSG00000200072	0	0	0	0	0	0
ENSG00000200079	0	0	0	0	0	0
ENSG00000200084	0	0	0	0	0	0
ENSG00000200085	0	0	0	0	0	0
ENSG00000200086	0	0	0	0	0	0
ENSG00000200087	21	29	11	12	13	47
ENSG00000200089	0	0	0	0	0	0
ENSG00000200090	4	11	7	2	0	5
ENSG00000200091	0	0	0	0	0	0
ENSG00000200097	0	0	0	0	0	0
ENSG00000200101	0	0	0	0	0	0
ENSG00000200102	0	0	0	0	0	0
ENSG00000200105	0	0	0	0	0	0
ENSG00000200106	0	0	0	0	0	0
ENSG00000200107	0	0	0	0	0	0
ENSG00000200108	0	0	0	0	0	0
ENSG00000200112	0	0	0	0	0	0
ENSG00000200113	0	0	0	0	0	0
ENSG00000200118	0	0	0	0	0	0
ENSG00000200121	0	0	0	0	0	0
ENSG00000200131	0	0	0	0	0	0
ENSG00000200132	0	0	0	0	0	0
ENSG00000200138	0	0	0	0	0	0
ENSG00000200139	0	0	0	0	0	0
ENSG00000200142	0	0	0	0	0	0
ENSG00000200146	0	0	0	0	0	0
ENSG00000200150	0	0	0	0	0	0
ENSG00000200151	0	0	0	0	0	0
ENSG00000200153	0	0	0	0	0	0
ENSG00000200156	0	0	0	0	0	0
ENSG00000200161	0	0	0	0	0	0
ENSG00000200162	0	0	0	0	0	0
ENSG00000200163	0	0	0	0	0	0
ENSG00000200164	0	0	0	0	0	0
ENSG00000200168	0	0	0	0	0	0
ENSG00000200171	0	0	0	0	0	0
ENSG00000200174	0	0	0	0	0	0
ENSG00000200175	0	0	0	0	0	0
ENSG00000200176	0	0	0	0	0	0
ENSG00000200179	0	0	0	0	0	0
ENSG00000200183	0	0	0	0	0	0
ENSG00000200184	0	0	0	0	0	0
ENSG00000200189	0	0	0	0	0	0
ENSG00000200191	0	0	0	0	0	0
ENSG00000200197	0	0	0	0	0	0
ENSG00000200198	0	0	0	0	0	0
ENSG00000200201	0	0	0	0	0	0
ENSG00000200204	0	0	0	0	0	0
ENSG00000200206	0	0	0	0	0	0
ENSG00000200208	0	0	0	0	0	0
ENSG00000200209	0	0	0	0	0	0
ENSG00000200211	0	0	0	0	0	0
ENSG00000200213	0	0	0	0	0	0
ENSG00000200215	0	0	0	0	0	0
ENSG00000200216	0	0	0	0	0	0
ENSG00000200217	0	0	0	0	0	0
ENSG00000200218	0	0	0	0	0	0
ENSG00000200220	0	0	0	0	0	0
ENSG00000200222	0	0	0	0	0	0
ENSG00000200224	0	0	0	0	0	0
ENSG00000200225	0	0	0	0	0	0
ENSG00000200227	0	0	0	0	0	0
ENSG00000200231	0	0	0	0	0	0
ENSG00000200235	0	0	0	0	0	0
ENSG00000200237	0	0	1	0	0	1
ENSG00000200238	0	0	0	0	0	0
ENSG00000200241	0	0	0	0	0	0
ENSG00000200243	0	0	0	0	0	0
ENSG00000200246	0	0	0	0	0	0
ENSG00000200247	0	0	0	0	0	0
ENSG00000200248	0	0	0	0	0	0
ENSG00000200250	0	0	0	0	0	0
ENSG00000200252	0	0	0	0	0	0
ENSG00000200253	0	0	0	0	0	0
ENSG00000200254	0	0	0	0	0	0
ENSG00000200256	0	0	0	0	0	0
ENSG00000200257	0	0	0	0	0	0
ENSG00000200259	0	0	0	0	0	0
ENSG00000200261	0	0	0	0	0	0
ENSG00000200267	0	0	0	0	0	0
ENSG00000200269	0	0	0	0	0	0
ENSG00000200274	0	0	0	0	0	0
ENSG00000200275	0	0	0	0	0	0
ENSG00000200278	0	0	0	0	0	0
ENSG00000200279	0	0	0	0	0	0
ENSG00000200281	0	0	0	0	0	0
ENSG00000200283	0	0	0	0	0	0
ENSG00000200287	0	0	0	0	0	0
ENSG00000200288	0	0	0	0	0	0
ENSG00000200291	0	0	0	0	0	0
ENSG00000200293	0	0	0	0	0	0
ENSG00000200294	0	0	0	0	0	0
ENSG00000200295	0	0	0	0	0	0
ENSG00000200296	0	0	0	0	0	0
ENSG00000200298	0	0	0	0	0	0
ENSG00000200301	0	0	0	0	0	0
ENSG00000200303	0	0	0	0	0	0
ENSG00000200304	0	0	0	0	0	0
ENSG00000200305	0	0	0	0	0	0
ENSG00000200309	0	0	0	0	0	0
ENSG00000200310	0	0	0	0	0	0
ENSG00000200312	0	0	1	0	1	1
ENSG00000200313	0	0	0	0	0	0
ENSG00000200314	0	0	0	0	0	0
ENSG00000200318	0	0	0	0	0	0
ENSG00000200320	0	0	0	0	0	0
ENSG00000200325	0	0	0	0	0	0
ENSG00000200326	0	0	0	0	0	0
ENSG00000200327	0	0	0	0	0	0
ENSG00000200331	0	0	0	0	0	0
ENSG00000200334	0	0	0	0	0	0
ENSG00000200336	0	0	0	0	0	0
ENSG00000200338	0	0	0	0	0	0
ENSG00000200340	0	0	0	0	0	0
ENSG00000200343	0	0	0	0	0	0
ENSG00000200345	0	0	0	0	0	0
ENSG00000200351	0	0	0	0	0	0
ENSG00000200354	1	0	0	3	3	9
ENSG00000200356	0	0	0	0	0	0
ENSG00000200360	0	0	0	0	0	0
ENSG00000200366	0	0	0	0	0	0
ENSG00000200367	0	0	0	0	0	0
ENSG00000200369	0	0	0	0	0	0
ENSG00000200370	0	0	0	0	0	0
ENSG00000200372	0	0	0	0	0	0
ENSG00000200377	0	0	0	0	0	0
ENSG00000200378	0	0	0	0	0	0
ENSG00000200379	0	0	0	0	0	0
ENSG00000200381	0	0	0	0	0	0
ENSG00000200385	0	0	0	0	0	0
ENSG00000200388	0	0	0	0	0	0
ENSG00000200390	0	0	0	0	0	0
ENSG00000200393	0	0	0	0	0	0
ENSG00000200397	0	0	0	0	0	0
ENSG00000200398	0	0	0	0	0	0
ENSG00000200406	0	0	0	0	0	0
ENSG00000200408	0	0	0	0	0	0
ENSG00000200411	0	0	0	0	0	0
ENSG00000200413	0	0	0	0	0	0
ENSG00000200418	0	0	0	0	0	0
ENSG00000200421	0	0	0	0	0	0
ENSG00000200422	0	0	0	0	0	0
ENSG00000200424	0	0	0	0	0	0
ENSG00000200427	0	0	0	0	0	0
ENSG00000200431	0	0	0	0	0	0
ENSG00000200432	0	0	0	0	0	0
ENSG00000200434	0	0	0	0	0	0
ENSG00000200436	0	0	0	0	0	0
ENSG00000200437	0	0	0	0	0	0
ENSG00000200443	0	0	0	0	0	0
ENSG00000200444	0	0	0	0	0	0
ENSG00000200446	0	0	0	0	0	0
ENSG00000200448	0	0	0	0	0	0
ENSG00000200455	0	0	0	0	0	0
ENSG00000200456	0	0	0	0	0	0
ENSG00000200462	0	0	0	0	0	0
ENSG00000200463	0	0	0	0	0	0
ENSG00000200468	0	0	0	0	0	0
ENSG00000200469	0	0	0	0	0	0
ENSG00000200471	0	0	0	0	0	0
ENSG00000200472	0	0	0	0	0	0
ENSG00000200473	0	0	0	0	0	0
ENSG00000200475	0	0	0	0	0	0
ENSG00000200478	0	0	0	0	0	0
ENSG00000200480	0	0	0	0	0	0
ENSG00000200483	0	0	0	0	0	0
ENSG00000200484	0	0	0	0	0	0
ENSG00000200485	0	0	0	0	0	0
ENSG00000200486	0	0	0	0	0	0
ENSG00000200487	0	0	0	0	0	0
ENSG00000200488	0	0	0	0	0	0
ENSG00000200492	0	0	0	0	0	0
ENSG00000200494	0	0	0	0	0	0
ENSG00000200496	0	0	0	0	0	0
ENSG00000200502	6	0	1	1	7	8
ENSG00000200503	0	0	0	0	0	0
ENSG00000200506	0	0	0	0	0	0
ENSG00000200508	0	0	0	0	0	0
ENSG00000200516	0	0	0	0	0	0
ENSG00000200520	0	0	0	0	0	0
ENSG00000200521	0	0	0	0	0	0
ENSG00000200522	0	0	0	0	0	0
ENSG00000200526	0	0	0	0	0	0
ENSG00000200527	0	0	0	0	0	0
ENSG00000200530	0	0	0	0	0	0
ENSG00000200536	0	0	0	0	0	0
ENSG00000200537	0	0	0	0	0	0
ENSG00000200538	0	0	0	0	0	0
ENSG00000200545	0	0	0	0	0	0
ENSG00000200547	0	0	0	0	0	0
ENSG00000200552	0	0	0	0	0	0
ENSG00000200553	0	0	0	0	0	0
ENSG00000200554	0	0	0	0	0	0
ENSG00000200555	0	0	0	0	0	0
ENSG00000200556	0	0	0	0	0	0
ENSG00000200558	0	0	0	0	0	0
ENSG00000200560	0	0	0	0	0	0
ENSG00000200563	0	0	0	0	0	0
ENSG00000200564	0	0	0	0	0	0
ENSG00000200566	0	0	0	0	0	0
ENSG00000200570	0	0	0	0	0	0
ENSG00000200571	0	0	0	0	0	0
ENSG00000200572	0	0	0	0	0	0
ENSG00000200575	0	0	0	0	0	0
ENSG00000200587	0	0	0	0	0	0
ENSG00000200593	0	0	0	0	0	0
ENSG00000200597	0	0	0	0	0	0
ENSG00000200600	0	0	0	0	0	0
ENSG00000200601	0	0	0	0	0	0
ENSG00000200605	0	0	0	0	0	0
ENSG00000200608	0	0	0	0	0	0
ENSG00000200612	0	0	0	0	0	0
ENSG00000200613	0	0	0	0	0	0
ENSG00000200615	0	0	0	0	0	0
ENSG00000200616	0	0	0	0	0	0
ENSG00000200619	0	0	0	0	0	0
ENSG00000200620	0	0	0	0	0	0
ENSG00000200622	0	0	0	0	0	0
ENSG00000200623	0	0	0	0	0	0
ENSG00000200624	0	0	0	0	0	0
ENSG00000200626	0	0	0	0	0	0
ENSG00000200629	0	0	0	0	0	0
ENSG00000200630	0	0	0	0	0	0
ENSG00000200632	0	0	0	0	0	0
ENSG00000200635	0	0	0	0	0	0
ENSG00000200636	0	0	0	0	0	0
ENSG00000200637	0	0	0	0	0	0
ENSG00000200638	0	0	0	0	0	0
ENSG00000200645	0	0	0	0	0	0
ENSG00000200646	0	0	0	0	0	0
ENSG00000200648	0	0	0	0	0	0
ENSG00000200650	0	0	0	0	0	0
ENSG00000200651	0	0	0	0	0	0
ENSG00000200652	0	0	0	0	0	0
ENSG00000200653	0	0	0	0	0	0
ENSG00000200656	0	0	0	0	0	0
ENSG00000200661	0	0	0	0	0	0
ENSG00000200664	0	0	0	0	0	0
ENSG00000200665	0	0	0	0	0	0
ENSG00000200670	0	0	0	0	0	0
ENSG00000200673	0	0	0	0	0	0
ENSG00000200677	0	0	0	0	0	0
ENSG00000200680	0	0	0	0	0	0
ENSG00000200681	0	0	0	0	0	0
ENSG00000200683	0	0	0	0	0	0
ENSG00000200685	0	0	0	0	0	0
ENSG00000200686	0	0	0	0	0	0
ENSG00000200687	0	0	0	0	0	0
ENSG00000200688	0	0	0	0	0	0
ENSG00000200701	0	0	0	0	0	0
ENSG00000200702	0	0	0	0	0	0
ENSG00000200703	0	0	0	0	0	0
ENSG00000200706	0	0	0	0	0	0
ENSG00000200708	0	0	0	0	0	0
ENSG00000200709	0	0	0	0	0	0
ENSG00000200711	0	0	0	0	0	0
ENSG00000200713	0	0	0	0	0	0
ENSG00000200714	0	1	5	0	4	12
ENSG00000200718	0	0	0	0	0	0
ENSG00000200719	0	0	0	0	0	0
ENSG00000200720	0	0	0	0	0	0
ENSG00000200726	0	0	0	0	0	0
ENSG00000200728	0	0	0	0	0	0
ENSG00000200731	0	0	0	0	0	0
ENSG00000200732	0	0	0	0	0	0
ENSG00000200733	0	0	0	0	0	0
ENSG00000200738	0	0	0	0	0	0
ENSG00000200741	0	0	0	0	0	0
ENSG00000200742	4	0	2	0	0	6
ENSG00000200745	0	0	0	0	0	0
ENSG00000200750	0	0	0	0	0	0
ENSG00000200752	0	0	0	0	0	0
ENSG00000200753	0	0	0	0	0	0
ENSG00000200754	0	0	0	0	0	0
ENSG00000200755	0	0	0	0	0	0
ENSG00000200756	0	0	0	0	0	0
ENSG00000200757	0	0	0	0	0	0
ENSG00000200759	0	0	0	0	0	0
ENSG00000200761	0	0	0	0	0	0
ENSG00000200763	0	0	0	0	0	0
ENSG00000200764	0	0	0	0	0	0
ENSG00000200774	0	0	0	0	0	0
ENSG00000200779	0	0	0	0	0	0
ENSG00000200783	0	0	0	0	0	0
ENSG00000200785	0	0	0	0	0	0
ENSG00000200786	0	0	0	0	0	0
ENSG00000200789	0	0	0	0	0	0
ENSG00000200790	0	0	0	0	0	0
ENSG00000200794	0	0	0	0	0	0
ENSG00000200796	0	0	0	0	0	0
ENSG00000200799	0	0	0	0	0	0
ENSG00000200800	0	0	0	0	0	0
ENSG00000200801	0	0	0	0	0	0
ENSG00000200807	0	0	0	0	0	0
ENSG00000200812	0	0	0	0	0	0
ENSG00000200814	0	0	0	0	0	1
ENSG00000200817	0	0	0	0	0	0
ENSG00000200818	0	0	0	0	0	0
ENSG00000200822	0	0	0	0	0	0
ENSG00000200823	0	0	0	0	0	0
ENSG00000200827	0	0	0	0	0	0
ENSG00000200829	0	0	0	0	0	0
ENSG00000200830	0	0	0	0	0	0
ENSG00000200831	0	0	0	0	0	0
ENSG00000200832	0	0	0	0	0	0
ENSG00000200834	0	0	0	0	0	0
ENSG00000200840	0	0	0	0	0	0
ENSG00000200842	0	0	0	0	0	0
ENSG00000200847	0	0	0	0	0	0
ENSG00000200849	0	0	0	0	0	0
ENSG00000200852	0	0	0	0	0	0
ENSG00000200857	0	0	0	0	0	0
ENSG00000200860	0	0	0	0	0	0
ENSG00000200867	0	0	0	0	0	0
ENSG00000200869	0	0	0	0	0	0
ENSG00000200871	0	0	0	0	0	0
ENSG00000200872	0	0	0	0	0	0
ENSG00000200873	0	0	0	0	0	0
ENSG00000200874	0	0	0	0	0	0
ENSG00000200875	0	0	0	0	0	0
ENSG00000200877	0	0	0	0	0	0
ENSG00000200882	0	0	0	0	0	0
ENSG00000200883	0	0	0	0	0	0
ENSG00000200884	0	0	0	0	0	0
ENSG00000200885	0	0	0	0	0	0
ENSG00000200888	0	0	0	0	0	0
ENSG00000200889	0	0	0	0	0	0
ENSG00000200890	0	0	0	0	0	0
ENSG00000200891	0	0	0	0	0	0
ENSG00000200893	0	0	0	0	0	0
ENSG00000200895	0	0	0	0	0	0
ENSG00000200897	0	0	0	0	0	0
ENSG00000200898	0	0	0	0	0	0
ENSG00000200902	0	0	0	0	0	0
ENSG00000200903	0	0	0	0	0	0
ENSG00000200906	0	0	0	0	0	0
ENSG00000200922	0	0	0	0	0	0
ENSG00000200926	0	0	0	0	0	0
ENSG00000200935	0	0	0	0	0	0
ENSG00000200941	0	0	0	0	0	0
ENSG00000200949	0	0	0	0	0	0
ENSG00000200953	0	0	0	0	0	0
ENSG00000200957	0	0	0	0	0	0
ENSG00000200959	0	0	0	4	0	7
ENSG00000200963	0	0	0	0	0	0
ENSG00000200969	0	0	0	0	0	0
ENSG00000200972	0	0	0	0	0	0
ENSG00000200974	0	0	0	0	0	0
ENSG00000200975	0	0	0	0	0	0
ENSG00000200976	0	0	0	0	0	0
ENSG00000200982	0	0	0	0	0	0
ENSG00000200983	0	0	0	0	0	0
ENSG00000200986	0	0	0	0	0	0
ENSG00000200987	0	0	0	0	0	0
ENSG00000200991	0	0	0	0	0	0
ENSG00000200997	0	0	0	0	0	0
ENSG00000200998	0	0	0	0	0	0
ENSG00000200999	0	0	0	0	0	0
ENSG00000201000	0	0	0	0	0	0
ENSG00000201001	0	0	0	0	0	0
ENSG00000201006	0	0	0	0	0	0
ENSG00000201009	0	0	0	0	0	0
ENSG00000201010	0	0	0	0	0	0
ENSG00000201012	0	0	0	0	0	0
ENSG00000201013	0	0	0	0	0	0
ENSG00000201014	0	0	0	0	0	0
ENSG00000201015	0	0	0	0	0	0
ENSG00000201016	0	0	0	0	0	0
ENSG00000201021	0	0	0	0	0	0
ENSG00000201023	0	0	0	0	0	0
ENSG00000201025	0	0	0	0	0	0
ENSG00000201026	0	0	0	0	0	0
ENSG00000201027	0	0	0	0	0	0
ENSG00000201028	0	0	0	0	0	0
ENSG00000201031	0	0	0	0	0	0
ENSG00000201032	0	0	0	0	0	0
ENSG00000201033	0	0	0	6	2	11
ENSG00000201034	0	0	0	0	0	0
ENSG00000201035	0	0	0	0	0	0
ENSG00000201036	0	0	0	0	0	0
ENSG00000201041	0	0	0	0	0	0
ENSG00000201042	0	0	0	0	0	0
ENSG00000201044	0	0	0	0	0	0
ENSG00000201047	0	0	0	0	0	0
ENSG00000201048	0	0	0	0	0	0
ENSG00000201050	0	0	0	0	0	0
ENSG00000201059	0	0	0	0	0	0
ENSG00000201065	0	0	0	0	0	0
ENSG00000201066	0	0	0	0	0	0
ENSG00000201070	0	0	0	0	0	0
ENSG00000201071	0	0	0	0	0	0
ENSG00000201074	0	0	0	0	0	0
ENSG00000201075	0	0	0	0	0	0
ENSG00000201076	0	0	0	0	0	0
ENSG00000201077	0	0	0	0	0	0
ENSG00000201078	0	0	0	0	0	0
ENSG00000201084	0	0	0	0	0	0
ENSG00000201085	0	0	0	0	0	0
ENSG00000201086	0	0	0	0	0	0
ENSG00000201088	0	0	0	0	0	0
ENSG00000201095	0	0	0	0	0	0
ENSG00000201096	0	0	0	0	0	0
ENSG00000201097	0	0	0	0	0	0
ENSG00000201102	0	0	0	0	0	0
ENSG00000201104	0	0	0	0	0	0
ENSG00000201109	0	0	0	0	0	0
ENSG00000201113	0	0	0	0	0	0
ENSG00000201114	0	0	0	0	0	0
ENSG00000201119	0	0	0	0	0	0
ENSG00000201133	0	0	0	0	0	0
ENSG00000201134	0	0	0	0	0	0
ENSG00000201135	0	0	0	0	0	0
ENSG00000201136	0	0	0	0	0	0
ENSG00000201140	0	0	0	0	0	0
ENSG00000201142	0	0	0	0	0	0
ENSG00000201143	0	0	0	0	0	0
ENSG00000201145	0	0	0	0	0	0
ENSG00000201148	0	0	0	0	0	0
ENSG00000201153	0	0	0	0	0	0
ENSG00000201155	0	0	0	0	0	0
ENSG00000201157	0	0	0	0	0	0
ENSG00000201160	0	0	0	0	0	0
ENSG00000201161	0	0	0	0	0	0
ENSG00000201162	0	0	0	0	0	0
ENSG00000201164	0	0	0	0	0	0
ENSG00000201165	0	0	0	0	0	0
ENSG00000201168	0	0	0	0	0	0
ENSG00000201170	0	0	0	0	0	0
ENSG00000201176	0	0	0	0	0	0
ENSG00000201178	0	0	0	0	0	0
ENSG00000201179	0	0	0	0	0	0
ENSG00000201180	0	0	0	0	0	0
ENSG00000201182	0	0	0	0	0	0
ENSG00000201184	0	0	0	0	0	0
ENSG00000201186	0	0	0	0	0	0
ENSG00000201196	0	0	0	0	0	0
ENSG00000201198	0	0	0	0	0	0
ENSG00000201201	0	0	0	0	0	0
ENSG00000201209	0	0	0	0	0	0
ENSG00000201210	0	0	0	0	0	0
ENSG00000201216	0	0	0	0	0	0
ENSG00000201218	0	0	0	0	0	0
ENSG00000201221	0	0	0	0	0	0
ENSG00000201223	0	0	0	0	0	0
ENSG00000201228	0	0	0	0	0	0
ENSG00000201264	0	0	1	0	3	6
ENSG00000201288	0	0	0	0	0	0
ENSG00000201317	0	0	0	0	0	0
ENSG00000201339	0	0	0	0	0	0
ENSG00000201346	0	0	0	0	0	0
ENSG00000201348	0	0	0	0	0	0
ENSG00000201440	0	0	0	0	0	0
ENSG00000201491	0	0	0	0	0	0
ENSG00000201533	0	0	0	0	0	0
ENSG00000201573	0	1	0	0	1	7
ENSG00000201594	0	0	0	0	0	0
ENSG00000201658	0	0	0	0	0	0
ENSG00000201684	0	0	0	1	6	50
ENSG00000201724	0	0	1	0	0	0
ENSG00000201741	0	0	0	0	0	0
ENSG00000201796	0	0	0	0	0	0
ENSG00000201910	0	0	0	0	0	0
ENSG00000201954	0	0	0	0	0	0
ENSG00000202099	0	0	0	0	0	0
ENSG00000202124	0	0	0	0	0	0
ENSG00000202184	0	0	0	0	0	0
ENSG00000202264	0	0	0	0	0	0
ENSG00000202268	0	0	0	0	0	1
ENSG00000202345	0	0	0	0	0	0
ENSG00000202526	0	0	0	0	0	0
ENSG00000202528	0	0	0	0	0	0
ENSG00000203288	10	5	10	11	5	32
ENSG00000203362	1	1	6	8	1	16
ENSG00000203668	1836	1555	1677	800	163	456
ENSG00000203706	10	14	17	2	1	5
ENSG00000203710	63	18	35	63	7	71
ENSG00000203711	1	14	12	0	0	3
ENSG00000203721	0	3	5	9	9	45
ENSG00000203804	3	0	1	4	6	19
ENSG00000203808	5	0	1	0	1	1
ENSG00000203814	2	2	7	13	13	51
ENSG00000203867	2	3	2	2	0	0
ENSG00000203897	0	0	0	0	1	0
ENSG00000203910	0	0	2	0	0	6
ENSG00000203926	0	0	0	0	0	0
ENSG00000203930	100	71	127	61	10	54
ENSG00000203933	0	0	0	0	0	0
ENSG00000203943	6	4	2	0	0	2
ENSG00000203999	4	0	3	0	0	6
ENSG00000204011	8	10	8	0	0	0
ENSG00000204052	3	10	3	7	1	33
ENSG00000204117	0	0	0	0	0	0
ENSG00000204121	0	0	0	0	0	0
ENSG00000204136	0	0	0	0	0	0
ENSG00000204217	678	342	501	673	232	1223
ENSG00000204241	0	0	0	0	0	1
ENSG00000204248	26	14	21	33	33	161
ENSG00000204250	0	0	0	0	0	0
ENSG00000204257	7	3	10	11	1	17
ENSG00000204334	19	10	4	13	1	4
ENSG00000204361	5	0	1	2	0	6
ENSG00000204396	4	6	2	0	0	4
ENSG00000204449	0	0	0	0	0	0
ENSG00000204556	16	12	10	8	1	22
ENSG00000204577	5	8	16	25	39	96
ENSG00000204603	0	0	2	0	0	0
ENSG00000204610	0	0	0	0	0	0
ENSG00000204622	8	0	1	2	0	1
ENSG00000204818	0	0	0	0	0	0
ENSG00000204837	0	0	0	0	0	0
ENSG00000204894	7	7	4	2	4	11
ENSG00000204934	89	76	73	22	4	27
ENSG00000204962	0	0	0	0	0	0
ENSG00000205025	0	0	0	0	0	0
ENSG00000205129	44	23	6	41	7	40
ENSG00000205133	324	212	280	96	29	58
ENSG00000205181	0	1	0	4	3	13
ENSG00000205213	1281	1280	1128	2564	1150	4953
ENSG00000205274	3	0	0	5	4	7
ENSG00000205301	0	0	0	0	0	0
ENSG00000205323	0	1	0	1	1	10
ENSG00000205329	0	0	0	0	0	0
ENSG00000205336	1136	708	599	3858	2188	11541
ENSG00000205409	0	0	0	0	0	0
ENSG00000205420	1	0	0	5	9	21
ENSG00000205436	0	0	0	0	0	0
ENSG00000205456	0	0	0	0	0	0
ENSG00000205534	18	21	19	18	12	58
ENSG00000205560	14	16	11	1	1	8
ENSG00000205609	12	9	9	11	0	20
ENSG00000205702	7	3	0	3	5	23
ENSG00000205744	0	0	1	0	0	0
ENSG00000205791	5	3	0	4	0	4
ENSG00000205861	7	2	7	0	0	3
ENSG00000205936	0	0	0	0	0	0
ENSG00000205978	15	12	5	20	3	40
ENSG00000206072	9	3	0	35	1	17
ENSG00000206077	0	0	3	0	0	8
ENSG00000206140	1	0	0	2	3	7
ENSG00000206199	0	0	0	1	0	8
ENSG00000206538	1364	750	812	3075	1372	6062
ENSG00000206557	1	1	3	2	1	22
ENSG00000206560	2645	2075	2310	3493	1827	7854
ENSG00000206603	0	3	1	0	6	3
ENSG00000206620	0	0	0	0	0	0
ENSG00000206633	0	1	0	1	2	8
ENSG00000206659	0	0	0	0	0	0
ENSG00000206665	0	0	0	0	0	0
ENSG00000206674	1	2	0	0	2	0
ENSG00000206685	0	0	0	0	0	0
ENSG00000206712	2	3	2	5	4	32
ENSG00000206754	3	4	9	3	2	14
ENSG00000206784	0	0	0	0	0	0
ENSG00000206801	0	0	0	0	0	0
ENSG00000206838	8	3	4	5	1	25
ENSG00000206863	0	0	0	0	0	0
ENSG00000206897	0	3	5	5	2	18
ENSG00000206899	0	0	0	0	0	0
ENSG00000206903	0	0	0	0	0	0
ENSG00000206974	0	0	0	0	0	0
ENSG00000207003	0	0	0	0	0	10
ENSG00000207013	0	0	0	0	0	0
ENSG00000207039	0	0	0	0	0	0
ENSG00000207099	0	0	0	0	0	0
ENSG00000207117	0	0	0	0	0	0
ENSG00000207129	0	5	4	0	0	7
ENSG00000207280	2	3	5	0	0	10
ENSG00000207291	0	0	0	0	0	1
ENSG00000207307	0	0	0	0	0	0
ENSG00000207379	0	0	0	0	0	0
ENSG00000207419	0	0	0	0	0	0
ENSG00000207440	0	0	0	0	0	0
ENSG00000207456	0	0	0	0	0	0
ENSG00000207462	0	0	0	0	0	0
ENSG00000207561	0	3	1	7	1	7
ENSG00000207594	0	0	0	0	0	0
ENSG00000207612	0	0	0	0	0	0
ENSG00000207721	10	12	2	0	1	5
ENSG00000207725	1	0	1	1	0	17
ENSG00000207734	0	0	0	0	0	0
ENSG00000207768	0	0	0	0	0	0
ENSG00000207776	0	0	0	0	0	0
ENSG00000207789	0	0	0	1	0	8
ENSG00000207861	0	0	0	0	0	0
ENSG00000207870	1	5	10	3	7	30
ENSG00000207935	0	0	0	0	0	0
ENSG00000209042	5	2	4	1	0	10
ENSG00000211448	8	4	4	1	0	8
ENSG00000211459	6750	5816	6709	15242	10336	46540
ENSG00000211591	0	0	0	0	0	0
ENSG00000211637	0	0	0	0	0	0
ENSG00000211655	0	0	0	0	0	0
ENSG00000211666	0	0	0	0	0	0
ENSG00000211739	0	0	0	0	0	0
ENSG00000211792	0	0	0	0	0	0
ENSG00000211797	0	0	0	0	0	0
ENSG00000211814	0	0	0	0	0	0
ENSG00000211817	0	0	0	0	0	0
ENSG00000211826	0	0	0	0	0	0
ENSG00000211850	0	0	0	0	0	0
ENSG00000211970	0	0	0	0	0	0
ENSG00000212122	0	0	0	0	0	0
ENSG00000212123	20	13	21	1	7	9
ENSG00000212158	3	2	0	1	0	2
ENSG00000212251	0	0	0	0	0	0
ENSG00000212330	0	0	0	0	0	0
ENSG00000212332	1	0	0	0	0	2
ENSG00000212347	0	0	0	0	0	0
ENSG00000212385	1	0	0	1	0	8
ENSG00000212425	0	0	0	0	0	0
ENSG00000212579	4	6	4	0	2	13
ENSG00000212719	735	749	782	671	345	1135
ENSG00000212807	0	0	0	0	0	0
ENSG00000212900	1	0	0	1	1	15
ENSG00000212933	0	0	0	0	0	0
ENSG00000213013	1	1	2	13	20	47
ENSG00000213060	0	0	0	2	4	4
ENSG00000213062	7	2	9	3	0	7
ENSG00000213073	31	38	19	6	3	42
ENSG00000213082	4	3	4	7	3	2
ENSG00000213109	0	0	0	0	0	0
ENSG00000213139	2	19	8	17	9	36
ENSG00000213212	0	0	5	0	2	8
ENSG00000213279	0	0	0	0	0	0
ENSG00000213300	45	31	52	41	16	82
ENSG00000213337	61	66	52	54	37	152
ENSG00000213383	0	3	4	2	7	13
ENSG00000213480	0	0	0	1	0	0
ENSG00000213500	0	0	0	0	0	0
ENSG00000213569	65	45	44	70	28	77
ENSG00000213578	0	0	0	0	0	0
ENSG00000213604	0	0	0	0	0	0
ENSG00000213607	0	0	0	0	0	0
ENSG00000213612	0	2	3	0	0	0
ENSG00000213640	0	0	0	5	5	9
ENSG00000213648	0	0	0	0	0	0
ENSG00000213667	0	0	0	1	0	0
ENSG00000213700	22	14	12	6	0	11
ENSG00000213714	0	1	3	3	0	5
ENSG00000213730	0	0	0	0	1	0
ENSG00000213740	6	7	1	4	0	6
ENSG00000213757	11	10	0	8	1	15
ENSG00000213760	23	14	7	42	18	92
ENSG00000213774	0	0	0	0	0	0
ENSG00000213822	0	0	0	0	0	0
ENSG00000213859	659	404	327	158	67	349
ENSG00000213888	16	12	16	1	4	13
ENSG00000213904	4	4	4	8	0	9
ENSG00000213949	2	1	0	19	4	27
ENSG00000214015	0	0	0	0	0	0
ENSG00000214108	0	0	0	0	0	7
ENSG00000214145	6	1	0	1	5	6
ENSG00000214189	412	220	242	325	113	420
ENSG00000214200	0	0	0	0	0	0
ENSG00000214212	9	11	3	6	0	14
ENSG00000214263	0	1	0	0	0	0
ENSG00000214279	18	17	9	10	3	59
ENSG00000214280	0	0	0	0	0	0
ENSG00000214297	5	5	3	2	0	10
ENSG00000214331	101	60	102	50	31	128
ENSG00000214389	22	27	20	34	23	52
ENSG00000214401	7	5	1	7	0	9
ENSG00000214424	9	2	2	0	2	7
ENSG00000214425	53	62	68	28	4	34
ENSG00000214432	8	2	1	0	1	8
ENSG00000214525	1	0	0	1	0	0
ENSG00000214534	1	3	0	3	0	6
ENSG00000214549	0	2	11	1	2	3
ENSG00000214668	0	0	0	0	0	0
ENSG00000214708	7	0	0	0	0	1
ENSG00000214719	5	1	0	2	0	10
ENSG00000214756	87	71	70	68	53	137
ENSG00000214765	110	114	123	160	105	338
ENSG00000214782	0	0	0	0	0	0
ENSG00000214783	12	4	3	13	7	36
ENSG00000214803	0	0	0	0	0	0
ENSG00000214819	0	0	0	0	0	0
ENSG00000214954	9	21	13	9	1	15
ENSG00000214960	60	45	62	23	6	50
ENSG00000214967	0	2	2	0	2	5
ENSG00000214976	0	0	0	0	0	0
ENSG00000215034	0	3	0	1	1	8
ENSG00000215057	0	0	0	0	0	0
ENSG00000215105	114	84	140	58	13	42
ENSG00000215117	0	0	0	0	0	0
ENSG00000215126	27	24	30	18	18	65
ENSG00000215162	0	0	0	0	0	0
ENSG00000215179	4	0	2	5	3	12
ENSG00000215190	107	66	89	79	27	138
ENSG00000215198	0	0	0	6	0	8
ENSG00000215262	0	0	0	0	0	0
ENSG00000215302	0	2	4	0	0	5
ENSG00000215339	0	0	0	0	0	0
ENSG00000215343	0	0	0	0	0	0
ENSG00000215417	39	94	71	33	45	140
ENSG00000215458	3	2	4	8	4	38
ENSG00000215540	0	0	0	0	0	0
ENSG00000215583	0	0	0	0	0	0
ENSG00000215601	0	0	0	0	0	0
ENSG00000215796	3	7	3	0	0	3
ENSG00000215859	0	8	3	4	4	12
ENSG00000215905	0	0	0	0	0	0
ENSG00000215914	2	0	0	0	0	0
ENSG00000215915	1	2	3	0	0	17
ENSG00000216099	0	0	0	0	0	0
ENSG00000216364	0	0	0	0	0	0
ENSG00000216490	0	8	4	0	1	4
ENSG00000216853	0	0	0	0	0	0
ENSG00000216904	0	0	0	1	0	0
ENSG00000217041	0	0	0	0	0	0
ENSG00000217128	1223	930	1010	1078	504	2021
ENSG00000217236	6	8	0	10	9	11
ENSG00000217555	3	3	5	0	1	16
ENSG00000217585	0	0	0	0	0	0
ENSG00000217648	6	4	7	0	2	7
ENSG00000217805	0	0	0	0	0	0
ENSG00000218186	0	0	0	0	0	0
ENSG00000218226	109	77	156	118	24	199
ENSG00000218305	0	0	0	0	0	0
ENSG00000218358	19	14	16	2	2	8
ENSG00000218363	0	0	0	0	0	0
ENSG00000218520	0	0	0	0	0	0
ENSG00000218521	0	0	0	0	0	0
ENSG00000218991	0	0	0	0	0	0
ENSG00000219102	5	4	3	3	0	11
ENSG00000219355	0	0	0	1	0	0
ENSG00000219392	3	0	1	3	0	6
ENSG00000219626	21	6	3	14	0	15
ENSG00000219642	0	0	0	0	0	0
ENSG00000219736	0	0	0	0	0	0
ENSG00000219747	2	0	6	3	0	12
ENSG00000219755	6	3	0	0	0	1
ENSG00000219940	0	0	0	0	0	0
ENSG00000220157	0	0	2	1	0	0
ENSG00000220204	0	0	0	0	0	0
ENSG00000220581	0	0	0	0	0	0
ENSG00000220598	0	0	0	0	0	0
ENSG00000220749	2	8	8	8	2	28
ENSG00000220986	0	0	0	0	0	0
ENSG00000221033	0	0	0	0	0	0
ENSG00000221148	0	0	0	0	0	0
ENSG00000221421	0	0	0	0	0	0
ENSG00000221586	0	0	0	0	0	0
ENSG00000221601	0	0	0	0	0	0
ENSG00000221643	0	0	1	3	0	8
ENSG00000221819	1	2	6	5	0	11
ENSG00000221826	3	9	12	14	49	122
ENSG00000221866	0	2	0	1	3	11
ENSG00000221878	176	130	159	568	435	1697
ENSG00000221888	0	0	1	0	0	0
ENSG00000221916	6	5	0	4	0	5
ENSG00000221926	280	212	295	571	440	1418
ENSG00000221946	19	7	5	6	0	9
ENSG00000222017	1	0	0	2	0	1
ENSG00000222022	4	3	5	0	0	0
ENSG00000222032	9	1	9	3	2	0
ENSG00000222044	0	0	0	0	0	1
ENSG00000222047	17	16	13	19	4	38
ENSG00000222108	3	2	1	0	0	4
ENSG00000222112	4	1	1	0	0	6
ENSG00000222146	0	0	0	0	0	0
ENSG00000222266	0	0	0	0	0	0
ENSG00000222345	10	9	3	5	1	26
ENSG00000222352	0	0	0	0	0	0
ENSG00000222407	0	0	0	0	0	0
ENSG00000222413	0	0	0	0	0	0
ENSG00000222486	0	0	0	0	0	0
ENSG00000222496	0	0	0	0	0	0
ENSG00000222608	0	0	0	0	0	0
ENSG00000222704	0	0	0	0	0	0
ENSG00000222777	0	0	0	0	0	0
ENSG00000222923	0	0	0	0	0	0
ENSG00000222924	0	0	0	0	0	0
ENSG00000222974	0	0	0	0	0	0
ENSG00000223027	0	0	0	0	0	0
ENSG00000223064	0	0	0	0	0	0
ENSG00000223107	0	0	0	0	0	0
ENSG00000223117	1	2	4	5	0	17
ENSG00000223138	0	0	0	0	0	1
ENSG00000223158	0	0	0	0	0	0
ENSG00000223247	0	0	0	0	0	0
ENSG00000223293	0	0	0	0	0	0
ENSG00000223344	0	0	0	0	0	0
ENSG00000223345	0	0	0	0	0	0
ENSG00000223350	0	0	0	0	0	0
ENSG00000223356	3	1	0	2	1	18
ENSG00000223361	1	1	1	10	3	9
ENSG00000223381	0	0	0	0	0	0
ENSG00000223459	40	15	17	2	0	5
ENSG00000223525	0	0	0	0	0	0
ENSG00000223548	0	0	0	0	0	0
ENSG00000223565	0	0	0	0	0	0
ENSG00000223573	14	6	2	77	89	263
ENSG00000223604	0	0	0	0	0	0
ENSG00000223617	1	0	1	2	5	9
ENSG00000223621	0	0	0	0	0	0
ENSG00000223658	16	18	26	9	2	22
ENSG00000223701	0	0	0	0	0	0
ENSG00000223742	0	0	0	0	0	0
ENSG00000223791	3	1	0	2	0	10
ENSG00000223800	0	0	0	0	0	0
ENSG00000223811	1	5	10	0	0	3
ENSG00000223838	3	0	0	3	2	10
ENSG00000223849	1	0	8	3	0	2
ENSG00000223859	0	0	0	0	0	0
ENSG00000223905	0	0	0	0	0	0
ENSG00000223922	0	3	3	3	1	11
ENSG00000223966	0	0	0	0	0	0
ENSG00000224020	9	8	12	2	1	3
ENSG00000224048	0	0	2	3	2	16
ENSG00000224050	0	0	0	0	0	0
ENSG00000224058	9	15	6	13	1	21
ENSG00000224071	0	0	0	0	0	0
ENSG00000224081	2	3	2	1	0	14
ENSG00000224086	66	72	69	36	25	104
ENSG00000224092	0	0	0	0	0	0
ENSG00000224109	0	0	0	0	0	0
ENSG00000224121	0	0	0	1	0	0
ENSG00000224165	0	0	1	5	0	4
ENSG00000224177	0	0	0	0	0	0
ENSG00000224228	0	0	0	0	0	0
ENSG00000224251	0	0	0	0	0	0
ENSG00000224254	0	0	0	0	0	0
ENSG00000224274	0	0	0	0	0	0
ENSG00000224359	1	0	0	0	0	0
ENSG00000224373	0	0	0	0	0	0
ENSG00000224384	0	0	0	0	0	0
ENSG00000224396	0	0	0	0	0	0
ENSG00000224431	23	7	7	7	2	34
ENSG00000224476	0	0	0	0	0	0
ENSG00000224481	0	0	0	0	0	0
ENSG00000224536	5	5	5	3	1	2
ENSG00000224543	5	1	3	2	1	23
ENSG00000224555	0	0	0	0	0	0
ENSG00000224571	0	0	0	0	0	0
ENSG00000224594	31	44	24	16	4	52
ENSG00000224603	0	0	0	0	0	0
ENSG00000224621	7	7	3	1	0	2
ENSG00000224672	0	0	0	0	0	0
ENSG00000224790	1	0	6	5	0	4
ENSG00000224799	0	0	0	0	0	0
ENSG00000224825	0	0	0	0	0	0
ENSG00000224848	9	1	8	11	12	26
ENSG00000224854	19	6	2	24	14	44
ENSG00000224877	222	221	293	330	206	704
ENSG00000224901	0	0	0	0	0	0
ENSG00000224903	0	0	1	2	4	6
ENSG00000224939	0	0	0	0	0	7
ENSG00000224940	0	3	0	0	0	5
ENSG00000224949	0	0	0	0	0	0
ENSG00000224950	5	5	4	0	0	5
ENSG00000224955	0	0	0	0	0	0
ENSG00000224961	0	0	0	0	0	0
ENSG00000224984	8	5	4	31	20	106
ENSG00000225072	0	0	0	0	0	0
ENSG00000225075	1	4	4	6	7	27
ENSG00000225096	5	1	3	2	1	1
ENSG00000225124	0	0	0	0	0	0
ENSG00000225159	3	2	5	8	1	1
ENSG00000225180	0	0	0	0	0	0
ENSG00000225193	1	2	0	2	0	15
ENSG00000225205	21	14	10	21	6	40
ENSG00000225246	0	0	0	2	0	1
ENSG00000225265	7	5	1	9	3	0
ENSG00000225326	0	0	0	0	0	0
ENSG00000225369	0	0	0	0	0	0
ENSG00000225370	0	0	0	0	0	0
ENSG00000225381	0	0	0	0	0	0
ENSG00000225400	1	9	1	6	1	13
ENSG00000225408	0	0	0	2	0	1
ENSG00000225518	18	7	6	2	1	3
ENSG00000225614	563	277	476	710	696	4081
ENSG00000225624	0	0	0	0	0	0
ENSG00000225636	0	0	0	0	0	0
ENSG00000225637	0	0	0	0	0	0
ENSG00000225638	0	0	0	0	0	0
ENSG00000225671	1	5	4	7	1	3
ENSG00000225723	0	0	0	0	0	0
ENSG00000225733	2419	1806	1888	2271	921	3454
ENSG00000225738	0	0	0	0	0	0
ENSG00000225762	8	2	7	7	0	5
ENSG00000225764	2	11	14	11	5	33
ENSG00000225774	1	4	6	0	0	12
ENSG00000225783	15	23	13	2	4	16
ENSG00000225798	0	0	4	4	1	0
ENSG00000225816	0	0	0	0	0	0
ENSG00000225828	32	42	31	25	26	100
ENSG00000225831	0	0	0	1	1	0
ENSG00000225931	0	0	0	0	0	0
ENSG00000225950	0	2	2	1	0	0
ENSG00000225968	15	2	2	24	13	62
ENSG00000225969	1	2	0	7	2	9
ENSG00000225971	0	0	0	0	0	0
ENSG00000225975	36	11	16	7	8	27
ENSG00000226012	0	0	0	0	1	2
ENSG00000226015	400	445	439	295	156	460
ENSG00000226026	7	4	0	0	0	2
ENSG00000226028	0	0	0	0	0	0
ENSG00000226029	14	6	1	4	1	10
ENSG00000226049	7	3	1	5	0	9
ENSG00000226115	0	0	0	0	0	0
ENSG00000226117	0	0	0	0	0	0
ENSG00000226167	6	5	9	2	1	18
ENSG00000226249	0	0	0	0	0	0
ENSG00000226268	0	1	3	2	1	8
ENSG00000226309	0	0	0	0	0	3
ENSG00000226318	4	0	2	12	4	12
ENSG00000226342	2	1	2	5	1	9
ENSG00000226376	0	0	0	0	0	0
ENSG00000226393	7	1	2	5	6	12
ENSG00000226421	59	58	54	45	27	88
ENSG00000226444	0	0	0	0	0	0
ENSG00000226450	2	5	2	4	4	35
ENSG00000226484	0	0	0	0	0	0
ENSG00000226509	0	0	0	0	0	0
ENSG00000226510	13	4	0	2	0	8
ENSG00000226530	0	0	0	0	0	0
ENSG00000226616	0	0	0	0	0	0
ENSG00000226619	0	0	0	0	0	0
ENSG00000226685	0	0	0	0	0	0
ENSG00000226726	0	0	0	0	0	0
ENSG00000226766	1	1	0	0	0	0
ENSG00000226774	3	3	3	3	0	2
ENSG00000226800	1	6	5	8	0	17
ENSG00000226824	5	10	1	0	1	4
ENSG00000226869	0	0	0	0	0	0
ENSG00000226871	0	0	0	0	0	0
ENSG00000226889	0	1	0	2	0	1
ENSG00000226891	0	2	0	4	0	4
ENSG00000226919	4	0	3	0	1	6
ENSG00000226938	0	0	0	0	0	0
ENSG00000226942	3	8	7	3	0	1
ENSG00000226945	0	3	0	1	0	1
ENSG00000226970	0	0	0	0	0	0
ENSG00000226985	0	1	1	5	1	13
ENSG00000227008	2	5	3	1	0	9
ENSG00000227070	4	1	5	7	0	7
ENSG00000227152	0	0	0	0	0	0
ENSG00000227196	0	0	0	0	0	0
ENSG00000227199	2	3	1	3	1	22
ENSG00000227218	0	0	0	2	0	7
ENSG00000227232	0	2	1	2	1	1
ENSG00000227244	0	0	0	0	0	0
ENSG00000227256	2	3	1	0	0	10
ENSG00000227261	0	0	0	0	0	0
ENSG00000227270	0	0	0	0	0	0
ENSG00000227308	3	0	3	1	0	7
ENSG00000227339	8	0	2	5	2	6
ENSG00000227423	0	0	0	0	0	0
ENSG00000227495	0	11	5	2	3	9
ENSG00000227496	19	8	6	43	32	146
ENSG00000227502	0	0	0	0	2	17
ENSG00000227505	0	0	0	0	0	0
ENSG00000227528	0	0	0	0	0	0
ENSG00000227533	14	5	1	2	5	14
ENSG00000227540	34	25	19	14	8	19
ENSG00000227574	0	0	0	0	0	0
ENSG00000227593	0	0	0	0	0	0
ENSG00000227598	4	0	4	0	0	4
ENSG00000227606	2	0	2	8	2	13
ENSG00000227667	0	1	0	0	0	0
ENSG00000227673	0	0	0	0	0	0
ENSG00000227740	3	0	1	2	1	10
ENSG00000227775	3	2	1	4	0	10
ENSG00000227811	8	1	2	2	1	3
ENSG00000227841	0	0	0	0	0	0
ENSG00000227855	6	5	11	4	0	12
ENSG00000227885	3	2	0	1	2	11
ENSG00000227954	0	1	0	5	1	11
ENSG00000228010	0	2	0	6	2	13
ENSG00000228035	0	0	0	1	1	8
ENSG00000228082	0	0	0	0	0	2
ENSG00000228107	1	2	4	6	0	11
ENSG00000228126	2	4	0	0	0	4
ENSG00000228208	0	0	0	2	3	5
ENSG00000228288	36	25	17	27	4	40
ENSG00000228300	464	362	327	547	466	1668
ENSG00000228352	4	0	1	5	3	13
ENSG00000228429	0	0	0	0	0	0
ENSG00000228439	10	8	12	5	1	20
ENSG00000228463	3	5	6	5	0	12
ENSG00000228484	0	0	0	0	0	1
ENSG00000228501	12	17	9	7	1	27
ENSG00000228506	34	35	24	25	13	49
ENSG00000228509	2	3	2	9	9	29
ENSG00000228513	0	0	0	0	0	0
ENSG00000228522	0	0	0	0	0	0
ENSG00000228536	13	2	8	17	3	27
ENSG00000228539	0	0	0	0	0	0
ENSG00000228606	4	7	8	0	2	17
ENSG00000228655	0	0	0	0	0	0
ENSG00000228657	0	0	0	0	0	0
ENSG00000228663	1	1	1	0	1	2
ENSG00000228665	2	0	3	8	1	6
ENSG00000228670	0	0	0	0	0	0
ENSG00000228686	0	0	1	2	0	1
ENSG00000228727	4	7	5	2	0	3
ENSG00000228742	0	1	8	4	4	13
ENSG00000228755	0	1	0	0	0	1
ENSG00000228769	0	0	0	0	0	0
ENSG00000228775	1	1	5	0	2	8
ENSG00000228809	1	1	0	3	0	9
ENSG00000228825	0	0	0	0	0	0
ENSG00000228879	0	0	0	0	0	0
ENSG00000228882	0	1	0	0	0	0
ENSG00000228887	3	5	3	2	7	10
ENSG00000228906	10	3	4	2	1	0
ENSG00000228915	1	6	3	0	3	0
ENSG00000228952	0	0	0	0	0	0
ENSG00000228956	5	15	14	22	23	86
ENSG00000228963	0	0	0	0	0	0
ENSG00000229020	3	1	1	6	1	20
ENSG00000229057	0	1	9	1	0	0
ENSG00000229088	0	0	0	0	0	0
ENSG00000229093	0	0	0	0	0	0
ENSG00000229101	0	0	0	0	0	0
ENSG00000229119	91	84	80	94	50	129
ENSG00000229140	0	0	0	0	3	7
ENSG00000229159	0	0	0	0	0	0
ENSG00000229160	0	0	0	0	0	0
ENSG00000229168	0	0	0	0	0	0
ENSG00000229184	25	10	13	9	1	12
ENSG00000229190	2	0	4	0	0	4
ENSG00000229196	0	0	0	0	0	0
ENSG00000229214	1	3	7	3	2	6
ENSG00000229254	0	0	0	0	0	0
ENSG00000229282	0	0	0	0	0	0
ENSG00000229292	0	0	0	0	0	1
ENSG00000229307	0	0	0	0	0	0
ENSG00000229361	0	0	0	0	0	0
ENSG00000229380	0	0	0	1	0	1
ENSG00000229398	0	0	0	0	0	0
ENSG00000229421	0	0	0	0	0	0
ENSG00000229444	0	0	0	0	0	0
ENSG00000229458	0	0	0	0	0	0
ENSG00000229498	0	0	0	7	2	10
ENSG00000229519	4	1	5	0	1	11
ENSG00000229563	3	1	1	18	14	134
ENSG00000229570	0	0	0	0	0	0
ENSG00000229586	3	5	7	0	0	1
ENSG00000229598	1	0	1	0	1	8
ENSG00000229616	0	0	0	0	0	0
ENSG00000229619	10	6	4	3	0	8
ENSG00000229623	0	1	0	0	0	0
ENSG00000229644	364	311	289	401	210	986
ENSG00000229688	3	6	3	0	0	4
ENSG00000229694	0	0	0	4	1	5
ENSG00000229720	6	4	2	2	0	0
ENSG00000229780	7	1	5	3	1	16
ENSG00000229781	0	0	0	0	0	0
ENSG00000229794	0	0	0	0	0	0
ENSG00000229877	0	0	0	0	0	0
ENSG00000229878	0	0	0	0	0	0
ENSG00000229881	0	0	0	0	0	0
ENSG00000229914	0	0	0	0	0	0
ENSG00000229950	13	25	22	15	2	34
ENSG00000229953	0	0	0	0	0	0
ENSG00000230006	2	11	2	1	1	0
ENSG00000230011	0	0	0	0	0	0
ENSG00000230077	0	0	0	4	2	5
ENSG00000230081	0	0	0	0	0	0
ENSG00000230084	11	2	3	1	0	7
ENSG00000230092	2	1	1	0	0	1
ENSG00000230176	0	1	2	3	3	13
ENSG00000230185	6	4	3	0	0	3
ENSG00000230256	0	0	0	0	0	0
ENSG00000230274	0	0	0	0	0	0
ENSG00000230302	0	0	0	0	0	0
ENSG00000230312	4	1	8	0	0	6
ENSG00000230328	0	0	0	0	0	0
ENSG00000230337	7	14	9	4	0	7
ENSG00000230359	18	6	5	0	1	4
ENSG00000230393	2	0	8	0	2	2
ENSG00000230403	0	0	0	0	0	0
ENSG00000230405	0	0	0	0	0	0
ENSG00000230450	8	2	2	0	0	7
ENSG00000230479	31	21	16	5	8	8
ENSG00000230487	45	20	18	24	3	22
ENSG00000230508	0	0	0	0	0	0
ENSG00000230525	0	0	0	0	0	1
ENSG00000230550	0	0	0	0	0	0
ENSG00000230581	3	1	1	3	1	4
ENSG00000230593	0	6	0	1	0	4
ENSG00000230595	0	0	0	0	0	0
ENSG00000230615	21	6	4	2	1	6
ENSG00000230683	7	0	0	1	0	0
ENSG00000230695	0	1	2	2	0	3
ENSG00000230699	26	15	21	12	1	39
ENSG00000230778	0	0	0	1	0	0
ENSG00000230799	0	0	0	4	2	17
ENSG00000230825	4	1	3	1	0	12
ENSG00000230896	11	11	17	7	0	18
ENSG00000230920	0	0	0	0	0	0
ENSG00000230927	0	0	0	0	1	1
ENSG00000230937	0	0	0	0	0	0
ENSG00000230971	0	0	0	0	0	0
ENSG00000230977	0	0	0	0	0	0
ENSG00000230987	0	6	0	1	1	4
ENSG00000230992	2	0	0	0	0	0
ENSG00000231060	0	0	0	0	0	0
ENSG00000231081	9	7	5	0	1	10
ENSG00000231119	8	0	4	14	1	11
ENSG00000231160	6	1	0	3	3	34
ENSG00000231206	0	0	0	0	0	0
ENSG00000231217	0	0	0	0	0	1
ENSG00000231409	0	1	1	0	0	5
ENSG00000231411	0	0	0	0	0	0
ENSG00000231422	0	0	0	0	0	0
ENSG00000231424	10	7	15	16	3	26
ENSG00000231439	0	1	2	3	2	19
ENSG00000231441	5	6	2	8	5	7
ENSG00000231480	0	0	0	0	0	0
ENSG00000231492	0	0	0	0	0	0
ENSG00000231566	2	1	3	8	0	8
ENSG00000231574	0	0	0	0	0	1
ENSG00000231622	0	0	0	0	0	0
ENSG00000231628	3	5	9	0	3	7
ENSG00000231633	0	0	0	0	0	0
ENSG00000231638	4	1	1	9	5	18
ENSG00000231652	10	3	3	1	0	7
ENSG00000231653	0	0	0	0	0	0
ENSG00000231663	18	10	13	17	4	14
ENSG00000231674	0	0	0	0	0	0
ENSG00000231724	0	0	2	0	0	0
ENSG00000231760	2	1	1	0	0	8
ENSG00000231795	0	0	0	0	0	2
ENSG00000231811	1	2	2	0	1	34
ENSG00000231848	1	0	0	2	0	7
ENSG00000231856	9	16	7	5	0	4
ENSG00000231871	1	4	8	0	1	0
ENSG00000231887	4	6	5	0	0	6
ENSG00000231902	0	0	0	0	0	0
ENSG00000231924	713	571	431	2301	1808	4490
ENSG00000231929	0	0	0	0	0	1
ENSG00000231940	1	2	4	1	1	3
ENSG00000231966	4	0	2	5	7	11
ENSG00000231971	0	0	1	2	0	7
ENSG00000231980	0	0	0	0	0	0
ENSG00000232001	0	0	0	0	0	0
ENSG00000232031	0	0	0	0	0	3
ENSG00000232044	0	0	0	0	0	0
ENSG00000232070	1	0	1	1	0	1
ENSG00000232104	6	2	3	0	1	2
ENSG00000232134	1	0	3	0	0	2
ENSG00000232135	0	0	0	0	0	0
ENSG00000232155	0	0	0	0	0	0
ENSG00000232160	1	4	6	0	0	2
ENSG00000232176	0	3	1	6	4	10
ENSG00000232190	0	0	0	0	0	0
ENSG00000232197	0	0	0	0	0	0
ENSG00000232204	0	0	0	0	0	0
ENSG00000232212	0	0	0	0	0	0
ENSG00000232268	0	0	0	0	0	0
ENSG00000232284	18	10	16	23	4	62
ENSG00000232303	7	2	6	0	0	6
ENSG00000232310	2	0	2	7	13	42
ENSG00000232327	0	0	1	0	0	0
ENSG00000232328	3	0	1	3	3	12
ENSG00000232349	0	0	0	0	0	0
ENSG00000232394	0	0	0	0	0	0
ENSG00000232403	0	0	0	0	0	1
ENSG00000232431	0	0	0	0	0	0
ENSG00000232445	143	157	245	163	119	438
ENSG00000232459	0	0	0	0	0	0
ENSG00000232465	0	0	0	0	0	0
ENSG00000232470	4	1	0	3	4	9
ENSG00000232480	18	9	16	31	21	121
ENSG00000232482	0	0	0	0	0	0
ENSG00000232496	0	0	0	0	0	0
ENSG00000232497	0	0	0	0	0	0
ENSG00000232519	0	2	4	0	0	9
ENSG00000232542	0	0	0	2	0	0
ENSG00000232545	2	1	6	0	0	4
ENSG00000232568	0	0	0	0	0	0
ENSG00000232653	2	1	0	0	0	0
ENSG00000232692	9	6	12	13	1	39
ENSG00000232695	0	0	0	0	0	0
ENSG00000232707	0	0	0	0	0	0
ENSG00000232749	0	0	0	0	0	0
ENSG00000232759	1	4	6	0	0	3
ENSG00000232788	12	5	1	18	6	23
ENSG00000232807	2	1	7	8	2	20
ENSG00000232812	0	0	0	0	0	0
ENSG00000232815	1	3	2	0	0	7
ENSG00000232821	19	4	8	9	12	64
ENSG00000232883	0	0	0	0	0	0
ENSG00000232903	0	0	0	0	0	0
ENSG00000232926	1	3	0	0	0	6
ENSG00000232973	8	4	2	11	7	55
ENSG00000232983	0	0	0	0	0	0
ENSG00000232995	10	30	17	11	6	23
ENSG00000233003	0	0	0	0	0	0
ENSG00000233009	0	0	0	1	0	0
ENSG00000233013	1	1	0	1	0	0
ENSG00000233090	0	0	0	0	1	15
ENSG00000233110	0	0	0	0	0	0
ENSG00000233123	0	0	0	0	0	0
ENSG00000233139	0	0	0	0	0	0
ENSG00000233146	0	0	0	0	0	0
ENSG00000233175	11	3	2	0	0	2
ENSG00000233196	0	4	0	0	0	4
ENSG00000233230	7	3	5	1	0	6
ENSG00000233296	0	5	0	0	0	3
ENSG00000233306	0	0	0	0	0	0
ENSG00000233324	0	0	0	0	0	0
ENSG00000233325	21	15	8	31	14	105
ENSG00000233358	0	0	0	0	0	0
ENSG00000233419	0	0	0	0	0	0
ENSG00000233428	1	1	4	0	1	3
ENSG00000233477	0	0	0	0	0	0
ENSG00000233491	0	1	1	3	8	14
ENSG00000233509	6	7	7	0	1	9
ENSG00000233532	56	56	82	54	23	131
ENSG00000233539	0	1	0	0	2	11
ENSG00000233549	0	0	0	0	0	0
ENSG00000233560	1	2	5	7	7	25
ENSG00000233563	0	0	0	0	0	0
ENSG00000233588	8	4	5	8	0	14
ENSG00000233602	2	0	8	7	0	13
ENSG00000233611	3	1	11	1	0	2
ENSG00000233642	0	0	0	0	0	0
ENSG00000233665	0	0	0	0	0	0
ENSG00000233684	0	0	0	0	0	0
ENSG00000233695	24	16	24	2	2	11
ENSG00000233714	0	0	0	0	0	0
ENSG00000233766	1	0	1	1	1	14
ENSG00000233817	16	19	36	2	2	6
ENSG00000233818	63	32	29	8	4	26
ENSG00000233866	0	0	0	0	0	0
ENSG00000233885	16	15	13	0	4	19
ENSG00000233930	1	2	1	8	7	52
ENSG00000233941	0	0	0	0	0	0
ENSG00000233962	0	0	0	0	0	0
ENSG00000233996	0	0	0	3	0	24
ENSG00000234022	1	0	2	0	0	0
ENSG00000234091	0	0	0	1	0	2
ENSG00000234104	0	0	0	0	0	0
ENSG00000234106	0	1	0	1	1	1
ENSG00000234123	1	4	2	5	0	5
ENSG00000234222	0	6	4	1	3	11
ENSG00000234267	0	0	0	0	0	0
ENSG00000234268	0	0	3	5	1	5
ENSG00000234285	0	0	1	0	0	0
ENSG00000234286	0	0	0	0	0	0
ENSG00000234303	0	0	0	0	0	0
ENSG00000234338	11	1	11	5	2	16
ENSG00000234409	1	0	0	3	7	10
ENSG00000234415	0	0	0	0	0	0
ENSG00000234445	0	0	0	0	0	0
ENSG00000234465	1	5	9	5	0	1
ENSG00000234500	0	1	2	0	1	8
ENSG00000234518	127	88	91	79	31	155
ENSG00000234557	0	0	0	0	0	0
ENSG00000234584	3	0	0	0	1	11
ENSG00000234617	1	8	4	5	0	1
ENSG00000234645	0	0	0	0	0	1
ENSG00000234652	0	0	0	0	0	0
ENSG00000234685	3	1	6	0	0	4
ENSG00000234698	8	3	1	4	1	16
ENSG00000234740	7	5	4	3	0	0
ENSG00000234741	1982	2051	2343	6037	3992	15767
ENSG00000234769	3	2	0	3	1	16
ENSG00000234773	5	3	0	3	0	20
ENSG00000234784	0	0	0	0	0	0
ENSG00000234789	2	5	1	1	3	8
ENSG00000234807	0	7	2	2	4	0
ENSG00000234814	2	1	0	7	4	31
ENSG00000234817	8	1	0	2	1	11
ENSG00000234832	3	0	8	4	2	9
ENSG00000234840	13	8	31	19	27	135
ENSG00000234902	2	3	0	2	0	4
ENSG00000234917	0	0	1	6	2	5
ENSG00000234936	8	7	3	1	0	7
ENSG00000234961	0	0	0	1	0	1
ENSG00000234973	0	0	0	0	0	0
ENSG00000234979	0	0	0	0	0	0
ENSG00000234996	5	10	5	0	3	9
ENSG00000234997	4	8	11	0	1	6
ENSG00000235008	7	5	1	3	1	17
ENSG00000235050	0	0	0	0	0	1
ENSG00000235064	14	22	6	10	1	17
ENSG00000235078	1	1	4	0	0	4
ENSG00000235081	1	6	6	15	7	31
ENSG00000235095	7	12	10	23	15	91
ENSG00000235109	5	5	14	5	0	12
ENSG00000235121	1	1	0	2	0	0
ENSG00000235127	0	0	0	0	0	0
ENSG00000235217	2	5	2	1	2	8
ENSG00000235236	0	2	0	6	2	9
ENSG00000235264	0	0	1	0	0	0
ENSG00000235298	0	3	4	3	0	5
ENSG00000235321	0	0	0	0	0	0
ENSG00000235343	0	0	0	0	0	0
ENSG00000235363	3	0	1	1	0	7
ENSG00000235368	0	0	0	0	0	0
ENSG00000235403	0	0	0	0	0	0
ENSG00000235464	0	0	0	0	0	0
ENSG00000235472	183	218	210	177	102	360
ENSG00000235482	0	0	1	0	0	1
ENSG00000235486	0	0	0	0	0	0
ENSG00000235526	0	0	0	0	0	0
ENSG00000235531	116	18	41	54	9	47
ENSG00000235548	0	0	0	0	0	0
ENSG00000235560	35	38	36	19	3	15
ENSG00000235572	0	0	0	0	0	0
ENSG00000235587	18	7	20	11	0	19
ENSG00000235610	0	0	0	0	0	0
ENSG00000235623	0	0	0	0	0	0
ENSG00000235672	2	1	0	5	3	11
ENSG00000235674	9	6	1	3	0	1
ENSG00000235768	14	5	9	13	1	14
ENSG00000235790	8	4	11	3	0	7
ENSG00000235815	0	0	0	0	0	0
ENSG00000235830	0	0	0	0	0	0
ENSG00000235831	9	2	4	0	0	10
ENSG00000235872	0	0	2	0	1	0
ENSG00000235879	6	3	6	4	0	11
ENSG00000235927	3	6	13	2	0	3
ENSG00000235932	0	0	0	0	0	0
ENSG00000235997	0	0	0	0	0	0
ENSG00000236013	6	5	8	43	33	100
ENSG00000236053	0	0	0	0	0	0
ENSG00000236056	0	2	0	0	1	7
ENSG00000236060	11	0	1	1	1	6
ENSG00000236098	0	0	2	2	0	7
ENSG00000236105	1	1	0	5	0	8
ENSG00000236116	0	0	0	0	0	0
ENSG00000236123	9	5	16	6	0	4
ENSG00000236145	0	0	0	0	0	0
ENSG00000236205	0	0	0	0	0	0
ENSG00000236213	0	0	0	0	0	0
ENSG00000236232	0	0	0	0	0	0
ENSG00000236255	13	15	34	57	50	181
ENSG00000236290	0	0	0	2	0	0
ENSG00000236306	0	0	0	0	0	0
ENSG00000236364	2	7	6	3	22	43
ENSG00000236383	4	3	10	0	1	5
ENSG00000236404	11	11	6	16	0	18
ENSG00000236423	16	8	10	8	0	0
ENSG00000236431	6	3	4	3	0	0
ENSG00000236438	0	0	0	0	4	4
ENSG00000236467	2	9	7	10	4	58
ENSG00000236499	5	3	4	0	0	4
ENSG00000236501	0	0	0	0	0	0
ENSG00000236530	15	7	11	1	2	11
ENSG00000236591	4	2	9	1	0	5
ENSG00000236612	0	0	0	0	0	0
ENSG00000236617	8	6	5	5	0	12
ENSG00000236658	1	2	0	0	0	10
ENSG00000236682	16	4	10	21	1	29
ENSG00000236700	2	1	0	8	5	29
ENSG00000236716	0	0	0	0	0	0
ENSG00000236732	3	0	5	0	0	3
ENSG00000236751	11	6	8	5	1	4
ENSG00000236780	0	0	0	0	0	3
ENSG00000236801	1	2	0	5	0	5
ENSG00000236811	0	0	0	0	1	0
ENSG00000236828	0	0	0	0	0	0
ENSG00000236848	0	0	0	0	0	1
ENSG00000236878	0	0	0	0	1	2
ENSG00000236913	0	0	0	0	0	0
ENSG00000236928	0	0	0	0	0	0
ENSG00000236951	0	0	0	0	0	0
ENSG00000236953	2	0	1	4	0	8
ENSG00000236957	0	0	0	0	0	0
ENSG00000236966	0	0	0	0	0	0
ENSG00000236998	0	0	0	1	0	2
ENSG00000237082	6	0	1	0	0	3
ENSG00000237189	0	0	0	0	0	0
ENSG00000237211	1	1	1	0	0	1
ENSG00000237214	11	3	9	14	12	22
ENSG00000237222	1	5	2	0	0	0
ENSG00000237269	0	0	0	0	0	0
ENSG00000237289	6	14	10	0	7	39
ENSG00000237293	0	0	0	1	2	7
ENSG00000237302	0	0	0	0	0	0
ENSG00000237310	14	16	9	18	1	10
ENSG00000237326	0	0	0	0	0	0
ENSG00000237337	0	0	0	0	0	0
ENSG00000237343	0	0	0	0	0	0
ENSG00000237354	0	0	0	0	0	0
ENSG00000237433	3	3	0	1	0	9
ENSG00000237436	3	0	3	0	1	14
ENSG00000237438	75	95	101	59	29	88
ENSG00000237439	0	0	0	0	0	0
ENSG00000237472	0	0	0	0	0	0
ENSG00000237579	0	0	0	0	0	0
ENSG00000237595	5	4	9	1	0	2
ENSG00000237610	0	0	0	0	0	0
ENSG00000237641	3	0	1	0	0	7
ENSG00000237651	0	0	0	0	0	0
ENSG00000237665	0	0	0	0	0	0
ENSG00000237672	0	0	1	0	1	9
ENSG00000237691	4	2	1	4	0	16
ENSG00000237719	2	0	4	0	0	6
ENSG00000237753	40	25	8	14	3	32
ENSG00000237773	4	1	5	9	0	12
ENSG00000237781	1	2	1	18	11	26
ENSG00000237813	3	2	3	5	4	37
ENSG00000237821	0	1	0	0	0	0
ENSG00000237845	0	2	0	0	0	8
ENSG00000237853	0	0	0	0	0	0
ENSG00000237873	0	0	0	0	0	0
ENSG00000237885	0	0	0	0	0	0
ENSG00000237896	1	0	2	5	4	9
ENSG00000237917	0	0	0	0	0	0
ENSG00000237919	0	0	3	0	0	0
ENSG00000237920	0	0	0	0	0	0
ENSG00000237954	0	0	0	0	0	0
ENSG00000237984	4	4	0	2	2	6
ENSG00000237987	0	0	0	0	0	0
ENSG00000238005	2	5	5	0	2	11
ENSG00000238018	4	5	0	2	0	6
ENSG00000238037	0	0	0	0	0	0
ENSG00000238048	0	0	0	0	0	0
ENSG00000238099	7	7	2	8	2	5
ENSG00000238110	1	6	0	1	1	10
ENSG00000238137	1	0	1	4	0	9
ENSG00000238142	0	0	0	0	0	0
ENSG00000238149	0	0	0	0	0	0
ENSG00000238199	0	2	0	10	0	5
ENSG00000238221	0	1	0	0	0	1
ENSG00000238251	22	5	21	3	1	6
ENSG00000238273	0	0	1	1	1	13
ENSG00000238279	18	1	14	13	6	24
ENSG00000238290	0	3	0	1	1	9
ENSG00000238317	0	0	1	1	0	12
ENSG00000238390	5	1	4	0	0	6
ENSG00000238391	0	0	0	0	0	0
ENSG00000238493	0	0	0	0	0	0
ENSG00000238741	0	0	0	2	0	0
ENSG00000238789	0	0	0	0	0	0
ENSG00000238912	0	1	4	10	4	11
ENSG00000239137	0	0	0	0	0	0
ENSG00000239205	0	0	0	0	0	0
ENSG00000239211	0	0	0	0	0	0
ENSG00000239213	7	16	11	18	1	16
ENSG00000239218	11	6	4	2	0	2
ENSG00000239249	0	0	0	0	0	0
ENSG00000239265	1	0	0	1	0	4
ENSG00000239282	1	0	0	5	0	5
ENSG00000239335	7	5	0	1	4	9
ENSG00000239388	4	3	0	4	0	9
ENSG00000239419	1	0	1	0	1	0
ENSG00000239439	0	0	0	0	0	0
ENSG00000239443	0	0	0	0	0	0
ENSG00000239473	0	0	0	1	1	0
ENSG00000239474	3	0	0	0	0	6
ENSG00000239490	0	0	0	0	0	0
ENSG00000239511	0	0	0	0	0	0
ENSG00000239516	0	0	0	0	0	0
ENSG00000239559	558	565	559	760	409	1490
ENSG00000239605	0	0	0	0	0	2
ENSG00000239617	0	1	0	3	2	15
ENSG00000239653	15	21	10	75	77	313
ENSG00000239686	0	0	0	0	0	0
ENSG00000239763	3	6	2	9	0	8
ENSG00000239797	0	0	0	0	1	0
ENSG00000239810	1	0	2	17	2	24
ENSG00000239825	0	0	0	0	0	0
ENSG00000239827	0	4	1	1	0	7
ENSG00000239857	9	5	3	3	1	20
ENSG00000239908	1	0	1	2	1	12
ENSG00000239912	0	8	2	4	0	2
ENSG00000239924	0	0	0	0	0	0
ENSG00000240032	10	5	4	17	21	73
ENSG00000240038	3	7	3	8	8	63
ENSG00000240041	0	0	0	0	0	0
ENSG00000240051	0	0	0	0	0	0
ENSG00000240083	0	0	0	0	0	0
ENSG00000240106	2	0	0	4	1	13
ENSG00000240163	0	1	0	3	0	12
ENSG00000240201	0	0	0	0	0	0
ENSG00000240338	7	0	3	7	6	30
ENSG00000240366	3	0	0	3	0	5
ENSG00000240395	55	37	53	57	15	104
ENSG00000240399	1	6	3	0	0	0
ENSG00000240411	0	0	0	0	0	0
ENSG00000240439	0	0	0	0	0	0
ENSG00000240476	5	13	20	72	82	471
ENSG00000240477	0	2	2	1	0	12
ENSG00000240521	0	0	0	1	0	9
ENSG00000240522	3	9	4	0	0	6
ENSG00000240578	0	0	0	0	0	0
ENSG00000240611	0	0	0	0	0	0
ENSG00000240622	1	2	0	0	0	0
ENSG00000240631	0	0	0	0	0	0
ENSG00000240661	16	15	38	2	5	8
ENSG00000240677	0	0	0	0	0	0
ENSG00000240718	0	0	0	0	2	0
ENSG00000240774	0	0	0	0	0	0
ENSG00000240846	0	0	0	0	0	0
ENSG00000240888	0	0	0	0	0	0
ENSG00000240890	1	5	7	6	0	5
ENSG00000240898	5	12	12	11	5	16
ENSG00000240922	0	0	0	0	0	1
ENSG00000240970	6	10	20	4	1	12
ENSG00000240990	2	4	7	1	0	8
ENSG00000240991	1	1	0	0	2	2
ENSG00000241064	0	0	0	0	0	0
ENSG00000241097	0	0	0	0	0	0
ENSG00000241104	10	6	16	8	10	26
ENSG00000241134	0	0	0	0	0	0
ENSG00000241170	10	21	18	34	44	141
ENSG00000241211	2	0	0	1	0	1
ENSG00000241217	0	3	9	3	2	16
ENSG00000241225	0	0	0	0	0	0
ENSG00000241243	0	0	0	0	0	0
ENSG00000241248	0	0	0	0	0	0
ENSG00000241288	7	11	12	5	2	8
ENSG00000241449	0	0	0	0	0	0
ENSG00000241462	0	0	0	0	0	0
ENSG00000241563	0	6	0	6	0	4
ENSG00000241577	0	0	0	0	0	0
ENSG00000241690	0	0	0	0	0	0
ENSG00000241741	14	13	17	17	2	36
ENSG00000241744	0	0	0	0	0	0
ENSG00000241776	0	0	0	0	0	0
ENSG00000241886	1	0	3	4	0	2
ENSG00000241889	3	3	9	0	0	1
ENSG00000241907	6	2	1	1	0	8
ENSG00000241945	0	0	6	4	4	7
ENSG00000241962	3	0	3	7	1	8
ENSG00000241978	6	0	6	0	0	5
ENSG00000242049	0	0	0	0	1	1
ENSG00000242082	0	0	0	0	0	0
ENSG00000242199	0	1	6	0	1	5
ENSG00000242221	71	50	61	280	187	657
ENSG00000242242	1	3	3	0	0	6
ENSG00000242246	0	0	0	0	0	0
ENSG00000242252	0	0	0	4	0	4
ENSG00000242296	0	0	0	0	0	0
ENSG00000242315	0	0	0	0	0	0
ENSG00000242419	2	8	8	8	0	14
ENSG00000242485	920	839	994	1103	812	2612
ENSG00000242534	0	0	0	0	0	0
ENSG00000242562	11	2	3	12	6	15
ENSG00000242573	0	1	1	0	0	0
ENSG00000242575	0	0	0	0	0	0
ENSG00000242686	7	5	1	0	1	8
ENSG00000242759	11	7	11	8	0	16
ENSG00000242791	2	4	0	1	1	10
ENSG00000242802	678	568	512	520	500	1851
ENSG00000242850	0	1	0	7	0	5
ENSG00000242853	1	0	0	0	0	0
ENSG00000242978	0	0	0	0	0	0
ENSG00000242983	0	0	0	0	0	0
ENSG00000243103	0	0	0	0	0	1
ENSG00000243122	0	0	0	0	0	0
ENSG00000243130	22	12	16	52	40	187
ENSG00000243155	5	2	1	2	4	21
ENSG00000243321	0	0	0	0	0	0
ENSG00000243365	0	0	0	0	0	0
ENSG00000243406	13	15	11	4	1	14
ENSG00000243415	5	1	2	10	2	38
ENSG00000243431	0	1	0	2	0	7
ENSG00000243531	0	0	0	0	0	0
ENSG00000243566	0	0	4	0	0	3
ENSG00000243650	0	0	6	0	0	2
ENSG00000243696	5	5	8	0	1	4
ENSG00000243779	0	0	0	0	0	1
ENSG00000243819	4	1	0	2	0	8
ENSG00000243864	0	0	0	0	0	0
ENSG00000243960	1	8	6	3	1	27
ENSG00000244021	2	0	1	0	0	1
ENSG00000244041	22	26	4	11	1	12
ENSG00000244171	0	0	0	0	0	2
ENSG00000244192	1	9	7	16	1	9
ENSG00000244218	4	2	2	2	3	7
ENSG00000244242	7	3	2	6	0	25
ENSG00000244245	2	2	7	3	1	22
ENSG00000244266	0	0	0	0	0	0
ENSG00000244289	0	0	0	0	0	0
ENSG00000244292	0	0	0	0	0	0
ENSG00000244381	2	7	0	1	1	2
ENSG00000244389	0	0	0	0	0	1
ENSG00000244425	0	4	11	2	3	16
ENSG00000244482	2	2	5	15	11	47
ENSG00000244501	0	0	0	0	0	0
ENSG00000244540	0	3	0	0	2	1
ENSG00000244558	7	2	0	3	0	2
ENSG00000244586	5	4	12	7	3	13
ENSG00000244668	4	3	1	0	0	0
ENSG00000244691	4	0	3	2	3	18
ENSG00000244730	0	0	0	0	0	0
ENSG00000244733	1	2	0	4	2	7
ENSG00000244945	6	3	13	4	2	25
ENSG00000245059	3	0	3	0	0	5
ENSG00000245156	16	3	16	6	2	29
ENSG00000245281	15	9	3	9	1	22
ENSG00000245498	8	6	4	2	0	12
ENSG00000245526	0	0	0	0	0	0
ENSG00000245598	1	0	0	0	0	3
ENSG00000245651	0	0	0	0	0	0
ENSG00000245711	0	1	3	0	3	8
ENSG00000246273	16	12	23	4	0	4
ENSG00000246363	2	0	0	6	7	18
ENSG00000246523	13	0	4	0	0	0
ENSG00000246851	1	2	1	0	0	13
ENSG00000246985	9	5	0	16	1	9
ENSG00000247137	47	30	61	57	31	109
ENSG00000247157	14	4	0	6	3	19
ENSG00000247199	1	0	0	1	0	2
ENSG00000247287	0	0	0	0	0	0
ENSG00000247311	0	0	0	16	6	45
ENSG00000247372	3	0	1	0	0	0
ENSG00000247402	0	0	0	0	0	0
ENSG00000247746	19	10	8	6	0	5
ENSG00000247877	0	0	3	6	4	2
ENSG00000248019	17	3	7	9	4	34
ENSG00000248092	199	138	169	115	34	153
ENSG00000248143	5	1	1	0	4	2
ENSG00000248202	0	2	0	1	0	10
ENSG00000248213	1	3	1	0	1	11
ENSG00000248223	0	0	0	0	0	0
ENSG00000248228	0	0	0	0	0	0
ENSG00000248282	0	0	0	0	0	0
ENSG00000248323	29	47	63	108	125	794
ENSG00000248383	52	21	35	18	3	34
ENSG00000248415	0	0	1	0	0	0
ENSG00000248424	0	0	0	0	0	0
ENSG00000248462	0	0	0	0	0	0
ENSG00000248466	0	0	1	0	0	0
ENSG00000248474	0	0	0	0	0	0
ENSG00000248508	30	31	36	18	1	24
ENSG00000248530	0	1	0	0	0	0
ENSG00000248590	0	1	0	0	0	0
ENSG00000248601	0	0	0	0	0	0
ENSG00000248663	0	0	0	0	0	0
ENSG00000248712	6	2	2	0	0	3
ENSG00000248734	1	4	15	3	0	4
ENSG00000248738	0	0	0	0	0	0
ENSG00000248749	6	0	7	7	1	14
ENSG00000248781	0	0	0	1	0	0
ENSG00000248783	7	0	4	3	0	4
ENSG00000248817	0	0	0	0	0	0
ENSG00000248858	0	3	0	5	0	0
ENSG00000248864	0	0	0	0	0	0
ENSG00000248866	10	10	8	8	0	8
ENSG00000248896	3	2	3	1	0	16
ENSG00000248932	25	13	6	1	6	18
ENSG00000248958	0	0	0	0	0	0
ENSG00000248968	6	0	1	3	4	9
ENSG00000249035	6	4	2	0	0	11
ENSG00000249047	0	1	3	5	0	9
ENSG00000249049	0	0	0	0	0	0
ENSG00000249111	0	0	0	2	1	1
ENSG00000249112	0	0	0	0	0	0
ENSG00000249206	0	0	0	0	0	0
ENSG00000249210	8	3	0	0	0	5
ENSG00000249216	0	0	0	0	0	0
ENSG00000249400	1	1	0	0	0	0
ENSG00000249406	8	5	8	3	2	1
ENSG00000249421	0	0	0	0	0	0
ENSG00000249437	3	0	1	0	0	8
ENSG00000249464	0	2	8	4	3	10
ENSG00000249467	0	0	0	0	0	0
ENSG00000249485	66	44	45	69	43	123
ENSG00000249504	0	0	0	0	0	0
ENSG00000249540	0	0	0	0	0	0
ENSG00000249600	0	0	0	0	0	0
ENSG00000249668	0	0	0	0	0	0
ENSG00000249695	0	0	0	0	0	0
ENSG00000249751	1	0	0	0	0	0
ENSG00000249776	0	0	0	0	0	0
ENSG00000249797	0	0	0	0	0	0
ENSG00000249887	0	0	0	0	0	0
ENSG00000249910	0	0	0	0	0	0
ENSG00000249945	0	0	0	0	0	11
ENSG00000249986	0	0	0	0	0	0
ENSG00000249992	4632	4008	3260	5781	2283	8049
ENSG00000250020	0	3	5	0	0	0
ENSG00000250048	15	8	7	30	29	97
ENSG00000250056	0	0	2	1	1	5
ENSG00000250078	0	0	0	0	0	0
ENSG00000250091	15	3	3	1	3	0
ENSG00000250141	0	0	0	0	0	0
ENSG00000250208	0	0	0	0	0	0
ENSG00000250220	1	0	1	5	0	4
ENSG00000250240	5	2	1	7	2	23
ENSG00000250320	14	5	12	15	3	56
ENSG00000250322	0	0	0	2	0	0
ENSG00000250330	0	0	0	0	0	0
ENSG00000250341	0	0	0	0	0	0
ENSG00000250362	6	7	16	9	7	19
ENSG00000250423	0	1	0	0	0	0
ENSG00000250451	4	2	1	4	2	4
ENSG00000250456	0	0	0	0	0	0
ENSG00000250481	0	0	0	0	0	0
ENSG00000250497	1	0	0	0	0	0
ENSG00000250501	0	0	0	0	0	0
ENSG00000250566	0	0	0	0	0	0
ENSG00000250594	0	0	0	0	0	0
ENSG00000250622	0	0	0	0	0	0
ENSG00000250644	4	0	3	0	1	10
ENSG00000250682	1	0	0	0	0	0
ENSG00000250730	0	0	0	0	0	0
ENSG00000250731	14	22	17	8	1	11
ENSG00000250750	0	0	0	0	0	0
ENSG00000250762	0	0	0	0	0	0
ENSG00000250764	3	7	4	17	16	58
ENSG00000250769	0	0	0	0	0	0
ENSG00000250794	1	7	8	1	0	0
ENSG00000250796	0	7	0	3	0	5
ENSG00000250846	69	48	73	65	33	138
ENSG00000250848	2	0	5	1	0	8
ENSG00000250850	0	0	0	0	0	0
ENSG00000250868	0	0	0	0	0	0
ENSG00000250878	1	2	0	11	5	8
ENSG00000250887	0	0	0	0	0	0
ENSG00000250909	1	0	4	3	0	6
ENSG00000250966	6	10	11	4	0	16
ENSG00000250995	3	4	4	3	4	10
ENSG00000251023	7	5	0	4	1	0
ENSG00000251044	0	0	0	0	0	0
ENSG00000251048	0	0	0	0	0	0
ENSG00000251143	2	5	8	7	8	37
ENSG00000251147	0	0	0	0	0	0
ENSG00000251151	6	9	6	3	0	6
ENSG00000251187	0	0	0	0	0	0
ENSG00000251199	0	0	0	0	0	0
ENSG00000251212	0	0	0	0	0	0
ENSG00000251228	0	0	0	0	0	0
ENSG00000251260	0	0	0	0	0	0
ENSG00000251314	2	0	4	12	1	17
ENSG00000251320	0	0	0	0	0	0
ENSG00000251330	4	3	0	0	1	7
ENSG00000251359	1	8	2	0	0	1
ENSG00000251365	1	2	4	9	4	33
ENSG00000251366	0	0	0	1	0	0
ENSG00000251387	0	0	0	0	0	1
ENSG00000251513	7	4	6	4	0	11
ENSG00000251556	1	2	15	6	2	17
ENSG00000251574	0	0	0	0	0	0
ENSG00000251598	0	0	0	0	0	0
ENSG00000251652	0	0	0	0	0	0
ENSG00000251676	0	0	0	0	0	0
ENSG00000251678	0	0	0	0	0	0
ENSG00000251680	0	0	0	0	0	0
ENSG00000251692	0	4	1	3	0	8
ENSG00000251703	0	0	0	0	0	0
ENSG00000251722	0	0	0	0	0	0
ENSG00000251746	0	0	0	0	0	0
ENSG00000251781	0	0	0	0	0	0
ENSG00000251794	0	0	0	0	0	0
ENSG00000251828	0	0	0	0	0	0
ENSG00000251861	0	0	0	0	0	0
ENSG00000251883	0	0	0	0	0	0
ENSG00000251898	0	0	0	2	0	0
ENSG00000251913	0	0	0	0	0	0
ENSG00000251919	0	0	0	0	0	0
ENSG00000251996	0	0	0	0	0	0
ENSG00000252013	0	0	0	0	0	0
ENSG00000252030	0	0	0	0	0	0
ENSG00000252083	0	0	0	0	0	0
ENSG00000252112	0	0	0	0	0	0
ENSG00000252173	0	0	0	0	0	0
ENSG00000252213	0	2	1	1	0	8
ENSG00000252217	0	0	0	0	0	0
ENSG00000252312	0	0	0	0	0	0
ENSG00000252351	0	0	0	0	0	0
ENSG00000252404	0	0	0	0	0	0
ENSG00000252496	0	0	0	0	0	0
ENSG00000252498	1	0	0	2	0	7
ENSG00000252507	0	0	0	0	0	0
ENSG00000252530	0	0	0	0	0	0
ENSG00000252539	1	0	0	0	0	0
ENSG00000252568	0	0	0	0	0	0
ENSG00000252591	0	0	0	0	0	0
ENSG00000252614	0	3	0	0	0	2
ENSG00000252634	0	0	0	0	0	0
ENSG00000252641	0	0	0	0	0	1
ENSG00000252649	0	0	0	0	0	0
ENSG00000252651	0	0	0	0	0	0
ENSG00000252653	0	0	0	0	0	0
ENSG00000252743	0	0	3	2	0	5
ENSG00000252746	0	0	0	0	0	0
ENSG00000252765	0	0	0	0	0	0
ENSG00000252769	0	0	0	0	0	0
ENSG00000252783	0	0	0	0	0	0
ENSG00000252812	0	0	0	0	0	0
ENSG00000252848	0	0	0	0	0	0
ENSG00000252913	0	0	0	0	0	0
ENSG00000252934	0	0	0	0	0	0
ENSG00000252937	0	0	0	0	0	0
ENSG00000253042	0	0	0	0	0	0
ENSG00000253058	0	0	0	0	0	0
ENSG00000253090	0	0	0	0	0	0
ENSG00000253103	0	0	0	0	0	0
ENSG00000253164	0	0	0	0	0	0
ENSG00000253174	3	8	6	0	2	13
ENSG00000253194	2	4	10	3	0	21
ENSG00000253207	0	0	0	0	0	0
ENSG00000253240	0	0	0	0	0	0
ENSG00000253266	0	0	0	3	6	11
ENSG00000253305	2	3	6	0	0	7
ENSG00000253320	22	6	2	23	11	26
ENSG00000253322	0	0	0	0	0	0
ENSG00000253346	0	0	0	0	0	0
ENSG00000253382	0	0	0	0	0	0
ENSG00000253391	0	0	0	0	0	0
ENSG00000253403	0	0	0	0	0	0
ENSG00000253412	0	0	0	0	0	0
ENSG00000253438	1	0	4	2	0	1
ENSG00000253445	0	0	0	0	0	0
ENSG00000253492	0	0	0	0	0	0
ENSG00000253516	0	0	1	2	0	0
ENSG00000253526	0	0	0	0	1	9
ENSG00000253558	0	0	1	4	0	5
ENSG00000253568	0	0	0	0	0	0
ENSG00000253572	0	0	0	0	0	0
ENSG00000253585	0	0	2	3	3	11
ENSG00000253608	1	0	0	0	0	1
ENSG00000253616	7	6	4	0	4	1
ENSG00000253633	39	15	4	12	1	17
ENSG00000253639	0	0	0	0	0	0
ENSG00000253658	0	1	2	0	0	1
ENSG00000253681	0	0	0	0	0	0
ENSG00000253687	0	0	0	0	0	0
ENSG00000253704	2	0	0	5	2	6
ENSG00000253889	0	0	0	0	0	0
ENSG00000253899	6	6	0	1	0	4
ENSG00000253908	13	2	2	0	0	7
ENSG00000253923	0	0	0	0	1	1
ENSG00000253955	4	2	1	6	4	20
ENSG00000253988	0	0	0	0	0	0
ENSG00000254050	0	0	0	0	0	0
ENSG00000254088	1	1	0	0	1	0
ENSG00000254111	0	0	0	0	0	0
ENSG00000254119	0	0	0	0	0	0
ENSG00000254162	5	1	3	10	3	28
ENSG00000254166	1	0	0	2	5	7
ENSG00000254189	0	0	0	0	0	0
ENSG00000254205	0	0	0	0	0	0
ENSG00000254207	1	0	3	1	0	7
ENSG00000254226	4	0	0	19	3	29
ENSG00000254231	3	1	2	1	1	4
ENSG00000254236	0	0	1	0	0	0
ENSG00000254242	0	0	0	0	0	0
ENSG00000254275	0	0	0	0	0	9
ENSG00000254285	4	3	4	0	0	0
ENSG00000254300	20	22	37	103	51	242
ENSG00000254314	0	0	0	0	0	0
ENSG00000254317	1	0	0	2	3	10
ENSG00000254337	1	0	0	12	1	6
ENSG00000254339	0	0	0	0	0	0
ENSG00000254373	194	152	130	71	21	48
ENSG00000254409	0	0	1	2	0	13
ENSG00000254433	0	1	3	2	1	12
ENSG00000254449	80	78	91	67	31	122
ENSG00000254473	9	6	6	2	0	6
ENSG00000254480	0	0	4	5	0	1
ENSG00000254505	5	10	9	3	6	20
ENSG00000254515	0	0	0	0	0	0
ENSG00000254527	1	0	0	0	0	0
ENSG00000254542	0	0	0	0	0	0
ENSG00000254546	0	0	0	0	0	0
ENSG00000254561	0	0	0	0	0	0
ENSG00000254565	0	0	0	0	0	0
ENSG00000254625	0	0	0	0	0	0
ENSG00000254633	0	0	0	0	0	0
ENSG00000254634	12	1	3	29	12	56
ENSG00000254644	0	0	0	0	0	0
ENSG00000254656	3	3	0	10	6	10
ENSG00000254665	0	0	0	0	0	0
ENSG00000254701	0	1	2	4	0	3
ENSG00000254717	10	11	17	8	0	2
ENSG00000254721	0	0	0	0	0	0
ENSG00000254815	17	6	1	4	2	14
ENSG00000254818	0	0	0	0	0	0
ENSG00000254828	0	0	0	0	0	1
ENSG00000254855	0	1	0	0	0	3
ENSG00000254876	7	7	10	4	3	0
ENSG00000254897	0	0	0	0	0	0
ENSG00000254909	9	3	7	2	0	3
ENSG00000254910	18	11	8	11	1	22
ENSG00000254917	0	0	0	0	0	0
ENSG00000254919	0	0	0	0	0	0
ENSG00000254951	9	4	6	2	0	6
ENSG00000254990	2	2	0	6	0	0
ENSG00000254992	0	0	0	0	0	0
ENSG00000254995	5	9	18	14	8	68
ENSG00000255042	37	27	15	26	4	51
ENSG00000255104	0	0	0	0	0	0
ENSG00000255126	0	0	0	0	0	0
ENSG00000255146	7	4	8	0	1	1
ENSG00000255189	0	0	0	0	0	0
ENSG00000255197	6	9	10	1	2	0
ENSG00000255210	0	0	0	0	0	0
ENSG00000255220	0	6	7	3	4	9
ENSG00000255226	0	0	0	0	0	0
ENSG00000255229	0	0	0	0	0	0
ENSG00000255237	2	4	1	9	0	7
ENSG00000255300	0	0	0	0	0	0
ENSG00000255325	0	0	0	0	1	9
ENSG00000255337	5	1	0	0	0	0
ENSG00000255338	0	0	0	0	0	0
ENSG00000255349	0	0	0	0	0	0
ENSG00000255363	2	0	6	1	2	5
ENSG00000255371	0	0	0	0	0	0
ENSG00000255384	0	0	2	0	4	4
ENSG00000255445	9	5	2	3	0	8
ENSG00000255471	1	0	0	0	1	7
ENSG00000255520	0	0	0	5	0	3
ENSG00000255524	2	0	0	1	2	12
ENSG00000255543	0	0	0	0	0	0
ENSG00000255555	3	2	2	19	9	40
ENSG00000255559	5	7	4	1	0	10
ENSG00000255566	3	1	0	4	1	14
ENSG00000255575	0	0	0	0	0	0
ENSG00000255585	1	3	4	5	1	12
ENSG00000255650	3	1	8	3	2	25
ENSG00000255870	0	0	0	0	0	0
ENSG00000255886	0	0	0	0	0	0
ENSG00000255910	17	14	11	3	0	9
ENSG00000255965	0	0	0	0	0	0
ENSG00000256006	3	10	3	4	5	31
ENSG00000256134	0	0	0	0	0	0
ENSG00000256196	0	2	5	0	5	3
ENSG00000256249	0	0	0	0	0	3
ENSG00000256464	5	0	3	0	0	0
ENSG00000256499	0	2	0	1	0	0
ENSG00000256574	0	0	0	7	2	4
ENSG00000256582	0	0	1	0	0	0
ENSG00000256690	0	3	4	6	11	22
ENSG00000256752	0	0	0	0	0	0
ENSG00000256762	0	0	0	0	0	0
ENSG00000256806	49	50	44	14	4	33
ENSG00000256940	9	9	11	5	0	11
ENSG00000256967	6	17	9	1	3	13
ENSG00000257038	2	1	2	0	0	3
ENSG00000257070	0	0	0	2	0	6
ENSG00000257108	1	0	3	8	5	23
ENSG00000257115	0	0	0	0	0	0
ENSG00000257150	2	2	1	10	10	15
ENSG00000257156	0	1	1	1	0	8
ENSG00000257179	3	2	0	2	1	2
ENSG00000257194	1	0	0	0	1	2
ENSG00000257221	0	0	0	0	0	0
ENSG00000257225	0	0	0	1	0	1
ENSG00000257242	3	0	2	7	4	23
ENSG00000257284	0	0	0	0	0	0
ENSG00000257285	12	5	12	9	0	10
ENSG00000257298	1	1	1	0	0	8
ENSG00000257332	0	0	0	0	0	0
ENSG00000257335	0	0	0	2	3	4
ENSG00000257346	0	0	0	0	0	0
ENSG00000257429	7	1	15	19	7	27
ENSG00000257496	8	3	5	5	0	7
ENSG00000257497	0	3	2	3	12	24
ENSG00000257579	0	0	0	0	0	0
ENSG00000257594	1	1	6	4	1	13
ENSG00000257595	0	0	0	0	0	0
ENSG00000257612	0	0	0	0	0	0
ENSG00000257648	0	0	0	0	0	0
ENSG00000257752	1	0	1	0	0	1
ENSG00000257777	0	0	0	0	0	0
ENSG00000257802	0	1	0	0	0	0
ENSG00000257865	0	0	0	0	0	0
ENSG00000257894	2	2	0	4	4	8
ENSG00000257913	7	1	7	6	0	7
ENSG00000257921	0	0	0	0	0	0
ENSG00000257986	0	0	0	0	0	0
ENSG00000258018	0	0	1	0	0	0
ENSG00000258056	41	37	38	14	2	3
ENSG00000258081	0	0	0	0	0	0
ENSG00000258096	2	0	1	3	0	13
ENSG00000258101	1	0	7	0	0	0
ENSG00000258102	72	37	55	70	36	99
ENSG00000258122	10	3	2	0	0	0
ENSG00000258311	2	2	11	0	0	3
ENSG00000258324	0	0	0	0	0	0
ENSG00000258334	7	11	5	0	2	6
ENSG00000258336	0	0	0	0	0	0
ENSG00000258357	25	38	26	5	4	14
ENSG00000258404	0	0	0	0	0	0
ENSG00000258457	5	1	5	1	0	0
ENSG00000258498	30	10	13	20	27	113
ENSG00000258502	0	0	0	0	0	0
ENSG00000258506	0	0	0	0	0	0
ENSG00000258516	0	0	0	0	0	0
ENSG00000258517	0	0	0	0	0	0
ENSG00000258525	1	7	0	0	1	6
ENSG00000258545	0	2	0	1	0	0
ENSG00000258578	0	0	0	0	0	0
ENSG00000258580	0	0	0	0	0	0
ENSG00000258603	1	1	1	1	0	1
ENSG00000258608	3	4	4	4	0	0
ENSG00000258638	0	0	0	0	0	0
ENSG00000258643	12	3	0	4	3	12
ENSG00000258646	2	1	2	0	2	8
ENSG00000258656	0	0	0	0	0	0
ENSG00000258674	6	5	1	1	0	7
ENSG00000258701	16	17	17	9	0	7
ENSG00000258725	3	7	9	0	7	13
ENSG00000258727	3	3	9	0	6	7
ENSG00000258733	1	1	0	2	0	3
ENSG00000258791	1	1	1	3	0	1
ENSG00000258828	0	0	0	0	0	0
ENSG00000258836	0	0	0	0	0	0
ENSG00000258837	1	0	0	1	3	7
ENSG00000258864	0	0	0	0	0	0
ENSG00000258870	0	0	3	3	0	2
ENSG00000258873	0	0	0	0	0	0
ENSG00000258938	3	1	0	0	0	0
ENSG00000258951	0	4	0	2	2	8
ENSG00000258976	16	12	28	5	1	10
ENSG00000259004	0	0	0	0	0	0
ENSG00000259022	31	22	30	3	3	11
ENSG00000259028	0	0	0	0	0	0
ENSG00000259038	4	0	7	3	0	1
ENSG00000259053	0	0	0	0	0	0
ENSG00000259065	5	1	1	0	0	6
ENSG00000259081	5	5	5	0	0	3
ENSG00000259096	9	16	18	12	1	22
ENSG00000259133	0	0	0	0	0	0
ENSG00000259146	15	17	13	2	1	6
ENSG00000259153	78	67	70	45	11	39
ENSG00000259161	0	0	0	0	0	0
ENSG00000259165	0	0	0	1	0	8
ENSG00000259192	0	0	0	0	0	0
ENSG00000259211	0	2	0	0	6	7
ENSG00000259248	1	1	1	6	2	17
ENSG00000259275	7	0	2	23	12	58
ENSG00000259285	0	0	0	0	0	0
ENSG00000259291	18	13	23	20	1	32
ENSG00000259298	0	0	0	5	3	5
ENSG00000259319	4	0	4	2	0	0
ENSG00000259321	5	2	7	3	6	11
ENSG00000259334	0	0	0	0	0	0
ENSG00000259345	8	11	39	2	1	7
ENSG00000259349	2	1	2	3	3	7
ENSG00000259362	0	0	0	0	0	0
ENSG00000259381	1	1	5	3	0	8
ENSG00000259399	0	0	0	0	0	0
ENSG00000259414	0	0	0	0	0	0
ENSG00000259417	0	1	0	1	0	0
ENSG00000259426	11	10	0	8	4	16
ENSG00000259469	5	2	0	9	2	9
ENSG00000259482	0	0	0	0	0	0
ENSG00000259527	52	30	70	332	215	939
ENSG00000259563	4	0	0	3	1	13
ENSG00000259656	0	0	3	4	2	6
ENSG00000259660	20	8	9	8	0	4
ENSG00000259680	0	0	0	0	0	0
ENSG00000259699	23	12	15	8	3	19
ENSG00000259709	0	1	4	0	0	1
ENSG00000259710	0	0	0	0	0	0
ENSG00000259722	0	0	0	0	0	0
ENSG00000259727	4	2	13	5	0	5
ENSG00000259826	5	6	5	0	0	12
ENSG00000259845	3	5	13	9	1	24
ENSG00000259846	0	0	0	0	0	7
ENSG00000259877	30	25	30	5	2	14
ENSG00000259946	2	4	0	1	1	1
ENSG00000259948	0	0	0	0	0	0
ENSG00000259985	5	4	4	1	0	8
ENSG00000259994	7	20	19	40	29	115
ENSG00000260000	24	14	9	9	0	22
ENSG00000260011	0	0	1	0	0	0
ENSG00000260018	9	7	1	15	5	27
ENSG00000260022	2	2	1	3	0	16
ENSG00000260027	28	29	20	4	1	8
ENSG00000260036	0	0	0	0	0	0
ENSG00000260037	1	1	1	7	2	12
ENSG00000260097	11	2	7	2	0	17
ENSG00000260100	1	2	0	1	0	1
ENSG00000260121	40	34	50	11	5	28
ENSG00000260179	8	0	5	11	9	61
ENSG00000260230	5	0	4	1	0	5
ENSG00000260236	26	9	16	7	1	6
ENSG00000260244	1	0	1	1	2	12
ENSG00000260274	16	7	10	2	0	4
ENSG00000260276	23	16	22	67	64	202
ENSG00000260300	0	0	0	1	3	7
ENSG00000260305	2	5	4	0	0	4
ENSG00000260308	0	0	0	0	0	0
ENSG00000260310	0	0	0	0	0	0
ENSG00000260314	4	3	5	10	14	47
ENSG00000260339	0	4	3	0	0	3
ENSG00000260371	0	0	0	0	0	0
ENSG00000260386	0	0	1	0	0	0
ENSG00000260400	18	12	3	18	4	29
ENSG00000260412	102	53	31	134	46	318
ENSG00000260418	0	0	0	0	0	0
ENSG00000260420	1	4	0	2	0	6
ENSG00000260425	0	4	3	4	1	9
ENSG00000260430	6	6	9	5	0	6
ENSG00000260454	4	0	0	7	10	15
ENSG00000260464	8	4	8	2	0	9
ENSG00000260484	0	0	0	0	0	0
ENSG00000260494	3	3	0	7	1	9
ENSG00000260518	10	3	4	0	1	5
ENSG00000260541	0	0	0	3	0	0
ENSG00000260550	0	0	0	0	0	0
ENSG00000260575	0	0	0	0	0	0
ENSG00000260584	0	0	0	0	0	0
ENSG00000260604	17	9	13	1	0	3
ENSG00000260617	0	0	0	0	0	0
ENSG00000260618	1	1	2	1	0	4
ENSG00000260621	0	0	0	0	0	1
ENSG00000260660	0	0	0	1	3	9
ENSG00000260669	3	4	4	5	3	5
ENSG00000260671	4	1	5	0	0	8
ENSG00000260676	0	0	1	0	0	0
ENSG00000260689	2	0	0	7	0	4
ENSG00000260719	0	0	0	0	0	0
ENSG00000260727	4	4	6	2	0	19
ENSG00000260743	3	2	1	17	9	39
ENSG00000260806	5	4	7	4	0	16
ENSG00000260822	619	366	208	211	50	201
ENSG00000260877	1	0	6	10	5	25
ENSG00000260882	0	0	1	0	1	0
ENSG00000260894	0	0	0	0	0	0
ENSG00000260947	9	8	13	1	1	11
ENSG00000260948	2	5	5	11	10	76
ENSG00000260949	3	5	12	9	0	31
ENSG00000261002	1	0	0	1	1	8
ENSG00000261051	10	6	12	33	14	120
ENSG00000261056	0	2	0	3	0	5
ENSG00000261057	0	0	0	0	0	0
ENSG00000261093	0	0	0	0	0	0
ENSG00000261118	8	6	0	7	6	13
ENSG00000261123	3	1	9	0	1	15
ENSG00000261197	0	0	0	0	0	0
ENSG00000261216	0	1	0	0	5	5
ENSG00000261239	5	3	0	2	9	23
ENSG00000261243	2	0	0	1	1	3
ENSG00000261251	1	9	3	6	0	7
ENSG00000261268	0	0	0	0	0	0
ENSG00000261293	0	0	0	0	0	0
ENSG00000261369	0	0	0	0	0	0
ENSG00000261401	0	0	0	0	0	0
ENSG00000261424	0	0	0	0	0	0
ENSG00000261438	0	0	2	3	0	11
ENSG00000261447	0	0	0	0	0	0
ENSG00000261474	3	9	2	3	3	7
ENSG00000261490	33	19	7	57	96	466
ENSG00000261491	0	0	0	0	0	0
ENSG00000261501	0	0	0	0	0	0
ENSG00000261541	0	0	0	0	0	0
ENSG00000261546	0	1	13	1	3	11
ENSG00000261556	74	78	81	282	251	893
ENSG00000261560	0	8	8	4	1	9
ENSG00000261573	0	0	0	2	0	9
ENSG00000261617	0	0	0	1	0	3
ENSG00000261630	0	0	0	0	0	0
ENSG00000261659	9	0	6	7	6	15
ENSG00000261663	8	10	9	1	5	23
ENSG00000261670	0	0	0	0	1	12
ENSG00000261671	0	0	0	0	0	0
ENSG00000261704	0	0	0	0	0	0
ENSG00000261728	0	0	0	0	0	0
ENSG00000261732	1	1	3	2	0	11
ENSG00000261737	6	4	12	2	0	1
ENSG00000261742	0	0	0	0	0	0
ENSG00000261744	15	18	3	11	6	40
ENSG00000261752	0	0	0	0	0	0
ENSG00000261770	17	15	19	4	1	12
ENSG00000261773	0	0	0	0	1	0
ENSG00000261783	10	3	2	3	1	3
ENSG00000261812	0	0	0	0	0	0
ENSG00000261821	0	0	0	0	0	0
ENSG00000261879	10	11	20	8	5	16
ENSG00000261914	0	0	0	0	0	0
ENSG00000261971	48	63	58	23	28	86
ENSG00000261978	1	0	0	0	0	0
ENSG00000262096	0	0	0	4	0	4
ENSG00000262115	0	1	2	3	0	1
ENSG00000262198	1	0	3	0	0	0
ENSG00000262209	1	1	1	0	0	3
ENSG00000262406	7	3	6	9	14	84
ENSG00000262412	0	2	2	0	0	6
ENSG00000262420	3	1	1	0	0	7
ENSG00000262484	4	2	1	0	0	7
ENSG00000262488	0	0	0	0	0	0
ENSG00000262497	0	0	0	0	0	0
ENSG00000262533	0	0	0	0	0	0
ENSG00000262576	6	4	2	0	3	0
ENSG00000262580	19	29	26	2	10	20
ENSG00000262651	0	0	0	0	0	0
ENSG00000262663	4	7	0	3	3	22
ENSG00000262703	3	3	3	0	0	9
ENSG00000262712	11	17	18	62	35	176
ENSG00000262818	0	0	0	0	0	0
ENSG00000262837	0	0	0	0	0	2
ENSG00000262877	7	7	1	3	8	37
ENSG00000262880	0	1	0	0	0	0
ENSG00000262899	0	0	0	0	0	0
ENSG00000262966	0	0	0	2	2	13
ENSG00000263002	358	306	314	242	132	429
ENSG00000263080	4	0	2	0	0	0
ENSG00000263164	1	0	2	6	0	5
ENSG00000263293	1	2	0	1	1	11
ENSG00000263301	0	0	0	0	0	0
ENSG00000263307	1	5	0	1	1	8
ENSG00000263311	1	2	5	6	0	0
ENSG00000263443	0	0	0	0	0	0
ENSG00000263453	0	0	0	0	0	0
ENSG00000263575	0	0	0	0	0	0
ENSG00000263612	0	1	0	0	4	17
ENSG00000263624	0	1	3	5	4	10
ENSG00000263634	0	0	0	0	0	0
ENSG00000263688	0	0	0	0	0	0
ENSG00000263724	0	0	0	0	0	0
ENSG00000263746	0	0	0	0	0	0
ENSG00000263752	0	0	0	0	0	0
ENSG00000263786	2	7	8	1	4	23
ENSG00000263794	0	0	0	0	0	0
ENSG00000263874	2	1	1	2	4	23
ENSG00000263882	0	0	0	0	0	0
ENSG00000263887	0	0	0	0	0	0
ENSG00000263934	1	1	2	9	5	27
ENSG00000264007	0	3	0	0	0	0
ENSG00000264012	0	9	2	4	1	4
ENSG00000264026	0	0	0	0	0	0
ENSG00000264031	0	0	0	0	0	0
ENSG00000264036	0	0	0	0	0	0
ENSG00000264072	0	0	0	0	0	0
ENSG00000264101	0	0	0	0	0	0
ENSG00000264149	0	0	0	0	0	0
ENSG00000264160	0	0	0	0	0	0
ENSG00000264169	0	0	0	0	0	0
ENSG00000264201	1	1	0	0	1	0
ENSG00000264230	0	0	0	0	0	0
ENSG00000264232	0	0	0	0	0	0
ENSG00000264251	0	0	0	0	0	0
ENSG00000264270	0	0	0	0	0	0
ENSG00000264349	5	4	4	1	0	9
ENSG00000264425	5	4	2	8	4	31
ENSG00000264553	3	0	0	1	0	6
ENSG00000264564	1	2	7	0	0	0
ENSG00000264596	0	0	0	0	0	0
ENSG00000264634	0	0	0	0	0	0
ENSG00000264695	1	0	0	0	0	0
ENSG00000264712	0	0	0	0	0	0
ENSG00000264743	0	2	0	1	1	0
ENSG00000264803	0	0	0	0	0	0
ENSG00000264933	0	0	0	0	0	0
ENSG00000264974	0	0	0	0	0	0
ENSG00000265144	0	0	0	0	0	0
ENSG00000265148	0	0	0	3	0	5
ENSG00000265265	0	0	0	0	0	0
ENSG00000265296	0	0	0	0	0	0
ENSG00000265345	0	0	0	0	1	0
ENSG00000265359	0	0	0	0	0	0
ENSG00000265445	0	0	0	0	0	0
ENSG00000265458	10	12	8	3	0	9
ENSG00000265539	0	0	0	0	0	0
ENSG00000265590	0	0	0	0	0	0
ENSG00000265625	0	0	10	1	0	2
ENSG00000265658	0	0	0	0	0	0
ENSG00000265666	4	0	1	7	2	15
ENSG00000265694	0	0	0	0	0	0
ENSG00000265744	0	0	0	0	0	0
ENSG00000265800	0	4	4	7	0	9
ENSG00000265820	0	0	0	0	0	4
ENSG00000265841	0	0	0	0	0	0
ENSG00000265872	0	0	0	0	0	0
ENSG00000265912	0	1	3	0	2	13
ENSG00000265936	7	5	0	2	0	4
ENSG00000265964	0	0	0	0	0	0
ENSG00000265972	1327	728	1513	5534	2571	12347
ENSG00000266053	2	6	3	5	0	11
ENSG00000266075	1	0	0	0	2	8
ENSG00000266094	16	14	19	5	1	9
ENSG00000266101	0	0	0	0	0	0
ENSG00000266106	0	0	0	0	0	0
ENSG00000266145	9	2	4	10	0	5
ENSG00000266149	0	0	0	0	0	0
ENSG00000266162	0	0	0	0	0	0
ENSG00000266211	0	0	0	0	0	0
ENSG00000266236	2	1	0	4	4	19
ENSG00000266258	6	3	8	31	12	67
ENSG00000266289	2	0	2	1	0	14
ENSG00000266297	0	0	0	0	0	0
ENSG00000266397	0	0	0	0	0	0
ENSG00000266402	1	3	1	4	5	22
ENSG00000266467	1	0	0	0	0	0
ENSG00000266531	0	0	0	0	0	0
ENSG00000266538	0	1	3	1	0	0
ENSG00000266614	0	0	0	0	0	0
ENSG00000266648	3	4	7	3	0	15
ENSG00000266680	0	0	0	0	0	2
ENSG00000266714	1	1	1	4	0	11
ENSG00000266776	0	0	0	0	0	0
ENSG00000266852	0	0	5	0	0	5
ENSG00000266897	0	3	2	0	5	12
ENSG00000266970	14	7	7	7	0	15
ENSG00000266995	0	0	0	1	0	1
ENSG00000266997	0	0	0	0	0	0
ENSG00000267064	5	10	0	1	1	10
ENSG00000267069	0	1	0	0	0	0
ENSG00000267091	0	0	0	2	0	7
ENSG00000267117	0	1	0	2	0	8
ENSG00000267127	5	0	5	17	13	47
ENSG00000267130	0	0	0	0	0	0
ENSG00000267141	10	0	5	12	6	18
ENSG00000267146	0	0	0	0	0	0
ENSG00000267191	14	1	7	5	3	22
ENSG00000267197	3	3	2	2	8	22
ENSG00000267199	4	8	6	0	2	0
ENSG00000267216	15	11	10	4	0	3
ENSG00000267224	0	0	0	0	0	0
ENSG00000267225	0	0	0	0	0	0
ENSG00000267226	8	21	17	12	1	23
ENSG00000267249	6	4	0	2	10	13
ENSG00000267251	13	7	7	29	15	43
ENSG00000267261	0	0	0	0	0	0
ENSG00000267274	1	0	1	0	2	11
ENSG00000267304	0	0	0	0	0	0
ENSG00000267319	4	3	1	3	5	7
ENSG00000267327	0	0	0	0	0	2
ENSG00000267370	9	4	2	0	1	9
ENSG00000267405	1	3	7	15	16	45
ENSG00000267419	13	2	14	22	10	67
ENSG00000267421	3	1	0	6	0	3
ENSG00000267429	0	0	0	0	0	0
ENSG00000267432	19	15	22	1	2	1
ENSG00000267470	4	3	12	7	3	34
ENSG00000267489	0	0	0	0	0	0
ENSG00000267493	9	5	15	3	11	39
ENSG00000267505	5	11	1	26	13	40
ENSG00000267508	78	59	48	100	52	174
ENSG00000267510	0	2	2	2	4	11
ENSG00000267533	1	1	1	2	1	1
ENSG00000267554	4	5	9	12	1	9
ENSG00000267605	5	1	1	0	0	8
ENSG00000267609	0	0	0	0	0	0
ENSG00000267666	12	1	2	2	0	4
ENSG00000267673	2	1	3	6	3	21
ENSG00000267682	0	1	2	2	0	8
ENSG00000267689	0	0	0	0	0	0
ENSG00000267699	0	0	0	0	0	0
ENSG00000267702	0	0	0	0	0	0
ENSG00000267710	6	6	5	0	1	1
ENSG00000267740	0	0	0	0	0	0
ENSG00000267741	3	0	0	0	0	5
ENSG00000267765	3	0	2	4	0	8
ENSG00000267775	0	0	0	0	0	0
ENSG00000267801	2	2	4	2	7	24
ENSG00000267834	2	5	0	1	3	13
ENSG00000267855	3	2	5	2	0	14
ENSG00000268061	6	5	11	3	6	39
ENSG00000268066	5	1	0	0	0	0
ENSG00000268093	5	5	2	5	0	0
ENSG00000268117	0	4	3	1	0	3
ENSG00000268153	0	0	0	0	0	0
ENSG00000268189	0	4	2	2	8	15
ENSG00000268201	3	4	5	4	1	10
ENSG00000268204	2	0	0	0	0	0
ENSG00000268293	0	0	0	0	0	0
ENSG00000268465	0	0	0	0	0	0
ENSG00000268499	5	6	1	0	0	1
ENSG00000268520	2	4	0	2	2	0
ENSG00000268555	0	0	0	0	0	0
ENSG00000268573	21	22	29	9	2	12
ENSG00000268584	8	8	11	0	1	4
ENSG00000268654	0	0	0	0	0	0
ENSG00000268658	0	1	0	1	3	13
ENSG00000268678	3	0	3	0	1	6
ENSG00000268729	0	0	0	0	0	0
ENSG00000268849	1	11	6	9	5	15
ENSG00000269028	0	0	2	6	0	8
ENSG00000269054	1	2	2	1	0	20
ENSG00000269148	6	7	11	6	4	27
ENSG00000269235	0	5	1	5	1	9
ENSG00000269243	2	3	2	3	8	41
ENSG00000269300	3	3	0	0	1	7
ENSG00000269313	20	12	18	2	3	16
ENSG00000269320	0	0	0	0	0	0
ENSG00000269321	0	1	0	2	3	2
ENSG00000269354	0	0	0	0	0	0
ENSG00000269400	1	0	0	0	0	0
ENSG00000269444	0	3	3	3	1	13
ENSG00000269469	0	0	0	0	0	0
ENSG00000269487	0	0	0	1	0	8
ENSG00000269534	2	0	3	4	0	7
ENSG00000269540	0	0	0	0	0	0
ENSG00000269637	0	0	0	0	0	0
ENSG00000269646	4	2	3	0	3	4
ENSG00000269794	0	6	2	0	0	12
ENSG00000269836	0	0	1	0	2	2
ENSG00000269867	13	14	16	24	8	47
ENSG00000269896	36	17	21	4	6	5
ENSG00000269899	13	21	13	25	17	64
ENSG00000269925	2	14	8	4	7	30
ENSG00000269933	0	0	0	0	0	0
ENSG00000269938	0	0	1	0	0	7
ENSG00000269951	6	12	11	5	0	3
ENSG00000269952	1	6	0	0	1	7
ENSG00000269967	2	2	0	0	0	6
ENSG00000269984	12	17	22	3	0	25
ENSG00000270019	4	1	6	1	0	6
ENSG00000270036	4	4	0	0	1	5
ENSG00000270039	15	18	16	54	40	127
ENSG00000270060	5	8	4	0	0	10
ENSG00000270061	0	1	3	5	0	3
ENSG00000270140	0	0	0	0	0	1
ENSG00000270159	1	0	2	1	1	10
ENSG00000270168	1	0	0	0	0	13
ENSG00000270210	6	2	1	16	14	13
ENSG00000270225	0	0	0	0	0	0
ENSG00000270248	6	1	3	15	0	21
ENSG00000270308	0	0	0	0	0	0
ENSG00000270350	0	0	0	0	0	0
ENSG00000270458	0	0	0	0	0	0
ENSG00000270469	0	0	0	0	3	8
ENSG00000270480	5	1	2	10	3	0
ENSG00000270488	0	0	0	0	0	0
ENSG00000270503	37	26	28	33	15	44
ENSG00000270504	125	81	68	25	8	22
ENSG00000270562	4	18	8	1	3	1
ENSG00000270571	4	4	3	2	9	33
ENSG00000270612	0	0	0	0	0	0
ENSG00000270618	0	0	0	0	0	0
ENSG00000270640	0	1	1	2	4	12
ENSG00000270681	3	0	7	8	3	21
ENSG00000270701	0	0	0	0	0	0
ENSG00000270742	0	0	0	0	0	0
ENSG00000270839	0	0	0	0	0	0
ENSG00000270856	0	0	0	0	0	0
ENSG00000270882	1	1	2	7	3	16
ENSG00000270902	0	0	0	0	0	0
ENSG00000270903	3	1	2	3	0	18
ENSG00000270916	3	0	9	10	4	8
ENSG00000270934	0	0	0	0	0	0
ENSG00000270947	0	0	0	0	0	0
ENSG00000270948	0	3	1	2	1	12
ENSG00000270959	26	34	28	4	3	9
ENSG00000271009	10	6	4	7	0	16
ENSG00000271035	0	0	0	0	0	0
ENSG00000271075	1	3	4	4	0	11
ENSG00000271086	0	0	0	0	0	0
ENSG00000271098	0	0	0	0	0	0
ENSG00000271119	11	8	8	15	0	19
ENSG00000271138	1	1	2	2	1	2
ENSG00000271216	57	48	16	128	77	407
ENSG00000271243	0	0	0	0	0	0
ENSG00000271299	0	0	0	0	0	0
ENSG00000271309	0	0	0	0	0	0
ENSG00000271344	1	4	0	0	4	5
ENSG00000271387	5	5	0	9	1	3
ENSG00000271507	0	0	0	0	0	0
ENSG00000271508	0	0	0	0	0	0
ENSG00000271537	2	3	0	2	0	7
ENSG00000271543	0	0	0	0	0	4
ENSG00000271550	7	10	9	2	1	8
ENSG00000271580	5	6	2	0	2	9
ENSG00000271584	0	0	0	0	0	0
ENSG00000271595	0	0	0	0	0	0
ENSG00000271614	13	10	2	3	0	5
ENSG00000271621	0	0	0	0	0	0
ENSG00000271624	0	0	0	0	0	0
ENSG00000271643	85	83	74	20	5	29
ENSG00000271664	2	3	7	4	0	9
ENSG00000271717	0	0	0	0	0	0
ENSG00000271725	0	0	0	0	1	0
ENSG00000271754	3	5	5	0	1	9
ENSG00000271776	2	0	0	3	7	7
ENSG00000271784	0	2	5	2	0	7
ENSG00000271789	3	0	0	5	0	2
ENSG00000271795	3	4	3	3	2	10
ENSG00000271815	0	4	2	11	1	5
ENSG00000271828	5	3	13	7	4	35
ENSG00000271843	1	4	3	15	10	15
ENSG00000271852	0	0	0	0	0	3
ENSG00000271893	0	0	0	0	0	0
ENSG00000271895	3	4	2	0	4	12
ENSG00000271918	25	15	27	8	1	17
ENSG00000271924	0	5	0	1	1	7
ENSG00000271926	4	0	5	4	0	0
ENSG00000271966	9	4	5	4	0	7
ENSG00000271973	4	8	2	1	0	17
ENSG00000271983	0	0	0	0	0	0
ENSG00000271985	0	0	0	0	0	0
ENSG00000272006	1	0	0	0	0	1
ENSG00000272023	0	0	0	0	0	0
ENSG00000272024	2	1	5	1	0	1
ENSG00000272034	7	7	5	0	2	13
ENSG00000272040	9	10	0	2	0	9
ENSG00000272050	0	0	0	0	0	0
ENSG00000272079	22	23	16	77	55	191
ENSG00000272084	0	2	0	2	2	9
ENSG00000272087	18	13	20	14	5	22
ENSG00000272092	7	4	2	3	0	9
ENSG00000272140	9	4	12	0	2	6
ENSG00000272142	21	13	26	10	2	24
ENSG00000272145	28	27	39	3	13	32
ENSG00000272149	0	0	0	0	0	0
ENSG00000272158	0	0	0	4	2	5
ENSG00000272170	0	1	1	1	0	0
ENSG00000272218	1	0	0	0	1	0
ENSG00000272220	0	0	0	0	0	0
ENSG00000272235	10	6	7	1	0	1
ENSG00000272240	13	15	17	9	1	12
ENSG00000272254	0	0	0	0	0	0
ENSG00000272263	3	4	3	3	3	24
ENSG00000272267	2	4	9	5	3	8
ENSG00000272275	9	3	7	17	12	43
ENSG00000272288	3	2	5	10	0	7
ENSG00000272301	8	5	7	2	0	1
ENSG00000272321	3	5	6	6	5	49
ENSG00000272325	18	7	3	0	0	9
ENSG00000272344	0	0	0	0	0	0
ENSG00000272449	2	6	1	2	2	3
ENSG00000272460	0	0	0	0	0	0
ENSG00000272468	11	7	3	26	19	61
ENSG00000272509	2	3	1	0	0	10
ENSG00000272563	1	8	0	6	0	3
ENSG00000272583	9	3	10	1	1	0
ENSG00000272588	0	0	1	0	0	8
ENSG00000272655	33	31	23	87	70	212
ENSG00000272662	1	1	0	0	2	5
ENSG00000272668	111	89	42	22	10	23
ENSG00000272669	11	12	21	4	1	14
ENSG00000272677	0	1	3	8	0	0
ENSG00000272686	23	15	19	9	9	20
ENSG00000272690	2	4	2	0	0	6
ENSG00000272695	33	32	47	8	1	11
ENSG00000272702	6	4	2	0	0	9
ENSG00000272716	5	10	0	3	5	7
ENSG00000272720	4	1	4	0	0	1
ENSG00000272752	3	0	5	0	1	7
ENSG00000272767	0	1	3	3	1	14
ENSG00000272798	3	4	5	8	0	0
ENSG00000272800	5	2	3	1	2	7
ENSG00000272807	5	8	4	4	0	10
ENSG00000272817	0	2	0	4	1	8
ENSG00000272822	1	0	0	3	2	8
ENSG00000272829	3	2	2	3	0	7
ENSG00000272831	0	0	0	0	0	0
ENSG00000272834	3	1	0	2	0	8
ENSG00000272870	77	49	23	31	5	49
ENSG00000272872	4	3	3	0	0	6
ENSG00000272884	0	0	0	0	0	2
ENSG00000272892	4	1	6	2	3	3
ENSG00000272894	5	6	3	5	0	0
ENSG00000272902	3	1	3	1	4	1
ENSG00000272906	0	1	5	2	2	9
ENSG00000272921	0	0	0	0	0	0
ENSG00000272941	0	5	1	2	2	9
ENSG00000272989	0	3	7	0	1	1
ENSG00000273001	7	8	3	1	0	11
ENSG00000273014	18	5	10	1	1	5
ENSG00000273018	0	1	2	0	0	9
ENSG00000273026	5	7	1	0	0	0
ENSG00000273058	5	12	2	25	23	44
ENSG00000273062	1	3	0	5	0	9
ENSG00000273080	3	10	8	1	0	1
ENSG00000273110	0	0	0	0	0	0
ENSG00000273113	0	3	0	1	0	6
ENSG00000273129	2	0	0	0	0	1
ENSG00000273137	4	1	1	1	6	17
ENSG00000273171	0	0	0	0	0	0
ENSG00000273177	0	0	0	0	0	0
ENSG00000273184	0	0	0	0	0	0
ENSG00000273199	2	1	0	1	1	12
ENSG00000273253	4	6	1	12	6	26
ENSG00000273255	0	0	0	0	0	0
ENSG00000273261	2	0	1	3	0	8
ENSG00000273333	0	0	0	0	0	0
ENSG00000273338	2	2	0	1	3	11
ENSG00000273356	0	2	1	7	5	18
ENSG00000273369	4	1	1	2	0	12
ENSG00000273394	9	0	5	0	0	1
ENSG00000273432	2	0	1	4	0	7
ENSG00000273447	3	3	10	2	0	10
ENSG00000273450	0	1	2	0	1	3
ENSG00000273451	3	1	0	5	0	9
ENSG00000273492	5	1	5	0	0	0
ENSG00000273499	0	0	0	0	0	0
ENSG00000273554	0	1	0	0	0	0
ENSG00000273680	4	6	0	5	1	0
ENSG00000273682	1	0	1	0	0	1
ENSG00000273692	0	0	0	0	0	0
ENSG00000273706	0	0	0	0	0	0
ENSG00000273717	0	0	0	0	0	0
ENSG00000273729	10	8	2	25	17	51
ENSG00000273746	0	0	0	0	0	0
ENSG00000273759	11	14	21	2	1	10
ENSG00000273768	0	0	0	0	0	0
ENSG00000273783	2	6	2	4	0	0
ENSG00000273796	6	6	3	1	0	6
ENSG00000273812	6	1	3	0	0	0
ENSG00000273821	9	9	2	0	1	3
ENSG00000273951	2	6	0	5	1	9
ENSG00000273976	0	0	0	0	0	0
ENSG00000274068	0	0	0	0	0	0
ENSG00000274091	0	0	0	0	0	0
ENSG00000274105	0	0	0	1	0	3
ENSG00000274162	0	0	0	0	0	0
ENSG00000274204	1	0	3	0	1	7
ENSG00000274235	0	0	0	0	0	0
ENSG00000274251	0	0	0	1	5	10
ENSG00000274258	2	0	0	0	0	8
ENSG00000274267	3	0	0	5	6	24
ENSG00000274322	1	0	0	1	4	19
ENSG00000274333	0	0	0	0	0	1
ENSG00000274363	3	9	3	1	0	0
ENSG00000274369	0	0	0	0	0	0
ENSG00000274379	0	0	0	0	0	0
ENSG00000274386	7	4	5	11	11	32
ENSG00000274409	0	0	0	0	0	0
ENSG00000274414	5	2	2	6	8	31
ENSG00000274461	0	0	0	0	0	2
ENSG00000274494	0	2	1	5	0	5
ENSG00000274588	0	0	0	0	0	0
ENSG00000274606	0	0	0	0	0	0
ENSG00000274655	0	0	0	0	0	0
ENSG00000274677	4	1	7	24	21	63
ENSG00000274678	0	0	0	0	0	0
ENSG00000274752	3	0	4	0	2	6
ENSG00000274766	0	0	0	0	0	0
ENSG00000274800	0	0	0	0	0	0
ENSG00000274805	1	0	0	0	0	1
ENSG00000274817	0	0	0	0	0	0
ENSG00000274825	10	7	5	0	5	8
ENSG00000274844	0	0	0	0	0	0
ENSG00000274866	0	0	0	0	0	0
ENSG00000274879	1	1	4	0	2	10
ENSG00000274915	0	0	0	0	0	0
ENSG00000275084	2	2	0	1	4	12
ENSG00000275092	9	4	4	7	0	12
ENSG00000275094	0	0	0	0	0	0
ENSG00000275132	0	0	2	2	0	10
ENSG00000275206	0	0	0	0	0	0
ENSG00000275215	1	0	0	3	0	6
ENSG00000275223	0	1	4	1	0	8
ENSG00000275318	7	2	1	9	2	15
ENSG00000275413	0	6	1	3	7	20
ENSG00000275419	0	0	0	0	0	0
ENSG00000275481	8	6	5	1	1	9
ENSG00000275488	0	0	0	0	0	0
ENSG00000275494	10	2	0	2	4	21
ENSG00000275496	0	0	0	0	0	0
ENSG00000275532	0	0	1	1	0	7
ENSG00000275549	6	3	0	0	0	1
ENSG00000275651	1	0	0	4	0	9
ENSG00000275666	0	0	0	0	0	0
ENSG00000275689	0	0	0	0	0	0
ENSG00000275716	0	0	0	0	0	0
ENSG00000275734	10	23	31	24	17	75
ENSG00000275764	37	42	37	23	10	51
ENSG00000275785	0	0	0	0	0	0
ENSG00000275807	10	6	4	2	0	12
ENSG00000275826	0	0	0	0	0	0
ENSG00000275860	0	0	0	0	0	0
ENSG00000275888	1	11	1	4	4	12
ENSG00000275894	2	4	1	10	12	40
ENSG00000275910	0	3	3	0	0	5
ENSG00000275964	14	8	8	2	2	17
ENSG00000275980	0	0	0	0	0	0
ENSG00000276007	10	16	14	8	1	18
ENSG00000276012	0	0	0	0	0	0
ENSG00000276023	502	393	454	550	305	1012
ENSG00000276043	1267	1188	1256	732	451	1461
ENSG00000276075	3	2	5	11	11	47
ENSG00000276097	0	0	0	0	0	0
ENSG00000276107	28	27	42	5	5	15
ENSG00000276141	0	0	0	0	0	0
ENSG00000276166	6	10	1	4	0	7
ENSG00000276214	0	0	0	0	0	0
ENSG00000276317	8	2	7	2	0	4
ENSG00000276318	0	0	0	0	0	0
ENSG00000276350	1	4	0	0	1	7
ENSG00000276366	0	0	0	0	0	0
ENSG00000276368	0	1	0	2	0	2
ENSG00000276390	3	8	8	3	1	10
ENSG00000276445	1	4	0	0	1	8
ENSG00000276488	17	11	3	0	2	8
ENSG00000276542	0	0	0	0	0	0
ENSG00000276570	7	6	5	3	4	38
ENSG00000276571	3	3	7	0	0	9
ENSG00000276573	6	0	2	1	0	4
ENSG00000276575	0	0	0	3	0	7
ENSG00000276593	0	0	0	0	0	0
ENSG00000276596	0	0	0	0	0	0
ENSG00000276620	0	0	0	0	0	0
ENSG00000276668	1	1	3	0	0	0
ENSG00000276712	4	3	6	3	5	15
ENSG00000276728	7	4	9	1	0	2
ENSG00000276759	0	1	4	1	0	9
ENSG00000276805	30	28	24	21	15	46
ENSG00000276822	0	0	0	0	0	0
ENSG00000276830	0	0	0	0	0	0
ENSG00000276840	4	0	0	1	4	6
ENSG00000276857	0	0	0	0	0	0
ENSG00000276867	1	1	3	8	9	25
ENSG00000277011	0	0	0	0	0	0
ENSG00000277027	0	0	0	0	0	0
ENSG00000277050	2	8	0	0	1	6
ENSG00000277081	0	0	0	0	0	0
ENSG00000277083	0	0	0	0	0	0
ENSG00000277127	0	0	0	0	0	0
ENSG00000277128	0	0	4	2	3	9
ENSG00000277151	1	4	1	4	6	16
ENSG00000277182	13	13	15	0	2	7
ENSG00000277402	0	0	0	0	0	0
ENSG00000277408	0	0	0	0	0	0
ENSG00000277440	0	0	0	0	0	7
ENSG00000277450	2	0	5	0	0	4
ENSG00000277476	5	0	0	3	0	2
ENSG00000277494	0	1	0	0	0	0
ENSG00000277496	8	8	9	1	2	17
ENSG00000277526	0	0	0	0	0	0
ENSG00000277533	0	0	0	0	0	0
ENSG00000277544	0	0	0	0	0	0
ENSG00000277568	1	0	0	0	1	1
ENSG00000277598	0	0	0	0	0	0
ENSG00000277639	1	0	2	0	1	2
ENSG00000277715	7	6	1	0	0	2
ENSG00000277740	0	0	0	0	0	0
ENSG00000277767	2	10	6	0	4	10
ENSG00000277778	9	18	21	7	1	13
ENSG00000277782	3	10	7	0	2	1
ENSG00000277784	0	0	0	0	0	0
ENSG00000277809	0	0	0	0	0	0
ENSG00000277918	0	0	0	0	0	0
ENSG00000277938	3	13	10	52	40	192
ENSG00000277946	0	0	0	0	0	0
ENSG00000277952	2	1	0	0	0	0
ENSG00000277954	0	0	0	0	0	0
ENSG00000277978	0	6	2	2	2	13
ENSG00000277988	0	0	0	0	0	0
ENSG00000278126	18	5	5	18	1	30
ENSG00000278156	13	17	12	7	4	27
ENSG00000278267	1	2	7	1	0	7
ENSG00000278276	0	0	0	0	1	0
ENSG00000278291	0	1	2	2	2	13
ENSG00000278341	1	0	3	3	0	20
ENSG00000278370	0	0	0	0	0	0
ENSG00000278384	4	2	0	0	0	4
ENSG00000278472	5	2	3	1	0	7
ENSG00000278570	12	13	4	1	1	8
ENSG00000278615	8	0	4	2	11	14
ENSG00000278647	0	0	0	0	0	0
ENSG00000278662	21	18	15	5	2	19
ENSG00000278709	7	8	11	1	0	0
ENSG00000278719	2	0	1	0	0	7
ENSG00000278765	0	6	1	9	1	9
ENSG00000278766	0	0	0	0	0	0
ENSG00000278769	0	0	0	0	0	0
ENSG00000278817	0	0	0	1	0	0
ENSG00000278829	0	1	0	0	0	4
ENSG00000278874	0	0	0	0	0	0
ENSG00000278876	7	2	0	2	0	6
ENSG00000278890	0	0	0	0	0	0
ENSG00000278893	0	0	0	2	2	7
ENSG00000278897	7	10	1	4	0	13
ENSG00000278899	4	0	2	0	0	3
ENSG00000278902	0	0	0	0	0	0
ENSG00000278914	0	3	1	0	0	4
ENSG00000278922	10	9	3	5	7	42
ENSG00000278929	0	0	0	0	0	0
ENSG00000278932	6	5	2	4	0	9
ENSG00000278997	4	0	6	0	3	9
ENSG00000279026	4	3	6	0	6	12
ENSG00000279035	2	0	1	0	0	1
ENSG00000279036	0	0	0	0	0	0
ENSG00000279041	10	11	15	1	1	15
ENSG00000279062	0	0	0	0	0	0
ENSG00000279083	0	0	0	0	0	0
ENSG00000279092	11	5	7	3	0	3
ENSG00000279117	18	12	15	13	1	16
ENSG00000279145	5	5	0	9	5	13
ENSG00000279175	0	0	0	0	0	0
ENSG00000279204	7	1	2	8	0	8
ENSG00000279205	0	0	0	0	0	0
ENSG00000279218	0	0	0	0	0	0
ENSG00000279294	0	0	0	0	1	0
ENSG00000279303	0	0	0	0	0	0
ENSG00000279313	0	0	0	0	0	0
ENSG00000279329	21	16	25	14	8	22
ENSG00000279331	29	17	36	11	3	33
ENSG00000279386	0	0	3	3	0	5
ENSG00000279392	6	6	0	6	1	3
ENSG00000279412	4	10	15	1	1	2
ENSG00000279483	0	0	0	4	3	3
ENSG00000279502	0	0	0	0	0	0
ENSG00000279507	0	3	4	0	2	8
ENSG00000279526	0	0	0	0	0	0
ENSG00000279528	36	26	23	25	16	34
ENSG00000279541	2	0	2	7	5	11
ENSG00000279554	0	0	0	0	0	0
ENSG00000279600	0	0	0	0	0	0
ENSG00000279625	0	0	0	0	0	0
ENSG00000279632	1	0	0	0	1	8
ENSG00000279633	4	3	1	1	0	3
ENSG00000279641	8	5	1	3	0	7
ENSG00000279645	0	0	0	0	0	1
ENSG00000279689	2	4	8	14	2	37
ENSG00000279716	5	4	6	0	1	18
ENSG00000279752	0	0	0	0	0	0
ENSG00000279764	0	0	0	0	0	0
ENSG00000279765	1	0	0	3	3	13
ENSG00000279785	0	0	0	0	0	0
ENSG00000279788	0	0	0	0	0	0
ENSG00000279837	0	0	3	0	2	5
ENSG00000279901	0	4	4	0	0	5
ENSG00000279933	0	0	0	0	0	0
ENSG00000279959	0	0	0	0	0	0
ENSG00000279968	5	4	0	3	0	0
ENSG00000279991	0	0	0	3	0	0
ENSG00000280039	0	3	5	4	3	24
ENSG00000280046	59	40	47	27	16	74
ENSG00000280049	7	6	3	5	3	2
ENSG00000280054	1	1	0	7	4	9
ENSG00000280078	6	0	7	5	1	4
ENSG00000280106	1	0	1	1	0	0
ENSG00000280107	1	10	0	6	2	4
ENSG00000280113	0	0	0	0	0	0
ENSG00000280123	10	16	14	9	10	8
ENSG00000280132	16	14	21	5	1	5
ENSG00000280140	0	1	3	8	12	11
ENSG00000280162	2	0	0	5	2	11
ENSG00000280211	10	9	13	25	22	91
ENSG00000280219	36	31	21	7	3	16
ENSG00000280245	0	0	0	0	0	0
ENSG00000280254	20	17	6	6	1	26
ENSG00000280277	0	0	0	4	0	4
ENSG00000280310	2	1	1	13	7	38
ENSG00000280318	0	0	0	0	0	0
ENSG00000280346	0	0	0	0	0	0
ENSG00000280348	0	0	0	0	0	0
ENSG00000280353	2	6	5	0	0	9
ENSG00000280355	9	12	10	22	1	24
ENSG00000280362	0	0	0	0	0	0
ENSG00000280387	0	0	1	0	3	7
ENSG00000280388	0	0	1	0	0	13
ENSG00000280426	0	10	7	2	1	6
ENSG00000280433	7	7	16	7	5	53
ENSG00000280494	0	0	0	0	0	0
ENSG00000280587	1	1	2	10	2	35
ENSG00000280710	0	0	0	0	0	0
ENSG00000280711	0	0	0	0	0	0
ENSG00000280739	9	0	5	0	2	1
ENSG00000280799	0	0	0	0	0	0
ENSG00000280852	45	41	71	44	9	49
ENSG00000280870	0	0	0	0	0	0
ENSG00000280894	0	0	0	0	0	0
ENSG00000281120	0	0	0	0	0	0
ENSG00000281181	13	10	24	17	11	39
ENSG00000281195	2	4	0	1	1	5
ENSG00000281269	0	0	0	0	0	0
ENSG00000281379	0	0	0	0	0	0
ENSG00000281404	3	7	1	12	22	43
ENSG00000281406	30	27	10	9	1	10
ENSG00000281473	0	0	0	0	0	0
ENSG00000281652	0	0	0	0	0	0
ENSG00000281832	0	0	0	0	0	0
ENSG00000282021	4	8	9	4	0	8
ENSG00000282381	1	0	8	1	0	4
ENSG00000282386	7	8	12	0	3	4
ENSG00000282599	0	0	0	0	0	0
ENSG00000282851	15	1	5	17	0	1
ENSG00000282977	0	3	1	0	2	19
ENSG00000282988	5	0	8	2	1	16
ENSG00000283005	0	0	0	0	0	0
ENSG00000283029	0	0	0	0	0	0
ENSG00000283051	0	0	0	0	0	0
ENSG00000283069	0	0	0	0	0	0
ENSG00000283096	0	0	0	0	0	0
ENSG00000283123	0	0	0	0	0	0
ENSG00000283281	0	0	0	0	0	0
ENSG00000283290	0	0	0	0	0	0
ENSG00000283296	0	0	0	0	0	0
ENSG00000283354	0	0	0	0	0	0
ENSG00000283416	0	0	0	0	0	0
ENSG00000283427	0	0	0	0	0	0
ENSG00000283441	0	0	0	0	0	0
ENSG00000283445	0	2	0	2	2	11
ENSG00000283455	0	0	0	0	0	0
ENSG00000283459	0	0	0	0	0	0
ENSG00000283491	7	7	6	0	1	7
ENSG00000283507	0	0	0	0	0	0
ENSG00000283527	0	0	0	0	0	0
ENSG00000283545	0	0	0	0	0	0
ENSG00000283603	0	0	0	0	0	0
ENSG00000283622	0	0	0	0	0	0
ENSG00000283662	8	4	5	1	2	0
ENSG00000283683	0	0	0	0	0	0
ENSG00000283696	1	3	2	7	6	22
ENSG00000283745	0	0	0	0	0	0
ENSG00000283757	0	0	0	0	0	0
ENSG00000283788	0	0	0	0	0	0
ENSG00000283853	0	0	0	0	0	0
ENSG00000283930	4	9	2	0	1	7
ENSG00000284005	0	0	0	0	0	0
ENSG00000284027	0	0	0	0	0	0
ENSG00000284042	0	0	0	0	0	0
ENSG00000284043	0	0	0	0	0	0
ENSG00000284052	3	2	8	12	9	38
ENSG00000284079	0	0	0	0	0	0
ENSG00000284158	0	0	0	0	0	0
ENSG00000284173	0	0	0	0	0	0
ENSG00000284194	0	0	0	0	0	0
ENSG00000284196	1	0	0	2	2	21
ENSG00000284361	0	0	0	0	0	0
ENSG00000284388	0	0	0	0	0	0
ENSG00000284419	0	0	0	0	0	0
ENSG00000284473	0	0	0	0	0	0
ENSG00000284485	0	0	0	0	0	0
ENSG00000284526	1	1	0	2	0	9
ENSG00000284564	0	0	0	0	0	0
ENSG00000284633	0	0	0	0	0	1
ENSG00000284640	0	0	0	3	0	9
ENSG00000284651	3	0	0	1	0	0
ENSG00000284669	4	1	3	6	5	45
ENSG00000284674	0	0	0	0	0	0
ENSG00000284713	0	0	2	5	3	14
ENSG00000284737	0	0	0	0	0	0
ENSG00000284740	1	4	3	1	7	19
ENSG00000284773	1	6	2	3	1	7
ENSG00000284820	6	2	8	6	5	13
ENSG00000284862	1	3	3	5	0	10
ENSG00000284892	0	0	0	0	0	0
ENSG00000285090	2	2	2	3	0	14
ENSG00000285102	0	0	0	0	0	0
ENSG00000285108	0	0	0	4	4	6
ENSG00000285155	0	5	0	0	1	5
ENSG00000285254	0	0	0	0	0	0
ENSG00000285278	7	21	19	9	5	20
ENSG00000285437	5	0	8	4	0	8
ENSG00000285533	10	3	6	2	0	4
ENSG00000285540	0	0	0	0	0	1
ENSG00000285541	0	0	0	0	0	0
ENSG00000285557	0	0	0	3	1	11
ENSG00000285568	0	0	0	0	0	0
ENSG00000285577	0	0	0	0	0	2
ENSG00000285611	0	0	0	0	0	0
ENSG00000285614	0	4	0	0	0	5
ENSG00000285619	0	0	0	0	0	0
ENSG00000285630	0	0	0	0	0	0
ENSG00000285654	0	0	0	0	0	0
ENSG00000285667	3	1	3	2	0	5
ENSG00000285672	0	3	3	0	1	6
ENSG00000285684	0	0	0	0	0	9
ENSG00000285688	1	0	5	4	2	8
ENSG00000285706	0	0	0	0	0	0
ENSG00000285722	23	4	11	15	1	55
ENSG00000285725	2	9	6	7	3	8
ENSG00000285730	2	1	3	11	0	4
ENSG00000285739	0	0	0	0	0	0
ENSG00000285804	3	0	5	2	0	6
ENSG00000285805	7	2	4	0	0	4
ENSG00000285809	0	0	0	0	0	0
ENSG00000285812	4	5	3	4	3	27
ENSG00000285816	2	0	3	0	0	5
ENSG00000285831	0	0	4	6	2	10
ENSG00000285857	1	4	0	0	2	7
ENSG00000285864	0	0	0	0	0	0
ENSG00000285873	1	2	0	5	2	12
ENSG00000285877	9	0	0	8	0	6
ENSG00000285919	0	0	0	0	0	0
ENSG00000285928	18	14	6	62	30	123
ENSG00000285930	0	0	0	0	0	0
ENSG00000285938	11	2	5	10	1	17
ENSG00000285948	1	3	0	0	1	0
ENSG00000285976	4	1	0	5	1	15
ENSG00000285979	36	27	40	9	9	88
