gene_id	SRR384980	SRR384978	SRR384982	SRR384979	SRR384981	SRR384977
ENSMUSG00000000003	0	0	0	0	0	0
ENSMUSG00000000103	0	0	0	0	0	0
ENSMUSG00000000134	510	173	526	827	794	212
ENSMUSG00000000157	41	2	11	39	22	5
ENSMUSG00000000197	0	0	0	0	1	0
ENSMUSG00000000215	0	0	0	1	0	0
ENSMUSG00000000216	0	0	0	0	0	0
ENSMUSG00000000248	0	0	0	1	0	0
ENSMUSG00000000263	0	0	0	0	0	0
ENSMUSG00000000381	0	0	0	0	0	0
ENSMUSG00000000435	0	0	0	0	0	0
ENSMUSG00000000560	0	0	0	0	0	0
ENSMUSG00000000606	0	0	0	0	0	0
ENSMUSG00000000632	0	0	0	0	0	0
ENSMUSG00000000690	1	0	0	0	0	0
ENSMUSG00000000701	0	0	0	0	0	0
ENSMUSG00000000706	2300	69	1583	487	3730	99
ENSMUSG00000000730	0	1	1	3	0	0
ENSMUSG00000000889	0	0	0	1	0	0
ENSMUSG00000000983	0	1	0	0	0	0
ENSMUSG00000001014	0	0	0	0	0	0
ENSMUSG00000001021	0	0	0	1	0	0
ENSMUSG00000001023	0	0	0	0	0	0
ENSMUSG00000001119	267	49	202	397	477	20
ENSMUSG00000001168	0	0	1	0	0	0
ENSMUSG00000001225	0	0	0	0	0	0
ENSMUSG00000001260	0	0	0	0	0	0
ENSMUSG00000001496	0	0	0	0	0	0
ENSMUSG00000001504	1	0	0	0	0	0
ENSMUSG00000001506	1499	323	1090	4551	3609	128
ENSMUSG00000001510	1	0	0	0	0	0
ENSMUSG00000001566	0	0	0	0	0	0
ENSMUSG00000001588	284	76	240	292	372	69
ENSMUSG00000001622	0	0	0	0	1	0
ENSMUSG00000001655	0	0	0	0	0	0
ENSMUSG00000001656	0	0	0	0	0	0
ENSMUSG00000001657	0	0	0	1	0	0
ENSMUSG00000001672	0	0	0	1	0	0
ENSMUSG00000001700	34	31	63	110	60	23
ENSMUSG00000001773	0	0	0	0	0	0
ENSMUSG00000001804	0	0	0	0	0	0
ENSMUSG00000001815	0	0	0	0	0	0
ENSMUSG00000001819	0	0	0	0	0	0
ENSMUSG00000001823	0	0	0	0	0	0
ENSMUSG00000001918	389	2311	437	10201	586	2209
ENSMUSG00000001943	18	6	41	27	33	0
ENSMUSG00000002020	203	8	84	32	334	2
ENSMUSG00000002057	0	0	0	0	0	0
ENSMUSG00000002059	797	36	388	1210	999	191
ENSMUSG00000002100	483	32	518	53	696	15
ENSMUSG00000002190	5	29	1	83	7	28
ENSMUSG00000002222	1317	631	1199	3475	1820	1059
ENSMUSG00000002240	0	0	0	0	0	0
ENSMUSG00000002345	366	343	409	796	543	313
ENSMUSG00000002475	15	2	29	128	30	21
ENSMUSG00000002578	63	4	43	22	64	1
ENSMUSG00000002617	36	7	42	27	39	8
ENSMUSG00000002633	0	0	0	0	0	0
ENSMUSG00000002748	1938	1283	2270	8191	3841	1809
ENSMUSG00000002799	27	9	42	43	55	1
ENSMUSG00000002908	69	5	60	47	113	13
ENSMUSG00000002930	0	0	0	0	0	0
ENSMUSG00000002948	535	280	523	1350	887	290
ENSMUSG00000002983	137	20	147	76	207	9
ENSMUSG00000002984	848	696	891	3959	1546	767
ENSMUSG00000003053	0	0	0	0	0	0
ENSMUSG00000003227	0	0	0	0	0	0
ENSMUSG00000003279	0	0	0	0	1	0
ENSMUSG00000003282	46	6	71	125	102	20
ENSMUSG00000003469	3	56	2	320	2	58
ENSMUSG00000003505	0	0	0	0	0	0
ENSMUSG00000003534	21	9	21	75	57	3
ENSMUSG00000003657	0	0	0	1	0	0
ENSMUSG00000004231	0	0	0	1	0	0
ENSMUSG00000004267	97	5	104	30	87	5
ENSMUSG00000004296	0	0	0	0	0	0
ENSMUSG00000004341	0	0	0	0	0	0
ENSMUSG00000004344	0	0	0	0	0	0
ENSMUSG00000004360	0	0	0	0	0	0
ENSMUSG00000004366	0	0	0	0	0	0
ENSMUSG00000004415	3	0	3	7	65	1
ENSMUSG00000004540	0	0	0	0	0	0
ENSMUSG00000004542	0	0	1	0	0	0
ENSMUSG00000004630	0	0	0	0	0	0
ENSMUSG00000004651	0	0	0	0	0	0
ENSMUSG00000004668	13	0	14	23	23	8
ENSMUSG00000004707	80	37	79	146	85	42
ENSMUSG00000004815	78	13	74	292	193	36
ENSMUSG00000004821	0	0	0	0	0	0
ENSMUSG00000004872	0	0	0	0	0	0
ENSMUSG00000004894	0	0	0	0	0	0
ENSMUSG00000004939	0	0	0	1	0	0
ENSMUSG00000004948	0	0	0	0	1	0
ENSMUSG00000004961	20	3	30	20	42	3
ENSMUSG00000005045	5	4	14	16	13	0
ENSMUSG00000005057	43	14	41	86	70	12
ENSMUSG00000005232	0	0	0	0	0	0
ENSMUSG00000005338	1	8	5	114	2	22
ENSMUSG00000005339	0	0	0	0	0	0
ENSMUSG00000005355	0	0	0	0	0	0
ENSMUSG00000005474	1	0	0	0	0	0
ENSMUSG00000005503	0	0	0	0	0	0
ENSMUSG00000005696	0	0	0	0	0	0
ENSMUSG00000005716	0	0	0	0	0	0
ENSMUSG00000005763	13	1	4	5	11	0
ENSMUSG00000005883	0	0	0	0	0	0
ENSMUSG00000005891	0	0	0	0	0	0
ENSMUSG00000005892	0	0	0	0	0	0
ENSMUSG00000005893	75	15	89	366	194	45
ENSMUSG00000005917	0	0	0	0	0	0
ENSMUSG00000005952	0	0	0	1	0	0
ENSMUSG00000005958	16	11	13	41	64	1
ENSMUSG00000005968	1575	175	1040	847	2012	202
ENSMUSG00000005994	0	0	0	0	0	0
ENSMUSG00000006007	0	0	0	0	0	0
ENSMUSG00000006056	0	0	0	0	0	0
ENSMUSG00000006143	0	0	0	0	0	0
ENSMUSG00000006200	0	0	0	0	0	0
ENSMUSG00000006204	0	0	0	0	0	0
ENSMUSG00000006216	0	0	0	0	0	0
ENSMUSG00000006269	0	0	0	0	1	0
ENSMUSG00000006310	1	31	3	9	8	33
ENSMUSG00000006311	1	0	0	0	0	0
ENSMUSG00000006457	0	4	3	22	11	7
ENSMUSG00000006462	0	0	0	0	0	0
ENSMUSG00000006469	0	0	0	0	1	0
ENSMUSG00000006488	0	0	0	0	0	0
ENSMUSG00000006490	0	0	0	0	0	0
ENSMUSG00000006517	380	262	615	744	600	216
ENSMUSG00000006546	0	0	0	0	0	0
ENSMUSG00000006570	0	0	0	0	0	0
ENSMUSG00000006576	57	11	22	87	58	4
ENSMUSG00000006638	6	2	3	40	7	1
ENSMUSG00000006642	0	0	0	1	0	0
ENSMUSG00000006800	14	5	19	41	71	3
ENSMUSG00000006948	0	0	0	0	0	0
ENSMUSG00000006958	15	2	4	29	19	1
ENSMUSG00000007107	0	0	1	0	0	0
ENSMUSG00000007209	0	0	0	0	0	0
ENSMUSG00000007440	0	0	0	0	0	0
ENSMUSG00000007457	0	0	0	0	0	0
ENSMUSG00000007655	56	24	202	55	87	9
ENSMUSG00000007777	107	97	156	223	160	122
ENSMUSG00000007907	0	0	0	0	0	0
ENSMUSG00000008129	17	7	19	7	16	0
ENSMUSG00000008461	0	0	0	0	0	0
ENSMUSG00000008730	4121	1729	3336	8345	6762	2548
ENSMUSG00000008789	0	0	0	0	0	0
ENSMUSG00000008813	0	0	0	0	0	0
ENSMUSG00000008874	0	0	0	0	0	0
ENSMUSG00000009047	0	0	0	0	0	0
ENSMUSG00000009070	0	0	1	0	0	0
ENSMUSG00000009093	0	0	0	0	0	1
ENSMUSG00000009185	0	0	0	0	0	0
ENSMUSG00000009216	0	0	0	0	0	1
ENSMUSG00000009471	0	0	0	0	14	0
ENSMUSG00000009487	0	0	0	0	0	0
ENSMUSG00000009580	0	0	0	0	0	0
ENSMUSG00000009588	0	0	0	0	0	0
ENSMUSG00000009670	3	6	0	55	2	12
ENSMUSG00000009687	230	152	294	372	219	88
ENSMUSG00000009734	0	0	0	0	0	0
ENSMUSG00000010136	0	0	0	0	0	0
ENSMUSG00000010205	0	0	0	0	0	0
ENSMUSG00000010435	0	0	0	0	0	0
ENSMUSG00000010505	0	0	1	0	0	0
ENSMUSG00000010592	0	0	0	1	0	0
ENSMUSG00000010841	0	0	0	0	0	0
ENSMUSG00000011118	0	0	0	0	0	0
ENSMUSG00000011349	0	0	0	0	0	0
ENSMUSG00000011486	0	0	0	0	0	1
ENSMUSG00000011632	0	0	1	0	0	0
ENSMUSG00000012017	83	28	66	217	126	9
ENSMUSG00000012042	1	0	0	0	0	0
ENSMUSG00000012187	1	0	0	0	0	0
ENSMUSG00000012211	0	0	0	0	0	0
ENSMUSG00000012777	0	0	0	0	0	0
ENSMUSG00000013083	1	2	3	4	3	0
ENSMUSG00000013158	0	0	1	0	0	0
ENSMUSG00000013353	1	0	0	0	0	0
ENSMUSG00000013539	1859	682	1717	2056	2803	780
ENSMUSG00000013643	0	0	0	0	1	0
ENSMUSG00000013653	0	0	0	0	0	0
ENSMUSG00000013668	0	0	0	0	0	0
ENSMUSG00000014039	182	82	196	328	297	85
ENSMUSG00000014074	479	312	470	1505	769	418
ENSMUSG00000014104	0	0	0	0	0	0
ENSMUSG00000014444	879	154	750	6403	3263	752
ENSMUSG00000014498	523	95	480	2484	1347	262
ENSMUSG00000014504	972	955	1212	1963	1515	905
ENSMUSG00000014686	0	0	0	0	0	0
ENSMUSG00000014725	0	0	0	0	0	0
ENSMUSG00000014771	0	0	0	0	0	0
ENSMUSG00000014852	32	36	59	401	105	3
ENSMUSG00000015001	0	0	0	0	0	0
ENSMUSG00000015085	3	1	1	2	3	1
ENSMUSG00000015127	47	11	50	217	151	40
ENSMUSG00000015224	0	1	0	4	3	0
ENSMUSG00000015242	0	0	0	0	0	0
ENSMUSG00000015365	0	0	0	0	0	0
ENSMUSG00000015401	6	1	3	8	3	1
ENSMUSG00000015405	0	0	0	0	0	0
ENSMUSG00000015441	0	0	0	0	0	0
ENSMUSG00000015443	0	0	0	0	0	0
ENSMUSG00000015519	0	0	0	0	0	0
ENSMUSG00000015579	0	0	0	0	0	0
ENSMUSG00000015627	10	7	5	22	15	0
ENSMUSG00000015647	173	22	139	238	277	9
ENSMUSG00000015665	0	0	0	0	0	0
ENSMUSG00000015714	1247	637	1104	3848	2012	857
ENSMUSG00000015787	0	0	0	0	0	0
ENSMUSG00000015961	456	335	574	1951	749	457
ENSMUSG00000015962	0	0	0	0	1	0
ENSMUSG00000016087	262	118	461	266	240	77
ENSMUSG00000016150	0	0	0	0	0	0
ENSMUSG00000016239	2	2	8	16	14	0
ENSMUSG00000016283	0	0	0	0	0	0
ENSMUSG00000016327	0	0	0	0	1	0
ENSMUSG00000016346	0	1	0	31	0	4
ENSMUSG00000016356	41	6	31	47	65	5
ENSMUSG00000016458	26	11	22	36	29	1
ENSMUSG00000016524	0	0	0	0	1	0
ENSMUSG00000016529	0	1	0	0	0	0
ENSMUSG00000016626	0	0	0	0	0	0
ENSMUSG00000016982	0	0	0	0	0	0
ENSMUSG00000016995	3	0	5	4	12	0
ENSMUSG00000016998	0	0	0	0	0	0
ENSMUSG00000017000	0	0	0	0	0	0
ENSMUSG00000017003	0	0	0	0	0	0
ENSMUSG00000017004	0	0	0	0	0	0
ENSMUSG00000017049	0	0	0	0	0	0
ENSMUSG00000017064	0	0	0	0	0	0
ENSMUSG00000017165	0	0	0	0	1	0
ENSMUSG00000017167	17	2	23	23	22	2
ENSMUSG00000017204	6	0	1	1	17	0
ENSMUSG00000017211	0	0	0	0	0	0
ENSMUSG00000017300	0	0	0	1	0	0
ENSMUSG00000017307	286	152	223	491	440	197
ENSMUSG00000017310	0	0	0	0	0	0
ENSMUSG00000017311	0	0	0	0	0	0
ENSMUSG00000017316	0	0	0	0	0	0
ENSMUSG00000017491	2	0	7	23	5	0
ENSMUSG00000017588	0	0	0	0	0	0
ENSMUSG00000017667	59	38	106	117	92	20
ENSMUSG00000017692	5	0	6	2	1	0
ENSMUSG00000017697	63	67	71	252	102	54
ENSMUSG00000017724	23	3	17	25	14	0
ENSMUSG00000017733	0	0	0	0	0	0
ENSMUSG00000017767	0	0	2	0	0	0
ENSMUSG00000017922	0	0	0	0	0	0
ENSMUSG00000018211	0	0	0	0	0	0
ENSMUSG00000018259	0	0	0	0	0	0
ENSMUSG00000018398	721	1607	924	7288	1333	1871
ENSMUSG00000018470	17	0	12	6	31	1
ENSMUSG00000018500	38	4	70	4	78	2
ENSMUSG00000018507	646	74	744	358	1007	80
ENSMUSG00000018566	5	233	3	1154	7	330
ENSMUSG00000018581	25	4	9	57	20	1
ENSMUSG00000018589	0	0	0	0	0	0
ENSMUSG00000018595	1	0	0	0	3	0
ENSMUSG00000018620	0	0	0	0	0	0
ENSMUSG00000018623	0	0	0	0	0	0
ENSMUSG00000018634	0	0	0	0	0	0
ENSMUSG00000018656	1	0	0	0	0	0
ENSMUSG00000018698	0	0	1	0	0	0
ENSMUSG00000018862	0	0	0	0	0	0
ENSMUSG00000018893	0	0	0	0	0	0
ENSMUSG00000018907	9	0	0	9	4	0
ENSMUSG00000018914	0	0	0	0	0	0
ENSMUSG00000018916	0	0	0	0	1	0
ENSMUSG00000018924	162	12	9	199	222	29
ENSMUSG00000018973	0	0	0	0	0	0
ENSMUSG00000018983	806	4030	712	21195	1269	4136
ENSMUSG00000019143	472	170	362	717	658	263
ENSMUSG00000019146	0	0	0	0	0	0
ENSMUSG00000019232	0	0	0	0	1	0
ENSMUSG00000019320	3	0	5	11	13	0
ENSMUSG00000019429	0	0	0	0	0	0
ENSMUSG00000019464	23	2	10	10	17	0
ENSMUSG00000019489	0	0	1	0	0	0
ENSMUSG00000019539	303	222	510	1119	620	108
ENSMUSG00000019756	0	0	0	0	0	0
ENSMUSG00000019762	17	4	26	67	39	3
ENSMUSG00000019772	0	0	0	0	0	0
ENSMUSG00000019775	0	0	0	0	0	1
ENSMUSG00000019779	8	0	12	25	22	3
ENSMUSG00000019785	0	0	0	0	0	0
ENSMUSG00000019803	0	0	0	0	0	0
ENSMUSG00000019815	0	0	0	1	0	0
ENSMUSG00000019828	0	0	0	1	0	0
ENSMUSG00000019834	0	0	0	0	0	0
ENSMUSG00000019888	0	0	0	0	0	0
ENSMUSG00000019892	0	0	0	0	0	0
ENSMUSG00000019900	1	0	0	0	0	0
ENSMUSG00000019905	0	0	0	0	1	0
ENSMUSG00000019909	0	0	0	0	0	0
ENSMUSG00000019913	0	0	0	0	0	0
ENSMUSG00000019936	0	0	1	0	0	0
ENSMUSG00000019997	37	8	56	55	35	4
ENSMUSG00000020033	0	0	0	0	0	0
ENSMUSG00000020037	0	0	0	0	1	0
ENSMUSG00000020044	89	27	255	148	122	16
ENSMUSG00000020061	0	0	0	1	12	0
ENSMUSG00000020067	24	2	24	10	52	3
ENSMUSG00000020080	75	27	75	467	136	51
ENSMUSG00000020081	0	1	0	0	0	0
ENSMUSG00000020090	0	0	0	0	0	0
ENSMUSG00000020096	0	0	0	0	0	0
ENSMUSG00000020099	95	13	96	149	104	5
ENSMUSG00000020116	275	232	325	771	419	303
ENSMUSG00000020123	72	57	100	348	115	71
ENSMUSG00000020137	181	93	196	309	253	133
ENSMUSG00000020164	0	0	0	1	0	0
ENSMUSG00000020168	0	0	0	0	0	0
ENSMUSG00000020169	0	0	0	0	0	0
ENSMUSG00000020177	0	0	0	0	1	0
ENSMUSG00000020213	0	0	0	0	1	0
ENSMUSG00000020214	0	0	0	0	0	0
ENSMUSG00000020227	31	5	32	35	46	2
ENSMUSG00000020229	0	0	0	1	0	0
ENSMUSG00000020234	7	3	2	45	22	3
ENSMUSG00000020241	225	73	209	599	498	26
ENSMUSG00000020261	318	121	328	742	501	123
ENSMUSG00000020263	556	72	553	404	702	72
ENSMUSG00000020270	0	0	0	0	0	0
ENSMUSG00000020282	329	39	249	343	413	47
ENSMUSG00000020295	12	62	13	176	7	60
ENSMUSG00000020299	0	0	0	0	0	0
ENSMUSG00000020303	392	38	553	115	418	35
ENSMUSG00000020310	7	4	18	5	16	0
ENSMUSG00000020317	0	0	0	0	0	0
ENSMUSG00000020323	72	27	52	97	68	20
ENSMUSG00000020332	0	0	0	0	0	0
ENSMUSG00000020334	54	461	23	1914	62	613
ENSMUSG00000020340	252	48	179	301	345	51
ENSMUSG00000020376	421	186	426	768	523	212
ENSMUSG00000020383	0	0	0	1	0	0
ENSMUSG00000020405	0	0	0	0	0	0
ENSMUSG00000020411	0	0	0	0	0	0
ENSMUSG00000020428	0	0	0	0	0	0
ENSMUSG00000020436	0	0	0	0	0	0
ENSMUSG00000020447	3	0	2	10	11	0
ENSMUSG00000020469	25	11	42	608	18	11
ENSMUSG00000020542	0	0	1	0	0	0
ENSMUSG00000020545	1	0	0	0	0	0
ENSMUSG00000020548	0	0	0	0	0	0
ENSMUSG00000020562	0	0	0	0	0	0
ENSMUSG00000020581	0	0	0	0	0	1
ENSMUSG00000020583	0	0	1	2	2	0
ENSMUSG00000020591	0	0	0	0	0	0
ENSMUSG00000020622	0	0	0	0	0	0
ENSMUSG00000020624	0	0	0	0	0	0
ENSMUSG00000020633	0	0	0	1	0	0
ENSMUSG00000020647	126	12	118	130	206	31
ENSMUSG00000020651	0	0	0	0	0	0
ENSMUSG00000020673	0	0	0	0	0	0
ENSMUSG00000020676	0	0	0	0	0	0
ENSMUSG00000020686	0	0	0	0	0	0
ENSMUSG00000020690	0	0	0	0	0	0
ENSMUSG00000020695	60	25	60	191	125	6
ENSMUSG00000020702	0	0	0	0	0	0
ENSMUSG00000020703	0	0	0	0	0	0
ENSMUSG00000020713	0	0	0	0	0	0
ENSMUSG00000020783	908	502	1128	2188	1504	676
ENSMUSG00000020787	282	102	397	272	331	71
ENSMUSG00000020805	0	0	0	0	0	0
ENSMUSG00000020821	301	118	436	1130	522	161
ENSMUSG00000020827	1009	125	725	1405	1972	188
ENSMUSG00000020866	9	43	6	506	38	72
ENSMUSG00000020867	0	0	0	0	0	0
ENSMUSG00000020869	1558	700	1595	5592	3200	1223
ENSMUSG00000020872	0	0	0	0	0	1
ENSMUSG00000020887	0	0	0	1	0	0
ENSMUSG00000020890	0	1	0	0	0	0
ENSMUSG00000020898	942	407	931	1610	1563	417
ENSMUSG00000020901	40	14	38	74	49	24
ENSMUSG00000020904	0	0	0	0	0	0
ENSMUSG00000020908	0	2	1	17	203	0
ENSMUSG00000020912	0	0	0	0	0	0
ENSMUSG00000020913	0	0	0	0	0	0
ENSMUSG00000020916	0	0	0	0	0	0
ENSMUSG00000020928	0	0	0	1	0	0
ENSMUSG00000020932	162	362	118	2288	334	526
ENSMUSG00000020936	1629	1158	1781	4074	2552	1258
ENSMUSG00000020945	0	0	0	0	0	0
ENSMUSG00000020950	0	0	0	0	0	0
ENSMUSG00000020952	418	212	481	676	638	257
ENSMUSG00000020961	2327	248	1942	1308	4024	263
ENSMUSG00000020990	6	10	8	115	5	18
ENSMUSG00000021032	14	2	5	5	14	0
ENSMUSG00000021055	1	0	0	0	0	0
ENSMUSG00000021070	0	0	0	0	0	0
ENSMUSG00000021078	0	0	0	0	0	0
ENSMUSG00000021086	0	0	0	0	0	0
ENSMUSG00000021095	0	0	0	0	0	0
ENSMUSG00000021099	0	0	0	0	0	0
ENSMUSG00000021101	0	0	0	0	0	0
ENSMUSG00000021189	436	253	482	803	547	314
ENSMUSG00000021196	719	139	862	375	997	82
ENSMUSG00000021207	0	0	0	0	0	0
ENSMUSG00000021208	0	0	0	0	0	0
ENSMUSG00000021214	1	0	0	0	0	0
ENSMUSG00000021217	8	8	18	12	8	0
ENSMUSG00000021223	9	4	9	81	22	1
ENSMUSG00000021239	0	0	0	0	1	0
ENSMUSG00000021256	16	4	72	72	42	3
ENSMUSG00000021259	11	1	3	16	13	0
ENSMUSG00000021260	0	0	0	1	0	0
ENSMUSG00000021263	1	0	0	0	0	0
ENSMUSG00000021265	13	11	16	28	42	1
ENSMUSG00000021279	183	32	350	723	403	65
ENSMUSG00000021301	118	2	172	19	193	3
ENSMUSG00000021303	0	0	0	0	0	0
ENSMUSG00000021314	10	4	11	16	10	0
ENSMUSG00000021335	0	0	1	0	0	0
ENSMUSG00000021337	0	0	0	0	0	0
ENSMUSG00000021342	0	0	0	0	0	0
ENSMUSG00000021345	0	0	0	0	0	0
ENSMUSG00000021346	0	0	0	0	0	0
ENSMUSG00000021347	0	0	0	0	0	0
ENSMUSG00000021348	0	0	0	0	0	0
ENSMUSG00000021362	0	0	0	1	0	0
ENSMUSG00000021375	132	46	140	323	211	42
ENSMUSG00000021403	0	0	0	0	0	0
ENSMUSG00000021404	0	0	0	0	0	0
ENSMUSG00000021411	65	73	136	219	101	51
ENSMUSG00000021415	0	0	0	0	0	0
ENSMUSG00000021416	0	0	15	2	2	1
ENSMUSG00000021439	0	0	0	0	0	0
ENSMUSG00000021440	0	0	0	0	0	0
ENSMUSG00000021441	0	0	0	0	0	0
ENSMUSG00000021469	0	0	0	0	0	0
ENSMUSG00000021478	0	0	0	0	0	0
ENSMUSG00000021481	526	229	456	831	743	331
ENSMUSG00000021488	1218	570	1559	2728	2050	665
ENSMUSG00000021490	0	0	0	0	0	0
ENSMUSG00000021495	920	364	739	1453	1380	341
ENSMUSG00000021506	0	0	0	0	1	0
ENSMUSG00000021538	0	0	0	0	0	0
ENSMUSG00000021541	0	0	0	0	0	0
ENSMUSG00000021545	0	0	0	0	0	0
ENSMUSG00000021553	1	0	0	0	0	0
ENSMUSG00000021566	0	0	0	0	0	0
ENSMUSG00000021579	0	0	0	0	0	0
ENSMUSG00000021587	0	0	0	0	0	0
ENSMUSG00000021598	0	0	0	0	0	0
ENSMUSG00000021600	0	0	0	0	0	0
ENSMUSG00000021612	0	0	0	0	0	0
ENSMUSG00000021614	21	3	22	56	90	5
ENSMUSG00000021622	0	0	0	0	0	0
ENSMUSG00000021647	0	0	0	1	0	0
ENSMUSG00000021679	0	0	0	0	0	0
ENSMUSG00000021680	0	0	0	0	0	0
ENSMUSG00000021685	0	0	0	0	0	0
ENSMUSG00000021700	0	1	0	0	0	0
ENSMUSG00000021718	0	0	0	1	0	0
ENSMUSG00000021721	0	0	0	0	0	0
ENSMUSG00000021732	36	2	34	13	50	6
ENSMUSG00000021743	0	0	0	0	0	0
ENSMUSG00000021749	1	0	0	0	0	0
ENSMUSG00000021763	6	0	5	23	6	0
ENSMUSG00000021767	112	17	114	230	259	37
ENSMUSG00000021790	9	0	10	1	12	0
ENSMUSG00000021797	0	0	0	0	0	0
ENSMUSG00000021799	0	0	0	0	0	0
ENSMUSG00000021804	0	0	0	0	0	0
ENSMUSG00000021806	177	30	287	594	321	62
ENSMUSG00000021810	750	474	802	1829	1344	629
ENSMUSG00000021823	493	41	835	1021	1059	195
ENSMUSG00000021831	2444	214	2687	767	3420	264
ENSMUSG00000021835	14	1	3	27	17	2
ENSMUSG00000021848	0	0	0	0	0	0
ENSMUSG00000021852	0	0	0	0	0	0
ENSMUSG00000021867	0	0	0	0	0	0
ENSMUSG00000021871	0	0	0	0	0	0
ENSMUSG00000021872	0	0	0	1	0	0
ENSMUSG00000021908	169	29	149	811	305	173
ENSMUSG00000021919	0	0	0	0	0	0
ENSMUSG00000021943	202	79	232	715	340	24
ENSMUSG00000021953	0	0	0	0	0	0
ENSMUSG00000021961	0	0	0	0	0	0
ENSMUSG00000021966	0	0	0	0	0	0
ENSMUSG00000021977	0	0	0	0	0	0
ENSMUSG00000022002	0	0	0	0	0	0
ENSMUSG00000022012	3	0	5	8	9	0
ENSMUSG00000022018	29	671	31	1466	34	795
ENSMUSG00000022025	0	1	0	0	0	0
ENSMUSG00000022061	0	0	0	0	0	0
ENSMUSG00000022066	0	0	0	0	1	0
ENSMUSG00000022076	0	0	0	0	0	0
ENSMUSG00000022085	0	0	0	0	1	0
ENSMUSG00000022097	0	0	0	0	0	0
ENSMUSG00000022099	11	4812	14	20020	12	4984
ENSMUSG00000022100	1553	4965	1223	24667	2433	7639
ENSMUSG00000022112	0	0	0	0	0	0
ENSMUSG00000022113	0	0	0	0	0	0
ENSMUSG00000022116	0	0	0	0	0	0
ENSMUSG00000022144	0	0	0	0	0	0
ENSMUSG00000022146	10	0	14	8	8	1
ENSMUSG00000022155	0	0	0	0	0	0
ENSMUSG00000022156	0	0	0	0	0	0
ENSMUSG00000022187	0	0	0	0	0	0
ENSMUSG00000022212	17	2	19	5	42	2
ENSMUSG00000022229	0	0	1	0	0	0
ENSMUSG00000022234	6180	6101	7893	14301	9815	5980
ENSMUSG00000022243	0	0	0	3	0	0
ENSMUSG00000022245	0	0	0	0	0	0
ENSMUSG00000022262	0	0	1	0	0	0
ENSMUSG00000022269	0	0	0	0	0	0
ENSMUSG00000022288	0	0	0	0	0	0
ENSMUSG00000022315	0	0	0	0	0	0
ENSMUSG00000022324	9	1	11	18	16	1
ENSMUSG00000022329	230	271	306	1108	334	333
ENSMUSG00000022342	0	0	0	0	0	0
ENSMUSG00000022347	0	0	0	0	0	0
ENSMUSG00000022357	0	0	0	0	1	0
ENSMUSG00000022362	0	0	0	0	1	0
ENSMUSG00000022366	0	0	0	0	0	0
ENSMUSG00000022375	0	0	0	0	0	0
ENSMUSG00000022376	0	0	0	0	0	0
ENSMUSG00000022388	0	0	0	0	0	0
ENSMUSG00000022431	0	0	1	0	0	0
ENSMUSG00000022435	0	0	0	0	0	0
ENSMUSG00000022441	0	0	0	0	0	0
ENSMUSG00000022484	0	0	0	0	0	0
ENSMUSG00000022487	0	0	0	0	0	0
ENSMUSG00000022491	0	0	0	0	0	0
ENSMUSG00000022501	0	0	1	0	0	0
ENSMUSG00000022510	0	0	0	0	0	0
ENSMUSG00000022525	0	0	0	0	0	0
ENSMUSG00000022542	0	0	0	0	0	0
ENSMUSG00000022543	5	0	10	13	16	3
ENSMUSG00000022565	521	98	391	1260	1084	119
ENSMUSG00000022583	0	0	2	0	0	0
ENSMUSG00000022586	0	0	0	0	0	0
ENSMUSG00000022589	0	0	0	0	0	0
ENSMUSG00000022591	0	0	0	0	0	0
ENSMUSG00000022594	0	1	0	0	0	0
ENSMUSG00000022595	0	0	0	0	0	0
ENSMUSG00000022596	0	0	0	0	0	0
ENSMUSG00000022603	0	0	0	0	0	0
ENSMUSG00000022639	30	6	38	8	7	10
ENSMUSG00000022650	1	0	0	0	0	0
ENSMUSG00000022652	0	0	0	0	1	0
ENSMUSG00000022657	0	1	5	16	7	1
ENSMUSG00000022687	18	5	12	23	32	1
ENSMUSG00000022705	0	0	0	0	0	0
ENSMUSG00000022715	1	0	0	0	0	0
ENSMUSG00000022738	0	0	0	1	0	0
ENSMUSG00000022754	16	13	15	9	22	0
ENSMUSG00000022759	0	0	0	1	0	0
ENSMUSG00000022798	0	0	0	0	0	0
ENSMUSG00000022801	38	3	42	144	99	16
ENSMUSG00000022818	1	0	0	0	0	0
ENSMUSG00000022832	0	0	0	0	0	0
ENSMUSG00000022838	4	5	4	14	13	7
ENSMUSG00000022857	0	0	0	0	0	0
ENSMUSG00000022861	17	0	19	23	17	3
ENSMUSG00000022886	0	0	0	0	0	0
ENSMUSG00000022893	200	45	217	383	284	31
ENSMUSG00000022900	0	0	0	1	0	0
ENSMUSG00000022931	0	0	0	0	0	0
ENSMUSG00000022935	0	0	0	1	0	0
ENSMUSG00000022938	0	0	0	0	0	0
ENSMUSG00000022949	14	0	14	10	22	1
ENSMUSG00000022956	1819	3132	2656	2933	2705	1901
ENSMUSG00000022986	0	0	0	0	0	0
ENSMUSG00000022987	5	0	1	13	6	0
ENSMUSG00000022991	0	0	0	0	0	0
ENSMUSG00000022997	0	0	0	0	0	0
ENSMUSG00000023013	0	0	0	0	0	0
ENSMUSG00000023017	15	6	23	99	59	9
ENSMUSG00000023041	0	0	0	0	0	0
ENSMUSG00000023073	0	0	0	0	0	0
ENSMUSG00000023078	0	0	1	0	0	0
ENSMUSG00000023084	10	3	9	17	11	0
ENSMUSG00000023093	0	0	0	0	0	0
ENSMUSG00000023122	0	0	0	0	0	0
ENSMUSG00000023140	0	0	0	0	0	0
ENSMUSG00000023151	0	0	1	0	0	0
ENSMUSG00000023153	0	0	0	0	0	0
ENSMUSG00000023159	0	0	0	0	0	0
ENSMUSG00000023165	0	0	0	0	0	0
ENSMUSG00000023185	0	0	0	0	0	0
ENSMUSG00000023191	72	29	81	185	146	10
ENSMUSG00000023192	0	0	0	0	1	0
ENSMUSG00000023210	0	0	0	0	0	0
ENSMUSG00000023232	8	2	2	21	26	1
ENSMUSG00000023249	16	1	17	29	17	5
ENSMUSG00000023257	0	0	0	0	0	0
ENSMUSG00000023263	0	0	0	0	0	0
ENSMUSG00000023279	0	1	0	0	0	0
ENSMUSG00000023289	0	0	0	0	0	0
ENSMUSG00000023350	0	0	0	0	0	0
ENSMUSG00000023387	9	14	14	282	30	31
ENSMUSG00000023391	0	0	0	0	1	0
ENSMUSG00000023443	0	0	0	0	0	0
ENSMUSG00000023473	17	1	6	13	8	0
ENSMUSG00000023577	0	0	0	0	0	0
ENSMUSG00000023802	0	0	0	0	0	0
ENSMUSG00000023827	68	698	118	1531	115	587
ENSMUSG00000023829	0	0	0	0	1	0
ENSMUSG00000023885	15	3	18	30	52	1
ENSMUSG00000023902	0	0	0	1	1	0
ENSMUSG00000023911	5	7	11	9	8	4
ENSMUSG00000023921	577	256	645	1411	917	418
ENSMUSG00000023943	1	0	0	0	0	0
ENSMUSG00000023945	0	0	0	0	0	0
ENSMUSG00000023949	0	0	0	0	0	0
ENSMUSG00000023964	0	0	0	0	0	0
ENSMUSG00000023978	0	0	0	1	0	0
ENSMUSG00000023982	0	0	0	0	0	0
ENSMUSG00000023987	0	0	0	1	0	0
ENSMUSG00000023995	43	931	43	2512	72	873
ENSMUSG00000024027	9	0	10	16	8	1
ENSMUSG00000024028	0	0	0	0	0	0
ENSMUSG00000024032	0	0	0	0	0	0
ENSMUSG00000024041	1	0	0	0	0	0
ENSMUSG00000024066	56	11	23	94	59	6
ENSMUSG00000024076	0	0	0	0	1	0
ENSMUSG00000024084	41	13	77	164	72	39
ENSMUSG00000024087	3	1	9	6	18	0
ENSMUSG00000024088	0	0	0	0	0	0
ENSMUSG00000024105	0	0	0	0	0	0
ENSMUSG00000024107	0	0	0	0	0	0
ENSMUSG00000024112	81	7	70	106	141	9
ENSMUSG00000024116	0	0	0	0	0	0
ENSMUSG00000024125	0	0	0	0	0	0
ENSMUSG00000024128	0	0	0	0	0	0
ENSMUSG00000024154	0	0	0	0	0	0
ENSMUSG00000024186	85	1	50	15	111	4
ENSMUSG00000024190	82	320	100	2360	79	585
ENSMUSG00000024207	0	0	0	0	0	0
ENSMUSG00000024211	0	0	0	0	0	0
ENSMUSG00000024224	0	0	0	0	0	0
ENSMUSG00000024233	0	0	0	0	0	0
ENSMUSG00000024254	2	4	0	20	6	7
ENSMUSG00000024256	0	0	0	0	0	0
ENSMUSG00000024266	1	0	0	0	0	0
ENSMUSG00000024292	0	0	0	0	0	0
ENSMUSG00000024299	1266	81	888	579	1762	65
ENSMUSG00000024306	0	0	0	0	0	0
ENSMUSG00000024327	50	8	69	347	167	46
ENSMUSG00000024354	104	7	81	110	154	33
ENSMUSG00000024365	0	0	0	0	0	0
ENSMUSG00000024448	0	0	0	0	0	0
ENSMUSG00000024471	0	0	0	0	1	0
ENSMUSG00000024510	0	0	0	0	0	0
ENSMUSG00000024512	0	0	0	0	0	0
ENSMUSG00000024517	0	0	0	0	1	0
ENSMUSG00000024518	0	0	0	0	0	0
ENSMUSG00000024519	0	0	0	0	0	0
ENSMUSG00000024526	0	1	0	0	0	0
ENSMUSG00000024529	73	25	103	143	161	7
ENSMUSG00000024530	2	2	2	17	5	3
ENSMUSG00000024532	0	0	0	0	0	0
ENSMUSG00000024533	1028	946	939	5721	1967	1519
ENSMUSG00000024546	0	0	0	0	0	0
ENSMUSG00000024553	0	0	0	0	0	0
ENSMUSG00000024561	993	354	843	2384	1633	618
ENSMUSG00000024565	0	0	0	0	0	0
ENSMUSG00000024598	107	38	117	257	222	15
ENSMUSG00000024619	0	0	0	0	0	0
ENSMUSG00000024620	181	50	135	332	238	20
ENSMUSG00000024650	0	0	0	1	0	0
ENSMUSG00000024653	0	0	0	0	0	0
ENSMUSG00000024658	0	0	0	0	0	0
ENSMUSG00000024673	0	0	0	0	0	0
ENSMUSG00000024675	15	1	20	19	14	2
ENSMUSG00000024694	0	10	6	19	8	12
ENSMUSG00000024727	1	0	0	0	0	0
ENSMUSG00000024728	0	0	0	0	0	0
ENSMUSG00000024729	0	0	0	0	0	0
ENSMUSG00000024731	0	0	0	0	0	0
ENSMUSG00000024734	1	0	0	0	0	0
ENSMUSG00000024757	0	0	0	0	0	0
ENSMUSG00000024768	0	0	0	0	0	0
ENSMUSG00000024770	0	0	0	0	0	0
ENSMUSG00000024771	0	0	0	0	0	0
ENSMUSG00000024815	0	0	0	0	0	0
ENSMUSG00000024837	1	0	0	0	0	0
ENSMUSG00000024868	13	4	22	43	15	0
ENSMUSG00000024869	13	0	9	42	17	3
ENSMUSG00000024870	1026	531	1014	2082	1626	657
ENSMUSG00000024887	32	11	53	78	27	10
ENSMUSG00000024892	345	766	361	4948	646	1023
ENSMUSG00000024903	0	0	0	0	0	0
ENSMUSG00000024912	0	0	0	0	0	0
ENSMUSG00000024913	404	104	480	1864	829	190
ENSMUSG00000024935	0	1	0	0	0	0
ENSMUSG00000024937	775	2888	882	14127	1118	3386
ENSMUSG00000024939	0	0	0	1	0	0
ENSMUSG00000024940	32	8	29	93	82	4
ENSMUSG00000024972	0	0	0	1	0	0
ENSMUSG00000024987	6	0	10	1	19	1
ENSMUSG00000024989	275	22	264	162	388	38
ENSMUSG00000025003	0	0	0	0	0	0
ENSMUSG00000025013	1	0	0	0	0	0
ENSMUSG00000025014	0	0	0	0	0	0
ENSMUSG00000025043	0	0	0	0	0	0
ENSMUSG00000025047	870	559	1120	3702	1891	764
ENSMUSG00000025051	0	0	0	0	0	0
ENSMUSG00000025056	0	1	0	0	0	0
ENSMUSG00000025090	0	0	0	0	0	0
ENSMUSG00000025151	3395	431	4310	1750	5672	476
ENSMUSG00000025175	4	1431	6	4404	6	1552
ENSMUSG00000025207	334	63	209	1003	415	87
ENSMUSG00000025215	0	0	0	0	0	0
ENSMUSG00000025219	0	0	0	0	0	0
ENSMUSG00000025240	136	25	207	492	328	112
ENSMUSG00000025288	0	0	0	0	0	0
ENSMUSG00000025329	0	0	0	0	0	0
ENSMUSG00000025330	44	13	9	37	36	1
ENSMUSG00000025347	0	0	0	0	0	0
ENSMUSG00000025348	4	1	1	5	17	0
ENSMUSG00000025362	4017	9898	7855	11701	5571	5907
ENSMUSG00000025370	0	0	0	0	0	0
ENSMUSG00000025396	0	0	1	0	0	0
ENSMUSG00000025400	8	293	18	736	13	405
ENSMUSG00000025403	1668	2066	2187	6814	2712	1938
ENSMUSG00000025407	28	4	10	75	47	8
ENSMUSG00000025418	0	0	0	0	0	0
ENSMUSG00000025425	1	0	0	0	0	0
ENSMUSG00000025429	177	14	178	173	261	28
ENSMUSG00000025431	0	0	0	0	0	0
ENSMUSG00000025432	16	0	9	8	12	3
ENSMUSG00000025433	0	0	0	1	0	0
ENSMUSG00000025437	274	35	281	592	611	175
ENSMUSG00000025467	0	0	0	0	0	0
ENSMUSG00000025469	0	0	0	0	0	0
ENSMUSG00000025475	0	0	0	0	1	0
ENSMUSG00000025482	0	0	0	0	1	0
ENSMUSG00000025488	0	0	0	0	0	0
ENSMUSG00000025496	0	1	0	0	0	0
ENSMUSG00000025504	35	10	69	123	72	7
ENSMUSG00000025509	537	156	477	718	833	149
ENSMUSG00000025519	0	0	0	0	0	0
ENSMUSG00000025528	0	0	0	0	0	0
ENSMUSG00000025557	0	0	0	0	1	0
ENSMUSG00000025572	274	1600	224	5764	328	1739
ENSMUSG00000025574	845	1360	963	4563	1373	1542
ENSMUSG00000025630	1506	1610	2063	3476	1995	1947
ENSMUSG00000025652	0	0	0	1	0	0
ENSMUSG00000025658	0	0	0	0	0	0
ENSMUSG00000025701	356	24	417	166	457	28
ENSMUSG00000025716	0	0	0	0	0	0
ENSMUSG00000025739	0	0	0	1	0	0
ENSMUSG00000025754	0	0	0	0	0	0
ENSMUSG00000025774	0	0	0	0	0	0
ENSMUSG00000025780	129	19	84	327	197	37
ENSMUSG00000025783	0	0	0	1	0	0
ENSMUSG00000025808	0	0	0	0	0	0
ENSMUSG00000025810	58	21	160	236	140	20
ENSMUSG00000025816	146	33	118	320	228	77
ENSMUSG00000025838	0	0	0	0	0	0
ENSMUSG00000025839	0	0	0	0	0	0
ENSMUSG00000025870	25	5	43	117	65	14
ENSMUSG00000025899	567	405	836	1605	905	535
ENSMUSG00000025900	0	0	0	0	0	0
ENSMUSG00000025909	0	0	0	0	0	0
ENSMUSG00000025925	362	406	384	1590	517	458
ENSMUSG00000025927	0	0	0	0	0	0
ENSMUSG00000025929	0	0	0	0	0	0
ENSMUSG00000025936	0	0	0	0	0	0
ENSMUSG00000025945	0	0	0	0	0	0
ENSMUSG00000025946	0	0	0	0	0	0
ENSMUSG00000025952	0	0	0	0	0	0
ENSMUSG00000025955	0	0	0	1	0	0
ENSMUSG00000025963	0	0	0	0	0	0
ENSMUSG00000025964	27	13	84	19	26	1
ENSMUSG00000025991	0	40	31	17	3	86
ENSMUSG00000026011	0	0	0	0	0	0
ENSMUSG00000026023	1	0	0	0	0	0
ENSMUSG00000026028	1121	2936	1095	13483	2112	3913
ENSMUSG00000026042	271	68	306	562	617	44
ENSMUSG00000026043	1144	334	1357	2819	2693	200
ENSMUSG00000026062	0	0	0	0	0	0
ENSMUSG00000026063	0	0	0	0	0	0
ENSMUSG00000026065	0	0	0	0	0	0
ENSMUSG00000026082	264	31	182	611	487	156
ENSMUSG00000026085	0	0	0	0	0	0
ENSMUSG00000026100	0	0	0	1	0	0
ENSMUSG00000026114	0	0	0	1	0	0
ENSMUSG00000026124	0	0	0	0	0	0
ENSMUSG00000026156	14	10	13	28	25	15
ENSMUSG00000026167	0	0	0	0	0	0
ENSMUSG00000026175	33	4	25	32	26	1
ENSMUSG00000026182	0	0	0	0	0	0
ENSMUSG00000026185	63	28	71	192	408	11
ENSMUSG00000026187	366	357	535	1237	663	415
ENSMUSG00000026237	0	0	0	0	1	0
ENSMUSG00000026241	0	0	0	0	0	0
ENSMUSG00000026246	0	0	0	0	0	0
ENSMUSG00000026253	1	0	0	0	12	0
ENSMUSG00000026258	0	0	0	0	0	0
ENSMUSG00000026285	3	1	2	2	3	0
ENSMUSG00000026322	0	0	0	1	0	0
ENSMUSG00000026327	0	0	0	0	0	0
ENSMUSG00000026331	0	0	0	0	0	0
ENSMUSG00000026336	0	0	0	0	0	0
ENSMUSG00000026387	0	1	0	0	0	1
ENSMUSG00000026394	0	0	0	0	0	0
ENSMUSG00000026407	21	0	16	1	44	0
ENSMUSG00000026414	5	7	16	11	63	1
ENSMUSG00000026415	0	0	0	0	0	0
ENSMUSG00000026416	0	0	0	0	0	0
ENSMUSG00000026418	25	8	27	7	72	3
ENSMUSG00000026420	0	0	0	0	0	0
ENSMUSG00000026424	0	0	0	0	1	0
ENSMUSG00000026452	1	4	0	23	4	1
ENSMUSG00000026459	0	3	2	1	20	0
ENSMUSG00000026468	0	0	0	1	0	0
ENSMUSG00000026500	0	0	4	13	5	2
ENSMUSG00000026523	0	0	0	0	0	0
ENSMUSG00000026527	0	0	0	0	0	0
ENSMUSG00000026531	0	1	0	0	0	0
ENSMUSG00000026560	0	0	0	0	0	0
ENSMUSG00000026592	0	0	0	0	0	0
ENSMUSG00000026605	1329	1058	1374	4388	2023	1403
ENSMUSG00000026645	0	0	0	0	0	0
ENSMUSG00000026650	0	0	1	0	0	0
ENSMUSG00000026668	0	0	0	0	0	0
ENSMUSG00000026674	38	8	36	42	48	2
ENSMUSG00000026676	5	2	20	34	16	1
ENSMUSG00000026679	0	1	1	3	1	0
ENSMUSG00000026688	305	4800	303	5695	444	4096
ENSMUSG00000026691	0	0	0	0	0	0
ENSMUSG00000026734	0	0	0	0	0	0
ENSMUSG00000026735	0	0	0	0	0	0
ENSMUSG00000026770	0	0	0	0	0	0
ENSMUSG00000026779	233	99	222	490	346	143
ENSMUSG00000026787	0	0	0	0	0	0
ENSMUSG00000026818	0	0	1	0	0	0
ENSMUSG00000026830	0	0	0	0	0	0
ENSMUSG00000026834	0	0	0	0	0	0
ENSMUSG00000026841	0	0	0	1	0	0
ENSMUSG00000026860	362	197	404	816	562	188
ENSMUSG00000026882	0	0	0	0	0	0
ENSMUSG00000026919	0	0	0	0	0	0
ENSMUSG00000026923	91	19	117	283	156	24
ENSMUSG00000026936	0	0	1	0	0	0
ENSMUSG00000026937	0	0	0	0	0	0
ENSMUSG00000026959	0	0	0	0	0	0
ENSMUSG00000026961	0	0	0	0	0	0
ENSMUSG00000026963	0	0	0	0	0	0
ENSMUSG00000026983	0	0	0	0	0	0
ENSMUSG00000026984	0	0	0	0	0	0
ENSMUSG00000026985	0	0	0	0	0	0
ENSMUSG00000027015	155	15	295	117	180	11
ENSMUSG00000027022	0	0	0	0	0	0
ENSMUSG00000027070	19	5	4	17	23	0
ENSMUSG00000027072	170	9	27	212	183	47
ENSMUSG00000027073	2995	119	310	3847	3525	587
ENSMUSG00000027075	160	3281	204	12778	208	4502
ENSMUSG00000027078	2945	4462	2721	12224	3988	5660
ENSMUSG00000027107	0	1	1	0	13	0
ENSMUSG00000027120	0	0	0	0	0	0
ENSMUSG00000027157	0	0	0	0	0	0
ENSMUSG00000027171	0	0	0	1	0	0
ENSMUSG00000027175	436	31	394	87	500	14
ENSMUSG00000027196	7	0	4	12	12	0
ENSMUSG00000027202	0	0	0	0	0	1
ENSMUSG00000027209	0	0	0	0	0	0
ENSMUSG00000027215	146	1169	181	6458	203	1508
ENSMUSG00000027220	55	6	66	22	42	3
ENSMUSG00000027224	0	0	0	0	0	0
ENSMUSG00000027225	0	0	0	0	0	0
ENSMUSG00000027230	60	10	50	123	93	6
ENSMUSG00000027233	38	0	25	1	79	0
ENSMUSG00000027273	0	0	0	1	0	0
ENSMUSG00000027288	1218	483	1652	2691	2249	796
ENSMUSG00000027313	5	5	27	92	7	15
ENSMUSG00000027317	0	0	0	0	0	0
ENSMUSG00000027318	16	2	6	10	26	0
ENSMUSG00000027335	6	2	5	21	3	0
ENSMUSG00000027338	0	0	0	0	0	0
ENSMUSG00000027344	0	0	1	0	0	0
ENSMUSG00000027345	0	0	0	0	0	0
ENSMUSG00000027355	0	0	0	0	0	0
ENSMUSG00000027359	376	255	432	1727	631	321
ENSMUSG00000027375	0	0	0	0	0	1
ENSMUSG00000027377	0	0	0	0	0	0
ENSMUSG00000027386	3	0	5	32	12	2
ENSMUSG00000027398	52	2	21	14	36	3
ENSMUSG00000027400	0	0	0	0	0	0
ENSMUSG00000027403	0	0	0	0	0	0
ENSMUSG00000027408	29	14	33	100	52	3
ENSMUSG00000027409	0	0	0	0	0	0
ENSMUSG00000027412	33	1	32	41	32	5
ENSMUSG00000027416	0	0	0	0	0	0
ENSMUSG00000027419	0	0	0	0	0	0
ENSMUSG00000027431	0	0	0	0	0	0
ENSMUSG00000027434	0	0	0	0	0	0
ENSMUSG00000027442	0	1	0	0	0	0
ENSMUSG00000027443	0	0	0	0	1	0
ENSMUSG00000027444	0	0	0	0	0	0
ENSMUSG00000027445	0	0	0	0	0	0
ENSMUSG00000027446	0	0	0	0	0	0
ENSMUSG00000027468	0	0	0	0	0	0
ENSMUSG00000027470	0	0	0	0	0	0
ENSMUSG00000027480	0	0	0	0	0	0
ENSMUSG00000027481	0	0	0	0	0	0
ENSMUSG00000027482	0	0	0	0	0	0
ENSMUSG00000027483	0	0	1	0	0	0
ENSMUSG00000027484	0	0	0	0	0	0
ENSMUSG00000027517	0	0	0	0	0	0
ENSMUSG00000027518	0	0	0	0	0	0
ENSMUSG00000027528	0	0	0	0	0	0
ENSMUSG00000027556	2422	125	3290	569	5373	196
ENSMUSG00000027564	0	0	0	0	0	0
ENSMUSG00000027577	26	3	11	37	46	4
ENSMUSG00000027581	1	0	0	0	0	0
ENSMUSG00000027606	0	0	0	0	0	0
ENSMUSG00000027670	15	48	29	138	45	23
ENSMUSG00000027678	1204	128	1057	590	2241	122
ENSMUSG00000027692	345	48	453	192	486	50
ENSMUSG00000027703	0	0	0	0	0	0
ENSMUSG00000027718	0	0	0	0	0	0
ENSMUSG00000027719	0	0	0	1	0	0
ENSMUSG00000027748	0	0	0	1	0	0
ENSMUSG00000027752	903	948	1321	2302	1454	923
ENSMUSG00000027777	0	0	0	1	0	0
ENSMUSG00000027788	0	0	0	0	0	0
ENSMUSG00000027790	0	0	0	0	0	0
ENSMUSG00000027794	0	0	0	0	0	0
ENSMUSG00000027824	0	0	0	0	0	0
ENSMUSG00000027849	0	0	0	0	0	0
ENSMUSG00000027855	4	1	5	28	16	1
ENSMUSG00000027857	0	1	0	1	2	0
ENSMUSG00000027869	2469	196	1474	891	4983	359
ENSMUSG00000027876	0	0	0	0	0	0
ENSMUSG00000027880	0	0	0	0	0	0
ENSMUSG00000027886	0	0	0	0	0	0
ENSMUSG00000027887	0	0	0	0	1	0
ENSMUSG00000027894	3	0	1	14	11	1
ENSMUSG00000027895	0	0	0	0	0	0
ENSMUSG00000027908	0	0	0	0	0	0
ENSMUSG00000027912	0	0	0	0	0	0
ENSMUSG00000027913	0	0	0	0	0	0
ENSMUSG00000027919	0	0	0	0	0	0
ENSMUSG00000027923	0	0	0	0	0	0
ENSMUSG00000027925	0	0	0	0	0	0
ENSMUSG00000027927	0	0	0	0	0	0
ENSMUSG00000027961	330	19	221	90	497	19
ENSMUSG00000027965	0	0	0	0	0	0
ENSMUSG00000027967	1	0	0	0	0	0
ENSMUSG00000027971	0	0	0	0	0	0
ENSMUSG00000027973	0	0	0	0	0	0
ENSMUSG00000027994	4	59	10	238	17	80
ENSMUSG00000027996	1	6	6	19	44	1
ENSMUSG00000027999	318	751	513	2381	442	645
ENSMUSG00000028004	0	0	0	0	1	0
ENSMUSG00000028008	1	0	0	0	0	0
ENSMUSG00000028051	15	100	25	246	28	99
ENSMUSG00000028109	0	0	0	0	0	0
ENSMUSG00000028125	100	4	99	33	131	2
ENSMUSG00000028148	0	0	0	0	0	0
ENSMUSG00000028167	1	0	0	0	0	0
ENSMUSG00000028174	0	0	0	0	0	0
ENSMUSG00000028195	89	36	68	316	210	16
ENSMUSG00000028222	1	0	0	0	0	0
ENSMUSG00000028226	4	0	11	15	8	1
ENSMUSG00000028236	0	0	0	0	0	0
ENSMUSG00000028244	0	0	0	0	0	0
ENSMUSG00000028255	0	0	0	0	0	0
ENSMUSG00000028259	0	0	0	0	0	0
ENSMUSG00000028262	0	0	0	0	0	0
ENSMUSG00000028277	600	367	484	1897	909	476
ENSMUSG00000028280	0	0	0	1	0	0
ENSMUSG00000028287	0	0	0	0	0	0
ENSMUSG00000028294	1	0	0	0	0	0
ENSMUSG00000028298	0	0	0	0	0	0
ENSMUSG00000028310	0	0	0	0	0	0
ENSMUSG00000028314	0	0	0	0	0	0
ENSMUSG00000028327	95	27	72	240	133	51
ENSMUSG00000028341	0	1	0	0	0	0
ENSMUSG00000028359	0	0	0	0	0	0
ENSMUSG00000028362	0	0	0	1	0	0
ENSMUSG00000028364	72	33	61	339	115	10
ENSMUSG00000028369	35	11	33	87	56	2
ENSMUSG00000028386	0	0	0	0	0	0
ENSMUSG00000028396	0	0	0	0	0	0
ENSMUSG00000028398	594	538	786	1622	688	388
ENSMUSG00000028492	0	0	0	0	0	0
ENSMUSG00000028495	3997	4268	6487	16360	5935	4011
ENSMUSG00000028520	0	0	0	1	0	0
ENSMUSG00000028523	0	0	0	0	0	0
ENSMUSG00000028533	0	0	0	0	0	0
ENSMUSG00000028539	2	70	5	274	7	90
ENSMUSG00000028542	646	170	310	3082	1342	508
ENSMUSG00000028571	0	0	0	0	0	0
ENSMUSG00000028584	0	0	0	0	0	0
ENSMUSG00000028589	0	0	0	0	0	0
ENSMUSG00000028590	0	0	0	0	0	0
ENSMUSG00000028591	0	0	0	0	1	0
ENSMUSG00000028593	0	0	0	0	0	0
ENSMUSG00000028602	0	0	0	0	1	0
ENSMUSG00000028612	0	0	0	0	0	0
ENSMUSG00000028626	42	31	38	230	107	10
ENSMUSG00000028631	770	2	463	1	1084	0
ENSMUSG00000028640	0	0	0	1	0	0
ENSMUSG00000028645	1453	6265	1546	32806	2307	8846
ENSMUSG00000028654	82	2	37	29	73	12
ENSMUSG00000028664	19	2	21	41	50	2
ENSMUSG00000028683	622	604	801	2049	986	549
ENSMUSG00000028707	0	0	0	0	0	0
ENSMUSG00000028712	0	0	0	0	0	0
ENSMUSG00000028715	0	0	0	0	0	0
ENSMUSG00000028730	1	90	0	254	0	102
ENSMUSG00000028737	321	205	396	866	505	180
ENSMUSG00000028738	0	0	0	0	0	0
ENSMUSG00000028743	201	234	321	606	387	203
ENSMUSG00000028747	1	0	0	0	0	0
ENSMUSG00000028749	0	0	0	0	0	0
ENSMUSG00000028750	0	0	0	0	0	0
ENSMUSG00000028751	0	0	0	0	0	0
ENSMUSG00000028753	0	0	0	0	0	0
ENSMUSG00000028755	60	5	54	13	59	6
ENSMUSG00000028773	8	0	0	5	5	0
ENSMUSG00000028777	0	0	0	0	0	0
ENSMUSG00000028778	0	0	0	1	0	0
ENSMUSG00000028782	2	6	8	27	19	0
ENSMUSG00000028784	0	0	1	0	0	0
ENSMUSG00000028785	38	8	16	115	25	4
ENSMUSG00000028786	16	4	40	31	19	2
ENSMUSG00000028813	0	0	0	0	0	0
ENSMUSG00000028821	758	1202	990	3082	1446	1027
ENSMUSG00000028864	28	3	30	48	46	7
ENSMUSG00000028865	0	0	0	0	0	0
ENSMUSG00000028873	2260	1713	2199	5334	3902	1559
ENSMUSG00000028876	0	0	0	0	0	0
ENSMUSG00000028883	74	21	47	127	97	11
ENSMUSG00000028911	243	64	189	1261	614	159
ENSMUSG00000028938	0	0	0	0	0	0
ENSMUSG00000028963	1	0	0	0	0	0
ENSMUSG00000028965	12	1	7	2	10	0
ENSMUSG00000028972	0	0	0	0	0	0
ENSMUSG00000028982	96	98	161	154	127	59
ENSMUSG00000028989	4	14	2	33	4	5
ENSMUSG00000028996	0	0	1	0	0	0
ENSMUSG00000029019	0	0	0	0	0	0
ENSMUSG00000029044	0	0	0	0	0	0
ENSMUSG00000029054	0	0	0	0	0	0
ENSMUSG00000029074	5	1	7	15	11	0
ENSMUSG00000029092	0	0	0	0	0	0
ENSMUSG00000029093	19	2	18	47	55	6
ENSMUSG00000029112	0	0	0	0	0	0
ENSMUSG00000029120	0	1	0	0	0	0
ENSMUSG00000029130	18	2	26	13	24	1
ENSMUSG00000029134	1	0	0	0	0	0
ENSMUSG00000029155	0	0	0	1	0	0
ENSMUSG00000029158	1	0	0	0	0	0
ENSMUSG00000029178	148	723	225	5853	219	1099
ENSMUSG00000029182	0	0	0	0	0	0
ENSMUSG00000029184	0	0	0	1	0	0
ENSMUSG00000029188	0	0	0	1	0	0
ENSMUSG00000029192	549	125	514	800	912	242
ENSMUSG00000029193	0	0	0	1	0	0
ENSMUSG00000029235	0	0	0	0	0	0
ENSMUSG00000029236	0	0	0	0	0	0
ENSMUSG00000029255	0	0	0	0	0	0
ENSMUSG00000029268	0	0	0	0	0	0
ENSMUSG00000029272	0	0	0	0	0	0
ENSMUSG00000029279	28	4	30	16	57	2
ENSMUSG00000029280	0	0	0	0	0	0
ENSMUSG00000029281	0	0	0	0	0	0
ENSMUSG00000029282	0	0	0	0	0	0
ENSMUSG00000029286	0	0	0	0	0	0
ENSMUSG00000029288	0	0	0	0	0	0
ENSMUSG00000029306	0	0	0	0	0	0
ENSMUSG00000029307	0	0	0	0	0	0
ENSMUSG00000029321	1	0	0	0	0	0
ENSMUSG00000029331	0	0	0	0	0	0
ENSMUSG00000029334	0	1	0	0	0	0
ENSMUSG00000029361	0	0	0	0	0	0
ENSMUSG00000029371	18	6	35	3	20	1
ENSMUSG00000029375	0	0	0	0	0	0
ENSMUSG00000029378	0	0	0	0	0	0
ENSMUSG00000029417	0	0	0	1	0	0
ENSMUSG00000029419	0	0	0	0	0	0
ENSMUSG00000029423	0	0	0	0	0	0
ENSMUSG00000029437	0	0	0	0	0	0
ENSMUSG00000029451	0	0	0	0	0	0
ENSMUSG00000029465	1961	2264	2839	5995	2860	2337
ENSMUSG00000029475	242	45	257	984	573	162
ENSMUSG00000029510	18	1	16	36	25	4
ENSMUSG00000029513	2389	838	2018	3759	3548	1038
ENSMUSG00000029522	12	0	6	0	5	0
ENSMUSG00000029541	0	0	0	0	0	0
ENSMUSG00000029546	0	0	0	0	0	0
ENSMUSG00000029561	21	2	49	16	28	5
ENSMUSG00000029564	0	0	0	0	0	0
ENSMUSG00000029586	0	1	0	0	0	0
ENSMUSG00000029595	0	0	0	0	0	0
ENSMUSG00000029601	2	23	4	98	2	25
ENSMUSG00000029605	50	16	41	38	46	15
ENSMUSG00000029608	1	0	0	0	0	0
ENSMUSG00000029618	0	0	0	1	0	0
ENSMUSG00000029620	0	0	0	0	0	0
ENSMUSG00000029644	0	0	0	1	0	0
ENSMUSG00000029646	0	0	0	0	0	0
ENSMUSG00000029658	0	0	0	0	0	0
ENSMUSG00000029661	739	241	612	2076	2127	113
ENSMUSG00000029663	0	0	0	1	0	0
ENSMUSG00000029671	0	0	0	1	0	0
ENSMUSG00000029675	81	30	76	441	214	30
ENSMUSG00000029679	0	0	0	1	0	0
ENSMUSG00000029680	0	0	0	0	0	0
ENSMUSG00000029682	0	0	0	0	0	0
ENSMUSG00000029697	0	0	0	0	0	0
ENSMUSG00000029700	0	0	0	0	0	0
ENSMUSG00000029706	0	0	0	0	0	0
ENSMUSG00000029716	1306	733	1143	3407	2358	950
ENSMUSG00000029754	0	0	0	0	0	0
ENSMUSG00000029755	0	0	0	0	0	0
ENSMUSG00000029766	0	0	0	0	0	0
ENSMUSG00000029787	204	71	254	323	344	93
ENSMUSG00000029811	0	0	0	0	0	0
ENSMUSG00000029813	0	0	0	0	0	0
ENSMUSG00000029819	0	78	109	0	0	51
ENSMUSG00000029829	0	0	0	0	0	0
ENSMUSG00000029831	0	0	0	0	0	0
ENSMUSG00000029837	0	0	0	0	0	0
ENSMUSG00000029838	38	26	79	247	292	17
ENSMUSG00000029848	0	0	0	0	0	1
ENSMUSG00000029862	5	0	1	18	12	3
ENSMUSG00000029865	0	0	0	0	0	0
ENSMUSG00000029867	0	0	0	0	0	0
ENSMUSG00000029875	0	0	0	0	0	0
ENSMUSG00000029878	0	0	0	0	0	0
ENSMUSG00000029882	0	0	0	0	1	0
ENSMUSG00000029883	0	0	0	0	0	0
ENSMUSG00000029885	0	0	0	0	0	0
ENSMUSG00000029909	0	0	0	0	0	0
ENSMUSG00000029917	0	0	0	0	0	0
ENSMUSG00000030001	0	0	0	0	0	0
ENSMUSG00000030004	0	0	0	1	0	0
ENSMUSG00000030017	0	0	0	0	0	0
ENSMUSG00000030041	8	115	8	348	10	102
ENSMUSG00000030043	0	0	0	0	0	0
ENSMUSG00000030049	0	0	0	0	0	0
ENSMUSG00000030050	0	0	0	1	0	0
ENSMUSG00000030055	8	19	25	200	37	26
ENSMUSG00000030075	15	42	15	266	17	60
ENSMUSG00000030092	0	0	0	0	0	0
ENSMUSG00000030093	0	1	0	0	0	0
ENSMUSG00000030131	0	0	0	0	0	0
ENSMUSG00000030143	0	0	0	0	0	0
ENSMUSG00000030173	0	0	0	0	0	0
ENSMUSG00000030178	0	0	0	0	0	0
ENSMUSG00000030194	0	0	0	0	0	0
ENSMUSG00000030196	0	0	0	0	0	0
ENSMUSG00000030209	0	0	0	0	1	0
ENSMUSG00000030220	2613	471	1732	2445	2953	511
ENSMUSG00000030230	0	0	0	0	0	0
ENSMUSG00000030235	0	0	0	0	0	0
ENSMUSG00000030237	0	0	0	0	0	0
ENSMUSG00000030249	55	24	124	245	118	8
ENSMUSG00000030255	3	3	8	25	11	0
ENSMUSG00000030278	0	0	0	0	0	0
ENSMUSG00000030283	10	3	21	29	12	0
ENSMUSG00000030287	211	66	204	308	401	68
ENSMUSG00000030292	0	0	0	0	0	0
ENSMUSG00000030302	5	5	15	85	26	5
ENSMUSG00000030307	0	0	0	0	0	0
ENSMUSG00000030309	367	91	299	361	516	120
ENSMUSG00000030317	0	0	1	0	0	0
ENSMUSG00000030324	0	0	1	0	0	0
ENSMUSG00000030363	0	0	0	0	0	0
ENSMUSG00000030366	0	0	0	0	0	0
ENSMUSG00000030368	0	0	0	0	0	0
ENSMUSG00000030373	0	0	0	0	0	0
ENSMUSG00000030385	0	0	0	0	0	0
ENSMUSG00000030402	0	0	0	0	1	0
ENSMUSG00000030428	19	3	19	9	32	1
ENSMUSG00000030433	0	0	0	0	1	0
ENSMUSG00000030450	0	0	0	0	0	0
ENSMUSG00000030463	0	0	0	0	0	0
ENSMUSG00000030468	28	5	9	23	14	6
ENSMUSG00000030483	4	0	12	7	32	0
ENSMUSG00000030484	0	0	0	0	0	0
ENSMUSG00000030500	0	0	0	0	0	0
ENSMUSG00000030507	0	0	0	0	0	0
ENSMUSG00000030518	0	0	0	1	0	0
ENSMUSG00000030523	0	0	0	0	0	0
ENSMUSG00000030544	0	0	0	0	0	0
ENSMUSG00000030559	73	38	65	102	69	46
ENSMUSG00000030607	0	0	0	0	0	0
ENSMUSG00000030616	14	0	14	20	22	0
ENSMUSG00000030617	0	1	0	0	0	0
ENSMUSG00000030621	0	0	1	0	0	0
ENSMUSG00000030623	0	0	0	0	0	0
ENSMUSG00000030636	0	0	0	0	0	0
ENSMUSG00000030651	0	1	0	0	0	0
ENSMUSG00000030660	59	8	103	150	98	28
ENSMUSG00000030666	0	0	0	0	0	0
ENSMUSG00000030674	141	223	353	482	222	215
ENSMUSG00000030680	0	0	0	0	0	0
ENSMUSG00000030693	0	0	0	0	0	0
ENSMUSG00000030695	21231	3590	26157	10359	32623	2994
ENSMUSG00000030708	62	69	33	764	128	176
ENSMUSG00000030730	2	0	2	3	19	0
ENSMUSG00000030739	5	0	6	36	10	1
ENSMUSG00000030775	0	0	0	0	0	1
ENSMUSG00000030781	5	3	0	40	6	3
ENSMUSG00000030804	0	0	0	0	0	0
ENSMUSG00000030806	11	1	14	45	17	4
ENSMUSG00000030827	1	0	0	0	0	0
ENSMUSG00000030854	0	0	1	0	0	0
ENSMUSG00000030866	0	0	0	0	1	0
ENSMUSG00000030868	787	465	858	1250	1122	496
ENSMUSG00000030873	0	0	0	1	0	0
ENSMUSG00000030890	10	0	7	6	10	0
ENSMUSG00000030898	0	0	0	0	0	0
ENSMUSG00000030911	0	0	0	0	0	0
ENSMUSG00000030945	0	0	0	1	0	0
ENSMUSG00000030954	0	0	0	0	0	0
ENSMUSG00000030956	109	908	145	2999	167	892
ENSMUSG00000030963	0	0	0	0	0	0
ENSMUSG00000030968	0	0	0	0	0	0
ENSMUSG00000030972	0	0	0	0	0	0
ENSMUSG00000030976	0	0	0	0	0	0
ENSMUSG00000031027	0	0	0	0	0	0
ENSMUSG00000031070	0	0	0	0	0	0
ENSMUSG00000031075	15	16	15	232	21	45
ENSMUSG00000031085	0	0	0	0	0	0
ENSMUSG00000031089	0	0	0	0	0	0
ENSMUSG00000031118	0	0	0	0	0	0
ENSMUSG00000031125	22	5	0	16	9	8
ENSMUSG00000031130	0	0	0	0	0	0
ENSMUSG00000031131	0	0	0	0	0	0
ENSMUSG00000031132	0	0	0	0	0	0
ENSMUSG00000031134	611	199	517	1166	920	289
ENSMUSG00000031139	0	0	0	0	0	0
ENSMUSG00000031150	41	5	34	76	49	7
ENSMUSG00000031160	0	0	0	0	0	0
ENSMUSG00000031179	0	0	0	0	0	0
ENSMUSG00000031181	0	0	0	0	0	0
ENSMUSG00000031182	0	0	0	0	0	0
ENSMUSG00000031194	0	0	0	0	0	0
ENSMUSG00000031202	0	0	0	0	0	0
ENSMUSG00000031210	1	0	0	0	0	0
ENSMUSG00000031212	0	0	0	0	0	0
ENSMUSG00000031224	79	2	76	7	87	1
ENSMUSG00000031230	0	0	0	0	0	0
ENSMUSG00000031233	0	0	0	0	0	0
ENSMUSG00000031241	0	0	0	0	0	0
ENSMUSG00000031286	188	1	124	4	241	2
ENSMUSG00000031289	0	0	0	0	0	0
ENSMUSG00000031290	10	2	18	6	9	0
ENSMUSG00000031293	0	0	0	0	0	0
ENSMUSG00000031294	0	1	0	0	0	0
ENSMUSG00000031323	0	1	0	0	0	0
ENSMUSG00000031326	0	0	0	0	0	0
ENSMUSG00000031329	1	0	0	0	0	0
ENSMUSG00000031330	0	0	0	0	0	0
ENSMUSG00000031344	0	0	1	0	0	0
ENSMUSG00000031364	0	0	0	0	0	0
ENSMUSG00000031372	0	0	0	0	0	0
ENSMUSG00000031374	0	0	1	0	0	0
ENSMUSG00000031375	315	172	402	1233	599	63
ENSMUSG00000031376	0	0	0	0	0	0
ENSMUSG00000031384	0	0	0	0	1	0
ENSMUSG00000031394	0	0	0	0	0	0
ENSMUSG00000031411	0	0	0	0	0	0
ENSMUSG00000031424	0	0	0	0	0	0
ENSMUSG00000031441	271	29	287	167	532	32
ENSMUSG00000031449	0	0	0	1	0	0
ENSMUSG00000031452	0	0	0	0	0	0
ENSMUSG00000031461	1	0	3	0	24	0
ENSMUSG00000031471	0	0	0	0	0	0
ENSMUSG00000031491	0	0	0	0	0	0
ENSMUSG00000031492	0	0	0	0	0	0
ENSMUSG00000031510	0	0	0	0	0	0
ENSMUSG00000031518	0	0	0	0	0	0
ENSMUSG00000031535	0	0	0	0	0	0
ENSMUSG00000031536	361	266	440	566	478	236
ENSMUSG00000031538	18	6	24	90	43	4
ENSMUSG00000031548	122	20	111	249	195	11
ENSMUSG00000031549	0	0	1	0	0	0
ENSMUSG00000031551	0	0	0	0	0	0
ENSMUSG00000031552	0	0	0	0	0	0
ENSMUSG00000031559	0	0	0	1	0	0
ENSMUSG00000031561	104	21	86	481	164	32
ENSMUSG00000031603	0	0	0	0	0	0
ENSMUSG00000031604	1021	515	1179	1598	1307	486
ENSMUSG00000031620	0	0	0	0	0	0
ENSMUSG00000031621	0	0	0	0	0	0
ENSMUSG00000031626	37	8	42	75	26	9
ENSMUSG00000031635	0	0	0	2	0	0
ENSMUSG00000031640	0	0	0	0	0	0
ENSMUSG00000031651	0	0	0	0	0	0
ENSMUSG00000031654	0	0	0	0	0	0
ENSMUSG00000031673	34	8	36	74	85	3
ENSMUSG00000031682	0	0	0	0	0	0
ENSMUSG00000031688	0	0	0	0	0	0
ENSMUSG00000031727	0	0	0	0	0	0
ENSMUSG00000031738	0	0	1	0	0	0
ENSMUSG00000031740	69	20	88	234	163	16
ENSMUSG00000031772	0	0	0	0	0	0
ENSMUSG00000031775	0	0	0	0	0	0
ENSMUSG00000031779	0	4	0	15	0	8
ENSMUSG00000031789	0	0	0	0	0	0
ENSMUSG00000031796	361	318	408	861	518	347
ENSMUSG00000031802	0	0	1	0	0	0
ENSMUSG00000031803	16	35	28	353	28	81
ENSMUSG00000031809	0	0	0	0	0	0
ENSMUSG00000031822	355	89	346	1866	999	197
ENSMUSG00000031835	1035	425	899	2613	1764	562
ENSMUSG00000031842	86	16	47	176	131	29
ENSMUSG00000031848	1376	1850	1911	5934	2381	1354
ENSMUSG00000031860	2	6	2	19	4	6
ENSMUSG00000031870	0	0	0	0	0	0
ENSMUSG00000031876	0	0	0	0	0	0
ENSMUSG00000031877	79	401	99	2041	138	789
ENSMUSG00000031884	0	0	0	0	0	0
ENSMUSG00000031891	33	13	30	59	57	3
ENSMUSG00000031898	0	0	0	0	0	0
ENSMUSG00000031907	7	0	2	15	7	0
ENSMUSG00000031910	3	0	9	13	9	0
ENSMUSG00000031927	0	0	0	0	0	0
ENSMUSG00000031936	0	0	0	0	0	1
ENSMUSG00000031952	0	0	0	0	0	0
ENSMUSG00000031957	0	0	0	0	0	0
ENSMUSG00000031966	0	0	0	0	0	0
ENSMUSG00000031969	196	114	218	449	283	144
ENSMUSG00000031972	4	8	0	22	87	1
ENSMUSG00000031981	0	0	0	0	0	0
ENSMUSG00000031991	0	0	0	0	0	0
ENSMUSG00000031995	12	2	14	19	25	2
ENSMUSG00000031998	0	1	0	0	0	0
ENSMUSG00000032006	18	3	18	11	43	0
ENSMUSG00000032013	0	0	0	0	0	0
ENSMUSG00000032028	11	885	14	9079	11	1931
ENSMUSG00000032046	275	177	230	528	385	131
ENSMUSG00000032048	1	0	0	0	0	0
ENSMUSG00000032053	12	15	15	21	16	13
ENSMUSG00000032056	0	0	0	0	0	0
ENSMUSG00000032057	0	0	0	0	1	0
ENSMUSG00000032065	0	0	0	0	0	0
ENSMUSG00000032087	1	0	0	0	0	0
ENSMUSG00000032091	0	0	0	1	0	0
ENSMUSG00000032093	0	0	0	0	0	0
ENSMUSG00000032098	0	0	0	0	0	0
ENSMUSG00000032099	0	0	0	0	0	0
ENSMUSG00000032103	0	0	0	0	0	0
ENSMUSG00000032108	0	0	0	0	0	0
ENSMUSG00000032110	0	0	0	0	0	0
ENSMUSG00000032174	3	17	7	116	13	30
ENSMUSG00000032179	1	1	6	43	8	2
ENSMUSG00000032181	1	0	0	0	0	0
ENSMUSG00000032191	0	0	0	0	0	0
ENSMUSG00000032193	965	148	594	1674	1429	138
ENSMUSG00000032226	0	0	0	1	0	0
ENSMUSG00000032257	0	0	0	0	1	0
ENSMUSG00000032268	0	0	0	0	1	0
ENSMUSG00000032269	0	0	0	0	0	0
ENSMUSG00000032274	0	0	0	1	0	0
ENSMUSG00000032292	0	0	0	0	0	0
ENSMUSG00000032303	1	0	0	0	0	0
ENSMUSG00000032313	0	0	0	0	0	0
ENSMUSG00000032332	20	3	24	24	78	1
ENSMUSG00000032343	0	0	0	0	0	0
ENSMUSG00000032346	0	0	0	1	0	0
ENSMUSG00000032356	0	0	1	0	0	0
ENSMUSG00000032358	0	0	0	1	0	0
ENSMUSG00000032368	0	0	0	0	0	0
ENSMUSG00000032373	22	2	12	23	12	0
ENSMUSG00000032374	160	25	229	107	167	8
ENSMUSG00000032376	400	184	374	592	532	195
ENSMUSG00000032422	265	68	223	456	409	144
ENSMUSG00000032451	0	0	0	0	0	0
ENSMUSG00000032473	0	0	0	1	0	0
ENSMUSG00000032494	0	0	0	0	0	0
ENSMUSG00000032517	0	0	0	0	0	0
ENSMUSG00000032532	0	0	0	1	0	0
ENSMUSG00000032537	2	3	1	41	4	6
ENSMUSG00000032564	0	0	0	1	0	0
ENSMUSG00000032566	0	0	0	0	0	0
ENSMUSG00000032595	131	8	108	18	116	6
ENSMUSG00000032623	0	0	0	0	0	0
ENSMUSG00000032625	2	1	8	25	7	0
ENSMUSG00000032661	32	3	25	16	24	1
ENSMUSG00000032715	431	23	394	114	624	27
ENSMUSG00000032719	0	0	0	0	0	0
ENSMUSG00000032724	309	13	196	205	649	34
ENSMUSG00000032735	1	1	0	1	17	0
ENSMUSG00000032743	176	49	160	323	331	63
ENSMUSG00000032758	0	0	0	0	0	0
ENSMUSG00000032773	0	1	0	0	0	0
ENSMUSG00000032796	77	9	64	145	79	3
ENSMUSG00000032802	4785	310	2819	1057	6510	312
ENSMUSG00000032807	0	0	0	0	0	0
ENSMUSG00000032808	0	0	0	0	0	0
ENSMUSG00000032818	0	0	0	0	0	0
ENSMUSG00000032850	31	0	9	40	33	4
ENSMUSG00000032855	179	22	137	332	347	55
ENSMUSG00000032892	0	0	0	0	0	0
ENSMUSG00000032894	0	0	0	0	0	0
ENSMUSG00000032900	0	0	0	0	0	0
ENSMUSG00000032921	0	0	0	0	0	0
ENSMUSG00000032925	0	0	0	0	1	0
ENSMUSG00000032937	0	0	0	0	0	0
ENSMUSG00000032948	0	0	0	0	0	0
ENSMUSG00000032987	0	0	0	0	0	0
ENSMUSG00000032999	0	0	0	0	0	0
ENSMUSG00000033015	0	0	0	0	0	0
ENSMUSG00000033024	0	1	0	0	0	0
ENSMUSG00000033027	0	0	0	0	0	0
ENSMUSG00000033044	0	0	0	0	0	0
ENSMUSG00000033053	0	0	0	0	0	0
ENSMUSG00000033061	0	0	0	0	0	0
ENSMUSG00000033080	0	0	0	0	0	0
ENSMUSG00000033107	8	1	9	30	14	1
ENSMUSG00000033122	0	0	0	0	0	0
ENSMUSG00000033124	647	52	420	1021	1183	194
ENSMUSG00000033156	0	0	0	0	0	0
ENSMUSG00000033174	48	595	101	2414	61	632
ENSMUSG00000033196	0	0	0	0	0	0
ENSMUSG00000033200	0	0	0	0	0	1
ENSMUSG00000033214	0	0	0	0	0	0
ENSMUSG00000033219	0	0	0	0	0	0
ENSMUSG00000033268	0	0	0	1	0	0
ENSMUSG00000033306	85	53	197	206	124	61
ENSMUSG00000033343	0	0	0	0	0	0
ENSMUSG00000033383	0	0	0	0	0	0
ENSMUSG00000033458	40	4	35	103	68	21
ENSMUSG00000033488	37	32	69	121	62	38
ENSMUSG00000033491	8	1	7	15	44	2
ENSMUSG00000033498	0	0	0	0	0	0
ENSMUSG00000033590	20	2	13	27	15	1
ENSMUSG00000033594	33	5	40	32	73	4
ENSMUSG00000033615	24	1	10	25	21	2
ENSMUSG00000033624	46	5	51	242	163	23
ENSMUSG00000033634	0	0	0	0	1	0
ENSMUSG00000033688	150	664	172	2285	240	970
ENSMUSG00000033726	0	0	0	0	0	0
ENSMUSG00000033731	0	0	0	0	0	1
ENSMUSG00000033737	2	0	10	9	6	0
ENSMUSG00000033740	0	0	0	1	0	0
ENSMUSG00000033770	0	0	0	0	0	0
ENSMUSG00000033774	0	0	0	0	0	0
ENSMUSG00000033792	33	2	76	131	72	17
ENSMUSG00000033799	77	14	105	307	156	59
ENSMUSG00000033834	0	0	0	0	0	0
ENSMUSG00000033837	131	6	146	94	232	15
ENSMUSG00000033850	0	0	0	0	0	0
ENSMUSG00000033852	0	0	0	0	0	0
ENSMUSG00000033855	11	3	24	45	20	1
ENSMUSG00000033872	0	0	0	0	0	0
ENSMUSG00000033970	733	801	961	2097	1086	845
ENSMUSG00000034000	0	0	0	0	0	0
ENSMUSG00000034031	0	1	0	0	0	0
ENSMUSG00000034087	0	0	0	0	0	0
ENSMUSG00000034098	0	0	0	0	1	0
ENSMUSG00000034109	1108	174	1179	1580	2329	376
ENSMUSG00000034111	863	25	369	177	1324	44
ENSMUSG00000034122	0	0	0	0	0	0
ENSMUSG00000034127	129	872	165	2135	153	882
ENSMUSG00000034139	0	0	0	0	0	0
ENSMUSG00000034151	0	0	0	0	0	0
ENSMUSG00000034156	899	53	1032	313	1847	96
ENSMUSG00000034185	0	0	0	0	0	0
ENSMUSG00000034205	219	39	272	273	242	23
ENSMUSG00000034218	89	49	140	366	161	93
ENSMUSG00000034219	0	0	0	0	0	0
ENSMUSG00000034239	0	0	0	0	0	0
ENSMUSG00000034248	4893	27394	4368	89586	7113	30339
ENSMUSG00000034275	2	1	4	8	2	1
ENSMUSG00000034295	110	13	67	42	207	18
ENSMUSG00000034334	38	20	47	81	52	20
ENSMUSG00000034339	0	0	0	0	0	0
ENSMUSG00000034359	0	0	0	0	0	0
ENSMUSG00000034384	0	0	0	0	0	0
ENSMUSG00000034387	0	0	0	0	0	0
ENSMUSG00000034390	411	56	356	956	827	118
ENSMUSG00000034402	0	0	0	0	0	0
ENSMUSG00000034450	356	279	521	1437	610	254
ENSMUSG00000034467	0	0	0	0	0	0
ENSMUSG00000034482	0	0	0	0	0	0
ENSMUSG00000034501	68	51	148	114	135	43
ENSMUSG00000034551	0	1	13	4	6	0
ENSMUSG00000034552	0	0	0	0	0	0
ENSMUSG00000034555	0	0	0	0	1	0
ENSMUSG00000034583	0	0	0	0	0	0
ENSMUSG00000034602	511	218	477	1120	855	285
ENSMUSG00000034607	0	0	0	1	0	0
ENSMUSG00000034616	37	4	33	102	53	13
ENSMUSG00000034623	0	0	0	0	0	0
ENSMUSG00000034648	0	0	0	2	11	0
ENSMUSG00000034660	0	0	0	0	0	0
ENSMUSG00000034675	149	68	237	417	251	47
ENSMUSG00000034677	0	0	0	0	0	0
ENSMUSG00000034683	0	0	1	0	0	0
ENSMUSG00000034689	0	0	0	0	0	0
ENSMUSG00000034690	0	0	0	0	0	0
ENSMUSG00000034701	0	0	0	0	0	0
ENSMUSG00000034732	0	0	0	0	0	0
ENSMUSG00000034777	0	0	0	1	0	0
ENSMUSG00000034785	0	0	0	0	0	0
ENSMUSG00000034795	0	0	6	11	7	5
ENSMUSG00000034796	4	4	5	53	2	11
ENSMUSG00000034810	0	0	0	0	0	0
ENSMUSG00000034825	306	20	132	37	361	8
ENSMUSG00000034871	0	0	0	1	0	0
ENSMUSG00000034891	0	0	0	0	0	0
ENSMUSG00000034898	5	5	19	23	19	0
ENSMUSG00000034913	0	0	0	0	0	0
ENSMUSG00000034917	25	5	23	24	28	1
ENSMUSG00000034919	0	0	0	0	0	0
ENSMUSG00000034949	22	0	15	17	31	2
ENSMUSG00000034997	8	0	10	4	5	0
ENSMUSG00000035020	1	0	0	0	0	0
ENSMUSG00000035057	0	0	0	0	0	0
ENSMUSG00000035064	330	850	345	5926	611	1174
ENSMUSG00000035105	412	55	630	95	389	40
ENSMUSG00000035107	555	31	537	293	485	59
ENSMUSG00000035112	782	100	493	956	1311	162
ENSMUSG00000035121	18	5	9	14	19	0
ENSMUSG00000035131	0	0	0	0	1	0
ENSMUSG00000035148	0	0	0	0	0	0
ENSMUSG00000035177	0	0	0	0	0	0
ENSMUSG00000035179	20	2	13	20	31	2
ENSMUSG00000035186	0	0	0	0	0	0
ENSMUSG00000035187	0	0	0	0	0	0
ENSMUSG00000035191	0	0	0	0	0	0
ENSMUSG00000035200	0	0	0	2	0	0
ENSMUSG00000035201	0	0	0	0	0	0
ENSMUSG00000035206	341	1181	257	5265	581	1481
ENSMUSG00000035236	368	37	372	212	449	46
ENSMUSG00000035238	0	0	0	0	0	0
ENSMUSG00000035277	1	0	0	0	0	0
ENSMUSG00000035279	13	3	2	12	30	1
ENSMUSG00000035299	0	0	6	9	10	0
ENSMUSG00000035305	4	0	1	12	5	0
ENSMUSG00000035371	0	0	0	0	0	0
ENSMUSG00000035387	0	0	0	0	0	0
ENSMUSG00000035395	0	0	0	0	0	0
ENSMUSG00000035420	0	0	0	0	0	0
ENSMUSG00000035427	0	0	0	0	0	0
ENSMUSG00000035439	485	562	585	1459	830	578
ENSMUSG00000035454	0	0	0	0	0	0
ENSMUSG00000035456	0	0	0	0	0	1
ENSMUSG00000035472	77	223	81	1486	137	425
ENSMUSG00000035486	0	0	0	1	0	0
ENSMUSG00000035491	0	0	0	0	0	0
ENSMUSG00000035495	116	14	157	241	213	82
ENSMUSG00000035522	0	0	0	0	0	0
ENSMUSG00000035523	0	0	0	0	0	0
ENSMUSG00000035528	0	0	0	0	0	0
ENSMUSG00000035551	0	0	0	1	0	0
ENSMUSG00000035561	181	239	434	710	311	255
ENSMUSG00000035580	0	0	0	0	0	0
ENSMUSG00000035582	0	0	0	0	0	0
ENSMUSG00000035592	0	0	0	0	0	0
ENSMUSG00000035615	16	6	2	53	31	5
ENSMUSG00000035626	0	0	1	0	0	0
ENSMUSG00000035651	0	0	0	0	0	0
ENSMUSG00000035694	0	0	1	0	0	0
ENSMUSG00000035773	2	2	14	8	13	0
ENSMUSG00000035785	0	0	0	0	0	0
ENSMUSG00000035804	0	0	0	0	0	0
ENSMUSG00000035831	0	0	0	0	0	0
ENSMUSG00000035861	0	0	0	0	0	0
ENSMUSG00000035923	0	0	0	0	0	0
ENSMUSG00000035930	0	1	0	0	0	0
ENSMUSG00000035932	0	0	0	0	0	0
ENSMUSG00000035946	0	0	0	0	0	0
ENSMUSG00000035963	0	0	0	0	0	0
ENSMUSG00000036013	0	0	0	0	0	0
ENSMUSG00000036027	0	0	0	0	0	0
ENSMUSG00000036040	12	0	3	26	15	1
ENSMUSG00000036045	0	1	0	0	0	0
ENSMUSG00000036062	2	0	0	7	9	0
ENSMUSG00000036109	75	83	108	318	141	103
ENSMUSG00000036117	0	0	0	0	0	0
ENSMUSG00000036123	0	0	0	0	0	0
ENSMUSG00000036162	0	0	0	0	0	0
ENSMUSG00000036169	0	0	0	0	0	0
ENSMUSG00000036218	0	0	0	0	0	0
ENSMUSG00000036231	0	0	0	0	0	0
ENSMUSG00000036244	0	0	0	0	0	0
ENSMUSG00000036251	1	0	0	0	0	0
ENSMUSG00000036295	12	12	32	35	18	1
ENSMUSG00000036304	45	14	36	36	62	9
ENSMUSG00000036334	10	2	11	24	21	0
ENSMUSG00000036352	779	8447	1007	20719	1224	8606
ENSMUSG00000036401	0	0	0	0	0	0
ENSMUSG00000036422	1	0	2	0	1	0
ENSMUSG00000036437	0	0	0	0	1	0
ENSMUSG00000036449	0	0	0	0	0	0
ENSMUSG00000036463	0	0	0	0	0	0
ENSMUSG00000036480	0	0	0	0	0	0
ENSMUSG00000036500	0	0	0	0	0	0
ENSMUSG00000036502	28	5	97	14	45	8
ENSMUSG00000036510	0	1	0	0	0	0
ENSMUSG00000036521	0	0	0	0	0	0
ENSMUSG00000036545	55	14	53	163	104	7
ENSMUSG00000036557	0	0	0	0	0	0
ENSMUSG00000036565	2503	363	1795	3061	4612	431
ENSMUSG00000036574	0	0	0	0	0	0
ENSMUSG00000036602	0	0	0	0	0	0
ENSMUSG00000036647	0	0	0	0	0	0
ENSMUSG00000036658	0	0	0	0	0	0
ENSMUSG00000036731	0	0	1	0	0	0
ENSMUSG00000036744	0	0	0	0	0	0
ENSMUSG00000036745	13	1	22	29	8	3
ENSMUSG00000036749	0	0	0	0	0	0
ENSMUSG00000036760	0	0	0	1	0	0
ENSMUSG00000036766	0	0	0	0	1	0
ENSMUSG00000036790	0	0	0	0	1	0
ENSMUSG00000036800	0	0	0	0	0	0
ENSMUSG00000036814	0	13	0	34	0	15
ENSMUSG00000036826	0	0	0	0	0	0
ENSMUSG00000036832	0	0	0	1	0	0
ENSMUSG00000036855	0	0	0	0	1	0
ENSMUSG00000036907	0	0	0	0	0	0
ENSMUSG00000036921	0	0	0	0	0	0
ENSMUSG00000036924	0	0	0	0	0	0
ENSMUSG00000036925	0	0	0	0	0	0
ENSMUSG00000036938	0	0	0	0	0	0
ENSMUSG00000036944	17	1	18	16	25	1
ENSMUSG00000036951	0	0	0	0	0	0
ENSMUSG00000036958	0	0	0	0	0	0
ENSMUSG00000036959	191	177	229	1227	373	173
ENSMUSG00000036960	0	0	1	0	0	0
ENSMUSG00000036961	0	0	1	0	0	0
ENSMUSG00000036972	0	0	0	0	0	0
ENSMUSG00000037014	0	0	0	0	0	0
ENSMUSG00000037028	0	0	0	0	0	0
ENSMUSG00000037033	0	0	0	0	0	0
ENSMUSG00000037034	0	0	0	0	0	0
ENSMUSG00000037053	0	0	0	0	0	0
ENSMUSG00000037064	0	0	0	0	0	0
ENSMUSG00000037101	0	0	0	0	1	0
ENSMUSG00000037106	0	3	1	34	3	4
ENSMUSG00000037129	1	0	0	0	0	0
ENSMUSG00000037130	0	0	0	0	0	0
ENSMUSG00000037140	0	0	0	0	0	0
ENSMUSG00000037145	0	1	0	0	0	0
ENSMUSG00000037157	0	0	1	21	0	2
ENSMUSG00000037159	0	0	0	1	0	0
ENSMUSG00000037167	0	0	0	0	0	0
ENSMUSG00000037211	273	41	362	134	427	38
ENSMUSG00000037239	23	2	25	30	20	2
ENSMUSG00000037246	0	0	0	0	0	0
ENSMUSG00000037247	0	0	0	0	0	0
ENSMUSG00000037279	0	0	0	0	0	0
ENSMUSG00000037307	0	0	0	0	0	0
ENSMUSG00000037334	0	0	0	0	0	0
ENSMUSG00000037358	0	0	0	0	0	0
ENSMUSG00000037390	0	0	0	1	0	0
ENSMUSG00000037393	0	0	0	0	0	0
ENSMUSG00000037406	0	0	1	0	0	0
ENSMUSG00000037411	195	7	352	37	171	9
ENSMUSG00000037424	0	0	0	0	0	0
ENSMUSG00000037469	0	0	0	0	0	0
ENSMUSG00000037482	0	0	0	0	0	0
ENSMUSG00000037492	0	0	0	1	0	0
ENSMUSG00000037499	344	447	613	948	493	297
ENSMUSG00000037529	0	0	0	0	0	0
ENSMUSG00000037537	0	0	0	0	0	0
ENSMUSG00000037541	33	10	36	62	36	2
ENSMUSG00000037578	0	0	0	0	0	0
ENSMUSG00000037603	0	0	0	0	0	0
ENSMUSG00000037627	0	0	0	0	0	0
ENSMUSG00000037660	0	0	0	0	0	0
ENSMUSG00000037679	854	153	901	626	1369	105
ENSMUSG00000037686	19	1	15	3	32	0
ENSMUSG00000037689	0	0	0	0	0	0
ENSMUSG00000037716	0	1	0	0	0	0
ENSMUSG00000037727	0	0	0	0	0	0
ENSMUSG00000037738	0	0	0	1	0	0
ENSMUSG00000037790	0	0	0	0	0	0
ENSMUSG00000037857	265	200	329	905	457	270
ENSMUSG00000037872	42	817	55	1422	51	880
ENSMUSG00000037910	0	0	0	0	0	0
ENSMUSG00000037924	0	0	0	0	0	0
ENSMUSG00000037940	42	5	70	34	65	9
ENSMUSG00000037953	0	0	0	0	0	0
ENSMUSG00000037962	5	1	3	0	0	1
ENSMUSG00000037973	0	0	0	0	0	0
ENSMUSG00000037974	0	0	0	0	0	0
ENSMUSG00000037984	0	0	0	0	0	0
ENSMUSG00000037996	0	0	0	0	0	0
ENSMUSG00000038011	16	0	11	6	31	0
ENSMUSG00000038015	0	0	0	0	0	0
ENSMUSG00000038024	177	12	213	301	390	43
ENSMUSG00000038048	0	0	0	0	0	0
ENSMUSG00000038064	0	0	0	0	0	0
ENSMUSG00000038065	247	19	239	67	290	15
ENSMUSG00000038067	0	1	0	0	0	0
ENSMUSG00000038071	0	0	0	0	0	0
ENSMUSG00000038094	0	0	0	0	0	0
ENSMUSG00000038146	77	15	67	118	129	10
ENSMUSG00000038148	0	0	0	0	0	0
ENSMUSG00000038165	0	0	0	0	0	0
ENSMUSG00000038167	5	2	4	30	15	1
ENSMUSG00000038178	313	190	433	665	477	110
ENSMUSG00000038181	210	27	151	541	385	86
ENSMUSG00000038192	0	0	0	0	0	0
ENSMUSG00000038193	51	17	52	110	56	11
ENSMUSG00000038203	0	0	0	0	0	0
ENSMUSG00000038210	0	0	0	0	0	0
ENSMUSG00000038216	0	0	0	0	0	0
ENSMUSG00000038218	0	0	0	0	0	0
ENSMUSG00000038248	1	1	0	0	1	0
ENSMUSG00000038255	0	0	0	0	0	0
ENSMUSG00000038257	0	0	0	0	0	0
ENSMUSG00000038259	0	0	0	1	0	0
ENSMUSG00000038264	5	2	2	7	3	2
ENSMUSG00000038271	245	90	172	591	446	116
ENSMUSG00000038300	0	0	0	0	0	0
ENSMUSG00000038311	1	0	0	0	0	0
ENSMUSG00000038327	0	0	0	0	0	0
ENSMUSG00000038330	0	0	0	0	0	0
ENSMUSG00000038374	1531	2554	2802	6363	2459	1901
ENSMUSG00000038388	488	393	665	1684	786	427
ENSMUSG00000038408	0	0	0	0	0	0
ENSMUSG00000038473	9	2	5	77	15	6
ENSMUSG00000038498	0	0	0	0	0	0
ENSMUSG00000038520	454	246	447	863	712	197
ENSMUSG00000038530	10	0	23	3	5	0
ENSMUSG00000038540	0	0	0	0	1	0
ENSMUSG00000038541	0	0	0	0	0	1
ENSMUSG00000038550	38	6	53	19	60	4
ENSMUSG00000038560	0	0	0	0	0	0
ENSMUSG00000038567	0	0	0	0	0	0
ENSMUSG00000038572	0	0	0	0	0	0
ENSMUSG00000038583	0	0	0	0	0	0
ENSMUSG00000038607	4	4	3	9	7	1
ENSMUSG00000038623	70	7	50	136	117	23
ENSMUSG00000038651	0	0	0	0	0	0
ENSMUSG00000038676	0	0	0	0	0	0
ENSMUSG00000038677	13	2	21	51	38	1
ENSMUSG00000038691	0	0	0	1	0	0
ENSMUSG00000038704	17	15	18	48	21	26
ENSMUSG00000038709	0	0	0	1	0	0
ENSMUSG00000038729	0	0	0	0	0	0
ENSMUSG00000038750	0	0	0	0	0	0
ENSMUSG00000038751	0	0	0	1	0	0
ENSMUSG00000038756	0	0	0	0	0	0
ENSMUSG00000038760	0	0	0	0	0	0
ENSMUSG00000038763	29	0	21	9	44	4
ENSMUSG00000038777	37	8	23	97	57	2
ENSMUSG00000038791	0	0	0	0	0	0
ENSMUSG00000038801	0	0	0	0	0	0
ENSMUSG00000038805	0	0	0	0	0	0
ENSMUSG00000038840	0	0	0	0	0	0
ENSMUSG00000038872	38	9	40	106	45	6
ENSMUSG00000038880	50	29	62	521	82	54
ENSMUSG00000038883	0	0	0	0	0	0
ENSMUSG00000038891	0	0	0	0	0	0
ENSMUSG00000038916	0	0	0	0	0	0
ENSMUSG00000038925	0	0	0	0	0	0
ENSMUSG00000038968	0	0	0	0	0	0
ENSMUSG00000038980	0	0	0	0	0	0
ENSMUSG00000038994	0	0	0	0	0	0
ENSMUSG00000039013	33	5	12	62	51	5
ENSMUSG00000039059	0	1	0	0	0	0
ENSMUSG00000039079	0	0	0	0	1	0
ENSMUSG00000039092	0	0	0	0	0	0
ENSMUSG00000039095	0	0	0	0	0	0
ENSMUSG00000039098	0	0	0	0	0	0
ENSMUSG00000039103	38	6	49	18	81	3
ENSMUSG00000039106	0	0	0	0	0	0
ENSMUSG00000039138	0	0	0	0	0	0
ENSMUSG00000039146	29	0	0	0	0	0
ENSMUSG00000039166	79	425	81	1173	133	530
ENSMUSG00000039174	0	0	0	0	0	0
ENSMUSG00000039198	0	0	0	0	0	0
ENSMUSG00000039215	0	0	0	0	0	0
ENSMUSG00000039224	0	0	0	0	0	0
ENSMUSG00000039236	69	395	78	1047	78	389
ENSMUSG00000039253	203	1474	274	4922	311	1636
ENSMUSG00000039269	0	0	0	0	0	0
ENSMUSG00000039278	0	0	0	0	1	0
ENSMUSG00000039296	0	0	0	0	0	0
ENSMUSG00000039313	0	0	0	0	0	0
ENSMUSG00000039328	11	4	11	22	11	0
ENSMUSG00000039335	0	0	0	0	0	0
ENSMUSG00000039342	0	0	0	0	0	0
ENSMUSG00000039358	0	0	0	0	0	0
ENSMUSG00000039372	0	0	0	0	0	0
ENSMUSG00000039375	0	0	0	0	1	0
ENSMUSG00000039391	0	0	0	1	0	0
ENSMUSG00000039452	14	249	9	2251	41	466
ENSMUSG00000039488	0	0	0	0	0	0
ENSMUSG00000039508	0	0	0	0	0	0
ENSMUSG00000039518	0	0	0	0	0	0
ENSMUSG00000039539	0	0	0	0	0	0
ENSMUSG00000039540	0	0	0	0	0	0
ENSMUSG00000039542	82	24	67	186	145	11
ENSMUSG00000039546	9	8	26	16	28	7
ENSMUSG00000039552	0	0	0	1	0	0
ENSMUSG00000039555	0	0	0	1	0	0
ENSMUSG00000039608	0	0	0	0	0	0
ENSMUSG00000039628	0	1	0	0	0	0
ENSMUSG00000039639	0	0	0	0	0	0
ENSMUSG00000039661	0	0	0	0	0	0
ENSMUSG00000039682	490	415	715	1660	863	551
ENSMUSG00000039691	0	0	0	0	1	0
ENSMUSG00000039710	0	0	0	0	0	0
ENSMUSG00000039714	0	0	0	0	0	0
ENSMUSG00000039717	0	0	0	0	0	0
ENSMUSG00000039720	12	0	5	2	23	0
ENSMUSG00000039728	0	0	0	0	1	0
ENSMUSG00000039742	0	0	0	0	0	0
ENSMUSG00000039760	0	0	0	0	0	0
ENSMUSG00000039775	0	0	0	0	0	0
ENSMUSG00000039785	0	0	0	0	0	0
ENSMUSG00000039787	216	415	140	3569	303	687
ENSMUSG00000039798	5	56	4	138	4	58
ENSMUSG00000039830	0	0	0	0	0	0
ENSMUSG00000039834	148	26	89	797	449	95
ENSMUSG00000039835	16	1	28	22	30	2
ENSMUSG00000039838	1	0	0	0	0	0
ENSMUSG00000039840	454	196	426	864	816	290
ENSMUSG00000039851	0	0	0	0	1	0
ENSMUSG00000039913	1	0	0	0	0	0
ENSMUSG00000039954	4	46	4	228	11	83
ENSMUSG00000039962	0	0	0	0	0	0
ENSMUSG00000040013	0	0	0	1	0	0
ENSMUSG00000040016	179	13	197	63	145	12
ENSMUSG00000040037	0	0	1	2	0	0
ENSMUSG00000040055	0	0	0	0	0	0
ENSMUSG00000040065	0	0	0	0	0	0
ENSMUSG00000040086	0	0	0	0	0	0
ENSMUSG00000040113	0	0	0	0	0	0
ENSMUSG00000040125	0	0	0	0	0	0
ENSMUSG00000040127	0	0	0	0	0	0
ENSMUSG00000040132	0	0	0	0	0	0
ENSMUSG00000040138	0	0	0	0	0	0
ENSMUSG00000040148	0	0	0	0	0	0
ENSMUSG00000040152	6351	503	6470	3394	8824	531
ENSMUSG00000040154	0	0	0	0	0	0
ENSMUSG00000040163	0	0	0	0	0	0
ENSMUSG00000040164	0	0	1	0	0	0
ENSMUSG00000040189	41	17	43	64	77	14
ENSMUSG00000040197	0	0	0	0	0	1
ENSMUSG00000040205	0	0	1	0	0	0
ENSMUSG00000040217	0	0	0	0	0	0
ENSMUSG00000040260	45	9	68	93	78	9
ENSMUSG00000040280	17	10	47	6	25	1
ENSMUSG00000040284	0	0	0	0	0	0
ENSMUSG00000040298	0	0	0	0	1	0
ENSMUSG00000040372	0	0	0	1	0	0
ENSMUSG00000040387	4	2	4	15	9	4
ENSMUSG00000040447	845	81	797	624	1151	111
ENSMUSG00000040452	0	0	0	0	1	0
ENSMUSG00000040456	1	0	0	0	0	0
ENSMUSG00000040478	0	0	0	0	0	0
ENSMUSG00000040514	0	0	0	0	0	0
ENSMUSG00000040540	32	3	30	69	35	6
ENSMUSG00000040541	0	0	0	0	0	0
ENSMUSG00000040548	360	251	413	1364	536	264
ENSMUSG00000040550	402	219	486	783	585	326
ENSMUSG00000040565	1035	439	985	2585	1891	809
ENSMUSG00000040601	0	0	0	0	0	0
ENSMUSG00000040610	0	0	0	0	0	0
ENSMUSG00000040614	0	0	0	0	0	0
ENSMUSG00000040627	0	0	0	1	0	0
ENSMUSG00000040629	0	0	0	0	0	0
ENSMUSG00000040650	0	0	0	0	0	0
ENSMUSG00000040657	110	5	86	74	178	19
ENSMUSG00000040690	56	20	46	106	100	6
ENSMUSG00000040694	6	0	6	22	8	4
ENSMUSG00000040705	0	0	0	0	0	0
ENSMUSG00000040714	36	0	31	3	65	1
ENSMUSG00000040715	0	0	0	0	0	0
ENSMUSG00000040724	1	11	0	31	3	6
ENSMUSG00000040728	0	0	1	0	0	0
ENSMUSG00000040770	0	0	0	0	0	0
ENSMUSG00000040775	0	0	0	0	0	0
ENSMUSG00000040797	0	0	0	0	0	0
ENSMUSG00000040866	0	0	0	1	0	0
ENSMUSG00000040867	45	11	34	88	45	2
ENSMUSG00000040899	0	0	0	1	0	0
ENSMUSG00000040901	0	0	0	1	0	0
ENSMUSG00000040919	0	0	0	0	0	0
ENSMUSG00000040935	1	0	0	0	0	0
ENSMUSG00000040938	22	0	6	56	46	4
ENSMUSG00000040957	38	35	64	68	66	25
ENSMUSG00000040966	0	0	0	0	0	1
ENSMUSG00000040969	0	0	0	1	0	0
ENSMUSG00000040972	0	0	0	0	0	0
ENSMUSG00000040985	0	0	0	0	0	0
ENSMUSG00000040987	21	0	13	39	24	1
ENSMUSG00000040990	214	112	247	565	300	141
ENSMUSG00000040998	19	10	25	79	46	2
ENSMUSG00000041009	0	0	0	0	0	0
ENSMUSG00000041014	0	0	0	1	0	0
ENSMUSG00000041044	0	0	0	0	0	0
ENSMUSG00000041052	0	0	0	0	1	0
ENSMUSG00000041062	0	0	0	0	0	0
ENSMUSG00000041068	0	0	0	0	0	0
ENSMUSG00000041073	16	322	13	826	16	258
ENSMUSG00000041189	33	3	20	23	40	1
ENSMUSG00000041199	142	71	109	264	255	96
ENSMUSG00000041202	0	0	0	0	0	0
ENSMUSG00000041203	1405	1689	1793	6198	2427	1432
ENSMUSG00000041216	0	0	0	0	0	0
ENSMUSG00000041237	471	1501	446	21830	1235	3985
ENSMUSG00000041255	0	0	0	0	0	0
ENSMUSG00000041268	245	20	202	118	365	25
ENSMUSG00000041333	0	0	0	0	0	0
ENSMUSG00000041359	0	0	0	0	0	0
ENSMUSG00000041372	3	2	0	35	7	4
ENSMUSG00000041377	0	0	0	0	1	0
ENSMUSG00000041380	0	0	0	0	0	0
ENSMUSG00000041390	27	20	68	58	46	27
ENSMUSG00000041399	0	0	0	0	0	0
ENSMUSG00000041423	3	50	0	294	4	93
ENSMUSG00000041440	8	1	24	39	19	7
ENSMUSG00000041482	25	3	22	28	29	2
ENSMUSG00000041505	0	0	0	0	0	0
ENSMUSG00000041512	0	0	0	0	0	0
ENSMUSG00000041523	0	0	0	0	0	0
ENSMUSG00000041536	0	0	0	0	0	0
ENSMUSG00000041565	0	0	0	1	0	0
ENSMUSG00000041566	0	0	0	1	0	0
ENSMUSG00000041583	0	0	1	0	0	0
ENSMUSG00000041608	29	0	10	1	65	0
ENSMUSG00000041616	0	0	0	1	0	0
ENSMUSG00000041620	0	0	0	0	0	0
ENSMUSG00000041644	0	0	0	0	0	0
ENSMUSG00000041669	0	0	0	0	0	0
ENSMUSG00000041681	0	0	0	0	0	0
ENSMUSG00000041688	814	90	681	793	1479	127
ENSMUSG00000041698	0	0	0	1	0	0
ENSMUSG00000041703	0	0	0	0	0	0
ENSMUSG00000041722	0	0	0	0	0	0
ENSMUSG00000041730	0	0	0	0	0	0
ENSMUSG00000041734	57	7	51	170	67	8
ENSMUSG00000041735	0	0	0	0	0	0
ENSMUSG00000041737	0	0	1	0	0	0
ENSMUSG00000041762	20	112	35	592	46	191
ENSMUSG00000041789	0	1	0	0	0	0
ENSMUSG00000041791	0	0	0	0	0	0
ENSMUSG00000041794	0	0	0	0	0	0
ENSMUSG00000041805	0	0	0	0	0	0
ENSMUSG00000041885	0	0	0	0	0	0
ENSMUSG00000041886	0	0	0	0	0	1
ENSMUSG00000041895	779	145	10	1790	1441	169
ENSMUSG00000041915	126	7	114	267	211	50
ENSMUSG00000041977	113	14	76	190	203	23
ENSMUSG00000041986	0	0	1	0	0	0
ENSMUSG00000041991	0	0	0	0	0	0
ENSMUSG00000042002	0	0	0	0	0	0
ENSMUSG00000042010	32	4	46	70	101	8
ENSMUSG00000042031	0	0	0	0	0	0
ENSMUSG00000042064	0	0	0	0	0	0
ENSMUSG00000042066	4010	10646	3272	63579	5714	15678
ENSMUSG00000042082	47	10	30	188	88	17
ENSMUSG00000042092	0	0	0	0	0	0
ENSMUSG00000042116	5	0	7	6	7	0
ENSMUSG00000042124	0	0	0	0	0	0
ENSMUSG00000042156	52	1	29	43	73	16
ENSMUSG00000042157	0	0	0	0	0	0
ENSMUSG00000042184	1	0	0	0	0	0
ENSMUSG00000042189	0	0	0	0	0	0
ENSMUSG00000042200	0	0	0	0	0	0
ENSMUSG00000042207	1052	129	1083	536	1719	120
ENSMUSG00000042212	0	0	0	0	0	0
ENSMUSG00000042219	0	0	0	0	0	0
ENSMUSG00000042240	0	0	0	0	0	0
ENSMUSG00000042243	0	0	0	0	0	0
ENSMUSG00000042244	0	0	0	0	1	0
ENSMUSG00000042256	0	0	0	1	0	0
ENSMUSG00000042268	15	0	14	1	25	1
ENSMUSG00000042269	0	0	0	1	0	0
ENSMUSG00000042279	0	0	0	0	0	0
ENSMUSG00000042282	0	0	0	0	0	0
ENSMUSG00000042289	0	0	0	0	0	0
ENSMUSG00000042333	356	137	191	2527	525	876
ENSMUSG00000042351	4087	501	3393	2710	6425	574
ENSMUSG00000042372	0	0	0	0	0	0
ENSMUSG00000042379	50	5	141	18	25	4
ENSMUSG00000042385	0	0	0	0	0	1
ENSMUSG00000042386	0	0	0	0	0	0
ENSMUSG00000042428	21	8	21	56	31	2
ENSMUSG00000042433	0	0	0	0	0	0
ENSMUSG00000042436	34	10	24	83	137	8
ENSMUSG00000042448	0	0	0	0	0	0
ENSMUSG00000042459	0	0	0	0	0	0
ENSMUSG00000042474	0	0	0	0	0	0
ENSMUSG00000042477	0	0	0	0	0	0
ENSMUSG00000042499	0	0	0	0	0	0
ENSMUSG00000042525	0	0	0	1	0	0
ENSMUSG00000042532	0	0	0	0	0	0
ENSMUSG00000042540	0	0	0	0	0	0
ENSMUSG00000042554	0	0	0	0	0	0
ENSMUSG00000042567	0	0	0	0	0	0
ENSMUSG00000042596	0	0	0	1	0	0
ENSMUSG00000042631	0	0	0	1	0	0
ENSMUSG00000042655	0	0	0	0	0	0
ENSMUSG00000042678	64	6	25	102	115	21
ENSMUSG00000042717	0	0	0	0	0	0
ENSMUSG00000042757	9	4	8	16	18	2
ENSMUSG00000042774	0	0	0	0	0	0
ENSMUSG00000042788	0	0	0	0	0	0
ENSMUSG00000042796	0	0	0	0	0	0
ENSMUSG00000042801	0	0	0	0	0	0
ENSMUSG00000042808	0	0	1	0	0	0
ENSMUSG00000042826	42	2	43	18	52	2
ENSMUSG00000042845	0	0	0	0	0	0
ENSMUSG00000042846	0	0	0	0	0	0
ENSMUSG00000042848	0	0	0	0	0	0
ENSMUSG00000042849	0	0	0	1	0	0
ENSMUSG00000042861	0	0	0	0	0	0
ENSMUSG00000042863	0	0	0	0	0	0
ENSMUSG00000042869	0	0	0	0	0	0
ENSMUSG00000042874	0	0	0	1	0	0
ENSMUSG00000042888	0	0	0	0	0	0
ENSMUSG00000042993	0	0	0	0	1	0
ENSMUSG00000043008	287	131	440	303	294	98
ENSMUSG00000043020	0	0	0	0	0	1
ENSMUSG00000043087	0	0	0	0	0	0
ENSMUSG00000043164	0	0	0	1	0	0
ENSMUSG00000043165	0	1	2	1	1	0
ENSMUSG00000043219	0	0	0	1	0	0
ENSMUSG00000043230	0	0	0	0	0	0
ENSMUSG00000043282	0	0	0	1	0	0
ENSMUSG00000043298	0	0	0	1	0	0
ENSMUSG00000043346	1	0	0	0	0	0
ENSMUSG00000043366	0	0	1	0	0	0
ENSMUSG00000043388	18	1	17	4	13	1
ENSMUSG00000043460	0	0	1	0	0	0
ENSMUSG00000043468	1	0	0	0	0	0
ENSMUSG00000043518	2	0	5	4	5	0
ENSMUSG00000043572	84	57	93	229	126	63
ENSMUSG00000043592	9	25	5	139	12	39
ENSMUSG00000043659	0	0	0	0	0	1
ENSMUSG00000043670	0	0	0	1	0	0
ENSMUSG00000043673	0	0	0	1	0	0
ENSMUSG00000043753	1	0	0	0	0	0
ENSMUSG00000043782	0	0	0	1	0	0
ENSMUSG00000043903	14	0	10	8	15	1
ENSMUSG00000044033	9	1	21	15	23	2
ENSMUSG00000044052	0	0	0	0	0	1
ENSMUSG00000044056	0	2	2	21	8	2
ENSMUSG00000044062	0	0	0	1	0	0
ENSMUSG00000044067	0	0	0	0	1	0
ENSMUSG00000044117	10	0	12	0	9	1
ENSMUSG00000044172	0	0	0	0	1	0
ENSMUSG00000044244	8	0	4	22	6	1
ENSMUSG00000044250	460	57	297	494	650	77
ENSMUSG00000044265	1	0	0	0	0	0
ENSMUSG00000044306	0	0	0	0	1	0
ENSMUSG00000044337	435	24	227	89	543	15
ENSMUSG00000044349	14	1	5	48	15	3
ENSMUSG00000044352	4	363	6	1771	4	515
ENSMUSG00000044375	0	0	0	0	0	0
ENSMUSG00000044377	1	0	0	0	0	0
ENSMUSG00000044453	1	0	0	0	0	0
ENSMUSG00000044522	0	0	0	1	0	0
ENSMUSG00000044534	18	2	48	10	26	3
ENSMUSG00000044548	4	5	19	12	15	0
ENSMUSG00000044647	7	0	6	6	7	0
ENSMUSG00000044674	109	26	120	369	166	24
ENSMUSG00000044788	68	15	61	336	119	39
ENSMUSG00000044795	22	2	16	102	35	18
ENSMUSG00000044814	1	0	0	10	4	6
ENSMUSG00000044863	0	0	1	0	0	0
ENSMUSG00000044903	0	0	1	0	0	0
ENSMUSG00000044916	33	7	19	51	27	9
ENSMUSG00000044997	0	0	0	1	0	0
ENSMUSG00000045004	1	0	0	0	0	0
ENSMUSG00000045027	0	0	0	0	0	1
ENSMUSG00000045034	0	0	0	0	0	1
ENSMUSG00000045094	7	0	3	4	14	0
ENSMUSG00000045095	90	24	127	194	188	12
ENSMUSG00000045104	17	7	25	0	12	16
ENSMUSG00000045174	0	0	0	0	1	0
ENSMUSG00000045201	0	1	0	0	0	0
ENSMUSG00000045216	165	337	222	4289	322	676
ENSMUSG00000045232	0	0	0	0	1	0
ENSMUSG00000045281	0	0	1	0	0	0
ENSMUSG00000045284	113	13	117	55	196	17
ENSMUSG00000045318	0	0	1	0	0	0
ENSMUSG00000045319	308	51	415	139	460	40
ENSMUSG00000045350	0	0	0	1	0	0
ENSMUSG00000045409	362	204	337	1123	568	244
ENSMUSG00000045440	0	0	0	1	0	0
ENSMUSG00000045509	1	5	0	52	0	5
ENSMUSG00000045573	6	1	5	14	33	0
ENSMUSG00000045575	1	0	0	0	0	0
ENSMUSG00000045608	0	0	1	0	0	0
ENSMUSG00000045609	1	0	0	0	0	0
ENSMUSG00000045629	26	177	42	940	25	299
ENSMUSG00000045648	1	0	0	1	2	1
ENSMUSG00000045689	0	0	0	1	0	0
ENSMUSG00000045708	0	0	0	0	0	0
ENSMUSG00000045752	501	533	668	1612	793	470
ENSMUSG00000045794	0	0	0	0	0	0
ENSMUSG00000045797	0	0	0	0	0	0
ENSMUSG00000045817	1200	148	1021	2148	2112	411
ENSMUSG00000045838	13	3	9	27	11	0
ENSMUSG00000045876	0	0	0	1	0	0
ENSMUSG00000045912	0	0	0	0	0	1
ENSMUSG00000045952	0	0	0	1	0	0
ENSMUSG00000045967	0	0	0	0	0	1
ENSMUSG00000045994	0	1	0	0	0	0
ENSMUSG00000046005	0	0	1	0	0	0
ENSMUSG00000046008	1	0	0	0	0	0
ENSMUSG00000046056	45	1	36	57	69	3
ENSMUSG00000046080	64	9	68	47	58	3
ENSMUSG00000046085	14	3	22	55	30	5
ENSMUSG00000046093	1	0	0	0	0	0
ENSMUSG00000046159	0	0	1	0	0	0
ENSMUSG00000046182	7	0	12	3	10	0
ENSMUSG00000046192	0	0	0	1	0	0
ENSMUSG00000046196	0	0	0	0	1	1
ENSMUSG00000046215	0	0	0	1	0	0
ENSMUSG00000046269	12	8	16	20	21	4
ENSMUSG00000046275	0	0	1	0	0	0
ENSMUSG00000046317	0	0	0	0	1	0
ENSMUSG00000046345	0	0	0	1	0	0
ENSMUSG00000046367	0	0	0	0	1	0
ENSMUSG00000046387	3	1	12	18	4	0
ENSMUSG00000046413	1	0	0	0	0	0
ENSMUSG00000046480	11	1	8	18	11	0
ENSMUSG00000046580	5	8	6	47	28	2
ENSMUSG00000046610	0	0	0	1	0	0
ENSMUSG00000046613	6	0	7	28	20	2
ENSMUSG00000046650	0	0	1	0	0	0
ENSMUSG00000046683	0	1	0	0	0	0
ENSMUSG00000046691	28	2	22	271	66	17
ENSMUSG00000046731	284	21	225	71	427	22
ENSMUSG00000046743	24	5	46	92	47	6
ENSMUSG00000046959	46	231	42	1879	102	448
ENSMUSG00000047034	0	0	1	0	0	0
ENSMUSG00000047048	10	0	5	10	11	1
ENSMUSG00000047090	60	5	54	99	98	15
ENSMUSG00000047117	0	0	0	1	0	0
ENSMUSG00000047222	0	0	0	1	0	0
ENSMUSG00000047298	0	0	0	1	0	0
ENSMUSG00000047344	16	1	3	20	16	2
ENSMUSG00000047352	0	0	0	1	0	0
ENSMUSG00000047443	7	37	7	197	10	62
ENSMUSG00000047462	0	0	0	1	0	0
ENSMUSG00000047473	17	9	44	34	22	4
ENSMUSG00000047495	0	0	5	2	1	0
ENSMUSG00000047535	32	1	18	1	45	0
ENSMUSG00000047544	0	0	0	0	0	0
ENSMUSG00000047545	0	0	0	0	1	0
ENSMUSG00000047554	296	138	275	462	384	115
ENSMUSG00000047591	0	0	0	0	1	0
ENSMUSG00000047751	0	0	0	0	1	0
ENSMUSG00000047854	0	0	0	1	0	0
ENSMUSG00000047897	0	0	0	0	0	1
ENSMUSG00000047935	1	0	0	0	0	0
ENSMUSG00000047959	1	0	7	10	5	0
ENSMUSG00000048003	1	0	0	0	0	0
ENSMUSG00000048070	1	0	0	0	0	0
ENSMUSG00000048076	2511	1320	2954	6640	4112	1764
ENSMUSG00000048078	9	1	13	33	16	2
ENSMUSG00000048153	1	0	0	0	0	0
ENSMUSG00000048206	0	0	0	0	1	0
ENSMUSG00000048230	0	1	0	0	0	0
ENSMUSG00000048249	353	68	412	208	394	78
ENSMUSG00000048377	0	0	0	0	1	0
ENSMUSG00000048378	0	0	1	0	0	0
ENSMUSG00000048385	0	0	0	0	0	1
ENSMUSG00000048399	0	0	0	0	0	0
ENSMUSG00000048450	0	0	0	0	1	0
ENSMUSG00000048485	71	12	91	29	64	1
ENSMUSG00000048528	0	0	0	1	0	0
ENSMUSG00000048583	98	22	210	1437	292	60
ENSMUSG00000048600	1	0	0	0	0	0
ENSMUSG00000048776	0	0	0	0	1	0
ENSMUSG00000048824	0	0	0	0	0	1
ENSMUSG00000048833	407	179	442	767	613	270
ENSMUSG00000048994	0	0	0	1	0	0
ENSMUSG00000049093	0	0	0	0	0	1
ENSMUSG00000049130	86	7	66	98	71	7
ENSMUSG00000049160	0	0	0	0	0	0
ENSMUSG00000049173	0	0	1	0	0	0
ENSMUSG00000049362	0	0	0	0	1	0
ENSMUSG00000049476	0	0	1	0	0	0
ENSMUSG00000049491	0	0	1	0	0	0
ENSMUSG00000049528	0	0	0	0	1	0
ENSMUSG00000049551	10	0	6	17	10	1
ENSMUSG00000049560	0	0	0	0	1	0
ENSMUSG00000049565	3	9	1	61	3	16
ENSMUSG00000049605	0	0	0	1	0	0
ENSMUSG00000049676	20	1	20	14	19	2
ENSMUSG00000049709	0	0	2	1	1	0
ENSMUSG00000049719	0	1	0	0	0	0
ENSMUSG00000049739	436	117	289	1427	889	211
ENSMUSG00000049761	0	0	0	0	1	0
ENSMUSG00000049796	1	0	0	0	0	0
ENSMUSG00000049806	0	0	0	0	1	0
ENSMUSG00000049871	10	4	17	18	16	6
ENSMUSG00000049902	0	0	1	0	0	0
ENSMUSG00000049916	236	198	198	791	363	233
ENSMUSG00000049946	0	0	1	0	0	0
ENSMUSG00000050010	5	1	7	38	17	3
ENSMUSG00000050066	1	0	0	0	0	0
ENSMUSG00000050087	1	0	0	0	0	0
ENSMUSG00000050100	0	0	0	0	1	0
ENSMUSG00000050106	82	283	85	3315	101	540
ENSMUSG00000050108	17	0	10	4	14	1
ENSMUSG00000050121	0	0	0	0	0	1
ENSMUSG00000050134	0	0	0	1	0	0
ENSMUSG00000050141	2	0	0	20	7	0
ENSMUSG00000050150	0	0	0	0	1	0
ENSMUSG00000050157	2	504	3	1982	3	603
ENSMUSG00000050158	0	1	0	0	0	0
ENSMUSG00000050189	0	0	0	1	0	0
ENSMUSG00000050201	1	0	0	0	0	0
ENSMUSG00000050211	0	0	0	0	1	0
ENSMUSG00000050241	0	0	0	1	0	0
ENSMUSG00000050281	0	0	1	0	0	0
ENSMUSG00000050334	0	0	0	0	1	0
ENSMUSG00000050359	0	0	1	0	0	0
ENSMUSG00000050377	0	0	0	1	0	0
ENSMUSG00000050439	1	0	0	0	0	0
ENSMUSG00000050468	0	0	0	1	0	0
ENSMUSG00000050530	93	96	182	288	114	47
ENSMUSG00000050600	9	0	7	10	9	1
ENSMUSG00000050700	4	1	2	17	22	1
ENSMUSG00000050711	0	0	0	0	1	0
ENSMUSG00000050737	13	0	14	11	9	1
ENSMUSG00000050762	0	0	0	1	0	0
ENSMUSG00000050763	0	0	0	1	0	0
ENSMUSG00000050821	237	25	325	62	312	19
ENSMUSG00000050822	0	0	6	9	6	0
ENSMUSG00000050824	45	1	28	0	85	0
ENSMUSG00000050860	0	10	1	192	0	25
ENSMUSG00000050908	18	4	7	52	27	3
ENSMUSG00000050944	11	1	1	30	8	5
ENSMUSG00000050961	0	0	0	1	0	0
ENSMUSG00000050967	1	0	0	0	0	0
ENSMUSG00000051000	286	2	161	30	517	9
ENSMUSG00000051048	61	10	56	243	94	13
ENSMUSG00000051098	104	10	101	54	126	16
ENSMUSG00000051113	3	0	10	11	7	0
ENSMUSG00000051124	140	68	203	211	159	63
ENSMUSG00000051149	2	0	0	19	4	2
ENSMUSG00000051159	124	13	271	166	149	11
ENSMUSG00000051182	0	0	0	1	0	0
ENSMUSG00000051236	76	41	165	104	68	22
ENSMUSG00000051251	0	0	1	0	0	0
ENSMUSG00000051279	0	1	0	14	7	0
ENSMUSG00000051295	20	3	9	2	33	0
ENSMUSG00000051297	10	0	10	0	7	1
ENSMUSG00000051361	0	0	0	1	0	0
ENSMUSG00000051401	0	0	0	0	1	0
ENSMUSG00000051414	0	0	0	1	0	0
ENSMUSG00000051431	0	0	0	1	0	0
ENSMUSG00000051493	0	0	0	0	0	0
ENSMUSG00000051599	0	0	0	0	0	1
ENSMUSG00000051618	0	0	0	0	0	0
ENSMUSG00000051678	0	0	0	1	0	0
ENSMUSG00000051723	4	28	8	5	2	0
ENSMUSG00000051727	47	206	45	801	39	293
ENSMUSG00000051729	1	0	0	0	0	0
ENSMUSG00000051747	5	1	3	8	53	1
ENSMUSG00000051811	6147	853	6104	2472	6881	715
ENSMUSG00000051832	0	0	0	1	0	0
ENSMUSG00000051910	112	986	197	4001	219	1250
ENSMUSG00000051965	0	0	0	1	0	0
ENSMUSG00000052013	12	0	6	9	11	1
ENSMUSG00000052075	0	0	0	1	0	0
ENSMUSG00000052099	0	0	0	1	0	0
ENSMUSG00000052157	1	0	0	0	0	0
ENSMUSG00000052187	141882	10837	72268	13618	130592	5365
ENSMUSG00000052217	7412	314	5142	701	8234	308
ENSMUSG00000052234	577	23	63	550	809	104
ENSMUSG00000052241	0	1	1	13	4	0
ENSMUSG00000052295	0	1	0	0	0	0
ENSMUSG00000052299	482	188	509	1000	734	334
ENSMUSG00000052303	0	0	0	1	0	0
ENSMUSG00000052305	259	13823	161	4093	235	9881
ENSMUSG00000052372	0	0	0	1	0	0
ENSMUSG00000052374	7	2	6	5	52	0
ENSMUSG00000052407	8	3	8	23	19	10
ENSMUSG00000052426	1	0	0	0	0	0
ENSMUSG00000052479	0	0	0	1	0	0
ENSMUSG00000052551	0	0	1	0	0	0
ENSMUSG00000052605	5	14	12	2	67	5
ENSMUSG00000052629	1	0	0	0	0	0
ENSMUSG00000052656	224	72	212	388	321	106
ENSMUSG00000052673	0	1	2	22	1	1
ENSMUSG00000052684	388	54	479	195	663	41
ENSMUSG00000052736	0	0	0	0	0	1
ENSMUSG00000052767	1	0	0	0	0	0
ENSMUSG00000052861	8	1	3	12	16	0
ENSMUSG00000052909	0	0	0	0	1	0
ENSMUSG00000052951	0	0	0	0	1	0
ENSMUSG00000053046	1	1	2	3	2	2
ENSMUSG00000053049	0	0	0	0	1	0
ENSMUSG00000053093	0	0	0	2	23	1
ENSMUSG00000053166	0	0	1	0	0	0
ENSMUSG00000053208	0	0	0	1	0	0
ENSMUSG00000053293	707	122	615	3458	1508	416
ENSMUSG00000053388	0	0	0	0	1	0
ENSMUSG00000053441	6	1	3	9	4	1
ENSMUSG00000053472	0	0	0	1	0	0
ENSMUSG00000053519	10	2	21	7	12	0
ENSMUSG00000053552	17	2	12	29	18	0
ENSMUSG00000053604	1768	1922	2677	5120	2733	1722
ENSMUSG00000053624	0	0	0	0	0	1
ENSMUSG00000053675	0	0	1	0	0	0
ENSMUSG00000053693	47	2	40	39	82	7
ENSMUSG00000053742	0	0	0	0	0	0
ENSMUSG00000053747	0	0	0	0	0	0
ENSMUSG00000053749	0	0	1	0	0	0
ENSMUSG00000053846	13	0	7	30	12	3
ENSMUSG00000053930	0	0	0	0	1	0
ENSMUSG00000053965	198	127	387	231	178	70
ENSMUSG00000053977	1	0	0	0	0	0
ENSMUSG00000054034	30	18	58	92	46	21
ENSMUSG00000054069	0	0	0	1	0	0
ENSMUSG00000054134	16	0	9	0	14	1
ENSMUSG00000054142	0	0	0	0	0	0
ENSMUSG00000054146	1	102	3	256	0	111
ENSMUSG00000054156	0	0	0	0	0	0
ENSMUSG00000054191	1020	6764	1222	14318	1584	6201
ENSMUSG00000054199	254	65	225	649	558	133
ENSMUSG00000054342	529	2539	394	10506	884	2755
ENSMUSG00000054351	0	0	0	1	0	0
ENSMUSG00000054362	25	0	5	0	36	1
ENSMUSG00000054417	0	0	0	0	0	1
ENSMUSG00000054418	0	0	0	0	1	0
ENSMUSG00000054423	1	0	0	0	0	0
ENSMUSG00000054488	0	0	0	2	1	0
ENSMUSG00000054509	202	14	168	164	275	19
ENSMUSG00000054672	0	1	0	0	0	0
ENSMUSG00000054763	1	0	0	0	0	0
ENSMUSG00000054988	0	0	0	1	0	0
ENSMUSG00000055041	6	0	2	14	7	0
ENSMUSG00000055088	0	0	0	0	0	1
ENSMUSG00000055134	0	0	1	0	0	0
ENSMUSG00000055150	22	5	13	36	27	6
ENSMUSG00000055159	0	0	0	1	0	0
ENSMUSG00000055323	19	11	12	65	51	1
ENSMUSG00000055333	0	0	1	0	0	0
ENSMUSG00000055357	1	0	0	0	0	0
ENSMUSG00000055368	0	1	0	0	0	0
ENSMUSG00000055370	0	0	0	0	1	0
ENSMUSG00000055401	273	106	307	234	411	101
ENSMUSG00000055415	0	0	0	0	1	0
ENSMUSG00000055416	1	0	0	0	0	0
ENSMUSG00000055546	36	114	56	275	58	70
ENSMUSG00000055555	0	1	0	1	2	0
ENSMUSG00000055561	0	0	0	0	0	1
ENSMUSG00000055567	1	0	0	0	0	0
ENSMUSG00000055602	0	0	0	0	0	1
ENSMUSG00000055704	0	0	0	0	1	0
ENSMUSG00000055723	527	102	275	948	930	88
ENSMUSG00000055775	1	0	2	8	68	0
ENSMUSG00000055835	95	39	72	134	98	33
ENSMUSG00000055891	0	0	0	0	1	0
ENSMUSG00000055937	0	0	0	1	0	0
ENSMUSG00000055976	0	0	0	1	0	0
ENSMUSG00000055994	8	0	4	12	4	0
ENSMUSG00000056025	190	37	162	161	215	13
ENSMUSG00000056032	0	0	0	0	0	0
ENSMUSG00000056035	4	12	2	58	11	57
ENSMUSG00000056061	0	0	0	0	1	0
ENSMUSG00000056144	6	0	12	1	9	1
ENSMUSG00000056148	1	0	0	0	0	0
ENSMUSG00000056162	0	0	1	0	0	0
ENSMUSG00000056288	2	0	0	0	0	0
ENSMUSG00000056367	33	6	35	12	34	1
ENSMUSG00000056411	6	0	3	9	9	0
ENSMUSG00000056426	0	1	0	0	0	0
ENSMUSG00000056427	7	2	16	24	18	1
ENSMUSG00000056457	0	0	1	0	0	0
ENSMUSG00000056481	70	38	72	329	140	13
ENSMUSG00000056487	0	0	0	1	0	0
ENSMUSG00000056592	13	6	15	24	26	6
ENSMUSG00000056656	2	1311	3	6238	4	1866
ENSMUSG00000056673	0	0	235	0	0	107
ENSMUSG00000056752	0	0	0	0	0	1
ENSMUSG00000056797	0	0	1	0	0	0
ENSMUSG00000056856	0	0	0	0	0	1
ENSMUSG00000056880	0	0	0	0	1	0
ENSMUSG00000056895	11	57	2	74	7	58
ENSMUSG00000056910	0	0	0	0	0	0
ENSMUSG00000056943	0	0	0	1	0	0
ENSMUSG00000056947	0	0	0	0	1	0
ENSMUSG00000057003	0	0	0	1	0	0
ENSMUSG00000057346	0	0	0	0	0	1
ENSMUSG00000057454	0	0	0	0	1	0
ENSMUSG00000057457	0	0	0	0	0	1
ENSMUSG00000057465	0	0	0	1	0	0
ENSMUSG00000057654	0	0	0	0	0	0
ENSMUSG00000057751	33	15	39	89	104	6
ENSMUSG00000057829	0	0	0	0	1	0
ENSMUSG00000057836	1	8	22	6	0	8
ENSMUSG00000057903	0	0	0	0	0	0
ENSMUSG00000057914	28	4	8	23	14	5
ENSMUSG00000057969	6	1	5	22	16	1
ENSMUSG00000058063	0	0	0	1	0	0
ENSMUSG00000058101	0	0	0	1	0	0
ENSMUSG00000058153	1	2	1	2	0	0
ENSMUSG00000058183	12	5	1	38	23	9
ENSMUSG00000058207	0	0	0	0	0	0
ENSMUSG00000058246	0	0	1	0	0	0
ENSMUSG00000058281	0	0	0	1	0	0
ENSMUSG00000058430	0	12	0	0	0	0
ENSMUSG00000058499	0	0	1	0	0	0
ENSMUSG00000058550	3	1	1	7	35	3
ENSMUSG00000058579	0	0	0	0	1	0
ENSMUSG00000058589	0	0	0	0	1	0
ENSMUSG00000058594	511	149	512	880	840	254
ENSMUSG00000058755	5	28	2	115	3	35
ENSMUSG00000058838	1	18	1	5	4	1
ENSMUSG00000058873	1	0	0	0	0	0
ENSMUSG00000058883	0	0	0	1	0	0
ENSMUSG00000058981	0	0	0	0	1	0
ENSMUSG00000059149	64	6	56	340	163	45
ENSMUSG00000059203	0	0	0	0	1	0
ENSMUSG00000059206	0	1	0	0	0	0
ENSMUSG00000059252	3	10	5	20	7	0
ENSMUSG00000059334	1	0	0	0	0	0
ENSMUSG00000059343	117	13	99	35	142	7
ENSMUSG00000059352	0	1	0	0	0	0
ENSMUSG00000059375	0	0	0	0	0	0
ENSMUSG00000059397	0	0	0	1	0	0
ENSMUSG00000059455	0	0	1	0	0	0
ENSMUSG00000059631	1	0	0	0	0	0
ENSMUSG00000059645	0	0	0	0	1	0
ENSMUSG00000059763	0	0	0	1	0	0
ENSMUSG00000059816	0	0	0	1	0	0
ENSMUSG00000059895	1125	4573	963	23847	1852	4713
ENSMUSG00000059901	13	7	19	61	45	1
ENSMUSG00000059970	125	23	193	105	251	21
ENSMUSG00000060204	0	0	0	1	0	0
ENSMUSG00000060212	11	0	8	12	5	1
ENSMUSG00000060371	0	0	0	0	1	0
ENSMUSG00000060380	0	0	1	0	0	0
ENSMUSG00000060404	0	0	0	1	0	0
ENSMUSG00000060726	0	0	0	0	0	1
ENSMUSG00000060777	1	0	1	4	2	1
ENSMUSG00000060794	0	0	0	1	0	0
ENSMUSG00000060811	0	0	0	1	0	0
ENSMUSG00000060816	1	0	0	0	0	0
ENSMUSG00000060882	0	0	1	0	0	0
ENSMUSG00000060988	0	0	0	1	0	0
ENSMUSG00000061039	10	0	5	2	6	0
ENSMUSG00000061048	83	18	93	150	122	10
ENSMUSG00000061065	0	0	0	1	0	0
ENSMUSG00000061208	0	0	0	0	0	1
ENSMUSG00000061259	0	0	0	0	0	0
ENSMUSG00000061306	1096	438	1024	3672	2236	577
ENSMUSG00000061330	0	1	0	0	0	0
ENSMUSG00000061353	342	206	554	1456	600	176
ENSMUSG00000061414	60	4	45	45	100	15
ENSMUSG00000061517	0	0	0	0	0	0
ENSMUSG00000061524	0	0	0	1	0	0
ENSMUSG00000061576	1	1	3	12	7	2
ENSMUSG00000061577	78	5	50	74	77	11
ENSMUSG00000061633	0	0	0	0	1	0
ENSMUSG00000061637	0	0	0	0	0	0
ENSMUSG00000061669	0	0	1	0	0	0
ENSMUSG00000061718	0	0	0	1	0	0
ENSMUSG00000061723	5	2	3	7	51	0
ENSMUSG00000061816	0	4	0	0	20	0
ENSMUSG00000061972	0	0	1	2	2	0
ENSMUSG00000061981	823	253	699	1418	1297	350
ENSMUSG00000061988	13	11	4	4	14	0
ENSMUSG00000062038	0	0	0	2	0	0
ENSMUSG00000062093	66	127	49	1002	128	193
ENSMUSG00000062148	336	12	20	210	366	55
ENSMUSG00000062170	3	13	0	0	9	0
ENSMUSG00000062175	10	1	10	47	20	6
ENSMUSG00000062184	28	4	21	34	30	2
ENSMUSG00000062279	1	17	0	1	0	1
ENSMUSG00000062282	1	0	0	0	0	0
ENSMUSG00000062296	0	0	0	1	0	0
ENSMUSG00000062312	63	17	73	207	90	10
ENSMUSG00000062319	0	1	0	0	0	0
ENSMUSG00000062382	74	63	620	53	63	11
ENSMUSG00000062391	0	0	1	0	0	0
ENSMUSG00000062458	23	56	17	37	21	15
ENSMUSG00000062464	0	0	0	0	1	0
ENSMUSG00000062496	0	0	0	1	0	0
ENSMUSG00000062497	0	0	0	0	0	0
ENSMUSG00000062515	410	333	1994	429	543	141
ENSMUSG00000062545	22	6	27	71	22	8
ENSMUSG00000062546	1	0	0	0	0	0
ENSMUSG00000062582	0	8	1	9	0	0
ENSMUSG00000062638	0	0	1	0	0	0
ENSMUSG00000062743	14	0	20	18	34	4
ENSMUSG00000062757	0	0	0	0	0	0
ENSMUSG00000062785	9	0	5	12	12	1
ENSMUSG00000062961	0	1	0	0	0	0
ENSMUSG00000063018	49	71	73	138	49	65
ENSMUSG00000063163	0	0	0	1	0	0
ENSMUSG00000063314	4	8	0	18	12	6
ENSMUSG00000063388	0	0	0	1	0	0
ENSMUSG00000063506	0	1	7	15	3	0
ENSMUSG00000063522	0	0	1	0	0	0
ENSMUSG00000063582	0	3	2	0	0	23
ENSMUSG00000063672	0	1	0	0	0	0
ENSMUSG00000063681	0	1	0	0	0	0
ENSMUSG00000063751	0	0	1	0	0	0
ENSMUSG00000063827	0	0	0	0	0	0
ENSMUSG00000063838	44	56	113	71	79	30
ENSMUSG00000063851	0	1	0	0	0	0
ENSMUSG00000063952	596	1748	498	10112	1156	2268
ENSMUSG00000063971	0	0	0	0	1	0
ENSMUSG00000064032	36	3	13	65	65	18
ENSMUSG00000064202	2	0	1	29	4	1
ENSMUSG00000064223	0	1	0	0	0	0
ENSMUSG00000064259	0	0	0	0	0	0
ENSMUSG00000064307	8	0	7	10	23	3
ENSMUSG00000064308	0	1	0	0	0	0
ENSMUSG00000064344	0	0	1	0	0	0
ENSMUSG00000064348	2	2	8	1	1	1
ENSMUSG00000064353	0	0	0	0	0	0
ENSMUSG00000064371	0	1	0	0	0	0
ENSMUSG00000064387	0	0	0	0	0	0
ENSMUSG00000064409	0	0	1	1	0	0
ENSMUSG00000064455	0	0	1	0	0	0
ENSMUSG00000064472	1	0	0	0	0	0
ENSMUSG00000064517	0	0	0	0	0	0
ENSMUSG00000064554	0	0	0	0	0	0
ENSMUSG00000064580	0	0	0	1	0	0
ENSMUSG00000064582	0	0	0	0	1	0
ENSMUSG00000064595	0	0	1	0	0	0
ENSMUSG00000064597	0	1	0	0	0	0
ENSMUSG00000064617	0	1	0	0	0	0
ENSMUSG00000064622	0	0	0	0	1	0
ENSMUSG00000064624	0	0	0	0	0	1
ENSMUSG00000064669	0	0	0	1	0	0
ENSMUSG00000064682	1	0	0	0	0	0
ENSMUSG00000064714	0	0	0	0	0	0
ENSMUSG00000064777	0	0	0	0	0	0
ENSMUSG00000064779	1	0	0	0	0	0
ENSMUSG00000064814	0	1	0	0	0	0
ENSMUSG00000064823	0	0	0	0	1	0
ENSMUSG00000064850	0	0	0	0	0	1
ENSMUSG00000064853	0	0	0	1	0	0
ENSMUSG00000064857	1	0	0	0	0	0
ENSMUSG00000064871	13	4	10	18	13	11
ENSMUSG00000064904	0	0	0	1	0	0
ENSMUSG00000064949	0	0	0	0	0	0
ENSMUSG00000064970	0	0	0	0	0	0
ENSMUSG00000064987	0	0	0	0	0	0
ENSMUSG00000065044	1	0	0	0	0	0
ENSMUSG00000065057	0	0	0	0	0	1
ENSMUSG00000065070	0	0	0	0	0	1
ENSMUSG00000065107	0	1	0	0	0	0
ENSMUSG00000065110	0	0	0	1	0	0
ENSMUSG00000065141	0	0	0	1	0	0
ENSMUSG00000065155	0	0	0	0	1	0
ENSMUSG00000065187	0	0	1	0	0	0
ENSMUSG00000065204	0	0	1	0	0	0
ENSMUSG00000065242	0	0	0	0	0	0
ENSMUSG00000065248	0	0	0	0	0	0
ENSMUSG00000065254	0	0	0	0	0	0
ENSMUSG00000065283	0	0	0	0	0	0
ENSMUSG00000065304	0	0	0	0	1	0
ENSMUSG00000065360	0	1	0	0	0	0
ENSMUSG00000065387	0	0	0	1	0	0
ENSMUSG00000065396	0	0	0	0	1	0
ENSMUSG00000065410	0	0	1	0	0	0
ENSMUSG00000065418	0	0	1	0	0	0
ENSMUSG00000065431	0	0	0	0	1	0
ENSMUSG00000065440	1	0	0	0	0	0
ENSMUSG00000065444	1	0	0	0	0	0
ENSMUSG00000065448	0	1	0	0	0	0
ENSMUSG00000065466	0	0	0	0	0	0
ENSMUSG00000065497	0	0	0	0	0	0
ENSMUSG00000065505	0	0	1	0	0	0
ENSMUSG00000065509	0	0	0	0	1	0
ENSMUSG00000065513	0	0	0	1	0	0
ENSMUSG00000065519	0	0	0	1	0	0
ENSMUSG00000065521	1	0	0	0	0	1
ENSMUSG00000065528	0	0	0	1	0	0
ENSMUSG00000065537	0	0	0	0	0	0
ENSMUSG00000065544	0	0	0	0	0	0
ENSMUSG00000065547	0	0	0	0	1	0
ENSMUSG00000065561	0	0	0	1	0	0
ENSMUSG00000065562	0	0	0	0	0	0
ENSMUSG00000065570	1	0	0	0	0	0
ENSMUSG00000065573	0	1	0	0	0	0
ENSMUSG00000065593	1	0	0	0	0	0
ENSMUSG00000065617	0	0	0	1	0	0
ENSMUSG00000065658	0	0	0	1	0	0
ENSMUSG00000065673	0	0	0	0	1	0
ENSMUSG00000065708	0	0	0	1	0	0
ENSMUSG00000065738	12	1	11	45	22	15
ENSMUSG00000065792	0	0	0	0	1	0
ENSMUSG00000065798	0	0	0	1	0	0
ENSMUSG00000065799	0	0	1	0	0	0
ENSMUSG00000065806	0	0	0	1	0	0
ENSMUSG00000065820	0	0	0	0	1	0
ENSMUSG00000065824	0	0	0	0	0	0
ENSMUSG00000065836	0	0	0	0	1	0
ENSMUSG00000065851	0	0	0	0	1	0
ENSMUSG00000065919	0	0	0	1	0	0
ENSMUSG00000065987	0	1	0	0	0	0
ENSMUSG00000066009	0	0	1	0	0	0
ENSMUSG00000066027	1	0	0	0	0	0
ENSMUSG00000066060	1	28	1	67	0	24
ENSMUSG00000066072	0	0	0	0	0	1
ENSMUSG00000066108	1	0	0	0	0	0
ENSMUSG00000066258	0	1	0	0	0	0
ENSMUSG00000066278	110	15	116	372	202	69
ENSMUSG00000066279	0	0	0	1	0	0
ENSMUSG00000066364	0	0	0	1	0	0
ENSMUSG00000066438	7	0	3	15	12	2
ENSMUSG00000066443	0	1	0	0	0	0
ENSMUSG00000066457	0	0	0	1	0	0
ENSMUSG00000066489	0	0	0	1	0	0
ENSMUSG00000066513	1	0	0	0	0	0
ENSMUSG00000066515	0	0	0	0	1	0
ENSMUSG00000066568	1389	799	1680	4076	2033	1295
ENSMUSG00000066571	52	11	81	329	154	46
ENSMUSG00000066677	0	0	1	0	0	0
ENSMUSG00000066687	10	1	9	55	36	5
ENSMUSG00000066693	0	0	0	1	0	0
ENSMUSG00000066704	0	0	1	0	0	0
ENSMUSG00000066767	0	0	0	0	0	1
ENSMUSG00000066897	0	0	0	0	0	0
ENSMUSG00000066958	0	0	1	0	0	0
ENSMUSG00000066975	1	7	2	6	2	3
ENSMUSG00000067006	0	0	0	1	0	0
ENSMUSG00000067017	27	3	17	82	51	15
ENSMUSG00000067149	13	0	3	11	9	1
ENSMUSG00000067338	0	0	1	0	0	0
ENSMUSG00000067575	0	0	0	1	0	0
ENSMUSG00000067578	0	0	1	0	0	0
ENSMUSG00000067604	0	0	0	0	0	0
ENSMUSG00000067614	0	1	0	0	0	0
ENSMUSG00000067714	11	2	9	59	24	5
ENSMUSG00000067722	519	551	687	1175	794	527
ENSMUSG00000067795	1	0	0	0	0	0
ENSMUSG00000067869	49	16	60	448	110	40
ENSMUSG00000067909	0	0	0	0	0	0
ENSMUSG00000068099	0	0	0	1	0	0
ENSMUSG00000068154	0	0	0	1	0	0
ENSMUSG00000068167	0	0	0	1	0	0
ENSMUSG00000068220	1650	7072	2425	26029	2340	8016
ENSMUSG00000068246	0	0	0	1	0	0
ENSMUSG00000068259	0	0	0	1	0	0
ENSMUSG00000068302	0	0	0	1	0	0
ENSMUSG00000068303	16	12	0	13	9	0
ENSMUSG00000068323	1	53	1	494	2	118
ENSMUSG00000068407	0	0	0	1	0	0
ENSMUSG00000068452	0	0	0	1	0	0
ENSMUSG00000068457	0	1	194	0	0	116
ENSMUSG00000068606	0	0	0	1	0	0
ENSMUSG00000068614	2	10	4	15	98	2
ENSMUSG00000068699	58	28	54	121	154	7
ENSMUSG00000068706	165	267	211	298	242	234
ENSMUSG00000068742	774	99	488	679	1385	131
ENSMUSG00000068748	0	0	0	0	1	0
ENSMUSG00000068762	23	17	55	103	1	4
ENSMUSG00000068776	0	0	0	0	0	0
ENSMUSG00000068859	0	0	0	0	0	1
ENSMUSG00000068876	573	39	298	655	784	63
ENSMUSG00000069014	1	2	0	0	0	0
ENSMUSG00000069045	0	2	565	0	0	285
ENSMUSG00000069049	0	1	917	0	0	556
ENSMUSG00000069132	0	0	0	1	0	0
ENSMUSG00000069170	3	0	4	4	5	1
ENSMUSG00000069196	0	0	1	0	0	0
ENSMUSG00000069274	3	8	0	29	4	6
ENSMUSG00000069292	1	0	0	0	0	0
ENSMUSG00000069385	0	0	0	0	0	0
ENSMUSG00000069518	0	0	0	1	0	0
ENSMUSG00000069601	371	64	451	343	640	32
ENSMUSG00000069733	0	0	1	0	0	0
ENSMUSG00000069814	1413	83	1069	388	1770	121
ENSMUSG00000069833	596	75	646	487	980	75
ENSMUSG00000069862	5	139	9	20	6	3
ENSMUSG00000069917	50	1724	15	40	1179	68
ENSMUSG00000069925	0	0	0	1	0	0
ENSMUSG00000069971	0	0	0	0	0	0
ENSMUSG00000069998	0	0	0	0	1	0
ENSMUSG00000070130	0	0	0	1	0	0
ENSMUSG00000070141	1	0	0	0	0	0
ENSMUSG00000070315	113	81	105	438	144	102
ENSMUSG00000070324	0	1	0	0	0	0
ENSMUSG00000070379	0	0	0	1	0	0
ENSMUSG00000070388	0	0	0	1	0	0
ENSMUSG00000070407	201	110	297	552	335	96
ENSMUSG00000070424	9	0	12	11	16	0
ENSMUSG00000070438	0	0	1	0	0	0
ENSMUSG00000070471	0	0	0	1	0	0
ENSMUSG00000070527	9	5	2	21	12	0
ENSMUSG00000070532	0	0	0	0	1	0
ENSMUSG00000070564	0	0	1	0	0	0
ENSMUSG00000070583	31	2	24	121	52	20
ENSMUSG00000070641	0	0	0	1	0	0
ENSMUSG00000070708	0	0	0	1	0	0
ENSMUSG00000070720	9	0	5	22	8	3
ENSMUSG00000070732	0	0	0	1	0	0
ENSMUSG00000070802	11	1	14	6	27	1
ENSMUSG00000070811	0	1	0	0	0	0
ENSMUSG00000070866	0	1	0	0	0	0
ENSMUSG00000070983	0	1	0	0	0	0
ENSMUSG00000071036	1	0	0	0	0	0
ENSMUSG00000071089	0	0	0	1	0	0
ENSMUSG00000071237	0	0	0	1	0	0
ENSMUSG00000071262	0	0	0	1	0	0
ENSMUSG00000071302	116	48	113	148	135	70
ENSMUSG00000071361	1	0	0	0	0	0
ENSMUSG00000071456	16	3	23	57	61	10
ENSMUSG00000071665	1	0	0	0	0	0
ENSMUSG00000071719	0	0	0	1	0	0
ENSMUSG00000071793	9	2	7	21	24	5
ENSMUSG00000072259	0	0	0	0	0	0
ENSMUSG00000072295	0	1	0	0	0	0
ENSMUSG00000072419	0	0	0	0	1	0
ENSMUSG00000072437	9	63	10	184	7	74
ENSMUSG00000072460	0	0	0	0	1	0
ENSMUSG00000072553	0	0	0	0	1	0
ENSMUSG00000072589	0	0	0	0	1	0
ENSMUSG00000072591	0	0	0	1	0	0
ENSMUSG00000072596	250	13	23	173	276	45
ENSMUSG00000072601	207	3	8	149	258	43
ENSMUSG00000072612	1	0	0	23	8	2
ENSMUSG00000072680	0	0	0	1	0	0
ENSMUSG00000072731	0	0	0	1	0	0
ENSMUSG00000072878	0	0	0	0	0	0
ENSMUSG00000072900	0	0	1	0	0	0
ENSMUSG00000072905	1	0	0	0	0	0
ENSMUSG00000072950	0	0	1	0	0	0
ENSMUSG00000073000	4	5	26	2	43	6
ENSMUSG00000073001	0	0	1	0	0	0
ENSMUSG00000073012	0	0	0	0	0	0
ENSMUSG00000073016	7	0	17	34	7	2
ENSMUSG00000073060	0	0	0	0	0	1
ENSMUSG00000073079	34	6	19	215	45	17
ENSMUSG00000073094	0	1	0	0	0	0
ENSMUSG00000073174	0	0	1	0	0	0
ENSMUSG00000073184	0	0	0	0	1	0
ENSMUSG00000073234	19	4	18	6	24	0
ENSMUSG00000073290	0	1	0	0	0	0
ENSMUSG00000073408	1	0	0	0	0	0
ENSMUSG00000073494	0	0	0	1	0	0
ENSMUSG00000073538	58	2	38	10	34	3
ENSMUSG00000073559	6	12	6	17	0	2
ENSMUSG00000073598	10	2	4	5	5	2
ENSMUSG00000073608	0	0	0	0	1	0
ENSMUSG00000073656	1	0	0	0	0	0
ENSMUSG00000073679	0	0	0	0	0	1
ENSMUSG00000073722	1	0	0	0	0	0
ENSMUSG00000073730	1	0	0	0	0	0
ENSMUSG00000073739	0	0	0	1	0	0
ENSMUSG00000073768	0	0	0	1	0	0
ENSMUSG00000073803	18	0	6	2	19	2
ENSMUSG00000073843	0	0	1	0	0	0
ENSMUSG00000073888	0	12	12	0	0	23
ENSMUSG00000073893	0	0	0	0	0	0
ENSMUSG00000073902	0	0	25	1	1	5
ENSMUSG00000073916	0	0	0	0	0	1
ENSMUSG00000073940	101	5682	130	1230	108	2600
ENSMUSG00000073944	0	0	0	0	0	0
ENSMUSG00000073945	0	0	0	0	0	0
ENSMUSG00000073966	0	0	0	0	0	1
ENSMUSG00000073969	0	0	1	0	0	0
ENSMUSG00000073977	0	0	0	0	0	1
ENSMUSG00000073980	0	0	0	0	0	1
ENSMUSG00000074029	0	0	0	0	0	0
ENSMUSG00000074067	0	0	0	0	1	0
ENSMUSG00000074111	0	0	0	0	1	0
ENSMUSG00000074113	0	0	0	1	0	0
ENSMUSG00000074146	1	0	0	0	0	0
ENSMUSG00000074179	0	0	0	0	1	0
ENSMUSG00000074203	4	74	4	152	4	62
ENSMUSG00000074218	21	12	38	26	31	7
ENSMUSG00000074232	0	0	0	0	0	1
ENSMUSG00000074240	0	0	0	0	1	0
ENSMUSG00000074243	44	4	33	82	95	13
ENSMUSG00000074274	2	8	6	50	3	22
ENSMUSG00000074322	0	0	0	0	0	0
ENSMUSG00000074361	36	5	27	117	75	31
ENSMUSG00000074365	0	0	0	0	1	0
ENSMUSG00000074388	16	1	24	4	20	0
ENSMUSG00000074397	0	1	0	0	0	0
ENSMUSG00000074417	5	0	1	9	6	6
ENSMUSG00000074435	0	0	1	0	0	0
ENSMUSG00000074482	3	0	7	45	9	6
ENSMUSG00000074577	1493	84	1335	274	2288	50
ENSMUSG00000074591	0	0	0	1	0	0
ENSMUSG00000074595	1	0	0	0	0	0
ENSMUSG00000074628	0	0	1	0	0	0
ENSMUSG00000074629	10	0	6	29	15	2
ENSMUSG00000074650	0	0	0	0	1	0
ENSMUSG00000074657	12	3	9	12	15	0
ENSMUSG00000074671	37	49	61	110	54	46
ENSMUSG00000074681	0	0	0	0	1	0
ENSMUSG00000074734	1	0	0	0	0	0
ENSMUSG00000074743	33	11	70	86	51	7
ENSMUSG00000074758	1	0	0	0	0	0
ENSMUSG00000074764	0	0	1	0	0	0
ENSMUSG00000074771	0	0	0	0	1	0
ENSMUSG00000074805	115	1	47	8	133	2
ENSMUSG00000074812	0	0	0	1	0	0
ENSMUSG00000074923	209	26	194	176	392	22
ENSMUSG00000074968	0	0	0	1	0	0
ENSMUSG00000074971	3	0	7	5	19	0
ENSMUSG00000074999	0	0	0	1	0	0
ENSMUSG00000075006	0	0	0	0	0	0
ENSMUSG00000075014	1	9	0	13	5	1
ENSMUSG00000075042	0	0	0	0	1	0
ENSMUSG00000075064	0	1	0	0	0	0
ENSMUSG00000075121	0	1	0	0	0	0
ENSMUSG00000075184	5	126	2	606	5	194
ENSMUSG00000075215	0	0	0	1	0	0
ENSMUSG00000075271	37	10	45	47	46	15
ENSMUSG00000075276	1	12	2	6	0	2
ENSMUSG00000075277	1	0	0	0	0	0
ENSMUSG00000075297	0	0	0	9	4	0
ENSMUSG00000075307	1	1	0	7	20	1
ENSMUSG00000075390	0	0	1	0	0	0
ENSMUSG00000075431	0	0	0	0	0	0
ENSMUSG00000075478	0	0	0	0	1	0
ENSMUSG00000075480	0	0	0	1	0	0
ENSMUSG00000075573	1	0	0	0	0	0
ENSMUSG00000075574	0	1	0	0	0	0
ENSMUSG00000075591	0	0	0	1	0	0
ENSMUSG00000075592	18	3	48	63	40	12
ENSMUSG00000075604	0	0	0	0	1	0
ENSMUSG00000075611	1	0	0	0	0	0
ENSMUSG00000076011	0	0	0	0	0	1
ENSMUSG00000076039	0	0	1	0	0	0
ENSMUSG00000076050	0	0	1	0	0	0
ENSMUSG00000076123	0	0	0	1	0	0
ENSMUSG00000076218	0	0	0	1	0	0
ENSMUSG00000076240	0	0	1	0	0	0
ENSMUSG00000076269	0	0	0	0	1	0
ENSMUSG00000076320	0	0	0	1	0	0
ENSMUSG00000076434	2	7	5	45	7	15
ENSMUSG00000076438	1	0	0	0	0	0
ENSMUSG00000076460	0	0	0	1	0	0
ENSMUSG00000076461	0	0	1	0	0	0
ENSMUSG00000076490	115	56	85	119	147	6
ENSMUSG00000076494	0	0	0	0	1	0
ENSMUSG00000076497	0	0	0	0	0	1
ENSMUSG00000076576	0	0	0	0	1	0
ENSMUSG00000076604	0	0	0	1	0	0
ENSMUSG00000076607	0	0	0	0	1	0
ENSMUSG00000076608	0	0	0	0	1	0
ENSMUSG00000076614	0	0	0	0	1	0
ENSMUSG00000076618	1	0	0	0	0	0
ENSMUSG00000076620	0	0	0	1	0	0
ENSMUSG00000076677	0	0	0	0	0	0
ENSMUSG00000076747	1	0	0	0	0	0
ENSMUSG00000076867	0	0	0	1	0	0
ENSMUSG00000076907	0	0	0	1	0	0
ENSMUSG00000077019	0	0	0	0	0	0
ENSMUSG00000077050	0	0	0	1	0	0
ENSMUSG00000077065	0	0	1	0	0	0
ENSMUSG00000077082	0	0	0	0	1	0
ENSMUSG00000077104	0	0	0	0	0	0
ENSMUSG00000077200	0	0	0	0	1	0
ENSMUSG00000077202	4	0	2	2	0	0
ENSMUSG00000077227	0	1	0	0	0	0
ENSMUSG00000077250	1	0	0	0	0	0
ENSMUSG00000077255	0	0	0	0	0	0
ENSMUSG00000077260	0	0	0	0	0	0
ENSMUSG00000077271	1	0	0	0	0	0
ENSMUSG00000077274	0	0	0	0	1	0
ENSMUSG00000077283	0	0	1	0	0	0
ENSMUSG00000077285	1	0	7	24	8	7
ENSMUSG00000077342	0	0	0	0	0	0
ENSMUSG00000077359	0	0	0	0	0	0
ENSMUSG00000077360	0	0	0	1	0	0
ENSMUSG00000077419	0	0	0	0	0	0
ENSMUSG00000077428	0	0	0	0	0	0
ENSMUSG00000077438	0	0	0	0	0	0
ENSMUSG00000077463	0	0	0	0	0	0
ENSMUSG00000077505	0	0	0	0	2	1
ENSMUSG00000077506	15	2	10	100	10	12
ENSMUSG00000077511	0	0	0	0	0	0
ENSMUSG00000077526	1	0	0	0	0	0
ENSMUSG00000077542	0	0	0	1	0	0
ENSMUSG00000077545	1	0	0	0	0	0
ENSMUSG00000077549	0	0	0	0	0	1
ENSMUSG00000077564	1	0	0	0	0	0
ENSMUSG00000077621	1	0	0	0	0	0
ENSMUSG00000077660	0	0	0	0	0	0
ENSMUSG00000077683	1	0	0	0	0	0
ENSMUSG00000077689	0	0	0	1	0	0
ENSMUSG00000077696	0	0	0	0	0	0
ENSMUSG00000077736	0	0	0	0	0	0
ENSMUSG00000077804	0	1	0	0	0	0
ENSMUSG00000077890	1	0	0	0	0	0
ENSMUSG00000077892	0	0	0	1	0	0
ENSMUSG00000077938	0	0	0	0	1	0
ENSMUSG00000077939	0	0	0	0	0	0
ENSMUSG00000077981	0	0	0	0	0	0
ENSMUSG00000078034	0	0	0	1	0	0
ENSMUSG00000078042	0	0	0	0	0	0
ENSMUSG00000078137	14	2	9	6	6	5
ENSMUSG00000078141	0	0	1	0	0	0
ENSMUSG00000078143	1	1	0	11	0	1
ENSMUSG00000078154	73	57	84	340	104	85
ENSMUSG00000078234	7	0	8	61	22	0
ENSMUSG00000078247	28	3	21	45	49	6
ENSMUSG00000078300	0	1	0	0	0	0
ENSMUSG00000078302	0	0	0	0	1	0
ENSMUSG00000078487	0	0	0	0	1	0
ENSMUSG00000078494	0	0	0	1	0	0
ENSMUSG00000078554	1	4	1	7	2	0
ENSMUSG00000078566	575	35	604	105	746	42
ENSMUSG00000078588	10	2	5	63	16	9
ENSMUSG00000078591	0	0	0	0	1	0
ENSMUSG00000078601	0	0	0	1	0	0
ENSMUSG00000078607	23	4	17	37	18	9
ENSMUSG00000078627	0	0	0	1	0	0
ENSMUSG00000078650	0	1	0	0	0	0
ENSMUSG00000078686	0	0	0	0	0	0
ENSMUSG00000078722	0	0	0	1	0	0
ENSMUSG00000078796	0	0	0	0	1	0
ENSMUSG00000078816	9	1	4	15	11	0
ENSMUSG00000078889	0	1	0	0	0	0
ENSMUSG00000078906	0	0	0	0	1	0
ENSMUSG00000078925	0	0	0	0	1	0
ENSMUSG00000078931	5	1	7	14	9	4
ENSMUSG00000078932	0	0	0	1	0	0
ENSMUSG00000078963	1	0	0	3	2	2
ENSMUSG00000078964	0	0	0	0	0	1
ENSMUSG00000079008	0	0	0	1	0	0
ENSMUSG00000079025	0	0	0	0	0	0
ENSMUSG00000079045	8	2	6	13	10	3
ENSMUSG00000079049	0	0	1	0	0	0
ENSMUSG00000079053	0	0	0	1	0	0
ENSMUSG00000079061	0	0	0	0	1	0
ENSMUSG00000079105	0	0	0	0	1	0
ENSMUSG00000079120	0	0	0	0	1	0
ENSMUSG00000079138	0	0	0	1	0	0
ENSMUSG00000079164	7	1	7	21	12	0
ENSMUSG00000079175	0	0	0	0	0	0
ENSMUSG00000079180	0	0	0	0	0	0
ENSMUSG00000079260	11	2	14	71	26	8
ENSMUSG00000079263	0	0	0	0	0	0
ENSMUSG00000079323	13	0	13	10	29	3
ENSMUSG00000079391	1	0	0	0	0	0
ENSMUSG00000079396	1	0	0	0	0	0
ENSMUSG00000079410	1	0	0	0	0	0
ENSMUSG00000079415	1	1	0	19	3	6
ENSMUSG00000079460	0	0	0	0	0	0
ENSMUSG00000079487	481	87	440	2289	1539	255
ENSMUSG00000079501	1	0	0	0	0	0
ENSMUSG00000079546	0	0	0	0	0	1
ENSMUSG00000079564	0	0	1	0	0	0
ENSMUSG00000079575	12	2	16	71	30	7
ENSMUSG00000079595	0	0	1	0	0	0
ENSMUSG00000079625	0	0	0	1	0	0
ENSMUSG00000079639	0	0	0	0	0	0
ENSMUSG00000079679	0	0	0	0	1	0
ENSMUSG00000079697	1	0	0	0	0	0
ENSMUSG00000079963	0	0	0	1	0	0
ENSMUSG00000079965	0	17	1	6	3	0
ENSMUSG00000079993	0	0	0	0	0	1
ENSMUSG00000080078	0	0	0	0	1	0
ENSMUSG00000080142	0	1	0	0	0	0
ENSMUSG00000080186	0	0	0	1	0	0
ENSMUSG00000080241	0	0	0	0	0	0
ENSMUSG00000080283	0	0	0	0	1	0
ENSMUSG00000080406	1	0	0	0	0	0
ENSMUSG00000080437	0	0	0	0	0	0
ENSMUSG00000080454	0	0	0	1	0	0
ENSMUSG00000080468	0	1	0	0	0	0
ENSMUSG00000080543	0	0	0	0	0	0
ENSMUSG00000080655	0	0	0	0	0	0
ENSMUSG00000080744	1	0	0	0	0	0
ENSMUSG00000080747	0	0	1	0	0	0
ENSMUSG00000080791	0	0	0	1	0	0
ENSMUSG00000080794	0	0	0	0	0	0
ENSMUSG00000080818	1	0	0	0	0	0
ENSMUSG00000080831	0	0	0	0	1	0
ENSMUSG00000080865	0	0	1	0	0	0
ENSMUSG00000080869	0	0	0	1	0	0
ENSMUSG00000080876	0	0	0	0	0	0
ENSMUSG00000080880	0	0	0	0	1	0
ENSMUSG00000080885	1	24	3	0	3	0
ENSMUSG00000080913	0	0	0	0	1	0
ENSMUSG00000080914	12	0	13	10	13	4
ENSMUSG00000080916	0	0	0	1	0	0
ENSMUSG00000080942	0	0	0	1	0	0
ENSMUSG00000080944	2	33	1	1	1	5
ENSMUSG00000080965	0	1	0	0	0	0
ENSMUSG00000080974	5	1	4	11	1	5
ENSMUSG00000081016	1	0	0	0	0	0
ENSMUSG00000081043	1	0	0	0	0	0
ENSMUSG00000081045	0	0	0	0	0	0
ENSMUSG00000081054	0	0	0	1	0	0
ENSMUSG00000081078	1	0	0	0	0	0
ENSMUSG00000081098	0	0	0	0	0	0
ENSMUSG00000081136	0	6	4	15	0	0
ENSMUSG00000081151	0	0	0	1	0	0
ENSMUSG00000081161	0	0	1	0	0	0
ENSMUSG00000081167	0	9	1	0	0	0
ENSMUSG00000081168	0	1	0	0	0	0
ENSMUSG00000081188	0	0	0	0	0	0
ENSMUSG00000081194	0	0	0	1	0	0
ENSMUSG00000081227	11	0	12	18	21	3
ENSMUSG00000081230	0	1	0	0	0	0
ENSMUSG00000081243	0	0	0	1	0	0
ENSMUSG00000081244	2	0	3	23	5	2
ENSMUSG00000081248	1	0	0	0	0	0
ENSMUSG00000081256	0	0	0	2	0	0
ENSMUSG00000081257	0	1	0	0	0	0
ENSMUSG00000081258	1	0	0	0	0	0
ENSMUSG00000081278	1	0	0	0	0	0
ENSMUSG00000081282	0	0	0	0	0	0
ENSMUSG00000081284	0	0	1	0	0	0
ENSMUSG00000081316	0	0	0	1	0	0
ENSMUSG00000081336	0	0	0	0	0	0
ENSMUSG00000081353	0	0	0	0	1	0
ENSMUSG00000081355	36	4	22	23	76	4
ENSMUSG00000081357	0	0	0	0	1	0
ENSMUSG00000081367	0	0	0	0	0	0
ENSMUSG00000081381	1	0	0	0	0	0
ENSMUSG00000081390	0	0	0	1	0	0
ENSMUSG00000081440	0	0	0	0	0	1
ENSMUSG00000081460	0	0	0	1	0	0
ENSMUSG00000081480	3	1	0	1	0	0
ENSMUSG00000081488	1	0	1	1	0	0
ENSMUSG00000081490	0	0	0	1	0	0
ENSMUSG00000081516	11	1	6	50	19	4
ENSMUSG00000081540	12	0	10	23	20	2
ENSMUSG00000081541	0	0	0	0	1	0
ENSMUSG00000081550	0	0	0	0	0	1
ENSMUSG00000081583	5	0	0	11	6	1
ENSMUSG00000081584	0	0	0	0	0	1
ENSMUSG00000081585	0	0	0	1	0	0
ENSMUSG00000081588	0	0	0	0	1	0
ENSMUSG00000081622	3	4	2	6	2	1
ENSMUSG00000081632	0	0	1	0	0	0
ENSMUSG00000081650	1	0	0	0	0	0
ENSMUSG00000081660	0	0	0	0	0	1
ENSMUSG00000081661	0	0	1	0	0	0
ENSMUSG00000081663	1	0	0	0	0	0
ENSMUSG00000081664	0	0	0	0	1	0
ENSMUSG00000081673	0	1	0	0	0	0
ENSMUSG00000081690	0	0	0	0	1	0
ENSMUSG00000081691	0	0	0	0	1	0
ENSMUSG00000081694	0	0	0	0	0	0
ENSMUSG00000081696	0	0	0	0	1	0
ENSMUSG00000081707	0	0	1	0	0	0
ENSMUSG00000081719	0	0	0	1	0	0
ENSMUSG00000081724	0	0	0	1	0	0
ENSMUSG00000081745	1	0	0	0	0	0
ENSMUSG00000081748	0	0	0	1	0	0
ENSMUSG00000081752	69	47	98	254	134	72
ENSMUSG00000081757	0	0	0	1	0	0
ENSMUSG00000081763	1	0	0	0	0	0
ENSMUSG00000081787	14	0	11	41	29	15
ENSMUSG00000081789	1	0	0	0	0	0
ENSMUSG00000081793	0	0	0	1	0	0
ENSMUSG00000081796	0	0	0	0	0	0
ENSMUSG00000081798	2	0	0	18	4	3
ENSMUSG00000081801	1	0	0	0	0	0
ENSMUSG00000081823	0	0	0	0	1	0
ENSMUSG00000081824	3	6	0	15	0	3
ENSMUSG00000081838	0	0	0	1	0	0
ENSMUSG00000081848	0	1	0	0	0	0
ENSMUSG00000081856	0	0	0	0	0	0
ENSMUSG00000081866	1	0	0	0	0	0
ENSMUSG00000081871	6	3	7	66	26	8
ENSMUSG00000081875	0	0	0	0	1	0
ENSMUSG00000081877	0	0	0	0	0	0
ENSMUSG00000081883	0	0	0	0	1	0
ENSMUSG00000081896	0	1	0	0	0	0
ENSMUSG00000081903	0	0	0	0	0	0
ENSMUSG00000081906	0	0	0	1	0	0
ENSMUSG00000081945	0	0	0	0	1	0
ENSMUSG00000081948	0	1	0	0	0	0
ENSMUSG00000081965	0	2	3	25	9	8
ENSMUSG00000081972	0	1	0	0	0	0
ENSMUSG00000081995	0	0	0	1	0	0
ENSMUSG00000082002	0	0	1	0	0	0
ENSMUSG00000082007	0	0	0	0	1	0
ENSMUSG00000082008	0	0	0	0	1	0
ENSMUSG00000082011	0	0	0	0	0	0
ENSMUSG00000082031	0	0	0	1	0	0
ENSMUSG00000082032	3	4	0	16	0	0
ENSMUSG00000082037	0	0	0	0	0	0
ENSMUSG00000082039	0	0	0	0	0	1
ENSMUSG00000082043	0	1	0	0	0	0
ENSMUSG00000082090	1	0	0	0	0	0
ENSMUSG00000082106	0	0	0	0	0	0
ENSMUSG00000082130	0	1	0	0	0	0
ENSMUSG00000082134	0	0	1	0	0	0
ENSMUSG00000082148	2	0	0	0	0	0
ENSMUSG00000082197	0	0	1	0	0	0
ENSMUSG00000082202	0	0	0	0	1	0
ENSMUSG00000082210	0	0	0	0	1	0
ENSMUSG00000082216	0	0	0	0	0	0
ENSMUSG00000082228	0	0	0	1	0	0
ENSMUSG00000082235	0	0	0	1	0	0
ENSMUSG00000082245	0	0	0	1	0	0
ENSMUSG00000082250	0	0	0	0	1	0
ENSMUSG00000082253	25	23	43	553	63	35
ENSMUSG00000082254	0	0	0	1	0	0
ENSMUSG00000082258	0	0	0	1	0	0
ENSMUSG00000082276	0	0	0	0	1	0
ENSMUSG00000082312	0	0	0	0	1	0
ENSMUSG00000082313	0	0	0	0	0	0
ENSMUSG00000082318	0	0	0	1	0	0
ENSMUSG00000082334	0	0	0	1	0	0
ENSMUSG00000082339	0	1	0	0	0	0
ENSMUSG00000082374	0	0	0	0	0	1
ENSMUSG00000082381	5	0	5	25	19	2
ENSMUSG00000082397	0	0	0	0	0	0
ENSMUSG00000082398	0	0	0	0	0	1
ENSMUSG00000082407	0	0	1	0	0	0
ENSMUSG00000082413	1	0	0	0	0	0
ENSMUSG00000082446	0	0	1	0	0	0
ENSMUSG00000082455	0	1	0	0	0	0
ENSMUSG00000082478	0	0	1	0	0	0
ENSMUSG00000082485	1	0	0	0	0	0
ENSMUSG00000082513	0	0	0	0	1	0
ENSMUSG00000082515	0	0	0	0	0	1
ENSMUSG00000082526	0	0	0	0	0	0
ENSMUSG00000082534	9	2	0	13	9	1
ENSMUSG00000082542	1	0	0	0	0	0
ENSMUSG00000082549	0	1	0	0	0	0
ENSMUSG00000082569	0	0	0	0	0	0
ENSMUSG00000082570	0	0	0	0	0	1
ENSMUSG00000082589	0	0	0	0	1	0
ENSMUSG00000082600	0	0	0	0	0	1
ENSMUSG00000082617	0	0	20	2	0	0
ENSMUSG00000082626	0	12	2	7	0	1
ENSMUSG00000082630	0	0	0	0	1	0
ENSMUSG00000082648	0	0	0	0	0	0
ENSMUSG00000082649	0	0	0	1	0	0
ENSMUSG00000082662	0	0	0	0	0	1
ENSMUSG00000082666	0	0	0	0	0	0
ENSMUSG00000082671	0	0	0	1	0	0
ENSMUSG00000082683	0	0	1	0	0	0
ENSMUSG00000082687	1	0	0	0	0	0
ENSMUSG00000082688	0	0	0	1	0	0
ENSMUSG00000082692	0	0	0	0	1	0
ENSMUSG00000082699	0	0	0	1	0	0
ENSMUSG00000082706	26	10	26	498	70	14
ENSMUSG00000082707	0	0	0	1	0	0
ENSMUSG00000082709	0	3	1	2	1	0
ENSMUSG00000082816	10	3	9	11	1	0
ENSMUSG00000082901	1	23	7	36	2	4
ENSMUSG00000082938	3	8	0	14	12	10
ENSMUSG00000082958	0	0	0	0	0	0
ENSMUSG00000082961	1	0	0	0	0	0
ENSMUSG00000082988	56	4	35	153	111	34
ENSMUSG00000083005	0	0	0	0	0	0
ENSMUSG00000083018	0	0	0	0	0	0
ENSMUSG00000083064	23	1	26	8	45	3
ENSMUSG00000083103	0	0	0	0	0	0
ENSMUSG00000083218	13	2	18	127	43	14
ENSMUSG00000083240	2	48	155	154	3	90
ENSMUSG00000083246	3	1	0	8	6	2
ENSMUSG00000083253	17	6	34	87	29	5
ENSMUSG00000083282	71	307	77	1330	120	354
ENSMUSG00000083365	0	0	0	0	0	0
ENSMUSG00000083371	0	0	0	0	0	0
ENSMUSG00000083397	0	6	2	23	1	4
ENSMUSG00000083416	2	0	0	12	0	0
ENSMUSG00000083457	7	73	9	74	8	54
ENSMUSG00000083465	6	0	10	39	8	5
ENSMUSG00000083524	0	0	0	0	0	0
ENSMUSG00000083558	0	5	7	48	4	6
ENSMUSG00000083580	0	0	0	5	2	0
ENSMUSG00000083599	11	2	5	104	17	6
ENSMUSG00000083681	3	0	5	24	2	4
ENSMUSG00000083819	0	2	1	20	9	1
ENSMUSG00000083930	10	0	16	65	46	6
ENSMUSG00000083998	1	8	2	15	1	2
ENSMUSG00000084129	2	38	4	30	5	2
ENSMUSG00000084260	5	4	8	10	3	6
ENSMUSG00000084314	29	65	58	51	42	38
ENSMUSG00000084323	0	0	0	0	0	0
ENSMUSG00000084326	0	0	0	0	0	0
ENSMUSG00000084405	0	0	0	0	0	0
ENSMUSG00000084417	0	0	0	0	0	0
ENSMUSG00000084520	0	0	0	0	2	0
ENSMUSG00000084530	0	0	0	0	0	0
ENSMUSG00000084583	0	0	0	0	0	0
ENSMUSG00000084686	5	1	1	12	6	2
ENSMUSG00000084747	0	0	0	0	0	0
ENSMUSG00000084756	6	157	4	1075	8	282
ENSMUSG00000084781	6	0	3	7	16	1
ENSMUSG00000084797	12	2	11	6	13	0
ENSMUSG00000084817	75	8	49	19	90	8
ENSMUSG00000084833	13	0	18	9	33	1
ENSMUSG00000084836	0	0	0	0	0	0
ENSMUSG00000084854	0	0	0	0	0	0
ENSMUSG00000084862	3	4	1	75	4	9
ENSMUSG00000084911	10	0	10	21	18	0
ENSMUSG00000084950	8	0	1	8	4	0
ENSMUSG00000084974	6	1	0	6	9	0
ENSMUSG00000085006	138	6	66	35	211	6
ENSMUSG00000085024	13	5	11	15	5	0
ENSMUSG00000085037	26	8	23	68	39	3
ENSMUSG00000085068	0	0	0	0	0	0
ENSMUSG00000085090	0	0	0	0	0	0
ENSMUSG00000085105	20	2	17	19	36	1
ENSMUSG00000085118	1	15	0	129	1	33
ENSMUSG00000085208	588	483	614	1994	943	536
ENSMUSG00000085254	0	0	0	0	0	0
ENSMUSG00000085286	1	0	0	12	5	1
ENSMUSG00000085376	81	8	54	153	122	20
ENSMUSG00000085405	0	0	0	0	0	0
ENSMUSG00000085444	0	0	0	0	0	0
ENSMUSG00000085481	0	0	0	0	0	0
ENSMUSG00000085483	0	4	0	17	0	6
ENSMUSG00000085505	2	5	1	153	2	15
ENSMUSG00000085509	4	1	2	43	5	5
ENSMUSG00000085521	1	1	3	2	6	0
ENSMUSG00000085577	0	0	0	0	0	0
ENSMUSG00000085611	6	1	4	6	8	0
ENSMUSG00000085615	2	1	4	19	10	0
ENSMUSG00000085676	0	0	0	0	0	0
ENSMUSG00000085679	0	0	0	0	0	0
ENSMUSG00000085700	556	23	479	19	523	6
ENSMUSG00000085761	6	32	7	61	2	27
ENSMUSG00000085765	0	0	0	1	0	0
ENSMUSG00000085767	5	0	4	26	17	2
ENSMUSG00000085873	155	13	113	635	363	94
ENSMUSG00000085875	3	0	0	7	9	6
ENSMUSG00000085882	6	0	8	22	24	6
ENSMUSG00000085887	15	0	6	16	15	3
ENSMUSG00000085934	0	0	0	0	0	0
ENSMUSG00000085961	0	0	0	0	0	0
ENSMUSG00000086000	0	0	0	0	0	0
ENSMUSG00000086006	0	0	0	0	0	0
ENSMUSG00000086049	1	0	1	5	0	0
ENSMUSG00000086134	0	0	0	0	0	0
ENSMUSG00000086253	0	0	0	0	0	0
ENSMUSG00000086256	0	0	0	0	0	0
ENSMUSG00000086335	71	3	63	8	80	3
ENSMUSG00000086438	10	266	32	259	24	219
ENSMUSG00000086450	0	0	0	0	0	0
ENSMUSG00000086472	9	0	9	5	9	0
ENSMUSG00000086481	2	5	14	13	0	2
ENSMUSG00000086503	7549	15	9	23608	10731	11
ENSMUSG00000086612	0	2	0	17	0	2
ENSMUSG00000086683	3	4	1	84	1	13
ENSMUSG00000086721	4	7	9	5	10	15
ENSMUSG00000086740	6	0	7	19	14	4
ENSMUSG00000086741	11	10	9	167	26	32
ENSMUSG00000086782	5	1	11	23	8	2
ENSMUSG00000086788	0	0	0	0	0	0
ENSMUSG00000086813	1	0	1	0	1	0
ENSMUSG00000086837	2	5	11	9	6	3
ENSMUSG00000086877	49	15	51	69	81	32
ENSMUSG00000087013	2	23	4	97	5	38
ENSMUSG00000087015	0	0	0	0	0	0
ENSMUSG00000087026	8	1	7	35	22	2
ENSMUSG00000087050	2	4	0	23	8	8
ENSMUSG00000087119	1	0	0	7	0	3
ENSMUSG00000087129	7	0	20	6	25	0
ENSMUSG00000087179	17	1	18	79	48	9
ENSMUSG00000087197	1	2	0	0	0	0
ENSMUSG00000087337	0	0	0	0	0	0
ENSMUSG00000087441	0	0	0	0	0	0
ENSMUSG00000087442	1	0	2	36	4	1
ENSMUSG00000087468	0	0	0	0	0	0
ENSMUSG00000087528	82	9	38	266	174	41
ENSMUSG00000087556	8	0	9	25	12	3
ENSMUSG00000087595	12	1	9	16	27	2
ENSMUSG00000087637	0	0	0	0	0	0
ENSMUSG00000087641	0	0	0	0	0	0
ENSMUSG00000087700	25	0	11	1	19	0
ENSMUSG00000087951	0	0	0	0	0	0
ENSMUSG00000087981	0	0	0	0	0	0
ENSMUSG00000087987	0	0	0	0	0	0
ENSMUSG00000088028	0	0	0	0	0	0
ENSMUSG00000088030	0	0	0	0	0	0
ENSMUSG00000088096	0	0	0	0	0	0
ENSMUSG00000088165	0	0	0	0	0	0
ENSMUSG00000088228	0	0	0	0	0	0
ENSMUSG00000088237	0	0	0	0	0	0
ENSMUSG00000088265	0	0	0	0	0	0
ENSMUSG00000088509	0	0	0	0	0	0
ENSMUSG00000088677	0	1	0	0	0	0
ENSMUSG00000088786	0	0	0	0	0	0
ENSMUSG00000088789	5	1	0	18	5	2
ENSMUSG00000088980	0	0	0	0	0	0
ENSMUSG00000089025	0	0	0	0	0	0
ENSMUSG00000089070	0	0	0	0	0	0
ENSMUSG00000089133	0	0	0	0	0	0
ENSMUSG00000089274	0	0	0	0	0	0
ENSMUSG00000089385	0	0	0	0	0	0
ENSMUSG00000089464	0	0	0	0	0	0
ENSMUSG00000089506	0	0	0	0	0	0
ENSMUSG00000089509	0	0	0	0	0	0
ENSMUSG00000089525	0	0	0	0	1	0
ENSMUSG00000089543	0	0	0	0	0	0
ENSMUSG00000089550	0	0	0	0	0	0
ENSMUSG00000089617	0	0	0	0	0	0
ENSMUSG00000089640	5	11	6	47	8	1
ENSMUSG00000089704	0	0	1	13	0	0
ENSMUSG00000089718	0	0	0	0	0	0
ENSMUSG00000089728	0	0	0	1	0	0
ENSMUSG00000089739	0	0	0	0	0	0
ENSMUSG00000089766	0	18	1	65	0	41
ENSMUSG00000089791	2	0	6	10	10	1
ENSMUSG00000089940	14	2	2	15	9	0
ENSMUSG00000089997	0	0	6	9	2	0
ENSMUSG00000090016	0	0	0	0	0	0
ENSMUSG00000090034	0	0	0	0	0	0
ENSMUSG00000090050	0	0	0	0	0	0
ENSMUSG00000090087	0	0	0	0	0	0
ENSMUSG00000090098	0	0	0	0	0	0
ENSMUSG00000090113	2	14	0	135	0	34
ENSMUSG00000090174	4	0	5	8	18	1
ENSMUSG00000090179	0	0	0	0	0	0
ENSMUSG00000090185	1	1	2	3	2	1
ENSMUSG00000090215	25	0	26	20	16	6
ENSMUSG00000090230	15	2	17	1	24	0
ENSMUSG00000090231	4	1	19	41	18	8
ENSMUSG00000090303	0	0	0	0	0	0
ENSMUSG00000090307	0	0	1	0	0	0
ENSMUSG00000090322	0	1	3	14	10	0
ENSMUSG00000090332	0	0	0	0	0	0
ENSMUSG00000090397	9	0	4	32	7	7
ENSMUSG00000090622	7	2	5	19	18	0
ENSMUSG00000090684	0	0	0	0	0	0
ENSMUSG00000090762	0	0	0	0	0	0
ENSMUSG00000090942	0	0	1	0	0	0
ENSMUSG00000091050	13	9	7	40	18	10
ENSMUSG00000091184	0	5	0	9	1	9
ENSMUSG00000091381	0	0	0	0	0	0
ENSMUSG00000091410	2	9	7	17	2	0
ENSMUSG00000091421	2	2	2	2	1	2
ENSMUSG00000091453	0	0	0	0	0	0
ENSMUSG00000091455	0	0	0	1	0	1
ENSMUSG00000091504	1	0	1	1	1	1
ENSMUSG00000091557	0	0	0	0	0	0
ENSMUSG00000091577	0	0	0	1	0	0
ENSMUSG00000091586	20	0	12	27	23	3
ENSMUSG00000091620	0	0	0	1	0	0
ENSMUSG00000091655	4	1	2	3	4	3
ENSMUSG00000091694	5	71	2	162	3	96
ENSMUSG00000091722	21	4	16	18	28	1
ENSMUSG00000091784	13	2	13	35	41	3
ENSMUSG00000091971	32	141	334	15	83	13
ENSMUSG00000092047	0	0	0	0	0	0
ENSMUSG00000092054	0	0	0	0	0	0
ENSMUSG00000092130	19	2	15	1	20	1
ENSMUSG00000092245	0	0	0	0	0	0
ENSMUSG00000092326	0	0	0	0	0	0
ENSMUSG00000092422	0	0	0	0	0	0
ENSMUSG00000092427	0	0	0	0	0	0
ENSMUSG00000092509	0	0	0	0	0	0
ENSMUSG00000092549	0	0	0	0	0	0
ENSMUSG00000092553	0	0	0	0	0	0
ENSMUSG00000092569	4	0	2	17	7	1
ENSMUSG00000092652	0	0	0	0	0	0
ENSMUSG00000092748	0	0	0	0	0	0
ENSMUSG00000092827	1	4	4	54	9	4
ENSMUSG00000092840	0	0	0	0	0	0
ENSMUSG00000092847	0	0	0	0	0	0
ENSMUSG00000093090	0	0	0	0	0	0
ENSMUSG00000093170	0	0	0	0	0	0
ENSMUSG00000093189	0	0	0	0	0	0
ENSMUSG00000093227	0	0	0	0	0	0
ENSMUSG00000093384	6	0	4	47	4	8
ENSMUSG00000093402	8	0	4	10	19	3
ENSMUSG00000093406	0	0	0	0	0	0
ENSMUSG00000093437	0	4	0	5	1	2
ENSMUSG00000093445	32	3	17	74	37	11
ENSMUSG00000093493	0	0	0	0	0	0
ENSMUSG00000093507	3	1	8	4	4	0
ENSMUSG00000093537	4	3	2	5	4	3
ENSMUSG00000093545	1	2	0	19	1	1
ENSMUSG00000093590	0	0	0	0	0	0
ENSMUSG00000093616	0	0	0	1	0	0
ENSMUSG00000093716	0	4	0	11	0	1
ENSMUSG00000093720	2	0	1	2	0	0
ENSMUSG00000093734	5	0	5	17	8	1
ENSMUSG00000093741	0	0	0	0	0	0
ENSMUSG00000093749	8	0	8	3	19	0
ENSMUSG00000093826	0	9	1	6	4	2
ENSMUSG00000093885	5	14	8	5	5	8
ENSMUSG00000093898	0	0	0	0	0	0
ENSMUSG00000093923	0	0	0	0	0	0
ENSMUSG00000094001	0	0	0	0	0	0
ENSMUSG00000094005	0	0	0	0	0	0
ENSMUSG00000094013	0	0	0	0	0	0
ENSMUSG00000094048	0	0	0	0	0	0
ENSMUSG00000094059	0	0	0	0	0	0
ENSMUSG00000094108	0	0	0	0	0	0
ENSMUSG00000094123	0	0	0	0	0	0
ENSMUSG00000094156	0	0	0	0	0	0
ENSMUSG00000094410	4	0	5	33	20	3
ENSMUSG00000094452	0	0	0	0	0	0
ENSMUSG00000094488	0	0	0	0	0	0
ENSMUSG00000094500	2	0	0	4	2	0
ENSMUSG00000094561	0	0	0	0	0	0
ENSMUSG00000094692	0	0	0	0	0	0
ENSMUSG00000094719	0	0	0	0	0	0
ENSMUSG00000094786	6	2	4	11	7	3
ENSMUSG00000094827	0	0	0	0	0	0
ENSMUSG00000094845	31	0	40	2	51	0
ENSMUSG00000094848	0	0	0	0	0	0
ENSMUSG00000094880	0	0	0	0	0	0
ENSMUSG00000094941	0	0	0	0	0	0
ENSMUSG00000094974	2	28	2	12	5	1
ENSMUSG00000095017	0	0	0	0	0	0
ENSMUSG00000095024	0	0	0	0	0	0
ENSMUSG00000095078	0	0	1	1	2	0
ENSMUSG00000095110	0	0	0	0	0	0
ENSMUSG00000095115	69	48	164	191	115	53
ENSMUSG00000095274	0	0	0	0	0	0
ENSMUSG00000095332	118	1	112	214	387	18
ENSMUSG00000095334	1	0	0	0	4	1
ENSMUSG00000095412	0	0	0	0	0	0
ENSMUSG00000095562	11	1	12	148	14	7
ENSMUSG00000095564	0	0	0	0	0	0
ENSMUSG00000095574	0	0	0	0	0	0
ENSMUSG00000095608	0	0	0	0	0	0
ENSMUSG00000095761	0	0	0	0	0	0
ENSMUSG00000095834	0	0	0	0	0	0
ENSMUSG00000095843	0	0	0	0	0	0
ENSMUSG00000095895	3	0	4	25	4	2
ENSMUSG00000096024	0	0	0	0	0	0
ENSMUSG00000096054	290	35	285	396	636	64
ENSMUSG00000096126	0	0	0	1	0	0
ENSMUSG00000096351	7	281	2	1873	14	686
ENSMUSG00000096427	0	0	0	0	0	0
ENSMUSG00000096446	0	0	0	0	0	0
ENSMUSG00000096507	0	0	0	0	0	0
ENSMUSG00000096524	0	0	0	0	0	0
ENSMUSG00000096563	2	2	4	0	0	0
ENSMUSG00000096566	0	0	0	0	0	0
ENSMUSG00000096586	0	0	0	0	0	0
ENSMUSG00000096659	0	0	0	0	0	0
ENSMUSG00000096760	0	0	0	0	0	0
ENSMUSG00000096798	0	0	0	0	0	0
ENSMUSG00000096811	0	0	0	0	0	0
ENSMUSG00000096855	0	0	0	0	0	0
ENSMUSG00000096862	0	0	0	0	0	0
ENSMUSG00000096864	0	0	0	0	0	0
ENSMUSG00000096894	0	0	0	0	0	0
ENSMUSG00000096921	0	0	0	0	0	0
ENSMUSG00000096938	10	1	9	3	12	0
ENSMUSG00000096954	1	0	5	12	10	0
ENSMUSG00000096962	9	0	7	0	14	0
ENSMUSG00000097124	12	1	2	12	7	0
ENSMUSG00000097131	3	0	13	20	10	3
ENSMUSG00000097170	2	0	1	11	10	0
ENSMUSG00000097234	30	2	28	54	30	14
ENSMUSG00000097303	18	1	17	1	22	0
ENSMUSG00000097358	14	1	15	42	27	6
ENSMUSG00000097379	13	0	3	18	21	6
ENSMUSG00000097399	0	13	0	0	1	0
ENSMUSG00000097439	69	4	65	43	125	14
ENSMUSG00000097488	11	1	9	26	33	3
ENSMUSG00000097496	0	0	0	0	0	0
ENSMUSG00000097516	0	0	0	0	0	0
ENSMUSG00000097530	3	2	3	5	3	5
ENSMUSG00000097615	594	20	316	95	805	41
ENSMUSG00000097616	1	2	20	1	1	10
ENSMUSG00000097620	4	0	3	17	3	0
ENSMUSG00000097636	21	0	7	5	17	5
ENSMUSG00000097693	2	0	1	3	1	0
ENSMUSG00000097700	0	0	0	0	0	0
ENSMUSG00000097718	4	2	1	18	11	0
ENSMUSG00000097720	0	0	0	0	0	0
ENSMUSG00000097726	0	0	0	0	0	0
ENSMUSG00000097727	9	0	7	0	12	0
ENSMUSG00000097784	14	0	7	21	24	4
ENSMUSG00000097848	14	2	4	5	15	3
ENSMUSG00000097968	0	0	0	2	0	0
ENSMUSG00000097971	31110	11374	18270	138640	74643	10319
ENSMUSG00000098015	0	0	0	0	0	0
ENSMUSG00000098022	4	1	0	11	17	2
ENSMUSG00000098036	0	1	0	0	0	0
ENSMUSG00000098092	19	0	10	13	6	3
ENSMUSG00000098094	0	0	0	0	0	0
ENSMUSG00000098202	54	14	23	68	72	3
ENSMUSG00000098286	0	1	1	9	12	0
ENSMUSG00000098357	0	0	0	0	0	0
ENSMUSG00000098473	0	0	0	0	0	0
ENSMUSG00000098488	5	0	4	14	6	2
ENSMUSG00000098577	0	0	0	0	0	0
ENSMUSG00000098611	0	0	0	0	0	0
ENSMUSG00000098640	0	0	0	0	1	0
ENSMUSG00000098651	5	0	0	5	7	0
ENSMUSG00000098658	0	0	0	1	0	0
ENSMUSG00000098755	1	1	2	2	0	1
ENSMUSG00000098817	0	0	0	0	0	0
ENSMUSG00000098850	0	0	0	0	0	0
ENSMUSG00000099042	0	0	0	0	0	0
ENSMUSG00000099108	0	0	0	0	0	0
ENSMUSG00000099114	0	0	0	0	0	0
ENSMUSG00000099213	0	0	0	0	0	0
ENSMUSG00000099216	0	0	0	0	0	0
ENSMUSG00000099238	3	0	0	12	0	2
ENSMUSG00000099284	2	1	1	3	5	3
ENSMUSG00000099294	2	0	1	1	1	0
ENSMUSG00000099309	2	0	0	1	0	1
ENSMUSG00000099342	10	0	3	17	5	1
ENSMUSG00000099407	0	0	0	0	0	0
ENSMUSG00000099421	0	0	0	0	0	0
ENSMUSG00000099474	8	69	2	70	6	26
ENSMUSG00000099519	0	0	0	0	1	0
ENSMUSG00000099640	0	0	0	0	0	0
ENSMUSG00000099656	0	0	0	0	0	0
ENSMUSG00000099671	0	0	0	0	0	0
ENSMUSG00000099708	12	0	4	7	19	5
ENSMUSG00000099754	0	0	0	0	0	0
ENSMUSG00000099759	36	2	23	57	1	1
ENSMUSG00000099847	0	0	0	0	0	0
ENSMUSG00000099866	0	0	0	0	0	0
ENSMUSG00000099876	0	0	50	0	0	31
ENSMUSG00000099888	0	0	0	0	0	0
ENSMUSG00000100037	0	0	0	0	0	0
ENSMUSG00000100065	0	0	0	0	0	0
ENSMUSG00000100075	9	0	9	12	10	1
ENSMUSG00000100077	0	0	0	0	0	0
ENSMUSG00000100085	0	0	0	0	0	0
ENSMUSG00000100124	0	0	0	0	0	0
ENSMUSG00000100147	24	8	14	18	7	0
ENSMUSG00000100186	0	0	0	0	0	0
ENSMUSG00000100198	0	0	0	0	0	0
ENSMUSG00000100201	10	2	17	37	34	4
ENSMUSG00000100230	15	0	11	0	19	0
ENSMUSG00000100234	0	0	0	0	0	0
ENSMUSG00000100261	6	0	11	35	19	2
ENSMUSG00000100308	0	0	0	0	0	0
ENSMUSG00000100405	1	18	6	0	3	0
ENSMUSG00000100514	61	8	10	289	50	4
ENSMUSG00000100563	0	0	0	0	0	0
ENSMUSG00000100598	0	0	0	0	0	0
ENSMUSG00000100599	16	15	15	19	14	14
ENSMUSG00000100639	0	0	0	0	0	0
ENSMUSG00000100705	0	0	0	0	0	0
ENSMUSG00000100715	0	0	0	0	0	0
ENSMUSG00000100806	0	0	0	0	0	0
ENSMUSG00000100862	25	252	20	90	29	13
ENSMUSG00000100873	0	0	0	0	0	0
ENSMUSG00000100899	0	1	0	0	0	0
ENSMUSG00000100908	0	0	0	0	0	0
ENSMUSG00000100935	0	0	0	0	0	0
ENSMUSG00000100968	0	0	0	0	0	0
ENSMUSG00000100979	0	0	0	0	0	0
ENSMUSG00000100992	0	0	0	0	0	0
ENSMUSG00000101013	0	0	0	1	0	0
ENSMUSG00000101028	7	3	4	6	8	2
ENSMUSG00000101063	0	0	0	0	0	0
ENSMUSG00000101233	0	0	0	0	0	0
ENSMUSG00000101277	0	0	0	0	0	0
ENSMUSG00000101284	0	0	0	0	0	0
ENSMUSG00000101481	0	0	0	0	0	0
ENSMUSG00000101521	0	0	0	0	0	0
ENSMUSG00000101573	0	0	0	0	0	0
ENSMUSG00000101581	1	9	0	18	1	11
ENSMUSG00000101668	0	0	0	0	0	0
ENSMUSG00000101785	0	0	0	0	0	0
ENSMUSG00000101786	0	0	0	0	0	0
ENSMUSG00000101814	1	0	0	0	2	0
ENSMUSG00000101816	0	0	0	0	0	0
ENSMUSG00000101841	15	10	28	30	21	13
ENSMUSG00000101912	0	0	0	0	0	0
ENSMUSG00000101995	0	0	0	0	0	0
ENSMUSG00000102070	50	377	14	77	39	10
ENSMUSG00000102212	0	0	0	0	0	0
ENSMUSG00000102279	0	0	0	0	0	0
ENSMUSG00000102302	12	1	23	39	44	9
ENSMUSG00000102391	0	0	0	0	0	0
ENSMUSG00000102396	0	0	0	0	0	0
ENSMUSG00000102407	0	0	0	0	0	0
ENSMUSG00000102425	49	3	17	33	97	6
ENSMUSG00000102434	0	0	0	0	0	0
ENSMUSG00000102478	0	4	7	10	3	0
ENSMUSG00000102493	1	9	56	11	7	18
ENSMUSG00000102574	0	0	0	0	0	0
ENSMUSG00000102603	0	0	0	0	0	0
ENSMUSG00000102692	0	0	0	0	1	0
ENSMUSG00000102699	0	0	0	0	0	0
ENSMUSG00000102705	0	9	0	25	0	7
ENSMUSG00000102734	0	0	0	0	0	0
ENSMUSG00000102836	0	0	0	0	0	0
ENSMUSG00000102847	0	0	0	0	0	0
ENSMUSG00000102887	1	0	0	0	0	0
ENSMUSG00000102919	0	0	2	2	3	1
ENSMUSG00000102929	10	0	1	15	14	1
ENSMUSG00000102945	0	0	0	0	0	0
ENSMUSG00000102976	29	0	23	66	48	5
ENSMUSG00000102979	0	0	0	0	0	0
ENSMUSG00000103001	0	0	0	0	0	0
ENSMUSG00000103006	7	1	5	15	7	0
ENSMUSG00000103046	13	0	4	7	13	1
ENSMUSG00000103115	10	0	5	9	10	0
ENSMUSG00000103174	0	0	0	0	1	0
ENSMUSG00000103183	34	2	23	41	35	1
ENSMUSG00000103195	0	0	0	0	0	0
ENSMUSG00000103284	3	0	3	4	5	1
ENSMUSG00000103366	0	0	0	1	1	0
ENSMUSG00000103388	9	1	6	20	9	0
ENSMUSG00000103403	28	1	10	7	29	3
ENSMUSG00000103529	31	92	29	708	38	172
ENSMUSG00000103572	0	1	0	3	1	2
ENSMUSG00000103574	4	2	2	7	4	1
ENSMUSG00000103576	6	0	6	20	11	3
ENSMUSG00000103588	2	0	0	0	0	0
ENSMUSG00000103680	5	1	0	12	4	0
ENSMUSG00000103738	1	0	0	0	0	1
ENSMUSG00000103788	47	12	91	451	179	67
ENSMUSG00000103825	0	0	0	0	0	0
ENSMUSG00000103898	19	1	16	22	35	3
ENSMUSG00000103942	0	0	0	0	0	0
ENSMUSG00000104074	4	9	6	24	3	0
ENSMUSG00000104154	0	0	0	0	1	0
ENSMUSG00000104202	0	11	5	7	2	0
ENSMUSG00000104306	7	0	6	10	19	2
ENSMUSG00000104323	0	0	0	0	0	0
ENSMUSG00000104339	7	3	9	12	25	0
ENSMUSG00000104344	3	0	4	15	7	0
ENSMUSG00000104345	0	0	0	0	0	0
ENSMUSG00000104379	0	0	0	1	1	0
ENSMUSG00000104406	3	1	3	0	4	0
ENSMUSG00000104418	4	14	7	10	4	6
ENSMUSG00000104442	0	0	0	0	0	0
ENSMUSG00000104443	2	0	0	11	5	0
ENSMUSG00000104481	0	0	0	0	0	0
ENSMUSG00000104628	0	0	0	0	0	0
ENSMUSG00000104662	3	2	7	1	4	3
ENSMUSG00000104675	1	0	0	3	0	0
ENSMUSG00000104724	2	2	1	3	2	0
ENSMUSG00000104753	0	0	0	0	0	0
ENSMUSG00000104818	26	1	10	64	43	14
ENSMUSG00000104845	0	0	0	0	0	0
ENSMUSG00000104863	0	0	0	0	1	0
ENSMUSG00000104891	9	4	11	9	17	0
ENSMUSG00000104908	0	0	0	0	0	0
ENSMUSG00000104938	0	0	1	0	0	0
ENSMUSG00000105159	0	0	0	0	0	0
ENSMUSG00000105163	3	0	7	23	8	2
ENSMUSG00000105167	2	0	1	23	3	2
ENSMUSG00000105222	0	0	0	0	0	0
ENSMUSG00000105368	6	0	16	5	26	3
ENSMUSG00000105377	17	2	18	1	16	3
ENSMUSG00000105416	0	0	0	0	0	1
ENSMUSG00000105437	1	0	0	0	0	0
ENSMUSG00000105461	0	47	183	1	121	58
ENSMUSG00000105533	0	0	0	0	0	0
ENSMUSG00000105544	0	0	0	0	0	0
ENSMUSG00000105572	2	0	10	10	13	1
ENSMUSG00000105611	0	1	0	0	0	0
ENSMUSG00000105613	1	0	1	3	1	0
ENSMUSG00000105677	24	1	14	37	20	4
ENSMUSG00000105720	1	0	0	0	1	0
ENSMUSG00000105742	5	0	6	20	17	2
ENSMUSG00000105780	0	0	0	0	0	0
ENSMUSG00000105805	0	0	0	0	0	0
ENSMUSG00000105855	0	0	0	0	1	0
ENSMUSG00000105951	0	0	0	0	0	0
ENSMUSG00000105953	0	0	0	0	0	0
ENSMUSG00000106014	0	0	0	0	0	0
ENSMUSG00000106025	31	5	28	18	33	1
ENSMUSG00000106107	0	0	0	0	0	0
ENSMUSG00000106162	0	0	0	0	0	0
ENSMUSG00000106184	0	0	1	1	2	0
ENSMUSG00000106205	2	25	2	141	5	30
ENSMUSG00000106232	0	0	0	0	0	0
ENSMUSG00000106237	1	0	5	23	9	1
ENSMUSG00000106251	6	0	4	11	13	1
ENSMUSG00000106262	19	0	17	73	30	6
ENSMUSG00000106309	0	0	0	1	1	1
ENSMUSG00000106390	2	5	1	12	2	7
ENSMUSG00000106419	1	1	4	8	2	1
ENSMUSG00000106424	0	0	0	0	0	0
ENSMUSG00000106495	0	0	0	0	0	0
ENSMUSG00000106535	17	0	16	19	21	8
ENSMUSG00000106562	5	4	2	5	4	2
ENSMUSG00000106574	3	0	1	3	1	0
ENSMUSG00000106589	0	0	0	0	0	0
ENSMUSG00000106610	0	0	0	0	0	0
ENSMUSG00000106648	0	0	0	0	0	0
ENSMUSG00000106734	35	2	20	38	40	9
ENSMUSG00000106788	14	0	24	72	47	8
ENSMUSG00000106851	0	0	0	0	0	0
ENSMUSG00000106939	9	47	1	34	3	60
ENSMUSG00000107014	0	0	0	0	0	0
ENSMUSG00000107033	0	0	0	0	0	0
ENSMUSG00000107071	0	0	0	0	0	0
ENSMUSG00000107081	0	0	0	0	0	0
ENSMUSG00000107106	0	0	0	0	1	0
ENSMUSG00000107109	4	2	0	12	9	0
ENSMUSG00000107126	0	0	0	0	0	0
ENSMUSG00000107151	0	0	1	0	0	1
ENSMUSG00000107178	3	0	3	22	9	1
ENSMUSG00000107195	2	0	1	0	1	0
ENSMUSG00000107205	1	0	1	1	1	0
ENSMUSG00000107276	1	0	2	7	1	0
ENSMUSG00000107284	0	0	0	0	0	0
ENSMUSG00000107289	0	0	0	0	0	0
ENSMUSG00000107331	24	1	31	69	60	19
ENSMUSG00000107374	9	1	11	7	8	0
ENSMUSG00000107378	0	0	0	0	0	0
ENSMUSG00000107418	2	0	4	4	3	0
ENSMUSG00000107605	0	0	0	1	0	1
ENSMUSG00000107623	0	0	0	0	0	0
ENSMUSG00000107732	0	0	0	0	0	0
ENSMUSG00000107795	0	0	0	0	0	0
ENSMUSG00000107799	4	0	5	7	26	1
ENSMUSG00000107815	0	0	0	0	0	0
ENSMUSG00000107842	1	1	0	21	1	5
ENSMUSG00000107877	6	0	4	20	6	0
ENSMUSG00000107881	341	41	347	266	371	47
ENSMUSG00000107892	0	0	2	0	0	1
ENSMUSG00000107899	3	22	22	217	34	10
ENSMUSG00000107962	31	1	26	55	47	13
ENSMUSG00000107966	0	1	0	12	0	4
ENSMUSG00000108010	1	0	0	3	5	2
ENSMUSG00000108032	0	0	0	0	0	0
ENSMUSG00000108037	8	0	3	18	16	5
ENSMUSG00000108053	23	6	15	46	51	3
ENSMUSG00000108064	11	2	7	96	27	4
ENSMUSG00000108166	0	0	0	0	0	0
ENSMUSG00000108197	0	1	1	1	0	1
ENSMUSG00000108218	31	9	14	27	26	1
ENSMUSG00000108234	2	0	0	0	2	0
ENSMUSG00000108264	0	0	0	0	0	0
ENSMUSG00000108314	9	1	9	13	19	0
ENSMUSG00000108315	0	0	0	0	0	0
ENSMUSG00000108347	10	0	6	16	16	3
ENSMUSG00000108372	1	0	0	0	1	0
ENSMUSG00000108384	0	0	0	0	0	0
ENSMUSG00000108418	1	0	0	1	3	0
ENSMUSG00000108420	2	0	1	10	1	2
ENSMUSG00000108465	12	2	4	49	21	5
ENSMUSG00000108490	0	0	0	0	0	0
ENSMUSG00000108517	0	0	0	0	0	0
ENSMUSG00000108563	14	0	3	19	10	8
ENSMUSG00000108582	0	0	0	0	0	0
ENSMUSG00000108600	0	9	3	21	1	12
ENSMUSG00000108615	0	0	2	11	6	4
ENSMUSG00000108620	0	0	1	0	0	0
ENSMUSG00000108727	0	0	0	0	0	0
ENSMUSG00000108748	0	0	0	0	0	0
ENSMUSG00000108863	0	0	0	0	0	0
ENSMUSG00000108866	12	1	2	107	28	4
ENSMUSG00000108900	18	1	17	27	25	0
ENSMUSG00000108929	31	2	58	33	63	4
ENSMUSG00000108974	0	0	0	0	0	0
ENSMUSG00000108994	0	0	0	0	0	0
ENSMUSG00000109017	37	6	44	8	66	1
ENSMUSG00000109181	12	2	8	64	21	4
ENSMUSG00000109245	0	0	1	0	0	0
ENSMUSG00000109256	0	1	0	0	0	0
ENSMUSG00000109274	56	20	63	417	154	52
ENSMUSG00000109276	0	0	0	0	0	0
ENSMUSG00000109392	0	0	0	0	0	0
ENSMUSG00000109511	1532	1127	1809	3959	2509	1217
ENSMUSG00000109569	0	0	0	0	0	0
ENSMUSG00000109582	0	0	0	0	0	0
ENSMUSG00000109609	18	2	18	71	24	8
ENSMUSG00000109697	2	2	4	2	3	0
ENSMUSG00000109782	0	1	0	1	0	0
ENSMUSG00000109791	0	0	0	0	0	0
ENSMUSG00000109833	0	0	0	0	0	0
ENSMUSG00000109866	3	0	3	17	4	0
ENSMUSG00000109870	0	0	0	0	0	0
ENSMUSG00000109886	0	0	0	0	0	0
ENSMUSG00000109950	0	0	0	0	0	0
ENSMUSG00000110001	0	0	0	1	0	0
ENSMUSG00000110025	0	0	0	0	0	0
ENSMUSG00000110034	0	0	0	0	0	0
ENSMUSG00000110062	0	0	2	5	5	2
ENSMUSG00000110068	0	0	0	0	0	0
ENSMUSG00000110099	0	0	1	1	1	0
ENSMUSG00000110120	1	1	1	2	1	0
ENSMUSG00000110124	1	1	2	12	7	1
ENSMUSG00000110159	4	1	4	12	15	0
ENSMUSG00000110173	1	0	1	2	0	0
ENSMUSG00000110186	0	0	0	0	0	0
ENSMUSG00000110279	8	3	3	33	18	1
ENSMUSG00000110314	0	0	0	1	0	0
ENSMUSG00000110318	0	0	0	0	0	0
ENSMUSG00000110329	0	0	0	0	0	0
ENSMUSG00000110334	0	0	0	0	0	0
ENSMUSG00000110338	0	0	0	0	0	0
ENSMUSG00000110400	0	7	0	77	0	11
ENSMUSG00000110458	1	0	1	5	2	1
ENSMUSG00000110537	1	2	5	35	15	8
ENSMUSG00000110549	0	0	0	0	0	0
ENSMUSG00000110572	0	0	0	0	0	0
ENSMUSG00000110580	3	0	4	21	11	4
ENSMUSG00000110590	0	0	0	0	0	0
ENSMUSG00000110615	5	1	3	60	13	4
ENSMUSG00000110642	0	1	0	0	0	0
ENSMUSG00000110661	37	3	13	10	39	2
ENSMUSG00000110738	1	0	1	0	1	1
ENSMUSG00000110790	2	3	0	36	2	4
ENSMUSG00000110856	0	0	0	0	0	0
ENSMUSG00000110862	0	0	0	0	0	0
ENSMUSG00000110880	0	0	0	0	0	0
ENSMUSG00000110905	2	0	0	0	0	0
ENSMUSG00000110946	0	0	0	0	0	0
ENSMUSG00000110960	0	13	1	13	5	6
ENSMUSG00000111027	14	1	16	45	27	10
ENSMUSG00000111082	7	3	0	43	3	5
ENSMUSG00000111128	29	4	33	82	53	10
ENSMUSG00000111160	0	1	3	4	13	0
ENSMUSG00000111211	0	0	0	0	0	0
ENSMUSG00000111284	0	0	0	0	0	0
ENSMUSG00000111329	0	0	2	13	3	0
ENSMUSG00000111377	1	5	0	13	0	5
ENSMUSG00000111380	29	21	30	109	38	19
ENSMUSG00000111394	163	2	163	56	332	18
ENSMUSG00000111424	0	0	0	3	1	0
ENSMUSG00000111465	20	1	21	22	27	3
ENSMUSG00000111478	0	1	0	0	0	0
ENSMUSG00000111493	0	0	0	0	0	0
ENSMUSG00000111532	0	0	0	0	0	0
ENSMUSG00000111565	0	2	0	11	0	4
ENSMUSG00000111578	0	0	0	0	0	0
ENSMUSG00000111580	0	0	0	0	0	0
ENSMUSG00000111610	1	14	2	66	4	11
ENSMUSG00000111641	0	0	0	0	0	0
ENSMUSG00000111666	0	0	0	0	0	0
ENSMUSG00000111686	44	8	50	185	86	16
ENSMUSG00000111697	0	0	0	0	0	0
ENSMUSG00000111839	0	0	0	0	0	0
ENSMUSG00000111857	10	15	5	47	5	11
ENSMUSG00000111859	0	0	0	0	0	0
ENSMUSG00000111887	0	0	0	0	0	0
ENSMUSG00000111893	0	0	0	0	0	0
ENSMUSG00000111940	2	16	1	11	3	0
ENSMUSG00000111942	15	0	20	93	55	13
ENSMUSG00000111953	0	0	0	0	0	0
ENSMUSG00000111958	0	0	0	0	0	0
ENSMUSG00000111976	0	0	0	0	0	0
ENSMUSG00000112009	1	0	1	0	1	0
ENSMUSG00000112010	0	0	0	0	0	0
ENSMUSG00000112031	0	0	0	0	1	0
ENSMUSG00000112059	0	0	0	0	0	0
ENSMUSG00000112082	0	0	1	1	0	0
ENSMUSG00000112145	2	16	5	31	7	1
ENSMUSG00000112148	39	2	26	21	51	5
ENSMUSG00000112204	32	47	33	14	19	19
ENSMUSG00000112236	0	0	0	0	0	0
ENSMUSG00000112285	0	0	0	0	0	0
ENSMUSG00000112341	8	12	14	49	4	6
ENSMUSG00000112492	0	0	0	0	0	0
ENSMUSG00000112538	0	0	0	0	0	0
ENSMUSG00000112545	8	0	6	4	16	1
ENSMUSG00000112627	15	9	20	22	20	0
ENSMUSG00000112650	32	4	25	182	68	14
ENSMUSG00000112672	0	0	0	0	0	0
ENSMUSG00000112673	6	13	11	18	7	8
ENSMUSG00000112747	0	0	0	0	0	0
ENSMUSG00000112778	2	1	2	4	3	1
ENSMUSG00000112799	2	6	2	29	0	3
ENSMUSG00000112800	25	0	11	6	17	1
ENSMUSG00000112878	0	0	0	0	0	0
ENSMUSG00000112881	0	0	0	3	0	0
ENSMUSG00000112888	0	0	0	2	0	0
ENSMUSG00000112906	0	0	0	0	0	0
ENSMUSG00000112936	0	0	0	0	0	0
ENSMUSG00000112942	0	0	1	0	0	0
ENSMUSG00000112963	138	5	91	12	114	9
ENSMUSG00000113011	0	0	0	0	0	0
ENSMUSG00000113058	0	0	1	1	0	0
ENSMUSG00000113104	2	0	0	15	3	1
ENSMUSG00000113160	0	1	0	0	0	0
ENSMUSG00000113162	0	0	0	0	0	0
ENSMUSG00000113168	2	1	2	56	8	4
ENSMUSG00000113273	0	0	0	0	0	0
ENSMUSG00000113310	0	0	6	8	10	1
ENSMUSG00000113328	28	1	17	67	55	6
ENSMUSG00000113368	0	20	8	15	4	3
ENSMUSG00000113416	3	0	0	1	2	0
ENSMUSG00000113424	0	0	1	2	0	0
ENSMUSG00000113433	0	0	0	0	0	0
ENSMUSG00000113457	1	0	0	0	0	0
ENSMUSG00000113462	0	0	0	0	0	0
ENSMUSG00000113514	0	0	0	1	0	0
ENSMUSG00000113521	19	1	24	50	43	11
ENSMUSG00000113522	0	0	0	0	0	0
ENSMUSG00000113523	0	0	0	0	0	0
ENSMUSG00000113600	0	20	0	3	1	2
ENSMUSG00000113650	3	1	1	4	6	1
ENSMUSG00000113710	0	0	0	0	0	0
ENSMUSG00000113776	1	1	1	1	5	2
ENSMUSG00000113844	0	0	0	0	0	0
ENSMUSG00000113886	4	0	5	7	22	2
ENSMUSG00000113915	0	0	0	0	0	0
ENSMUSG00000113918	23	0	5	1	49	0
ENSMUSG00000113998	2	0	2	3	0	0
ENSMUSG00000114028	0	0	0	0	0	0
ENSMUSG00000114044	0	0	0	0	0	0
ENSMUSG00000114087	0	0	0	0	0	0
ENSMUSG00000114113	1	0	3	14	0	0
ENSMUSG00000114125	0	0	0	0	0	0
ENSMUSG00000114133	45	34	67	72	72	35
ENSMUSG00000114142	0	0	0	0	0	0
ENSMUSG00000114190	4	1	2	1	2	2
ENSMUSG00000114208	0	0	0	0	0	0
ENSMUSG00000114212	67	1	55	5	90	6
ENSMUSG00000114254	0	1	0	0	1	0
ENSMUSG00000114300	0	0	0	0	0	0
ENSMUSG00000114303	0	0	0	0	0	0
ENSMUSG00000114336	0	0	0	0	0	0
ENSMUSG00000114349	3	2	1	2	3	1
ENSMUSG00000114374	0	0	0	1	0	1
ENSMUSG00000114397	0	0	0	0	0	0
ENSMUSG00000114438	8	0	2	10	19	4
ENSMUSG00000114457	0	0	0	0	0	0
ENSMUSG00000114475	0	0	0	0	0	0
ENSMUSG00000114501	10	5	4	19	15	0
ENSMUSG00000114565	0	0	0	0	0	0
ENSMUSG00000114607	6	4	13	276	24	18
ENSMUSG00000114620	0	0	0	0	0	0
ENSMUSG00000114677	0	0	0	13	3	2
ENSMUSG00000114694	8	0	2	4	17	0
ENSMUSG00000114829	2	15	10	16	8	4
ENSMUSG00000114838	0	0	0	0	0	0
ENSMUSG00000114862	10	0	20	15	22	3
ENSMUSG00000114898	0	0	0	0	0	0
ENSMUSG00000114943	14	0	7	6	24	1
ENSMUSG00000115023	0	0	0	0	2	0
ENSMUSG00000115026	3	31	2	80	1	24
ENSMUSG00000115047	0	0	0	0	0	0
ENSMUSG00000115060	0	0	0	0	0	0
ENSMUSG00000115126	0	0	0	0	0	0
ENSMUSG00000115129	0	0	0	0	0	0
ENSMUSG00000115131	0	0	0	0	0	0
ENSMUSG00000115153	6	7	5	25	17	7
ENSMUSG00000115193	0	17	3	12	3	4
ENSMUSG00000115196	72	96	50	1301	126	314
ENSMUSG00000115200	14	10	22	40	24	8
ENSMUSG00000115205	15	5	6	12	13	0
ENSMUSG00000115241	0	0	0	0	0	0
ENSMUSG00000115265	0	0	0	0	0	0
ENSMUSG00000115290	0	0	0	0	0	0
ENSMUSG00000115297	0	0	0	0	0	0
ENSMUSG00000115302	0	0	0	0	0	0
ENSMUSG00000115345	0	3	0	20	0	4
ENSMUSG00000115405	0	0	0	1	2	0
ENSMUSG00000115521	0	0	0	0	0	0
ENSMUSG00000115539	1	1	1	3	1	0
ENSMUSG00000115723	0	0	0	0	0	0
ENSMUSG00000115834	10	0	9	7	15	0
ENSMUSG00000115888	0	0	0	0	0	0
ENSMUSG00000115928	0	0	0	0	0	0
ENSMUSG00000115968	0	30	1	39	2	9
ENSMUSG00000115976	1	0	6	7	17	0
ENSMUSG00000115979	0	5	0	14	0	7
ENSMUSG00000116150	0	0	0	0	0	0
ENSMUSG00000116197	1	15	2	67	0	23
ENSMUSG00000116291	5	2	6	21	1	0
ENSMUSG00000116303	0	0	0	0	0	0
ENSMUSG00000116450	0	0	0	0	0	0
ENSMUSG00000116514	0	0	0	0	0	0
ENSMUSG00000116551	0	0	0	0	0	0
ENSMUSG00000116572	0	0	0	0	0	0
ENSMUSG00000116768	0	0	0	0	0	0
ENSMUSG00000116776	0	0	0	0	0	0
ENSMUSG00000116815	6	0	4	12	0	4
ENSMUSG00000116820	0	0	0	0	0	0
ENSMUSG00000116845	11	44	43	0	13	25
ENSMUSG00000116848	0	0	0	1	1	0
ENSMUSG00000116864	5	7	1	15	0	1
ENSMUSG00000116884	0	2	2	4	3	0
ENSMUSG00000116927	2	0	5	7	5	1
ENSMUSG00000116975	0	0	0	0	0	0
ENSMUSG00000117035	0	0	0	0	0	0
ENSMUSG00000117125	0	0	0	0	0	0
ENSMUSG00000117167	2	8	2	0	0	3
ENSMUSG00000117190	0	0	0	0	0	0
ENSMUSG00000117244	1	0	4	13	13	3
ENSMUSG00000117254	0	2	0	15	0	10
ENSMUSG00000117343	0	0	0	0	0	0
ENSMUSG00000117402	0	0	1	1	0	0
ENSMUSG00000117444	5	1	8	0	11	0
ENSMUSG00000117473	0	0	0	0	0	0
ENSMUSG00000117531	0	0	0	0	0	0
ENSMUSG00000117540	0	0	0	0	0	0
ENSMUSG00000117556	0	0	2	13	5	1
ENSMUSG00000117583	0	0	0	0	0	0
ENSMUSG00000117604	0	0	0	0	0	0
ENSMUSG00000117619	0	0	0	0	0	0
ENSMUSG00000117738	0	0	0	0	0	0
ENSMUSG00000117775	18	3	16	28	19	0
ENSMUSG00000117841	0	0	0	0	0	0
ENSMUSG00000117847	0	0	0	0	0	0
ENSMUSG00000117944	0	2	0	0	0	0
ENSMUSG00000118032	0	0	0	0	0	0
ENSMUSG00000118089	0	0	0	0	0	0
ENSMUSG00000118104	8	2	0	8	6	0
ENSMUSG00000118118	0	0	0	0	0	0
ENSMUSG00000118145	23	6	13	133	46	6
ENSMUSG00000118254	0	0	0	0	0	0
ENSMUSG00000118265	0	0	0	0	0	0
ENSMUSG00000118272	0	0	0	0	0	0
ENSMUSG00000118274	1	4	1	51	3	4
ENSMUSG00000118298	0	0	0	1	0	0
ENSMUSG00000118369	26	2	14	11	30	1
ENSMUSG00000118384	15	0	6	16	8	0
ENSMUSG00000118393	0	0	0	0	0	0
ENSMUSG00000118404	0	0	0	0	0	0
ENSMUSG00000118448	214	11	140	119	339	31
