gene_id	ERR5671402	ERR5671403	ERR5671404	ERR5671408	ERR5671409	ERR5671410
ENSMUSG00000000003	0	0	0	0	0	0
ENSMUSG00000000031	371	3476	505	5151	5943	3314
ENSMUSG00000000103	0	0	0	0	0	0
ENSMUSG00000000125	0	0	0	0	0	0
ENSMUSG00000000134	2766	2490	1959	2762	2689	2490
ENSMUSG00000000142	13	27	14	13	9	7
ENSMUSG00000000157	0	0	0	0	0	0
ENSMUSG00000000197	3	7	0	15	0	0
ENSMUSG00000000202	0	0	0	2	10	4
ENSMUSG00000000214	0	0	0	0	0	0
ENSMUSG00000000216	0	0	0	0	0	0
ENSMUSG00000000276	380	362	442	429	406	725
ENSMUSG00000000305	6	1	0	0	0	23
ENSMUSG00000000318	7	2	11	0	0	0
ENSMUSG00000000381	0	0	0	0	0	0
ENSMUSG00000000385	0	0	0	0	0	0
ENSMUSG00000000392	11	9	0	11	20	4
ENSMUSG00000000394	0	0	0	0	0	0
ENSMUSG00000000402	0	0	0	0	0	0
ENSMUSG00000000411	0	0	0	0	0	0
ENSMUSG00000000489	22	26	2	81	52	434
ENSMUSG00000000560	0	0	0	0	0	0
ENSMUSG00000000561	2564	2271	2348	2682	2459	3209
ENSMUSG00000000562	0	0	0	0	0	0
ENSMUSG00000000606	0	0	0	0	0	0
ENSMUSG00000000617	0	0	0	0	0	0
ENSMUSG00000000673	0	0	0	0	0	0
ENSMUSG00000000701	0	0	0	0	0	0
ENSMUSG00000000724	0	0	0	0	0	0
ENSMUSG00000000730	223	335	94	309	325	224
ENSMUSG00000000731	0	0	0	0	0	0
ENSMUSG00000000766	0	0	0	0	0	0
ENSMUSG00000000817	0	0	0	0	0	0
ENSMUSG00000000869	0	0	0	0	0	0
ENSMUSG00000000889	2	9	0	4	9	9
ENSMUSG00000000901	1679	2173	1726	1405	1844	1254
ENSMUSG00000000959	2015	1918	1521	1861	1683	1662
ENSMUSG00000000982	9	33	0	0	9	10
ENSMUSG00000000983	0	0	0	0	0	0
ENSMUSG00000001027	0	17	2	4	14	2
ENSMUSG00000001065	1072	1020	897	887	906	954
ENSMUSG00000001076	0	0	0	0	0	0
ENSMUSG00000001103	0	0	0	0	0	0
ENSMUSG00000001143	353	198	288	357	303	363
ENSMUSG00000001155	0	0	0	0	0	0
ENSMUSG00000001168	0	0	0	0	0	0
ENSMUSG00000001260	0	0	0	0	0	0
ENSMUSG00000001349	1995	6419	1011	4182	4712	496
ENSMUSG00000001496	0	0	0	0	0	0
ENSMUSG00000001508	2	13	2	86	47	40
ENSMUSG00000001558	5	21	15	2	19	6
ENSMUSG00000001566	0	0	0	0	0	0
ENSMUSG00000001588	0	1	0	0	6	2
ENSMUSG00000001622	0	0	0	8	0	5
ENSMUSG00000001670	0	0	0	0	0	0
ENSMUSG00000001672	0	0	0	0	0	0
ENSMUSG00000001700	738	968	800	850	808	467
ENSMUSG00000001739	328	208	599	408	582	420
ENSMUSG00000001804	0	0	0	0	0	0
ENSMUSG00000001815	0	0	0	0	0	0
ENSMUSG00000001819	0	10	0	6	0	13
ENSMUSG00000001823	0	0	0	0	0	0
ENSMUSG00000001865	0	0	0	0	0	0
ENSMUSG00000001901	0	0	0	0	0	0
ENSMUSG00000001985	2	1	0	6	0	15
ENSMUSG00000001988	0	0	0	0	0	0
ENSMUSG00000002006	341	510	195	404	477	147
ENSMUSG00000002007	0	14	4	66	57	29
ENSMUSG00000002012	25	43	13	11	20	10
ENSMUSG00000002033	0	0	0	0	0	0
ENSMUSG00000002057	3	0	0	0	2	3
ENSMUSG00000002100	0	0	0	0	0	0
ENSMUSG00000002204	0	0	0	0	0	0
ENSMUSG00000002222	807	1168	1084	795	1090	1022
ENSMUSG00000002240	0	0	0	0	0	0
ENSMUSG00000002345	1102	830	960	939	747	672
ENSMUSG00000002395	1719	2023	1393	1766	1786	1343
ENSMUSG00000002500	0	0	0	0	0	0
ENSMUSG00000002565	10	6	4	0	0	27
ENSMUSG00000002617	61	79	77	13	60	224
ENSMUSG00000002633	0	0	0	0	0	0
ENSMUSG00000002748	7227	7518	7233	8875	7753	9613
ENSMUSG00000002799	2	11	12	27	33	53
ENSMUSG00000002930	0	0	0	0	0	0
ENSMUSG00000002948	957	1057	910	1094	1006	987
ENSMUSG00000002984	5292	4461	4698	4836	4190	5609
ENSMUSG00000002992	0	0	0	0	0	0
ENSMUSG00000003053	0	0	0	0	0	0
ENSMUSG00000003279	1	7	23	2	13	51
ENSMUSG00000003309	0	0	0	0	0	0
ENSMUSG00000003316	10832	12067	10056	9703	10792	9113
ENSMUSG00000003378	25	27	35	8	42	31
ENSMUSG00000003382	891	974	892	810	868	864
ENSMUSG00000003410	0	0	0	0	0	0
ENSMUSG00000003469	89	247	98	1	6	0
ENSMUSG00000003476	0	0	0	0	0	0
ENSMUSG00000003505	0	0	0	0	0	0
ENSMUSG00000003555	0	0	0	0	0	0
ENSMUSG00000003974	0	0	0	0	0	0
ENSMUSG00000004018	307	344	265	429	355	457
ENSMUSG00000004085	6269	7338	7064	7567	7191	8680
ENSMUSG00000004187	9	7	16	15	8	0
ENSMUSG00000004231	0	0	0	0	0	0
ENSMUSG00000004296	0	0	0	0	0	0
ENSMUSG00000004341	0	0	0	0	0	0
ENSMUSG00000004344	0	0	0	0	0	0
ENSMUSG00000004347	4	0	22	8	10	26
ENSMUSG00000004360	5	14	8	0	0	27
ENSMUSG00000004366	0	0	0	0	0	0
ENSMUSG00000004415	2	24	1	20	29	28
ENSMUSG00000004542	0	0	0	0	0	0
ENSMUSG00000004552	0	0	0	0	0	0
ENSMUSG00000004612	0	0	0	0	0	0
ENSMUSG00000004630	0	0	0	0	0	0
ENSMUSG00000004668	0	0	12	2	4	5
ENSMUSG00000004707	3	2	0	0	0	0
ENSMUSG00000004709	4	66	0	0	4	0
ENSMUSG00000004730	41	113	3	4	28	10
ENSMUSG00000004814	0	0	0	0	0	0
ENSMUSG00000004821	0	0	0	0	0	0
ENSMUSG00000004837	21	1	13	4	6	51
ENSMUSG00000004872	0	22	100	177	170	240
ENSMUSG00000004892	9	27	30	6	20	2
ENSMUSG00000004894	0	0	0	0	0	0
ENSMUSG00000004902	0	0	0	0	0	0
ENSMUSG00000004939	0	11	5	30	23	5
ENSMUSG00000004988	0	0	0	0	0	0
ENSMUSG00000005057	388	601	364	375	453	386
ENSMUSG00000005131	1	8	9	2	5	45
ENSMUSG00000005202	0	0	0	0	0	0
ENSMUSG00000005232	0	0	0	0	0	0
ENSMUSG00000005268	2	0	31	5	10	32
ENSMUSG00000005320	13	5	0	29	29	30
ENSMUSG00000005339	0	0	0	0	0	0
ENSMUSG00000005360	1221	2122	233	1379	1073	43
ENSMUSG00000005503	0	0	0	0	0	0
ENSMUSG00000005540	0	0	0	0	0	0
ENSMUSG00000005547	0	0	0	0	0	0
ENSMUSG00000005621	1585	1856	1457	1694	1663	1736
ENSMUSG00000005696	0	0	0	0	0	0
ENSMUSG00000005716	0	0	0	4	4	12
ENSMUSG00000005763	0	0	0	0	0	0
ENSMUSG00000005800	14	48	0	2	6	8
ENSMUSG00000005824	0	0	0	0	0	0
ENSMUSG00000005836	79	104	61	147	167	60
ENSMUSG00000005883	0	0	0	0	0	0
ENSMUSG00000005891	0	0	0	0	0	0
ENSMUSG00000005892	0	0	0	0	0	0
ENSMUSG00000005917	2	0	7	0	2	0
ENSMUSG00000005980	0	0	0	0	0	0
ENSMUSG00000005982	1351	1414	1218	1141	1117	1401
ENSMUSG00000005994	0	0	0	0	0	0
ENSMUSG00000006007	0	4	2	0	0	4
ENSMUSG00000006154	0	12	44	15	12	27
ENSMUSG00000006191	778	801	716	924	719	1098
ENSMUSG00000006200	0	0	0	0	0	0
ENSMUSG00000006204	1	0	18	10	2	9
ENSMUSG00000006215	1682	1272	1035	1595	1464	2003
ENSMUSG00000006235	9	6	0	4	0	3
ENSMUSG00000006269	0	0	12	8	5	0
ENSMUSG00000006270	0	0	0	0	0	0
ENSMUSG00000006311	0	0	0	0	0	0
ENSMUSG00000006315	2798	3114	2447	2727	2379	2422
ENSMUSG00000006344	163	281	152	120	318	14
ENSMUSG00000006389	0	0	0	0	0	0
ENSMUSG00000006392	1742	1843	1653	2025	1781	2200
ENSMUSG00000006411	9	45	2	18	4	22
ENSMUSG00000006442	7690	6422	5027	7435	6666	6968
ENSMUSG00000006469	0	0	0	0	0	0
ENSMUSG00000006488	0	5	0	2	8	11
ENSMUSG00000006490	0	2	21	10	9	5
ENSMUSG00000006517	1688	1681	1375	1530	1337	728
ENSMUSG00000006567	4	3	14	4	17	0
ENSMUSG00000006570	0	0	0	0	0	0
ENSMUSG00000006574	0	0	0	0	0	0
ENSMUSG00000006717	652	732	975	600	680	661
ENSMUSG00000006930	8	4	0	0	1	27
ENSMUSG00000006948	0	0	0	0	0	0
ENSMUSG00000007030	8	0	17	8	8	10
ENSMUSG00000007097	7	51	35	112	121	228
ENSMUSG00000007122	17	91	14	151	229	82
ENSMUSG00000007209	0	0	0	0	0	0
ENSMUSG00000007279	20	16	3	2	27	2
ENSMUSG00000007457	0	0	0	0	0	0
ENSMUSG00000007613	1054	917	1856	1212	1728	2546
ENSMUSG00000007777	446	491	547	353	391	521
ENSMUSG00000007877	2	19	6	32	56	14
ENSMUSG00000007907	0	0	0	0	0	0
ENSMUSG00000007944	0	0	0	0	0	0
ENSMUSG00000007946	1	5	0	15	2	8
ENSMUSG00000008590	0	0	0	0	0	0
ENSMUSG00000008730	4776	4644	4700	4332	4096	6398
ENSMUSG00000008789	0	0	0	0	0	0
ENSMUSG00000008813	0	0	0	0	0	0
ENSMUSG00000008843	0	0	0	0	0	0
ENSMUSG00000008845	0	0	0	0	0	0
ENSMUSG00000008874	0	0	0	0	0	0
ENSMUSG00000008999	0	0	0	0	0	0
ENSMUSG00000009047	0	0	0	0	0	0
ENSMUSG00000009090	4027	4367	3242	3914	3486	2807
ENSMUSG00000009092	3	13	9	49	8	2
ENSMUSG00000009114	0	0	0	0	0	0
ENSMUSG00000009214	11	286	36	647	597	291
ENSMUSG00000009216	0	0	0	0	0	0
ENSMUSG00000009246	0	0	0	0	0	0
ENSMUSG00000009281	6	15	9	2	0	2
ENSMUSG00000009350	11	8	0	0	9	5
ENSMUSG00000009471	12	227	32	386	349	391
ENSMUSG00000009487	0	18	2	32	39	23
ENSMUSG00000009545	0	0	0	0	0	0
ENSMUSG00000009551	0	0	0	0	0	0
ENSMUSG00000009580	0	0	0	0	0	0
ENSMUSG00000009588	0	0	0	0	0	0
ENSMUSG00000009630	3256	2796	2612	2888	2715	3971
ENSMUSG00000009646	0	0	0	0	0	0
ENSMUSG00000009654	7	0	4	0	0	11
ENSMUSG00000009687	3446	3373	3768	3644	2558	5566
ENSMUSG00000009900	0	0	0	0	0	0
ENSMUSG00000009905	2155	1945	3015	1963	1604	2390
ENSMUSG00000009995	741	717	678	749	621	622
ENSMUSG00000010064	0	0	0	0	0	0
ENSMUSG00000010066	0	3	0	7	2	13
ENSMUSG00000010086	0	0	0	0	0	0
ENSMUSG00000010136	0	0	0	0	0	0
ENSMUSG00000010435	0	0	0	0	0	0
ENSMUSG00000010492	0	2	0	14	5	4
ENSMUSG00000010517	4824	4994	4349	5785	4751	5477
ENSMUSG00000010760	2	0	5	0	3	6
ENSMUSG00000010796	0	0	0	0	0	0
ENSMUSG00000010803	1	0	8	17	0	11
ENSMUSG00000010841	0	0	0	0	0	0
ENSMUSG00000011171	3	0	0	22	1	20
ENSMUSG00000011349	0	0	0	0	0	0
ENSMUSG00000011350	0	0	0	0	0	0
ENSMUSG00000011486	0	0	0	0	0	0
ENSMUSG00000011632	0	0	0	0	0	0
ENSMUSG00000012042	0	0	0	0	0	0
ENSMUSG00000012211	0	2	0	15	3	0
ENSMUSG00000012396	3	14	1	2	8	0
ENSMUSG00000012428	32	45	88	6	25	6
ENSMUSG00000012520	0	0	0	0	0	0
ENSMUSG00000012777	0	0	0	0	0	0
ENSMUSG00000013083	0	0	0	0	0	0
ENSMUSG00000013158	0	0	0	0	0	0
ENSMUSG00000013338	0	0	0	0	0	0
ENSMUSG00000013353	0	0	0	0	0	0
ENSMUSG00000013415	57	42	109	325	345	390
ENSMUSG00000013418	0	0	0	0	0	0
ENSMUSG00000013483	9	15	10	0	3	4
ENSMUSG00000013539	488	530	471	614	570	427
ENSMUSG00000013562	0	0	0	0	0	0
ENSMUSG00000013643	0	0	0	0	0	0
ENSMUSG00000013668	0	0	0	0	0	0
ENSMUSG00000013736	997	934	1182	946	1037	2289
ENSMUSG00000013766	0	0	0	0	0	0
ENSMUSG00000014030	0	2	10	0	0	4
ENSMUSG00000014039	731	724	678	740	682	836
ENSMUSG00000014074	1372	1413	1379	1559	1363	1740
ENSMUSG00000014104	0	0	0	0	0	0
ENSMUSG00000014226	3143	2257	3157	1960	2133	6891
ENSMUSG00000014453	0	0	0	0	0	11
ENSMUSG00000014504	874	946	890	874	826	1076
ENSMUSG00000014529	0	0	0	0	0	0
ENSMUSG00000014542	0	0	0	0	0	0
ENSMUSG00000014543	0	0	0	0	0	0
ENSMUSG00000014603	0	0	0	0	0	0
ENSMUSG00000014686	0	0	0	0	0	0
ENSMUSG00000014769	9948	9560	8446	10262	8495	8592
ENSMUSG00000014852	0	0	0	0	0	0
ENSMUSG00000015001	0	0	0	0	0	0
ENSMUSG00000015085	26	42	11	16	11	4
ENSMUSG00000015090	0	0	0	0	0	0
ENSMUSG00000015095	1621	1531	1554	1580	1470	1412
ENSMUSG00000015224	50	40	91	62	73	58
ENSMUSG00000015242	0	0	0	0	0	0
ENSMUSG00000015314	0	0	0	0	0	0
ENSMUSG00000015340	25	91	2	0	27	11
ENSMUSG00000015355	0	0	0	0	0	0
ENSMUSG00000015377	168	103	119	96	97	115
ENSMUSG00000015396	2	0	0	11	6	0
ENSMUSG00000015401	0	0	0	0	0	0
ENSMUSG00000015441	0	0	0	0	0	0
ENSMUSG00000015443	0	0	0	0	0	0
ENSMUSG00000015484	0	0	0	0	0	0
ENSMUSG00000015519	0	0	0	0	0	0
ENSMUSG00000015533	193	170	272	474	408	2794
ENSMUSG00000015627	0	0	0	0	0	0
ENSMUSG00000015665	0	0	0	0	0	0
ENSMUSG00000015668	2607	2600	2399	3349	2609	2451
ENSMUSG00000015714	6986	6078	6222	6270	5751	8082
ENSMUSG00000015745	1198	1569	1090	1814	1734	1096
ENSMUSG00000015787	0	0	0	0	0	0
ENSMUSG00000015852	0	0	0	0	0	0
ENSMUSG00000015947	0	0	0	0	0	0
ENSMUSG00000015961	3540	3389	3872	4256	3758	5509
ENSMUSG00000015962	0	0	0	0	0	0
ENSMUSG00000015968	6	0	2	12	11	0
ENSMUSG00000016087	410	369	440	309	301	547
ENSMUSG00000016255	0	0	0	0	0	0
ENSMUSG00000016386	8	0	12	5	16	30
ENSMUSG00000016458	9	87	2	9	5	0
ENSMUSG00000016498	0	0	0	0	0	0
ENSMUSG00000016529	0	0	0	0	0	0
ENSMUSG00000016626	0	0	0	0	0	0
ENSMUSG00000016942	14	14	2	7	4	0
ENSMUSG00000016998	0	0	0	0	0	0
ENSMUSG00000017000	0	0	0	0	0	0
ENSMUSG00000017003	0	0	0	0	0	0
ENSMUSG00000017004	0	0	0	0	0	0
ENSMUSG00000017007	0	0	0	0	0	0
ENSMUSG00000017049	0	0	0	0	0	0
ENSMUSG00000017064	0	0	0	0	0	0
ENSMUSG00000017165	0	0	0	0	0	0
ENSMUSG00000017204	0	0	0	0	0	0
ENSMUSG00000017211	0	0	0	0	0	0
ENSMUSG00000017300	10	157	35	267	464	129
ENSMUSG00000017307	439	453	404	391	394	374
ENSMUSG00000017309	0	0	0	0	0	0
ENSMUSG00000017310	0	0	0	0	0	0
ENSMUSG00000017311	0	0	0	0	0	0
ENSMUSG00000017316	0	0	0	0	0	0
ENSMUSG00000017446	246	926	356	269	409	37
ENSMUSG00000017588	0	0	0	0	0	0
ENSMUSG00000017607	59	160	88	84	69	133
ENSMUSG00000017667	1182	1438	1019	1376	1221	1225
ENSMUSG00000017688	0	0	0	0	0	0
ENSMUSG00000017692	43	40	51	63	64	79
ENSMUSG00000017697	474	742	333	400	479	261
ENSMUSG00000017720	0	0	0	0	0	0
ENSMUSG00000017723	0	0	0	0	0	0
ENSMUSG00000017733	0	0	0	0	0	0
ENSMUSG00000017737	1530	1211	193	2506	1902	7521
ENSMUSG00000017740	12	24	0	4	14	2
ENSMUSG00000017767	0	0	0	0	1	2
ENSMUSG00000017868	0	0	0	0	0	0
ENSMUSG00000017922	0	0	0	0	0	0
ENSMUSG00000017950	0	0	0	0	0	0
ENSMUSG00000018008	3	26	0	0	0	4
ENSMUSG00000018166	16	98	18	159	131	159
ENSMUSG00000018168	0	0	0	0	0	0
ENSMUSG00000018211	0	0	0	0	0	0
ENSMUSG00000018238	10	25	0	11	8	4
ENSMUSG00000018259	0	0	0	0	0	0
ENSMUSG00000018263	8	23	8	10	5	0
ENSMUSG00000018322	1525	1323	1498	1770	1400	1698
ENSMUSG00000018326	7295	7141	7452	8081	7105	7229
ENSMUSG00000018341	0	0	0	0	0	0
ENSMUSG00000018398	6977	7847	5886	7709	7266	5178
ENSMUSG00000018486	0	0	0	0	0	0
ENSMUSG00000018554	0	0	0	0	0	0
ENSMUSG00000018589	0	0	0	0	0	0
ENSMUSG00000018595	0	0	0	0	0	0
ENSMUSG00000018620	0	0	0	0	0	0
ENSMUSG00000018623	0	0	0	0	0	0
ENSMUSG00000018634	0	0	0	0	0	0
ENSMUSG00000018656	0	0	0	0	0	0
ENSMUSG00000018698	0	0	0	0	0	0
ENSMUSG00000018707	36184	35948	34121	29559	31262	34177
ENSMUSG00000018776	0	0	0	0	0	0
ENSMUSG00000018822	0	0	0	0	0	0
ENSMUSG00000018844	0	0	0	0	0	0
ENSMUSG00000018845	0	32	7	147	116	80
ENSMUSG00000018862	0	0	0	0	0	0
ENSMUSG00000018868	0	0	0	0	0	0
ENSMUSG00000018893	16	157	54	418	456	206
ENSMUSG00000018907	0	0	0	0	0	0
ENSMUSG00000018914	0	0	0	0	0	0
ENSMUSG00000018916	0	0	0	0	3	13
ENSMUSG00000018919	0	0	0	0	0	0
ENSMUSG00000018924	0	0	0	0	0	0
ENSMUSG00000018927	53	302	13	32	75	25
ENSMUSG00000018930	3	10	0	0	2	0
ENSMUSG00000018973	0	0	0	0	0	0
ENSMUSG00000019039	915	634	781	926	677	840
ENSMUSG00000019102	59	21	30	43	10	990
ENSMUSG00000019143	877	919	723	960	959	937
ENSMUSG00000019146	0	0	0	0	0	0
ENSMUSG00000019230	28	4	40	6	2	31
ENSMUSG00000019232	0	0	0	0	0	0
ENSMUSG00000019301	10	15	11	0	2	0
ENSMUSG00000019312	0	0	0	0	0	0
ENSMUSG00000019359	6	26	1	6	12	0
ENSMUSG00000019368	0	0	0	0	0	0
ENSMUSG00000019429	0	0	0	0	0	0
ENSMUSG00000019489	0	0	0	0	0	0
ENSMUSG00000019539	11933	20695	6662	14587	18657	6018
ENSMUSG00000019762	0	0	0	0	0	0
ENSMUSG00000019763	598	523	467	480	566	569
ENSMUSG00000019772	0	0	0	0	0	0
ENSMUSG00000019779	907	1013	1938	1264	1500	2323
ENSMUSG00000019785	0	0	0	0	0	0
ENSMUSG00000019787	0	13	0	0	7	14
ENSMUSG00000019814	1702	1509	1409	1634	1622	2127
ENSMUSG00000019823	1891	2225	1248	1900	2104	1209
ENSMUSG00000019836	0	0	0	0	0	0
ENSMUSG00000019848	7	61	19	112	100	98
ENSMUSG00000019900	0	0	0	0	0	0
ENSMUSG00000019905	0	0	0	0	0	0
ENSMUSG00000019909	0	0	0	0	0	0
ENSMUSG00000019932	0	0	0	0	0	0
ENSMUSG00000019936	0	0	0	0	0	0
ENSMUSG00000019945	0	0	0	0	0	0
ENSMUSG00000020007	27	101	17	27	44	4
ENSMUSG00000020010	0	0	0	0	0	0
ENSMUSG00000020017	16	29	0	8	17	6
ENSMUSG00000020033	0	0	0	0	0	0
ENSMUSG00000020051	0	0	0	0	0	0
ENSMUSG00000020061	5	97	31	189	249	111
ENSMUSG00000020067	6	50	4	59	90	64
ENSMUSG00000020075	8326	7160	7294	9059	7547	12942
ENSMUSG00000020077	0	10	0	0	4	2
ENSMUSG00000020080	2	1	8	0	0	7
ENSMUSG00000020116	2154	2126	2330	2315	2124	3600
ENSMUSG00000020123	1401	2258	1831	2603	2941	1284
ENSMUSG00000020137	496	649	588	610	544	894
ENSMUSG00000020164	0	0	0	0	0	0
ENSMUSG00000020168	0	0	0	0	0	0
ENSMUSG00000020169	3	0	4	0	11	6
ENSMUSG00000020177	0	0	0	0	0	0
ENSMUSG00000020184	5140	5175	6389	4309	5094	10184
ENSMUSG00000020213	0	0	0	0	0	0
ENSMUSG00000020214	0	0	0	0	0	0
ENSMUSG00000020216	4	54	4	60	106	79
ENSMUSG00000020229	0	0	0	0	0	0
ENSMUSG00000020241	1122	5622	509	1379	2196	361
ENSMUSG00000020261	1405	1855	1466	1240	1386	1123
ENSMUSG00000020264	1	8	0	0	0	6
ENSMUSG00000020270	0	0	0	0	0	0
ENSMUSG00000020286	0	0	0	0	0	0
ENSMUSG00000020295	0	0	0	0	0	0
ENSMUSG00000020297	8	12	2	0	5	0
ENSMUSG00000020310	0	0	2	0	2	2
ENSMUSG00000020323	4	4	0	0	8	0
ENSMUSG00000020328	2607	2786	2091	2657	2410	2499
ENSMUSG00000020332	0	0	0	0	0	0
ENSMUSG00000020340	31	23	12	45	12	40
ENSMUSG00000020376	1208	1229	1443	977	965	1104
ENSMUSG00000020383	0	0	0	0	0	0
ENSMUSG00000020395	0	0	0	0	0	0
ENSMUSG00000020401	0	0	0	0	0	0
ENSMUSG00000020405	0	0	0	0	0	0
ENSMUSG00000020428	0	0	0	0	0	0
ENSMUSG00000020429	0	0	0	0	0	0
ENSMUSG00000020436	0	0	0	0	0	0
ENSMUSG00000020454	2353	2279	2173	2379	2338	2718
ENSMUSG00000020475	105	442	19	181	177	24
ENSMUSG00000020481	0	0	0	0	0	0
ENSMUSG00000020486	10	12	8	6	12	0
ENSMUSG00000020490	0	0	0	0	0	0
ENSMUSG00000020524	0	11	0	2	0	0
ENSMUSG00000020545	0	0	0	0	0	0
ENSMUSG00000020562	0	0	0	0	0	0
ENSMUSG00000020581	0	0	0	0	0	0
ENSMUSG00000020583	56	78	37	40	41	29
ENSMUSG00000020591	0	0	0	0	0	0
ENSMUSG00000020599	3	0	10	8	10	22
ENSMUSG00000020600	0	0	0	0	0	0
ENSMUSG00000020622	0	0	0	0	0	0
ENSMUSG00000020636	0	0	0	0	0	0
ENSMUSG00000020641	0	5	9	12	0	13
ENSMUSG00000020647	586	680	796	602	567	591
ENSMUSG00000020651	0	0	0	0	0	0
ENSMUSG00000020671	7010	7253	7736	7607	6640	9141
ENSMUSG00000020673	0	0	0	0	0	0
ENSMUSG00000020676	27	133	68	318	330	316
ENSMUSG00000020686	0	0	0	0	0	0
ENSMUSG00000020690	0	0	0	0	0	0
ENSMUSG00000020698	3	8	13	0	1	8
ENSMUSG00000020702	0	0	0	0	0	0
ENSMUSG00000020704	0	0	0	0	0	0
ENSMUSG00000020713	0	0	0	0	0	0
ENSMUSG00000020722	2	124	35	197	207	173
ENSMUSG00000020732	2	20	13	0	2	6
ENSMUSG00000020734	0	0	0	0	0	0
ENSMUSG00000020783	1547	1770	1676	1890	1725	1806
ENSMUSG00000020787	4	0	0	4	2	0
ENSMUSG00000020793	0	3	11	2	7	0
ENSMUSG00000020805	5	36	0	14	11	6
ENSMUSG00000020821	15517	12327	14724	12754	12509	11931
ENSMUSG00000020826	7	80	4	34	52	0
ENSMUSG00000020847	4	0	7	0	0	7
ENSMUSG00000020848	4	22	3	3	10	0
ENSMUSG00000020867	0	2	8	0	10	0
ENSMUSG00000020869	25360	24877	19498	29243	25009	22102
ENSMUSG00000020887	0	0	0	0	0	0
ENSMUSG00000020898	2503	2103	1867	2313	2205	2450
ENSMUSG00000020901	834	218	790	397	357	915
ENSMUSG00000020907	0	0	0	0	0	0
ENSMUSG00000020908	86	1339	220	2079	3268	1413
ENSMUSG00000020912	0	0	0	0	0	0
ENSMUSG00000020913	0	0	0	0	0	0
ENSMUSG00000020916	0	0	0	0	0	0
ENSMUSG00000020928	0	0	0	0	0	0
ENSMUSG00000020936	7545	7362	6717	7874	7332	7759
ENSMUSG00000020945	0	0	0	0	0	0
ENSMUSG00000020952	1590	1974	1650	1803	1889	2186
ENSMUSG00000021032	0	3	0	0	13	0
ENSMUSG00000021056	0	0	0	0	0	0
ENSMUSG00000021061	0	14	2	17	30	10
ENSMUSG00000021078	0	0	0	0	0	0
ENSMUSG00000021081	5	0	0	0	0	9
ENSMUSG00000021091	560	5416	1272	1168	140	18
ENSMUSG00000021095	35	26	12	11	26	59
ENSMUSG00000021099	0	0	0	0	0	0
ENSMUSG00000021101	0	0	0	0	0	0
ENSMUSG00000021118	4	4	13	6	0	77
ENSMUSG00000021135	0	0	0	0	0	0
ENSMUSG00000021139	44	44	52	28	20	50
ENSMUSG00000021148	0	0	0	0	0	0
ENSMUSG00000021182	11	36	3	71	67	79
ENSMUSG00000021189	805	680	1131	659	710	1118
ENSMUSG00000021207	0	0	0	0	0	0
ENSMUSG00000021210	0	0	0	0	0	0
ENSMUSG00000021211	7	0	6	13	0	12
ENSMUSG00000021214	64	98	237	158	111	1423
ENSMUSG00000021239	0	0	0	0	0	0
ENSMUSG00000021250	380	938	262	383	537	187
ENSMUSG00000021255	0	0	4	11	2	0
ENSMUSG00000021301	0	4	4	10	21	20
ENSMUSG00000021313	6	3	8	0	2	9
ENSMUSG00000021318	2063	2135	1834	2066	1962	2506
ENSMUSG00000021319	0	12	6	20	20	16
ENSMUSG00000021336	0	0	0	0	0	0
ENSMUSG00000021337	0	0	0	0	0	0
ENSMUSG00000021346	0	0	0	0	0	0
ENSMUSG00000021347	0	0	0	0	0	0
ENSMUSG00000021348	0	2	8	11	1	0
ENSMUSG00000021362	0	0	0	0	0	0
ENSMUSG00000021363	0	0	0	0	0	0
ENSMUSG00000021375	1725	1629	1588	1315	1522	1562
ENSMUSG00000021376	286	220	249	247	244	270
ENSMUSG00000021381	0	0	0	0	0	0
ENSMUSG00000021404	7	0	60	12	8	156
ENSMUSG00000021411	1298	978	1186	1077	934	1146
ENSMUSG00000021414	0	0	0	0	0	0
ENSMUSG00000021415	0	0	0	0	0	0
ENSMUSG00000021423	0	10	0	0	0	0
ENSMUSG00000021439	0	0	0	0	0	0
ENSMUSG00000021440	0	0	0	0	0	0
ENSMUSG00000021441	0	0	0	0	0	0
ENSMUSG00000021456	0	0	0	0	0	0
ENSMUSG00000021481	1105	1233	1005	1082	1013	927
ENSMUSG00000021488	5541	5593	6236	5624	6223	8170
ENSMUSG00000021490	0	0	0	0	0	0
ENSMUSG00000021492	0	0	0	0	0	0
ENSMUSG00000021493	8034	7466	4986	8494	8262	7203
ENSMUSG00000021495	1154	935	864	737	844	1033
ENSMUSG00000021538	0	0	0	0	0	0
ENSMUSG00000021545	0	0	0	0	0	0
ENSMUSG00000021565	0	0	4	0	7	10
ENSMUSG00000021566	0	0	0	0	0	0
ENSMUSG00000021587	8	13	47	15	6	92
ENSMUSG00000021600	0	0	0	0	0	0
ENSMUSG00000021604	0	0	0	0	0	0
ENSMUSG00000021609	0	0	0	0	0	0
ENSMUSG00000021612	0	0	0	0	0	0
ENSMUSG00000021624	17	15	0	4	11	6
ENSMUSG00000021636	0	5	2	20	31	11
ENSMUSG00000021640	0	0	12	0	0	5
ENSMUSG00000021679	0	0	0	0	0	0
ENSMUSG00000021685	0	0	0	0	0	0
ENSMUSG00000021711	2017	2200	2035	2141	2181	2455
ENSMUSG00000021718	0	0	0	0	0	0
ENSMUSG00000021730	7	0	12	24	12	85
ENSMUSG00000021743	0	0	0	0	0	0
ENSMUSG00000021749	0	0	0	0	0	0
ENSMUSG00000021750	0	1	0	9	6	0
ENSMUSG00000021768	1	10	0	14	33	28
ENSMUSG00000021789	0	0	0	0	0	0
ENSMUSG00000021795	0	0	0	0	0	0
ENSMUSG00000021797	0	0	0	0	0	0
ENSMUSG00000021799	0	86	27	0	0	0
ENSMUSG00000021803	87	24	4	12	25	41
ENSMUSG00000021804	0	0	0	0	0	0
ENSMUSG00000021810	2718	2780	2338	2957	2646	3076
ENSMUSG00000021850	0	0	0	0	0	0
ENSMUSG00000021871	0	0	0	0	0	0
ENSMUSG00000021872	102	83	55	47	79	3
ENSMUSG00000021874	0	0	0	0	0	0
ENSMUSG00000021880	0	0	0	0	0	0
ENSMUSG00000021907	0	0	0	0	0	0
ENSMUSG00000021908	0	361	339	1	0	1
ENSMUSG00000021943	12	181	2	12	13	9
ENSMUSG00000021950	674	14204	3201	995	666	889
ENSMUSG00000021953	0	0	0	0	0	0
ENSMUSG00000021961	0	0	0	0	0	0
ENSMUSG00000021966	0	0	0	0	0	0
ENSMUSG00000021977	0	0	0	0	0	0
ENSMUSG00000021991	6	0	2	3	0	11
ENSMUSG00000021997	0	0	0	0	0	0
ENSMUSG00000021999	0	0	0	0	0	0
ENSMUSG00000022002	0	0	0	0	0	0
ENSMUSG00000022015	121	380	29	68	112	13
ENSMUSG00000022018	373	940	449	692	1009	45
ENSMUSG00000022025	0	0	0	0	0	0
ENSMUSG00000022026	0	0	0	0	0	0
ENSMUSG00000022032	12	102	4	18	9	2
ENSMUSG00000022039	0	0	0	0	0	0
ENSMUSG00000022056	0	0	0	0	0	0
ENSMUSG00000022061	0	0	0	0	0	0
ENSMUSG00000022066	0	0	0	0	0	0
ENSMUSG00000022076	25	0	37	10	6	55
ENSMUSG00000022085	0	0	0	0	0	0
ENSMUSG00000022097	0	0	0	0	0	0
ENSMUSG00000022101	0	0	0	0	0	0
ENSMUSG00000022112	2	0	0	0	0	2
ENSMUSG00000022113	0	0	0	0	0	0
ENSMUSG00000022123	14	12	7	17	26	3
ENSMUSG00000022126	16	44	1	2	13	2
ENSMUSG00000022149	0	0	0	0	0	0
ENSMUSG00000022155	0	0	0	0	0	0
ENSMUSG00000022181	0	0	0	0	0	0
ENSMUSG00000022186	7802	7800	7922	8488	6882	7935
ENSMUSG00000022187	0	0	0	0	0	0
ENSMUSG00000022191	2000	2068	1680	2471	2084	2382
ENSMUSG00000022212	0	0	0	0	0	0
ENSMUSG00000022214	1061	1197	1007	1073	852	680
ENSMUSG00000022225	6	0	7	6	0	0
ENSMUSG00000022226	0	0	0	0	0	0
ENSMUSG00000022227	0	0	0	0	0	0
ENSMUSG00000022229	0	0	0	0	0	0
ENSMUSG00000022234	25928	19878	20564	25463	21584	28622
ENSMUSG00000022243	2	0	0	0	0	0
ENSMUSG00000022245	0	0	0	0	0	0
ENSMUSG00000022262	0	0	0	0	0	0
ENSMUSG00000022285	19000	17087	16350	17792	14927	21160
ENSMUSG00000022288	0	0	0	0	0	0
ENSMUSG00000022303	0	0	0	0	0	0
ENSMUSG00000022311	2	0	15	24	22	58
ENSMUSG00000022315	0	0	0	0	0	0
ENSMUSG00000022325	1894	1242	936	2690	2205	2949
ENSMUSG00000022329	587	697	958	890	820	1606
ENSMUSG00000022340	32	7	60	6	0	35
ENSMUSG00000022342	0	0	0	0	0	0
ENSMUSG00000022347	0	0	0	0	0	0
ENSMUSG00000022350	9020	9185	10270	8657	3856	8668
ENSMUSG00000022371	827	5616	177	700	1727	36
ENSMUSG00000022372	0	0	0	3	7	5
ENSMUSG00000022375	0	0	0	0	0	0
ENSMUSG00000022388	0	0	0	0	0	0
ENSMUSG00000022394	1349	1151	1139	1377	1167	1652
ENSMUSG00000022429	0	0	0	0	0	0
ENSMUSG00000022435	0	0	0	0	0	0
ENSMUSG00000022455	0	0	0	0	0	0
ENSMUSG00000022484	1078	1135	913	1116	1080	896
ENSMUSG00000022488	26	54	2	6	19	29
ENSMUSG00000022490	0	0	2	8	0	8
ENSMUSG00000022491	0	0	0	0	0	0
ENSMUSG00000022494	0	0	0	0	0	0
ENSMUSG00000022496	0	0	0	0	0	0
ENSMUSG00000022501	0	0	0	0	0	0
ENSMUSG00000022510	4	47	0	39	46	5
ENSMUSG00000022526	1421	1713	1027	1451	1491	1332
ENSMUSG00000022534	0	0	0	0	0	0
ENSMUSG00000022579	0	0	0	0	0	0
ENSMUSG00000022583	21	16	19	8	0	14
ENSMUSG00000022586	1	21	28	15	27	6
ENSMUSG00000022589	0	0	0	0	0	0
ENSMUSG00000022595	0	0	0	0	0	0
ENSMUSG00000022598	12	6	0	0	0	0
ENSMUSG00000022603	0	0	0	0	0	0
ENSMUSG00000022613	0	0	0	0	0	0
ENSMUSG00000022619	1	0	15	0	0	0
ENSMUSG00000022622	0	0	0	0	0	0
ENSMUSG00000022639	719	1129	878	673	711	1087
ENSMUSG00000022650	0	0	0	0	0	0
ENSMUSG00000022651	0	0	0	0	0	0
ENSMUSG00000022659	0	0	0	0	0	0
ENSMUSG00000022661	55	58	37	87	685	74
ENSMUSG00000022683	0	0	0	0	0	0
ENSMUSG00000022696	0	0	0	0	0	0
ENSMUSG00000022705	0	0	0	0	0	0
ENSMUSG00000022715	0	0	0	0	0	0
ENSMUSG00000022738	0	0	0	0	0	0
ENSMUSG00000022753	0	0	0	0	0	0
ENSMUSG00000022755	0	0	0	0	0	0
ENSMUSG00000022780	0	0	0	0	0	0
ENSMUSG00000022783	0	0	0	0	0	0
ENSMUSG00000022790	93	13	219	131	97	646
ENSMUSG00000022798	0	0	0	0	0	0
ENSMUSG00000022809	0	0	0	0	0	0
ENSMUSG00000022831	8	21	31	0	3	10
ENSMUSG00000022832	0	0	0	0	0	0
ENSMUSG00000022838	19	35	17	18	7	8
ENSMUSG00000022849	643	558	455	477	337	632
ENSMUSG00000022857	0	0	0	0	0	0
ENSMUSG00000022868	0	0	0	0	0	0
ENSMUSG00000022875	11	20	11	18	31	0
ENSMUSG00000022877	0	0	0	0	0	0
ENSMUSG00000022878	0	9	150	0	0	2
ENSMUSG00000022899	4	0	9	3	2	23
ENSMUSG00000022901	0	0	0	0	0	0
ENSMUSG00000022902	0	0	0	0	0	0
ENSMUSG00000022931	0	0	0	0	0	0
ENSMUSG00000022935	0	0	2	5	10	0
ENSMUSG00000022956	6998	6422	5817	7726	6368	5928
ENSMUSG00000022991	0	0	0	0	0	0
ENSMUSG00000023019	2	11	56	21	10	8
ENSMUSG00000023020	1367	1324	1240	1169	1179	1187
ENSMUSG00000023041	0	0	0	0	0	0
ENSMUSG00000023043	4	0	3	8	2	96
ENSMUSG00000023057	0	0	0	0	0	0
ENSMUSG00000023070	0	0	0	0	0	0
ENSMUSG00000023073	0	0	0	0	0	0
ENSMUSG00000023078	0	0	0	0	0	0
ENSMUSG00000023083	0	0	0	0	0	0
ENSMUSG00000023092	1338	1492	1083	1945	1700	904
ENSMUSG00000023093	0	0	0	0	0	0
ENSMUSG00000023120	0	0	0	0	0	0
ENSMUSG00000023122	0	0	0	0	0	0
ENSMUSG00000023132	0	0	0	0	0	0
ENSMUSG00000023165	0	0	0	0	0	0
ENSMUSG00000023176	0	0	0	0	0	0
ENSMUSG00000023185	0	0	0	0	0	0
ENSMUSG00000023210	0	0	0	0	0	0
ENSMUSG00000023224	726	3673	271	379	1177	120
ENSMUSG00000023249	6529	7658	6830	5066	7085	5098
ENSMUSG00000023263	0	0	0	0	0	0
ENSMUSG00000023274	0	0	0	0	0	0
ENSMUSG00000023289	0	0	0	0	0	0
ENSMUSG00000023336	0	0	4	2	0	11
ENSMUSG00000023349	28	99	5	20	15	3
ENSMUSG00000023350	0	0	0	0	0	0
ENSMUSG00000023387	0	0	0	0	0	0
ENSMUSG00000023433	0	0	0	0	0	0
ENSMUSG00000023443	0	0	0	0	0	0
ENSMUSG00000023467	0	6	14	4	6	0
ENSMUSG00000023802	0	0	0	0	0	0
ENSMUSG00000023828	0	0	0	0	0	15
ENSMUSG00000023902	0	3	0	0	2	0
ENSMUSG00000023906	0	0	0	0	0	0
ENSMUSG00000023911	3	15	21	2	16	0
ENSMUSG00000023914	0	0	2	0	0	10
ENSMUSG00000023921	1036	1347	1597	1241	1322	1131
ENSMUSG00000023926	0	0	0	0	0	0
ENSMUSG00000023943	0	0	0	0	0	0
ENSMUSG00000023949	0	0	0	0	0	0
ENSMUSG00000023968	1	0	0	12	2	0
ENSMUSG00000023978	0	0	0	0	0	0
ENSMUSG00000023987	0	0	0	0	0	0
ENSMUSG00000023995	0	0	0	0	0	0
ENSMUSG00000024002	1620	1611	1214	1576	1541	1592
ENSMUSG00000024011	1	42	16	10	10	0
ENSMUSG00000024028	0	0	0	0	0	0
ENSMUSG00000024029	0	0	0	0	0	0
ENSMUSG00000024030	82	22	376	31	33	108
ENSMUSG00000024032	0	0	0	0	0	0
ENSMUSG00000024034	0	0	0	0	0	0
ENSMUSG00000024065	350	467	285	453	403	262
ENSMUSG00000024084	420	322	109	314	243	431
ENSMUSG00000024088	0	0	0	0	0	0
ENSMUSG00000024105	0	0	0	0	0	0
ENSMUSG00000024109	4	0	0	8	8	23
ENSMUSG00000024116	0	0	0	0	0	0
ENSMUSG00000024124	0	0	0	0	0	0
ENSMUSG00000024125	0	0	0	0	0	0
ENSMUSG00000024128	0	0	0	0	0	0
ENSMUSG00000024171	0	0	0	0	0	0
ENSMUSG00000024172	0	0	0	0	0	0
ENSMUSG00000024175	0	0	0	0	0	0
ENSMUSG00000024186	12	29	21	12	13	0
ENSMUSG00000024210	7	8	9	0	17	12
ENSMUSG00000024211	11	4	2	14	0	3
ENSMUSG00000024220	681	712	583	523	617	495
ENSMUSG00000024223	0	0	0	0	0	0
ENSMUSG00000024224	0	0	0	0	0	0
ENSMUSG00000024227	0	0	0	0	0	0
ENSMUSG00000024233	0	0	0	0	0	0
ENSMUSG00000024245	0	0	0	0	0	0
ENSMUSG00000024254	0	0	0	0	0	0
ENSMUSG00000024256	0	0	0	0	0	0
ENSMUSG00000024266	0	0	0	0	0	0
ENSMUSG00000024292	0	0	0	0	0	0
ENSMUSG00000024300	2	37	0	9	1	1
ENSMUSG00000024306	0	0	0	0	0	0
ENSMUSG00000024313	0	0	0	0	0	0
ENSMUSG00000024331	55	19	207	151	93	331
ENSMUSG00000024340	0	0	0	0	0	0
ENSMUSG00000024353	0	0	0	0	0	0
ENSMUSG00000024366	0	0	0	0	0	0
ENSMUSG00000024397	0	0	0	0	0	0
ENSMUSG00000024401	7	18	0	12	9	0
ENSMUSG00000024402	0	0	9	0	0	6
ENSMUSG00000024411	0	0	0	0	0	0
ENSMUSG00000024448	0	0	0	0	0	0
ENSMUSG00000024459	2	0	3	0	2	19
ENSMUSG00000024471	0	11	6	28	29	2
ENSMUSG00000024479	6	0	0	0	5	4
ENSMUSG00000024481	0	11	8	0	4	12
ENSMUSG00000024485	0	0	0	0	0	0
ENSMUSG00000024497	0	0	0	0	0	0
ENSMUSG00000024500	3	18	1	8	21	0
ENSMUSG00000024503	0	0	0	0	0	0
ENSMUSG00000024510	0	0	0	0	0	0
ENSMUSG00000024512	25	3	14	27	9	184
ENSMUSG00000024517	0	0	0	0	0	0
ENSMUSG00000024519	0	0	0	0	0	0
ENSMUSG00000024530	10	4	25	1	2	29
ENSMUSG00000024533	2852	2466	2369	2922	2350	3235
ENSMUSG00000024546	0	0	0	0	0	0
ENSMUSG00000024553	0	0	0	0	0	0
ENSMUSG00000024561	1684	1984	1969	2113	1847	2009
ENSMUSG00000024598	461	1213	238	613	830	407
ENSMUSG00000024619	0	0	0	0	0	0
ENSMUSG00000024650	0	0	0	0	0	0
ENSMUSG00000024669	0	0	0	0	0	0
ENSMUSG00000024672	4	18	0	0	0	0
ENSMUSG00000024675	0	0	0	0	0	0
ENSMUSG00000024677	0	0	0	0	0	0
ENSMUSG00000024679	8	14	15	0	7	8
ENSMUSG00000024681	0	0	0	0	0	0
ENSMUSG00000024682	0	0	0	0	0	0
ENSMUSG00000024694	0	0	0	0	0	0
ENSMUSG00000024728	0	0	0	0	0	0
ENSMUSG00000024729	0	0	0	0	0	0
ENSMUSG00000024730	0	0	0	0	0	0
ENSMUSG00000024731	0	0	0	0	0	0
ENSMUSG00000024734	0	0	0	0	0	0
ENSMUSG00000024738	0	0	0	0	0	0
ENSMUSG00000024747	12	8	112	52	13	0
ENSMUSG00000024749	0	0	0	0	0	0
ENSMUSG00000024757	0	0	0	0	0	0
ENSMUSG00000024768	0	0	0	0	0	0
ENSMUSG00000024774	0	0	0	0	0	0
ENSMUSG00000024806	0	0	0	0	0	0
ENSMUSG00000024815	0	0	0	0	0	0
ENSMUSG00000024837	0	0	0	0	0	0
ENSMUSG00000024857	0	0	0	0	0	0
ENSMUSG00000024863	0	0	0	0	0	0
ENSMUSG00000024868	0	0	0	0	0	0
ENSMUSG00000024870	9690	8584	8224	9653	8401	7490
ENSMUSG00000024887	542	656	710	426	580	682
ENSMUSG00000024892	1657	1204	1850	2086	1618	2204
ENSMUSG00000024903	0	0	0	0	0	0
ENSMUSG00000024905	0	13	20	42	17	14
ENSMUSG00000024922	0	0	0	0	0	0
ENSMUSG00000024935	23	25	0	3	2	0
ENSMUSG00000024972	2	0	14	0	0	0
ENSMUSG00000024979	0	0	0	0	0	0
ENSMUSG00000024987	0	0	0	0	0	0
ENSMUSG00000024992	0	0	0	0	0	0
ENSMUSG00000025003	0	0	0	0	0	0
ENSMUSG00000025004	0	0	0	0	0	0
ENSMUSG00000025014	0	0	0	0	0	0
ENSMUSG00000025017	10	13	1	0	12	5
ENSMUSG00000025037	4181	3743	6099	4258	3525	5727
ENSMUSG00000025038	0	0	8	12	0	0
ENSMUSG00000025043	0	0	0	0	0	0
ENSMUSG00000025044	7	10	0	0	4	0
ENSMUSG00000025047	5614	5073	4302	5163	4718	5896
ENSMUSG00000025051	0	0	0	0	0	0
ENSMUSG00000025056	0	0	0	0	0	0
ENSMUSG00000025082	0	0	0	0	0	0
ENSMUSG00000025092	382	456	456	474	400	396
ENSMUSG00000025094	0	0	0	0	0	0
ENSMUSG00000025129	0	5	0	12	12	2
ENSMUSG00000025135	1601	1356	1111	1670	1388	1513
ENSMUSG00000025163	0	0	0	0	0	0
ENSMUSG00000025172	11	4	0	15	16	8
ENSMUSG00000025175	2	9	0	37	26	8
ENSMUSG00000025201	0	0	0	0	0	0
ENSMUSG00000025203	33325	49293	34613	38881	38974	20401
ENSMUSG00000025215	0	0	0	0	0	0
ENSMUSG00000025216	2	2	0	0	12	13
ENSMUSG00000025219	0	0	0	0	0	0
ENSMUSG00000025270	0	0	0	0	0	0
ENSMUSG00000025279	0	6	0	4	10	0
ENSMUSG00000025288	0	0	0	0	0	0
ENSMUSG00000025318	6	0	0	0	12	1
ENSMUSG00000025329	0	2	0	4	2	0
ENSMUSG00000025333	0	0	0	0	0	0
ENSMUSG00000025362	17361	16970	14329	16435	16818	18030
ENSMUSG00000025364	13129	10326	10364	14000	10862	17156
ENSMUSG00000025389	0	0	0	0	0	0
ENSMUSG00000025395	1133	851	864	1286	968	2059
ENSMUSG00000025396	0	0	0	0	0	0
ENSMUSG00000025400	0	0	0	0	0	0
ENSMUSG00000025403	9621	9001	6116	8343	7976	8173
ENSMUSG00000025405	0	0	0	0	0	0
ENSMUSG00000025407	7	15	0	14	6	9
ENSMUSG00000025418	0	0	0	0	0	0
ENSMUSG00000025425	7	0	0	0	0	2
ENSMUSG00000025427	2	29	2	18	21	23
ENSMUSG00000025431	0	0	0	0	0	0
ENSMUSG00000025433	0	0	0	0	0	0
ENSMUSG00000025450	0	0	0	0	0	0
ENSMUSG00000025461	0	0	0	0	0	0
ENSMUSG00000025467	0	0	0	0	0	0
ENSMUSG00000025469	0	0	0	0	0	0
ENSMUSG00000025480	3	0	8	10	1	0
ENSMUSG00000025482	0	0	0	0	0	0
ENSMUSG00000025488	0	8	1	21	8	8
ENSMUSG00000025497	0	0	0	0	0	0
ENSMUSG00000025509	454	366	547	406	334	653
ENSMUSG00000025519	0	0	0	0	0	0
ENSMUSG00000025527	0	0	0	0	0	0
ENSMUSG00000025528	0	0	0	0	0	0
ENSMUSG00000025529	0	0	0	0	0	0
ENSMUSG00000025551	0	0	0	0	0	0
ENSMUSG00000025573	0	0	0	0	0	0
ENSMUSG00000025574	3600	2814	2538	3707	2952	4311
ENSMUSG00000025576	0	0	0	0	0	0
ENSMUSG00000025579	9516	9300	9207	7196	8750	7299
ENSMUSG00000025582	271	13	62	132	49	1095
ENSMUSG00000025584	2303	3527	1933	2373	2156	1492
ENSMUSG00000025588	0	0	0	0	0	0
ENSMUSG00000025608	19	5	29	3	32	84
ENSMUSG00000025609	1982	2086	2248	2191	2267	3203
ENSMUSG00000025630	3284	3588	4253	3763	3492	4965
ENSMUSG00000025648	1041	1086	816	933	921	857
ENSMUSG00000025651	11726	9502	8891	11762	9450	9057
ENSMUSG00000025652	0	0	0	0	0	0
ENSMUSG00000025658	2	4	0	4	2	35
ENSMUSG00000025716	0	0	0	0	0	0
ENSMUSG00000025774	0	0	0	0	0	0
ENSMUSG00000025784	2	12	0	3	8	0
ENSMUSG00000025787	0	0	0	0	0	0
ENSMUSG00000025808	0	0	0	0	0	0
ENSMUSG00000025816	1222	1341	1025	1502	1324	1630
ENSMUSG00000025838	0	0	0	0	0	0
ENSMUSG00000025877	12	31	0	4	3	0
ENSMUSG00000025889	0	9	25	10	0	30
ENSMUSG00000025899	252	298	358	236	304	995
ENSMUSG00000025900	0	0	0	0	0	0
ENSMUSG00000025905	0	0	0	0	0	0
ENSMUSG00000025911	11	29	51	0	15	8
ENSMUSG00000025925	290	210	247	326	232	483
ENSMUSG00000025927	0	0	0	0	0	0
ENSMUSG00000025929	0	0	0	0	0	0
ENSMUSG00000025932	3	14	31	0	13	6
ENSMUSG00000025936	0	0	0	0	0	0
ENSMUSG00000025945	0	0	0	0	0	0
ENSMUSG00000025952	0	0	0	0	0	0
ENSMUSG00000025991	0	0	0	0	0	0
ENSMUSG00000026011	0	0	0	0	0	0
ENSMUSG00000026028	2889	3506	2900	2732	2960	3493
ENSMUSG00000026051	26	36	3	2	24	0
ENSMUSG00000026062	0	3	0	0	12	28
ENSMUSG00000026063	0	0	0	0	0	0
ENSMUSG00000026065	7	24	8	0	8	10
ENSMUSG00000026085	0	0	0	0	0	0
ENSMUSG00000026090	2	0	3	6	5	39
ENSMUSG00000026117	0	0	0	0	0	0
ENSMUSG00000026124	0	0	0	0	0	0
ENSMUSG00000026125	0	0	0	0	0	0
ENSMUSG00000026147	0	0	0	0	0	0
ENSMUSG00000026149	0	0	0	0	0	0
ENSMUSG00000026153	586	583	803	651	637	1345
ENSMUSG00000026156	5	0	0	0	0	0
ENSMUSG00000026163	26	75	10	19	38	0
ENSMUSG00000026166	2	37	7	21	45	0
ENSMUSG00000026167	35	1	2	2	9	4
ENSMUSG00000026175	0	0	0	0	0	0
ENSMUSG00000026176	3646	3271	2770	3431	3189	3314
ENSMUSG00000026182	0	0	0	0	0	0
ENSMUSG00000026187	1387	1147	1426	1232	960	1586
ENSMUSG00000026188	22	32	13	13	13	0
ENSMUSG00000026208	143	1456	181	2814	3139	1254
ENSMUSG00000026224	0	0	0	0	0	0
ENSMUSG00000026226	0	0	0	0	0	0
ENSMUSG00000026238	46696	45533	35953	59629	43255	63090
ENSMUSG00000026246	0	0	0	0	0	0
ENSMUSG00000026251	0	55	5	107	114	76
ENSMUSG00000026253	1	97	24	154	208	108
ENSMUSG00000026258	0	0	0	0	0	0
ENSMUSG00000026259	394	22	93	109	46	488
ENSMUSG00000026272	9	9	10	43	14	0
ENSMUSG00000026285	0	0	0	0	0	0
ENSMUSG00000026295	0	0	0	0	0	0
ENSMUSG00000026303	5	0	16	14	0	6
ENSMUSG00000026312	0	0	0	0	0	0
ENSMUSG00000026322	0	0	0	0	0	0
ENSMUSG00000026327	0	0	0	0	0	0
ENSMUSG00000026331	0	0	0	0	0	0
ENSMUSG00000026336	0	0	0	0	0	0
ENSMUSG00000026354	4	8	18	12	0	24
ENSMUSG00000026357	0	0	0	0	0	0
ENSMUSG00000026358	0	0	0	0	0	0
ENSMUSG00000026368	0	0	0	0	0	0
ENSMUSG00000026387	2	7	2	4	2	0
ENSMUSG00000026390	10	39	0	0	9	4
ENSMUSG00000026394	0	0	0	0	0	0
ENSMUSG00000026407	8	221	12	175	277	132
ENSMUSG00000026414	60	328	70	666	774	811
ENSMUSG00000026415	0	12	1	0	0	4
ENSMUSG00000026416	0	0	0	0	0	0
ENSMUSG00000026417	0	0	0	0	0	0
ENSMUSG00000026418	63	1022	180	1567	2162	814
ENSMUSG00000026420	0	0	0	0	0	0
ENSMUSG00000026432	0	0	0	0	0	0
ENSMUSG00000026434	9910	9970	11130	12173	9891	16186
ENSMUSG00000026442	34	24	10	10	5	1
ENSMUSG00000026443	6	4	2	33	18	31
ENSMUSG00000026452	0	0	0	0	0	0
ENSMUSG00000026458	0	37	25	99	93	58
ENSMUSG00000026459	72	1276	99	2231	2212	1829
ENSMUSG00000026468	0	0	0	0	0	0
ENSMUSG00000026494	1448	4978	441	1320	2202	257
ENSMUSG00000026523	0	0	0	0	0	0
ENSMUSG00000026531	0	0	0	0	0	0
ENSMUSG00000026535	381	567	575	0	0	0
ENSMUSG00000026542	0	0	0	0	0	0
ENSMUSG00000026548	6	10	0	0	4	0
ENSMUSG00000026560	0	0	0	0	0	0
ENSMUSG00000026564	1	65	5	128	133	87
ENSMUSG00000026572	0	0	0	0	0	0
ENSMUSG00000026573	0	0	0	0	0	0
ENSMUSG00000026579	0	40	24	8	13	12
ENSMUSG00000026581	0	0	0	0	0	0
ENSMUSG00000026582	56	10	51	20	18	182
ENSMUSG00000026601	1	6	16	0	11	7
ENSMUSG00000026602	0	0	0	0	0	0
ENSMUSG00000026605	714	530	718	656	805	3267
ENSMUSG00000026609	0	0	0	0	0	0
ENSMUSG00000026614	0	0	0	0	0	0
ENSMUSG00000026621	232	248	107	34	42	10
ENSMUSG00000026644	0	0	0	0	0	0
ENSMUSG00000026645	0	0	0	0	0	0
ENSMUSG00000026668	0	0	0	0	0	0
ENSMUSG00000026679	5	3	2	14	1	20
ENSMUSG00000026725	27	234	0	10	23	3
ENSMUSG00000026734	0	0	0	0	0	0
ENSMUSG00000026735	0	0	0	0	0	0
ENSMUSG00000026751	0	0	0	0	0	0
ENSMUSG00000026765	0	10	9	0	0	13
ENSMUSG00000026779	540	608	725	645	590	1777
ENSMUSG00000026805	0	0	0	0	0	0
ENSMUSG00000026806	1164	1036	987	1245	1091	1486
ENSMUSG00000026807	10	0	0	2	7	2
ENSMUSG00000026815	0	0	0	0	0	0
ENSMUSG00000026818	0	0	0	0	0	0
ENSMUSG00000026824	1	20	10	6	0	0
ENSMUSG00000026830	0	0	0	0	0	0
ENSMUSG00000026835	0	0	0	0	0	0
ENSMUSG00000026841	88	17	161	105	41	422
ENSMUSG00000026860	2485	1483	2312	2287	1826	2143
ENSMUSG00000026866	0	0	0	0	0	0
ENSMUSG00000026875	103	0	18	25	15	378
ENSMUSG00000026882	0	0	0	0	0	0
ENSMUSG00000026919	0	0	0	0	0	0
ENSMUSG00000026931	0	0	0	0	0	0
ENSMUSG00000026934	0	0	0	0	0	0
ENSMUSG00000026936	0	0	0	0	0	0
ENSMUSG00000026937	0	0	0	0	0	0
ENSMUSG00000026938	16	0	14	9	0	15
ENSMUSG00000026940	0	0	0	0	0	0
ENSMUSG00000026943	0	0	0	0	0	0
ENSMUSG00000026950	35	231	98	507	598	808
ENSMUSG00000026961	0	0	0	0	0	0
ENSMUSG00000026971	2	38	23	55	102	79
ENSMUSG00000026976	0	0	0	0	0	0
ENSMUSG00000026981	536	1497	483	413	1029	50
ENSMUSG00000026983	0	0	0	0	0	0
ENSMUSG00000026984	0	0	0	0	0	0
ENSMUSG00000026985	0	0	0	0	0	0
ENSMUSG00000026986	5	2	12	16	19	70
ENSMUSG00000026989	0	0	0	0	0	0
ENSMUSG00000027006	12863	12359	13112	13305	12125	16185
ENSMUSG00000027018	2019	1754	1771	2201	1754	3477
ENSMUSG00000027022	2	32	12	46	62	181
ENSMUSG00000027048	4	0	6	0	22	11
ENSMUSG00000027068	317	73	1649	311	143	618
ENSMUSG00000027071	1	0	4	2	11	14
ENSMUSG00000027072	0	0	0	0	0	0
ENSMUSG00000027073	0	0	0	0	0	0
ENSMUSG00000027078	506	918	351	483	658	268
ENSMUSG00000027107	39	497	71	984	1176	1112
ENSMUSG00000027120	0	0	0	0	0	0
ENSMUSG00000027157	0	0	0	0	0	0
ENSMUSG00000027196	0	0	0	0	0	0
ENSMUSG00000027217	234	570	48	105	209	27
ENSMUSG00000027219	0	8	9	0	1	4
ENSMUSG00000027225	0	0	0	0	0	0
ENSMUSG00000027229	0	0	0	0	0	0
ENSMUSG00000027270	0	0	0	0	0	0
ENSMUSG00000027288	8555	9479	10482	9833	9050	11301
ENSMUSG00000027297	0	0	0	0	0	0
ENSMUSG00000027301	0	0	0	0	0	0
ENSMUSG00000027314	0	0	0	0	0	0
ENSMUSG00000027317	0	0	0	0	0	0
ENSMUSG00000027338	0	0	0	0	0	0
ENSMUSG00000027345	0	0	0	0	0	0
ENSMUSG00000027355	0	0	0	0	0	0
ENSMUSG00000027356	0	0	0	0	2	16
ENSMUSG00000027358	79	24	45	40	21	434
ENSMUSG00000027359	0	0	0	0	0	0
ENSMUSG00000027368	3	1	2	24	40	52
ENSMUSG00000027376	0	0	0	0	0	0
ENSMUSG00000027400	0	0	0	0	0	0
ENSMUSG00000027403	0	0	0	0	0	0
ENSMUSG00000027409	0	0	0	0	0	0
ENSMUSG00000027416	0	0	0	0	0	0
ENSMUSG00000027420	26	42	33	45	16	13
ENSMUSG00000027431	0	0	0	0	0	0
ENSMUSG00000027433	4500	4835	4652	5034	4113	6516
ENSMUSG00000027442	0	0	0	0	0	0
ENSMUSG00000027443	0	0	0	0	0	0
ENSMUSG00000027444	0	0	0	0	0	0
ENSMUSG00000027445	0	0	0	0	0	0
ENSMUSG00000027446	0	0	0	0	0	0
ENSMUSG00000027460	2062	4717	796	2723	5196	400
ENSMUSG00000027468	0	0	0	0	0	0
ENSMUSG00000027474	0	0	0	0	0	0
ENSMUSG00000027480	0	0	0	0	0	0
ENSMUSG00000027481	0	0	0	0	0	0
ENSMUSG00000027482	0	0	0	0	0	0
ENSMUSG00000027483	0	0	0	0	0	0
ENSMUSG00000027485	0	0	0	0	0	0
ENSMUSG00000027508	63	100	43	70	106	53
ENSMUSG00000027513	0	0	0	0	0	0
ENSMUSG00000027514	0	24	20	14	16	1
ENSMUSG00000027517	0	0	0	0	0	0
ENSMUSG00000027518	0	0	0	0	0	0
ENSMUSG00000027520	0	6	4	14	15	37
ENSMUSG00000027523	38452	44415	39404	41532	42153	36171
ENSMUSG00000027524	0	0	0	0	0	0
ENSMUSG00000027528	0	0	0	0	0	0
ENSMUSG00000027530	0	0	0	0	0	0
ENSMUSG00000027547	0	0	0	0	0	0
ENSMUSG00000027556	0	0	0	0	0	0
ENSMUSG00000027562	2	33	2	41	19	39
ENSMUSG00000027564	0	0	0	0	0	0
ENSMUSG00000027568	0	0	0	0	0	0
ENSMUSG00000027577	0	0	0	0	0	0
ENSMUSG00000027579	2	0	0	0	0	0
ENSMUSG00000027596	0	0	0	0	0	0
ENSMUSG00000027615	758	591	720	642	535	886
ENSMUSG00000027656	5226	18602	5072	8240	11438	341
ENSMUSG00000027660	3672	3676	4095	3554	3552	7584
ENSMUSG00000027670	1	16	2	4	3	2
ENSMUSG00000027703	0	0	0	0	0	0
ENSMUSG00000027715	5465	4431	3791	5491	4498	8555
ENSMUSG00000027719	0	0	0	0	0	0
ENSMUSG00000027737	1969	521	2304	2297	1537	22419
ENSMUSG00000027752	1461	1046	1005	1319	1206	2033
ENSMUSG00000027761	0	0	0	0	0	0
ENSMUSG00000027762	0	0	0	0	0	0
ENSMUSG00000027765	14	19	0	16	28	58
ENSMUSG00000027776	0	4	0	11	0	7
ENSMUSG00000027788	0	0	0	0	0	0
ENSMUSG00000027790	0	0	0	0	0	0
ENSMUSG00000027833	1273	2122	1356	1778	1619	885
ENSMUSG00000027840	5	11	0	6	0	0
ENSMUSG00000027843	286	66	297	75	67	1687
ENSMUSG00000027849	18	29	3	5	11	0
ENSMUSG00000027855	0	0	0	0	0	0
ENSMUSG00000027857	0	0	0	0	0	0
ENSMUSG00000027861	25	373	40	468	711	284
ENSMUSG00000027863	0	0	0	0	0	0
ENSMUSG00000027869	68	10	4322	371	56	1743
ENSMUSG00000027871	5	0	27	18	6	15
ENSMUSG00000027875	0	0	6	7	0	0
ENSMUSG00000027876	0	0	0	0	0	0
ENSMUSG00000027880	0	0	0	0	0	0
ENSMUSG00000027908	0	0	0	0	0	0
ENSMUSG00000027913	12	2	72	5	4	6
ENSMUSG00000027919	177	51	27	53	50	541
ENSMUSG00000027923	0	0	0	0	0	0
ENSMUSG00000027925	0	0	0	0	0	0
ENSMUSG00000027927	0	0	0	0	0	0
ENSMUSG00000027931	8	18	14	7	9	10
ENSMUSG00000027938	9	36	35	27	22	5
ENSMUSG00000027965	0	0	0	0	0	0
ENSMUSG00000027967	0	0	0	0	0	0
ENSMUSG00000027973	0	0	0	0	0	0
ENSMUSG00000027996	287	941	21	104	256	13
ENSMUSG00000027999	621	739	697	628	564	602
ENSMUSG00000028003	0	0	0	0	0	0
ENSMUSG00000028008	0	0	0	0	0	0
ENSMUSG00000028009	2	0	5	0	0	9
ENSMUSG00000028011	0	0	0	0	0	0
ENSMUSG00000028016	750	793	675	841	706	941
ENSMUSG00000028020	61	54	117	84	54	50
ENSMUSG00000028023	0	12	2	34	16	9
ENSMUSG00000028036	497	934	177	347	359	91
ENSMUSG00000028044	4021	3111	2847	4095	3356	4071
ENSMUSG00000028069	484	393	411	521	373	700
ENSMUSG00000028071	0	0	0	0	0	0
ENSMUSG00000028109	0	0	0	0	0	0
ENSMUSG00000028116	4	23	2	69	95	21
ENSMUSG00000028139	1	3	24	9	14	0
ENSMUSG00000028150	6	0	2	3	2	28
ENSMUSG00000028174	0	0	0	0	0	0
ENSMUSG00000028185	0	0	0	0	0	0
ENSMUSG00000028186	0	0	6	8	4	0
ENSMUSG00000028222	0	0	0	0	0	0
ENSMUSG00000028236	0	0	0	0	0	0
ENSMUSG00000028238	4	10	14	0	2	2
ENSMUSG00000028240	0	0	0	0	0	0
ENSMUSG00000028244	0	0	0	0	0	0
ENSMUSG00000028255	0	0	0	0	0	0
ENSMUSG00000028259	0	0	0	0	0	0
ENSMUSG00000028277	8401	8608	8221	8806	7493	9209
ENSMUSG00000028298	0	0	0	0	0	0
ENSMUSG00000028307	0	0	0	0	0	0
ENSMUSG00000028314	0	0	0	0	0	0
ENSMUSG00000028327	1	2	0	2	7	0
ENSMUSG00000028332	0	0	0	0	0	0
ENSMUSG00000028356	0	0	0	0	0	0
ENSMUSG00000028357	0	0	0	0	0	0
ENSMUSG00000028359	0	0	0	0	0	0
ENSMUSG00000028360	4	0	6	0	0	6
ENSMUSG00000028386	0	0	0	0	0	0
ENSMUSG00000028398	1291	1097	978	1112	1085	917
ENSMUSG00000028415	0	0	0	0	0	0
ENSMUSG00000028426	13235	16719	12924	16620	13729	17532
ENSMUSG00000028460	0	0	0	0	0	0
ENSMUSG00000028479	1955	2022	1407	1919	1679	1397
ENSMUSG00000028488	0	0	0	0	0	0
ENSMUSG00000028492	0	0	0	0	0	0
ENSMUSG00000028495	26453	24864	20602	27040	22174	25200
ENSMUSG00000028520	0	0	0	0	0	0
ENSMUSG00000028533	0	0	0	0	0	0
ENSMUSG00000028536	0	0	0	0	0	0
ENSMUSG00000028544	0	0	0	0	0	0
ENSMUSG00000028553	0	0	0	0	0	0
ENSMUSG00000028571	0	0	0	0	0	0
ENSMUSG00000028572	0	0	2	0	18	5
ENSMUSG00000028581	18	49	0	4	14	6
ENSMUSG00000028589	0	0	0	0	0	0
ENSMUSG00000028593	0	0	0	0	0	0
ENSMUSG00000028610	0	0	0	0	0	0
ENSMUSG00000028612	0	0	0	0	0	0
ENSMUSG00000028631	14	64	18	156	146	149
ENSMUSG00000028635	0	0	0	0	0	0
ENSMUSG00000028651	1270	1103	1033	1252	979	1325
ENSMUSG00000028661	3	4	0	4	2	5
ENSMUSG00000028681	0	13	0	8	10	8
ENSMUSG00000028683	1613	1462	1450	1756	1484	2318
ENSMUSG00000028692	27699	27830	24302	28500	26272	22286
ENSMUSG00000028699	0	0	0	0	0	0
ENSMUSG00000028712	0	0	0	0	0	0
ENSMUSG00000028715	0	0	0	0	0	0
ENSMUSG00000028716	0	0	0	0	0	0
ENSMUSG00000028717	0	0	0	3	2	3
ENSMUSG00000028736	0	3	0	15	7	9
ENSMUSG00000028737	589	796	680	600	690	330
ENSMUSG00000028738	0	0	0	0	0	0
ENSMUSG00000028743	1525	1406	1235	1314	1216	865
ENSMUSG00000028749	0	0	0	0	0	0
ENSMUSG00000028750	0	0	0	0	0	0
ENSMUSG00000028753	0	0	0	0	0	0
ENSMUSG00000028766	393	2189	136	456	1265	54
ENSMUSG00000028785	0	0	0	0	0	0
ENSMUSG00000028801	0	0	0	0	0	0
ENSMUSG00000028804	0	0	0	0	0	0
ENSMUSG00000028813	0	0	0	0	0	0
ENSMUSG00000028821	1511	2167	1766	1914	1517	1804
ENSMUSG00000028825	31	9	17	12	13	0
ENSMUSG00000028834	0	46	2	64	53	19
ENSMUSG00000028860	30	52	50	2	20	12
ENSMUSG00000028871	13	2	0	1	0	37
ENSMUSG00000028873	1834	1432	1309	1938	1455	2414
ENSMUSG00000028876	0	0	0	0	0	0
ENSMUSG00000028883	447	171	1362	485	276	2926
ENSMUSG00000028927	0	3	0	5	5	14
ENSMUSG00000028938	0	0	0	0	0	0
ENSMUSG00000028946	0	0	0	0	0	0
ENSMUSG00000028963	0	0	0	0	0	0
ENSMUSG00000028972	8	88	24	14	29	0
ENSMUSG00000028977	1	33	2	4	13	11
ENSMUSG00000028982	351	248	312	330	287	498
ENSMUSG00000028989	244	540	1047	164	106	211
ENSMUSG00000028996	0	0	0	0	0	0
ENSMUSG00000029005	186	660	78	122	81	15
ENSMUSG00000029014	1003	848	1089	1121	984	3170
ENSMUSG00000029015	0	0	0	0	0	0
ENSMUSG00000029026	0	0	0	0	0	0
ENSMUSG00000029032	0	0	0	2	10	5
ENSMUSG00000029044	0	0	0	0	0	0
ENSMUSG00000029074	0	0	0	0	0	0
ENSMUSG00000029082	11	18	0	0	7	0
ENSMUSG00000029095	0	4	12	9	6	0
ENSMUSG00000029111	1474	1359	988	1296	1238	1188
ENSMUSG00000029134	38	20	24	25	1	46
ENSMUSG00000029138	0	2	14	0	3	0
ENSMUSG00000029149	7	19	0	2	7	10
ENSMUSG00000029154	0	0	0	0	0	0
ENSMUSG00000029182	0	0	0	0	0	0
ENSMUSG00000029184	0	0	0	0	0	0
ENSMUSG00000029188	0	0	0	0	0	0
ENSMUSG00000029189	6	26	1	24	35	15
ENSMUSG00000029192	516	480	455	476	361	523
ENSMUSG00000029193	0	0	0	0	0	0
ENSMUSG00000029204	0	0	0	0	0	0
ENSMUSG00000029205	0	0	0	0	0	0
ENSMUSG00000029211	7	0	0	17	13	4
ENSMUSG00000029219	0	0	0	0	0	0
ENSMUSG00000029235	0	0	0	0	0	0
ENSMUSG00000029245	2	0	0	14	4	7
ENSMUSG00000029248	0	0	0	0	0	0
ENSMUSG00000029255	0	0	0	0	0	0
ENSMUSG00000029260	0	0	0	0	0	0
ENSMUSG00000029268	0	0	0	0	0	0
ENSMUSG00000029272	0	0	0	0	0	0
ENSMUSG00000029273	0	0	0	0	0	0
ENSMUSG00000029281	0	0	0	0	0	0
ENSMUSG00000029282	0	0	0	0	0	0
ENSMUSG00000029286	0	0	0	0	0	0
ENSMUSG00000029288	0	0	0	0	0	0
ENSMUSG00000029306	0	0	0	0	0	0
ENSMUSG00000029321	33	118	51	70	128	14
ENSMUSG00000029331	0	0	0	0	0	0
ENSMUSG00000029360	0	0	0	0	0	0
ENSMUSG00000029369	0	0	0	0	0	0
ENSMUSG00000029375	0	0	0	0	0	0
ENSMUSG00000029378	16	6	23	9	9	154
ENSMUSG00000029417	1	8	7	0	0	0
ENSMUSG00000029420	0	0	0	0	0	0
ENSMUSG00000029423	0	0	0	0	0	0
ENSMUSG00000029445	0	0	0	0	0	0
ENSMUSG00000029451	0	0	0	0	0	0
ENSMUSG00000029465	6220	6467	5924	6391	5862	6310
ENSMUSG00000029471	2257	2845	2346	2158	2253	2132
ENSMUSG00000029477	0	0	0	0	0	0
ENSMUSG00000029491	0	0	0	0	0	0
ENSMUSG00000029499	112	39	91	55	50	139
ENSMUSG00000029513	1339	1338	1303	1368	1303	1537
ENSMUSG00000029522	0	0	0	0	0	0
ENSMUSG00000029526	0	0	0	0	0	0
ENSMUSG00000029541	0	0	0	0	0	0
ENSMUSG00000029546	0	0	0	0	0	0
ENSMUSG00000029553	5	4	31	11	38	109
ENSMUSG00000029564	0	0	0	0	0	0
ENSMUSG00000029586	0	0	0	2	0	10
ENSMUSG00000029597	0	0	0	0	0	0
ENSMUSG00000029602	0	0	0	0	0	0
ENSMUSG00000029605	9	23	16	20	4	3
ENSMUSG00000029608	0	15	0	1	10	11
ENSMUSG00000029614	44284	41894	36435	44599	39723	41630
ENSMUSG00000029618	0	0	0	0	0	0
ENSMUSG00000029620	0	0	0	0	0	0
ENSMUSG00000029630	0	0	0	0	0	0
ENSMUSG00000029641	1172	3445	943	1847	3653	157
ENSMUSG00000029644	0	0	0	0	0	0
ENSMUSG00000029646	0	0	0	0	0	0
ENSMUSG00000029656	0	0	0	0	0	0
ENSMUSG00000029663	0	0	0	0	0	0
ENSMUSG00000029671	2	59	6	11	25	0
ENSMUSG00000029678	0	0	0	0	0	0
ENSMUSG00000029679	0	0	0	0	0	0
ENSMUSG00000029680	0	0	0	0	0	0
ENSMUSG00000029682	0	0	0	0	0	0
ENSMUSG00000029683	0	20	12	64	48	28
ENSMUSG00000029697	0	0	0	0	0	0
ENSMUSG00000029705	5839	5477	5861	4942	5589	5443
ENSMUSG00000029706	0	0	0	0	0	0
ENSMUSG00000029711	0	0	0	0	0	0
ENSMUSG00000029712	0	0	0	0	0	0
ENSMUSG00000029716	5	4	4	22	11	2
ENSMUSG00000029727	2	0	6	3	0	18
ENSMUSG00000029766	0	0	0	0	0	0
ENSMUSG00000029778	1023	73	2558	816	595	785
ENSMUSG00000029787	959	825	1289	884	1007	2114
ENSMUSG00000029811	0	0	0	0	0	0
ENSMUSG00000029829	0	0	0	0	0	0
ENSMUSG00000029830	0	0	0	0	0	0
ENSMUSG00000029831	0	0	0	0	0	0
ENSMUSG00000029837	0	0	0	0	0	0
ENSMUSG00000029848	0	0	0	0	0	0
ENSMUSG00000029865	0	0	0	0	0	0
ENSMUSG00000029866	0	0	0	0	0	0
ENSMUSG00000029867	0	0	0	0	0	0
ENSMUSG00000029868	0	0	0	0	0	0
ENSMUSG00000029875	41	10	56	75	51	294
ENSMUSG00000029878	0	0	0	0	0	0
ENSMUSG00000029882	0	0	0	0	0	0
ENSMUSG00000029883	0	0	0	0	0	0
ENSMUSG00000029885	0	0	0	0	0	0
ENSMUSG00000029909	0	0	0	0	0	0
ENSMUSG00000029915	0	0	0	0	0	0
ENSMUSG00000029917	0	0	0	0	0	0
ENSMUSG00000029923	0	0	3	12	8	0
ENSMUSG00000029925	6	2	0	8	15	10
ENSMUSG00000029998	5654	4941	6066	5025	5466	5651
ENSMUSG00000030001	0	0	0	0	0	0
ENSMUSG00000030004	3	17	0	0	7	0
ENSMUSG00000030017	0	0	0	0	0	0
ENSMUSG00000030043	0	0	0	0	0	0
ENSMUSG00000030046	0	0	0	0	0	0
ENSMUSG00000030048	0	0	0	0	0	0
ENSMUSG00000030049	0	0	0	0	0	0
ENSMUSG00000030050	0	0	0	0	0	0
ENSMUSG00000030054	0	0	0	0	0	0
ENSMUSG00000030069	0	0	0	0	0	0
ENSMUSG00000030075	0	0	0	0	0	0
ENSMUSG00000030077	41	77	1	12	11	0
ENSMUSG00000030088	357	794	318	340	500	43
ENSMUSG00000030091	2	0	0	0	0	12
ENSMUSG00000030092	0	0	0	0	0	0
ENSMUSG00000030093	0	0	8	0	0	33
ENSMUSG00000030098	0	7	2	11	16	4
ENSMUSG00000030108	0	0	0	0	0	0
ENSMUSG00000030111	6	13	0	6	22	0
ENSMUSG00000030114	6	0	0	0	2	12
ENSMUSG00000030131	0	0	0	0	0	0
ENSMUSG00000030137	0	3	0	2	8	12
ENSMUSG00000030142	6	54	5	3	0	2
ENSMUSG00000030143	0	0	0	0	0	0
ENSMUSG00000030147	0	0	0	0	0	0
ENSMUSG00000030149	0	0	0	0	0	0
ENSMUSG00000030154	0	0	0	0	0	0
ENSMUSG00000030156	0	0	0	0	0	0
ENSMUSG00000030158	0	0	0	0	0	0
ENSMUSG00000030159	0	0	0	0	0	0
ENSMUSG00000030165	0	0	0	0	0	0
ENSMUSG00000030167	0	0	0	0	0	0
ENSMUSG00000030173	0	0	0	0	0	0
ENSMUSG00000030178	0	0	0	0	0	0
ENSMUSG00000030194	0	0	0	0	0	0
ENSMUSG00000030196	0	0	0	0	0	0
ENSMUSG00000030220	6065	2453	7588	4825	2893	7103
ENSMUSG00000030228	0	0	0	0	0	0
ENSMUSG00000030230	0	0	0	0	0	0
ENSMUSG00000030236	0	0	0	0	0	0
ENSMUSG00000030237	0	0	0	0	0	0
ENSMUSG00000030278	2	8	26	0	0	0
ENSMUSG00000030283	0	0	0	0	0	0
ENSMUSG00000030287	1447	1389	2015	1280	1478	1349
ENSMUSG00000030292	0	0	0	0	0	0
ENSMUSG00000030302	0	0	0	0	0	0
ENSMUSG00000030307	0	0	0	0	0	0
ENSMUSG00000030309	116	150	209	223	148	253
ENSMUSG00000030310	0	0	0	0	0	0
ENSMUSG00000030325	0	0	0	0	0	0
ENSMUSG00000030344	3	0	10	0	0	0
ENSMUSG00000030350	0	0	0	0	0	0
ENSMUSG00000030359	0	0	0	0	0	0
ENSMUSG00000030363	0	0	0	0	0	0
ENSMUSG00000030365	0	0	0	0	0	0
ENSMUSG00000030366	0	0	0	0	0	0
ENSMUSG00000030368	0	0	0	0	0	0
ENSMUSG00000030373	0	0	0	0	0	0
ENSMUSG00000030399	0	145	15	251	198	90
ENSMUSG00000030402	0	0	0	0	0	0
ENSMUSG00000030406	0	0	0	0	0	0
ENSMUSG00000030411	9	5	0	13	5	0
ENSMUSG00000030427	0	0	0	0	0	0
ENSMUSG00000030433	0	15	4	16	6	0
ENSMUSG00000030463	0	0	0	0	0	0
ENSMUSG00000030468	617	784	744	726	1043	347
ENSMUSG00000030470	1	59	5	67	129	45
ENSMUSG00000030471	861	900	770	1000	951	1520
ENSMUSG00000030472	0	0	0	0	0	0
ENSMUSG00000030474	0	0	0	0	0	0
ENSMUSG00000030484	0	0	0	0	0	0
ENSMUSG00000030495	0	0	0	0	0	0
ENSMUSG00000030500	0	0	0	0	0	0
ENSMUSG00000030507	0	0	0	0	0	0
ENSMUSG00000030518	7	4	0	15	23	12
ENSMUSG00000030546	20	19	615	14	9	1
ENSMUSG00000030559	102	80	137	87	74	81
ENSMUSG00000030560	298	144	214	186	171	443
ENSMUSG00000030579	10	35	2	0	3	5
ENSMUSG00000030589	0	0	0	0	0	0
ENSMUSG00000030592	29	243	19	288	319	232
ENSMUSG00000030607	7	0	0	36	4	83
ENSMUSG00000030609	8345	6105	5997	5379	5605	5985
ENSMUSG00000030636	0	0	0	0	0	0
ENSMUSG00000030651	0	0	0	0	0	0
ENSMUSG00000030666	1	0	0	0	0	0
ENSMUSG00000030669	0	0	0	11	2	0
ENSMUSG00000030672	87	1558	221	2588	2931	1104
ENSMUSG00000030674	0	0	0	3	1	0
ENSMUSG00000030711	0	0	0	0	0	0
ENSMUSG00000030724	0	0	0	0	0	0
ENSMUSG00000030730	18	251	44	532	562	282
ENSMUSG00000030732	0	0	0	0	0	0
ENSMUSG00000030739	0	0	0	0	0	0
ENSMUSG00000030742	7	5	0	0	6	19
ENSMUSG00000030757	0	2	0	8	8	8
ENSMUSG00000030762	3	0	17	11	0	5
ENSMUSG00000030769	0	0	0	0	0	0
ENSMUSG00000030775	0	0	0	0	0	0
ENSMUSG00000030785	2	31	3	11	32	3
ENSMUSG00000030789	12	18	0	0	7	0
ENSMUSG00000030806	0	0	4	12	2	0
ENSMUSG00000030834	0	0	0	0	0	0
ENSMUSG00000030851	0	0	0	0	0	0
ENSMUSG00000030859	0	0	0	0	0	0
ENSMUSG00000030862	14	103	14	9	3	1
ENSMUSG00000030865	0	0	0	0	0	0
ENSMUSG00000030866	0	0	0	0	0	0
ENSMUSG00000030868	3019	3356	2660	2982	2636	2627
ENSMUSG00000030873	0	0	0	0	0	0
ENSMUSG00000030897	0	0	0	0	0	0
ENSMUSG00000030898	0	0	0	0	0	0
ENSMUSG00000030909	0	0	0	0	0	0
ENSMUSG00000030911	0	0	0	0	0	0
ENSMUSG00000030935	0	0	0	0	0	0
ENSMUSG00000030945	0	0	0	0	0	0
ENSMUSG00000030954	0	0	0	0	0	0
ENSMUSG00000030963	0	0	0	0	0	0
ENSMUSG00000030968	0	0	0	0	0	0
ENSMUSG00000030972	0	0	0	0	0	0
ENSMUSG00000030976	0	0	0	0	0	0
ENSMUSG00000030981	0	0	0	0	0	0
ENSMUSG00000031024	4023	8598	2186	5167	7110	1728
ENSMUSG00000031028	2	3	0	6	0	12
ENSMUSG00000031073	0	0	0	0	0	0
ENSMUSG00000031074	0	0	0	0	0	0
ENSMUSG00000031075	158	36	343	58	38	1408
ENSMUSG00000031085	0	0	0	0	0	0
ENSMUSG00000031089	0	0	0	0	0	0
ENSMUSG00000031097	6	142	19	188	220	89
ENSMUSG00000031098	9	14	0	22	29	7
ENSMUSG00000031099	49	89	79	74	90	58
ENSMUSG00000031101	0	0	0	0	0	0
ENSMUSG00000031118	0	0	0	0	0	0
ENSMUSG00000031130	0	0	0	0	0	0
ENSMUSG00000031131	0	0	0	0	0	0
ENSMUSG00000031132	0	0	0	0	0	0
ENSMUSG00000031134	2353	2150	2052	2820	2185	3341
ENSMUSG00000031138	0	0	0	0	0	0
ENSMUSG00000031142	0	0	0	0	0	0
ENSMUSG00000031153	803	948	858	840	933	862
ENSMUSG00000031160	0	0	0	0	0	0
ENSMUSG00000031162	0	0	0	0	0	0
ENSMUSG00000031163	0	0	0	0	0	0
ENSMUSG00000031173	0	0	0	0	0	0
ENSMUSG00000031179	6	0	3	22	21	12
ENSMUSG00000031181	0	0	0	0	0	0
ENSMUSG00000031182	0	0	0	0	0	0
ENSMUSG00000031194	0	0	0	0	0	0
ENSMUSG00000031201	295	256	421	491	434	1044
ENSMUSG00000031204	0	0	0	0	0	0
ENSMUSG00000031212	0	0	0	0	0	0
ENSMUSG00000031224	9	0	6	11	11	2
ENSMUSG00000031230	0	0	0	0	0	0
ENSMUSG00000031233	0	0	0	0	0	0
ENSMUSG00000031241	0	0	0	0	0	0
ENSMUSG00000031255	359	406	233	423	365	223
ENSMUSG00000031258	0	15	8	13	9	0
ENSMUSG00000031264	0	0	0	0	0	0
ENSMUSG00000031270	0	0	0	0	0	0
ENSMUSG00000031271	0	0	0	0	0	0
ENSMUSG00000031285	1	11	2	4	11	0
ENSMUSG00000031293	0	0	0	0	0	0
ENSMUSG00000031325	0	0	0	0	0	0
ENSMUSG00000031326	0	0	0	0	0	0
ENSMUSG00000031329	0	0	0	0	0	0
ENSMUSG00000031330	0	0	0	0	0	0
ENSMUSG00000031343	3	24	0	9	14	0
ENSMUSG00000031344	0	0	0	0	0	0
ENSMUSG00000031351	3	15	2	8	28	0
ENSMUSG00000031362	0	0	0	0	0	0
ENSMUSG00000031364	1	0	0	8	16	0
ENSMUSG00000031384	0	0	0	0	0	0
ENSMUSG00000031390	0	0	0	0	0	0
ENSMUSG00000031392	3289	3133	2959	3099	2861	3746
ENSMUSG00000031397	2	0	2	0	0	13
ENSMUSG00000031410	0	4	0	4	15	0
ENSMUSG00000031411	0	0	0	0	0	0
ENSMUSG00000031424	0	0	0	0	0	0
ENSMUSG00000031430	0	0	0	0	0	0
ENSMUSG00000031445	0	0	0	0	0	0
ENSMUSG00000031448	0	21	0	7	49	4
ENSMUSG00000031449	0	0	0	0	0	0
ENSMUSG00000031461	11	148	44	266	466	204
ENSMUSG00000031471	0	0	0	0	0	0
ENSMUSG00000031482	830	851	799	932	894	760
ENSMUSG00000031489	22	58	14	1	14	0
ENSMUSG00000031491	0	0	0	0	0	0
ENSMUSG00000031492	0	0	0	0	0	0
ENSMUSG00000031494	0	0	0	0	0	0
ENSMUSG00000031495	0	0	0	0	0	0
ENSMUSG00000031506	12	14	7	0	8	16
ENSMUSG00000031512	0	0	0	0	0	0
ENSMUSG00000031513	2326	2510	2080	2153	2151	2659
ENSMUSG00000031535	0	0	0	0	0	0
ENSMUSG00000031536	683	811	781	792	681	788
ENSMUSG00000031548	1242	13202	1755	2175	6672	229
ENSMUSG00000031549	3	1	9	0	5	2
ENSMUSG00000031553	2	0	0	7	6	7
ENSMUSG00000031559	1	1	0	0	0	12
ENSMUSG00000031576	4	30	13	0	10	9
ENSMUSG00000031577	725	653	625	756	580	729
ENSMUSG00000031594	9	4	0	0	8	5
ENSMUSG00000031603	0	0	0	0	0	0
ENSMUSG00000031604	5379	5795	5983	5298	4351	4016
ENSMUSG00000031610	0	0	0	0	0	0
ENSMUSG00000031613	48	170	46	137	147	3
ENSMUSG00000031620	0	0	0	0	0	0
ENSMUSG00000031621	0	0	0	0	0	0
ENSMUSG00000031626	17	49	139	69	66	37
ENSMUSG00000031635	4	0	3	0	0	2
ENSMUSG00000031636	7	148	31	431	402	245
ENSMUSG00000031645	0	0	0	0	0	0
ENSMUSG00000031651	0	0	0	0	0	0
ENSMUSG00000031688	0	0	0	0	0	0
ENSMUSG00000031697	1640	1421	1366	1773	1783	2789
ENSMUSG00000031722	168	447	532	133	386	12
ENSMUSG00000031725	11	4	10	0	0	13
ENSMUSG00000031728	341	475	344	383	394	344
ENSMUSG00000031738	0	0	0	0	0	0
ENSMUSG00000031754	3710	3380	3011	3806	3404	4443
ENSMUSG00000031757	0	0	0	0	0	0
ENSMUSG00000031775	0	0	0	0	0	0
ENSMUSG00000031779	0	0	0	0	0	0
ENSMUSG00000031789	21	34	24	13	0	8
ENSMUSG00000031796	1291	1225	962	1252	1133	1178
ENSMUSG00000031809	0	0	0	0	0	0
ENSMUSG00000031825	205	1097	58	239	400	76
ENSMUSG00000031831	0	0	0	0	0	0
ENSMUSG00000031835	9912	9820	7990	7822	8765	7264
ENSMUSG00000031842	0	1	1	1	2	2
ENSMUSG00000031844	0	0	0	0	0	0
ENSMUSG00000031848	2082	1607	1416	1793	1489	1715
ENSMUSG00000031849	1022	2000	505	195	478	63
ENSMUSG00000031853	6	15	15	0	10	4
ENSMUSG00000031860	17	30	15	25	11	9
ENSMUSG00000031876	0	0	0	0	0	0
ENSMUSG00000031881	0	0	0	0	0	0
ENSMUSG00000031884	0	0	0	0	0	0
ENSMUSG00000031893	0	0	0	0	0	0
ENSMUSG00000031898	0	0	0	0	0	0
ENSMUSG00000031910	8	7	9	0	1	31
ENSMUSG00000031927	55	0	48	21	0	297
ENSMUSG00000031933	0	0	0	0	0	0
ENSMUSG00000031936	7	21	1	2	11	0
ENSMUSG00000031952	11	14	0	0	10	0
ENSMUSG00000031957	0	9	0	4	7	18
ENSMUSG00000031962	4	53	7	107	87	99
ENSMUSG00000031965	0	0	0	0	0	0
ENSMUSG00000031966	0	0	0	0	0	0
ENSMUSG00000031969	1431	1527	1459	1543	1502	1179
ENSMUSG00000031970	0	24	2	26	9	18
ENSMUSG00000031980	10	9	206	17	11	9
ENSMUSG00000031991	0	0	0	0	0	0
ENSMUSG00000031994	49	2	2	10	2	108
ENSMUSG00000031995	0	23	7	14	8	24
ENSMUSG00000031996	6548	6059	7897	6281	7095	7024
ENSMUSG00000032017	8	0	0	0	8	11
ENSMUSG00000032021	0	0	0	0	0	10
ENSMUSG00000032023	0	0	0	0	0	0
ENSMUSG00000032034	0	0	0	0	0	0
ENSMUSG00000032046	3477	3152	2786	2931	2668	2932
ENSMUSG00000032048	0	0	0	0	0	0
ENSMUSG00000032053	0	4	0	0	0	0
ENSMUSG00000032062	8	6	0	16	5	20
ENSMUSG00000032065	0	0	0	0	0	0
ENSMUSG00000032068	0	10	11	8	16	52
ENSMUSG00000032076	16	20	19	56	27	331
ENSMUSG00000032079	0	0	0	0	0	0
ENSMUSG00000032080	0	0	0	0	0	0
ENSMUSG00000032081	0	0	0	0	0	0
ENSMUSG00000032087	0	0	0	0	0	0
ENSMUSG00000032091	0	0	0	0	0	0
ENSMUSG00000032092	2	7	13	1	0	16
ENSMUSG00000032093	0	0	0	0	0	0
ENSMUSG00000032094	0	0	0	0	0	0
ENSMUSG00000032098	0	0	0	0	0	0
ENSMUSG00000032099	0	0	0	0	0	0
ENSMUSG00000032101	12	35	13	21	25	15
ENSMUSG00000032105	0	0	0	0	0	0
ENSMUSG00000032108	0	0	0	0	0	0
ENSMUSG00000032110	0	0	0	0	0	0
ENSMUSG00000032123	1962	2131	1676	1912	1962	1849
ENSMUSG00000032204	0	0	0	0	0	0
ENSMUSG00000032243	745	2176	65	318	765	82
ENSMUSG00000032264	1942	1557	1670	2047	1715	2385
ENSMUSG00000032269	0	0	0	0	0	0
ENSMUSG00000032274	0	0	0	0	0	0
ENSMUSG00000032278	0	0	0	0	0	0
ENSMUSG00000032292	0	0	0	0	0	0
ENSMUSG00000032303	0	0	0	0	0	0
ENSMUSG00000032310	0	0	0	0	0	0
ENSMUSG00000032313	0	0	0	0	0	0
ENSMUSG00000032315	6	0	17	24	8	618
ENSMUSG00000032318	2	0	6	7	0	0
ENSMUSG00000032323	0	0	0	0	0	0
ENSMUSG00000032327	0	0	0	0	0	0
ENSMUSG00000032338	0	5	0	2	8	0
ENSMUSG00000032343	0	0	0	0	0	0
ENSMUSG00000032346	4	9	0	0	6	19
ENSMUSG00000032356	4	0	6	6	0	0
ENSMUSG00000032357	0	0	0	0	0	0
ENSMUSG00000032358	0	0	0	0	0	0
ENSMUSG00000032360	0	0	0	0	0	0
ENSMUSG00000032368	4	2	0	4	11	0
ENSMUSG00000032376	1135	916	1027	1139	911	1377
ENSMUSG00000032394	0	0	0	0	0	0
ENSMUSG00000032401	13	2	23	4	4	0
ENSMUSG00000032420	94	63	129	63	33	1413
ENSMUSG00000032422	1131	1302	1209	1232	1201	988
ENSMUSG00000032431	5475	6270	4347	4863	5132	3867
ENSMUSG00000032443	2	0	6	12	0	0
ENSMUSG00000032451	0	0	0	0	0	0
ENSMUSG00000032458	19859	27822	19119	25948	22319	15163
ENSMUSG00000032482	0	2	14	4	4	13
ENSMUSG00000032493	0	0	0	0	0	0
ENSMUSG00000032494	0	0	0	0	0	0
ENSMUSG00000032496	0	0	2	0	0	0
ENSMUSG00000032503	15	86	16	143	201	86
ENSMUSG00000032511	0	75	13	115	156	81
ENSMUSG00000032517	0	0	0	0	0	0
ENSMUSG00000032526	393	421	374	368	395	434
ENSMUSG00000032528	11	13	0	18	24	8
ENSMUSG00000032530	20	6	24	10	18	0
ENSMUSG00000032537	6	0	0	25	20	1
ENSMUSG00000032551	315	362	330	262	264	311
ENSMUSG00000032564	1	0	0	7	8	4
ENSMUSG00000032566	0	0	0	0	0	0
ENSMUSG00000032572	35	19	2	10	35	51
ENSMUSG00000032583	658	674	488	545	548	454
ENSMUSG00000032589	3	4	2	0	15	0
ENSMUSG00000032594	4023	3906	3421	3364	3246	3021
ENSMUSG00000032623	0	0	0	0	0	0
ENSMUSG00000032648	10	69	15	149	119	89
ENSMUSG00000032671	2	0	0	3	1	0
ENSMUSG00000032690	0	12	2	0	4	0
ENSMUSG00000032739	0	0	0	0	0	0
ENSMUSG00000032743	1354	1406	1477	1225	1233	1296
ENSMUSG00000032744	2	13	0	7	11	8
ENSMUSG00000032758	0	0	0	0	0	0
ENSMUSG00000032766	1503	1466	1429	1955	1489	2704
ENSMUSG00000032769	4	0	13	1	2	16
ENSMUSG00000032773	0	0	0	0	0	0
ENSMUSG00000032796	15	159	31	6	55	24
ENSMUSG00000032807	0	0	0	0	0	0
ENSMUSG00000032808	0	0	0	0	0	0
ENSMUSG00000032852	0	0	0	0	0	0
ENSMUSG00000032878	0	8	13	11	2	4
ENSMUSG00000032889	0	42	0	24	44	0
ENSMUSG00000032894	0	0	0	0	0	0
ENSMUSG00000032911	7709	2617	6145	4300	2409	11900
ENSMUSG00000032915	0	0	0	0	0	0
ENSMUSG00000032921	0	0	0	0	0	0
ENSMUSG00000032936	0	0	0	0	0	0
ENSMUSG00000032937	0	0	0	0	0	0
ENSMUSG00000032942	1	3	0	16	4	0
ENSMUSG00000032948	0	0	0	0	0	0
ENSMUSG00000032968	22	95	14	180	155	54
ENSMUSG00000032978	0	0	0	0	0	0
ENSMUSG00000032987	0	0	0	0	0	0
ENSMUSG00000032988	0	0	0	0	0	0
ENSMUSG00000033007	0	0	0	0	0	0
ENSMUSG00000033015	0	0	0	0	0	0
ENSMUSG00000033024	0	0	0	0	0	0
ENSMUSG00000033027	0	0	0	0	0	0
ENSMUSG00000033032	18	57	3	98	69	79
ENSMUSG00000033036	0	0	0	0	0	0
ENSMUSG00000033044	0	10	2	23	25	0
ENSMUSG00000033053	0	0	0	0	0	0
ENSMUSG00000033063	0	0	0	0	0	0
ENSMUSG00000033080	0	0	0	0	0	0
ENSMUSG00000033122	0	0	0	0	0	0
ENSMUSG00000033156	0	0	0	0	0	0
ENSMUSG00000033170	2	0	2	5	13	11
ENSMUSG00000033182	4	11	4	0	2	0
ENSMUSG00000033196	0	14	0	8	18	0
ENSMUSG00000033200	0	0	0	0	0	0
ENSMUSG00000033210	0	0	0	0	0	0
ENSMUSG00000033219	0	0	0	0	0	0
ENSMUSG00000033220	6	33	0	0	4	1
ENSMUSG00000033255	0	0	0	0	0	0
ENSMUSG00000033306	9618	10889	14727	11317	12496	18595
ENSMUSG00000033316	37	13	0	44	43	3
ENSMUSG00000033342	0	0	0	0	0	0
ENSMUSG00000033343	0	0	0	0	0	0
ENSMUSG00000033383	0	0	0	0	0	0
ENSMUSG00000033450	7	3	60	0	1	2
ENSMUSG00000033453	1	34	46	6	16	0
ENSMUSG00000033470	0	0	0	0	0	0
ENSMUSG00000033488	124	135	169	144	159	99
ENSMUSG00000033498	0	0	0	0	0	0
ENSMUSG00000033501	5	7	0	6	3	0
ENSMUSG00000033590	0	2	11	1	0	0
ENSMUSG00000033644	42	9	14	35	36	190
ENSMUSG00000033685	5039	2559	2260	205	145	187
ENSMUSG00000033717	208	672	66	200	392	39
ENSMUSG00000033731	0	0	0	0	0	0
ENSMUSG00000033737	21	2	14	9	18	72
ENSMUSG00000033739	195	246	257	202	219	155
ENSMUSG00000033765	0	0	0	0	0	0
ENSMUSG00000033777	4	15	0	0	6	6
ENSMUSG00000033792	1093	1385	1388	830	1021	1264
ENSMUSG00000033794	0	0	0	0	0	0
ENSMUSG00000033825	0	0	0	0	0	0
ENSMUSG00000033831	0	0	0	0	0	0
ENSMUSG00000033837	0	0	0	0	0	2
ENSMUSG00000033850	0	0	0	0	0	0
ENSMUSG00000033860	0	0	0	0	0	0
ENSMUSG00000033872	0	0	0	0	0	0
ENSMUSG00000033898	0	0	0	0	0	0
ENSMUSG00000033904	436	394	436	450	344	928
ENSMUSG00000033963	0	0	0	0	0	0
ENSMUSG00000033970	1033	679	748	1100	862	1169
ENSMUSG00000033985	542	850	795	512	480	481
ENSMUSG00000034000	0	0	0	0	0	0
ENSMUSG00000034028	0	0	0	0	0	0
ENSMUSG00000034031	0	0	0	0	0	0
ENSMUSG00000034037	2	5	6	0	2	2
ENSMUSG00000034039	0	0	0	0	0	0
ENSMUSG00000034087	0	0	0	0	0	0
ENSMUSG00000034098	0	0	0	0	0	4
ENSMUSG00000034109	3729	3776	3617	3516	3655	5784
ENSMUSG00000034112	0	0	0	0	0	0
ENSMUSG00000034115	0	0	0	0	0	0
ENSMUSG00000034121	215	271	191	238	184	161
ENSMUSG00000034122	0	0	0	0	0	0
ENSMUSG00000034127	0	0	0	0	0	0
ENSMUSG00000034139	0	0	0	0	0	0
ENSMUSG00000034145	0	0	0	0	0	0
ENSMUSG00000034164	3	19	17	21	7	0
ENSMUSG00000034185	0	0	0	0	0	0
ENSMUSG00000034218	1133	968	1417	1242	1312	4262
ENSMUSG00000034219	0	0	0	0	1	0
ENSMUSG00000034224	4	0	0	8	0	4
ENSMUSG00000034239	0	0	0	0	0	0
ENSMUSG00000034248	2588	1816	2994	1854	2143	3808
ENSMUSG00000034252	1931	2062	2069	2040	2198	3605
ENSMUSG00000034275	370	414	423	438	419	823
ENSMUSG00000034324	0	2	0	5	8	13
ENSMUSG00000034334	125	140	119	124	114	144
ENSMUSG00000034339	0	0	0	0	0	0
ENSMUSG00000034359	0	0	0	0	0	0
ENSMUSG00000034362	0	0	0	0	0	0
ENSMUSG00000034382	4	0	0	4	4	0
ENSMUSG00000034384	0	0	0	0	0	0
ENSMUSG00000034387	0	0	0	0	0	0
ENSMUSG00000034438	0	0	6	0	8	0
ENSMUSG00000034450	0	0	0	0	0	0
ENSMUSG00000034452	0	0	0	0	0	0
ENSMUSG00000034456	9	9	16	5	0	4
ENSMUSG00000034472	8	6	0	7	0	5
ENSMUSG00000034482	0	0	0	0	0	0
ENSMUSG00000034486	25	70	2	6	16	2
ENSMUSG00000034501	726	809	759	689	631	759
ENSMUSG00000034532	0	21	4	6	0	4
ENSMUSG00000034533	0	0	0	0	0	0
ENSMUSG00000034552	0	0	0	0	0	0
ENSMUSG00000034583	0	0	0	0	0	0
ENSMUSG00000034587	101	75	7	95	106	27
ENSMUSG00000034602	5715	7270	5596	6286	5816	4684
ENSMUSG00000034607	0	0	0	0	0	0
ENSMUSG00000034616	425	619	533	382	308	171
ENSMUSG00000034634	0	0	0	0	0	0
ENSMUSG00000034645	0	2	6	8	0	0
ENSMUSG00000034648	4	103	15	173	192	420
ENSMUSG00000034652	8	4	2	3	9	2
ENSMUSG00000034660	0	0	0	0	0	0
ENSMUSG00000034675	8281	9314	5580	7798	8052	5055
ENSMUSG00000034677	0	0	0	0	0	0
ENSMUSG00000034683	0	0	0	0	0	0
ENSMUSG00000034689	0	0	0	0	0	0
ENSMUSG00000034755	0	8	3	1	12	7
ENSMUSG00000034764	15	14	13	0	0	2
ENSMUSG00000034774	0	0	0	0	0	0
ENSMUSG00000034783	0	0	0	0	0	0
ENSMUSG00000034785	0	0	0	0	0	0
ENSMUSG00000034813	11	9	11	6	0	47
ENSMUSG00000034829	0	0	0	0	0	0
ENSMUSG00000034833	0	0	0	0	0	0
ENSMUSG00000034871	0	0	0	0	0	0
ENSMUSG00000034872	0	7	0	7	0	0
ENSMUSG00000034881	85	133	41	137	159	11
ENSMUSG00000034891	0	0	0	0	0	0
ENSMUSG00000034912	0	0	1	3	6	10
ENSMUSG00000034913	0	0	0	0	0	0
ENSMUSG00000034919	0	0	0	0	0	0
ENSMUSG00000034923	0	0	0	0	0	0
ENSMUSG00000034990	19	16	7	0	5	16
ENSMUSG00000035031	0	0	0	0	0	0
ENSMUSG00000035041	6	29	2	10	5	0
ENSMUSG00000035057	0	0	0	0	0	0
ENSMUSG00000035085	0	0	0	6	6	0
ENSMUSG00000035129	0	0	0	0	0	0
ENSMUSG00000035148	0	0	0	0	0	0
ENSMUSG00000035177	0	0	0	0	0	0
ENSMUSG00000035179	0	5	0	0	4	6
ENSMUSG00000035186	0	0	0	0	0	0
ENSMUSG00000035189	0	0	0	6	12	2
ENSMUSG00000035191	0	0	0	0	0	0
ENSMUSG00000035200	2	2	0	0	2	0
ENSMUSG00000035201	0	0	0	0	0	0
ENSMUSG00000035258	74	593	61	48	142	24
ENSMUSG00000035262	16	6	10	9	2	0
ENSMUSG00000035277	0	6	0	5	6	11
ENSMUSG00000035285	99	110	106	149	106	66
ENSMUSG00000035296	0	54	26	130	135	78
ENSMUSG00000035352	0	0	0	0	0	0
ENSMUSG00000035371	0	0	0	0	0	0
ENSMUSG00000035383	0	0	0	0	0	0
ENSMUSG00000035387	0	0	0	0	0	0
ENSMUSG00000035390	605	577	387	561	603	596
ENSMUSG00000035395	0	0	0	0	0	0
ENSMUSG00000035420	0	0	0	0	0	0
ENSMUSG00000035427	0	0	0	0	0	0
ENSMUSG00000035429	0	0	0	0	0	0
ENSMUSG00000035439	1253	1140	770	1385	1204	1830
ENSMUSG00000035454	0	0	0	0	0	0
ENSMUSG00000035472	9	1	37	20	4	16
ENSMUSG00000035486	0	0	0	0	0	0
ENSMUSG00000035491	0	0	0	0	0	0
ENSMUSG00000035498	5	0	1	0	4	25
ENSMUSG00000035522	0	0	0	0	0	0
ENSMUSG00000035523	0	0	0	0	0	0
ENSMUSG00000035539	6	2	14	7	0	17
ENSMUSG00000035557	0	0	0	0	0	0
ENSMUSG00000035561	45	112	99	90	69	41
ENSMUSG00000035578	21	21	14	20	8	0
ENSMUSG00000035580	0	0	0	0	0	0
ENSMUSG00000035582	0	0	0	0	0	0
ENSMUSG00000035592	0	0	0	0	0	0
ENSMUSG00000035606	0	0	0	0	0	0
ENSMUSG00000035615	7	47	0	84	62	59
ENSMUSG00000035626	0	0	0	0	0	0
ENSMUSG00000035638	0	0	0	0	0	0
ENSMUSG00000035651	0	0	0	0	0	0
ENSMUSG00000035653	0	0	0	0	0	0
ENSMUSG00000035681	28	14	44	12	32	46
ENSMUSG00000035686	0	0	12	0	0	0
ENSMUSG00000035778	2892	3127	2553	2637	2465	2605
ENSMUSG00000035780	0	0	0	0	0	0
ENSMUSG00000035785	0	0	0	0	0	0
ENSMUSG00000035804	0	0	0	0	0	0
ENSMUSG00000035811	0	0	0	0	0	0
ENSMUSG00000035831	0	0	0	0	0	0
ENSMUSG00000035836	0	0	0	0	0	0
ENSMUSG00000035860	0	0	0	0	0	0
ENSMUSG00000035861	2	0	0	2	0	14
ENSMUSG00000035875	2	0	0	0	6	8
ENSMUSG00000035896	0	0	0	0	0	0
ENSMUSG00000035923	0	0	0	5	15	0
ENSMUSG00000035930	0	0	0	0	0	0
ENSMUSG00000035932	0	0	0	0	0	0
ENSMUSG00000035946	0	0	0	0	0	0
ENSMUSG00000035948	7	23	67	11	14	3
ENSMUSG00000035963	0	0	0	0	0	0
ENSMUSG00000035983	12	0	3	6	13	7
ENSMUSG00000036013	0	0	0	0	0	0
ENSMUSG00000036027	0	0	0	0	0	0
ENSMUSG00000036040	4	12	7	68	38	18
ENSMUSG00000036045	0	0	0	0	0	0
ENSMUSG00000036054	1099	1305	818	1020	1276	1235
ENSMUSG00000036083	0	0	0	0	0	0
ENSMUSG00000036106	330	549	215	286	225	123
ENSMUSG00000036109	417	485	476	723	591	1163
ENSMUSG00000036110	0	0	0	0	0	0
ENSMUSG00000036131	1	0	0	0	2	11
ENSMUSG00000036136	57	31	198	183	143	580
ENSMUSG00000036139	170	204	135	210	141	158
ENSMUSG00000036144	568	783	611	732	682	486
ENSMUSG00000036162	0	0	0	0	0	0
ENSMUSG00000036169	0	0	0	0	0	0
ENSMUSG00000036216	0	0	0	0	0	0
ENSMUSG00000036231	0	0	0	0	0	0
ENSMUSG00000036244	0	0	0	0	0	0
ENSMUSG00000036251	0	8	4	0	5	8
ENSMUSG00000036304	2	0	5	0	6	11
ENSMUSG00000036322	0	0	0	0	0	0
ENSMUSG00000036357	0	0	0	0	0	0
ENSMUSG00000036362	0	0	0	0	0	0
ENSMUSG00000036401	0	0	0	0	0	0
ENSMUSG00000036412	92	543	60	167	137	7
ENSMUSG00000036422	2	0	0	0	0	14
ENSMUSG00000036449	0	0	0	0	0	0
ENSMUSG00000036463	0	0	0	0	0	0
ENSMUSG00000036469	8	0	8	14	11	59
ENSMUSG00000036492	2	0	12	0	0	10
ENSMUSG00000036500	0	0	0	0	0	0
ENSMUSG00000036510	0	0	0	0	0	0
ENSMUSG00000036521	0	0	0	0	0	0
ENSMUSG00000036526	0	0	0	0	0	0
ENSMUSG00000036528	656	227	434	312	275	663
ENSMUSG00000036551	0	0	0	0	0	0
ENSMUSG00000036574	0	0	0	0	0	0
ENSMUSG00000036585	4	3	30	3	1	42
ENSMUSG00000036586	0	0	0	0	0	0
ENSMUSG00000036587	0	0	0	0	0	0
ENSMUSG00000036594	0	0	0	0	0	0
ENSMUSG00000036596	7	25	0	4	6	3
ENSMUSG00000036647	0	0	0	0	0	0
ENSMUSG00000036655	0	0	0	5	0	16
ENSMUSG00000036658	0	0	0	0	0	0
ENSMUSG00000036731	0	0	0	0	0	0
ENSMUSG00000036744	0	0	0	0	0	0
ENSMUSG00000036749	0	0	0	0	0	0
ENSMUSG00000036760	0	0	0	0	0	0
ENSMUSG00000036800	0	5	0	7	6	0
ENSMUSG00000036805	0	0	0	0	0	0
ENSMUSG00000036813	0	0	0	0	0	0
ENSMUSG00000036814	0	0	0	0	0	0
ENSMUSG00000036816	0	0	0	0	0	0
ENSMUSG00000036832	0	2	8	0	5	10
ENSMUSG00000036834	9	3	10	0	8	17
ENSMUSG00000036855	3	5	2	7	20	0
ENSMUSG00000036856	15	118	9	28	64	10
ENSMUSG00000036899	0	0	0	0	0	0
ENSMUSG00000036915	0	0	0	0	0	0
ENSMUSG00000036921	0	0	0	0	0	0
ENSMUSG00000036924	0	0	0	0	0	0
ENSMUSG00000036925	0	0	0	0	0	0
ENSMUSG00000036938	0	0	0	0	0	0
ENSMUSG00000036944	0	7	8	10	0	2
ENSMUSG00000036949	0	0	0	0	0	0
ENSMUSG00000036951	0	0	0	0	0	0
ENSMUSG00000036958	0	0	0	0	0	0
ENSMUSG00000036959	590	542	486	640	568	544
ENSMUSG00000036962	0	0	0	0	0	0
ENSMUSG00000037005	2	90	82	8	5	0
ENSMUSG00000037025	0	0	0	0	0	0
ENSMUSG00000037049	3698	3628	3381	3220	3081	2316
ENSMUSG00000037053	0	0	0	0	0	0
ENSMUSG00000037064	0	0	0	0	0	0
ENSMUSG00000037095	2	20	76	11	17	2
ENSMUSG00000037096	0	0	0	0	0	0
ENSMUSG00000037101	0	0	0	0	0	0
ENSMUSG00000037124	0	0	0	0	0	0
ENSMUSG00000037129	0	0	0	0	0	0
ENSMUSG00000037130	0	0	0	0	0	0
ENSMUSG00000037139	9	39	15	93	112	54
ENSMUSG00000037145	0	0	0	0	0	0
ENSMUSG00000037159	0	0	0	0	0	0
ENSMUSG00000037161	135	579	332	224	284	25
ENSMUSG00000037167	0	0	0	0	0	0
ENSMUSG00000037171	0	0	0	0	0	0
ENSMUSG00000037174	2482	2693	2204	2687	2546	2861
ENSMUSG00000037202	0	0	0	0	0	0
ENSMUSG00000037246	0	0	0	0	0	0
ENSMUSG00000037247	0	0	0	0	0	0
ENSMUSG00000037263	0	0	3	0	2	0
ENSMUSG00000037279	0	0	0	0	0	0
ENSMUSG00000037307	0	0	0	0	0	0
ENSMUSG00000037318	0	7	2	16	9	5
ENSMUSG00000037335	0	0	0	0	0	0
ENSMUSG00000037346	0	0	0	0	0	0
ENSMUSG00000037358	0	0	0	0	0	0
ENSMUSG00000037393	0	0	0	0	0	0
ENSMUSG00000037418	17	38	11	8	16	0
ENSMUSG00000037424	0	0	0	0	0	0
ENSMUSG00000037432	0	0	0	0	0	0
ENSMUSG00000037438	0	0	0	0	0	0
ENSMUSG00000037451	0	0	0	0	0	0
ENSMUSG00000037469	0	0	0	0	0	0
ENSMUSG00000037482	12	20	6	8	3	0
ENSMUSG00000037499	1815	1515	1522	1343	1563	1130
ENSMUSG00000037529	0	0	0	0	0	0
ENSMUSG00000037535	0	0	0	0	0	0
ENSMUSG00000037537	0	0	0	0	0	0
ENSMUSG00000037578	0	0	0	0	0	0
ENSMUSG00000037583	0	0	0	0	0	0
ENSMUSG00000037600	0	0	0	0	0	0
ENSMUSG00000037610	0	0	0	0	0	0
ENSMUSG00000037661	8	0	8	0	8	0
ENSMUSG00000037679	6823	5714	4806	5384	5276	5167
ENSMUSG00000037681	9	0	6	0	10	7
ENSMUSG00000037683	0	0	0	0	0	0
ENSMUSG00000037689	0	0	0	0	0	0
ENSMUSG00000037705	7	0	12	0	0	4
ENSMUSG00000037727	0	0	0	0	0	0
ENSMUSG00000037771	0	0	0	0	0	0
ENSMUSG00000037780	0	0	0	0	0	0
ENSMUSG00000037790	0	0	0	0	0	0
ENSMUSG00000037843	0	0	0	0	0	0
ENSMUSG00000037857	4286	5514	5261	5137	4889	6760
ENSMUSG00000037884	0	0	0	0	0	0
ENSMUSG00000037907	751	581	462	471	537	735
ENSMUSG00000037910	0	0	0	0	0	0
ENSMUSG00000037913	2	2	18	2	0	20
ENSMUSG00000037924	0	0	0	0	0	0
ENSMUSG00000037942	0	0	0	0	0	0
ENSMUSG00000037953	7	5	20	0	8	4
ENSMUSG00000037962	1	2	0	0	1	0
ENSMUSG00000037971	188	302	221	281	200	190
ENSMUSG00000037973	2	15	0	3	4	0
ENSMUSG00000037984	0	0	0	0	0	0
ENSMUSG00000038015	0	0	0	0	0	0
ENSMUSG00000038026	0	0	0	0	0	0
ENSMUSG00000038037	239	269	153	219	179	184
ENSMUSG00000038044	0	0	0	0	0	0
ENSMUSG00000038045	0	0	0	0	0	0
ENSMUSG00000038048	0	0	0	0	0	0
ENSMUSG00000038057	8	11	11	0	0	4
ENSMUSG00000038064	0	0	0	0	0	0
ENSMUSG00000038065	470	634	853	545	584	414
ENSMUSG00000038092	0	0	0	0	0	0
ENSMUSG00000038094	0	0	0	0	0	0
ENSMUSG00000038115	10	14	0	0	0	4
ENSMUSG00000038132	7	103	16	189	167	211
ENSMUSG00000038148	0	0	0	0	0	0
ENSMUSG00000038151	2	2	19	0	8	3
ENSMUSG00000038156	48	118	1	9	13	0
ENSMUSG00000038165	0	0	0	0	0	0
ENSMUSG00000038167	6	16	18	9	9	9
ENSMUSG00000038173	0	7	28	3	6	14
ENSMUSG00000038178	558	1069	521	610	869	357
ENSMUSG00000038179	0	12	0	12	0	0
ENSMUSG00000038188	10	4	8	0	0	20
ENSMUSG00000038192	0	0	0	0	0	0
ENSMUSG00000038193	231	526	471	505	520	444
ENSMUSG00000038204	0	0	0	0	0	0
ENSMUSG00000038216	0	14	0	1	3	2
ENSMUSG00000038218	0	0	0	0	0	0
ENSMUSG00000038239	8	40	4	80	85	30
ENSMUSG00000038246	0	0	0	0	0	0
ENSMUSG00000038248	287	317	208	146	218	235
ENSMUSG00000038255	0	0	0	0	0	0
ENSMUSG00000038260	591	738	406	482	495	233
ENSMUSG00000038264	894	232	395	349	380	1631
ENSMUSG00000038267	85	23	61	27	24	461
ENSMUSG00000038271	888	915	869	924	970	860
ENSMUSG00000038292	0	6	4	12	0	7
ENSMUSG00000038298	0	0	0	0	0	0
ENSMUSG00000038300	0	0	0	0	0	0
ENSMUSG00000038311	0	0	0	0	0	0
ENSMUSG00000038327	0	0	17	0	2	0
ENSMUSG00000038330	0	0	0	0	0	0
ENSMUSG00000038354	1	17	14	0	3	9
ENSMUSG00000038374	1661	1303	1301	1598	1539	2209
ENSMUSG00000038388	1664	1215	1611	1520	1411	4496
ENSMUSG00000038403	6	42	9	61	79	52
ENSMUSG00000038421	0	0	0	0	0	0
ENSMUSG00000038473	16	4	0	4	2	16
ENSMUSG00000038498	0	0	0	0	0	0
ENSMUSG00000038520	2352	2204	2145	2107	2176	1635
ENSMUSG00000038526	0	0	0	0	0	0
ENSMUSG00000038530	1630	2825	890	514	937	99
ENSMUSG00000038537	0	0	0	0	0	0
ENSMUSG00000038560	31	99	20	9	19	4
ENSMUSG00000038569	42	67	40	45	34	34
ENSMUSG00000038572	0	0	0	0	0	0
ENSMUSG00000038580	2	22	6	68	62	51
ENSMUSG00000038583	0	0	0	0	0	0
ENSMUSG00000038598	0	0	0	0	0	0
ENSMUSG00000038599	0	0	0	0	0	0
ENSMUSG00000038602	0	0	15	20	3	26
ENSMUSG00000038607	483	361	419	377	361	389
ENSMUSG00000038619	5216	5428	4877	5110	4635	4751
ENSMUSG00000038630	9	9	0	10	4	15
ENSMUSG00000038641	0	0	0	0	0	0
ENSMUSG00000038642	28	111	0	0	4	2
ENSMUSG00000038651	0	0	0	0	0	0
ENSMUSG00000038663	0	1	0	8	5	0
ENSMUSG00000038676	0	0	0	0	0	0
ENSMUSG00000038691	0	0	0	0	0	0
ENSMUSG00000038692	3	7	0	10	8	17
ENSMUSG00000038700	0	0	0	0	0	0
ENSMUSG00000038704	0	0	0	0	0	0
ENSMUSG00000038709	0	0	0	0	0	0
ENSMUSG00000038725	0	0	0	0	0	0
ENSMUSG00000038745	0	0	0	0	0	0
ENSMUSG00000038750	0	0	0	0	0	0
ENSMUSG00000038751	0	3	0	0	0	0
ENSMUSG00000038754	0	0	0	0	0	0
ENSMUSG00000038756	0	0	0	0	0	0
ENSMUSG00000038760	0	0	0	0	0	0
ENSMUSG00000038763	5	95	17	161	197	99
ENSMUSG00000038770	0	0	0	0	0	0
ENSMUSG00000038781	3	9	10	0	4	19
ENSMUSG00000038791	0	0	0	0	0	0
ENSMUSG00000038840	0	0	0	0	0	0
ENSMUSG00000038866	1251	1136	1284	1151	1030	1545
ENSMUSG00000038880	985	791	843	931	778	718
ENSMUSG00000038883	0	0	0	0	0	0
ENSMUSG00000038963	108	25	53	64	215	1002
ENSMUSG00000038968	0	0	0	0	0	0
ENSMUSG00000038980	0	0	0	0	0	0
ENSMUSG00000039013	0	0	0	0	0	0
ENSMUSG00000039032	0	0	0	0	0	0
ENSMUSG00000039037	4	16	0	14	13	0
ENSMUSG00000039059	0	0	0	0	0	0
ENSMUSG00000039084	0	0	0	0	0	0
ENSMUSG00000039092	0	4	14	0	0	0
ENSMUSG00000039098	5	0	3	0	0	14
ENSMUSG00000039106	0	0	0	0	0	0
ENSMUSG00000039110	10	0	8	8	16	8
ENSMUSG00000039133	0	0	0	0	0	0
ENSMUSG00000039138	0	0	0	0	0	0
ENSMUSG00000039146	2	0	8	0	0	12
ENSMUSG00000039174	0	0	0	0	0	0
ENSMUSG00000039198	0	0	0	0	0	0
ENSMUSG00000039200	4	0	9	0	8	64
ENSMUSG00000039215	0	0	0	0	0	0
ENSMUSG00000039224	0	0	0	0	0	0
ENSMUSG00000039252	104	682	62	152	407	54
ENSMUSG00000039264	0	0	0	0	0	0
ENSMUSG00000039269	0	0	0	0	0	0
ENSMUSG00000039296	0	0	0	0	0	0
ENSMUSG00000039304	6	23	2	1	0	5
ENSMUSG00000039315	0	0	0	0	0	0
ENSMUSG00000039329	4	20	0	2	5	3
ENSMUSG00000039330	0	0	0	0	0	0
ENSMUSG00000039335	0	0	0	0	0	0
ENSMUSG00000039337	0	0	0	13	0	0
ENSMUSG00000039339	0	0	0	0	0	0
ENSMUSG00000039342	0	0	0	0	0	0
ENSMUSG00000039349	18	32	60	3	4	9
ENSMUSG00000039376	26	215	34	389	487	165
ENSMUSG00000039385	4	9	12	33	29	282
ENSMUSG00000039492	0	0	0	0	0	0
ENSMUSG00000039533	0	0	0	0	0	0
ENSMUSG00000039539	0	0	0	0	0	0
ENSMUSG00000039540	0	0	0	0	0	0
ENSMUSG00000039543	2	15	8	0	0	0
ENSMUSG00000039545	0	7	2	4	0	13
ENSMUSG00000039546	0	0	0	0	0	3
ENSMUSG00000039552	0	0	0	0	0	0
ENSMUSG00000039555	0	0	0	0	0	0
ENSMUSG00000039563	30	9	16	0	5	20
ENSMUSG00000039608	0	0	0	0	0	0
ENSMUSG00000039623	662	670	656	457	512	573
ENSMUSG00000039628	4	11	0	0	4	0
ENSMUSG00000039632	7	5	22	2	15	0
ENSMUSG00000039661	0	0	0	0	0	0
ENSMUSG00000039682	5991	6962	5087	7476	6354	6030
ENSMUSG00000039699	0	6	0	6	0	0
ENSMUSG00000039710	0	0	0	0	0	0
ENSMUSG00000039716	17	1	40	17	12	68
ENSMUSG00000039725	463	443	390	433	412	469
ENSMUSG00000039760	0	0	0	0	0	0
ENSMUSG00000039775	0	0	0	0	0	0
ENSMUSG00000039783	0	0	0	0	0	0
ENSMUSG00000039785	0	0	0	0	0	0
ENSMUSG00000039809	8	0	7	13	0	4
ENSMUSG00000039830	0	0	0	0	0	0
ENSMUSG00000039840	2822	3405	2632	2290	2574	2066
ENSMUSG00000039878	0	0	0	0	0	0
ENSMUSG00000039883	435	1551	109	391	483	113
ENSMUSG00000039913	0	0	0	0	0	0
ENSMUSG00000039962	0	0	0	0	0	0
ENSMUSG00000039977	0	0	0	0	0	0
ENSMUSG00000039987	591	569	734	697	666	1406
ENSMUSG00000039997	105	80	101	10	13	21
ENSMUSG00000040013	0	14	5	2	28	10
ENSMUSG00000040017	0	0	0	0	0	0
ENSMUSG00000040026	68	116	29	22	44	6
ENSMUSG00000040037	70	10	176	72	88	192
ENSMUSG00000040055	0	0	0	0	0	0
ENSMUSG00000040065	0	0	0	0	0	0
ENSMUSG00000040086	81	12	234	38	53	206
ENSMUSG00000040112	908	812	703	956	746	883
ENSMUSG00000040113	0	0	0	0	0	0
ENSMUSG00000040127	0	0	0	0	0	0
ENSMUSG00000040132	0	0	0	0	0	0
ENSMUSG00000040134	0	0	0	0	0	0
ENSMUSG00000040140	0	0	0	0	0	0
ENSMUSG00000040148	0	0	0	0	0	0
ENSMUSG00000040163	0	0	0	0	0	0
ENSMUSG00000040164	0	1	0	0	1	2
ENSMUSG00000040189	93	67	113	82	78	121
ENSMUSG00000040197	0	0	0	0	0	0
ENSMUSG00000040217	0	0	0	0	0	0
ENSMUSG00000040229	0	0	0	0	0	0
ENSMUSG00000040264	117	0	100	0	0	0
ENSMUSG00000040276	0	6	2	0	9	0
ENSMUSG00000040280	95	1101	398	434	591	38
ENSMUSG00000040284	0	0	0	0	0	0
ENSMUSG00000040298	0	0	0	0	0	12
ENSMUSG00000040314	0	0	0	0	0	0
ENSMUSG00000040328	0	0	0	0	0	0
ENSMUSG00000040345	8	4	0	0	0	0
ENSMUSG00000040387	3	45	14	31	17	39
ENSMUSG00000040413	0	0	0	0	0	0
ENSMUSG00000040452	0	0	0	0	0	0
ENSMUSG00000040456	0	0	0	0	0	0
ENSMUSG00000040471	0	0	0	0	0	0
ENSMUSG00000040478	0	0	0	0	0	0
ENSMUSG00000040485	0	0	0	0	0	0
ENSMUSG00000040505	0	0	0	0	0	0
ENSMUSG00000040514	0	0	0	0	0	0
ENSMUSG00000040522	0	3	19	0	0	0
ENSMUSG00000040533	0	0	0	0	0	0
ENSMUSG00000040541	0	0	0	0	0	0
ENSMUSG00000040543	2	108	2	36	67	5
ENSMUSG00000040548	2182	1933	2142	2277	2077	2416
ENSMUSG00000040550	2403	2344	2870	2521	2422	4469
ENSMUSG00000040564	0	44	4	15	0	0
ENSMUSG00000040565	2707	2592	2731	3351	3034	5184
ENSMUSG00000040569	4	0	13	0	0	0
ENSMUSG00000040583	0	0	0	0	0	0
ENSMUSG00000040592	0	0	0	0	0	0
ENSMUSG00000040600	0	0	0	0	0	0
ENSMUSG00000040601	0	0	0	0	0	0
ENSMUSG00000040610	0	0	0	0	0	0
ENSMUSG00000040614	0	0	0	0	0	0
ENSMUSG00000040629	6	2	0	0	12	0
ENSMUSG00000040632	0	0	0	0	0	0
ENSMUSG00000040650	0	0	0	0	0	0
ENSMUSG00000040653	4	25	36	16	30	50
ENSMUSG00000040657	0	0	0	0	0	0
ENSMUSG00000040660	0	0	0	0	0	0
ENSMUSG00000040687	286	327	225	250	250	190
ENSMUSG00000040693	0	0	0	0	0	0
ENSMUSG00000040694	6	36	4	50	58	35
ENSMUSG00000040715	0	0	0	0	0	0
ENSMUSG00000040728	0	0	0	0	0	0
ENSMUSG00000040747	16	46	42	0	19	37
ENSMUSG00000040752	0	16	4	0	2	0
ENSMUSG00000040770	0	0	0	0	0	0
ENSMUSG00000040775	0	0	0	0	0	0
ENSMUSG00000040797	0	16	3	72	58	120
ENSMUSG00000040808	2	6	2	24	7	0
ENSMUSG00000040809	0	0	0	0	0	0
ENSMUSG00000040824	4706	4568	3690	5486	4066	4906
ENSMUSG00000040838	0	0	0	0	0	0
ENSMUSG00000040860	478	430	368	401	412	396
ENSMUSG00000040899	0	0	0	0	0	0
ENSMUSG00000040901	0	0	0	0	0	0
ENSMUSG00000040907	2	13	0	0	0	0
ENSMUSG00000040935	0	0	0	0	0	0
ENSMUSG00000040950	0	0	0	10	10	16
ENSMUSG00000040957	93	152	39	106	75	28
ENSMUSG00000040963	0	0	0	0	0	0
ENSMUSG00000040966	0	20	0	0	0	0
ENSMUSG00000040969	0	0	0	0	0	0
ENSMUSG00000040985	0	0	0	0	0	0
ENSMUSG00000040990	9807	9178	10080	10570	9370	10361
ENSMUSG00000041000	162	223	160	171	219	160
ENSMUSG00000041009	0	0	0	0	0	0
ENSMUSG00000041020	12	3	99	56	49	351
ENSMUSG00000041044	0	0	0	0	0	0
ENSMUSG00000041052	4	1	7	9	13	0
ENSMUSG00000041068	0	0	0	0	0	0
ENSMUSG00000041078	8	3	0	4	0	16
ENSMUSG00000041119	15	0	3	0	2	10
ENSMUSG00000041138	0	0	0	0	0	0
ENSMUSG00000041165	0	0	0	0	0	0
ENSMUSG00000041199	276	271	226	205	195	254
ENSMUSG00000041203	4117	3382	2960	3518	3185	3360
ENSMUSG00000041216	2	0	6	0	5	9
ENSMUSG00000041237	0	0	0	0	0	0
ENSMUSG00000041238	734	678	727	946	894	1825
ENSMUSG00000041247	0	0	0	0	0	0
ENSMUSG00000041248	0	0	0	0	0	0
ENSMUSG00000041255	0	0	0	0	0	0
ENSMUSG00000041287	9	0	11	10	0	0
ENSMUSG00000041293	0	0	0	0	0	0
ENSMUSG00000041329	2	6	0	10	2	0
ENSMUSG00000041333	0	0	0	0	0	0
ENSMUSG00000041358	0	0	0	0	0	0
ENSMUSG00000041359	0	0	0	0	0	0
ENSMUSG00000041380	2	0	2	10	10	0
ENSMUSG00000041390	1714	2996	1858	2286	2268	1751
ENSMUSG00000041460	0	0	0	0	0	0
ENSMUSG00000041468	0	0	0	0	0	0
ENSMUSG00000041476	2	56	9	88	91	49
ENSMUSG00000041481	32	126	11	73	227	45
ENSMUSG00000041505	0	0	0	0	0	0
ENSMUSG00000041512	0	0	0	0	0	0
ENSMUSG00000041515	6	15	3	0	11	4
ENSMUSG00000041534	0	0	0	0	0	0
ENSMUSG00000041536	0	0	0	0	0	0
ENSMUSG00000041538	0	0	0	0	0	0
ENSMUSG00000041552	59	4	82	67	28	749
ENSMUSG00000041556	28	36	2	4	18	0
ENSMUSG00000041559	1561	5198	617	1245	1817	276
ENSMUSG00000041565	0	0	0	0	0	0
ENSMUSG00000041567	0	0	0	0	0	0
ENSMUSG00000041577	392	3628	659	438	600	137
ENSMUSG00000041578	0	0	0	0	0	0
ENSMUSG00000041583	0	0	0	0	0	0
ENSMUSG00000041608	0	0	0	0	0	0
ENSMUSG00000041616	0	0	0	0	0	0
ENSMUSG00000041644	0	0	0	0	0	0
ENSMUSG00000041673	0	0	0	0	0	0
ENSMUSG00000041681	0	0	0	0	0	0
ENSMUSG00000041695	320	995	232	181	227	36
ENSMUSG00000041698	0	0	0	0	0	0
ENSMUSG00000041703	10	4	24	11	5	89
ENSMUSG00000041722	0	0	0	0	0	0
ENSMUSG00000041731	8	65	11	169	121	123
ENSMUSG00000041750	23	25	0	13	1	14
ENSMUSG00000041754	0	0	0	0	0	0
ENSMUSG00000041771	0	5	0	16	9	6
ENSMUSG00000041782	0	0	1	11	11	13
ENSMUSG00000041789	0	0	0	0	0	0
ENSMUSG00000041791	0	0	0	0	0	0
ENSMUSG00000041798	2	46	25	33	30	5
ENSMUSG00000041805	0	0	0	0	0	0
ENSMUSG00000041852	7119	7555	9683	8984	7941	9952
ENSMUSG00000041857	0	0	0	0	0	0
ENSMUSG00000041885	0	0	0	0	0	0
ENSMUSG00000041984	0	0	0	0	0	0
ENSMUSG00000041986	4	0	2	11	15	42
ENSMUSG00000041991	0	0	0	0	0	0
ENSMUSG00000041992	0	3	2	0	5	16
ENSMUSG00000041995	1167	1124	940	1004	932	1447
ENSMUSG00000042002	0	0	0	0	0	0
ENSMUSG00000042031	0	0	0	0	0	0
ENSMUSG00000042045	0	8	2	16	8	4
ENSMUSG00000042073	802	794	687	591	758	566
ENSMUSG00000042092	0	0	0	0	0	0
ENSMUSG00000042124	11	8	0	0	2	24
ENSMUSG00000042157	0	0	0	0	0	0
ENSMUSG00000042179	0	0	0	0	0	0
ENSMUSG00000042189	0	0	0	0	0	0
ENSMUSG00000042212	0	0	0	0	0	0
ENSMUSG00000042219	0	0	0	0	0	0
ENSMUSG00000042240	0	0	0	0	0	0
ENSMUSG00000042244	0	0	0	0	0	0
ENSMUSG00000042248	0	0	0	0	0	0
ENSMUSG00000042249	0	2	17	18	12	46
ENSMUSG00000042250	0	0	0	0	0	0
ENSMUSG00000042254	636	744	25	428	396	339
ENSMUSG00000042262	0	0	0	0	0	0
ENSMUSG00000042265	0	0	0	0	0	34
ENSMUSG00000042268	0	0	0	0	0	0
ENSMUSG00000042269	0	0	0	0	0	0
ENSMUSG00000042351	0	0	0	0	0	0
ENSMUSG00000042353	0	0	0	0	0	0
ENSMUSG00000042359	298	216	191	190	218	271
ENSMUSG00000042360	0	0	0	0	0	0
ENSMUSG00000042372	0	0	0	0	0	0
ENSMUSG00000042379	13	3	32	26	29	171
ENSMUSG00000042386	0	0	0	0	0	0
ENSMUSG00000042388	0	4	0	5	5	9
ENSMUSG00000042401	0	0	0	0	0	0
ENSMUSG00000042414	0	0	0	0	0	0
ENSMUSG00000042425	0	5	6	2	9	0
ENSMUSG00000042429	0	2	9	0	0	18
ENSMUSG00000042436	3	4	0	4	24	6
ENSMUSG00000042448	0	0	0	0	0	0
ENSMUSG00000042451	24	380	42	535	669	244
ENSMUSG00000042453	12	11	0	11	2	60
ENSMUSG00000042459	0	0	0	0	0	0
ENSMUSG00000042525	0	0	0	0	0	0
ENSMUSG00000042529	0	0	3	9	8	21
ENSMUSG00000042540	0	0	0	0	0	0
ENSMUSG00000042567	2	18	8	0	7	26
ENSMUSG00000042596	0	0	0	0	0	0
ENSMUSG00000042631	0	0	0	0	0	0
ENSMUSG00000042662	4	5	2	0	6	8
ENSMUSG00000042672	8	4	4	0	0	10
ENSMUSG00000042686	407	492	264	349	443	529
ENSMUSG00000042757	12	8	7	2	4	22
ENSMUSG00000042761	0	0	0	0	0	0
ENSMUSG00000042763	11	8	5	8	18	0
ENSMUSG00000042774	0	0	0	0	0	0
ENSMUSG00000042796	0	0	0	0	0	0
ENSMUSG00000042800	0	0	0	0	0	0
ENSMUSG00000042801	0	0	0	0	0	0
ENSMUSG00000042812	262	391	294	341	277	197
ENSMUSG00000042816	0	0	0	0	0	0
ENSMUSG00000042817	0	0	0	0	0	0
ENSMUSG00000042828	22	168	37	346	429	189
ENSMUSG00000042831	466	317	335	560	430	401
ENSMUSG00000042842	102	96	255	414	373	1598
ENSMUSG00000042845	0	0	0	0	0	0
ENSMUSG00000042848	0	0	0	0	0	0
ENSMUSG00000042849	0	0	0	0	0	0
ENSMUSG00000042861	0	0	0	0	0	0
ENSMUSG00000042863	0	0	0	0	0	0
ENSMUSG00000042869	0	0	0	0	0	0
ENSMUSG00000042888	0	0	0	0	0	0
ENSMUSG00000042938	0	0	0	0	0	0
ENSMUSG00000042940	0	0	0	0	0	0
ENSMUSG00000042961	8	4	10	4	0	20
ENSMUSG00000042993	0	0	0	0	0	0
ENSMUSG00000043008	0	10	0	14	2	2
ENSMUSG00000043013	0	0	0	0	0	0
ENSMUSG00000043050	0	0	0	0	0	0
ENSMUSG00000043060	0	0	0	0	0	0
ENSMUSG00000043066	0	0	0	0	0	0
ENSMUSG00000043087	0	0	0	0	0	0
ENSMUSG00000043088	0	0	0	0	0	0
ENSMUSG00000043089	0	0	0	0	0	0
ENSMUSG00000043102	10	5	0	7	10	29
ENSMUSG00000043110	0	0	0	0	0	0
ENSMUSG00000043119	0	0	0	0	0	0
ENSMUSG00000043122	0	0	14	0	0	0
ENSMUSG00000043131	8461	9052	10085	8210	7786	10937
ENSMUSG00000043144	0	0	0	0	0	0
ENSMUSG00000043145	0	0	0	0	0	0
ENSMUSG00000043164	0	0	0	0	0	0
ENSMUSG00000043165	2	2	0	6	1	0
ENSMUSG00000043168	0	0	0	0	0	0
ENSMUSG00000043192	172	314	204	7	13	4
ENSMUSG00000043226	0	0	0	0	0	0
ENSMUSG00000043230	0	0	0	0	0	0
ENSMUSG00000043243	51	15	46	22	34	25
ENSMUSG00000043263	0	0	4	4	5	9
ENSMUSG00000043274	0	0	0	0	0	0
ENSMUSG00000043295	0	0	0	0	0	0
ENSMUSG00000043298	0	0	0	0	0	0
ENSMUSG00000043301	0	0	0	0	0	0
ENSMUSG00000043308	0	0	0	0	0	0
ENSMUSG00000043311	1169	1332	1076	1125	1203	932
ENSMUSG00000043312	0	0	0	0	0	0
ENSMUSG00000043314	0	0	0	0	0	0
ENSMUSG00000043319	0	0	0	0	0	0
ENSMUSG00000043333	0	0	10	8	6	10
ENSMUSG00000043346	0	0	0	0	0	0
ENSMUSG00000043354	0	0	0	0	0	0
ENSMUSG00000043357	0	0	0	0	0	0
ENSMUSG00000043366	0	0	0	0	0	0
ENSMUSG00000043383	0	0	0	0	0	0
ENSMUSG00000043418	0	0	0	0	0	0
ENSMUSG00000043424	123	108	124	3	5	8
ENSMUSG00000043429	0	0	0	0	0	0
ENSMUSG00000043430	0	0	0	0	0	0
ENSMUSG00000043441	24	0	90	42	15	403
ENSMUSG00000043453	0	0	0	0	0	0
ENSMUSG00000043456	4	2	0	1	15	11
ENSMUSG00000043460	0	0	0	0	0	0
ENSMUSG00000043461	0	0	0	0	0	0
ENSMUSG00000043468	0	0	0	0	1	0
ENSMUSG00000043472	0	0	0	0	0	0
ENSMUSG00000043484	0	0	0	0	0	0
ENSMUSG00000043485	0	0	0	0	0	0
ENSMUSG00000043505	0	0	0	0	0	0
ENSMUSG00000043518	59	123	58	62	103	24
ENSMUSG00000043522	0	0	0	0	0	0
ENSMUSG00000043529	0	0	0	0	0	0
ENSMUSG00000043537	0	0	0	0	0	0
ENSMUSG00000043549	0	0	0	0	0	0
ENSMUSG00000043569	0	0	0	0	0	0
ENSMUSG00000043572	281	285	266	359	271	364
ENSMUSG00000043583	0	0	0	0	0	0
ENSMUSG00000043592	0	0	0	0	0	0
ENSMUSG00000043605	0	0	0	0	0	0
ENSMUSG00000043613	100	335	97	374	480	1561
ENSMUSG00000043621	0	0	0	0	0	0
ENSMUSG00000043629	11	0	4	0	0	8
ENSMUSG00000043659	0	0	0	0	0	0
ENSMUSG00000043661	0	0	0	0	0	0
ENSMUSG00000043692	0	0	0	0	0	0
ENSMUSG00000043698	0	0	0	0	0	0
ENSMUSG00000043705	0	0	0	0	0	0
ENSMUSG00000043715	0	0	0	0	0	0
ENSMUSG00000043727	0	0	0	0	0	0
ENSMUSG00000043747	0	8	2	8	0	9
ENSMUSG00000043760	0	34	8	20	46	17
ENSMUSG00000043782	0	0	0	0	0	0
ENSMUSG00000043787	0	0	0	0	0	0
ENSMUSG00000043800	0	0	0	0	0	0
ENSMUSG00000043833	2	0	2	13	0	8
ENSMUSG00000043843	0	0	0	0	0	0
ENSMUSG00000043855	0	0	0	0	0	0
ENSMUSG00000043859	0	0	0	0	0	0
ENSMUSG00000043865	0	0	0	0	0	0
ENSMUSG00000043870	0	0	0	0	0	0
ENSMUSG00000043873	0	0	0	0	0	0
ENSMUSG00000043880	0	0	0	0	0	0
ENSMUSG00000043892	0	0	0	0	0	0
ENSMUSG00000043897	0	0	0	0	0	0
ENSMUSG00000043911	0	0	0	0	0	0
ENSMUSG00000043913	0	0	0	0	0	0
ENSMUSG00000043925	0	0	0	0	0	0
ENSMUSG00000043931	0	0	0	0	0	0
ENSMUSG00000043932	0	0	0	0	0	0
ENSMUSG00000043945	0	0	0	0	0	0
ENSMUSG00000043948	0	0	0	0	0	0
ENSMUSG00000043953	3	7	0	24	12	0
ENSMUSG00000043982	0	0	0	0	0	0
ENSMUSG00000043986	0	0	0	0	0	0
ENSMUSG00000044006	0	18	4	17	22	14
ENSMUSG00000044017	996	6678	604	1726	2386	89
ENSMUSG00000044025	0	0	0	0	0	0
ENSMUSG00000044029	0	0	0	0	0	0
ENSMUSG00000044039	0	0	0	0	0	0
ENSMUSG00000044040	0	0	0	0	0	0
ENSMUSG00000044052	0	0	0	0	0	0
ENSMUSG00000044058	0	0	0	0	0	0
ENSMUSG00000044061	0	0	0	0	0	0
ENSMUSG00000044062	0	0	0	0	0	0
ENSMUSG00000044065	0	0	0	0	0	0
ENSMUSG00000044067	0	0	0	0	0	0
ENSMUSG00000044081	0	1	22	9	2	19
ENSMUSG00000044083	8	23	14	0	3	3
ENSMUSG00000044084	0	0	0	0	0	0
ENSMUSG00000044086	4	69	14	70	86	76
ENSMUSG00000044092	4	8	0	5	0	6
ENSMUSG00000044106	0	0	0	0	0	0
ENSMUSG00000044120	0	0	0	0	0	0
ENSMUSG00000044121	0	0	0	0	0	0
ENSMUSG00000044164	3	0	19	8	0	20
ENSMUSG00000044165	1	2	2	11	2	69
ENSMUSG00000044170	0	0	0	0	0	0
ENSMUSG00000044172	0	0	0	0	0	0
ENSMUSG00000044205	0	0	0	0	0	0
ENSMUSG00000044211	0	1	1	0	23	1
ENSMUSG00000044213	0	0	0	0	0	0
ENSMUSG00000044220	0	0	0	0	0	0
ENSMUSG00000044222	0	0	0	0	0	0
ENSMUSG00000044227	0	0	0	0	0	0
ENSMUSG00000044243	0	0	0	0	0	0
ENSMUSG00000044248	0	0	0	0	0	0
ENSMUSG00000044249	0	0	0	0	0	0
ENSMUSG00000044265	0	0	0	0	0	0
ENSMUSG00000044268	0	0	0	0	0	0
ENSMUSG00000044279	0	0	0	0	0	0
ENSMUSG00000044286	0	0	0	0	0	0
ENSMUSG00000044292	0	0	0	0	0	0
ENSMUSG00000044293	0	0	0	0	0	0
ENSMUSG00000044294	0	0	0	0	0	0
ENSMUSG00000044309	0	0	0	0	0	0
ENSMUSG00000044312	0	0	0	0	0	0
ENSMUSG00000044317	0	0	0	0	0	0
ENSMUSG00000044320	5	8	16	15	1	0
ENSMUSG00000044322	0	0	0	0	0	0
ENSMUSG00000044349	3	20	20	4	1	2
ENSMUSG00000044352	0	0	0	0	0	0
ENSMUSG00000044359	0	0	0	0	0	0
ENSMUSG00000044361	0	0	0	0	0	0
ENSMUSG00000044375	0	0	0	0	0	0
ENSMUSG00000044393	0	0	0	0	0	0
ENSMUSG00000044429	0	0	0	0	0	0
ENSMUSG00000044430	0	0	0	0	0	0
ENSMUSG00000044441	0	0	0	0	0	0
ENSMUSG00000044444	0	0	0	0	0	0
ENSMUSG00000044453	0	0	0	0	0	0
ENSMUSG00000044454	0	0	0	0	0	0
ENSMUSG00000044457	0	0	0	0	0	0
ENSMUSG00000044485	0	0	0	0	0	0
ENSMUSG00000044487	0	0	0	0	0	0
ENSMUSG00000044515	0	0	0	0	0	0
ENSMUSG00000044518	0	0	0	0	0	0
ENSMUSG00000044526	0	0	0	0	0	0
ENSMUSG00000044537	0	0	0	0	0	0
ENSMUSG00000044538	0	0	0	0	0	0
ENSMUSG00000044542	0	0	0	0	0	0
ENSMUSG00000044556	0	0	0	0	0	0
ENSMUSG00000044560	0	0	0	0	0	0
ENSMUSG00000044594	0	0	0	0	0	0
ENSMUSG00000044597	0	0	0	0	0	0
ENSMUSG00000044624	0	0	0	0	0	0
ENSMUSG00000044633	0	0	0	0	0	0
ENSMUSG00000044639	0	0	0	0	0	0
ENSMUSG00000044641	0	0	10	9	0	2
ENSMUSG00000044649	0	0	0	0	0	0
ENSMUSG00000044667	0	2	10	5	0	4
ENSMUSG00000044681	0	0	0	0	0	0
ENSMUSG00000044697	0	0	0	0	0	0
ENSMUSG00000044705	0	0	0	0	0	0
ENSMUSG00000044707	0	0	3	3	10	12
ENSMUSG00000044716	6	72	4	46	137	102
ENSMUSG00000044726	0	0	0	0	0	0
ENSMUSG00000044737	0	0	0	0	0	0
ENSMUSG00000044743	0	0	0	0	0	0
ENSMUSG00000044748	0	0	0	0	0	0
ENSMUSG00000044772	0	0	0	0	0	0
ENSMUSG00000044798	0	0	0	0	0	0
ENSMUSG00000044801	0	0	0	0	0	0
ENSMUSG00000044814	0	0	0	0	0	0
ENSMUSG00000044824	0	0	0	0	0	0
ENSMUSG00000044867	0	0	0	0	0	0
ENSMUSG00000044897	0	0	0	0	0	0
ENSMUSG00000044899	0	0	0	0	0	0
ENSMUSG00000044903	0	0	0	0	0	0
ENSMUSG00000044916	16	27	18	36	21	24
ENSMUSG00000044923	0	0	0	0	0	0
ENSMUSG00000044933	0	0	0	0	0	0
ENSMUSG00000044938	0	57	10	61	100	75
ENSMUSG00000044948	3	12	7	11	0	19
ENSMUSG00000044951	0	19	8	17	24	26
ENSMUSG00000044976	2	0	28	20	1	17
ENSMUSG00000044985	0	0	0	0	0	0
ENSMUSG00000044988	0	0	0	0	0	0
ENSMUSG00000044994	0	0	0	0	0	0
ENSMUSG00000045004	0	0	0	0	0	0
ENSMUSG00000045008	8	16	11	7	2	0
ENSMUSG00000045013	0	0	0	0	0	0
ENSMUSG00000045022	0	0	0	0	0	0
ENSMUSG00000045027	1	0	1	0	7	15
ENSMUSG00000045030	0	0	0	0	0	0
ENSMUSG00000045034	0	0	0	0	0	0
ENSMUSG00000045048	0	0	0	0	0	0
ENSMUSG00000045053	0	0	0	0	0	0
ENSMUSG00000045083	2	0	0	0	0	21
ENSMUSG00000045087	0	0	0	0	0	0
ENSMUSG00000045091	0	0	0	0	0	0
ENSMUSG00000045103	44	31	30	689	640	1162
ENSMUSG00000045104	4	8	7	0	2	0
ENSMUSG00000045109	0	0	0	0	0	0
ENSMUSG00000045111	0	0	0	0	0	0
ENSMUSG00000045126	0	0	0	0	0	0
ENSMUSG00000045132	0	0	0	0	0	0
ENSMUSG00000045148	0	0	0	0	0	0
ENSMUSG00000045150	0	0	0	0	0	0
ENSMUSG00000045165	0	8	4	10	20	6
ENSMUSG00000045174	0	0	0	0	0	0
ENSMUSG00000045178	0	0	0	0	0	0
ENSMUSG00000045179	0	0	0	0	0	0
ENSMUSG00000045201	0	0	0	0	0	52
ENSMUSG00000045202	0	0	0	0	0	0
ENSMUSG00000045204	0	0	0	0	0	0
ENSMUSG00000045215	18	2	25	14	0	39
ENSMUSG00000045217	0	0	0	0	0	0
ENSMUSG00000045232	0	0	0	0	0	0
ENSMUSG00000045236	0	0	0	0	0	0
ENSMUSG00000045238	9	0	7	18	6	6
ENSMUSG00000045246	0	0	0	4	8	4
ENSMUSG00000045267	0	0	0	0	0	0
ENSMUSG00000045291	0	0	0	0	0	0
ENSMUSG00000045306	0	0	0	0	0	0
ENSMUSG00000045318	0	0	0	0	0	0
ENSMUSG00000045330	0	0	0	0	0	0
ENSMUSG00000045331	0	0	0	0	0	0
ENSMUSG00000045336	0	0	0	0	0	0
ENSMUSG00000045337	0	0	0	0	0	0
ENSMUSG00000045340	0	0	0	0	0	0
ENSMUSG00000045341	0	0	0	0	0	0
ENSMUSG00000045364	0	0	0	0	0	0
ENSMUSG00000045378	0	0	0	0	2	0
ENSMUSG00000045395	0	0	0	0	0	0
ENSMUSG00000045404	0	7	0	31	28	18
ENSMUSG00000045409	699	653	603	528	575	860
ENSMUSG00000045417	0	0	0	0	0	0
ENSMUSG00000045421	0	0	0	0	0	0
ENSMUSG00000045440	0	0	0	0	0	0
ENSMUSG00000045463	0	0	0	0	0	0
ENSMUSG00000045467	0	14	0	10	6	21
ENSMUSG00000045471	0	0	0	0	0	0
ENSMUSG00000045474	0	0	0	0	0	0
ENSMUSG00000045475	0	0	0	0	0	0
ENSMUSG00000045493	0	0	0	0	0	0
ENSMUSG00000045508	0	0	0	0	0	0
ENSMUSG00000045509	5	0	0	0	0	16
ENSMUSG00000045515	0	12	5	6	2	17
ENSMUSG00000045518	0	0	0	0	0	0
ENSMUSG00000045521	0	0	0	0	0	0
ENSMUSG00000045528	0	0	0	0	0	0
ENSMUSG00000045534	0	0	0	0	0	0
ENSMUSG00000045539	0	0	0	0	0	0
ENSMUSG00000045559	0	0	0	0	0	0
ENSMUSG00000045566	0	0	0	0	0	0
ENSMUSG00000045581	0	0	0	0	0	0
ENSMUSG00000045584	0	0	0	0	0	0
ENSMUSG00000045587	0	0	0	0	0	0
ENSMUSG00000045591	0	0	0	0	0	0
ENSMUSG00000045631	0	0	0	0	0	0
ENSMUSG00000045648	0	0	0	0	0	0
ENSMUSG00000045655	0	0	0	0	0	0
ENSMUSG00000045667	9	14	2	2	23	13
ENSMUSG00000045678	0	0	1	0	1	1
ENSMUSG00000045684	0	0	0	0	0	0
ENSMUSG00000045693	0	0	0	0	0	0
ENSMUSG00000045708	0	0	0	0	0	0
ENSMUSG00000045725	0	37	6	0	1	0
ENSMUSG00000045731	0	0	0	0	0	0
ENSMUSG00000045752	1759	1591	1380	1834	1517	1571
ENSMUSG00000045775	0	0	0	0	0	0
ENSMUSG00000045792	0	0	0	0	0	0
ENSMUSG00000045794	0	0	0	0	0	0
ENSMUSG00000045797	0	0	0	0	0	0
ENSMUSG00000045815	0	0	0	0	0	0
ENSMUSG00000045824	0	0	0	0	0	0
ENSMUSG00000045835	0	0	0	0	0	0
ENSMUSG00000045842	0	0	0	0	0	0
ENSMUSG00000045883	0	0	0	0	0	0
ENSMUSG00000045912	4	15	16	6	9	0
ENSMUSG00000045915	0	0	0	0	0	0
ENSMUSG00000045952	0	0	0	0	0	0
ENSMUSG00000045967	0	0	0	0	0	0
ENSMUSG00000045989	0	0	0	0	0	0
ENSMUSG00000046006	0	0	0	0	0	0
ENSMUSG00000046016	0	0	0	0	0	0
ENSMUSG00000046041	0	0	0	0	0	0
ENSMUSG00000046057	0	0	0	0	0	0
ENSMUSG00000046080	0	0	0	0	0	0
ENSMUSG00000046082	0	0	0	0	0	0
ENSMUSG00000046085	0	0	0	0	0	0
ENSMUSG00000046095	0	0	0	0	0	0
ENSMUSG00000046101	0	2	4	8	0	8
ENSMUSG00000046119	0	0	0	0	0	0
ENSMUSG00000046130	0	0	0	0	0	0
ENSMUSG00000046133	0	0	0	0	0	0
ENSMUSG00000046150	0	0	0	0	0	0
ENSMUSG00000046160	0	0	0	0	0	0
ENSMUSG00000046173	0	0	0	0	0	0
ENSMUSG00000046180	0	0	0	0	0	12
ENSMUSG00000046182	0	0	0	0	0	0
ENSMUSG00000046196	2	0	2	13	1	4
ENSMUSG00000046203	0	0	0	0	0	0
ENSMUSG00000046204	18	6	1	27	39	48
ENSMUSG00000046213	0	0	0	0	0	0
ENSMUSG00000046219	11	16	0	1	2	8
ENSMUSG00000046242	0	0	0	0	0	0
ENSMUSG00000046248	0	0	0	0	0	0
ENSMUSG00000046258	0	0	0	0	0	0
ENSMUSG00000046259	0	0	0	0	0	0
ENSMUSG00000046262	0	0	0	0	0	0
ENSMUSG00000046269	131	137	213	161	182	261
ENSMUSG00000046272	0	0	0	0	0	0
ENSMUSG00000046282	0	0	0	0	0	0
ENSMUSG00000046287	0	0	0	0	0	0
ENSMUSG00000046300	0	0	0	0	0	0
ENSMUSG00000046317	0	0	0	0	0	0
ENSMUSG00000046321	0	0	0	0	0	0
ENSMUSG00000046323	0	0	0	0	0	0
ENSMUSG00000046341	0	0	0	0	0	0
ENSMUSG00000046352	88	384	22	427	384	35
ENSMUSG00000046354	0	0	0	0	0	0
ENSMUSG00000046378	0	0	0	0	0	0
ENSMUSG00000046388	0	0	0	0	0	0
ENSMUSG00000046396	0	0	0	0	0	0
ENSMUSG00000046411	0	0	0	0	0	0
ENSMUSG00000046413	5	13	7	7	19	3
ENSMUSG00000046431	0	0	0	0	0	0
ENSMUSG00000046438	0	0	0	0	0	0
ENSMUSG00000046447	74	70	77	71	102	37
ENSMUSG00000046456	0	0	0	0	0	0
ENSMUSG00000046474	0	0	0	0	0	0
ENSMUSG00000046486	0	0	0	0	0	0
ENSMUSG00000046487	0	0	0	0	0	0
ENSMUSG00000046490	0	0	0	0	0	0
ENSMUSG00000046493	0	0	0	0	0	0
ENSMUSG00000046518	0	0	0	0	0	0
ENSMUSG00000046523	8	4	7	0	0	8
ENSMUSG00000046590	0	0	0	0	0	0
ENSMUSG00000046607	0	0	0	0	0	0
ENSMUSG00000046613	0	0	0	0	0	0
ENSMUSG00000046615	0	0	0	0	0	0
ENSMUSG00000046620	0	0	0	0	0	0
ENSMUSG00000046634	11	0	0	1	0	30
ENSMUSG00000046643	0	0	0	0	0	0
ENSMUSG00000046676	0	0	0	0	0	0
ENSMUSG00000046683	0	0	0	0	0	0
ENSMUSG00000046697	0	0	0	0	0	0
ENSMUSG00000046716	0	0	0	0	0	0
ENSMUSG00000046717	0	0	0	0	0	0
ENSMUSG00000046723	0	0	0	0	0	0
ENSMUSG00000046747	9	7	2	0	0	5
ENSMUSG00000046750	0	0	0	0	0	0
ENSMUSG00000046755	0	0	0	0	0	0
ENSMUSG00000046774	0	0	4	8	12	5
ENSMUSG00000046790	0	0	0	0	0	0
ENSMUSG00000046793	0	0	0	0	0	0
ENSMUSG00000046805	35	82	3	0	9	0
ENSMUSG00000046826	0	0	0	0	0	0
ENSMUSG00000046828	0	0	0	0	0	0
ENSMUSG00000046840	0	0	0	0	0	0
ENSMUSG00000046846	0	0	0	0	0	0
ENSMUSG00000046913	0	0	0	0	0	0
ENSMUSG00000046922	0	0	0	0	0	0
ENSMUSG00000046924	0	0	0	0	0	0
ENSMUSG00000046932	0	0	0	0	0	0
ENSMUSG00000046934	0	0	0	0	0	0
ENSMUSG00000046942	0	0	0	0	0	0
ENSMUSG00000046952	7	5	0	0	0	0
ENSMUSG00000046958	0	0	0	0	0	0
ENSMUSG00000046974	0	0	0	0	0	0
ENSMUSG00000046975	0	0	0	0	0	0
ENSMUSG00000046995	0	0	0	0	0	0
ENSMUSG00000046999	0	0	0	0	0	0
ENSMUSG00000047002	0	0	0	0	0	0
ENSMUSG00000047021	0	0	0	0	0	0
ENSMUSG00000047025	0	0	0	0	0	0
ENSMUSG00000047026	0	0	0	0	0	0
ENSMUSG00000047031	0	0	0	0	0	0
ENSMUSG00000047034	0	0	0	0	0	0
ENSMUSG00000047037	635	537	590	630	466	572
ENSMUSG00000047039	0	0	0	0	0	0
ENSMUSG00000047040	0	0	0	0	0	0
ENSMUSG00000047046	0	0	0	0	0	0
ENSMUSG00000047053	0	0	0	0	0	0
ENSMUSG00000047061	0	0	0	0	0	0
ENSMUSG00000047079	0	0	0	0	0	0
ENSMUSG00000047085	0	0	0	0	0	0
ENSMUSG00000047102	0	0	0	0	0	0
ENSMUSG00000047108	0	0	0	0	0	0
ENSMUSG00000047129	0	0	0	0	0	0
ENSMUSG00000047149	0	0	0	0	0	0
ENSMUSG00000047168	0	0	0	0	0	0
ENSMUSG00000047171	0	0	0	0	0	0
ENSMUSG00000047182	7	17	15	10	7	20
ENSMUSG00000047203	0	0	0	0	0	0
ENSMUSG00000047207	0	0	0	0	0	0
ENSMUSG00000047215	41983	39081	31880	43282	38202	34755
ENSMUSG00000047216	2	0	0	2	5	21
ENSMUSG00000047222	13	83	67	0	2	0
ENSMUSG00000047225	0	0	0	0	0	0
ENSMUSG00000047228	0	0	0	0	0	0
ENSMUSG00000047230	0	8	0	15	22	10
ENSMUSG00000047237	0	0	0	0	0	0
ENSMUSG00000047253	7	0	2	1	0	13
ENSMUSG00000047259	0	0	0	0	11	15
ENSMUSG00000047286	0	0	0	0	0	0
ENSMUSG00000047295	0	0	0	0	0	0
ENSMUSG00000047324	0	0	0	0	0	0
ENSMUSG00000047344	55	27	118	10	41	357
ENSMUSG00000047347	67	55	0	0	70	0
ENSMUSG00000047356	0	0	0	0	0	0
ENSMUSG00000047369	2	0	0	0	0	15
ENSMUSG00000047383	0	0	0	0	0	0
ENSMUSG00000047390	0	0	0	0	0	0
ENSMUSG00000047394	0	0	0	0	0	0
ENSMUSG00000047415	8	0	6	0	9	37
ENSMUSG00000047441	0	0	0	0	0	0
ENSMUSG00000047444	0	0	0	0	0	0
ENSMUSG00000047462	0	0	0	0	0	0
ENSMUSG00000047473	137	213	198	123	147	93
ENSMUSG00000047485	3	5	0	10	17	4
ENSMUSG00000047492	0	0	0	0	0	0
ENSMUSG00000047495	2	0	12	1	8	4
ENSMUSG00000047501	0	0	0	2	16	6
ENSMUSG00000047502	0	0	0	0	0	0
ENSMUSG00000047508	0	0	0	0	0	0
ENSMUSG00000047509	0	0	0	0	0	0
ENSMUSG00000047511	0	0	0	0	0	0
ENSMUSG00000047515	45	79	42	41	62	60
ENSMUSG00000047517	0	0	0	0	0	0
ENSMUSG00000047528	7	0	15	0	0	61
ENSMUSG00000047531	0	0	0	0	0	0
ENSMUSG00000047535	0	0	0	0	0	0
ENSMUSG00000047544	0	0	0	0	0	0
ENSMUSG00000047545	0	0	0	0	0	0
ENSMUSG00000047554	3170	2838	3123	3171	2938	3065
ENSMUSG00000047562	14	2	5	26	17	584
ENSMUSG00000047564	0	0	0	0	0	0
ENSMUSG00000047586	0	0	0	0	0	0
ENSMUSG00000047606	0	0	0	0	0	0
ENSMUSG00000047626	0	0	0	0	0	0
ENSMUSG00000047631	0	0	0	0	0	0
ENSMUSG00000047642	0	0	0	0	0	0
ENSMUSG00000047652	0	0	0	0	0	0
ENSMUSG00000047655	0	0	0	0	0	0
ENSMUSG00000047661	0	0	0	0	0	0
ENSMUSG00000047667	0	0	0	0	0	0
ENSMUSG00000047671	17	14	6	10	4	0
ENSMUSG00000047674	0	0	0	0	0	0
ENSMUSG00000047678	0	0	0	0	0	0
ENSMUSG00000047696	0	0	0	0	0	0
ENSMUSG00000047710	2728	2699	2167	2579	2621	2964
ENSMUSG00000047716	0	0	0	0	0	0
ENSMUSG00000047746	0	3	6	0	18	6
ENSMUSG00000047751	0	0	0	0	0	0
ENSMUSG00000047759	25	26	0	16	22	18
ENSMUSG00000047773	0	0	0	0	0	0
ENSMUSG00000047793	2779	10620	1600	1551	3227	346
ENSMUSG00000047794	0	0	0	0	0	0
ENSMUSG00000047797	0	0	0	0	0	0
ENSMUSG00000047799	0	0	0	0	0	0
ENSMUSG00000047807	0	0	0	0	0	0
ENSMUSG00000047828	0	0	0	0	0	0
ENSMUSG00000047841	0	2	4	0	9	0
ENSMUSG00000047844	0	0	0	0	0	0
ENSMUSG00000047861	0	0	0	0	0	0
ENSMUSG00000047868	0	0	0	0	0	0
ENSMUSG00000047889	0	0	0	0	0	0
ENSMUSG00000047894	171	754	798	68	67	120
ENSMUSG00000047897	0	0	0	0	0	0
ENSMUSG00000047935	0	0	0	0	0	0
ENSMUSG00000047953	0	2	0	0	4	11
ENSMUSG00000047960	0	0	0	0	0	0
ENSMUSG00000047969	0	0	0	0	0	0
ENSMUSG00000047980	0	0	0	0	0	0
ENSMUSG00000047992	2	0	0	10	4	31
ENSMUSG00000047995	0	0	0	0	0	0
ENSMUSG00000048001	0	0	0	0	0	0
ENSMUSG00000048004	0	0	0	5	2	0
ENSMUSG00000048013	0	0	0	0	0	0
ENSMUSG00000048015	0	0	0	0	0	0
ENSMUSG00000048031	0	0	0	0	0	0
ENSMUSG00000048038	0	0	0	0	0	0
ENSMUSG00000048062	0	0	0	0	0	0
ENSMUSG00000048065	8	16	0	8	4	1
ENSMUSG00000048067	0	0	0	0	0	0
ENSMUSG00000048070	0	0	0	0	0	0
ENSMUSG00000048076	22310	22954	18910	25217	22309	20193
ENSMUSG00000048077	0	0	0	0	0	0
ENSMUSG00000048080	5	0	0	1	4	0
ENSMUSG00000048087	0	426	332	0	0	1
ENSMUSG00000048101	0	0	0	0	0	0
ENSMUSG00000048153	0	0	0	0	0	0
ENSMUSG00000048155	0	0	0	0	0	0
ENSMUSG00000048173	0	0	0	0	0	0
ENSMUSG00000048185	0	0	0	0	0	0
ENSMUSG00000048188	0	1	0	0	0	1
ENSMUSG00000048197	0	0	0	0	0	0
ENSMUSG00000048206	0	0	0	0	0	0
ENSMUSG00000048215	0	0	0	0	0	0
ENSMUSG00000048231	0	0	0	0	0	0
ENSMUSG00000048236	0	0	0	0	0	0
ENSMUSG00000048249	407	629	752	355	457	453
ENSMUSG00000048261	0	0	0	0	0	0
ENSMUSG00000048281	0	0	0	0	0	0
ENSMUSG00000048292	0	0	0	0	0	0
ENSMUSG00000048294	0	0	0	0	0	0
ENSMUSG00000048299	0	0	0	0	0	0
ENSMUSG00000048312	0	0	0	0	0	0
ENSMUSG00000048329	0	0	0	0	0	0
ENSMUSG00000048334	0	0	0	0	0	0
ENSMUSG00000048356	0	0	0	0	0	0
ENSMUSG00000048373	0	1	7	34	20	34
ENSMUSG00000048377	0	0	0	0	0	0
ENSMUSG00000048378	0	0	0	0	0	0
ENSMUSG00000048391	0	0	0	0	0	0
ENSMUSG00000048398	0	0	0	0	0	0
ENSMUSG00000048399	4	0	0	4	0	4
ENSMUSG00000048400	0	0	0	0	0	0
ENSMUSG00000048425	0	0	0	0	0	0
ENSMUSG00000048455	0	0	0	0	0	0
ENSMUSG00000048456	0	0	0	0	0	0
ENSMUSG00000048469	0	0	0	0	0	0
ENSMUSG00000048473	0	0	0	0	0	0
ENSMUSG00000048480	0	0	0	0	0	0
ENSMUSG00000048483	0	0	0	0	0	0
ENSMUSG00000048500	0	0	0	0	0	0
ENSMUSG00000048501	0	0	0	0	0	0
ENSMUSG00000048516	0	0	0	0	0	0
ENSMUSG00000048528	0	0	0	0	0	0
ENSMUSG00000048540	0	0	0	0	0	0
ENSMUSG00000048559	0	0	0	0	0	0
ENSMUSG00000048562	0	0	0	0	0	0
ENSMUSG00000048573	0	0	0	0	0	0
ENSMUSG00000048583	0	42	2	25	39	13
ENSMUSG00000048617	0	0	0	0	0	0
ENSMUSG00000048626	0	0	0	0	0	0
ENSMUSG00000048628	0	0	0	0	0	0
ENSMUSG00000048643	0	0	0	0	0	0
ENSMUSG00000048652	7	7	0	0	6	6
ENSMUSG00000048686	0	0	0	0	0	0
ENSMUSG00000048693	0	0	0	0	0	0
ENSMUSG00000048699	4	0	0	0	0	0
ENSMUSG00000048703	0	0	0	0	0	0
ENSMUSG00000048721	0	0	0	0	0	0
ENSMUSG00000048745	0	0	0	0	0	0
ENSMUSG00000048752	0	0	0	6	0	0
ENSMUSG00000048763	0	9	0	8	2	2
ENSMUSG00000048764	17	0	28	5	10	166
ENSMUSG00000048766	0	0	0	0	0	0
ENSMUSG00000048775	0	0	0	0	0	0
ENSMUSG00000048776	6	0	0	0	8	8
ENSMUSG00000048779	15	40	2	43	28	8
ENSMUSG00000048782	0	9	0	6	6	4
ENSMUSG00000048794	25	78	35	12	44	4
ENSMUSG00000048810	0	0	0	0	0	0
ENSMUSG00000048824	0	0	0	0	0	0
ENSMUSG00000048830	0	0	0	0	0	0
ENSMUSG00000048833	1453	1851	1236	1304	1269	1381
ENSMUSG00000048865	4	7	5	0	0	0
ENSMUSG00000048875	0	0	0	0	0	0
ENSMUSG00000048899	0	0	0	0	0	0
ENSMUSG00000048904	0	0	0	0	0	0
ENSMUSG00000048919	0	0	0	0	0	0
ENSMUSG00000048933	0	0	0	0	0	0
ENSMUSG00000048938	0	0	0	0	0	0
ENSMUSG00000048939	2	0	0	13	2	0
ENSMUSG00000048978	0	0	0	0	0	0
ENSMUSG00000048981	0	0	0	0	0	0
ENSMUSG00000048982	0	0	0	0	0	0
ENSMUSG00000048992	0	0	0	0	0	0
ENSMUSG00000048994	0	0	0	0	0	0
ENSMUSG00000048996	0	0	0	0	0	0
ENSMUSG00000049008	0	0	0	0	0	0
ENSMUSG00000049010	0	0	0	0	0	0
ENSMUSG00000049011	0	0	0	0	0	0
ENSMUSG00000049013	0	0	0	0	0	0
ENSMUSG00000049015	0	0	0	0	0	0
ENSMUSG00000049018	0	0	0	0	0	0
ENSMUSG00000049028	0	0	0	0	0	0
ENSMUSG00000049052	0	0	0	0	0	0
ENSMUSG00000049057	0	0	0	0	0	0
ENSMUSG00000049062	0	0	0	0	0	0
ENSMUSG00000049073	0	0	0	0	0	0
ENSMUSG00000049094	0	0	0	0	0	0
ENSMUSG00000049098	0	0	0	0	0	0
ENSMUSG00000049103	0	0	0	0	0	0
ENSMUSG00000049107	0	0	0	0	0	0
ENSMUSG00000049112	20	29	4	5	43	2
ENSMUSG00000049115	9	16	24	38	68	1
ENSMUSG00000049124	0	0	0	0	0	0
ENSMUSG00000049133	0	0	0	0	0	0
ENSMUSG00000049134	5	115	20	269	275	137
ENSMUSG00000049149	0	0	0	0	0	0
ENSMUSG00000049154	0	0	0	0	0	0
ENSMUSG00000049160	0	0	0	0	0	0
ENSMUSG00000049168	0	0	0	0	0	0
ENSMUSG00000049202	0	0	0	0	0	0
ENSMUSG00000049214	0	0	0	0	0	0
ENSMUSG00000049217	0	0	0	0	0	0
ENSMUSG00000049229	0	0	0	0	0	0
ENSMUSG00000049231	0	0	0	0	0	0
ENSMUSG00000049233	0	0	0	0	0	0
ENSMUSG00000049246	0	0	0	0	0	0
ENSMUSG00000049249	0	0	0	0	0	0
ENSMUSG00000049252	0	0	0	0	0	0
ENSMUSG00000049291	0	0	0	0	0	0
ENSMUSG00000049314	0	0	0	0	0	0
ENSMUSG00000049315	0	0	0	0	0	0
ENSMUSG00000049334	0	0	0	0	0	0
ENSMUSG00000049350	0	0	0	0	0	0
ENSMUSG00000049353	0	0	0	0	0	0
ENSMUSG00000049362	0	0	0	0	0	0
ENSMUSG00000049372	0	0	0	0	0	0
ENSMUSG00000049387	0	0	0	0	0	0
ENSMUSG00000049410	0	0	0	0	0	0
ENSMUSG00000049427	0	0	0	0	0	0
ENSMUSG00000049436	7	0	4	11	11	7
ENSMUSG00000049456	0	0	0	0	0	0
ENSMUSG00000049460	0	0	0	0	0	0
ENSMUSG00000049476	0	0	0	0	0	0
ENSMUSG00000049477	0	0	0	0	0	0
ENSMUSG00000049491	0	0	0	0	0	0
ENSMUSG00000049493	4	0	6	0	2	11
ENSMUSG00000049498	0	0	0	0	0	0
ENSMUSG00000049506	0	0	0	0	0	0
ENSMUSG00000049528	0	0	0	0	0	0
ENSMUSG00000049530	0	0	0	0	0	0
ENSMUSG00000049538	9	10	0	6	2	0
ENSMUSG00000049555	0	9	0	3	0	0
ENSMUSG00000049560	0	0	0	0	0	0
ENSMUSG00000049573	0	0	0	0	0	0
ENSMUSG00000049593	8	2	0	4	0	16
ENSMUSG00000049605	0	0	0	0	0	0
ENSMUSG00000049612	0	0	0	0	0	0
ENSMUSG00000049618	0	0	0	0	0	0
ENSMUSG00000049620	0	0	0	0	0	0
ENSMUSG00000049625	0	0	0	0	0	0
ENSMUSG00000049641	0	19	0	7	9	4
ENSMUSG00000049648	0	0	0	0	0	0
ENSMUSG00000049653	0	0	0	0	0	0
ENSMUSG00000049685	0	0	0	0	0	0
ENSMUSG00000049692	0	0	0	0	0	0
ENSMUSG00000049694	0	0	0	0	0	0
ENSMUSG00000049699	0	9	0	0	0	15
ENSMUSG00000049708	0	0	0	0	0	0
ENSMUSG00000049709	0	0	2	4	2	0
ENSMUSG00000049723	65	196	14	15	74	20
ENSMUSG00000049734	0	0	0	0	0	0
ENSMUSG00000049737	0	0	0	0	0	0
ENSMUSG00000049739	2444	2369	2052	2309	2355	2791
ENSMUSG00000049740	0	0	0	0	0	0
ENSMUSG00000049741	0	0	0	0	0	0
ENSMUSG00000049761	0	0	0	0	0	0
ENSMUSG00000049796	0	0	0	0	0	0
ENSMUSG00000049797	0	0	0	0	0	0
ENSMUSG00000049799	0	0	0	0	0	0
ENSMUSG00000049809	0	0	0	0	0	0
ENSMUSG00000049815	0	0	0	0	0	0
ENSMUSG00000049843	0	0	0	0	0	0
ENSMUSG00000049848	0	11	0	1	0	0
ENSMUSG00000049871	289	146	257	188	182	355
ENSMUSG00000049891	0	0	0	0	0	0
ENSMUSG00000049902	0	0	0	0	0	0
ENSMUSG00000049908	0	0	0	0	0	0
ENSMUSG00000049916	27	19	8	22	23	26
ENSMUSG00000049926	0	0	0	0	0	0
ENSMUSG00000049928	16	0	0	4	3	37
ENSMUSG00000049946	10	0	1	0	6	16
ENSMUSG00000049971	0	0	0	0	0	0
ENSMUSG00000049972	0	0	0	0	0	0
ENSMUSG00000049985	150	393	150	389	404	58
ENSMUSG00000050015	0	0	0	0	0	0
ENSMUSG00000050023	0	0	0	0	0	0
ENSMUSG00000050028	0	0	0	0	0	0
ENSMUSG00000050030	0	0	0	0	0	0
ENSMUSG00000050050	4	11	0	6	14	0
ENSMUSG00000050058	0	0	0	0	0	0
ENSMUSG00000050063	0	0	0	0	0	0
ENSMUSG00000050066	3	16	2	1	0	6
ENSMUSG00000050071	12	34	7	83	115	49
ENSMUSG00000050075	0	0	0	0	0	0
ENSMUSG00000050085	0	0	0	0	0	0
ENSMUSG00000050089	0	0	0	0	0	0
ENSMUSG00000050092	0	0	0	0	0	0
ENSMUSG00000050097	3	1	2	3	0	1
ENSMUSG00000050102	0	0	0	0	0	0
ENSMUSG00000050105	0	0	0	0	0	0
ENSMUSG00000050108	2	2	0	10	0	11
ENSMUSG00000050114	0	0	0	0	0	0
ENSMUSG00000050121	0	0	0	0	0	0
ENSMUSG00000050122	6	14	2	1	12	0
ENSMUSG00000050128	0	0	0	0	0	0
ENSMUSG00000050134	0	0	0	0	0	0
ENSMUSG00000050141	0	0	0	0	0	0
ENSMUSG00000050158	0	0	0	0	0	0
ENSMUSG00000050164	9	8	0	9	6	0
ENSMUSG00000050179	0	0	0	0	0	0
ENSMUSG00000050189	0	0	0	0	0	0
ENSMUSG00000050190	0	0	0	0	0	0
ENSMUSG00000050197	0	0	0	0	0	0
ENSMUSG00000050198	0	0	0	0	0	0
ENSMUSG00000050201	0	0	0	0	0	0
ENSMUSG00000050215	0	0	0	0	0	0
ENSMUSG00000050217	0	0	0	0	0	0
ENSMUSG00000050224	0	0	0	0	0	0
ENSMUSG00000050232	0	0	0	0	0	0
ENSMUSG00000050239	0	0	0	0	0	0
ENSMUSG00000050243	0	0	0	0	0	0
ENSMUSG00000050251	0	0	0	0	0	0
ENSMUSG00000050266	0	0	0	0	0	0
ENSMUSG00000050276	0	0	0	0	0	0
ENSMUSG00000050281	0	0	0	0	0	0
ENSMUSG00000050296	2	0	16	0	0	22
ENSMUSG00000050343	0	0	0	0	0	0
ENSMUSG00000050345	0	0	0	0	0	0
ENSMUSG00000050350	6	3	3	10	4	0
ENSMUSG00000050359	0	0	0	0	0	0
ENSMUSG00000050366	0	0	0	0	0	0
ENSMUSG00000050383	0	0	0	0	0	0
ENSMUSG00000050423	1	14	12	0	22	0
ENSMUSG00000050425	0	0	0	0	0	0
ENSMUSG00000050435	0	0	0	0	0	0
ENSMUSG00000050445	0	0	0	0	0	0
ENSMUSG00000050447	21	1	4	19	2	18
ENSMUSG00000050463	0	0	0	0	0	0
ENSMUSG00000050473	5	8	0	0	2	0
ENSMUSG00000050478	0	0	0	0	0	0
ENSMUSG00000050493	0	0	0	0	0	0
ENSMUSG00000050504	0	0	0	0	0	0
ENSMUSG00000050511	13	0	0	0	2	6
ENSMUSG00000050520	0	0	0	0	0	0
ENSMUSG00000050526	0	0	0	0	0	0
ENSMUSG00000050530	2896	2242	3644	3450	3384	5198
ENSMUSG00000050533	0	0	0	0	0	0
ENSMUSG00000050550	0	0	1	167	2	1
ENSMUSG00000050553	0	0	0	0	0	0
ENSMUSG00000050556	0	4	7	0	9	6
ENSMUSG00000050577	0	0	0	0	0	0
ENSMUSG00000050578	0	28	21	11	18	219
ENSMUSG00000050600	0	0	0	0	0	0
ENSMUSG00000050603	0	0	0	0	0	0
ENSMUSG00000050613	0	0	0	0	0	0
ENSMUSG00000050625	0	0	0	0	0	0
ENSMUSG00000050635	0	0	0	0	0	0
ENSMUSG00000050641	0	0	0	0	0	0
ENSMUSG00000050645	0	0	0	0	0	0
ENSMUSG00000050650	0	0	0	0	0	0
ENSMUSG00000050654	0	0	0	0	0	0
ENSMUSG00000050663	4	7	16	10	3	0
ENSMUSG00000050675	0	0	0	0	0	0
ENSMUSG00000050685	0	0	0	0	0	0
ENSMUSG00000050702	0	0	0	0	0	0
ENSMUSG00000050704	0	0	0	0	0	0
ENSMUSG00000050742	0	0	0	0	0	0
ENSMUSG00000050751	15	10	16	1	8	38
ENSMUSG00000050756	0	0	0	0	0	0
ENSMUSG00000050762	0	0	14	6	0	0
ENSMUSG00000050763	0	0	0	0	0	0
ENSMUSG00000050776	0	0	0	0	0	0
ENSMUSG00000050788	0	0	0	0	0	0
ENSMUSG00000050803	0	0	0	0	0	0
ENSMUSG00000050808	0	0	0	0	0	0
ENSMUSG00000050810	0	0	0	0	0	0
ENSMUSG00000050813	0	0	0	0	0	0
ENSMUSG00000050818	0	0	0	0	0	0
ENSMUSG00000050824	0	0	0	0	0	11
ENSMUSG00000050830	0	0	0	0	0	0
ENSMUSG00000050844	0	0	0	0	0	0
ENSMUSG00000050853	0	0	0	0	0	0
ENSMUSG00000050865	0	0	0	0	0	0
ENSMUSG00000050866	0	0	0	0	0	0
ENSMUSG00000050875	0	0	0	0	0	0
ENSMUSG00000050901	0	0	0	0	0	0
ENSMUSG00000050917	0	0	0	0	0	0
ENSMUSG00000050919	0	0	0	0	0	0
ENSMUSG00000050933	0	0	0	0	0	0
ENSMUSG00000050961	0	0	0	0	0	0
ENSMUSG00000050963	0	0	0	0	0	0
ENSMUSG00000050966	0	0	0	0	0	0
ENSMUSG00000050967	10	20	9	2	3	0
ENSMUSG00000050974	0	0	1	0	1	1
ENSMUSG00000050978	0	0	0	0	0	0
ENSMUSG00000050996	0	0	0	0	0	0
ENSMUSG00000051002	0	0	0	0	0	0
ENSMUSG00000051022	10	61	4	26	24	0
ENSMUSG00000051036	0	0	0	0	0	0
ENSMUSG00000051038	0	0	0	0	0	0
ENSMUSG00000051041	0	0	0	0	0	0
ENSMUSG00000051046	0	0	0	0	0	0
ENSMUSG00000051051	0	0	0	0	0	0
ENSMUSG00000051056	0	0	0	0	0	0
ENSMUSG00000051062	0	0	0	0	0	0
ENSMUSG00000051076	0	0	0	0	0	0
ENSMUSG00000051079	0	0	0	0	0	0
ENSMUSG00000051081	0	0	0	0	0	0
ENSMUSG00000051111	0	10	0	7	4	19
ENSMUSG00000051118	0	0	0	0	0	0
ENSMUSG00000051124	99	86	88	79	74	97
ENSMUSG00000051136	0	0	0	0	0	0
ENSMUSG00000051153	0	0	0	0	0	0
ENSMUSG00000051156	0	0	0	0	0	0
ENSMUSG00000051159	3	0	4	0	2	15
ENSMUSG00000051160	0	0	0	0	0	0
ENSMUSG00000051172	0	0	0	0	0	0
ENSMUSG00000051176	0	0	0	0	0	0
ENSMUSG00000051180	0	0	0	0	0	0
ENSMUSG00000051182	6	2	7	5	7	3
ENSMUSG00000051198	0	0	0	0	0	0
ENSMUSG00000051200	0	0	0	0	0	0
ENSMUSG00000051207	0	0	0	0	0	0
ENSMUSG00000051209	0	0	0	0	0	0
ENSMUSG00000051225	0	0	0	0	0	0
ENSMUSG00000051236	6557	7360	5931	5488	6902	5437
ENSMUSG00000051242	3	0	0	7	7	0
ENSMUSG00000051257	0	0	0	0	0	0
ENSMUSG00000051258	0	0	0	0	0	0
ENSMUSG00000051276	0	0	0	0	0	0
ENSMUSG00000051295	0	0	0	0	0	0
ENSMUSG00000051297	0	0	0	0	0	0
ENSMUSG00000051313	0	0	0	0	0	0
ENSMUSG00000051340	0	0	0	0	0	0
ENSMUSG00000051361	0	0	0	0	0	0
ENSMUSG00000051362	0	0	0	0	0	0
ENSMUSG00000051392	0	0	0	0	0	0
ENSMUSG00000051397	0	0	0	0	0	0
ENSMUSG00000051414	0	0	0	0	0	0
ENSMUSG00000051424	0	0	0	0	0	0
ENSMUSG00000051431	0	0	0	0	0	0
ENSMUSG00000051437	0	0	0	0	0	0
ENSMUSG00000051452	0	0	0	0	0	0
ENSMUSG00000051456	0	24	2	26	21	13
ENSMUSG00000051457	21	8	0	8	0	1
ENSMUSG00000051481	0	0	0	0	0	0
ENSMUSG00000051490	0	0	0	0	0	0
ENSMUSG00000051493	0	0	0	0	0	0
ENSMUSG00000051503	0	0	0	0	0	0
ENSMUSG00000051504	0	0	0	0	0	0
ENSMUSG00000051528	0	0	0	0	0	0
ENSMUSG00000051582	0	0	0	0	0	0
ENSMUSG00000051591	0	0	0	0	0	0
ENSMUSG00000051593	0	0	0	0	0	0
ENSMUSG00000051606	0	0	0	0	0	0
ENSMUSG00000051611	0	0	0	0	0	0
ENSMUSG00000051616	0	0	0	0	0	0
ENSMUSG00000051617	0	0	0	0	0	0
ENSMUSG00000051618	0	0	0	0	0	0
ENSMUSG00000051638	0	0	0	0	0	0
ENSMUSG00000051663	0	0	0	0	0	0
ENSMUSG00000051669	2	6	0	2	14	0
ENSMUSG00000051680	0	0	0	0	0	0
ENSMUSG00000051687	0	0	0	0	0	0
ENSMUSG00000051706	0	0	0	0	0	0
ENSMUSG00000051716	3	0	1	18	5	5
ENSMUSG00000051728	0	0	0	0	0	0
ENSMUSG00000051729	0	0	0	0	0	0
ENSMUSG00000051732	0	0	0	0	0	0
ENSMUSG00000051747	93	1079	241	1671	2426	2732
ENSMUSG00000051748	2	2	19	0	0	0
ENSMUSG00000051758	0	0	0	0	0	0
ENSMUSG00000051769	0	0	0	0	0	0
ENSMUSG00000051777	0	0	0	0	0	0
ENSMUSG00000051793	0	0	0	0	0	0
ENSMUSG00000051802	0	0	0	0	0	0
ENSMUSG00000051804	0	0	0	0	0	0
ENSMUSG00000051827	0	0	0	0	0	0
ENSMUSG00000051844	12	13	14	2	21	1
ENSMUSG00000051877	0	0	0	0	0	0
ENSMUSG00000051879	0	0	0	0	0	0
ENSMUSG00000051885	0	0	0	0	0	0
ENSMUSG00000051896	0	0	0	0	0	0
ENSMUSG00000051900	0	0	0	0	0	0
ENSMUSG00000051906	0	0	0	0	0	0
ENSMUSG00000051917	0	0	0	0	0	0
ENSMUSG00000051920	64	129	42	32	61	6
ENSMUSG00000051936	0	0	0	0	0	0
ENSMUSG00000051940	0	0	0	0	0	0
ENSMUSG00000051952	0	0	0	0	0	0
ENSMUSG00000051956	0	0	0	0	0	0
ENSMUSG00000051965	0	0	0	0	0	0
ENSMUSG00000051969	0	0	0	0	0	0
ENSMUSG00000051985	0	8	14	1	25	22
ENSMUSG00000051986	0	0	0	0	0	0
ENSMUSG00000051998	0	0	0	0	0	0
ENSMUSG00000052012	0	0	0	0	0	0
ENSMUSG00000052013	0	0	0	0	15	2
ENSMUSG00000052014	0	0	0	0	0	0
ENSMUSG00000052025	0	0	0	0	0	0
ENSMUSG00000052058	0	0	0	0	0	0
ENSMUSG00000052075	0	0	0	0	0	0
ENSMUSG00000052085	312	46	290	176	68	1173
ENSMUSG00000052099	0	0	0	0	0	0
ENSMUSG00000052117	0	0	0	0	0	0
ENSMUSG00000052157	0	0	0	0	0	0
ENSMUSG00000052160	2	6	10	0	4	0
ENSMUSG00000052182	0	0	0	0	0	0
ENSMUSG00000052187	0	0	0	0	0	0
ENSMUSG00000052188	0	1	5	0	6	11
ENSMUSG00000052217	0	0	0	0	0	0
ENSMUSG00000052221	6	8	10	13	16	0
ENSMUSG00000052234	0	0	0	0	0	0
ENSMUSG00000052236	0	0	0	0	0	0
ENSMUSG00000052271	0	0	0	0	0	0
ENSMUSG00000052276	4	7	0	0	4	0
ENSMUSG00000052299	3358	3971	3738	3992	3344	4708
ENSMUSG00000052303	0	0	0	0	0	0
ENSMUSG00000052305	0	0	0	0	0	0
ENSMUSG00000052334	0	0	0	0	0	0
ENSMUSG00000052353	6880	8554	11267	8014	14529	2906
ENSMUSG00000052363	0	0	0	0	0	0
ENSMUSG00000052368	0	0	0	0	0	0
ENSMUSG00000052373	2	1	1	0	2	19
ENSMUSG00000052374	5	146	38	160	216	88
ENSMUSG00000052376	0	0	0	0	0	0
ENSMUSG00000052382	0	0	0	0	0	0
ENSMUSG00000052407	84	83	103	71	79	99
ENSMUSG00000052417	0	0	0	0	0	0
ENSMUSG00000052426	0	0	0	0	0	0
ENSMUSG00000052435	0	0	0	0	0	0
ENSMUSG00000052479	0	0	0	0	0	0
ENSMUSG00000052496	4	2	0	0	6	6
ENSMUSG00000052504	248	232	96	258	197	113
ENSMUSG00000052508	0	0	0	0	0	0
ENSMUSG00000052520	0	0	0	0	0	0
ENSMUSG00000052537	0	0	0	0	0	0
ENSMUSG00000052544	2	13	0	10	15	7
ENSMUSG00000052549	0	0	0	0	0	0
ENSMUSG00000052551	0	0	0	0	0	0
ENSMUSG00000052554	0	0	0	0	0	0
ENSMUSG00000052562	0	0	0	0	0	0
ENSMUSG00000052563	11	0	2	4	3	14
ENSMUSG00000052581	0	0	10	2	7	0
ENSMUSG00000052595	0	0	0	0	0	0
ENSMUSG00000052613	2	2	0	0	5	24
ENSMUSG00000052625	0	0	0	0	0	0
ENSMUSG00000052629	0	0	0	0	0	0
ENSMUSG00000052642	0	0	0	0	0	0
ENSMUSG00000052656	713	930	824	690	690	985
ENSMUSG00000052730	0	0	0	0	0	0
ENSMUSG00000052736	0	0	0	0	0	0
ENSMUSG00000052759	0	0	0	0	0	0
ENSMUSG00000052769	3	8	3	0	14	1
ENSMUSG00000052779	0	0	0	0	0	0
ENSMUSG00000052785	0	0	0	0	0	0
ENSMUSG00000052790	0	0	0	0	0	0
ENSMUSG00000052818	0	0	0	0	0	0
ENSMUSG00000052850	0	0	0	0	0	0
ENSMUSG00000052861	12	5	19	8	6	12
ENSMUSG00000052865	0	0	0	0	0	0
ENSMUSG00000052922	0	0	0	0	0	0
ENSMUSG00000052951	10	62	0	15	11	8
ENSMUSG00000052955	0	0	0	0	0	0
ENSMUSG00000052957	4504	6760	2593	2796	3275	1286
ENSMUSG00000052974	0	0	0	0	0	0
ENSMUSG00000053004	2	18	12	7	0	14
ENSMUSG00000053024	23	33	3	11	24	1
ENSMUSG00000053046	0	0	0	0	0	0
ENSMUSG00000053049	0	0	8	1	8	4
ENSMUSG00000053054	0	0	0	0	0	0
ENSMUSG00000053063	2	13	3	0	0	0
ENSMUSG00000053111	1	0	2	8	0	14
ENSMUSG00000053121	4	4	0	12	0	5
ENSMUSG00000053129	0	0	0	0	0	0
ENSMUSG00000053141	0	0	0	0	0	0
ENSMUSG00000053146	0	0	0	0	0	0
ENSMUSG00000053153	0	0	0	0	0	0
ENSMUSG00000053158	1039	815	1056	1177	968	744
ENSMUSG00000053168	0	0	0	0	0	0
ENSMUSG00000053184	0	0	0	0	0	0
ENSMUSG00000053185	0	0	0	0	0	0
ENSMUSG00000053194	0	0	0	0	0	0
ENSMUSG00000053208	0	0	0	0	0	0
ENSMUSG00000053211	0	0	0	0	0	0
ENSMUSG00000053217	0	0	0	0	0	0
ENSMUSG00000053228	0	0	0	0	0	0
ENSMUSG00000053268	0	0	0	0	0	0
ENSMUSG00000053287	0	0	0	0	0	0
ENSMUSG00000053303	0	0	0	0	0	0
ENSMUSG00000053360	0	0	0	0	0	0
ENSMUSG00000053367	0	0	0	0	0	0
ENSMUSG00000053368	0	0	0	0	0	0
ENSMUSG00000053375	0	0	0	0	0	0
ENSMUSG00000053389	0	0	0	0	0	0
ENSMUSG00000053391	0	0	0	0	0	0
ENSMUSG00000053420	0	0	0	0	0	0
ENSMUSG00000053441	0	0	0	1	0	0
ENSMUSG00000053442	1	0	0	0	6	18
ENSMUSG00000053490	0	0	0	0	0	0
ENSMUSG00000053499	0	0	0	0	0	0
ENSMUSG00000053508	0	0	0	0	0	0
ENSMUSG00000053519	0	0	0	0	0	0
ENSMUSG00000053528	0	0	0	0	0	0
ENSMUSG00000053541	0	0	0	0	0	0
ENSMUSG00000053545	0	0	0	0	0	0
ENSMUSG00000053550	0	0	0	0	0	0
ENSMUSG00000053593	0	0	0	0	0	0
ENSMUSG00000053603	0	0	0	0	0	0
ENSMUSG00000053604	546	505	437	505	479	513
ENSMUSG00000053624	0	0	0	0	0	0
ENSMUSG00000053640	0	0	0	0	0	0
ENSMUSG00000053654	0	0	0	0	0	0
ENSMUSG00000053678	0	0	0	0	0	0
ENSMUSG00000053695	0	0	0	0	0	0
ENSMUSG00000053719	0	0	0	0	0	0
ENSMUSG00000053720	0	0	0	0	0	0
ENSMUSG00000053729	0	0	0	0	0	0
ENSMUSG00000053742	0	0	0	0	0	0
ENSMUSG00000053747	0	0	0	0	0	0
ENSMUSG00000053765	0	0	0	0	0	0
ENSMUSG00000053783	0	0	0	0	0	0
ENSMUSG00000053790	0	0	0	0	0	0
ENSMUSG00000053799	73	55	85	77	53	124
ENSMUSG00000053815	0	0	0	0	0	0
ENSMUSG00000053820	0	0	0	0	0	0
ENSMUSG00000053852	0	0	0	0	0	0
ENSMUSG00000053856	0	0	0	0	0	0
ENSMUSG00000053861	0	0	0	0	0	0
ENSMUSG00000053862	0	0	0	0	0	0
ENSMUSG00000053863	0	0	0	0	0	0
ENSMUSG00000053868	0	0	0	0	0	0
ENSMUSG00000053873	0	0	0	0	0	0
ENSMUSG00000053896	0	0	0	0	0	0
ENSMUSG00000053909	0	0	0	0	0	0
ENSMUSG00000053930	1	42	5	12	21	4
ENSMUSG00000053961	0	0	0	0	0	0
ENSMUSG00000053965	258	187	351	251	271	335
ENSMUSG00000053977	0	0	0	0	0	0
ENSMUSG00000053979	0	0	0	0	0	0
ENSMUSG00000054005	0	0	0	0	0	0
ENSMUSG00000054006	0	0	0	0	0	0
ENSMUSG00000054031	0	0	0	0	0	0
ENSMUSG00000054033	0	0	0	0	0	0
ENSMUSG00000054034	0	2	0	2	0	0
ENSMUSG00000054036	0	0	0	0	0	0
ENSMUSG00000054046	0	0	0	0	0	0
ENSMUSG00000054052	0	0	0	0	0	0
ENSMUSG00000054054	0	0	0	0	0	0
ENSMUSG00000054087	0	0	0	0	0	0
ENSMUSG00000054102	0	0	0	0	0	0
ENSMUSG00000054106	0	0	0	0	0	0
ENSMUSG00000054116	0	0	0	0	0	0
ENSMUSG00000054117	0	0	0	0	0	0
ENSMUSG00000054134	0	0	0	0	0	0
ENSMUSG00000054141	0	0	0	0	0	0
ENSMUSG00000054142	6	6	2	9	2	12
ENSMUSG00000054146	0	0	0	0	0	0
ENSMUSG00000054156	0	0	0	0	0	0
ENSMUSG00000054162	2	0	0	6	0	10
ENSMUSG00000054199	1378	1366	1148	1403	1343	1577
ENSMUSG00000054236	0	0	0	0	0	0
ENSMUSG00000054258	0	0	0	0	0	0
ENSMUSG00000054266	4	0	22	14	12	100
ENSMUSG00000054272	0	0	0	0	0	0
ENSMUSG00000054310	0	0	0	0	0	0
ENSMUSG00000054320	0	0	0	0	0	0
ENSMUSG00000054325	0	0	0	0	0	0
ENSMUSG00000054342	1733	237	954	507	203	2266
ENSMUSG00000054362	0	0	0	0	0	0
ENSMUSG00000054379	0	0	0	0	0	0
ENSMUSG00000054385	0	0	0	0	0	0
ENSMUSG00000054406	0	0	0	0	0	0
ENSMUSG00000054417	0	0	0	0	0	0
ENSMUSG00000054422	0	0	0	0	0	0
ENSMUSG00000054431	0	0	0	0	0	0
ENSMUSG00000054446	0	0	0	0	0	0
ENSMUSG00000054450	0	0	0	0	0	0
ENSMUSG00000054457	0	0	0	0	0	0
ENSMUSG00000054488	0	0	0	0	0	0
ENSMUSG00000054497	0	0	0	0	0	0
ENSMUSG00000054498	0	0	0	0	0	0
ENSMUSG00000054523	0	0	0	0	0	0
ENSMUSG00000054526	0	0	0	0	0	0
ENSMUSG00000054537	0	0	0	0	0	0
ENSMUSG00000054582	8	0	22	15	2	6
ENSMUSG00000054630	0	0	0	0	0	0
ENSMUSG00000054641	0	0	0	0	0	0
ENSMUSG00000054662	0	0	0	0	0	0
ENSMUSG00000054672	0	0	0	0	0	0
ENSMUSG00000054690	0	1	2	15	5	14
ENSMUSG00000054727	0	0	0	0	0	0
ENSMUSG00000054746	0	0	0	0	0	0
ENSMUSG00000054753	7	32	36	42	0	24
ENSMUSG00000054757	0	0	0	0	0	0
ENSMUSG00000054759	0	0	0	0	0	0
ENSMUSG00000054763	34	94	23	10	11	2
ENSMUSG00000054827	0	0	0	0	0	0
ENSMUSG00000054855	835	659	790	770	710	1099
ENSMUSG00000054871	139	120	76	134	87	143
ENSMUSG00000054885	0	0	0	0	0	0
ENSMUSG00000054890	0	0	0	0	0	0
ENSMUSG00000054894	176	151	192	183	148	207
ENSMUSG00000054909	0	0	0	0	0	0
ENSMUSG00000054910	10	26	2	9	0	13
ENSMUSG00000054938	0	0	0	0	0	0
ENSMUSG00000054940	0	0	0	0	0	0
ENSMUSG00000054958	0	0	0	0	0	0
ENSMUSG00000054988	0	0	11	6	0	7
ENSMUSG00000054994	0	0	0	0	0	0
ENSMUSG00000054999	12	6	8	0	14	7
ENSMUSG00000055003	0	0	0	0	0	0
ENSMUSG00000055010	0	0	0	0	0	0
ENSMUSG00000055015	0	0	0	0	0	0
ENSMUSG00000055027	6	168	29	291	371	172
ENSMUSG00000055030	0	0	0	0	0	0
ENSMUSG00000055045	0	0	0	0	0	0
ENSMUSG00000055048	0	0	0	0	0	0
ENSMUSG00000055067	435	367	378	456	355	553
ENSMUSG00000055069	0	0	6	6	6	0
ENSMUSG00000055095	1	14	2	10	4	0
ENSMUSG00000055102	1	5	2	0	4	17
ENSMUSG00000055108	0	0	0	0	0	0
ENSMUSG00000055110	0	0	0	0	0	0
ENSMUSG00000055134	0	0	0	0	0	0
ENSMUSG00000055138	0	0	0	0	0	0
ENSMUSG00000055150	95	84	66	77	73	63
ENSMUSG00000055170	0	0	0	0	0	0
ENSMUSG00000055177	0	0	0	0	0	0
ENSMUSG00000055193	0	0	0	0	0	0
ENSMUSG00000055194	0	0	0	0	0	0
ENSMUSG00000055197	0	0	0	0	0	0
ENSMUSG00000055198	0	0	0	0	0	0
ENSMUSG00000055214	13	3	0	0	2	4
ENSMUSG00000055228	0	0	0	0	0	0
ENSMUSG00000055298	0	0	0	0	0	0
ENSMUSG00000055333	22	12	0	14	13	2
ENSMUSG00000055357	0	0	0	0	0	0
ENSMUSG00000055360	9	3	184	8	7	71
ENSMUSG00000055370	13	0	19	1	7	31
ENSMUSG00000055373	0	2	0	6	2	24
ENSMUSG00000055385	0	0	0	0	0	0
ENSMUSG00000055401	1517	1070	1171	1309	1131	1098
ENSMUSG00000055415	0	0	0	0	0	0
ENSMUSG00000055452	0	0	0	0	0	0
ENSMUSG00000055456	0	0	0	0	0	0
ENSMUSG00000055489	0	42	4	91	116	18
ENSMUSG00000055494	1	0	2	2	2	2
ENSMUSG00000055515	0	0	0	0	0	0
ENSMUSG00000055540	0	0	0	0	0	0
ENSMUSG00000055546	0	0	0	0	0	0
ENSMUSG00000055547	0	0	0	0	0	0
ENSMUSG00000055555	16	5	20	11	7	25
ENSMUSG00000055567	0	0	0	0	0	0
ENSMUSG00000055571	0	0	0	0	0	0
ENSMUSG00000055594	0	0	0	0	0	0
ENSMUSG00000055602	0	0	3	0	0	0
ENSMUSG00000055609	0	0	0	0	0	0
ENSMUSG00000055610	0	0	0	0	0	0
ENSMUSG00000055621	0	0	0	0	0	0
ENSMUSG00000055643	0	0	0	0	0	0
ENSMUSG00000055653	6	10	0	32	9	12
ENSMUSG00000055679	0	0	0	0	0	0
ENSMUSG00000055700	0	0	0	0	0	0
ENSMUSG00000055725	176	217	165	155	184	185
ENSMUSG00000055730	0	0	0	0	0	0
ENSMUSG00000055732	0	0	0	0	0	0
ENSMUSG00000055746	0	0	0	0	0	0
ENSMUSG00000055763	0	0	0	0	0	0
ENSMUSG00000055775	18	113	8	119	170	94
ENSMUSG00000055789	0	0	0	0	0	0
ENSMUSG00000055811	0	0	0	0	0	0
ENSMUSG00000055826	0	35	17	26	0	0
ENSMUSG00000055827	0	0	0	0	0	0
ENSMUSG00000055835	204	294	184	255	236	261
ENSMUSG00000055850	4432	4260	4208	4015	3720	3157
ENSMUSG00000055872	0	0	0	0	0	0
ENSMUSG00000055874	0	0	0	0	0	0
ENSMUSG00000055882	0	0	0	0	0	0
ENSMUSG00000055895	0	0	0	0	0	0
ENSMUSG00000055926	4	8	0	8	6	0
ENSMUSG00000055933	0	0	0	0	0	0
ENSMUSG00000055937	0	0	0	0	0	0
ENSMUSG00000055942	0	0	0	0	0	0
ENSMUSG00000055944	0	0	0	0	0	0
ENSMUSG00000055960	0	0	0	0	0	0
ENSMUSG00000055961	0	0	0	0	0	0
ENSMUSG00000055971	0	0	0	0	0	0
ENSMUSG00000055976	0	3	19	6	0	4
ENSMUSG00000055994	35	37	9	18	13	41
ENSMUSG00000056004	16	2	28	25	13	60
ENSMUSG00000056008	0	0	0	0	0	0
ENSMUSG00000056018	0	0	0	0	0	0
ENSMUSG00000056032	2	4	6	6	0	0
ENSMUSG00000056035	0	0	0	0	0	0
ENSMUSG00000056043	0	9	10	0	2	8
ENSMUSG00000056061	0	0	0	0	0	0
ENSMUSG00000056069	141	246	72	112	128	82
ENSMUSG00000056071	0	0	0	0	0	0
ENSMUSG00000056073	4	6	79	42	19	90
ENSMUSG00000056089	1	0	8	4	7	0
ENSMUSG00000056115	0	0	0	0	0	0
ENSMUSG00000056145	0	0	4	0	3	9
ENSMUSG00000056148	0	0	0	0	0	0
ENSMUSG00000056155	0	1	15	0	0	11
ENSMUSG00000056158	0	0	0	0	0	0
ENSMUSG00000056162	0	0	0	0	0	0
ENSMUSG00000056174	620	314	77	151	188	34
ENSMUSG00000056184	0	0	0	0	0	0
ENSMUSG00000056197	0	0	0	0	0	0
ENSMUSG00000056219	0	0	0	0	0	0
ENSMUSG00000056223	0	0	0	0	0	0
ENSMUSG00000056257	2	0	0	2	5	12
ENSMUSG00000056270	0	2	0	2	2	20
ENSMUSG00000056281	0	0	0	0	0	0
ENSMUSG00000056288	0	0	0	0	0	0
ENSMUSG00000056293	0	0	0	0	0	0
ENSMUSG00000056306	0	0	0	0	0	0
ENSMUSG00000056316	0	0	0	0	0	0
ENSMUSG00000056328	43	359	129	626	799	392
ENSMUSG00000056329	0	0	0	0	0	0
ENSMUSG00000056332	0	0	0	0	0	0
ENSMUSG00000056350	0	0	0	0	0	0
ENSMUSG00000056359	0	0	0	0	0	0
ENSMUSG00000056366	0	0	0	0	0	0
ENSMUSG00000056370	0	0	0	0	0	0
ENSMUSG00000056379	0	0	0	0	0	0
ENSMUSG00000056380	0	0	0	1	5	8
ENSMUSG00000056399	0	0	0	0	0	0
ENSMUSG00000056411	22	24	33	48	37	31
ENSMUSG00000056412	0	0	0	0	0	0
ENSMUSG00000056423	0	0	0	0	0	0
ENSMUSG00000056429	5188	7484	7433	5047	5419	6256
ENSMUSG00000056436	0	0	0	0	0	0
ENSMUSG00000056457	242	42	1146	184	153	948
ENSMUSG00000056468	0	0	0	0	0	0
ENSMUSG00000056487	13	2	6	3	0	0
ENSMUSG00000056494	0	0	0	0	0	0
ENSMUSG00000056509	0	0	0	0	0	0
ENSMUSG00000056544	0	0	0	0	0	0
ENSMUSG00000056569	0	11	0	5	5	8
ENSMUSG00000056586	0	0	0	0	0	0
ENSMUSG00000056592	180	258	207	236	179	196
ENSMUSG00000056605	0	0	0	0	0	0
ENSMUSG00000056617	0	0	0	0	0	0
ENSMUSG00000056632	0	0	0	0	0	0
ENSMUSG00000056656	48	29	6	13	15	13
ENSMUSG00000056696	0	0	0	0	0	0
ENSMUSG00000056699	0	0	0	0	0	0
ENSMUSG00000056706	0	0	0	0	0	0
ENSMUSG00000056708	2988	3373	2198	3528	3193	3581
ENSMUSG00000056716	0	0	0	0	0	0
ENSMUSG00000056728	0	0	0	0	0	0
ENSMUSG00000056738	0	0	0	0	0	0
ENSMUSG00000056752	0	7	0	8	0	0
ENSMUSG00000056777	0	0	0	0	0	0
ENSMUSG00000056782	0	0	0	0	0	0
ENSMUSG00000056797	0	0	0	0	0	0
ENSMUSG00000056815	0	0	0	0	0	0
ENSMUSG00000056822	0	0	0	0	0	0
ENSMUSG00000056824	0	0	0	0	0	0
ENSMUSG00000056829	0	0	0	0	0	0
ENSMUSG00000056836	0	0	0	0	0	0
ENSMUSG00000056853	0	0	0	0	0	0
ENSMUSG00000056858	0	0	0	0	0	0
ENSMUSG00000056863	0	0	0	0	0	0
ENSMUSG00000056877	0	0	0	0	0	0
ENSMUSG00000056883	0	0	0	0	0	0
ENSMUSG00000056885	0	0	0	0	0	0
ENSMUSG00000056901	0	0	0	0	0	0
ENSMUSG00000056910	3	1	1	0	1	0
ENSMUSG00000056912	0	0	0	0	0	0
ENSMUSG00000056921	0	0	0	0	0	0
ENSMUSG00000056926	0	0	0	0	0	0
ENSMUSG00000056943	0	0	0	0	0	0
ENSMUSG00000056946	0	0	0	0	0	0
ENSMUSG00000056959	0	0	0	0	0	0
ENSMUSG00000056961	0	0	0	0	0	0
ENSMUSG00000056973	0	0	0	0	0	0
ENSMUSG00000056978	0	0	0	0	0	0
ENSMUSG00000056995	0	0	0	0	0	0
ENSMUSG00000057000	0	0	0	0	0	0
ENSMUSG00000057003	0	31	2	51	14	4
ENSMUSG00000057021	0	0	0	0	0	0
ENSMUSG00000057037	0	0	0	0	0	0
ENSMUSG00000057047	0	0	0	0	0	0
ENSMUSG00000057050	0	0	0	0	0	0
ENSMUSG00000057054	27	28	30	42	25	0
ENSMUSG00000057060	0	0	0	0	0	0
ENSMUSG00000057067	0	0	0	0	0	0
ENSMUSG00000057068	0	0	0	0	0	0
ENSMUSG00000057072	0	0	0	0	0	0
ENSMUSG00000057092	0	0	0	0	0	0
ENSMUSG00000057132	0	0	4	21	13	4
ENSMUSG00000057135	0	0	0	0	0	0
ENSMUSG00000057149	0	0	0	0	0	0
ENSMUSG00000057160	0	0	0	0	0	0
ENSMUSG00000057163	5	0	0	8	0	5
ENSMUSG00000057174	0	0	0	0	0	0
ENSMUSG00000057179	0	0	0	0	0	0
ENSMUSG00000057195	0	0	0	0	0	0
ENSMUSG00000057203	0	0	0	0	0	0
ENSMUSG00000057207	5	2	3	0	10	7
ENSMUSG00000057216	0	0	0	0	0	0
ENSMUSG00000057223	0	0	0	0	0	0
ENSMUSG00000057228	2	2	12	14	4	0
ENSMUSG00000057240	0	0	0	0	0	0
ENSMUSG00000057262	47	908	711	67	40	45
ENSMUSG00000057270	0	0	0	0	0	0
ENSMUSG00000057280	26	236	91	233	182	470
ENSMUSG00000057290	0	0	0	0	0	0
ENSMUSG00000057321	0	0	0	0	0	0
ENSMUSG00000057337	2	3	6	12	19	42
ENSMUSG00000057349	0	0	0	0	0	0
ENSMUSG00000057370	0	0	0	0	0	0
ENSMUSG00000057378	0	0	5	15	20	9
ENSMUSG00000057381	0	0	0	0	0	0
ENSMUSG00000057400	0	0	0	0	0	0
ENSMUSG00000057402	0	0	0	0	0	0
ENSMUSG00000057411	427	404	407	394	313	377
ENSMUSG00000057417	0	0	0	0	0	0
ENSMUSG00000057424	0	0	0	0	0	0
ENSMUSG00000057425	0	0	0	0	0	0
ENSMUSG00000057439	0	0	0	0	0	0
ENSMUSG00000057443	0	0	0	0	0	0
ENSMUSG00000057444	0	0	0	0	0	0
ENSMUSG00000057447	0	0	0	0	0	0
ENSMUSG00000057454	0	0	0	0	0	0
ENSMUSG00000057455	0	0	0	0	0	0
ENSMUSG00000057461	0	0	0	0	0	0
ENSMUSG00000057464	0	0	0	0	0	0
ENSMUSG00000057465	0	0	0	0	0	0
ENSMUSG00000057503	0	3	0	12	0	6
ENSMUSG00000057513	0	0	0	0	0	0
ENSMUSG00000057534	0	0	0	0	0	0
ENSMUSG00000057540	0	0	0	0	0	0
ENSMUSG00000057564	0	0	0	0	0	0
ENSMUSG00000057577	0	0	0	0	0	0
ENSMUSG00000057592	0	0	0	0	0	0
ENSMUSG00000057596	0	31	74	35	54	9
ENSMUSG00000057609	0	0	0	0	0	0
ENSMUSG00000057650	0	0	0	0	0	0
ENSMUSG00000057654	2	2	8	3	1	7
ENSMUSG00000057674	0	0	0	0	0	0
ENSMUSG00000057699	0	0	0	0	0	0
ENSMUSG00000057710	0	0	0	0	0	0
ENSMUSG00000057716	0	1	4	12	8	13
ENSMUSG00000057723	0	0	0	0	0	0
ENSMUSG00000057726	2	0	77	10	8	65
ENSMUSG00000057735	0	0	0	0	0	0
ENSMUSG00000057751	219	661	14	50	57	53
ENSMUSG00000057754	0	0	0	0	0	0
ENSMUSG00000057761	0	0	0	0	0	0
ENSMUSG00000057770	0	0	0	0	0	0
ENSMUSG00000057801	0	0	0	0	0	0
ENSMUSG00000057805	0	0	0	0	0	0
ENSMUSG00000057817	0	0	0	0	0	0
ENSMUSG00000057829	0	0	0	0	0	0
ENSMUSG00000057836	0	0	0	0	24	5
ENSMUSG00000057855	0	0	0	0	0	0
ENSMUSG00000057890	0	0	0	0	0	0
ENSMUSG00000057903	0	0	0	0	0	0
ENSMUSG00000057913	0	0	0	0	0	0
ENSMUSG00000057914	131	41	87	42	36	200
ENSMUSG00000057933	28	2	0	10	10	107
ENSMUSG00000057945	0	0	0	0	1	0
ENSMUSG00000057977	0	0	0	0	0	0
ENSMUSG00000057997	0	0	0	0	0	0
ENSMUSG00000058005	0	0	0	0	0	0
ENSMUSG00000058014	0	0	0	0	0	0
ENSMUSG00000058017	0	0	0	0	0	0
ENSMUSG00000058022	8	15	1	4	0	8
ENSMUSG00000058028	0	0	0	0	0	0
ENSMUSG00000058030	0	0	0	0	0	0
ENSMUSG00000058052	0	0	0	0	0	0
ENSMUSG00000058063	0	0	0	0	0	0
ENSMUSG00000058071	0	0	0	0	0	0
ENSMUSG00000058073	0	0	0	0	0	0
ENSMUSG00000058078	0	0	0	0	0	0
ENSMUSG00000058099	9	12	0	10	0	0
ENSMUSG00000058101	0	0	0	0	0	0
ENSMUSG00000058119	0	0	0	0	0	0
ENSMUSG00000058124	0	0	0	0	0	0
ENSMUSG00000058126	6381	5830	17	3535	2946	7596
ENSMUSG00000058132	0	0	0	0	0	0
ENSMUSG00000058147	0	0	0	0	0	0
ENSMUSG00000058153	0	1	0	0	3	0
ENSMUSG00000058172	0	0	0	0	0	0
ENSMUSG00000058176	0	0	0	0	0	0
ENSMUSG00000058188	0	0	0	0	0	0
ENSMUSG00000058194	0	0	0	0	0	0
ENSMUSG00000058200	0	0	0	0	0	0
ENSMUSG00000058207	0	0	0	0	0	0
ENSMUSG00000058250	0	0	0	0	0	0
ENSMUSG00000058270	0	0	0	0	0	0
ENSMUSG00000058275	0	0	0	0	0	0
ENSMUSG00000058281	0	0	0	0	0	0
ENSMUSG00000058287	0	0	0	0	0	0
ENSMUSG00000058295	0	0	0	0	0	0
ENSMUSG00000058328	0	0	0	0	0	0
ENSMUSG00000058349	0	0	0	0	0	0
ENSMUSG00000058354	0	0	0	0	0	0
ENSMUSG00000058357	2	0	4	0	5	13
ENSMUSG00000058368	0	0	0	0	0	0
ENSMUSG00000058396	0	0	0	0	0	0
ENSMUSG00000058398	0	0	0	0	0	0
ENSMUSG00000058435	0	0	0	0	0	0
ENSMUSG00000058441	0	0	0	0	0	0
ENSMUSG00000058463	0	0	0	0	0	0
ENSMUSG00000058470	0	0	0	0	0	0
ENSMUSG00000058491	0	0	0	0	0	0
ENSMUSG00000058499	0	0	0	0	0	0
ENSMUSG00000058508	0	0	0	0	0	0
ENSMUSG00000058513	0	0	0	0	0	0
ENSMUSG00000058515	0	0	0	0	0	0
ENSMUSG00000058523	0	0	0	0	0	0
ENSMUSG00000058537	0	0	0	0	0	0
ENSMUSG00000058568	0	0	0	0	0	0
ENSMUSG00000058579	0	0	0	0	0	0
ENSMUSG00000058590	0	0	0	0	0	0
ENSMUSG00000058594	3860	4844	3821	4249	4436	3689
ENSMUSG00000058618	0	0	0	0	0	0
ENSMUSG00000058622	0	0	0	0	0	0
ENSMUSG00000058624	249	1906	947	546	677	76
ENSMUSG00000058626	0	0	0	0	0	35
ENSMUSG00000058631	0	0	0	0	0	0
ENSMUSG00000058643	0	0	0	0	0	0
ENSMUSG00000058656	12	0	23	24	7	43
ENSMUSG00000058659	0	0	0	0	0	0
ENSMUSG00000058662	0	0	0	0	0	0
ENSMUSG00000058670	0	0	0	0	0	0
ENSMUSG00000058685	0	0	0	0	0	0
ENSMUSG00000058692	0	0	0	0	0	0
ENSMUSG00000058717	0	0	0	0	0	0
ENSMUSG00000058725	0	0	0	0	0	0
ENSMUSG00000058728	0	0	0	0	0	0
ENSMUSG00000058740	0	0	0	0	0	0
ENSMUSG00000058745	0	0	0	0	0	0
ENSMUSG00000058755	0	0	0	0	0	0
ENSMUSG00000058773	13487	8173	5411	13269	8711	11938
ENSMUSG00000058802	0	0	0	0	0	0
ENSMUSG00000058807	0	0	0	0	0	0
ENSMUSG00000058816	0	0	0	0	0	0
ENSMUSG00000058820	0	0	0	0	0	0
ENSMUSG00000058838	1	2	0	0	2	3
ENSMUSG00000058856	0	0	0	0	0	0
ENSMUSG00000058869	0	0	0	0	0	0
ENSMUSG00000058884	0	0	0	0	0	0
ENSMUSG00000058904	0	0	0	0	0	0
ENSMUSG00000058908	0	0	0	0	0	0
ENSMUSG00000058921	0	0	0	0	0	0
ENSMUSG00000058925	0	0	0	0	0	0
ENSMUSG00000058932	0	0	0	0	0	0
ENSMUSG00000058933	0	0	0	0	0	0
ENSMUSG00000058935	0	0	0	0	0	0
ENSMUSG00000058952	0	19	0	0	0	0
ENSMUSG00000058953	0	0	0	0	0	0
ENSMUSG00000058966	10	8	23	3	6	0
ENSMUSG00000058976	0	0	0	0	0	0
ENSMUSG00000058981	0	0	0	0	0	0
ENSMUSG00000059014	0	0	0	0	0	0
ENSMUSG00000059022	15	24	0	14	40	6
ENSMUSG00000059023	0	0	0	0	0	0
ENSMUSG00000059030	0	0	0	0	0	0
ENSMUSG00000059031	9	4	1	0	0	0
ENSMUSG00000059040	35	46	33	65	3550	21
ENSMUSG00000059042	0	0	0	0	0	0
ENSMUSG00000059043	0	0	0	0	0	0
ENSMUSG00000059058	1	0	0	61	1	1
ENSMUSG00000059069	0	0	0	0	0	0
ENSMUSG00000059077	0	0	0	0	0	0
ENSMUSG00000059087	0	0	0	0	0	0
ENSMUSG00000059089	8	15	16	1	2	0
ENSMUSG00000059105	0	0	0	0	0	0
ENSMUSG00000059106	0	0	0	0	0	0
ENSMUSG00000059112	0	0	0	0	0	0
ENSMUSG00000059113	0	0	0	0	0	0
ENSMUSG00000059114	0	0	0	0	0	0
ENSMUSG00000059128	0	0	0	0	0	0
ENSMUSG00000059169	0	0	0	0	0	0
ENSMUSG00000059179	0	0	0	0	0	0
ENSMUSG00000059187	12	0	4	6	3	37
ENSMUSG00000059189	0	0	0	0	0	0
ENSMUSG00000059201	0	0	0	0	0	0
ENSMUSG00000059203	0	0	0	0	0	0
ENSMUSG00000059205	0	0	0	0	0	0
ENSMUSG00000059206	0	0	0	0	0	0
ENSMUSG00000059218	0	0	0	0	0	0
ENSMUSG00000059230	0	0	0	0	0	0
ENSMUSG00000059237	0	0	0	0	0	0
ENSMUSG00000059246	0	0	0	0	0	0
ENSMUSG00000059251	0	0	0	0	0	0
ENSMUSG00000059280	0	0	0	0	0	0
ENSMUSG00000059303	0	0	0	0	0	0
ENSMUSG00000059319	0	0	0	0	0	0
ENSMUSG00000059334	0	0	0	0	0	0
ENSMUSG00000059336	0	0	0	0	0	0
ENSMUSG00000059343	0	0	0	2	1	1
ENSMUSG00000059352	0	0	0	0	0	0
ENSMUSG00000059361	0	0	0	0	0	0
ENSMUSG00000059366	0	0	0	0	0	0
ENSMUSG00000059371	0	0	0	0	0	0
ENSMUSG00000059375	0	0	0	0	0	0
ENSMUSG00000059379	0	0	0	0	0	0
ENSMUSG00000059382	0	0	0	0	0	0
ENSMUSG00000059383	0	0	0	0	0	0
ENSMUSG00000059397	0	0	0	0	0	0
ENSMUSG00000059410	0	0	0	0	0	0
ENSMUSG00000059411	0	0	0	0	0	0
ENSMUSG00000059422	0	1	0	32	33	0
ENSMUSG00000059434	0	0	0	0	0	0
ENSMUSG00000059463	0	0	0	0	0	0
ENSMUSG00000059474	345	371	450	515	362	648
ENSMUSG00000059475	704	933	772	929	821	1008
ENSMUSG00000059479	10	10	3	11	0	13
ENSMUSG00000059498	6	38	1	3	13	2
ENSMUSG00000059503	0	0	0	0	0	0
ENSMUSG00000059504	0	0	0	0	0	0
ENSMUSG00000059547	0	0	0	0	0	0
ENSMUSG00000059565	6	1111	904	3	1	4
ENSMUSG00000059571	0	0	0	0	0	0
ENSMUSG00000059585	0	0	0	0	0	0
ENSMUSG00000059595	0	0	0	0	0	0
ENSMUSG00000059606	0	0	0	0	0	0
ENSMUSG00000059610	0	0	0	0	0	0
ENSMUSG00000059623	0	0	0	0	0	0
ENSMUSG00000059625	0	0	0	0	0	0
ENSMUSG00000059626	0	0	0	0	0	0
ENSMUSG00000059631	0	0	0	0	0	0
ENSMUSG00000059632	0	0	0	0	0	0
ENSMUSG00000059639	0	0	0	0	0	0
ENSMUSG00000059645	7	50	7	6	14	1
ENSMUSG00000059648	0	0	0	0	0	0
ENSMUSG00000059654	0	0	0	0	0	0
ENSMUSG00000059657	0	0	0	0	0	0
ENSMUSG00000059663	0	0	0	0	0	0
ENSMUSG00000059668	0	0	0	0	0	0
ENSMUSG00000059687	0	0	0	0	0	0
ENSMUSG00000059690	0	0	0	0	0	0
ENSMUSG00000059695	0	0	0	0	0	0
ENSMUSG00000059743	3862	3696	2826	3765	3018	1547
ENSMUSG00000059763	0	0	0	0	0	0
ENSMUSG00000059768	0	0	0	0	0	0
ENSMUSG00000059827	0	0	0	0	0	0
ENSMUSG00000059830	0	0	0	0	0	0
ENSMUSG00000059832	0	0	0	0	0	0
ENSMUSG00000059845	0	0	0	0	0	0
ENSMUSG00000059852	8	14	0	10	11	7
ENSMUSG00000059854	0	12	4	5	23	6
ENSMUSG00000059862	0	0	0	0	0	0
ENSMUSG00000059866	289	398	242	338	476	252
ENSMUSG00000059867	0	0	0	0	0	0
ENSMUSG00000059873	0	0	0	0	0	0
ENSMUSG00000059874	0	0	0	0	0	0
ENSMUSG00000059877	0	0	0	0	0	0
ENSMUSG00000059887	0	0	0	0	0	0
ENSMUSG00000059908	0	0	0	0	0	0
ENSMUSG00000059934	0	0	0	0	0	0
ENSMUSG00000059956	0	0	0	0	0	0
ENSMUSG00000059964	0	0	0	0	0	0
ENSMUSG00000059972	0	0	0	0	0	0
ENSMUSG00000059994	0	0	0	0	0	0
ENSMUSG00000060017	0	0	0	0	0	0
ENSMUSG00000060030	0	0	0	0	0	0
ENSMUSG00000060049	0	0	0	0	0	0
ENSMUSG00000060057	0	0	0	0	0	0
ENSMUSG00000060063	19	24	0	12	6	6
ENSMUSG00000060068	0	0	0	0	0	0
ENSMUSG00000060070	0	0	0	0	0	0
ENSMUSG00000060081	0	0	0	0	0	0
ENSMUSG00000060084	0	0	0	0	0	0
ENSMUSG00000060096	0	0	0	0	0	0
ENSMUSG00000060105	0	0	0	0	0	0
ENSMUSG00000060112	0	0	0	0	0	0
ENSMUSG00000060114	0	0	0	0	0	0
ENSMUSG00000060147	32732	27487	38219	32192	29447	42567
ENSMUSG00000060161	0	0	0	0	0	0
ENSMUSG00000060170	0	0	0	0	0	0
ENSMUSG00000060177	0	0	0	0	0	0
ENSMUSG00000060183	0	0	0	0	0	0
ENSMUSG00000060187	0	0	0	0	0	0
ENSMUSG00000060188	0	0	0	0	0	0
ENSMUSG00000060201	0	0	0	0	0	0
ENSMUSG00000060205	0	0	0	0	0	0
ENSMUSG00000060208	0	0	0	0	0	0
ENSMUSG00000060212	4	0	0	0	0	0
ENSMUSG00000060245	0	0	0	0	0	0
ENSMUSG00000060254	0	0	0	0	0	0
ENSMUSG00000060256	0	0	0	0	0	0
ENSMUSG00000060257	0	0	0	0	0	0
ENSMUSG00000060275	13	1	5	0	0	6
ENSMUSG00000060284	331	509	74	88	149	26
ENSMUSG00000060303	0	0	0	0	0	0
ENSMUSG00000060311	0	0	0	0	0	0
ENSMUSG00000060317	0	0	0	0	0	0
ENSMUSG00000060335	0	0	0	0	0	0
ENSMUSG00000060375	0	0	0	0	0	0
ENSMUSG00000060407	0	0	0	0	0	0
ENSMUSG00000060412	0	0	0	0	0	0
ENSMUSG00000060416	0	0	0	0	0	0
ENSMUSG00000060417	0	0	0	0	0	0
ENSMUSG00000060424	0	0	0	0	0	0
ENSMUSG00000060445	9	0	2	0	0	7
ENSMUSG00000060459	46	110	86	26	70	0
ENSMUSG00000060469	0	0	0	0	0	0
ENSMUSG00000060470	1	0	12	3	0	10
ENSMUSG00000060480	0	0	0	0	0	0
ENSMUSG00000060491	0	0	0	0	0	0
ENSMUSG00000060499	0	0	0	0	0	0
ENSMUSG00000060508	0	0	0	0	0	0
ENSMUSG00000060523	0	0	0	0	0	0
ENSMUSG00000060530	10	15	6	11	4	22
ENSMUSG00000060534	0	0	0	0	0	0
ENSMUSG00000060556	0	0	0	0	0	0
ENSMUSG00000060565	0	0	0	0	0	0
ENSMUSG00000060583	0	0	0	0	0	0
ENSMUSG00000060613	0	0	0	0	0	0
ENSMUSG00000060630	0	0	0	0	0	0
ENSMUSG00000060663	0	0	0	0	0	0
ENSMUSG00000060673	0	0	0	0	0	0
ENSMUSG00000060685	0	0	0	0	0	0
ENSMUSG00000060688	0	0	0	0	0	0
ENSMUSG00000060691	0	0	0	0	0	0
ENSMUSG00000060699	0	0	0	0	0	0
ENSMUSG00000060701	0	0	0	0	0	0
ENSMUSG00000060742	0	0	0	0	0	0
ENSMUSG00000060747	0	0	0	0	0	0
ENSMUSG00000060756	0	0	0	0	0	0
ENSMUSG00000060759	0	0	0	0	0	0
ENSMUSG00000060765	0	0	0	0	0	0
ENSMUSG00000060777	0	2	1	0	0	0
ENSMUSG00000060787	0	0	0	0	0	0
ENSMUSG00000060794	0	0	0	0	0	0
ENSMUSG00000060795	0	0	0	0	0	0
ENSMUSG00000060811	0	0	0	0	0	0
ENSMUSG00000060816	0	0	0	0	0	0
ENSMUSG00000060827	0	0	0	0	0	0
ENSMUSG00000060863	0	0	0	0	0	0
ENSMUSG00000060878	0	0	0	0	0	0
ENSMUSG00000060879	0	0	0	0	0	0
ENSMUSG00000060888	0	0	0	0	0	0
ENSMUSG00000060890	0	0	0	0	0	0
ENSMUSG00000060913	2	39	1	107	100	82
ENSMUSG00000060918	0	0	0	0	0	0
ENSMUSG00000060924	10	22	4	2	7	2
ENSMUSG00000060956	0	0	0	0	0	0
ENSMUSG00000060962	1	7	6	10	0	0
ENSMUSG00000060967	0	0	0	0	0	0
ENSMUSG00000060974	0	0	0	0	0	0
ENSMUSG00000060989	0	0	0	0	0	0
ENSMUSG00000061000	0	0	0	0	0	0
ENSMUSG00000061022	0	0	0	0	0	0
ENSMUSG00000061048	456	1163	101	368	376	12
ENSMUSG00000061062	20	1	0	1	32	0
ENSMUSG00000061065	0	0	0	0	0	0
ENSMUSG00000061068	0	0	0	0	0	0
ENSMUSG00000061086	172	1147	252	1816	2218	873
ENSMUSG00000061100	0	0	0	0	0	0
ENSMUSG00000061115	0	0	0	0	0	0
ENSMUSG00000061126	0	0	0	0	0	0
ENSMUSG00000061132	6	2	0	2	0	15
ENSMUSG00000061144	0	0	0	0	0	0
ENSMUSG00000061165	0	0	0	0	0	0
ENSMUSG00000061171	0	0	0	0	0	0
ENSMUSG00000061184	0	0	0	0	0	0
ENSMUSG00000061195	0	0	0	0	0	0
ENSMUSG00000061208	0	0	0	0	0	0
ENSMUSG00000061210	0	0	0	0	0	0
ENSMUSG00000061246	0	0	0	0	0	0
ENSMUSG00000061259	0	0	0	0	0	0
ENSMUSG00000061292	0	0	0	0	0	0
ENSMUSG00000061306	15847	19392	12378	14236	16747	10743
ENSMUSG00000061311	0	0	0	0	0	0
ENSMUSG00000061336	0	0	0	0	0	0
ENSMUSG00000061342	0	0	0	0	0	0
ENSMUSG00000061353	8263	14041	5787	9705	17284	3853
ENSMUSG00000061361	0	0	0	0	0	0
ENSMUSG00000061367	0	0	0	0	0	0
ENSMUSG00000061376	0	0	0	0	0	0
ENSMUSG00000061387	0	0	0	0	0	0
ENSMUSG00000061388	0	0	0	0	0	0
ENSMUSG00000061392	0	0	0	0	0	0
ENSMUSG00000061397	0	0	0	0	0	0
ENSMUSG00000061457	0	0	0	0	0	0
ENSMUSG00000061462	16	42	14	116	146	85
ENSMUSG00000061486	0	0	0	0	0	0
ENSMUSG00000061489	0	0	0	0	0	0
ENSMUSG00000061490	0	0	0	0	0	0
ENSMUSG00000061517	2	0	0	0	2	4
ENSMUSG00000061520	0	0	0	0	0	0
ENSMUSG00000061525	0	0	0	0	0	0
ENSMUSG00000061540	0	0	0	0	0	0
ENSMUSG00000061549	0	0	0	0	0	0
ENSMUSG00000061561	0	0	0	0	0	0
ENSMUSG00000061576	0	30	11	21	12	7
ENSMUSG00000061602	0	0	0	0	0	0
ENSMUSG00000061614	0	0	0	0	0	0
ENSMUSG00000061616	0	0	0	0	0	0
ENSMUSG00000061619	0	0	0	0	0	0
ENSMUSG00000061626	0	0	0	0	0	0
ENSMUSG00000061633	0	0	0	0	0	0
ENSMUSG00000061637	0	0	0	0	0	0
ENSMUSG00000061669	13	0	0	0	1	0
ENSMUSG00000061701	0	0	0	0	0	0
ENSMUSG00000061702	0	6	2	8	3	16
ENSMUSG00000061723	30	525	94	860	1087	366
ENSMUSG00000061742	0	0	0	0	0	0
ENSMUSG00000061762	0	0	0	0	0	0
ENSMUSG00000061780	0	4	19	0	0	0
ENSMUSG00000061802	0	0	0	0	0	0
ENSMUSG00000061808	0	0	0	0	0	0
ENSMUSG00000061809	0	0	0	0	0	0
ENSMUSG00000061816	33	894	184	1390	1766	704
ENSMUSG00000061829	0	0	0	0	0	0
ENSMUSG00000061843	0	0	0	0	0	0
ENSMUSG00000061845	0	0	0	0	0	0
ENSMUSG00000061847	0	0	0	0	0	0
ENSMUSG00000061852	0	0	0	0	0	0
ENSMUSG00000061863	0	0	0	0	0	0
ENSMUSG00000061875	0	0	0	0	0	0
ENSMUSG00000061877	0	0	0	0	0	0
ENSMUSG00000061906	0	0	0	0	0	0
ENSMUSG00000061928	0	0	0	0	0	0
ENSMUSG00000061937	0	0	0	0	0	0
ENSMUSG00000061947	0	0	0	0	0	0
ENSMUSG00000061952	0	0	0	0	0	0
ENSMUSG00000061958	0	0	0	0	0	0
ENSMUSG00000061959	0	0	0	0	0	0
ENSMUSG00000061961	0	0	0	0	0	0
ENSMUSG00000061969	0	0	0	0	0	0
ENSMUSG00000061972	0	0	0	0	0	0
ENSMUSG00000061974	0	0	0	0	0	0
ENSMUSG00000061977	0	0	0	0	0	0
ENSMUSG00000061981	3805	3227	3821	3496	3134	2966
ENSMUSG00000061992	0	0	0	0	0	0
ENSMUSG00000062017	0	0	0	0	0	0
ENSMUSG00000062036	0	0	0	0	0	0
ENSMUSG00000062037	0	0	0	0	0	0
ENSMUSG00000062038	1	0	0	0	0	1
ENSMUSG00000062042	0	0	0	0	0	0
ENSMUSG00000062046	0	0	0	0	0	0
ENSMUSG00000062064	0	0	0	0	0	0
ENSMUSG00000062074	0	0	0	0	0	0
ENSMUSG00000062077	1	12	0	15	44	55
ENSMUSG00000062103	0	0	0	0	0	0
ENSMUSG00000062105	0	0	0	0	0	0
ENSMUSG00000062124	0	0	0	0	0	0
ENSMUSG00000062128	0	0	0	0	0	0
ENSMUSG00000062132	0	0	0	0	0	0
ENSMUSG00000062142	0	0	0	0	0	0
ENSMUSG00000062148	0	0	0	0	0	0
ENSMUSG00000062154	0	0	0	0	0	0
ENSMUSG00000062162	0	0	0	0	0	0
ENSMUSG00000062165	0	0	0	0	0	0
ENSMUSG00000062181	0	0	0	0	0	0
ENSMUSG00000062186	0	0	0	0	0	0
ENSMUSG00000062199	0	0	0	0	0	0
ENSMUSG00000062204	0	0	0	0	0	0
ENSMUSG00000062209	0	0	0	0	0	0
ENSMUSG00000062224	0	0	0	0	0	0
ENSMUSG00000062226	0	0	0	0	0	0
ENSMUSG00000062235	0	0	0	0	0	0
ENSMUSG00000062245	0	0	0	0	0	0
ENSMUSG00000062252	0	0	0	0	0	0
ENSMUSG00000062272	0	0	0	0	0	0
ENSMUSG00000062275	0	0	0	0	0	0
ENSMUSG00000062279	1	1	0	0	0	0
ENSMUSG00000062310	6	2	8	5	5	41
ENSMUSG00000062314	0	0	0	0	0	0
ENSMUSG00000062329	0	0	0	0	0	0
ENSMUSG00000062342	26	6	275	75	17	136
ENSMUSG00000062372	0	0	0	0	0	0
ENSMUSG00000062391	0	0	0	0	0	0
ENSMUSG00000062400	0	0	0	0	0	0
ENSMUSG00000062410	0	0	0	0	0	0
ENSMUSG00000062426	0	0	0	0	0	0
ENSMUSG00000062433	0	0	0	0	0	0
ENSMUSG00000062434	0	0	0	0	0	0
ENSMUSG00000062438	0	0	0	0	0	0
ENSMUSG00000062458	7	7	3	3	2	6
ENSMUSG00000062477	0	0	0	0	0	0
ENSMUSG00000062478	0	0	0	0	0	0
ENSMUSG00000062483	0	0	0	0	0	0
ENSMUSG00000062496	0	0	0	0	0	0
ENSMUSG00000062497	0	0	0	0	0	0
ENSMUSG00000062515	556	718	1975	610	1055	705
ENSMUSG00000062524	0	0	0	0	0	0
ENSMUSG00000062527	0	0	0	0	0	0
ENSMUSG00000062528	0	0	0	0	0	0
ENSMUSG00000062543	0	0	0	0	0	0
ENSMUSG00000062545	0	0	0	0	0	0
ENSMUSG00000062556	0	0	0	0	0	0
ENSMUSG00000062561	0	0	0	0	0	0
ENSMUSG00000062564	0	0	0	0	0	0
ENSMUSG00000062588	0	0	0	0	0	0
ENSMUSG00000062591	5	12	12	10	2	0
ENSMUSG00000062593	0	0	0	0	0	0
ENSMUSG00000062598	0	0	0	0	0	0
ENSMUSG00000062608	0	0	0	0	0	0
ENSMUSG00000062621	0	0	0	0	0	0
ENSMUSG00000062624	0	0	0	0	0	0
ENSMUSG00000062629	0	0	0	0	0	0
ENSMUSG00000062638	0	0	0	0	0	0
ENSMUSG00000062649	0	0	0	0	0	0
ENSMUSG00000062651	0	0	0	0	0	0
ENSMUSG00000062687	0	0	0	0	0	0
ENSMUSG00000062691	524	551	431	545	415	500
ENSMUSG00000062694	19	152	26	218	266	120
ENSMUSG00000062705	0	0	0	0	0	0
ENSMUSG00000062712	0	0	0	0	0	0
ENSMUSG00000062713	22	151	18	60	53	6
ENSMUSG00000062732	0	0	0	0	0	0
ENSMUSG00000062751	0	0	0	0	0	0
ENSMUSG00000062757	0	0	0	0	0	0
ENSMUSG00000062760	37	68	2	51	41	35
ENSMUSG00000062773	0	0	0	0	0	0
ENSMUSG00000062778	0	0	0	0	0	0
ENSMUSG00000062782	0	0	0	0	0	0
ENSMUSG00000062783	0	0	0	0	0	0
ENSMUSG00000062791	0	0	0	0	0	0
ENSMUSG00000062793	0	0	0	0	0	0
ENSMUSG00000062814	0	0	0	0	0	0
ENSMUSG00000062826	0	0	0	0	0	0
ENSMUSG00000062833	0	0	0	0	0	0
ENSMUSG00000062844	0	0	0	0	0	0
ENSMUSG00000062868	0	0	0	0	0	0
ENSMUSG00000062873	0	0	0	0	0	0
ENSMUSG00000062878	0	0	0	0	0	0
ENSMUSG00000062892	0	0	0	0	0	0
ENSMUSG00000062905	0	0	0	0	0	0
ENSMUSG00000062914	0	0	0	0	0	0
ENSMUSG00000062933	0	0	0	0	0	0
ENSMUSG00000062939	0	0	0	0	7	5
ENSMUSG00000062952	0	0	0	0	0	0
ENSMUSG00000062961	0	0	0	0	0	0
ENSMUSG00000063018	91	82	114	123	108	208
ENSMUSG00000063020	0	0	0	0	0	0
ENSMUSG00000063058	0	0	0	0	0	0
ENSMUSG00000063063	2	19	0	8	8	14
ENSMUSG00000063077	6459	7424	7955	6425	6754	8623
ENSMUSG00000063089	0	0	0	0	0	0
ENSMUSG00000063106	0	0	0	0	0	0
ENSMUSG00000063116	0	0	0	0	0	0
ENSMUSG00000063120	0	0	0	0	0	0
ENSMUSG00000063133	0	0	0	0	0	0
ENSMUSG00000063137	0	0	0	0	0	0
ENSMUSG00000063142	0	23	7	20	8	0
ENSMUSG00000063157	0	0	0	0	0	0
ENSMUSG00000063163	0	0	0	0	0	0
ENSMUSG00000063173	0	0	0	0	0	0
ENSMUSG00000063176	0	0	0	0	0	0
ENSMUSG00000063177	0	0	0	0	0	0
ENSMUSG00000063193	61	6	47	12	5	323
ENSMUSG00000063206	0	0	0	0	0	0
ENSMUSG00000063216	0	0	0	0	0	0
ENSMUSG00000063221	0	0	0	0	0	0
ENSMUSG00000063225	0	0	0	0	0	0
ENSMUSG00000063230	0	0	0	0	0	0
ENSMUSG00000063235	1876	1379	1617	1486	1447	1812
ENSMUSG00000063240	0	0	0	0	0	0
ENSMUSG00000063251	0	0	0	0	0	0
ENSMUSG00000063252	0	0	0	0	0	0
ENSMUSG00000063277	0	0	0	0	0	0
ENSMUSG00000063286	0	0	0	0	0	0
ENSMUSG00000063305	0	0	0	0	0	0
ENSMUSG00000063354	12	2	5	23	6	135
ENSMUSG00000063374	0	0	0	0	0	0
ENSMUSG00000063376	0	0	0	0	0	0
ENSMUSG00000063380	0	0	0	0	0	0
ENSMUSG00000063386	0	0	0	0	0	0
ENSMUSG00000063388	0	0	0	0	0	0
ENSMUSG00000063394	0	0	0	0	0	0
ENSMUSG00000063445	699	561	529	714	632	662
ENSMUSG00000063446	0	0	0	0	0	0
ENSMUSG00000063447	0	0	0	0	0	0
ENSMUSG00000063478	0	0	0	0	0	0
ENSMUSG00000063506	1111	21	158	389	197	2026
ENSMUSG00000063507	0	0	0	0	0	0
ENSMUSG00000063543	0	0	0	0	0	0
ENSMUSG00000063549	0	0	0	0	0	0
ENSMUSG00000063582	0	0	0	0	0	0
ENSMUSG00000063583	0	0	0	0	0	0
ENSMUSG00000063590	0	0	0	0	0	0
ENSMUSG00000063600	0	0	0	0	0	0
ENSMUSG00000063615	0	0	0	0	0	0
ENSMUSG00000063651	0	0	0	0	0	0
ENSMUSG00000063656	0	0	0	0	0	0
ENSMUSG00000063660	0	0	0	0	0	0
ENSMUSG00000063661	0	0	0	0	0	0
ENSMUSG00000063672	0	0	0	0	0	0
ENSMUSG00000063681	0	0	0	0	0	0
ENSMUSG00000063683	2	5	15	7	5	69
ENSMUSG00000063696	9776	83	62	9175	8230	56
ENSMUSG00000063713	0	0	0	0	0	0
ENSMUSG00000063715	0	0	0	0	0	0
ENSMUSG00000063728	0	0	0	0	0	0
ENSMUSG00000063762	0	0	0	0	0	0
ENSMUSG00000063764	0	0	0	0	0	0
ENSMUSG00000063777	0	0	0	0	0	0
ENSMUSG00000063779	0	0	0	0	0	0
ENSMUSG00000063780	0	0	0	0	0	0
ENSMUSG00000063796	0	0	0	0	0	0
ENSMUSG00000063802	1692	1217	1301	1489	1105	1745
ENSMUSG00000063820	5	14	0	7	2	0
ENSMUSG00000063821	0	0	0	0	0	0
ENSMUSG00000063823	0	0	0	0	0	0
ENSMUSG00000063827	0	0	0	0	0	0
ENSMUSG00000063838	565	582	331	550	480	376
ENSMUSG00000063842	0	0	0	0	0	0
ENSMUSG00000063844	0	0	0	0	0	0
ENSMUSG00000063846	0	0	0	0	0	0
ENSMUSG00000063851	8	0	2	3	2	108
ENSMUSG00000063867	0	0	0	0	0	0
ENSMUSG00000063881	0	0	0	0	0	0
ENSMUSG00000063900	0	0	0	0	0	0
ENSMUSG00000063903	0	0	0	0	0	0
ENSMUSG00000063905	0	0	0	0	0	0
ENSMUSG00000063929	0	0	0	0	0	0
ENSMUSG00000063932	0	0	0	0	0	0
ENSMUSG00000063953	8	77	74	21	122	14
ENSMUSG00000063975	20	18	1	6	16	36
ENSMUSG00000063994	0	0	0	0	0	0
ENSMUSG00000063998	0	0	0	0	0	0
ENSMUSG00000064006	0	0	0	0	0	0
ENSMUSG00000064010	0	0	0	0	0	0
ENSMUSG00000064016	0	0	0	0	0	0
ENSMUSG00000064039	0	0	0	0	0	0
ENSMUSG00000064044	0	0	0	0	0	0
ENSMUSG00000064052	0	0	0	0	0	0
ENSMUSG00000064063	0	0	0	0	0	0
ENSMUSG00000064110	0	0	0	0	0	0
ENSMUSG00000064121	0	0	0	0	0	0
ENSMUSG00000064129	0	0	0	0	0	0
ENSMUSG00000064137	0	0	0	0	0	0
ENSMUSG00000064156	0	0	0	0	0	0
ENSMUSG00000064158	0	0	0	0	0	0
ENSMUSG00000064165	0	0	0	0	0	0
ENSMUSG00000064179	8	133	33	422	585	268
ENSMUSG00000064193	8	8	9	6	333	0
ENSMUSG00000064201	0	0	0	0	0	0
ENSMUSG00000064213	0	0	0	0	0	0
ENSMUSG00000064223	0	0	0	0	0	0
ENSMUSG00000064225	15	0	5	0	1	11
ENSMUSG00000064232	0	0	0	0	0	0
ENSMUSG00000064246	12	7	2	22	6	0
ENSMUSG00000064247	2	14	7	10	3	0
ENSMUSG00000064252	0	0	0	0	0	0
ENSMUSG00000064259	0	0	0	0	0	0
ENSMUSG00000064272	0	2	0	13	0	0
ENSMUSG00000064280	0	0	0	0	0	0
ENSMUSG00000064294	7	8	0	0	17	0
ENSMUSG00000064308	0	0	0	0	0	0
ENSMUSG00000064325	284	127	340	262	164	1066
ENSMUSG00000064333	0	0	0	0	0	0
ENSMUSG00000064336	0	0	0	0	0	0
ENSMUSG00000064338	0	0	0	0	0	0
ENSMUSG00000064340	0	0	0	0	0	0
ENSMUSG00000064348	0	1	0	0	2	1
ENSMUSG00000064352	0	0	0	0	0	0
ENSMUSG00000064353	0	0	0	0	0	0
ENSMUSG00000064355	0	0	0	0	0	0
ENSMUSG00000064359	0	0	0	0	0	0
ENSMUSG00000064361	0	0	0	0	0	0
ENSMUSG00000064364	0	0	0	0	0	0
ENSMUSG00000064365	0	0	0	0	0	0
ENSMUSG00000064366	0	0	0	0	0	0
ENSMUSG00000064370	19681	20578	24987	14235	24283	43627
ENSMUSG00000064377	0	0	0	0	0	0
ENSMUSG00000064382	0	0	0	0	0	0
ENSMUSG00000064386	0	0	0	0	0	0
ENSMUSG00000064387	1460	2018	1861	3829	3143	3549
ENSMUSG00000064391	0	0	0	0	0	0
ENSMUSG00000064392	0	0	0	0	0	0
ENSMUSG00000064394	0	0	0	0	0	0
ENSMUSG00000064395	0	0	0	0	0	0
ENSMUSG00000064399	0	0	0	0	0	0
ENSMUSG00000064400	0	0	0	0	0	0
ENSMUSG00000064403	0	0	0	0	0	0
ENSMUSG00000064405	0	0	0	0	0	0
ENSMUSG00000064407	0	0	0	0	0	0
ENSMUSG00000064408	0	0	0	0	0	0
ENSMUSG00000064410	0	18	6	0	0	2
ENSMUSG00000064413	0	0	0	0	0	0
ENSMUSG00000064416	0	0	0	0	0	0
ENSMUSG00000064417	0	0	0	0	0	0
ENSMUSG00000064419	0	0	0	0	0	0
ENSMUSG00000064432	0	0	0	0	0	0
ENSMUSG00000064435	0	0	0	0	0	0
ENSMUSG00000064436	0	0	0	0	0	0
ENSMUSG00000064437	0	0	0	0	0	0
ENSMUSG00000064440	0	0	0	0	0	0
ENSMUSG00000064443	0	0	0	0	0	0
ENSMUSG00000064444	0	0	0	0	0	0
ENSMUSG00000064446	0	0	0	0	0	0
ENSMUSG00000064450	0	0	0	0	0	0
ENSMUSG00000064453	0	0	0	0	0	0
ENSMUSG00000064463	0	0	0	0	0	0
ENSMUSG00000064468	0	0	0	0	0	0
ENSMUSG00000064471	0	0	0	0	0	0
ENSMUSG00000064476	0	0	0	0	0	0
ENSMUSG00000064477	0	0	0	0	0	0
ENSMUSG00000064481	0	0	0	0	0	0
ENSMUSG00000064485	0	0	0	0	0	0
ENSMUSG00000064486	0	0	0	0	0	0
ENSMUSG00000064487	7	15	3	0	5	0
ENSMUSG00000064490	0	0	0	0	0	0
ENSMUSG00000064493	0	0	0	0	0	0
ENSMUSG00000064496	0	0	0	0	0	0
ENSMUSG00000064500	0	0	0	0	0	0
ENSMUSG00000064511	0	0	0	0	0	0
ENSMUSG00000064512	0	0	0	0	0	0
ENSMUSG00000064513	0	0	0	0	0	0
ENSMUSG00000064515	0	0	0	0	0	0
ENSMUSG00000064517	0	0	0	0	0	0
ENSMUSG00000064522	0	0	0	0	0	0
ENSMUSG00000064524	0	0	0	0	0	0
ENSMUSG00000064525	0	0	0	0	0	0
ENSMUSG00000064526	0	0	0	0	0	0
ENSMUSG00000064527	0	0	0	0	0	0
ENSMUSG00000064529	0	0	0	0	0	0
ENSMUSG00000064530	0	0	0	0	0	0
ENSMUSG00000064532	0	0	0	0	0	0
ENSMUSG00000064536	0	0	0	0	0	0
ENSMUSG00000064541	0	0	0	0	0	0
ENSMUSG00000064543	0	0	0	0	0	0
ENSMUSG00000064548	0	0	0	0	0	0
ENSMUSG00000064549	0	0	0	0	0	0
ENSMUSG00000064550	0	0	0	0	0	0
ENSMUSG00000064551	0	0	0	0	0	0
ENSMUSG00000064553	0	0	0	0	0	0
ENSMUSG00000064554	0	0	0	0	0	0
ENSMUSG00000064555	0	0	0	0	0	0
ENSMUSG00000064556	0	0	0	0	0	0
ENSMUSG00000064563	0	0	0	0	0	0
ENSMUSG00000064567	0	0	0	0	0	0
ENSMUSG00000064569	0	0	0	0	0	0
ENSMUSG00000064570	0	0	0	0	0	0
ENSMUSG00000064572	0	0	0	0	0	0
ENSMUSG00000064573	0	0	0	0	0	0
ENSMUSG00000064579	0	0	0	0	0	0
ENSMUSG00000064581	0	0	0	0	0	0
ENSMUSG00000064582	0	0	0	0	0	0
ENSMUSG00000064584	0	0	0	0	0	0
ENSMUSG00000064587	0	0	0	0	0	0
ENSMUSG00000064590	0	0	0	0	0	0
ENSMUSG00000064591	0	0	0	0	0	0
ENSMUSG00000064595	0	0	0	0	0	0
ENSMUSG00000064596	0	0	0	0	0	0
ENSMUSG00000064597	0	0	0	0	0	0
ENSMUSG00000064601	0	0	0	0	0	0
ENSMUSG00000064604	0	0	0	0	0	0
ENSMUSG00000064605	0	0	0	0	0	0
ENSMUSG00000064606	0	0	0	0	0	0
ENSMUSG00000064613	0	0	0	0	0	0
ENSMUSG00000064619	0	0	0	0	0	0
ENSMUSG00000064621	0	0	0	0	0	0
ENSMUSG00000064622	0	0	0	0	0	0
ENSMUSG00000064624	0	0	0	0	0	0
ENSMUSG00000064630	0	0	0	0	0	0
ENSMUSG00000064632	0	0	0	0	0	0
ENSMUSG00000064634	0	0	0	0	0	0
ENSMUSG00000064644	0	0	0	0	0	0
ENSMUSG00000064652	0	0	0	0	0	0
ENSMUSG00000064658	0	0	0	0	0	0
ENSMUSG00000064659	0	0	0	0	0	0
ENSMUSG00000064664	0	0	0	0	0	0
ENSMUSG00000064665	0	0	0	0	0	0
ENSMUSG00000064666	0	0	0	0	0	0
ENSMUSG00000064669	0	0	0	0	0	0
ENSMUSG00000064670	0	0	0	0	0	0
ENSMUSG00000064671	0	0	0	0	0	0
ENSMUSG00000064673	0	0	0	0	0	0
ENSMUSG00000064675	0	0	0	0	0	0
ENSMUSG00000064677	0	0	0	0	0	0
ENSMUSG00000064679	0	0	0	0	0	0
ENSMUSG00000064682	30	19	1	2	32	0
ENSMUSG00000064685	0	0	0	0	0	0
ENSMUSG00000064686	0	0	0	0	0	0
ENSMUSG00000064687	0	0	0	0	0	0
ENSMUSG00000064688	0	0	0	0	0	0
ENSMUSG00000064689	1	0	0	0	0	0
ENSMUSG00000064692	0	0	0	0	0	0
ENSMUSG00000064693	0	0	0	0	0	0
ENSMUSG00000064697	0	0	0	0	0	0
ENSMUSG00000064698	0	0	0	0	0	0
ENSMUSG00000064707	0	0	0	0	0	0
ENSMUSG00000064715	0	0	0	0	0	0
ENSMUSG00000064717	0	0	0	0	0	0
ENSMUSG00000064721	0	0	0	0	0	0
ENSMUSG00000064722	0	0	0	0	0	0
ENSMUSG00000064724	0	0	0	0	0	0
ENSMUSG00000064725	0	0	0	0	0	0
ENSMUSG00000064727	0	0	0	0	0	0
ENSMUSG00000064731	0	0	0	0	0	0
ENSMUSG00000064732	0	0	0	0	0	0
ENSMUSG00000064734	0	0	0	0	0	0
ENSMUSG00000064737	0	0	0	0	0	0
ENSMUSG00000064739	0	0	0	0	0	0
ENSMUSG00000064741	0	0	0	0	0	0
ENSMUSG00000064742	0	0	0	0	0	0
ENSMUSG00000064745	0	0	0	0	0	0
ENSMUSG00000064748	0	0	0	0	0	0
ENSMUSG00000064751	0	0	0	0	0	0
ENSMUSG00000064755	0	0	0	0	0	0
ENSMUSG00000064759	0	0	0	0	0	0
ENSMUSG00000064761	0	0	0	0	0	0
ENSMUSG00000064762	0	0	0	0	0	0
ENSMUSG00000064763	0	0	0	0	0	0
ENSMUSG00000064764	0	0	0	0	0	0
ENSMUSG00000064765	0	0	0	0	0	0
ENSMUSG00000064766	0	0	0	0	0	0
ENSMUSG00000064767	0	0	0	0	0	0
ENSMUSG00000064768	0	0	0	0	0	0
ENSMUSG00000064769	0	0	0	0	0	0
ENSMUSG00000064772	0	0	0	0	0	0
ENSMUSG00000064775	0	0	0	0	0	0
ENSMUSG00000064776	0	0	0	0	0	0
ENSMUSG00000064777	0	0	0	0	0	0
ENSMUSG00000064780	0	0	0	0	0	0
ENSMUSG00000064781	0	0	0	0	0	0
ENSMUSG00000064782	0	0	0	0	0	0
ENSMUSG00000064783	0	0	0	0	0	0
ENSMUSG00000064788	0	0	0	0	0	0
ENSMUSG00000064792	0	0	0	0	0	0
ENSMUSG00000064793	0	0	0	0	0	0
ENSMUSG00000064795	0	0	0	0	0	0
ENSMUSG00000064797	0	0	0	0	0	0
ENSMUSG00000064800	0	0	0	0	0	0
ENSMUSG00000064802	0	0	0	0	0	0
ENSMUSG00000064805	0	0	0	0	0	0
ENSMUSG00000064806	0	0	0	0	0	0
ENSMUSG00000064814	0	0	0	0	0	0
ENSMUSG00000064816	0	0	0	0	0	0
ENSMUSG00000064818	0	0	0	0	0	0
ENSMUSG00000064822	0	0	0	0	0	0
ENSMUSG00000064829	0	0	0	0	0	0
ENSMUSG00000064830	0	0	0	0	0	0
ENSMUSG00000064836	0	0	0	0	0	0
ENSMUSG00000064837	0	0	0	0	0	0
ENSMUSG00000064841	0	0	0	0	0	0
ENSMUSG00000064842	0	0	0	0	0	0
ENSMUSG00000064843	0	0	0	0	0	0
ENSMUSG00000064845	0	0	0	0	0	0
ENSMUSG00000064850	0	0	0	0	0	0
ENSMUSG00000064851	0	0	0	0	0	0
ENSMUSG00000064855	0	0	0	0	0	0
ENSMUSG00000064857	0	0	0	0	0	0
ENSMUSG00000064858	0	0	0	0	0	0
ENSMUSG00000064859	0	0	0	0	0	0
ENSMUSG00000064862	0	0	0	0	0	0
ENSMUSG00000064867	0	0	0	0	0	0
ENSMUSG00000064871	30	20	8	20	13	27
ENSMUSG00000064872	0	0	0	0	0	0
ENSMUSG00000064876	0	0	0	0	0	0
ENSMUSG00000064877	0	0	0	0	0	0
ENSMUSG00000064880	0	0	0	0	0	0
ENSMUSG00000064882	0	0	0	0	0	0
ENSMUSG00000064883	0	0	0	0	0	0
ENSMUSG00000064884	0	0	0	0	0	0
ENSMUSG00000064889	0	0	0	0	0	0
ENSMUSG00000064890	0	0	0	0	0	0
ENSMUSG00000064897	0	0	0	0	0	0
ENSMUSG00000064900	0	0	0	0	0	0
ENSMUSG00000064909	0	0	0	0	0	0
ENSMUSG00000064915	0	0	0	0	0	0
ENSMUSG00000064916	0	0	0	0	0	0
ENSMUSG00000064919	0	0	0	0	0	0
ENSMUSG00000064921	0	0	0	0	0	0
ENSMUSG00000064928	0	0	0	0	0	0
ENSMUSG00000064940	0	0	0	0	0	0
ENSMUSG00000064941	0	0	0	0	0	0
ENSMUSG00000064943	0	0	0	0	0	0
ENSMUSG00000064948	0	0	0	0	0	0
ENSMUSG00000064949	0	0	0	0	0	0
ENSMUSG00000064954	0	0	0	0	0	0
ENSMUSG00000064959	0	0	0	0	0	0
ENSMUSG00000064961	0	0	0	0	0	0
ENSMUSG00000064966	0	0	0	0	0	0
ENSMUSG00000064968	0	0	0	0	0	0
ENSMUSG00000064970	0	0	0	0	0	1
ENSMUSG00000064977	0	0	0	0	0	0
ENSMUSG00000064987	0	0	0	0	1	0
ENSMUSG00000064995	0	0	0	0	0	0
ENSMUSG00000065004	0	0	0	0	0	0
ENSMUSG00000065006	0	0	0	0	0	0
ENSMUSG00000065012	0	0	0	0	0	0
ENSMUSG00000065013	0	0	0	0	0	0
ENSMUSG00000065014	0	0	0	0	0	0
ENSMUSG00000065016	0	0	0	0	0	0
ENSMUSG00000065027	0	0	0	0	0	0
ENSMUSG00000065028	0	0	0	0	0	0
ENSMUSG00000065029	0	0	0	0	0	0
ENSMUSG00000065031	0	0	0	0	0	0
ENSMUSG00000065040	0	0	0	0	0	0
ENSMUSG00000065041	0	0	0	0	0	0
ENSMUSG00000065042	0	0	0	0	0	0
ENSMUSG00000065045	0	0	0	0	0	0
ENSMUSG00000065048	0	0	0	0	0	0
ENSMUSG00000065050	0	0	0	0	0	0
ENSMUSG00000065053	0	0	0	0	0	0
ENSMUSG00000065057	0	0	0	0	0	0
ENSMUSG00000065072	0	0	0	0	0	0
ENSMUSG00000065074	0	0	0	0	0	0
ENSMUSG00000065078	0	0	0	0	0	0
ENSMUSG00000065079	0	0	0	0	0	0
ENSMUSG00000065086	0	0	0	0	0	0
ENSMUSG00000065087	0	0	0	0	0	0
ENSMUSG00000065090	0	0	0	0	0	0
ENSMUSG00000065094	0	0	0	0	0	0
ENSMUSG00000065096	0	0	0	0	0	0
ENSMUSG00000065097	0	0	0	0	0	0
ENSMUSG00000065104	0	0	0	0	0	0
ENSMUSG00000065105	0	0	0	0	0	0
ENSMUSG00000065107	0	0	0	0	0	0
ENSMUSG00000065111	0	0	0	0	0	0
ENSMUSG00000065118	5	2	0	0	11	6
ENSMUSG00000065122	0	0	0	0	0	0
ENSMUSG00000065124	0	0	0	0	0	0
ENSMUSG00000065126	0	0	0	0	0	0
ENSMUSG00000065130	0	0	0	0	0	0
ENSMUSG00000065141	0	0	0	0	0	0
ENSMUSG00000065143	0	0	0	0	0	0
ENSMUSG00000065151	0	0	0	0	0	0
ENSMUSG00000065155	0	0	0	0	0	0
ENSMUSG00000065160	0	0	0	0	0	0
ENSMUSG00000065164	0	0	0	0	0	0
ENSMUSG00000065173	0	0	0	0	0	0
ENSMUSG00000065178	0	0	0	0	0	0
ENSMUSG00000065181	0	0	0	0	0	0
ENSMUSG00000065182	0	0	0	0	0	0
ENSMUSG00000065185	0	0	0	0	0	0
ENSMUSG00000065187	0	0	0	0	0	0
ENSMUSG00000065188	0	0	0	0	0	0
ENSMUSG00000065192	0	0	0	0	0	0
ENSMUSG00000065193	0	0	0	0	0	0
ENSMUSG00000065196	2	9	1	22	18	19
ENSMUSG00000065198	0	0	0	0	0	0
ENSMUSG00000065202	0	0	0	0	0	0
ENSMUSG00000065203	0	0	0	0	0	0
ENSMUSG00000065204	0	0	0	0	0	0
ENSMUSG00000065212	0	0	0	0	0	0
ENSMUSG00000065215	0	0	0	0	0	0
ENSMUSG00000065220	0	0	0	0	0	0
ENSMUSG00000065223	0	0	0	0	0	0
ENSMUSG00000065226	0	0	0	0	0	0
ENSMUSG00000065228	0	0	0	0	0	0
ENSMUSG00000065231	0	0	0	0	0	0
ENSMUSG00000065235	0	0	0	0	0	0
ENSMUSG00000065238	0	0	0	0	0	0
ENSMUSG00000065239	0	0	0	0	0	0
ENSMUSG00000065248	0	0	0	0	0	0
ENSMUSG00000065255	0	0	0	0	0	0
ENSMUSG00000065256	0	0	0	0	0	0
ENSMUSG00000065260	0	0	0	0	0	0
ENSMUSG00000065262	0	0	0	0	0	0
ENSMUSG00000065265	0	0	0	0	0	0
ENSMUSG00000065266	0	0	0	0	0	0
ENSMUSG00000065272	0	0	0	0	0	0
ENSMUSG00000065274	0	0	0	0	0	0
ENSMUSG00000065277	0	0	0	0	0	0
ENSMUSG00000065279	0	0	0	0	0	0
ENSMUSG00000065280	0	0	0	0	0	0
ENSMUSG00000065281	0	0	0	0	0	0
ENSMUSG00000065282	0	0	0	0	0	0
ENSMUSG00000065283	0	0	0	0	0	0
ENSMUSG00000065289	0	0	0	0	0	0
ENSMUSG00000065291	0	0	0	0	0	0
ENSMUSG00000065293	0	0	0	0	0	0
ENSMUSG00000065295	0	0	0	0	0	0
ENSMUSG00000065296	0	0	0	0	0	0
ENSMUSG00000065297	0	0	0	0	0	0
ENSMUSG00000065303	0	0	0	0	0	0
ENSMUSG00000065305	0	0	0	0	0	0
ENSMUSG00000065309	0	0	0	0	0	0
ENSMUSG00000065312	0	0	0	0	0	0
ENSMUSG00000065320	0	0	0	0	0	0
ENSMUSG00000065322	0	0	0	0	0	0
ENSMUSG00000065328	0	0	0	0	0	0
ENSMUSG00000065329	0	0	0	0	0	0
ENSMUSG00000065331	0	0	0	0	0	0
ENSMUSG00000065333	0	0	0	0	0	0
ENSMUSG00000065337	0	0	0	0	0	0
ENSMUSG00000065340	0	0	0	0	0	0
ENSMUSG00000065341	0	0	0	0	0	0
ENSMUSG00000065344	0	0	0	0	0	0
ENSMUSG00000065346	0	0	0	0	0	0
ENSMUSG00000065362	0	0	0	0	0	0
ENSMUSG00000065371	0	0	0	0	0	0
ENSMUSG00000065372	0	0	0	0	0	0
ENSMUSG00000065373	0	0	0	0	0	0
ENSMUSG00000065378	0	0	0	0	0	0
ENSMUSG00000065379	0	0	0	0	0	0
ENSMUSG00000065380	0	0	0	0	0	0
ENSMUSG00000065382	0	0	0	0	0	0
ENSMUSG00000065384	0	0	0	0	0	0
ENSMUSG00000065387	0	0	0	0	0	0
ENSMUSG00000065388	0	0	0	0	0	0
ENSMUSG00000065392	0	0	0	0	0	0
ENSMUSG00000065394	0	0	0	0	0	0
ENSMUSG00000065397	0	0	0	0	0	0
ENSMUSG00000065398	0	0	0	0	0	0
ENSMUSG00000065399	0	0	0	0	0	0
ENSMUSG00000065400	0	0	0	0	0	0
ENSMUSG00000065401	0	0	0	0	0	0
ENSMUSG00000065402	0	0	0	0	0	0
ENSMUSG00000065403	0	0	0	0	0	0
ENSMUSG00000065404	0	0	0	0	0	0
ENSMUSG00000065406	0	0	0	0	0	0
ENSMUSG00000065407	0	0	0	0	0	0
ENSMUSG00000065408	0	0	0	0	0	0
ENSMUSG00000065410	0	0	0	0	0	0
ENSMUSG00000065411	0	0	0	0	0	0
ENSMUSG00000065412	0	0	0	0	0	0
ENSMUSG00000065413	0	0	0	0	0	0
ENSMUSG00000065414	0	0	0	0	0	0
ENSMUSG00000065415	0	0	0	0	0	0
ENSMUSG00000065416	0	0	0	0	0	0
ENSMUSG00000065420	0	0	0	0	0	0
ENSMUSG00000065421	0	0	0	0	0	0
ENSMUSG00000065423	0	0	0	0	0	0
ENSMUSG00000065424	0	0	0	0	0	0
ENSMUSG00000065425	0	0	0	0	0	0
ENSMUSG00000065426	0	0	0	0	0	0
ENSMUSG00000065427	0	0	0	0	0	0
ENSMUSG00000065432	0	0	0	0	0	0
ENSMUSG00000065435	0	0	0	0	0	0
ENSMUSG00000065437	0	0	0	0	0	0
ENSMUSG00000065438	0	0	0	0	0	0
ENSMUSG00000065439	0	0	0	0	0	0
ENSMUSG00000065441	0	0	0	0	0	0
ENSMUSG00000065442	0	0	0	0	0	0
ENSMUSG00000065443	0	0	0	0	0	0
ENSMUSG00000065446	0	0	0	0	0	0
ENSMUSG00000065447	0	0	0	0	0	0
ENSMUSG00000065450	0	0	0	0	0	0
ENSMUSG00000065451	0	0	0	0	0	0
ENSMUSG00000065453	0	0	0	0	0	0
ENSMUSG00000065454	0	0	0	0	0	0
ENSMUSG00000065455	0	0	0	0	0	0
ENSMUSG00000065456	0	0	0	0	0	0
ENSMUSG00000065457	0	0	0	0	0	0
ENSMUSG00000065458	0	0	0	0	0	0
ENSMUSG00000065462	0	0	0	0	0	0
ENSMUSG00000065463	0	0	0	0	0	0
ENSMUSG00000065464	0	0	0	0	0	0
ENSMUSG00000065465	0	0	0	0	0	0
ENSMUSG00000065469	0	0	0	0	0	0
ENSMUSG00000065472	0	0	0	0	0	0
ENSMUSG00000065473	0	0	0	0	0	0
ENSMUSG00000065474	0	0	0	0	0	0
ENSMUSG00000065475	0	0	0	0	0	0
ENSMUSG00000065479	0	0	0	0	0	0
ENSMUSG00000065480	0	0	0	0	0	0
ENSMUSG00000065481	0	0	0	0	0	0
ENSMUSG00000065482	0	0	0	0	0	0
ENSMUSG00000065484	0	0	0	0	0	0
ENSMUSG00000065485	0	0	0	0	0	0
ENSMUSG00000065486	0	0	0	0	0	0
ENSMUSG00000065491	0	0	0	0	0	0
ENSMUSG00000065495	0	0	0	0	0	0
ENSMUSG00000065497	0	0	0	0	0	0
ENSMUSG00000065498	0	0	0	0	0	0
ENSMUSG00000065499	0	0	0	0	0	0
ENSMUSG00000065500	0	0	0	0	0	0
ENSMUSG00000065501	0	0	0	0	0	0
ENSMUSG00000065502	0	0	0	0	0	0
ENSMUSG00000065503	0	0	0	0	0	0
ENSMUSG00000065507	0	0	0	0	0	0
ENSMUSG00000065508	0	0	0	0	0	0
ENSMUSG00000065510	0	0	0	0	0	0
ENSMUSG00000065511	0	0	0	0	0	0
ENSMUSG00000065512	0	0	0	0	0	0
ENSMUSG00000065516	0	0	0	0	0	0
ENSMUSG00000065519	0	0	0	0	0	0
ENSMUSG00000065520	0	0	0	0	0	0
ENSMUSG00000065521	2	0	1	0	3	3
ENSMUSG00000065523	0	0	0	0	0	0
ENSMUSG00000065527	0	0	0	0	0	0
ENSMUSG00000065529	0	0	0	0	0	0
ENSMUSG00000065532	0	0	0	0	0	0
ENSMUSG00000065533	0	0	0	0	0	0
ENSMUSG00000065534	0	0	0	0	0	0
ENSMUSG00000065537	0	0	0	0	0	3
ENSMUSG00000065538	0	0	0	0	0	0
ENSMUSG00000065539	0	0	0	0	0	0
ENSMUSG00000065540	0	0	0	0	0	0
ENSMUSG00000065543	0	0	0	0	0	0
ENSMUSG00000065544	1	0	1	0	0	2
ENSMUSG00000065548	0	0	0	0	0	0
ENSMUSG00000065549	0	0	0	0	0	0
ENSMUSG00000065552	0	0	0	0	0	0
ENSMUSG00000065559	0	0	0	0	0	0
ENSMUSG00000065562	0	0	0	0	0	0
ENSMUSG00000065564	0	0	0	0	0	0
ENSMUSG00000065565	0	0	1	0	0	0
ENSMUSG00000065567	0	0	0	0	0	0
ENSMUSG00000065569	0	0	0	0	0	0
ENSMUSG00000065574	0	0	0	0	0	0
ENSMUSG00000065575	0	0	0	0	0	0
ENSMUSG00000065579	0	0	0	0	0	0
ENSMUSG00000065580	0	1	2	29	0	7
ENSMUSG00000065581	0	0	0	0	0	0
ENSMUSG00000065585	0	0	0	0	0	0
ENSMUSG00000065586	0	0	0	0	0	0
ENSMUSG00000065591	0	0	0	0	4	0
ENSMUSG00000065594	0	0	0	0	0	0
ENSMUSG00000065596	0	0	0	0	0	0
ENSMUSG00000065597	0	0	0	0	0	0
ENSMUSG00000065599	4	3	5	0	0	11
ENSMUSG00000065600	0	0	0	0	0	0
ENSMUSG00000065601	0	0	0	0	0	0
ENSMUSG00000065602	0	0	0	0	0	0
ENSMUSG00000065607	0	0	0	0	0	0
ENSMUSG00000065608	0	0	0	0	0	0
ENSMUSG00000065609	0	0	0	0	0	0
ENSMUSG00000065611	12	5	10	17	8	18
ENSMUSG00000065613	0	0	0	0	0	0
ENSMUSG00000065616	0	0	0	0	0	0
ENSMUSG00000065619	0	0	0	0	0	0
ENSMUSG00000065620	0	0	0	0	0	0
ENSMUSG00000065622	0	0	0	0	0	0
ENSMUSG00000065623	0	0	0	0	0	0
ENSMUSG00000065625	0	0	0	0	0	0
ENSMUSG00000065629	0	0	0	0	0	0
ENSMUSG00000065630	0	0	0	0	0	0
ENSMUSG00000065634	0	0	0	0	0	0
ENSMUSG00000065635	0	0	0	0	0	0
ENSMUSG00000065636	0	0	0	0	0	0
ENSMUSG00000065640	0	0	0	0	0	0
ENSMUSG00000065648	0	0	0	0	0	0
ENSMUSG00000065649	0	0	0	0	0	0
ENSMUSG00000065651	0	0	0	0	0	0
ENSMUSG00000065656	0	0	0	0	0	0
ENSMUSG00000065658	0	0	0	0	0	0
ENSMUSG00000065663	0	0	0	0	0	0
ENSMUSG00000065664	0	0	0	0	0	0
ENSMUSG00000065665	0	0	0	0	0	0
ENSMUSG00000065673	0	0	0	0	0	0
ENSMUSG00000065678	0	0	0	0	0	0
ENSMUSG00000065680	0	0	0	0	0	0
ENSMUSG00000065684	0	0	0	0	0	0
ENSMUSG00000065689	0	0	0	0	0	0
ENSMUSG00000065692	0	0	0	0	0	0
ENSMUSG00000065694	0	0	0	0	0	0
ENSMUSG00000065698	0	0	0	0	0	0
ENSMUSG00000065700	0	0	0	0	0	0
ENSMUSG00000065702	0	0	0	0	0	0
ENSMUSG00000065705	0	0	0	0	0	0
ENSMUSG00000065708	0	0	0	0	0	0
ENSMUSG00000065709	0	0	0	0	0	0
ENSMUSG00000065714	0	0	0	0	0	0
ENSMUSG00000065716	0	0	0	0	0	0
ENSMUSG00000065718	0	0	0	0	0	0
ENSMUSG00000065721	0	0	0	0	0	0
ENSMUSG00000065722	0	0	0	0	0	0
ENSMUSG00000065726	0	0	0	0	0	0
ENSMUSG00000065727	0	0	0	0	0	0
ENSMUSG00000065729	0	0	0	0	0	0
ENSMUSG00000065733	0	0	0	0	0	0
ENSMUSG00000065734	0	0	0	0	0	0
ENSMUSG00000065735	0	0	0	0	0	0
ENSMUSG00000065737	0	0	0	0	0	0
ENSMUSG00000065742	0	0	0	0	0	0
ENSMUSG00000065743	0	0	0	0	0	0
ENSMUSG00000065745	0	0	0	0	0	0
ENSMUSG00000065746	0	0	0	0	0	0
ENSMUSG00000065747	0	0	0	0	0	0
ENSMUSG00000065751	0	0	0	0	0	0
ENSMUSG00000065757	0	0	0	0	0	0
ENSMUSG00000065760	0	0	0	0	0	0
ENSMUSG00000065763	0	0	0	0	0	0
ENSMUSG00000065764	0	0	0	0	0	0
ENSMUSG00000065768	0	0	0	0	0	0
ENSMUSG00000065782	0	0	0	0	0	0
ENSMUSG00000065787	0	0	0	0	0	0
ENSMUSG00000065794	0	0	0	0	0	0
ENSMUSG00000065795	0	0	0	0	0	0
ENSMUSG00000065797	0	0	0	0	0	0
ENSMUSG00000065800	0	0	0	0	0	0
ENSMUSG00000065802	0	0	0	0	0	0
ENSMUSG00000065804	0	0	0	0	0	0
ENSMUSG00000065807	0	0	0	0	0	0
ENSMUSG00000065811	0	0	0	0	0	0
ENSMUSG00000065812	0	0	0	0	0	0
ENSMUSG00000065815	0	0	0	0	0	0
ENSMUSG00000065825	0	0	0	0	0	0
ENSMUSG00000065840	0	0	0	0	0	0
ENSMUSG00000065843	0	0	0	0	0	0
ENSMUSG00000065845	0	0	0	0	0	0
ENSMUSG00000065852	0	0	0	0	0	0
ENSMUSG00000065853	0	0	0	0	0	0
ENSMUSG00000065858	0	0	0	0	0	0
ENSMUSG00000065859	0	0	0	0	0	0
ENSMUSG00000065862	0	0	0	0	0	0
ENSMUSG00000065864	0	0	0	0	0	0
ENSMUSG00000065865	0	0	0	0	0	0
ENSMUSG00000065866	0	0	0	0	0	0
ENSMUSG00000065869	0	0	0	0	0	0
ENSMUSG00000065872	0	0	0	0	0	0
ENSMUSG00000065874	0	0	0	0	0	0
ENSMUSG00000065876	0	1	0	0	0	0
ENSMUSG00000065881	0	0	0	0	0	0
ENSMUSG00000065887	0	0	0	0	0	0
ENSMUSG00000065892	0	0	0	0	0	0
ENSMUSG00000065898	0	0	0	0	0	0
ENSMUSG00000065899	0	0	0	0	0	0
ENSMUSG00000065903	0	0	0	0	0	0
ENSMUSG00000065905	0	0	0	0	0	0
ENSMUSG00000065907	0	0	0	0	0	0
ENSMUSG00000065916	0	0	0	0	0	0
ENSMUSG00000065924	0	0	0	0	0	0
ENSMUSG00000065936	0	0	0	0	0	0
ENSMUSG00000065937	0	0	0	0	0	0
ENSMUSG00000065940	0	0	0	0	0	0
ENSMUSG00000065945	0	0	0	0	0	0
ENSMUSG00000065952	0	0	0	0	0	0
ENSMUSG00000065956	0	0	0	0	0	0
ENSMUSG00000065968	0	0	0	0	0	0
ENSMUSG00000065987	0	0	0	0	0	0
ENSMUSG00000066027	0	0	0	0	0	0
ENSMUSG00000066030	0	0	0	0	0	0
ENSMUSG00000066031	0	0	0	0	0	0
ENSMUSG00000066058	0	0	0	0	0	0
ENSMUSG00000066061	0	0	0	0	0	0
ENSMUSG00000066071	0	0	0	0	0	0
ENSMUSG00000066072	0	0	0	0	0	0
ENSMUSG00000066090	0	0	0	0	0	0
ENSMUSG00000066097	0	0	0	0	0	0
ENSMUSG00000066100	0	0	0	0	0	0
ENSMUSG00000066101	0	0	0	0	0	0
ENSMUSG00000066107	24	0	0	0	0	0
ENSMUSG00000066108	0	0	0	0	0	0
ENSMUSG00000066116	0	0	0	0	0	0
ENSMUSG00000066129	0	0	0	0	0	0
ENSMUSG00000066137	0	0	0	0	0	0
ENSMUSG00000066141	0	0	0	0	0	0
ENSMUSG00000066153	0	0	0	0	0	0
ENSMUSG00000066154	0	0	0	0	0	0
ENSMUSG00000066176	2	2	0	10	2	2
ENSMUSG00000066180	0	0	0	0	0	0
ENSMUSG00000066189	0	0	0	0	0	0
ENSMUSG00000066196	4	6	0	0	5	0
ENSMUSG00000066197	0	0	0	0	0	0
ENSMUSG00000066224	0	0	0	0	0	0
ENSMUSG00000066239	0	0	0	0	0	0
ENSMUSG00000066240	0	0	0	0	0	0
ENSMUSG00000066241	0	0	0	0	0	0
ENSMUSG00000066242	0	0	0	0	0	0
ENSMUSG00000066257	0	0	0	0	0	0
ENSMUSG00000066258	1	72	72	124	117	113
ENSMUSG00000066262	0	0	0	0	0	0
ENSMUSG00000066268	0	0	0	0	0	0
ENSMUSG00000066269	0	0	0	0	0	0
ENSMUSG00000066272	0	0	0	0	0	0
ENSMUSG00000066273	0	0	0	0	0	0
ENSMUSG00000066319	0	0	0	0	0	0
ENSMUSG00000066359	0	0	0	0	0	0
ENSMUSG00000066362	2361	2237	1778	4	7	0
ENSMUSG00000066364	0	0	0	0	0	0
ENSMUSG00000066366	0	0	0	0	0	0
ENSMUSG00000066368	0	0	0	0	0	0
ENSMUSG00000066372	0	0	0	0	0	0
ENSMUSG00000066378	0	0	0	0	0	0
ENSMUSG00000066382	0	0	0	0	0	0
ENSMUSG00000066383	0	0	0	0	0	0
ENSMUSG00000066438	0	0	0	0	0	0
ENSMUSG00000066457	0	0	0	0	0	0
ENSMUSG00000066463	0	0	0	0	0	0
ENSMUSG00000066477	0	0	0	0	0	0
ENSMUSG00000066478	0	0	1	0	2	0
ENSMUSG00000066489	0	0	0	0	0	0
ENSMUSG00000066500	0	0	0	0	0	0
ENSMUSG00000066512	0	0	0	0	0	0
ENSMUSG00000066513	0	0	0	0	0	0
ENSMUSG00000066515	0	0	0	0	0	0
ENSMUSG00000066516	0	0	0	0	0	0
ENSMUSG00000066553	2	536	865	1	412	1
ENSMUSG00000066554	27	26	41	0	0	0
ENSMUSG00000066568	1528	1568	1516	1665	1559	2112
ENSMUSG00000066583	0	0	0	0	0	0
ENSMUSG00000066584	0	0	0	0	0	0
ENSMUSG00000066586	0	0	0	0	0	0
ENSMUSG00000066620	0	0	0	0	0	0
ENSMUSG00000066632	0	0	0	0	0	0
ENSMUSG00000066671	0	0	0	0	0	0
ENSMUSG00000066672	0	0	0	0	0	0
ENSMUSG00000066677	0	0	0	0	0	0
ENSMUSG00000066680	0	0	0	0	0	0
ENSMUSG00000066684	0	0	0	0	0	0
ENSMUSG00000066687	2	7	16	0	8	25
ENSMUSG00000066688	0	0	0	0	0	0
ENSMUSG00000066697	0	0	0	0	0	0
ENSMUSG00000066704	0	0	0	0	0	0
ENSMUSG00000066705	10	65	9	76	90	79
ENSMUSG00000066720	2	0	13	11	3	1
ENSMUSG00000066747	0	0	0	0	0	0
ENSMUSG00000066748	0	0	0	0	0	2
ENSMUSG00000066752	0	0	0	0	0	0
ENSMUSG00000066756	0	0	0	0	0	0
ENSMUSG00000066767	0	0	0	0	0	0
ENSMUSG00000066797	0	0	0	0	0	0
ENSMUSG00000066807	0	0	0	0	0	0
ENSMUSG00000066809	0	0	0	0	0	0
ENSMUSG00000066810	0	0	0	0	0	0
ENSMUSG00000066820	0	0	0	0	0	0
ENSMUSG00000066828	0	0	0	0	0	0
ENSMUSG00000066867	0	0	0	0	0	0
ENSMUSG00000066896	0	0	0	0	0	0
ENSMUSG00000066897	0	0	0	0	0	0
ENSMUSG00000066899	0	0	0	0	0	0
ENSMUSG00000066905	0	0	0	0	0	0
ENSMUSG00000066912	0	0	0	0	0	0
ENSMUSG00000066914	0	0	0	0	0	0
ENSMUSG00000066936	0	0	0	0	0	0
ENSMUSG00000066975	15	6	0	8	2	4
ENSMUSG00000066983	0	0	0	0	0	0
ENSMUSG00000067001	0	10	4	0	7	8
ENSMUSG00000067010	0	0	0	0	0	0
ENSMUSG00000067017	719	9	16	15	9	12
ENSMUSG00000067028	0	0	0	0	0	0
ENSMUSG00000067038	0	0	0	0	0	0
ENSMUSG00000067047	0	0	0	0	0	0
ENSMUSG00000067063	0	0	0	0	0	0
ENSMUSG00000067103	0	0	0	0	0	0
ENSMUSG00000067122	0	0	0	0	0	0
ENSMUSG00000067144	0	0	0	0	0	0
ENSMUSG00000067147	0	0	0	0	0	0
ENSMUSG00000067156	0	0	0	0	0	0
ENSMUSG00000067173	0	0	0	0	0	0
ENSMUSG00000067186	0	0	0	0	0	0
ENSMUSG00000067203	21	6	2	0	4	12
ENSMUSG00000067206	0	0	0	0	0	0
ENSMUSG00000067225	0	0	0	0	0	0
ENSMUSG00000067229	0	0	0	0	0	0
ENSMUSG00000067231	0	0	0	0	0	0
ENSMUSG00000067262	0	0	0	0	0	0
ENSMUSG00000067279	209	299	83	101	116	11
ENSMUSG00000067292	0	0	0	0	0	0
ENSMUSG00000067299	0	0	0	0	0	0
ENSMUSG00000067331	0	0	0	0	0	0
ENSMUSG00000067338	0	0	0	0	0	0
ENSMUSG00000067341	0	0	0	0	0	0
ENSMUSG00000067360	0	0	0	0	0	0
ENSMUSG00000067399	0	0	0	0	0	0
ENSMUSG00000067438	0	0	0	0	0	0
ENSMUSG00000067441	0	0	0	0	0	0
ENSMUSG00000067482	0	0	0	0	0	0
ENSMUSG00000067513	0	0	0	0	0	0
ENSMUSG00000067519	0	0	0	0	0	0
ENSMUSG00000067522	0	0	0	0	0	0
ENSMUSG00000067524	0	0	0	0	0	0
ENSMUSG00000067525	0	0	0	0	0	0
ENSMUSG00000067526	0	0	0	0	0	0
ENSMUSG00000067528	0	0	0	0	0	0
ENSMUSG00000067541	0	0	0	0	0	0
ENSMUSG00000067543	0	0	0	0	0	0
ENSMUSG00000067561	0	0	0	0	0	0
ENSMUSG00000067562	0	0	0	0	0	0
ENSMUSG00000067575	0	0	0	0	0	0
ENSMUSG00000067578	0	0	0	0	0	0
ENSMUSG00000067591	0	0	0	0	0	0
ENSMUSG00000067594	0	0	0	0	0	0
ENSMUSG00000067596	0	0	0	0	0	0
ENSMUSG00000067597	0	0	0	0	0	0
ENSMUSG00000067599	0	0	0	0	0	0
ENSMUSG00000067604	0	0	0	0	0	0
ENSMUSG00000067608	1	304	312	8	2	2
ENSMUSG00000067610	0	0	0	0	0	0
ENSMUSG00000067616	0	0	0	0	0	0
ENSMUSG00000067627	0	0	0	0	0	0
ENSMUSG00000067642	0	0	0	0	0	0
ENSMUSG00000067656	0	0	0	0	0	0
ENSMUSG00000067679	0	0	0	0	0	0
ENSMUSG00000067684	0	0	0	0	0	0
ENSMUSG00000067698	0	0	0	0	0	0
ENSMUSG00000067700	0	0	0	0	0	0
ENSMUSG00000067702	0	0	0	0	0	0
ENSMUSG00000067704	0	0	0	0	0	0
ENSMUSG00000067716	0	0	0	0	0	0
ENSMUSG00000067722	1075	981	870	881	958	1282
ENSMUSG00000067724	16	8	3	8	8	0
ENSMUSG00000067745	0	0	0	0	0	0
ENSMUSG00000067750	0	0	0	0	0	0
ENSMUSG00000067764	0	0	0	0	0	0
ENSMUSG00000067767	0	0	0	0	0	0
ENSMUSG00000067768	0	0	0	0	0	0
ENSMUSG00000067771	0	0	0	0	0	0
ENSMUSG00000067773	0	0	0	0	0	0
ENSMUSG00000067786	9	2	2	48	16	41
ENSMUSG00000067835	0	0	0	0	0	0
ENSMUSG00000067848	0	0	0	0	0	0
ENSMUSG00000067860	0	0	0	0	0	0
ENSMUSG00000067909	0	0	0	0	0	0
ENSMUSG00000067919	0	0	0	0	0	0
ENSMUSG00000067971	0	0	0	0	0	0
ENSMUSG00000067973	0	0	0	0	0	0
ENSMUSG00000067996	0	0	0	0	0	0
ENSMUSG00000067998	0	0	0	0	0	0
ENSMUSG00000068009	0	0	0	0	0	0
ENSMUSG00000068011	0	0	0	0	0	0
ENSMUSG00000068036	2499	2009	2963	2894	2106	3634
ENSMUSG00000068037	0	0	0	0	0	0
ENSMUSG00000068048	0	0	0	0	0	0
ENSMUSG00000068062	0	0	0	0	0	0
ENSMUSG00000068067	0	0	0	0	0	0
ENSMUSG00000068068	0	0	0	0	0	0
ENSMUSG00000068071	0	0	0	0	0	0
ENSMUSG00000068073	0	0	0	0	0	0
ENSMUSG00000068074	0	0	0	0	0	0
ENSMUSG00000068075	0	0	0	0	0	0
ENSMUSG00000068078	0	0	0	0	0	0
ENSMUSG00000068082	0	0	0	0	0	0
ENSMUSG00000068083	0	0	0	0	0	0
ENSMUSG00000068085	0	0	0	0	0	0
ENSMUSG00000068099	0	0	0	0	0	0
ENSMUSG00000068129	0	0	0	0	0	0
ENSMUSG00000068149	0	0	0	0	0	0
ENSMUSG00000068151	0	0	0	0	0	0
ENSMUSG00000068154	0	0	0	0	0	0
ENSMUSG00000068165	0	0	0	0	0	0
ENSMUSG00000068167	0	0	0	0	0	0
ENSMUSG00000068173	0	0	0	0	0	0
ENSMUSG00000068180	0	0	0	0	0	0
ENSMUSG00000068181	0	0	0	0	0	0
ENSMUSG00000068182	0	0	0	0	0	0
ENSMUSG00000068218	0	0	0	0	0	0
ENSMUSG00000068219	0	0	0	0	0	0
ENSMUSG00000068284	1068	1105	1264	927	1035	1779
ENSMUSG00000068302	0	0	0	0	0	0
ENSMUSG00000068303	123	261	114	10	5	20
ENSMUSG00000068314	0	3	0	4	2	0
ENSMUSG00000068323	0	0	0	0	0	0
ENSMUSG00000068324	0	0	0	0	0	0
ENSMUSG00000068328	4749	3931	3794	4228	3974	4415
ENSMUSG00000068341	0	0	0	0	0	0
ENSMUSG00000068348	0	0	0	0	0	0
ENSMUSG00000068392	0	0	0	0	0	0
ENSMUSG00000068396	10	0	0	0	0	0
ENSMUSG00000068399	0	0	0	0	0	0
ENSMUSG00000068407	0	0	0	0	0	0
ENSMUSG00000068428	0	0	0	0	0	0
ENSMUSG00000068431	0	0	0	0	0	0
ENSMUSG00000068437	0	0	0	0	0	0
ENSMUSG00000068463	0	0	0	0	0	0
ENSMUSG00000068487	0	0	0	0	0	0
ENSMUSG00000068506	0	0	0	0	0	0
ENSMUSG00000068535	0	0	0	0	0	0
ENSMUSG00000068537	0	0	0	0	0	0
ENSMUSG00000068547	3	2	5	0	2	25
ENSMUSG00000068574	0	0	0	0	0	0
ENSMUSG00000068614	75	1443	216	2811	3134	1774
ENSMUSG00000068615	0	0	0	0	0	0
ENSMUSG00000068629	0	0	0	0	0	0
ENSMUSG00000068647	0	0	0	0	0	0
ENSMUSG00000068680	0	0	0	0	0	0
ENSMUSG00000068689	0	0	0	0	0	0
ENSMUSG00000068696	2	26	2	0	6	0
ENSMUSG00000068706	16	6	4	6	10	5
ENSMUSG00000068740	2	0	1	0	6	10
ENSMUSG00000068745	0	0	0	0	0	0
ENSMUSG00000068776	0	0	0	0	0	0
ENSMUSG00000068806	0	0	0	0	0	0
ENSMUSG00000068808	0	0	0	0	0	0
ENSMUSG00000068809	0	0	0	0	0	0
ENSMUSG00000068810	0	0	0	0	0	0
ENSMUSG00000068814	0	0	0	0	0	0
ENSMUSG00000068815	0	0	0	0	0	0
ENSMUSG00000068816	0	0	0	0	0	0
ENSMUSG00000068817	0	0	0	0	0	0
ENSMUSG00000068818	0	0	0	0	0	0
ENSMUSG00000068819	0	0	0	0	0	0
ENSMUSG00000068824	0	0	0	0	0	0
ENSMUSG00000068876	10	8	0	0	1	8
ENSMUSG00000068879	0	0	0	0	0	0
ENSMUSG00000068887	0	0	0	0	0	0
ENSMUSG00000068888	0	0	0	0	0	0
ENSMUSG00000068889	0	0	0	0	0	0
ENSMUSG00000068890	0	0	0	0	0	0
ENSMUSG00000068893	0	0	0	0	0	0
ENSMUSG00000068917	990	791	745	804	748	800
ENSMUSG00000068940	0	0	0	0	0	0
ENSMUSG00000068947	0	0	0	0	0	0
ENSMUSG00000068948	0	0	0	0	0	0
ENSMUSG00000068957	0	0	14	5	0	0
ENSMUSG00000068964	0	0	0	0	0	0
ENSMUSG00000068999	0	0	0	0	0	0
ENSMUSG00000069008	0	0	0	0	0	0
ENSMUSG00000069014	0	0	0	0	0	0
ENSMUSG00000069036	0	0	0	0	0	0
ENSMUSG00000069038	0	0	0	0	0	0
ENSMUSG00000069041	0	0	0	0	8	0
ENSMUSG00000069044	0	0	0	0	0	0
ENSMUSG00000069053	8	1	0	0	6	0
ENSMUSG00000069080	0	0	0	0	0	0
ENSMUSG00000069085	0	0	0	0	0	0
ENSMUSG00000069118	0	0	0	0	0	0
ENSMUSG00000069125	0	0	0	0	0	0
ENSMUSG00000069132	0	0	0	0	0	0
ENSMUSG00000069170	2	9	19	6	12	27
ENSMUSG00000069188	0	0	0	0	0	0
ENSMUSG00000069189	0	0	0	0	0	0
ENSMUSG00000069196	0	0	0	0	0	0
ENSMUSG00000069248	0	0	0	0	0	0
ENSMUSG00000069258	0	0	0	0	0	0
ENSMUSG00000069280	0	0	0	0	0	0
ENSMUSG00000069289	13	5	3	5	10	4
ENSMUSG00000069292	0	0	0	0	0	0
ENSMUSG00000069295	0	0	0	0	0	0
ENSMUSG00000069296	0	0	0	0	0	0
ENSMUSG00000069297	0	0	0	0	0	0
ENSMUSG00000069299	0	0	0	0	0	0
ENSMUSG00000069306	2	3	0	445	289	3
ENSMUSG00000069315	0	0	0	0	0	0
ENSMUSG00000069324	0	0	0	0	0	0
ENSMUSG00000069355	0	0	0	0	0	0
ENSMUSG00000069385	0	0	0	0	0	0
ENSMUSG00000069390	0	0	0	0	0	0
ENSMUSG00000069421	1	19	0	5	5	7
ENSMUSG00000069430	0	0	0	0	0	0
ENSMUSG00000069475	0	0	0	0	0	0
ENSMUSG00000069476	0	0	0	0	0	0
ENSMUSG00000069515	0	19	0	1	6	0
ENSMUSG00000069516	821	2085	92	174	264	113
ENSMUSG00000069518	0	0	0	0	0	0
ENSMUSG00000069554	4	7	0	0	0	21
ENSMUSG00000069582	0	0	0	0	0	0
ENSMUSG00000069583	0	0	0	0	0	0
ENSMUSG00000069584	0	0	0	0	0	0
ENSMUSG00000069588	0	0	0	0	0	0
ENSMUSG00000069607	0	0	0	0	0	0
ENSMUSG00000069609	0	0	0	0	0	0
ENSMUSG00000069620	0	0	0	0	0	0
ENSMUSG00000069622	0	0	0	0	0	0
ENSMUSG00000069668	0	0	0	0	0	0
ENSMUSG00000069670	5	2	20	16	4	59
ENSMUSG00000069682	274	283	229	265	256	267
ENSMUSG00000069706	0	0	0	0	0	0
ENSMUSG00000069707	0	0	0	0	0	0
ENSMUSG00000069708	0	0	0	0	0	0
ENSMUSG00000069712	0	0	0	0	0	0
ENSMUSG00000069717	0	0	0	0	0	0
ENSMUSG00000069718	0	0	0	0	0	0
ENSMUSG00000069720	0	0	0	0	0	0
ENSMUSG00000069721	0	0	0	0	0	0
ENSMUSG00000069722	0	0	0	0	0	0
ENSMUSG00000069733	0	0	0	0	0	0
ENSMUSG00000069792	19	64	0	4	19	0
ENSMUSG00000069796	0	0	0	0	0	0
ENSMUSG00000069805	0	0	0	0	0	0
ENSMUSG00000069816	0	0	0	0	0	0
ENSMUSG00000069818	0	0	0	0	0	0
ENSMUSG00000069823	0	0	0	0	0	0
ENSMUSG00000069824	0	0	0	0	0	0
ENSMUSG00000069825	0	0	0	0	0	0
ENSMUSG00000069830	0	0	0	0	0	0
ENSMUSG00000069855	0	0	0	0	0	0
ENSMUSG00000069867	0	0	0	0	0	0
ENSMUSG00000069873	0	0	0	0	0	0
ENSMUSG00000069893	28	0	120	34	25	189
ENSMUSG00000069911	0	0	0	0	0	0
ENSMUSG00000069913	0	0	0	0	0	0
ENSMUSG00000069917	0	0	0	0	0	0
ENSMUSG00000069919	0	0	0	0	0	0
ENSMUSG00000069922	0	0	0	0	0	0
ENSMUSG00000069925	0	0	0	0	0	0
ENSMUSG00000069971	0	0	0	0	0	0
ENSMUSG00000069998	0	0	0	0	0	0
ENSMUSG00000070023	0	0	0	0	0	0
ENSMUSG00000070063	0	0	0	0	0	0
ENSMUSG00000070071	0	0	0	0	0	0
ENSMUSG00000070073	0	0	0	0	0	0
ENSMUSG00000070075	0	0	0	0	0	0
ENSMUSG00000070078	0	0	0	0	0	0
ENSMUSG00000070081	0	0	0	0	0	0
ENSMUSG00000070084	0	0	0	0	0	0
ENSMUSG00000070099	0	0	0	0	0	0
ENSMUSG00000070102	0	0	0	0	0	0
ENSMUSG00000070103	0	0	0	0	0	0
ENSMUSG00000070104	0	0	0	0	0	0
ENSMUSG00000070105	0	0	0	0	0	0
ENSMUSG00000070106	0	0	0	0	0	0
ENSMUSG00000070107	0	0	0	0	0	0
ENSMUSG00000070108	0	0	0	0	0	0
ENSMUSG00000070109	0	0	0	0	0	0
ENSMUSG00000070110	0	0	0	0	0	0
ENSMUSG00000070126	0	0	0	0	0	0
ENSMUSG00000070128	0	0	0	0	0	0
ENSMUSG00000070129	0	0	0	0	0	0
ENSMUSG00000070140	0	0	0	0	0	0
ENSMUSG00000070144	0	0	0	0	0	0
ENSMUSG00000070170	0	0	0	0	0	0
ENSMUSG00000070173	0	0	0	0	0	0
ENSMUSG00000070175	0	0	0	0	0	0
ENSMUSG00000070182	0	0	0	0	0	0
ENSMUSG00000070203	0	0	0	0	0	0
ENSMUSG00000070214	0	0	0	0	0	0
ENSMUSG00000070225	0	0	0	0	0	0
ENSMUSG00000070227	0	0	0	0	0	0
ENSMUSG00000070235	0	0	0	0	0	0
ENSMUSG00000070236	0	0	0	0	0	0
ENSMUSG00000070263	0	0	0	0	0	0
ENSMUSG00000070291	0	2	0	0	0	11
ENSMUSG00000070304	0	0	0	0	0	0
ENSMUSG00000070306	0	0	0	0	0	0
ENSMUSG00000070311	0	0	0	0	0	0
ENSMUSG00000070313	0	0	0	0	0	0
ENSMUSG00000070315	59	62	147	142	114	171
ENSMUSG00000070324	0	0	0	0	0	0
ENSMUSG00000070331	0	2	10	15	0	0
ENSMUSG00000070334	0	0	0	0	0	0
ENSMUSG00000070335	0	0	0	0	0	0
ENSMUSG00000070342	0	0	0	0	0	0
ENSMUSG00000070345	0	10	0	1	4	6
ENSMUSG00000070360	0	0	0	0	0	0
ENSMUSG00000070366	0	0	0	0	0	0
ENSMUSG00000070368	0	0	0	0	0	0
ENSMUSG00000070369	2	0	10	0	6	6
ENSMUSG00000070374	0	0	0	0	0	0
ENSMUSG00000070375	0	0	0	0	0	0
ENSMUSG00000070377	0	0	0	0	0	0
ENSMUSG00000070378	0	0	0	0	0	0
ENSMUSG00000070379	0	0	0	0	0	0
ENSMUSG00000070380	0	0	0	0	0	0
ENSMUSG00000070382	0	0	0	0	0	0
ENSMUSG00000070383	0	0	0	0	0	0
ENSMUSG00000070388	0	0	0	0	0	0
ENSMUSG00000070407	39	58	17	70	73	29
ENSMUSG00000070419	0	0	0	0	0	0
ENSMUSG00000070421	0	0	0	0	0	0
ENSMUSG00000070438	0	0	0	0	0	0
ENSMUSG00000070459	0	0	0	0	0	0
ENSMUSG00000070460	0	0	0	0	0	0
ENSMUSG00000070464	0	0	0	0	0	0
ENSMUSG00000070471	10	7	7	11	1	0
ENSMUSG00000070489	0	0	0	0	0	0
ENSMUSG00000070495	2	1	7	4	3	1
ENSMUSG00000070501	0	0	0	0	0	0
ENSMUSG00000070504	0	0	0	0	0	0
ENSMUSG00000070522	0	0	0	0	0	0
ENSMUSG00000070529	0	0	0	0	0	0
ENSMUSG00000070530	0	0	0	0	0	0
ENSMUSG00000070546	0	0	0	0	0	0
ENSMUSG00000070547	0	0	0	0	0	0
ENSMUSG00000070550	0	0	0	0	0	0
ENSMUSG00000070551	0	0	0	0	0	0
ENSMUSG00000070552	0	0	0	0	0	0
ENSMUSG00000070563	0	0	0	0	0	0
ENSMUSG00000070568	0	0	0	0	0	0
ENSMUSG00000070572	0	0	0	0	0	0
ENSMUSG00000070574	0	0	0	0	0	0
ENSMUSG00000070577	0	0	0	0	0	0
ENSMUSG00000070594	0	0	0	0	0	0
ENSMUSG00000070606	0	0	0	0	0	0
ENSMUSG00000070609	0	0	0	0	0	0
ENSMUSG00000070616	0	0	0	0	0	0
ENSMUSG00000070617	0	0	0	0	0	0
ENSMUSG00000070618	0	0	0	0	0	0
ENSMUSG00000070619	0	0	0	0	0	0
ENSMUSG00000070621	0	0	0	0	0	0
ENSMUSG00000070637	0	0	0	0	0	0
ENSMUSG00000070641	0	0	0	0	0	0
ENSMUSG00000070645	0	0	0	0	0	0
ENSMUSG00000070661	0	0	0	0	0	0
ENSMUSG00000070677	0	0	0	0	0	0
ENSMUSG00000070683	0	0	0	0	0	0
ENSMUSG00000070686	0	0	0	0	0	0
ENSMUSG00000070691	0	93	58	43	31	127
ENSMUSG00000070697	1253	1119	1208	1337	1244	1584
ENSMUSG00000070702	0	0	0	0	0	0
ENSMUSG00000070708	0	0	0	0	0	0
ENSMUSG00000070719	0	0	0	0	0	0
ENSMUSG00000070794	0	0	0	0	0	0
ENSMUSG00000070796	0	0	0	0	0	0
ENSMUSG00000070797	0	0	0	0	0	0
ENSMUSG00000070798	0	0	0	0	0	0
ENSMUSG00000070810	0	0	0	0	0	0
ENSMUSG00000070811	0	0	0	0	0	0
ENSMUSG00000070820	0	0	0	0	0	0
ENSMUSG00000070821	0	0	0	0	0	0
ENSMUSG00000070828	0	0	0	0	0	0
ENSMUSG00000070841	0	0	0	0	0	0
ENSMUSG00000070844	0	0	0	0	0	0
ENSMUSG00000070852	0	0	0	0	0	0
ENSMUSG00000070853	0	0	0	0	0	0
ENSMUSG00000070856	0	0	0	0	0	0
ENSMUSG00000070857	0	0	0	0	0	0
ENSMUSG00000070868	0	0	0	0	0	0
ENSMUSG00000070870	0	0	0	0	0	0
ENSMUSG00000070873	0	0	0	0	0	0
ENSMUSG00000070875	0	0	0	0	0	0
ENSMUSG00000070880	0	0	0	0	0	0
ENSMUSG00000070883	0	15	15	1	4	6
ENSMUSG00000070890	0	0	0	0	0	0
ENSMUSG00000070891	0	0	0	0	0	0
ENSMUSG00000070902	0	0	0	0	0	0
ENSMUSG00000070904	0	0	0	0	0	0
ENSMUSG00000070933	0	0	0	0	0	0
ENSMUSG00000070943	0	0	0	0	0	0
ENSMUSG00000070960	0	0	0	0	0	0
ENSMUSG00000070977	0	0	0	0	0	0
ENSMUSG00000070979	0	0	0	0	0	0
ENSMUSG00000070983	0	0	0	0	0	0
ENSMUSG00000070985	0	0	0	0	0	0
ENSMUSG00000070995	0	0	0	0	0	0
ENSMUSG00000070999	12	19	1	11	16	3
ENSMUSG00000071000	0	0	0	0	0	0
ENSMUSG00000071005	0	0	0	0	0	0
ENSMUSG00000071015	0	0	0	0	0	0
ENSMUSG00000071019	0	0	0	0	0	0
ENSMUSG00000071033	0	0	0	0	0	0
ENSMUSG00000071040	0	0	0	0	0	0
ENSMUSG00000071065	0	0	0	0	0	0
ENSMUSG00000071068	0	0	0	0	0	0
ENSMUSG00000071089	0	0	0	0	0	0
ENSMUSG00000071104	0	0	0	0	0	0
ENSMUSG00000071113	3	0	11	0	2	0
ENSMUSG00000071138	0	0	0	0	0	0
ENSMUSG00000071147	0	0	0	0	0	0
ENSMUSG00000071149	0	0	0	0	0	0
ENSMUSG00000071150	0	0	0	0	0	0
ENSMUSG00000071158	0	0	0	0	0	0
ENSMUSG00000071165	0	0	0	0	0	0
ENSMUSG00000071169	0	0	0	0	0	0
ENSMUSG00000071177	0	0	0	0	0	0
ENSMUSG00000071178	0	0	0	0	0	0
ENSMUSG00000071179	0	11	0	2	0	5
ENSMUSG00000071185	0	0	0	0	0	0
ENSMUSG00000071195	0	0	0	0	0	0
ENSMUSG00000071202	0	12	4	0	0	2
ENSMUSG00000071207	0	0	0	0	0	0
ENSMUSG00000071226	3	12	0	0	0	9
ENSMUSG00000071230	0	0	0	3	0	0
ENSMUSG00000071235	0	0	0	0	0	0
ENSMUSG00000071237	0	0	0	0	0	0
ENSMUSG00000071253	684	1028	1036	824	842	851
ENSMUSG00000071262	0	0	0	0	0	0
ENSMUSG00000071273	0	0	0	0	0	0
ENSMUSG00000071275	0	0	0	0	0	0
ENSMUSG00000071276	0	0	0	0	0	0
ENSMUSG00000071294	0	0	0	0	0	0
ENSMUSG00000071302	162	274	148	129	208	431
ENSMUSG00000071311	0	0	0	0	0	0
ENSMUSG00000071322	0	0	0	0	0	0
ENSMUSG00000071340	0	0	0	0	0	0
ENSMUSG00000071342	1	5	1	0	0	12
ENSMUSG00000071347	0	0	0	0	0	0
ENSMUSG00000071356	0	0	0	0	0	0
ENSMUSG00000071398	6	0	0	6	8	4
ENSMUSG00000071414	0	0	0	0	0	0
ENSMUSG00000071428	0	0	0	0	0	0
ENSMUSG00000071434	0	0	0	0	0	0
ENSMUSG00000071452	0	0	0	0	0	0
ENSMUSG00000071456	832	930	946	906	1100	1535
ENSMUSG00000071471	0	0	0	0	0	0
ENSMUSG00000071481	0	0	0	0	0	0
ENSMUSG00000071489	0	0	0	0	0	0
ENSMUSG00000071490	0	0	0	0	0	0
ENSMUSG00000071493	0	0	0	0	0	0
ENSMUSG00000071510	0	0	0	0	0	0
ENSMUSG00000071517	0	0	0	0	0	0
ENSMUSG00000071519	0	0	0	0	0	0
ENSMUSG00000071521	0	0	0	0	0	0
ENSMUSG00000071522	0	0	0	0	0	0
ENSMUSG00000071531	0	4	8	37	4	22
ENSMUSG00000071561	0	0	0	0	0	0
ENSMUSG00000071562	0	0	0	0	0	0
ENSMUSG00000071591	0	0	2	0	0	0
ENSMUSG00000071613	0	0	0	0	0	0
ENSMUSG00000071629	0	0	0	0	0	0
ENSMUSG00000071665	0	0	0	0	0	0
ENSMUSG00000071679	0	0	0	0	0	0
ENSMUSG00000071680	0	0	0	0	0	0
ENSMUSG00000071686	0	0	0	0	0	0
ENSMUSG00000071714	4	18	2	1	7	10
ENSMUSG00000071715	8	14	0	0	3	6
ENSMUSG00000071719	0	0	0	0	4	11
ENSMUSG00000071726	0	0	0	0	0	0
ENSMUSG00000071738	0	0	0	0	0	0
ENSMUSG00000071745	0	0	0	0	0	0
ENSMUSG00000071749	0	0	0	0	0	0
ENSMUSG00000071750	0	0	0	0	0	0
ENSMUSG00000071763	0	0	0	0	0	0
ENSMUSG00000071764	0	0	0	0	0	0
ENSMUSG00000071766	0	0	0	0	0	0
ENSMUSG00000071767	0	0	0	0	0	0
ENSMUSG00000071769	0	0	0	0	0	0
ENSMUSG00000071770	0	0	0	0	0	0
ENSMUSG00000071771	0	0	0	0	0	0
ENSMUSG00000071772	0	0	0	0	0	0
ENSMUSG00000071773	0	0	0	0	0	0
ENSMUSG00000071788	0	0	0	0	0	0
ENSMUSG00000071793	230	140	236	131	121	210
ENSMUSG00000071815	0	0	0	0	0	0
ENSMUSG00000071816	0	0	0	0	0	0
ENSMUSG00000071818	0	0	0	0	0	0
ENSMUSG00000071858	0	0	0	0	0	0
ENSMUSG00000071867	0	0	0	0	0	0
ENSMUSG00000071890	0	0	0	0	0	0
ENSMUSG00000071909	0	0	0	0	0	0
ENSMUSG00000071937	0	0	0	0	0	0
ENSMUSG00000071952	0	0	0	0	0	0
ENSMUSG00000071984	69	174	3	61	33	22
ENSMUSG00000072049	0	0	0	0	0	0
ENSMUSG00000072068	0	0	0	0	0	0
ENSMUSG00000072100	0	0	0	0	0	0
ENSMUSG00000072145	0	0	0	0	0	0
ENSMUSG00000072188	0	0	0	0	0	0
ENSMUSG00000072249	0	0	0	0	0	0
ENSMUSG00000072259	0	0	0	0	0	0
ENSMUSG00000072295	0	0	0	0	0	0
ENSMUSG00000072324	0	1629	1405	4	1	1
ENSMUSG00000072381	0	0	0	0	0	0
ENSMUSG00000072473	0	0	0	0	0	0
ENSMUSG00000072477	0	0	0	0	0	0
ENSMUSG00000072479	0	0	0	0	0	0
ENSMUSG00000072487	0	0	0	0	0	0
ENSMUSG00000072541	0	0	0	0	0	0
ENSMUSG00000072571	4	1	11	0	6	0
ENSMUSG00000072574	0	0	0	0	0	0
ENSMUSG00000072584	0	0	0	0	0	0
ENSMUSG00000072589	0	0	0	0	0	0
ENSMUSG00000072595	0	0	0	0	0	0
ENSMUSG00000072596	0	0	0	0	0	0
ENSMUSG00000072598	0	0	0	0	0	0
ENSMUSG00000072599	0	0	0	0	0	0
ENSMUSG00000072600	0	0	0	0	0	0
ENSMUSG00000072601	0	0	0	0	0	0
ENSMUSG00000072605	0	0	0	0	0	0
ENSMUSG00000072616	0	0	0	0	0	0
ENSMUSG00000072618	0	0	0	0	0	0
ENSMUSG00000072624	0	0	0	0	0	0
ENSMUSG00000072647	24	15	27	38	13	32
ENSMUSG00000072662	0	0	0	0	0	0
ENSMUSG00000072663	0	0	0	6	6	0
ENSMUSG00000072664	0	0	0	0	0	0
ENSMUSG00000072673	0	0	0	0	0	0
ENSMUSG00000072679	0	0	0	0	0	0
ENSMUSG00000072683	0	0	0	0	0	0
ENSMUSG00000072686	0	0	0	0	0	0
ENSMUSG00000072707	1	0	1	6	2	0
ENSMUSG00000072708	0	0	0	0	0	0
ENSMUSG00000072709	0	0	0	0	0	0
ENSMUSG00000072717	0	0	0	0	0	0
ENSMUSG00000072718	0	0	0	0	0	0
ENSMUSG00000072720	0	46	14	86	57	80
ENSMUSG00000072721	0	0	0	0	0	0
ENSMUSG00000072722	0	0	0	0	0	0
ENSMUSG00000072723	11	3	0	17	5	11
ENSMUSG00000072726	0	0	0	0	0	0
ENSMUSG00000072753	0	0	0	0	0	0
ENSMUSG00000072754	0	0	0	0	0	0
ENSMUSG00000072763	11	10	14	0	9	9
ENSMUSG00000072768	0	0	0	0	0	0
ENSMUSG00000072769	2	0	5	0	0	11
ENSMUSG00000072791	0	0	0	0	0	0
ENSMUSG00000072813	0	0	0	0	0	0
ENSMUSG00000072814	0	0	0	0	0	0
ENSMUSG00000072821	0	0	0	0	0	0
ENSMUSG00000072822	0	0	0	0	0	0
ENSMUSG00000072834	0	0	0	0	0	0
ENSMUSG00000072837	0	0	0	0	0	0
ENSMUSG00000072845	0	0	0	0	0	0
ENSMUSG00000072849	0	0	0	0	0	0
ENSMUSG00000072875	25	7	11	0	22	17
ENSMUSG00000072878	5	0	2	0	0	9
ENSMUSG00000072884	14	6	8	4	6	4
ENSMUSG00000072888	0	0	0	0	0	0
ENSMUSG00000072902	0	0	0	0	0	0
ENSMUSG00000072905	0	0	0	0	0	0
ENSMUSG00000072923	0	0	0	0	0	0
ENSMUSG00000072929	0	0	0	0	0	0
ENSMUSG00000072930	0	0	0	0	0	0
ENSMUSG00000072931	0	0	0	0	0	0
ENSMUSG00000072945	0	2	0	38	40	7
ENSMUSG00000072966	6	0	6	29	11	10
ENSMUSG00000072968	0	0	0	0	0	0
ENSMUSG00000072982	0	0	0	0	0	0
ENSMUSG00000072983	0	0	0	0	0	0
ENSMUSG00000072995	0	0	0	0	0	0
ENSMUSG00000073006	0	0	0	0	0	0
ENSMUSG00000073010	0	0	2	0	0	0
ENSMUSG00000073012	0	0	0	0	0	0
ENSMUSG00000073027	0	0	0	0	0	0
ENSMUSG00000073028	0	0	0	0	0	0
ENSMUSG00000073043	0	0	0	0	0	0
ENSMUSG00000073051	0	2	0	0	0	0
ENSMUSG00000073125	7	3	36	1	15	11
ENSMUSG00000073130	7	14	14	0	2	5
ENSMUSG00000073174	0	0	0	13	4	3
ENSMUSG00000073293	15	2	29	5	6	74
ENSMUSG00000073406	0	4	9	0	17	0
ENSMUSG00000073408	0	11	14	11	2	11
ENSMUSG00000073412	7	0	0	0	4	10
ENSMUSG00000073418	50	410	114	46	178	22
ENSMUSG00000073437	81	69	95	64	103	76
ENSMUSG00000073486	0	4	0	0	0	14
ENSMUSG00000073514	27	49	0	16	48	32
ENSMUSG00000073535	0	10	0	1	8	0
ENSMUSG00000073555	4	2	31	4	4	0
ENSMUSG00000073572	0	0	0	0	0	0
ENSMUSG00000073598	2	12	5	12	9	10
ENSMUSG00000073607	18	0	5	20	8	6
ENSMUSG00000073795	20	2	4	3	5	0
ENSMUSG00000073888	2	20	2	32	13	34
ENSMUSG00000073893	6	4	12	4	8	9
ENSMUSG00000073902	0	0	0	0	0	0
ENSMUSG00000073926	2	0	0	0	0	0
ENSMUSG00000073944	0	0	0	0	0	0
ENSMUSG00000073945	0	0	0	0	0	0
ENSMUSG00000074001	8	75	7	142	190	99
ENSMUSG00000074029	0	0	0	0	0	0
ENSMUSG00000074039	5	2	14	18	5	10
ENSMUSG00000074052	0	2	0	9	4	11
ENSMUSG00000074158	44	15	25	27	49	104
ENSMUSG00000074183	4	2	2	6	0	121
ENSMUSG00000074184	0	0	0	0	1	0
ENSMUSG00000074218	25	37	68	42	35	8
ENSMUSG00000074219	1	0	5	26	3	0
ENSMUSG00000074250	3	2	2	2	0	1
ENSMUSG00000074252	11	17	7	0	14	13
ENSMUSG00000074256	0	12	8	4	0	8
ENSMUSG00000074272	7	20	74	5	8	52
ENSMUSG00000074280	1	2	1	1048	9	0
ENSMUSG00000074282	202	162	121	139	141	186
ENSMUSG00000074322	0	0	0	0	0	0
ENSMUSG00000074344	0	0	1	0	2	0
ENSMUSG00000074345	4	11	8	0	7	0
ENSMUSG00000074357	23	6	24	29	28	51
ENSMUSG00000074388	0	12	2	0	0	3
ENSMUSG00000074417	0	3	0	0	0	0
ENSMUSG00000074472	8	0	0	15	8	0
ENSMUSG00000074479	11	471	311	16	5	7
ENSMUSG00000074489	4	2	0	12	0	4
ENSMUSG00000074505	1	4	0	0	2	12
ENSMUSG00000074527	92	138	163	85	74	186
ENSMUSG00000074671	173	206	208	158	153	122
ENSMUSG00000074715	0	4	7	0	0	8
ENSMUSG00000074720	0	0	0	0	0	0
ENSMUSG00000074736	71	72	10	6	10	0
ENSMUSG00000074743	10471	10460	12677	7756	7232	13867
ENSMUSG00000074771	0	4	20	6	2	0
ENSMUSG00000074881	2	0	0	10	8	5
ENSMUSG00000074892	0	2	0	6	2	16
ENSMUSG00000074899	4	0	4	0	0	11
ENSMUSG00000074946	0	6	0	0	0	0
ENSMUSG00000074999	0	4	4	0	0	11
ENSMUSG00000075006	0	0	0	0	0	0
ENSMUSG00000075014	5	7	17	0	4	21
ENSMUSG00000075072	0	0	0	0	0	0
ENSMUSG00000075081	26	15	34	16	18	39
ENSMUSG00000075121	0	0	0	0	0	0
ENSMUSG00000075149	0	0	0	0	0	0
ENSMUSG00000075194	0	0	0	0	0	0
ENSMUSG00000075224	0	5	0	0	2	14
ENSMUSG00000075225	0	26	12	10	26	6
ENSMUSG00000075270	16	15	0	4	2	0
ENSMUSG00000075271	227	318	217	206	234	195
ENSMUSG00000075276	2	1	1	4	5	8
ENSMUSG00000075297	7	79	78	26	1	45
ENSMUSG00000075307	27	212	43	344	475	311
ENSMUSG00000075312	0	0	1	0	0	0
ENSMUSG00000075330	0	6	0	11	13	15
ENSMUSG00000075391	1	1	186	1	176	0
ENSMUSG00000075420	0	2	0	12	12	6
ENSMUSG00000075431	0	0	0	0	0	0
ENSMUSG00000075520	7	11	10	0	0	8
ENSMUSG00000075555	0	4	7	6	2	2
ENSMUSG00000075569	8	7	5	3	10	11
ENSMUSG00000075574	7	13	0	0	3	0
ENSMUSG00000075588	5	41	0	11	14	12
ENSMUSG00000075604	1	20	1	13	2	1
ENSMUSG00000075707	649	2368	417	135	520	13
ENSMUSG00000076286	0	0	0	0	0	0
ENSMUSG00000076434	0	1	5	4	14	5
ENSMUSG00000076490	0	0	0	0	0	0
ENSMUSG00000076498	24	2	7	12	1	31
ENSMUSG00000076612	0	0	0	0	10	0
ENSMUSG00000076632	0	0	0	0	0	0
ENSMUSG00000076655	0	0	0	0	0	0
ENSMUSG00000076677	0	0	0	0	0	0
ENSMUSG00000076746	0	0	0	0	0	0
ENSMUSG00000076926	0	0	0	0	0	0
ENSMUSG00000076928	67	102	24	132	169	4
ENSMUSG00000077163	0	0	0	0	0	0
ENSMUSG00000077177	0	0	0	0	0	0
ENSMUSG00000077202	4	10	4	6	5	12
ENSMUSG00000077255	0	0	0	0	0	0
ENSMUSG00000077260	0	0	0	0	0	0
ENSMUSG00000077342	0	0	0	0	0	0
ENSMUSG00000077359	0	0	0	0	0	0
ENSMUSG00000077397	0	0	0	0	0	0
ENSMUSG00000077419	0	0	0	0	0	0
ENSMUSG00000077438	0	0	0	0	0	0
ENSMUSG00000077463	0	0	0	0	0	0
ENSMUSG00000077505	3	1	9	3	10	5
ENSMUSG00000077511	0	0	0	0	0	0
ENSMUSG00000077625	15	14	10	16	10	15
ENSMUSG00000077628	0	0	0	0	0	0
ENSMUSG00000077660	0	0	0	0	0	0
ENSMUSG00000077663	0	0	0	0	0	0
ENSMUSG00000077680	0	0	0	0	0	0
ENSMUSG00000077681	0	0	0	0	0	0
ENSMUSG00000077702	0	0	0	0	0	0
ENSMUSG00000077733	0	0	0	11	0	6
ENSMUSG00000077736	0	0	0	0	0	0
ENSMUSG00000077756	2	0	15	0	1	1
ENSMUSG00000077925	1	14	1	4	6	0
ENSMUSG00000077981	0	0	0	2	0	0
ENSMUSG00000078116	0	0	0	0	0	0
ENSMUSG00000078117	0	0	0	0	0	0
ENSMUSG00000078122	0	0	0	0	0	0
ENSMUSG00000078137	0	0	0	0	0	0
ENSMUSG00000078143	0	2	4	0	2	8
ENSMUSG00000078144	2	2	1	0	0	4
ENSMUSG00000078153	8	1	24	8	7	46
ENSMUSG00000078154	5	3	9	4	9	5
ENSMUSG00000078240	0	0	1	33	3	3
ENSMUSG00000078249	8	2	825	1	6	10
ENSMUSG00000078270	0	0	0	0	0	0
ENSMUSG00000078289	0	8	0	5	0	0
ENSMUSG00000078349	8	12	0	22	11	8
ENSMUSG00000078480	172	66	55	0	0	0
ENSMUSG00000078503	0	0	0	0	11	2
ENSMUSG00000078528	9	4	17	0	1	5
ENSMUSG00000078554	0	1	0	0	0	4
ENSMUSG00000078591	0	0	0	0	0	11
ENSMUSG00000078607	8	16	25	12	8	12
ENSMUSG00000078624	10	12	14	5	2	9
ENSMUSG00000078632	0	0	0	0	0	0
ENSMUSG00000078640	33	34	2	25	50	9
ENSMUSG00000078686	0	0	0	0	0	0
ENSMUSG00000078747	0	0	12	0	8	2
ENSMUSG00000078780	0	2	0	0	0	0
ENSMUSG00000078815	0	12	10	5	27	25
ENSMUSG00000078868	7	5	2	0	1	21
ENSMUSG00000078931	14	15	21	6	10	17
ENSMUSG00000078949	0	36	2	35	48	4
ENSMUSG00000078954	25	56	10	14	5	2
ENSMUSG00000078963	5	4	10	11	15	39
ENSMUSG00000079012	23	173	68	35	0	0
ENSMUSG00000079014	0	19	0	7	8	0
ENSMUSG00000079015	0	0	0	0	0	0
ENSMUSG00000079022	8	0	5	0	10	5
ENSMUSG00000079025	0	0	0	0	0	0
ENSMUSG00000079045	0	2	0	0	0	0
ENSMUSG00000079092	2109	289	4441	1791	1273	11773
ENSMUSG00000079110	0	10	0	9	34	7
ENSMUSG00000079113	0	0	0	0	0	0
ENSMUSG00000079164	97	251	90	119	116	19
ENSMUSG00000079165	10	1	1	0	1	0
ENSMUSG00000079175	0	0	0	0	0	0
ENSMUSG00000079180	0	0	0	0	0	0
ENSMUSG00000079184	554	609	665	584	538	952
ENSMUSG00000079186	20	34	0	0	11	0
ENSMUSG00000079243	19	128	26	357	348	266
ENSMUSG00000079263	0	0	0	0	0	0
ENSMUSG00000079293	0	5	0	0	11	11
ENSMUSG00000079304	0	0	0	3	7	5
ENSMUSG00000079330	4	7	6	0	0	0
ENSMUSG00000079355	0	31	8	9	1	7
ENSMUSG00000079356	0	0	2	10	0	4
ENSMUSG00000079363	0	4	0	18	6	7
ENSMUSG00000079364	0	22	22	0	1	2
ENSMUSG00000079388	0	13	25	0	0	0
ENSMUSG00000079391	1	20	15	0	1	0
ENSMUSG00000079396	2	17	24	1	0	3
ENSMUSG00000079428	0	4	1	12	17	5
ENSMUSG00000079429	1	17	16	21	26	45
ENSMUSG00000079460	0	0	0	0	0	0
ENSMUSG00000079471	6	111	13	176	206	171
ENSMUSG00000079494	0	8	0	4	4	0
ENSMUSG00000079509	1508	1604	1812	1662	1659	2959
ENSMUSG00000079536	0	2	1	0	0	0
ENSMUSG00000079555	335	277	317	220	305	1114
ENSMUSG00000079588	8	136	44	257	223	158
ENSMUSG00000079639	0	0	0	0	0	0
ENSMUSG00000079677	5	6	1	0	15	5
ENSMUSG00000079794	0	0	0	0	0	0
ENSMUSG00000079806	0	0	0	0	0	0
ENSMUSG00000079808	0	0	0	0	0	0
ENSMUSG00000079852	29	0	63	13	22	61
ENSMUSG00000079871	0	0	0	0	0	0
ENSMUSG00000079993	5	0	10	0	4	10
ENSMUSG00000080002	3	3	5	1	1	2
ENSMUSG00000080059	0	4	14	13	24	37
ENSMUSG00000080241	0	0	0	0	0	0
ENSMUSG00000080242	3	3	459	1	4	0
ENSMUSG00000080374	0	2	3	1	0	0
ENSMUSG00000080409	0	0	0	0	0	0
ENSMUSG00000080437	0	0	0	0	0	0
ENSMUSG00000080708	8	0	7	0	5	5
ENSMUSG00000080733	0	0	0	0	0	0
ENSMUSG00000080747	0	0	0	0	0	0
ENSMUSG00000080772	5	2	12	0	1	3
ENSMUSG00000080794	0	0	0	0	0	0
ENSMUSG00000080808	0	4	5	0	7	0
ENSMUSG00000080810	0	0	0	0	0	10
ENSMUSG00000080813	0	0	0	0	10	5
ENSMUSG00000080828	0	0	0	0	0	0
ENSMUSG00000080840	0	0	0	0	0	0
ENSMUSG00000080876	0	0	0	0	0	0
ENSMUSG00000080893	186	175	6	3	149	4
ENSMUSG00000080930	0	0	0	0	0	0
ENSMUSG00000080974	2	0	1	1	0	1
ENSMUSG00000081043	0	0	0	0	0	10
ENSMUSG00000081045	0	0	0	0	0	0
ENSMUSG00000081078	0	0	0	0	0	0
ENSMUSG00000081098	5	0	24	4	3	30
ENSMUSG00000081111	211	6	280	167	179	433
ENSMUSG00000081126	31	1	28	23	0	0
ENSMUSG00000081127	0	0	0	0	0	0
ENSMUSG00000081167	1	0	0	0	0	0
ENSMUSG00000081172	0	0	0	0	0	0
ENSMUSG00000081188	0	0	0	0	0	0
ENSMUSG00000081189	0	13	0	0	0	2
ENSMUSG00000081232	0	0	1	0	1	1
ENSMUSG00000081248	0	2	0	0	0	0
ENSMUSG00000081256	7	1	0	0	0	0
ENSMUSG00000081282	0	0	0	0	0	3
ENSMUSG00000081308	0	0	0	0	0	0
ENSMUSG00000081336	0	0	0	0	0	0
ENSMUSG00000081350	14	10	6	0	1	0
ENSMUSG00000081355	39	43	0	10	10	30
ENSMUSG00000081367	0	0	0	0	0	0
ENSMUSG00000081434	128	14	2	93	86	6
ENSMUSG00000081435	0	0	0	0	0	0
ENSMUSG00000081480	8	6	11	4	17	7
ENSMUSG00000081488	5	2	6	3	3	2
ENSMUSG00000081519	143	0	140	0	0	1
ENSMUSG00000081541	0	0	0	0	0	0
ENSMUSG00000081560	0	0	0	0	0	0
ENSMUSG00000081622	0	1	0	1	0	0
ENSMUSG00000081625	0	0	0	0	0	0
ENSMUSG00000081640	368	10	12	367	338	8
ENSMUSG00000081666	0	18	2	3	0	0
ENSMUSG00000081670	2	7	0	0	6	0
ENSMUSG00000081679	1	1	3	7	0	11
ENSMUSG00000081694	0	0	0	0	0	0
ENSMUSG00000081747	0	0	0	0	0	0
ENSMUSG00000081752	0	2	0	1	0	2
ENSMUSG00000081788	1	149	161	78	87	189
ENSMUSG00000081796	0	0	0	0	0	0
ENSMUSG00000081801	0	0	0	0	0	5
ENSMUSG00000081820	0	0	0	0	0	0
ENSMUSG00000081824	374	2	0	4	319	0
ENSMUSG00000081856	0	0	0	0	0	0
ENSMUSG00000081877	0	0	0	0	0	0
ENSMUSG00000081883	27	64	19	1	0	0
ENSMUSG00000081887	14	0	9	1	7	15
ENSMUSG00000081903	0	0	0	0	0	0
ENSMUSG00000081917	0	0	0	0	0	0
ENSMUSG00000081932	11	14	2	0	0	0
ENSMUSG00000081943	1	0	0	0	0	0
ENSMUSG00000082011	0	0	0	0	0	0
ENSMUSG00000082032	0	1	1	2	0	5
ENSMUSG00000082037	0	0	0	0	0	0
ENSMUSG00000082038	0	0	0	0	0	0
ENSMUSG00000082057	1	0	7	0	6	0
ENSMUSG00000082106	0	0	0	0	0	0
ENSMUSG00000082121	80	0	0	63	46	0
ENSMUSG00000082126	0	0	0	0	0	0
ENSMUSG00000082148	0	0	0	0	0	0
ENSMUSG00000082162	0	0	0	0	0	0
ENSMUSG00000082164	0	0	0	0	0	0
ENSMUSG00000082195	0	0	0	2	0	0
ENSMUSG00000082216	0	0	0	0	0	0
ENSMUSG00000082292	0	0	12	2	3	0
ENSMUSG00000082313	0	0	5	0	1	0
ENSMUSG00000082332	0	0	0	0	0	0
ENSMUSG00000082360	0	0	0	0	0	0
ENSMUSG00000082361	40	48	27	51	13	237
ENSMUSG00000082397	0	0	0	0	0	0
ENSMUSG00000082515	0	4	15	11	2	9
ENSMUSG00000082526	0	0	0	0	0	0
ENSMUSG00000082536	186	186	170	4566	159	167
ENSMUSG00000082541	0	0	0	0	0	0
ENSMUSG00000082543	1	2	0	0	0	1
ENSMUSG00000082552	0	0	0	0	0	0
ENSMUSG00000082569	0	0	0	0	0	0
ENSMUSG00000082607	0	0	0	0	0	0
ENSMUSG00000082648	0	0	0	0	0	0
ENSMUSG00000082666	0	0	0	0	0	0
ENSMUSG00000082709	0	0	0	0	0	0
ENSMUSG00000082711	1	0	2	0	6	14
ENSMUSG00000082712	0	0	0	0	0	0
ENSMUSG00000082716	0	0	0	0	0	0
ENSMUSG00000082745	5	7	0	0	12	0
ENSMUSG00000082794	0	0	2	0	7	23
ENSMUSG00000082815	0	0	0	0	10	0
ENSMUSG00000082864	0	0	0	0	0	0
ENSMUSG00000082958	0	0	0	0	0	0
ENSMUSG00000082961	0	0	0	0	0	0
ENSMUSG00000082989	0	0	0	0	0	0
ENSMUSG00000083005	0	0	0	0	0	0
ENSMUSG00000083018	0	0	0	0	0	0
ENSMUSG00000083078	0	0	0	0	0	0
ENSMUSG00000083103	0	0	0	0	0	0
ENSMUSG00000083161	0	0	9	12	3	17
ENSMUSG00000083210	0	0	0	0	0	0
ENSMUSG00000083218	1	12	1	12	11	0
ENSMUSG00000083246	1	4	3	0	2	12
ENSMUSG00000083268	0	3	0	0	0	9
ENSMUSG00000083270	7	9	4	2	0	0
ENSMUSG00000083314	0	0	0	0	0	0
ENSMUSG00000083327	7	9	8	18	13	7
ENSMUSG00000083365	0	0	0	0	0	0
ENSMUSG00000083371	0	0	0	0	0	0
ENSMUSG00000083375	0	0	0	0	0	0
ENSMUSG00000083378	2	2	5	1	1	1
ENSMUSG00000083436	0	0	0	0	0	0
ENSMUSG00000083494	0	0	0	0	0	4
ENSMUSG00000083503	4	0	0	0	0	0
ENSMUSG00000083524	0	0	0	0	0	0
ENSMUSG00000083555	17	12	19	0	1	1
ENSMUSG00000083580	0	0	1	0	0	0
ENSMUSG00000083584	0	0	0	0	0	0
ENSMUSG00000083595	0	9	1	0	4	0
ENSMUSG00000083610	0	0	11	7	5	4
ENSMUSG00000083623	0	30	21	0	0	0
ENSMUSG00000083650	0	0	28	2	0	2
ENSMUSG00000083708	37	2	0	29	28	0
ENSMUSG00000083716	13	4	3	3	3	3
ENSMUSG00000083778	0	0	0	0	0	0
ENSMUSG00000083817	1	0	1	0	3	6
ENSMUSG00000083827	0	0	3	0	0	11
ENSMUSG00000083834	6	3	12	0	9	13
ENSMUSG00000083860	0	0	0	1	0	2
ENSMUSG00000083861	0	0	0	0	0	0
ENSMUSG00000083863	15	11	8	0	1	15
ENSMUSG00000083876	0	0	2	14	0	12
ENSMUSG00000083902	27	35	39	35	41	0
ENSMUSG00000083923	0	0	9	0	0	0
ENSMUSG00000083935	0	0	15	0	0	2
ENSMUSG00000083953	1	0	8	0	0	10
ENSMUSG00000083956	0	0	0	0	0	0
ENSMUSG00000083998	0	0	0	0	0	0
ENSMUSG00000084020	152	0	0	122	134	2
ENSMUSG00000084058	0	0	0	10	0	0
ENSMUSG00000084105	3	0	9	3	0	0
ENSMUSG00000084111	13	8	13	0	3	4
ENSMUSG00000084260	2	1	1	1	1	0
ENSMUSG00000084267	0	0	0	0	0	0
ENSMUSG00000084271	0	0	0	0	0	0
ENSMUSG00000084314	6	6	6	3	3	6
ENSMUSG00000084323	0	0	0	0	2	0
ENSMUSG00000084326	0	0	0	0	0	0
ENSMUSG00000084347	4	72	1	4	1	1
ENSMUSG00000084349	1838	1561	20	1863	42	15
ENSMUSG00000084403	652	636	553	0	3	0
ENSMUSG00000084405	0	0	0	0	0	0
ENSMUSG00000084417	0	0	0	0	0	0
ENSMUSG00000084421	0	0	0	0	0	0
ENSMUSG00000084461	0	0	0	0	0	0
ENSMUSG00000084583	0	0	0	0	0	0
ENSMUSG00000084686	1	3	2	4	0	3
ENSMUSG00000084747	0	0	0	0	0	0
ENSMUSG00000084751	0	0	0	0	0	0
ENSMUSG00000084771	0	1	7	13	12	11
ENSMUSG00000084786	2902	2979	2634	2793	2797	2248
ENSMUSG00000084797	1	5	9	0	0	0
ENSMUSG00000084804	0	0	0	0	0	0
ENSMUSG00000084807	0	0	2	0	0	10
ENSMUSG00000084821	1	0	2	0	5	2
ENSMUSG00000084836	0	0	0	0	0	0
ENSMUSG00000084846	13	16	3	0	11	6
ENSMUSG00000084850	15	1	15	8	9	49
ENSMUSG00000084854	0	0	0	0	0	0
ENSMUSG00000084892	5	12	9	0	0	0
ENSMUSG00000084930	19	0	0	4	2	6
ENSMUSG00000084946	6	9	4	0	2	0
ENSMUSG00000084950	27	14	37	27	13	24
ENSMUSG00000084989	144	337	37	89	130	18
ENSMUSG00000085012	6	9	9	2	17	0
ENSMUSG00000085068	1	0	0	0	0	0
ENSMUSG00000085087	4	0	0	3	10	5
ENSMUSG00000085090	0	0	2	1	0	0
ENSMUSG00000085093	0	1	0	7	6	10
ENSMUSG00000085109	0	0	0	0	0	0
ENSMUSG00000085113	0	0	0	0	0	0
ENSMUSG00000085126	0	5	3	8	0	0
ENSMUSG00000085130	0	0	0	0	0	0
ENSMUSG00000085165	1	5	0	0	0	10
ENSMUSG00000085167	0	0	0	0	0	0
ENSMUSG00000085201	1	2	5	0	5	23
ENSMUSG00000085207	29	15	19	1	6	25
ENSMUSG00000085208	5108	4838	4544	4793	4654	5445
ENSMUSG00000085254	0	0	0	0	0	0
ENSMUSG00000085262	1	1	12	7	7	0
ENSMUSG00000085272	0	1	0	0	6	10
ENSMUSG00000085331	0	0	3	9	0	0
ENSMUSG00000085400	10	27	0	0	15	14
ENSMUSG00000085405	0	0	0	0	0	0
ENSMUSG00000085407	0	0	6	2	7	0
ENSMUSG00000085437	0	0	0	0	0	0
ENSMUSG00000085441	0	0	0	0	0	0
ENSMUSG00000085444	0	0	0	0	0	3
ENSMUSG00000085481	0	0	0	0	0	0
ENSMUSG00000085519	3	12	14	0	3	0
ENSMUSG00000085521	4	7	2	7	6	1
ENSMUSG00000085538	2	3	7	0	0	21
ENSMUSG00000085558	13	6	0	7	13	47
ENSMUSG00000085577	0	0	0	0	0	0
ENSMUSG00000085587	0	11	3	0	5	2
ENSMUSG00000085611	0	0	0	1	0	0
ENSMUSG00000085626	0	0	0	0	0	0
ENSMUSG00000085629	2	3	4	0	4	0
ENSMUSG00000085631	0	9	0	0	2	10
ENSMUSG00000085633	2	9	0	9	8	19
ENSMUSG00000085636	11	16	18	0	20	0
ENSMUSG00000085639	2	15	13	1	14	0
ENSMUSG00000085656	0	0	0	0	0	0
ENSMUSG00000085666	97	99	0	0	121	0
ENSMUSG00000085669	3	2	0	5	0	12
ENSMUSG00000085675	2	0	3	0	1	34
ENSMUSG00000085676	0	0	0	0	0	0
ENSMUSG00000085679	0	0	0	0	0	0
ENSMUSG00000085687	2	0	10	13	6	1
ENSMUSG00000085696	9	0	6	4	0	7
ENSMUSG00000085700	0	0	0	0	0	0
ENSMUSG00000085721	14	7	16	15	29	0
ENSMUSG00000085730	0	0	6	8	0	0
ENSMUSG00000085765	0	0	0	0	0	0
ENSMUSG00000085779	0	2	1	10	10	9
ENSMUSG00000085797	2	9	0	2	8	0
ENSMUSG00000085803	7	2	0	8	0	7
ENSMUSG00000085835	0	0	0	14	0	0
ENSMUSG00000085862	0	2	0	0	7	7
ENSMUSG00000085873	12	0	0	0	0	10
ENSMUSG00000085923	3	6	8	0	5	0
ENSMUSG00000085934	0	0	0	0	0	0
ENSMUSG00000085957	6	0	0	0	0	12
ENSMUSG00000085961	0	0	0	0	0	0
ENSMUSG00000085962	0	0	0	0	3	0
ENSMUSG00000086000	0	0	0	0	0	0
ENSMUSG00000086006	3	17	0	4	15	0
ENSMUSG00000086049	5	0	0	3	1	0
ENSMUSG00000086070	0	10	0	0	2	0
ENSMUSG00000086111	6	10	5	0	10	0
ENSMUSG00000086117	0	0	0	0	0	0
ENSMUSG00000086123	7	5	2	2	4	3
ENSMUSG00000086126	0	0	0	0	0	0
ENSMUSG00000086134	0	0	0	0	0	0
ENSMUSG00000086221	4	0	5	0	0	9
ENSMUSG00000086253	0	0	0	0	0	0
ENSMUSG00000086256	0	2	0	7	2	2
ENSMUSG00000086259	0	0	2	0	0	0
ENSMUSG00000086273	1	0	0	13	1	0
ENSMUSG00000086283	5	6	0	3	8	0
ENSMUSG00000086287	10	0	11	6	1	0
ENSMUSG00000086289	4	2	0	10	0	0
ENSMUSG00000086291	2	6	0	0	7	0
ENSMUSG00000086327	0	0	0	0	0	0
ENSMUSG00000086353	4	7	1	0	1	3
ENSMUSG00000086363	10	3	14	3	0	48
ENSMUSG00000086391	6	8	16	13	0	5
ENSMUSG00000086401	2	19	5	4	9	0
ENSMUSG00000086407	3	0	0	0	0	0
ENSMUSG00000086447	0	5	0	0	8	0
ENSMUSG00000086450	0	0	0	0	0	0
ENSMUSG00000086531	0	0	0	6	3	6
ENSMUSG00000086554	0	0	0	0	0	0
ENSMUSG00000086587	4	4	0	9	0	0
ENSMUSG00000086604	10	0	10	4	11	11
ENSMUSG00000086610	6	11	12	0	4	12
ENSMUSG00000086638	7	19	0	10	10	7
ENSMUSG00000086646	2	0	0	2	5	16
ENSMUSG00000086652	5	0	0	3	12	2
ENSMUSG00000086708	0	0	0	0	0	0
ENSMUSG00000086721	6	4	11	2	2	0
ENSMUSG00000086782	6	4	9	6	7	19
ENSMUSG00000086788	0	0	0	0	0	0
ENSMUSG00000086806	2	0	12	2	13	4
ENSMUSG00000086813	0	0	2	6	1	2
ENSMUSG00000086818	0	0	0	0	0	0
ENSMUSG00000086825	3	7	31	3	4	44
ENSMUSG00000086827	6	0	0	11	0	0
ENSMUSG00000086837	5	1	0	0	0	0
ENSMUSG00000086849	2	1	0	1	6	8
ENSMUSG00000086862	0	0	0	0	0	0
ENSMUSG00000086866	0	12	0	20	14	4
ENSMUSG00000086877	66	61	48	69	65	71
ENSMUSG00000086920	10	9	1	0	7	14
ENSMUSG00000086935	0	4	6	0	6	0
ENSMUSG00000086945	0	0	0	0	7	7
ENSMUSG00000086960	0	0	0	0	0	0
ENSMUSG00000086986	0	0	0	0	0	0
ENSMUSG00000087014	2	0	0	2	0	0
ENSMUSG00000087015	0	0	0	0	0	0
ENSMUSG00000087017	0	0	2	12	0	1
ENSMUSG00000087020	0	7	16	15	1	6
ENSMUSG00000087067	8	11	16	11	5	2
ENSMUSG00000087090	0	8	0	14	19	0
ENSMUSG00000087117	0	1	0	12	0	3
ENSMUSG00000087119	4	0	1	0	0	0
ENSMUSG00000087142	0	13	1	29	8	1
ENSMUSG00000087149	8	0	0	6	0	0
ENSMUSG00000087168	29	20	28	23	26	32
ENSMUSG00000087187	0	3	0	1	6	12
ENSMUSG00000087197	0	0	0	0	0	0
ENSMUSG00000087205	2	0	0	0	0	0
ENSMUSG00000087266	11	6	1	2	0	14
ENSMUSG00000087273	12	1	32	33	1	27
ENSMUSG00000087291	0	10	5	11	26	6
ENSMUSG00000087292	0	5	1	7	15	0
ENSMUSG00000087303	6	10	3	0	0	1
ENSMUSG00000087314	1	0	0	4	10	8
ENSMUSG00000087334	2	0	0	9	0	6
ENSMUSG00000087337	0	0	0	0	0	0
ENSMUSG00000087340	0	0	0	0	0	0
ENSMUSG00000087360	0	0	0	0	0	10
ENSMUSG00000087373	4	15	0	15	16	8
ENSMUSG00000087411	0	0	0	0	0	4
ENSMUSG00000087441	0	0	0	0	0	0
ENSMUSG00000087468	0	0	0	0	0	0
ENSMUSG00000087474	0	0	0	0	0	0
ENSMUSG00000087524	0	1	11	8	1	0
ENSMUSG00000087545	5	4	2	2	1	4
ENSMUSG00000087581	0	0	0	0	0	0
ENSMUSG00000087584	0	0	0	0	0	0
ENSMUSG00000087591	0	5	0	4	16	10
ENSMUSG00000087593	19	17	1	29	31	8
ENSMUSG00000087637	0	0	0	0	0	0
ENSMUSG00000087641	0	0	0	0	0	0
ENSMUSG00000087660	0	2	0	2	12	6
ENSMUSG00000087682	3	17	17	3	0	0
ENSMUSG00000087685	7	4	9	14	0	21
ENSMUSG00000087703	0	0	6	4	7	0
ENSMUSG00000087723	0	0	0	0	0	0
ENSMUSG00000087739	0	4	9	5	0	6
ENSMUSG00000087808	1	0	0	13	0	0
ENSMUSG00000087819	20	17	23	74	30	74
ENSMUSG00000087893	0	0	0	0	0	0
ENSMUSG00000087938	8	1	1	2	2	10
ENSMUSG00000087987	0	0	0	0	0	0
ENSMUSG00000088008	6	2	0	17	2	6
ENSMUSG00000088025	5905	13688	14560	0	0	0
ENSMUSG00000088139	0	3	0	0	0	0
ENSMUSG00000088148	3	2	3	22	0	22
ENSMUSG00000088228	0	0	0	0	0	0
ENSMUSG00000088265	0	0	0	0	0	0
ENSMUSG00000088387	0	0	0	0	0	0
ENSMUSG00000088420	0	0	0	0	0	0
ENSMUSG00000088423	0	0	0	0	0	0
ENSMUSG00000088484	0	0	2	0	0	0
ENSMUSG00000088509	0	0	0	0	0	0
ENSMUSG00000088630	0	0	0	0	0	0
ENSMUSG00000088653	0	0	0	0	0	0
ENSMUSG00000088695	2	0	4	10	0	5
ENSMUSG00000088840	0	0	0	0	0	0
ENSMUSG00000088888	0	0	0	0	0	0
ENSMUSG00000088980	0	0	0	0	0	0
ENSMUSG00000089025	0	0	0	0	0	0
ENSMUSG00000089027	0	0	0	0	0	0
ENSMUSG00000089133	0	0	0	0	0	0
ENSMUSG00000089274	0	0	0	0	0	0
ENSMUSG00000089290	0	0	0	0	0	0
ENSMUSG00000089317	1	21	21	23	20	3
ENSMUSG00000089385	0	0	0	0	0	0
ENSMUSG00000089464	0	0	0	0	0	0
ENSMUSG00000089493	0	0	0	0	6	0
ENSMUSG00000089543	0	0	0	0	0	0
ENSMUSG00000089550	0	0	0	0	0	0
ENSMUSG00000089617	264	420	489	909	773	973
ENSMUSG00000089665	60	118	109	57	57	6
ENSMUSG00000089669	2	9	7	0	14	3
ENSMUSG00000089675	39	39	0	0	0	0
ENSMUSG00000089718	0	0	0	0	0	0
ENSMUSG00000089722	0	0	0	0	0	0
ENSMUSG00000089728	0	0	0	0	0	0
ENSMUSG00000089733	0	0	0	0	0	0
ENSMUSG00000089737	0	0	0	11	2	1
ENSMUSG00000089739	0	2	1	1	1	0
ENSMUSG00000089756	5	31	50	8	16	78
ENSMUSG00000089791	17	0	14	0	0	0
ENSMUSG00000089795	0	0	0	0	0	0
ENSMUSG00000089849	10	0	0	0	0	4
ENSMUSG00000089901	53	24	143	65	23	312
ENSMUSG00000089922	4	0	41	7	4	19
ENSMUSG00000089943	9	0	6	0	0	8
ENSMUSG00000089949	0	0	0	0	0	0
ENSMUSG00000089975	0	2	0	0	0	0
ENSMUSG00000090016	0	0	0	0	0	0
ENSMUSG00000090034	0	0	0	0	0	0
ENSMUSG00000090039	4	5	0	0	0	7
ENSMUSG00000090050	0	0	0	0	0	0
ENSMUSG00000090075	0	6	7	1	0	0
ENSMUSG00000090087	0	0	0	0	0	0
ENSMUSG00000090098	3	0	4	0	6	0
ENSMUSG00000090112	834	978	1096	937	911	1527
ENSMUSG00000090120	0	5	8	2	2	27
ENSMUSG00000090128	0	0	0	0	0	0
ENSMUSG00000090145	299	207	31	70	23	32
ENSMUSG00000090166	0	0	0	0	0	0
ENSMUSG00000090179	0	0	0	0	0	0
ENSMUSG00000090185	0	0	0	0	0	0
ENSMUSG00000090192	0	6	6	0	0	5
ENSMUSG00000090215	14	12	16	1	1	4
ENSMUSG00000090222	1	11	9	0	10	14
ENSMUSG00000090260	10	2	0	6	4	18
ENSMUSG00000090273	2	8	4	0	0	9
ENSMUSG00000090284	2	3	0	6	2	2
ENSMUSG00000090303	0	0	0	0	0	0
ENSMUSG00000090307	0	0	0	0	0	0
ENSMUSG00000090332	0	0	0	0	0	0
ENSMUSG00000090362	30	12	103	32	16	241
ENSMUSG00000090369	0	5	12	11	1	0
ENSMUSG00000090417	0	0	0	0	0	0
ENSMUSG00000090472	0	0	0	0	0	0
ENSMUSG00000090489	7	0	10	7	8	1
ENSMUSG00000090516	0	2	11	0	4	7
ENSMUSG00000090538	0	0	0	0	0	0
ENSMUSG00000090544	22	32	31	2	6	7
ENSMUSG00000090561	3	1	12	2	6	1
ENSMUSG00000090624	0	1	0	0	0	0
ENSMUSG00000090643	0	37	31	0	0	0
ENSMUSG00000090684	0	0	0	0	0	0
ENSMUSG00000090691	1	8	14	0	3	0
ENSMUSG00000090762	0	0	3	0	0	0
ENSMUSG00000090942	1	0	5	1	0	4
ENSMUSG00000091020	42	103	67	5	0	0
ENSMUSG00000091021	6	0	6	0	0	0
ENSMUSG00000091050	83	79	100	121	95	94
ENSMUSG00000091102	1	12	0	0	4	4
ENSMUSG00000091142	0	0	0	0	0	0
ENSMUSG00000091269	273	274	225	234	35	28
ENSMUSG00000091304	1	7	6	2	3	5
ENSMUSG00000091363	8	1	0	0	12	7
ENSMUSG00000091381	0	0	0	0	0	1
ENSMUSG00000091421	18	6	3	2	2	1
ENSMUSG00000091449	8	3	11	4	5	7
ENSMUSG00000091453	0	0	0	0	0	0
ENSMUSG00000091455	1	3	13	8	11	12
ENSMUSG00000091472	0	20	34	0	0	0
ENSMUSG00000091504	0	0	0	0	0	0
ENSMUSG00000091549	184	118	148	1805	150	265
ENSMUSG00000091553	4	56	10	8	0	0
ENSMUSG00000091557	0	0	0	0	0	0
ENSMUSG00000091577	2	1	4	0	8	17
ENSMUSG00000091620	0	0	0	0	0	0
ENSMUSG00000091652	0	0	0	0	0	2
ENSMUSG00000091655	0	0	0	0	0	1
ENSMUSG00000091662	0	0	0	0	0	0
ENSMUSG00000091680	0	0	0	0	0	4
ENSMUSG00000091697	276	259	0	0	0	1
ENSMUSG00000091718	0	0	0	0	0	0
ENSMUSG00000091805	4	1	15	0	5	9
ENSMUSG00000091814	0	5	21	0	1	1
ENSMUSG00000091844	4	0	0	0	12	57
ENSMUSG00000091866	8	8	2	0	0	0
ENSMUSG00000091890	0	0	0	0	1	2
ENSMUSG00000091898	91	749	190	1122	1323	558
ENSMUSG00000091900	1	0	2	0	1	1
ENSMUSG00000091957	49	33	92	50	34	12
ENSMUSG00000091968	7	0	10	13	8	0
ENSMUSG00000091987	0	0	0	0	0	0
ENSMUSG00000092047	0	0	0	0	0	0
ENSMUSG00000092054	0	0	0	0	0	0
ENSMUSG00000092239	0	0	0	0	0	0
ENSMUSG00000092241	11	27	18	8	35	1
ENSMUSG00000092243	0	0	16	0	12	0
ENSMUSG00000092245	0	0	0	0	0	0
ENSMUSG00000092247	18	38	10	0	1	2
ENSMUSG00000092258	8	5	6	18	9	0
ENSMUSG00000092270	0	0	0	0	0	0
ENSMUSG00000092298	0	0	0	0	0	0
ENSMUSG00000092326	0	0	0	0	0	0
ENSMUSG00000092349	2	2	3	2	0	0
ENSMUSG00000092373	5	8	0	6	0	5
ENSMUSG00000092381	0	2	16	1	0	0
ENSMUSG00000092422	0	0	0	0	0	0
ENSMUSG00000092427	0	0	0	0	0	0
ENSMUSG00000092473	0	0	0	0	0	0
ENSMUSG00000092490	0	0	0	13	0	5
ENSMUSG00000092509	0	0	0	0	0	0
ENSMUSG00000092539	11	3	11	19	15	0
ENSMUSG00000092549	0	0	0	0	0	0
ENSMUSG00000092552	4	8	0	0	0	0
ENSMUSG00000092553	0	0	0	0	0	0
ENSMUSG00000092593	0	2	8	16	1	0
ENSMUSG00000092601	0	0	0	0	0	0
ENSMUSG00000092606	0	0	0	0	0	0
ENSMUSG00000092652	0	0	0	0	0	0
ENSMUSG00000092847	0	0	5	0	0	0
ENSMUSG00000093090	0	0	0	0	0	0
ENSMUSG00000093189	0	2	3	0	2	0
ENSMUSG00000093227	0	0	0	0	0	0
ENSMUSG00000093355	0	0	0	0	0	0
ENSMUSG00000093402	0	2	0	0	0	0
ENSMUSG00000093406	0	0	0	0	0	0
ENSMUSG00000093437	0	0	0	0	0	1
ENSMUSG00000093445	4	1	15	2	0	10
ENSMUSG00000093482	0	0	10	0	0	0
ENSMUSG00000093493	0	0	0	0	0	0
ENSMUSG00000093507	0	0	0	0	0	0
ENSMUSG00000093537	0	0	0	0	2	2
ENSMUSG00000093546	0	0	0	0	0	0
ENSMUSG00000093565	180	130	111	251	191	391
ENSMUSG00000093590	0	0	0	0	0	0
ENSMUSG00000093592	0	0	0	0	0	0
ENSMUSG00000093616	0	0	0	0	0	0
ENSMUSG00000093668	8	8	0	0	1	6
ENSMUSG00000093681	0	0	0	0	0	0
ENSMUSG00000093683	0	0	0	0	0	0
ENSMUSG00000093720	8	4	2	10	9	9
ENSMUSG00000093722	0	0	0	0	0	0
ENSMUSG00000093738	7	12	0	6	16	9
ENSMUSG00000093741	0	0	0	0	0	0
ENSMUSG00000093744	1	1	25	15	4	2
ENSMUSG00000093765	17	0	0	13	2	155
ENSMUSG00000093826	1	2	0	0	0	0
ENSMUSG00000093853	0	0	0	0	0	0
ENSMUSG00000093885	1	0	4	5	1	1
ENSMUSG00000093890	0	0	0	0	0	0
ENSMUSG00000093898	0	0	0	0	0	0
ENSMUSG00000093908	83	152	99	134	109	202
ENSMUSG00000093923	0	0	0	0	0	0
ENSMUSG00000093954	0	0	0	18	32	0
ENSMUSG00000093985	0	19	9	0	0	0
ENSMUSG00000094001	0	0	0	0	0	0
ENSMUSG00000094005	0	0	0	0	0	0
ENSMUSG00000094108	0	0	0	0	0	0
ENSMUSG00000094156	0	0	0	0	0	0
ENSMUSG00000094163	0	0	0	0	0	0
ENSMUSG00000094344	12	9	5	2069	13	5
ENSMUSG00000094362	0	0	0	0	0	0
ENSMUSG00000094488	10	6	9	11	6	6
ENSMUSG00000094498	0	3	0	7	0	15
ENSMUSG00000094500	0	0	0	0	0	0
ENSMUSG00000094525	0	0	0	0	0	0
ENSMUSG00000094530	7	2	12	4	0	13
ENSMUSG00000094561	0	0	0	0	0	0
ENSMUSG00000094624	0	0	0	0	0	0
ENSMUSG00000094634	17	0	0	14	8	28
ENSMUSG00000094651	2	6	2	10	15	0
ENSMUSG00000094685	28	0	36	5	0	0
ENSMUSG00000094692	0	0	0	0	0	0
ENSMUSG00000094694	0	0	0	0	0	0
ENSMUSG00000094719	0	0	0	0	0	0
ENSMUSG00000094786	53	69	71	22	53	126
ENSMUSG00000094827	0	0	0	0	0	0
ENSMUSG00000094880	0	0	0	0	0	0
ENSMUSG00000094910	8	4	4	8	23	0
ENSMUSG00000094941	0	0	0	0	0	0
ENSMUSG00000094981	0	0	0	0	0	0
ENSMUSG00000095017	0	0	0	0	0	0
ENSMUSG00000095024	0	0	0	0	0	0
ENSMUSG00000095078	0	1	1	1	0	0
ENSMUSG00000095110	0	0	0	0	0	0
ENSMUSG00000095115	14096	11790	17048	13877	14625	24691
ENSMUSG00000095134	40	0	0	19	42	0
ENSMUSG00000095241	0	0	0	0	0	0
ENSMUSG00000095274	0	0	0	0	0	0
ENSMUSG00000095316	0	0	0	0	0	0
ENSMUSG00000095334	5	1	2	7	0	1
ENSMUSG00000095412	0	0	0	0	0	0
ENSMUSG00000095493	12	21	1	13	26	4
ENSMUSG00000095508	0	0	0	0	0	0
ENSMUSG00000095562	25	2	2	2	4	18
ENSMUSG00000095564	0	0	0	0	0	0
ENSMUSG00000095574	0	0	0	0	0	0
ENSMUSG00000095597	6	4892	5	2680	2206	4
ENSMUSG00000095608	0	0	0	0	0	0
ENSMUSG00000095620	2	0	0	3	0	10
ENSMUSG00000095651	2	0	2	0	0	12
ENSMUSG00000095761	0	0	0	0	0	0
ENSMUSG00000095834	0	0	0	0	0	0
ENSMUSG00000095865	10	0	7	6	0	0
ENSMUSG00000096006	271	250	137	7	3	6
ENSMUSG00000096024	0	0	0	0	0	0
ENSMUSG00000096033	0	0	0	0	0	0
ENSMUSG00000096035	5	0	0	9	8	16
ENSMUSG00000096038	0	0	0	0	0	0
ENSMUSG00000096045	0	0	0	0	0	0
ENSMUSG00000096152	0	0	0	0	0	0
ENSMUSG00000096171	24	35	38	3	6	6
ENSMUSG00000096220	8	3	1	3	4	4
ENSMUSG00000096403	0	0	376	0	1	0
ENSMUSG00000096427	0	0	0	0	0	0
ENSMUSG00000096446	0	0	2	0	0	0
ENSMUSG00000096507	0	0	0	0	0	0
ENSMUSG00000096517	6	5	7	4	6	4
ENSMUSG00000096524	0	0	0	0	0	0
ENSMUSG00000096566	0	0	0	0	0	0
ENSMUSG00000096576	0	0	0	0	0	0
ENSMUSG00000096658	0	0	0	0	0	0
ENSMUSG00000096685	0	0	1	0	0	0
ENSMUSG00000096718	3	0	0	4	5	20
ENSMUSG00000096760	0	0	0	0	0	0
ENSMUSG00000096768	4585	778	647	440	1069	4226
ENSMUSG00000096798	0	0	0	0	0	0
ENSMUSG00000096862	0	0	0	0	0	0
ENSMUSG00000096864	0	0	0	0	0	0
ENSMUSG00000096883	0	4	0	0	0	10
ENSMUSG00000096904	0	31	12	0	2	1
ENSMUSG00000096921	7	0	2	0	0	0
ENSMUSG00000096922	3	4	8	4	1	14
ENSMUSG00000096923	9	0	2	11	0	0
ENSMUSG00000096938	1	0	5	5	0	9
ENSMUSG00000096942	3	2	2	0	4	1
ENSMUSG00000096953	0	7	0	0	12	8
ENSMUSG00000097007	7	5	0	20	6	21
ENSMUSG00000097011	0	0	0	0	0	0
ENSMUSG00000097023	0	0	0	0	0	0
ENSMUSG00000097057	4	0	0	9	0	2
ENSMUSG00000097077	11	0	8	16	19	9
ENSMUSG00000097081	73	42	50	60	40	97
ENSMUSG00000097092	0	0	12	0	0	0
ENSMUSG00000097104	2	0	0	11	2	5
ENSMUSG00000097134	0	0	1	0	4	14
ENSMUSG00000097154	0	0	0	0	0	0
ENSMUSG00000097156	0	9	2	10	12	0
ENSMUSG00000097178	10	6	14	8	0	10
ENSMUSG00000097186	0	2	0	0	0	10
ENSMUSG00000097189	0	0	0	0	0	1
ENSMUSG00000097222	0	0	9	11	2	8
ENSMUSG00000097229	0	4	17	0	0	0
ENSMUSG00000097233	6	7	10	12	6	4
ENSMUSG00000097248	1	2	2	2	4	2
ENSMUSG00000097254	19	0	0	36	7	17
ENSMUSG00000097282	7	1	19	0	4	16
ENSMUSG00000097292	2	0	8	7	6	21
ENSMUSG00000097330	0	6	22	13	9	4
ENSMUSG00000097383	2	13	0	5	1	0
ENSMUSG00000097399	0	4	8	0	0	5
ENSMUSG00000097408	0	0	0	12	0	0
ENSMUSG00000097426	8	1	0	0	2	25
ENSMUSG00000097428	0	0	0	13	8	0
ENSMUSG00000097440	4	29	4	12	6	0
ENSMUSG00000097494	2	16	6	0	0	4
ENSMUSG00000097496	0	0	0	0	0	0
ENSMUSG00000097497	17	1	5	6	4	39
ENSMUSG00000097516	0	0	0	0	0	0
ENSMUSG00000097523	15	17	0	2	5	19
ENSMUSG00000097530	1	2	2	1	0	0
ENSMUSG00000097575	0	0	0	0	0	0
ENSMUSG00000097577	22	17	24	25	37	64
ENSMUSG00000097592	0	8	3	14	2	10
ENSMUSG00000097636	3	0	6	4	5	23
ENSMUSG00000097644	155	49	68	0	0	0
ENSMUSG00000097665	2	14	8	6	0	1
ENSMUSG00000097693	6	0	7	4	8	6
ENSMUSG00000097700	0	0	0	0	0	0
ENSMUSG00000097706	2	9	0	0	7	5
ENSMUSG00000097712	0	2	0	8	8	1
ENSMUSG00000097714	7	0	8	0	2	6
ENSMUSG00000097726	0	0	0	0	0	0
ENSMUSG00000097743	23	18	47	0	28	70
ENSMUSG00000097756	10	4	2	7	0	16
ENSMUSG00000097761	6	8	0	0	2	0
ENSMUSG00000097763	1	6	1	0	2	0
ENSMUSG00000097768	0	2	0	0	10	0
ENSMUSG00000097773	0	16	8	1	10	1
ENSMUSG00000097804	0	3	0	4	4	29
ENSMUSG00000097805	4	14	0	0	1	0
ENSMUSG00000097848	8	0	0	2	3	3
ENSMUSG00000097863	9	9	5	0	0	0
ENSMUSG00000097891	1	6	8	0	0	0
ENSMUSG00000097893	3	5	5	0	0	12
ENSMUSG00000097899	0	10	1	0	3	0
ENSMUSG00000097906	2750	52	50	2613	2250	29
ENSMUSG00000097908	505	485	242	395	401	202
ENSMUSG00000097967	6	0	2	10	2	0
ENSMUSG00000097968	0	0	0	0	0	0
ENSMUSG00000097970	6	3	3	1	0	25
ENSMUSG00000098015	0	0	0	0	0	0
ENSMUSG00000098016	0	0	9	6	4	0
ENSMUSG00000098035	0	0	0	0	0	0
ENSMUSG00000098036	0	0	0	0	0	0
ENSMUSG00000098052	0	7	1	0	13	0
ENSMUSG00000098094	0	0	0	0	0	0
ENSMUSG00000098132	2	6	4	0	0	11
ENSMUSG00000098141	3	4	3	1	1	1
ENSMUSG00000098152	0	0	0	0	0	0
ENSMUSG00000098158	38	11	244	38	25	298
ENSMUSG00000098201	1	0	0	0	0	0
ENSMUSG00000098206	11	12	8	0	8	38
ENSMUSG00000098235	6	3	13	12	11	17
ENSMUSG00000098246	0	0	0	9	0	0
ENSMUSG00000098286	16	10	33	1	18	21
ENSMUSG00000098297	0	0	0	0	0	0
ENSMUSG00000098358	0	0	0	0	0	0
ENSMUSG00000098404	3	4	2	4	1	3
ENSMUSG00000098416	0	0	0	0	0	0
ENSMUSG00000098471	0	0	0	0	0	0
ENSMUSG00000098473	0	0	0	0	0	0
ENSMUSG00000098488	6	7	12	26	12	5
ENSMUSG00000098492	9	1	9	0	6	16
ENSMUSG00000098515	0	0	0	0	0	0
ENSMUSG00000098516	6	0	0	0	1	7
ENSMUSG00000098573	0	0	0	0	0	6
ENSMUSG00000098593	0	0	1	4	0	9
ENSMUSG00000098611	0	0	0	0	0	0
ENSMUSG00000098640	0	0	0	0	0	7
ENSMUSG00000098658	0	0	0	0	0	0
ENSMUSG00000098730	4	0	9	3	0	0
ENSMUSG00000098744	0	0	0	0	0	0
ENSMUSG00000098748	0	0	0	0	0	0
ENSMUSG00000098760	0	2	0	0	0	0
ENSMUSG00000098817	0	0	0	0	0	0
ENSMUSG00000098858	0	0	0	0	0	0
ENSMUSG00000098900	11	0	14	8	18	20
ENSMUSG00000098915	5	1257	1063	2	2	2
ENSMUSG00000098929	0	0	0	4	0	8
ENSMUSG00000099042	0	0	0	0	0	0
ENSMUSG00000099140	6	18	3	1	0	3
ENSMUSG00000099200	0	0	0	0	0	0
ENSMUSG00000099216	0	0	0	0	0	0
ENSMUSG00000099230	0	0	0	0	0	0
ENSMUSG00000099257	0	0	0	0	0	0
ENSMUSG00000099284	0	0	4	0	2	0
ENSMUSG00000099286	0	0	0	0	0	0
ENSMUSG00000099294	0	0	0	0	0	0
ENSMUSG00000099309	0	0	6	0	0	0
ENSMUSG00000099384	6	2	0	9	0	0
ENSMUSG00000099390	0	0	0	0	0	0
ENSMUSG00000099397	190	0	163	231	3	3
ENSMUSG00000099407	0	0	0	0	0	0
ENSMUSG00000099420	0	0	0	0	0	0
ENSMUSG00000099421	0	0	0	0	0	0
ENSMUSG00000099429	10	0	12	1	8	23
ENSMUSG00000099465	6	11	0	0	12	5
ENSMUSG00000099473	0	0	0	0	0	0
ENSMUSG00000099519	0	1	0	0	0	3
ENSMUSG00000099617	0	0	0	0	0	0
ENSMUSG00000099635	0	0	0	0	0	0
ENSMUSG00000099640	0	0	0	0	0	0
ENSMUSG00000099656	0	0	0	0	0	0
ENSMUSG00000099671	0	0	0	0	0	0
ENSMUSG00000099719	11	1	3	0	3	21
ENSMUSG00000099728	0	0	0	0	0	0
ENSMUSG00000099754	0	0	0	0	0	0
ENSMUSG00000099771	0	0	0	0	0	0
ENSMUSG00000099805	0	0	0	0	0	0
ENSMUSG00000099823	0	0	0	0	0	0
ENSMUSG00000099847	0	0	0	0	0	0
ENSMUSG00000099855	0	0	0	0	0	0
ENSMUSG00000099866	0	0	0	0	0	0
ENSMUSG00000099888	0	0	0	0	0	0
ENSMUSG00000099906	0	23	5	41	49	111
ENSMUSG00000099973	0	0	0	0	0	0
ENSMUSG00000099999	0	0	0	0	0	0
ENSMUSG00000100035	0	0	0	0	0	0
ENSMUSG00000100037	1	0	0	0	0	0
ENSMUSG00000100039	6	16	0	11	4	12
ENSMUSG00000100065	0	0	0	0	0	0
ENSMUSG00000100077	0	0	0	0	0	0
ENSMUSG00000100085	0	0	0	0	0	0
ENSMUSG00000100096	0	0	0	0	0	0
ENSMUSG00000100124	0	0	0	0	0	0
ENSMUSG00000100141	0	0	0	0	0	0
ENSMUSG00000100155	0	0	0	0	0	0
ENSMUSG00000100176	0	2	1	0	10	14
ENSMUSG00000100186	0	0	0	0	0	0
ENSMUSG00000100198	0	0	0	0	0	0
ENSMUSG00000100234	0	0	0	0	0	0
ENSMUSG00000100308	0	0	0	0	0	0
ENSMUSG00000100325	0	0	0	0	0	0
ENSMUSG00000100437	0	3	3	0	4	11
ENSMUSG00000100505	0	15	6	11	2	9
ENSMUSG00000100511	0	0	0	0	0	0
ENSMUSG00000100550	0	1	4	2	0	12
ENSMUSG00000100563	0	0	0	0	0	0
ENSMUSG00000100586	4	0	2	0	0	18
ENSMUSG00000100588	0	0	0	0	0	0
ENSMUSG00000100598	0	0	0	0	0	0
ENSMUSG00000100599	128	140	98	109	109	148
ENSMUSG00000100639	0	0	0	0	0	0
ENSMUSG00000100658	94	61	228	195	112	339
ENSMUSG00000100705	0	0	0	0	0	0
ENSMUSG00000100706	4	5	1	1	0	18
ENSMUSG00000100712	0	0	0	0	0	0
ENSMUSG00000100713	0	0	0	0	0	0
ENSMUSG00000100715	0	0	0	0	0	0
ENSMUSG00000100744	0	0	0	0	0	0
ENSMUSG00000100801	21606	17510	37	11273	100	50
ENSMUSG00000100806	0	0	0	0	0	0
ENSMUSG00000100815	5	0	0	6	0	7
ENSMUSG00000100873	0	0	0	0	0	0
ENSMUSG00000100899	3	2	5	0	2	1
ENSMUSG00000100906	0	0	0	0	0	0
ENSMUSG00000100908	0	0	0	0	0	0
ENSMUSG00000100932	0	0	0	0	0	0
ENSMUSG00000100935	0	0	0	0	0	0
ENSMUSG00000100968	0	0	0	0	0	0
ENSMUSG00000100972	0	0	0	0	0	0
ENSMUSG00000100979	0	0	0	0	0	0
ENSMUSG00000100987	0	5	10	1	6	0
ENSMUSG00000100992	0	0	0	0	0	0
ENSMUSG00000101013	215	174	153	156	187	220
ENSMUSG00000101028	0	1	0	0	3	0
ENSMUSG00000101062	0	0	0	0	0	0
ENSMUSG00000101063	0	0	0	0	0	0
ENSMUSG00000101086	0	6	7	7	3	0
ENSMUSG00000101102	0	0	3	9	0	0
ENSMUSG00000101115	0	0	0	0	0	0
ENSMUSG00000101162	0	0	8	0	0	10
ENSMUSG00000101180	0	0	0	0	0	0
ENSMUSG00000101181	0	0	0	0	0	0
ENSMUSG00000101199	1	0	8	11	12	15
ENSMUSG00000101233	0	0	0	0	0	0
ENSMUSG00000101246	0	0	0	0	0	0
ENSMUSG00000101268	10	2	4	14	0	6
ENSMUSG00000101271	0	0	0	0	0	0
ENSMUSG00000101276	0	0	0	0	0	0
ENSMUSG00000101277	0	0	0	0	0	0
ENSMUSG00000101284	0	0	0	0	0	0
ENSMUSG00000101307	0	0	0	0	0	0
ENSMUSG00000101335	9	20	14	26	24	80
ENSMUSG00000101356	4	0	10	0	0	2
ENSMUSG00000101369	0	0	0	0	0	0
ENSMUSG00000101437	0	0	0	0	0	0
ENSMUSG00000101446	0	0	0	0	0	0
ENSMUSG00000101453	0	0	0	0	0	0
ENSMUSG00000101481	0	0	0	0	0	0
ENSMUSG00000101496	3	288	231	3	3	1
ENSMUSG00000101521	0	0	0	0	0	0
ENSMUSG00000101549	4	0	8	3	9	19
ENSMUSG00000101573	0	0	0	0	0	0
ENSMUSG00000101612	0	0	0	0	0	0
ENSMUSG00000101662	2	4	0	6	1	0
ENSMUSG00000101668	0	0	0	0	0	0
ENSMUSG00000101724	9	0	6	3	0	0
ENSMUSG00000101778	1	5	3	11	6	42
ENSMUSG00000101785	0	0	0	0	0	0
ENSMUSG00000101786	0	0	0	0	0	0
ENSMUSG00000101814	0	0	0	0	0	0
ENSMUSG00000101816	0	0	0	0	0	0
ENSMUSG00000101841	2	0	1	0	1	1
ENSMUSG00000101848	0	11	0	0	0	0
ENSMUSG00000101912	0	0	0	0	0	0
ENSMUSG00000101914	0	0	0	0	0	0
ENSMUSG00000101929	0	0	0	0	0	0
ENSMUSG00000101972	2441	1548	913	2193	1616	2175
ENSMUSG00000101989	0	0	0	0	0	0
ENSMUSG00000101995	0	0	0	0	0	0
ENSMUSG00000102018	9	10	15	0	8	15
ENSMUSG00000102095	0	0	0	6	0	9
ENSMUSG00000102112	1	0	0	0	2	13
ENSMUSG00000102142	7	16	11	6	1	37
ENSMUSG00000102153	10	0	15	0	0	2
ENSMUSG00000102157	6	1	10	1	0	16
ENSMUSG00000102179	0	7	6	18	2	12
ENSMUSG00000102189	11	1	0	3	1	10
ENSMUSG00000102198	0	2	0	7	9	0
ENSMUSG00000102207	5	0	0	6	6	0
ENSMUSG00000102212	0	0	1	0	0	0
ENSMUSG00000102243	0	4	17	2	0	11
ENSMUSG00000102248	5	4	0	0	7	0
ENSMUSG00000102267	5	0	12	2	2	17
ENSMUSG00000102275	18	0	11	14	9	22
ENSMUSG00000102279	0	0	0	0	0	0
ENSMUSG00000102322	0	0	0	0	0	0
ENSMUSG00000102323	8	1	0	0	11	12
ENSMUSG00000102374	0	4	21	14	9	20
ENSMUSG00000102383	9	0	11	0	2	1
ENSMUSG00000102389	0	0	0	0	0	0
ENSMUSG00000102391	3	0	0	0	0	1
ENSMUSG00000102396	0	0	0	0	0	0
ENSMUSG00000102407	0	0	0	0	0	0
ENSMUSG00000102427	1	8	10	0	1	7
ENSMUSG00000102434	0	0	0	0	0	0
ENSMUSG00000102448	21	2	0	4	15	3
ENSMUSG00000102457	5	29	9	14	17	9
ENSMUSG00000102470	2	2	1	0	0	2
ENSMUSG00000102534	0	0	0	0	0	0
ENSMUSG00000102545	8	12	15	12	8	0
ENSMUSG00000102548	1	0	11	0	4	0
ENSMUSG00000102550	422	243	0	1	0	0
ENSMUSG00000102556	2	7	16	2	17	30
ENSMUSG00000102562	6	5	10	0	13	31
ENSMUSG00000102574	0	0	0	0	0	0
ENSMUSG00000102603	0	0	0	0	0	0
ENSMUSG00000102612	0	0	0	0	0	0
ENSMUSG00000102615	0	0	0	19	6	0
ENSMUSG00000102642	3	0	12	12	14	5
ENSMUSG00000102651	7	0	13	8	0	7
ENSMUSG00000102656	0	0	0	0	0	0
ENSMUSG00000102670	3	1	19	16	6	28
ENSMUSG00000102672	9	13	10	1	1	22
ENSMUSG00000102692	30	42	3	25	13	33
ENSMUSG00000102699	0	0	0	0	0	0
ENSMUSG00000102703	0	0	0	0	0	0
ENSMUSG00000102732	0	8	0	0	3	0
ENSMUSG00000102734	0	0	0	0	0	0
ENSMUSG00000102737	12	0	0	0	2	0
ENSMUSG00000102779	8	23	0	29	7	8
ENSMUSG00000102833	2	2	0	16	0	0
ENSMUSG00000102836	0	0	0	0	0	0
ENSMUSG00000102837	2	6	7	6	0	0
ENSMUSG00000102847	0	0	0	0	0	0
ENSMUSG00000102887	0	0	0	0	0	0
ENSMUSG00000102892	8	0	0	0	2	14
ENSMUSG00000102902	0	0	0	0	0	0
ENSMUSG00000102919	8	13	2	6	8	20
ENSMUSG00000102939	1	4	2	0	1	32
ENSMUSG00000102945	0	0	0	0	0	0
ENSMUSG00000102979	0	0	0	0	0	0
ENSMUSG00000103001	0	0	0	0	0	0
ENSMUSG00000103028	0	0	0	0	0	0
ENSMUSG00000103032	21	12	38	0	21	25
ENSMUSG00000103042	0	1	0	0	0	0
ENSMUSG00000103047	15	31	5	6	13	0
ENSMUSG00000103065	0	0	0	0	0	0
ENSMUSG00000103095	0	0	0	0	0	0
ENSMUSG00000103125	0	0	0	0	0	0
ENSMUSG00000103138	0	9	25	14	8	10
ENSMUSG00000103174	2	2	0	2	5	8
ENSMUSG00000103195	34	44	16	42	20	73
ENSMUSG00000103226	0	0	0	0	0	0
ENSMUSG00000103252	3	12	0	0	2	0
ENSMUSG00000103254	0	0	0	0	0	0
ENSMUSG00000103260	0	23	19	0	0	0
ENSMUSG00000103266	0	2	4	4	12	15
ENSMUSG00000103280	6	0	6	0	0	0
ENSMUSG00000103284	1	2	6	0	5	0
ENSMUSG00000103296	0	0	0	0	0	0
ENSMUSG00000103308	42	46	13	10	18	0
ENSMUSG00000103331	0	0	0	0	0	0
ENSMUSG00000103354	1	0	0	9	6	17
ENSMUSG00000103360	0	6	1	4	8	16
ENSMUSG00000103366	0	4	0	0	1	0
ENSMUSG00000103398	9	0	0	3	0	0
ENSMUSG00000103400	37	26	12	28	20	19
ENSMUSG00000103409	0	8	0	6	9	0
ENSMUSG00000103417	0	0	0	0	0	0
ENSMUSG00000103466	0	0	0	1	0	0
ENSMUSG00000103469	0	0	5	10	0	2
ENSMUSG00000103481	0	0	0	0	0	0
ENSMUSG00000103488	0	0	0	0	0	0
ENSMUSG00000103493	0	2	6	0	4	10
ENSMUSG00000103507	8	0	16	24	15	21
ENSMUSG00000103525	1	2	0	9	3	15
ENSMUSG00000103529	13	10	16	7	13	2
ENSMUSG00000103572	11	14	54	21	14	51
ENSMUSG00000103574	4	3	1	2	14	0
ENSMUSG00000103588	0	0	1	0	0	0
ENSMUSG00000103596	0	1	28	11	0	23
ENSMUSG00000103631	0	0	0	0	0	0
ENSMUSG00000103632	0	2	5	8	0	0
ENSMUSG00000103676	0	0	0	0	0	0
ENSMUSG00000103697	33	19	24	52	28	99
ENSMUSG00000103699	0	0	0	0	0	0
ENSMUSG00000103706	0	1	11	5	6	10
ENSMUSG00000103712	0	0	0	0	0	0
ENSMUSG00000103734	2	3	9	0	2	19
ENSMUSG00000103738	5	0	4	0	0	11
ENSMUSG00000103741	0	9	0	0	0	8
ENSMUSG00000103748	0	0	1	0	1	13
ENSMUSG00000103755	4	0	4	8	0	0
ENSMUSG00000103756	0	15	7	14	6	19
ENSMUSG00000103770	8	2	0	7	0	0
ENSMUSG00000103784	0	0	8	5	0	0
ENSMUSG00000103787	0	0	0	0	0	0
ENSMUSG00000103808	9	16	13	11	0	42
ENSMUSG00000103825	0	0	0	0	1	0
ENSMUSG00000103847	0	1	7	9	0	0
ENSMUSG00000103848	0	0	0	0	0	0
ENSMUSG00000103849	0	0	0	0	0	0
ENSMUSG00000103907	7	8	10	11	0	70
ENSMUSG00000103916	4	0	0	11	1	0
ENSMUSG00000103922	0	18	16	0	0	2
ENSMUSG00000103925	4	0	5	10	0	4
ENSMUSG00000103932	6	0	6	0	4	10
ENSMUSG00000103938	0	0	0	0	0	0
ENSMUSG00000103942	0	0	0	0	0	0
ENSMUSG00000103949	1	12	7	8	3	0
ENSMUSG00000103959	4	1	4	0	2	24
ENSMUSG00000103973	4	2	8	0	10	0
ENSMUSG00000103984	0	17	18	2	3	7
ENSMUSG00000103989	0	0	0	0	0	0
ENSMUSG00000103998	4	9	0	0	0	1
ENSMUSG00000104026	6	4	9	0	0	0
ENSMUSG00000104040	0	2	5	0	13	0
ENSMUSG00000104078	4	11	2	0	17	30
ENSMUSG00000104092	0	0	0	0	0	0
ENSMUSG00000104094	9	4	0	0	12	4
ENSMUSG00000104107	6	12	2	10	0	14
ENSMUSG00000104118	18	6	43	4	13	80
ENSMUSG00000104122	0	0	0	0	2	10
ENSMUSG00000104136	0	0	6	0	0	10
ENSMUSG00000104145	12	0	10	11	21	51
ENSMUSG00000104154	11	19	26	7	21	63
ENSMUSG00000104164	3	5	0	12	10	16
ENSMUSG00000104166	0	0	0	0	0	0
ENSMUSG00000104170	13	1	8	6	4	0
ENSMUSG00000104190	0	6	4	15	0	0
ENSMUSG00000104204	6	8	1	0	6	16
ENSMUSG00000104222	4	190	191	1	3	2
ENSMUSG00000104301	0	0	0	0	0	4
ENSMUSG00000104323	0	0	0	0	0	0
ENSMUSG00000104324	0	8	35	28	22	42
ENSMUSG00000104342	8	6	6	1	6	45
ENSMUSG00000104345	0	0	0	0	0	0
ENSMUSG00000104347	0	8	0	2	7	8
ENSMUSG00000104348	0	2	5	0	2	14
ENSMUSG00000104379	6	10	1	6	1	10
ENSMUSG00000104391	1	0	4	7	0	12
ENSMUSG00000104406	6	2	5	2	2	16
ENSMUSG00000104416	4	0	2	0	3	12
ENSMUSG00000104418	2	8	7	3	0	1
ENSMUSG00000104442	0	0	0	0	0	0
ENSMUSG00000104454	2	10	15	9	3	4
ENSMUSG00000104481	0	0	0	0	0	0
ENSMUSG00000104482	0	0	0	0	0	0
ENSMUSG00000104592	0	0	0	0	0	0
ENSMUSG00000104621	4	1	2	0	3	30
ENSMUSG00000104626	2	0	0	0	8	14
ENSMUSG00000104653	4	0	7	7	2	0
ENSMUSG00000104662	2	0	2	0	4	19
ENSMUSG00000104675	0	4	0	6	1	12
ENSMUSG00000104676	0	7	14	5	2	13
ENSMUSG00000104696	0	0	4	0	0	8
ENSMUSG00000104709	10	0	19	2	7	37
ENSMUSG00000104724	5	0	2	0	10	20
ENSMUSG00000104753	0	0	0	0	0	0
ENSMUSG00000104761	12	1	12	11	19	50
ENSMUSG00000104765	0	0	10	10	4	0
ENSMUSG00000104810	0	0	0	0	0	0
ENSMUSG00000104819	0	0	0	0	0	0
ENSMUSG00000104845	0	0	0	0	0	0
ENSMUSG00000104847	0	0	0	0	0	0
ENSMUSG00000104861	25	5	176	22	13	69
ENSMUSG00000104871	11	11	19	11	2	64
ENSMUSG00000104876	3	3	0	0	8	29
ENSMUSG00000104908	0	0	0	0	0	0
ENSMUSG00000104925	12	12	0	11	4	10
ENSMUSG00000104938	2	4	1	4	0	1
ENSMUSG00000104940	0	4	7	0	4	13
ENSMUSG00000104943	0	3	6	0	0	8
ENSMUSG00000104947	5	7	0	0	1	8
ENSMUSG00000104973	10	4	16	0	7	5
ENSMUSG00000105012	0	0	0	0	0	0
ENSMUSG00000105039	4	5	0	0	0	10
ENSMUSG00000105041	0	0	7	0	1	18
ENSMUSG00000105049	2	3	13	2	0	19
ENSMUSG00000105050	6	2	9	5	0	15
ENSMUSG00000105053	0	0	0	0	0	0
ENSMUSG00000105065	8	3	3	13	7	11
ENSMUSG00000105079	1	0	8	7	4	12
ENSMUSG00000105083	2	0	0	0	0	0
ENSMUSG00000105092	0	0	0	0	0	0
ENSMUSG00000105135	10	6	8	0	3	21
ENSMUSG00000105155	0	1	0	0	0	1
ENSMUSG00000105159	0	0	0	0	0	0
ENSMUSG00000105173	0	0	0	0	0	0
ENSMUSG00000105202	0	0	6	0	0	8
ENSMUSG00000105222	0	0	0	0	0	0
ENSMUSG00000105230	5	17	3	0	1	12
ENSMUSG00000105243	0	18	26	1	0	0
ENSMUSG00000105293	3	0	4	0	6	13
ENSMUSG00000105302	11	10	0	0	6	19
ENSMUSG00000105326	4	11	11	2	0	10
ENSMUSG00000105340	30	15	1	13	14	28
ENSMUSG00000105363	0	0	0	0	0	0
ENSMUSG00000105366	4	0	13	0	2	59
ENSMUSG00000105402	19	68	40	16	31	0
ENSMUSG00000105412	4	0	0	4	0	8
ENSMUSG00000105416	16	17	20	9	13	8
ENSMUSG00000105437	0	0	0	0	0	0
ENSMUSG00000105461	0	70	92	41	42	0
ENSMUSG00000105471	5	12	0	0	11	7
ENSMUSG00000105480	0	0	0	0	0	0
ENSMUSG00000105495	0	0	2	0	9	4
ENSMUSG00000105502	0	0	4	8	0	18
ENSMUSG00000105504	0	0	0	10	2	0
ENSMUSG00000105518	5	0	21	2	8	8
ENSMUSG00000105526	3	5	11	0	0	18
ENSMUSG00000105533	0	0	0	0	0	0
ENSMUSG00000105558	7	24	5	8	132	7
ENSMUSG00000105611	0	0	0	0	5	8
ENSMUSG00000105613	31	21	24	21	23	34
ENSMUSG00000105627	0	10	0	0	0	0
ENSMUSG00000105630	0	0	0	0	0	0
ENSMUSG00000105651	6	3	15	29	27	92
ENSMUSG00000105659	2	14	24	17	0	10
ENSMUSG00000105681	0	4	0	13	2	0
ENSMUSG00000105684	0	0	0	0	0	0
ENSMUSG00000105698	2	0	5	0	0	9
ENSMUSG00000105699	5	2	16	8	12	0
ENSMUSG00000105713	0	0	0	0	0	0
ENSMUSG00000105719	3	10	7	0	9	28
ENSMUSG00000105720	0	0	7	0	2	0
ENSMUSG00000105748	7	2	16	0	11	12
ENSMUSG00000105750	1	0	5	0	0	10
ENSMUSG00000105761	6	4	18	0	8	20
ENSMUSG00000105801	5	0	7	2	0	16
ENSMUSG00000105815	2	3	0	0	0	0
ENSMUSG00000105855	4	0	2	2	4	3
ENSMUSG00000105891	4	6	3	0	1	17
ENSMUSG00000105949	0	0	0	0	0	0
ENSMUSG00000105953	0	0	0	0	0	0
ENSMUSG00000105966	0	0	2	0	0	10
ENSMUSG00000105975	19	1	9	16	9	68
ENSMUSG00000105985	6	0	0	0	0	15
ENSMUSG00000105986	0	0	0	0	2	32
ENSMUSG00000105990	2	2	23	6	18	27
ENSMUSG00000106008	0	0	0	0	0	0
ENSMUSG00000106012	6	10	0	0	0	6
ENSMUSG00000106020	0	6	0	0	7	0
ENSMUSG00000106030	0	0	0	0	0	0
ENSMUSG00000106054	0	4	7	0	6	0
ENSMUSG00000106086	7	0	1	17	6	14
ENSMUSG00000106092	11	1	20	15	0	9
ENSMUSG00000106107	3	9	10	2	9	10
ENSMUSG00000106153	2	2	3	15	0	0
ENSMUSG00000106162	0	0	0	0	0	0
ENSMUSG00000106166	13	2	28	6	9	57
ENSMUSG00000106182	1	2	0	0	2	0
ENSMUSG00000106184	7	13	11	10	7	26
ENSMUSG00000106214	0	6	9	29	10	33
ENSMUSG00000106232	0	0	0	0	0	0
ENSMUSG00000106235	0	0	0	0	0	0
ENSMUSG00000106239	4	48	2	72	72	9
ENSMUSG00000106254	15	21	5	28	16	0
ENSMUSG00000106259	0	0	0	0	0	0
ENSMUSG00000106263	0	0	0	0	0	0
ENSMUSG00000106288	0	11	14	1	4	17
ENSMUSG00000106309	0	0	0	0	0	0
ENSMUSG00000106364	6	1	0	8	0	7
ENSMUSG00000106371	0	0	0	0	3	0
ENSMUSG00000106374	6	0	0	0	6	3
ENSMUSG00000106379	2	5	7	0	0	9
ENSMUSG00000106384	6	0	11	2	0	2
ENSMUSG00000106390	0	0	0	0	0	0
ENSMUSG00000106419	1	1	0	0	0	0
ENSMUSG00000106424	0	3	3	7	5	2
ENSMUSG00000106458	5	0	1	11	0	4
ENSMUSG00000106495	0	0	0	0	0	0
ENSMUSG00000106535	0	5	2	0	4	14
ENSMUSG00000106547	0	4	4	0	3	11
ENSMUSG00000106548	0	0	0	0	0	0
ENSMUSG00000106562	0	0	0	0	0	0
ENSMUSG00000106574	6	3	8	1	2	3
ENSMUSG00000106589	0	0	0	0	0	0
ENSMUSG00000106596	7	2	15	2	0	14
ENSMUSG00000106607	11	0	19	8	2	27
ENSMUSG00000106610	0	0	1	0	0	0
ENSMUSG00000106617	10	6	0	7	3	18
ENSMUSG00000106646	6	0	12	8	3	22
ENSMUSG00000106648	6	7	24	15	12	27
ENSMUSG00000106682	3	0	13	13	2	7
ENSMUSG00000106692	0	0	0	0	0	0
ENSMUSG00000106706	21	2	34	23	6	34
ENSMUSG00000106766	2	0	0	0	0	9
ENSMUSG00000106810	0	0	0	0	0	0
ENSMUSG00000106818	16	2	6	9	13	9
ENSMUSG00000106822	4	2	9	0	9	18
ENSMUSG00000106851	0	0	0	0	0	0
ENSMUSG00000106914	0	0	0	0	0	0
ENSMUSG00000106927	0	2	11	0	4	0
ENSMUSG00000106950	0	5	0	12	0	0
ENSMUSG00000106959	10	3	8	2	10	54
ENSMUSG00000106987	5	12	0	5	1	19
ENSMUSG00000107014	0	0	0	0	0	0
ENSMUSG00000107033	0	0	0	0	0	0
ENSMUSG00000107071	0	0	0	0	0	0
ENSMUSG00000107074	0	0	0	0	0	0
ENSMUSG00000107081	0	0	0	0	0	0
ENSMUSG00000107106	2	0	0	1	2	0
ENSMUSG00000107108	9	4	0	0	0	0
ENSMUSG00000107116	13	10	37	20	9	16
ENSMUSG00000107120	14	2	12	0	8	14
ENSMUSG00000107126	0	0	0	0	0	0
ENSMUSG00000107128	5	0	0	10	0	1
ENSMUSG00000107131	0	0	0	0	0	0
ENSMUSG00000107145	0	0	0	0	0	0
ENSMUSG00000107151	4	0	0	0	2	0
ENSMUSG00000107154	0	0	0	0	0	0
ENSMUSG00000107195	4	23	14	24	19	9
ENSMUSG00000107197	9	6	1	0	10	12
ENSMUSG00000107198	3	0	4	0	2	20
ENSMUSG00000107199	0	0	0	0	0	0
ENSMUSG00000107205	21	11	50	8	14	42
ENSMUSG00000107226	0	0	0	7	0	10
ENSMUSG00000107232	0	0	0	11	0	0
ENSMUSG00000107257	1	0	1	0	0	0
ENSMUSG00000107271	6	18	11	14	14	0
ENSMUSG00000107276	9	25	4	12	21	21
ENSMUSG00000107284	0	0	0	0	0	0
ENSMUSG00000107288	0	1	6	0	0	8
ENSMUSG00000107289	0	0	0	0	0	0
ENSMUSG00000107317	0	23	8	3	6	0
ENSMUSG00000107320	5	2	27	17	6	66
ENSMUSG00000107358	0	9	19	4	0	0
ENSMUSG00000107363	0	0	0	0	0	0
ENSMUSG00000107378	4	0	0	0	0	0
ENSMUSG00000107385	7	0	0	10	24	0
ENSMUSG00000107390	3	6	17	0	0	11
ENSMUSG00000107411	6	11	13	0	4	0
ENSMUSG00000107413	0	0	10	0	4	0
ENSMUSG00000107418	0	0	0	0	0	0
ENSMUSG00000107468	4	0	4	0	0	10
ENSMUSG00000107470	802	1266	1110	1	1	1
ENSMUSG00000107479	2	2	10	0	0	9
ENSMUSG00000107480	0	0	0	0	4	14
ENSMUSG00000107531	10	9	15	0	3	10
ENSMUSG00000107552	9	13	7	0	2	0
ENSMUSG00000107559	0	6	6	0	17	0
ENSMUSG00000107586	2	14	10	0	1	5
ENSMUSG00000107605	0	0	0	0	0	0
ENSMUSG00000107620	12	0	4	2	0	6
ENSMUSG00000107623	0	0	0	0	0	0
ENSMUSG00000107660	0	0	0	0	0	0
ENSMUSG00000107667	6	0	11	0	0	10
ENSMUSG00000107682	1	0	0	0	12	0
ENSMUSG00000107732	0	0	0	0	0	0
ENSMUSG00000107758	4	1	14	0	0	6
ENSMUSG00000107795	0	0	0	0	0	0
ENSMUSG00000107798	7	3	16	10	14	15
ENSMUSG00000107813	1	0	4	13	10	13
ENSMUSG00000107815	0	0	0	0	0	0
ENSMUSG00000107875	0	0	0	0	0	0
ENSMUSG00000107877	14	18	11	10	7	8
ENSMUSG00000107891	0	0	0	0	0	0
ENSMUSG00000107892	1	0	0	0	0	2
ENSMUSG00000107906	0	1	0	0	1	0
ENSMUSG00000107909	6	0	12	11	1	21
ENSMUSG00000107928	7	10	11	0	5	1
ENSMUSG00000107937	18	1	17	4	0	12
ENSMUSG00000107944	11	0	17	19	7	24
ENSMUSG00000107947	0	0	0	0	0	0
ENSMUSG00000107970	5	0	0	5	0	5
ENSMUSG00000107979	0	0	0	0	0	0
ENSMUSG00000107989	0	6	2	0	11	0
ENSMUSG00000108010	0	0	15	6	21	22
ENSMUSG00000108032	0	0	0	0	0	0
ENSMUSG00000108071	0	0	0	0	0	0
ENSMUSG00000108087	0	0	0	0	0	0
ENSMUSG00000108095	33	0	13	55	31	57
ENSMUSG00000108120	0	1	7	22	2	5
ENSMUSG00000108122	4	2	0	8	14	11
ENSMUSG00000108127	0	0	0	0	0	0
ENSMUSG00000108156	0	0	0	0	0	0
ENSMUSG00000108166	10	1	2	1	3	5
ENSMUSG00000108169	0	4	0	7	0	10
ENSMUSG00000108179	7	22	34	7	6	24
ENSMUSG00000108190	1	0	11	0	0	5
ENSMUSG00000108197	2	0	0	16	2	0
ENSMUSG00000108199	3	0	9	0	1	12
ENSMUSG00000108208	0	0	0	0	0	0
ENSMUSG00000108211	2	5	10	0	2	14
ENSMUSG00000108234	0	0	0	0	0	0
ENSMUSG00000108258	10	0	9	5	9	17
ENSMUSG00000108262	0	0	0	0	0	0
ENSMUSG00000108264	0	0	0	0	0	0
ENSMUSG00000108276	0	4	12	0	8	9
ENSMUSG00000108283	0	13	0	3	4	1
ENSMUSG00000108293	0	1	1	4	3	3
ENSMUSG00000108315	0	0	0	0	0	0
ENSMUSG00000108322	0	0	0	2	11	11
ENSMUSG00000108345	0	0	0	0	0	0
ENSMUSG00000108351	0	0	0	0	0	0
ENSMUSG00000108372	0	0	0	0	0	0
ENSMUSG00000108384	0	0	0	0	0	0
ENSMUSG00000108418	0	0	0	0	0	0
ENSMUSG00000108420	0	0	0	0	0	0
ENSMUSG00000108429	0	0	0	0	0	0
ENSMUSG00000108442	0	11	4	0	0	0
ENSMUSG00000108456	6	2	21	0	14	3
ENSMUSG00000108466	13	8	10	0	13	8
ENSMUSG00000108490	0	0	0	0	0	0
ENSMUSG00000108496	9	6	8	0	0	1
ENSMUSG00000108502	0	0	0	0	0	0
ENSMUSG00000108508	0	0	0	0	0	0
ENSMUSG00000108517	0	0	0	0	0	0
ENSMUSG00000108532	0	0	24	8	0	9
ENSMUSG00000108542	8	24	6	2	3	0
ENSMUSG00000108582	0	0	0	0	0	0
ENSMUSG00000108601	14	0	0	0	0	0
ENSMUSG00000108611	0	0	0	0	0	0
ENSMUSG00000108618	2	8	17	3	0	11
ENSMUSG00000108620	0	0	0	0	0	0
ENSMUSG00000108633	3	9	6	0	18	11
ENSMUSG00000108659	18	8	2	9	0	24
ENSMUSG00000108660	6	6	11	15	2	0
ENSMUSG00000108668	1	2	6	27	8	14
ENSMUSG00000108669	0	0	0	0	0	0
ENSMUSG00000108689	12	10	13	4	15	32
ENSMUSG00000108727	0	0	0	0	0	0
ENSMUSG00000108748	0	0	0	0	0	0
ENSMUSG00000108813	4	12	7	1	0	0
ENSMUSG00000108855	0	0	12	0	0	0
ENSMUSG00000108863	0	0	0	0	0	0
ENSMUSG00000108866	88	34	9	0	0	0
ENSMUSG00000108910	7	4	6	0	4	22
ENSMUSG00000108949	7	0	2	7	0	10
ENSMUSG00000108957	0	0	0	0	0	0
ENSMUSG00000108967	0	0	0	0	0	0
ENSMUSG00000108974	0	0	0	0	0	0
ENSMUSG00000108980	5	13	1	0	3	0
ENSMUSG00000108987	0	0	0	0	0	0
ENSMUSG00000108988	0	0	0	0	0	0
ENSMUSG00000108994	0	0	0	2	0	0
ENSMUSG00000109006	0	0	1	0	0	12
ENSMUSG00000109016	0	0	1	12	7	14
ENSMUSG00000109046	0	0	0	0	0	0
ENSMUSG00000109104	15	2	0	0	2	2
ENSMUSG00000109176	0	12	15	6	0	0
ENSMUSG00000109205	1	20	10	8	0	4
ENSMUSG00000109209	7	184	66	57	5	11
ENSMUSG00000109225	6	0	9	0	4	6
ENSMUSG00000109245	0	1	4	0	0	3
ENSMUSG00000109256	0	0	0	0	0	0
ENSMUSG00000109276	0	0	0	0	0	0
ENSMUSG00000109307	4	6	0	14	3	0
ENSMUSG00000109324	3739	3003	2854	3810	3086	3834
ENSMUSG00000109358	0	0	0	10	5	15
ENSMUSG00000109361	3	3	12	0	0	9
ENSMUSG00000109378	0	14	2	4	6	14
ENSMUSG00000109392	0	0	0	0	0	4
ENSMUSG00000109399	2	0	2	0	0	6
ENSMUSG00000109420	10	0	2	16	6	6
ENSMUSG00000109427	0	5	0	0	4	6
ENSMUSG00000109428	5	4	3	19	0	7
ENSMUSG00000109434	1	0	0	0	0	13
ENSMUSG00000109445	0	3	0	2	0	0
ENSMUSG00000109462	0	38	0	0	0	0
ENSMUSG00000109479	0	2	0	0	0	10
ENSMUSG00000109508	0	0	0	0	2	10
ENSMUSG00000109511	3911	3419	2549	3593	3441	4453
ENSMUSG00000109538	0	0	0	0	0	0
ENSMUSG00000109565	0	0	1	0	1	2
ENSMUSG00000109569	0	0	0	0	0	0
ENSMUSG00000109582	0	0	0	0	0	0
ENSMUSG00000109585	5	7	11	0	2	16
ENSMUSG00000109606	0	3	5	0	2	16
ENSMUSG00000109645	0	91	45	1	0	0
ENSMUSG00000109674	0	5	12	6	0	4
ENSMUSG00000109679	7	9	5	22	0	4
ENSMUSG00000109697	16	12	9	24	25	12
ENSMUSG00000109713	4	7	2	21	15	0
ENSMUSG00000109727	2	2	18	21	7	24
ENSMUSG00000109770	0	8	0	2	15	4
ENSMUSG00000109776	8	9	0	3	4	0
ENSMUSG00000109780	17	32	8	0	13	11
ENSMUSG00000109791	0	0	0	0	0	0
ENSMUSG00000109810	2	22	2	7	21	22
ENSMUSG00000109833	0	0	0	0	0	0
ENSMUSG00000109870	0	0	1	0	0	1
ENSMUSG00000109882	0	0	0	0	0	0
ENSMUSG00000109886	0	0	0	0	0	0
ENSMUSG00000109925	155	126	55	1	0	1
ENSMUSG00000109950	0	0	0	0	0	0
ENSMUSG00000109962	0	2	0	8	6	10
ENSMUSG00000109982	2	0	11	0	12	11
ENSMUSG00000109997	1	2	0	0	0	11
ENSMUSG00000110000	0	0	0	0	0	0
ENSMUSG00000110001	0	0	0	0	0	0
ENSMUSG00000110018	0	0	4	8	0	0
ENSMUSG00000110020	2	2	4	18	7	0
ENSMUSG00000110025	0	0	0	0	0	0
ENSMUSG00000110034	0	0	0	0	0	0
ENSMUSG00000110046	0	0	2	0	0	0
ENSMUSG00000110062	17	6	18	19	9	10
ENSMUSG00000110068	19	19	14	11	6	10
ENSMUSG00000110077	7	33	24	7	29	12
ENSMUSG00000110088	1	2	0	8	2	2
ENSMUSG00000110089	0	0	0	0	0	0
ENSMUSG00000110097	0	0	0	0	0	0
ENSMUSG00000110099	0	0	0	0	0	0
ENSMUSG00000110120	28	21	7	24	35	32
ENSMUSG00000110123	33	0	0	0	0	0
ENSMUSG00000110124	4	0	0	5	2	3
ENSMUSG00000110163	0	0	0	0	0	0
ENSMUSG00000110165	0	9	4	4	8	0
ENSMUSG00000110167	17	17	21	7	9	14
ENSMUSG00000110173	0	1	1	0	0	0
ENSMUSG00000110186	0	0	0	0	0	0
ENSMUSG00000110189	0	0	0	0	0	0
ENSMUSG00000110229	0	0	0	0	0	0
ENSMUSG00000110238	0	0	4	8	2	12
ENSMUSG00000110239	0	10	3	0	6	0
ENSMUSG00000110250	0	2	7	10	0	0
ENSMUSG00000110314	0	0	0	0	0	0
ENSMUSG00000110318	0	0	4	2	1	0
ENSMUSG00000110329	0	0	0	0	0	0
ENSMUSG00000110334	0	0	0	0	0	0
ENSMUSG00000110338	0	0	0	0	0	0
ENSMUSG00000110365	4	7	3	7	37	14
ENSMUSG00000110378	0	5	6	12	0	7
ENSMUSG00000110383	0	0	0	0	0	0
ENSMUSG00000110386	255	56	18	88	36	13
ENSMUSG00000110400	15	13	9	11	0	19
ENSMUSG00000110404	12	10	0	4	5	15
ENSMUSG00000110421	0	0	0	0	0	0
ENSMUSG00000110458	2	4	2	5	7	9
ENSMUSG00000110549	0	0	0	0	0	0
ENSMUSG00000110568	0	0	0	0	0	0
ENSMUSG00000110569	1	108	0	119	145	0
ENSMUSG00000110572	0	0	0	0	0	0
ENSMUSG00000110590	0	0	0	0	0	0
ENSMUSG00000110599	0	0	0	0	0	0
ENSMUSG00000110631	3353	1469	18	2284	3669	4073
ENSMUSG00000110642	0	0	0	0	0	0
ENSMUSG00000110643	0	0	0	0	0	0
ENSMUSG00000110662	0	0	0	0	0	0
ENSMUSG00000110690	0	0	0	0	0	0
ENSMUSG00000110692	0	0	0	0	4	12
ENSMUSG00000110730	0	0	0	0	0	10
ENSMUSG00000110738	9	5	7	1	8	7
ENSMUSG00000110808	0	0	0	0	0	0
ENSMUSG00000110812	0	1	4	0	1	0
ENSMUSG00000110856	0	0	0	0	0	0
ENSMUSG00000110862	2	3	4	2	8	13
ENSMUSG00000110869	0	2	13	13	5	15
ENSMUSG00000110880	0	0	0	0	0	0
ENSMUSG00000110884	7	9	4	26	16	0
ENSMUSG00000110905	0	0	0	0	0	0
ENSMUSG00000110910	5	0	0	4	0	15
ENSMUSG00000110946	0	0	0	2	0	0
ENSMUSG00000110959	0	0	0	0	0	0
ENSMUSG00000110997	9	0	15	2	9	14
ENSMUSG00000110998	0	12	0	0	0	0
ENSMUSG00000111064	6	2	3	3	2	2
ENSMUSG00000111079	18	0	2	9	18	7
ENSMUSG00000111090	4	8	10	0	16	9
ENSMUSG00000111092	9	0	8	0	1	9
ENSMUSG00000111094	0	0	7	0	0	7
ENSMUSG00000111128	158	212	183	173	202	243
ENSMUSG00000111131	0	2	11	0	5	18
ENSMUSG00000111132	6	0	0	0	0	6
ENSMUSG00000111172	0	8	7	4	1	0
ENSMUSG00000111211	0	6	18	2	0	7
ENSMUSG00000111229	13	43	9	1	9	2
ENSMUSG00000111284	0	0	0	0	0	0
ENSMUSG00000111315	0	0	0	0	0	0
ENSMUSG00000111359	0	0	0	0	0	0
ENSMUSG00000111361	3	7	2	0	2	17
ENSMUSG00000111380	2	2	3	0	0	0
ENSMUSG00000111424	19	10	27	26	18	22
ENSMUSG00000111433	0	0	0	0	0	0
ENSMUSG00000111470	2	0	2	0	0	11
ENSMUSG00000111478	3	4	4	4	3	5
ENSMUSG00000111485	3	7	10	0	1	13
ENSMUSG00000111489	0	0	0	0	0	0
ENSMUSG00000111493	0	0	0	0	0	0
ENSMUSG00000111497	4	0	11	2	3	14
ENSMUSG00000111504	6	3	1	8	0	13
ENSMUSG00000111526	0	0	0	0	0	0
ENSMUSG00000111532	0	0	0	0	0	0
ENSMUSG00000111539	4	0	4	1	2	17
ENSMUSG00000111564	1	0	0	6	0	8
ENSMUSG00000111578	0	0	0	0	0	0
ENSMUSG00000111580	0	0	0	0	0	0
ENSMUSG00000111593	2	0	9	7	0	4
ENSMUSG00000111602	0	0	6	0	0	6
ENSMUSG00000111605	2	0	15	0	5	13
ENSMUSG00000111610	2	7	0	2	9	0
ENSMUSG00000111641	0	0	6	0	0	0
ENSMUSG00000111666	0	2	0	0	0	6
ENSMUSG00000111697	0	0	0	0	0	0
ENSMUSG00000111707	0	0	0	0	0	0
ENSMUSG00000111709	11	4	9	22	18	137
ENSMUSG00000111726	0	9	25	4	5	0
ENSMUSG00000111733	0	0	2	0	2	0
ENSMUSG00000111746	0	7	3	8	0	0
ENSMUSG00000111747	0	0	0	0	0	0
ENSMUSG00000111818	0	11	1	2	0	0
ENSMUSG00000111839	0	2	2	0	0	0
ENSMUSG00000111856	5	0	4	8	0	0
ENSMUSG00000111857	2	2	2	0	0	6
ENSMUSG00000111859	0	0	0	0	0	0
ENSMUSG00000111887	0	0	0	0	0	0
ENSMUSG00000111893	0	0	0	0	0	0
ENSMUSG00000111894	1	13	0	0	3	1
ENSMUSG00000111895	4	9	0	2	0	6
ENSMUSG00000111929	3	8	6	0	18	6
ENSMUSG00000111940	0	4	1	8	0	0
ENSMUSG00000111942	17	20	7	118	75	21
ENSMUSG00000111953	0	0	0	0	0	0
ENSMUSG00000111958	0	0	0	0	0	0
ENSMUSG00000111960	9	6	0	16	7	3
ENSMUSG00000111976	0	0	0	0	0	0
ENSMUSG00000111981	0	0	0	0	0	0
ENSMUSG00000112003	90	0	0	0	91	0
ENSMUSG00000112007	2	177	127	0	0	5
ENSMUSG00000112009	0	1	0	3	0	0
ENSMUSG00000112010	0	0	0	0	0	0
ENSMUSG00000112023	5	10	0	0	2	5
ENSMUSG00000112031	0	0	0	0	0	0
ENSMUSG00000112035	4	7	0	0	7	0
ENSMUSG00000112041	4	9	15	8	0	0
ENSMUSG00000112058	0	0	11	0	5	0
ENSMUSG00000112059	0	0	0	0	0	0
ENSMUSG00000112080	0	0	12	10	6	0
ENSMUSG00000112082	0	0	0	0	0	0
ENSMUSG00000112112	0	0	16	0	1	3
ENSMUSG00000112132	0	0	0	0	0	0
ENSMUSG00000112133	0	0	0	0	0	0
ENSMUSG00000112134	1	0	4	0	0	14
ENSMUSG00000112163	118	0	113	0	0	1
ENSMUSG00000112187	0	0	0	0	0	0
ENSMUSG00000112204	0	0	0	0	0	0
ENSMUSG00000112213	0	0	0	0	0	0
ENSMUSG00000112227	0	0	0	0	0	0
ENSMUSG00000112236	0	0	0	0	0	0
ENSMUSG00000112239	0	0	7	4	0	3
ENSMUSG00000112258	0	0	0	0	0	0
ENSMUSG00000112275	0	0	6	0	6	0
ENSMUSG00000112285	0	0	0	0	0	0
ENSMUSG00000112317	11	17	15	0	15	5
ENSMUSG00000112332	2	11	4	0	0	10
ENSMUSG00000112341	0	0	0	0	0	0
ENSMUSG00000112352	4	0	6	8	0	0
ENSMUSG00000112358	0	0	0	11	5	8
ENSMUSG00000112375	1	1	6	0	0	12
ENSMUSG00000112385	0	0	0	0	0	0
ENSMUSG00000112391	6	0	2	0	0	10
ENSMUSG00000112393	0	4	4	0	9	0
ENSMUSG00000112408	0	0	0	0	0	0
ENSMUSG00000112441	2	0	0	0	1	0
ENSMUSG00000112478	896	421	47	678	1184	1165
ENSMUSG00000112483	0	4	25	1	12	3
ENSMUSG00000112489	1	5	12	0	12	7
ENSMUSG00000112492	0	0	0	0	0	0
ENSMUSG00000112500	0	10	0	6	2	6
ENSMUSG00000112518	0	0	0	0	0	0
ENSMUSG00000112538	0	0	0	0	0	0
ENSMUSG00000112607	0	0	1	0	14	0
ENSMUSG00000112638	0	0	0	0	0	0
ENSMUSG00000112640	5	1	9	1	4	27
ENSMUSG00000112672	0	0	0	0	0	0
ENSMUSG00000112673	0	2	2	0	2	4
ENSMUSG00000112679	0	0	0	10	0	0
ENSMUSG00000112693	1	7	14	0	0	0
ENSMUSG00000112696	0	0	0	0	0	0
ENSMUSG00000112738	0	0	0	0	0	0
ENSMUSG00000112747	0	0	2	1	0	0
ENSMUSG00000112778	0	0	0	0	3	2
ENSMUSG00000112790	4	2	32	4	14	42
ENSMUSG00000112803	8	17	12	0	7	3
ENSMUSG00000112816	0	0	7	4	8	10
ENSMUSG00000112847	1	0	0	0	0	3
ENSMUSG00000112878	0	0	0	0	0	0
ENSMUSG00000112879	0	0	5	0	3	19
ENSMUSG00000112881	0	0	0	0	0	0
ENSMUSG00000112888	0	0	0	0	0	0
ENSMUSG00000112892	0	0	0	0	0	0
ENSMUSG00000112906	0	0	0	0	0	0
ENSMUSG00000112918	6	0	1	0	0	7
ENSMUSG00000112924	0	0	0	7	0	5
ENSMUSG00000112930	0	0	0	0	0	0
ENSMUSG00000112936	0	0	0	0	0	0
ENSMUSG00000112942	0	0	0	0	0	0
ENSMUSG00000112944	7	10	5	12	0	13
ENSMUSG00000112948	2	13	5	1	0	11
ENSMUSG00000112959	6	9	3	0	1	0
ENSMUSG00000112969	11	0	0	0	0	0
ENSMUSG00000112988	0	0	0	0	0	0
ENSMUSG00000112995	0	0	0	0	0	0
ENSMUSG00000113011	0	0	0	0	0	0
ENSMUSG00000113015	0	1	7	8	6	15
ENSMUSG00000113023	0	0	0	0	0	0
ENSMUSG00000113029	11	6	0	0	1	15
ENSMUSG00000113031	0	20	10	2	20	2
ENSMUSG00000113051	0	0	0	0	0	0
ENSMUSG00000113058	0	0	0	0	0	0
ENSMUSG00000113084	0	0	0	0	0	0
ENSMUSG00000113088	0	0	0	15	0	0
ENSMUSG00000113101	1	2	1	0	3	11
ENSMUSG00000113123	3	6	0	17	9	8
ENSMUSG00000113126	0	8	12	0	2	2
ENSMUSG00000113159	10	8	5	0	14	15
ENSMUSG00000113160	0	0	0	0	0	0
ENSMUSG00000113162	0	0	0	0	0	0
ENSMUSG00000113184	0	2	1	0	9	8
ENSMUSG00000113196	4	9	14	8	8	58
ENSMUSG00000113204	229	191	286	199	254	402
ENSMUSG00000113211	5	27	3	4	21	0
ENSMUSG00000113226	18	16	32	14	14	26
ENSMUSG00000113240	0	0	1	309	1	1
ENSMUSG00000113263	2	15	19	24	28	1
ENSMUSG00000113273	0	0	0	0	0	0
ENSMUSG00000113290	16	28	8	0	5	15
ENSMUSG00000113332	0	12	0	11	4	0
ENSMUSG00000113341	9	0	14	4	17	11
ENSMUSG00000113379	2	0	4	5	0	14
ENSMUSG00000113388	2	0	8	8	2	14
ENSMUSG00000113416	32	25	37	14	40	134
ENSMUSG00000113423	0	0	4	9	0	2
ENSMUSG00000113424	142	189	118	124	127	137
ENSMUSG00000113431	3	1	0	1	6	0
ENSMUSG00000113433	0	0	0	0	0	0
ENSMUSG00000113457	0	0	0	0	0	0
ENSMUSG00000113462	0	0	0	0	1	1
ENSMUSG00000113473	0	1	10	4	1	18
ENSMUSG00000113481	0	0	0	0	0	0
ENSMUSG00000113514	0	0	0	0	0	0
ENSMUSG00000113522	0	0	0	0	0	0
ENSMUSG00000113523	2	0	2	1	3	6
ENSMUSG00000113529	4	12	14	14	20	29
ENSMUSG00000113530	0	0	0	0	0	0
ENSMUSG00000113531	0	0	0	0	0	0
ENSMUSG00000113548	0	0	0	0	0	0
ENSMUSG00000113581	110	182	66	37	39	0
ENSMUSG00000113589	0	6	0	19	2	6
ENSMUSG00000113611	1	0	0	5	0	0
ENSMUSG00000113623	0	1	0	0	2	0
ENSMUSG00000113637	0	2	1	55	2	0
ENSMUSG00000113646	0	9	0	12	1	0
ENSMUSG00000113647	7	0	11	0	0	0
ENSMUSG00000113650	10	5	15	3	7	18
ENSMUSG00000113707	16	36	11	13	10	14
ENSMUSG00000113710	0	0	0	0	0	0
ENSMUSG00000113736	0	0	0	0	0	0
ENSMUSG00000113764	3	0	16	4	0	11
ENSMUSG00000113776	35	34	54	43	28	35
ENSMUSG00000113778	0	10	0	3	10	2
ENSMUSG00000113792	0	1	20	0	8	4
ENSMUSG00000113795	6	1	5	1	6	37
ENSMUSG00000113796	6	18	0	2	3	0
ENSMUSG00000113801	0	0	0	0	0	0
ENSMUSG00000113831	7	0	8	4	0	15
ENSMUSG00000113844	0	0	0	0	0	0
ENSMUSG00000113852	0	1	8	3	3	21
ENSMUSG00000113856	0	10	0	5	9	0
ENSMUSG00000113864	12	0	9	8	0	13
ENSMUSG00000113866	6	0	7	0	0	3
ENSMUSG00000113915	0	0	0	0	0	0
ENSMUSG00000113917	14	3	2	5	0	15
ENSMUSG00000113963	0	0	0	0	0	0
ENSMUSG00000113966	0	7	3	0	4	10
ENSMUSG00000113996	2	170	0	216	218	0
ENSMUSG00000113998	0	0	0	0	0	2
ENSMUSG00000114028	0	0	0	0	0	0
ENSMUSG00000114044	0	0	0	0	0	0
ENSMUSG00000114068	4	0	10	0	2	15
ENSMUSG00000114081	7	14	13	9	0	2
ENSMUSG00000114087	0	0	0	0	0	0
ENSMUSG00000114094	11	0	3	7	0	6
ENSMUSG00000114125	0	0	0	0	0	2
ENSMUSG00000114133	21	4	1	3	14	3
ENSMUSG00000114142	0	0	0	0	0	0
ENSMUSG00000114150	0	0	0	10	2	0
ENSMUSG00000114175	0	0	0	0	0	0
ENSMUSG00000114187	0	0	0	0	0	0
ENSMUSG00000114190	0	4	0	0	0	0
ENSMUSG00000114193	5	11	21	0	12	36
ENSMUSG00000114208	0	0	0	0	0	0
ENSMUSG00000114213	0	0	0	0	0	0
ENSMUSG00000114254	0	0	0	0	0	0
ENSMUSG00000114274	45	36	3	14	11	2
ENSMUSG00000114300	0	0	0	0	0	0
ENSMUSG00000114303	0	0	0	0	0	0
ENSMUSG00000114327	0	0	0	0	0	0
ENSMUSG00000114336	0	0	0	0	0	0
ENSMUSG00000114349	1	0	0	0	3	0
ENSMUSG00000114365	0	0	0	0	0	0
ENSMUSG00000114374	0	0	0	1	0	0
ENSMUSG00000114397	0	0	0	0	0	0
ENSMUSG00000114431	11	0	16	13	2	3
ENSMUSG00000114433	2	4	12	9	3	0
ENSMUSG00000114442	6	6	0	3	17	1
ENSMUSG00000114457	0	0	0	0	0	0
ENSMUSG00000114469	0	2	16	0	0	0
ENSMUSG00000114475	0	0	0	0	0	0
ENSMUSG00000114482	8	9	9	0	0	0
ENSMUSG00000114565	0	0	0	0	0	0
ENSMUSG00000114589	0	0	0	0	0	0
ENSMUSG00000114602	5	4	11	0	5	17
ENSMUSG00000114619	0	0	0	0	0	13
ENSMUSG00000114620	0	0	0	0	0	0
ENSMUSG00000114637	2	0	0	8	0	5
ENSMUSG00000114656	2	3	0	2	15	0
ENSMUSG00000114679	0	0	0	0	0	0
ENSMUSG00000114737	5	1	5	3	47	4
ENSMUSG00000114743	0	0	0	0	0	0
ENSMUSG00000114756	4	2	2	1	0	1
ENSMUSG00000114782	0	0	0	0	0	0
ENSMUSG00000114805	15	8	4	0	0	0
ENSMUSG00000114826	3	0	4	0	12	9
ENSMUSG00000114827	166	110	51	1	0	0
ENSMUSG00000114829	1	2	2	0	2	0
ENSMUSG00000114838	0	0	0	0	0	0
ENSMUSG00000114883	1	14	3	0	3	0
ENSMUSG00000114890	0	0	0	0	0	0
ENSMUSG00000114898	2	2	4	1	0	11
ENSMUSG00000114907	2	19	2	8	2	0
ENSMUSG00000114926	8	29	14	10	17	0
ENSMUSG00000114939	0	1	0	1	0	1
ENSMUSG00000114978	0	0	0	0	0	0
ENSMUSG00000114991	0	0	0	0	0	0
ENSMUSG00000115023	3	1	6	6	4	9
ENSMUSG00000115041	0	2	4	0	8	17
ENSMUSG00000115046	0	0	0	0	0	0
ENSMUSG00000115047	0	0	0	0	0	0
ENSMUSG00000115057	8	4	8	0	0	0
ENSMUSG00000115060	0	0	0	0	0	0
ENSMUSG00000115091	0	0	0	0	0	0
ENSMUSG00000115126	0	0	0	0	0	0
ENSMUSG00000115129	15	7	10	13	9	16
ENSMUSG00000115131	0	0	0	0	0	0
ENSMUSG00000115153	0	0	0	0	0	0
ENSMUSG00000115157	0	0	0	0	0	0
ENSMUSG00000115169	0	0	0	0	0	0
ENSMUSG00000115200	1	1	0	0	0	0
ENSMUSG00000115212	3	12	3	0	0	0
ENSMUSG00000115232	0	0	0	3	0	2
ENSMUSG00000115241	0	0	0	0	0	0
ENSMUSG00000115249	0	0	0	8	1	19
ENSMUSG00000115264	1	5	8	0	0	0
ENSMUSG00000115265	0	0	0	0	0	0
ENSMUSG00000115270	10	1	0	11	10	2
ENSMUSG00000115280	16	4	3	4	0	0
ENSMUSG00000115290	0	0	0	0	0	0
ENSMUSG00000115297	0	0	0	0	0	0
ENSMUSG00000115301	2	5	6	0	3	19
ENSMUSG00000115302	0	0	0	0	0	0
ENSMUSG00000115314	4	8	11	0	7	16
ENSMUSG00000115334	0	0	0	0	0	0
ENSMUSG00000115340	4	3	8	0	0	0
ENSMUSG00000115362	0	0	0	0	0	0
ENSMUSG00000115375	0	0	0	0	0	0
ENSMUSG00000115405	0	1	0	0	0	0
ENSMUSG00000115414	75	319	36	68	202	2
ENSMUSG00000115417	5	0	17	0	10	6
ENSMUSG00000115427	0	0	0	0	0	0
ENSMUSG00000115446	0	0	0	0	0	0
ENSMUSG00000115456	1	2	6	11	10	0
ENSMUSG00000115471	7	0	10	0	4	6
ENSMUSG00000115505	2	6	4	4	4	2
ENSMUSG00000115521	0	0	0	0	0	0
ENSMUSG00000115539	0	0	0	0	0	0
ENSMUSG00000115541	12	0	2	12	4	8
ENSMUSG00000115589	0	0	0	0	0	0
ENSMUSG00000115594	0	0	0	0	0	0
ENSMUSG00000115618	0	0	0	0	0	0
ENSMUSG00000115620	9	5	2	0	14	24
ENSMUSG00000115645	0	0	0	11	0	4
ENSMUSG00000115647	0	0	3	0	5	7
ENSMUSG00000115684	0	1	0	0	7	4
ENSMUSG00000115685	3	0	23	12	14	9
ENSMUSG00000115723	0	0	0	0	0	0
ENSMUSG00000115759	202	800	71	239	509	15
ENSMUSG00000115762	5	30	14	0	33	3
ENSMUSG00000115793	0	4	10	3	15	16
ENSMUSG00000115817	5	2	2	0	7	18
ENSMUSG00000115826	0	0	0	0	0	0
ENSMUSG00000115827	0	0	0	0	0	0
ENSMUSG00000115869	0	10	0	7	6	12
ENSMUSG00000115888	0	0	0	0	0	0
ENSMUSG00000115898	2	2	13	0	2	14
ENSMUSG00000115902	0	1	14	2	0	2
ENSMUSG00000115920	5	2	5	7	2	2
ENSMUSG00000115928	0	0	0	0	0	0
ENSMUSG00000115936	0	2	0	10	7	2
ENSMUSG00000115955	5	4	9	0	7	24
ENSMUSG00000116056	9	12	7	0	5	0
ENSMUSG00000116145	12	11	0	9	9	16
ENSMUSG00000116155	0	0	0	0	0	0
ENSMUSG00000116280	1	0	1	7	0	9
ENSMUSG00000116291	134	103	31	0	1	1
ENSMUSG00000116303	0	0	0	0	0	0
ENSMUSG00000116324	7	11	0	0	2	0
ENSMUSG00000116397	7	2	8	0	0	8
ENSMUSG00000116424	0	0	0	0	0	0
ENSMUSG00000116450	18	23	30	13	10	13
ENSMUSG00000116469	0	0	0	0	0	0
ENSMUSG00000116499	1	1	0	0	0	0
ENSMUSG00000116514	0	0	0	0	0	0
ENSMUSG00000116543	0	0	0	0	0	0
ENSMUSG00000116551	0	0	0	0	0	0
ENSMUSG00000116572	0	0	0	0	0	0
ENSMUSG00000116581	0	3	9	8	9	0
ENSMUSG00000116606	0	2	5	0	7	52
ENSMUSG00000116610	0	0	0	0	0	0
ENSMUSG00000116617	4	10	3	0	8	0
ENSMUSG00000116697	4	0	2	0	0	0
ENSMUSG00000116704	13	224	170	12	5	4
ENSMUSG00000116707	0	2	4	0	6	23
ENSMUSG00000116768	0	0	0	0	0	0
ENSMUSG00000116771	0	0	2	0	2	0
ENSMUSG00000116776	0	0	0	0	0	0
ENSMUSG00000116796	0	1	10	13	4	2
ENSMUSG00000116820	0	0	0	0	0	0
ENSMUSG00000116825	43	20	24	32	27	30
ENSMUSG00000116848	2	0	0	0	0	1
ENSMUSG00000116875	1	4	1	48	3	2
ENSMUSG00000116884	12	4	7	4	9	21
ENSMUSG00000116896	0	0	0	0	0	0
ENSMUSG00000116921	0	0	3	10	0	0
ENSMUSG00000116926	7	9	11	0	0	0
ENSMUSG00000116927	0	0	0	0	0	0
ENSMUSG00000116940	7	18	4	24	12	0
ENSMUSG00000116972	86	6	10	45	54	5
ENSMUSG00000116975	9	10	23	14	22	37
ENSMUSG00000116977	0	0	0	0	0	0
ENSMUSG00000116987	0	0	15	16	0	2
ENSMUSG00000116997	0	0	0	0	0	0
ENSMUSG00000117035	0	0	0	0	0	0
ENSMUSG00000117070	0	0	9	3	5	0
ENSMUSG00000117113	5	7	34	18	5	62
ENSMUSG00000117125	0	0	0	0	0	0
ENSMUSG00000117128	0	0	0	0	0	0
ENSMUSG00000117167	2	5	3	3	1	3
ENSMUSG00000117190	0	0	0	0	0	0
ENSMUSG00000117193	0	0	0	0	0	0
ENSMUSG00000117250	0	0	4	0	6	9
ENSMUSG00000117251	6	2	13	0	9	21
ENSMUSG00000117282	0	0	0	0	0	0
ENSMUSG00000117286	0	0	0	2	0	0
ENSMUSG00000117300	64	34	55	1	42	0
ENSMUSG00000117313	11	0	20	4	7	24
ENSMUSG00000117334	0	0	0	0	0	0
ENSMUSG00000117343	0	0	0	0	0	0
ENSMUSG00000117353	0	0	0	0	0	0
ENSMUSG00000117384	4	9	0	0	0	0
ENSMUSG00000117390	4	6	25	0	2	19
ENSMUSG00000117402	0	0	0	0	0	0
ENSMUSG00000117417	0	5	14	0	0	2
ENSMUSG00000117465	151	84	9	58	83	20
ENSMUSG00000117473	0	0	0	0	0	0
ENSMUSG00000117531	0	0	0	0	0	0
ENSMUSG00000117540	0	0	0	0	0	0
ENSMUSG00000117546	0	0	11	1	7	8
ENSMUSG00000117557	2	0	26	0	3	14
ENSMUSG00000117583	0	0	0	0	0	0
ENSMUSG00000117597	0	1	7	19	4	4
ENSMUSG00000117604	0	0	0	0	0	0
ENSMUSG00000117605	0	0	0	8	16	0
ENSMUSG00000117614	2	0	0	12	5	0
ENSMUSG00000117619	4	4	2	0	3	0
ENSMUSG00000117627	0	1	2	1	0	0
ENSMUSG00000117653	4	9	0	0	0	4
ENSMUSG00000117698	0	21	25	15	12	18
ENSMUSG00000117722	0	0	0	0	0	0
ENSMUSG00000117730	34	72	30	0	0	0
ENSMUSG00000117732	14	6	0	10	2	5
ENSMUSG00000117738	0	0	0	0	0	0
ENSMUSG00000117762	4	0	12	0	7	9
ENSMUSG00000117764	5	41	19	4	47	31
ENSMUSG00000117779	0	0	0	0	0	1
ENSMUSG00000117785	0	19	22	0	0	0
ENSMUSG00000117786	1	1	85	4	38	1
ENSMUSG00000117808	0	2	0	8	5	0
ENSMUSG00000117813	3	148	2	127	156	2
ENSMUSG00000117822	89	83	86	2259	59	58
ENSMUSG00000117824	0	0	15	0	0	0
ENSMUSG00000117841	0	0	0	0	0	0
ENSMUSG00000117847	0	0	0	0	0	0
ENSMUSG00000117856	4	27	38	0	2	1
ENSMUSG00000117869	1125	550	962	1184	896	2413
ENSMUSG00000117944	0	0	0	0	0	0
ENSMUSG00000117948	0	0	0	0	0	2
ENSMUSG00000117963	0	0	0	4	0	0
ENSMUSG00000117980	0	0	0	15	9	6
ENSMUSG00000117988	10	0	13	3	3	17
ENSMUSG00000118012	209	54	0	39	49	53
ENSMUSG00000118032	2	4	4	7	0	7
ENSMUSG00000118041	0	0	0	0	0	0
ENSMUSG00000118064	8	0	5	1	9	22
ENSMUSG00000118089	0	0	0	0	0	0
ENSMUSG00000118118	0	0	0	0	0	0
ENSMUSG00000118171	22	12	0	0	16	0
ENSMUSG00000118225	0	0	0	0	0	0
ENSMUSG00000118241	19	1	3	0	11	0
ENSMUSG00000118254	0	0	0	0	0	0
ENSMUSG00000118263	0	6	6	0	0	6
ENSMUSG00000118265	0	0	0	0	0	0
ENSMUSG00000118269	9	12	6	1	0	3
ENSMUSG00000118272	0	0	0	0	0	0
ENSMUSG00000118274	0	0	0	0	0	0
ENSMUSG00000118297	0	0	0	0	0	0
ENSMUSG00000118298	0	0	0	0	0	0
ENSMUSG00000118316	0	0	0	0	0	0
ENSMUSG00000118326	0	0	0	0	0	0
ENSMUSG00000118332	5	6	1	0	5	6
ENSMUSG00000118393	0	0	0	0	0	0
ENSMUSG00000118404	0	0	0	0	0	0
ENSMUSG00000118410	0	2	8	0	5	6
ENSMUSG00000118449	11	20	6	25	0	10
ENSMUSG00000118510	0	0	0	2	0	0
ENSMUSG00000118536	0	0	0	0	0	0
ENSMUSG00000118555	0	0	3	0	0	12
ENSMUSG00000118557	6	6	0	8	0	20
ENSMUSG00000118619	5	5	0	4	1	0
ENSMUSG00000118633	0	0	0	0	0	0
ENSMUSG00000118651	0	19	5	2	5	2
ENSMUSG00000118663	418	302	358	367	318	493
ENSMUSG00000118676	0	0	0	0	0	0
ENSMUSG00000118741	0	0	0	0	0	0
ENSMUSG00000118744	1	0	0	2	0	0
ENSMUSG00000118762	0	0	0	0	0	0
ENSMUSG00000118820	0	0	0	0	0	0
ENSMUSG00000118841	23	28	43	50	1149	107
ENSMUSG00000118856	0	0	0	0	0	0
ENSMUSG00000118886	0	0	0	0	0	0
ENSMUSG00000118897	0	0	0	0	0	0
ENSMUSG00000118926	0	0	0	0	0	0
ENSMUSG00000118970	0	1	0	0	0	0
ENSMUSG00000118981	0	0	0	0	0	0
ENSMUSG00000119013	0	2	0	0	0	0
ENSMUSG00000119029	0	0	0	0	0	0
ENSMUSG00000119035	0	0	0	0	0	0
ENSMUSG00000119048	0	0	0	0	0	0
ENSMUSG00000119069	0	0	0	0	0	0
ENSMUSG00000119101	0	0	0	0	0	0
ENSMUSG00000119126	0	0	0	0	0	0
ENSMUSG00000119142	20	7	14	15	13	13
ENSMUSG00000119153	0	0	0	0	0	0
ENSMUSG00000119208	0	0	0	3	0	0
ENSMUSG00000119221	0	0	0	0	0	0
ENSMUSG00000119317	1	0	0	0	0	1
ENSMUSG00000119338	0	0	0	0	0	0
ENSMUSG00000119387	0	0	0	0	0	0
ENSMUSG00000119434	0	0	0	0	0	0
ENSMUSG00000119520	38	67	56	92	108	151
ENSMUSG00000119558	0	0	0	1	0	1
ENSMUSG00000119562	0	0	0	0	0	0
ENSMUSG00000119576	0	0	0	0	0	0
ENSMUSG00000119617	0	0	0	0	0	0
ENSMUSG00000119687	0	0	0	0	0	0
ENSMUSG00000119695	0	0	0	0	0	0
ENSMUSG00000119728	0	0	0	0	0	0
ENSMUSG00000119742	0	0	0	0	0	0
ENSMUSG00000119819	0	0	0	0	0	0
ENSMUSG00000119828	0	0	0	0	0	0
ENSMUSG00000119869	0	0	0	0	0	0
ENSMUSG00000119897	0	0	0	0	0	0
ENSMUSG00000119926	1	0	14	0	5	7
ENSMUSG00000119954	14	23	0	6	22	31
ENSMUSG00000119982	2	2	0	15	0	0
ENSMUSG00000119984	23	12	36	11	14	28
ENSMUSG00000119995	6	0	5	11	0	7
ENSMUSG00000120001	11	2	5	0	3	0
ENSMUSG00000120056	11	13	13	7	4	0
ENSMUSG00000120062	17	1	6	24	9	27
ENSMUSG00000120063	17	12	0	2	5	0
ENSMUSG00000120064	2	7	0	4	0	19
ENSMUSG00000120079	0	12	2	1	0	0
ENSMUSG00000120101	82	82	60	92	84	54
ENSMUSG00000120103	0	0	4	0	0	0
ENSMUSG00000120104	3	16	29	2	27	12
ENSMUSG00000120106	6	0	0	0	0	6
ENSMUSG00000120111	10	0	0	2	4	9
ENSMUSG00000120114	0	4	1	4	3	0
ENSMUSG00000120115	0	0	0	0	0	0
ENSMUSG00000120128	0	0	0	8	4	4
ENSMUSG00000120139	10	2	5	0	11	1
ENSMUSG00000120140	2	3	0	3	0	13
ENSMUSG00000120147	1	1	2	0	0	1
ENSMUSG00000120154	7	5	9	19	0	4
ENSMUSG00000120160	15	18	6	18	24	13
ENSMUSG00000120179	0	0	2	4	4	0
ENSMUSG00000120180	28	24	38	15	11	26
ENSMUSG00000120199	4	14	0	12	16	16
ENSMUSG00000120212	0	0	0	0	0	0
ENSMUSG00000120231	9	3	0	15	4	13
ENSMUSG00000120239	0	5	6	9	4	0
ENSMUSG00000120242	0	0	12	7	2	0
ENSMUSG00000120260	10	13	4	8	10	0
ENSMUSG00000120271	0	2	0	6	1	10
ENSMUSG00000120278	0	0	3	0	5	7
ENSMUSG00000120280	3	14	2	2	7	2
ENSMUSG00000120282	20	11	18	42	14	37
ENSMUSG00000120286	7	0	25	5	10	13
ENSMUSG00000120291	10	2	3	18	1	0
ENSMUSG00000120294	0	0	0	2	3	0
ENSMUSG00000120301	4	14	0	0	0	5
ENSMUSG00000120306	16	33	8	28	12	17
ENSMUSG00000120312	0	3	16	6	9	8
ENSMUSG00000120313	0	0	0	0	0	0
ENSMUSG00000120319	21	4	10	23	7	91
ENSMUSG00000120326	2	5	0	0	8	0
ENSMUSG00000120345	24	24	12	5	28	16
ENSMUSG00000120352	15	12	10	12	6	4
ENSMUSG00000120354	1	3	3	0	4	5
ENSMUSG00000120357	5	4	11	10	5	20
ENSMUSG00000120358	0	3	1	19	3	0
ENSMUSG00000120360	0	0	0	0	0	0
ENSMUSG00000120372	0	6	11	7	6	0
ENSMUSG00000120380	0	12	1	6	2	0
ENSMUSG00000120403	0	0	0	10	2	5
ENSMUSG00000120405	0	0	8	0	4	0
ENSMUSG00000120411	0	10	5	0	6	5
ENSMUSG00000120420	2	8	8	3	9	4
ENSMUSG00000120428	10	9	2	2	13	0
ENSMUSG00000120429	15	0	2	0	0	6
ENSMUSG00000120437	3	6	3	23	6	0
ENSMUSG00000120454	2	2	10	8	0	12
ENSMUSG00000120456	14	7	6	14	0	0
ENSMUSG00000120480	3	4	5	17	2	0
ENSMUSG00000120486	5	7	7	0	3	0
ENSMUSG00000120516	0	0	0	0	0	0
ENSMUSG00000120525	0	0	0	8	2	8
ENSMUSG00000120535	7	0	3	19	2	5
ENSMUSG00000120536	2	0	16	17	6	8
ENSMUSG00000120542	0	0	0	0	0	0
ENSMUSG00000120545	0	0	0	0	2	15
ENSMUSG00000120550	0	0	0	0	0	0
ENSMUSG00000120554	20	2	11	4	0	18
ENSMUSG00000120557	0	0	0	7	5	0
ENSMUSG00000120569	7	16	19	5	9	0
ENSMUSG00000120574	19	0	5	16	7	23
ENSMUSG00000120577	0	0	0	0	0	0
ENSMUSG00000120590	0	0	0	0	0	0
ENSMUSG00000120603	10	7	0	0	3	15
ENSMUSG00000120609	0	0	3	9	0	7
ENSMUSG00000120634	6	7	0	4	5	4
ENSMUSG00000120644	0	5	6	14	0	0
ENSMUSG00000120652	0	0	0	0	0	0
ENSMUSG00000120654	3	8	0	11	1	0
ENSMUSG00000120656	0	0	0	6	2	8
ENSMUSG00000120659	0	12	0	0	1	0
ENSMUSG00000120673	35	33	0	12	12	7
ENSMUSG00000120677	0	7	0	10	2	2
ENSMUSG00000120678	0	3	0	0	0	0
ENSMUSG00000120682	0	0	0	0	0	0
ENSMUSG00000120683	0	0	0	0	0	0
ENSMUSG00000120697	0	2	0	6	1	12
ENSMUSG00000120704	0	0	10	3	6	4
ENSMUSG00000120705	0	4	12	11	1	12
ENSMUSG00000120706	7	3	0	8	0	5
ENSMUSG00000120714	0	0	0	0	0	0
ENSMUSG00000120715	1	8	1	14	0	2
ENSMUSG00000120718	85	104	34	114	54	123
ENSMUSG00000120725	0	0	0	0	0	0
ENSMUSG00000120726	0	0	10	6	9	6
ENSMUSG00000120738	0	0	4	3	0	2
ENSMUSG00000120741	65	34	51	27	39	43
ENSMUSG00000120743	0	0	0	0	0	0
ENSMUSG00000120751	0	0	0	0	1	0
ENSMUSG00000120766	8	4	18	0	14	2
ENSMUSG00000120797	0	0	0	0	0	0
ENSMUSG00000120798	26	90	36	36	41	2
ENSMUSG00000120843	0	0	11	7	2	16
ENSMUSG00000120855	5	0	0	6	4	10
ENSMUSG00000120906	11	13	0	1	0	13
ENSMUSG00000120922	1	0	0	0	4	2
ENSMUSG00000120947	0	5	12	0	11	5
ENSMUSG00000120952	22	28	23	56	14	17
ENSMUSG00000120968	7	0	0	2	1	12
ENSMUSG00000120969	4	14	10	0	6	26
ENSMUSG00000120970	0	13	19	15	11	14
ENSMUSG00000120971	0	18	7	4	6	8
ENSMUSG00000120981	0	1	18	13	10	10
ENSMUSG00000120983	9	4	7	0	10	16
ENSMUSG00000120990	6	5	8	4	7	13
ENSMUSG00000120999	211	167	182	108	128	202
ENSMUSG00000121019	0	0	0	0	0	0
ENSMUSG00000121024	12	9	0	12	18	17
ENSMUSG00000121025	2	2	6	0	0	12
ENSMUSG00000121027	4	9	0	9	10	18
ENSMUSG00000121033	11	7	8	2	0	22
ENSMUSG00000121040	0	1	9	0	4	0
ENSMUSG00000121042	188	60	9	23	47	19
ENSMUSG00000121046	2	3	17	14	0	3
ENSMUSG00000121093	4201	4039	6537	2689	3416	4671
ENSMUSG00000121113	6	0	0	0	4	6
ENSMUSG00000121116	8	0	19	2	12	14
ENSMUSG00000121120	1	17	21	22	8	2
ENSMUSG00000121121	0	6	0	0	0	7
ENSMUSG00000121125	20	17	0	11	0	15
ENSMUSG00000121134	0	14	10	8	10	36
ENSMUSG00000121188	0	1	0	11	13	0
ENSMUSG00000121205	0	0	0	0	0	0
ENSMUSG00000121212	2	0	1	0	0	0
ENSMUSG00000121215	10	4	28	0	5	23
ENSMUSG00000121220	0	0	0	0	1	0
ENSMUSG00000121242	0	7	6	9	6	0
ENSMUSG00000121252	14	6	28	13	13	13
ENSMUSG00000121266	0	11	2	10	10	6
ENSMUSG00002074912	0	0	0	0	0	0
ENSMUSG00002074924	0	0	0	0	0	0
ENSMUSG00002074934	0	0	0	0	0	0
ENSMUSG00002074947	18	3	7	14	26	22
ENSMUSG00002075004	0	6	0	0	7	0
ENSMUSG00002075015	0	0	0	0	0	0
ENSMUSG00002075048	0	0	0	0	0	0
ENSMUSG00002075109	0	0	0	0	0	0
ENSMUSG00002075137	6	5	10	0	0	5
ENSMUSG00002075141	0	0	2	0	0	0
ENSMUSG00002075146	0	1	1	0	0	0
ENSMUSG00002075190	0	0	0	0	0	0
ENSMUSG00002075215	1	0	0	0	0	1
ENSMUSG00002075219	0	0	0	0	0	0
ENSMUSG00002075246	0	0	0	0	0	0
ENSMUSG00002075255	0	0	0	0	0	0
ENSMUSG00002075286	0	0	0	0	0	0
ENSMUSG00002075311	0	0	0	0	0	0
ENSMUSG00002075386	0	0	0	0	0	0
ENSMUSG00002075395	0	0	0	0	0	0
ENSMUSG00002075411	0	0	0	0	0	0
ENSMUSG00002075429	0	0	0	0	0	0
ENSMUSG00002075432	0	0	0	0	0	0
ENSMUSG00002075450	0	0	0	0	0	0
ENSMUSG00002075459	0	0	0	0	0	0
ENSMUSG00002075474	2	0	0	0	0	16
ENSMUSG00002075520	1	0	0	0	0	0
ENSMUSG00002075533	0	0	0	0	0	0
ENSMUSG00002075586	31	16	25	22	45	26
ENSMUSG00002075588	0	0	0	0	0	0
ENSMUSG00002075606	0	0	0	0	0	0
ENSMUSG00002075634	0	0	0	0	0	0
ENSMUSG00002075694	0	0	0	0	0	0
ENSMUSG00002075736	0	0	0	0	0	0
ENSMUSG00002075738	0	0	0	0	0	0
ENSMUSG00002075741	0	1	5	12	9	6
ENSMUSG00002075762	0	0	0	0	0	0
ENSMUSG00002075776	0	0	0	0	0	0
ENSMUSG00002075777	0	0	0	0	0	0
ENSMUSG00002075785	0	0	0	0	0	0
ENSMUSG00002075945	0	1	0	0	0	0
ENSMUSG00002075951	0	0	0	0	0	0
ENSMUSG00002075965	0	0	0	0	0	0
ENSMUSG00002075995	0	0	0	0	0	0
ENSMUSG00002076021	3	0	9	0	0	3
ENSMUSG00002076050	0	0	0	0	0	0
ENSMUSG00002076054	0	0	0	0	0	0
ENSMUSG00002076065	0	0	0	0	0	0
ENSMUSG00002076138	8	6	4	8	5	6
ENSMUSG00002076169	0	4	2	3	1	1
ENSMUSG00002076198	0	0	0	0	0	0
ENSMUSG00002076202	0	0	0	0	0	0
ENSMUSG00002076216	0	0	0	0	0	0
ENSMUSG00002076233	0	0	0	3	0	0
ENSMUSG00002076250	1	1	14	0	0	3
ENSMUSG00002076279	0	0	0	0	0	0
ENSMUSG00002076296	0	0	0	0	0	0
ENSMUSG00002076311	0	1	0	12	0	0
ENSMUSG00002076316	0	0	0	0	0	0
ENSMUSG00002076323	0	0	0	0	0	0
ENSMUSG00002076338	0	0	0	0	0	0
ENSMUSG00002076346	0	0	0	0	0	0
ENSMUSG00002076355	0	0	0	0	0	0
ENSMUSG00002076364	0	0	0	0	0	0
ENSMUSG00002076437	0	0	0	0	2	3
ENSMUSG00002076467	0	0	0	0	0	0
ENSMUSG00002076472	0	0	0	0	0	0
ENSMUSG00002076482	0	0	0	0	0	0
ENSMUSG00002076484	0	0	0	0	0	0
ENSMUSG00002076501	0	0	0	0	0	0
ENSMUSG00002076515	2	0	2	3	1	1
ENSMUSG00002076576	0	0	0	0	0	0
ENSMUSG00002076600	0	0	0	0	0	0
ENSMUSG00002076607	0	0	0	0	0	0
ENSMUSG00002076762	0	0	0	0	0	0
ENSMUSG00002076770	0	0	0	0	0	0
ENSMUSG00002076782	0	0	0	0	0	0
ENSMUSG00002076808	0	0	0	0	0	0
ENSMUSG00002076836	0	0	0	0	0	0
ENSMUSG00002076840	0	0	0	0	0	0
ENSMUSG00002076848	0	0	0	0	0	0
ENSMUSG00002076853	0	0	0	0	0	0
ENSMUSG00002076857	0	0	0	0	0	0
ENSMUSG00002076899	0	0	0	0	0	0
ENSMUSG00002076930	1	0	1	13	0	3
ENSMUSG00002076981	0	0	0	0	0	0
